ts,open,high,low,close,volume,datetime_utc
1775491980,1.15474,1.15475,1.15467,1.1547,86.0,2026-04-06 16:13:00
1775492040,1.15471,1.15476,1.15467,1.1547,88.0,2026-04-06 16:14:00
1775492100,1.15468,1.15471,1.1546,1.15464,66.0,2026-04-06 16:15:00
1775492160,1.15463,1.15466,1.15456,1.15462,89.0,2026-04-06 16:16:00
1775492220,1.15464,1.15466,1.1546,1.15464,47.0,2026-04-06 16:17:00
1775492280,1.15464,1.15467,1.1546,1.15462,35.0,2026-04-06 16:18:00
1775492340,1.1546,1.15462,1.15454,1.15458,66.0,2026-04-06 16:19:00
1775492400,1.15458,1.15458,1.15452,1.15454,31.0,2026-04-06 16:20:00
1775492460,1.15452,1.15458,1.15447,1.15448,53.0,2026-04-06 16:21:00
1775492520,1.15448,1.15448,1.15432,1.15432,55.0,2026-04-06 16:22:00
1775492580,1.15432,1.15441,1.15424,1.15438,72.0,2026-04-06 16:23:00
1775492640,1.15438,1.15442,1.15428,1.1543,99.0,2026-04-06 16:24:00
1775492700,1.15432,1.15452,1.15432,1.15452,44.0,2026-04-06 16:25:00
1775492760,1.15451,1.15453,1.15447,1.15447,54.0,2026-04-06 16:26:00
1775492820,1.15446,1.15452,1.15444,1.1545,57.0,2026-04-06 16:27:00
1775492880,1.15452,1.15464,1.15449,1.15464,62.0,2026-04-06 16:28:00
1775492940,1.15464,1.15464,1.1546,1.15464,62.0,2026-04-06 16:29:00
1775493000,1.15464,1.15464,1.15452,1.15453,56.0,2026-04-06 16:30:00
1775493060,1.15454,1.15454,1.15444,1.15449,81.0,2026-04-06 16:31:00
1775493120,1.1545,1.15452,1.1544,1.15447,92.0,2026-04-06 16:32:00
1775493180,1.15446,1.15446,1.15439,1.15442,59.0,2026-04-06 16:33:00
1775493240,1.15443,1.15454,1.15442,1.1545,71.0,2026-04-06 16:34:00
1775493300,1.15452,1.15459,1.15452,1.15458,29.0,2026-04-06 16:35:00
1775493360,1.15456,1.15456,1.15446,1.15453,79.0,2026-04-06 16:36:00
1775493420,1.15454,1.15464,1.15452,1.15464,34.0,2026-04-06 16:37:00
1775493480,1.15466,1.15476,1.15466,1.15472,85.0,2026-04-06 16:38:00
1775493540,1.15469,1.15472,1.1546,1.15464,76.0,2026-04-06 16:39:00
1775493600,1.15464,1.15464,1.15455,1.1546,59.0,2026-04-06 16:40:00
1775493660,1.15461,1.15468,1.1546,1.15467,76.0,2026-04-06 16:41:00
1775493720,1.15466,1.15482,1.15466,1.15481,93.0,2026-04-06 16:42:00
1775493780,1.15482,1.15482,1.15473,1.15474,69.0,2026-04-06 16:43:00
1775493840,1.15474,1.15478,1.15466,1.15466,62.0,2026-04-06 16:44:00
1775493900,1.15467,1.15468,1.15456,1.15459,87.0,2026-04-06 16:45:00
1775493960,1.15456,1.15458,1.15448,1.15457,77.0,2026-04-06 16:46:00
1775494020,1.15458,1.15458,1.15452,1.15453,63.0,2026-04-06 16:47:00
1775494080,1.15454,1.15456,1.15448,1.15452,113.0,2026-04-06 16:48:00
1775494140,1.15451,1.15466,1.1545,1.15464,68.0,2026-04-06 16:49:00
1775494200,1.15463,1.15465,1.1546,1.15464,37.0,2026-04-06 16:50:00
1775494260,1.15464,1.15473,1.15463,1.15472,77.0,2026-04-06 16:51:00
1775494320,1.15471,1.15473,1.15469,1.15472,51.0,2026-04-06 16:52:00
1775494380,1.15472,1.15478,1.15466,1.15468,55.0,2026-04-06 16:53:00
1775494440,1.1547,1.1547,1.15446,1.1545,285.0,2026-04-06 16:54:00
1775494500,1.1545,1.15457,1.15432,1.15455,340.0,2026-04-06 16:55:00
1775494560,1.15456,1.15456,1.15428,1.15436,255.0,2026-04-06 16:56:00
1775494620,1.15436,1.15448,1.1543,1.15433,163.0,2026-04-06 16:57:00
1775494680,1.15432,1.15446,1.15426,1.1544,189.0,2026-04-06 16:58:00
1775494740,1.1544,1.15456,1.1544,1.1545,91.0,2026-04-06 16:59:00
1775494800,1.15451,1.15451,1.15416,1.15423,185.0,2026-04-06 17:00:00
1775494860,1.15424,1.15424,1.15406,1.15408,268.0,2026-04-06 17:01:00
1775494920,1.15409,1.15416,1.15391,1.15394,208.0,2026-04-06 17:02:00
1775494980,1.15396,1.15404,1.15389,1.15398,150.0,2026-04-06 17:03:00
1775495040,1.15399,1.15404,1.15386,1.15392,196.0,2026-04-06 17:04:00
1775495100,1.15392,1.15394,1.15388,1.1539,107.0,2026-04-06 17:05:00
1775495160,1.1539,1.15392,1.1539,1.1539,42.0,2026-04-06 17:06:00
1775495220,1.15387,1.154,1.15387,1.15397,50.0,2026-04-06 17:07:00
1775495280,1.15398,1.15404,1.15387,1.15388,148.0,2026-04-06 17:08:00
1775495340,1.15388,1.15392,1.15362,1.15372,262.0,2026-04-06 17:09:00
1775495400,1.15373,1.15383,1.15358,1.15374,275.0,2026-04-06 17:10:00
1775495460,1.15376,1.15384,1.15374,1.15382,207.0,2026-04-06 17:11:00
1775495520,1.15382,1.1539,1.15358,1.15363,377.0,2026-04-06 17:12:00
1775495580,1.15364,1.15373,1.15358,1.15362,366.0,2026-04-06 17:13:00
1775495640,1.15362,1.15372,1.15352,1.15366,210.0,2026-04-06 17:14:00
1775495700,1.15368,1.15372,1.15342,1.15346,277.0,2026-04-06 17:15:00
1775495760,1.15344,1.15354,1.15343,1.15352,240.0,2026-04-06 17:16:00
1775495820,1.15354,1.15369,1.15354,1.15364,214.0,2026-04-06 17:17:00
1775495880,1.15364,1.1537,1.1536,1.15369,201.0,2026-04-06 17:18:00
1775495940,1.1537,1.15384,1.15368,1.15384,167.0,2026-04-06 17:19:00
1775496000,1.15384,1.1539,1.15376,1.15378,163.0,2026-04-06 17:20:00
1775496060,1.15377,1.15393,1.15376,1.15392,168.0,2026-04-06 17:21:00
1775496120,1.15392,1.15405,1.1539,1.15403,202.0,2026-04-06 17:22:00
1775496180,1.15402,1.15436,1.15402,1.15424,287.0,2026-04-06 17:23:00
1775496240,1.15424,1.1543,1.15419,1.15425,210.0,2026-04-06 17:24:00
1775496300,1.15425,1.15444,1.1542,1.1544,178.0,2026-04-06 17:25:00
1775496360,1.1544,1.15441,1.1542,1.15426,141.0,2026-04-06 17:26:00
1775496420,1.15426,1.15432,1.15424,1.15431,128.0,2026-04-06 17:27:00
1775496480,1.1543,1.15442,1.1543,1.15438,114.0,2026-04-06 17:28:00
1775496540,1.15438,1.15444,1.15433,1.15438,134.0,2026-04-06 17:29:00
1775496600,1.1544,1.1544,1.15432,1.15433,99.0,2026-04-06 17:30:00
1775496660,1.15432,1.15453,1.15432,1.1545,103.0,2026-04-06 17:31:00
1775496720,1.15448,1.15458,1.15445,1.15446,87.0,2026-04-06 17:32:00
1775496780,1.15446,1.15451,1.15444,1.1545,46.0,2026-04-06 17:33:00
1775496840,1.1545,1.15488,1.1544,1.15464,359.0,2026-04-06 17:34:00
1775496900,1.15463,1.15464,1.15444,1.15444,192.0,2026-04-06 17:35:00
1775496960,1.15444,1.15458,1.15444,1.15456,108.0,2026-04-06 17:36:00
1775497020,1.15455,1.15458,1.15443,1.15446,112.0,2026-04-06 17:37:00
1775497080,1.15444,1.15446,1.15437,1.1544,120.0,2026-04-06 17:38:00
1775497140,1.15441,1.1545,1.15439,1.15446,118.0,2026-04-06 17:39:00
1775497200,1.15444,1.15446,1.15436,1.15438,66.0,2026-04-06 17:40:00
1775497260,1.15438,1.15438,1.15416,1.15419,134.0,2026-04-06 17:41:00
1775497320,1.15418,1.15418,1.15408,1.15418,90.0,2026-04-06 17:42:00
1775497380,1.15417,1.15418,1.15408,1.15418,77.0,2026-04-06 17:43:00
1775497440,1.15419,1.1543,1.15418,1.15426,104.0,2026-04-06 17:44:00
1775497500,1.15424,1.15433,1.15422,1.15424,65.0,2026-04-06 17:45:00
1775497560,1.15424,1.15429,1.15422,1.15423,66.0,2026-04-06 17:46:00
1775497620,1.15422,1.15422,1.1541,1.15412,120.0,2026-04-06 17:47:00
1775497680,1.15412,1.15412,1.15402,1.15407,96.0,2026-04-06 17:48:00
1775497740,1.15408,1.15418,1.15406,1.15412,71.0,2026-04-06 17:49:00
1775497800,1.15412,1.15418,1.15412,1.15414,84.0,2026-04-06 17:50:00
1775497860,1.15413,1.15418,1.15412,1.15418,45.0,2026-04-06 17:51:00
1775497920,1.15416,1.15417,1.15409,1.15414,88.0,2026-04-06 17:52:00
1775497980,1.15414,1.1542,1.15413,1.15419,85.0,2026-04-06 17:53:00
1775498040,1.1542,1.15434,1.15419,1.15432,107.0,2026-04-06 17:54:00
1775498100,1.15434,1.15442,1.15433,1.15434,112.0,2026-04-06 17:55:00
1775498160,1.15433,1.15434,1.15426,1.15432,99.0,2026-04-06 17:56:00
1775498220,1.15432,1.15438,1.15426,1.15426,106.0,2026-04-06 17:57:00
1775498280,1.15424,1.15424,1.15418,1.15422,76.0,2026-04-06 17:58:00
1775498340,1.15422,1.15424,1.15414,1.15416,76.0,2026-04-06 17:59:00
1775498400,1.15416,1.15416,1.15399,1.15407,247.0,2026-04-06 18:00:00
1775498460,1.15406,1.15408,1.15396,1.15406,140.0,2026-04-06 18:01:00
1775498520,1.15406,1.15408,1.15402,1.15406,104.0,2026-04-06 18:02:00
1775498580,1.15406,1.15411,1.15403,1.1541,74.0,2026-04-06 18:03:00
1775498640,1.1541,1.15441,1.1541,1.15424,282.0,2026-04-06 18:04:00
1775498700,1.15424,1.15432,1.1542,1.15426,183.0,2026-04-06 18:05:00
1775498760,1.15426,1.15428,1.15417,1.1542,100.0,2026-04-06 18:06:00
1775498820,1.1542,1.1543,1.15419,1.15428,108.0,2026-04-06 18:07:00
1775498880,1.15429,1.15433,1.15426,1.1543,96.0,2026-04-06 18:08:00
1775498940,1.1543,1.15444,1.15428,1.15444,187.0,2026-04-06 18:09:00
1775499000,1.15444,1.1548,1.15444,1.15476,320.0,2026-04-06 18:10:00
1775499060,1.15475,1.15514,1.15471,1.1549,714.0,2026-04-06 18:11:00
1775499120,1.1549,1.15492,1.15481,1.15491,244.0,2026-04-06 18:12:00
1775499180,1.15492,1.15498,1.15478,1.1549,362.0,2026-04-06 18:13:00
1775499240,1.1549,1.1549,1.15468,1.15484,362.0,2026-04-06 18:14:00
1775499300,1.15484,1.15498,1.1548,1.15496,254.0,2026-04-06 18:15:00
1775499360,1.15498,1.15498,1.15482,1.15482,173.0,2026-04-06 18:16:00
1775499420,1.15482,1.15489,1.1548,1.15486,190.0,2026-04-06 18:17:00
1775499480,1.15486,1.15508,1.15486,1.15504,210.0,2026-04-06 18:18:00
1775499540,1.15505,1.15518,1.15504,1.1551,191.0,2026-04-06 18:19:00
1775499600,1.15506,1.15516,1.15504,1.15514,158.0,2026-04-06 18:20:00
1775499660,1.15514,1.15518,1.15508,1.15516,141.0,2026-04-06 18:21:00
1775499720,1.15516,1.15523,1.1551,1.15522,95.0,2026-04-06 18:22:00
1775499780,1.15522,1.15528,1.15513,1.15514,153.0,2026-04-06 18:23:00
1775499840,1.15512,1.15513,1.15498,1.15502,239.0,2026-04-06 18:24:00
1775499900,1.15502,1.15502,1.15487,1.15498,168.0,2026-04-06 18:25:00
1775499960,1.15498,1.15502,1.1549,1.1549,148.0,2026-04-06 18:26:00
1775500020,1.1549,1.1552,1.15488,1.15502,281.0,2026-04-06 18:27:00
1775500080,1.15504,1.15517,1.15504,1.15509,283.0,2026-04-06 18:28:00
1775500140,1.1551,1.15513,1.15504,1.15506,124.0,2026-04-06 18:29:00
1775500200,1.15506,1.15521,1.15505,1.15505,148.0,2026-04-06 18:30:00
1775500260,1.15506,1.15506,1.1549,1.15492,185.0,2026-04-06 18:31:00
1775500320,1.15494,1.15495,1.15474,1.15482,153.0,2026-04-06 18:32:00
1775500380,1.15482,1.15488,1.15477,1.15482,80.0,2026-04-06 18:33:00
1775500440,1.15484,1.15486,1.15476,1.15486,101.0,2026-04-06 18:34:00
1775500500,1.15488,1.15499,1.15488,1.15492,98.0,2026-04-06 18:35:00
1775500560,1.15492,1.15492,1.15481,1.15487,75.0,2026-04-06 18:36:00
1775500620,1.15487,1.15492,1.15477,1.15478,156.0,2026-04-06 18:37:00
1775500680,1.15478,1.15478,1.15466,1.15467,112.0,2026-04-06 18:38:00
1775500740,1.15464,1.15464,1.15451,1.15451,130.0,2026-04-06 18:39:00
1775500800,1.15452,1.15452,1.15446,1.15448,103.0,2026-04-06 18:40:00
1775500860,1.15448,1.15459,1.15446,1.15458,115.0,2026-04-06 18:41:00
1775500920,1.15458,1.15468,1.15453,1.15458,111.0,2026-04-06 18:42:00
1775500980,1.1546,1.1546,1.1545,1.15454,115.0,2026-04-06 18:43:00
1775501040,1.15454,1.15458,1.15448,1.15448,100.0,2026-04-06 18:44:00
1775501100,1.15448,1.15462,1.15446,1.15452,121.0,2026-04-06 18:45:00
1775501160,1.15453,1.15457,1.15438,1.15444,107.0,2026-04-06 18:46:00
1775501220,1.15441,1.15451,1.15441,1.15449,65.0,2026-04-06 18:47:00
1775501280,1.15446,1.15462,1.15446,1.15458,114.0,2026-04-06 18:48:00
1775501340,1.15459,1.1546,1.15448,1.15454,79.0,2026-04-06 18:49:00
1775501400,1.15454,1.1546,1.15454,1.15456,57.0,2026-04-06 18:50:00
1775501460,1.15458,1.15464,1.15454,1.15458,91.0,2026-04-06 18:51:00
1775501520,1.15459,1.15464,1.15458,1.1546,45.0,2026-04-06 18:52:00
1775501580,1.15462,1.15468,1.1546,1.15464,91.0,2026-04-06 18:53:00
1775501640,1.15464,1.15468,1.15456,1.15458,79.0,2026-04-06 18:54:00
1775501700,1.15458,1.15458,1.15448,1.1545,102.0,2026-04-06 18:55:00
1775501760,1.15451,1.15464,1.15451,1.15464,96.0,2026-04-06 18:56:00
1775501820,1.15464,1.15468,1.15452,1.15452,136.0,2026-04-06 18:57:00
1775501880,1.15452,1.15456,1.1545,1.15453,72.0,2026-04-06 18:58:00
1775501940,1.15452,1.1546,1.15452,1.15457,136.0,2026-04-06 18:59:00
1775502000,1.15458,1.15462,1.15442,1.15442,120.0,2026-04-06 19:00:00
1775502060,1.15442,1.15443,1.15435,1.15436,49.0,2026-04-06 19:01:00
1775502120,1.15436,1.15442,1.15434,1.1544,82.0,2026-04-06 19:02:00
1775502180,1.1544,1.15442,1.15436,1.15442,73.0,2026-04-06 19:03:00
1775502240,1.15443,1.15454,1.15442,1.15454,60.0,2026-04-06 19:04:00
1775502300,1.15453,1.15469,1.15453,1.1546,90.0,2026-04-06 19:05:00
1775502360,1.1546,1.15462,1.15452,1.15454,36.0,2026-04-06 19:06:00
1775502420,1.15454,1.15454,1.15448,1.15449,54.0,2026-04-06 19:07:00
1775502480,1.15448,1.15448,1.15444,1.15448,92.0,2026-04-06 19:08:00
1775502540,1.15448,1.15452,1.15447,1.15448,72.0,2026-04-06 19:09:00
1775502600,1.15445,1.15448,1.1544,1.15444,79.0,2026-04-06 19:10:00
1775502660,1.15445,1.15446,1.15442,1.15446,45.0,2026-04-06 19:11:00
1775502720,1.15446,1.15448,1.15442,1.15447,82.0,2026-04-06 19:12:00
1775502780,1.15446,1.15451,1.15442,1.15444,79.0,2026-04-06 19:13:00
1775502840,1.15444,1.1545,1.15442,1.1545,87.0,2026-04-06 19:14:00
1775502900,1.15448,1.15454,1.15447,1.15454,53.0,2026-04-06 19:15:00
1775502960,1.15454,1.15456,1.15443,1.15444,49.0,2026-04-06 19:16:00
1775503020,1.15442,1.15444,1.15442,1.15444,43.0,2026-04-06 19:17:00
1775503080,1.15444,1.15444,1.15438,1.15444,38.0,2026-04-06 19:18:00
1775503140,1.15444,1.15444,1.15432,1.15434,30.0,2026-04-06 19:19:00
1775503200,1.15434,1.15434,1.15429,1.15433,57.0,2026-04-06 19:20:00
1775503260,1.15434,1.15438,1.15432,1.15434,60.0,2026-04-06 19:21:00
1775503320,1.15434,1.15434,1.15431,1.15432,11.0,2026-04-06 19:22:00
1775503380,1.15433,1.15433,1.15426,1.15428,44.0,2026-04-06 19:23:00
1775503440,1.15428,1.15428,1.15422,1.15422,15.0,2026-04-06 19:24:00
1775503500,1.15423,1.15429,1.15418,1.15429,40.0,2026-04-06 19:25:00
1775503560,1.15428,1.15429,1.15421,1.15421,36.0,2026-04-06 19:26:00
1775503620,1.1542,1.15422,1.15418,1.1542,28.0,2026-04-06 19:27:00
1775503680,1.1542,1.15427,1.1542,1.15427,34.0,2026-04-06 19:28:00
1775503740,1.15426,1.15428,1.15424,1.15424,17.0,2026-04-06 19:29:00
1775503800,1.15423,1.15434,1.15423,1.15428,48.0,2026-04-06 19:30:00
1775503860,1.15429,1.15429,1.1542,1.15422,56.0,2026-04-06 19:31:00
1775503920,1.15422,1.15423,1.15407,1.15408,37.0,2026-04-06 19:32:00
1775503980,1.15408,1.15428,1.15408,1.15427,86.0,2026-04-06 19:33:00
1775504040,1.15426,1.15426,1.15417,1.15418,41.0,2026-04-06 19:34:00
1775504100,1.15419,1.1542,1.15417,1.15418,45.0,2026-04-06 19:35:00
1775504160,1.15419,1.15426,1.15418,1.15424,28.0,2026-04-06 19:36:00
1775504220,1.15424,1.15426,1.15423,1.15424,24.0,2026-04-06 19:37:00
1775504280,1.15424,1.15432,1.15424,1.15428,61.0,2026-04-06 19:38:00
1775504340,1.1543,1.15432,1.15428,1.15431,25.0,2026-04-06 19:39:00
1775504400,1.15432,1.15436,1.15432,1.15435,30.0,2026-04-06 19:40:00
1775504460,1.15436,1.15436,1.1543,1.15431,16.0,2026-04-06 19:41:00
1775504520,1.1543,1.15434,1.15429,1.1543,42.0,2026-04-06 19:42:00
1775504580,1.1543,1.15434,1.1543,1.15434,16.0,2026-04-06 19:43:00
1775504640,1.15434,1.1544,1.15434,1.1544,38.0,2026-04-06 19:44:00
1775504700,1.15439,1.15446,1.15438,1.15445,81.0,2026-04-06 19:45:00
1775504760,1.15442,1.15442,1.15436,1.15436,33.0,2026-04-06 19:46:00
1775504820,1.15437,1.15441,1.15436,1.1544,38.0,2026-04-06 19:47:00
1775504880,1.15442,1.15452,1.15441,1.1545,48.0,2026-04-06 19:48:00
1775504940,1.1545,1.15458,1.1545,1.15456,37.0,2026-04-06 19:49:00
1775505000,1.15458,1.15468,1.15458,1.15468,77.0,2026-04-06 19:50:00
1775505060,1.15467,1.15468,1.15458,1.1546,73.0,2026-04-06 19:51:00
1775505120,1.1546,1.15462,1.15454,1.1546,85.0,2026-04-06 19:52:00
1775505180,1.1546,1.1546,1.15446,1.15446,77.0,2026-04-06 19:53:00
1775505240,1.15447,1.1545,1.15436,1.15438,93.0,2026-04-06 19:54:00
1775505300,1.1544,1.15457,1.15438,1.15447,81.0,2026-04-06 19:55:00
1775505360,1.15446,1.15446,1.1544,1.15444,35.0,2026-04-06 19:56:00
1775505420,1.15444,1.15447,1.15444,1.15444,24.0,2026-04-06 19:57:00
1775505480,1.15445,1.15446,1.15438,1.1544,28.0,2026-04-06 19:58:00
1775505540,1.15439,1.15442,1.15428,1.15429,52.0,2026-04-06 19:59:00
1775505600,1.1543,1.15437,1.15424,1.15433,72.0,2026-04-06 20:00:00
1775505660,1.15432,1.15436,1.15429,1.15435,28.0,2026-04-06 20:01:00
1775505720,1.15434,1.15435,1.15424,1.15426,88.0,2026-04-06 20:02:00
1775505780,1.15426,1.15428,1.15423,1.15423,37.0,2026-04-06 20:03:00
1775505840,1.15422,1.15424,1.15422,1.15424,23.0,2026-04-06 20:04:00
1775505900,1.15424,1.15424,1.15421,1.15423,29.0,2026-04-06 20:05:00
1775505960,1.15424,1.15428,1.15424,1.15426,37.0,2026-04-06 20:06:00
1775506020,1.15424,1.15428,1.15422,1.15424,42.0,2026-04-06 20:07:00
1775506080,1.15424,1.15425,1.15422,1.15422,21.0,2026-04-06 20:08:00
1775506140,1.15422,1.15422,1.15416,1.15417,30.0,2026-04-06 20:09:00
1775506200,1.15418,1.15419,1.15415,1.15415,15.0,2026-04-06 20:10:00
1775506260,1.15414,1.15415,1.15408,1.15413,65.0,2026-04-06 20:11:00
1775506320,1.15412,1.15418,1.1541,1.15416,55.0,2026-04-06 20:12:00
1775506380,1.15416,1.1542,1.15415,1.15418,68.0,2026-04-06 20:13:00
1775506440,1.15418,1.1542,1.15418,1.15419,14.0,2026-04-06 20:14:00
1775506500,1.15418,1.15419,1.15416,1.15418,18.0,2026-04-06 20:15:00
1775506560,1.15419,1.1543,1.15419,1.1543,36.0,2026-04-06 20:16:00
1775506620,1.15429,1.15429,1.15424,1.15425,150.0,2026-04-06 20:17:00
1775506680,1.15426,1.15429,1.15425,1.15428,48.0,2026-04-06 20:18:00
1775506740,1.15428,1.15434,1.15428,1.15434,23.0,2026-04-06 20:19:00
1775506800,1.15434,1.15438,1.15434,1.15435,20.0,2026-04-06 20:20:00
1775506860,1.15434,1.15436,1.15433,1.15434,18.0,2026-04-06 20:21:00
1775506920,1.15434,1.15436,1.15434,1.15435,13.0,2026-04-06 20:22:00
1775506980,1.15436,1.15444,1.15434,1.15443,41.0,2026-04-06 20:23:00
1775507040,1.15444,1.15444,1.1544,1.15444,21.0,2026-04-06 20:24:00
1775507100,1.15442,1.15444,1.15436,1.15438,25.0,2026-04-06 20:25:00
1775507160,1.15438,1.15444,1.15437,1.15443,19.0,2026-04-06 20:26:00
1775507220,1.15444,1.15445,1.15442,1.15444,21.0,2026-04-06 20:27:00
1775507280,1.15444,1.15444,1.15442,1.15444,15.0,2026-04-06 20:28:00
1775507340,1.15444,1.15444,1.15428,1.15432,54.0,2026-04-06 20:29:00
1775507400,1.15434,1.1544,1.15434,1.1544,23.0,2026-04-06 20:30:00
1775507460,1.15439,1.15439,1.15436,1.15438,13.0,2026-04-06 20:31:00
1775507520,1.15439,1.15439,1.1543,1.15436,42.0,2026-04-06 20:32:00
1775507580,1.15436,1.15437,1.15435,1.15436,10.0,2026-04-06 20:33:00
1775507640,1.15436,1.15436,1.15432,1.15432,6.0,2026-04-06 20:34:00
1775507700,1.15433,1.15434,1.15433,1.15433,4.0,2026-04-06 20:35:00
1775507760,1.15434,1.15436,1.15432,1.15433,20.0,2026-04-06 20:36:00
1775507820,1.15434,1.15434,1.15432,1.15434,17.0,2026-04-06 20:37:00
1775507880,1.15434,1.15434,1.15432,1.15432,17.0,2026-04-06 20:38:00
1775507940,1.1543,1.1543,1.15422,1.15427,62.0,2026-04-06 20:39:00
1775508000,1.15428,1.15432,1.15428,1.15431,32.0,2026-04-06 20:40:00
1775508060,1.15432,1.15432,1.15429,1.15429,20.0,2026-04-06 20:41:00
1775508120,1.1543,1.1543,1.15429,1.15429,36.0,2026-04-06 20:42:00
1775508180,1.15431,1.15436,1.15431,1.15434,17.0,2026-04-06 20:43:00
1775508240,1.15435,1.15436,1.15434,1.15434,6.0,2026-04-06 20:44:00
1775508300,1.15433,1.15438,1.15432,1.15437,74.0,2026-04-06 20:45:00
1775508360,1.15438,1.15439,1.15436,1.15439,28.0,2026-04-06 20:46:00
1775508420,1.1544,1.1544,1.15436,1.15438,16.0,2026-04-06 20:47:00
1775508480,1.15437,1.15437,1.15433,1.15434,20.0,2026-04-06 20:48:00
1775508540,1.15434,1.15436,1.1543,1.15432,45.0,2026-04-06 20:49:00
1775508600,1.15434,1.15438,1.15434,1.15437,27.0,2026-04-06 20:50:00
1775508660,1.15436,1.15438,1.15435,1.15436,44.0,2026-04-06 20:51:00
1775508720,1.15436,1.15436,1.1543,1.15433,42.0,2026-04-06 20:52:00
1775508780,1.15432,1.15434,1.1543,1.15431,38.0,2026-04-06 20:53:00
1775508840,1.1543,1.15433,1.15422,1.15423,58.0,2026-04-06 20:54:00
1775508900,1.15424,1.15426,1.15421,1.15424,87.0,2026-04-06 20:55:00
1775508960,1.15422,1.15426,1.15421,1.15425,43.0,2026-04-06 20:56:00
1775509020,1.15424,1.15425,1.15422,1.15424,30.0,2026-04-06 20:57:00
1775509080,1.15424,1.15436,1.15424,1.15432,69.0,2026-04-06 20:58:00
1775509140,1.15434,1.15434,1.15432,1.15433,5.0,2026-04-06 20:59:00
1775509440,1.15414,1.15414,1.15414,1.15414,1.0,2026-04-06 21:04:00
1775509500,1.15417,1.15419,1.15409,1.15419,29.0,2026-04-06 21:05:00
1775509560,1.15418,1.1542,1.15418,1.15418,8.0,2026-04-06 21:06:00
1775509620,1.15421,1.15421,1.1542,1.1542,6.0,2026-04-06 21:07:00
1775509680,1.1542,1.15422,1.15418,1.15418,15.0,2026-04-06 21:08:00
1775509740,1.15416,1.1542,1.15416,1.15416,26.0,2026-04-06 21:09:00
1775509800,1.15416,1.1542,1.15416,1.15418,18.0,2026-04-06 21:10:00
1775509860,1.15419,1.1542,1.15416,1.15416,15.0,2026-04-06 21:11:00
1775509920,1.1542,1.15426,1.15417,1.15423,44.0,2026-04-06 21:12:00
1775509980,1.15422,1.15423,1.15419,1.15421,19.0,2026-04-06 21:13:00
1775510040,1.15422,1.1543,1.1542,1.15428,48.0,2026-04-06 21:14:00
1775510100,1.15428,1.15432,1.15426,1.15432,23.0,2026-04-06 21:15:00
1775510160,1.15428,1.1543,1.15427,1.1543,16.0,2026-04-06 21:16:00
1775510220,1.1543,1.1543,1.15424,1.15424,19.0,2026-04-06 21:17:00
1775510280,1.15426,1.15432,1.15425,1.15429,15.0,2026-04-06 21:18:00
1775510340,1.1543,1.15432,1.15428,1.15428,11.0,2026-04-06 21:19:00
1775510400,1.1543,1.1543,1.15429,1.1543,10.0,2026-04-06 21:20:00
1775510460,1.15432,1.15434,1.15432,1.15434,8.0,2026-04-06 21:21:00
1775510520,1.15434,1.15436,1.15428,1.15435,30.0,2026-04-06 21:22:00
1775510580,1.15434,1.15436,1.15429,1.1543,34.0,2026-04-06 21:23:00
1775510640,1.15429,1.15436,1.15426,1.15426,25.0,2026-04-06 21:24:00
1775510700,1.15425,1.15426,1.15423,1.15424,8.0,2026-04-06 21:25:00
1775510760,1.15423,1.15424,1.15418,1.1542,72.0,2026-04-06 21:26:00
1775510820,1.15419,1.1542,1.15418,1.1542,33.0,2026-04-06 21:27:00
1775510880,1.15419,1.1542,1.15418,1.15418,25.0,2026-04-06 21:28:00
1775510940,1.15417,1.15419,1.15417,1.15417,10.0,2026-04-06 21:29:00
1775511000,1.15416,1.15425,1.15416,1.15424,27.0,2026-04-06 21:30:00
1775511060,1.15425,1.15432,1.15424,1.1543,30.0,2026-04-06 21:31:00
1775511120,1.15428,1.15434,1.15428,1.1543,10.0,2026-04-06 21:32:00
1775511180,1.15429,1.15433,1.15429,1.15433,8.0,2026-04-06 21:33:00
1775511240,1.15432,1.15438,1.15432,1.15434,19.0,2026-04-06 21:34:00
1775511300,1.15434,1.15438,1.15434,1.15436,13.0,2026-04-06 21:35:00
1775511360,1.15436,1.15438,1.15435,1.15436,13.0,2026-04-06 21:36:00
1775511420,1.1544,1.1544,1.15434,1.15437,16.0,2026-04-06 21:37:00
1775511480,1.15437,1.1544,1.15435,1.15438,59.0,2026-04-06 21:38:00
1775511540,1.15438,1.15441,1.15438,1.15441,3.0,2026-04-06 21:39:00
1775511600,1.15439,1.15444,1.15439,1.15442,31.0,2026-04-06 21:40:00
1775511660,1.15444,1.15446,1.15443,1.15444,28.0,2026-04-06 21:41:00
1775511720,1.15444,1.15448,1.15442,1.15448,15.0,2026-04-06 21:42:00
1775511780,1.15446,1.15446,1.15444,1.15445,14.0,2026-04-06 21:43:00
1775511840,1.15444,1.15446,1.15444,1.15445,4.0,2026-04-06 21:44:00
1775511900,1.15444,1.15447,1.15441,1.15442,39.0,2026-04-06 21:45:00
1775511960,1.15442,1.15444,1.15442,1.15442,11.0,2026-04-06 21:46:00
1775512020,1.15442,1.15443,1.1544,1.15441,13.0,2026-04-06 21:47:00
1775512080,1.15441,1.15442,1.15438,1.15438,25.0,2026-04-06 21:48:00
1775512140,1.15436,1.15438,1.15428,1.1543,41.0,2026-04-06 21:49:00
1775512200,1.1543,1.1543,1.15416,1.15418,33.0,2026-04-06 21:50:00
1775512260,1.15418,1.15418,1.15416,1.15416,33.0,2026-04-06 21:51:00
1775512320,1.15416,1.15418,1.15415,1.15418,26.0,2026-04-06 21:52:00
1775512380,1.15418,1.15419,1.15416,1.15418,38.0,2026-04-06 21:53:00
1775512440,1.15419,1.15421,1.15416,1.15418,39.0,2026-04-06 21:54:00
1775512500,1.1542,1.15434,1.15419,1.15434,47.0,2026-04-06 21:55:00
1775512560,1.15433,1.15434,1.15432,1.15434,13.0,2026-04-06 21:56:00
1775512620,1.15435,1.15436,1.15421,1.15432,54.0,2026-04-06 21:57:00
1775512680,1.15432,1.15434,1.15431,1.15432,40.0,2026-04-06 21:58:00
1775512740,1.15434,1.15434,1.15431,1.15432,11.0,2026-04-06 21:59:00
1775512800,1.15432,1.15447,1.15429,1.15438,69.0,2026-04-06 22:00:00
1775512860,1.1544,1.15462,1.1544,1.15462,59.0,2026-04-06 22:01:00
1775512920,1.15458,1.15462,1.15456,1.15462,25.0,2026-04-06 22:02:00
1775512980,1.1546,1.15473,1.1546,1.1547,26.0,2026-04-06 22:03:00
1775513040,1.15472,1.15478,1.15472,1.15476,20.0,2026-04-06 22:04:00
1775513100,1.15476,1.15477,1.15473,1.15476,19.0,2026-04-06 22:05:00
1775513160,1.15476,1.1548,1.15476,1.15479,12.0,2026-04-06 22:06:00
1775513220,1.1548,1.1548,1.15465,1.15466,22.0,2026-04-06 22:07:00
1775513280,1.15465,1.15466,1.15465,1.15465,3.0,2026-04-06 22:08:00
1775513340,1.15466,1.15466,1.15463,1.15465,14.0,2026-04-06 22:09:00
1775513400,1.15466,1.15469,1.15464,1.15466,18.0,2026-04-06 22:10:00
1775513460,1.15464,1.15464,1.15455,1.15455,19.0,2026-04-06 22:11:00
1775513520,1.15456,1.1546,1.15454,1.15459,23.0,2026-04-06 22:12:00
1775513580,1.15457,1.15457,1.1545,1.1545,18.0,2026-04-06 22:13:00
1775513640,1.1545,1.15456,1.1545,1.15454,11.0,2026-04-06 22:14:00
1775513700,1.15454,1.15455,1.1545,1.1545,11.0,2026-04-06 22:15:00
1775513760,1.15451,1.15454,1.15448,1.15454,34.0,2026-04-06 22:16:00
1775513820,1.15456,1.15461,1.15456,1.1546,26.0,2026-04-06 22:17:00
1775513880,1.1546,1.15467,1.1546,1.15464,25.0,2026-04-06 22:18:00
1775513940,1.15463,1.15464,1.15462,1.15462,18.0,2026-04-06 22:19:00
1775514000,1.15462,1.15464,1.15454,1.15454,58.0,2026-04-06 22:20:00
1775514060,1.15453,1.15454,1.15452,1.15454,30.0,2026-04-06 22:21:00
1775514120,1.15454,1.15456,1.15452,1.15452,27.0,2026-04-06 22:22:00
1775514180,1.15452,1.15452,1.15433,1.15438,151.0,2026-04-06 22:23:00
1775514240,1.15438,1.15442,1.1543,1.15442,88.0,2026-04-06 22:24:00
1775514300,1.1544,1.15442,1.15438,1.15442,13.0,2026-04-06 22:25:00
1775514360,1.15446,1.15446,1.15444,1.15444,5.0,2026-04-06 22:26:00
1775514420,1.15444,1.15446,1.15438,1.15438,20.0,2026-04-06 22:27:00
1775514480,1.15438,1.15442,1.15438,1.1544,9.0,2026-04-06 22:28:00
1775514540,1.15439,1.15444,1.15439,1.15444,7.0,2026-04-06 22:29:00
1775514600,1.15446,1.15452,1.15446,1.15451,21.0,2026-04-06 22:30:00
1775514660,1.1545,1.1545,1.15442,1.15446,1070.0,2026-04-06 22:31:00
1775514720,1.15445,1.15446,1.15435,1.15438,211.0,2026-04-06 22:32:00
1775514780,1.15439,1.15443,1.15438,1.15442,16.0,2026-04-06 22:33:00
1775514840,1.15441,1.15444,1.15441,1.15442,6.0,2026-04-06 22:34:00
1775514900,1.15442,1.15446,1.15438,1.15442,17.0,2026-04-06 22:35:00
1775514960,1.15442,1.15442,1.15438,1.15438,6.0,2026-04-06 22:36:00
1775515020,1.1544,1.15442,1.1544,1.15442,20.0,2026-04-06 22:37:00
1775515080,1.15444,1.15444,1.15444,1.15444,4.0,2026-04-06 22:38:00
1775515140,1.15446,1.15448,1.15442,1.15444,348.0,2026-04-06 22:39:00
1775515200,1.15444,1.15446,1.15442,1.15442,162.0,2026-04-06 22:40:00
1775515260,1.15444,1.15444,1.15442,1.15442,6.0,2026-04-06 22:41:00
1775515320,1.15443,1.15443,1.15442,1.15442,4.0,2026-04-06 22:42:00
1775515440,1.15441,1.15442,1.15434,1.15434,45.0,2026-04-06 22:44:00
1775515500,1.15434,1.15438,1.15432,1.15438,42.0,2026-04-06 22:45:00
1775515560,1.15437,1.15438,1.15436,1.15438,30.0,2026-04-06 22:46:00
1775515620,1.15438,1.1544,1.15438,1.1544,23.0,2026-04-06 22:47:00
1775515680,1.1544,1.15443,1.15438,1.15443,16.0,2026-04-06 22:48:00
1775515740,1.15442,1.15444,1.15436,1.15436,21.0,2026-04-06 22:49:00
1775515800,1.15438,1.15444,1.15437,1.15438,24.0,2026-04-06 22:50:00
1775515860,1.1544,1.15441,1.15436,1.15437,22.0,2026-04-06 22:51:00
1775515920,1.15436,1.15436,1.15433,1.15433,5.0,2026-04-06 22:52:00
1775515980,1.15432,1.15437,1.15432,1.15433,20.0,2026-04-06 22:53:00
1775516040,1.15434,1.15435,1.15432,1.15434,44.0,2026-04-06 22:54:00
1775516100,1.15434,1.15434,1.15432,1.15434,8.0,2026-04-06 22:55:00
1775516160,1.15433,1.15433,1.15423,1.15426,32.0,2026-04-06 22:56:00
1775516220,1.15426,1.15428,1.15426,1.15428,17.0,2026-04-06 22:57:00
1775516280,1.15428,1.15432,1.15426,1.15428,17.0,2026-04-06 22:58:00
1775516340,1.15428,1.15428,1.15426,1.15428,13.0,2026-04-06 22:59:00
1775516400,1.15428,1.1543,1.15424,1.15426,36.0,2026-04-06 23:00:00
1775516460,1.15427,1.15434,1.15427,1.15432,36.0,2026-04-06 23:01:00
1775516520,1.15432,1.15433,1.1543,1.1543,31.0,2026-04-06 23:02:00
1775516580,1.1543,1.15436,1.1543,1.15436,9.0,2026-04-06 23:03:00
1775516640,1.15435,1.15436,1.15433,1.15434,21.0,2026-04-06 23:04:00
1775516700,1.15433,1.15436,1.15431,1.15432,34.0,2026-04-06 23:05:00
1775516760,1.15431,1.15432,1.15429,1.1543,25.0,2026-04-06 23:06:00
1775516820,1.15429,1.15429,1.15424,1.15426,12.0,2026-04-06 23:07:00
1775516880,1.15425,1.1543,1.15425,1.1543,21.0,2026-04-06 23:08:00
1775516940,1.1543,1.15431,1.15428,1.1543,20.0,2026-04-06 23:09:00
1775517000,1.15431,1.15434,1.1543,1.15433,23.0,2026-04-06 23:10:00
1775517060,1.15433,1.15433,1.15432,1.15433,8.0,2026-04-06 23:11:00
1775517120,1.1543,1.15432,1.15429,1.1543,11.0,2026-04-06 23:12:00
1775517180,1.15428,1.1543,1.15428,1.1543,9.0,2026-04-06 23:13:00
1775517240,1.15428,1.15434,1.15428,1.15432,20.0,2026-04-06 23:14:00
1775517300,1.15432,1.15434,1.1543,1.1543,16.0,2026-04-06 23:15:00
1775517360,1.1543,1.15433,1.1543,1.15431,5.0,2026-04-06 23:16:00
1775517420,1.15428,1.1543,1.15426,1.1543,13.0,2026-04-06 23:17:00
1775517480,1.1543,1.1543,1.15426,1.15426,16.0,2026-04-06 23:18:00
1775517540,1.15426,1.15428,1.15426,1.15428,12.0,2026-04-06 23:19:00
1775517600,1.15428,1.1543,1.15427,1.15427,31.0,2026-04-06 23:20:00
1775517660,1.15425,1.15428,1.15424,1.15426,12.0,2026-04-06 23:21:00
1775517720,1.15426,1.15426,1.15418,1.15418,12.0,2026-04-06 23:22:00
1775517780,1.1542,1.15422,1.15419,1.15419,8.0,2026-04-06 23:23:00
1775517840,1.1542,1.15421,1.1542,1.1542,12.0,2026-04-06 23:24:00
1775517900,1.15421,1.15422,1.15418,1.1542,16.0,2026-04-06 23:25:00
1775517960,1.1542,1.1542,1.15418,1.1542,9.0,2026-04-06 23:26:00
1775518020,1.1542,1.1542,1.15414,1.15414,16.0,2026-04-06 23:27:00
1775518080,1.15413,1.15414,1.15413,1.15413,3.0,2026-04-06 23:28:00
1775518140,1.15415,1.15416,1.15406,1.15407,24.0,2026-04-06 23:29:00
1775518200,1.15405,1.15411,1.15404,1.1541,23.0,2026-04-06 23:30:00
1775518260,1.15409,1.1541,1.15406,1.15408,8.0,2026-04-06 23:31:00
1775518320,1.15407,1.1541,1.15407,1.15408,13.0,2026-04-06 23:32:00
1775518380,1.15408,1.15409,1.15405,1.15405,13.0,2026-04-06 23:33:00
1775518440,1.15406,1.15406,1.15404,1.15405,11.0,2026-04-06 23:34:00
1775518500,1.15404,1.15404,1.154,1.15404,12.0,2026-04-06 23:35:00
1775518560,1.15403,1.15404,1.154,1.15403,15.0,2026-04-06 23:36:00
1775518620,1.15404,1.15405,1.15402,1.15404,12.0,2026-04-06 23:37:00
1775518680,1.15403,1.15406,1.15402,1.15406,17.0,2026-04-06 23:38:00
1775518740,1.15404,1.15408,1.15404,1.15406,7.0,2026-04-06 23:39:00
1775518800,1.15408,1.1541,1.15405,1.15406,11.0,2026-04-06 23:40:00
1775518860,1.15407,1.15408,1.15403,1.15404,9.0,2026-04-06 23:41:00
1775518920,1.15405,1.15405,1.15402,1.15402,17.0,2026-04-06 23:42:00
1775518980,1.15398,1.154,1.15396,1.15396,24.0,2026-04-06 23:43:00
1775519040,1.15396,1.15405,1.1539,1.15405,67.0,2026-04-06 23:44:00
1775519100,1.15406,1.15412,1.15406,1.1541,39.0,2026-04-06 23:45:00
1775519160,1.15409,1.15415,1.15406,1.1541,47.0,2026-04-06 23:46:00
1775519220,1.1541,1.15414,1.1541,1.1541,43.0,2026-04-06 23:47:00
1775519280,1.15412,1.15421,1.15412,1.15414,24.0,2026-04-06 23:48:00
1775519340,1.15414,1.15416,1.15412,1.15414,23.0,2026-04-06 23:49:00
1775519400,1.15413,1.15416,1.15409,1.15412,80.0,2026-04-06 23:50:00
1775519460,1.15413,1.15423,1.15412,1.15422,23.0,2026-04-06 23:51:00
1775519520,1.15423,1.15426,1.1542,1.1542,57.0,2026-04-06 23:52:00
1775519580,1.1542,1.15421,1.15414,1.15416,27.0,2026-04-06 23:53:00
1775519640,1.15416,1.15417,1.15412,1.15414,17.0,2026-04-06 23:54:00
1775519700,1.15413,1.15415,1.15412,1.15412,21.0,2026-04-06 23:55:00
1775519760,1.15412,1.15412,1.1541,1.1541,10.0,2026-04-06 23:56:00
1775519820,1.1541,1.1541,1.1541,1.1541,5.0,2026-04-06 23:57:00
1775519880,1.1541,1.15413,1.1541,1.15412,10.0,2026-04-06 23:58:00
1775519940,1.15412,1.15412,1.15408,1.15409,22.0,2026-04-06 23:59:00
1775520000,1.15408,1.1541,1.15398,1.15403,103.0,2026-04-07 00:00:00
1775520060,1.15404,1.15404,1.15389,1.15394,90.0,2026-04-07 00:01:00
1775520120,1.15394,1.15396,1.1538,1.15386,105.0,2026-04-07 00:02:00
1775520180,1.15388,1.15394,1.15387,1.15388,103.0,2026-04-07 00:03:00
1775520240,1.15386,1.1539,1.15384,1.1539,52.0,2026-04-07 00:04:00
1775520300,1.15389,1.15394,1.15384,1.1539,58.0,2026-04-07 00:05:00
1775520360,1.1539,1.15402,1.15385,1.15388,189.0,2026-04-07 00:06:00
1775520420,1.15389,1.15394,1.15384,1.15394,64.0,2026-04-07 00:07:00
1775520480,1.15392,1.154,1.1539,1.15398,72.0,2026-04-07 00:08:00
1775520540,1.15399,1.15406,1.15396,1.15405,56.0,2026-04-07 00:09:00
1775520600,1.15404,1.15412,1.15398,1.1541,124.0,2026-04-07 00:10:00
1775520660,1.15409,1.15412,1.15397,1.154,98.0,2026-04-07 00:11:00
1775520720,1.15399,1.1541,1.15395,1.1541,91.0,2026-04-07 00:12:00
1775520780,1.1541,1.15419,1.15408,1.15418,117.0,2026-04-07 00:13:00
1775520840,1.1542,1.1542,1.15412,1.15418,64.0,2026-04-07 00:14:00
1775520900,1.1542,1.15439,1.1542,1.15428,185.0,2026-04-07 00:15:00
1775520960,1.15428,1.15436,1.15423,1.15433,109.0,2026-04-07 00:16:00
1775521020,1.15432,1.15438,1.15425,1.15428,115.0,2026-04-07 00:17:00
1775521080,1.15428,1.1543,1.1542,1.15424,162.0,2026-04-07 00:18:00
1775521140,1.15424,1.1543,1.15417,1.15417,101.0,2026-04-07 00:19:00
1775521200,1.15416,1.15424,1.15412,1.15419,70.0,2026-04-07 00:20:00
1775521260,1.1542,1.15428,1.15412,1.15415,96.0,2026-04-07 00:21:00
1775521320,1.15416,1.15418,1.15414,1.15414,62.0,2026-04-07 00:22:00
1775521380,1.15414,1.1542,1.15406,1.15408,95.0,2026-04-07 00:23:00
1775521440,1.15407,1.15408,1.15403,1.15404,99.0,2026-04-07 00:24:00
1775521500,1.15404,1.15408,1.154,1.15404,88.0,2026-04-07 00:25:00
1775521560,1.15404,1.15414,1.15404,1.15408,53.0,2026-04-07 00:26:00
1775521620,1.15408,1.15415,1.15408,1.15413,58.0,2026-04-07 00:27:00
1775521680,1.15414,1.15414,1.15404,1.15404,82.0,2026-04-07 00:28:00
1775521740,1.15406,1.1541,1.15402,1.15403,52.0,2026-04-07 00:29:00
1775521800,1.15402,1.15409,1.15399,1.15404,85.0,2026-04-07 00:30:00
1775521860,1.15405,1.15409,1.15404,1.15404,62.0,2026-04-07 00:31:00
1775521920,1.15404,1.15404,1.1539,1.15394,84.0,2026-04-07 00:32:00
1775521980,1.15396,1.15396,1.1539,1.15394,57.0,2026-04-07 00:33:00
1775522040,1.15394,1.15402,1.15394,1.15398,77.0,2026-04-07 00:34:00
1775522100,1.154,1.15404,1.15394,1.15394,103.0,2026-04-07 00:35:00
1775522160,1.15395,1.15395,1.15378,1.15378,65.0,2026-04-07 00:36:00
1775522220,1.15379,1.15382,1.15374,1.15374,61.0,2026-04-07 00:37:00
1775522280,1.15374,1.15376,1.15374,1.15374,5.0,2026-04-07 00:38:00
1775522340,1.15375,1.15378,1.15366,1.1537,65.0,2026-04-07 00:39:00
1775522400,1.1537,1.15384,1.1537,1.15384,65.0,2026-04-07 00:40:00
1775522460,1.15383,1.1539,1.15381,1.15386,88.0,2026-04-07 00:41:00
1775522520,1.15386,1.15392,1.15384,1.15386,67.0,2026-04-07 00:42:00
1775522580,1.15386,1.15389,1.15382,1.15384,68.0,2026-04-07 00:43:00
1775522640,1.15385,1.15388,1.1538,1.1538,60.0,2026-04-07 00:44:00
1775522700,1.1538,1.15392,1.1538,1.15389,98.0,2026-04-07 00:45:00
1775522760,1.1539,1.1539,1.15382,1.15382,45.0,2026-04-07 00:46:00
1775522820,1.15382,1.15386,1.1538,1.15384,53.0,2026-04-07 00:47:00
1775522880,1.15384,1.15391,1.15384,1.1539,47.0,2026-04-07 00:48:00
1775522940,1.15388,1.15392,1.15385,1.15392,72.0,2026-04-07 00:49:00
1775523000,1.15392,1.15394,1.15386,1.1539,68.0,2026-04-07 00:50:00
1775523060,1.1539,1.15391,1.15386,1.1539,42.0,2026-04-07 00:51:00
1775523120,1.1539,1.15398,1.15384,1.15398,62.0,2026-04-07 00:52:00
1775523180,1.15399,1.15399,1.15392,1.15398,73.0,2026-04-07 00:53:00
1775523240,1.15396,1.154,1.15385,1.1539,130.0,2026-04-07 00:54:00
1775523300,1.15391,1.15395,1.15388,1.15388,62.0,2026-04-07 00:55:00
1775523360,1.15388,1.15388,1.1538,1.15383,64.0,2026-04-07 00:56:00
1775523420,1.15383,1.15384,1.1538,1.1538,46.0,2026-04-07 00:57:00
1775523480,1.1538,1.15384,1.15376,1.15377,60.0,2026-04-07 00:58:00
1775523540,1.15375,1.1538,1.15374,1.15376,48.0,2026-04-07 00:59:00
1775523600,1.15376,1.15384,1.15358,1.15374,201.0,2026-04-07 01:00:00
1775523660,1.15373,1.15385,1.15364,1.15384,183.0,2026-04-07 01:01:00
1775523720,1.15386,1.15398,1.15386,1.15391,115.0,2026-04-07 01:02:00
1775523780,1.1539,1.15397,1.15386,1.15396,148.0,2026-04-07 01:03:00
1775523840,1.15396,1.15403,1.1539,1.15402,145.0,2026-04-07 01:04:00
1775523900,1.15401,1.15403,1.1538,1.15382,120.0,2026-04-07 01:05:00
1775523960,1.15384,1.1539,1.15383,1.15385,108.0,2026-04-07 01:06:00
1775524020,1.15386,1.15398,1.15382,1.1539,112.0,2026-04-07 01:07:00
1775524080,1.1539,1.15394,1.1538,1.1538,86.0,2026-04-07 01:08:00
1775524140,1.1538,1.15386,1.1536,1.15364,152.0,2026-04-07 01:09:00
1775524200,1.15363,1.15364,1.15353,1.1536,197.0,2026-04-07 01:10:00
1775524260,1.15362,1.15368,1.15361,1.15365,111.0,2026-04-07 01:11:00
1775524320,1.15366,1.1537,1.15364,1.15368,122.0,2026-04-07 01:12:00
1775524380,1.1537,1.15371,1.15358,1.15358,38.0,2026-04-07 01:13:00
1775524440,1.15358,1.1536,1.15352,1.1536,59.0,2026-04-07 01:14:00
1775524500,1.1536,1.15367,1.15358,1.15366,59.0,2026-04-07 01:15:00
1775524560,1.15366,1.1537,1.15362,1.15365,136.0,2026-04-07 01:16:00
1775524620,1.15366,1.15373,1.15364,1.15373,47.0,2026-04-07 01:17:00
1775524680,1.15372,1.15376,1.15368,1.1537,60.0,2026-04-07 01:18:00
1775524740,1.15369,1.15374,1.15364,1.15372,123.0,2026-04-07 01:19:00
1775524800,1.1537,1.15372,1.15363,1.15368,136.0,2026-04-07 01:20:00
1775524860,1.15369,1.15372,1.15368,1.15369,78.0,2026-04-07 01:21:00
1775524920,1.15368,1.15373,1.15364,1.15364,61.0,2026-04-07 01:22:00
1775524980,1.15364,1.15366,1.15354,1.15356,42.0,2026-04-07 01:23:00
1775525040,1.15356,1.15366,1.15356,1.15358,34.0,2026-04-07 01:24:00
1775525100,1.15359,1.15365,1.15356,1.15356,45.0,2026-04-07 01:25:00
1775525160,1.15356,1.15358,1.15348,1.15357,67.0,2026-04-07 01:26:00
1775525220,1.15358,1.15364,1.15354,1.15364,62.0,2026-04-07 01:27:00
1775525280,1.15363,1.15364,1.15358,1.15364,66.0,2026-04-07 01:28:00
1775525340,1.15364,1.15364,1.15358,1.15364,46.0,2026-04-07 01:29:00
1775525400,1.15364,1.15366,1.15359,1.15362,48.0,2026-04-07 01:30:00
1775525460,1.15362,1.15363,1.15354,1.1536,81.0,2026-04-07 01:31:00
1775525520,1.1536,1.15362,1.15358,1.1536,68.0,2026-04-07 01:32:00
1775525580,1.15359,1.15364,1.15357,1.15364,37.0,2026-04-07 01:33:00
1775525640,1.15365,1.15369,1.15358,1.15358,60.0,2026-04-07 01:34:00
1775525700,1.1536,1.15363,1.1535,1.1535,66.0,2026-04-07 01:35:00
1775525760,1.15352,1.15354,1.15345,1.15354,74.0,2026-04-07 01:36:00
1775525820,1.15353,1.15354,1.1533,1.15336,158.0,2026-04-07 01:37:00
1775525880,1.15334,1.15336,1.1532,1.1532,123.0,2026-04-07 01:38:00
1775525940,1.15321,1.15323,1.15305,1.15316,105.0,2026-04-07 01:39:00
1775526000,1.15315,1.15318,1.15301,1.15307,158.0,2026-04-07 01:40:00
1775526060,1.15304,1.15312,1.15302,1.15303,71.0,2026-04-07 01:41:00
1775526120,1.15304,1.15309,1.15301,1.15304,84.0,2026-04-07 01:42:00
1775526180,1.15304,1.15308,1.15301,1.15304,85.0,2026-04-07 01:43:00
1775526240,1.15304,1.15308,1.153,1.15306,50.0,2026-04-07 01:44:00
1775526300,1.15307,1.15311,1.15302,1.15304,72.0,2026-04-07 01:45:00
1775526360,1.15304,1.15314,1.15304,1.15312,71.0,2026-04-07 01:46:00
1775526420,1.15312,1.15313,1.15306,1.15308,101.0,2026-04-07 01:47:00
1775526480,1.15307,1.1531,1.15304,1.15304,85.0,2026-04-07 01:48:00
1775526540,1.15305,1.15305,1.15298,1.15298,60.0,2026-04-07 01:49:00
1775526600,1.15299,1.15302,1.15285,1.15294,112.0,2026-04-07 01:50:00
1775526660,1.15294,1.15296,1.15286,1.15286,51.0,2026-04-07 01:51:00
1775526720,1.15288,1.15288,1.15272,1.15274,126.0,2026-04-07 01:52:00
1775526780,1.15274,1.15284,1.15274,1.1528,88.0,2026-04-07 01:53:00
1775526840,1.1528,1.15282,1.15274,1.15279,65.0,2026-04-07 01:54:00
1775526900,1.15278,1.15289,1.15278,1.15289,47.0,2026-04-07 01:55:00
1775526960,1.15293,1.15293,1.15276,1.15278,80.0,2026-04-07 01:56:00
1775527020,1.15277,1.15289,1.15274,1.15289,69.0,2026-04-07 01:57:00
1775527080,1.1529,1.15298,1.1529,1.15296,89.0,2026-04-07 01:58:00
1775527140,1.15297,1.15302,1.15296,1.15302,74.0,2026-04-07 01:59:00
1775527200,1.15302,1.15304,1.1529,1.15296,114.0,2026-04-07 02:00:00
1775527260,1.15298,1.15298,1.1529,1.15292,66.0,2026-04-07 02:01:00
1775527320,1.15294,1.15299,1.15292,1.15292,89.0,2026-04-07 02:02:00
1775527380,1.15292,1.15297,1.15292,1.15292,57.0,2026-04-07 02:03:00
1775527440,1.15292,1.15296,1.15288,1.15288,72.0,2026-04-07 02:04:00
1775527500,1.15289,1.15292,1.15286,1.1529,74.0,2026-04-07 02:05:00
1775527560,1.15292,1.15296,1.15288,1.1529,92.0,2026-04-07 02:06:00
1775527620,1.1529,1.1529,1.15242,1.1525,159.0,2026-04-07 02:07:00
1775527680,1.1525,1.15268,1.15247,1.15263,152.0,2026-04-07 02:08:00
1775527740,1.15264,1.15276,1.1526,1.1527,131.0,2026-04-07 02:09:00
1775527800,1.1527,1.15279,1.1527,1.15276,89.0,2026-04-07 02:10:00
1775527860,1.15274,1.15286,1.15274,1.15281,66.0,2026-04-07 02:11:00
1775527920,1.1528,1.1528,1.15268,1.15268,58.0,2026-04-07 02:12:00
1775527980,1.15269,1.1527,1.15266,1.15268,31.0,2026-04-07 02:13:00
1775528040,1.15266,1.15273,1.15264,1.15271,61.0,2026-04-07 02:14:00
1775528100,1.15272,1.15272,1.15262,1.15263,64.0,2026-04-07 02:15:00
1775528160,1.15262,1.1527,1.15258,1.15259,58.0,2026-04-07 02:16:00
1775528220,1.1526,1.15269,1.15258,1.15262,49.0,2026-04-07 02:17:00
1775528280,1.15262,1.15268,1.1526,1.15262,36.0,2026-04-07 02:18:00
1775528340,1.15263,1.15266,1.15262,1.15264,82.0,2026-04-07 02:19:00
1775528400,1.15264,1.15291,1.15259,1.1529,90.0,2026-04-07 02:20:00
1775528460,1.15292,1.15296,1.15285,1.15286,49.0,2026-04-07 02:21:00
1775528520,1.15286,1.15286,1.15278,1.15279,55.0,2026-04-07 02:22:00
1775528580,1.15278,1.15281,1.15278,1.15279,46.0,2026-04-07 02:23:00
1775528640,1.1528,1.15285,1.15276,1.15284,36.0,2026-04-07 02:24:00
1775528700,1.15284,1.15286,1.1528,1.15284,62.0,2026-04-07 02:25:00
1775528760,1.15284,1.15285,1.15283,1.15284,29.0,2026-04-07 02:26:00
1775528820,1.15284,1.15292,1.15283,1.1529,39.0,2026-04-07 02:27:00
1775528880,1.15291,1.15294,1.15288,1.15288,62.0,2026-04-07 02:28:00
1775528940,1.15288,1.15297,1.15288,1.15294,49.0,2026-04-07 02:29:00
1775529000,1.15294,1.15297,1.15288,1.15289,51.0,2026-04-07 02:30:00
1775529060,1.15288,1.15294,1.15284,1.15294,80.0,2026-04-07 02:31:00
1775529120,1.15294,1.15296,1.1529,1.15292,55.0,2026-04-07 02:32:00
1775529180,1.15292,1.15295,1.15286,1.15294,49.0,2026-04-07 02:33:00
1775529240,1.15295,1.15298,1.1529,1.15296,39.0,2026-04-07 02:34:00
1775529300,1.15294,1.15294,1.15292,1.15292,31.0,2026-04-07 02:35:00
1775529360,1.15292,1.153,1.15292,1.153,33.0,2026-04-07 02:36:00
1775529420,1.153,1.15302,1.15292,1.15294,32.0,2026-04-07 02:37:00
1775529480,1.15294,1.15303,1.15294,1.15303,31.0,2026-04-07 02:38:00
1775529540,1.15302,1.15304,1.15302,1.15304,10.0,2026-04-07 02:39:00
1775529600,1.15304,1.15306,1.15304,1.15304,23.0,2026-04-07 02:40:00
1775529660,1.15304,1.15306,1.15304,1.15304,27.0,2026-04-07 02:41:00
1775529720,1.15304,1.15304,1.153,1.15304,22.0,2026-04-07 02:42:00
1775529780,1.15304,1.15305,1.15303,1.15304,34.0,2026-04-07 02:43:00
1775529840,1.15305,1.15308,1.15304,1.15304,25.0,2026-04-07 02:44:00
1775529900,1.15305,1.15306,1.153,1.15305,35.0,2026-04-07 02:45:00
1775529960,1.15306,1.15306,1.15304,1.15304,14.0,2026-04-07 02:46:00
1775530020,1.15304,1.15304,1.153,1.15304,30.0,2026-04-07 02:47:00
1775530080,1.15306,1.15308,1.15304,1.15307,35.0,2026-04-07 02:48:00
1775530140,1.15306,1.1532,1.15306,1.15318,82.0,2026-04-07 02:49:00
1775530200,1.15318,1.1532,1.15314,1.15314,26.0,2026-04-07 02:50:00
1775530260,1.15312,1.15314,1.15308,1.15308,21.0,2026-04-07 02:51:00
1775530320,1.15309,1.15309,1.15302,1.15303,33.0,2026-04-07 02:52:00
1775530380,1.15303,1.15303,1.15297,1.15298,50.0,2026-04-07 02:53:00
1775530440,1.15298,1.15303,1.15298,1.15298,14.0,2026-04-07 02:54:00
1775530500,1.15298,1.15299,1.15292,1.15295,45.0,2026-04-07 02:55:00
1775530560,1.15294,1.15294,1.15293,1.15294,20.0,2026-04-07 02:56:00
1775530620,1.15294,1.15303,1.15294,1.15294,40.0,2026-04-07 02:57:00
1775530680,1.15294,1.15297,1.1529,1.15297,25.0,2026-04-07 02:58:00
1775530740,1.15298,1.15298,1.15296,1.15298,20.0,2026-04-07 02:59:00
1775530800,1.15298,1.15304,1.15298,1.15304,37.0,2026-04-07 03:00:00
1775530860,1.15304,1.15314,1.15304,1.15308,58.0,2026-04-07 03:01:00
1775530920,1.15308,1.15319,1.15308,1.15319,34.0,2026-04-07 03:02:00
1775530980,1.15318,1.15318,1.1531,1.1531,29.0,2026-04-07 03:03:00
1775531040,1.15311,1.15312,1.1531,1.15312,29.0,2026-04-07 03:04:00
1775531100,1.1531,1.15314,1.15302,1.15304,99.0,2026-04-07 03:05:00
1775531160,1.15305,1.15305,1.15299,1.153,35.0,2026-04-07 03:06:00
1775531220,1.15299,1.15302,1.15298,1.15302,30.0,2026-04-07 03:07:00
1775531280,1.15304,1.1531,1.15302,1.1531,41.0,2026-04-07 03:08:00
1775531340,1.1531,1.1531,1.15308,1.15308,24.0,2026-04-07 03:09:00
1775531400,1.15309,1.15316,1.15309,1.15314,31.0,2026-04-07 03:10:00
1775531460,1.15314,1.15322,1.15314,1.15318,42.0,2026-04-07 03:11:00
1775531520,1.15318,1.15318,1.15313,1.15315,24.0,2026-04-07 03:12:00
1775531580,1.15314,1.15314,1.15307,1.15308,27.0,2026-04-07 03:13:00
1775531640,1.15308,1.15309,1.15305,1.15306,30.0,2026-04-07 03:14:00
1775531700,1.15305,1.15308,1.15304,1.15308,33.0,2026-04-07 03:15:00
1775531760,1.15307,1.1531,1.15305,1.15306,29.0,2026-04-07 03:16:00
1775531820,1.15306,1.15308,1.153,1.15306,43.0,2026-04-07 03:17:00
1775531880,1.15306,1.15308,1.15304,1.15304,43.0,2026-04-07 03:18:00
1775531940,1.15305,1.15308,1.15288,1.1529,91.0,2026-04-07 03:19:00
1775532000,1.1529,1.15302,1.15289,1.153,60.0,2026-04-07 03:20:00
1775532060,1.15301,1.15306,1.15301,1.15302,70.0,2026-04-07 03:21:00
1775532120,1.15304,1.15308,1.15304,1.15308,50.0,2026-04-07 03:22:00
1775532180,1.15308,1.15308,1.15304,1.15306,39.0,2026-04-07 03:23:00
1775532240,1.15305,1.15306,1.153,1.15304,48.0,2026-04-07 03:24:00
1775532300,1.15304,1.15305,1.15294,1.15299,75.0,2026-04-07 03:25:00
1775532360,1.153,1.15302,1.15298,1.153,27.0,2026-04-07 03:26:00
1775532420,1.153,1.15306,1.153,1.15305,41.0,2026-04-07 03:27:00
1775532480,1.15304,1.15311,1.15304,1.15311,24.0,2026-04-07 03:28:00
1775532540,1.1531,1.15312,1.15307,1.1531,64.0,2026-04-07 03:29:00
1775532600,1.15309,1.15312,1.15308,1.15312,39.0,2026-04-07 03:30:00
1775532660,1.15312,1.15312,1.15308,1.1531,47.0,2026-04-07 03:31:00
1775532720,1.15312,1.15314,1.15309,1.15313,29.0,2026-04-07 03:32:00
1775532780,1.15312,1.15316,1.15312,1.15314,64.0,2026-04-07 03:33:00
1775532840,1.15312,1.15314,1.1531,1.15314,35.0,2026-04-07 03:34:00
1775532900,1.15313,1.15314,1.15312,1.15312,18.0,2026-04-07 03:35:00
1775532960,1.15312,1.15312,1.15305,1.15308,31.0,2026-04-07 03:36:00
1775533020,1.1531,1.1531,1.15306,1.15308,32.0,2026-04-07 03:37:00
1775533080,1.15308,1.15314,1.15308,1.15312,49.0,2026-04-07 03:38:00
1775533140,1.15313,1.15326,1.15313,1.15326,37.0,2026-04-07 03:39:00
1775533200,1.15325,1.15336,1.15324,1.15332,83.0,2026-04-07 03:40:00
1775533260,1.15331,1.15338,1.1533,1.15336,26.0,2026-04-07 03:41:00
1775533320,1.15336,1.15338,1.15332,1.15336,32.0,2026-04-07 03:42:00
1775533380,1.15337,1.1534,1.15336,1.15338,29.0,2026-04-07 03:43:00
1775533440,1.15336,1.15342,1.15334,1.15342,39.0,2026-04-07 03:44:00
1775533500,1.15341,1.15344,1.1534,1.15344,40.0,2026-04-07 03:45:00
1775533560,1.15344,1.15345,1.1534,1.1534,36.0,2026-04-07 03:46:00
1775533620,1.15341,1.15345,1.15341,1.15344,29.0,2026-04-07 03:47:00
1775533680,1.15344,1.15346,1.15343,1.15344,39.0,2026-04-07 03:48:00
1775533740,1.15343,1.15344,1.15342,1.15343,7.0,2026-04-07 03:49:00
1775533800,1.15342,1.15347,1.15342,1.15346,48.0,2026-04-07 03:50:00
1775533860,1.15346,1.15346,1.15343,1.15343,31.0,2026-04-07 03:51:00
1775533920,1.15342,1.15342,1.15334,1.15337,37.0,2026-04-07 03:52:00
1775533980,1.15336,1.15336,1.15334,1.15336,33.0,2026-04-07 03:53:00
1775534040,1.15336,1.1534,1.15336,1.15336,30.0,2026-04-07 03:54:00
1775534100,1.15336,1.15344,1.15336,1.15344,31.0,2026-04-07 03:55:00
1775534160,1.15344,1.15345,1.15344,1.15345,10.0,2026-04-07 03:56:00
1775534220,1.15344,1.15346,1.15342,1.15345,17.0,2026-04-07 03:57:00
1775534280,1.15346,1.15349,1.15344,1.15345,30.0,2026-04-07 03:58:00
1775534340,1.15346,1.15346,1.15344,1.15346,32.0,2026-04-07 03:59:00
1775534400,1.15346,1.15348,1.15341,1.15345,20.0,2026-04-07 04:00:00
1775534460,1.15344,1.1535,1.15344,1.15349,38.0,2026-04-07 04:01:00
1775534520,1.1535,1.15361,1.1535,1.15357,35.0,2026-04-07 04:02:00
1775534580,1.15357,1.1536,1.15355,1.15358,54.0,2026-04-07 04:03:00
1775534640,1.15356,1.15356,1.15343,1.15346,91.0,2026-04-07 04:04:00
1775534700,1.15346,1.15346,1.1533,1.15337,78.0,2026-04-07 04:05:00
1775534760,1.15336,1.15341,1.15334,1.1534,56.0,2026-04-07 04:06:00
1775534820,1.15341,1.15342,1.15336,1.15339,34.0,2026-04-07 04:07:00
1775534880,1.1534,1.15342,1.1533,1.15336,78.0,2026-04-07 04:08:00
1775534940,1.15336,1.1534,1.15336,1.15338,32.0,2026-04-07 04:09:00
1775535000,1.15338,1.15352,1.15335,1.1535,63.0,2026-04-07 04:10:00
1775535060,1.1535,1.1535,1.15345,1.15345,40.0,2026-04-07 04:11:00
1775535120,1.15344,1.15344,1.15338,1.1534,30.0,2026-04-07 04:12:00
1775535180,1.1534,1.15341,1.1534,1.1534,22.0,2026-04-07 04:13:00
1775535240,1.1534,1.1534,1.15334,1.15336,24.0,2026-04-07 04:14:00
1775535300,1.15337,1.1534,1.15334,1.15339,25.0,2026-04-07 04:15:00
1775535360,1.1534,1.15344,1.15339,1.1534,79.0,2026-04-07 04:16:00
1775535420,1.15342,1.15342,1.1534,1.1534,33.0,2026-04-07 04:17:00
1775535480,1.1534,1.1534,1.15337,1.15338,19.0,2026-04-07 04:18:00
1775535540,1.15338,1.1534,1.15336,1.15339,26.0,2026-04-07 04:19:00
1775535600,1.1534,1.15342,1.15336,1.15338,19.0,2026-04-07 04:20:00
1775535660,1.15339,1.15342,1.15338,1.15338,16.0,2026-04-07 04:21:00
1775535720,1.15337,1.15346,1.15335,1.15344,64.0,2026-04-07 04:22:00
1775535780,1.15342,1.15346,1.15342,1.15346,36.0,2026-04-07 04:23:00
1775535840,1.15345,1.15345,1.15339,1.15344,15.0,2026-04-07 04:24:00
1775535900,1.15342,1.1535,1.15342,1.15344,41.0,2026-04-07 04:25:00
1775535960,1.15342,1.15344,1.1534,1.15343,26.0,2026-04-07 04:26:00
1775536020,1.15344,1.15347,1.1534,1.15346,32.0,2026-04-07 04:27:00
1775536080,1.15348,1.1535,1.15348,1.15349,62.0,2026-04-07 04:28:00
1775536140,1.1535,1.1535,1.15344,1.15346,48.0,2026-04-07 04:29:00
1775536200,1.15346,1.15364,1.15346,1.15362,84.0,2026-04-07 04:30:00
1775536260,1.1536,1.15362,1.15359,1.1536,83.0,2026-04-07 04:31:00
1775536320,1.15359,1.1536,1.15354,1.15356,49.0,2026-04-07 04:32:00
1775536380,1.15356,1.1536,1.15354,1.15359,41.0,2026-04-07 04:33:00
1775536440,1.1536,1.15364,1.15359,1.15362,30.0,2026-04-07 04:34:00
1775536500,1.15363,1.15363,1.15351,1.15352,27.0,2026-04-07 04:35:00
1775536560,1.15348,1.15348,1.15343,1.15344,35.0,2026-04-07 04:36:00
1775536620,1.15344,1.15346,1.15343,1.15346,27.0,2026-04-07 04:37:00
1775536680,1.15346,1.15354,1.15344,1.15348,50.0,2026-04-07 04:38:00
1775536740,1.15346,1.15349,1.15343,1.15344,28.0,2026-04-07 04:39:00
1775536800,1.15344,1.15351,1.15344,1.15349,33.0,2026-04-07 04:40:00
1775536860,1.1535,1.1535,1.15349,1.1535,15.0,2026-04-07 04:41:00
1775536920,1.1535,1.15354,1.1535,1.15354,26.0,2026-04-07 04:42:00
1775536980,1.15354,1.1536,1.15354,1.15354,37.0,2026-04-07 04:43:00
1775537040,1.15354,1.15359,1.15353,1.15359,22.0,2026-04-07 04:44:00
1775537100,1.15358,1.15362,1.15356,1.1536,26.0,2026-04-07 04:45:00
1775537160,1.15361,1.15365,1.15358,1.15361,42.0,2026-04-07 04:46:00
1775537220,1.15362,1.1537,1.15358,1.1537,41.0,2026-04-07 04:47:00
1775537280,1.15369,1.15383,1.15367,1.15378,73.0,2026-04-07 04:48:00
1775537340,1.15378,1.15382,1.15378,1.15378,45.0,2026-04-07 04:49:00
1775537400,1.15382,1.15389,1.15382,1.15384,22.0,2026-04-07 04:50:00
1775537460,1.15382,1.15383,1.15378,1.15383,36.0,2026-04-07 04:51:00
1775537520,1.15382,1.15383,1.15378,1.15379,17.0,2026-04-07 04:52:00
1775537580,1.15378,1.15378,1.15372,1.15378,46.0,2026-04-07 04:53:00
1775537640,1.15378,1.15379,1.15376,1.15378,28.0,2026-04-07 04:54:00
1775537700,1.1538,1.15382,1.15378,1.15379,51.0,2026-04-07 04:55:00
1775537760,1.15378,1.15385,1.15378,1.1538,40.0,2026-04-07 04:56:00
1775537820,1.1538,1.15389,1.15378,1.15385,31.0,2026-04-07 04:57:00
1775537880,1.15384,1.15386,1.15379,1.15379,32.0,2026-04-07 04:58:00
1775537940,1.1538,1.15384,1.15378,1.15383,31.0,2026-04-07 04:59:00
1775538000,1.15385,1.15398,1.1537,1.1537,91.0,2026-04-07 05:00:00
1775538060,1.1537,1.15382,1.1537,1.15382,59.0,2026-04-07 05:01:00
1775538120,1.15384,1.15388,1.15384,1.15386,46.0,2026-04-07 05:02:00
1775538180,1.15385,1.15388,1.15384,1.15386,38.0,2026-04-07 05:03:00
1775538240,1.15386,1.15386,1.1538,1.15384,39.0,2026-04-07 05:04:00
1775538300,1.15384,1.15386,1.1538,1.15381,32.0,2026-04-07 05:05:00
1775538360,1.15382,1.15382,1.15378,1.1538,24.0,2026-04-07 05:06:00
1775538420,1.1538,1.15394,1.15378,1.15392,67.0,2026-04-07 05:07:00
1775538480,1.15392,1.15392,1.15386,1.15386,59.0,2026-04-07 05:08:00
1775538540,1.15386,1.15387,1.15374,1.15376,53.0,2026-04-07 05:09:00
1775538600,1.15376,1.15382,1.15376,1.1538,45.0,2026-04-07 05:10:00
1775538660,1.15379,1.15384,1.15378,1.15378,62.0,2026-04-07 05:11:00
1775538720,1.15379,1.15382,1.15378,1.15378,38.0,2026-04-07 05:12:00
1775538780,1.1538,1.15383,1.1538,1.15382,13.0,2026-04-07 05:13:00
1775538840,1.15382,1.15382,1.15374,1.15374,37.0,2026-04-07 05:14:00
1775538900,1.15373,1.15378,1.15372,1.15374,47.0,2026-04-07 05:15:00
1775538960,1.15374,1.15384,1.15374,1.15384,54.0,2026-04-07 05:16:00
1775539020,1.15384,1.15384,1.15378,1.15379,39.0,2026-04-07 05:17:00
1775539080,1.15378,1.1538,1.15376,1.15377,17.0,2026-04-07 05:18:00
1775539140,1.15376,1.15383,1.15376,1.15382,25.0,2026-04-07 05:19:00
1775539200,1.15384,1.1539,1.15382,1.1539,27.0,2026-04-07 05:20:00
1775539260,1.1539,1.15396,1.15389,1.15395,18.0,2026-04-07 05:21:00
1775539320,1.15394,1.15394,1.15391,1.15392,9.0,2026-04-07 05:22:00
1775539380,1.15391,1.15392,1.15376,1.1538,89.0,2026-04-07 05:23:00
1775539440,1.15379,1.1538,1.15362,1.15364,184.0,2026-04-07 05:24:00
1775539500,1.15364,1.1537,1.15354,1.15369,140.0,2026-04-07 05:25:00
1775539560,1.1537,1.15376,1.15366,1.15376,73.0,2026-04-07 05:26:00
1775539620,1.15375,1.15376,1.15364,1.15366,61.0,2026-04-07 05:27:00
1775539680,1.15366,1.15369,1.15361,1.15361,84.0,2026-04-07 05:28:00
1775539740,1.15362,1.15364,1.15359,1.15364,69.0,2026-04-07 05:29:00
1775539800,1.15364,1.1537,1.15344,1.15349,119.0,2026-04-07 05:30:00
1775539860,1.15348,1.1536,1.15344,1.15352,110.0,2026-04-07 05:31:00
1775539920,1.15352,1.15364,1.15349,1.15356,117.0,2026-04-07 05:32:00
1775539980,1.15359,1.15366,1.15356,1.15364,98.0,2026-04-07 05:33:00
1775540040,1.15366,1.15367,1.15355,1.15358,103.0,2026-04-07 05:34:00
1775540100,1.15356,1.15368,1.15355,1.15364,93.0,2026-04-07 05:35:00
1775540160,1.15365,1.15365,1.1536,1.1536,39.0,2026-04-07 05:36:00
1775540220,1.1536,1.15374,1.15356,1.15374,64.0,2026-04-07 05:37:00
1775540280,1.15373,1.15376,1.15368,1.15376,73.0,2026-04-07 05:38:00
1775540340,1.15376,1.15378,1.15376,1.15377,18.0,2026-04-07 05:39:00
1775540400,1.15376,1.15377,1.15366,1.15368,91.0,2026-04-07 05:40:00
1775540460,1.15367,1.15368,1.15349,1.1535,99.0,2026-04-07 05:41:00
1775540520,1.1535,1.1535,1.15314,1.15322,173.0,2026-04-07 05:42:00
1775540580,1.15323,1.15324,1.15316,1.1532,77.0,2026-04-07 05:43:00
1775540640,1.1532,1.1532,1.15305,1.15306,98.0,2026-04-07 05:44:00
1775540700,1.15304,1.15312,1.15302,1.15306,104.0,2026-04-07 05:45:00
1775540760,1.15305,1.15322,1.15304,1.15314,114.0,2026-04-07 05:46:00
1775540820,1.15314,1.15318,1.15303,1.15318,96.0,2026-04-07 05:47:00
1775540880,1.15316,1.15319,1.15312,1.15314,50.0,2026-04-07 05:48:00
1775540940,1.15314,1.15314,1.15308,1.15314,29.0,2026-04-07 05:49:00
1775541000,1.15314,1.15334,1.15314,1.15332,84.0,2026-04-07 05:50:00
1775541060,1.15333,1.15334,1.15328,1.15332,77.0,2026-04-07 05:51:00
1775541120,1.15332,1.15335,1.15328,1.15328,75.0,2026-04-07 05:52:00
1775541180,1.15328,1.1533,1.15324,1.15325,78.0,2026-04-07 05:53:00
1775541240,1.15324,1.15331,1.15323,1.15331,65.0,2026-04-07 05:54:00
1775541300,1.1533,1.1534,1.15328,1.15334,68.0,2026-04-07 05:55:00
1775541360,1.15334,1.15354,1.15334,1.15352,100.0,2026-04-07 05:56:00
1775541420,1.15352,1.15353,1.15348,1.15349,57.0,2026-04-07 05:57:00
1775541480,1.15348,1.1535,1.15344,1.15346,28.0,2026-04-07 05:58:00
1775541540,1.15345,1.15358,1.15344,1.15354,50.0,2026-04-07 05:59:00
1775541600,1.15355,1.15366,1.15342,1.15352,204.0,2026-04-07 06:00:00
1775541660,1.15352,1.15353,1.15341,1.15348,154.0,2026-04-07 06:01:00
1775541720,1.15349,1.15357,1.15342,1.15356,124.0,2026-04-07 06:02:00
1775541780,1.15355,1.1537,1.15354,1.15366,90.0,2026-04-07 06:03:00
1775541840,1.15366,1.15368,1.15362,1.15364,71.0,2026-04-07 06:04:00
1775541900,1.15363,1.15364,1.1536,1.15362,40.0,2026-04-07 06:05:00
1775541960,1.15362,1.15372,1.15362,1.1537,91.0,2026-04-07 06:06:00
1775542020,1.1537,1.15381,1.15368,1.15375,64.0,2026-04-07 06:07:00
1775542080,1.15373,1.15378,1.15372,1.15373,65.0,2026-04-07 06:08:00
1775542140,1.15372,1.15374,1.15362,1.15365,67.0,2026-04-07 06:09:00
1775542200,1.15363,1.15363,1.15348,1.1535,70.0,2026-04-07 06:10:00
1775542260,1.15349,1.15362,1.15344,1.15361,104.0,2026-04-07 06:11:00
1775542320,1.15361,1.15366,1.15359,1.15364,72.0,2026-04-07 06:12:00
1775542380,1.15362,1.15365,1.15354,1.15356,67.0,2026-04-07 06:13:00
1775542440,1.15355,1.15355,1.15348,1.15352,72.0,2026-04-07 06:14:00
1775542500,1.15351,1.15351,1.15342,1.15346,124.0,2026-04-07 06:15:00
1775542560,1.15346,1.15349,1.15344,1.15345,46.0,2026-04-07 06:16:00
1775542620,1.15344,1.15352,1.15342,1.15345,78.0,2026-04-07 06:17:00
1775542680,1.15346,1.15348,1.15332,1.15334,67.0,2026-04-07 06:18:00
1775542740,1.15334,1.15341,1.15331,1.15334,65.0,2026-04-07 06:19:00
1775542800,1.15333,1.15336,1.15332,1.15333,61.0,2026-04-07 06:20:00
1775542860,1.15332,1.15335,1.15328,1.15334,68.0,2026-04-07 06:21:00
1775542920,1.15334,1.15337,1.15328,1.15334,73.0,2026-04-07 06:22:00
1775542980,1.15334,1.15334,1.1533,1.15331,104.0,2026-04-07 06:23:00
1775543040,1.15332,1.1534,1.1533,1.15338,92.0,2026-04-07 06:24:00
1775543100,1.15339,1.15356,1.15338,1.15356,94.0,2026-04-07 06:25:00
1775543160,1.15356,1.15366,1.15354,1.15358,78.0,2026-04-07 06:26:00
1775543220,1.15358,1.15366,1.15355,1.15364,72.0,2026-04-07 06:27:00
1775543280,1.15364,1.15383,1.15358,1.15383,114.0,2026-04-07 06:28:00
1775543340,1.15384,1.15394,1.15374,1.15374,219.0,2026-04-07 06:29:00
1775543400,1.15376,1.1539,1.15368,1.15382,216.0,2026-04-07 06:30:00
1775543460,1.15381,1.15384,1.15372,1.15384,124.0,2026-04-07 06:31:00
1775543520,1.15383,1.15385,1.15372,1.15384,79.0,2026-04-07 06:32:00
1775543580,1.15382,1.15392,1.15382,1.1539,102.0,2026-04-07 06:33:00
1775543640,1.15389,1.15394,1.15388,1.1539,72.0,2026-04-07 06:34:00
1775543700,1.15389,1.15396,1.15387,1.1539,104.0,2026-04-07 06:35:00
1775543760,1.15392,1.15406,1.15392,1.15404,128.0,2026-04-07 06:36:00
1775543820,1.15405,1.1541,1.15399,1.15409,109.0,2026-04-07 06:37:00
1775543880,1.1541,1.15422,1.15404,1.1542,99.0,2026-04-07 06:38:00
1775543940,1.15419,1.1542,1.15409,1.15416,167.0,2026-04-07 06:39:00
1775544000,1.15418,1.1542,1.15416,1.1542,143.0,2026-04-07 06:40:00
1775544060,1.1542,1.15428,1.15416,1.15419,127.0,2026-04-07 06:41:00
1775544120,1.15422,1.15434,1.15422,1.1543,125.0,2026-04-07 06:42:00
1775544180,1.1543,1.15456,1.1543,1.15454,150.0,2026-04-07 06:43:00
1775544240,1.15454,1.15456,1.15438,1.15444,97.0,2026-04-07 06:44:00
1775544300,1.15442,1.15444,1.15432,1.15434,99.0,2026-04-07 06:45:00
1775544360,1.15434,1.15434,1.15416,1.15418,176.0,2026-04-07 06:46:00
1775544420,1.15418,1.15425,1.15418,1.1542,119.0,2026-04-07 06:47:00
1775544480,1.1542,1.1542,1.15411,1.15414,146.0,2026-04-07 06:48:00
1775544540,1.15414,1.15426,1.15414,1.15424,175.0,2026-04-07 06:49:00
1775544600,1.15424,1.15434,1.15418,1.15426,152.0,2026-04-07 06:50:00
1775544660,1.15428,1.15443,1.15422,1.15442,140.0,2026-04-07 06:51:00
1775544720,1.15442,1.15444,1.15436,1.1544,103.0,2026-04-07 06:52:00
1775544780,1.15438,1.15438,1.15426,1.15434,49.0,2026-04-07 06:53:00
1775544840,1.15434,1.15442,1.15424,1.15424,110.0,2026-04-07 06:54:00
1775544900,1.15424,1.15425,1.1541,1.15423,130.0,2026-04-07 06:55:00
1775544960,1.15422,1.15428,1.1542,1.15424,72.0,2026-04-07 06:56:00
1775545020,1.15426,1.15449,1.15424,1.15442,97.0,2026-04-07 06:57:00
1775545080,1.15441,1.15446,1.15435,1.15435,99.0,2026-04-07 06:58:00
1775545140,1.15436,1.15447,1.15435,1.15447,67.0,2026-04-07 06:59:00
1775545200,1.15448,1.15456,1.15438,1.15441,210.0,2026-04-07 07:00:00
1775545260,1.15444,1.1545,1.15437,1.1544,138.0,2026-04-07 07:01:00
1775545320,1.15441,1.15446,1.15433,1.15439,135.0,2026-04-07 07:02:00
1775545380,1.15439,1.15439,1.15422,1.1543,115.0,2026-04-07 07:03:00
1775545440,1.15431,1.15434,1.15426,1.15428,140.0,2026-04-07 07:04:00
1775545500,1.15427,1.15427,1.1539,1.15393,135.0,2026-04-07 07:05:00
1775545560,1.15394,1.15394,1.15368,1.15376,133.0,2026-04-07 07:06:00
1775545620,1.15374,1.15383,1.1537,1.15378,136.0,2026-04-07 07:07:00
1775545680,1.15376,1.15395,1.15376,1.15385,103.0,2026-04-07 07:08:00
1775545740,1.15384,1.15408,1.15384,1.154,107.0,2026-04-07 07:09:00
1775545800,1.15401,1.15408,1.15398,1.15404,99.0,2026-04-07 07:10:00
1775545860,1.15404,1.15406,1.15378,1.1538,117.0,2026-04-07 07:11:00
1775545920,1.15379,1.15404,1.15379,1.15404,71.0,2026-04-07 07:12:00
1775545980,1.15404,1.1541,1.15398,1.15406,114.0,2026-04-07 07:13:00
1775546040,1.15407,1.15414,1.15404,1.15414,68.0,2026-04-07 07:14:00
1775546100,1.15413,1.15417,1.15398,1.15412,158.0,2026-04-07 07:15:00
1775546160,1.15413,1.15418,1.15412,1.15414,65.0,2026-04-07 07:16:00
1775546220,1.15412,1.15432,1.15411,1.15431,126.0,2026-04-07 07:17:00
1775546280,1.15432,1.15438,1.15422,1.15427,141.0,2026-04-07 07:18:00
1775546340,1.15426,1.15426,1.15415,1.15422,107.0,2026-04-07 07:19:00
1775546400,1.15423,1.15434,1.15422,1.15434,98.0,2026-04-07 07:20:00
1775546460,1.15433,1.15436,1.1542,1.1542,74.0,2026-04-07 07:21:00
1775546520,1.15418,1.15428,1.15407,1.15426,97.0,2026-04-07 07:22:00
1775546580,1.15424,1.1543,1.15419,1.1543,121.0,2026-04-07 07:23:00
1775546640,1.1543,1.15438,1.1542,1.15436,85.0,2026-04-07 07:24:00
1775546700,1.15437,1.15444,1.15426,1.15429,116.0,2026-04-07 07:25:00
1775546760,1.1543,1.15436,1.15426,1.15426,110.0,2026-04-07 07:26:00
1775546820,1.15426,1.15428,1.1542,1.1542,76.0,2026-04-07 07:27:00
1775546880,1.15422,1.15422,1.15406,1.15407,75.0,2026-04-07 07:28:00
1775546940,1.15406,1.15406,1.15386,1.15387,71.0,2026-04-07 07:29:00
1775547000,1.15388,1.15404,1.15388,1.15395,133.0,2026-04-07 07:30:00
1775547060,1.15395,1.15399,1.15392,1.15392,94.0,2026-04-07 07:31:00
1775547120,1.15393,1.15404,1.15391,1.15404,100.0,2026-04-07 07:32:00
1775547180,1.15406,1.1542,1.15406,1.15412,92.0,2026-04-07 07:33:00
1775547240,1.15412,1.15418,1.15409,1.15412,55.0,2026-04-07 07:34:00
1775547300,1.15414,1.15432,1.15414,1.15426,116.0,2026-04-07 07:35:00
1775547360,1.15425,1.15431,1.15424,1.1543,88.0,2026-04-07 07:36:00
1775547420,1.1543,1.1543,1.15415,1.15422,97.0,2026-04-07 07:37:00
1775547480,1.15421,1.15434,1.15421,1.15434,57.0,2026-04-07 07:38:00
1775547540,1.15434,1.15448,1.15432,1.15448,36.0,2026-04-07 07:39:00
1775547600,1.15446,1.15447,1.15426,1.15432,96.0,2026-04-07 07:40:00
1775547660,1.15431,1.15434,1.15421,1.15424,85.0,2026-04-07 07:41:00
1775547720,1.15424,1.15434,1.15424,1.1543,75.0,2026-04-07 07:42:00
1775547780,1.1543,1.15444,1.15428,1.15444,62.0,2026-04-07 07:43:00
1775547840,1.15444,1.15448,1.15436,1.15446,69.0,2026-04-07 07:44:00
1775547900,1.15445,1.15454,1.15444,1.15447,153.0,2026-04-07 07:45:00
1775547960,1.15446,1.15446,1.15434,1.15442,75.0,2026-04-07 07:46:00
1775548020,1.15442,1.15456,1.15439,1.15456,124.0,2026-04-07 07:47:00
1775548080,1.15455,1.1546,1.15454,1.15456,55.0,2026-04-07 07:48:00
1775548140,1.15458,1.15458,1.15446,1.15447,83.0,2026-04-07 07:49:00
1775548200,1.15446,1.15448,1.15436,1.15441,84.0,2026-04-07 07:50:00
1775548260,1.15441,1.15448,1.15434,1.15438,77.0,2026-04-07 07:51:00
1775548320,1.15438,1.15438,1.15424,1.15424,53.0,2026-04-07 07:52:00
1775548380,1.15424,1.15429,1.15418,1.15427,75.0,2026-04-07 07:53:00
1775548440,1.15426,1.15427,1.15416,1.15416,108.0,2026-04-07 07:54:00
1775548500,1.15414,1.15418,1.154,1.15416,112.0,2026-04-07 07:55:00
1775548560,1.15414,1.15419,1.15412,1.15418,57.0,2026-04-07 07:56:00
1775548620,1.1542,1.15428,1.15419,1.1542,112.0,2026-04-07 07:57:00
1775548680,1.1542,1.15428,1.15418,1.15419,68.0,2026-04-07 07:58:00
1775548740,1.1542,1.15435,1.15417,1.15428,114.0,2026-04-07 07:59:00
1775548800,1.15425,1.15434,1.1542,1.15434,160.0,2026-04-07 08:00:00
1775548860,1.15434,1.15466,1.1543,1.15466,107.0,2026-04-07 08:01:00
1775548920,1.15468,1.15671,1.15468,1.15564,1540.0,2026-04-07 08:02:00
1775548980,1.15564,1.15566,1.15506,1.15511,741.0,2026-04-07 08:03:00
1775549040,1.15512,1.15516,1.155,1.15501,371.0,2026-04-07 08:04:00
1775549100,1.155,1.15521,1.15484,1.15513,411.0,2026-04-07 08:05:00
1775549160,1.15514,1.15522,1.15506,1.15522,283.0,2026-04-07 08:06:00
1775549220,1.15522,1.15548,1.15514,1.15532,185.0,2026-04-07 08:07:00
1775549280,1.15532,1.15546,1.15528,1.15537,280.0,2026-04-07 08:08:00
1775549340,1.15538,1.15566,1.15535,1.15546,312.0,2026-04-07 08:09:00
1775549400,1.15546,1.15576,1.15536,1.15576,303.0,2026-04-07 08:10:00
1775549460,1.15576,1.15614,1.15572,1.15609,319.0,2026-04-07 08:11:00
1775549520,1.1561,1.15613,1.15588,1.15592,437.0,2026-04-07 08:12:00
1775549580,1.1559,1.15641,1.15584,1.15638,355.0,2026-04-07 08:13:00
1775549640,1.15638,1.1568,1.15635,1.1566,349.0,2026-04-07 08:14:00
1775549700,1.1566,1.1566,1.1562,1.15638,367.0,2026-04-07 08:15:00
1775549760,1.15639,1.1565,1.15622,1.15626,260.0,2026-04-07 08:16:00
1775549820,1.15626,1.15628,1.15603,1.15604,262.0,2026-04-07 08:17:00
1775549880,1.15604,1.15608,1.1559,1.15603,239.0,2026-04-07 08:18:00
1775549940,1.15604,1.15626,1.15603,1.15623,189.0,2026-04-07 08:19:00
1775550000,1.15622,1.15644,1.15604,1.15644,269.0,2026-04-07 08:20:00
1775550060,1.15646,1.1566,1.15618,1.15626,304.0,2026-04-07 08:21:00
1775550120,1.15626,1.15636,1.15614,1.15619,234.0,2026-04-07 08:22:00
1775550180,1.1562,1.1562,1.15608,1.15618,205.0,2026-04-07 08:23:00
1775550240,1.15618,1.15638,1.15609,1.15614,292.0,2026-04-07 08:24:00
1775550300,1.15614,1.15624,1.15603,1.15612,269.0,2026-04-07 08:25:00
1775550360,1.15612,1.15612,1.15589,1.15593,221.0,2026-04-07 08:26:00
1775550420,1.15592,1.15596,1.15574,1.15576,187.0,2026-04-07 08:27:00
1775550480,1.15576,1.15585,1.15576,1.15585,170.0,2026-04-07 08:28:00
1775550540,1.15584,1.15613,1.15577,1.15613,193.0,2026-04-07 08:29:00
1775550600,1.15614,1.15618,1.15594,1.15597,232.0,2026-04-07 08:30:00
1775550660,1.15596,1.15632,1.15596,1.15628,238.0,2026-04-07 08:31:00
1775550720,1.1563,1.1565,1.1563,1.15643,230.0,2026-04-07 08:32:00
1775550780,1.15644,1.1566,1.15638,1.15638,171.0,2026-04-07 08:33:00
1775550840,1.15637,1.15638,1.15628,1.15633,179.0,2026-04-07 08:34:00
1775550900,1.15634,1.15652,1.1563,1.15641,331.0,2026-04-07 08:35:00
1775550960,1.15642,1.15662,1.1564,1.1565,304.0,2026-04-07 08:36:00
1775551020,1.15648,1.1565,1.15633,1.15646,218.0,2026-04-07 08:37:00
1775551080,1.15646,1.15659,1.1564,1.15644,186.0,2026-04-07 08:38:00
1775551140,1.15644,1.15658,1.15642,1.15655,104.0,2026-04-07 08:39:00
1775551200,1.15654,1.15654,1.15631,1.15634,112.0,2026-04-07 08:40:00
1775551260,1.15634,1.1564,1.15616,1.15622,209.0,2026-04-07 08:41:00
1775551320,1.15622,1.15632,1.15622,1.15626,176.0,2026-04-07 08:42:00
1775551380,1.15625,1.15674,1.15624,1.15673,253.0,2026-04-07 08:43:00
1775551440,1.15674,1.15686,1.15666,1.15675,246.0,2026-04-07 08:44:00
1775551500,1.15674,1.15696,1.15673,1.1569,179.0,2026-04-07 08:45:00
1775551560,1.1569,1.15705,1.15671,1.15678,308.0,2026-04-07 08:46:00
1775551620,1.15678,1.15683,1.1566,1.15661,157.0,2026-04-07 08:47:00
1775551680,1.1566,1.15668,1.1565,1.15658,206.0,2026-04-07 08:48:00
1775551740,1.15657,1.15669,1.15646,1.15656,203.0,2026-04-07 08:49:00
1775551800,1.15654,1.15666,1.15651,1.15661,120.0,2026-04-07 08:50:00
1775551860,1.1566,1.15675,1.15656,1.15674,177.0,2026-04-07 08:51:00
1775551920,1.15674,1.15686,1.15668,1.15686,131.0,2026-04-07 08:52:00
1775551980,1.15684,1.15694,1.15683,1.15686,155.0,2026-04-07 08:53:00
1775552040,1.15684,1.15702,1.15681,1.15696,153.0,2026-04-07 08:54:00
1775552100,1.15695,1.15704,1.1569,1.15694,125.0,2026-04-07 08:55:00
1775552160,1.15694,1.157,1.15689,1.15698,148.0,2026-04-07 08:56:00
1775552220,1.157,1.1573,1.15696,1.15725,213.0,2026-04-07 08:57:00
1775552280,1.15726,1.15756,1.15721,1.15745,311.0,2026-04-07 08:58:00
1775552340,1.15746,1.15752,1.15734,1.15737,189.0,2026-04-07 08:59:00
1775552400,1.15735,1.15751,1.15726,1.15746,240.0,2026-04-07 09:00:00
1775552460,1.15746,1.1575,1.15732,1.1575,129.0,2026-04-07 09:01:00
1775552520,1.1575,1.15756,1.15738,1.15742,107.0,2026-04-07 09:02:00
1775552580,1.15742,1.1575,1.15732,1.15734,128.0,2026-04-07 09:03:00
1775552640,1.15735,1.15744,1.1571,1.15712,152.0,2026-04-07 09:04:00
1775552700,1.15712,1.15727,1.15704,1.15706,198.0,2026-04-07 09:05:00
1775552760,1.15706,1.15712,1.15701,1.15704,117.0,2026-04-07 09:06:00
1775552820,1.15702,1.15716,1.15697,1.15714,125.0,2026-04-07 09:07:00
1775552880,1.15713,1.15718,1.15706,1.15708,133.0,2026-04-07 09:08:00
1775552940,1.15708,1.15724,1.15708,1.1571,162.0,2026-04-07 09:09:00
1775553000,1.15709,1.1572,1.15698,1.157,121.0,2026-04-07 09:10:00
1775553060,1.15699,1.1571,1.15696,1.15709,120.0,2026-04-07 09:11:00
1775553120,1.15712,1.1572,1.1571,1.15712,89.0,2026-04-07 09:12:00
1775553180,1.15712,1.15716,1.15709,1.1571,99.0,2026-04-07 09:13:00
1775553240,1.15708,1.15709,1.15694,1.15695,96.0,2026-04-07 09:14:00
1775553300,1.15694,1.15695,1.15676,1.15678,164.0,2026-04-07 09:15:00
1775553360,1.15678,1.15692,1.15678,1.15684,138.0,2026-04-07 09:16:00
1775553420,1.15682,1.15705,1.15678,1.15702,243.0,2026-04-07 09:17:00
1775553480,1.15702,1.15708,1.15694,1.15706,140.0,2026-04-07 09:18:00
1775553540,1.15708,1.1572,1.15706,1.1572,93.0,2026-04-07 09:19:00
1775553600,1.1572,1.15737,1.15716,1.1573,106.0,2026-04-07 09:20:00
1775553660,1.15731,1.15731,1.1571,1.15714,119.0,2026-04-07 09:21:00
1775553720,1.15714,1.15719,1.15702,1.1571,96.0,2026-04-07 09:22:00
1775553780,1.15709,1.15715,1.15707,1.15714,98.0,2026-04-07 09:23:00
1775553840,1.15711,1.1572,1.1571,1.15716,144.0,2026-04-07 09:24:00
1775553900,1.15716,1.15719,1.15709,1.1571,116.0,2026-04-07 09:25:00
1775553960,1.15711,1.15717,1.15702,1.15702,192.0,2026-04-07 09:26:00
1775554020,1.15702,1.1571,1.15698,1.15702,109.0,2026-04-07 09:27:00
1775554080,1.15704,1.15706,1.15656,1.1569,356.0,2026-04-07 09:28:00
1775554140,1.1569,1.15699,1.15682,1.15688,199.0,2026-04-07 09:29:00
1775554200,1.15688,1.1571,1.1568,1.15706,156.0,2026-04-07 09:30:00
1775554260,1.15707,1.1571,1.15694,1.15696,148.0,2026-04-07 09:31:00
1775554320,1.15696,1.15705,1.15686,1.15693,153.0,2026-04-07 09:32:00
1775554380,1.15692,1.15712,1.15692,1.15711,104.0,2026-04-07 09:33:00
1775554440,1.15712,1.15729,1.15708,1.15726,147.0,2026-04-07 09:34:00
1775554500,1.15726,1.15728,1.15715,1.15715,132.0,2026-04-07 09:35:00
1775554560,1.15714,1.1572,1.15703,1.1572,156.0,2026-04-07 09:36:00
1775554620,1.15718,1.15724,1.15707,1.15709,158.0,2026-04-07 09:37:00
1775554680,1.15708,1.15719,1.15708,1.15716,78.0,2026-04-07 09:38:00
1775554740,1.15714,1.15714,1.15692,1.15693,100.0,2026-04-07 09:39:00
1775554800,1.15693,1.15694,1.15682,1.1569,142.0,2026-04-07 09:40:00
1775554860,1.1569,1.15693,1.15683,1.15688,138.0,2026-04-07 09:41:00
1775554920,1.15687,1.15688,1.15677,1.15682,148.0,2026-04-07 09:42:00
1775554980,1.15682,1.15694,1.15681,1.15682,134.0,2026-04-07 09:43:00
1775555040,1.15682,1.15682,1.1566,1.1566,110.0,2026-04-07 09:44:00
1775555100,1.15661,1.15661,1.1565,1.1565,119.0,2026-04-07 09:45:00
1775555160,1.1565,1.15652,1.15638,1.15639,163.0,2026-04-07 09:46:00
1775555220,1.15638,1.15648,1.15635,1.1564,118.0,2026-04-07 09:47:00
1775555280,1.15639,1.15649,1.15636,1.15646,146.0,2026-04-07 09:48:00
1775555340,1.15647,1.15654,1.15644,1.15645,116.0,2026-04-07 09:49:00
1775555400,1.15647,1.15648,1.15637,1.15644,110.0,2026-04-07 09:50:00
1775555460,1.15645,1.15654,1.15644,1.15648,94.0,2026-04-07 09:51:00
1775555520,1.15648,1.15652,1.15638,1.1564,102.0,2026-04-07 09:52:00
1775555580,1.1564,1.15648,1.15637,1.15638,57.0,2026-04-07 09:53:00
1775555640,1.15636,1.15638,1.15632,1.15638,125.0,2026-04-07 09:54:00
1775555700,1.15638,1.1564,1.15632,1.15638,75.0,2026-04-07 09:55:00
1775555760,1.15638,1.15645,1.15633,1.15636,116.0,2026-04-07 09:56:00
1775555820,1.15634,1.15643,1.1563,1.15634,78.0,2026-04-07 09:57:00
1775555880,1.15634,1.15634,1.15623,1.15628,79.0,2026-04-07 09:58:00
1775555940,1.15628,1.15642,1.15628,1.15629,68.0,2026-04-07 09:59:00
1775556000,1.15628,1.15633,1.15618,1.15624,122.0,2026-04-07 10:00:00
1775556060,1.15623,1.15638,1.15623,1.1563,120.0,2026-04-07 10:01:00
1775556120,1.15629,1.15634,1.15626,1.15628,78.0,2026-04-07 10:02:00
1775556180,1.15626,1.15626,1.15602,1.15606,130.0,2026-04-07 10:03:00
1775556240,1.15606,1.15626,1.15603,1.15619,153.0,2026-04-07 10:04:00
1775556300,1.15617,1.15634,1.15616,1.15633,129.0,2026-04-07 10:05:00
1775556360,1.15632,1.15634,1.1562,1.15624,83.0,2026-04-07 10:06:00
1775556420,1.15625,1.15627,1.15622,1.15626,54.0,2026-04-07 10:07:00
1775556480,1.15625,1.15634,1.15624,1.15634,66.0,2026-04-07 10:08:00
1775556540,1.15634,1.15634,1.15512,1.15584,1268.0,2026-04-07 10:09:00
1775556600,1.15582,1.15588,1.15548,1.15573,831.0,2026-04-07 10:10:00
1775556660,1.15574,1.15592,1.15568,1.1558,381.0,2026-04-07 10:11:00
1775556720,1.15579,1.15608,1.15579,1.156,267.0,2026-04-07 10:12:00
1775556780,1.15598,1.1561,1.15598,1.1561,188.0,2026-04-07 10:13:00
1775556840,1.15609,1.15616,1.1559,1.15608,200.0,2026-04-07 10:14:00
1775556900,1.15608,1.15628,1.15605,1.15619,193.0,2026-04-07 10:15:00
1775556960,1.15618,1.15622,1.15606,1.15606,164.0,2026-04-07 10:16:00
1775557020,1.15604,1.15606,1.15584,1.15587,150.0,2026-04-07 10:17:00
1775557080,1.15588,1.15598,1.15585,1.15588,137.0,2026-04-07 10:18:00
1775557140,1.15589,1.15598,1.15584,1.15594,163.0,2026-04-07 10:19:00
1775557200,1.15594,1.15594,1.15576,1.15576,167.0,2026-04-07 10:20:00
1775557260,1.15576,1.15578,1.1555,1.1556,184.0,2026-04-07 10:21:00
1775557320,1.1556,1.15564,1.15548,1.15549,153.0,2026-04-07 10:22:00
1775557380,1.1555,1.15554,1.15544,1.15552,127.0,2026-04-07 10:23:00
1775557440,1.15552,1.15554,1.15546,1.15548,144.0,2026-04-07 10:24:00
1775557500,1.15548,1.1555,1.15468,1.1548,959.0,2026-04-07 10:25:00
1775557560,1.15478,1.15515,1.15458,1.15515,803.0,2026-04-07 10:26:00
1775557620,1.15516,1.15532,1.15502,1.1553,479.0,2026-04-07 10:27:00
1775557680,1.15528,1.15564,1.15528,1.15539,370.0,2026-04-07 10:28:00
1775557740,1.1554,1.15553,1.15535,1.15552,248.0,2026-04-07 10:29:00
1775557800,1.15552,1.15562,1.15548,1.15559,218.0,2026-04-07 10:30:00
1775557860,1.1556,1.15566,1.15544,1.15554,264.0,2026-04-07 10:31:00
1775557920,1.15554,1.15564,1.1555,1.15559,150.0,2026-04-07 10:32:00
1775557980,1.15558,1.15566,1.15554,1.15562,154.0,2026-04-07 10:33:00
1775558040,1.15562,1.15568,1.15559,1.15568,148.0,2026-04-07 10:34:00
1775558100,1.15569,1.15576,1.15566,1.15574,148.0,2026-04-07 10:35:00
1775558160,1.15574,1.15588,1.1557,1.15586,142.0,2026-04-07 10:36:00
1775558220,1.15586,1.15586,1.15546,1.1556,304.0,2026-04-07 10:37:00
1775558280,1.15562,1.15562,1.15542,1.15544,211.0,2026-04-07 10:38:00
1775558340,1.15545,1.15572,1.15543,1.15552,177.0,2026-04-07 10:39:00
1775558400,1.1555,1.1555,1.15529,1.15534,211.0,2026-04-07 10:40:00
1775558460,1.15535,1.15535,1.1552,1.15524,219.0,2026-04-07 10:41:00
1775558520,1.15524,1.15555,1.15523,1.15542,207.0,2026-04-07 10:42:00
1775558580,1.15543,1.15546,1.15472,1.15498,318.0,2026-04-07 10:43:00
1775558640,1.15498,1.15536,1.1549,1.1553,609.0,2026-04-07 10:44:00
1775558700,1.1553,1.1553,1.1551,1.15524,283.0,2026-04-07 10:45:00
1775558760,1.15524,1.15534,1.15506,1.15524,245.0,2026-04-07 10:46:00
1775558820,1.15524,1.15524,1.15504,1.15506,172.0,2026-04-07 10:47:00
1775558880,1.15507,1.15514,1.15497,1.15506,217.0,2026-04-07 10:48:00
1775558940,1.15508,1.15512,1.15494,1.15494,178.0,2026-04-07 10:49:00
1775559000,1.15495,1.15504,1.15484,1.15504,153.0,2026-04-07 10:50:00
1775559060,1.15506,1.15516,1.15505,1.1551,123.0,2026-04-07 10:51:00
1775559120,1.15512,1.15512,1.15484,1.15488,224.0,2026-04-07 10:52:00
1775559180,1.15489,1.155,1.15484,1.1549,157.0,2026-04-07 10:53:00
1775559240,1.15488,1.15498,1.15482,1.15492,162.0,2026-04-07 10:54:00
1775559300,1.15491,1.1553,1.15491,1.15528,235.0,2026-04-07 10:55:00
1775559360,1.15529,1.15534,1.15506,1.1552,225.0,2026-04-07 10:56:00
1775559420,1.15521,1.15532,1.15516,1.15524,172.0,2026-04-07 10:57:00
1775559480,1.15524,1.15544,1.15524,1.15535,190.0,2026-04-07 10:58:00
1775559540,1.15536,1.15546,1.1553,1.15543,122.0,2026-04-07 10:59:00
1775559600,1.15543,1.15543,1.15522,1.15526,196.0,2026-04-07 11:00:00
1775559660,1.15523,1.15526,1.15514,1.15524,131.0,2026-04-07 11:01:00
1775559720,1.15523,1.15523,1.15508,1.15513,134.0,2026-04-07 11:02:00
1775559780,1.15514,1.15525,1.15514,1.15518,127.0,2026-04-07 11:03:00
1775559840,1.15516,1.1552,1.15506,1.15506,141.0,2026-04-07 11:04:00
1775559900,1.15508,1.15516,1.15504,1.15514,129.0,2026-04-07 11:05:00
1775559960,1.15514,1.15522,1.15488,1.15494,136.0,2026-04-07 11:06:00
1775560020,1.15492,1.15511,1.1549,1.1549,186.0,2026-04-07 11:07:00
1775560080,1.1549,1.15504,1.15488,1.155,107.0,2026-04-07 11:08:00
1775560140,1.15497,1.15504,1.15495,1.15498,62.0,2026-04-07 11:09:00
1775560200,1.15497,1.15497,1.15482,1.15487,107.0,2026-04-07 11:10:00
1775560260,1.15488,1.155,1.15486,1.15498,98.0,2026-04-07 11:11:00
1775560320,1.15497,1.15499,1.15484,1.15492,93.0,2026-04-07 11:12:00
1775560380,1.15492,1.15497,1.15484,1.15496,99.0,2026-04-07 11:13:00
1775560440,1.15494,1.15496,1.15482,1.1549,95.0,2026-04-07 11:14:00
1775560500,1.1549,1.1552,1.1549,1.155,206.0,2026-04-07 11:15:00
1775560560,1.15499,1.15505,1.15493,1.15504,96.0,2026-04-07 11:16:00
1775560620,1.15504,1.15513,1.15501,1.1551,96.0,2026-04-07 11:17:00
1775560680,1.15511,1.15524,1.1551,1.15516,101.0,2026-04-07 11:18:00
1775560740,1.15515,1.15524,1.15515,1.15518,80.0,2026-04-07 11:19:00
1775560800,1.15519,1.1552,1.15509,1.15512,105.0,2026-04-07 11:20:00
1775560860,1.1551,1.15525,1.1551,1.15524,92.0,2026-04-07 11:21:00
1775560920,1.15525,1.15543,1.15524,1.15542,97.0,2026-04-07 11:22:00
1775560980,1.15542,1.15546,1.15532,1.15535,187.0,2026-04-07 11:23:00
1775561040,1.15534,1.15535,1.15523,1.15528,147.0,2026-04-07 11:24:00
1775561100,1.15529,1.15548,1.15528,1.15543,161.0,2026-04-07 11:25:00
1775561160,1.15544,1.15567,1.15543,1.15566,129.0,2026-04-07 11:26:00
1775561220,1.15565,1.15567,1.15558,1.15565,88.0,2026-04-07 11:27:00
1775561280,1.15564,1.15566,1.15562,1.15562,61.0,2026-04-07 11:28:00
1775561340,1.15558,1.1556,1.15534,1.15541,127.0,2026-04-07 11:29:00
1775561400,1.1554,1.1554,1.15534,1.15538,96.0,2026-04-07 11:30:00
1775561460,1.15536,1.15536,1.15522,1.15524,68.0,2026-04-07 11:31:00
1775561520,1.15525,1.1553,1.15511,1.15512,102.0,2026-04-07 11:32:00
1775561580,1.15512,1.15522,1.15508,1.15521,73.0,2026-04-07 11:33:00
1775561640,1.15526,1.15528,1.15522,1.15525,56.0,2026-04-07 11:34:00
1775561700,1.15526,1.15544,1.15521,1.15542,94.0,2026-04-07 11:35:00
1775561760,1.15542,1.15546,1.15524,1.15524,60.0,2026-04-07 11:36:00
1775561820,1.15524,1.15598,1.15524,1.15577,499.0,2026-04-07 11:37:00
1775561880,1.15579,1.1558,1.15557,1.1557,311.0,2026-04-07 11:38:00
1775561940,1.15569,1.15575,1.1555,1.1556,170.0,2026-04-07 11:39:00
1775562000,1.1556,1.1557,1.15554,1.15554,130.0,2026-04-07 11:40:00
1775562060,1.15554,1.15562,1.15549,1.1555,114.0,2026-04-07 11:41:00
1775562120,1.1555,1.15555,1.15546,1.15555,91.0,2026-04-07 11:42:00
1775562180,1.15556,1.15612,1.15555,1.1561,170.0,2026-04-07 11:43:00
1775562240,1.1561,1.15621,1.156,1.1562,152.0,2026-04-07 11:44:00
1775562300,1.1562,1.1562,1.15609,1.1561,122.0,2026-04-07 11:45:00
1775562360,1.1561,1.15611,1.15605,1.1561,70.0,2026-04-07 11:46:00
1775562420,1.15613,1.15616,1.15604,1.1561,100.0,2026-04-07 11:47:00
1775562480,1.15609,1.1561,1.15594,1.15598,105.0,2026-04-07 11:48:00
1775562540,1.15599,1.15599,1.15584,1.15585,78.0,2026-04-07 11:49:00
1775562600,1.15584,1.15584,1.15574,1.15574,97.0,2026-04-07 11:50:00
1775562660,1.15574,1.1558,1.15572,1.15579,105.0,2026-04-07 11:51:00
1775562720,1.1558,1.1558,1.15575,1.15579,104.0,2026-04-07 11:52:00
1775562780,1.15578,1.15584,1.15574,1.15576,116.0,2026-04-07 11:53:00
1775562840,1.15577,1.15579,1.15574,1.15575,92.0,2026-04-07 11:54:00
1775562900,1.15574,1.15579,1.15567,1.15574,66.0,2026-04-07 11:55:00
1775562960,1.15574,1.15582,1.1557,1.1558,46.0,2026-04-07 11:56:00
1775563020,1.15579,1.15591,1.15578,1.1559,138.0,2026-04-07 11:57:00
1775563080,1.15592,1.15594,1.15588,1.15592,103.0,2026-04-07 11:58:00
1775563140,1.15591,1.15602,1.1559,1.15602,88.0,2026-04-07 11:59:00
1775563200,1.15602,1.15608,1.15594,1.156,122.0,2026-04-07 12:00:00
1775563260,1.15599,1.156,1.15592,1.15599,67.0,2026-04-07 12:01:00
1775563320,1.156,1.1561,1.15595,1.15608,82.0,2026-04-07 12:02:00
1775563380,1.15609,1.15619,1.15601,1.15601,80.0,2026-04-07 12:03:00
1775563440,1.156,1.15608,1.15596,1.15607,58.0,2026-04-07 12:04:00
1775563500,1.15608,1.15621,1.15606,1.1562,88.0,2026-04-07 12:05:00
1775563560,1.1562,1.15662,1.15544,1.1558,813.0,2026-04-07 12:06:00
1775563620,1.15582,1.15598,1.15553,1.15564,723.0,2026-04-07 12:07:00
1775563680,1.15566,1.1559,1.15542,1.15586,423.0,2026-04-07 12:08:00
1775563740,1.15586,1.156,1.15566,1.15566,261.0,2026-04-07 12:09:00
1775563800,1.15567,1.15573,1.15544,1.15568,319.0,2026-04-07 12:10:00
1775563860,1.15569,1.15578,1.15556,1.15565,207.0,2026-04-07 12:11:00
1775563920,1.15567,1.15572,1.15555,1.15558,233.0,2026-04-07 12:12:00
1775563980,1.15558,1.1556,1.15543,1.1555,161.0,2026-04-07 12:13:00
1775564040,1.15551,1.15565,1.15551,1.15561,108.0,2026-04-07 12:14:00
1775564100,1.1556,1.15574,1.15547,1.15552,247.0,2026-04-07 12:15:00
1775564160,1.1555,1.15563,1.1554,1.15563,161.0,2026-04-07 12:16:00
1775564220,1.15562,1.15579,1.15554,1.1556,203.0,2026-04-07 12:17:00
1775564280,1.1556,1.15608,1.1556,1.15608,380.0,2026-04-07 12:18:00
1775564340,1.15609,1.15616,1.15594,1.15601,257.0,2026-04-07 12:19:00
1775564400,1.156,1.15617,1.15596,1.156,206.0,2026-04-07 12:20:00
1775564460,1.15599,1.15636,1.15598,1.15636,244.0,2026-04-07 12:21:00
1775564520,1.15635,1.15638,1.15622,1.15632,246.0,2026-04-07 12:22:00
1775564580,1.1563,1.1563,1.15607,1.15612,132.0,2026-04-07 12:23:00
1775564640,1.15612,1.15646,1.15596,1.15598,462.0,2026-04-07 12:24:00
1775564700,1.15597,1.15618,1.15597,1.15608,176.0,2026-04-07 12:25:00
1775564760,1.15608,1.15612,1.15601,1.15608,48.0,2026-04-07 12:26:00
1775564820,1.15608,1.15614,1.15608,1.15612,89.0,2026-04-07 12:27:00
1775564880,1.15611,1.15622,1.1561,1.15618,53.0,2026-04-07 12:28:00
1775564940,1.15618,1.15624,1.15609,1.15612,98.0,2026-04-07 12:29:00
1775565000,1.15612,1.15624,1.15602,1.1562,158.0,2026-04-07 12:30:00
1775565060,1.15621,1.15643,1.1562,1.1563,107.0,2026-04-07 12:31:00
1775565120,1.1563,1.15632,1.15616,1.15621,106.0,2026-04-07 12:32:00
1775565180,1.15622,1.15633,1.15617,1.15628,112.0,2026-04-07 12:33:00
1775565240,1.15628,1.15632,1.15622,1.1563,81.0,2026-04-07 12:34:00
1775565300,1.15628,1.15642,1.15616,1.15641,155.0,2026-04-07 12:35:00
1775565360,1.1564,1.15652,1.15637,1.15652,138.0,2026-04-07 12:36:00
1775565420,1.15652,1.1566,1.15644,1.15659,114.0,2026-04-07 12:37:00
1775565480,1.1566,1.1566,1.15648,1.15651,95.0,2026-04-07 12:38:00
1775565540,1.1565,1.15664,1.15646,1.1566,106.0,2026-04-07 12:39:00
1775565600,1.15658,1.15659,1.15653,1.15658,78.0,2026-04-07 12:40:00
1775565660,1.15659,1.15672,1.15658,1.15671,133.0,2026-04-07 12:41:00
1775565720,1.1567,1.15672,1.15663,1.15668,71.0,2026-04-07 12:42:00
1775565780,1.15668,1.15668,1.15645,1.15646,136.0,2026-04-07 12:43:00
1775565840,1.15646,1.15654,1.1564,1.15646,125.0,2026-04-07 12:44:00
1775565900,1.15646,1.1565,1.15642,1.15649,73.0,2026-04-07 12:45:00
1775565960,1.1565,1.15651,1.15642,1.1565,101.0,2026-04-07 12:46:00
1775566020,1.15648,1.15648,1.1564,1.15646,64.0,2026-04-07 12:47:00
1775566080,1.15646,1.15646,1.15618,1.1562,128.0,2026-04-07 12:48:00
1775566140,1.15618,1.15618,1.15592,1.15593,112.0,2026-04-07 12:49:00
1775566200,1.15592,1.15595,1.15576,1.15588,189.0,2026-04-07 12:50:00
1775566260,1.1559,1.15619,1.1559,1.15615,95.0,2026-04-07 12:51:00
1775566320,1.15616,1.15638,1.15614,1.15636,93.0,2026-04-07 12:52:00
1775566380,1.15636,1.1565,1.15634,1.15634,169.0,2026-04-07 12:53:00
1775566440,1.15634,1.15639,1.15628,1.15635,80.0,2026-04-07 12:54:00
1775566500,1.15634,1.15698,1.15617,1.15668,453.0,2026-04-07 12:55:00
1775566560,1.15669,1.15672,1.15612,1.15615,430.0,2026-04-07 12:56:00
1775566620,1.15614,1.15618,1.15603,1.15604,166.0,2026-04-07 12:57:00
1775566680,1.15606,1.15622,1.15606,1.1561,222.0,2026-04-07 12:58:00
1775566740,1.15612,1.15615,1.15603,1.15606,165.0,2026-04-07 12:59:00
1775566800,1.15604,1.15608,1.15594,1.15604,263.0,2026-04-07 13:00:00
1775566860,1.15604,1.15623,1.15599,1.15622,194.0,2026-04-07 13:01:00
1775566920,1.15624,1.15634,1.15619,1.15632,128.0,2026-04-07 13:02:00
1775566980,1.15631,1.15642,1.15624,1.15638,149.0,2026-04-07 13:03:00
1775567040,1.15638,1.15644,1.15628,1.15631,104.0,2026-04-07 13:04:00
1775567100,1.1563,1.15642,1.15617,1.15618,192.0,2026-04-07 13:05:00
1775567160,1.15615,1.15646,1.15615,1.1564,193.0,2026-04-07 13:06:00
1775567220,1.1564,1.15648,1.1563,1.1563,198.0,2026-04-07 13:07:00
1775567280,1.1563,1.1564,1.15626,1.1563,228.0,2026-04-07 13:08:00
1775567340,1.15629,1.1563,1.15614,1.15618,97.0,2026-04-07 13:09:00
1775567400,1.15618,1.15618,1.15601,1.15602,106.0,2026-04-07 13:10:00
1775567460,1.15603,1.15619,1.15603,1.15615,140.0,2026-04-07 13:11:00
1775567520,1.15616,1.1563,1.15616,1.15619,167.0,2026-04-07 13:12:00
1775567580,1.1562,1.15634,1.15614,1.15634,107.0,2026-04-07 13:13:00
1775567640,1.15634,1.15634,1.15596,1.1563,640.0,2026-04-07 13:14:00
1775567700,1.15631,1.15644,1.1563,1.15636,209.0,2026-04-07 13:15:00
1775567760,1.15635,1.1564,1.15626,1.15636,148.0,2026-04-07 13:16:00
1775567820,1.15636,1.15636,1.15608,1.15624,209.0,2026-04-07 13:17:00
1775567880,1.15625,1.15625,1.15612,1.15615,118.0,2026-04-07 13:18:00
1775567940,1.15616,1.15632,1.15606,1.1563,165.0,2026-04-07 13:19:00
1775568000,1.15631,1.15639,1.15626,1.15639,124.0,2026-04-07 13:20:00
1775568060,1.15639,1.15646,1.15632,1.15633,125.0,2026-04-07 13:21:00
1775568120,1.15632,1.15635,1.15627,1.15634,98.0,2026-04-07 13:22:00
1775568180,1.15633,1.15637,1.15626,1.15636,111.0,2026-04-07 13:23:00
1775568240,1.15636,1.15648,1.15634,1.15642,116.0,2026-04-07 13:24:00
1775568300,1.15642,1.15644,1.15638,1.1564,179.0,2026-04-07 13:25:00
1775568360,1.15641,1.1565,1.15634,1.15634,185.0,2026-04-07 13:26:00
1775568420,1.15638,1.1564,1.15598,1.15606,172.0,2026-04-07 13:27:00
1775568480,1.15608,1.15622,1.15608,1.15612,150.0,2026-04-07 13:28:00
1775568540,1.15613,1.15613,1.15592,1.15597,152.0,2026-04-07 13:29:00
1775568600,1.15598,1.1562,1.15598,1.15604,326.0,2026-04-07 13:30:00
1775568660,1.15606,1.15608,1.1556,1.15567,277.0,2026-04-07 13:31:00
1775568720,1.15566,1.15592,1.15563,1.15592,279.0,2026-04-07 13:32:00
1775568780,1.1559,1.15605,1.15586,1.15595,250.0,2026-04-07 13:33:00
1775568840,1.15601,1.15605,1.15585,1.15588,224.0,2026-04-07 13:34:00
1775568900,1.15588,1.15604,1.15578,1.15604,221.0,2026-04-07 13:35:00
1775568960,1.15605,1.15622,1.15605,1.1562,261.0,2026-04-07 13:36:00
1775569020,1.1562,1.15636,1.15616,1.15632,251.0,2026-04-07 13:37:00
1775569080,1.15632,1.1564,1.156,1.156,306.0,2026-04-07 13:38:00
1775569140,1.15602,1.15606,1.15581,1.15586,225.0,2026-04-07 13:39:00
1775569200,1.15584,1.156,1.15572,1.15574,221.0,2026-04-07 13:40:00
1775569260,1.15576,1.15586,1.15572,1.15582,217.0,2026-04-07 13:41:00
1775569320,1.15584,1.156,1.15578,1.15596,138.0,2026-04-07 13:42:00
1775569380,1.15596,1.15613,1.15592,1.15606,249.0,2026-04-07 13:43:00
1775569440,1.15607,1.1561,1.156,1.15602,144.0,2026-04-07 13:44:00
1775569500,1.15603,1.15621,1.15596,1.15606,205.0,2026-04-07 13:45:00
1775569560,1.15606,1.15612,1.156,1.15612,143.0,2026-04-07 13:46:00
1775569620,1.15612,1.15617,1.15606,1.15616,102.0,2026-04-07 13:47:00
1775569680,1.15617,1.15634,1.15616,1.15632,117.0,2026-04-07 13:48:00
1775569740,1.15632,1.15648,1.15632,1.15644,135.0,2026-04-07 13:49:00
1775569800,1.15643,1.15648,1.15635,1.15637,165.0,2026-04-07 13:50:00
1775569860,1.15638,1.15646,1.15618,1.15619,196.0,2026-04-07 13:51:00
1775569920,1.1562,1.15632,1.15618,1.15627,168.0,2026-04-07 13:52:00
1775569980,1.15626,1.15632,1.15616,1.15632,143.0,2026-04-07 13:53:00
1775570040,1.15632,1.15647,1.15632,1.15642,214.0,2026-04-07 13:54:00
1775570100,1.15642,1.1565,1.15637,1.15643,146.0,2026-04-07 13:55:00
1775570160,1.15642,1.15643,1.15628,1.15638,212.0,2026-04-07 13:56:00
1775570220,1.15639,1.15642,1.15634,1.15639,137.0,2026-04-07 13:57:00
1775570280,1.1564,1.1565,1.15632,1.15633,162.0,2026-04-07 13:58:00
1775570340,1.15634,1.15638,1.15632,1.15638,104.0,2026-04-07 13:59:00
1775570400,1.15637,1.1565,1.1563,1.1564,175.0,2026-04-07 14:00:00
1775570460,1.15641,1.15647,1.15609,1.1561,355.0,2026-04-07 14:01:00
1775570520,1.15609,1.15609,1.1559,1.156,226.0,2026-04-07 14:02:00
1775570580,1.15604,1.1561,1.15594,1.15594,195.0,2026-04-07 14:03:00
1775570640,1.15596,1.15609,1.15592,1.156,156.0,2026-04-07 14:04:00
1775570700,1.15599,1.15634,1.15596,1.15632,190.0,2026-04-07 14:05:00
1775570760,1.1563,1.15642,1.15626,1.1564,284.0,2026-04-07 14:06:00
1775570820,1.15641,1.15666,1.15628,1.1563,290.0,2026-04-07 14:07:00
1775570880,1.1563,1.15636,1.1561,1.1561,158.0,2026-04-07 14:08:00
1775570940,1.1561,1.15632,1.1561,1.15632,189.0,2026-04-07 14:09:00
1775571000,1.15632,1.15644,1.1563,1.15641,211.0,2026-04-07 14:10:00
1775571060,1.1564,1.1564,1.1562,1.15628,178.0,2026-04-07 14:11:00
1775571120,1.1563,1.15632,1.1561,1.15616,149.0,2026-04-07 14:12:00
1775571180,1.15615,1.15622,1.15602,1.15612,138.0,2026-04-07 14:13:00
1775571240,1.15612,1.15626,1.1561,1.15621,152.0,2026-04-07 14:14:00
1775571300,1.15622,1.15624,1.15606,1.15616,220.0,2026-04-07 14:15:00
1775571360,1.15617,1.15622,1.15611,1.15612,174.0,2026-04-07 14:16:00
1775571420,1.15612,1.15618,1.15606,1.15606,151.0,2026-04-07 14:17:00
1775571480,1.15605,1.15605,1.15584,1.15592,156.0,2026-04-07 14:18:00
1775571540,1.15593,1.15628,1.15587,1.15626,173.0,2026-04-07 14:19:00
1775571600,1.15627,1.15654,1.15624,1.1565,300.0,2026-04-07 14:20:00
1775571660,1.1565,1.15707,1.15644,1.15693,237.0,2026-04-07 14:21:00
1775571720,1.15692,1.15696,1.15666,1.15666,245.0,2026-04-07 14:22:00
1775571780,1.15666,1.15698,1.15663,1.15683,284.0,2026-04-07 14:23:00
1775571840,1.15682,1.1573,1.15676,1.15706,275.0,2026-04-07 14:24:00
1775571900,1.15706,1.1571,1.15695,1.15708,304.0,2026-04-07 14:25:00
1775571960,1.15709,1.15734,1.15706,1.15732,199.0,2026-04-07 14:26:00
1775572020,1.1573,1.15731,1.15706,1.15714,228.0,2026-04-07 14:27:00
1775572080,1.15712,1.15728,1.15708,1.15723,148.0,2026-04-07 14:28:00
1775572140,1.15724,1.15728,1.15712,1.15726,190.0,2026-04-07 14:29:00
1775572200,1.15726,1.15736,1.15721,1.15726,190.0,2026-04-07 14:30:00
1775572260,1.15725,1.15728,1.15713,1.1572,202.0,2026-04-07 14:31:00
1775572320,1.15721,1.1573,1.15716,1.15724,216.0,2026-04-07 14:32:00
1775572380,1.15728,1.15786,1.15728,1.15776,286.0,2026-04-07 14:33:00
1775572440,1.15776,1.15786,1.15768,1.15776,270.0,2026-04-07 14:34:00
1775572500,1.15776,1.15787,1.15734,1.15764,571.0,2026-04-07 14:35:00
1775572560,1.15764,1.15774,1.1576,1.15764,340.0,2026-04-07 14:36:00
1775572620,1.15765,1.15786,1.15762,1.15785,250.0,2026-04-07 14:37:00
1775572680,1.15786,1.15813,1.15782,1.15804,176.0,2026-04-07 14:38:00
1775572740,1.15806,1.15809,1.15766,1.1578,263.0,2026-04-07 14:39:00
1775572800,1.1578,1.1579,1.15768,1.15778,174.0,2026-04-07 14:40:00
1775572860,1.15778,1.15793,1.15776,1.15782,191.0,2026-04-07 14:41:00
1775572920,1.1578,1.158,1.15776,1.15795,207.0,2026-04-07 14:42:00
1775572980,1.15794,1.15799,1.1578,1.15792,195.0,2026-04-07 14:43:00
1775573040,1.15792,1.158,1.15786,1.15786,211.0,2026-04-07 14:44:00
1775573100,1.15786,1.15792,1.15761,1.15768,192.0,2026-04-07 14:45:00
1775573160,1.15768,1.15836,1.15758,1.15785,697.0,2026-04-07 14:46:00
1775573220,1.15784,1.15784,1.15765,1.15765,320.0,2026-04-07 14:47:00
1775573280,1.15763,1.15763,1.1575,1.15756,256.0,2026-04-07 14:48:00
1775573340,1.15756,1.15798,1.15754,1.15779,318.0,2026-04-07 14:49:00
1775573400,1.1578,1.15796,1.15774,1.15775,245.0,2026-04-07 14:50:00
1775573460,1.15774,1.15784,1.15757,1.15759,224.0,2026-04-07 14:51:00
1775573520,1.1576,1.15766,1.15754,1.15765,146.0,2026-04-07 14:52:00
1775573580,1.15764,1.1578,1.1575,1.15756,230.0,2026-04-07 14:53:00
1775573640,1.15755,1.15756,1.1575,1.1575,217.0,2026-04-07 14:54:00
1775573700,1.15751,1.15751,1.15724,1.15728,294.0,2026-04-07 14:55:00
1775573760,1.15728,1.15734,1.15718,1.15722,228.0,2026-04-07 14:56:00
1775573820,1.15724,1.15752,1.15724,1.15748,271.0,2026-04-07 14:57:00
1775573880,1.15748,1.15763,1.1573,1.1573,327.0,2026-04-07 14:58:00
1775573940,1.15729,1.15732,1.15711,1.1572,245.0,2026-04-07 14:59:00
1775574000,1.1572,1.15731,1.15713,1.15726,184.0,2026-04-07 15:00:00
1775574060,1.15728,1.15735,1.1572,1.15724,293.0,2026-04-07 15:01:00
1775574120,1.15724,1.15732,1.15698,1.15704,335.0,2026-04-07 15:02:00
1775574180,1.15704,1.15719,1.15698,1.15719,275.0,2026-04-07 15:03:00
1775574240,1.15718,1.15728,1.15702,1.15717,230.0,2026-04-07 15:04:00
1775574300,1.15716,1.15716,1.15677,1.15682,375.0,2026-04-07 15:05:00
1775574360,1.15681,1.15692,1.15674,1.15691,205.0,2026-04-07 15:06:00
1775574420,1.15692,1.15699,1.15676,1.15676,236.0,2026-04-07 15:07:00
1775574480,1.15677,1.15679,1.15666,1.15666,148.0,2026-04-07 15:08:00
1775574540,1.15667,1.15671,1.1566,1.15664,151.0,2026-04-07 15:09:00
1775574600,1.15664,1.15687,1.1566,1.15677,238.0,2026-04-07 15:10:00
1775574660,1.15678,1.15692,1.15675,1.15679,271.0,2026-04-07 15:11:00
1775574720,1.1568,1.1569,1.15677,1.15685,124.0,2026-04-07 15:12:00
1775574780,1.15686,1.15706,1.15672,1.15704,156.0,2026-04-07 15:13:00
1775574840,1.15704,1.1571,1.15694,1.15705,172.0,2026-04-07 15:14:00
1775574900,1.15704,1.15786,1.15694,1.15758,375.0,2026-04-07 15:15:00
1775574960,1.15757,1.15766,1.15736,1.1574,721.0,2026-04-07 15:16:00
1775575020,1.1574,1.15743,1.15727,1.1574,324.0,2026-04-07 15:17:00
1775575080,1.1574,1.15744,1.15731,1.15739,284.0,2026-04-07 15:18:00
1775575140,1.15737,1.15749,1.15736,1.15748,176.0,2026-04-07 15:19:00
1775575200,1.15748,1.15748,1.15726,1.15734,202.0,2026-04-07 15:20:00
1775575260,1.15732,1.15733,1.15712,1.15715,195.0,2026-04-07 15:21:00
1775575320,1.15716,1.1572,1.15702,1.15708,157.0,2026-04-07 15:22:00
1775575380,1.15707,1.15719,1.15704,1.15719,191.0,2026-04-07 15:23:00
1775575440,1.1572,1.1573,1.15717,1.15719,211.0,2026-04-07 15:24:00
1775575500,1.1572,1.15748,1.15719,1.15744,245.0,2026-04-07 15:25:00
1775575560,1.15743,1.15758,1.15736,1.15758,204.0,2026-04-07 15:26:00
1775575620,1.15757,1.15758,1.15736,1.15742,190.0,2026-04-07 15:27:00
1775575680,1.15742,1.15746,1.15736,1.15736,158.0,2026-04-07 15:28:00
1775575740,1.15734,1.15747,1.15731,1.15742,252.0,2026-04-07 15:29:00
1775575800,1.15743,1.15751,1.15732,1.15736,200.0,2026-04-07 15:30:00
1775575860,1.15736,1.15736,1.15718,1.1573,151.0,2026-04-07 15:31:00
1775575920,1.15732,1.15739,1.15728,1.15738,167.0,2026-04-07 15:32:00
1775575980,1.15739,1.15741,1.15726,1.15732,119.0,2026-04-07 15:33:00
1775576040,1.1573,1.15736,1.15722,1.15724,128.0,2026-04-07 15:34:00
1775576100,1.15723,1.15744,1.15722,1.1574,185.0,2026-04-07 15:35:00
1775576160,1.15739,1.15752,1.15739,1.15743,106.0,2026-04-07 15:36:00
1775576220,1.15744,1.15747,1.15726,1.15734,141.0,2026-04-07 15:37:00
1775576280,1.15734,1.15742,1.15728,1.15738,152.0,2026-04-07 15:38:00
1775576340,1.15738,1.15738,1.15723,1.15728,104.0,2026-04-07 15:39:00
1775576400,1.15727,1.15734,1.15721,1.15722,103.0,2026-04-07 15:40:00
1775576460,1.15722,1.15729,1.15704,1.15714,109.0,2026-04-07 15:41:00
1775576520,1.15714,1.15722,1.15712,1.15716,101.0,2026-04-07 15:42:00
1775576580,1.15718,1.1572,1.15702,1.15708,170.0,2026-04-07 15:43:00
1775576640,1.1571,1.15712,1.15678,1.15682,136.0,2026-04-07 15:44:00
1775576700,1.15684,1.15699,1.1568,1.15696,104.0,2026-04-07 15:45:00
1775576760,1.15694,1.15709,1.15693,1.15699,160.0,2026-04-07 15:46:00
1775576820,1.157,1.15708,1.157,1.15702,99.0,2026-04-07 15:47:00
1775576880,1.157,1.15702,1.15694,1.15698,108.0,2026-04-07 15:48:00
1775576940,1.15697,1.15709,1.15696,1.15704,106.0,2026-04-07 15:49:00
1775577000,1.15704,1.15704,1.15692,1.15702,62.0,2026-04-07 15:50:00
1775577060,1.15702,1.1573,1.15702,1.1572,186.0,2026-04-07 15:51:00
1775577120,1.1572,1.1573,1.15712,1.15728,126.0,2026-04-07 15:52:00
1775577180,1.15728,1.1575,1.15726,1.15748,157.0,2026-04-07 15:53:00
1775577240,1.15749,1.15753,1.15738,1.15738,192.0,2026-04-07 15:54:00
1775577300,1.15736,1.15783,1.1573,1.15746,575.0,2026-04-07 15:55:00
1775577360,1.15746,1.15746,1.15716,1.15718,225.0,2026-04-07 15:56:00
1775577420,1.15719,1.15733,1.15716,1.15732,171.0,2026-04-07 15:57:00
1775577480,1.15732,1.15738,1.15722,1.1573,177.0,2026-04-07 15:58:00
1775577540,1.15729,1.15732,1.1571,1.1571,225.0,2026-04-07 15:59:00
1775577600,1.15713,1.15736,1.15708,1.15717,242.0,2026-04-07 16:00:00
1775577660,1.15718,1.15726,1.1571,1.15717,230.0,2026-04-07 16:01:00
1775577720,1.15717,1.15755,1.15712,1.15745,355.0,2026-04-07 16:02:00
1775577780,1.15746,1.15797,1.15738,1.15776,827.0,2026-04-07 16:03:00
1775577840,1.15778,1.15779,1.15764,1.15768,435.0,2026-04-07 16:04:00
1775577900,1.15768,1.1577,1.15754,1.15764,268.0,2026-04-07 16:05:00
1775577960,1.15766,1.15778,1.15762,1.15774,202.0,2026-04-07 16:06:00
1775578020,1.15775,1.15784,1.15768,1.15772,211.0,2026-04-07 16:07:00
1775578080,1.15771,1.15771,1.15751,1.15759,243.0,2026-04-07 16:08:00
1775578140,1.1576,1.15768,1.15752,1.15753,188.0,2026-04-07 16:09:00
1775578200,1.15752,1.15758,1.15743,1.15751,232.0,2026-04-07 16:10:00
1775578260,1.1575,1.1575,1.15732,1.15734,141.0,2026-04-07 16:11:00
1775578320,1.15735,1.15742,1.15734,1.15742,154.0,2026-04-07 16:12:00
1775578380,1.15742,1.15756,1.15742,1.15755,108.0,2026-04-07 16:13:00
1775578440,1.15756,1.15758,1.15746,1.15752,165.0,2026-04-07 16:14:00
1775578500,1.15751,1.15756,1.1574,1.15755,220.0,2026-04-07 16:15:00
1775578560,1.15754,1.15754,1.15732,1.15735,179.0,2026-04-07 16:16:00
1775578620,1.15736,1.1574,1.15731,1.15731,84.0,2026-04-07 16:17:00
1775578680,1.15733,1.15735,1.1572,1.15723,100.0,2026-04-07 16:18:00
1775578740,1.15722,1.1573,1.15716,1.15729,115.0,2026-04-07 16:19:00
1775578800,1.15728,1.15728,1.1572,1.15726,130.0,2026-04-07 16:20:00
1775578860,1.15725,1.15736,1.15719,1.15732,111.0,2026-04-07 16:21:00
1775578920,1.15733,1.15736,1.15718,1.15718,118.0,2026-04-07 16:22:00
1775578980,1.15718,1.15786,1.15712,1.15736,814.0,2026-04-07 16:23:00
1775579040,1.15735,1.15737,1.1572,1.15737,428.0,2026-04-07 16:24:00
1775579100,1.15737,1.15743,1.15724,1.1573,329.0,2026-04-07 16:25:00
1775579160,1.15729,1.15732,1.1572,1.15728,296.0,2026-04-07 16:26:00
1775579220,1.15728,1.15748,1.15728,1.15744,257.0,2026-04-07 16:27:00
1775579280,1.15745,1.15767,1.15739,1.15749,305.0,2026-04-07 16:28:00
1775579340,1.15748,1.1576,1.15748,1.15754,269.0,2026-04-07 16:29:00
1775579400,1.15753,1.15764,1.15748,1.15763,168.0,2026-04-07 16:30:00
1775579460,1.15762,1.15776,1.15756,1.15772,176.0,2026-04-07 16:31:00
1775579520,1.15773,1.15776,1.15754,1.15755,196.0,2026-04-07 16:32:00
1775579580,1.15756,1.15774,1.15754,1.15774,157.0,2026-04-07 16:33:00
1775579640,1.15773,1.15774,1.15758,1.15764,151.0,2026-04-07 16:34:00
1775579700,1.15764,1.15774,1.15762,1.15769,110.0,2026-04-07 16:35:00
1775579760,1.15768,1.15768,1.15752,1.15761,68.0,2026-04-07 16:36:00
1775579820,1.15762,1.15764,1.15749,1.15757,139.0,2026-04-07 16:37:00
1775579880,1.15756,1.1576,1.15751,1.15755,126.0,2026-04-07 16:38:00
1775579940,1.15754,1.15755,1.15737,1.15747,94.0,2026-04-07 16:39:00
1775580000,1.15747,1.15749,1.15738,1.15742,87.0,2026-04-07 16:40:00
1775580060,1.15742,1.15759,1.15742,1.15755,136.0,2026-04-07 16:41:00
1775580120,1.15754,1.15758,1.15746,1.15746,94.0,2026-04-07 16:42:00
1775580180,1.15747,1.1575,1.15738,1.1574,75.0,2026-04-07 16:43:00
1775580240,1.1574,1.15752,1.15738,1.1575,59.0,2026-04-07 16:44:00
1775580300,1.1575,1.15769,1.1575,1.15758,67.0,2026-04-07 16:45:00
1775580360,1.15759,1.1577,1.15754,1.15764,88.0,2026-04-07 16:46:00
1775580420,1.15764,1.15764,1.15754,1.15762,90.0,2026-04-07 16:47:00
1775580480,1.15762,1.15769,1.15762,1.15764,98.0,2026-04-07 16:48:00
1775580540,1.15764,1.15766,1.15752,1.15752,78.0,2026-04-07 16:49:00
1775580600,1.15754,1.15754,1.15741,1.15744,142.0,2026-04-07 16:50:00
1775580660,1.15744,1.15752,1.15742,1.15744,150.0,2026-04-07 16:51:00
1775580720,1.15743,1.15744,1.15722,1.15722,142.0,2026-04-07 16:52:00
1775580780,1.15722,1.15732,1.15722,1.15724,92.0,2026-04-07 16:53:00
1775580840,1.15724,1.15726,1.157,1.15704,125.0,2026-04-07 16:54:00
1775580900,1.15702,1.15716,1.15698,1.15712,186.0,2026-04-07 16:55:00
1775580960,1.15711,1.15715,1.157,1.15702,116.0,2026-04-07 16:56:00
1775581020,1.15704,1.15706,1.15702,1.15704,74.0,2026-04-07 16:57:00
1775581080,1.15704,1.15716,1.157,1.15714,78.0,2026-04-07 16:58:00
1775581140,1.15714,1.15718,1.15709,1.15716,79.0,2026-04-07 16:59:00
1775581200,1.15716,1.15752,1.1571,1.15726,313.0,2026-04-07 17:00:00
1775581260,1.15728,1.15738,1.15728,1.15732,92.0,2026-04-07 17:01:00
1775581320,1.15732,1.1575,1.15732,1.1574,133.0,2026-04-07 17:02:00
1775581380,1.1574,1.15754,1.15736,1.15745,120.0,2026-04-07 17:03:00
1775581440,1.15744,1.1575,1.15744,1.15747,105.0,2026-04-07 17:04:00
1775581500,1.15748,1.15751,1.15732,1.15735,134.0,2026-04-07 17:05:00
1775581560,1.15736,1.15747,1.15728,1.1574,188.0,2026-04-07 17:06:00
1775581620,1.1574,1.1574,1.15718,1.15718,72.0,2026-04-07 17:07:00
1775581680,1.15718,1.15723,1.1571,1.15713,81.0,2026-04-07 17:08:00
1775581740,1.15712,1.15712,1.15698,1.15698,98.0,2026-04-07 17:09:00
1775581800,1.15698,1.15699,1.15692,1.15698,65.0,2026-04-07 17:10:00
1775581860,1.15698,1.15698,1.15679,1.15686,134.0,2026-04-07 17:11:00
1775581920,1.15688,1.15703,1.15684,1.15703,104.0,2026-04-07 17:12:00
1775581980,1.15704,1.15708,1.15694,1.15698,110.0,2026-04-07 17:13:00
1775582040,1.15699,1.15705,1.15697,1.15704,59.0,2026-04-07 17:14:00
1775582100,1.15702,1.15704,1.15684,1.15696,94.0,2026-04-07 17:15:00
1775582160,1.15698,1.15702,1.1568,1.15683,89.0,2026-04-07 17:16:00
1775582220,1.15684,1.15687,1.15682,1.15682,70.0,2026-04-07 17:17:00
1775582280,1.15684,1.1569,1.15683,1.15689,52.0,2026-04-07 17:18:00
1775582340,1.1569,1.1569,1.15675,1.1568,96.0,2026-04-07 17:19:00
1775582400,1.1568,1.15684,1.15672,1.15674,103.0,2026-04-07 17:20:00
1775582460,1.15674,1.15678,1.15665,1.15671,82.0,2026-04-07 17:21:00
1775582520,1.15672,1.15683,1.1567,1.15676,68.0,2026-04-07 17:22:00
1775582580,1.15675,1.1568,1.15664,1.15674,104.0,2026-04-07 17:23:00
1775582640,1.15674,1.15684,1.1567,1.15682,89.0,2026-04-07 17:24:00
1775582700,1.15681,1.15682,1.15666,1.15676,95.0,2026-04-07 17:25:00
1775582760,1.15678,1.15686,1.15676,1.15676,95.0,2026-04-07 17:26:00
1775582820,1.15677,1.15688,1.15677,1.15686,62.0,2026-04-07 17:27:00
1775582880,1.15685,1.15685,1.15678,1.1568,112.0,2026-04-07 17:28:00
1775582940,1.1568,1.15687,1.1568,1.15686,39.0,2026-04-07 17:29:00
1775583000,1.15686,1.15708,1.15686,1.15696,132.0,2026-04-07 17:30:00
1775583060,1.15695,1.15706,1.15691,1.15705,125.0,2026-04-07 17:31:00
1775583120,1.15704,1.15713,1.15699,1.1571,117.0,2026-04-07 17:32:00
1775583180,1.15708,1.15718,1.157,1.1571,144.0,2026-04-07 17:33:00
1775583240,1.15709,1.15734,1.15708,1.15731,172.0,2026-04-07 17:34:00
1775583300,1.15732,1.15768,1.15731,1.15764,302.0,2026-04-07 17:35:00
1775583360,1.15762,1.15792,1.15756,1.15787,393.0,2026-04-07 17:36:00
1775583420,1.15786,1.15796,1.15784,1.15786,332.0,2026-04-07 17:37:00
1775583480,1.15786,1.1579,1.15768,1.15773,244.0,2026-04-07 17:38:00
1775583540,1.15772,1.1578,1.15765,1.1577,219.0,2026-04-07 17:39:00
1775583600,1.15768,1.15774,1.1576,1.15765,231.0,2026-04-07 17:40:00
1775583660,1.15768,1.15774,1.15765,1.15773,135.0,2026-04-07 17:41:00
1775583720,1.15772,1.15774,1.15763,1.15763,96.0,2026-04-07 17:42:00
1775583780,1.15762,1.15766,1.15755,1.15764,101.0,2026-04-07 17:43:00
1775583840,1.15765,1.15766,1.15754,1.15758,123.0,2026-04-07 17:44:00
1775583900,1.15759,1.15764,1.15734,1.15738,171.0,2026-04-07 17:45:00
1775583960,1.15738,1.15751,1.15738,1.15748,121.0,2026-04-07 17:46:00
1775584020,1.15748,1.15758,1.15748,1.15756,164.0,2026-04-07 17:47:00
1775584080,1.15755,1.15758,1.15748,1.15754,148.0,2026-04-07 17:48:00
1775584140,1.15754,1.15762,1.15754,1.15759,68.0,2026-04-07 17:49:00
1775584200,1.1576,1.15764,1.15756,1.15758,136.0,2026-04-07 17:50:00
1775584260,1.15758,1.15776,1.15756,1.15774,92.0,2026-04-07 17:51:00
1775584320,1.15778,1.15788,1.15778,1.15783,94.0,2026-04-07 17:52:00
1775584380,1.15784,1.15792,1.15783,1.15784,45.0,2026-04-07 17:53:00
1775584440,1.15785,1.15787,1.15777,1.15778,41.0,2026-04-07 17:54:00
1775584500,1.1578,1.15782,1.1577,1.15772,30.0,2026-04-07 17:55:00
1775584560,1.15771,1.15775,1.15764,1.15772,46.0,2026-04-07 17:56:00
1775584620,1.15771,1.15773,1.15757,1.15762,145.0,2026-04-07 17:57:00
1775584680,1.15761,1.15777,1.1576,1.15768,146.0,2026-04-07 17:58:00
1775584740,1.15768,1.1578,1.15768,1.15776,75.0,2026-04-07 17:59:00
1775584800,1.15777,1.15797,1.15776,1.15792,85.0,2026-04-07 18:00:00
1775584860,1.15792,1.15798,1.15791,1.15792,153.0,2026-04-07 18:01:00
1775584920,1.15792,1.15794,1.15778,1.15786,175.0,2026-04-07 18:02:00
1775584980,1.15786,1.15786,1.15775,1.15778,107.0,2026-04-07 18:03:00
1775585040,1.15779,1.1579,1.15773,1.15776,131.0,2026-04-07 18:04:00
1775585100,1.15776,1.15779,1.15772,1.15778,66.0,2026-04-07 18:05:00
1775585160,1.15776,1.15777,1.15771,1.15776,84.0,2026-04-07 18:06:00
1775585220,1.15776,1.15784,1.15772,1.15773,93.0,2026-04-07 18:07:00
1775585280,1.15774,1.15785,1.15772,1.1578,61.0,2026-04-07 18:08:00
1775585340,1.1578,1.15785,1.15776,1.15778,96.0,2026-04-07 18:09:00
1775585400,1.15779,1.15783,1.15774,1.15783,84.0,2026-04-07 18:10:00
1775585460,1.15784,1.15785,1.15776,1.15779,66.0,2026-04-07 18:11:00
1775585520,1.15778,1.15784,1.15778,1.15784,78.0,2026-04-07 18:12:00
1775585580,1.15783,1.15792,1.1578,1.1579,76.0,2026-04-07 18:13:00
1775585640,1.1579,1.15796,1.1579,1.15795,78.0,2026-04-07 18:14:00
1775585700,1.15793,1.15796,1.15788,1.15789,74.0,2026-04-07 18:15:00
1775585760,1.15789,1.1579,1.15784,1.15786,51.0,2026-04-07 18:16:00
1775585820,1.15785,1.15794,1.15785,1.15789,90.0,2026-04-07 18:17:00
1775585880,1.1579,1.15794,1.15785,1.15794,38.0,2026-04-07 18:18:00
1775585940,1.15796,1.15798,1.15786,1.15797,84.0,2026-04-07 18:19:00
1775586000,1.15798,1.15811,1.15797,1.15811,94.0,2026-04-07 18:20:00
1775586060,1.1581,1.15811,1.15798,1.15805,108.0,2026-04-07 18:21:00
1775586120,1.15802,1.1583,1.158,1.15826,131.0,2026-04-07 18:22:00
1775586180,1.15825,1.15825,1.15812,1.1582,173.0,2026-04-07 18:23:00
1775586240,1.1582,1.15822,1.15813,1.15822,96.0,2026-04-07 18:24:00
1775586300,1.15821,1.15826,1.15817,1.15824,111.0,2026-04-07 18:25:00
1775586360,1.15823,1.15823,1.15806,1.15816,88.0,2026-04-07 18:26:00
1775586420,1.15816,1.15818,1.1581,1.1581,97.0,2026-04-07 18:27:00
1775586480,1.15808,1.15818,1.15807,1.15812,134.0,2026-04-07 18:28:00
1775586540,1.15814,1.15822,1.1581,1.15822,116.0,2026-04-07 18:29:00
1775586600,1.15822,1.15831,1.15816,1.15824,100.0,2026-04-07 18:30:00
1775586660,1.15824,1.15828,1.1581,1.1582,84.0,2026-04-07 18:31:00
1775586720,1.1582,1.15824,1.15818,1.15824,91.0,2026-04-07 18:32:00
1775586780,1.15824,1.15827,1.15818,1.15824,97.0,2026-04-07 18:33:00
1775586840,1.15823,1.15827,1.15823,1.15824,47.0,2026-04-07 18:34:00
1775586900,1.15824,1.15827,1.15818,1.1582,57.0,2026-04-07 18:35:00
1775586960,1.15819,1.15828,1.15816,1.15826,92.0,2026-04-07 18:36:00
1775587020,1.15828,1.15828,1.15818,1.1582,54.0,2026-04-07 18:37:00
1775587080,1.1582,1.15821,1.15802,1.15804,96.0,2026-04-07 18:38:00
1775587140,1.15803,1.15804,1.15788,1.1579,86.0,2026-04-07 18:39:00
1775587200,1.15789,1.1579,1.15767,1.1578,95.0,2026-04-07 18:40:00
1775587260,1.1578,1.15784,1.15772,1.15778,87.0,2026-04-07 18:41:00
1775587320,1.15776,1.1578,1.1577,1.15773,53.0,2026-04-07 18:42:00
1775587380,1.15774,1.15778,1.15772,1.15776,94.0,2026-04-07 18:43:00
1775587440,1.15776,1.1578,1.15771,1.15778,47.0,2026-04-07 18:44:00
1775587500,1.15776,1.15777,1.15754,1.1577,155.0,2026-04-07 18:45:00
1775587560,1.15768,1.15776,1.15768,1.15773,70.0,2026-04-07 18:46:00
1775587620,1.15772,1.15774,1.15768,1.1577,73.0,2026-04-07 18:47:00
1775587680,1.15769,1.1577,1.15759,1.15764,91.0,2026-04-07 18:48:00
1775587740,1.15764,1.15772,1.1576,1.1577,59.0,2026-04-07 18:49:00
1775587800,1.15771,1.15771,1.15756,1.15756,82.0,2026-04-07 18:50:00
1775587860,1.15756,1.15764,1.15756,1.15762,71.0,2026-04-07 18:51:00
1775587920,1.15762,1.1577,1.15758,1.15763,86.0,2026-04-07 18:52:00
1775587980,1.15762,1.15768,1.15757,1.15757,68.0,2026-04-07 18:53:00
1775588040,1.15758,1.15758,1.15744,1.15744,89.0,2026-04-07 18:54:00
1775588100,1.15744,1.15744,1.15716,1.15722,228.0,2026-04-07 18:55:00
1775588160,1.15724,1.1573,1.1572,1.15726,172.0,2026-04-07 18:56:00
1775588220,1.15726,1.1575,1.15726,1.1575,110.0,2026-04-07 18:57:00
1775588280,1.15749,1.1576,1.15749,1.15752,78.0,2026-04-07 18:58:00
1775588340,1.15752,1.15756,1.1574,1.15748,118.0,2026-04-07 18:59:00
1775588400,1.15747,1.1575,1.1574,1.15746,91.0,2026-04-07 19:00:00
1775588460,1.15747,1.1575,1.15734,1.15744,115.0,2026-04-07 19:01:00
1775588520,1.15745,1.1576,1.15745,1.15758,165.0,2026-04-07 19:02:00
1775588580,1.15758,1.15764,1.1575,1.15755,110.0,2026-04-07 19:03:00
1775588640,1.15754,1.15756,1.1575,1.15752,69.0,2026-04-07 19:04:00
1775588700,1.15752,1.15752,1.15738,1.1574,77.0,2026-04-07 19:05:00
1775588760,1.15738,1.15741,1.15731,1.1574,117.0,2026-04-07 19:06:00
1775588820,1.15741,1.15742,1.15732,1.15736,41.0,2026-04-07 19:07:00
1775588880,1.15735,1.15796,1.15731,1.15748,668.0,2026-04-07 19:08:00
1775588940,1.15746,1.15756,1.15743,1.1575,212.0,2026-04-07 19:09:00
1775589000,1.1575,1.15764,1.1575,1.15758,152.0,2026-04-07 19:10:00
1775589060,1.15758,1.15776,1.15758,1.1577,126.0,2026-04-07 19:11:00
1775589120,1.15772,1.1578,1.15757,1.15759,151.0,2026-04-07 19:12:00
1775589180,1.1576,1.15766,1.15758,1.15766,112.0,2026-04-07 19:13:00
1775589240,1.15766,1.15776,1.15764,1.15768,78.0,2026-04-07 19:14:00
1775589300,1.15769,1.15776,1.15765,1.15772,123.0,2026-04-07 19:15:00
1775589360,1.15773,1.15796,1.1577,1.15785,210.0,2026-04-07 19:16:00
1775589420,1.15786,1.15798,1.15785,1.15789,146.0,2026-04-07 19:17:00
1775589480,1.1579,1.1587,1.15788,1.15857,737.0,2026-04-07 19:18:00
1775589540,1.15858,1.15899,1.15838,1.15886,921.0,2026-04-07 19:19:00
1775589600,1.15884,1.15908,1.15868,1.15882,688.0,2026-04-07 19:20:00
1775589660,1.15884,1.15885,1.15859,1.15868,534.0,2026-04-07 19:21:00
1775589720,1.15868,1.1587,1.15852,1.1586,408.0,2026-04-07 19:22:00
1775589780,1.15859,1.15859,1.15844,1.15844,276.0,2026-04-07 19:23:00
1775589840,1.15844,1.15858,1.15839,1.15854,214.0,2026-04-07 19:24:00
1775589900,1.15854,1.15855,1.15836,1.15846,231.0,2026-04-07 19:25:00
1775589960,1.15846,1.1585,1.15829,1.15838,221.0,2026-04-07 19:26:00
1775590020,1.15838,1.15851,1.15836,1.15851,137.0,2026-04-07 19:27:00
1775590080,1.15848,1.15854,1.15844,1.15848,281.0,2026-04-07 19:28:00
1775590140,1.1585,1.1585,1.15838,1.15844,315.0,2026-04-07 19:29:00
1775590200,1.15844,1.15844,1.15834,1.15836,152.0,2026-04-07 19:30:00
1775590260,1.15836,1.15836,1.15829,1.15836,123.0,2026-04-07 19:31:00
1775590320,1.15834,1.15849,1.15833,1.15848,130.0,2026-04-07 19:32:00
1775590380,1.15848,1.1585,1.15843,1.15848,117.0,2026-04-07 19:33:00
1775590440,1.15848,1.1585,1.15842,1.15845,119.0,2026-04-07 19:34:00
1775590500,1.15844,1.15845,1.15835,1.1584,173.0,2026-04-07 19:35:00
1775590560,1.1584,1.15852,1.15838,1.15851,85.0,2026-04-07 19:36:00
1775590620,1.1585,1.15855,1.15846,1.15846,135.0,2026-04-07 19:37:00
1775590680,1.15846,1.15855,1.15844,1.15846,79.0,2026-04-07 19:38:00
1775590740,1.15847,1.15856,1.15845,1.15852,111.0,2026-04-07 19:39:00
1775590800,1.1585,1.15854,1.1584,1.15851,110.0,2026-04-07 19:40:00
1775590860,1.1585,1.15866,1.1585,1.15862,90.0,2026-04-07 19:41:00
1775590920,1.15861,1.15862,1.15851,1.1586,83.0,2026-04-07 19:42:00
1775590980,1.1586,1.15864,1.15854,1.15854,100.0,2026-04-07 19:43:00
1775591040,1.15854,1.15902,1.15852,1.15863,446.0,2026-04-07 19:44:00
1775591100,1.15862,1.15978,1.15856,1.15944,595.0,2026-04-07 19:45:00
1775591160,1.15944,1.15976,1.15906,1.15974,1480.0,2026-04-07 19:46:00
1775591220,1.15972,1.16009,1.15952,1.15998,847.0,2026-04-07 19:47:00
1775591280,1.15998,1.16018,1.15973,1.15978,666.0,2026-04-07 19:48:00
1775591340,1.15977,1.15986,1.15941,1.1595,710.0,2026-04-07 19:49:00
1775591400,1.15952,1.1597,1.15948,1.15969,655.0,2026-04-07 19:50:00
1775591460,1.1597,1.15982,1.15962,1.15978,374.0,2026-04-07 19:51:00
1775591520,1.15978,1.15999,1.15976,1.15984,312.0,2026-04-07 19:52:00
1775591580,1.15983,1.15986,1.15962,1.1597,429.0,2026-04-07 19:53:00
1775591640,1.1597,1.15984,1.15964,1.15984,256.0,2026-04-07 19:54:00
1775591700,1.15986,1.15994,1.15979,1.15986,237.0,2026-04-07 19:55:00
1775591760,1.15986,1.16004,1.15986,1.15996,169.0,2026-04-07 19:56:00
1775591820,1.15996,1.15998,1.15964,1.15968,197.0,2026-04-07 19:57:00
1775591880,1.15966,1.15972,1.15951,1.15952,188.0,2026-04-07 19:58:00
1775591940,1.1595,1.15958,1.15944,1.15952,211.0,2026-04-07 19:59:00
1775592000,1.15952,1.15954,1.15928,1.15931,150.0,2026-04-07 20:00:00
1775592060,1.15932,1.15942,1.15925,1.15942,168.0,2026-04-07 20:01:00
1775592120,1.15942,1.15959,1.15932,1.15958,289.0,2026-04-07 20:02:00
1775592180,1.15958,1.15966,1.15958,1.15962,124.0,2026-04-07 20:03:00
1775592240,1.15962,1.1597,1.15962,1.15968,77.0,2026-04-07 20:04:00
1775592300,1.15971,1.1598,1.15962,1.15963,193.0,2026-04-07 20:05:00
1775592360,1.15962,1.15963,1.1595,1.15962,151.0,2026-04-07 20:06:00
1775592420,1.15962,1.15965,1.15958,1.15964,90.0,2026-04-07 20:07:00
1775592480,1.15964,1.15976,1.15963,1.15973,140.0,2026-04-07 20:08:00
1775592540,1.15974,1.15993,1.15972,1.15992,96.0,2026-04-07 20:09:00
1775592600,1.1599,1.15999,1.15989,1.15996,62.0,2026-04-07 20:10:00
1775592660,1.15995,1.16004,1.15995,1.15995,62.0,2026-04-07 20:11:00
1775592720,1.15994,1.16006,1.15992,1.16005,55.0,2026-04-07 20:12:00
1775592780,1.16004,1.16013,1.16002,1.1601,199.0,2026-04-07 20:13:00
1775592840,1.16012,1.1602,1.16002,1.16017,98.0,2026-04-07 20:14:00
1775592900,1.16018,1.16044,1.16,1.16012,279.0,2026-04-07 20:15:00
1775592960,1.16012,1.16024,1.16008,1.16024,140.0,2026-04-07 20:16:00
1775593020,1.16025,1.16052,1.16016,1.16044,219.0,2026-04-07 20:17:00
1775593080,1.16045,1.16046,1.16032,1.16044,126.0,2026-04-07 20:18:00
1775593140,1.16044,1.16044,1.16028,1.16034,91.0,2026-04-07 20:19:00
1775593200,1.16034,1.16037,1.16028,1.16035,43.0,2026-04-07 20:20:00
1775593260,1.16036,1.16039,1.16018,1.16025,69.0,2026-04-07 20:21:00
1775593320,1.16023,1.16026,1.1602,1.1602,125.0,2026-04-07 20:22:00
1775593380,1.16022,1.16026,1.16021,1.16025,49.0,2026-04-07 20:23:00
1775593440,1.16025,1.16028,1.16022,1.16027,61.0,2026-04-07 20:24:00
1775593500,1.16026,1.16027,1.16016,1.16016,60.0,2026-04-07 20:25:00
1775593560,1.16014,1.16016,1.15992,1.16004,172.0,2026-04-07 20:26:00
1775593620,1.16004,1.16018,1.16004,1.16014,142.0,2026-04-07 20:27:00
1775593680,1.16013,1.16014,1.16006,1.16014,69.0,2026-04-07 20:28:00
1775593740,1.16013,1.16013,1.15994,1.15994,98.0,2026-04-07 20:29:00
1775593800,1.15994,1.16007,1.1599,1.16,96.0,2026-04-07 20:30:00
1775593860,1.16001,1.16008,1.15996,1.15998,120.0,2026-04-07 20:31:00
1775593920,1.15998,1.16004,1.15992,1.15992,121.0,2026-04-07 20:32:00
1775593980,1.15993,1.16002,1.15992,1.16,103.0,2026-04-07 20:33:00
1775594040,1.16,1.16007,1.15992,1.15993,78.0,2026-04-07 20:34:00
1775594100,1.15994,1.16,1.15986,1.15992,86.0,2026-04-07 20:35:00
1775594160,1.15992,1.15994,1.15969,1.15974,150.0,2026-04-07 20:36:00
1775594220,1.15973,1.1598,1.15969,1.1597,99.0,2026-04-07 20:37:00
1775594280,1.15971,1.15978,1.15969,1.15976,45.0,2026-04-07 20:38:00
1775594340,1.15979,1.15987,1.15976,1.15985,77.0,2026-04-07 20:39:00
1775594400,1.15984,1.15984,1.15974,1.15976,51.0,2026-04-07 20:40:00
1775594460,1.15976,1.16029,1.15976,1.16012,249.0,2026-04-07 20:41:00
1775594520,1.1601,1.16023,1.1599,1.15992,399.0,2026-04-07 20:42:00
1775594580,1.15991,1.16,1.15988,1.15988,241.0,2026-04-07 20:43:00
1775594640,1.15989,1.15992,1.15978,1.1598,230.0,2026-04-07 20:44:00
1775594700,1.1598,1.15984,1.15962,1.15982,105.0,2026-04-07 20:45:00
1775594760,1.15982,1.15982,1.15959,1.15968,132.0,2026-04-07 20:46:00
1775594820,1.15969,1.15974,1.15954,1.15954,86.0,2026-04-07 20:47:00
1775594880,1.15955,1.1596,1.15954,1.1596,60.0,2026-04-07 20:48:00
1775594940,1.15959,1.1596,1.15953,1.15956,94.0,2026-04-07 20:49:00
1775595000,1.15956,1.15956,1.1595,1.15953,126.0,2026-04-07 20:50:00
1775595060,1.15952,1.15955,1.15942,1.15952,167.0,2026-04-07 20:51:00
1775595120,1.15952,1.1596,1.15942,1.15952,110.0,2026-04-07 20:52:00
1775595180,1.15952,1.1596,1.15952,1.15959,47.0,2026-04-07 20:53:00
1775595240,1.1596,1.1597,1.15959,1.15964,68.0,2026-04-07 20:54:00
1775595300,1.15966,1.15972,1.15965,1.15966,134.0,2026-04-07 20:55:00
1775595360,1.15963,1.15989,1.15962,1.15986,196.0,2026-04-07 20:56:00
1775595420,1.15984,1.15984,1.15967,1.15974,139.0,2026-04-07 20:57:00
1775595480,1.15974,1.15994,1.15968,1.15974,220.0,2026-04-07 20:58:00
1775595540,1.15974,1.1598,1.15974,1.15976,35.0,2026-04-07 20:59:00
1775595840,1.15962,1.15962,1.15962,1.15962,1.0,2026-04-07 21:04:00
1775595900,1.15964,1.15994,1.15956,1.15968,59.0,2026-04-07 21:05:00
1775595960,1.15982,1.16033,1.15969,1.15994,22.0,2026-04-07 21:06:00
1775596020,1.15976,1.15978,1.15976,1.15978,3.0,2026-04-07 21:07:00
1775596080,1.15973,1.15984,1.15968,1.15981,24.0,2026-04-07 21:08:00
1775596140,1.15982,1.15996,1.1598,1.15996,16.0,2026-04-07 21:09:00
1775596200,1.15992,1.15998,1.15978,1.15986,43.0,2026-04-07 21:10:00
1775596260,1.15984,1.15986,1.1598,1.15986,13.0,2026-04-07 21:11:00
1775596320,1.15986,1.16005,1.15982,1.15989,44.0,2026-04-07 21:12:00
1775596380,1.1599,1.15998,1.1599,1.15996,49.0,2026-04-07 21:13:00
1775596440,1.15995,1.15998,1.15994,1.15996,16.0,2026-04-07 21:14:00
1775596500,1.15993,1.15999,1.1599,1.15993,48.0,2026-04-07 21:15:00
1775596560,1.15994,1.15995,1.15986,1.15994,28.0,2026-04-07 21:16:00
1775596620,1.15995,1.15996,1.15988,1.15992,26.0,2026-04-07 21:17:00
1775596680,1.15991,1.15992,1.15982,1.15983,18.0,2026-04-07 21:18:00
1775596740,1.15984,1.15999,1.1598,1.15984,44.0,2026-04-07 21:19:00
1775596800,1.15982,1.15987,1.15982,1.15986,12.0,2026-04-07 21:20:00
1775596860,1.15986,1.16011,1.1598,1.15989,31.0,2026-04-07 21:21:00
1775596920,1.15988,1.1599,1.15985,1.1599,15.0,2026-04-07 21:22:00
1775596980,1.1599,1.15993,1.15988,1.15993,31.0,2026-04-07 21:23:00
1775597040,1.15992,1.15996,1.15988,1.15995,14.0,2026-04-07 21:24:00
1775597100,1.15994,1.16,1.15994,1.15997,14.0,2026-04-07 21:25:00
1775597160,1.15995,1.16004,1.15995,1.16003,13.0,2026-04-07 21:26:00
1775597220,1.16002,1.16005,1.16001,1.16003,13.0,2026-04-07 21:27:00
1775597280,1.16004,1.16005,1.16004,1.16005,12.0,2026-04-07 21:28:00
1775597340,1.16006,1.16009,1.16004,1.16009,5.0,2026-04-07 21:29:00
1775597400,1.1601,1.1601,1.16002,1.16005,6.0,2026-04-07 21:30:00
1775597460,1.16002,1.16006,1.16001,1.16006,25.0,2026-04-07 21:31:00
1775597520,1.16008,1.16009,1.15997,1.16006,12.0,2026-04-07 21:32:00
1775597580,1.15996,1.16023,1.15995,1.16011,30.0,2026-04-07 21:33:00
1775597640,1.16023,1.16024,1.1601,1.16013,19.0,2026-04-07 21:34:00
1775597700,1.16012,1.16013,1.16011,1.16011,12.0,2026-04-07 21:35:00
1775597760,1.16012,1.16014,1.1601,1.16014,10.0,2026-04-07 21:36:00
1775597820,1.16023,1.16024,1.15998,1.15998,32.0,2026-04-07 21:37:00
1775597880,1.15997,1.15998,1.15994,1.15994,9.0,2026-04-07 21:38:00
1775597940,1.15996,1.15996,1.1599,1.1599,18.0,2026-04-07 21:39:00
1775598000,1.1599,1.16008,1.15988,1.16002,15.0,2026-04-07 21:40:00
1775598060,1.16004,1.16004,1.1599,1.1599,9.0,2026-04-07 21:41:00
1775598120,1.15989,1.1599,1.15989,1.1599,5.0,2026-04-07 21:42:00
1775598180,1.1599,1.16006,1.1599,1.16005,10.0,2026-04-07 21:43:00
1775598240,1.16002,1.16004,1.15989,1.1599,21.0,2026-04-07 21:44:00
1775598300,1.1599,1.15991,1.1599,1.1599,6.0,2026-04-07 21:45:00
1775598360,1.1599,1.16005,1.1599,1.16003,14.0,2026-04-07 21:46:00
1775598420,1.16003,1.16012,1.15994,1.16,17.0,2026-04-07 21:47:00
1775598480,1.16008,1.16011,1.15999,1.16006,26.0,2026-04-07 21:48:00
1775598540,1.16004,1.1601,1.16004,1.16007,20.0,2026-04-07 21:49:00
1775598600,1.16008,1.1601,1.16001,1.16008,20.0,2026-04-07 21:50:00
1775598660,1.16006,1.1601,1.15992,1.15993,26.0,2026-04-07 21:51:00
1775598720,1.15993,1.16008,1.15993,1.16006,22.0,2026-04-07 21:52:00
1775598780,1.16006,1.16014,1.16004,1.16014,21.0,2026-04-07 21:53:00
1775598840,1.1601,1.16014,1.15978,1.15979,26.0,2026-04-07 21:54:00
1775598900,1.15978,1.15984,1.15978,1.15982,35.0,2026-04-07 21:55:00
1775598960,1.15982,1.16008,1.1598,1.16,104.0,2026-04-07 21:56:00
1775599020,1.15999,1.16,1.1598,1.15995,75.0,2026-04-07 21:57:00
1775599080,1.15996,1.15998,1.15996,1.15996,8.0,2026-04-07 21:58:00
1775599140,1.15997,1.16,1.15995,1.16,28.0,2026-04-07 21:59:00
1775599200,1.16002,1.16082,1.15992,1.16058,289.0,2026-04-07 22:00:00
1775599260,1.16059,1.1607,1.16044,1.16052,104.0,2026-04-07 22:01:00
1775599320,1.16052,1.16101,1.1605,1.16101,173.0,2026-04-07 22:02:00
1775599380,1.161,1.16168,1.161,1.1616,164.0,2026-04-07 22:03:00
1775599440,1.16162,1.16164,1.16153,1.16162,124.0,2026-04-07 22:04:00
1775599500,1.1616,1.16196,1.16154,1.1617,237.0,2026-04-07 22:05:00
1775599560,1.1617,1.16188,1.16166,1.16177,240.0,2026-04-07 22:06:00
1775599620,1.16174,1.1619,1.16164,1.16186,230.0,2026-04-07 22:07:00
1775599680,1.16186,1.16194,1.16169,1.16172,139.0,2026-04-07 22:08:00
1775599740,1.1617,1.16184,1.16162,1.16182,103.0,2026-04-07 22:09:00
1775599800,1.1618,1.16183,1.16162,1.16167,164.0,2026-04-07 22:10:00
1775599860,1.16165,1.16166,1.16125,1.16146,142.0,2026-04-07 22:11:00
1775599920,1.16146,1.16156,1.16136,1.16136,48.0,2026-04-07 22:12:00
1775599980,1.16137,1.16155,1.16125,1.16136,131.0,2026-04-07 22:13:00
1775600040,1.16136,1.16139,1.16122,1.16124,68.0,2026-04-07 22:14:00
1775600100,1.16123,1.16123,1.1611,1.16116,77.0,2026-04-07 22:15:00
1775600160,1.16116,1.16116,1.16098,1.16111,101.0,2026-04-07 22:16:00
1775600220,1.16112,1.16126,1.16112,1.16118,92.0,2026-04-07 22:17:00
1775600280,1.16118,1.1612,1.16102,1.16118,69.0,2026-04-07 22:18:00
1775600340,1.16118,1.1612,1.16108,1.16113,66.0,2026-04-07 22:19:00
1775600400,1.16112,1.16114,1.16102,1.16104,46.0,2026-04-07 22:20:00
1775600460,1.16104,1.16106,1.16095,1.16096,43.0,2026-04-07 22:21:00
1775600520,1.16096,1.1612,1.16096,1.16115,70.0,2026-04-07 22:22:00
1775600580,1.16116,1.16134,1.16112,1.16132,127.0,2026-04-07 22:23:00
1775600640,1.16132,1.16132,1.16122,1.16123,95.0,2026-04-07 22:24:00
1775600700,1.16123,1.16128,1.16116,1.16118,111.0,2026-04-07 22:25:00
1775600760,1.16118,1.1612,1.16111,1.1612,84.0,2026-04-07 22:26:00
1775600820,1.16121,1.16122,1.16114,1.16122,52.0,2026-04-07 22:27:00
1775600880,1.16124,1.16134,1.16122,1.16128,120.0,2026-04-07 22:28:00
1775600940,1.16128,1.16135,1.16126,1.16131,58.0,2026-04-07 22:29:00
1775601000,1.1613,1.16154,1.1613,1.16148,85.0,2026-04-07 22:30:00
1775601060,1.16148,1.16148,1.1612,1.16138,122.0,2026-04-07 22:31:00
1775601120,1.16138,1.16306,1.15889,1.16059,1112.0,2026-04-07 22:32:00
1775601180,1.16062,1.16264,1.16034,1.16218,1332.0,2026-04-07 22:33:00
1775601240,1.16218,1.16299,1.1618,1.16274,1131.0,2026-04-07 22:34:00
1775601300,1.16271,1.16361,1.16267,1.16354,693.0,2026-04-07 22:35:00
1775601360,1.16354,1.16408,1.16354,1.164,677.0,2026-04-07 22:36:00
1775601420,1.164,1.16438,1.16366,1.16424,793.0,2026-04-07 22:37:00
1775601480,1.16424,1.16456,1.1641,1.16412,729.0,2026-04-07 22:38:00
1775601540,1.16412,1.16502,1.16404,1.16496,668.0,2026-04-07 22:39:00
1775601600,1.16496,1.16531,1.1646,1.1648,611.0,2026-04-07 22:40:00
1775601660,1.16482,1.1649,1.16405,1.16422,737.0,2026-04-07 22:41:00
1775601720,1.16423,1.16433,1.16374,1.1641,591.0,2026-04-07 22:42:00
1775601780,1.1641,1.16489,1.16388,1.16477,554.0,2026-04-07 22:43:00
1775601840,1.1648,1.16484,1.16431,1.16433,401.0,2026-04-07 22:44:00
1775601900,1.16433,1.1648,1.16433,1.16466,422.0,2026-04-07 22:45:00
1775601960,1.16466,1.16485,1.16426,1.16434,404.0,2026-04-07 22:46:00
1775602020,1.16434,1.16443,1.16394,1.16394,414.0,2026-04-07 22:47:00
1775602080,1.16395,1.1643,1.16382,1.1641,455.0,2026-04-07 22:48:00
1775602140,1.16408,1.16455,1.16402,1.16448,334.0,2026-04-07 22:49:00
1775602200,1.16448,1.16473,1.16428,1.16442,499.0,2026-04-07 22:50:00
1775602260,1.16442,1.16491,1.16433,1.16484,533.0,2026-04-07 22:51:00
1775602320,1.16484,1.1649,1.16454,1.16478,418.0,2026-04-07 22:52:00
1775602380,1.16478,1.16524,1.16476,1.16524,433.0,2026-04-07 22:53:00
1775602440,1.16523,1.16584,1.1652,1.16542,669.0,2026-04-07 22:54:00
1775602500,1.16542,1.166,1.16542,1.16596,693.0,2026-04-07 22:55:00
1775602560,1.16596,1.16609,1.1659,1.16598,471.0,2026-04-07 22:56:00
1775602620,1.166,1.16669,1.166,1.1666,689.0,2026-04-07 22:57:00
1775602680,1.1666,1.16682,1.1662,1.16664,709.0,2026-04-07 22:58:00
1775602740,1.16662,1.16698,1.16652,1.1668,532.0,2026-04-07 22:59:00
1775602800,1.16682,1.16694,1.16632,1.16636,922.0,2026-04-07 23:00:00
1775602860,1.16635,1.16678,1.16626,1.16676,729.0,2026-04-07 23:01:00
1775602920,1.16676,1.16701,1.16636,1.16697,588.0,2026-04-07 23:02:00
1775602980,1.16696,1.16736,1.16688,1.16723,538.0,2026-04-07 23:03:00
1775603040,1.16722,1.16756,1.16701,1.16733,561.0,2026-04-07 23:04:00
1775603100,1.16732,1.16734,1.16678,1.1669,794.0,2026-04-07 23:05:00
1775603160,1.1669,1.16696,1.16632,1.16654,687.0,2026-04-07 23:06:00
1775603220,1.16652,1.16702,1.16646,1.16677,447.0,2026-04-07 23:07:00
1775603280,1.16676,1.16685,1.16642,1.16678,684.0,2026-04-07 23:08:00
1775603340,1.16677,1.16686,1.16643,1.16662,496.0,2026-04-07 23:09:00
1775603400,1.16662,1.16676,1.1662,1.16624,555.0,2026-04-07 23:10:00
1775603460,1.16625,1.16644,1.16614,1.16642,427.0,2026-04-07 23:11:00
1775603520,1.16644,1.16699,1.16636,1.16698,495.0,2026-04-07 23:12:00
1775603580,1.16694,1.16723,1.16682,1.16704,613.0,2026-04-07 23:13:00
1775603640,1.16702,1.16719,1.16671,1.16695,347.0,2026-04-07 23:14:00
1775603700,1.16696,1.16704,1.16666,1.16671,316.0,2026-04-07 23:15:00
1775603760,1.1667,1.16724,1.1667,1.16722,361.0,2026-04-07 23:16:00
1775603820,1.16722,1.16776,1.16719,1.16738,424.0,2026-04-07 23:17:00
1775603880,1.16734,1.16744,1.16718,1.1674,534.0,2026-04-07 23:18:00
1775603940,1.1674,1.16809,1.16738,1.16788,502.0,2026-04-07 23:19:00
1775604000,1.16788,1.1684,1.16782,1.1683,452.0,2026-04-07 23:20:00
1775604060,1.1683,1.16856,1.16791,1.16828,692.0,2026-04-07 23:21:00
1775604120,1.16828,1.16828,1.16796,1.16804,493.0,2026-04-07 23:22:00
1775604180,1.16804,1.16835,1.168,1.16819,397.0,2026-04-07 23:23:00
1775604240,1.1682,1.16876,1.16811,1.16831,590.0,2026-04-07 23:24:00
1775604300,1.1683,1.16834,1.168,1.16806,523.0,2026-04-07 23:25:00
1775604360,1.16807,1.16876,1.16806,1.16876,563.0,2026-04-07 23:26:00
1775604420,1.16878,1.1688,1.16794,1.16795,541.0,2026-04-07 23:27:00
1775604480,1.16793,1.16798,1.16762,1.16763,641.0,2026-04-07 23:28:00
1775604540,1.16765,1.16774,1.16744,1.16762,545.0,2026-04-07 23:29:00
1775604600,1.16764,1.16828,1.16764,1.16789,614.0,2026-04-07 23:30:00
1775604660,1.16788,1.16791,1.16763,1.16787,532.0,2026-04-07 23:31:00
1775604720,1.16788,1.16818,1.16788,1.16818,219.0,2026-04-07 23:32:00
1775604780,1.16818,1.16818,1.16768,1.16772,379.0,2026-04-07 23:33:00
1775604840,1.16771,1.16774,1.16737,1.16748,465.0,2026-04-07 23:34:00
1775604900,1.16748,1.16761,1.16724,1.16756,405.0,2026-04-07 23:35:00
1775604960,1.16755,1.16756,1.16715,1.16728,384.0,2026-04-07 23:36:00
1775605020,1.16728,1.16762,1.16717,1.1674,434.0,2026-04-07 23:37:00
1775605080,1.16741,1.1676,1.16734,1.16754,316.0,2026-04-07 23:38:00
1775605140,1.16755,1.16817,1.16749,1.16816,422.0,2026-04-07 23:39:00
1775605200,1.16816,1.16818,1.16796,1.16804,417.0,2026-04-07 23:40:00
1775605260,1.16803,1.16811,1.16788,1.16809,331.0,2026-04-07 23:41:00
1775605320,1.16808,1.16834,1.16803,1.16832,236.0,2026-04-07 23:42:00
1775605380,1.16833,1.16859,1.16814,1.16856,323.0,2026-04-07 23:43:00
1775605440,1.16856,1.16869,1.16825,1.1686,415.0,2026-04-07 23:44:00
1775605500,1.1686,1.16877,1.16854,1.16864,367.0,2026-04-07 23:45:00
1775605560,1.16864,1.169,1.16864,1.16898,261.0,2026-04-07 23:46:00
1775605620,1.16897,1.16903,1.16867,1.16883,284.0,2026-04-07 23:47:00
1775605680,1.16885,1.16886,1.16842,1.16848,269.0,2026-04-07 23:48:00
1775605740,1.16846,1.16868,1.16837,1.16866,334.0,2026-04-07 23:49:00
1775605800,1.16866,1.16892,1.16842,1.16877,298.0,2026-04-07 23:50:00
1775605860,1.16876,1.16886,1.16864,1.1688,410.0,2026-04-07 23:51:00
1775605920,1.1688,1.16884,1.16855,1.16884,524.0,2026-04-07 23:52:00
1775605980,1.16883,1.16897,1.16877,1.1689,342.0,2026-04-07 23:53:00
1775606040,1.16889,1.16892,1.16842,1.16846,366.0,2026-04-07 23:54:00
1775606100,1.16846,1.16854,1.16818,1.16847,400.0,2026-04-07 23:55:00
1775606160,1.16846,1.16852,1.16834,1.16834,423.0,2026-04-07 23:56:00
1775606220,1.16834,1.16854,1.16826,1.16834,469.0,2026-04-07 23:57:00
1775606280,1.16834,1.1686,1.1683,1.16851,358.0,2026-04-07 23:58:00
1775606340,1.16852,1.16872,1.16846,1.16862,391.0,2026-04-07 23:59:00
1775606400,1.16863,1.16904,1.16857,1.16903,1117.0,2026-04-08 00:00:00
1775606460,1.16904,1.16934,1.16868,1.16934,802.0,2026-04-08 00:01:00
1775606520,1.16936,1.1697,1.1693,1.1694,676.0,2026-04-08 00:02:00
1775606580,1.16942,1.16952,1.16856,1.16858,878.0,2026-04-08 00:03:00
1775606640,1.16858,1.16874,1.16838,1.16856,994.0,2026-04-08 00:04:00
1775606700,1.16856,1.16885,1.16822,1.1684,726.0,2026-04-08 00:05:00
1775606760,1.16838,1.1686,1.1681,1.16812,736.0,2026-04-08 00:06:00
1775606820,1.16812,1.16818,1.16774,1.16806,895.0,2026-04-08 00:07:00
1775606880,1.16805,1.16806,1.16763,1.16778,831.0,2026-04-08 00:08:00
1775606940,1.16778,1.16796,1.16755,1.16794,723.0,2026-04-08 00:09:00
1775607000,1.16793,1.16858,1.16793,1.16854,575.0,2026-04-08 00:10:00
1775607060,1.16854,1.16876,1.16853,1.16857,647.0,2026-04-08 00:11:00
1775607120,1.16858,1.16862,1.16802,1.16819,707.0,2026-04-08 00:12:00
1775607180,1.1682,1.1684,1.168,1.16806,688.0,2026-04-08 00:13:00
1775607240,1.16806,1.16814,1.1677,1.1679,586.0,2026-04-08 00:14:00
1775607300,1.16792,1.16797,1.16729,1.16759,830.0,2026-04-08 00:15:00
1775607360,1.16758,1.1677,1.16747,1.16748,589.0,2026-04-08 00:16:00
1775607420,1.16748,1.16756,1.16731,1.16745,604.0,2026-04-08 00:17:00
1775607480,1.16744,1.16752,1.16716,1.1672,624.0,2026-04-08 00:18:00
1775607540,1.1672,1.16724,1.16701,1.16718,544.0,2026-04-08 00:19:00
1775607600,1.16719,1.16755,1.16706,1.16748,595.0,2026-04-08 00:20:00
1775607660,1.16748,1.16774,1.16745,1.16768,489.0,2026-04-08 00:21:00
1775607720,1.16768,1.16775,1.1675,1.16766,389.0,2026-04-08 00:22:00
1775607780,1.16765,1.16782,1.16744,1.16776,458.0,2026-04-08 00:23:00
1775607840,1.16775,1.16779,1.16743,1.16746,570.0,2026-04-08 00:24:00
1775607900,1.16746,1.16762,1.16732,1.16755,701.0,2026-04-08 00:25:00
1775607960,1.16754,1.1678,1.16736,1.1677,413.0,2026-04-08 00:26:00
1775608020,1.1677,1.1677,1.16746,1.16746,447.0,2026-04-08 00:27:00
1775608080,1.16746,1.16752,1.16734,1.16743,370.0,2026-04-08 00:28:00
1775608140,1.16744,1.16756,1.16738,1.1675,485.0,2026-04-08 00:29:00
1775608200,1.16751,1.16771,1.1674,1.16754,606.0,2026-04-08 00:30:00
1775608260,1.16754,1.16755,1.16719,1.1674,634.0,2026-04-08 00:31:00
1775608320,1.1674,1.16744,1.16718,1.16728,361.0,2026-04-08 00:32:00
1775608380,1.16727,1.16744,1.1671,1.16718,565.0,2026-04-08 00:33:00
1775608440,1.16717,1.16718,1.16694,1.16708,409.0,2026-04-08 00:34:00
1775608500,1.16707,1.16715,1.16696,1.16702,403.0,2026-04-08 00:35:00
1775608560,1.16702,1.16712,1.16662,1.16671,547.0,2026-04-08 00:36:00
1775608620,1.16672,1.1669,1.16663,1.1669,603.0,2026-04-08 00:37:00
1775608680,1.1669,1.16732,1.1668,1.16713,518.0,2026-04-08 00:38:00
1775608740,1.16714,1.16726,1.16694,1.16695,310.0,2026-04-08 00:39:00
1775608800,1.16696,1.1671,1.16669,1.16674,381.0,2026-04-08 00:40:00
1775608860,1.16676,1.1669,1.16672,1.16684,397.0,2026-04-08 00:41:00
1775608920,1.16684,1.16704,1.16676,1.167,368.0,2026-04-08 00:42:00
1775608980,1.167,1.167,1.16668,1.16688,364.0,2026-04-08 00:43:00
1775609040,1.16687,1.16688,1.16667,1.16668,337.0,2026-04-08 00:44:00
1775609100,1.16668,1.16678,1.16662,1.1667,350.0,2026-04-08 00:45:00
1775609160,1.16672,1.16698,1.16672,1.16688,303.0,2026-04-08 00:46:00
1775609220,1.16688,1.16696,1.16661,1.16666,444.0,2026-04-08 00:47:00
1775609280,1.16668,1.16707,1.16667,1.167,334.0,2026-04-08 00:48:00
1775609340,1.167,1.16764,1.16694,1.16737,427.0,2026-04-08 00:49:00
1775609400,1.16738,1.16753,1.16734,1.1674,454.0,2026-04-08 00:50:00
1775609460,1.1674,1.16764,1.16734,1.1675,276.0,2026-04-08 00:51:00
1775609520,1.16749,1.16764,1.16748,1.16752,280.0,2026-04-08 00:52:00
1775609580,1.16752,1.16759,1.16724,1.1673,233.0,2026-04-08 00:53:00
1775609640,1.16729,1.16736,1.16696,1.16698,384.0,2026-04-08 00:54:00
1775609700,1.16698,1.16734,1.16698,1.1673,371.0,2026-04-08 00:55:00
1775609760,1.16732,1.16734,1.16712,1.16714,245.0,2026-04-08 00:56:00
1775609820,1.16711,1.16732,1.16709,1.1672,200.0,2026-04-08 00:57:00
1775609880,1.16722,1.16725,1.16686,1.16699,230.0,2026-04-08 00:58:00
1775609940,1.16702,1.16732,1.16702,1.16718,176.0,2026-04-08 00:59:00
1775610000,1.16718,1.16738,1.16712,1.16736,463.0,2026-04-08 01:00:00
1775610060,1.16736,1.16776,1.16734,1.16769,362.0,2026-04-08 01:01:00
1775610120,1.16768,1.1677,1.16752,1.16768,442.0,2026-04-08 01:02:00
1775610180,1.16768,1.16768,1.16738,1.16758,381.0,2026-04-08 01:03:00
1775610240,1.16759,1.16762,1.16734,1.16756,288.0,2026-04-08 01:04:00
1775610300,1.16756,1.16765,1.16743,1.16762,331.0,2026-04-08 01:05:00
1775610360,1.16761,1.16764,1.16734,1.16759,274.0,2026-04-08 01:06:00
1775610420,1.16758,1.16771,1.16752,1.1676,254.0,2026-04-08 01:07:00
1775610480,1.16759,1.16798,1.16759,1.16774,434.0,2026-04-08 01:08:00
1775610540,1.16771,1.16777,1.16753,1.16775,340.0,2026-04-08 01:09:00
1775610600,1.16778,1.16789,1.16766,1.16788,354.0,2026-04-08 01:10:00
1775610660,1.16787,1.16794,1.16774,1.16793,289.0,2026-04-08 01:11:00
1775610720,1.16794,1.16831,1.1679,1.16829,324.0,2026-04-08 01:12:00
1775610780,1.16827,1.16838,1.16812,1.16813,282.0,2026-04-08 01:13:00
1775610840,1.16812,1.16815,1.1678,1.16782,583.0,2026-04-08 01:14:00
1775610900,1.16781,1.16793,1.16758,1.16778,513.0,2026-04-08 01:15:00
1775610960,1.16779,1.1679,1.16768,1.16768,435.0,2026-04-08 01:16:00
1775611020,1.16766,1.16774,1.16755,1.16773,314.0,2026-04-08 01:17:00
1775611080,1.16772,1.16809,1.16772,1.16805,429.0,2026-04-08 01:18:00
1775611140,1.16806,1.1682,1.16798,1.16812,377.0,2026-04-08 01:19:00
1775611200,1.16812,1.16822,1.16791,1.16794,363.0,2026-04-08 01:20:00
1775611260,1.16793,1.16806,1.16788,1.16799,265.0,2026-04-08 01:21:00
1775611320,1.168,1.16807,1.16788,1.16802,212.0,2026-04-08 01:22:00
1775611380,1.16803,1.1682,1.16796,1.1682,235.0,2026-04-08 01:23:00
1775611440,1.1682,1.16844,1.16814,1.16832,258.0,2026-04-08 01:24:00
1775611500,1.16834,1.16873,1.16834,1.16872,237.0,2026-04-08 01:25:00
1775611560,1.1687,1.16881,1.1686,1.16872,280.0,2026-04-08 01:26:00
1775611620,1.16872,1.16878,1.16854,1.16877,257.0,2026-04-08 01:27:00
1775611680,1.16876,1.16884,1.16866,1.16868,333.0,2026-04-08 01:28:00
1775611740,1.1687,1.16874,1.16856,1.16866,294.0,2026-04-08 01:29:00
1775611800,1.16866,1.16868,1.1682,1.1682,334.0,2026-04-08 01:30:00
1775611860,1.1682,1.16824,1.1679,1.16796,484.0,2026-04-08 01:31:00
1775611920,1.16795,1.16801,1.16792,1.16797,348.0,2026-04-08 01:32:00
1775611980,1.16798,1.16803,1.1677,1.16772,335.0,2026-04-08 01:33:00
1775612040,1.1677,1.1679,1.16769,1.1679,189.0,2026-04-08 01:34:00
1775612100,1.1679,1.16792,1.16764,1.16766,225.0,2026-04-08 01:35:00
1775612160,1.16764,1.16772,1.1675,1.16765,343.0,2026-04-08 01:36:00
1775612220,1.16766,1.1678,1.1676,1.1678,204.0,2026-04-08 01:37:00
1775612280,1.16778,1.16806,1.16772,1.16793,241.0,2026-04-08 01:38:00
1775612340,1.16792,1.16797,1.16778,1.16784,284.0,2026-04-08 01:39:00
1775612400,1.16785,1.16786,1.16761,1.16772,233.0,2026-04-08 01:40:00
1775612460,1.16773,1.16796,1.16773,1.16795,270.0,2026-04-08 01:41:00
1775612520,1.16794,1.16806,1.16792,1.16792,217.0,2026-04-08 01:42:00
1775612580,1.16792,1.16806,1.1679,1.168,164.0,2026-04-08 01:43:00
1775612640,1.16801,1.16812,1.16798,1.16807,256.0,2026-04-08 01:44:00
1775612700,1.16808,1.16816,1.16804,1.16811,179.0,2026-04-08 01:45:00
1775612760,1.1681,1.16828,1.16806,1.16814,227.0,2026-04-08 01:46:00
1775612820,1.16814,1.16822,1.16794,1.16803,306.0,2026-04-08 01:47:00
1775612880,1.16802,1.16806,1.16794,1.168,179.0,2026-04-08 01:48:00
1775612940,1.168,1.16823,1.168,1.16821,141.0,2026-04-08 01:49:00
1775613000,1.16822,1.16842,1.16822,1.16841,219.0,2026-04-08 01:50:00
1775613060,1.16842,1.16846,1.16838,1.16844,102.0,2026-04-08 01:51:00
1775613120,1.16844,1.16844,1.16835,1.1684,138.0,2026-04-08 01:52:00
1775613180,1.16839,1.16839,1.1681,1.1681,162.0,2026-04-08 01:53:00
1775613240,1.1681,1.1681,1.1678,1.16794,372.0,2026-04-08 01:54:00
1775613300,1.16794,1.16796,1.16758,1.16762,177.0,2026-04-08 01:55:00
1775613360,1.16763,1.16775,1.16758,1.16768,154.0,2026-04-08 01:56:00
1775613420,1.16769,1.16769,1.16748,1.16748,62.0,2026-04-08 01:57:00
1775613480,1.16748,1.16763,1.16748,1.1676,109.0,2026-04-08 01:58:00
1775613540,1.1676,1.1676,1.16747,1.16754,92.0,2026-04-08 01:59:00
1775613600,1.16754,1.16802,1.16754,1.168,244.0,2026-04-08 02:00:00
1775613660,1.168,1.16824,1.16794,1.16819,247.0,2026-04-08 02:01:00
1775613720,1.16818,1.1682,1.16772,1.16773,353.0,2026-04-08 02:02:00
1775613780,1.16774,1.16792,1.16774,1.16783,329.0,2026-04-08 02:03:00
1775613840,1.16784,1.1681,1.16782,1.16804,203.0,2026-04-08 02:04:00
1775613900,1.16804,1.16821,1.16804,1.1681,227.0,2026-04-08 02:05:00
1775613960,1.1681,1.16811,1.16787,1.16792,210.0,2026-04-08 02:06:00
1775614020,1.16792,1.16796,1.16779,1.16785,156.0,2026-04-08 02:07:00
1775614080,1.16784,1.16804,1.16782,1.1679,251.0,2026-04-08 02:08:00
1775614140,1.16788,1.1679,1.16765,1.16779,163.0,2026-04-08 02:09:00
1775614200,1.16778,1.16784,1.16772,1.16772,154.0,2026-04-08 02:10:00
1775614260,1.16772,1.16776,1.16758,1.16758,169.0,2026-04-08 02:11:00
1775614320,1.16758,1.16766,1.16754,1.16763,208.0,2026-04-08 02:12:00
1775614380,1.16762,1.16788,1.16762,1.16782,144.0,2026-04-08 02:13:00
1775614440,1.16784,1.16784,1.16756,1.16765,195.0,2026-04-08 02:14:00
1775614500,1.16763,1.1677,1.16756,1.16764,102.0,2026-04-08 02:15:00
1775614560,1.16764,1.16764,1.16742,1.16744,128.0,2026-04-08 02:16:00
1775614620,1.16745,1.16747,1.16738,1.16743,87.0,2026-04-08 02:17:00
1775614680,1.16744,1.16749,1.16737,1.16742,81.0,2026-04-08 02:18:00
1775614740,1.16744,1.16748,1.16738,1.1674,114.0,2026-04-08 02:19:00
1775614800,1.16739,1.1675,1.16732,1.16738,161.0,2026-04-08 02:20:00
1775614860,1.16738,1.1674,1.16724,1.16729,139.0,2026-04-08 02:21:00
1775614920,1.16732,1.16732,1.16708,1.16713,142.0,2026-04-08 02:22:00
1775614980,1.16713,1.16718,1.16707,1.16709,116.0,2026-04-08 02:23:00
1775615040,1.1671,1.16715,1.16692,1.167,166.0,2026-04-08 02:24:00
1775615100,1.16698,1.16702,1.16688,1.16702,150.0,2026-04-08 02:25:00
1775615160,1.16702,1.16714,1.167,1.16704,147.0,2026-04-08 02:26:00
1775615220,1.16703,1.16726,1.167,1.16726,227.0,2026-04-08 02:27:00
1775615280,1.16727,1.16738,1.1672,1.16737,124.0,2026-04-08 02:28:00
1775615340,1.16737,1.1674,1.16732,1.16738,162.0,2026-04-08 02:29:00
1775615400,1.16738,1.16754,1.16732,1.16735,246.0,2026-04-08 02:30:00
1775615460,1.16732,1.16732,1.16708,1.16714,138.0,2026-04-08 02:31:00
1775615520,1.16714,1.16724,1.16711,1.16721,114.0,2026-04-08 02:32:00
1775615580,1.16723,1.16749,1.16721,1.16736,163.0,2026-04-08 02:33:00
1775615640,1.16736,1.16736,1.16718,1.16724,138.0,2026-04-08 02:34:00
1775615700,1.16725,1.16734,1.16716,1.16716,118.0,2026-04-08 02:35:00
1775615760,1.16715,1.16728,1.16709,1.16728,127.0,2026-04-08 02:36:00
1775615820,1.16728,1.1673,1.16717,1.16721,129.0,2026-04-08 02:37:00
1775615880,1.1672,1.16728,1.16714,1.16715,153.0,2026-04-08 02:38:00
1775615940,1.16714,1.16721,1.16709,1.16714,134.0,2026-04-08 02:39:00
1775616000,1.16714,1.16724,1.1671,1.16713,67.0,2026-04-08 02:40:00
1775616060,1.16712,1.16724,1.16708,1.16722,128.0,2026-04-08 02:41:00
1775616120,1.16722,1.16725,1.16708,1.16708,118.0,2026-04-08 02:42:00
1775616180,1.16708,1.16728,1.16708,1.16721,89.0,2026-04-08 02:43:00
1775616240,1.1672,1.16723,1.16714,1.16716,91.0,2026-04-08 02:44:00
1775616300,1.16716,1.16718,1.16707,1.16715,92.0,2026-04-08 02:45:00
1775616360,1.16714,1.16717,1.16702,1.16705,171.0,2026-04-08 02:46:00
1775616420,1.16706,1.16712,1.16702,1.1671,100.0,2026-04-08 02:47:00
1775616480,1.16712,1.16719,1.16702,1.16703,102.0,2026-04-08 02:48:00
1775616540,1.16702,1.16712,1.167,1.16706,102.0,2026-04-08 02:49:00
1775616600,1.16704,1.16715,1.16702,1.16712,86.0,2026-04-08 02:50:00
1775616660,1.16712,1.16714,1.16697,1.1671,84.0,2026-04-08 02:51:00
1775616720,1.16709,1.16728,1.16707,1.16726,63.0,2026-04-08 02:52:00
1775616780,1.16723,1.16724,1.16713,1.16718,104.0,2026-04-08 02:53:00
1775616840,1.1672,1.1672,1.16698,1.16703,84.0,2026-04-08 02:54:00
1775616900,1.16702,1.16713,1.16696,1.16706,123.0,2026-04-08 02:55:00
1775616960,1.16707,1.1672,1.16696,1.16714,150.0,2026-04-08 02:56:00
1775617020,1.16714,1.16726,1.1671,1.16722,103.0,2026-04-08 02:57:00
1775617080,1.16722,1.16726,1.16714,1.16723,126.0,2026-04-08 02:58:00
1775617140,1.16724,1.16739,1.16724,1.16737,117.0,2026-04-08 02:59:00
1775617200,1.16739,1.16746,1.16734,1.16739,116.0,2026-04-08 03:00:00
1775617260,1.16738,1.1674,1.16721,1.16721,175.0,2026-04-08 03:01:00
1775617320,1.1672,1.16725,1.16712,1.16716,118.0,2026-04-08 03:02:00
1775617380,1.16714,1.1672,1.16708,1.16714,126.0,2026-04-08 03:03:00
1775617440,1.16714,1.1673,1.16708,1.16713,120.0,2026-04-08 03:04:00
1775617500,1.16713,1.1672,1.16708,1.16717,90.0,2026-04-08 03:05:00
1775617560,1.16718,1.1672,1.16708,1.16716,92.0,2026-04-08 03:06:00
1775617620,1.16714,1.16724,1.16705,1.16718,109.0,2026-04-08 03:07:00
1775617680,1.1672,1.1673,1.16717,1.16728,121.0,2026-04-08 03:08:00
1775617740,1.16728,1.16734,1.16717,1.16717,107.0,2026-04-08 03:09:00
1775617800,1.16718,1.1673,1.16718,1.16729,58.0,2026-04-08 03:10:00
1775617860,1.1673,1.16749,1.16728,1.16744,96.0,2026-04-08 03:11:00
1775617920,1.16743,1.16744,1.16732,1.16739,126.0,2026-04-08 03:12:00
1775617980,1.1674,1.1674,1.16724,1.16729,89.0,2026-04-08 03:13:00
1775618040,1.1673,1.16745,1.16729,1.16742,98.0,2026-04-08 03:14:00
1775618100,1.16743,1.16743,1.16732,1.16734,64.0,2026-04-08 03:15:00
1775618160,1.16734,1.16746,1.16733,1.16746,89.0,2026-04-08 03:16:00
1775618220,1.16746,1.16751,1.1674,1.16745,62.0,2026-04-08 03:17:00
1775618280,1.16744,1.1676,1.16744,1.16744,115.0,2026-04-08 03:18:00
1775618340,1.16742,1.16753,1.16726,1.16726,113.0,2026-04-08 03:19:00
1775618400,1.16725,1.16726,1.16703,1.16715,91.0,2026-04-08 03:20:00
1775618460,1.16713,1.16713,1.16694,1.167,102.0,2026-04-08 03:21:00
1775618520,1.167,1.167,1.1668,1.16683,133.0,2026-04-08 03:22:00
1775618580,1.16684,1.16686,1.16676,1.16676,77.0,2026-04-08 03:23:00
1775618640,1.16678,1.16691,1.16676,1.1669,101.0,2026-04-08 03:24:00
1775618700,1.1669,1.16694,1.16678,1.16678,122.0,2026-04-08 03:25:00
1775618760,1.16678,1.1668,1.16672,1.1668,76.0,2026-04-08 03:26:00
1775618820,1.1668,1.16688,1.16672,1.16686,124.0,2026-04-08 03:27:00
1775618880,1.16685,1.16688,1.16676,1.16688,135.0,2026-04-08 03:28:00
1775618940,1.16688,1.16695,1.16684,1.16692,98.0,2026-04-08 03:29:00
1775619000,1.16691,1.16696,1.16688,1.16696,135.0,2026-04-08 03:30:00
1775619060,1.16695,1.16706,1.16694,1.16703,99.0,2026-04-08 03:31:00
1775619120,1.16702,1.16702,1.16678,1.16678,91.0,2026-04-08 03:32:00
1775619180,1.16676,1.1668,1.16672,1.16674,63.0,2026-04-08 03:33:00
1775619240,1.16675,1.16686,1.16674,1.16686,90.0,2026-04-08 03:34:00
1775619300,1.16686,1.1669,1.1668,1.16686,69.0,2026-04-08 03:35:00
1775619360,1.16686,1.16698,1.16686,1.16692,92.0,2026-04-08 03:36:00
1775619420,1.16692,1.16694,1.16684,1.1669,56.0,2026-04-08 03:37:00
1775619480,1.16691,1.16712,1.16691,1.16694,91.0,2026-04-08 03:38:00
1775619540,1.16694,1.16694,1.16662,1.16683,156.0,2026-04-08 03:39:00
1775619600,1.16683,1.16706,1.16682,1.16697,100.0,2026-04-08 03:40:00
1775619660,1.16696,1.16713,1.16692,1.16705,78.0,2026-04-08 03:41:00
1775619720,1.16704,1.16713,1.16702,1.16708,49.0,2026-04-08 03:42:00
1775619780,1.16708,1.16724,1.16708,1.16716,120.0,2026-04-08 03:43:00
1775619840,1.16716,1.16722,1.167,1.16703,297.0,2026-04-08 03:44:00
1775619900,1.16702,1.16704,1.16692,1.16704,115.0,2026-04-08 03:45:00
1775619960,1.16702,1.16704,1.16694,1.16704,93.0,2026-04-08 03:46:00
1775620020,1.16703,1.16704,1.16688,1.16688,92.0,2026-04-08 03:47:00
1775620080,1.1669,1.16705,1.1669,1.167,59.0,2026-04-08 03:48:00
1775620140,1.167,1.16712,1.16698,1.16711,86.0,2026-04-08 03:49:00
1775620200,1.16712,1.16712,1.16694,1.16708,143.0,2026-04-08 03:50:00
1775620260,1.16708,1.16724,1.16708,1.16716,116.0,2026-04-08 03:51:00
1775620320,1.16714,1.16716,1.16714,1.16714,61.0,2026-04-08 03:52:00
1775620380,1.16715,1.16716,1.167,1.16706,77.0,2026-04-08 03:53:00
1775620440,1.16705,1.16706,1.16698,1.16702,101.0,2026-04-08 03:54:00
1775620500,1.16704,1.16714,1.16702,1.16703,140.0,2026-04-08 03:55:00
1775620560,1.16701,1.16701,1.1669,1.16698,70.0,2026-04-08 03:56:00
1775620620,1.16698,1.16716,1.16692,1.16713,112.0,2026-04-08 03:57:00
1775620680,1.16714,1.16714,1.16708,1.16712,110.0,2026-04-08 03:58:00
1775620740,1.1671,1.16714,1.16704,1.16707,128.0,2026-04-08 03:59:00
1775620800,1.16708,1.16736,1.16708,1.16734,160.0,2026-04-08 04:00:00
1775620860,1.16736,1.16752,1.16736,1.16748,202.0,2026-04-08 04:01:00
1775620920,1.16748,1.16759,1.16745,1.16756,137.0,2026-04-08 04:02:00
1775620980,1.16754,1.16759,1.16754,1.16758,107.0,2026-04-08 04:03:00
1775621040,1.16757,1.16758,1.16747,1.1675,93.0,2026-04-08 04:04:00
1775621100,1.16751,1.16762,1.16751,1.16756,80.0,2026-04-08 04:05:00
1775621160,1.16756,1.16762,1.1675,1.16756,78.0,2026-04-08 04:06:00
1775621220,1.16756,1.16767,1.16754,1.1676,63.0,2026-04-08 04:07:00
1775621280,1.16761,1.16766,1.16759,1.16766,49.0,2026-04-08 04:08:00
1775621340,1.16764,1.16782,1.16759,1.16782,108.0,2026-04-08 04:09:00
1775621400,1.16781,1.16788,1.16772,1.16783,147.0,2026-04-08 04:10:00
1775621460,1.16782,1.16786,1.16769,1.16775,132.0,2026-04-08 04:11:00
1775621520,1.16776,1.16782,1.16774,1.16776,115.0,2026-04-08 04:12:00
1775621580,1.16776,1.16782,1.16768,1.16776,112.0,2026-04-08 04:13:00
1775621640,1.16776,1.16786,1.16774,1.16785,151.0,2026-04-08 04:14:00
1775621700,1.16786,1.16796,1.16782,1.16796,125.0,2026-04-08 04:15:00
1775621760,1.16795,1.1681,1.16794,1.1681,132.0,2026-04-08 04:16:00
1775621820,1.1681,1.1681,1.16802,1.16804,119.0,2026-04-08 04:17:00
1775621880,1.16803,1.16809,1.16799,1.16804,70.0,2026-04-08 04:18:00
1775621940,1.16806,1.16809,1.16799,1.16803,132.0,2026-04-08 04:19:00
1775622000,1.168,1.168,1.16789,1.16795,193.0,2026-04-08 04:20:00
1775622060,1.16794,1.16794,1.16774,1.16774,193.0,2026-04-08 04:21:00
1775622120,1.16774,1.16774,1.16761,1.16761,90.0,2026-04-08 04:22:00
1775622180,1.16761,1.16764,1.1675,1.16757,156.0,2026-04-08 04:23:00
1775622240,1.16758,1.16765,1.16756,1.16763,116.0,2026-04-08 04:24:00
1775622300,1.16762,1.16764,1.16758,1.16764,135.0,2026-04-08 04:25:00
1775622360,1.16765,1.16774,1.16764,1.16772,131.0,2026-04-08 04:26:00
1775622420,1.1677,1.1677,1.16761,1.16766,123.0,2026-04-08 04:27:00
1775622480,1.16765,1.16779,1.16765,1.16776,56.0,2026-04-08 04:28:00
1775622540,1.16778,1.16784,1.16774,1.16779,70.0,2026-04-08 04:29:00
1775622600,1.1678,1.16797,1.16778,1.16797,106.0,2026-04-08 04:30:00
1775622660,1.16796,1.16804,1.16792,1.16797,143.0,2026-04-08 04:31:00
1775622720,1.16796,1.168,1.16792,1.16797,64.0,2026-04-08 04:32:00
1775622780,1.16796,1.16803,1.16794,1.16796,91.0,2026-04-08 04:33:00
1775622840,1.16796,1.16805,1.16789,1.16801,131.0,2026-04-08 04:34:00
1775622900,1.168,1.16804,1.16795,1.16803,70.0,2026-04-08 04:35:00
1775622960,1.16802,1.16807,1.16787,1.1679,117.0,2026-04-08 04:36:00
1775623020,1.16791,1.16804,1.16791,1.16804,68.0,2026-04-08 04:37:00
1775623080,1.16804,1.16804,1.16795,1.16804,80.0,2026-04-08 04:38:00
1775623140,1.16803,1.16803,1.16783,1.1679,78.0,2026-04-08 04:39:00
1775623200,1.1679,1.1679,1.16769,1.16772,71.0,2026-04-08 04:40:00
1775623260,1.16769,1.16769,1.16754,1.16764,94.0,2026-04-08 04:41:00
1775623320,1.16766,1.16795,1.16766,1.16794,127.0,2026-04-08 04:42:00
1775623380,1.16796,1.16798,1.1678,1.1678,105.0,2026-04-08 04:43:00
1775623440,1.16782,1.16782,1.16774,1.16775,65.0,2026-04-08 04:44:00
1775623500,1.16776,1.16786,1.16772,1.16781,59.0,2026-04-08 04:45:00
1775623560,1.1678,1.16785,1.16774,1.1678,65.0,2026-04-08 04:46:00
1775623620,1.1678,1.16786,1.16774,1.16785,150.0,2026-04-08 04:47:00
1775623680,1.16786,1.16792,1.16785,1.16788,105.0,2026-04-08 04:48:00
1775623740,1.16788,1.16788,1.16768,1.16772,114.0,2026-04-08 04:49:00
1775623800,1.16772,1.16772,1.16754,1.1676,182.0,2026-04-08 04:50:00
1775623860,1.16761,1.1677,1.16758,1.16766,62.0,2026-04-08 04:51:00
1775623920,1.16765,1.16769,1.16755,1.1676,154.0,2026-04-08 04:52:00
1775623980,1.1676,1.16775,1.1676,1.16764,144.0,2026-04-08 04:53:00
1775624040,1.16765,1.16769,1.16758,1.16764,126.0,2026-04-08 04:54:00
1775624100,1.16766,1.16774,1.16754,1.16764,136.0,2026-04-08 04:55:00
1775624160,1.16763,1.16766,1.16756,1.16758,142.0,2026-04-08 04:56:00
1775624220,1.16758,1.16766,1.16755,1.16756,144.0,2026-04-08 04:57:00
1775624280,1.16756,1.16758,1.1674,1.16752,126.0,2026-04-08 04:58:00
1775624340,1.16754,1.16763,1.16749,1.16763,88.0,2026-04-08 04:59:00
1775624400,1.16764,1.1678,1.16764,1.16776,225.0,2026-04-08 05:00:00
1775624460,1.16776,1.16783,1.16768,1.16778,166.0,2026-04-08 05:01:00
1775624520,1.16776,1.16776,1.16754,1.16756,180.0,2026-04-08 05:02:00
1775624580,1.16756,1.16766,1.16752,1.16754,144.0,2026-04-08 05:03:00
1775624640,1.16752,1.16762,1.16742,1.16759,105.0,2026-04-08 05:04:00
1775624700,1.1676,1.16767,1.1676,1.16764,134.0,2026-04-08 05:05:00
1775624760,1.16766,1.16786,1.16765,1.16782,216.0,2026-04-08 05:06:00
1775624820,1.1678,1.1679,1.1678,1.1678,175.0,2026-04-08 05:07:00
1775624880,1.1678,1.16794,1.1678,1.16784,161.0,2026-04-08 05:08:00
1775624940,1.16784,1.16784,1.16758,1.16769,192.0,2026-04-08 05:09:00
1775625000,1.1677,1.16777,1.16762,1.16766,176.0,2026-04-08 05:10:00
1775625060,1.16766,1.16766,1.16755,1.1676,122.0,2026-04-08 05:11:00
1775625120,1.16761,1.16768,1.16753,1.16762,120.0,2026-04-08 05:12:00
1775625180,1.16762,1.1677,1.16721,1.16765,262.0,2026-04-08 05:13:00
1775625240,1.16765,1.16786,1.16764,1.16774,155.0,2026-04-08 05:14:00
1775625300,1.16774,1.16778,1.16765,1.16773,177.0,2026-04-08 05:15:00
1775625360,1.16772,1.16782,1.1676,1.16772,170.0,2026-04-08 05:16:00
1775625420,1.16772,1.16778,1.16764,1.16776,92.0,2026-04-08 05:17:00
1775625480,1.16774,1.1681,1.16774,1.16809,122.0,2026-04-08 05:18:00
1775625540,1.16808,1.16812,1.16803,1.1681,96.0,2026-04-08 05:19:00
1775625600,1.1681,1.16826,1.16803,1.16826,155.0,2026-04-08 05:20:00
1775625660,1.16827,1.16846,1.16826,1.16842,93.0,2026-04-08 05:21:00
1775625720,1.16838,1.16846,1.16834,1.16838,110.0,2026-04-08 05:22:00
1775625780,1.1684,1.16862,1.16834,1.16858,127.0,2026-04-08 05:23:00
1775625840,1.16858,1.16872,1.16858,1.16868,202.0,2026-04-08 05:24:00
1775625900,1.16867,1.16877,1.16864,1.16866,185.0,2026-04-08 05:25:00
1775625960,1.16865,1.16866,1.16849,1.16852,164.0,2026-04-08 05:26:00
1775626020,1.16851,1.16859,1.16844,1.1685,166.0,2026-04-08 05:27:00
1775626080,1.16852,1.16868,1.1685,1.16856,137.0,2026-04-08 05:28:00
1775626140,1.16856,1.16862,1.16856,1.16858,110.0,2026-04-08 05:29:00
1775626200,1.16857,1.16857,1.16839,1.16851,229.0,2026-04-08 05:30:00
1775626260,1.16852,1.16881,1.1685,1.16871,165.0,2026-04-08 05:31:00
1775626320,1.1687,1.16872,1.16856,1.1686,134.0,2026-04-08 05:32:00
1775626380,1.1686,1.16868,1.16851,1.16868,155.0,2026-04-08 05:33:00
1775626440,1.1687,1.16876,1.16862,1.16872,104.0,2026-04-08 05:34:00
1775626500,1.16871,1.16876,1.16854,1.16874,146.0,2026-04-08 05:35:00
1775626560,1.16874,1.16881,1.16863,1.1688,173.0,2026-04-08 05:36:00
1775626620,1.16881,1.16882,1.16872,1.16876,123.0,2026-04-08 05:37:00
1775626680,1.16878,1.16884,1.16864,1.16882,177.0,2026-04-08 05:38:00
1775626740,1.16882,1.16888,1.16876,1.1688,146.0,2026-04-08 05:39:00
1775626800,1.16879,1.16886,1.16878,1.16886,93.0,2026-04-08 05:40:00
1775626860,1.16885,1.16896,1.16882,1.16889,127.0,2026-04-08 05:41:00
1775626920,1.16889,1.16908,1.16889,1.169,155.0,2026-04-08 05:42:00
1775626980,1.16901,1.16915,1.169,1.16912,76.0,2026-04-08 05:43:00
1775627040,1.16912,1.16912,1.16886,1.16893,149.0,2026-04-08 05:44:00
1775627100,1.1689,1.169,1.16876,1.16888,214.0,2026-04-08 05:45:00
1775627160,1.1689,1.16918,1.1689,1.16915,186.0,2026-04-08 05:46:00
1775627220,1.16916,1.16933,1.16908,1.16933,125.0,2026-04-08 05:47:00
1775627280,1.16932,1.16948,1.1693,1.16944,115.0,2026-04-08 05:48:00
1775627340,1.16945,1.16954,1.16944,1.16954,90.0,2026-04-08 05:49:00
1775627400,1.16954,1.16984,1.16952,1.16983,187.0,2026-04-08 05:50:00
1775627460,1.16982,1.17039,1.16982,1.17034,369.0,2026-04-08 05:51:00
1775627520,1.17034,1.17061,1.17028,1.17054,339.0,2026-04-08 05:52:00
1775627580,1.17056,1.17086,1.17039,1.17041,469.0,2026-04-08 05:53:00
1775627640,1.17042,1.17042,1.17003,1.17006,295.0,2026-04-08 05:54:00
1775627700,1.17007,1.17011,1.16982,1.17,296.0,2026-04-08 05:55:00
1775627760,1.16996,1.16996,1.16943,1.1695,268.0,2026-04-08 05:56:00
1775627820,1.16952,1.16956,1.16933,1.16934,317.0,2026-04-08 05:57:00
1775627880,1.16932,1.1694,1.1691,1.16912,239.0,2026-04-08 05:58:00
1775627940,1.16914,1.16921,1.16912,1.16916,121.0,2026-04-08 05:59:00
1775628000,1.16915,1.16918,1.16896,1.16896,217.0,2026-04-08 06:00:00
1775628060,1.16899,1.16899,1.16866,1.16868,229.0,2026-04-08 06:01:00
1775628120,1.16871,1.16876,1.16848,1.16852,320.0,2026-04-08 06:02:00
1775628180,1.16852,1.16866,1.16846,1.1686,227.0,2026-04-08 06:03:00
1775628240,1.1686,1.16871,1.16851,1.1687,263.0,2026-04-08 06:04:00
1775628300,1.1687,1.16888,1.16866,1.16887,266.0,2026-04-08 06:05:00
1775628360,1.16888,1.16898,1.16879,1.16891,223.0,2026-04-08 06:06:00
1775628420,1.1689,1.1689,1.16869,1.16872,148.0,2026-04-08 06:07:00
1775628480,1.1687,1.1688,1.16858,1.16863,231.0,2026-04-08 06:08:00
1775628540,1.16862,1.16871,1.16852,1.16859,255.0,2026-04-08 06:09:00
1775628600,1.16858,1.16888,1.16856,1.16888,290.0,2026-04-08 06:10:00
1775628660,1.16888,1.16894,1.1688,1.16886,223.0,2026-04-08 06:11:00
1775628720,1.16887,1.16892,1.1686,1.1686,230.0,2026-04-08 06:12:00
1775628780,1.16861,1.16896,1.16861,1.16882,177.0,2026-04-08 06:13:00
1775628840,1.16884,1.16897,1.16872,1.16896,211.0,2026-04-08 06:14:00
1775628900,1.16894,1.16919,1.16888,1.16908,294.0,2026-04-08 06:15:00
1775628960,1.16908,1.16917,1.16903,1.16907,219.0,2026-04-08 06:16:00
1775629020,1.16908,1.1691,1.16894,1.16906,190.0,2026-04-08 06:17:00
1775629080,1.16906,1.16915,1.16896,1.16909,219.0,2026-04-08 06:18:00
1775629140,1.16911,1.1692,1.16898,1.16908,188.0,2026-04-08 06:19:00
1775629200,1.16908,1.16916,1.169,1.16911,186.0,2026-04-08 06:20:00
1775629260,1.1691,1.16922,1.16871,1.16872,219.0,2026-04-08 06:21:00
1775629320,1.16872,1.16892,1.1686,1.16871,250.0,2026-04-08 06:22:00
1775629380,1.16874,1.16922,1.1687,1.16921,168.0,2026-04-08 06:23:00
1775629440,1.1692,1.16936,1.16918,1.16928,238.0,2026-04-08 06:24:00
1775629500,1.16928,1.16964,1.16928,1.16938,273.0,2026-04-08 06:25:00
1775629560,1.16938,1.16962,1.16934,1.16961,293.0,2026-04-08 06:26:00
1775629620,1.16962,1.17004,1.16961,1.16996,270.0,2026-04-08 06:27:00
1775629680,1.16996,1.17034,1.16996,1.17028,362.0,2026-04-08 06:28:00
1775629740,1.1703,1.17048,1.17022,1.1703,308.0,2026-04-08 06:29:00
1775629800,1.17031,1.17032,1.1701,1.17016,360.0,2026-04-08 06:30:00
1775629860,1.17014,1.17018,1.16979,1.16988,429.0,2026-04-08 06:31:00
1775629920,1.16989,1.17002,1.1698,1.16984,309.0,2026-04-08 06:32:00
1775629980,1.16982,1.17016,1.1698,1.16995,234.0,2026-04-08 06:33:00
1775630040,1.16994,1.16996,1.16971,1.16976,220.0,2026-04-08 06:34:00
1775630100,1.16978,1.17008,1.16972,1.17007,220.0,2026-04-08 06:35:00
1775630160,1.17006,1.17036,1.17006,1.17026,256.0,2026-04-08 06:36:00
1775630220,1.17027,1.17045,1.17026,1.17042,134.0,2026-04-08 06:37:00
1775630280,1.1704,1.17056,1.17029,1.17056,231.0,2026-04-08 06:38:00
1775630340,1.17058,1.17068,1.17036,1.17065,266.0,2026-04-08 06:39:00
1775630400,1.17066,1.17085,1.17054,1.17056,221.0,2026-04-08 06:40:00
1775630460,1.17056,1.17064,1.17029,1.17031,202.0,2026-04-08 06:41:00
1775630520,1.17032,1.17065,1.17025,1.17049,287.0,2026-04-08 06:42:00
1775630580,1.17051,1.17058,1.17044,1.17044,194.0,2026-04-08 06:43:00
1775630640,1.17043,1.17055,1.1704,1.17046,219.0,2026-04-08 06:44:00
1775630700,1.17046,1.17066,1.17036,1.17058,285.0,2026-04-08 06:45:00
1775630760,1.17061,1.17078,1.17058,1.17078,279.0,2026-04-08 06:46:00
1775630820,1.17078,1.17078,1.17044,1.17048,186.0,2026-04-08 06:47:00
1775630880,1.17048,1.17054,1.17035,1.17042,205.0,2026-04-08 06:48:00
1775630940,1.17043,1.17044,1.17016,1.17016,217.0,2026-04-08 06:49:00
1775631000,1.17017,1.17018,1.16954,1.16954,223.0,2026-04-08 06:50:00
1775631060,1.16954,1.16973,1.16944,1.16959,219.0,2026-04-08 06:51:00
1775631120,1.16961,1.16963,1.16945,1.16948,217.0,2026-04-08 06:52:00
1775631180,1.16948,1.16948,1.16924,1.16927,331.0,2026-04-08 06:53:00
1775631240,1.16926,1.16936,1.16904,1.16928,277.0,2026-04-08 06:54:00
1775631300,1.16928,1.16942,1.16927,1.1694,215.0,2026-04-08 06:55:00
1775631360,1.16939,1.1695,1.16934,1.16938,168.0,2026-04-08 06:56:00
1775631420,1.16936,1.16956,1.16928,1.16949,209.0,2026-04-08 06:57:00
1775631480,1.1695,1.1699,1.1695,1.16976,209.0,2026-04-08 06:58:00
1775631540,1.16975,1.16978,1.16948,1.16962,225.0,2026-04-08 06:59:00
1775631600,1.16965,1.16972,1.16944,1.16954,373.0,2026-04-08 07:00:00
1775631660,1.16953,1.1696,1.16944,1.16958,226.0,2026-04-08 07:01:00
1775631720,1.16958,1.16959,1.16904,1.16904,292.0,2026-04-08 07:02:00
1775631780,1.16904,1.16918,1.16893,1.16898,360.0,2026-04-08 07:03:00
1775631840,1.16898,1.16908,1.16881,1.16888,294.0,2026-04-08 07:04:00
1775631900,1.1689,1.16904,1.16888,1.16898,271.0,2026-04-08 07:05:00
1775631960,1.16898,1.16916,1.1688,1.16884,235.0,2026-04-08 07:06:00
1775632020,1.16883,1.16884,1.16847,1.16848,265.0,2026-04-08 07:07:00
1775632080,1.16848,1.16864,1.16838,1.16862,339.0,2026-04-08 07:08:00
1775632140,1.16862,1.16864,1.16846,1.16856,326.0,2026-04-08 07:09:00
1775632200,1.16855,1.16857,1.16818,1.16822,345.0,2026-04-08 07:10:00
1775632260,1.16822,1.1683,1.16805,1.16818,286.0,2026-04-08 07:11:00
1775632320,1.1682,1.16824,1.16808,1.16823,198.0,2026-04-08 07:12:00
1775632380,1.16822,1.16824,1.1679,1.16824,309.0,2026-04-08 07:13:00
1775632440,1.16823,1.16824,1.16796,1.16816,263.0,2026-04-08 07:14:00
1775632500,1.16816,1.16826,1.16797,1.1682,230.0,2026-04-08 07:15:00
1775632560,1.1682,1.16827,1.16815,1.16824,151.0,2026-04-08 07:16:00
1775632620,1.16824,1.16865,1.16824,1.16862,191.0,2026-04-08 07:17:00
1775632680,1.16862,1.16868,1.16847,1.16852,180.0,2026-04-08 07:18:00
1775632740,1.16851,1.16892,1.16851,1.16892,157.0,2026-04-08 07:19:00
1775632800,1.16891,1.16924,1.16888,1.16914,234.0,2026-04-08 07:20:00
1775632860,1.16912,1.16915,1.16898,1.16912,234.0,2026-04-08 07:21:00
1775632920,1.16912,1.16934,1.16912,1.16917,236.0,2026-04-08 07:22:00
1775632980,1.16918,1.16934,1.1691,1.16923,188.0,2026-04-08 07:23:00
1775633040,1.16924,1.16934,1.16918,1.16923,159.0,2026-04-08 07:24:00
1775633100,1.16922,1.16951,1.16914,1.16949,130.0,2026-04-08 07:25:00
1775633160,1.16948,1.16958,1.16946,1.16958,129.0,2026-04-08 07:26:00
1775633220,1.16956,1.16968,1.16952,1.16966,114.0,2026-04-08 07:27:00
1775633280,1.16966,1.1697,1.16948,1.16954,169.0,2026-04-08 07:28:00
1775633340,1.16952,1.16958,1.16941,1.16952,198.0,2026-04-08 07:29:00
1775633400,1.16952,1.16952,1.16934,1.1694,242.0,2026-04-08 07:30:00
1775633460,1.16941,1.16946,1.16928,1.16942,219.0,2026-04-08 07:31:00
1775633520,1.16941,1.16946,1.1693,1.16932,166.0,2026-04-08 07:32:00
1775633580,1.16932,1.16942,1.16907,1.16911,176.0,2026-04-08 07:33:00
1775633640,1.1691,1.16924,1.16902,1.16922,163.0,2026-04-08 07:34:00
1775633700,1.16921,1.16948,1.16921,1.16938,218.0,2026-04-08 07:35:00
1775633760,1.16936,1.16936,1.16921,1.16932,155.0,2026-04-08 07:36:00
1775633820,1.16932,1.16936,1.16918,1.16921,131.0,2026-04-08 07:37:00
1775633880,1.1692,1.16923,1.16891,1.16906,230.0,2026-04-08 07:38:00
1775633940,1.16907,1.16915,1.1689,1.16895,216.0,2026-04-08 07:39:00
1775634000,1.16896,1.16908,1.16887,1.16902,259.0,2026-04-08 07:40:00
1775634060,1.16902,1.16928,1.16902,1.1692,237.0,2026-04-08 07:41:00
1775634120,1.16922,1.16948,1.16922,1.16941,255.0,2026-04-08 07:42:00
1775634180,1.16942,1.16948,1.16934,1.16942,182.0,2026-04-08 07:43:00
1775634240,1.1694,1.16948,1.16936,1.16947,123.0,2026-04-08 07:44:00
1775634300,1.16948,1.1697,1.16944,1.16967,202.0,2026-04-08 07:45:00
1775634360,1.16966,1.16998,1.16964,1.16996,151.0,2026-04-08 07:46:00
1775634420,1.16995,1.16995,1.16963,1.16964,258.0,2026-04-08 07:47:00
1775634480,1.16963,1.16972,1.16934,1.16948,234.0,2026-04-08 07:48:00
1775634540,1.16946,1.16966,1.16944,1.16966,208.0,2026-04-08 07:49:00
1775634600,1.16966,1.1697,1.1695,1.1696,199.0,2026-04-08 07:50:00
1775634660,1.1696,1.16985,1.1696,1.1698,222.0,2026-04-08 07:51:00
1775634720,1.16982,1.16998,1.1698,1.16996,133.0,2026-04-08 07:52:00
1775634780,1.16996,1.16998,1.1698,1.1699,165.0,2026-04-08 07:53:00
1775634840,1.1699,1.17003,1.16988,1.1699,160.0,2026-04-08 07:54:00
1775634900,1.16991,1.16991,1.16975,1.16984,176.0,2026-04-08 07:55:00
1775634960,1.16985,1.17,1.16968,1.16978,151.0,2026-04-08 07:56:00
1775635020,1.16978,1.16978,1.16946,1.16947,151.0,2026-04-08 07:57:00
1775635080,1.16948,1.16962,1.16946,1.1696,148.0,2026-04-08 07:58:00
1775635140,1.16959,1.1696,1.16948,1.16956,152.0,2026-04-08 07:59:00
1775635200,1.16956,1.16958,1.1694,1.16946,281.0,2026-04-08 08:00:00
1775635260,1.16949,1.16949,1.16917,1.16928,289.0,2026-04-08 08:01:00
1775635320,1.16928,1.16942,1.1692,1.16942,166.0,2026-04-08 08:02:00
1775635380,1.16942,1.16959,1.16942,1.16956,175.0,2026-04-08 08:03:00
1775635440,1.16957,1.16968,1.16948,1.16956,188.0,2026-04-08 08:04:00
1775635500,1.16955,1.16973,1.16955,1.16972,161.0,2026-04-08 08:05:00
1775635560,1.16972,1.16993,1.1697,1.1698,170.0,2026-04-08 08:06:00
1775635620,1.1698,1.1698,1.1692,1.16921,192.0,2026-04-08 08:07:00
1775635680,1.1692,1.16934,1.1691,1.16915,169.0,2026-04-08 08:08:00
1775635740,1.16914,1.1692,1.16891,1.16891,178.0,2026-04-08 08:09:00
1775635800,1.16892,1.16898,1.1687,1.16871,263.0,2026-04-08 08:10:00
1775635860,1.1687,1.16878,1.16852,1.16855,240.0,2026-04-08 08:11:00
1775635920,1.16854,1.16876,1.16852,1.16873,229.0,2026-04-08 08:12:00
1775635980,1.16872,1.16896,1.16858,1.16892,280.0,2026-04-08 08:13:00
1775636040,1.16891,1.16891,1.1687,1.1687,198.0,2026-04-08 08:14:00
1775636100,1.16868,1.16872,1.16863,1.16868,163.0,2026-04-08 08:15:00
1775636160,1.16867,1.16896,1.1686,1.16871,262.0,2026-04-08 08:16:00
1775636220,1.1687,1.16892,1.16866,1.1687,153.0,2026-04-08 08:17:00
1775636280,1.1687,1.16876,1.16866,1.16873,103.0,2026-04-08 08:18:00
1775636340,1.16871,1.1689,1.16871,1.16877,149.0,2026-04-08 08:19:00
1775636400,1.16878,1.16883,1.16866,1.16876,172.0,2026-04-08 08:20:00
1775636460,1.16875,1.16888,1.16868,1.16872,178.0,2026-04-08 08:21:00
1775636520,1.16872,1.16872,1.1685,1.16863,131.0,2026-04-08 08:22:00
1775636580,1.16864,1.1687,1.16856,1.16859,142.0,2026-04-08 08:23:00
1775636640,1.1686,1.16866,1.16844,1.16861,129.0,2026-04-08 08:24:00
1775636700,1.16862,1.16912,1.16852,1.16854,328.0,2026-04-08 08:25:00
1775636760,1.16854,1.16855,1.16826,1.1683,180.0,2026-04-08 08:26:00
1775636820,1.1683,1.16833,1.16818,1.16818,141.0,2026-04-08 08:27:00
1775636880,1.1682,1.1683,1.16816,1.1683,170.0,2026-04-08 08:28:00
1775636940,1.16829,1.16852,1.16829,1.1685,146.0,2026-04-08 08:29:00
1775637000,1.1685,1.16856,1.16836,1.1684,87.0,2026-04-08 08:30:00
1775637060,1.16841,1.16846,1.16832,1.16844,221.0,2026-04-08 08:31:00
1775637120,1.16844,1.16866,1.16844,1.16844,135.0,2026-04-08 08:32:00
1775637180,1.16846,1.16852,1.16835,1.16841,125.0,2026-04-08 08:33:00
1775637240,1.1684,1.16843,1.1682,1.1683,202.0,2026-04-08 08:34:00
1775637300,1.1683,1.16855,1.16822,1.16854,173.0,2026-04-08 08:35:00
1775637360,1.16856,1.16865,1.16815,1.16836,811.0,2026-04-08 08:36:00
1775637420,1.16836,1.16846,1.16822,1.16825,370.0,2026-04-08 08:37:00
1775637480,1.16826,1.16852,1.16826,1.16847,268.0,2026-04-08 08:38:00
1775637540,1.16848,1.16861,1.16844,1.16849,174.0,2026-04-08 08:39:00
1775637600,1.16854,1.16856,1.16836,1.16841,189.0,2026-04-08 08:40:00
1775637660,1.16841,1.16846,1.16788,1.16788,229.0,2026-04-08 08:41:00
1775637720,1.16787,1.16787,1.16747,1.1675,411.0,2026-04-08 08:42:00
1775637780,1.16751,1.16756,1.16689,1.16711,631.0,2026-04-08 08:43:00
1775637840,1.16712,1.16779,1.1671,1.16776,390.0,2026-04-08 08:44:00
1775637900,1.16777,1.16787,1.16768,1.16777,224.0,2026-04-08 08:45:00
1775637960,1.16777,1.16789,1.16772,1.16785,198.0,2026-04-08 08:46:00
1775638020,1.16784,1.16798,1.16776,1.16789,176.0,2026-04-08 08:47:00
1775638080,1.16788,1.16804,1.16782,1.16804,225.0,2026-04-08 08:48:00
1775638140,1.16803,1.16818,1.16795,1.16796,227.0,2026-04-08 08:49:00
1775638200,1.16796,1.16832,1.16796,1.16826,260.0,2026-04-08 08:50:00
1775638260,1.16826,1.16834,1.16816,1.16833,166.0,2026-04-08 08:51:00
1775638320,1.1683,1.16844,1.16822,1.16839,171.0,2026-04-08 08:52:00
1775638380,1.16837,1.16837,1.1681,1.16814,177.0,2026-04-08 08:53:00
1775638440,1.16815,1.16816,1.16798,1.16801,161.0,2026-04-08 08:54:00
1775638500,1.16799,1.16812,1.16795,1.16811,125.0,2026-04-08 08:55:00
1775638560,1.16812,1.16816,1.16804,1.16816,72.0,2026-04-08 08:56:00
1775638620,1.1682,1.16834,1.16811,1.16812,109.0,2026-04-08 08:57:00
1775638680,1.16813,1.16814,1.16794,1.16804,129.0,2026-04-08 08:58:00
1775638740,1.16808,1.16818,1.16804,1.16812,119.0,2026-04-08 08:59:00
1775638800,1.16814,1.16826,1.16808,1.16812,231.0,2026-04-08 09:00:00
1775638860,1.16812,1.16834,1.1681,1.16832,152.0,2026-04-08 09:01:00
1775638920,1.16828,1.16828,1.16811,1.16811,195.0,2026-04-08 09:02:00
1775638980,1.1681,1.16846,1.16801,1.16841,237.0,2026-04-08 09:03:00
1775639040,1.1684,1.16853,1.16838,1.16848,182.0,2026-04-08 09:04:00
1775639100,1.16846,1.16846,1.16821,1.16826,194.0,2026-04-08 09:05:00
1775639160,1.16827,1.16846,1.1682,1.16834,164.0,2026-04-08 09:06:00
1775639220,1.16834,1.16854,1.16829,1.16853,249.0,2026-04-08 09:07:00
1775639280,1.16852,1.16861,1.16846,1.16861,103.0,2026-04-08 09:08:00
1775639340,1.1686,1.16868,1.16852,1.16862,124.0,2026-04-08 09:09:00
1775639400,1.16861,1.16874,1.16856,1.16856,115.0,2026-04-08 09:10:00
1775639460,1.16856,1.16856,1.16828,1.16835,158.0,2026-04-08 09:11:00
1775639520,1.16836,1.16853,1.16836,1.16842,152.0,2026-04-08 09:12:00
1775639580,1.16841,1.16852,1.16839,1.16846,100.0,2026-04-08 09:13:00
1775639640,1.16848,1.16858,1.16844,1.16845,104.0,2026-04-08 09:14:00
1775639700,1.16846,1.16846,1.16834,1.16846,100.0,2026-04-08 09:15:00
1775639760,1.16845,1.16858,1.16836,1.16852,134.0,2026-04-08 09:16:00
1775639820,1.16852,1.16852,1.16831,1.16834,101.0,2026-04-08 09:17:00
1775639880,1.16836,1.16888,1.1683,1.16887,266.0,2026-04-08 09:18:00
1775639940,1.16886,1.16894,1.16876,1.16882,239.0,2026-04-08 09:19:00
1775640000,1.16881,1.16883,1.16862,1.16862,136.0,2026-04-08 09:20:00
1775640060,1.16865,1.16865,1.16836,1.16836,220.0,2026-04-08 09:21:00
1775640120,1.16832,1.16834,1.16816,1.16816,209.0,2026-04-08 09:22:00
1775640180,1.16817,1.16822,1.16802,1.1682,162.0,2026-04-08 09:23:00
1775640240,1.1682,1.16824,1.16812,1.16814,141.0,2026-04-08 09:24:00
1775640300,1.16816,1.16816,1.16794,1.16808,166.0,2026-04-08 09:25:00
1775640360,1.16806,1.16816,1.16802,1.16812,144.0,2026-04-08 09:26:00
1775640420,1.16812,1.16818,1.16808,1.16812,119.0,2026-04-08 09:27:00
1775640480,1.16812,1.16824,1.16808,1.16824,117.0,2026-04-08 09:28:00
1775640540,1.16826,1.16829,1.1682,1.16822,118.0,2026-04-08 09:29:00
1775640600,1.16823,1.16831,1.16811,1.16828,195.0,2026-04-08 09:30:00
1775640660,1.16827,1.1684,1.16822,1.16834,129.0,2026-04-08 09:31:00
1775640720,1.16835,1.16848,1.16832,1.16834,106.0,2026-04-08 09:32:00
1775640780,1.16833,1.16833,1.16817,1.16824,137.0,2026-04-08 09:33:00
1775640840,1.16823,1.16826,1.16808,1.16818,155.0,2026-04-08 09:34:00
1775640900,1.1682,1.1684,1.1682,1.16832,126.0,2026-04-08 09:35:00
1775640960,1.16834,1.16838,1.16826,1.16831,130.0,2026-04-08 09:36:00
1775641020,1.16832,1.16838,1.16805,1.16838,238.0,2026-04-08 09:37:00
1775641080,1.1684,1.16848,1.16821,1.16824,194.0,2026-04-08 09:38:00
1775641140,1.16824,1.16857,1.16824,1.16856,163.0,2026-04-08 09:39:00
1775641200,1.16857,1.16858,1.16826,1.16827,217.0,2026-04-08 09:40:00
1775641260,1.16827,1.16844,1.16824,1.16839,114.0,2026-04-08 09:41:00
1775641320,1.16838,1.16842,1.16826,1.16834,169.0,2026-04-08 09:42:00
1775641380,1.16834,1.16844,1.16828,1.16832,212.0,2026-04-08 09:43:00
1775641440,1.16832,1.1684,1.16781,1.16785,247.0,2026-04-08 09:44:00
1775641500,1.16786,1.168,1.16786,1.16792,227.0,2026-04-08 09:45:00
1775641560,1.16792,1.168,1.1678,1.1679,191.0,2026-04-08 09:46:00
1775641620,1.16792,1.16823,1.16792,1.16822,132.0,2026-04-08 09:47:00
1775641680,1.16823,1.16834,1.16822,1.16831,108.0,2026-04-08 09:48:00
1775641740,1.1683,1.16838,1.16822,1.16838,149.0,2026-04-08 09:49:00
1775641800,1.16839,1.16844,1.16832,1.16842,170.0,2026-04-08 09:50:00
1775641860,1.16843,1.16848,1.1681,1.1682,192.0,2026-04-08 09:51:00
1775641920,1.1682,1.16838,1.16814,1.16823,306.0,2026-04-08 09:52:00
1775641980,1.16824,1.16868,1.16819,1.16866,150.0,2026-04-08 09:53:00
1775642040,1.16864,1.16864,1.16846,1.16846,119.0,2026-04-08 09:54:00
1775642100,1.16846,1.16848,1.16829,1.16832,200.0,2026-04-08 09:55:00
1775642160,1.16832,1.16845,1.16808,1.16808,166.0,2026-04-08 09:56:00
1775642220,1.16807,1.16814,1.16786,1.16792,213.0,2026-04-08 09:57:00
1775642280,1.16791,1.16804,1.16788,1.16797,185.0,2026-04-08 09:58:00
1775642340,1.16799,1.16802,1.16792,1.16796,137.0,2026-04-08 09:59:00
1775642400,1.16795,1.16808,1.16788,1.16803,144.0,2026-04-08 10:00:00
1775642460,1.16802,1.16806,1.16786,1.16801,176.0,2026-04-08 10:01:00
1775642520,1.168,1.16801,1.16786,1.16794,215.0,2026-04-08 10:02:00
1775642580,1.16794,1.16805,1.16791,1.16801,196.0,2026-04-08 10:03:00
1775642640,1.16801,1.1681,1.16797,1.16802,143.0,2026-04-08 10:04:00
1775642700,1.16802,1.16802,1.16776,1.16784,193.0,2026-04-08 10:05:00
1775642760,1.16785,1.16802,1.16785,1.16798,129.0,2026-04-08 10:06:00
1775642820,1.168,1.16804,1.16792,1.16804,159.0,2026-04-08 10:07:00
1775642880,1.16806,1.16812,1.16796,1.16798,123.0,2026-04-08 10:08:00
1775642940,1.16796,1.16824,1.16795,1.16815,99.0,2026-04-08 10:09:00
1775643000,1.16814,1.16834,1.16808,1.16832,173.0,2026-04-08 10:10:00
1775643060,1.1683,1.16836,1.16826,1.16834,146.0,2026-04-08 10:11:00
1775643120,1.16833,1.16846,1.1683,1.16844,106.0,2026-04-08 10:12:00
1775643180,1.16844,1.16863,1.16844,1.1686,115.0,2026-04-08 10:13:00
1775643240,1.1686,1.16864,1.16855,1.16863,111.0,2026-04-08 10:14:00
1775643300,1.16862,1.16869,1.16855,1.1686,164.0,2026-04-08 10:15:00
1775643360,1.1686,1.16861,1.16834,1.16846,167.0,2026-04-08 10:16:00
1775643420,1.16846,1.16854,1.16842,1.16846,175.0,2026-04-08 10:17:00
1775643480,1.16846,1.16853,1.16842,1.16844,226.0,2026-04-08 10:18:00
1775643540,1.16844,1.16854,1.16842,1.16851,118.0,2026-04-08 10:19:00
1775643600,1.1685,1.16851,1.1684,1.16847,70.0,2026-04-08 10:20:00
1775643660,1.16846,1.1685,1.16834,1.16839,173.0,2026-04-08 10:21:00
1775643720,1.1684,1.16854,1.16838,1.16854,121.0,2026-04-08 10:22:00
1775643780,1.16856,1.16868,1.16856,1.16858,147.0,2026-04-08 10:23:00
1775643840,1.16858,1.16861,1.16845,1.16852,90.0,2026-04-08 10:24:00
1775643900,1.16851,1.16862,1.1685,1.16858,97.0,2026-04-08 10:25:00
1775643960,1.16858,1.16862,1.16852,1.16857,102.0,2026-04-08 10:26:00
1775644020,1.16856,1.16862,1.16856,1.16858,45.0,2026-04-08 10:27:00
1775644080,1.16858,1.16864,1.16853,1.16858,92.0,2026-04-08 10:28:00
1775644140,1.16859,1.1686,1.16854,1.16857,65.0,2026-04-08 10:29:00
1775644200,1.16858,1.16862,1.16853,1.1686,63.0,2026-04-08 10:30:00
1775644260,1.1686,1.16862,1.16858,1.16859,72.0,2026-04-08 10:31:00
1775644320,1.1686,1.16886,1.1686,1.16874,145.0,2026-04-08 10:32:00
1775644380,1.16874,1.16881,1.1687,1.1687,66.0,2026-04-08 10:33:00
1775644440,1.16868,1.16878,1.16864,1.16876,103.0,2026-04-08 10:34:00
1775644500,1.16878,1.16894,1.16874,1.16874,160.0,2026-04-08 10:35:00
1775644560,1.16872,1.16874,1.16853,1.16857,147.0,2026-04-08 10:36:00
1775644620,1.16858,1.16861,1.1685,1.16852,99.0,2026-04-08 10:37:00
1775644680,1.16852,1.16858,1.16852,1.16854,83.0,2026-04-08 10:38:00
1775644740,1.16854,1.16866,1.16846,1.16864,157.0,2026-04-08 10:39:00
1775644800,1.16862,1.16869,1.16859,1.16862,137.0,2026-04-08 10:40:00
1775644860,1.16862,1.16872,1.1686,1.16868,99.0,2026-04-08 10:41:00
1775644920,1.16868,1.16868,1.16843,1.16853,141.0,2026-04-08 10:42:00
1775644980,1.16852,1.16859,1.16844,1.16852,139.0,2026-04-08 10:43:00
1775645040,1.16854,1.16881,1.16854,1.16881,196.0,2026-04-08 10:44:00
1775645100,1.1688,1.16896,1.1687,1.1689,116.0,2026-04-08 10:45:00
1775645160,1.1689,1.16892,1.16881,1.16886,84.0,2026-04-08 10:46:00
1775645220,1.16884,1.16896,1.16883,1.16886,132.0,2026-04-08 10:47:00
1775645280,1.16886,1.16886,1.16863,1.16873,178.0,2026-04-08 10:48:00
1775645340,1.16874,1.16874,1.16858,1.16858,118.0,2026-04-08 10:49:00
1775645400,1.16858,1.16862,1.16856,1.1686,75.0,2026-04-08 10:50:00
1775645460,1.1686,1.16875,1.16858,1.16869,94.0,2026-04-08 10:51:00
1775645520,1.16867,1.1687,1.16847,1.16851,93.0,2026-04-08 10:52:00
1775645580,1.16852,1.16862,1.16852,1.16861,117.0,2026-04-08 10:53:00
1775645640,1.1686,1.16874,1.16856,1.16866,104.0,2026-04-08 10:54:00
1775645700,1.16866,1.16884,1.16863,1.16884,109.0,2026-04-08 10:55:00
1775645760,1.16886,1.16924,1.16884,1.16924,205.0,2026-04-08 10:56:00
1775645820,1.16922,1.16925,1.16912,1.16918,143.0,2026-04-08 10:57:00
1775645880,1.16918,1.16919,1.1691,1.16912,89.0,2026-04-08 10:58:00
1775645940,1.16911,1.16912,1.16896,1.16903,98.0,2026-04-08 10:59:00
1775646000,1.16902,1.16902,1.16876,1.16881,190.0,2026-04-08 11:00:00
1775646060,1.1688,1.16882,1.16854,1.16856,162.0,2026-04-08 11:01:00
1775646120,1.16854,1.16876,1.16854,1.16876,182.0,2026-04-08 11:02:00
1775646180,1.16875,1.16914,1.16875,1.16912,124.0,2026-04-08 11:03:00
1775646240,1.16912,1.16912,1.16889,1.16911,155.0,2026-04-08 11:04:00
1775646300,1.16913,1.16914,1.16889,1.16889,112.0,2026-04-08 11:05:00
1775646360,1.16888,1.16908,1.16888,1.16902,125.0,2026-04-08 11:06:00
1775646420,1.16902,1.16906,1.16894,1.169,112.0,2026-04-08 11:07:00
1775646480,1.169,1.16913,1.16898,1.16912,218.0,2026-04-08 11:08:00
1775646540,1.16914,1.16928,1.16912,1.16928,151.0,2026-04-08 11:09:00
1775646600,1.16928,1.16942,1.16928,1.16937,172.0,2026-04-08 11:10:00
1775646660,1.16935,1.1694,1.16934,1.1694,77.0,2026-04-08 11:11:00
1775646720,1.1694,1.16944,1.1693,1.16942,93.0,2026-04-08 11:12:00
1775646780,1.1694,1.16968,1.1694,1.16964,74.0,2026-04-08 11:13:00
1775646840,1.16963,1.16969,1.16952,1.1696,99.0,2026-04-08 11:14:00
1775646900,1.16959,1.16961,1.1695,1.16956,104.0,2026-04-08 11:15:00
1775646960,1.16958,1.16967,1.16956,1.16966,53.0,2026-04-08 11:16:00
1775647020,1.16966,1.16972,1.16964,1.16964,84.0,2026-04-08 11:17:00
1775647080,1.16964,1.16968,1.1696,1.16966,55.0,2026-04-08 11:18:00
1775647140,1.16966,1.17,1.16964,1.16998,134.0,2026-04-08 11:19:00
1775647200,1.17,1.17002,1.16979,1.16992,165.0,2026-04-08 11:20:00
1775647260,1.16992,1.16998,1.16983,1.16996,192.0,2026-04-08 11:21:00
1775647320,1.16996,1.17018,1.16983,1.17008,228.0,2026-04-08 11:22:00
1775647380,1.17007,1.17014,1.17,1.17004,196.0,2026-04-08 11:23:00
1775647440,1.17006,1.17038,1.17003,1.1703,178.0,2026-04-08 11:24:00
1775647500,1.17031,1.17066,1.17029,1.1706,319.0,2026-04-08 11:25:00
1775647560,1.1706,1.17068,1.17054,1.17058,254.0,2026-04-08 11:26:00
1775647620,1.1706,1.17076,1.17056,1.17072,196.0,2026-04-08 11:27:00
1775647680,1.17075,1.17104,1.17072,1.17089,195.0,2026-04-08 11:28:00
1775647740,1.17089,1.1709,1.17074,1.17074,192.0,2026-04-08 11:29:00
1775647800,1.17071,1.17077,1.17053,1.17058,370.0,2026-04-08 11:30:00
1775647860,1.17058,1.17069,1.17057,1.17063,284.0,2026-04-08 11:31:00
1775647920,1.17062,1.17063,1.17046,1.17056,282.0,2026-04-08 11:32:00
1775647980,1.17056,1.1707,1.17051,1.17068,257.0,2026-04-08 11:33:00
1775648040,1.17066,1.17071,1.17056,1.17058,212.0,2026-04-08 11:34:00
1775648100,1.17057,1.17057,1.17014,1.17016,215.0,2026-04-08 11:35:00
1775648160,1.17014,1.17014,1.17,1.17002,241.0,2026-04-08 11:36:00
1775648220,1.17001,1.17004,1.16994,1.16994,126.0,2026-04-08 11:37:00
1775648280,1.16994,1.16994,1.16954,1.16958,218.0,2026-04-08 11:38:00
1775648340,1.16959,1.16974,1.16944,1.16964,184.0,2026-04-08 11:39:00
1775648400,1.16962,1.1699,1.16962,1.16987,399.0,2026-04-08 11:40:00
1775648460,1.16986,1.16994,1.16978,1.16992,174.0,2026-04-08 11:41:00
1775648520,1.16993,1.17001,1.16982,1.16988,193.0,2026-04-08 11:42:00
1775648580,1.16987,1.16989,1.16975,1.16982,125.0,2026-04-08 11:43:00
1775648640,1.1698,1.16998,1.16978,1.16998,158.0,2026-04-08 11:44:00
1775648700,1.16999,1.17004,1.16988,1.16997,136.0,2026-04-08 11:45:00
1775648760,1.17,1.17027,1.16996,1.17026,216.0,2026-04-08 11:46:00
1775648820,1.17027,1.17034,1.17022,1.17032,125.0,2026-04-08 11:47:00
1775648880,1.17034,1.17048,1.17033,1.17048,83.0,2026-04-08 11:48:00
1775648940,1.17047,1.17047,1.17034,1.17034,104.0,2026-04-08 11:49:00
1775649000,1.17034,1.17039,1.17021,1.17021,151.0,2026-04-08 11:50:00
1775649060,1.17022,1.1704,1.17022,1.17037,153.0,2026-04-08 11:51:00
1775649120,1.17038,1.17046,1.17032,1.17039,137.0,2026-04-08 11:52:00
1775649180,1.17038,1.17039,1.17028,1.1703,92.0,2026-04-08 11:53:00
1775649240,1.17029,1.17041,1.17016,1.17016,168.0,2026-04-08 11:54:00
1775649300,1.17017,1.17036,1.17017,1.17032,164.0,2026-04-08 11:55:00
1775649360,1.17031,1.17031,1.16996,1.17002,202.0,2026-04-08 11:56:00
1775649420,1.17002,1.17017,1.16998,1.17006,187.0,2026-04-08 11:57:00
1775649480,1.17006,1.17014,1.16996,1.17,185.0,2026-04-08 11:58:00
1775649540,1.17,1.17004,1.16995,1.17002,115.0,2026-04-08 11:59:00
1775649600,1.17004,1.17024,1.17004,1.1702,159.0,2026-04-08 12:00:00
1775649660,1.1702,1.1702,1.16998,1.17002,152.0,2026-04-08 12:01:00
1775649720,1.17003,1.1702,1.17003,1.17013,156.0,2026-04-08 12:02:00
1775649780,1.17012,1.17015,1.17,1.17007,162.0,2026-04-08 12:03:00
1775649840,1.17006,1.17035,1.17006,1.1703,173.0,2026-04-08 12:04:00
1775649900,1.17031,1.17059,1.17026,1.17058,168.0,2026-04-08 12:05:00
1775649960,1.17057,1.17091,1.17056,1.17079,229.0,2026-04-08 12:06:00
1775650020,1.17079,1.17089,1.17073,1.17083,210.0,2026-04-08 12:07:00
1775650080,1.17084,1.17106,1.17078,1.17098,224.0,2026-04-08 12:08:00
1775650140,1.17099,1.171,1.17062,1.17062,204.0,2026-04-08 12:09:00
1775650200,1.17062,1.17074,1.17056,1.17072,226.0,2026-04-08 12:10:00
1775650260,1.17072,1.1709,1.17052,1.17072,347.0,2026-04-08 12:11:00
1775650320,1.1707,1.17075,1.17055,1.17066,234.0,2026-04-08 12:12:00
1775650380,1.17067,1.17079,1.17054,1.1706,249.0,2026-04-08 12:13:00
1775650440,1.1706,1.17068,1.17052,1.17068,208.0,2026-04-08 12:14:00
1775650500,1.17069,1.17076,1.1705,1.17054,232.0,2026-04-08 12:15:00
1775650560,1.17054,1.1707,1.17053,1.17054,132.0,2026-04-08 12:16:00
1775650620,1.17054,1.17076,1.1705,1.17073,168.0,2026-04-08 12:17:00
1775650680,1.17074,1.17078,1.17058,1.17066,193.0,2026-04-08 12:18:00
1775650740,1.17067,1.17078,1.1699,1.16998,686.0,2026-04-08 12:19:00
1775650800,1.16996,1.17015,1.1695,1.16974,1028.0,2026-04-08 12:20:00
1775650860,1.16976,1.16991,1.16881,1.1694,1258.0,2026-04-08 12:21:00
1775650920,1.1694,1.16966,1.1694,1.16956,655.0,2026-04-08 12:22:00
1775650980,1.16956,1.1698,1.16947,1.16956,598.0,2026-04-08 12:23:00
1775651040,1.16959,1.16987,1.16942,1.16942,605.0,2026-04-08 12:24:00
1775651100,1.16944,1.16951,1.16918,1.1694,476.0,2026-04-08 12:25:00
1775651160,1.1694,1.16997,1.16938,1.16971,437.0,2026-04-08 12:26:00
1775651220,1.16969,1.16981,1.16936,1.16952,415.0,2026-04-08 12:27:00
1775651280,1.16952,1.16989,1.16948,1.1698,374.0,2026-04-08 12:28:00
1775651340,1.16982,1.17014,1.1698,1.17006,377.0,2026-04-08 12:29:00
1775651400,1.17004,1.17032,1.17004,1.17026,231.0,2026-04-08 12:30:00
1775651460,1.17027,1.17038,1.17025,1.1703,229.0,2026-04-08 12:31:00
1775651520,1.1703,1.17038,1.17026,1.17038,150.0,2026-04-08 12:32:00
1775651580,1.17038,1.17065,1.17038,1.17064,134.0,2026-04-08 12:33:00
1775651640,1.17063,1.17063,1.17051,1.17056,193.0,2026-04-08 12:34:00
1775651700,1.17056,1.17062,1.1704,1.17056,219.0,2026-04-08 12:35:00
1775651760,1.17056,1.17066,1.17054,1.17064,179.0,2026-04-08 12:36:00
1775651820,1.17063,1.17078,1.17057,1.17078,190.0,2026-04-08 12:37:00
1775651880,1.17077,1.17101,1.17076,1.17099,165.0,2026-04-08 12:38:00
1775651940,1.17098,1.171,1.17083,1.17086,156.0,2026-04-08 12:39:00
1775652000,1.17084,1.17091,1.17074,1.1709,153.0,2026-04-08 12:40:00
1775652060,1.17092,1.17121,1.17082,1.1712,198.0,2026-04-08 12:41:00
1775652120,1.17121,1.17146,1.17111,1.17136,242.0,2026-04-08 12:42:00
1775652180,1.17136,1.17142,1.17116,1.17131,287.0,2026-04-08 12:43:00
1775652240,1.1713,1.1715,1.17126,1.17146,143.0,2026-04-08 12:44:00
1775652300,1.17145,1.17157,1.17137,1.17145,230.0,2026-04-08 12:45:00
1775652360,1.17144,1.17166,1.17138,1.17166,153.0,2026-04-08 12:46:00
1775652420,1.17166,1.17167,1.17156,1.17164,193.0,2026-04-08 12:47:00
1775652480,1.17164,1.17166,1.17133,1.17138,192.0,2026-04-08 12:48:00
1775652540,1.17138,1.17163,1.17136,1.17158,160.0,2026-04-08 12:49:00
1775652600,1.17156,1.17162,1.17144,1.17147,142.0,2026-04-08 12:50:00
1775652660,1.17148,1.17162,1.17147,1.17158,134.0,2026-04-08 12:51:00
1775652720,1.17158,1.17162,1.17134,1.17138,174.0,2026-04-08 12:52:00
1775652780,1.1714,1.17158,1.1714,1.17157,181.0,2026-04-08 12:53:00
1775652840,1.17156,1.17172,1.17154,1.17167,171.0,2026-04-08 12:54:00
1775652900,1.1717,1.17182,1.17168,1.1717,184.0,2026-04-08 12:55:00
1775652960,1.1717,1.1717,1.17138,1.17142,169.0,2026-04-08 12:56:00
1775653020,1.17142,1.17154,1.17137,1.17152,137.0,2026-04-08 12:57:00
1775653080,1.17154,1.17157,1.1714,1.1715,151.0,2026-04-08 12:58:00
1775653140,1.17149,1.1715,1.17131,1.17141,138.0,2026-04-08 12:59:00
1775653200,1.1714,1.17174,1.17124,1.1717,322.0,2026-04-08 13:00:00
1775653260,1.1717,1.17178,1.17166,1.17178,138.0,2026-04-08 13:01:00
1775653320,1.17178,1.17208,1.17178,1.17202,191.0,2026-04-08 13:02:00
1775653380,1.17203,1.17218,1.17202,1.1721,171.0,2026-04-08 13:03:00
1775653440,1.1721,1.1721,1.17166,1.17179,246.0,2026-04-08 13:04:00
1775653500,1.17178,1.17198,1.17176,1.17191,234.0,2026-04-08 13:05:00
1775653560,1.1719,1.17208,1.17156,1.17156,253.0,2026-04-08 13:06:00
1775653620,1.17156,1.17156,1.17135,1.17146,324.0,2026-04-08 13:07:00
1775653680,1.17148,1.17166,1.17144,1.17166,272.0,2026-04-08 13:08:00
1775653740,1.17165,1.17182,1.1716,1.17178,143.0,2026-04-08 13:09:00
1775653800,1.1718,1.1718,1.17138,1.17146,196.0,2026-04-08 13:10:00
1775653860,1.17146,1.17146,1.17115,1.17126,212.0,2026-04-08 13:11:00
1775653920,1.17125,1.17148,1.17116,1.17116,172.0,2026-04-08 13:12:00
1775653980,1.17118,1.17121,1.17105,1.17108,211.0,2026-04-08 13:13:00
1775654040,1.17108,1.17121,1.17101,1.17121,197.0,2026-04-08 13:14:00
1775654100,1.17121,1.17146,1.17115,1.17132,284.0,2026-04-08 13:15:00
1775654160,1.17132,1.17153,1.17132,1.17152,188.0,2026-04-08 13:16:00
1775654220,1.17152,1.17152,1.17126,1.17141,168.0,2026-04-08 13:17:00
1775654280,1.1714,1.17145,1.17118,1.17118,161.0,2026-04-08 13:18:00
1775654340,1.17118,1.17139,1.17108,1.17128,198.0,2026-04-08 13:19:00
1775654400,1.17126,1.17126,1.171,1.171,192.0,2026-04-08 13:20:00
1775654460,1.17101,1.17103,1.1707,1.17076,263.0,2026-04-08 13:21:00
1775654520,1.17076,1.171,1.17072,1.17096,202.0,2026-04-08 13:22:00
1775654580,1.17097,1.1712,1.17096,1.1712,228.0,2026-04-08 13:23:00
1775654640,1.17122,1.1715,1.1712,1.1714,166.0,2026-04-08 13:24:00
1775654700,1.17143,1.17148,1.17114,1.17114,253.0,2026-04-08 13:25:00
1775654760,1.17114,1.17115,1.17093,1.17094,191.0,2026-04-08 13:26:00
1775654820,1.17094,1.17096,1.17073,1.17084,192.0,2026-04-08 13:27:00
1775654880,1.17084,1.17084,1.17046,1.17048,224.0,2026-04-08 13:28:00
1775654940,1.17048,1.17054,1.17027,1.17038,318.0,2026-04-08 13:29:00
1775655000,1.17037,1.17052,1.17028,1.1704,407.0,2026-04-08 13:30:00
1775655060,1.1704,1.1705,1.17025,1.17036,477.0,2026-04-08 13:31:00
1775655120,1.17035,1.17038,1.16999,1.17,366.0,2026-04-08 13:32:00
1775655180,1.17,1.17011,1.1696,1.16974,507.0,2026-04-08 13:33:00
1775655240,1.16975,1.16984,1.16964,1.16967,271.0,2026-04-08 13:34:00
1775655300,1.16968,1.16972,1.16934,1.16939,340.0,2026-04-08 13:35:00
1775655360,1.16938,1.1697,1.16938,1.16958,406.0,2026-04-08 13:36:00
1775655420,1.16958,1.16962,1.16914,1.16922,297.0,2026-04-08 13:37:00
1775655480,1.1692,1.16926,1.1687,1.16901,804.0,2026-04-08 13:38:00
1775655540,1.169,1.16916,1.16887,1.16914,577.0,2026-04-08 13:39:00
1775655600,1.16914,1.1692,1.16884,1.16902,517.0,2026-04-08 13:40:00
1775655660,1.16901,1.16918,1.16883,1.16914,334.0,2026-04-08 13:41:00
1775655720,1.16912,1.1693,1.16893,1.169,447.0,2026-04-08 13:42:00
1775655780,1.16901,1.16928,1.16897,1.16925,441.0,2026-04-08 13:43:00
1775655840,1.16924,1.16942,1.16918,1.16932,367.0,2026-04-08 13:44:00
1775655900,1.16932,1.16937,1.1692,1.16928,275.0,2026-04-08 13:45:00
1775655960,1.16928,1.16964,1.16922,1.16962,356.0,2026-04-08 13:46:00
1775656020,1.16962,1.16978,1.1696,1.1697,336.0,2026-04-08 13:47:00
1775656080,1.16968,1.1699,1.16968,1.16983,381.0,2026-04-08 13:48:00
1775656140,1.16984,1.16987,1.16967,1.16976,317.0,2026-04-08 13:49:00
1775656200,1.16974,1.16974,1.16956,1.16956,274.0,2026-04-08 13:50:00
1775656260,1.16956,1.16962,1.16886,1.16916,692.0,2026-04-08 13:51:00
1775656320,1.16918,1.16942,1.16906,1.16927,399.0,2026-04-08 13:52:00
1775656380,1.16926,1.16936,1.16889,1.16893,408.0,2026-04-08 13:53:00
1775656440,1.16894,1.1691,1.16892,1.16905,274.0,2026-04-08 13:54:00
1775656500,1.16904,1.16926,1.16894,1.16902,472.0,2026-04-08 13:55:00
1775656560,1.16903,1.16926,1.16903,1.16921,287.0,2026-04-08 13:56:00
1775656620,1.16922,1.16931,1.16907,1.16914,227.0,2026-04-08 13:57:00
1775656680,1.16915,1.1692,1.16908,1.16916,243.0,2026-04-08 13:58:00
1775656740,1.16917,1.16959,1.16916,1.16942,319.0,2026-04-08 13:59:00
1775656800,1.16941,1.16972,1.1694,1.1697,389.0,2026-04-08 14:00:00
1775656860,1.1697,1.16978,1.16962,1.16971,270.0,2026-04-08 14:01:00
1775656920,1.1697,1.16987,1.1697,1.16986,233.0,2026-04-08 14:02:00
1775656980,1.16985,1.16996,1.16985,1.16996,160.0,2026-04-08 14:03:00
1775657040,1.16998,1.16998,1.16974,1.16978,302.0,2026-04-08 14:04:00
1775657100,1.16979,1.16992,1.16977,1.16988,285.0,2026-04-08 14:05:00
1775657160,1.16988,1.17004,1.16979,1.17002,289.0,2026-04-08 14:06:00
1775657220,1.17002,1.1701,1.1699,1.16994,257.0,2026-04-08 14:07:00
1775657280,1.16993,1.16993,1.16906,1.16944,590.0,2026-04-08 14:08:00
1775657340,1.16945,1.16984,1.16938,1.16976,662.0,2026-04-08 14:09:00
1775657400,1.16978,1.1699,1.16976,1.16979,342.0,2026-04-08 14:10:00
1775657460,1.16978,1.16994,1.1697,1.16992,242.0,2026-04-08 14:11:00
1775657520,1.16992,1.17014,1.16987,1.17003,264.0,2026-04-08 14:12:00
1775657580,1.17004,1.17012,1.1699,1.1699,270.0,2026-04-08 14:13:00
1775657640,1.16991,1.16991,1.16959,1.16964,219.0,2026-04-08 14:14:00
1775657700,1.16962,1.16974,1.16952,1.16958,236.0,2026-04-08 14:15:00
1775657760,1.1696,1.16971,1.1695,1.16951,234.0,2026-04-08 14:16:00
1775657820,1.16952,1.16972,1.16947,1.16966,261.0,2026-04-08 14:17:00
1775657880,1.16966,1.16982,1.16943,1.16951,424.0,2026-04-08 14:18:00
1775657940,1.16952,1.16962,1.16932,1.16956,364.0,2026-04-08 14:19:00
1775658000,1.16958,1.16988,1.16952,1.1696,441.0,2026-04-08 14:20:00
1775658060,1.16958,1.1697,1.16949,1.16956,307.0,2026-04-08 14:21:00
1775658120,1.16958,1.16984,1.16955,1.1698,244.0,2026-04-08 14:22:00
1775658180,1.16981,1.16984,1.16964,1.16972,273.0,2026-04-08 14:23:00
1775658240,1.16972,1.17008,1.16972,1.17001,352.0,2026-04-08 14:24:00
1775658300,1.17004,1.1702,1.16998,1.17007,256.0,2026-04-08 14:25:00
1775658360,1.17009,1.17014,1.16992,1.17003,329.0,2026-04-08 14:26:00
1775658420,1.17004,1.17022,1.16989,1.17022,273.0,2026-04-08 14:27:00
1775658480,1.17023,1.17034,1.17016,1.1702,232.0,2026-04-08 14:28:00
1775658540,1.17021,1.17022,1.16968,1.1697,269.0,2026-04-08 14:29:00
1775658600,1.1697,1.16976,1.16934,1.16936,366.0,2026-04-08 14:30:00
1775658660,1.16938,1.16946,1.16901,1.16922,672.0,2026-04-08 14:31:00
1775658720,1.16923,1.16933,1.1691,1.1691,349.0,2026-04-08 14:32:00
1775658780,1.16912,1.16953,1.16912,1.16948,333.0,2026-04-08 14:33:00
1775658840,1.16948,1.16963,1.16944,1.16956,248.0,2026-04-08 14:34:00
1775658900,1.16955,1.1697,1.16924,1.16931,371.0,2026-04-08 14:35:00
1775658960,1.16933,1.16934,1.16914,1.16916,275.0,2026-04-08 14:36:00
1775659020,1.16916,1.1696,1.16916,1.1696,233.0,2026-04-08 14:37:00
1775659080,1.16959,1.16968,1.16944,1.16953,262.0,2026-04-08 14:38:00
1775659140,1.16955,1.16968,1.16949,1.16954,209.0,2026-04-08 14:39:00
1775659200,1.16956,1.16969,1.16948,1.16964,281.0,2026-04-08 14:40:00
1775659260,1.16964,1.1698,1.16954,1.16965,277.0,2026-04-08 14:41:00
1775659320,1.16966,1.16975,1.16956,1.16975,233.0,2026-04-08 14:42:00
1775659380,1.16976,1.1698,1.16959,1.16964,270.0,2026-04-08 14:43:00
1775659440,1.16965,1.16976,1.16953,1.16974,184.0,2026-04-08 14:44:00
1775659500,1.16974,1.16986,1.16966,1.16975,308.0,2026-04-08 14:45:00
1775659560,1.16974,1.16976,1.16958,1.16962,245.0,2026-04-08 14:46:00
1775659620,1.16961,1.1697,1.16947,1.1697,331.0,2026-04-08 14:47:00
1775659680,1.1697,1.17018,1.16969,1.17017,397.0,2026-04-08 14:48:00
1775659740,1.17016,1.17022,1.16983,1.16997,296.0,2026-04-08 14:49:00
1775659800,1.16999,1.1702,1.16985,1.1701,315.0,2026-04-08 14:50:00
1775659860,1.17012,1.17017,1.16984,1.16989,362.0,2026-04-08 14:51:00
1775659920,1.1699,1.17002,1.16986,1.16996,250.0,2026-04-08 14:52:00
1775659980,1.16994,1.17,1.16959,1.16962,325.0,2026-04-08 14:53:00
1775660040,1.16962,1.16994,1.16958,1.16988,342.0,2026-04-08 14:54:00
1775660100,1.1699,1.16994,1.16941,1.16942,476.0,2026-04-08 14:55:00
1775660160,1.16942,1.16957,1.16894,1.16895,664.0,2026-04-08 14:56:00
1775660220,1.16896,1.16974,1.16894,1.16953,845.0,2026-04-08 14:57:00
1775660280,1.16955,1.16968,1.16947,1.16956,291.0,2026-04-08 14:58:00
1775660340,1.16956,1.16957,1.16942,1.16944,192.0,2026-04-08 14:59:00
1775660400,1.16946,1.16956,1.16936,1.16942,259.0,2026-04-08 15:00:00
1775660460,1.16943,1.16954,1.16928,1.16932,275.0,2026-04-08 15:01:00
1775660520,1.16934,1.16948,1.16923,1.16924,330.0,2026-04-08 15:02:00
1775660580,1.16924,1.16964,1.1692,1.16948,371.0,2026-04-08 15:03:00
1775660640,1.16948,1.16954,1.1693,1.16954,272.0,2026-04-08 15:04:00
1775660700,1.16955,1.1696,1.16922,1.16926,267.0,2026-04-08 15:05:00
1775660760,1.16925,1.16932,1.16896,1.16898,317.0,2026-04-08 15:06:00
1775660820,1.16898,1.16912,1.16887,1.16898,214.0,2026-04-08 15:07:00
1775660880,1.16897,1.16897,1.1688,1.16886,175.0,2026-04-08 15:08:00
1775660940,1.16887,1.16892,1.16878,1.1688,184.0,2026-04-08 15:09:00
1775661000,1.16876,1.16879,1.16862,1.16871,240.0,2026-04-08 15:10:00
1775661060,1.16872,1.16874,1.16861,1.16871,224.0,2026-04-08 15:11:00
1775661120,1.1687,1.16881,1.16865,1.16868,228.0,2026-04-08 15:12:00
1775661180,1.16868,1.1687,1.16859,1.16864,201.0,2026-04-08 15:13:00
1775661240,1.16863,1.16874,1.16842,1.16868,283.0,2026-04-08 15:14:00
1775661300,1.16868,1.16882,1.16854,1.16879,281.0,2026-04-08 15:15:00
1775661360,1.1688,1.1688,1.1686,1.16878,242.0,2026-04-08 15:16:00
1775661420,1.16878,1.16885,1.16864,1.1688,230.0,2026-04-08 15:17:00
1775661480,1.1688,1.16894,1.16863,1.16894,257.0,2026-04-08 15:18:00
1775661540,1.16893,1.16929,1.1689,1.16929,182.0,2026-04-08 15:19:00
1775661600,1.1693,1.1694,1.16928,1.1693,180.0,2026-04-08 15:20:00
1775661660,1.16929,1.16942,1.1692,1.16922,201.0,2026-04-08 15:21:00
1775661720,1.16922,1.16932,1.16918,1.16931,170.0,2026-04-08 15:22:00
1775661780,1.1693,1.16932,1.16914,1.16919,234.0,2026-04-08 15:23:00
1775661840,1.1692,1.16938,1.16914,1.16932,132.0,2026-04-08 15:24:00
1775661900,1.16934,1.16938,1.16918,1.16921,171.0,2026-04-08 15:25:00
1775661960,1.1692,1.16929,1.16918,1.16922,177.0,2026-04-08 15:26:00
1775662020,1.16922,1.16926,1.16898,1.16906,200.0,2026-04-08 15:27:00
1775662080,1.16905,1.16911,1.16888,1.16888,232.0,2026-04-08 15:28:00
1775662140,1.16888,1.16896,1.1688,1.16882,205.0,2026-04-08 15:29:00
1775662200,1.16883,1.16918,1.16873,1.16914,316.0,2026-04-08 15:30:00
1775662260,1.16915,1.16917,1.16906,1.16913,153.0,2026-04-08 15:31:00
1775662320,1.1691,1.1691,1.16894,1.16907,197.0,2026-04-08 15:32:00
1775662380,1.16908,1.16919,1.16904,1.1691,229.0,2026-04-08 15:33:00
1775662440,1.1691,1.16932,1.1691,1.16922,264.0,2026-04-08 15:34:00
1775662500,1.16922,1.16927,1.16911,1.16911,268.0,2026-04-08 15:35:00
1775662560,1.1691,1.16913,1.1689,1.16913,220.0,2026-04-08 15:36:00
1775662620,1.16913,1.16928,1.16912,1.16928,241.0,2026-04-08 15:37:00
1775662680,1.16928,1.16951,1.16928,1.16944,199.0,2026-04-08 15:38:00
1775662740,1.16946,1.16964,1.16946,1.16958,192.0,2026-04-08 15:39:00
1775662800,1.16958,1.16966,1.1695,1.16958,196.0,2026-04-08 15:40:00
1775662860,1.16958,1.1696,1.16944,1.16944,144.0,2026-04-08 15:41:00
1775662920,1.16944,1.16944,1.16924,1.16929,145.0,2026-04-08 15:42:00
1775662980,1.1693,1.16931,1.16912,1.16913,116.0,2026-04-08 15:43:00
1775663040,1.16916,1.16916,1.16902,1.16908,98.0,2026-04-08 15:44:00
1775663100,1.16908,1.16916,1.16905,1.16908,147.0,2026-04-08 15:45:00
1775663160,1.16907,1.16924,1.16907,1.16916,166.0,2026-04-08 15:46:00
1775663220,1.16916,1.16924,1.169,1.1691,107.0,2026-04-08 15:47:00
1775663280,1.16911,1.16916,1.169,1.16907,134.0,2026-04-08 15:48:00
1775663340,1.16908,1.16922,1.169,1.16919,117.0,2026-04-08 15:49:00
1775663400,1.1692,1.16929,1.16919,1.16921,129.0,2026-04-08 15:50:00
1775663460,1.1692,1.16925,1.1691,1.16924,151.0,2026-04-08 15:51:00
1775663520,1.16924,1.16926,1.16914,1.16919,90.0,2026-04-08 15:52:00
1775663580,1.1692,1.16928,1.16917,1.16917,102.0,2026-04-08 15:53:00
1775663640,1.16918,1.16928,1.16914,1.16918,132.0,2026-04-08 15:54:00
1775663700,1.16919,1.16925,1.16908,1.16914,129.0,2026-04-08 15:55:00
1775663760,1.16914,1.16914,1.16889,1.16895,128.0,2026-04-08 15:56:00
1775663820,1.16897,1.16909,1.1689,1.16894,162.0,2026-04-08 15:57:00
1775663880,1.16896,1.16898,1.16878,1.16888,134.0,2026-04-08 15:58:00
1775663940,1.16888,1.16889,1.16857,1.16862,225.0,2026-04-08 15:59:00
1775664000,1.16863,1.16864,1.16837,1.16852,242.0,2026-04-08 16:00:00
1775664060,1.16852,1.16872,1.16846,1.16864,192.0,2026-04-08 16:01:00
1775664120,1.16865,1.16887,1.16863,1.16872,153.0,2026-04-08 16:02:00
1775664180,1.16872,1.16872,1.16861,1.16866,157.0,2026-04-08 16:03:00
1775664240,1.16867,1.16871,1.16812,1.16828,431.0,2026-04-08 16:04:00
1775664300,1.16826,1.16842,1.16816,1.16831,267.0,2026-04-08 16:05:00
1775664360,1.1683,1.16834,1.16816,1.1682,256.0,2026-04-08 16:06:00
1775664420,1.1682,1.16832,1.16807,1.16818,266.0,2026-04-08 16:07:00
1775664480,1.16818,1.16823,1.16808,1.16812,168.0,2026-04-08 16:08:00
1775664540,1.16812,1.16828,1.16812,1.16828,226.0,2026-04-08 16:09:00
1775664600,1.16829,1.1683,1.16819,1.16829,164.0,2026-04-08 16:10:00
1775664660,1.1683,1.16847,1.16827,1.16839,135.0,2026-04-08 16:11:00
1775664720,1.1684,1.16854,1.16839,1.16847,159.0,2026-04-08 16:12:00
1775664780,1.16848,1.16854,1.16846,1.16854,66.0,2026-04-08 16:13:00
1775664840,1.16854,1.16855,1.1682,1.16835,255.0,2026-04-08 16:14:00
1775664900,1.16836,1.16843,1.1683,1.16834,243.0,2026-04-08 16:15:00
1775664960,1.16834,1.16836,1.16804,1.16804,177.0,2026-04-08 16:16:00
1775665020,1.16802,1.16809,1.16793,1.16802,212.0,2026-04-08 16:17:00
1775665080,1.16802,1.16808,1.1679,1.16804,168.0,2026-04-08 16:18:00
1775665140,1.16805,1.16818,1.16796,1.16812,145.0,2026-04-08 16:19:00
1775665200,1.16812,1.16813,1.16788,1.16792,158.0,2026-04-08 16:20:00
1775665260,1.16792,1.16808,1.16792,1.16802,213.0,2026-04-08 16:21:00
1775665320,1.16802,1.16804,1.16792,1.16795,173.0,2026-04-08 16:22:00
1775665380,1.16796,1.16796,1.16788,1.1679,152.0,2026-04-08 16:23:00
1775665440,1.16791,1.1682,1.16791,1.16818,182.0,2026-04-08 16:24:00
1775665500,1.16819,1.16822,1.16808,1.16808,211.0,2026-04-08 16:25:00
1775665560,1.16806,1.16808,1.16798,1.16798,332.0,2026-04-08 16:26:00
1775665620,1.16799,1.1681,1.16796,1.168,187.0,2026-04-08 16:27:00
1775665680,1.16802,1.16808,1.16792,1.16803,172.0,2026-04-08 16:28:00
1775665740,1.16804,1.16806,1.16788,1.168,191.0,2026-04-08 16:29:00
1775665800,1.16802,1.16806,1.16788,1.16798,171.0,2026-04-08 16:30:00
1775665860,1.16799,1.16805,1.16784,1.16798,188.0,2026-04-08 16:31:00
1775665920,1.168,1.16814,1.168,1.16812,180.0,2026-04-08 16:32:00
1775665980,1.16813,1.1682,1.16806,1.16811,170.0,2026-04-08 16:33:00
1775666040,1.16812,1.16817,1.16805,1.16811,190.0,2026-04-08 16:34:00
1775666100,1.16812,1.16814,1.16796,1.16806,183.0,2026-04-08 16:35:00
1775666160,1.16806,1.1681,1.16795,1.16802,152.0,2026-04-08 16:36:00
1775666220,1.16802,1.16819,1.16796,1.16816,126.0,2026-04-08 16:37:00
1775666280,1.16817,1.16817,1.16795,1.16796,131.0,2026-04-08 16:38:00
1775666340,1.16798,1.16813,1.16795,1.16813,162.0,2026-04-08 16:39:00
1775666400,1.16812,1.16816,1.16807,1.16814,91.0,2026-04-08 16:40:00
1775666460,1.16814,1.16822,1.16804,1.16805,124.0,2026-04-08 16:41:00
1775666520,1.16805,1.16815,1.16789,1.16789,159.0,2026-04-08 16:42:00
1775666580,1.16788,1.16791,1.1677,1.16786,125.0,2026-04-08 16:43:00
1775666640,1.16786,1.16798,1.16786,1.16791,109.0,2026-04-08 16:44:00
1775666700,1.1679,1.16792,1.16778,1.16791,173.0,2026-04-08 16:45:00
1775666760,1.1679,1.16801,1.16787,1.16792,145.0,2026-04-08 16:46:00
1775666820,1.16794,1.16796,1.16786,1.16795,125.0,2026-04-08 16:47:00
1775666880,1.16796,1.16806,1.16794,1.16806,110.0,2026-04-08 16:48:00
1775666940,1.16806,1.1681,1.16798,1.168,125.0,2026-04-08 16:49:00
1775667000,1.168,1.16808,1.168,1.16806,81.0,2026-04-08 16:50:00
1775667060,1.16806,1.16806,1.16796,1.168,100.0,2026-04-08 16:51:00
1775667120,1.168,1.16814,1.16796,1.16812,112.0,2026-04-08 16:52:00
1775667180,1.16811,1.16816,1.1681,1.16816,41.0,2026-04-08 16:53:00
1775667240,1.16816,1.16818,1.16808,1.16808,67.0,2026-04-08 16:54:00
1775667300,1.1681,1.16818,1.1681,1.16812,91.0,2026-04-08 16:55:00
1775667360,1.16812,1.16826,1.1681,1.16826,125.0,2026-04-08 16:56:00
1775667420,1.16824,1.16829,1.16813,1.16816,92.0,2026-04-08 16:57:00
1775667480,1.16816,1.16819,1.1681,1.16814,116.0,2026-04-08 16:58:00
1775667540,1.16814,1.1682,1.1681,1.16818,91.0,2026-04-08 16:59:00
1775667600,1.16817,1.16831,1.16816,1.16828,132.0,2026-04-08 17:00:00
1775667660,1.16828,1.16834,1.16824,1.1683,94.0,2026-04-08 17:01:00
1775667720,1.1683,1.16848,1.16827,1.1684,147.0,2026-04-08 17:02:00
1775667780,1.16841,1.16843,1.16824,1.16824,80.0,2026-04-08 17:03:00
1775667840,1.16824,1.16824,1.16812,1.16812,81.0,2026-04-08 17:04:00
1775667900,1.16811,1.16816,1.16797,1.16798,82.0,2026-04-08 17:05:00
1775667960,1.16798,1.16798,1.16786,1.16789,79.0,2026-04-08 17:06:00
1775668020,1.1679,1.16813,1.16786,1.16812,105.0,2026-04-08 17:07:00
1775668080,1.16812,1.16818,1.168,1.16801,53.0,2026-04-08 17:08:00
1775668140,1.16802,1.16819,1.16801,1.16817,62.0,2026-04-08 17:09:00
1775668200,1.16816,1.16834,1.16814,1.16832,87.0,2026-04-08 17:10:00
1775668260,1.16833,1.16848,1.16833,1.16847,114.0,2026-04-08 17:11:00
1775668320,1.16851,1.16853,1.16829,1.16832,167.0,2026-04-08 17:12:00
1775668380,1.16833,1.16848,1.16833,1.16842,107.0,2026-04-08 17:13:00
1775668440,1.16842,1.16852,1.16842,1.16851,101.0,2026-04-08 17:14:00
1775668500,1.16852,1.16854,1.16836,1.16836,74.0,2026-04-08 17:15:00
1775668560,1.16834,1.16839,1.16822,1.16822,68.0,2026-04-08 17:16:00
1775668620,1.16822,1.16822,1.16796,1.16803,131.0,2026-04-08 17:17:00
1775668680,1.16802,1.16803,1.16786,1.16788,120.0,2026-04-08 17:18:00
1775668740,1.16786,1.16786,1.16772,1.16776,84.0,2026-04-08 17:19:00
1775668800,1.16774,1.16776,1.16766,1.1677,128.0,2026-04-08 17:20:00
1775668860,1.1677,1.16778,1.16768,1.16771,101.0,2026-04-08 17:21:00
1775668920,1.16772,1.16776,1.16742,1.16751,423.0,2026-04-08 17:22:00
1775668980,1.1675,1.16759,1.16712,1.16734,374.0,2026-04-08 17:23:00
1775669040,1.16734,1.1674,1.1672,1.16726,235.0,2026-04-08 17:24:00
1775669100,1.16728,1.1673,1.16717,1.16726,218.0,2026-04-08 17:25:00
1775669160,1.16726,1.16736,1.1672,1.16722,165.0,2026-04-08 17:26:00
1775669220,1.16722,1.16728,1.1671,1.16716,282.0,2026-04-08 17:27:00
1775669280,1.16717,1.16743,1.16716,1.16742,199.0,2026-04-08 17:28:00
1775669340,1.16743,1.16759,1.16733,1.16758,129.0,2026-04-08 17:29:00
1775669400,1.16756,1.16762,1.16751,1.16753,213.0,2026-04-08 17:30:00
1775669460,1.16755,1.16763,1.1675,1.16762,237.0,2026-04-08 17:31:00
1775669520,1.16762,1.16768,1.16748,1.16752,160.0,2026-04-08 17:32:00
1775669580,1.16751,1.16751,1.16732,1.16738,189.0,2026-04-08 17:33:00
1775669640,1.16737,1.16738,1.1673,1.16738,77.0,2026-04-08 17:34:00
1775669700,1.16737,1.16737,1.1671,1.1671,120.0,2026-04-08 17:35:00
1775669760,1.1671,1.16725,1.1671,1.16718,166.0,2026-04-08 17:36:00
1775669820,1.16717,1.1672,1.1669,1.16709,421.0,2026-04-08 17:37:00
1775669880,1.1671,1.16718,1.167,1.16704,196.0,2026-04-08 17:38:00
1775669940,1.16704,1.16709,1.16693,1.16704,185.0,2026-04-08 17:39:00
1775670000,1.16704,1.16708,1.16692,1.167,177.0,2026-04-08 17:40:00
1775670060,1.16701,1.16731,1.16698,1.16712,243.0,2026-04-08 17:41:00
1775670120,1.16714,1.16728,1.1671,1.16728,239.0,2026-04-08 17:42:00
1775670180,1.16727,1.16744,1.16722,1.16742,237.0,2026-04-08 17:43:00
1775670240,1.16742,1.16743,1.1673,1.16742,192.0,2026-04-08 17:44:00
1775670300,1.16742,1.16745,1.16736,1.16741,99.0,2026-04-08 17:45:00
1775670360,1.16744,1.16746,1.16732,1.16734,100.0,2026-04-08 17:46:00
1775670420,1.16732,1.16742,1.16728,1.1674,154.0,2026-04-08 17:47:00
1775670480,1.16741,1.16741,1.1673,1.16733,111.0,2026-04-08 17:48:00
1775670540,1.16734,1.16734,1.1672,1.16727,132.0,2026-04-08 17:49:00
1775670600,1.16726,1.16744,1.16726,1.16738,99.0,2026-04-08 17:50:00
1775670660,1.16737,1.16742,1.16734,1.16735,52.0,2026-04-08 17:51:00
1775670720,1.16731,1.16731,1.16712,1.1672,91.0,2026-04-08 17:52:00
1775670780,1.16721,1.16726,1.16711,1.16726,83.0,2026-04-08 17:53:00
1775670840,1.16725,1.16726,1.16719,1.1672,69.0,2026-04-08 17:54:00
1775670900,1.1672,1.16723,1.16714,1.16716,77.0,2026-04-08 17:55:00
1775670960,1.16717,1.16719,1.16708,1.16712,49.0,2026-04-08 17:56:00
1775671020,1.16712,1.16726,1.16712,1.16726,27.0,2026-04-08 17:57:00
1775671080,1.16726,1.16742,1.16725,1.16741,51.0,2026-04-08 17:58:00
1775671140,1.16741,1.1675,1.1674,1.1675,96.0,2026-04-08 17:59:00
1775671200,1.1675,1.16751,1.16716,1.16741,226.0,2026-04-08 18:00:00
1775671260,1.16741,1.16754,1.16731,1.16741,169.0,2026-04-08 18:01:00
1775671320,1.16742,1.1676,1.16739,1.16759,145.0,2026-04-08 18:02:00
1775671380,1.16756,1.16756,1.16732,1.1674,116.0,2026-04-08 18:03:00
1775671440,1.16738,1.16748,1.16738,1.16746,107.0,2026-04-08 18:04:00
1775671500,1.16746,1.16768,1.16742,1.16768,135.0,2026-04-08 18:05:00
1775671560,1.16768,1.16772,1.16754,1.16754,86.0,2026-04-08 18:06:00
1775671620,1.16754,1.16782,1.16754,1.16778,113.0,2026-04-08 18:07:00
1775671680,1.16778,1.16779,1.16766,1.16768,79.0,2026-04-08 18:08:00
1775671740,1.16768,1.16783,1.16766,1.16777,122.0,2026-04-08 18:09:00
1775671800,1.16777,1.1678,1.16756,1.16764,196.0,2026-04-08 18:10:00
1775671860,1.16765,1.16776,1.16762,1.16772,178.0,2026-04-08 18:11:00
1775671920,1.16771,1.16779,1.16768,1.16779,104.0,2026-04-08 18:12:00
1775671980,1.16778,1.16787,1.16774,1.16787,139.0,2026-04-08 18:13:00
1775672040,1.16788,1.16789,1.16783,1.16786,69.0,2026-04-08 18:14:00
1775672100,1.16788,1.16794,1.16784,1.16794,54.0,2026-04-08 18:15:00
1775672160,1.16794,1.16802,1.16788,1.16789,145.0,2026-04-08 18:16:00
1775672220,1.16788,1.16793,1.16775,1.16778,115.0,2026-04-08 18:17:00
1775672280,1.16777,1.1678,1.16664,1.16704,728.0,2026-04-08 18:18:00
1775672340,1.16704,1.16708,1.16652,1.16684,788.0,2026-04-08 18:19:00
1775672400,1.16682,1.16694,1.16653,1.16656,608.0,2026-04-08 18:20:00
1775672460,1.16656,1.16676,1.1665,1.1667,602.0,2026-04-08 18:21:00
1775672520,1.16671,1.16693,1.16658,1.16666,420.0,2026-04-08 18:22:00
1775672580,1.16666,1.16684,1.16653,1.1667,299.0,2026-04-08 18:23:00
1775672640,1.16669,1.16672,1.16656,1.1666,246.0,2026-04-08 18:24:00
1775672700,1.1666,1.16666,1.16648,1.16658,286.0,2026-04-08 18:25:00
1775672760,1.16658,1.1668,1.16656,1.16674,234.0,2026-04-08 18:26:00
1775672820,1.16674,1.16678,1.16655,1.1666,272.0,2026-04-08 18:27:00
1775672880,1.16658,1.16682,1.16657,1.16668,312.0,2026-04-08 18:28:00
1775672940,1.16669,1.16672,1.16653,1.16658,215.0,2026-04-08 18:29:00
1775673000,1.16658,1.16685,1.16658,1.16674,205.0,2026-04-08 18:30:00
1775673060,1.16675,1.16681,1.16667,1.16668,180.0,2026-04-08 18:31:00
1775673120,1.16668,1.16672,1.16646,1.16664,132.0,2026-04-08 18:32:00
1775673180,1.16664,1.16666,1.16655,1.16659,154.0,2026-04-08 18:33:00
1775673240,1.16658,1.16681,1.16658,1.16678,154.0,2026-04-08 18:34:00
1775673300,1.1668,1.16684,1.16672,1.16672,141.0,2026-04-08 18:35:00
1775673360,1.16673,1.16675,1.16659,1.16667,199.0,2026-04-08 18:36:00
1775673420,1.16668,1.16668,1.16651,1.16652,136.0,2026-04-08 18:37:00
1775673480,1.16652,1.16654,1.16638,1.16638,180.0,2026-04-08 18:38:00
1775673540,1.16638,1.1664,1.16583,1.16606,373.0,2026-04-08 18:39:00
1775673600,1.16606,1.16613,1.16587,1.16591,265.0,2026-04-08 18:40:00
1775673660,1.16592,1.16597,1.16576,1.16582,280.0,2026-04-08 18:41:00
1775673720,1.16582,1.16604,1.16575,1.16582,222.0,2026-04-08 18:42:00
1775673780,1.16581,1.16595,1.16573,1.16579,260.0,2026-04-08 18:43:00
1775673840,1.1658,1.16582,1.1657,1.16582,146.0,2026-04-08 18:44:00
1775673900,1.1658,1.1658,1.16562,1.16576,155.0,2026-04-08 18:45:00
1775673960,1.16576,1.16578,1.1656,1.16562,103.0,2026-04-08 18:46:00
1775674020,1.16562,1.16576,1.16562,1.16563,179.0,2026-04-08 18:47:00
1775674080,1.16562,1.16568,1.1656,1.16566,109.0,2026-04-08 18:48:00
1775674140,1.16568,1.16568,1.16527,1.1653,259.0,2026-04-08 18:49:00
1775674200,1.16532,1.1654,1.16516,1.16536,218.0,2026-04-08 18:50:00
1775674260,1.16538,1.16538,1.16516,1.16525,173.0,2026-04-08 18:51:00
1775674320,1.16524,1.16533,1.16516,1.16522,187.0,2026-04-08 18:52:00
1775674380,1.16524,1.16533,1.16522,1.16531,160.0,2026-04-08 18:53:00
1775674440,1.1653,1.16538,1.1652,1.16526,209.0,2026-04-08 18:54:00
1775674500,1.16527,1.16528,1.16502,1.16518,173.0,2026-04-08 18:55:00
1775674560,1.16518,1.1652,1.16512,1.16512,137.0,2026-04-08 18:56:00
1775674620,1.16512,1.16522,1.16504,1.16522,181.0,2026-04-08 18:57:00
1775674680,1.16523,1.16528,1.16506,1.16508,206.0,2026-04-08 18:58:00
1775674740,1.16508,1.16513,1.165,1.16504,154.0,2026-04-08 18:59:00
1775674800,1.16502,1.16502,1.16434,1.16463,466.0,2026-04-08 19:00:00
1775674860,1.16463,1.16494,1.16462,1.16486,267.0,2026-04-08 19:01:00
1775674920,1.16487,1.16498,1.16474,1.16474,305.0,2026-04-08 19:02:00
1775674980,1.16474,1.16494,1.16474,1.16482,224.0,2026-04-08 19:03:00
1775675040,1.16482,1.16484,1.16469,1.1648,231.0,2026-04-08 19:04:00
1775675100,1.1648,1.16483,1.16469,1.16474,102.0,2026-04-08 19:05:00
1775675160,1.16476,1.16506,1.16474,1.16503,190.0,2026-04-08 19:06:00
1775675220,1.16502,1.16516,1.1648,1.16499,246.0,2026-04-08 19:07:00
1775675280,1.16498,1.165,1.16478,1.16486,229.0,2026-04-08 19:08:00
1775675340,1.16485,1.16502,1.16485,1.165,192.0,2026-04-08 19:09:00
1775675400,1.16501,1.1652,1.165,1.16514,195.0,2026-04-08 19:10:00
1775675460,1.16516,1.16524,1.16506,1.16515,167.0,2026-04-08 19:11:00
1775675520,1.16513,1.16524,1.1651,1.16524,116.0,2026-04-08 19:12:00
1775675580,1.16522,1.16524,1.16498,1.165,116.0,2026-04-08 19:13:00
1775675640,1.165,1.16529,1.165,1.16528,162.0,2026-04-08 19:14:00
1775675700,1.16528,1.16536,1.16514,1.16534,126.0,2026-04-08 19:15:00
1775675760,1.16534,1.16539,1.1652,1.16525,110.0,2026-04-08 19:16:00
1775675820,1.16524,1.16524,1.1648,1.1649,320.0,2026-04-08 19:17:00
1775675880,1.16491,1.16494,1.16483,1.16489,187.0,2026-04-08 19:18:00
1775675940,1.16488,1.16498,1.16478,1.1649,177.0,2026-04-08 19:19:00
1775676000,1.1649,1.16522,1.16484,1.16519,130.0,2026-04-08 19:20:00
1775676060,1.1652,1.1652,1.16504,1.16514,137.0,2026-04-08 19:21:00
1775676120,1.16514,1.16516,1.16488,1.16504,286.0,2026-04-08 19:22:00
1775676180,1.16502,1.16511,1.16495,1.1651,174.0,2026-04-08 19:23:00
1775676240,1.1651,1.16525,1.16509,1.16518,111.0,2026-04-08 19:24:00
1775676300,1.16518,1.16538,1.16518,1.16533,193.0,2026-04-08 19:25:00
1775676360,1.16532,1.1654,1.16527,1.16528,119.0,2026-04-08 19:26:00
1775676420,1.16527,1.16533,1.16518,1.1652,161.0,2026-04-08 19:27:00
1775676480,1.1652,1.16525,1.1651,1.16525,145.0,2026-04-08 19:28:00
1775676540,1.16524,1.16526,1.16516,1.16526,128.0,2026-04-08 19:29:00
1775676600,1.16522,1.16536,1.16522,1.16534,114.0,2026-04-08 19:30:00
1775676660,1.16534,1.16556,1.16534,1.16552,161.0,2026-04-08 19:31:00
1775676720,1.1655,1.16572,1.1655,1.16566,140.0,2026-04-08 19:32:00
1775676780,1.16566,1.16572,1.1655,1.16558,86.0,2026-04-08 19:33:00
1775676840,1.16557,1.16571,1.16554,1.1657,63.0,2026-04-08 19:34:00
1775676900,1.16573,1.16585,1.16564,1.1657,281.0,2026-04-08 19:35:00
1775676960,1.1657,1.16608,1.16568,1.16603,270.0,2026-04-08 19:36:00
1775677020,1.16604,1.16636,1.166,1.16628,187.0,2026-04-08 19:37:00
1775677080,1.16628,1.16644,1.16612,1.1662,233.0,2026-04-08 19:38:00
1775677140,1.16619,1.16638,1.16617,1.16636,215.0,2026-04-08 19:39:00
1775677200,1.16638,1.16638,1.16613,1.16618,148.0,2026-04-08 19:40:00
1775677260,1.16617,1.16618,1.1659,1.16594,148.0,2026-04-08 19:41:00
1775677320,1.16596,1.16609,1.1659,1.166,101.0,2026-04-08 19:42:00
1775677380,1.16601,1.16607,1.16596,1.16606,141.0,2026-04-08 19:43:00
1775677440,1.16606,1.1661,1.16599,1.16602,110.0,2026-04-08 19:44:00
1775677500,1.16602,1.16632,1.16602,1.16624,179.0,2026-04-08 19:45:00
1775677560,1.16625,1.16628,1.16609,1.1661,141.0,2026-04-08 19:46:00
1775677620,1.16609,1.16618,1.16608,1.16618,133.0,2026-04-08 19:47:00
1775677680,1.16618,1.16625,1.16615,1.16618,155.0,2026-04-08 19:48:00
1775677740,1.16614,1.16625,1.16613,1.16616,69.0,2026-04-08 19:49:00
1775677800,1.16616,1.16639,1.16616,1.16636,180.0,2026-04-08 19:50:00
1775677860,1.16635,1.16645,1.16634,1.16637,155.0,2026-04-08 19:51:00
1775677920,1.1664,1.16649,1.16636,1.16648,90.0,2026-04-08 19:52:00
1775677980,1.16648,1.16664,1.16648,1.1666,126.0,2026-04-08 19:53:00
1775678040,1.1666,1.16664,1.16654,1.16655,94.0,2026-04-08 19:54:00
1775678100,1.16656,1.1667,1.16652,1.16667,102.0,2026-04-08 19:55:00
1775678160,1.16668,1.16678,1.16666,1.16676,133.0,2026-04-08 19:56:00
1775678220,1.16678,1.16688,1.16672,1.16687,77.0,2026-04-08 19:57:00
1775678280,1.16686,1.16694,1.16681,1.16692,133.0,2026-04-08 19:58:00
1775678340,1.16691,1.16706,1.1668,1.1668,200.0,2026-04-08 19:59:00
1775678400,1.1668,1.16694,1.16678,1.1668,132.0,2026-04-08 20:00:00
1775678460,1.1668,1.16683,1.16678,1.1668,108.0,2026-04-08 20:01:00
1775678520,1.16678,1.16695,1.16678,1.1669,113.0,2026-04-08 20:02:00
1775678580,1.1669,1.1669,1.16678,1.1668,72.0,2026-04-08 20:03:00
1775678640,1.1668,1.16689,1.16662,1.16662,111.0,2026-04-08 20:04:00
1775678700,1.16661,1.16661,1.16626,1.16649,212.0,2026-04-08 20:05:00
1775678760,1.1665,1.16663,1.1665,1.16659,71.0,2026-04-08 20:06:00
1775678820,1.16656,1.1666,1.1665,1.1666,75.0,2026-04-08 20:07:00
1775678880,1.1666,1.16666,1.16658,1.16664,62.0,2026-04-08 20:08:00
1775678940,1.16664,1.16673,1.16664,1.16672,63.0,2026-04-08 20:09:00
1775679000,1.16673,1.16684,1.16658,1.16659,83.0,2026-04-08 20:10:00
1775679060,1.16659,1.16674,1.16658,1.16666,61.0,2026-04-08 20:11:00
1775679120,1.16666,1.16666,1.16654,1.16655,36.0,2026-04-08 20:12:00
1775679180,1.16652,1.16654,1.16644,1.16644,61.0,2026-04-08 20:13:00
1775679240,1.16645,1.16646,1.16638,1.16641,37.0,2026-04-08 20:14:00
1775679300,1.1664,1.16644,1.16636,1.16636,31.0,2026-04-08 20:15:00
1775679360,1.16636,1.16636,1.16623,1.16624,27.0,2026-04-08 20:16:00
1775679420,1.16624,1.16624,1.16618,1.16618,29.0,2026-04-08 20:17:00
1775679480,1.16619,1.16622,1.16618,1.1662,36.0,2026-04-08 20:18:00
1775679540,1.1662,1.1662,1.16616,1.16618,31.0,2026-04-08 20:19:00
1775679600,1.16617,1.16627,1.16612,1.16618,64.0,2026-04-08 20:20:00
1775679660,1.1662,1.16627,1.16617,1.16618,41.0,2026-04-08 20:21:00
1775679720,1.1662,1.16624,1.16616,1.16618,40.0,2026-04-08 20:22:00
1775679780,1.16619,1.1662,1.16609,1.16609,36.0,2026-04-08 20:23:00
1775679840,1.1661,1.16614,1.16606,1.16614,37.0,2026-04-08 20:24:00
1775679900,1.16614,1.16614,1.16608,1.1661,70.0,2026-04-08 20:25:00
1775679960,1.16609,1.16612,1.16609,1.1661,33.0,2026-04-08 20:26:00
1775680020,1.16611,1.16624,1.1661,1.16624,68.0,2026-04-08 20:27:00
1775680080,1.16624,1.16624,1.16622,1.16623,14.0,2026-04-08 20:28:00
1775680140,1.16624,1.16626,1.1661,1.16625,68.0,2026-04-08 20:29:00
1775680200,1.16623,1.16624,1.1662,1.16624,49.0,2026-04-08 20:30:00
1775680260,1.16623,1.1663,1.16618,1.16626,59.0,2026-04-08 20:31:00
1775680320,1.16627,1.16633,1.16624,1.1663,63.0,2026-04-08 20:32:00
1775680380,1.16631,1.16635,1.1663,1.16634,81.0,2026-04-08 20:33:00
1775680440,1.16634,1.16634,1.16634,1.16634,10.0,2026-04-08 20:34:00
1775680500,1.16636,1.16644,1.16636,1.16639,62.0,2026-04-08 20:35:00
1775680560,1.1664,1.1664,1.16634,1.16634,29.0,2026-04-08 20:36:00
1775680620,1.16634,1.16634,1.16628,1.1663,56.0,2026-04-08 20:37:00
1775680680,1.1663,1.16632,1.16622,1.16622,51.0,2026-04-08 20:38:00
1775680740,1.1662,1.1663,1.1662,1.1663,16.0,2026-04-08 20:39:00
1775680800,1.16632,1.16634,1.1663,1.16634,36.0,2026-04-08 20:40:00
1775680860,1.16634,1.16636,1.16634,1.16634,11.0,2026-04-08 20:41:00
1775680920,1.16634,1.16636,1.16634,1.16635,18.0,2026-04-08 20:42:00
1775680980,1.16635,1.1664,1.16634,1.16636,51.0,2026-04-08 20:43:00
1775681040,1.16636,1.16637,1.1663,1.1663,43.0,2026-04-08 20:44:00
1775681100,1.16631,1.16635,1.16628,1.16628,59.0,2026-04-08 20:45:00
1775681160,1.16628,1.1663,1.16628,1.1663,40.0,2026-04-08 20:46:00
1775681220,1.16629,1.16632,1.16626,1.1663,36.0,2026-04-08 20:47:00
1775681280,1.1663,1.16634,1.16627,1.1663,30.0,2026-04-08 20:48:00
1775681340,1.16631,1.16637,1.1663,1.16637,50.0,2026-04-08 20:49:00
1775681400,1.16636,1.16649,1.16636,1.16644,70.0,2026-04-08 20:50:00
1775681460,1.16644,1.16645,1.16634,1.16635,43.0,2026-04-08 20:51:00
1775681520,1.16634,1.16636,1.16622,1.16622,69.0,2026-04-08 20:52:00
1775681580,1.16623,1.16624,1.16614,1.16618,36.0,2026-04-08 20:53:00
1775681640,1.16617,1.16618,1.16614,1.16614,28.0,2026-04-08 20:54:00
1775681700,1.16619,1.16637,1.16618,1.16635,95.0,2026-04-08 20:55:00
1775681760,1.16635,1.16642,1.16628,1.16634,91.0,2026-04-08 20:56:00
1775681820,1.16636,1.16638,1.16628,1.16636,104.0,2026-04-08 20:57:00
1775681880,1.16632,1.16638,1.16622,1.16625,197.0,2026-04-08 20:58:00
1775681940,1.16623,1.16626,1.16622,1.16622,7.0,2026-04-08 20:59:00
1775682240,1.16615,1.16615,1.16615,1.16615,1.0,2026-04-08 21:04:00
1775682300,1.16611,1.16645,1.16601,1.16644,19.0,2026-04-08 21:05:00
1775682360,1.16648,1.16656,1.16644,1.16656,7.0,2026-04-08 21:06:00
1775682420,1.16656,1.1666,1.16648,1.16653,13.0,2026-04-08 21:07:00
1775682480,1.16656,1.16659,1.16656,1.16656,8.0,2026-04-08 21:08:00
1775682540,1.16656,1.16656,1.16652,1.16654,5.0,2026-04-08 21:09:00
1775682600,1.16652,1.16654,1.16651,1.16653,10.0,2026-04-08 21:10:00
1775682660,1.16651,1.16651,1.16651,1.16651,1.0,2026-04-08 21:11:00
1775682720,1.16653,1.16653,1.16651,1.16653,4.0,2026-04-08 21:12:00
1775682780,1.16652,1.16652,1.16644,1.16644,3.0,2026-04-08 21:13:00
1775682840,1.16638,1.16638,1.16638,1.16638,1.0,2026-04-08 21:14:00
1775682900,1.16638,1.16648,1.16638,1.16648,11.0,2026-04-08 21:15:00
1775682960,1.16648,1.16648,1.16647,1.16647,5.0,2026-04-08 21:16:00
1775683020,1.16648,1.16648,1.16644,1.16644,10.0,2026-04-08 21:17:00
1775683080,1.1665,1.1665,1.16648,1.16649,9.0,2026-04-08 21:18:00
1775683140,1.16648,1.16649,1.16647,1.16649,14.0,2026-04-08 21:19:00
1775683200,1.1665,1.16655,1.16648,1.16649,15.0,2026-04-08 21:20:00
1775683260,1.1665,1.1665,1.16647,1.16649,14.0,2026-04-08 21:21:00
1775683320,1.16648,1.16648,1.16647,1.16647,2.0,2026-04-08 21:22:00
1775683380,1.16646,1.16647,1.1664,1.1664,16.0,2026-04-08 21:23:00
1775683440,1.16641,1.16644,1.1664,1.1664,10.0,2026-04-08 21:24:00
1775683560,1.1664,1.1664,1.16638,1.1664,7.0,2026-04-08 21:26:00
1775683800,1.16638,1.16638,1.16638,1.16638,5.0,2026-04-08 21:30:00
1775683860,1.16638,1.16639,1.1663,1.16636,14.0,2026-04-08 21:31:00
1775683920,1.16636,1.16636,1.16628,1.16628,5.0,2026-04-08 21:32:00
1775683980,1.16627,1.16636,1.16626,1.16634,7.0,2026-04-08 21:33:00
1775684040,1.16634,1.16634,1.16625,1.16632,5.0,2026-04-08 21:34:00
1775684100,1.16632,1.16641,1.16625,1.1664,14.0,2026-04-08 21:35:00
1775684160,1.16641,1.16642,1.1664,1.1664,8.0,2026-04-08 21:36:00
1775684220,1.1664,1.16641,1.1664,1.16641,4.0,2026-04-08 21:37:00
1775684280,1.1664,1.16641,1.16638,1.1664,9.0,2026-04-08 21:38:00
1775684340,1.1664,1.16642,1.16638,1.16638,10.0,2026-04-08 21:39:00
1775684400,1.16639,1.1664,1.16624,1.16633,19.0,2026-04-08 21:40:00
1775684460,1.16627,1.1663,1.16624,1.16624,5.0,2026-04-08 21:41:00
1775684520,1.16628,1.16631,1.16628,1.16628,18.0,2026-04-08 21:42:00
1775684580,1.1663,1.1663,1.16623,1.16628,18.0,2026-04-08 21:43:00
1775684640,1.16627,1.16627,1.16622,1.16623,11.0,2026-04-08 21:44:00
1775684700,1.16623,1.16628,1.16622,1.16628,8.0,2026-04-08 21:45:00
1775684760,1.16627,1.1663,1.16626,1.1663,11.0,2026-04-08 21:46:00
1775684820,1.1663,1.16631,1.16624,1.1663,7.0,2026-04-08 21:47:00
1775684880,1.16625,1.16633,1.16625,1.16632,17.0,2026-04-08 21:48:00
1775684940,1.16629,1.16632,1.16624,1.16631,25.0,2026-04-08 21:49:00
1775685000,1.16632,1.16636,1.16626,1.1663,24.0,2026-04-08 21:50:00
1775685060,1.16636,1.16652,1.16634,1.16643,117.0,2026-04-08 21:51:00
1775685120,1.16642,1.16648,1.16641,1.16644,72.0,2026-04-08 21:52:00
1775685180,1.16644,1.16651,1.16641,1.16648,93.0,2026-04-08 21:53:00
1775685240,1.16648,1.16661,1.16648,1.1666,38.0,2026-04-08 21:54:00
1775685300,1.1666,1.1667,1.16658,1.16658,105.0,2026-04-08 21:55:00
1775685360,1.1666,1.16668,1.16658,1.16663,57.0,2026-04-08 21:56:00
1775685420,1.16664,1.16672,1.16658,1.16664,127.0,2026-04-08 21:57:00
1775685480,1.16664,1.16666,1.16648,1.16665,193.0,2026-04-08 21:58:00
1775685540,1.16665,1.16665,1.1665,1.16662,88.0,2026-04-08 21:59:00
1775685600,1.1666,1.16668,1.16656,1.16666,73.0,2026-04-08 22:00:00
1775685660,1.16664,1.16664,1.16646,1.16647,45.0,2026-04-08 22:01:00
1775685720,1.16644,1.16674,1.16644,1.1667,59.0,2026-04-08 22:02:00
1775685780,1.1667,1.16671,1.16664,1.16666,41.0,2026-04-08 22:03:00
1775685840,1.16666,1.16668,1.16666,1.16668,13.0,2026-04-08 22:04:00
1775685900,1.16669,1.16678,1.16665,1.16667,61.0,2026-04-08 22:05:00
1775685960,1.16665,1.16668,1.16652,1.16666,43.0,2026-04-08 22:06:00
1775686020,1.16666,1.16666,1.16658,1.16658,9.0,2026-04-08 22:07:00
1775686080,1.16656,1.16664,1.16652,1.16662,32.0,2026-04-08 22:08:00
1775686140,1.16662,1.16664,1.16654,1.16662,28.0,2026-04-08 22:09:00
1775686200,1.16664,1.16666,1.16662,1.16664,23.0,2026-04-08 22:10:00
1775686260,1.16663,1.16663,1.16656,1.16656,20.0,2026-04-08 22:11:00
1775686320,1.16656,1.16656,1.16643,1.16643,39.0,2026-04-08 22:12:00
1775686380,1.16644,1.1665,1.16644,1.16649,14.0,2026-04-08 22:13:00
1775686440,1.16647,1.16648,1.16644,1.16644,16.0,2026-04-08 22:14:00
1775686500,1.16644,1.16648,1.1664,1.16642,28.0,2026-04-08 22:15:00
1775686560,1.16642,1.16645,1.1664,1.16643,24.0,2026-04-08 22:16:00
1775686620,1.16642,1.16644,1.16636,1.16636,29.0,2026-04-08 22:17:00
1775686680,1.16634,1.16634,1.16623,1.16624,26.0,2026-04-08 22:18:00
1775686740,1.16626,1.16626,1.16616,1.16621,26.0,2026-04-08 22:19:00
1775686800,1.16622,1.16622,1.166,1.16602,69.0,2026-04-08 22:20:00
1775686860,1.16602,1.1661,1.16602,1.16606,47.0,2026-04-08 22:21:00
1775686920,1.16606,1.1661,1.16606,1.16608,40.0,2026-04-08 22:22:00
1775686980,1.1661,1.16611,1.16606,1.16611,32.0,2026-04-08 22:23:00
1775687040,1.16608,1.16612,1.16602,1.16611,49.0,2026-04-08 22:24:00
1775687100,1.1661,1.16621,1.1661,1.16616,35.0,2026-04-08 22:25:00
1775687160,1.16616,1.1662,1.16612,1.1662,20.0,2026-04-08 22:26:00
1775687220,1.1662,1.16621,1.16616,1.16616,26.0,2026-04-08 22:27:00
1775687280,1.16618,1.16632,1.16616,1.16632,34.0,2026-04-08 22:28:00
1775687340,1.16632,1.16632,1.16625,1.16631,75.0,2026-04-08 22:29:00
1775687400,1.1663,1.16631,1.16626,1.16628,30.0,2026-04-08 22:30:00
1775687460,1.16627,1.16628,1.16622,1.16622,23.0,2026-04-08 22:31:00
1775687520,1.16619,1.16619,1.1661,1.16616,27.0,2026-04-08 22:32:00
1775687580,1.16616,1.1663,1.16616,1.16626,31.0,2026-04-08 22:33:00
1775687640,1.16626,1.1664,1.16625,1.16638,49.0,2026-04-08 22:34:00
1775687700,1.16637,1.16646,1.1663,1.16646,53.0,2026-04-08 22:35:00
1775687760,1.16644,1.16644,1.16638,1.1664,58.0,2026-04-08 22:36:00
1775687820,1.16639,1.16639,1.16634,1.16636,22.0,2026-04-08 22:37:00
1775687880,1.16637,1.16642,1.1663,1.16636,62.0,2026-04-08 22:38:00
1775687940,1.16636,1.16636,1.16631,1.16634,21.0,2026-04-08 22:39:00
1775688000,1.16634,1.16634,1.1662,1.16621,26.0,2026-04-08 22:40:00
1775688060,1.16624,1.16657,1.16624,1.16636,127.0,2026-04-08 22:41:00
1775688120,1.16636,1.16645,1.16634,1.1664,31.0,2026-04-08 22:42:00
1775688180,1.16638,1.16638,1.16632,1.16632,22.0,2026-04-08 22:43:00
1775688240,1.16632,1.16632,1.16629,1.1663,15.0,2026-04-08 22:44:00
1775688300,1.16631,1.16631,1.16626,1.16628,22.0,2026-04-08 22:45:00
1775688360,1.16627,1.16629,1.16622,1.16626,28.0,2026-04-08 22:46:00
1775688420,1.16626,1.16626,1.16624,1.16626,16.0,2026-04-08 22:47:00
1775688480,1.16624,1.16625,1.16622,1.16624,26.0,2026-04-08 22:48:00
1775688540,1.16626,1.16626,1.16624,1.16624,25.0,2026-04-08 22:49:00
1775688600,1.16625,1.16626,1.16622,1.16624,22.0,2026-04-08 22:50:00
1775688660,1.16624,1.16631,1.16624,1.1663,35.0,2026-04-08 22:51:00
1775688720,1.1663,1.1663,1.16622,1.16622,17.0,2026-04-08 22:52:00
1775688780,1.16623,1.16628,1.16622,1.16626,25.0,2026-04-08 22:53:00
1775688840,1.16625,1.16626,1.16624,1.16626,8.0,2026-04-08 22:54:00
1775688900,1.16626,1.16633,1.16625,1.16626,29.0,2026-04-08 22:55:00
1775688960,1.16625,1.16626,1.16624,1.16625,11.0,2026-04-08 22:56:00
1775689020,1.16624,1.16626,1.16622,1.16624,13.0,2026-04-08 22:57:00
1775689080,1.16623,1.16624,1.16622,1.16622,20.0,2026-04-08 22:58:00
1775689140,1.16621,1.16625,1.16621,1.16622,12.0,2026-04-08 22:59:00
1775689200,1.16623,1.16628,1.16614,1.16626,51.0,2026-04-08 23:00:00
1775689260,1.16626,1.16626,1.16626,1.16626,18.0,2026-04-08 23:01:00
1775689320,1.16626,1.16626,1.16616,1.16624,53.0,2026-04-08 23:02:00
1775689380,1.16624,1.16624,1.1662,1.16622,26.0,2026-04-08 23:03:00
1775689440,1.16623,1.16624,1.16616,1.16622,41.0,2026-04-08 23:04:00
1775689500,1.16623,1.16634,1.16622,1.16626,42.0,2026-04-08 23:05:00
1775689560,1.16624,1.1663,1.16622,1.16629,46.0,2026-04-08 23:06:00
1775689620,1.16628,1.1663,1.16626,1.1663,23.0,2026-04-08 23:07:00
1775689680,1.16629,1.1663,1.16626,1.16629,15.0,2026-04-08 23:08:00
1775689740,1.1663,1.1663,1.16626,1.16626,11.0,2026-04-08 23:09:00
1775689800,1.16626,1.1663,1.1662,1.1662,32.0,2026-04-08 23:10:00
1775689860,1.1662,1.1662,1.16614,1.16614,31.0,2026-04-08 23:11:00
1775689920,1.16612,1.16616,1.16611,1.16612,54.0,2026-04-08 23:12:00
1775689980,1.16613,1.16616,1.16611,1.16616,24.0,2026-04-08 23:13:00
1775690040,1.16615,1.16616,1.16614,1.16615,15.0,2026-04-08 23:14:00
1775690100,1.16614,1.16616,1.1661,1.1661,14.0,2026-04-08 23:15:00
1775690160,1.16608,1.16616,1.16608,1.16616,31.0,2026-04-08 23:16:00
1775690220,1.16615,1.16618,1.16615,1.16616,20.0,2026-04-08 23:17:00
1775690280,1.16616,1.16621,1.16616,1.16621,10.0,2026-04-08 23:18:00
1775690340,1.1662,1.1662,1.16612,1.16612,18.0,2026-04-08 23:19:00
1775690400,1.1661,1.16616,1.1661,1.16615,14.0,2026-04-08 23:20:00
1775690460,1.16613,1.16613,1.16606,1.1661,30.0,2026-04-08 23:21:00
1775690520,1.16611,1.16611,1.16606,1.16606,13.0,2026-04-08 23:22:00
1775690580,1.16606,1.16606,1.16606,1.16606,7.0,2026-04-08 23:23:00
1775690640,1.16606,1.16606,1.166,1.16602,36.0,2026-04-08 23:24:00
1775690700,1.16602,1.16602,1.16598,1.166,23.0,2026-04-08 23:25:00
1775690760,1.16599,1.166,1.16598,1.166,45.0,2026-04-08 23:26:00
1775690820,1.16599,1.166,1.16598,1.166,50.0,2026-04-08 23:27:00
1775690880,1.16598,1.166,1.16598,1.166,24.0,2026-04-08 23:28:00
1775690940,1.166,1.16602,1.16598,1.166,46.0,2026-04-08 23:29:00
1775691000,1.166,1.16601,1.16591,1.16601,42.0,2026-04-08 23:30:00
1775691060,1.16598,1.16598,1.16592,1.16592,33.0,2026-04-08 23:31:00
1775691120,1.16592,1.16592,1.16586,1.1659,37.0,2026-04-08 23:32:00
1775691180,1.16588,1.16588,1.16582,1.16586,28.0,2026-04-08 23:33:00
1775691240,1.16586,1.16592,1.16586,1.16592,20.0,2026-04-08 23:34:00
1775691360,1.16592,1.16596,1.16592,1.16594,20.0,2026-04-08 23:36:00
1775691420,1.16595,1.16596,1.16592,1.16596,35.0,2026-04-08 23:37:00
1775691480,1.16596,1.16604,1.16595,1.16596,46.0,2026-04-08 23:38:00
1775691540,1.16594,1.16594,1.16592,1.16594,40.0,2026-04-08 23:39:00
1775691600,1.16594,1.16596,1.16592,1.16594,25.0,2026-04-08 23:40:00
1775691660,1.16594,1.16596,1.16594,1.16596,28.0,2026-04-08 23:41:00
1775691720,1.16596,1.16604,1.16596,1.16602,28.0,2026-04-08 23:42:00
1775691780,1.16602,1.16602,1.166,1.166,20.0,2026-04-08 23:43:00
1775691840,1.166,1.166,1.16594,1.16595,17.0,2026-04-08 23:44:00
1775691900,1.16596,1.16598,1.16594,1.16596,32.0,2026-04-08 23:45:00
1775691960,1.16596,1.166,1.16596,1.166,19.0,2026-04-08 23:46:00
1775692020,1.16599,1.166,1.16588,1.16592,67.0,2026-04-08 23:47:00
1775692080,1.16592,1.16602,1.16592,1.16602,28.0,2026-04-08 23:48:00
1775692140,1.16602,1.16603,1.16602,1.16603,14.0,2026-04-08 23:49:00
1775692200,1.16603,1.16607,1.16602,1.16606,39.0,2026-04-08 23:50:00
1775692260,1.16606,1.16606,1.16594,1.16596,28.0,2026-04-08 23:51:00
1775692320,1.16596,1.16607,1.16596,1.16607,18.0,2026-04-08 23:52:00
1775692380,1.16606,1.1661,1.16606,1.16608,20.0,2026-04-08 23:53:00
1775692440,1.16607,1.16607,1.16585,1.16586,50.0,2026-04-08 23:54:00
1775692500,1.16586,1.16586,1.16576,1.16582,54.0,2026-04-08 23:55:00
1775692560,1.16583,1.16588,1.16581,1.16588,35.0,2026-04-08 23:56:00
1775692620,1.16587,1.16588,1.16584,1.16587,21.0,2026-04-08 23:57:00
1775692680,1.16586,1.16593,1.16585,1.16592,46.0,2026-04-08 23:58:00
1775692740,1.1659,1.16593,1.16586,1.16592,52.0,2026-04-08 23:59:00
1775692800,1.16593,1.16594,1.16575,1.1658,187.0,2026-04-09 00:00:00
1775692860,1.1658,1.16583,1.16568,1.1658,148.0,2026-04-09 00:01:00
1775692920,1.16582,1.16587,1.1657,1.1657,169.0,2026-04-09 00:02:00
1775692980,1.1657,1.1657,1.16548,1.16554,199.0,2026-04-09 00:03:00
1775693040,1.16555,1.16564,1.16555,1.16564,97.0,2026-04-09 00:04:00
1775693100,1.16562,1.16566,1.1655,1.16555,106.0,2026-04-09 00:05:00
1775693160,1.16556,1.16566,1.16548,1.1655,140.0,2026-04-09 00:06:00
1775693220,1.16549,1.1655,1.16534,1.16545,129.0,2026-04-09 00:07:00
1775693280,1.16544,1.1655,1.1654,1.16549,123.0,2026-04-09 00:08:00
1775693340,1.16548,1.16551,1.16542,1.16548,114.0,2026-04-09 00:09:00
1775693400,1.16548,1.1655,1.1654,1.16544,103.0,2026-04-09 00:10:00
1775693460,1.16544,1.16544,1.16533,1.1654,76.0,2026-04-09 00:11:00
1775693520,1.16539,1.16544,1.1653,1.16544,79.0,2026-04-09 00:12:00
1775693580,1.16543,1.16556,1.16541,1.16556,110.0,2026-04-09 00:13:00
1775693640,1.16556,1.16561,1.16554,1.16556,118.0,2026-04-09 00:14:00
1775693700,1.16556,1.16559,1.1655,1.16554,91.0,2026-04-09 00:15:00
1775693760,1.16554,1.16574,1.16551,1.16568,94.0,2026-04-09 00:16:00
1775693820,1.16568,1.16572,1.16564,1.16571,106.0,2026-04-09 00:17:00
1775693880,1.16572,1.16574,1.16567,1.16567,101.0,2026-04-09 00:18:00
1775693940,1.16566,1.16575,1.16562,1.16573,100.0,2026-04-09 00:19:00
1775694000,1.16574,1.16583,1.16568,1.16583,82.0,2026-04-09 00:20:00
1775694060,1.16584,1.16596,1.16583,1.16594,103.0,2026-04-09 00:21:00
1775694120,1.16593,1.16594,1.16584,1.16588,87.0,2026-04-09 00:22:00
1775694180,1.16587,1.16587,1.16579,1.16585,52.0,2026-04-09 00:23:00
1775694240,1.16586,1.1659,1.16581,1.16586,82.0,2026-04-09 00:24:00
1775694300,1.16586,1.16586,1.16576,1.16582,90.0,2026-04-09 00:25:00
1775694360,1.16582,1.16588,1.1658,1.16586,86.0,2026-04-09 00:26:00
1775694420,1.16587,1.16588,1.16578,1.16583,63.0,2026-04-09 00:27:00
1775694480,1.16584,1.16584,1.16578,1.16582,78.0,2026-04-09 00:28:00
1775694540,1.16582,1.16584,1.16566,1.1657,77.0,2026-04-09 00:29:00
1775694600,1.1657,1.1658,1.16568,1.16578,84.0,2026-04-09 00:30:00
1775694660,1.16579,1.16611,1.16578,1.16603,169.0,2026-04-09 00:31:00
1775694720,1.16602,1.16602,1.16581,1.16582,87.0,2026-04-09 00:32:00
1775694780,1.16581,1.16586,1.1657,1.16572,61.0,2026-04-09 00:33:00
1775694840,1.16573,1.16576,1.1657,1.16575,56.0,2026-04-09 00:34:00
1775694900,1.16576,1.16578,1.16568,1.16572,39.0,2026-04-09 00:35:00
1775694960,1.1657,1.16576,1.1657,1.16573,50.0,2026-04-09 00:36:00
1775695020,1.16572,1.16576,1.1657,1.16572,84.0,2026-04-09 00:37:00
1775695080,1.16574,1.16582,1.16574,1.16582,76.0,2026-04-09 00:38:00
1775695140,1.16582,1.16582,1.16575,1.16577,24.0,2026-04-09 00:39:00
1775695200,1.16578,1.16578,1.16569,1.1657,69.0,2026-04-09 00:40:00
1775695260,1.16572,1.16576,1.16568,1.1657,41.0,2026-04-09 00:41:00
1775695320,1.1657,1.16576,1.1657,1.16575,86.0,2026-04-09 00:42:00
1775695380,1.16574,1.16576,1.16568,1.1657,47.0,2026-04-09 00:43:00
1775695440,1.1657,1.16572,1.16568,1.1657,23.0,2026-04-09 00:44:00
1775695500,1.16572,1.16576,1.16566,1.1657,68.0,2026-04-09 00:45:00
1775695560,1.1657,1.16572,1.16564,1.16565,77.0,2026-04-09 00:46:00
1775695620,1.16566,1.16568,1.1656,1.16563,86.0,2026-04-09 00:47:00
1775695680,1.16562,1.16572,1.1656,1.16572,62.0,2026-04-09 00:48:00
1775695740,1.16572,1.16573,1.16568,1.16569,37.0,2026-04-09 00:49:00
1775695800,1.1657,1.16578,1.1657,1.16572,76.0,2026-04-09 00:50:00
1775695860,1.16573,1.16587,1.1657,1.16584,89.0,2026-04-09 00:51:00
1775695920,1.16585,1.16588,1.16574,1.16584,89.0,2026-04-09 00:52:00
1775695980,1.16583,1.16583,1.16574,1.16574,85.0,2026-04-09 00:53:00
1775696040,1.16574,1.16579,1.16569,1.16573,164.0,2026-04-09 00:54:00
1775696100,1.16572,1.16574,1.16561,1.16566,117.0,2026-04-09 00:55:00
1775696160,1.16568,1.16576,1.16568,1.16572,67.0,2026-04-09 00:56:00
1775696220,1.16572,1.16583,1.16572,1.16583,45.0,2026-04-09 00:57:00
1775696280,1.16583,1.16587,1.16578,1.1658,74.0,2026-04-09 00:58:00
1775696340,1.16582,1.16583,1.16568,1.16572,71.0,2026-04-09 00:59:00
1775696400,1.16572,1.16588,1.16572,1.16576,176.0,2026-04-09 01:00:00
1775696460,1.16576,1.16576,1.1657,1.1657,110.0,2026-04-09 01:01:00
1775696520,1.16571,1.16572,1.16556,1.1656,115.0,2026-04-09 01:02:00
1775696580,1.16558,1.1658,1.16552,1.1658,115.0,2026-04-09 01:03:00
1775696640,1.1658,1.16586,1.16576,1.16586,87.0,2026-04-09 01:04:00
1775696700,1.16586,1.16588,1.16572,1.16574,117.0,2026-04-09 01:05:00
1775696760,1.16575,1.16577,1.16568,1.16568,90.0,2026-04-09 01:06:00
1775696820,1.16568,1.16568,1.16556,1.16558,92.0,2026-04-09 01:07:00
1775696880,1.16558,1.16558,1.16546,1.16558,65.0,2026-04-09 01:08:00
1775696940,1.16557,1.16573,1.16557,1.16569,84.0,2026-04-09 01:09:00
1775697000,1.1657,1.16571,1.16559,1.1657,70.0,2026-04-09 01:10:00
1775697060,1.1657,1.1657,1.16562,1.16568,36.0,2026-04-09 01:11:00
1775697120,1.16568,1.16568,1.16545,1.16553,103.0,2026-04-09 01:12:00
1775697180,1.16552,1.16557,1.16542,1.16544,135.0,2026-04-09 01:13:00
1775697240,1.16542,1.16546,1.1654,1.16544,105.0,2026-04-09 01:14:00
1775697300,1.16544,1.16552,1.1654,1.16545,116.0,2026-04-09 01:15:00
1775697360,1.16546,1.16546,1.16532,1.16533,85.0,2026-04-09 01:16:00
1775697420,1.16534,1.16534,1.16524,1.16529,118.0,2026-04-09 01:17:00
1775697480,1.16528,1.16533,1.16522,1.16523,78.0,2026-04-09 01:18:00
1775697540,1.16522,1.16524,1.16518,1.16518,86.0,2026-04-09 01:19:00
1775697600,1.1652,1.16521,1.1651,1.16512,76.0,2026-04-09 01:20:00
1775697660,1.16514,1.16522,1.1651,1.16516,112.0,2026-04-09 01:21:00
1775697720,1.16516,1.16521,1.16505,1.1651,69.0,2026-04-09 01:22:00
1775697780,1.1651,1.1651,1.16504,1.1651,69.0,2026-04-09 01:23:00
1775697840,1.1651,1.16514,1.16506,1.16511,98.0,2026-04-09 01:24:00
1775697900,1.1651,1.16513,1.16505,1.16508,65.0,2026-04-09 01:25:00
1775697960,1.16508,1.16525,1.16508,1.16516,87.0,2026-04-09 01:26:00
1775698020,1.16516,1.1652,1.16516,1.1652,100.0,2026-04-09 01:27:00
1775698080,1.1652,1.16532,1.16518,1.1653,74.0,2026-04-09 01:28:00
1775698140,1.1653,1.16531,1.16524,1.16526,109.0,2026-04-09 01:29:00
1775698200,1.16528,1.16538,1.16526,1.16537,119.0,2026-04-09 01:30:00
1775698260,1.16536,1.16541,1.16532,1.16536,103.0,2026-04-09 01:31:00
1775698320,1.16536,1.16547,1.16536,1.16546,66.0,2026-04-09 01:32:00
1775698380,1.16548,1.16566,1.16548,1.16558,85.0,2026-04-09 01:33:00
1775698440,1.16559,1.16587,1.16558,1.16586,158.0,2026-04-09 01:34:00
1775698500,1.16586,1.16587,1.16582,1.16582,89.0,2026-04-09 01:35:00
1775698560,1.16582,1.16589,1.16578,1.16589,100.0,2026-04-09 01:36:00
1775698620,1.16588,1.16588,1.16578,1.16582,92.0,2026-04-09 01:37:00
1775698680,1.16583,1.16584,1.16577,1.16577,63.0,2026-04-09 01:38:00
1775698740,1.16578,1.16586,1.16578,1.1658,86.0,2026-04-09 01:39:00
1775698800,1.16582,1.16586,1.16578,1.1658,50.0,2026-04-09 01:40:00
1775698860,1.1658,1.1658,1.1656,1.16562,71.0,2026-04-09 01:41:00
1775698920,1.16563,1.16588,1.1656,1.16588,97.0,2026-04-09 01:42:00
1775698980,1.16588,1.16588,1.16582,1.16582,68.0,2026-04-09 01:43:00
1775699040,1.16582,1.16582,1.16577,1.16579,64.0,2026-04-09 01:44:00
1775699100,1.1658,1.1658,1.16576,1.16578,79.0,2026-04-09 01:45:00
1775699160,1.16578,1.16584,1.16576,1.16576,58.0,2026-04-09 01:46:00
1775699220,1.16574,1.16574,1.16556,1.16568,55.0,2026-04-09 01:47:00
1775699280,1.16567,1.16567,1.16558,1.16562,65.0,2026-04-09 01:48:00
1775699340,1.16561,1.16582,1.16561,1.16582,83.0,2026-04-09 01:49:00
1775699400,1.16582,1.16598,1.16582,1.16598,67.0,2026-04-09 01:50:00
1775699460,1.16597,1.16608,1.16594,1.16606,111.0,2026-04-09 01:51:00
1775699520,1.16606,1.16606,1.166,1.16602,47.0,2026-04-09 01:52:00
1775699580,1.16601,1.16601,1.1659,1.16595,89.0,2026-04-09 01:53:00
1775699640,1.16596,1.16606,1.16592,1.16602,77.0,2026-04-09 01:54:00
1775699700,1.16602,1.16608,1.166,1.16603,70.0,2026-04-09 01:55:00
1775699760,1.16604,1.16618,1.16601,1.16616,65.0,2026-04-09 01:56:00
1775699820,1.16616,1.16636,1.16616,1.16628,82.0,2026-04-09 01:57:00
1775699880,1.16626,1.16628,1.16622,1.16624,93.0,2026-04-09 01:58:00
1775699940,1.16624,1.16628,1.16616,1.16618,67.0,2026-04-09 01:59:00
1775700000,1.16618,1.16644,1.16603,1.16604,181.0,2026-04-09 02:00:00
1775700060,1.16607,1.16614,1.16604,1.16606,84.0,2026-04-09 02:01:00
1775700120,1.16606,1.1661,1.16602,1.16602,94.0,2026-04-09 02:02:00
1775700180,1.16602,1.16606,1.16597,1.16605,73.0,2026-04-09 02:03:00
1775700240,1.16606,1.16607,1.16596,1.16602,54.0,2026-04-09 02:04:00
1775700300,1.16602,1.16608,1.16598,1.16606,54.0,2026-04-09 02:05:00
1775700360,1.16606,1.16616,1.16606,1.1661,78.0,2026-04-09 02:06:00
1775700420,1.1661,1.16625,1.16606,1.16624,72.0,2026-04-09 02:07:00
1775700480,1.16624,1.16627,1.16609,1.16614,52.0,2026-04-09 02:08:00
1775700540,1.16614,1.16616,1.16606,1.1661,63.0,2026-04-09 02:09:00
1775700600,1.16609,1.16616,1.16609,1.16612,34.0,2026-04-09 02:10:00
1775700660,1.16614,1.16614,1.16606,1.16608,39.0,2026-04-09 02:11:00
1775700720,1.16609,1.1661,1.16602,1.16604,40.0,2026-04-09 02:12:00
1775700780,1.16602,1.16602,1.16592,1.166,58.0,2026-04-09 02:13:00
1775700840,1.16599,1.16606,1.16598,1.16606,53.0,2026-04-09 02:14:00
1775700900,1.16607,1.16616,1.16606,1.16616,45.0,2026-04-09 02:15:00
1775700960,1.16617,1.16631,1.16616,1.16628,47.0,2026-04-09 02:16:00
1775701020,1.16629,1.16636,1.16624,1.16636,60.0,2026-04-09 02:17:00
1775701080,1.16636,1.16646,1.16633,1.16644,63.0,2026-04-09 02:18:00
1775701140,1.16642,1.16644,1.16636,1.16643,50.0,2026-04-09 02:19:00
1775701200,1.16642,1.16646,1.1664,1.16641,36.0,2026-04-09 02:20:00
1775701260,1.1664,1.16645,1.16632,1.16632,55.0,2026-04-09 02:21:00
1775701320,1.16634,1.16642,1.16632,1.16641,49.0,2026-04-09 02:22:00
1775701380,1.16642,1.16642,1.16634,1.16634,66.0,2026-04-09 02:23:00
1775701440,1.16633,1.16636,1.1663,1.16634,49.0,2026-04-09 02:24:00
1775701500,1.16634,1.16635,1.16624,1.16628,56.0,2026-04-09 02:25:00
1775701560,1.16628,1.16637,1.16626,1.16631,43.0,2026-04-09 02:26:00
1775701620,1.16632,1.16638,1.16631,1.16637,32.0,2026-04-09 02:27:00
1775701680,1.16638,1.16642,1.16636,1.1664,76.0,2026-04-09 02:28:00
1775701740,1.16639,1.16646,1.16637,1.16642,46.0,2026-04-09 02:29:00
1775701800,1.16642,1.16654,1.16641,1.16654,62.0,2026-04-09 02:30:00
1775701860,1.16653,1.16658,1.16651,1.16656,52.0,2026-04-09 02:31:00
1775701920,1.16655,1.16666,1.16653,1.16663,51.0,2026-04-09 02:32:00
1775701980,1.16662,1.16666,1.16656,1.16664,61.0,2026-04-09 02:33:00
1775702040,1.16662,1.16666,1.1666,1.16666,48.0,2026-04-09 02:34:00
1775702100,1.16668,1.16668,1.16662,1.16662,42.0,2026-04-09 02:35:00
1775702160,1.16662,1.16666,1.16662,1.16662,60.0,2026-04-09 02:36:00
1775702220,1.1666,1.16674,1.1666,1.16667,53.0,2026-04-09 02:37:00
1775702280,1.16665,1.16666,1.16658,1.16658,26.0,2026-04-09 02:38:00
1775702340,1.1666,1.16664,1.16656,1.16658,59.0,2026-04-09 02:39:00
1775702400,1.16657,1.16657,1.16648,1.16652,44.0,2026-04-09 02:40:00
1775702460,1.16652,1.16656,1.16648,1.16654,50.0,2026-04-09 02:41:00
1775702520,1.16654,1.16664,1.1665,1.16662,52.0,2026-04-09 02:42:00
1775702580,1.16663,1.16666,1.1666,1.1666,31.0,2026-04-09 02:43:00
1775702640,1.1666,1.16666,1.16658,1.16663,37.0,2026-04-09 02:44:00
1775702700,1.16662,1.16666,1.16658,1.16666,57.0,2026-04-09 02:45:00
1775702760,1.16664,1.16664,1.16657,1.1666,31.0,2026-04-09 02:46:00
1775702820,1.16658,1.1666,1.1665,1.16652,44.0,2026-04-09 02:47:00
1775702880,1.1665,1.1665,1.16646,1.16648,36.0,2026-04-09 02:48:00
1775702940,1.1665,1.16656,1.16646,1.16655,44.0,2026-04-09 02:49:00
1775703000,1.16656,1.16666,1.1665,1.16665,44.0,2026-04-09 02:50:00
1775703060,1.16664,1.16667,1.16656,1.16657,42.0,2026-04-09 02:51:00
1775703120,1.16656,1.1666,1.16654,1.16657,27.0,2026-04-09 02:52:00
1775703180,1.16658,1.16662,1.16651,1.16662,29.0,2026-04-09 02:53:00
1775703240,1.16661,1.16662,1.16658,1.16658,30.0,2026-04-09 02:54:00
1775703300,1.1666,1.16663,1.16655,1.16655,56.0,2026-04-09 02:55:00
1775703360,1.16656,1.16667,1.16652,1.16655,88.0,2026-04-09 02:56:00
1775703420,1.16656,1.16656,1.16651,1.16652,47.0,2026-04-09 02:57:00
1775703480,1.16652,1.16656,1.1665,1.16656,55.0,2026-04-09 02:58:00
1775703540,1.16654,1.1666,1.16653,1.16653,52.0,2026-04-09 02:59:00
1775703600,1.16654,1.16656,1.16648,1.1665,100.0,2026-04-09 03:00:00
1775703660,1.1665,1.16652,1.16639,1.16639,69.0,2026-04-09 03:01:00
1775703720,1.1664,1.16652,1.16638,1.1665,60.0,2026-04-09 03:02:00
1775703780,1.1665,1.16651,1.16642,1.16651,53.0,2026-04-09 03:03:00
1775703840,1.16652,1.1666,1.16652,1.16656,54.0,2026-04-09 03:04:00
1775703900,1.16656,1.16657,1.16648,1.16648,51.0,2026-04-09 03:05:00
1775703960,1.1665,1.1665,1.16634,1.16641,59.0,2026-04-09 03:06:00
1775704020,1.1664,1.16654,1.1664,1.16654,51.0,2026-04-09 03:07:00
1775704080,1.16656,1.16666,1.16656,1.16665,44.0,2026-04-09 03:08:00
1775704140,1.16664,1.16665,1.1666,1.16662,49.0,2026-04-09 03:09:00
1775704200,1.1666,1.16662,1.16656,1.16656,49.0,2026-04-09 03:10:00
1775704260,1.16657,1.16657,1.16646,1.16651,58.0,2026-04-09 03:11:00
1775704320,1.16652,1.16652,1.16644,1.16651,57.0,2026-04-09 03:12:00
1775704380,1.1665,1.16652,1.16644,1.16646,35.0,2026-04-09 03:13:00
1775704440,1.16644,1.16646,1.16642,1.16646,32.0,2026-04-09 03:14:00
1775704500,1.16645,1.1665,1.16644,1.16646,62.0,2026-04-09 03:15:00
1775704560,1.16647,1.16648,1.16646,1.16646,15.0,2026-04-09 03:16:00
1775704620,1.16646,1.16648,1.16642,1.16642,41.0,2026-04-09 03:17:00
1775704680,1.16642,1.16652,1.16641,1.16641,43.0,2026-04-09 03:18:00
1775704740,1.1664,1.16642,1.16638,1.1664,45.0,2026-04-09 03:19:00
1775704800,1.16641,1.16642,1.1663,1.1663,26.0,2026-04-09 03:20:00
1775704860,1.16628,1.16634,1.16626,1.1663,57.0,2026-04-09 03:21:00
1775704920,1.16631,1.16636,1.1663,1.16636,39.0,2026-04-09 03:22:00
1775704980,1.16638,1.16643,1.16638,1.16641,39.0,2026-04-09 03:23:00
1775705040,1.16642,1.16642,1.16636,1.16636,31.0,2026-04-09 03:24:00
1775705100,1.16638,1.1664,1.16632,1.16636,63.0,2026-04-09 03:25:00
1775705160,1.16636,1.1664,1.16632,1.16636,42.0,2026-04-09 03:26:00
1775705220,1.16636,1.16641,1.16635,1.16638,51.0,2026-04-09 03:27:00
1775705280,1.1664,1.16646,1.16636,1.16642,58.0,2026-04-09 03:28:00
1775705340,1.1664,1.1664,1.16635,1.16636,66.0,2026-04-09 03:29:00
1775705400,1.16636,1.16648,1.16634,1.16647,53.0,2026-04-09 03:30:00
1775705460,1.16646,1.1665,1.16644,1.16646,46.0,2026-04-09 03:31:00
1775705520,1.16647,1.1665,1.16644,1.16645,46.0,2026-04-09 03:32:00
1775705580,1.16646,1.16654,1.16645,1.16653,35.0,2026-04-09 03:33:00
1775705640,1.16654,1.16654,1.16646,1.16652,27.0,2026-04-09 03:34:00
1775705700,1.16653,1.1666,1.16653,1.16658,34.0,2026-04-09 03:35:00
1775705760,1.1666,1.1666,1.16652,1.16656,39.0,2026-04-09 03:36:00
1775705820,1.16654,1.16661,1.16652,1.16654,61.0,2026-04-09 03:37:00
1775705880,1.16654,1.16663,1.16654,1.1666,27.0,2026-04-09 03:38:00
1775705940,1.16661,1.16667,1.16661,1.16666,33.0,2026-04-09 03:39:00
1775706000,1.16667,1.1667,1.16652,1.16653,77.0,2026-04-09 03:40:00
1775706060,1.16651,1.16656,1.1665,1.16656,25.0,2026-04-09 03:41:00
1775706120,1.16656,1.16658,1.16648,1.16648,22.0,2026-04-09 03:42:00
1775706180,1.1665,1.16658,1.16649,1.16658,66.0,2026-04-09 03:43:00
1775706240,1.1666,1.16664,1.1666,1.16664,49.0,2026-04-09 03:44:00
1775706300,1.16662,1.16662,1.16638,1.16644,93.0,2026-04-09 03:45:00
1775706360,1.16644,1.16644,1.16624,1.16628,103.0,2026-04-09 03:46:00
1775706420,1.16627,1.16636,1.16606,1.16618,267.0,2026-04-09 03:47:00
1775706480,1.16618,1.16622,1.1661,1.16614,145.0,2026-04-09 03:48:00
1775706540,1.16614,1.16621,1.16613,1.16616,129.0,2026-04-09 03:49:00
1775706600,1.16618,1.16626,1.16618,1.16624,116.0,2026-04-09 03:50:00
1775706660,1.16624,1.16624,1.16619,1.16622,67.0,2026-04-09 03:51:00
1775706720,1.1662,1.16634,1.1662,1.1663,46.0,2026-04-09 03:52:00
1775706780,1.1663,1.16636,1.1663,1.16636,37.0,2026-04-09 03:53:00
1775706840,1.16635,1.16639,1.1663,1.1663,67.0,2026-04-09 03:54:00
1775706900,1.16628,1.16632,1.16622,1.16626,74.0,2026-04-09 03:55:00
1775706960,1.16629,1.16636,1.16628,1.16636,20.0,2026-04-09 03:56:00
1775707020,1.16634,1.16636,1.16628,1.16632,31.0,2026-04-09 03:57:00
1775707080,1.16632,1.16636,1.16624,1.16626,39.0,2026-04-09 03:58:00
1775707140,1.16627,1.16629,1.16622,1.16624,46.0,2026-04-09 03:59:00
1775707200,1.16624,1.16634,1.16624,1.16626,68.0,2026-04-09 04:00:00
1775707260,1.16626,1.16626,1.16619,1.16624,41.0,2026-04-09 04:01:00
1775707320,1.16626,1.16646,1.16624,1.16644,35.0,2026-04-09 04:02:00
1775707380,1.16644,1.16651,1.16642,1.16651,45.0,2026-04-09 04:03:00
1775707440,1.1665,1.16655,1.1665,1.16652,29.0,2026-04-09 04:04:00
1775707500,1.16652,1.16662,1.16651,1.16661,55.0,2026-04-09 04:05:00
1775707560,1.16663,1.16663,1.16658,1.16661,27.0,2026-04-09 04:06:00
1775707620,1.16662,1.16678,1.16657,1.16677,72.0,2026-04-09 04:07:00
1775707680,1.16676,1.16692,1.16676,1.16692,51.0,2026-04-09 04:08:00
1775707740,1.16691,1.16694,1.16682,1.16682,60.0,2026-04-09 04:09:00
1775707800,1.16684,1.16692,1.16684,1.16691,48.0,2026-04-09 04:10:00
1775707860,1.1669,1.16692,1.16682,1.16684,33.0,2026-04-09 04:11:00
1775707920,1.16684,1.16685,1.1668,1.1668,34.0,2026-04-09 04:12:00
1775707980,1.16681,1.16686,1.1668,1.16684,75.0,2026-04-09 04:13:00
1775708040,1.16685,1.16699,1.16685,1.16698,38.0,2026-04-09 04:14:00
1775708100,1.16698,1.167,1.16695,1.16697,15.0,2026-04-09 04:15:00
1775708160,1.16698,1.16698,1.16692,1.16692,35.0,2026-04-09 04:16:00
1775708220,1.16694,1.16694,1.16676,1.16676,51.0,2026-04-09 04:17:00
1775708280,1.16674,1.16678,1.16673,1.16677,27.0,2026-04-09 04:18:00
1775708340,1.16678,1.16691,1.16678,1.16688,44.0,2026-04-09 04:19:00
1775708400,1.16688,1.16692,1.16688,1.16688,38.0,2026-04-09 04:20:00
1775708460,1.16688,1.16688,1.16682,1.16688,29.0,2026-04-09 04:21:00
1775708520,1.16688,1.16698,1.16688,1.16698,32.0,2026-04-09 04:22:00
1775708580,1.16697,1.16698,1.16692,1.16697,23.0,2026-04-09 04:23:00
1775708640,1.16696,1.16696,1.16687,1.16688,40.0,2026-04-09 04:24:00
1775708700,1.16688,1.16688,1.16682,1.16686,29.0,2026-04-09 04:25:00
1775708760,1.16688,1.16688,1.16678,1.16678,25.0,2026-04-09 04:26:00
1775708820,1.16677,1.16682,1.16676,1.16678,27.0,2026-04-09 04:27:00
1775708880,1.16678,1.16682,1.16678,1.16682,12.0,2026-04-09 04:28:00
1775708940,1.16684,1.16686,1.16682,1.16682,22.0,2026-04-09 04:29:00
1775709000,1.16682,1.16697,1.16676,1.16694,42.0,2026-04-09 04:30:00
1775709060,1.16695,1.16695,1.16683,1.16683,18.0,2026-04-09 04:31:00
1775709120,1.16684,1.1669,1.16684,1.16686,33.0,2026-04-09 04:32:00
1775709180,1.16689,1.16694,1.16686,1.16687,19.0,2026-04-09 04:33:00
1775709240,1.16688,1.16695,1.16687,1.16695,26.0,2026-04-09 04:34:00
1775709300,1.16696,1.16706,1.16694,1.16706,50.0,2026-04-09 04:35:00
1775709360,1.16705,1.16706,1.16701,1.16702,18.0,2026-04-09 04:36:00
1775709420,1.16702,1.16705,1.16698,1.16704,23.0,2026-04-09 04:37:00
1775709480,1.16704,1.16712,1.16704,1.16709,17.0,2026-04-09 04:38:00
1775709540,1.1671,1.1671,1.167,1.16702,50.0,2026-04-09 04:39:00
1775709600,1.16701,1.16702,1.16696,1.16698,27.0,2026-04-09 04:40:00
1775709660,1.16697,1.16707,1.16697,1.16701,43.0,2026-04-09 04:41:00
1775709720,1.167,1.16701,1.167,1.167,11.0,2026-04-09 04:42:00
1775709780,1.167,1.167,1.16694,1.16695,16.0,2026-04-09 04:43:00
1775709840,1.16696,1.16697,1.16693,1.16693,25.0,2026-04-09 04:44:00
1775709900,1.16693,1.16694,1.1668,1.16687,59.0,2026-04-09 04:45:00
1775709960,1.16686,1.16686,1.16686,1.16686,11.0,2026-04-09 04:46:00
1775710020,1.16686,1.16686,1.16682,1.16684,28.0,2026-04-09 04:47:00
1775710080,1.16684,1.16691,1.16684,1.1669,49.0,2026-04-09 04:48:00
1775710140,1.16691,1.16697,1.1669,1.16697,44.0,2026-04-09 04:49:00
1775710200,1.16695,1.16695,1.16686,1.16688,39.0,2026-04-09 04:50:00
1775710260,1.16686,1.1669,1.16686,1.16686,41.0,2026-04-09 04:51:00
1775710320,1.16686,1.16688,1.16681,1.16682,36.0,2026-04-09 04:52:00
1775710380,1.16683,1.16683,1.16672,1.16672,54.0,2026-04-09 04:53:00
1775710440,1.16674,1.1668,1.16674,1.16678,28.0,2026-04-09 04:54:00
1775710500,1.16678,1.16678,1.1667,1.16676,34.0,2026-04-09 04:55:00
1775710560,1.16676,1.16676,1.16669,1.1667,30.0,2026-04-09 04:56:00
1775710620,1.16671,1.16675,1.16664,1.16669,57.0,2026-04-09 04:57:00
1775710680,1.1667,1.16675,1.16668,1.16675,57.0,2026-04-09 04:58:00
1775710740,1.16674,1.16675,1.16664,1.16664,42.0,2026-04-09 04:59:00
1775710800,1.16665,1.16673,1.16663,1.1667,103.0,2026-04-09 05:00:00
1775710860,1.16671,1.16678,1.16652,1.16656,116.0,2026-04-09 05:01:00
1775710920,1.16656,1.16668,1.16656,1.16666,53.0,2026-04-09 05:02:00
1775710980,1.16668,1.16671,1.16663,1.16664,70.0,2026-04-09 05:03:00
1775711040,1.16664,1.16664,1.16656,1.16656,63.0,2026-04-09 05:04:00
1775711100,1.16656,1.1666,1.16642,1.16644,110.0,2026-04-09 05:05:00
1775711160,1.16644,1.16654,1.16644,1.16654,55.0,2026-04-09 05:06:00
1775711220,1.16652,1.16654,1.16649,1.1665,34.0,2026-04-09 05:07:00
1775711280,1.16648,1.16648,1.16645,1.16646,35.0,2026-04-09 05:08:00
1775711340,1.16646,1.16652,1.16642,1.16652,60.0,2026-04-09 05:09:00
1775711400,1.16652,1.16652,1.16628,1.16634,80.0,2026-04-09 05:10:00
1775711460,1.16634,1.16641,1.16633,1.16638,49.0,2026-04-09 05:11:00
1775711520,1.16638,1.1664,1.16622,1.16622,107.0,2026-04-09 05:12:00
1775711580,1.16623,1.1663,1.16622,1.1663,34.0,2026-04-09 05:13:00
1775711640,1.16628,1.16633,1.16624,1.16626,40.0,2026-04-09 05:14:00
1775711700,1.16625,1.16631,1.16622,1.16622,53.0,2026-04-09 05:15:00
1775711760,1.16624,1.16639,1.16622,1.16631,61.0,2026-04-09 05:16:00
1775711820,1.1663,1.16636,1.1663,1.16631,54.0,2026-04-09 05:17:00
1775711880,1.16632,1.16634,1.1663,1.16634,39.0,2026-04-09 05:18:00
1775711940,1.16634,1.16654,1.16634,1.16654,68.0,2026-04-09 05:19:00
1775712000,1.16653,1.16662,1.16652,1.16658,73.0,2026-04-09 05:20:00
1775712060,1.16658,1.1666,1.1665,1.16654,76.0,2026-04-09 05:21:00
1775712120,1.16654,1.16655,1.16646,1.16651,104.0,2026-04-09 05:22:00
1775712180,1.1665,1.1665,1.16642,1.16642,41.0,2026-04-09 05:23:00
1775712240,1.16643,1.16646,1.16636,1.16638,75.0,2026-04-09 05:24:00
1775712300,1.16638,1.16643,1.16638,1.1664,43.0,2026-04-09 05:25:00
1775712360,1.1664,1.16644,1.16636,1.16644,55.0,2026-04-09 05:26:00
1775712420,1.16644,1.16644,1.16638,1.16639,33.0,2026-04-09 05:27:00
1775712480,1.16638,1.1664,1.16632,1.16632,58.0,2026-04-09 05:28:00
1775712540,1.1663,1.16638,1.1663,1.16636,33.0,2026-04-09 05:29:00
1775712600,1.16636,1.16641,1.16632,1.16638,58.0,2026-04-09 05:30:00
1775712660,1.16638,1.1664,1.16632,1.16635,42.0,2026-04-09 05:31:00
1775712720,1.16636,1.16637,1.16633,1.16634,32.0,2026-04-09 05:32:00
1775712780,1.16634,1.16636,1.16625,1.16626,26.0,2026-04-09 05:33:00
1775712840,1.16626,1.16632,1.16626,1.1663,56.0,2026-04-09 05:34:00
1775712900,1.1663,1.1663,1.16622,1.16622,64.0,2026-04-09 05:35:00
1775712960,1.16622,1.16624,1.16616,1.16617,39.0,2026-04-09 05:36:00
1775713020,1.16618,1.16627,1.16618,1.16624,56.0,2026-04-09 05:37:00
1775713080,1.16625,1.16636,1.16623,1.16629,66.0,2026-04-09 05:38:00
1775713140,1.1663,1.16634,1.16624,1.16624,51.0,2026-04-09 05:39:00
1775713200,1.16622,1.16624,1.16618,1.16624,70.0,2026-04-09 05:40:00
1775713260,1.16624,1.16636,1.16624,1.16634,69.0,2026-04-09 05:41:00
1775713320,1.16634,1.16634,1.16626,1.16626,53.0,2026-04-09 05:42:00
1775713380,1.16627,1.1663,1.16626,1.16626,51.0,2026-04-09 05:43:00
1775713440,1.16627,1.16632,1.16624,1.16629,81.0,2026-04-09 05:44:00
1775713500,1.16628,1.16629,1.16623,1.16624,61.0,2026-04-09 05:45:00
1775713560,1.16622,1.16623,1.16618,1.16622,24.0,2026-04-09 05:46:00
1775713620,1.16622,1.16622,1.16613,1.16614,34.0,2026-04-09 05:47:00
1775713680,1.16614,1.1662,1.16612,1.16616,72.0,2026-04-09 05:48:00
1775713740,1.16616,1.16618,1.16612,1.16616,70.0,2026-04-09 05:49:00
1775713800,1.16616,1.16617,1.16594,1.16602,113.0,2026-04-09 05:50:00
1775713860,1.16602,1.16604,1.16592,1.16596,84.0,2026-04-09 05:51:00
1775713920,1.16596,1.16604,1.16595,1.16599,68.0,2026-04-09 05:52:00
1775713980,1.16598,1.1661,1.16598,1.1661,62.0,2026-04-09 05:53:00
1775714040,1.1661,1.16612,1.16606,1.16606,62.0,2026-04-09 05:54:00
1775714100,1.16607,1.16621,1.16607,1.16613,105.0,2026-04-09 05:55:00
1775714160,1.16614,1.16622,1.16613,1.16618,68.0,2026-04-09 05:56:00
1775714220,1.16617,1.16618,1.16608,1.16611,66.0,2026-04-09 05:57:00
1775714280,1.16612,1.16614,1.16612,1.16612,57.0,2026-04-09 05:58:00
1775714340,1.16613,1.16613,1.16602,1.1661,92.0,2026-04-09 05:59:00
1775714400,1.1661,1.16615,1.16602,1.16606,130.0,2026-04-09 06:00:00
1775714460,1.16606,1.16624,1.16606,1.1662,78.0,2026-04-09 06:01:00
1775714520,1.16623,1.16626,1.16612,1.16622,84.0,2026-04-09 06:02:00
1775714580,1.1662,1.16632,1.1662,1.16626,81.0,2026-04-09 06:03:00
1775714640,1.16626,1.16629,1.1662,1.16624,119.0,2026-04-09 06:04:00
1775714700,1.16626,1.16626,1.1662,1.16626,54.0,2026-04-09 06:05:00
1775714760,1.16626,1.16628,1.16619,1.16628,74.0,2026-04-09 06:06:00
1775714820,1.16627,1.16632,1.16622,1.16622,67.0,2026-04-09 06:07:00
1775714880,1.16622,1.16622,1.16616,1.16616,34.0,2026-04-09 06:08:00
1775714940,1.16615,1.16616,1.16607,1.1661,62.0,2026-04-09 06:09:00
1775715000,1.16608,1.1661,1.166,1.166,109.0,2026-04-09 06:10:00
1775715060,1.16601,1.16606,1.166,1.166,47.0,2026-04-09 06:11:00
1775715120,1.16602,1.1661,1.16602,1.16606,73.0,2026-04-09 06:12:00
1775715180,1.16606,1.1661,1.16594,1.16598,90.0,2026-04-09 06:13:00
1775715240,1.166,1.166,1.16594,1.16595,93.0,2026-04-09 06:14:00
1775715300,1.16595,1.16602,1.16586,1.16586,37.0,2026-04-09 06:15:00
1775715360,1.16587,1.16588,1.16576,1.16582,67.0,2026-04-09 06:16:00
1775715420,1.16582,1.16584,1.16578,1.1658,69.0,2026-04-09 06:17:00
1775715480,1.1658,1.16588,1.16577,1.1658,84.0,2026-04-09 06:18:00
1775715540,1.1658,1.16596,1.1658,1.16592,60.0,2026-04-09 06:19:00
1775715600,1.16592,1.16594,1.16586,1.16593,73.0,2026-04-09 06:20:00
1775715660,1.16593,1.16594,1.1658,1.1658,64.0,2026-04-09 06:21:00
1775715720,1.16583,1.16585,1.16575,1.16576,64.0,2026-04-09 06:22:00
1775715780,1.16576,1.16583,1.16573,1.1658,61.0,2026-04-09 06:23:00
1775715840,1.16582,1.16582,1.16556,1.16563,104.0,2026-04-09 06:24:00
1775715900,1.16564,1.16564,1.1655,1.1655,65.0,2026-04-09 06:25:00
1775715960,1.1655,1.16565,1.16544,1.1656,88.0,2026-04-09 06:26:00
1775716020,1.1656,1.1657,1.16556,1.1657,94.0,2026-04-09 06:27:00
1775716080,1.16569,1.16569,1.16554,1.16565,89.0,2026-04-09 06:28:00
1775716140,1.16567,1.1658,1.16565,1.16579,76.0,2026-04-09 06:29:00
1775716200,1.1658,1.16582,1.16566,1.16577,136.0,2026-04-09 06:30:00
1775716260,1.16578,1.16586,1.16569,1.16584,116.0,2026-04-09 06:31:00
1775716320,1.16583,1.16589,1.16581,1.16582,72.0,2026-04-09 06:32:00
1775716380,1.16582,1.16586,1.16576,1.16586,80.0,2026-04-09 06:33:00
1775716440,1.16586,1.16594,1.16582,1.16588,85.0,2026-04-09 06:34:00
1775716500,1.16588,1.16588,1.16575,1.16576,55.0,2026-04-09 06:35:00
1775716560,1.16576,1.16586,1.16575,1.16576,135.0,2026-04-09 06:36:00
1775716620,1.16576,1.1658,1.16571,1.16572,91.0,2026-04-09 06:37:00
1775716680,1.16572,1.16582,1.1657,1.16582,97.0,2026-04-09 06:38:00
1775716740,1.1658,1.16588,1.1658,1.16582,65.0,2026-04-09 06:39:00
1775716800,1.1658,1.1658,1.16572,1.16576,91.0,2026-04-09 06:40:00
1775716860,1.16576,1.16586,1.1657,1.16578,92.0,2026-04-09 06:41:00
1775716920,1.16579,1.16586,1.16576,1.16582,97.0,2026-04-09 06:42:00
1775716980,1.16584,1.16595,1.16584,1.16591,75.0,2026-04-09 06:43:00
1775717040,1.16592,1.16598,1.1659,1.16595,54.0,2026-04-09 06:44:00
1775717100,1.16594,1.16595,1.16581,1.16588,127.0,2026-04-09 06:45:00
1775717160,1.16588,1.16592,1.16584,1.16587,106.0,2026-04-09 06:46:00
1775717220,1.16587,1.16595,1.16586,1.16595,155.0,2026-04-09 06:47:00
1775717280,1.16594,1.16622,1.16594,1.16618,104.0,2026-04-09 06:48:00
1775717340,1.1662,1.1662,1.16595,1.16595,66.0,2026-04-09 06:49:00
1775717400,1.16596,1.16642,1.16596,1.16622,289.0,2026-04-09 06:50:00
1775717460,1.16626,1.16628,1.16612,1.16618,149.0,2026-04-09 06:51:00
1775717520,1.16616,1.16622,1.1661,1.16622,90.0,2026-04-09 06:52:00
1775717580,1.16618,1.16618,1.16585,1.16586,98.0,2026-04-09 06:53:00
1775717640,1.16586,1.16603,1.16586,1.16603,115.0,2026-04-09 06:54:00
1775717700,1.16602,1.16616,1.16602,1.16608,101.0,2026-04-09 06:55:00
1775717760,1.16608,1.16621,1.16606,1.1662,73.0,2026-04-09 06:56:00
1775717820,1.1662,1.1663,1.16619,1.16628,90.0,2026-04-09 06:57:00
1775717880,1.16629,1.16629,1.16617,1.16618,92.0,2026-04-09 06:58:00
1775717940,1.16618,1.16644,1.16618,1.16643,136.0,2026-04-09 06:59:00
1775718000,1.16645,1.16651,1.16638,1.16642,228.0,2026-04-09 07:00:00
1775718060,1.1664,1.16672,1.16638,1.16668,174.0,2026-04-09 07:01:00
1775718120,1.16667,1.16686,1.16661,1.16678,148.0,2026-04-09 07:02:00
1775718180,1.16676,1.16676,1.16667,1.16672,111.0,2026-04-09 07:03:00
1775718240,1.16672,1.16678,1.1667,1.16674,112.0,2026-04-09 07:04:00
1775718300,1.16673,1.16677,1.16664,1.16664,120.0,2026-04-09 07:05:00
1775718360,1.16665,1.16674,1.1666,1.16671,107.0,2026-04-09 07:06:00
1775718420,1.16672,1.16686,1.16672,1.16685,74.0,2026-04-09 07:07:00
1775718480,1.16686,1.16692,1.16684,1.16685,93.0,2026-04-09 07:08:00
1775718540,1.16683,1.16683,1.16667,1.16676,101.0,2026-04-09 07:09:00
1775718600,1.16676,1.16677,1.16666,1.16675,92.0,2026-04-09 07:10:00
1775718660,1.16674,1.16675,1.16666,1.16666,98.0,2026-04-09 07:11:00
1775718720,1.16666,1.16669,1.16656,1.16656,93.0,2026-04-09 07:12:00
1775718780,1.16656,1.16662,1.16651,1.16652,73.0,2026-04-09 07:13:00
1775718840,1.16651,1.16658,1.16646,1.16654,131.0,2026-04-09 07:14:00
1775718900,1.16652,1.16653,1.16642,1.16642,140.0,2026-04-09 07:15:00
1775718960,1.16641,1.16646,1.16631,1.16632,142.0,2026-04-09 07:16:00
1775719020,1.16632,1.16632,1.16608,1.16612,140.0,2026-04-09 07:17:00
1775719080,1.1661,1.1661,1.16594,1.16606,130.0,2026-04-09 07:18:00
1775719140,1.16606,1.16606,1.16582,1.16586,141.0,2026-04-09 07:19:00
1775719200,1.16585,1.16586,1.16574,1.16576,191.0,2026-04-09 07:20:00
1775719260,1.16576,1.16596,1.16574,1.16596,143.0,2026-04-09 07:21:00
1775719320,1.16594,1.16597,1.16592,1.16592,145.0,2026-04-09 07:22:00
1775719380,1.16592,1.16604,1.16592,1.16597,135.0,2026-04-09 07:23:00
1775719440,1.16598,1.16638,1.16598,1.1663,241.0,2026-04-09 07:24:00
1775719500,1.1663,1.16631,1.1661,1.1661,113.0,2026-04-09 07:25:00
1775719560,1.16612,1.16618,1.16606,1.16616,102.0,2026-04-09 07:26:00
1775719620,1.16617,1.16628,1.16608,1.1661,140.0,2026-04-09 07:27:00
1775719680,1.1661,1.16622,1.16602,1.16616,93.0,2026-04-09 07:28:00
1775719740,1.16614,1.16616,1.16601,1.16606,102.0,2026-04-09 07:29:00
1775719800,1.16607,1.1661,1.16594,1.16596,157.0,2026-04-09 07:30:00
1775719860,1.16596,1.16598,1.16582,1.16584,140.0,2026-04-09 07:31:00
1775719920,1.16584,1.16584,1.16554,1.1656,149.0,2026-04-09 07:32:00
1775719980,1.16564,1.16596,1.16562,1.16588,204.0,2026-04-09 07:33:00
1775720040,1.16587,1.1659,1.16579,1.16586,154.0,2026-04-09 07:34:00
1775720100,1.16586,1.166,1.16585,1.16592,90.0,2026-04-09 07:35:00
1775720160,1.16592,1.1661,1.16592,1.1661,120.0,2026-04-09 07:36:00
1775720220,1.1661,1.16614,1.16604,1.16604,102.0,2026-04-09 07:37:00
1775720280,1.16604,1.1661,1.16604,1.16608,101.0,2026-04-09 07:38:00
1775720340,1.16608,1.16612,1.16604,1.16612,91.0,2026-04-09 07:39:00
1775720400,1.16612,1.16612,1.16584,1.16586,125.0,2026-04-09 07:40:00
1775720460,1.16586,1.16594,1.16582,1.16585,72.0,2026-04-09 07:41:00
1775720520,1.16586,1.16592,1.16582,1.16587,95.0,2026-04-09 07:42:00
1775720580,1.16586,1.16607,1.16586,1.16606,84.0,2026-04-09 07:43:00
1775720640,1.16606,1.16612,1.16606,1.1661,97.0,2026-04-09 07:44:00
1775720700,1.1661,1.16611,1.166,1.16602,105.0,2026-04-09 07:45:00
1775720760,1.16604,1.1661,1.16592,1.16596,135.0,2026-04-09 07:46:00
1775720820,1.16597,1.16606,1.16592,1.16602,116.0,2026-04-09 07:47:00
1775720880,1.16602,1.16606,1.16596,1.16603,114.0,2026-04-09 07:48:00
1775720940,1.16604,1.16624,1.16601,1.16618,85.0,2026-04-09 07:49:00
1775721000,1.16616,1.16618,1.16609,1.16617,92.0,2026-04-09 07:50:00
1775721060,1.16616,1.16638,1.16616,1.16636,102.0,2026-04-09 07:51:00
1775721120,1.16637,1.16642,1.16631,1.16638,83.0,2026-04-09 07:52:00
1775721180,1.16636,1.1664,1.16632,1.16634,113.0,2026-04-09 07:53:00
1775721240,1.16634,1.16646,1.16632,1.16636,122.0,2026-04-09 07:54:00
1775721300,1.16636,1.16647,1.16636,1.16644,64.0,2026-04-09 07:55:00
1775721360,1.16644,1.16644,1.16632,1.16632,77.0,2026-04-09 07:56:00
1775721420,1.1663,1.16632,1.16624,1.16628,109.0,2026-04-09 07:57:00
1775721480,1.16626,1.16632,1.16626,1.16631,82.0,2026-04-09 07:58:00
1775721540,1.16632,1.1664,1.16628,1.1663,112.0,2026-04-09 07:59:00
1775721600,1.1663,1.16631,1.16612,1.16628,169.0,2026-04-09 08:00:00
1775721660,1.16627,1.16632,1.16618,1.16622,83.0,2026-04-09 08:01:00
1775721720,1.16622,1.16632,1.16612,1.16632,78.0,2026-04-09 08:02:00
1775721780,1.16633,1.16648,1.16633,1.16648,139.0,2026-04-09 08:03:00
1775721840,1.16648,1.16668,1.16646,1.16663,125.0,2026-04-09 08:04:00
1775721900,1.16663,1.16663,1.16633,1.16633,112.0,2026-04-09 08:05:00
1775721960,1.16634,1.16642,1.1663,1.16642,63.0,2026-04-09 08:06:00
1775722020,1.16643,1.16646,1.16636,1.16639,84.0,2026-04-09 08:07:00
1775722080,1.16637,1.16644,1.16636,1.16642,73.0,2026-04-09 08:08:00
1775722140,1.16642,1.16642,1.16624,1.1663,76.0,2026-04-09 08:09:00
1775722200,1.1663,1.1663,1.16618,1.16621,69.0,2026-04-09 08:10:00
1775722260,1.1662,1.16622,1.16606,1.16606,69.0,2026-04-09 08:11:00
1775722320,1.16609,1.16612,1.16602,1.16605,67.0,2026-04-09 08:12:00
1775722380,1.16604,1.16604,1.16597,1.16604,103.0,2026-04-09 08:13:00
1775722440,1.16604,1.16615,1.16602,1.16612,54.0,2026-04-09 08:14:00
1775722500,1.16612,1.16612,1.16601,1.16602,69.0,2026-04-09 08:15:00
1775722560,1.16602,1.16608,1.16598,1.16606,59.0,2026-04-09 08:16:00
1775722620,1.16607,1.16608,1.16598,1.16608,58.0,2026-04-09 08:17:00
1775722680,1.16606,1.16611,1.16606,1.1661,80.0,2026-04-09 08:18:00
1775722740,1.16612,1.16617,1.16608,1.16614,62.0,2026-04-09 08:19:00
1775722800,1.16616,1.16641,1.16616,1.16632,105.0,2026-04-09 08:20:00
1775722860,1.16631,1.16633,1.16626,1.16626,86.0,2026-04-09 08:21:00
1775722920,1.16626,1.16644,1.16626,1.16642,69.0,2026-04-09 08:22:00
1775722980,1.16642,1.16644,1.1664,1.16641,36.0,2026-04-09 08:23:00
1775723040,1.16642,1.16647,1.1664,1.16641,54.0,2026-04-09 08:24:00
1775723100,1.1664,1.1665,1.16625,1.16642,101.0,2026-04-09 08:25:00
1775723160,1.16642,1.16649,1.1664,1.16647,73.0,2026-04-09 08:26:00
1775723220,1.16646,1.16647,1.16638,1.1664,53.0,2026-04-09 08:27:00
1775723280,1.16641,1.16642,1.1663,1.16633,65.0,2026-04-09 08:28:00
1775723340,1.16634,1.16636,1.16617,1.1663,122.0,2026-04-09 08:29:00
1775723400,1.16629,1.16654,1.16625,1.16648,106.0,2026-04-09 08:30:00
1775723460,1.16646,1.16662,1.16644,1.16662,97.0,2026-04-09 08:31:00
1775723520,1.16662,1.16672,1.1666,1.16672,79.0,2026-04-09 08:32:00
1775723580,1.16671,1.16682,1.16664,1.16676,86.0,2026-04-09 08:33:00
1775723640,1.16676,1.16677,1.16666,1.16666,43.0,2026-04-09 08:34:00
1775723700,1.16664,1.16664,1.16642,1.16646,109.0,2026-04-09 08:35:00
1775723760,1.16648,1.16656,1.16646,1.16653,112.0,2026-04-09 08:36:00
1775723820,1.16651,1.16653,1.16637,1.16652,55.0,2026-04-09 08:37:00
1775723880,1.16651,1.1666,1.1665,1.1666,94.0,2026-04-09 08:38:00
1775723940,1.1666,1.16668,1.16656,1.16664,79.0,2026-04-09 08:39:00
1775724000,1.16662,1.16662,1.16638,1.16638,104.0,2026-04-09 08:40:00
1775724060,1.16638,1.16662,1.16638,1.16658,71.0,2026-04-09 08:41:00
1775724120,1.1666,1.16662,1.16648,1.16654,75.0,2026-04-09 08:42:00
1775724180,1.16654,1.16662,1.16653,1.16662,67.0,2026-04-09 08:43:00
1775724240,1.16661,1.16682,1.16658,1.16678,155.0,2026-04-09 08:44:00
1775724300,1.16677,1.16682,1.16674,1.16674,122.0,2026-04-09 08:45:00
1775724360,1.16674,1.16676,1.16668,1.16672,68.0,2026-04-09 08:46:00
1775724420,1.16672,1.16682,1.1667,1.16682,82.0,2026-04-09 08:47:00
1775724480,1.16681,1.16684,1.16676,1.16681,117.0,2026-04-09 08:48:00
1775724540,1.16682,1.16682,1.16666,1.1667,96.0,2026-04-09 08:49:00
1775724600,1.16669,1.16672,1.16662,1.16668,77.0,2026-04-09 08:50:00
1775724660,1.16668,1.16681,1.16666,1.1668,109.0,2026-04-09 08:51:00
1775724720,1.1668,1.16688,1.16678,1.16688,81.0,2026-04-09 08:52:00
1775724780,1.16687,1.16718,1.16686,1.16716,134.0,2026-04-09 08:53:00
1775724840,1.16714,1.16744,1.16714,1.16744,130.0,2026-04-09 08:54:00
1775724900,1.16742,1.1675,1.16737,1.16738,76.0,2026-04-09 08:55:00
1775724960,1.16737,1.16748,1.16713,1.16726,112.0,2026-04-09 08:56:00
1775725020,1.16724,1.16736,1.16714,1.16728,161.0,2026-04-09 08:57:00
1775725080,1.16729,1.1673,1.16716,1.1672,123.0,2026-04-09 08:58:00
1775725140,1.1672,1.16724,1.16716,1.1672,93.0,2026-04-09 08:59:00
1775725200,1.16721,1.16726,1.167,1.16706,175.0,2026-04-09 09:00:00
1775725260,1.16706,1.16711,1.16696,1.16697,173.0,2026-04-09 09:01:00
1775725320,1.16698,1.16698,1.16686,1.1669,135.0,2026-04-09 09:02:00
1775725380,1.1669,1.16716,1.1669,1.1671,64.0,2026-04-09 09:03:00
1775725440,1.1671,1.16718,1.1671,1.16718,101.0,2026-04-09 09:04:00
1775725500,1.16719,1.16732,1.16716,1.16732,111.0,2026-04-09 09:05:00
1775725560,1.1673,1.16736,1.16722,1.16734,93.0,2026-04-09 09:06:00
1775725620,1.16735,1.16736,1.16726,1.16734,104.0,2026-04-09 09:07:00
1775725680,1.16734,1.16746,1.16734,1.16741,108.0,2026-04-09 09:08:00
1775725740,1.1674,1.16759,1.1674,1.16752,203.0,2026-04-09 09:09:00
1775725800,1.16752,1.1676,1.16751,1.16758,114.0,2026-04-09 09:10:00
1775725860,1.16756,1.16759,1.1675,1.1675,88.0,2026-04-09 09:11:00
1775725920,1.16752,1.16756,1.16748,1.16748,70.0,2026-04-09 09:12:00
1775725980,1.16748,1.16759,1.16748,1.16753,48.0,2026-04-09 09:13:00
1775726040,1.16752,1.16766,1.16752,1.16762,97.0,2026-04-09 09:14:00
1775726100,1.16764,1.16766,1.16746,1.1675,90.0,2026-04-09 09:15:00
1775726160,1.16748,1.16754,1.16741,1.16752,87.0,2026-04-09 09:16:00
1775726220,1.16752,1.16773,1.16751,1.16768,78.0,2026-04-09 09:17:00
1775726280,1.16768,1.16768,1.16761,1.16761,127.0,2026-04-09 09:18:00
1775726340,1.16762,1.16766,1.16756,1.16764,93.0,2026-04-09 09:19:00
1775726400,1.16765,1.16768,1.16758,1.16762,73.0,2026-04-09 09:20:00
1775726460,1.1676,1.16778,1.16758,1.16776,123.0,2026-04-09 09:21:00
1775726520,1.16775,1.16788,1.16771,1.16786,91.0,2026-04-09 09:22:00
1775726580,1.16786,1.16793,1.1678,1.16782,120.0,2026-04-09 09:23:00
1775726640,1.16782,1.16783,1.16774,1.16776,103.0,2026-04-09 09:24:00
1775726700,1.16776,1.16778,1.16765,1.1677,132.0,2026-04-09 09:25:00
1775726760,1.16771,1.16778,1.16771,1.16775,109.0,2026-04-09 09:26:00
1775726820,1.16773,1.16784,1.16772,1.16783,51.0,2026-04-09 09:27:00
1775726880,1.16784,1.16786,1.16779,1.1678,103.0,2026-04-09 09:28:00
1775726940,1.16778,1.1678,1.16768,1.16768,66.0,2026-04-09 09:29:00
1775727000,1.16768,1.16768,1.1676,1.16762,147.0,2026-04-09 09:30:00
1775727060,1.16762,1.16766,1.16754,1.16762,124.0,2026-04-09 09:31:00
1775727120,1.16762,1.16778,1.16762,1.16775,61.0,2026-04-09 09:32:00
1775727180,1.16774,1.16774,1.16766,1.16768,32.0,2026-04-09 09:33:00
1775727240,1.16766,1.16768,1.16754,1.16764,94.0,2026-04-09 09:34:00
1775727300,1.16764,1.1677,1.16758,1.16764,94.0,2026-04-09 09:35:00
1775727360,1.16764,1.16778,1.16764,1.16778,74.0,2026-04-09 09:36:00
1775727420,1.16777,1.16778,1.16766,1.16774,55.0,2026-04-09 09:37:00
1775727480,1.16776,1.16783,1.16774,1.16783,61.0,2026-04-09 09:38:00
1775727540,1.16782,1.16783,1.16778,1.16778,50.0,2026-04-09 09:39:00
1775727600,1.16776,1.16776,1.16762,1.16764,55.0,2026-04-09 09:40:00
1775727660,1.16765,1.16765,1.16755,1.16762,47.0,2026-04-09 09:41:00
1775727720,1.16762,1.16776,1.16761,1.16774,87.0,2026-04-09 09:42:00
1775727780,1.16772,1.16774,1.16767,1.16767,60.0,2026-04-09 09:43:00
1775727840,1.16768,1.16772,1.16764,1.16766,87.0,2026-04-09 09:44:00
1775727900,1.16766,1.16769,1.16748,1.1675,74.0,2026-04-09 09:45:00
1775727960,1.1675,1.1675,1.16738,1.16738,50.0,2026-04-09 09:46:00
1775728020,1.16739,1.16753,1.16739,1.16748,43.0,2026-04-09 09:47:00
1775728080,1.16748,1.16748,1.1674,1.16746,72.0,2026-04-09 09:48:00
1775728140,1.16745,1.16757,1.16742,1.1675,81.0,2026-04-09 09:49:00
1775728200,1.16748,1.16752,1.1674,1.16752,78.0,2026-04-09 09:50:00
1775728260,1.1675,1.16753,1.16744,1.1675,93.0,2026-04-09 09:51:00
1775728320,1.16748,1.16748,1.16736,1.16738,90.0,2026-04-09 09:52:00
1775728380,1.16738,1.16754,1.16738,1.16751,107.0,2026-04-09 09:53:00
1775728440,1.16752,1.16753,1.16748,1.16752,42.0,2026-04-09 09:54:00
1775728500,1.16752,1.16752,1.16724,1.16739,96.0,2026-04-09 09:55:00
1775728560,1.16739,1.16743,1.16731,1.16739,130.0,2026-04-09 09:56:00
1775728620,1.16741,1.16742,1.16732,1.16735,133.0,2026-04-09 09:57:00
1775728680,1.16736,1.16742,1.1673,1.16742,117.0,2026-04-09 09:58:00
1775728740,1.16741,1.1675,1.1674,1.16746,126.0,2026-04-09 09:59:00
1775728800,1.16746,1.16757,1.16742,1.16756,108.0,2026-04-09 10:00:00
1775728860,1.16756,1.16773,1.16748,1.16766,161.0,2026-04-09 10:01:00
1775728920,1.16766,1.16772,1.16761,1.16772,62.0,2026-04-09 10:02:00
1775728980,1.16772,1.16796,1.16772,1.16793,89.0,2026-04-09 10:03:00
1775729040,1.16793,1.16793,1.16785,1.16786,63.0,2026-04-09 10:04:00
1775729100,1.16786,1.16786,1.16761,1.16766,171.0,2026-04-09 10:05:00
1775729160,1.16768,1.16773,1.1676,1.16766,101.0,2026-04-09 10:06:00
1775729220,1.16766,1.16794,1.16766,1.16792,76.0,2026-04-09 10:07:00
1775729280,1.16793,1.16794,1.16782,1.16786,97.0,2026-04-09 10:08:00
1775729340,1.16786,1.16786,1.16768,1.16768,66.0,2026-04-09 10:09:00
1775729400,1.16768,1.16776,1.16766,1.16776,53.0,2026-04-09 10:10:00
1775729460,1.16778,1.1678,1.1676,1.16762,76.0,2026-04-09 10:11:00
1775729520,1.16764,1.16773,1.16764,1.16768,79.0,2026-04-09 10:12:00
1775729580,1.16767,1.16772,1.16766,1.16767,36.0,2026-04-09 10:13:00
1775729640,1.16768,1.16777,1.16767,1.16768,89.0,2026-04-09 10:14:00
1775729700,1.16769,1.1677,1.16748,1.16757,126.0,2026-04-09 10:15:00
1775729760,1.16756,1.16762,1.16756,1.16758,67.0,2026-04-09 10:16:00
1775729820,1.16759,1.16766,1.16758,1.16762,48.0,2026-04-09 10:17:00
1775729880,1.16762,1.16768,1.16762,1.16762,61.0,2026-04-09 10:18:00
1775729940,1.1676,1.16763,1.16752,1.16758,64.0,2026-04-09 10:19:00
1775730000,1.16758,1.16765,1.16748,1.16765,96.0,2026-04-09 10:20:00
1775730060,1.16763,1.16782,1.16762,1.16777,131.0,2026-04-09 10:21:00
1775730120,1.16776,1.16778,1.16768,1.16772,74.0,2026-04-09 10:22:00
1775730180,1.16773,1.16784,1.16769,1.16778,85.0,2026-04-09 10:23:00
1775730240,1.16778,1.16779,1.16772,1.16774,62.0,2026-04-09 10:24:00
1775730300,1.16774,1.16792,1.16774,1.16787,75.0,2026-04-09 10:25:00
1775730360,1.16788,1.16794,1.16788,1.16788,60.0,2026-04-09 10:26:00
1775730420,1.16789,1.16792,1.1678,1.16781,70.0,2026-04-09 10:27:00
1775730480,1.16781,1.16786,1.16778,1.16778,67.0,2026-04-09 10:28:00
1775730540,1.16778,1.16778,1.16773,1.16776,36.0,2026-04-09 10:29:00
1775730600,1.16776,1.16778,1.16773,1.16774,38.0,2026-04-09 10:30:00
1775730660,1.16774,1.16774,1.16758,1.16762,78.0,2026-04-09 10:31:00
1775730720,1.16763,1.16767,1.16763,1.16763,47.0,2026-04-09 10:32:00
1775730780,1.16765,1.16773,1.16764,1.1677,101.0,2026-04-09 10:33:00
1775730840,1.1677,1.1677,1.16764,1.16764,36.0,2026-04-09 10:34:00
1775730900,1.16764,1.16764,1.16757,1.16758,85.0,2026-04-09 10:35:00
1775730960,1.16758,1.16766,1.16758,1.16761,84.0,2026-04-09 10:36:00
1775731020,1.16758,1.16764,1.1675,1.16762,92.0,2026-04-09 10:37:00
1775731080,1.16762,1.16763,1.16756,1.1676,64.0,2026-04-09 10:38:00
1775731140,1.16759,1.16762,1.16754,1.16762,42.0,2026-04-09 10:39:00
1775731200,1.16761,1.16761,1.16755,1.16756,40.0,2026-04-09 10:40:00
1775731260,1.16756,1.16758,1.16752,1.16753,45.0,2026-04-09 10:41:00
1775731320,1.16752,1.16758,1.16748,1.16752,74.0,2026-04-09 10:42:00
1775731380,1.16752,1.16757,1.16747,1.16756,69.0,2026-04-09 10:43:00
1775731440,1.16756,1.16756,1.1675,1.16752,59.0,2026-04-09 10:44:00
1775731500,1.16752,1.16768,1.16748,1.16768,99.0,2026-04-09 10:45:00
1775731560,1.16767,1.16768,1.16748,1.1675,93.0,2026-04-09 10:46:00
1775731620,1.16751,1.16765,1.16751,1.16764,84.0,2026-04-09 10:47:00
1775731680,1.16765,1.16766,1.16754,1.16759,68.0,2026-04-09 10:48:00
1775731740,1.16758,1.16763,1.16756,1.16763,61.0,2026-04-09 10:49:00
1775731800,1.16762,1.16763,1.16761,1.16762,65.0,2026-04-09 10:50:00
1775731860,1.16762,1.16763,1.16742,1.16752,173.0,2026-04-09 10:51:00
1775731920,1.16752,1.16758,1.16746,1.16751,101.0,2026-04-09 10:52:00
1775731980,1.1675,1.16752,1.16742,1.16742,124.0,2026-04-09 10:53:00
1775732040,1.16742,1.16752,1.16738,1.1675,138.0,2026-04-09 10:54:00
1775732100,1.16751,1.16751,1.16744,1.16746,77.0,2026-04-09 10:55:00
1775732160,1.16748,1.16752,1.1674,1.16746,99.0,2026-04-09 10:56:00
1775732220,1.16747,1.16748,1.16738,1.16738,147.0,2026-04-09 10:57:00
1775732280,1.16738,1.16743,1.16736,1.16743,119.0,2026-04-09 10:58:00
1775732340,1.16742,1.16744,1.16711,1.16711,148.0,2026-04-09 10:59:00
1775732400,1.1671,1.16718,1.16696,1.16702,178.0,2026-04-09 11:00:00
1775732460,1.16704,1.16725,1.16704,1.1672,139.0,2026-04-09 11:01:00
1775732520,1.1672,1.16727,1.16716,1.1672,118.0,2026-04-09 11:02:00
1775732580,1.16721,1.16732,1.16715,1.16728,106.0,2026-04-09 11:03:00
1775732640,1.16729,1.16746,1.16725,1.16742,120.0,2026-04-09 11:04:00
1775732700,1.16742,1.1675,1.16732,1.16734,95.0,2026-04-09 11:05:00
1775732760,1.16734,1.16734,1.16726,1.1673,56.0,2026-04-09 11:06:00
1775732820,1.1673,1.16745,1.1673,1.16743,68.0,2026-04-09 11:07:00
1775732880,1.16742,1.16744,1.16736,1.16744,60.0,2026-04-09 11:08:00
1775732940,1.16744,1.16759,1.16744,1.16758,131.0,2026-04-09 11:09:00
1775733000,1.16758,1.1676,1.16751,1.16758,120.0,2026-04-09 11:10:00
1775733060,1.16759,1.16768,1.16756,1.16766,70.0,2026-04-09 11:11:00
1775733120,1.16766,1.16767,1.16762,1.16764,63.0,2026-04-09 11:12:00
1775733180,1.16764,1.16768,1.16764,1.16768,65.0,2026-04-09 11:13:00
1775733240,1.16768,1.16768,1.16756,1.16756,73.0,2026-04-09 11:14:00
1775733300,1.16756,1.16775,1.16756,1.16774,61.0,2026-04-09 11:15:00
1775733360,1.16773,1.16781,1.16772,1.16781,60.0,2026-04-09 11:16:00
1775733420,1.1678,1.16784,1.16775,1.16784,47.0,2026-04-09 11:17:00
1775733480,1.16784,1.16798,1.16784,1.16788,57.0,2026-04-09 11:18:00
1775733540,1.16788,1.16808,1.16788,1.16802,65.0,2026-04-09 11:19:00
1775733600,1.16802,1.16813,1.16802,1.16804,61.0,2026-04-09 11:20:00
1775733660,1.16804,1.16807,1.16796,1.16804,103.0,2026-04-09 11:21:00
1775733720,1.16802,1.16812,1.16798,1.16806,113.0,2026-04-09 11:22:00
1775733780,1.16807,1.16814,1.16804,1.16804,132.0,2026-04-09 11:23:00
1775733840,1.16804,1.16812,1.16803,1.16807,96.0,2026-04-09 11:24:00
1775733900,1.16806,1.16812,1.16798,1.16808,156.0,2026-04-09 11:25:00
1775733960,1.16807,1.16807,1.16798,1.16804,40.0,2026-04-09 11:26:00
1775734020,1.16803,1.16808,1.168,1.16802,51.0,2026-04-09 11:27:00
1775734080,1.16802,1.16804,1.16798,1.16798,47.0,2026-04-09 11:28:00
1775734140,1.16798,1.16814,1.16798,1.16812,56.0,2026-04-09 11:29:00
1775734200,1.16813,1.16826,1.16813,1.16817,75.0,2026-04-09 11:30:00
1775734260,1.16817,1.16822,1.16814,1.16822,31.0,2026-04-09 11:31:00
1775734320,1.16823,1.16824,1.16812,1.16812,88.0,2026-04-09 11:32:00
1775734380,1.1681,1.16828,1.16802,1.16824,86.0,2026-04-09 11:33:00
1775734440,1.16824,1.16826,1.16818,1.16823,99.0,2026-04-09 11:34:00
1775734500,1.16824,1.16827,1.16818,1.16823,90.0,2026-04-09 11:35:00
1775734560,1.16822,1.1683,1.16812,1.1683,74.0,2026-04-09 11:36:00
1775734620,1.1683,1.16838,1.16828,1.16836,59.0,2026-04-09 11:37:00
1775734680,1.16836,1.16843,1.16835,1.16836,50.0,2026-04-09 11:38:00
1775734740,1.16836,1.16842,1.16836,1.16837,51.0,2026-04-09 11:39:00
1775734800,1.16836,1.16842,1.16831,1.16841,101.0,2026-04-09 11:40:00
1775734860,1.16842,1.1685,1.16836,1.16838,124.0,2026-04-09 11:41:00
1775734920,1.16837,1.1685,1.16836,1.16848,72.0,2026-04-09 11:42:00
1775734980,1.16848,1.1687,1.16843,1.16869,209.0,2026-04-09 11:43:00
1775735040,1.16868,1.16888,1.16864,1.16883,122.0,2026-04-09 11:44:00
1775735100,1.16884,1.16886,1.16873,1.1688,107.0,2026-04-09 11:45:00
1775735160,1.16878,1.16884,1.16877,1.16878,97.0,2026-04-09 11:46:00
1775735220,1.16878,1.16881,1.16874,1.1688,54.0,2026-04-09 11:47:00
1775735280,1.16879,1.16883,1.16877,1.16882,89.0,2026-04-09 11:48:00
1775735340,1.16882,1.16893,1.16876,1.16892,99.0,2026-04-09 11:49:00
1775735400,1.16892,1.16896,1.16887,1.16888,54.0,2026-04-09 11:50:00
1775735460,1.16889,1.1689,1.16868,1.16874,106.0,2026-04-09 11:51:00
1775735520,1.16873,1.16886,1.16873,1.16882,91.0,2026-04-09 11:52:00
1775735580,1.1688,1.1688,1.16853,1.16854,93.0,2026-04-09 11:53:00
1775735640,1.16852,1.16868,1.16852,1.16859,76.0,2026-04-09 11:54:00
1775735700,1.1686,1.16863,1.16856,1.16861,96.0,2026-04-09 11:55:00
1775735760,1.1686,1.16864,1.16853,1.16853,86.0,2026-04-09 11:56:00
1775735820,1.16854,1.16868,1.16851,1.16864,93.0,2026-04-09 11:57:00
1775735880,1.16864,1.16884,1.16864,1.16882,85.0,2026-04-09 11:58:00
1775735940,1.16881,1.1689,1.1688,1.16884,122.0,2026-04-09 11:59:00
1775736000,1.16885,1.16892,1.16875,1.1689,99.0,2026-04-09 12:00:00
1775736060,1.16888,1.16888,1.16878,1.16878,95.0,2026-04-09 12:01:00
1775736120,1.16879,1.16882,1.16872,1.16872,93.0,2026-04-09 12:02:00
1775736180,1.16874,1.16876,1.16866,1.16872,76.0,2026-04-09 12:03:00
1775736240,1.16871,1.16873,1.16868,1.16872,65.0,2026-04-09 12:04:00
1775736300,1.16872,1.16877,1.16842,1.16842,137.0,2026-04-09 12:05:00
1775736360,1.16842,1.16846,1.16832,1.16843,89.0,2026-04-09 12:06:00
1775736420,1.16842,1.16851,1.1684,1.16851,62.0,2026-04-09 12:07:00
1775736480,1.1685,1.16862,1.1685,1.16862,60.0,2026-04-09 12:08:00
1775736540,1.16862,1.16865,1.16846,1.16848,90.0,2026-04-09 12:09:00
1775736600,1.16848,1.16852,1.16846,1.16852,63.0,2026-04-09 12:10:00
1775736660,1.1685,1.16854,1.1684,1.16844,74.0,2026-04-09 12:11:00
1775736720,1.16843,1.16844,1.16838,1.16842,79.0,2026-04-09 12:12:00
1775736780,1.16841,1.16868,1.16841,1.16854,161.0,2026-04-09 12:13:00
1775736840,1.16854,1.16854,1.16843,1.16846,83.0,2026-04-09 12:14:00
1775736900,1.16848,1.16852,1.16846,1.16846,54.0,2026-04-09 12:15:00
1775736960,1.16846,1.16849,1.16831,1.16846,81.0,2026-04-09 12:16:00
1775737020,1.16846,1.16847,1.16831,1.1684,55.0,2026-04-09 12:17:00
1775737080,1.16841,1.16852,1.16841,1.16852,158.0,2026-04-09 12:18:00
1775737140,1.16854,1.16857,1.16832,1.1684,131.0,2026-04-09 12:19:00
1775737200,1.16841,1.16841,1.16822,1.16825,70.0,2026-04-09 12:20:00
1775737260,1.16824,1.16826,1.16802,1.16812,108.0,2026-04-09 12:21:00
1775737320,1.16811,1.16827,1.16806,1.16827,102.0,2026-04-09 12:22:00
1775737380,1.16828,1.16828,1.16821,1.16827,72.0,2026-04-09 12:23:00
1775737440,1.16828,1.1683,1.16824,1.16829,43.0,2026-04-09 12:24:00
1775737500,1.1683,1.16838,1.16827,1.16829,58.0,2026-04-09 12:25:00
1775737560,1.16828,1.16834,1.16822,1.16834,54.0,2026-04-09 12:26:00
1775737620,1.16833,1.1684,1.16829,1.16839,76.0,2026-04-09 12:27:00
1775737680,1.1684,1.16848,1.16835,1.16845,59.0,2026-04-09 12:28:00
1775737740,1.16845,1.1685,1.16844,1.1685,51.0,2026-04-09 12:29:00
1775737800,1.16848,1.16878,1.1684,1.16858,196.0,2026-04-09 12:30:00
1775737860,1.16858,1.16859,1.16824,1.1684,299.0,2026-04-09 12:31:00
1775737920,1.1684,1.16843,1.16804,1.16804,172.0,2026-04-09 12:32:00
1775737980,1.16806,1.16818,1.16801,1.16806,181.0,2026-04-09 12:33:00
1775738040,1.16806,1.16812,1.16805,1.16805,159.0,2026-04-09 12:34:00
1775738100,1.16806,1.16807,1.16791,1.16803,163.0,2026-04-09 12:35:00
1775738160,1.16804,1.16816,1.16804,1.16808,118.0,2026-04-09 12:36:00
1775738220,1.16808,1.16825,1.16806,1.16822,160.0,2026-04-09 12:37:00
1775738280,1.16822,1.16844,1.16814,1.16816,197.0,2026-04-09 12:38:00
1775738340,1.16816,1.16834,1.16815,1.1683,165.0,2026-04-09 12:39:00
1775738400,1.1683,1.16843,1.16822,1.16838,146.0,2026-04-09 12:40:00
1775738460,1.16837,1.169,1.1683,1.16848,517.0,2026-04-09 12:41:00
1775738520,1.16848,1.16848,1.16834,1.16836,240.0,2026-04-09 12:42:00
1775738580,1.16838,1.16841,1.16826,1.16828,159.0,2026-04-09 12:43:00
1775738640,1.1683,1.1683,1.16816,1.1682,135.0,2026-04-09 12:44:00
1775738700,1.16822,1.16833,1.16816,1.16816,145.0,2026-04-09 12:45:00
1775738760,1.16814,1.16826,1.16812,1.16816,112.0,2026-04-09 12:46:00
1775738820,1.16817,1.16817,1.1679,1.16816,205.0,2026-04-09 12:47:00
1775738880,1.16816,1.16834,1.16816,1.16824,122.0,2026-04-09 12:48:00
1775738940,1.16824,1.16846,1.16824,1.16844,116.0,2026-04-09 12:49:00
1775739000,1.16844,1.16846,1.16833,1.16844,118.0,2026-04-09 12:50:00
1775739060,1.16843,1.16848,1.16826,1.16828,108.0,2026-04-09 12:51:00
1775739120,1.16828,1.16832,1.16826,1.16832,64.0,2026-04-09 12:52:00
1775739180,1.16832,1.16842,1.16832,1.16838,81.0,2026-04-09 12:53:00
1775739240,1.16837,1.1684,1.16829,1.16834,94.0,2026-04-09 12:54:00
1775739300,1.16834,1.16844,1.16831,1.16833,96.0,2026-04-09 12:55:00
1775739360,1.16834,1.16841,1.16832,1.16834,88.0,2026-04-09 12:56:00
1775739420,1.16836,1.16854,1.16833,1.16851,134.0,2026-04-09 12:57:00
1775739480,1.1685,1.16857,1.16846,1.16852,153.0,2026-04-09 12:58:00
1775739540,1.16852,1.16862,1.1685,1.1686,146.0,2026-04-09 12:59:00
1775739600,1.16861,1.1687,1.16846,1.16846,356.0,2026-04-09 13:00:00
1775739660,1.16846,1.16867,1.1684,1.16864,252.0,2026-04-09 13:01:00
1775739720,1.16863,1.16874,1.1686,1.1686,140.0,2026-04-09 13:02:00
1775739780,1.16861,1.16869,1.1684,1.16842,166.0,2026-04-09 13:03:00
1775739840,1.1684,1.16842,1.16832,1.1684,188.0,2026-04-09 13:04:00
1775739900,1.16841,1.16862,1.16838,1.16856,198.0,2026-04-09 13:05:00
1775739960,1.16857,1.16857,1.16842,1.16846,105.0,2026-04-09 13:06:00
1775740020,1.16846,1.16857,1.16842,1.16842,133.0,2026-04-09 13:07:00
1775740080,1.16842,1.1686,1.16842,1.16856,111.0,2026-04-09 13:08:00
1775740140,1.16855,1.16856,1.16834,1.16836,120.0,2026-04-09 13:09:00
1775740200,1.16836,1.16844,1.16834,1.16836,97.0,2026-04-09 13:10:00
1775740260,1.16836,1.16855,1.16836,1.16852,79.0,2026-04-09 13:11:00
1775740320,1.16853,1.1687,1.16851,1.16865,136.0,2026-04-09 13:12:00
1775740380,1.16866,1.16874,1.1686,1.16865,133.0,2026-04-09 13:13:00
1775740440,1.16864,1.16868,1.1686,1.16862,59.0,2026-04-09 13:14:00
1775740500,1.16863,1.16872,1.1686,1.1687,72.0,2026-04-09 13:15:00
1775740560,1.1687,1.16875,1.16862,1.16864,68.0,2026-04-09 13:16:00
1775740620,1.16864,1.16878,1.16862,1.16878,46.0,2026-04-09 13:17:00
1775740680,1.1688,1.16898,1.16877,1.16897,97.0,2026-04-09 13:18:00
1775740740,1.16898,1.16925,1.16898,1.16902,195.0,2026-04-09 13:19:00
1775740800,1.16902,1.16905,1.16886,1.16902,143.0,2026-04-09 13:20:00
1775740860,1.16902,1.16902,1.1689,1.16901,135.0,2026-04-09 13:21:00
1775740920,1.169,1.1691,1.16898,1.169,104.0,2026-04-09 13:22:00
1775740980,1.16901,1.16904,1.16892,1.16892,125.0,2026-04-09 13:23:00
1775741040,1.16894,1.16902,1.16887,1.16902,135.0,2026-04-09 13:24:00
1775741100,1.16902,1.1691,1.1689,1.16895,112.0,2026-04-09 13:25:00
1775741160,1.16896,1.16906,1.16886,1.16896,90.0,2026-04-09 13:26:00
1775741220,1.16894,1.16896,1.16882,1.16886,59.0,2026-04-09 13:27:00
1775741280,1.16889,1.16906,1.16889,1.16898,187.0,2026-04-09 13:28:00
1775741340,1.16899,1.16905,1.16876,1.16881,111.0,2026-04-09 13:29:00
1775741400,1.16882,1.16898,1.16882,1.16885,234.0,2026-04-09 13:30:00
1775741460,1.16886,1.16905,1.16879,1.16902,167.0,2026-04-09 13:31:00
1775741520,1.16902,1.16904,1.1689,1.1689,122.0,2026-04-09 13:32:00
1775741580,1.16888,1.16915,1.16885,1.16911,162.0,2026-04-09 13:33:00
1775741640,1.1691,1.16925,1.169,1.16924,246.0,2026-04-09 13:34:00
1775741700,1.16924,1.1693,1.16916,1.16929,196.0,2026-04-09 13:35:00
1775741760,1.16928,1.16953,1.16926,1.16948,143.0,2026-04-09 13:36:00
1775741820,1.16946,1.16949,1.16936,1.16942,109.0,2026-04-09 13:37:00
1775741880,1.16942,1.16948,1.16932,1.16936,115.0,2026-04-09 13:38:00
1775741940,1.16935,1.16941,1.16926,1.1693,156.0,2026-04-09 13:39:00
1775742000,1.16928,1.16933,1.16908,1.16924,135.0,2026-04-09 13:40:00
1775742060,1.16924,1.1694,1.16924,1.16933,161.0,2026-04-09 13:41:00
1775742120,1.16932,1.16932,1.16917,1.16919,140.0,2026-04-09 13:42:00
1775742180,1.16918,1.16928,1.16914,1.16915,136.0,2026-04-09 13:43:00
1775742240,1.16914,1.16922,1.16914,1.16917,76.0,2026-04-09 13:44:00
1775742300,1.16918,1.1692,1.16906,1.16908,113.0,2026-04-09 13:45:00
1775742360,1.16909,1.16909,1.16899,1.16904,159.0,2026-04-09 13:46:00
1775742420,1.16904,1.16932,1.16902,1.16916,270.0,2026-04-09 13:47:00
1775742480,1.16917,1.16918,1.16893,1.16902,224.0,2026-04-09 13:48:00
1775742540,1.16904,1.16918,1.16902,1.1691,121.0,2026-04-09 13:49:00
1775742600,1.16911,1.16911,1.16902,1.16904,141.0,2026-04-09 13:50:00
1775742660,1.16903,1.16903,1.16848,1.16856,250.0,2026-04-09 13:51:00
1775742720,1.16856,1.16858,1.16838,1.16845,251.0,2026-04-09 13:52:00
1775742780,1.16846,1.16864,1.16845,1.16863,299.0,2026-04-09 13:53:00
1775742840,1.16862,1.16871,1.16845,1.16847,305.0,2026-04-09 13:54:00
1775742900,1.16848,1.16853,1.16839,1.16848,199.0,2026-04-09 13:55:00
1775742960,1.16848,1.16862,1.16843,1.1686,140.0,2026-04-09 13:56:00
1775743020,1.16862,1.16868,1.16826,1.16833,298.0,2026-04-09 13:57:00
1775743080,1.16834,1.16839,1.16826,1.16826,217.0,2026-04-09 13:58:00
1775743140,1.16826,1.16827,1.16812,1.16818,278.0,2026-04-09 13:59:00
1775743200,1.16818,1.16823,1.16806,1.16814,320.0,2026-04-09 14:00:00
1775743260,1.16814,1.16834,1.16806,1.1683,259.0,2026-04-09 14:01:00
1775743320,1.1683,1.16858,1.1683,1.16849,234.0,2026-04-09 14:02:00
1775743380,1.16848,1.16864,1.16834,1.16862,175.0,2026-04-09 14:03:00
1775743440,1.16864,1.16864,1.16843,1.16844,184.0,2026-04-09 14:04:00
1775743500,1.16844,1.1685,1.16834,1.16846,202.0,2026-04-09 14:05:00
1775743560,1.16845,1.16854,1.16841,1.16852,205.0,2026-04-09 14:06:00
1775743620,1.16852,1.16866,1.16841,1.16866,155.0,2026-04-09 14:07:00
1775743680,1.16864,1.16873,1.16856,1.16872,196.0,2026-04-09 14:08:00
1775743740,1.16873,1.16876,1.16866,1.1687,206.0,2026-04-09 14:09:00
1775743800,1.16869,1.16876,1.16864,1.16876,160.0,2026-04-09 14:10:00
1775743860,1.16877,1.16877,1.16829,1.16835,245.0,2026-04-09 14:11:00
1775743920,1.16837,1.16861,1.16831,1.16856,258.0,2026-04-09 14:12:00
1775743980,1.16856,1.1686,1.16847,1.16851,167.0,2026-04-09 14:13:00
1775744040,1.16852,1.16853,1.16836,1.16846,99.0,2026-04-09 14:14:00
1775744100,1.16845,1.16845,1.16829,1.16832,100.0,2026-04-09 14:15:00
1775744160,1.16834,1.16836,1.16822,1.16829,134.0,2026-04-09 14:16:00
1775744220,1.1683,1.16833,1.16822,1.16832,88.0,2026-04-09 14:17:00
1775744280,1.1683,1.16838,1.16818,1.1682,101.0,2026-04-09 14:18:00
1775744340,1.1682,1.16826,1.16806,1.16822,174.0,2026-04-09 14:19:00
1775744400,1.16822,1.16834,1.16814,1.16832,204.0,2026-04-09 14:20:00
1775744460,1.1683,1.16832,1.16822,1.16824,112.0,2026-04-09 14:21:00
1775744520,1.16823,1.16835,1.16822,1.16829,170.0,2026-04-09 14:22:00
1775744580,1.1683,1.16864,1.1683,1.16862,240.0,2026-04-09 14:23:00
1775744640,1.16864,1.16874,1.16856,1.1687,186.0,2026-04-09 14:24:00
1775744700,1.16869,1.16881,1.16859,1.16872,228.0,2026-04-09 14:25:00
1775744760,1.16871,1.16875,1.16858,1.16864,144.0,2026-04-09 14:26:00
1775744820,1.16864,1.16869,1.16852,1.16862,201.0,2026-04-09 14:27:00
1775744880,1.16862,1.16866,1.16848,1.16854,169.0,2026-04-09 14:28:00
1775744940,1.16854,1.16864,1.16852,1.16864,151.0,2026-04-09 14:29:00
1775745000,1.16861,1.16861,1.16822,1.16826,210.0,2026-04-09 14:30:00
1775745060,1.16826,1.16828,1.16806,1.16812,179.0,2026-04-09 14:31:00
1775745120,1.1681,1.16815,1.16804,1.16808,180.0,2026-04-09 14:32:00
1775745180,1.16806,1.1682,1.16804,1.16815,138.0,2026-04-09 14:33:00
1775745240,1.16814,1.16815,1.16792,1.16794,145.0,2026-04-09 14:34:00
1775745300,1.16796,1.16798,1.16776,1.16788,169.0,2026-04-09 14:35:00
1775745360,1.16788,1.16788,1.16752,1.16752,182.0,2026-04-09 14:36:00
1775745420,1.16753,1.16764,1.16742,1.16758,211.0,2026-04-09 14:37:00
1775745480,1.16758,1.16768,1.16758,1.16764,114.0,2026-04-09 14:38:00
1775745540,1.16764,1.16796,1.16764,1.16794,127.0,2026-04-09 14:39:00
1775745600,1.16796,1.16804,1.16794,1.168,137.0,2026-04-09 14:40:00
1775745660,1.16799,1.16802,1.16788,1.16788,79.0,2026-04-09 14:41:00
1775745720,1.1679,1.1679,1.1676,1.16767,103.0,2026-04-09 14:42:00
1775745780,1.16766,1.1677,1.1676,1.16762,130.0,2026-04-09 14:43:00
1775745840,1.16761,1.16776,1.16758,1.16758,134.0,2026-04-09 14:44:00
1775745900,1.16757,1.16792,1.16752,1.16788,171.0,2026-04-09 14:45:00
1775745960,1.16789,1.1679,1.16764,1.16765,160.0,2026-04-09 14:46:00
1775746020,1.16766,1.1677,1.16758,1.16758,170.0,2026-04-09 14:47:00
1775746080,1.16759,1.16761,1.16752,1.16758,121.0,2026-04-09 14:48:00
1775746140,1.16758,1.16769,1.16748,1.16754,219.0,2026-04-09 14:49:00
1775746200,1.16754,1.16778,1.16752,1.16757,217.0,2026-04-09 14:50:00
1775746260,1.16757,1.16769,1.16752,1.1676,184.0,2026-04-09 14:51:00
1775746320,1.16761,1.16764,1.16748,1.16757,170.0,2026-04-09 14:52:00
1775746380,1.16757,1.1676,1.16744,1.1676,182.0,2026-04-09 14:53:00
1775746440,1.16759,1.16774,1.16757,1.16769,162.0,2026-04-09 14:54:00
1775746500,1.16768,1.1681,1.16768,1.16794,380.0,2026-04-09 14:55:00
1775746560,1.16796,1.16827,1.16795,1.16824,266.0,2026-04-09 14:56:00
1775746620,1.16824,1.16835,1.1681,1.16828,343.0,2026-04-09 14:57:00
1775746680,1.16826,1.16846,1.16826,1.16846,270.0,2026-04-09 14:58:00
1775746740,1.16846,1.16852,1.16838,1.16847,286.0,2026-04-09 14:59:00
1775746800,1.16846,1.16858,1.1684,1.16857,155.0,2026-04-09 15:00:00
1775746860,1.16856,1.16866,1.16846,1.16846,187.0,2026-04-09 15:01:00
1775746920,1.16847,1.1685,1.16826,1.1683,231.0,2026-04-09 15:02:00
1775746980,1.1683,1.16841,1.16809,1.1681,269.0,2026-04-09 15:03:00
1775747040,1.1681,1.1682,1.16792,1.16819,225.0,2026-04-09 15:04:00
1775747100,1.1682,1.1682,1.16806,1.1682,163.0,2026-04-09 15:05:00
1775747160,1.1682,1.16839,1.16814,1.1683,159.0,2026-04-09 15:06:00
1775747220,1.1683,1.1683,1.16804,1.16804,134.0,2026-04-09 15:07:00
1775747280,1.16807,1.16812,1.16794,1.16798,90.0,2026-04-09 15:08:00
1775747340,1.16797,1.16804,1.16788,1.16788,45.0,2026-04-09 15:09:00
1775747400,1.16786,1.16801,1.16782,1.16797,168.0,2026-04-09 15:10:00
1775747460,1.16796,1.16796,1.16776,1.16784,144.0,2026-04-09 15:11:00
1775747520,1.16783,1.16788,1.16776,1.16786,174.0,2026-04-09 15:12:00
1775747580,1.16786,1.1681,1.16786,1.1681,135.0,2026-04-09 15:13:00
1775747640,1.1681,1.16846,1.16804,1.16844,235.0,2026-04-09 15:14:00
1775747700,1.16843,1.16892,1.16843,1.16888,442.0,2026-04-09 15:15:00
1775747760,1.16888,1.16888,1.16874,1.16881,294.0,2026-04-09 15:16:00
1775747820,1.16882,1.16916,1.16874,1.16913,368.0,2026-04-09 15:17:00
1775747880,1.16912,1.16923,1.16904,1.16918,422.0,2026-04-09 15:18:00
1775747940,1.16918,1.1693,1.16911,1.1693,596.0,2026-04-09 15:19:00
1775748000,1.16932,1.16963,1.1693,1.16957,468.0,2026-04-09 15:20:00
1775748060,1.16955,1.16975,1.1695,1.16957,407.0,2026-04-09 15:21:00
1775748120,1.16955,1.16984,1.16938,1.16976,295.0,2026-04-09 15:22:00
1775748180,1.16976,1.17,1.16964,1.16991,421.0,2026-04-09 15:23:00
1775748240,1.1699,1.17001,1.16986,1.16988,236.0,2026-04-09 15:24:00
1775748300,1.16987,1.16987,1.16972,1.16978,230.0,2026-04-09 15:25:00
1775748360,1.16978,1.16986,1.16975,1.16978,309.0,2026-04-09 15:26:00
1775748420,1.16978,1.16989,1.16969,1.16973,371.0,2026-04-09 15:27:00
1775748480,1.16974,1.16975,1.16942,1.16945,231.0,2026-04-09 15:28:00
1775748540,1.16946,1.1695,1.16941,1.16948,162.0,2026-04-09 15:29:00
1775748600,1.16951,1.16955,1.16942,1.16948,176.0,2026-04-09 15:30:00
1775748660,1.16948,1.16968,1.16943,1.16954,195.0,2026-04-09 15:31:00
1775748720,1.16953,1.17052,1.16952,1.17019,592.0,2026-04-09 15:32:00
1775748780,1.17018,1.1703,1.16994,1.17028,589.0,2026-04-09 15:33:00
1775748840,1.17027,1.17045,1.17012,1.17045,554.0,2026-04-09 15:34:00
1775748900,1.17044,1.17065,1.17034,1.17055,545.0,2026-04-09 15:35:00
1775748960,1.17054,1.17068,1.17034,1.17042,511.0,2026-04-09 15:36:00
1775749020,1.17044,1.17058,1.17036,1.17037,318.0,2026-04-09 15:37:00
1775749080,1.17036,1.17037,1.17004,1.17014,541.0,2026-04-09 15:38:00
1775749140,1.17015,1.17026,1.17006,1.17024,369.0,2026-04-09 15:39:00
1775749200,1.17022,1.17032,1.1701,1.17023,274.0,2026-04-09 15:40:00
1775749260,1.17022,1.17028,1.17012,1.17023,236.0,2026-04-09 15:41:00
1775749320,1.17022,1.17022,1.17,1.17003,168.0,2026-04-09 15:42:00
1775749380,1.17002,1.1701,1.16976,1.16978,302.0,2026-04-09 15:43:00
1775749440,1.16976,1.17003,1.16976,1.16998,241.0,2026-04-09 15:44:00
1775749500,1.16998,1.16999,1.1698,1.16991,337.0,2026-04-09 15:45:00
1775749560,1.16989,1.16994,1.16976,1.16981,212.0,2026-04-09 15:46:00
1775749620,1.16982,1.17023,1.1698,1.17012,280.0,2026-04-09 15:47:00
1775749680,1.17012,1.17048,1.1701,1.17032,379.0,2026-04-09 15:48:00
1775749740,1.17032,1.17032,1.17002,1.17002,192.0,2026-04-09 15:49:00
1775749800,1.17002,1.17023,1.16998,1.17011,173.0,2026-04-09 15:50:00
1775749860,1.17012,1.17031,1.17004,1.17031,245.0,2026-04-09 15:51:00
1775749920,1.17034,1.17044,1.17028,1.17039,236.0,2026-04-09 15:52:00
1775749980,1.17041,1.1706,1.1704,1.17052,241.0,2026-04-09 15:53:00
1775750040,1.17051,1.17058,1.17033,1.17047,209.0,2026-04-09 15:54:00
1775750100,1.17046,1.17059,1.17043,1.17057,149.0,2026-04-09 15:55:00
1775750160,1.17056,1.17065,1.17052,1.17064,153.0,2026-04-09 15:56:00
1775750220,1.17062,1.17072,1.17036,1.17036,155.0,2026-04-09 15:57:00
1775750280,1.17036,1.17048,1.17032,1.17047,210.0,2026-04-09 15:58:00
1775750340,1.17048,1.17058,1.17043,1.17056,172.0,2026-04-09 15:59:00
1775750400,1.17054,1.17056,1.17024,1.17053,203.0,2026-04-09 16:00:00
1775750460,1.17052,1.17064,1.17051,1.17058,218.0,2026-04-09 16:01:00
1775750520,1.1706,1.17072,1.17054,1.17056,224.0,2026-04-09 16:02:00
1775750580,1.17056,1.17083,1.17054,1.17064,260.0,2026-04-09 16:03:00
1775750640,1.17064,1.1708,1.17062,1.17076,200.0,2026-04-09 16:04:00
1775750700,1.17076,1.17076,1.17062,1.17071,177.0,2026-04-09 16:05:00
1775750760,1.17072,1.17072,1.17062,1.17067,142.0,2026-04-09 16:06:00
1775750820,1.17068,1.17098,1.17067,1.17094,170.0,2026-04-09 16:07:00
1775750880,1.17092,1.17105,1.17088,1.17097,157.0,2026-04-09 16:08:00
1775750940,1.17096,1.171,1.17072,1.17072,157.0,2026-04-09 16:09:00
1775751000,1.17074,1.17092,1.17073,1.17086,243.0,2026-04-09 16:10:00
1775751060,1.17088,1.1709,1.17074,1.1708,128.0,2026-04-09 16:11:00
1775751120,1.17078,1.17112,1.17078,1.17108,193.0,2026-04-09 16:12:00
1775751180,1.17108,1.17112,1.17082,1.17087,259.0,2026-04-09 16:13:00
1775751240,1.17085,1.17088,1.17077,1.17081,230.0,2026-04-09 16:14:00
1775751300,1.17082,1.17096,1.17078,1.17089,241.0,2026-04-09 16:15:00
1775751360,1.1709,1.17122,1.1709,1.17121,192.0,2026-04-09 16:16:00
1775751420,1.17122,1.17135,1.17116,1.17128,188.0,2026-04-09 16:17:00
1775751480,1.17127,1.17138,1.17122,1.17136,244.0,2026-04-09 16:18:00
1775751540,1.17134,1.1714,1.1713,1.17137,166.0,2026-04-09 16:19:00
1775751600,1.17137,1.1714,1.17128,1.17134,163.0,2026-04-09 16:20:00
1775751660,1.17135,1.17138,1.17118,1.17128,139.0,2026-04-09 16:21:00
1775751720,1.17127,1.17128,1.17118,1.17119,102.0,2026-04-09 16:22:00
1775751780,1.1712,1.17128,1.17114,1.17118,116.0,2026-04-09 16:23:00
1775751840,1.17117,1.1713,1.17116,1.17128,135.0,2026-04-09 16:24:00
1775751900,1.1713,1.1713,1.17121,1.17126,132.0,2026-04-09 16:25:00
1775751960,1.17126,1.17126,1.17106,1.17109,123.0,2026-04-09 16:26:00
1775752020,1.1711,1.17132,1.1711,1.17132,143.0,2026-04-09 16:27:00
1775752080,1.17132,1.17139,1.1713,1.17136,128.0,2026-04-09 16:28:00
1775752140,1.17137,1.17142,1.1713,1.17138,111.0,2026-04-09 16:29:00
1775752200,1.17139,1.1714,1.17127,1.1713,128.0,2026-04-09 16:30:00
1775752260,1.17131,1.17134,1.17112,1.17114,129.0,2026-04-09 16:31:00
1775752320,1.17114,1.17117,1.17096,1.17098,190.0,2026-04-09 16:32:00
1775752380,1.17098,1.171,1.17078,1.17092,251.0,2026-04-09 16:33:00
1775752440,1.17093,1.17115,1.1709,1.17114,168.0,2026-04-09 16:34:00
1775752500,1.17114,1.17116,1.17107,1.17112,97.0,2026-04-09 16:35:00
1775752560,1.17112,1.17114,1.17106,1.17112,83.0,2026-04-09 16:36:00
1775752620,1.17112,1.17122,1.17108,1.17122,125.0,2026-04-09 16:37:00
1775752680,1.17122,1.17122,1.17111,1.17116,121.0,2026-04-09 16:38:00
1775752740,1.17116,1.1712,1.1711,1.17118,92.0,2026-04-09 16:39:00
1775752800,1.17117,1.17117,1.17096,1.17096,101.0,2026-04-09 16:40:00
1775752860,1.17098,1.17116,1.17092,1.17094,186.0,2026-04-09 16:41:00
1775752920,1.17094,1.17106,1.17094,1.171,125.0,2026-04-09 16:42:00
1775752980,1.171,1.17112,1.17096,1.17111,79.0,2026-04-09 16:43:00
1775753040,1.1711,1.17121,1.1711,1.17114,63.0,2026-04-09 16:44:00
1775753100,1.17114,1.17116,1.17094,1.17098,81.0,2026-04-09 16:45:00
1775753160,1.17098,1.17116,1.17096,1.17104,117.0,2026-04-09 16:46:00
1775753220,1.17105,1.17112,1.17098,1.1711,90.0,2026-04-09 16:47:00
1775753280,1.1711,1.1711,1.17098,1.17108,107.0,2026-04-09 16:48:00
1775753340,1.17108,1.17111,1.17096,1.17096,83.0,2026-04-09 16:49:00
1775753400,1.17097,1.17107,1.17094,1.17104,98.0,2026-04-09 16:50:00
1775753460,1.17102,1.17116,1.171,1.17115,77.0,2026-04-09 16:51:00
1775753520,1.17114,1.1713,1.17114,1.17126,89.0,2026-04-09 16:52:00
1775753580,1.17126,1.17126,1.17114,1.17121,89.0,2026-04-09 16:53:00
1775753640,1.1712,1.17121,1.17105,1.17109,110.0,2026-04-09 16:54:00
1775753700,1.17108,1.1712,1.17097,1.17101,105.0,2026-04-09 16:55:00
1775753760,1.171,1.17104,1.17092,1.17102,135.0,2026-04-09 16:56:00
1775753820,1.17101,1.17104,1.17086,1.17101,155.0,2026-04-09 16:57:00
1775753880,1.171,1.17114,1.17098,1.1711,145.0,2026-04-09 16:58:00
1775753940,1.17108,1.17112,1.17101,1.17106,85.0,2026-04-09 16:59:00
1775754000,1.17107,1.17112,1.17101,1.17112,97.0,2026-04-09 17:00:00
1775754060,1.17112,1.17122,1.17112,1.17119,86.0,2026-04-09 17:01:00
1775754120,1.1712,1.17122,1.17108,1.17122,158.0,2026-04-09 17:02:00
1775754180,1.17122,1.17128,1.1712,1.17128,76.0,2026-04-09 17:03:00
1775754240,1.17128,1.17133,1.17128,1.17133,123.0,2026-04-09 17:04:00
1775754300,1.17132,1.17144,1.1713,1.17142,138.0,2026-04-09 17:05:00
1775754360,1.17142,1.1718,1.17139,1.1718,119.0,2026-04-09 17:06:00
1775754420,1.17179,1.17186,1.1715,1.17156,259.0,2026-04-09 17:07:00
1775754480,1.17156,1.17166,1.17154,1.17162,138.0,2026-04-09 17:08:00
1775754540,1.17162,1.17168,1.17158,1.17162,165.0,2026-04-09 17:09:00
1775754600,1.1716,1.17168,1.17152,1.17166,152.0,2026-04-09 17:10:00
1775754660,1.17168,1.17176,1.17167,1.17176,91.0,2026-04-09 17:11:00
1775754720,1.17175,1.17176,1.17161,1.17162,95.0,2026-04-09 17:12:00
1775754780,1.17162,1.17168,1.1715,1.1716,171.0,2026-04-09 17:13:00
1775754840,1.17159,1.17166,1.17148,1.17164,124.0,2026-04-09 17:14:00
1775754900,1.17163,1.17176,1.17161,1.17172,118.0,2026-04-09 17:15:00
1775754960,1.17172,1.17182,1.17163,1.17173,109.0,2026-04-09 17:16:00
1775755020,1.17174,1.17182,1.17172,1.17178,116.0,2026-04-09 17:17:00
1775755080,1.17176,1.17178,1.17168,1.17169,85.0,2026-04-09 17:18:00
1775755140,1.17168,1.17186,1.17168,1.17177,118.0,2026-04-09 17:19:00
1775755200,1.17177,1.17184,1.17168,1.17168,144.0,2026-04-09 17:20:00
1775755260,1.17167,1.17182,1.17167,1.17181,110.0,2026-04-09 17:21:00
1775755320,1.17182,1.17185,1.1718,1.17182,83.0,2026-04-09 17:22:00
1775755380,1.17182,1.17188,1.1718,1.17186,112.0,2026-04-09 17:23:00
1775755440,1.17185,1.17194,1.17184,1.17192,71.0,2026-04-09 17:24:00
1775755500,1.17192,1.17204,1.17188,1.17202,94.0,2026-04-09 17:25:00
1775755560,1.17203,1.17204,1.17192,1.17194,96.0,2026-04-09 17:26:00
1775755620,1.17194,1.17203,1.17194,1.17196,86.0,2026-04-09 17:27:00
1775755680,1.17196,1.17218,1.17192,1.17208,118.0,2026-04-09 17:28:00
1775755740,1.17207,1.17208,1.17194,1.17198,75.0,2026-04-09 17:29:00
1775755800,1.17198,1.17205,1.17164,1.1718,215.0,2026-04-09 17:30:00
1775755860,1.1718,1.17186,1.17164,1.1718,176.0,2026-04-09 17:31:00
1775755920,1.17179,1.17192,1.17178,1.17187,117.0,2026-04-09 17:32:00
1775755980,1.17188,1.17194,1.1718,1.17194,93.0,2026-04-09 17:33:00
1775756040,1.17194,1.17202,1.17194,1.17201,98.0,2026-04-09 17:34:00
1775756100,1.17201,1.17221,1.17198,1.17218,143.0,2026-04-09 17:35:00
1775756160,1.17217,1.17224,1.17208,1.17218,154.0,2026-04-09 17:36:00
1775756220,1.17219,1.17227,1.17214,1.17217,101.0,2026-04-09 17:37:00
1775756280,1.17216,1.17234,1.17216,1.1723,144.0,2026-04-09 17:38:00
1775756340,1.1723,1.1723,1.17218,1.1722,142.0,2026-04-09 17:39:00
1775756400,1.1722,1.17229,1.17219,1.17228,60.0,2026-04-09 17:40:00
1775756460,1.17227,1.17232,1.17224,1.17229,65.0,2026-04-09 17:41:00
1775756520,1.17228,1.17228,1.172,1.17203,158.0,2026-04-09 17:42:00
1775756580,1.17204,1.17207,1.17188,1.17192,92.0,2026-04-09 17:43:00
1775756640,1.17192,1.17192,1.17174,1.17178,126.0,2026-04-09 17:44:00
1775756700,1.17178,1.17191,1.17178,1.1719,91.0,2026-04-09 17:45:00
1775756760,1.17188,1.172,1.17188,1.17195,83.0,2026-04-09 17:46:00
1775756820,1.17196,1.17198,1.17186,1.17188,97.0,2026-04-09 17:47:00
1775756880,1.17188,1.17188,1.17171,1.17186,130.0,2026-04-09 17:48:00
1775756940,1.17185,1.17186,1.17176,1.17176,148.0,2026-04-09 17:49:00
1775757000,1.17176,1.17178,1.17162,1.17164,107.0,2026-04-09 17:50:00
1775757060,1.17165,1.17166,1.17145,1.1715,157.0,2026-04-09 17:51:00
1775757120,1.17149,1.1715,1.17136,1.1714,80.0,2026-04-09 17:52:00
1775757180,1.17142,1.17146,1.1713,1.1713,75.0,2026-04-09 17:53:00
1775757240,1.17131,1.17144,1.1713,1.17132,79.0,2026-04-09 17:54:00
1775757300,1.17132,1.17134,1.17124,1.17126,57.0,2026-04-09 17:55:00
1775757360,1.17127,1.17132,1.17126,1.1713,84.0,2026-04-09 17:56:00
1775757420,1.1713,1.17142,1.17126,1.17126,88.0,2026-04-09 17:57:00
1775757480,1.17128,1.17146,1.17128,1.17142,97.0,2026-04-09 17:58:00
1775757540,1.17142,1.17145,1.17136,1.17142,60.0,2026-04-09 17:59:00
1775757600,1.17142,1.17149,1.17138,1.1714,107.0,2026-04-09 18:00:00
1775757660,1.1714,1.17144,1.17122,1.17124,196.0,2026-04-09 18:01:00
1775757720,1.17123,1.17125,1.17086,1.17102,373.0,2026-04-09 18:02:00
1775757780,1.17102,1.17105,1.17087,1.17091,291.0,2026-04-09 18:03:00
1775757840,1.1709,1.17098,1.17062,1.17082,370.0,2026-04-09 18:04:00
1775757900,1.17083,1.17114,1.17083,1.17114,318.0,2026-04-09 18:05:00
1775757960,1.17112,1.1712,1.17109,1.1711,211.0,2026-04-09 18:06:00
1775758020,1.17109,1.1711,1.1709,1.1709,195.0,2026-04-09 18:07:00
1775758080,1.1709,1.17096,1.17079,1.17086,176.0,2026-04-09 18:08:00
1775758140,1.17086,1.17086,1.17076,1.1708,171.0,2026-04-09 18:09:00
1775758200,1.1708,1.1709,1.17072,1.17074,125.0,2026-04-09 18:10:00
1775758260,1.17076,1.17079,1.17065,1.17068,175.0,2026-04-09 18:11:00
1775758320,1.17069,1.17071,1.1705,1.17057,144.0,2026-04-09 18:12:00
1775758380,1.17058,1.17058,1.17037,1.17038,132.0,2026-04-09 18:13:00
1775758440,1.1704,1.17042,1.17024,1.17041,202.0,2026-04-09 18:14:00
1775758500,1.17039,1.17039,1.17021,1.17026,190.0,2026-04-09 18:15:00
1775758560,1.17026,1.17042,1.17026,1.17037,181.0,2026-04-09 18:16:00
1775758620,1.17038,1.17052,1.17037,1.17047,167.0,2026-04-09 18:17:00
1775758680,1.17048,1.17052,1.1703,1.17034,174.0,2026-04-09 18:18:00
1775758740,1.17033,1.17041,1.17032,1.17032,172.0,2026-04-09 18:19:00
1775758800,1.17031,1.1704,1.1703,1.17038,122.0,2026-04-09 18:20:00
1775758860,1.1704,1.17046,1.17032,1.17035,115.0,2026-04-09 18:21:00
1775758920,1.17033,1.1704,1.17022,1.17028,129.0,2026-04-09 18:22:00
1775758980,1.17028,1.1703,1.17006,1.17017,262.0,2026-04-09 18:23:00
1775759040,1.17018,1.1702,1.1701,1.17016,243.0,2026-04-09 18:24:00
1775759100,1.17016,1.1702,1.16985,1.17002,253.0,2026-04-09 18:25:00
1775759160,1.17002,1.17018,1.17002,1.17012,275.0,2026-04-09 18:26:00
1775759220,1.17012,1.17018,1.17009,1.17014,148.0,2026-04-09 18:27:00
1775759280,1.17016,1.17022,1.17006,1.17013,197.0,2026-04-09 18:28:00
1775759340,1.17012,1.17018,1.17009,1.17012,186.0,2026-04-09 18:29:00
1775759400,1.17012,1.17019,1.17,1.17004,163.0,2026-04-09 18:30:00
1775759460,1.17004,1.17006,1.1699,1.16992,154.0,2026-04-09 18:31:00
1775759520,1.16992,1.16996,1.16986,1.1699,149.0,2026-04-09 18:32:00
1775759580,1.1699,1.16993,1.16975,1.16982,149.0,2026-04-09 18:33:00
1775759640,1.1698,1.16996,1.1698,1.16995,131.0,2026-04-09 18:34:00
1775759700,1.16992,1.17006,1.16992,1.17005,109.0,2026-04-09 18:35:00
1775759760,1.17006,1.17007,1.16994,1.16995,72.0,2026-04-09 18:36:00
1775759820,1.16994,1.16995,1.16983,1.16992,102.0,2026-04-09 18:37:00
1775759880,1.16994,1.17002,1.1699,1.1699,87.0,2026-04-09 18:38:00
1775759940,1.16992,1.17002,1.16986,1.16998,106.0,2026-04-09 18:39:00
1775760000,1.16998,1.17,1.16996,1.17,107.0,2026-04-09 18:40:00
1775760060,1.17,1.17006,1.16998,1.17,74.0,2026-04-09 18:41:00
1775760120,1.17,1.17006,1.16992,1.16993,148.0,2026-04-09 18:42:00
1775760180,1.16992,1.16994,1.16986,1.1699,74.0,2026-04-09 18:43:00
1775760240,1.1699,1.16992,1.16985,1.1699,89.0,2026-04-09 18:44:00
1775760300,1.1699,1.16993,1.16986,1.1699,70.0,2026-04-09 18:45:00
1775760360,1.16992,1.17,1.16988,1.16988,71.0,2026-04-09 18:46:00
1775760420,1.16986,1.16998,1.16984,1.16992,91.0,2026-04-09 18:47:00
1775760480,1.16993,1.16998,1.16992,1.16996,96.0,2026-04-09 18:48:00
1775760540,1.16996,1.16998,1.16992,1.16997,89.0,2026-04-09 18:49:00
1775760600,1.16996,1.17002,1.16996,1.16998,124.0,2026-04-09 18:50:00
1775760660,1.16997,1.17003,1.16994,1.17002,44.0,2026-04-09 18:51:00
1775760720,1.17003,1.17016,1.17002,1.17013,87.0,2026-04-09 18:52:00
1775760780,1.17014,1.17022,1.17008,1.17008,110.0,2026-04-09 18:53:00
1775760840,1.17007,1.17019,1.17006,1.17016,155.0,2026-04-09 18:54:00
1775760900,1.17017,1.17021,1.17015,1.17016,60.0,2026-04-09 18:55:00
1775760960,1.17015,1.17016,1.17012,1.17016,61.0,2026-04-09 18:56:00
1775761020,1.17016,1.17016,1.17,1.17,56.0,2026-04-09 18:57:00
1775761080,1.17001,1.17002,1.16984,1.16994,168.0,2026-04-09 18:58:00
1775761140,1.16993,1.17007,1.1699,1.16992,129.0,2026-04-09 18:59:00
1775761200,1.16991,1.16992,1.1698,1.16986,148.0,2026-04-09 19:00:00
1775761260,1.16984,1.17008,1.16982,1.17006,104.0,2026-04-09 19:01:00
1775761320,1.17005,1.17005,1.16996,1.16998,97.0,2026-04-09 19:02:00
1775761380,1.16998,1.17,1.16994,1.16997,48.0,2026-04-09 19:03:00
1775761440,1.16996,1.1701,1.16996,1.17008,66.0,2026-04-09 19:04:00
1775761500,1.17008,1.17016,1.17007,1.17016,61.0,2026-04-09 19:05:00
1775761560,1.17016,1.17026,1.17014,1.17022,98.0,2026-04-09 19:06:00
1775761620,1.17022,1.1703,1.17019,1.17029,89.0,2026-04-09 19:07:00
1775761680,1.17028,1.17032,1.17028,1.1703,69.0,2026-04-09 19:08:00
1775761740,1.1703,1.17042,1.1703,1.17042,72.0,2026-04-09 19:09:00
1775761800,1.17043,1.17047,1.17034,1.17046,101.0,2026-04-09 19:10:00
1775761860,1.17045,1.17053,1.17042,1.17049,91.0,2026-04-09 19:11:00
1775761920,1.17047,1.17052,1.17046,1.17052,34.0,2026-04-09 19:12:00
1775761980,1.1705,1.17052,1.17042,1.17048,86.0,2026-04-09 19:13:00
1775762040,1.17047,1.17058,1.17045,1.17058,132.0,2026-04-09 19:14:00
1775762100,1.17057,1.17062,1.17051,1.17056,113.0,2026-04-09 19:15:00
1775762160,1.17054,1.17056,1.17046,1.17048,62.0,2026-04-09 19:16:00
1775762220,1.17048,1.17048,1.17038,1.17038,53.0,2026-04-09 19:17:00
1775762280,1.17037,1.17038,1.17028,1.17028,47.0,2026-04-09 19:18:00
1775762340,1.17028,1.17028,1.1701,1.17012,50.0,2026-04-09 19:19:00
1775762400,1.17012,1.17017,1.17004,1.17004,103.0,2026-04-09 19:20:00
1775762460,1.17003,1.17008,1.16995,1.17006,152.0,2026-04-09 19:21:00
1775762520,1.17005,1.17008,1.16996,1.16997,92.0,2026-04-09 19:22:00
1775762580,1.16996,1.17005,1.16995,1.17003,87.0,2026-04-09 19:23:00
1775762640,1.17004,1.17017,1.17003,1.17014,61.0,2026-04-09 19:24:00
1775762700,1.17016,1.17026,1.17012,1.17022,90.0,2026-04-09 19:25:00
1775762760,1.17018,1.17025,1.17016,1.1702,106.0,2026-04-09 19:26:00
1775762820,1.1702,1.17026,1.17018,1.17026,63.0,2026-04-09 19:27:00
1775762880,1.17024,1.17028,1.17019,1.17026,87.0,2026-04-09 19:28:00
1775762940,1.17029,1.1704,1.17028,1.1703,67.0,2026-04-09 19:29:00
1775763000,1.1703,1.1706,1.1703,1.1706,137.0,2026-04-09 19:30:00
1775763060,1.17058,1.17067,1.17056,1.17066,90.0,2026-04-09 19:31:00
1775763120,1.17066,1.17078,1.17064,1.17078,77.0,2026-04-09 19:32:00
1775763180,1.17077,1.17086,1.1707,1.1707,124.0,2026-04-09 19:33:00
1775763240,1.17068,1.1707,1.1706,1.17064,105.0,2026-04-09 19:34:00
1775763300,1.17063,1.1707,1.17063,1.17066,116.0,2026-04-09 19:35:00
1775763360,1.17066,1.17067,1.17063,1.17064,78.0,2026-04-09 19:36:00
1775763420,1.17064,1.1707,1.17058,1.17068,71.0,2026-04-09 19:37:00
1775763480,1.17068,1.1707,1.1706,1.17061,85.0,2026-04-09 19:38:00
1775763540,1.17062,1.17068,1.17058,1.17066,69.0,2026-04-09 19:39:00
1775763600,1.17066,1.1708,1.17062,1.1708,117.0,2026-04-09 19:40:00
1775763660,1.1708,1.1708,1.17072,1.17074,89.0,2026-04-09 19:41:00
1775763720,1.17073,1.1708,1.17073,1.17078,88.0,2026-04-09 19:42:00
1775763780,1.17078,1.17084,1.17074,1.17078,53.0,2026-04-09 19:43:00
1775763840,1.17078,1.17083,1.17071,1.17073,76.0,2026-04-09 19:44:00
1775763900,1.17072,1.17078,1.17064,1.17064,77.0,2026-04-09 19:45:00
1775763960,1.17064,1.17066,1.17058,1.17064,72.0,2026-04-09 19:46:00
1775764020,1.17066,1.17074,1.17062,1.1707,96.0,2026-04-09 19:47:00
1775764080,1.1707,1.17076,1.17068,1.17075,52.0,2026-04-09 19:48:00
1775764140,1.17074,1.17077,1.1707,1.17076,87.0,2026-04-09 19:49:00
1775764200,1.17075,1.17084,1.17073,1.17073,90.0,2026-04-09 19:50:00
1775764260,1.17072,1.17076,1.17068,1.17072,75.0,2026-04-09 19:51:00
1775764320,1.17072,1.17077,1.1706,1.17068,104.0,2026-04-09 19:52:00
1775764380,1.17067,1.17068,1.17056,1.1706,68.0,2026-04-09 19:53:00
1775764440,1.1706,1.17061,1.17042,1.17046,88.0,2026-04-09 19:54:00
1775764500,1.17043,1.17043,1.1701,1.1701,136.0,2026-04-09 19:55:00
1775764560,1.17012,1.17029,1.17012,1.17022,97.0,2026-04-09 19:56:00
1775764620,1.17023,1.17028,1.16998,1.17004,151.0,2026-04-09 19:57:00
1775764680,1.17006,1.17008,1.17,1.17006,151.0,2026-04-09 19:58:00
1775764740,1.17006,1.17011,1.17003,1.17006,108.0,2026-04-09 19:59:00
1775764800,1.17008,1.17008,1.16995,1.16996,105.0,2026-04-09 20:00:00
1775764860,1.16996,1.17,1.1698,1.17,131.0,2026-04-09 20:01:00
1775764920,1.16998,1.16998,1.16988,1.16998,51.0,2026-04-09 20:02:00
1775764980,1.16998,1.17,1.16992,1.16994,33.0,2026-04-09 20:03:00
1775765040,1.16993,1.16994,1.16982,1.16982,41.0,2026-04-09 20:04:00
1775765100,1.16982,1.16985,1.16978,1.16982,55.0,2026-04-09 20:05:00
1775765160,1.16982,1.16982,1.16972,1.1698,37.0,2026-04-09 20:06:00
1775765220,1.1698,1.16982,1.16972,1.16982,58.0,2026-04-09 20:07:00
1775765280,1.16982,1.16992,1.16981,1.16992,59.0,2026-04-09 20:08:00
1775765340,1.16992,1.16998,1.1699,1.16998,53.0,2026-04-09 20:09:00
1775765400,1.16998,1.17004,1.16998,1.17003,17.0,2026-04-09 20:10:00
1775765460,1.17004,1.17004,1.17,1.17002,10.0,2026-04-09 20:11:00
1775765520,1.17003,1.17003,1.1698,1.16982,47.0,2026-04-09 20:12:00
1775765580,1.1698,1.16983,1.16978,1.16982,22.0,2026-04-09 20:13:00
1775765640,1.16983,1.16987,1.16983,1.16987,20.0,2026-04-09 20:14:00
1775765700,1.16987,1.1699,1.1698,1.16987,54.0,2026-04-09 20:15:00
1775765760,1.16986,1.16986,1.1698,1.1698,26.0,2026-04-09 20:16:00
1775765820,1.1698,1.16984,1.16978,1.16984,11.0,2026-04-09 20:17:00
1775765880,1.16982,1.16984,1.16969,1.1698,72.0,2026-04-09 20:18:00
1775765940,1.1698,1.16981,1.16978,1.16978,17.0,2026-04-09 20:19:00
1775766000,1.16978,1.16978,1.16974,1.16975,19.0,2026-04-09 20:20:00
1775766060,1.16976,1.16976,1.16972,1.16972,17.0,2026-04-09 20:21:00
1775766120,1.16972,1.16978,1.16972,1.16978,14.0,2026-04-09 20:22:00
1775766180,1.16978,1.16986,1.16977,1.16983,39.0,2026-04-09 20:23:00
1775766240,1.16982,1.16988,1.16982,1.16987,28.0,2026-04-09 20:24:00
1775766300,1.16986,1.16988,1.16985,1.16986,77.0,2026-04-09 20:25:00
1775766360,1.16986,1.16986,1.16982,1.16982,42.0,2026-04-09 20:26:00
1775766420,1.16982,1.16982,1.1697,1.16972,72.0,2026-04-09 20:27:00
1775766480,1.16973,1.16976,1.16972,1.16974,52.0,2026-04-09 20:28:00
1775766540,1.16974,1.16981,1.16972,1.16981,24.0,2026-04-09 20:29:00
1775766600,1.1698,1.16982,1.16978,1.1698,19.0,2026-04-09 20:30:00
1775766660,1.16979,1.16986,1.16978,1.16983,36.0,2026-04-09 20:31:00
1775766720,1.16982,1.16983,1.16978,1.16982,23.0,2026-04-09 20:32:00
1775766780,1.16984,1.16988,1.16984,1.16986,21.0,2026-04-09 20:33:00
1775766840,1.16986,1.16986,1.16978,1.16982,35.0,2026-04-09 20:34:00
1775766900,1.16982,1.16984,1.16964,1.16964,33.0,2026-04-09 20:35:00
1775766960,1.16965,1.16968,1.16964,1.16966,30.0,2026-04-09 20:36:00
1775767020,1.1697,1.16972,1.16968,1.16968,45.0,2026-04-09 20:37:00
1775767080,1.16968,1.1697,1.16968,1.1697,19.0,2026-04-09 20:38:00
1775767140,1.1697,1.1697,1.1696,1.1696,38.0,2026-04-09 20:39:00
1775767200,1.16961,1.16966,1.16961,1.16962,43.0,2026-04-09 20:40:00
1775767260,1.16962,1.16962,1.16962,1.16962,9.0,2026-04-09 20:41:00
1775767320,1.16964,1.16964,1.16962,1.16963,16.0,2026-04-09 20:42:00
1775767380,1.16964,1.16964,1.16954,1.16957,22.0,2026-04-09 20:43:00
1775767440,1.16957,1.16962,1.16957,1.16962,23.0,2026-04-09 20:44:00
1775767500,1.16961,1.16966,1.1696,1.16963,41.0,2026-04-09 20:45:00
1775767560,1.16962,1.16963,1.16958,1.16958,47.0,2026-04-09 20:46:00
1775767620,1.16958,1.16958,1.16956,1.16958,10.0,2026-04-09 20:47:00
1775767680,1.16958,1.16958,1.16956,1.16958,11.0,2026-04-09 20:48:00
1775767740,1.16958,1.16958,1.16958,1.16958,6.0,2026-04-09 20:49:00
1775767800,1.16958,1.16966,1.16958,1.16964,56.0,2026-04-09 20:50:00
1775767860,1.16966,1.16974,1.16962,1.16974,44.0,2026-04-09 20:51:00
1775767920,1.16973,1.16976,1.16972,1.16974,44.0,2026-04-09 20:52:00
1775767980,1.16974,1.16974,1.16972,1.16973,29.0,2026-04-09 20:53:00
1775768040,1.16972,1.16988,1.16972,1.16985,53.0,2026-04-09 20:54:00
1775768100,1.16986,1.16986,1.16982,1.16982,32.0,2026-04-09 20:55:00
1775768160,1.16981,1.16984,1.16979,1.16982,33.0,2026-04-09 20:56:00
1775768220,1.16982,1.16984,1.16978,1.16984,45.0,2026-04-09 20:57:00
1775768280,1.16984,1.16988,1.16974,1.16986,103.0,2026-04-09 20:58:00
1775768340,1.16987,1.16992,1.16987,1.1699,18.0,2026-04-09 20:59:00
1775768640,1.17021,1.17021,1.17021,1.17021,1.0,2026-04-09 21:04:00
1775768700,1.17016,1.17019,1.17013,1.17019,8.0,2026-04-09 21:05:00
1775768760,1.17016,1.17022,1.17016,1.17018,10.0,2026-04-09 21:06:00
1775768880,1.17019,1.17022,1.17016,1.17016,13.0,2026-04-09 21:08:00
1775768940,1.17018,1.17018,1.17016,1.17018,3.0,2026-04-09 21:09:00
1775769000,1.17011,1.17016,1.16983,1.16994,37.0,2026-04-09 21:10:00
1775769060,1.16994,1.1701,1.1699,1.16994,24.0,2026-04-09 21:11:00
1775769120,1.16992,1.16994,1.16987,1.16991,14.0,2026-04-09 21:12:00
1775769180,1.16986,1.16988,1.16984,1.16988,36.0,2026-04-09 21:13:00
1775769240,1.16985,1.16989,1.16984,1.16986,21.0,2026-04-09 21:14:00
1775769300,1.16986,1.16992,1.16986,1.16991,22.0,2026-04-09 21:15:00
1775769360,1.1699,1.16995,1.16978,1.16978,19.0,2026-04-09 21:16:00
1775769420,1.16982,1.16983,1.1698,1.16983,8.0,2026-04-09 21:17:00
1775769480,1.16982,1.16982,1.1698,1.1698,4.0,2026-04-09 21:18:00
1775769540,1.16981,1.16981,1.16981,1.16981,1.0,2026-04-09 21:19:00
1775769600,1.1698,1.1698,1.1698,1.1698,5.0,2026-04-09 21:20:00
1775769660,1.16979,1.16981,1.16974,1.16974,9.0,2026-04-09 21:21:00
1775769720,1.16979,1.1698,1.16976,1.16977,13.0,2026-04-09 21:22:00
1775769780,1.16978,1.16978,1.16973,1.16978,12.0,2026-04-09 21:23:00
1775769840,1.16978,1.1698,1.16974,1.16975,5.0,2026-04-09 21:24:00
1775769900,1.16972,1.16975,1.16972,1.16975,5.0,2026-04-09 21:25:00
1775769960,1.16978,1.16978,1.16975,1.16978,16.0,2026-04-09 21:26:00
1775770020,1.1698,1.16991,1.16979,1.16989,10.0,2026-04-09 21:27:00
1775770080,1.16976,1.16978,1.1697,1.16974,23.0,2026-04-09 21:28:00
1775770140,1.16975,1.16978,1.16972,1.16972,35.0,2026-04-09 21:29:00
1775770200,1.16972,1.16992,1.16968,1.16988,91.0,2026-04-09 21:30:00
1775770260,1.1699,1.17006,1.16988,1.17006,770.0,2026-04-09 21:31:00
1775770320,1.17004,1.17006,1.16993,1.16993,1399.0,2026-04-09 21:32:00
1775770380,1.16988,1.16996,1.16988,1.16992,9.0,2026-04-09 21:33:00
1775770440,1.16991,1.16996,1.16991,1.16992,8.0,2026-04-09 21:34:00
1775770500,1.16992,1.16998,1.16991,1.16998,16.0,2026-04-09 21:35:00
1775770560,1.16996,1.16997,1.16983,1.16987,17.0,2026-04-09 21:36:00
1775770620,1.16988,1.16991,1.16987,1.1699,20.0,2026-04-09 21:37:00
1775770680,1.16989,1.1699,1.16981,1.16984,14.0,2026-04-09 21:38:00
1775770740,1.16976,1.16978,1.16974,1.16976,15.0,2026-04-09 21:39:00
1775770800,1.16975,1.16976,1.16974,1.16976,11.0,2026-04-09 21:40:00
1775770860,1.16975,1.16976,1.16975,1.16976,6.0,2026-04-09 21:41:00
1775770920,1.16976,1.16976,1.16976,1.16976,4.0,2026-04-09 21:42:00
1775771040,1.16975,1.16976,1.16975,1.16975,11.0,2026-04-09 21:44:00
1775771100,1.16976,1.16978,1.16976,1.16978,3.0,2026-04-09 21:45:00
1775771160,1.16977,1.16978,1.16954,1.16972,35.0,2026-04-09 21:46:00
1775771220,1.16973,1.1699,1.16973,1.16988,24.0,2026-04-09 21:47:00
1775771280,1.16988,1.16992,1.16987,1.16992,17.0,2026-04-09 21:48:00
1775771340,1.16987,1.16992,1.16987,1.16988,95.0,2026-04-09 21:49:00
1775771400,1.16992,1.16992,1.16986,1.16991,12.0,2026-04-09 21:50:00
1775771460,1.16992,1.16992,1.16989,1.16992,23.0,2026-04-09 21:51:00
1775771520,1.1699,1.16998,1.16987,1.16998,48.0,2026-04-09 21:52:00
1775771580,1.16997,1.1701,1.16994,1.17008,22.0,2026-04-09 21:53:00
1775771640,1.17008,1.17012,1.17008,1.17011,17.0,2026-04-09 21:54:00
1775771700,1.17012,1.17014,1.1701,1.17013,57.0,2026-04-09 21:55:00
1775771760,1.17014,1.17014,1.17012,1.17014,36.0,2026-04-09 21:56:00
1775771820,1.17013,1.17021,1.17012,1.17014,23.0,2026-04-09 21:57:00
1775771880,1.17014,1.17022,1.17014,1.17017,32.0,2026-04-09 21:58:00
1775771940,1.17021,1.17022,1.17013,1.17015,24.0,2026-04-09 21:59:00
1775772000,1.17015,1.17026,1.17015,1.17022,58.0,2026-04-09 22:00:00
1775772060,1.17024,1.17026,1.17007,1.17007,37.0,2026-04-09 22:01:00
1775772120,1.17006,1.1701,1.17005,1.1701,19.0,2026-04-09 22:02:00
1775772180,1.1701,1.1702,1.1701,1.17018,28.0,2026-04-09 22:03:00
1775772240,1.17018,1.1702,1.17018,1.17019,5.0,2026-04-09 22:04:00
1775772300,1.17018,1.17019,1.17016,1.17016,25.0,2026-04-09 22:05:00
1775772360,1.17017,1.1702,1.17016,1.17018,12.0,2026-04-09 22:06:00
1775772420,1.17018,1.17018,1.17018,1.17018,18.0,2026-04-09 22:07:00
1775772480,1.17018,1.1702,1.17016,1.1702,18.0,2026-04-09 22:08:00
1775772540,1.17019,1.1702,1.17017,1.17017,11.0,2026-04-09 22:09:00
1775772600,1.17017,1.17017,1.17012,1.17014,22.0,2026-04-09 22:10:00
1775772660,1.17014,1.17017,1.17012,1.17012,19.0,2026-04-09 22:11:00
1775772720,1.17012,1.17012,1.1701,1.1701,3.0,2026-04-09 22:12:00
1775772780,1.1701,1.17012,1.1701,1.1701,6.0,2026-04-09 22:13:00
1775772840,1.17012,1.17012,1.17012,1.17012,5.0,2026-04-09 22:14:00
1775772900,1.17012,1.17013,1.1701,1.1701,7.0,2026-04-09 22:15:00
1775772960,1.17006,1.1701,1.17006,1.17008,16.0,2026-04-09 22:16:00
1775773020,1.17006,1.17012,1.17005,1.17011,27.0,2026-04-09 22:17:00
1775773080,1.1701,1.17011,1.17008,1.17009,19.0,2026-04-09 22:18:00
1775773140,1.17008,1.1701,1.17008,1.1701,17.0,2026-04-09 22:19:00
1775773200,1.1701,1.1701,1.17008,1.17009,7.0,2026-04-09 22:20:00
1775773260,1.17008,1.17017,1.17008,1.17016,22.0,2026-04-09 22:21:00
1775773320,1.17017,1.1702,1.17016,1.1702,11.0,2026-04-09 22:22:00
1775773380,1.17022,1.17024,1.17016,1.17016,37.0,2026-04-09 22:23:00
1775773440,1.17016,1.17017,1.17016,1.17017,20.0,2026-04-09 22:24:00
1775773500,1.17016,1.17017,1.17012,1.17014,41.0,2026-04-09 22:25:00
1775773560,1.17014,1.17014,1.17012,1.17013,9.0,2026-04-09 22:26:00
1775773620,1.17012,1.17015,1.17012,1.17012,23.0,2026-04-09 22:27:00
1775773680,1.17011,1.17012,1.17004,1.17008,29.0,2026-04-09 22:28:00
1775773740,1.17006,1.1701,1.16967,1.16968,183.0,2026-04-09 22:29:00
1775773800,1.16968,1.16992,1.16967,1.16984,129.0,2026-04-09 22:30:00
1775773860,1.16984,1.16986,1.16962,1.16973,105.0,2026-04-09 22:31:00
1775773920,1.16974,1.16988,1.16974,1.16984,58.0,2026-04-09 22:32:00
1775773980,1.16982,1.16986,1.16974,1.16986,62.0,2026-04-09 22:33:00
1775774040,1.16986,1.16986,1.16966,1.16966,26.0,2026-04-09 22:34:00
1775774100,1.16966,1.16967,1.16955,1.16958,58.0,2026-04-09 22:35:00
1775774160,1.16958,1.16958,1.16947,1.16951,39.0,2026-04-09 22:36:00
1775774220,1.16952,1.16956,1.1695,1.16956,49.0,2026-04-09 22:37:00
1775774280,1.16956,1.16956,1.16955,1.16956,12.0,2026-04-09 22:38:00
1775774340,1.1696,1.1696,1.16946,1.16947,39.0,2026-04-09 22:39:00
1775774400,1.16948,1.16948,1.16936,1.16942,39.0,2026-04-09 22:40:00
1775774460,1.1694,1.1695,1.16939,1.16941,73.0,2026-04-09 22:41:00
1775774520,1.16942,1.16944,1.16936,1.16941,38.0,2026-04-09 22:42:00
1775774580,1.16942,1.16943,1.1694,1.16942,22.0,2026-04-09 22:43:00
1775774640,1.16942,1.16943,1.16936,1.1694,25.0,2026-04-09 22:44:00
1775774700,1.16942,1.16944,1.16942,1.16942,17.0,2026-04-09 22:45:00
1775774760,1.16942,1.16942,1.1693,1.1693,46.0,2026-04-09 22:46:00
1775774820,1.16931,1.16936,1.16929,1.1693,47.0,2026-04-09 22:47:00
1775774880,1.16931,1.16936,1.16926,1.16935,41.0,2026-04-09 22:48:00
1775774940,1.16934,1.16934,1.16931,1.16932,12.0,2026-04-09 22:49:00
1775775000,1.16932,1.16932,1.16932,1.16932,6.0,2026-04-09 22:50:00
1775775060,1.16932,1.16936,1.16932,1.16932,14.0,2026-04-09 22:51:00
1775775120,1.16934,1.16934,1.16929,1.16929,18.0,2026-04-09 22:52:00
1775775180,1.1693,1.16934,1.1693,1.16932,26.0,2026-04-09 22:53:00
1775775240,1.16933,1.16934,1.16931,1.16932,26.0,2026-04-09 22:54:00
1775775300,1.16934,1.16941,1.16934,1.16934,37.0,2026-04-09 22:55:00
1775775360,1.16934,1.16936,1.16927,1.16928,56.0,2026-04-09 22:56:00
1775775420,1.16928,1.16936,1.16928,1.16936,41.0,2026-04-09 22:57:00
1775775480,1.16938,1.16942,1.16938,1.16942,35.0,2026-04-09 22:58:00
1775775540,1.16942,1.16942,1.16941,1.16941,13.0,2026-04-09 22:59:00
1775775600,1.16942,1.16946,1.16938,1.16946,31.0,2026-04-09 23:00:00
1775775660,1.16946,1.16954,1.16944,1.16954,33.0,2026-04-09 23:01:00
1775775720,1.16954,1.16955,1.16952,1.16952,17.0,2026-04-09 23:02:00
1775775780,1.16953,1.16954,1.16951,1.16954,16.0,2026-04-09 23:03:00
1775775840,1.16954,1.16954,1.1695,1.1695,14.0,2026-04-09 23:04:00
1775775900,1.16951,1.16955,1.16951,1.16953,19.0,2026-04-09 23:05:00
1775775960,1.16952,1.16952,1.16944,1.16945,23.0,2026-04-09 23:06:00
1775776020,1.16946,1.16955,1.16945,1.16955,20.0,2026-04-09 23:07:00
1775776080,1.16956,1.16963,1.16954,1.16956,20.0,2026-04-09 23:08:00
1775776140,1.16956,1.16956,1.16954,1.16956,21.0,2026-04-09 23:09:00
1775776200,1.16956,1.16956,1.16954,1.16955,15.0,2026-04-09 23:10:00
1775776260,1.16953,1.16953,1.16942,1.16943,30.0,2026-04-09 23:11:00
1775776320,1.16944,1.16945,1.16944,1.16944,17.0,2026-04-09 23:12:00
1775776380,1.16944,1.16944,1.16942,1.16942,20.0,2026-04-09 23:13:00
1775776440,1.16942,1.16944,1.16942,1.16943,11.0,2026-04-09 23:14:00
1775776500,1.16943,1.16944,1.16942,1.16944,8.0,2026-04-09 23:15:00
1775776560,1.16943,1.16944,1.16933,1.16934,21.0,2026-04-09 23:16:00
1775776620,1.16935,1.16936,1.16933,1.16934,21.0,2026-04-09 23:17:00
1775776680,1.16934,1.16942,1.16934,1.1694,18.0,2026-04-09 23:18:00
1775776740,1.16939,1.16939,1.16937,1.16937,5.0,2026-04-09 23:19:00
1775776800,1.16934,1.16934,1.16932,1.16932,2.0,2026-04-09 23:20:00
1775776860,1.16932,1.16941,1.16932,1.16938,22.0,2026-04-09 23:21:00
1775776920,1.16938,1.16938,1.16936,1.16937,21.0,2026-04-09 23:22:00
1775776980,1.16935,1.16938,1.16935,1.16936,15.0,2026-04-09 23:23:00
1775777040,1.16938,1.16946,1.16938,1.16945,30.0,2026-04-09 23:24:00
1775777100,1.16946,1.16946,1.1694,1.1694,26.0,2026-04-09 23:25:00
1775777160,1.16941,1.16942,1.1694,1.1694,25.0,2026-04-09 23:26:00
1775777220,1.16941,1.16946,1.16938,1.16945,23.0,2026-04-09 23:27:00
1775777280,1.16946,1.16952,1.16945,1.1695,32.0,2026-04-09 23:28:00
1775777340,1.16948,1.16948,1.16944,1.16944,30.0,2026-04-09 23:29:00
1775777400,1.16944,1.16948,1.16944,1.16948,39.0,2026-04-09 23:30:00
1775777460,1.16946,1.16951,1.16946,1.16947,26.0,2026-04-09 23:31:00
1775777520,1.16947,1.16947,1.16942,1.16947,44.0,2026-04-09 23:32:00
1775777580,1.16949,1.16956,1.16949,1.16956,18.0,2026-04-09 23:33:00
1775777640,1.16955,1.16958,1.16952,1.16956,25.0,2026-04-09 23:34:00
1775777700,1.16956,1.16956,1.16956,1.16956,4.0,2026-04-09 23:35:00
1775777760,1.16956,1.16956,1.16947,1.16947,19.0,2026-04-09 23:36:00
1775777820,1.16946,1.16946,1.16944,1.16944,14.0,2026-04-09 23:37:00
1775777880,1.16945,1.16945,1.16936,1.16936,9.0,2026-04-09 23:38:00
1775777940,1.16936,1.16936,1.16932,1.16936,22.0,2026-04-09 23:39:00
1775778000,1.16938,1.16939,1.16934,1.16934,21.0,2026-04-09 23:40:00
1775778060,1.16935,1.16936,1.16929,1.1693,12.0,2026-04-09 23:41:00
1775778120,1.16932,1.16932,1.1693,1.1693,9.0,2026-04-09 23:42:00
1775778180,1.16928,1.16932,1.16926,1.16932,16.0,2026-04-09 23:43:00
1775778240,1.16931,1.16931,1.16927,1.16927,17.0,2026-04-09 23:44:00
1775778300,1.16927,1.16927,1.16923,1.16923,6.0,2026-04-09 23:45:00
1775778360,1.16924,1.16926,1.16923,1.16926,29.0,2026-04-09 23:46:00
1775778420,1.16925,1.16926,1.16924,1.16926,12.0,2026-04-09 23:47:00
1775778480,1.16926,1.1693,1.16924,1.16928,30.0,2026-04-09 23:48:00
1775778540,1.16929,1.16932,1.16929,1.1693,13.0,2026-04-09 23:49:00
1775778600,1.16928,1.16932,1.16926,1.16932,25.0,2026-04-09 23:50:00
1775778660,1.16934,1.16937,1.16931,1.16932,23.0,2026-04-09 23:51:00
1775778720,1.16932,1.16933,1.16921,1.16922,22.0,2026-04-09 23:52:00
1775778780,1.16922,1.16922,1.16912,1.16914,58.0,2026-04-09 23:53:00
1775778840,1.16914,1.16916,1.1691,1.1691,20.0,2026-04-09 23:54:00
1775778900,1.16911,1.16912,1.16904,1.16906,35.0,2026-04-09 23:55:00
1775778960,1.16906,1.1691,1.16906,1.16906,85.0,2026-04-09 23:56:00
1775779020,1.16905,1.16912,1.16904,1.1691,26.0,2026-04-09 23:57:00
1775779080,1.16911,1.16912,1.16905,1.1691,19.0,2026-04-09 23:58:00
1775779140,1.16909,1.16917,1.16909,1.16917,29.0,2026-04-09 23:59:00
1775779200,1.16918,1.16918,1.16884,1.16891,129.0,2026-04-10 00:00:00
1775779260,1.16892,1.16893,1.16882,1.16888,66.0,2026-04-10 00:01:00
1775779320,1.16886,1.16902,1.16886,1.16894,67.0,2026-04-10 00:02:00
1775779380,1.16894,1.16897,1.16888,1.16891,156.0,2026-04-10 00:03:00
1775779440,1.16892,1.169,1.16884,1.16896,55.0,2026-04-10 00:04:00
1775779500,1.16897,1.16897,1.16889,1.16896,74.0,2026-04-10 00:05:00
1775779560,1.16895,1.16898,1.1688,1.16882,61.0,2026-04-10 00:06:00
1775779620,1.16881,1.16882,1.1687,1.16871,64.0,2026-04-10 00:07:00
1775779680,1.1687,1.16876,1.1687,1.16876,23.0,2026-04-10 00:08:00
1775779740,1.16877,1.16884,1.16876,1.16884,39.0,2026-04-10 00:09:00
1775779800,1.16884,1.1689,1.1688,1.16881,54.0,2026-04-10 00:10:00
1775779860,1.16882,1.16886,1.16878,1.1688,30.0,2026-04-10 00:11:00
1775779920,1.1688,1.16882,1.16876,1.16876,31.0,2026-04-10 00:12:00
1775779980,1.16877,1.16882,1.16876,1.16877,30.0,2026-04-10 00:13:00
1775780040,1.16878,1.16882,1.1687,1.16882,42.0,2026-04-10 00:14:00
1775780100,1.16882,1.16891,1.16882,1.16888,32.0,2026-04-10 00:15:00
1775780160,1.16888,1.16888,1.16882,1.16888,47.0,2026-04-10 00:16:00
1775780220,1.16888,1.1689,1.16883,1.16884,13.0,2026-04-10 00:17:00
1775780280,1.16886,1.16886,1.1688,1.16882,27.0,2026-04-10 00:18:00
1775780340,1.16884,1.16888,1.16881,1.16882,39.0,2026-04-10 00:19:00
1775780400,1.16884,1.16888,1.16882,1.16886,57.0,2026-04-10 00:20:00
1775780460,1.16886,1.16889,1.16885,1.16886,38.0,2026-04-10 00:21:00
1775780520,1.16886,1.1689,1.16882,1.16888,40.0,2026-04-10 00:22:00
1775780580,1.16887,1.16892,1.16886,1.16892,31.0,2026-04-10 00:23:00
1775780640,1.16891,1.16891,1.16886,1.16887,31.0,2026-04-10 00:24:00
1775780700,1.16886,1.1689,1.1688,1.16881,47.0,2026-04-10 00:25:00
1775780760,1.16882,1.16887,1.16876,1.16882,55.0,2026-04-10 00:26:00
1775780820,1.16881,1.16881,1.16867,1.16873,74.0,2026-04-10 00:27:00
1775780880,1.16872,1.16873,1.16862,1.1687,63.0,2026-04-10 00:28:00
1775780940,1.16868,1.16872,1.16866,1.1687,73.0,2026-04-10 00:29:00
1775781000,1.16868,1.16873,1.16866,1.16869,53.0,2026-04-10 00:30:00
1775781060,1.16869,1.16878,1.16869,1.16874,43.0,2026-04-10 00:31:00
1775781120,1.16875,1.16878,1.1687,1.16874,67.0,2026-04-10 00:32:00
1775781180,1.16875,1.16886,1.16874,1.16882,74.0,2026-04-10 00:33:00
1775781240,1.16881,1.16882,1.1687,1.16879,73.0,2026-04-10 00:34:00
1775781300,1.1688,1.16886,1.16877,1.16885,76.0,2026-04-10 00:35:00
1775781360,1.16886,1.16888,1.16882,1.16886,38.0,2026-04-10 00:36:00
1775781420,1.16887,1.1689,1.16885,1.16888,39.0,2026-04-10 00:37:00
1775781480,1.1689,1.1689,1.16885,1.16887,65.0,2026-04-10 00:38:00
1775781540,1.16888,1.16889,1.16881,1.16884,45.0,2026-04-10 00:39:00
1775781600,1.16886,1.16888,1.16884,1.16888,47.0,2026-04-10 00:40:00
1775781660,1.16886,1.16892,1.16884,1.16884,57.0,2026-04-10 00:41:00
1775781720,1.16884,1.16889,1.16884,1.16887,29.0,2026-04-10 00:42:00
1775781780,1.16888,1.16888,1.16877,1.16878,65.0,2026-04-10 00:43:00
1775781840,1.16877,1.16878,1.16876,1.16876,30.0,2026-04-10 00:44:00
1775781900,1.16877,1.16878,1.1687,1.1687,27.0,2026-04-10 00:45:00
1775781960,1.16868,1.16872,1.16864,1.16867,33.0,2026-04-10 00:46:00
1775782020,1.16866,1.16872,1.16866,1.16871,59.0,2026-04-10 00:47:00
1775782080,1.1687,1.16872,1.16866,1.16872,48.0,2026-04-10 00:48:00
1775782140,1.16871,1.16878,1.1687,1.16872,69.0,2026-04-10 00:49:00
1775782200,1.16872,1.16872,1.16868,1.16868,55.0,2026-04-10 00:50:00
1775782260,1.16867,1.16867,1.16862,1.16862,45.0,2026-04-10 00:51:00
1775782320,1.1686,1.16868,1.16856,1.16856,41.0,2026-04-10 00:52:00
1775782380,1.16856,1.16868,1.16856,1.16864,62.0,2026-04-10 00:53:00
1775782440,1.16863,1.1688,1.16863,1.16876,193.0,2026-04-10 00:54:00
1775782500,1.16875,1.16886,1.16866,1.16866,144.0,2026-04-10 00:55:00
1775782560,1.16866,1.16867,1.16859,1.1686,55.0,2026-04-10 00:56:00
1775782620,1.16862,1.16866,1.16854,1.16866,70.0,2026-04-10 00:57:00
1775782680,1.16866,1.16876,1.16865,1.16865,62.0,2026-04-10 00:58:00
1775782740,1.16866,1.1688,1.16866,1.16879,63.0,2026-04-10 00:59:00
1775782800,1.1688,1.16884,1.16866,1.16881,159.0,2026-04-10 01:00:00
1775782860,1.16882,1.16883,1.16864,1.16869,106.0,2026-04-10 01:01:00
1775782920,1.1687,1.16876,1.16866,1.1687,127.0,2026-04-10 01:02:00
1775782980,1.16869,1.1688,1.16869,1.16877,77.0,2026-04-10 01:03:00
1775783040,1.16878,1.16878,1.16876,1.16876,52.0,2026-04-10 01:04:00
1775783100,1.16878,1.16884,1.16878,1.16878,53.0,2026-04-10 01:05:00
1775783160,1.16877,1.16879,1.16866,1.16879,39.0,2026-04-10 01:06:00
1775783220,1.1688,1.16882,1.16873,1.16877,43.0,2026-04-10 01:07:00
1775783280,1.16876,1.16883,1.16876,1.16883,31.0,2026-04-10 01:08:00
1775783340,1.16884,1.16884,1.16881,1.16882,58.0,2026-04-10 01:09:00
1775783400,1.16882,1.16888,1.16882,1.16886,50.0,2026-04-10 01:10:00
1775783460,1.16884,1.16886,1.16882,1.16885,55.0,2026-04-10 01:11:00
1775783520,1.16886,1.16888,1.16881,1.16886,42.0,2026-04-10 01:12:00
1775783580,1.16886,1.16886,1.16882,1.16886,39.0,2026-04-10 01:13:00
1775783640,1.16886,1.16888,1.16878,1.16883,37.0,2026-04-10 01:14:00
1775783700,1.16884,1.16892,1.16876,1.16877,90.0,2026-04-10 01:15:00
1775783760,1.16877,1.16878,1.16872,1.16877,64.0,2026-04-10 01:16:00
1775783820,1.16878,1.16882,1.16876,1.16878,51.0,2026-04-10 01:17:00
1775783880,1.16878,1.16884,1.16877,1.16878,38.0,2026-04-10 01:18:00
1775783940,1.16878,1.16878,1.16874,1.16874,46.0,2026-04-10 01:19:00
1775784000,1.16875,1.16876,1.16866,1.16868,24.0,2026-04-10 01:20:00
1775784060,1.16868,1.16876,1.16868,1.16868,26.0,2026-04-10 01:21:00
1775784120,1.16868,1.1687,1.16862,1.1687,52.0,2026-04-10 01:22:00
1775784180,1.16871,1.16882,1.1687,1.16882,48.0,2026-04-10 01:23:00
1775784240,1.16882,1.16884,1.16872,1.16873,49.0,2026-04-10 01:24:00
1775784300,1.16874,1.16878,1.16873,1.16873,28.0,2026-04-10 01:25:00
1775784360,1.16874,1.16879,1.16873,1.16876,16.0,2026-04-10 01:26:00
1775784420,1.16876,1.16878,1.16874,1.16878,15.0,2026-04-10 01:27:00
1775784480,1.16878,1.16886,1.16878,1.16884,45.0,2026-04-10 01:28:00
1775784540,1.16883,1.16884,1.1688,1.16884,62.0,2026-04-10 01:29:00
1775784600,1.16883,1.16893,1.16876,1.16893,93.0,2026-04-10 01:30:00
1775784660,1.16892,1.16918,1.16892,1.16918,82.0,2026-04-10 01:31:00
1775784720,1.16919,1.16919,1.16904,1.16908,80.0,2026-04-10 01:32:00
1775784780,1.16908,1.16914,1.16906,1.16914,77.0,2026-04-10 01:33:00
1775784840,1.16914,1.16915,1.16908,1.16914,49.0,2026-04-10 01:34:00
1775784900,1.16914,1.1693,1.16914,1.1693,46.0,2026-04-10 01:35:00
1775784960,1.16932,1.16938,1.16924,1.1693,82.0,2026-04-10 01:36:00
1775785020,1.16928,1.16929,1.16923,1.16928,74.0,2026-04-10 01:37:00
1775785080,1.16927,1.16931,1.16922,1.16922,55.0,2026-04-10 01:38:00
1775785140,1.1692,1.16924,1.16918,1.16919,33.0,2026-04-10 01:39:00
1775785200,1.16918,1.16919,1.1691,1.16915,38.0,2026-04-10 01:40:00
1775785260,1.16914,1.16916,1.16904,1.16907,51.0,2026-04-10 01:41:00
1775785320,1.16908,1.16913,1.16904,1.16912,56.0,2026-04-10 01:42:00
1775785380,1.16912,1.16914,1.16908,1.16912,42.0,2026-04-10 01:43:00
1775785440,1.1691,1.16916,1.16908,1.16914,43.0,2026-04-10 01:44:00
1775785500,1.16914,1.16922,1.16912,1.16919,54.0,2026-04-10 01:45:00
1775785560,1.16918,1.16918,1.16906,1.16907,43.0,2026-04-10 01:46:00
1775785620,1.16906,1.16919,1.16906,1.16919,47.0,2026-04-10 01:47:00
1775785680,1.16922,1.16928,1.16922,1.16928,44.0,2026-04-10 01:48:00
1775785740,1.16926,1.1693,1.16924,1.16928,34.0,2026-04-10 01:49:00
1775785800,1.16928,1.1693,1.16924,1.16926,59.0,2026-04-10 01:50:00
1775785860,1.16926,1.16932,1.16924,1.16931,62.0,2026-04-10 01:51:00
1775785920,1.16932,1.16937,1.16928,1.16936,42.0,2026-04-10 01:52:00
1775785980,1.16936,1.16938,1.16934,1.16938,73.0,2026-04-10 01:53:00
1775786040,1.16938,1.16946,1.16936,1.16946,47.0,2026-04-10 01:54:00
1775786100,1.16948,1.16948,1.16938,1.16938,53.0,2026-04-10 01:55:00
1775786160,1.16939,1.16944,1.16938,1.1694,27.0,2026-04-10 01:56:00
1775786220,1.16937,1.16938,1.16927,1.16934,70.0,2026-04-10 01:57:00
1775786280,1.16934,1.16934,1.16912,1.16918,71.0,2026-04-10 01:58:00
1775786340,1.16919,1.16922,1.16916,1.16922,73.0,2026-04-10 01:59:00
1775786400,1.16925,1.16934,1.16917,1.16922,118.0,2026-04-10 02:00:00
1775786460,1.1692,1.16928,1.16914,1.16928,44.0,2026-04-10 02:01:00
1775786520,1.16928,1.1693,1.16922,1.1693,52.0,2026-04-10 02:02:00
1775786580,1.1693,1.16931,1.16926,1.16931,26.0,2026-04-10 02:03:00
1775786640,1.16932,1.16934,1.16908,1.16913,120.0,2026-04-10 02:04:00
1775786700,1.16912,1.16934,1.16908,1.16934,123.0,2026-04-10 02:05:00
1775786760,1.16933,1.16938,1.16931,1.16934,47.0,2026-04-10 02:06:00
1775786820,1.16933,1.16943,1.1693,1.16934,55.0,2026-04-10 02:07:00
1775786880,1.16932,1.16932,1.16924,1.16928,64.0,2026-04-10 02:08:00
1775786940,1.16928,1.16929,1.16924,1.16924,69.0,2026-04-10 02:09:00
1775787000,1.16924,1.16924,1.16917,1.16918,41.0,2026-04-10 02:10:00
1775787060,1.16918,1.16923,1.16914,1.16922,32.0,2026-04-10 02:11:00
1775787120,1.16922,1.16922,1.16908,1.1691,62.0,2026-04-10 02:12:00
1775787180,1.16908,1.16909,1.16894,1.16894,69.0,2026-04-10 02:13:00
1775787240,1.16895,1.16898,1.16892,1.16894,40.0,2026-04-10 02:14:00
1775787300,1.16894,1.16904,1.16894,1.16904,27.0,2026-04-10 02:15:00
1775787360,1.16904,1.16905,1.169,1.16904,25.0,2026-04-10 02:16:00
1775787420,1.16904,1.16905,1.16901,1.16904,36.0,2026-04-10 02:17:00
1775787480,1.16904,1.16904,1.16898,1.169,31.0,2026-04-10 02:18:00
1775787540,1.16902,1.16902,1.16893,1.16894,54.0,2026-04-10 02:19:00
1775787600,1.16895,1.16898,1.16892,1.16894,44.0,2026-04-10 02:20:00
1775787660,1.16891,1.16891,1.16882,1.16883,40.0,2026-04-10 02:21:00
1775787720,1.16882,1.16883,1.16877,1.16878,27.0,2026-04-10 02:22:00
1775787780,1.1688,1.16885,1.16875,1.16878,62.0,2026-04-10 02:23:00
1775787840,1.16878,1.16888,1.16878,1.16888,60.0,2026-04-10 02:24:00
1775787900,1.16888,1.16893,1.16886,1.16893,49.0,2026-04-10 02:25:00
1775787960,1.16892,1.16892,1.16883,1.16884,69.0,2026-04-10 02:26:00
1775788020,1.16884,1.16884,1.16876,1.16876,36.0,2026-04-10 02:27:00
1775788080,1.16876,1.16876,1.16868,1.16871,33.0,2026-04-10 02:28:00
1775788140,1.1687,1.16871,1.16867,1.16868,51.0,2026-04-10 02:29:00
1775788200,1.16868,1.16876,1.16868,1.16876,18.0,2026-04-10 02:30:00
1775788260,1.16878,1.16882,1.16875,1.16879,40.0,2026-04-10 02:31:00
1775788320,1.16878,1.16894,1.16878,1.16894,47.0,2026-04-10 02:32:00
1775788380,1.16894,1.16898,1.16892,1.16898,67.0,2026-04-10 02:33:00
1775788440,1.16898,1.16908,1.16896,1.16897,42.0,2026-04-10 02:34:00
1775788500,1.16898,1.16898,1.16888,1.16888,41.0,2026-04-10 02:35:00
1775788560,1.1689,1.16892,1.16887,1.16888,47.0,2026-04-10 02:36:00
1775788620,1.16888,1.16888,1.16883,1.16884,18.0,2026-04-10 02:37:00
1775788680,1.16884,1.16894,1.16884,1.16892,57.0,2026-04-10 02:38:00
1775788740,1.16891,1.16894,1.16888,1.1689,31.0,2026-04-10 02:39:00
1775788800,1.16888,1.16902,1.16888,1.16902,41.0,2026-04-10 02:40:00
1775788860,1.16902,1.16904,1.169,1.169,59.0,2026-04-10 02:41:00
1775788920,1.169,1.16902,1.169,1.169,36.0,2026-04-10 02:42:00
1775788980,1.169,1.1691,1.169,1.1691,39.0,2026-04-10 02:43:00
1775789040,1.16909,1.16915,1.16904,1.16914,69.0,2026-04-10 02:44:00
1775789100,1.16914,1.1692,1.16912,1.16919,37.0,2026-04-10 02:45:00
1775789160,1.16918,1.16924,1.16918,1.16924,26.0,2026-04-10 02:46:00
1775789220,1.16924,1.16924,1.1692,1.16924,14.0,2026-04-10 02:47:00
1775789280,1.16924,1.16925,1.16924,1.16924,17.0,2026-04-10 02:48:00
1775789340,1.16924,1.16928,1.1692,1.16924,28.0,2026-04-10 02:49:00
1775789400,1.16924,1.16929,1.16924,1.16924,33.0,2026-04-10 02:50:00
1775789460,1.16924,1.16924,1.16917,1.16917,37.0,2026-04-10 02:51:00
1775789520,1.16918,1.16918,1.16906,1.16908,39.0,2026-04-10 02:52:00
1775789580,1.16909,1.16918,1.16908,1.16914,27.0,2026-04-10 02:53:00
1775789640,1.16914,1.16914,1.1691,1.16913,45.0,2026-04-10 02:54:00
1775789700,1.16912,1.16912,1.16909,1.16911,29.0,2026-04-10 02:55:00
1775789760,1.16912,1.16912,1.16909,1.16909,13.0,2026-04-10 02:56:00
1775789820,1.1691,1.1691,1.16902,1.16905,40.0,2026-04-10 02:57:00
1775789880,1.16904,1.1691,1.16904,1.1691,50.0,2026-04-10 02:58:00
1775789940,1.16909,1.16915,1.16906,1.1691,53.0,2026-04-10 02:59:00
1775790000,1.16907,1.16912,1.16905,1.16912,40.0,2026-04-10 03:00:00
1775790060,1.1691,1.16914,1.16904,1.16904,44.0,2026-04-10 03:01:00
1775790120,1.16904,1.16904,1.16903,1.16904,5.0,2026-04-10 03:02:00
1775790180,1.16904,1.16911,1.16904,1.16911,16.0,2026-04-10 03:03:00
1775790240,1.16912,1.16916,1.16912,1.16913,32.0,2026-04-10 03:04:00
1775790300,1.16914,1.16915,1.16912,1.16914,18.0,2026-04-10 03:05:00
1775790360,1.16914,1.16914,1.1691,1.16913,17.0,2026-04-10 03:06:00
1775790420,1.16915,1.16918,1.16914,1.16917,21.0,2026-04-10 03:07:00
1775790480,1.16917,1.16918,1.16912,1.16912,23.0,2026-04-10 03:08:00
1775790540,1.16912,1.16914,1.16912,1.16912,13.0,2026-04-10 03:09:00
1775790600,1.1691,1.1691,1.16902,1.16904,29.0,2026-04-10 03:10:00
1775790660,1.16903,1.16903,1.16899,1.16901,16.0,2026-04-10 03:11:00
1775790720,1.16902,1.16908,1.16902,1.16907,23.0,2026-04-10 03:12:00
1775790780,1.16908,1.16911,1.16908,1.16909,29.0,2026-04-10 03:13:00
1775790840,1.16908,1.16916,1.16908,1.16914,53.0,2026-04-10 03:14:00
1775790900,1.16914,1.16914,1.16913,1.16914,14.0,2026-04-10 03:15:00
1775790960,1.16914,1.16916,1.16914,1.16914,12.0,2026-04-10 03:16:00
1775791020,1.16913,1.16917,1.16913,1.16917,10.0,2026-04-10 03:17:00
1775791080,1.16918,1.1693,1.16917,1.16928,39.0,2026-04-10 03:18:00
1775791140,1.16925,1.16934,1.16924,1.16931,40.0,2026-04-10 03:19:00
1775791200,1.16932,1.16932,1.1693,1.16932,27.0,2026-04-10 03:20:00
1775791260,1.16932,1.16944,1.1693,1.16944,26.0,2026-04-10 03:21:00
1775791320,1.16942,1.16944,1.16941,1.16944,17.0,2026-04-10 03:22:00
1775791380,1.16942,1.16943,1.16941,1.16942,15.0,2026-04-10 03:23:00
1775791440,1.16942,1.16944,1.16942,1.16943,9.0,2026-04-10 03:24:00
1775791500,1.16942,1.1695,1.16942,1.16943,42.0,2026-04-10 03:25:00
1775791560,1.16942,1.16944,1.16942,1.16942,14.0,2026-04-10 03:26:00
1775791620,1.16944,1.16945,1.16942,1.16944,28.0,2026-04-10 03:27:00
1775791680,1.16944,1.16946,1.16942,1.16946,19.0,2026-04-10 03:28:00
1775791740,1.16947,1.16948,1.16946,1.16946,14.0,2026-04-10 03:29:00
1775791800,1.16946,1.16954,1.16946,1.1695,38.0,2026-04-10 03:30:00
1775791860,1.1695,1.1695,1.16948,1.1695,14.0,2026-04-10 03:31:00
1775791920,1.16949,1.16964,1.16946,1.16958,66.0,2026-04-10 03:32:00
1775791980,1.16956,1.16956,1.16945,1.16955,44.0,2026-04-10 03:33:00
1775792040,1.16954,1.16958,1.1695,1.1695,27.0,2026-04-10 03:34:00
1775792100,1.1695,1.16954,1.1695,1.16953,12.0,2026-04-10 03:35:00
1775792160,1.1695,1.1695,1.16946,1.16949,9.0,2026-04-10 03:36:00
1775792220,1.1695,1.16956,1.1695,1.16951,44.0,2026-04-10 03:37:00
1775792280,1.1695,1.16951,1.1695,1.1695,7.0,2026-04-10 03:38:00
1775792340,1.1695,1.16955,1.16947,1.16948,24.0,2026-04-10 03:39:00
1775792400,1.16947,1.16948,1.16946,1.16948,9.0,2026-04-10 03:40:00
1775792460,1.16948,1.16948,1.16946,1.16946,5.0,2026-04-10 03:41:00
1775792520,1.16946,1.16946,1.16938,1.1694,38.0,2026-04-10 03:42:00
1775792580,1.16939,1.16939,1.16928,1.16936,24.0,2026-04-10 03:43:00
1775792640,1.16937,1.16938,1.16934,1.16937,14.0,2026-04-10 03:44:00
1775792700,1.16938,1.16942,1.16936,1.16938,35.0,2026-04-10 03:45:00
1775792760,1.16938,1.16943,1.16934,1.16943,51.0,2026-04-10 03:46:00
1775792820,1.16942,1.1695,1.1694,1.16948,39.0,2026-04-10 03:47:00
1775792880,1.16948,1.16949,1.16939,1.16939,34.0,2026-04-10 03:48:00
1775792940,1.16938,1.16947,1.16938,1.16947,29.0,2026-04-10 03:49:00
1775793000,1.16946,1.16948,1.16944,1.16947,25.0,2026-04-10 03:50:00
1775793060,1.16948,1.16948,1.16945,1.16945,11.0,2026-04-10 03:51:00
1775793120,1.16946,1.16946,1.16939,1.16939,26.0,2026-04-10 03:52:00
1775793180,1.16938,1.16944,1.16936,1.16939,50.0,2026-04-10 03:53:00
1775793240,1.16942,1.1695,1.16942,1.16949,29.0,2026-04-10 03:54:00
1775793300,1.1695,1.16956,1.16944,1.16954,46.0,2026-04-10 03:55:00
1775793360,1.16956,1.1696,1.16954,1.16956,31.0,2026-04-10 03:56:00
1775793420,1.16956,1.1697,1.16956,1.16966,50.0,2026-04-10 03:57:00
1775793480,1.16964,1.16964,1.16956,1.16957,36.0,2026-04-10 03:58:00
1775793540,1.16956,1.16958,1.16954,1.16958,15.0,2026-04-10 03:59:00
1775793600,1.16956,1.16966,1.16956,1.16962,36.0,2026-04-10 04:00:00
1775793660,1.16962,1.16966,1.16961,1.16964,43.0,2026-04-10 04:01:00
1775793720,1.16961,1.16961,1.16958,1.16959,32.0,2026-04-10 04:02:00
1775793780,1.16958,1.16966,1.16958,1.16966,38.0,2026-04-10 04:03:00
1775793840,1.16965,1.16966,1.16964,1.16964,13.0,2026-04-10 04:04:00
1775793900,1.16963,1.16963,1.16953,1.16953,38.0,2026-04-10 04:05:00
1775793960,1.16954,1.1696,1.16952,1.16956,30.0,2026-04-10 04:06:00
1775794020,1.16956,1.1696,1.16954,1.16957,41.0,2026-04-10 04:07:00
1775794080,1.16956,1.16959,1.16955,1.16956,17.0,2026-04-10 04:08:00
1775794140,1.16956,1.1696,1.16954,1.16957,42.0,2026-04-10 04:09:00
1775794200,1.16957,1.1696,1.16952,1.16954,30.0,2026-04-10 04:10:00
1775794260,1.16956,1.16956,1.16952,1.16952,22.0,2026-04-10 04:11:00
1775794320,1.16954,1.1696,1.16952,1.16954,21.0,2026-04-10 04:12:00
1775794380,1.16954,1.16954,1.16944,1.16944,42.0,2026-04-10 04:13:00
1775794440,1.1694,1.16946,1.1693,1.16946,62.0,2026-04-10 04:14:00
1775794500,1.16945,1.16946,1.16944,1.16944,8.0,2026-04-10 04:15:00
1775794560,1.16944,1.16952,1.16942,1.16951,34.0,2026-04-10 04:16:00
1775794620,1.16952,1.16954,1.16948,1.1695,36.0,2026-04-10 04:17:00
1775794680,1.16949,1.16953,1.16949,1.1695,55.0,2026-04-10 04:18:00
1775794740,1.16949,1.16954,1.16949,1.16954,29.0,2026-04-10 04:19:00
1775794800,1.16955,1.16956,1.16954,1.16954,27.0,2026-04-10 04:20:00
1775794860,1.16954,1.16954,1.16952,1.16952,9.0,2026-04-10 04:21:00
1775794920,1.16952,1.16956,1.16952,1.16955,26.0,2026-04-10 04:22:00
1775794980,1.16955,1.16956,1.16955,1.16955,6.0,2026-04-10 04:23:00
1775795040,1.16952,1.16955,1.1695,1.16955,27.0,2026-04-10 04:24:00
1775795100,1.16956,1.1696,1.16955,1.16958,18.0,2026-04-10 04:25:00
1775795160,1.16958,1.16959,1.16956,1.16958,17.0,2026-04-10 04:26:00
1775795220,1.16958,1.1696,1.16956,1.1696,19.0,2026-04-10 04:27:00
1775795280,1.16958,1.16959,1.16952,1.16955,22.0,2026-04-10 04:28:00
1775795340,1.16954,1.16954,1.16944,1.16944,31.0,2026-04-10 04:29:00
1775795400,1.16945,1.1695,1.16939,1.16946,44.0,2026-04-10 04:30:00
1775795460,1.16948,1.16948,1.16946,1.16946,9.0,2026-04-10 04:31:00
1775795520,1.16944,1.16944,1.1694,1.1694,16.0,2026-04-10 04:32:00
1775795580,1.1694,1.1694,1.16935,1.16938,19.0,2026-04-10 04:33:00
1775795640,1.16938,1.16942,1.16936,1.16941,48.0,2026-04-10 04:34:00
1775795700,1.1694,1.16941,1.1694,1.16941,10.0,2026-04-10 04:35:00
1775795760,1.1694,1.16942,1.16939,1.16941,6.0,2026-04-10 04:36:00
1775795820,1.1694,1.1695,1.16938,1.1695,39.0,2026-04-10 04:37:00
1775795880,1.1695,1.16952,1.16939,1.16939,46.0,2026-04-10 04:38:00
1775795940,1.16938,1.16942,1.16936,1.16938,46.0,2026-04-10 04:39:00
1775796000,1.16938,1.16944,1.16937,1.1694,58.0,2026-04-10 04:40:00
1775796060,1.16939,1.16943,1.16934,1.16934,47.0,2026-04-10 04:41:00
1775796120,1.16933,1.16936,1.16932,1.16934,20.0,2026-04-10 04:42:00
1775796180,1.16932,1.16933,1.16928,1.16932,29.0,2026-04-10 04:43:00
1775796240,1.16933,1.16934,1.16928,1.16928,27.0,2026-04-10 04:44:00
1775796300,1.16926,1.16935,1.16926,1.16934,24.0,2026-04-10 04:45:00
1775796360,1.16934,1.16934,1.1693,1.16934,19.0,2026-04-10 04:46:00
1775796420,1.16934,1.16936,1.16934,1.16936,34.0,2026-04-10 04:47:00
1775796480,1.16936,1.16938,1.16934,1.16938,24.0,2026-04-10 04:48:00
1775796540,1.16939,1.16939,1.16932,1.16932,17.0,2026-04-10 04:49:00
1775796600,1.16932,1.16934,1.1693,1.16934,24.0,2026-04-10 04:50:00
1775796660,1.16932,1.16934,1.16931,1.16932,43.0,2026-04-10 04:51:00
1775796720,1.16933,1.16936,1.1693,1.16932,36.0,2026-04-10 04:52:00
1775796780,1.16932,1.16934,1.1693,1.16933,38.0,2026-04-10 04:53:00
1775796840,1.16932,1.16932,1.1693,1.16932,32.0,2026-04-10 04:54:00
1775796900,1.16931,1.16932,1.16914,1.16917,50.0,2026-04-10 04:55:00
1775796960,1.16916,1.16919,1.16912,1.16918,27.0,2026-04-10 04:56:00
1775797020,1.16918,1.1692,1.16916,1.16919,28.0,2026-04-10 04:57:00
1775797080,1.1692,1.16922,1.1692,1.1692,30.0,2026-04-10 04:58:00
1775797140,1.1692,1.1692,1.16914,1.1692,57.0,2026-04-10 04:59:00
1775797200,1.16922,1.16928,1.16914,1.16914,72.0,2026-04-10 05:00:00
1775797260,1.16915,1.16926,1.16914,1.16922,58.0,2026-04-10 05:01:00
1775797320,1.1692,1.16928,1.16916,1.16916,67.0,2026-04-10 05:02:00
1775797380,1.16917,1.16917,1.16916,1.16917,11.0,2026-04-10 05:03:00
1775797440,1.16916,1.1692,1.16916,1.16918,40.0,2026-04-10 05:04:00
1775797500,1.16918,1.16924,1.16916,1.16916,38.0,2026-04-10 05:05:00
1775797560,1.16917,1.16924,1.16917,1.16922,35.0,2026-04-10 05:06:00
1775797620,1.16922,1.16924,1.16914,1.16917,33.0,2026-04-10 05:07:00
1775797680,1.16918,1.16918,1.16907,1.16915,43.0,2026-04-10 05:08:00
1775797740,1.16914,1.16916,1.16913,1.16915,19.0,2026-04-10 05:09:00
1775797800,1.16916,1.16916,1.1691,1.1691,37.0,2026-04-10 05:10:00
1775797860,1.16908,1.16908,1.16901,1.16902,28.0,2026-04-10 05:11:00
1775797920,1.16901,1.16902,1.16892,1.16896,45.0,2026-04-10 05:12:00
1775797980,1.16895,1.16898,1.16893,1.16895,38.0,2026-04-10 05:13:00
1775798040,1.16896,1.16898,1.16895,1.16898,36.0,2026-04-10 05:14:00
1775798100,1.16897,1.169,1.16892,1.16898,78.0,2026-04-10 05:15:00
1775798160,1.16898,1.169,1.16894,1.16898,32.0,2026-04-10 05:16:00
1775798220,1.16898,1.16906,1.16898,1.16906,20.0,2026-04-10 05:17:00
1775798280,1.16907,1.16908,1.16904,1.16906,24.0,2026-04-10 05:18:00
1775798340,1.16905,1.16906,1.16904,1.16905,13.0,2026-04-10 05:19:00
1775798400,1.16906,1.16908,1.16904,1.16907,40.0,2026-04-10 05:20:00
1775798460,1.16908,1.16912,1.16907,1.16911,20.0,2026-04-10 05:21:00
1775798520,1.1691,1.16911,1.16904,1.16904,11.0,2026-04-10 05:22:00
1775798580,1.16904,1.16904,1.16888,1.16894,45.0,2026-04-10 05:23:00
1775798640,1.16894,1.16894,1.1689,1.1689,12.0,2026-04-10 05:24:00
1775798700,1.1689,1.16894,1.1689,1.16892,17.0,2026-04-10 05:25:00
1775798760,1.16892,1.16894,1.1689,1.16892,30.0,2026-04-10 05:26:00
1775798820,1.16892,1.16894,1.16884,1.16884,31.0,2026-04-10 05:27:00
1775798880,1.16886,1.16887,1.16876,1.1688,44.0,2026-04-10 05:28:00
1775798940,1.16881,1.16884,1.16877,1.16878,32.0,2026-04-10 05:29:00
1775799000,1.16879,1.16884,1.16877,1.1688,51.0,2026-04-10 05:30:00
1775799060,1.16878,1.16884,1.16878,1.16884,22.0,2026-04-10 05:31:00
1775799120,1.16884,1.16902,1.16883,1.16901,41.0,2026-04-10 05:32:00
1775799180,1.169,1.16901,1.16897,1.16898,71.0,2026-04-10 05:33:00
1775799240,1.16898,1.16898,1.16897,1.16898,25.0,2026-04-10 05:34:00
1775799300,1.16898,1.16899,1.16892,1.16892,47.0,2026-04-10 05:35:00
1775799360,1.16892,1.16898,1.16886,1.16897,35.0,2026-04-10 05:36:00
1775799420,1.16898,1.16901,1.16897,1.169,84.0,2026-04-10 05:37:00
1775799480,1.16898,1.169,1.16892,1.169,74.0,2026-04-10 05:38:00
1775799540,1.16901,1.16912,1.16898,1.16908,74.0,2026-04-10 05:39:00
1775799600,1.16908,1.1691,1.16906,1.16908,49.0,2026-04-10 05:40:00
1775799660,1.16908,1.16918,1.16906,1.16918,102.0,2026-04-10 05:41:00
1775799720,1.16918,1.16918,1.16905,1.16907,65.0,2026-04-10 05:42:00
1775799780,1.16908,1.1691,1.16898,1.16898,61.0,2026-04-10 05:43:00
1775799840,1.16898,1.169,1.16894,1.169,42.0,2026-04-10 05:44:00
1775799900,1.16901,1.1691,1.169,1.1691,29.0,2026-04-10 05:45:00
1775799960,1.16911,1.16911,1.169,1.16904,63.0,2026-04-10 05:46:00
1775800020,1.16903,1.16906,1.16897,1.16897,33.0,2026-04-10 05:47:00
1775800080,1.16898,1.16905,1.16898,1.16904,47.0,2026-04-10 05:48:00
1775800140,1.16904,1.16904,1.16896,1.16896,16.0,2026-04-10 05:49:00
1775800200,1.16895,1.16898,1.16894,1.16896,36.0,2026-04-10 05:50:00
1775800260,1.16896,1.16906,1.16896,1.16902,42.0,2026-04-10 05:51:00
1775800320,1.16902,1.16904,1.169,1.16904,28.0,2026-04-10 05:52:00
1775800380,1.16904,1.16906,1.16902,1.16906,24.0,2026-04-10 05:53:00
1775800440,1.16904,1.16909,1.16902,1.16906,28.0,2026-04-10 05:54:00
1775800500,1.16906,1.16908,1.16904,1.16904,25.0,2026-04-10 05:55:00
1775800560,1.16902,1.16902,1.16899,1.16901,31.0,2026-04-10 05:56:00
1775800620,1.16902,1.16906,1.16898,1.16901,31.0,2026-04-10 05:57:00
1775800680,1.16902,1.1691,1.16901,1.16909,21.0,2026-04-10 05:58:00
1775800740,1.16908,1.16909,1.169,1.169,49.0,2026-04-10 05:59:00
1775800800,1.169,1.16908,1.16892,1.16908,81.0,2026-04-10 06:00:00
1775800860,1.16907,1.16914,1.16907,1.16914,30.0,2026-04-10 06:01:00
1775800920,1.16915,1.16936,1.16915,1.16918,99.0,2026-04-10 06:02:00
1775800980,1.16918,1.1692,1.16907,1.1691,49.0,2026-04-10 06:03:00
1775801040,1.16912,1.16914,1.16908,1.16912,54.0,2026-04-10 06:04:00
1775801100,1.16912,1.16912,1.1688,1.16882,81.0,2026-04-10 06:05:00
1775801160,1.16884,1.16886,1.16874,1.16884,74.0,2026-04-10 06:06:00
1775801220,1.16884,1.16892,1.16884,1.16892,60.0,2026-04-10 06:07:00
1775801280,1.16895,1.16898,1.16884,1.16885,66.0,2026-04-10 06:08:00
1775801340,1.16884,1.16893,1.16882,1.16882,48.0,2026-04-10 06:09:00
1775801400,1.16881,1.16885,1.16878,1.16882,43.0,2026-04-10 06:10:00
1775801460,1.16882,1.16891,1.16881,1.16888,45.0,2026-04-10 06:11:00
1775801520,1.16888,1.16894,1.16883,1.16888,80.0,2026-04-10 06:12:00
1775801580,1.16887,1.1689,1.16878,1.16888,73.0,2026-04-10 06:13:00
1775801640,1.16888,1.16888,1.16882,1.16883,33.0,2026-04-10 06:14:00
1775801700,1.16884,1.16884,1.16866,1.16868,67.0,2026-04-10 06:15:00
1775801760,1.16868,1.1688,1.16866,1.16872,96.0,2026-04-10 06:16:00
1775801820,1.16872,1.16872,1.16856,1.16871,109.0,2026-04-10 06:17:00
1775801880,1.1687,1.16871,1.16852,1.16856,73.0,2026-04-10 06:18:00
1775801940,1.16856,1.16861,1.16856,1.16858,54.0,2026-04-10 06:19:00
1775802000,1.16859,1.16864,1.16848,1.16862,93.0,2026-04-10 06:20:00
1775802060,1.16861,1.16862,1.16842,1.16854,119.0,2026-04-10 06:21:00
1775802120,1.16853,1.16861,1.16852,1.16856,62.0,2026-04-10 06:22:00
1775802180,1.16856,1.16858,1.16851,1.16856,32.0,2026-04-10 06:23:00
1775802240,1.16854,1.16861,1.16854,1.16856,81.0,2026-04-10 06:24:00
1775802300,1.16856,1.16866,1.16852,1.16866,37.0,2026-04-10 06:25:00
1775802360,1.16866,1.16866,1.16852,1.16854,60.0,2026-04-10 06:26:00
1775802420,1.16853,1.16856,1.16848,1.16854,68.0,2026-04-10 06:27:00
1775802480,1.16854,1.16856,1.16849,1.16854,58.0,2026-04-10 06:28:00
1775802540,1.16853,1.16861,1.16844,1.16844,72.0,2026-04-10 06:29:00
1775802600,1.16844,1.16848,1.16832,1.16838,132.0,2026-04-10 06:30:00
1775802660,1.1684,1.16847,1.16836,1.16838,118.0,2026-04-10 06:31:00
1775802720,1.16839,1.16844,1.16838,1.1684,102.0,2026-04-10 06:32:00
1775802780,1.16842,1.16863,1.16841,1.16861,108.0,2026-04-10 06:33:00
1775802840,1.1686,1.16888,1.16857,1.16883,92.0,2026-04-10 06:34:00
1775802900,1.16884,1.16904,1.16884,1.16892,115.0,2026-04-10 06:35:00
1775802960,1.16891,1.16899,1.16882,1.16888,136.0,2026-04-10 06:36:00
1775803020,1.16889,1.16894,1.16884,1.16888,49.0,2026-04-10 06:37:00
1775803080,1.16886,1.16886,1.16877,1.16879,60.0,2026-04-10 06:38:00
1775803140,1.1688,1.16883,1.16877,1.16878,86.0,2026-04-10 06:39:00
1775803200,1.16878,1.16878,1.16866,1.16868,72.0,2026-04-10 06:40:00
1775803260,1.16868,1.16874,1.16868,1.16869,30.0,2026-04-10 06:41:00
1775803320,1.1687,1.16872,1.16856,1.16864,80.0,2026-04-10 06:42:00
1775803380,1.16864,1.16868,1.16857,1.16857,59.0,2026-04-10 06:43:00
1775803440,1.16858,1.16866,1.16854,1.16864,62.0,2026-04-10 06:44:00
1775803500,1.16864,1.16866,1.16856,1.1686,69.0,2026-04-10 06:45:00
1775803560,1.1686,1.16866,1.1686,1.16864,61.0,2026-04-10 06:46:00
1775803620,1.16864,1.16864,1.16853,1.16854,50.0,2026-04-10 06:47:00
1775803680,1.16852,1.16863,1.16852,1.16858,69.0,2026-04-10 06:48:00
1775803740,1.16857,1.16862,1.16856,1.16862,62.0,2026-04-10 06:49:00
1775803800,1.16862,1.16863,1.16856,1.16858,56.0,2026-04-10 06:50:00
1775803860,1.16857,1.16862,1.16856,1.16862,34.0,2026-04-10 06:51:00
1775803920,1.16863,1.16868,1.16858,1.16868,74.0,2026-04-10 06:52:00
1775803980,1.16868,1.1687,1.16862,1.16867,90.0,2026-04-10 06:53:00
1775804040,1.16866,1.1687,1.16861,1.16867,67.0,2026-04-10 06:54:00
1775804100,1.16868,1.16898,1.16868,1.16888,132.0,2026-04-10 06:55:00
1775804160,1.16888,1.16888,1.1686,1.16862,118.0,2026-04-10 06:56:00
1775804220,1.16862,1.16868,1.16844,1.16858,91.0,2026-04-10 06:57:00
1775804280,1.16858,1.16859,1.16852,1.16853,35.0,2026-04-10 06:58:00
1775804340,1.16852,1.16852,1.16842,1.16842,83.0,2026-04-10 06:59:00
1775804400,1.16841,1.16858,1.16836,1.16844,151.0,2026-04-10 07:00:00
1775804460,1.16843,1.16843,1.1683,1.16832,110.0,2026-04-10 07:01:00
1775804520,1.16833,1.16844,1.16823,1.16839,133.0,2026-04-10 07:02:00
1775804580,1.1684,1.16874,1.16839,1.16868,149.0,2026-04-10 07:03:00
1775804640,1.16864,1.16884,1.16864,1.16884,100.0,2026-04-10 07:04:00
1775804700,1.16882,1.16884,1.16875,1.16882,94.0,2026-04-10 07:05:00
1775804760,1.16882,1.16887,1.16866,1.16867,75.0,2026-04-10 07:06:00
1775804820,1.16866,1.16868,1.16856,1.16868,82.0,2026-04-10 07:07:00
1775804880,1.16868,1.16872,1.16867,1.16869,20.0,2026-04-10 07:08:00
1775804940,1.16871,1.16886,1.16871,1.16884,147.0,2026-04-10 07:09:00
1775805000,1.16884,1.16888,1.16879,1.16888,128.0,2026-04-10 07:10:00
1775805060,1.16888,1.1689,1.16876,1.16883,71.0,2026-04-10 07:11:00
1775805120,1.16884,1.16886,1.16875,1.16876,91.0,2026-04-10 07:12:00
1775805180,1.16876,1.16878,1.16866,1.16866,65.0,2026-04-10 07:13:00
1775805240,1.16865,1.16866,1.16851,1.16858,91.0,2026-04-10 07:14:00
1775805300,1.16857,1.16858,1.16834,1.16848,130.0,2026-04-10 07:15:00
1775805360,1.16848,1.1686,1.16848,1.16858,134.0,2026-04-10 07:16:00
1775805420,1.16858,1.16868,1.16852,1.16868,77.0,2026-04-10 07:17:00
1775805480,1.1687,1.16874,1.16863,1.16866,119.0,2026-04-10 07:18:00
1775805540,1.16864,1.16878,1.16863,1.16874,119.0,2026-04-10 07:19:00
1775805600,1.16874,1.16876,1.16848,1.16848,103.0,2026-04-10 07:20:00
1775805660,1.16848,1.16858,1.16846,1.16858,72.0,2026-04-10 07:21:00
1775805720,1.16858,1.1688,1.16856,1.16878,93.0,2026-04-10 07:22:00
1775805780,1.16877,1.16894,1.16875,1.16892,102.0,2026-04-10 07:23:00
1775805840,1.16892,1.16896,1.16868,1.16878,72.0,2026-04-10 07:24:00
1775805900,1.16876,1.16892,1.16876,1.16877,72.0,2026-04-10 07:25:00
1775805960,1.16876,1.16878,1.16857,1.16862,124.0,2026-04-10 07:26:00
1775806020,1.16862,1.16866,1.16857,1.16861,64.0,2026-04-10 07:27:00
1775806080,1.1686,1.16871,1.16857,1.16868,65.0,2026-04-10 07:28:00
1775806140,1.16867,1.16872,1.16863,1.16868,151.0,2026-04-10 07:29:00
1775806200,1.16868,1.16868,1.16856,1.16856,96.0,2026-04-10 07:30:00
1775806260,1.16856,1.16862,1.1685,1.16862,83.0,2026-04-10 07:31:00
1775806320,1.16862,1.16862,1.16842,1.16846,85.0,2026-04-10 07:32:00
1775806380,1.16847,1.16848,1.16842,1.16846,56.0,2026-04-10 07:33:00
1775806440,1.16845,1.16854,1.16844,1.16854,46.0,2026-04-10 07:34:00
1775806500,1.16852,1.16855,1.16848,1.16853,57.0,2026-04-10 07:35:00
1775806560,1.16854,1.16864,1.16854,1.16858,47.0,2026-04-10 07:36:00
1775806620,1.16859,1.16868,1.16856,1.16857,75.0,2026-04-10 07:37:00
1775806680,1.16856,1.16865,1.16856,1.16865,46.0,2026-04-10 07:38:00
1775806740,1.16867,1.16868,1.16858,1.1686,80.0,2026-04-10 07:39:00
1775806800,1.16862,1.16864,1.16849,1.16851,105.0,2026-04-10 07:40:00
1775806860,1.1685,1.16853,1.16847,1.16848,89.0,2026-04-10 07:41:00
1775806920,1.16847,1.16848,1.16816,1.16822,105.0,2026-04-10 07:42:00
1775806980,1.16823,1.16826,1.16816,1.16818,71.0,2026-04-10 07:43:00
1775807040,1.16818,1.16846,1.16818,1.16842,136.0,2026-04-10 07:44:00
1775807100,1.16844,1.1685,1.16832,1.16833,114.0,2026-04-10 07:45:00
1775807160,1.16834,1.16843,1.16832,1.16838,105.0,2026-04-10 07:46:00
1775807220,1.16839,1.16839,1.16828,1.1683,100.0,2026-04-10 07:47:00
1775807280,1.1683,1.16846,1.1683,1.16844,92.0,2026-04-10 07:48:00
1775807340,1.16844,1.16858,1.16843,1.16856,45.0,2026-04-10 07:49:00
1775807400,1.16856,1.16858,1.1685,1.16852,70.0,2026-04-10 07:50:00
1775807460,1.16852,1.16854,1.16838,1.16839,76.0,2026-04-10 07:51:00
1775807520,1.16838,1.16844,1.16835,1.16839,88.0,2026-04-10 07:52:00
1775807580,1.1684,1.1684,1.16832,1.1684,72.0,2026-04-10 07:53:00
1775807640,1.1684,1.16842,1.16834,1.16836,85.0,2026-04-10 07:54:00
1775807700,1.16836,1.16848,1.16836,1.16838,132.0,2026-04-10 07:55:00
1775807760,1.1684,1.16842,1.16836,1.16836,39.0,2026-04-10 07:56:00
1775807820,1.16836,1.16836,1.16816,1.16816,126.0,2026-04-10 07:57:00
1775807880,1.16817,1.16822,1.16797,1.16798,96.0,2026-04-10 07:58:00
1775807940,1.16798,1.16801,1.1679,1.16797,106.0,2026-04-10 07:59:00
1775808000,1.16795,1.16798,1.16788,1.16788,91.0,2026-04-10 08:00:00
1775808060,1.16787,1.16798,1.16787,1.1679,90.0,2026-04-10 08:01:00
1775808120,1.1679,1.16795,1.16783,1.16786,83.0,2026-04-10 08:02:00
1775808180,1.16786,1.16786,1.1678,1.16781,52.0,2026-04-10 08:03:00
1775808240,1.16778,1.16786,1.16774,1.16785,100.0,2026-04-10 08:04:00
1775808300,1.16786,1.16798,1.16784,1.16796,82.0,2026-04-10 08:05:00
1775808360,1.16797,1.16812,1.16794,1.16806,132.0,2026-04-10 08:06:00
1775808420,1.16806,1.16823,1.16806,1.16816,129.0,2026-04-10 08:07:00
1775808480,1.16816,1.16827,1.16814,1.16826,71.0,2026-04-10 08:08:00
1775808540,1.16827,1.16849,1.16827,1.16849,144.0,2026-04-10 08:09:00
1775808600,1.16848,1.16848,1.16839,1.16848,91.0,2026-04-10 08:10:00
1775808660,1.16847,1.16856,1.16847,1.16855,91.0,2026-04-10 08:11:00
1775808720,1.16855,1.16855,1.16846,1.16854,89.0,2026-04-10 08:12:00
1775808780,1.16854,1.16856,1.16848,1.1685,119.0,2026-04-10 08:13:00
1775808840,1.1685,1.16858,1.16849,1.16855,79.0,2026-04-10 08:14:00
1775808900,1.16856,1.16859,1.16852,1.16852,81.0,2026-04-10 08:15:00
1775808960,1.16853,1.16856,1.1685,1.16854,49.0,2026-04-10 08:16:00
1775809020,1.16855,1.16855,1.16843,1.16844,52.0,2026-04-10 08:17:00
1775809080,1.16844,1.16844,1.16838,1.16838,40.0,2026-04-10 08:18:00
1775809140,1.16834,1.16846,1.16834,1.16846,95.0,2026-04-10 08:19:00
1775809200,1.16845,1.16869,1.16844,1.16865,127.0,2026-04-10 08:20:00
1775809260,1.16865,1.16865,1.16857,1.1686,109.0,2026-04-10 08:21:00
1775809320,1.1686,1.1687,1.1686,1.16868,91.0,2026-04-10 08:22:00
1775809380,1.16867,1.16868,1.1686,1.1686,92.0,2026-04-10 08:23:00
1775809440,1.16861,1.16876,1.1686,1.16874,100.0,2026-04-10 08:24:00
1775809500,1.16874,1.16884,1.16874,1.16879,116.0,2026-04-10 08:25:00
1775809560,1.1688,1.16881,1.16868,1.16868,57.0,2026-04-10 08:26:00
1775809620,1.16868,1.16868,1.16862,1.16864,67.0,2026-04-10 08:27:00
1775809680,1.16863,1.16868,1.16853,1.16858,62.0,2026-04-10 08:28:00
1775809740,1.16859,1.16861,1.16855,1.16857,51.0,2026-04-10 08:29:00
1775809800,1.16858,1.16866,1.16858,1.1686,86.0,2026-04-10 08:30:00
1775809860,1.16861,1.16872,1.16861,1.1687,55.0,2026-04-10 08:31:00
1775809920,1.16869,1.16886,1.16868,1.16886,107.0,2026-04-10 08:32:00
1775809980,1.16888,1.16898,1.16884,1.16896,97.0,2026-04-10 08:33:00
1775810040,1.16896,1.16898,1.16882,1.16884,147.0,2026-04-10 08:34:00
1775810100,1.16886,1.16887,1.16876,1.16878,74.0,2026-04-10 08:35:00
1775810160,1.16878,1.16884,1.16874,1.16884,64.0,2026-04-10 08:36:00
1775810220,1.16884,1.16887,1.16882,1.16883,70.0,2026-04-10 08:37:00
1775810280,1.16884,1.16889,1.16882,1.16888,72.0,2026-04-10 08:38:00
1775810340,1.16888,1.16888,1.16884,1.16886,38.0,2026-04-10 08:39:00
1775810400,1.16886,1.1689,1.1688,1.16883,38.0,2026-04-10 08:40:00
1775810460,1.16882,1.16888,1.16882,1.16888,64.0,2026-04-10 08:41:00
1775810520,1.16888,1.16898,1.16888,1.16888,71.0,2026-04-10 08:42:00
1775810580,1.16888,1.1689,1.16887,1.16888,42.0,2026-04-10 08:43:00
1775810640,1.1689,1.1689,1.16874,1.16878,78.0,2026-04-10 08:44:00
1775810700,1.16878,1.1688,1.16868,1.16868,64.0,2026-04-10 08:45:00
1775810760,1.16872,1.16874,1.16864,1.16864,61.0,2026-04-10 08:46:00
1775810820,1.16864,1.16866,1.16858,1.16859,68.0,2026-04-10 08:47:00
1775810880,1.1686,1.16865,1.16853,1.16853,90.0,2026-04-10 08:48:00
1775810940,1.16854,1.16868,1.1685,1.16868,79.0,2026-04-10 08:49:00
1775811000,1.16868,1.16868,1.1686,1.16864,93.0,2026-04-10 08:50:00
1775811060,1.16864,1.16864,1.16849,1.16852,89.0,2026-04-10 08:51:00
1775811120,1.16853,1.16858,1.16848,1.16849,63.0,2026-04-10 08:52:00
1775811180,1.16848,1.16848,1.16842,1.16848,65.0,2026-04-10 08:53:00
1775811240,1.1685,1.16851,1.16843,1.16844,102.0,2026-04-10 08:54:00
1775811300,1.16844,1.16854,1.16843,1.1685,68.0,2026-04-10 08:55:00
1775811360,1.1685,1.16855,1.16846,1.16846,72.0,2026-04-10 08:56:00
1775811420,1.16845,1.16864,1.16845,1.16861,73.0,2026-04-10 08:57:00
1775811480,1.1686,1.16865,1.16856,1.16858,63.0,2026-04-10 08:58:00
1775811540,1.16857,1.16861,1.16856,1.16859,63.0,2026-04-10 08:59:00
1775811600,1.16858,1.1688,1.16858,1.1687,153.0,2026-04-10 09:00:00
1775811660,1.1687,1.16873,1.16862,1.16872,115.0,2026-04-10 09:01:00
1775811720,1.16873,1.16876,1.1687,1.16876,98.0,2026-04-10 09:02:00
1775811780,1.16874,1.16888,1.16874,1.16888,150.0,2026-04-10 09:03:00
1775811840,1.16888,1.16888,1.16884,1.16886,53.0,2026-04-10 09:04:00
1775811900,1.16886,1.16888,1.1688,1.16886,88.0,2026-04-10 09:05:00
1775811960,1.16887,1.16887,1.16875,1.16875,72.0,2026-04-10 09:06:00
1775812020,1.16874,1.16875,1.16858,1.16862,67.0,2026-04-10 09:07:00
1775812080,1.1686,1.16861,1.16847,1.16854,64.0,2026-04-10 09:08:00
1775812140,1.16856,1.1686,1.16854,1.1686,71.0,2026-04-10 09:09:00
1775812200,1.1686,1.16862,1.16848,1.16854,75.0,2026-04-10 09:10:00
1775812260,1.16856,1.1686,1.16852,1.16853,71.0,2026-04-10 09:11:00
1775812320,1.16854,1.16863,1.16848,1.16862,56.0,2026-04-10 09:12:00
1775812380,1.16863,1.16863,1.16848,1.16851,73.0,2026-04-10 09:13:00
1775812440,1.16852,1.16854,1.16849,1.16852,37.0,2026-04-10 09:14:00
1775812500,1.16852,1.16854,1.16849,1.1685,15.0,2026-04-10 09:15:00
1775812560,1.1685,1.16854,1.16848,1.16852,77.0,2026-04-10 09:16:00
1775812620,1.16852,1.16862,1.1685,1.1686,67.0,2026-04-10 09:17:00
1775812680,1.1686,1.16942,1.16858,1.16922,274.0,2026-04-10 09:18:00
1775812740,1.16926,1.17107,1.16892,1.17092,1585.0,2026-04-10 09:19:00
1775812800,1.1709,1.1709,1.16995,1.16995,786.0,2026-04-10 09:20:00
1775812860,1.16996,1.17027,1.16983,1.17024,518.0,2026-04-10 09:21:00
1775812920,1.17023,1.17056,1.1702,1.17046,468.0,2026-04-10 09:22:00
1775812980,1.17046,1.17088,1.17042,1.17058,536.0,2026-04-10 09:23:00
1775813040,1.17058,1.17066,1.17,1.17009,356.0,2026-04-10 09:24:00
1775813100,1.1701,1.17025,1.17001,1.17008,263.0,2026-04-10 09:25:00
1775813160,1.1701,1.1701,1.16983,1.16984,259.0,2026-04-10 09:26:00
1775813220,1.16984,1.16986,1.16962,1.16964,270.0,2026-04-10 09:27:00
1775813280,1.16964,1.16972,1.16958,1.16968,95.0,2026-04-10 09:28:00
1775813340,1.16966,1.16974,1.16958,1.16973,204.0,2026-04-10 09:29:00
1775813400,1.16972,1.16978,1.16963,1.16978,143.0,2026-04-10 09:30:00
1775813460,1.1698,1.16996,1.16974,1.16986,232.0,2026-04-10 09:31:00
1775813520,1.16986,1.16988,1.16958,1.16964,179.0,2026-04-10 09:32:00
1775813580,1.16966,1.16993,1.16966,1.16988,159.0,2026-04-10 09:33:00
1775813640,1.16988,1.16995,1.16985,1.16988,147.0,2026-04-10 09:34:00
1775813700,1.16992,1.1702,1.16978,1.17012,246.0,2026-04-10 09:35:00
1775813760,1.17013,1.1702,1.16996,1.16998,218.0,2026-04-10 09:36:00
1775813820,1.17,1.17014,1.16999,1.1701,88.0,2026-04-10 09:37:00
1775813880,1.1701,1.17012,1.17002,1.1701,79.0,2026-04-10 09:38:00
1775813940,1.1701,1.1701,1.16994,1.17,130.0,2026-04-10 09:39:00
1775814000,1.17,1.1701,1.16994,1.17007,98.0,2026-04-10 09:40:00
1775814060,1.17008,1.17008,1.16995,1.17,87.0,2026-04-10 09:41:00
1775814120,1.16999,1.17004,1.16998,1.17004,56.0,2026-04-10 09:42:00
1775814180,1.17004,1.17013,1.16994,1.1701,88.0,2026-04-10 09:43:00
1775814240,1.17009,1.17024,1.17009,1.17024,151.0,2026-04-10 09:44:00
1775814300,1.17022,1.17022,1.17006,1.17019,73.0,2026-04-10 09:45:00
1775814360,1.1702,1.17026,1.17003,1.17003,287.0,2026-04-10 09:46:00
1775814420,1.17004,1.17014,1.17,1.17014,75.0,2026-04-10 09:47:00
1775814480,1.17016,1.1703,1.17014,1.17017,69.0,2026-04-10 09:48:00
1775814540,1.17016,1.17034,1.17012,1.17034,100.0,2026-04-10 09:49:00
1775814600,1.17034,1.17047,1.1703,1.17042,114.0,2026-04-10 09:50:00
1775814660,1.17043,1.17064,1.17038,1.17064,128.0,2026-04-10 09:51:00
1775814720,1.17064,1.17068,1.17056,1.17062,144.0,2026-04-10 09:52:00
1775814780,1.1706,1.17087,1.1706,1.17085,169.0,2026-04-10 09:53:00
1775814840,1.17084,1.17088,1.17074,1.17078,179.0,2026-04-10 09:54:00
1775814900,1.17078,1.17094,1.1707,1.17084,178.0,2026-04-10 09:55:00
1775814960,1.17084,1.17102,1.17082,1.17098,170.0,2026-04-10 09:56:00
1775815020,1.17098,1.17106,1.17094,1.17102,136.0,2026-04-10 09:57:00
1775815080,1.171,1.171,1.1709,1.17095,82.0,2026-04-10 09:58:00
1775815140,1.17094,1.1711,1.1709,1.17103,213.0,2026-04-10 09:59:00
1775815200,1.17104,1.17128,1.17089,1.17114,236.0,2026-04-10 10:00:00
1775815260,1.17114,1.17129,1.17112,1.17114,248.0,2026-04-10 10:01:00
1775815320,1.17114,1.17115,1.17098,1.17104,139.0,2026-04-10 10:02:00
1775815380,1.17102,1.17114,1.17097,1.171,128.0,2026-04-10 10:03:00
1775815440,1.171,1.17105,1.17092,1.17093,87.0,2026-04-10 10:04:00
1775815500,1.17096,1.1711,1.1709,1.17104,63.0,2026-04-10 10:05:00
1775815560,1.17101,1.17103,1.17085,1.17089,129.0,2026-04-10 10:06:00
1775815620,1.17088,1.17099,1.17088,1.17098,66.0,2026-04-10 10:07:00
1775815680,1.17098,1.17102,1.17093,1.17094,64.0,2026-04-10 10:08:00
1775815740,1.17093,1.17098,1.17088,1.17093,66.0,2026-04-10 10:09:00
1775815800,1.1709,1.17098,1.17087,1.17098,64.0,2026-04-10 10:10:00
1775815860,1.171,1.17104,1.17098,1.17102,54.0,2026-04-10 10:11:00
1775815920,1.17103,1.17103,1.17088,1.17093,61.0,2026-04-10 10:12:00
1775815980,1.17092,1.17098,1.17087,1.17088,76.0,2026-04-10 10:13:00
1775816040,1.17088,1.1709,1.17077,1.17077,84.0,2026-04-10 10:14:00
1775816100,1.17075,1.17076,1.17068,1.17073,63.0,2026-04-10 10:15:00
1775816160,1.17073,1.17074,1.17058,1.17064,75.0,2026-04-10 10:16:00
1775816220,1.17066,1.17076,1.17063,1.17076,90.0,2026-04-10 10:17:00
1775816280,1.17075,1.17096,1.17072,1.17094,107.0,2026-04-10 10:18:00
1775816340,1.17092,1.17104,1.17084,1.17086,95.0,2026-04-10 10:19:00
1775816400,1.17088,1.17092,1.17086,1.17088,88.0,2026-04-10 10:20:00
1775816460,1.17088,1.1709,1.17083,1.1709,80.0,2026-04-10 10:21:00
1775816520,1.17091,1.17094,1.17087,1.17088,33.0,2026-04-10 10:22:00
1775816580,1.17088,1.1711,1.17087,1.17108,68.0,2026-04-10 10:23:00
1775816640,1.17108,1.17118,1.17102,1.17118,103.0,2026-04-10 10:24:00
1775816700,1.17118,1.17126,1.17116,1.17124,85.0,2026-04-10 10:25:00
1775816760,1.17126,1.17134,1.17126,1.17134,105.0,2026-04-10 10:26:00
1775816820,1.17134,1.17134,1.17112,1.17118,95.0,2026-04-10 10:27:00
1775816880,1.17117,1.17122,1.17114,1.17114,87.0,2026-04-10 10:28:00
1775816940,1.17112,1.17122,1.17112,1.1712,58.0,2026-04-10 10:29:00
1775817000,1.17121,1.17122,1.17111,1.17112,99.0,2026-04-10 10:30:00
1775817060,1.17111,1.17113,1.17102,1.17112,72.0,2026-04-10 10:31:00
1775817120,1.17114,1.17122,1.17112,1.17118,100.0,2026-04-10 10:32:00
1775817180,1.17118,1.17118,1.17106,1.17108,131.0,2026-04-10 10:33:00
1775817240,1.17108,1.1712,1.17108,1.17118,109.0,2026-04-10 10:34:00
1775817300,1.17119,1.17121,1.17112,1.17117,70.0,2026-04-10 10:35:00
1775817360,1.17116,1.1713,1.17116,1.17122,56.0,2026-04-10 10:36:00
1775817420,1.17123,1.17131,1.17122,1.17122,64.0,2026-04-10 10:37:00
1775817480,1.17122,1.1713,1.17121,1.17128,72.0,2026-04-10 10:38:00
1775817540,1.17128,1.17147,1.17126,1.17138,73.0,2026-04-10 10:39:00
1775817600,1.1714,1.17154,1.17138,1.17138,118.0,2026-04-10 10:40:00
1775817660,1.17138,1.17142,1.17135,1.1714,83.0,2026-04-10 10:41:00
1775817720,1.1714,1.17144,1.17136,1.17144,61.0,2026-04-10 10:42:00
1775817780,1.17145,1.17148,1.1714,1.17144,86.0,2026-04-10 10:43:00
1775817840,1.17144,1.17144,1.17135,1.17137,43.0,2026-04-10 10:44:00
1775817900,1.17138,1.1714,1.17138,1.17138,44.0,2026-04-10 10:45:00
1775817960,1.17136,1.17157,1.17136,1.17154,51.0,2026-04-10 10:46:00
1775818020,1.17153,1.17154,1.17148,1.17153,41.0,2026-04-10 10:47:00
1775818080,1.17154,1.17159,1.1715,1.17159,123.0,2026-04-10 10:48:00
1775818140,1.17158,1.1716,1.17145,1.17149,93.0,2026-04-10 10:49:00
1775818200,1.1715,1.17152,1.17142,1.17142,100.0,2026-04-10 10:50:00
1775818260,1.17143,1.17143,1.17124,1.17124,50.0,2026-04-10 10:51:00
1775818320,1.17123,1.17134,1.17123,1.17128,71.0,2026-04-10 10:52:00
1775818380,1.17129,1.17142,1.17122,1.17142,81.0,2026-04-10 10:53:00
1775818440,1.17142,1.17145,1.17138,1.1714,82.0,2026-04-10 10:54:00
1775818500,1.17139,1.17142,1.17132,1.17134,100.0,2026-04-10 10:55:00
1775818560,1.17135,1.17137,1.17126,1.17129,53.0,2026-04-10 10:56:00
1775818620,1.1713,1.17143,1.17126,1.17138,47.0,2026-04-10 10:57:00
1775818680,1.17139,1.1714,1.17134,1.17138,79.0,2026-04-10 10:58:00
1775818740,1.17138,1.17142,1.17128,1.1713,79.0,2026-04-10 10:59:00
1775818800,1.17129,1.1713,1.17123,1.17128,80.0,2026-04-10 11:00:00
1775818860,1.17128,1.1715,1.17128,1.1715,101.0,2026-04-10 11:01:00
1775818920,1.1715,1.17154,1.17137,1.1714,84.0,2026-04-10 11:02:00
1775818980,1.17138,1.17146,1.17138,1.17142,45.0,2026-04-10 11:03:00
1775819040,1.17142,1.1716,1.1714,1.1716,63.0,2026-04-10 11:04:00
1775819100,1.1716,1.17166,1.17156,1.17164,34.0,2026-04-10 11:05:00
1775819160,1.17162,1.17166,1.17158,1.17162,114.0,2026-04-10 11:06:00
1775819220,1.17163,1.1717,1.17163,1.17169,54.0,2026-04-10 11:07:00
1775819280,1.17166,1.17178,1.17165,1.17174,52.0,2026-04-10 11:08:00
1775819340,1.17173,1.1718,1.1717,1.17179,65.0,2026-04-10 11:09:00
1775819400,1.17178,1.1718,1.1717,1.17175,47.0,2026-04-10 11:10:00
1775819460,1.17176,1.17176,1.17165,1.17167,49.0,2026-04-10 11:11:00
1775819520,1.17166,1.17176,1.17157,1.17174,81.0,2026-04-10 11:12:00
1775819580,1.17175,1.17189,1.17174,1.17188,82.0,2026-04-10 11:13:00
1775819640,1.17186,1.17186,1.17169,1.1717,108.0,2026-04-10 11:14:00
1775819700,1.1717,1.17173,1.1716,1.17164,84.0,2026-04-10 11:15:00
1775819760,1.17164,1.17168,1.1716,1.17161,47.0,2026-04-10 11:16:00
1775819820,1.1716,1.17177,1.1716,1.17176,52.0,2026-04-10 11:17:00
1775819880,1.17176,1.17179,1.17169,1.17171,50.0,2026-04-10 11:18:00
1775819940,1.1717,1.17178,1.17168,1.17168,49.0,2026-04-10 11:19:00
1775820000,1.17168,1.17169,1.1716,1.17163,46.0,2026-04-10 11:20:00
1775820060,1.17165,1.1717,1.1716,1.1716,73.0,2026-04-10 11:21:00
1775820120,1.17162,1.17164,1.17148,1.17148,66.0,2026-04-10 11:22:00
1775820180,1.17149,1.17154,1.17138,1.17148,94.0,2026-04-10 11:23:00
1775820240,1.17148,1.17153,1.17144,1.17153,85.0,2026-04-10 11:24:00
1775820300,1.17154,1.17154,1.1714,1.17145,70.0,2026-04-10 11:25:00
1775820360,1.17146,1.17156,1.17146,1.17153,46.0,2026-04-10 11:26:00
1775820420,1.17152,1.17154,1.17129,1.1713,83.0,2026-04-10 11:27:00
1775820480,1.1713,1.17134,1.17124,1.17126,74.0,2026-04-10 11:28:00
1775820540,1.17125,1.17132,1.17121,1.1713,79.0,2026-04-10 11:29:00
1775820600,1.17128,1.17142,1.17118,1.17141,99.0,2026-04-10 11:30:00
1775820660,1.1714,1.17144,1.17119,1.1712,84.0,2026-04-10 11:31:00
1775820720,1.17121,1.17129,1.17118,1.17126,97.0,2026-04-10 11:32:00
1775820780,1.17128,1.17128,1.17113,1.17126,69.0,2026-04-10 11:33:00
1775820840,1.17125,1.17126,1.17117,1.17118,74.0,2026-04-10 11:34:00
1775820900,1.1712,1.1712,1.17114,1.1712,54.0,2026-04-10 11:35:00
1775820960,1.17121,1.17126,1.17121,1.17122,26.0,2026-04-10 11:36:00
1775821020,1.17124,1.17125,1.17122,1.17125,19.0,2026-04-10 11:37:00
1775821080,1.17124,1.17126,1.17116,1.17118,53.0,2026-04-10 11:38:00
1775821140,1.17118,1.1712,1.17108,1.17114,76.0,2026-04-10 11:39:00
1775821200,1.17115,1.17116,1.17111,1.17115,25.0,2026-04-10 11:40:00
1775821260,1.17114,1.17128,1.17114,1.17122,51.0,2026-04-10 11:41:00
1775821320,1.17123,1.17129,1.17123,1.17127,68.0,2026-04-10 11:42:00
1775821380,1.17128,1.17148,1.17122,1.17148,65.0,2026-04-10 11:43:00
1775821440,1.17149,1.17167,1.17147,1.17166,102.0,2026-04-10 11:44:00
1775821500,1.17166,1.1717,1.17162,1.17168,76.0,2026-04-10 11:45:00
1775821560,1.17168,1.17168,1.17158,1.17163,64.0,2026-04-10 11:46:00
1775821620,1.17162,1.17168,1.1716,1.1716,67.0,2026-04-10 11:47:00
1775821680,1.1716,1.17172,1.1716,1.17168,72.0,2026-04-10 11:48:00
1775821740,1.17169,1.17169,1.17162,1.17162,44.0,2026-04-10 11:49:00
1775821800,1.17164,1.17168,1.17162,1.17168,41.0,2026-04-10 11:50:00
1775821860,1.17168,1.17168,1.17154,1.17157,59.0,2026-04-10 11:51:00
1775821920,1.17158,1.17163,1.17158,1.1716,36.0,2026-04-10 11:52:00
1775821980,1.1716,1.17162,1.17151,1.17152,72.0,2026-04-10 11:53:00
1775822040,1.17151,1.17156,1.1715,1.17152,62.0,2026-04-10 11:54:00
1775822100,1.17151,1.17151,1.17128,1.1713,127.0,2026-04-10 11:55:00
1775822160,1.1713,1.17144,1.17129,1.17142,79.0,2026-04-10 11:56:00
1775822220,1.17144,1.17151,1.17136,1.17145,133.0,2026-04-10 11:57:00
1775822280,1.17146,1.1715,1.17144,1.17146,114.0,2026-04-10 11:58:00
1775822340,1.17146,1.17156,1.17134,1.17141,105.0,2026-04-10 11:59:00
1775822400,1.17142,1.1715,1.17135,1.17143,152.0,2026-04-10 12:00:00
1775822460,1.17144,1.17158,1.17142,1.17155,117.0,2026-04-10 12:01:00
1775822520,1.17156,1.17156,1.17142,1.1715,119.0,2026-04-10 12:02:00
1775822580,1.17151,1.17156,1.17144,1.17146,90.0,2026-04-10 12:03:00
1775822640,1.17144,1.17153,1.17144,1.17152,62.0,2026-04-10 12:04:00
1775822700,1.17153,1.17156,1.17138,1.17138,87.0,2026-04-10 12:05:00
1775822760,1.17136,1.17144,1.17136,1.17137,46.0,2026-04-10 12:06:00
1775822820,1.17137,1.1715,1.17136,1.17144,78.0,2026-04-10 12:07:00
1775822880,1.17146,1.17146,1.17132,1.17132,80.0,2026-04-10 12:08:00
1775822940,1.17132,1.17136,1.17114,1.17114,72.0,2026-04-10 12:09:00
1775823000,1.17114,1.17123,1.17108,1.17122,124.0,2026-04-10 12:10:00
1775823060,1.17124,1.17127,1.17118,1.17127,75.0,2026-04-10 12:11:00
1775823120,1.17126,1.17153,1.17124,1.17153,172.0,2026-04-10 12:12:00
1775823180,1.17152,1.17154,1.17138,1.17145,98.0,2026-04-10 12:13:00
1775823240,1.17146,1.17146,1.17138,1.17146,74.0,2026-04-10 12:14:00
1775823300,1.17146,1.1715,1.17136,1.17136,76.0,2026-04-10 12:15:00
1775823360,1.17138,1.17144,1.17132,1.17132,96.0,2026-04-10 12:16:00
1775823420,1.17132,1.17138,1.1713,1.17131,61.0,2026-04-10 12:17:00
1775823480,1.17132,1.17132,1.17118,1.17131,156.0,2026-04-10 12:18:00
1775823540,1.17132,1.17138,1.17118,1.17122,188.0,2026-04-10 12:19:00
1775823600,1.17121,1.1713,1.17118,1.17124,183.0,2026-04-10 12:20:00
1775823660,1.17124,1.17126,1.17117,1.17118,97.0,2026-04-10 12:21:00
1775823720,1.17119,1.1713,1.17116,1.17124,94.0,2026-04-10 12:22:00
1775823780,1.17125,1.17126,1.171,1.17106,120.0,2026-04-10 12:23:00
1775823840,1.17107,1.17112,1.17095,1.17108,109.0,2026-04-10 12:24:00
1775823900,1.17107,1.1711,1.17102,1.1711,76.0,2026-04-10 12:25:00
1775823960,1.17114,1.1713,1.17114,1.17128,62.0,2026-04-10 12:26:00
1775824020,1.17128,1.17142,1.17128,1.17139,105.0,2026-04-10 12:27:00
1775824080,1.17138,1.17138,1.1711,1.17128,118.0,2026-04-10 12:28:00
1775824140,1.17129,1.17148,1.17129,1.17142,213.0,2026-04-10 12:29:00
1775824200,1.17143,1.17241,1.17143,1.17201,1024.0,2026-04-10 12:30:00
1775824260,1.172,1.17212,1.17172,1.17175,415.0,2026-04-10 12:31:00
1775824320,1.17174,1.1719,1.17167,1.17186,277.0,2026-04-10 12:32:00
1775824380,1.17188,1.17206,1.17184,1.17206,376.0,2026-04-10 12:33:00
1775824440,1.17206,1.17216,1.17201,1.17212,314.0,2026-04-10 12:34:00
1775824500,1.17212,1.1724,1.17198,1.17228,324.0,2026-04-10 12:35:00
1775824560,1.1723,1.17258,1.17219,1.17252,353.0,2026-04-10 12:36:00
1775824620,1.17253,1.17254,1.17214,1.17216,343.0,2026-04-10 12:37:00
1775824680,1.17214,1.17234,1.17208,1.17228,254.0,2026-04-10 12:38:00
1775824740,1.17228,1.17228,1.17201,1.1721,177.0,2026-04-10 12:39:00
1775824800,1.17212,1.17213,1.17186,1.17189,253.0,2026-04-10 12:40:00
1775824860,1.17188,1.1719,1.1716,1.17164,291.0,2026-04-10 12:41:00
1775824920,1.17162,1.17166,1.17155,1.17166,262.0,2026-04-10 12:42:00
1775824980,1.17168,1.17176,1.17164,1.17176,165.0,2026-04-10 12:43:00
1775825040,1.17175,1.17191,1.17172,1.17174,202.0,2026-04-10 12:44:00
1775825100,1.17176,1.17176,1.17164,1.1717,128.0,2026-04-10 12:45:00
1775825160,1.1717,1.17174,1.17126,1.1713,179.0,2026-04-10 12:46:00
1775825220,1.17134,1.17166,1.17132,1.1716,294.0,2026-04-10 12:47:00
1775825280,1.1716,1.17163,1.17148,1.17152,182.0,2026-04-10 12:48:00
1775825340,1.17152,1.17162,1.17146,1.17153,191.0,2026-04-10 12:49:00
1775825400,1.17155,1.17156,1.1714,1.17146,118.0,2026-04-10 12:50:00
1775825460,1.17146,1.17162,1.17142,1.17162,132.0,2026-04-10 12:51:00
1775825520,1.17162,1.17172,1.17148,1.17151,151.0,2026-04-10 12:52:00
1775825580,1.1715,1.17179,1.17146,1.17179,130.0,2026-04-10 12:53:00
1775825640,1.1718,1.1718,1.17166,1.17168,151.0,2026-04-10 12:54:00
1775825700,1.17168,1.17204,1.17168,1.17193,148.0,2026-04-10 12:55:00
1775825760,1.17194,1.17208,1.17192,1.17201,166.0,2026-04-10 12:56:00
1775825820,1.17198,1.17198,1.17182,1.17186,175.0,2026-04-10 12:57:00
1775825880,1.17186,1.17214,1.17186,1.17198,200.0,2026-04-10 12:58:00
1775825940,1.17199,1.17209,1.17186,1.17209,182.0,2026-04-10 12:59:00
1775826000,1.17206,1.17219,1.17186,1.17219,182.0,2026-04-10 13:00:00
1775826060,1.17218,1.17234,1.17211,1.17228,202.0,2026-04-10 13:01:00
1775826120,1.17228,1.17231,1.17218,1.1723,150.0,2026-04-10 13:02:00
1775826180,1.1723,1.17231,1.1722,1.17226,86.0,2026-04-10 13:03:00
1775826240,1.17229,1.17235,1.1721,1.17217,180.0,2026-04-10 13:04:00
1775826300,1.17216,1.17218,1.17202,1.17208,164.0,2026-04-10 13:05:00
1775826360,1.1721,1.17228,1.17207,1.17223,171.0,2026-04-10 13:06:00
1775826420,1.17222,1.17237,1.17217,1.17237,157.0,2026-04-10 13:07:00
1775826480,1.17236,1.17252,1.17232,1.17234,197.0,2026-04-10 13:08:00
1775826540,1.17232,1.17234,1.17216,1.17222,170.0,2026-04-10 13:09:00
1775826600,1.17221,1.17242,1.17216,1.17236,159.0,2026-04-10 13:10:00
1775826660,1.17236,1.1724,1.17222,1.1723,188.0,2026-04-10 13:11:00
1775826720,1.1723,1.17258,1.1723,1.17254,136.0,2026-04-10 13:12:00
1775826780,1.17253,1.17257,1.17233,1.17242,131.0,2026-04-10 13:13:00
1775826840,1.17242,1.17242,1.17228,1.17234,192.0,2026-04-10 13:14:00
1775826900,1.17233,1.17239,1.17216,1.17226,190.0,2026-04-10 13:15:00
1775826960,1.17228,1.17235,1.17222,1.17233,124.0,2026-04-10 13:16:00
1775827020,1.1723,1.17235,1.17228,1.17232,43.0,2026-04-10 13:17:00
1775827080,1.17232,1.1724,1.17229,1.17231,104.0,2026-04-10 13:18:00
1775827140,1.1723,1.17244,1.17228,1.1724,127.0,2026-04-10 13:19:00
1775827200,1.17241,1.17244,1.17237,1.17243,118.0,2026-04-10 13:20:00
1775827260,1.17244,1.1728,1.17243,1.17274,206.0,2026-04-10 13:21:00
1775827320,1.17274,1.17285,1.17268,1.17282,247.0,2026-04-10 13:22:00
1775827380,1.17282,1.17288,1.1728,1.17288,97.0,2026-04-10 13:23:00
1775827440,1.17288,1.17298,1.17284,1.17285,176.0,2026-04-10 13:24:00
1775827500,1.17286,1.17298,1.17286,1.17288,120.0,2026-04-10 13:25:00
1775827560,1.17289,1.173,1.17284,1.17296,168.0,2026-04-10 13:26:00
1775827620,1.17296,1.17315,1.17296,1.1731,203.0,2026-04-10 13:27:00
1775827680,1.17308,1.1734,1.17305,1.17339,230.0,2026-04-10 13:28:00
1775827740,1.17338,1.17348,1.17333,1.17334,236.0,2026-04-10 13:29:00
1775827800,1.17334,1.17348,1.17306,1.17308,301.0,2026-04-10 13:30:00
1775827860,1.17308,1.1732,1.17308,1.1731,236.0,2026-04-10 13:31:00
1775827920,1.17311,1.17312,1.17304,1.17308,193.0,2026-04-10 13:32:00
1775827980,1.17308,1.17315,1.17294,1.17312,194.0,2026-04-10 13:33:00
1775828040,1.1731,1.17312,1.17263,1.17264,221.0,2026-04-10 13:34:00
1775828100,1.17263,1.17266,1.17246,1.17256,215.0,2026-04-10 13:35:00
1775828160,1.17259,1.17266,1.17252,1.17262,177.0,2026-04-10 13:36:00
1775828220,1.17261,1.1728,1.17261,1.17275,132.0,2026-04-10 13:37:00
1775828280,1.17276,1.17298,1.17275,1.17294,235.0,2026-04-10 13:38:00
1775828340,1.17292,1.17292,1.17268,1.17282,203.0,2026-04-10 13:39:00
1775828400,1.17282,1.17284,1.17266,1.17276,155.0,2026-04-10 13:40:00
1775828460,1.17276,1.17277,1.17262,1.17268,177.0,2026-04-10 13:41:00
1775828520,1.17268,1.17276,1.17262,1.17272,172.0,2026-04-10 13:42:00
1775828580,1.17272,1.17286,1.17268,1.1728,191.0,2026-04-10 13:43:00
1775828640,1.17282,1.17296,1.17282,1.17286,151.0,2026-04-10 13:44:00
1775828700,1.17286,1.17316,1.17286,1.17296,225.0,2026-04-10 13:45:00
1775828760,1.17295,1.17298,1.17286,1.17288,258.0,2026-04-10 13:46:00
1775828820,1.17287,1.17288,1.17276,1.17285,146.0,2026-04-10 13:47:00
1775828880,1.17286,1.17288,1.17272,1.17286,117.0,2026-04-10 13:48:00
1775828940,1.17286,1.17302,1.17282,1.17286,196.0,2026-04-10 13:49:00
1775829000,1.17287,1.17302,1.17287,1.17296,166.0,2026-04-10 13:50:00
1775829060,1.17295,1.17298,1.17272,1.17277,151.0,2026-04-10 13:51:00
1775829120,1.17278,1.1728,1.1725,1.1725,222.0,2026-04-10 13:52:00
1775829180,1.17252,1.17266,1.1725,1.17252,187.0,2026-04-10 13:53:00
1775829240,1.17251,1.17278,1.1725,1.17277,218.0,2026-04-10 13:54:00
1775829300,1.17276,1.17293,1.17276,1.17292,205.0,2026-04-10 13:55:00
1775829360,1.17294,1.17294,1.17274,1.17289,122.0,2026-04-10 13:56:00
1775829420,1.17288,1.173,1.17266,1.17271,167.0,2026-04-10 13:57:00
1775829480,1.17272,1.17276,1.17256,1.1726,102.0,2026-04-10 13:58:00
1775829540,1.1726,1.17284,1.1726,1.17278,173.0,2026-04-10 13:59:00
1775829600,1.17276,1.17288,1.17267,1.17284,200.0,2026-04-10 14:00:00
1775829660,1.17284,1.17333,1.17284,1.1732,244.0,2026-04-10 14:01:00
1775829720,1.17321,1.1735,1.17321,1.17346,165.0,2026-04-10 14:02:00
1775829780,1.17344,1.17356,1.173,1.173,238.0,2026-04-10 14:03:00
1775829840,1.17301,1.17325,1.173,1.17321,146.0,2026-04-10 14:04:00
1775829900,1.1732,1.17332,1.17306,1.17329,179.0,2026-04-10 14:05:00
1775829960,1.17328,1.1733,1.1732,1.17326,207.0,2026-04-10 14:06:00
1775830020,1.17329,1.17329,1.17304,1.17314,192.0,2026-04-10 14:07:00
1775830080,1.17316,1.17324,1.17301,1.1732,159.0,2026-04-10 14:08:00
1775830140,1.1732,1.17322,1.17306,1.17308,123.0,2026-04-10 14:09:00
1775830200,1.17309,1.17312,1.17292,1.17296,166.0,2026-04-10 14:10:00
1775830260,1.17295,1.17295,1.17273,1.17287,196.0,2026-04-10 14:11:00
1775830320,1.17286,1.17301,1.17286,1.17298,258.0,2026-04-10 14:12:00
1775830380,1.17297,1.17308,1.17296,1.17307,147.0,2026-04-10 14:13:00
1775830440,1.17308,1.17342,1.17306,1.17342,180.0,2026-04-10 14:14:00
1775830500,1.17341,1.17362,1.17338,1.17354,201.0,2026-04-10 14:15:00
1775830560,1.17352,1.17352,1.17335,1.1734,171.0,2026-04-10 14:16:00
1775830620,1.1734,1.17353,1.1732,1.1735,208.0,2026-04-10 14:17:00
1775830680,1.1735,1.17358,1.17348,1.17354,167.0,2026-04-10 14:18:00
1775830740,1.17355,1.17364,1.17348,1.1736,175.0,2026-04-10 14:19:00
1775830800,1.1736,1.17375,1.17354,1.17356,117.0,2026-04-10 14:20:00
1775830860,1.17356,1.17359,1.17348,1.17351,151.0,2026-04-10 14:21:00
1775830920,1.17352,1.17356,1.17348,1.17356,107.0,2026-04-10 14:22:00
1775830980,1.17356,1.17368,1.17355,1.17362,118.0,2026-04-10 14:23:00
1775831040,1.17363,1.17377,1.17362,1.1737,117.0,2026-04-10 14:24:00
1775831100,1.17372,1.17381,1.17366,1.1738,181.0,2026-04-10 14:25:00
1775831160,1.17379,1.17384,1.17351,1.17356,208.0,2026-04-10 14:26:00
1775831220,1.17358,1.17376,1.17356,1.17363,186.0,2026-04-10 14:27:00
1775831280,1.17364,1.1737,1.17354,1.1736,157.0,2026-04-10 14:28:00
1775831340,1.1736,1.17361,1.17352,1.17352,113.0,2026-04-10 14:29:00
1775831400,1.17352,1.17371,1.1735,1.17368,124.0,2026-04-10 14:30:00
1775831460,1.17369,1.1737,1.17358,1.1736,124.0,2026-04-10 14:31:00
1775831520,1.1736,1.1737,1.17345,1.17348,159.0,2026-04-10 14:32:00
1775831580,1.17348,1.1735,1.17336,1.17344,127.0,2026-04-10 14:33:00
1775831640,1.17346,1.17346,1.17326,1.17331,128.0,2026-04-10 14:34:00
1775831700,1.17332,1.17332,1.17308,1.17322,238.0,2026-04-10 14:35:00
1775831760,1.17322,1.17325,1.17306,1.17324,176.0,2026-04-10 14:36:00
1775831820,1.17324,1.17324,1.17311,1.17317,98.0,2026-04-10 14:37:00
1775831880,1.17318,1.17338,1.17317,1.17334,124.0,2026-04-10 14:38:00
1775831940,1.17335,1.17341,1.1733,1.17336,165.0,2026-04-10 14:39:00
1775832000,1.17336,1.17346,1.17332,1.17342,132.0,2026-04-10 14:40:00
1775832060,1.17342,1.17346,1.17332,1.17332,96.0,2026-04-10 14:41:00
1775832120,1.17332,1.17334,1.17258,1.17266,280.0,2026-04-10 14:42:00
1775832180,1.17268,1.17309,1.17268,1.17298,660.0,2026-04-10 14:43:00
1775832240,1.17297,1.17317,1.17267,1.17281,343.0,2026-04-10 14:44:00
1775832300,1.17282,1.17291,1.17244,1.1726,370.0,2026-04-10 14:45:00
1775832360,1.17262,1.17285,1.17258,1.17282,329.0,2026-04-10 14:46:00
1775832420,1.17281,1.17294,1.1728,1.17286,226.0,2026-04-10 14:47:00
1775832480,1.17285,1.17286,1.17272,1.17286,237.0,2026-04-10 14:48:00
1775832540,1.17284,1.17285,1.17256,1.17262,261.0,2026-04-10 14:49:00
1775832600,1.17264,1.17268,1.17241,1.17252,300.0,2026-04-10 14:50:00
1775832660,1.17252,1.17296,1.1725,1.17293,371.0,2026-04-10 14:51:00
1775832720,1.17293,1.17299,1.17271,1.17278,301.0,2026-04-10 14:52:00
1775832780,1.17278,1.17281,1.17252,1.17266,408.0,2026-04-10 14:53:00
1775832840,1.17266,1.17268,1.17228,1.17236,259.0,2026-04-10 14:54:00
1775832900,1.17236,1.17239,1.17202,1.17238,634.0,2026-04-10 14:55:00
1775832960,1.17237,1.17251,1.17232,1.17236,410.0,2026-04-10 14:56:00
1775833020,1.17236,1.17288,1.17236,1.17282,433.0,2026-04-10 14:57:00
1775833080,1.17281,1.1729,1.17276,1.17278,359.0,2026-04-10 14:58:00
1775833140,1.1728,1.17286,1.17276,1.17278,286.0,2026-04-10 14:59:00
1775833200,1.17278,1.173,1.17274,1.17295,239.0,2026-04-10 15:00:00
1775833260,1.17294,1.17306,1.17286,1.17288,264.0,2026-04-10 15:01:00
1775833320,1.17289,1.17314,1.17283,1.17303,240.0,2026-04-10 15:02:00
1775833380,1.17304,1.17313,1.17296,1.17304,227.0,2026-04-10 15:03:00
1775833440,1.17303,1.17306,1.17277,1.17286,147.0,2026-04-10 15:04:00
1775833500,1.17286,1.17289,1.1727,1.17271,133.0,2026-04-10 15:05:00
1775833560,1.1727,1.1729,1.17266,1.17282,194.0,2026-04-10 15:06:00
1775833620,1.17284,1.17286,1.17276,1.17277,127.0,2026-04-10 15:07:00
1775833680,1.17278,1.17322,1.17277,1.17318,155.0,2026-04-10 15:08:00
1775833740,1.17318,1.17328,1.17311,1.17327,142.0,2026-04-10 15:09:00
1775833800,1.17328,1.17336,1.17316,1.17318,161.0,2026-04-10 15:10:00
1775833860,1.17319,1.17338,1.17318,1.17336,128.0,2026-04-10 15:11:00
1775833920,1.17336,1.1735,1.17336,1.17346,127.0,2026-04-10 15:12:00
1775833980,1.17345,1.17354,1.17331,1.17348,127.0,2026-04-10 15:13:00
1775834040,1.17348,1.17352,1.17343,1.17348,106.0,2026-04-10 15:14:00
1775834100,1.17348,1.17368,1.17348,1.17352,120.0,2026-04-10 15:15:00
1775834160,1.17352,1.17356,1.17346,1.17353,166.0,2026-04-10 15:16:00
1775834220,1.17354,1.17357,1.17338,1.17348,158.0,2026-04-10 15:17:00
1775834280,1.17348,1.17354,1.1734,1.17353,165.0,2026-04-10 15:18:00
1775834340,1.17354,1.1736,1.17342,1.17346,148.0,2026-04-10 15:19:00
1775834400,1.17346,1.17369,1.17346,1.17366,244.0,2026-04-10 15:20:00
1775834460,1.17366,1.17378,1.17351,1.17362,175.0,2026-04-10 15:21:00
1775834520,1.17362,1.17375,1.17357,1.17372,133.0,2026-04-10 15:22:00
1775834580,1.17372,1.17384,1.1737,1.17384,95.0,2026-04-10 15:23:00
1775834640,1.17382,1.17396,1.17378,1.17386,228.0,2026-04-10 15:24:00
1775834700,1.17386,1.17386,1.1736,1.17362,243.0,2026-04-10 15:25:00
1775834760,1.17362,1.17369,1.17349,1.17368,254.0,2026-04-10 15:26:00
1775834820,1.1737,1.1737,1.17346,1.17355,225.0,2026-04-10 15:27:00
1775834880,1.17354,1.17371,1.17342,1.17367,230.0,2026-04-10 15:28:00
1775834940,1.17366,1.17367,1.1732,1.1732,228.0,2026-04-10 15:29:00
1775835000,1.17321,1.17348,1.1732,1.17326,215.0,2026-04-10 15:30:00
1775835060,1.17327,1.17329,1.173,1.17316,312.0,2026-04-10 15:31:00
1775835120,1.17319,1.1733,1.17314,1.1733,238.0,2026-04-10 15:32:00
1775835180,1.17332,1.17336,1.17322,1.17322,156.0,2026-04-10 15:33:00
1775835240,1.17319,1.17322,1.1731,1.17311,198.0,2026-04-10 15:34:00
1775835300,1.17312,1.17314,1.173,1.173,226.0,2026-04-10 15:35:00
1775835360,1.17301,1.17306,1.17297,1.17302,167.0,2026-04-10 15:36:00
1775835420,1.17302,1.17306,1.17298,1.17302,186.0,2026-04-10 15:37:00
1775835480,1.17302,1.17312,1.17295,1.1731,227.0,2026-04-10 15:38:00
1775835540,1.17309,1.17309,1.17296,1.17301,165.0,2026-04-10 15:39:00
1775835600,1.17302,1.17302,1.17278,1.17282,297.0,2026-04-10 15:40:00
1775835660,1.1728,1.17297,1.17276,1.17276,190.0,2026-04-10 15:41:00
1775835720,1.17276,1.17282,1.17272,1.17273,177.0,2026-04-10 15:42:00
1775835780,1.17272,1.17276,1.17268,1.17268,182.0,2026-04-10 15:43:00
1775835840,1.17268,1.17278,1.17267,1.17272,206.0,2026-04-10 15:44:00
1775835900,1.17273,1.17277,1.17263,1.17264,159.0,2026-04-10 15:45:00
1775835960,1.17264,1.17278,1.17242,1.17243,232.0,2026-04-10 15:46:00
1775836020,1.17242,1.17252,1.17232,1.17243,207.0,2026-04-10 15:47:00
1775836080,1.17244,1.1725,1.1723,1.17232,201.0,2026-04-10 15:48:00
1775836140,1.17233,1.17234,1.17226,1.17231,147.0,2026-04-10 15:49:00
1775836200,1.17232,1.17244,1.1723,1.17242,151.0,2026-04-10 15:50:00
1775836260,1.17244,1.17251,1.17242,1.17248,133.0,2026-04-10 15:51:00
1775836320,1.1725,1.17252,1.17238,1.17238,91.0,2026-04-10 15:52:00
1775836380,1.17236,1.17236,1.17228,1.1723,104.0,2026-04-10 15:53:00
1775836440,1.1723,1.17236,1.17222,1.17233,116.0,2026-04-10 15:54:00
1775836500,1.17234,1.17234,1.17222,1.17232,76.0,2026-04-10 15:55:00
1775836560,1.1723,1.17234,1.1723,1.1723,70.0,2026-04-10 15:56:00
1775836620,1.17232,1.17234,1.17219,1.17227,107.0,2026-04-10 15:57:00
1775836680,1.17229,1.17242,1.17229,1.17232,81.0,2026-04-10 15:58:00
1775836740,1.17232,1.17232,1.17218,1.17224,101.0,2026-04-10 15:59:00
1775836800,1.17224,1.17224,1.17202,1.17214,149.0,2026-04-10 16:00:00
1775836860,1.17214,1.17221,1.17212,1.17216,124.0,2026-04-10 16:01:00
1775836920,1.17218,1.17244,1.17218,1.17241,117.0,2026-04-10 16:02:00
1775836980,1.17242,1.17245,1.17234,1.17244,104.0,2026-04-10 16:03:00
1775837040,1.17243,1.17244,1.17238,1.17242,116.0,2026-04-10 16:04:00
1775837100,1.17242,1.17242,1.17222,1.17222,109.0,2026-04-10 16:05:00
1775837160,1.17223,1.1723,1.17211,1.17214,105.0,2026-04-10 16:06:00
1775837220,1.17214,1.17224,1.17212,1.1722,110.0,2026-04-10 16:07:00
1775837280,1.1722,1.17224,1.17216,1.17222,121.0,2026-04-10 16:08:00
1775837340,1.17222,1.17223,1.17216,1.17218,69.0,2026-04-10 16:09:00
1775837400,1.17218,1.17238,1.17218,1.17238,130.0,2026-04-10 16:10:00
1775837460,1.17238,1.17238,1.17228,1.17234,94.0,2026-04-10 16:11:00
1775837520,1.17236,1.17246,1.17236,1.17244,97.0,2026-04-10 16:12:00
1775837580,1.17244,1.17254,1.17242,1.17244,130.0,2026-04-10 16:13:00
1775837640,1.17243,1.17254,1.17241,1.17248,69.0,2026-04-10 16:14:00
1775837700,1.17248,1.17248,1.17238,1.17238,71.0,2026-04-10 16:15:00
1775837760,1.17237,1.17242,1.17233,1.17238,92.0,2026-04-10 16:16:00
1775837820,1.1724,1.17242,1.17232,1.17234,68.0,2026-04-10 16:17:00
1775837880,1.17233,1.17244,1.17232,1.17242,42.0,2026-04-10 16:18:00
1775837940,1.1724,1.17242,1.17233,1.17238,53.0,2026-04-10 16:19:00
1775838000,1.17239,1.1724,1.17221,1.17224,105.0,2026-04-10 16:20:00
1775838060,1.17223,1.17232,1.1722,1.17228,77.0,2026-04-10 16:21:00
1775838120,1.17229,1.1723,1.17218,1.17223,69.0,2026-04-10 16:22:00
1775838180,1.17222,1.17233,1.1722,1.17223,117.0,2026-04-10 16:23:00
1775838240,1.17222,1.17238,1.17218,1.17237,97.0,2026-04-10 16:24:00
1775838300,1.17238,1.17239,1.17218,1.1722,90.0,2026-04-10 16:25:00
1775838360,1.1722,1.17222,1.17212,1.17214,102.0,2026-04-10 16:26:00
1775838420,1.17214,1.1722,1.17209,1.17218,100.0,2026-04-10 16:27:00
1775838480,1.17218,1.17227,1.17214,1.17219,141.0,2026-04-10 16:28:00
1775838540,1.1722,1.17222,1.1721,1.1721,65.0,2026-04-10 16:29:00
1775838600,1.1721,1.17211,1.17202,1.1721,96.0,2026-04-10 16:30:00
1775838660,1.1721,1.17213,1.17198,1.172,80.0,2026-04-10 16:31:00
1775838720,1.17202,1.17202,1.17179,1.1718,88.0,2026-04-10 16:32:00
1775838780,1.17179,1.17182,1.17169,1.17172,189.0,2026-04-10 16:33:00
1775838840,1.17173,1.17182,1.17166,1.17174,191.0,2026-04-10 16:34:00
1775838900,1.17174,1.17182,1.17165,1.17168,100.0,2026-04-10 16:35:00
1775838960,1.17171,1.17184,1.1717,1.17182,180.0,2026-04-10 16:36:00
1775839020,1.1718,1.17193,1.17168,1.17188,189.0,2026-04-10 16:37:00
1775839080,1.17189,1.17193,1.17179,1.1718,196.0,2026-04-10 16:38:00
1775839140,1.17179,1.17182,1.17172,1.17176,124.0,2026-04-10 16:39:00
1775839200,1.17175,1.17176,1.17172,1.17174,79.0,2026-04-10 16:40:00
1775839260,1.17173,1.17173,1.17154,1.17164,169.0,2026-04-10 16:41:00
1775839320,1.17164,1.17164,1.17154,1.17158,150.0,2026-04-10 16:42:00
1775839380,1.1716,1.17162,1.17146,1.17146,129.0,2026-04-10 16:43:00
1775839440,1.17146,1.1715,1.17138,1.17141,121.0,2026-04-10 16:44:00
1775839500,1.1714,1.17154,1.17139,1.17144,165.0,2026-04-10 16:45:00
1775839560,1.17145,1.17155,1.17142,1.17154,95.0,2026-04-10 16:46:00
1775839620,1.17156,1.1716,1.1715,1.17156,99.0,2026-04-10 16:47:00
1775839680,1.17157,1.17176,1.17157,1.17166,100.0,2026-04-10 16:48:00
1775839740,1.17167,1.17168,1.17145,1.17147,89.0,2026-04-10 16:49:00
1775839800,1.17146,1.17157,1.17146,1.1715,88.0,2026-04-10 16:50:00
1775839860,1.17148,1.17168,1.17148,1.17168,125.0,2026-04-10 16:51:00
1775839920,1.17167,1.17178,1.17165,1.17176,76.0,2026-04-10 16:52:00
1775839980,1.17178,1.17194,1.17178,1.17189,137.0,2026-04-10 16:53:00
1775840040,1.17188,1.17198,1.17186,1.17195,86.0,2026-04-10 16:54:00
1775840100,1.17193,1.17194,1.17184,1.17194,145.0,2026-04-10 16:55:00
1775840160,1.17194,1.17194,1.17188,1.17192,98.0,2026-04-10 16:56:00
1775840220,1.17192,1.17208,1.17192,1.17206,100.0,2026-04-10 16:57:00
1775840280,1.17206,1.17209,1.172,1.17209,137.0,2026-04-10 16:58:00
1775840340,1.17209,1.17216,1.17204,1.17204,79.0,2026-04-10 16:59:00
1775840400,1.17205,1.17207,1.17197,1.17204,98.0,2026-04-10 17:00:00
1775840460,1.17204,1.17206,1.17197,1.17204,88.0,2026-04-10 17:01:00
1775840520,1.17203,1.17204,1.17192,1.17192,103.0,2026-04-10 17:02:00
1775840580,1.17192,1.17206,1.1719,1.17204,88.0,2026-04-10 17:03:00
1775840640,1.17204,1.17206,1.17202,1.17206,54.0,2026-04-10 17:04:00
1775840700,1.17206,1.17226,1.17201,1.17219,125.0,2026-04-10 17:05:00
1775840760,1.1722,1.17224,1.17217,1.17222,57.0,2026-04-10 17:06:00
1775840820,1.17222,1.17222,1.17202,1.17206,83.0,2026-04-10 17:07:00
1775840880,1.17207,1.1722,1.17205,1.17214,84.0,2026-04-10 17:08:00
1775840940,1.17214,1.17222,1.17214,1.1722,66.0,2026-04-10 17:09:00
1775841000,1.17219,1.17226,1.17219,1.17219,77.0,2026-04-10 17:10:00
1775841060,1.17217,1.1723,1.17216,1.17228,99.0,2026-04-10 17:11:00
1775841120,1.17228,1.17238,1.17224,1.17238,59.0,2026-04-10 17:12:00
1775841180,1.17238,1.17246,1.17237,1.17238,70.0,2026-04-10 17:13:00
1775841240,1.17238,1.1724,1.1723,1.17232,65.0,2026-04-10 17:14:00
1775841300,1.17234,1.1724,1.17234,1.17238,68.0,2026-04-10 17:15:00
1775841360,1.17239,1.17244,1.17226,1.1723,100.0,2026-04-10 17:16:00
1775841420,1.1723,1.17234,1.1723,1.17234,54.0,2026-04-10 17:17:00
1775841480,1.17234,1.17234,1.17224,1.17224,97.0,2026-04-10 17:18:00
1775841540,1.17224,1.17224,1.17213,1.17214,85.0,2026-04-10 17:19:00
1775841600,1.17214,1.17216,1.1721,1.1721,46.0,2026-04-10 17:20:00
1775841660,1.17212,1.17224,1.1721,1.1722,68.0,2026-04-10 17:21:00
1775841720,1.17219,1.17219,1.17206,1.17212,76.0,2026-04-10 17:22:00
1775841780,1.1721,1.1722,1.1721,1.1722,55.0,2026-04-10 17:23:00
1775841840,1.1722,1.1722,1.17214,1.17216,53.0,2026-04-10 17:24:00
1775841900,1.17214,1.17216,1.17209,1.17214,49.0,2026-04-10 17:25:00
1775841960,1.17214,1.17224,1.17214,1.1722,43.0,2026-04-10 17:26:00
1775842020,1.17219,1.17228,1.17219,1.17227,37.0,2026-04-10 17:27:00
1775842080,1.17228,1.17228,1.17218,1.1722,74.0,2026-04-10 17:28:00
1775842140,1.17219,1.17231,1.17218,1.1723,97.0,2026-04-10 17:29:00
1775842200,1.17229,1.17229,1.17216,1.17227,95.0,2026-04-10 17:30:00
1775842260,1.17228,1.1723,1.17219,1.1722,90.0,2026-04-10 17:31:00
1775842320,1.1722,1.17234,1.1722,1.1723,42.0,2026-04-10 17:32:00
1775842380,1.1723,1.17231,1.17222,1.17224,92.0,2026-04-10 17:33:00
1775842440,1.17224,1.17224,1.17218,1.17224,37.0,2026-04-10 17:34:00
1775842500,1.17223,1.17228,1.17222,1.17223,59.0,2026-04-10 17:35:00
1775842560,1.17224,1.17224,1.17213,1.17221,55.0,2026-04-10 17:36:00
1775842620,1.1722,1.17228,1.1722,1.17224,68.0,2026-04-10 17:37:00
1775842680,1.17224,1.17225,1.1722,1.17224,91.0,2026-04-10 17:38:00
1775842740,1.17223,1.17234,1.17222,1.17234,89.0,2026-04-10 17:39:00
1775842800,1.17233,1.17238,1.17232,1.17234,76.0,2026-04-10 17:40:00
1775842860,1.17235,1.1724,1.17234,1.17235,83.0,2026-04-10 17:41:00
1775842920,1.17234,1.17246,1.17234,1.17245,98.0,2026-04-10 17:42:00
1775842980,1.17244,1.17252,1.17244,1.17248,86.0,2026-04-10 17:43:00
1775843040,1.17249,1.17251,1.17243,1.17244,51.0,2026-04-10 17:44:00
1775843100,1.17244,1.17248,1.17238,1.17246,118.0,2026-04-10 17:45:00
1775843160,1.17246,1.17252,1.17246,1.17248,90.0,2026-04-10 17:46:00
1775843220,1.17247,1.17256,1.17246,1.17256,53.0,2026-04-10 17:47:00
1775843280,1.17256,1.17257,1.17238,1.17238,78.0,2026-04-10 17:48:00
1775843340,1.1724,1.17242,1.17236,1.17242,50.0,2026-04-10 17:49:00
1775843400,1.17242,1.17262,1.1724,1.17249,76.0,2026-04-10 17:50:00
1775843460,1.17248,1.17248,1.17232,1.17234,76.0,2026-04-10 17:51:00
1775843520,1.17234,1.17244,1.17234,1.17242,73.0,2026-04-10 17:52:00
1775843580,1.1724,1.17241,1.17231,1.17233,43.0,2026-04-10 17:53:00
1775843640,1.17234,1.17234,1.17221,1.17221,59.0,2026-04-10 17:54:00
1775843700,1.17219,1.1723,1.17218,1.17218,82.0,2026-04-10 17:55:00
1775843760,1.17222,1.17228,1.17222,1.17224,36.0,2026-04-10 17:56:00
1775843820,1.17224,1.17236,1.17224,1.17231,46.0,2026-04-10 17:57:00
1775843880,1.1723,1.17238,1.17228,1.1723,73.0,2026-04-10 17:58:00
1775843940,1.17232,1.17234,1.17229,1.17234,52.0,2026-04-10 17:59:00
1775844000,1.17234,1.17234,1.17224,1.17226,56.0,2026-04-10 18:00:00
1775844060,1.17225,1.17232,1.17221,1.17229,83.0,2026-04-10 18:01:00
1775844120,1.1723,1.17234,1.1722,1.1722,85.0,2026-04-10 18:02:00
1775844180,1.1722,1.17224,1.17217,1.17222,108.0,2026-04-10 18:03:00
1775844240,1.17222,1.17222,1.1719,1.17194,124.0,2026-04-10 18:04:00
1775844300,1.17194,1.17202,1.17193,1.17201,80.0,2026-04-10 18:05:00
1775844360,1.172,1.17209,1.172,1.172,85.0,2026-04-10 18:06:00
1775844420,1.17202,1.17204,1.17192,1.17192,49.0,2026-04-10 18:07:00
1775844480,1.17191,1.17214,1.17189,1.17212,83.0,2026-04-10 18:08:00
1775844540,1.17212,1.17214,1.17202,1.17204,65.0,2026-04-10 18:09:00
1775844600,1.17204,1.17231,1.17203,1.1723,135.0,2026-04-10 18:10:00
1775844660,1.1723,1.17241,1.1723,1.17238,76.0,2026-04-10 18:11:00
1775844720,1.17236,1.17236,1.17224,1.17234,77.0,2026-04-10 18:12:00
1775844780,1.17234,1.1724,1.17232,1.17238,48.0,2026-04-10 18:13:00
1775844840,1.17236,1.17237,1.17228,1.17234,104.0,2026-04-10 18:14:00
1775844900,1.17234,1.17244,1.17234,1.17239,90.0,2026-04-10 18:15:00
1775844960,1.1724,1.1724,1.17232,1.17235,35.0,2026-04-10 18:16:00
1775845020,1.17234,1.17239,1.17229,1.17236,85.0,2026-04-10 18:17:00
1775845080,1.17236,1.17254,1.17236,1.17254,115.0,2026-04-10 18:18:00
1775845140,1.17254,1.17264,1.17253,1.1726,104.0,2026-04-10 18:19:00
1775845200,1.1726,1.17272,1.17254,1.17268,127.0,2026-04-10 18:20:00
1775845260,1.17268,1.17284,1.17266,1.17284,177.0,2026-04-10 18:21:00
1775845320,1.17283,1.17283,1.17269,1.17275,135.0,2026-04-10 18:22:00
1775845380,1.17276,1.17284,1.17272,1.17276,124.0,2026-04-10 18:23:00
1775845440,1.17275,1.17276,1.17264,1.17266,121.0,2026-04-10 18:24:00
1775845500,1.17268,1.17272,1.1726,1.17271,79.0,2026-04-10 18:25:00
1775845560,1.1727,1.1728,1.17268,1.17278,99.0,2026-04-10 18:26:00
1775845620,1.1728,1.17286,1.17278,1.17286,100.0,2026-04-10 18:27:00
1775845680,1.17288,1.17296,1.17283,1.17296,122.0,2026-04-10 18:28:00
1775845740,1.17296,1.17296,1.17288,1.1729,70.0,2026-04-10 18:29:00
1775845800,1.17292,1.17306,1.17292,1.17304,115.0,2026-04-10 18:30:00
1775845860,1.17304,1.1731,1.17297,1.17304,137.0,2026-04-10 18:31:00
1775845920,1.17304,1.17328,1.17304,1.17324,128.0,2026-04-10 18:32:00
1775845980,1.17324,1.17324,1.17314,1.17319,90.0,2026-04-10 18:33:00
1775846040,1.1732,1.17331,1.17316,1.17329,105.0,2026-04-10 18:34:00
1775846100,1.17328,1.17337,1.17325,1.1733,86.0,2026-04-10 18:35:00
1775846160,1.17332,1.17336,1.17324,1.17329,143.0,2026-04-10 18:36:00
1775846220,1.17328,1.17334,1.17324,1.17332,70.0,2026-04-10 18:37:00
1775846280,1.17332,1.17354,1.17331,1.17352,116.0,2026-04-10 18:38:00
1775846340,1.17351,1.17354,1.17344,1.17345,130.0,2026-04-10 18:39:00
1775846400,1.17344,1.1735,1.17344,1.17344,119.0,2026-04-10 18:40:00
1775846460,1.17344,1.17344,1.17324,1.17326,107.0,2026-04-10 18:41:00
1775846520,1.17327,1.1733,1.17323,1.17328,66.0,2026-04-10 18:42:00
1775846580,1.17328,1.1733,1.17322,1.17328,86.0,2026-04-10 18:43:00
1775846640,1.17328,1.17336,1.17324,1.17324,113.0,2026-04-10 18:44:00
1775846700,1.17325,1.17328,1.17314,1.17316,71.0,2026-04-10 18:45:00
1775846760,1.17319,1.17326,1.17314,1.17324,106.0,2026-04-10 18:46:00
1775846820,1.17324,1.17324,1.17299,1.17303,92.0,2026-04-10 18:47:00
1775846880,1.17302,1.17302,1.17288,1.17299,53.0,2026-04-10 18:48:00
1775846940,1.173,1.17304,1.17295,1.17295,38.0,2026-04-10 18:49:00
1775847000,1.17296,1.17304,1.17294,1.17302,59.0,2026-04-10 18:50:00
1775847060,1.17302,1.17302,1.17294,1.17296,63.0,2026-04-10 18:51:00
1775847120,1.17296,1.17304,1.17296,1.17301,109.0,2026-04-10 18:52:00
1775847180,1.173,1.17308,1.173,1.17305,51.0,2026-04-10 18:53:00
1775847240,1.17306,1.17314,1.17306,1.17314,58.0,2026-04-10 18:54:00
1775847300,1.17314,1.17317,1.17296,1.17298,99.0,2026-04-10 18:55:00
1775847360,1.17298,1.17307,1.17298,1.17305,40.0,2026-04-10 18:56:00
1775847420,1.17308,1.17308,1.173,1.17305,59.0,2026-04-10 18:57:00
1775847480,1.17304,1.17318,1.17303,1.17316,71.0,2026-04-10 18:58:00
1775847540,1.17313,1.17318,1.17309,1.17316,96.0,2026-04-10 18:59:00
1775847600,1.17316,1.17326,1.17314,1.17321,101.0,2026-04-10 19:00:00
1775847660,1.1732,1.17322,1.17308,1.17308,66.0,2026-04-10 19:01:00
1775847720,1.17309,1.17309,1.173,1.17304,71.0,2026-04-10 19:02:00
1775847780,1.17304,1.17306,1.17296,1.17304,104.0,2026-04-10 19:03:00
1775847840,1.17304,1.17306,1.173,1.173,77.0,2026-04-10 19:04:00
1775847900,1.173,1.17304,1.17291,1.17304,78.0,2026-04-10 19:05:00
1775847960,1.17301,1.17301,1.17287,1.17295,66.0,2026-04-10 19:06:00
1775848020,1.17296,1.173,1.1729,1.1729,76.0,2026-04-10 19:07:00
1775848080,1.17288,1.17295,1.17288,1.1729,78.0,2026-04-10 19:08:00
1775848140,1.17288,1.17292,1.1728,1.1728,67.0,2026-04-10 19:09:00
1775848200,1.17281,1.17288,1.1728,1.17288,27.0,2026-04-10 19:10:00
1775848260,1.17288,1.17292,1.17287,1.17291,63.0,2026-04-10 19:11:00
1775848320,1.17292,1.17298,1.17278,1.1728,92.0,2026-04-10 19:12:00
1775848380,1.1728,1.17289,1.17278,1.17289,66.0,2026-04-10 19:13:00
1775848440,1.17287,1.1729,1.17282,1.17282,55.0,2026-04-10 19:14:00
1775848500,1.17283,1.17287,1.1728,1.17286,65.0,2026-04-10 19:15:00
1775848560,1.17288,1.173,1.17288,1.17298,44.0,2026-04-10 19:16:00
1775848620,1.17298,1.173,1.17294,1.17298,35.0,2026-04-10 19:17:00
1775848680,1.17298,1.173,1.17291,1.17294,37.0,2026-04-10 19:18:00
1775848740,1.1729,1.17295,1.17289,1.17295,18.0,2026-04-10 19:19:00
1775848800,1.17297,1.17298,1.1729,1.17294,54.0,2026-04-10 19:20:00
1775848860,1.17292,1.17292,1.17288,1.17291,55.0,2026-04-10 19:21:00
1775848920,1.1729,1.17304,1.17288,1.17304,91.0,2026-04-10 19:22:00
1775848980,1.17304,1.17309,1.173,1.17306,97.0,2026-04-10 19:23:00
1775849040,1.17304,1.17308,1.17299,1.17299,69.0,2026-04-10 19:24:00
1775849100,1.173,1.17312,1.17298,1.17312,66.0,2026-04-10 19:25:00
1775849160,1.1731,1.1731,1.173,1.173,85.0,2026-04-10 19:26:00
1775849220,1.17301,1.17306,1.173,1.17305,49.0,2026-04-10 19:27:00
1775849280,1.17306,1.17306,1.173,1.173,64.0,2026-04-10 19:28:00
1775849340,1.173,1.173,1.17278,1.17282,63.0,2026-04-10 19:29:00
1775849400,1.17283,1.17283,1.17274,1.17274,96.0,2026-04-10 19:30:00
1775849460,1.17274,1.17288,1.17274,1.17286,56.0,2026-04-10 19:31:00
1775849520,1.17286,1.17286,1.1728,1.1728,40.0,2026-04-10 19:32:00
1775849580,1.1728,1.17296,1.17278,1.17292,45.0,2026-04-10 19:33:00
1775849640,1.17291,1.17292,1.1729,1.1729,33.0,2026-04-10 19:34:00
1775849700,1.1729,1.17295,1.17288,1.17294,24.0,2026-04-10 19:35:00
1775849760,1.17295,1.173,1.17294,1.17299,41.0,2026-04-10 19:36:00
1775849820,1.173,1.17304,1.17294,1.17294,43.0,2026-04-10 19:37:00
1775849880,1.17294,1.17295,1.1729,1.17292,41.0,2026-04-10 19:38:00
1775849940,1.17294,1.17294,1.1729,1.1729,46.0,2026-04-10 19:39:00
1775850000,1.1729,1.17292,1.1728,1.1728,76.0,2026-04-10 19:40:00
1775850060,1.17279,1.17285,1.17279,1.17284,72.0,2026-04-10 19:41:00
1775850120,1.17284,1.17288,1.17282,1.17284,49.0,2026-04-10 19:42:00
1775850180,1.17286,1.17294,1.17284,1.17294,45.0,2026-04-10 19:43:00
1775850240,1.17294,1.17296,1.17292,1.17293,62.0,2026-04-10 19:44:00
1775850300,1.17292,1.17297,1.1729,1.17294,33.0,2026-04-10 19:45:00
1775850360,1.17295,1.17295,1.17292,1.17294,38.0,2026-04-10 19:46:00
1775850420,1.17294,1.17294,1.1729,1.17292,17.0,2026-04-10 19:47:00
1775850480,1.17292,1.17292,1.1729,1.1729,15.0,2026-04-10 19:48:00
1775850540,1.1729,1.17292,1.17284,1.17287,48.0,2026-04-10 19:49:00
1775850600,1.17288,1.17298,1.17285,1.17296,87.0,2026-04-10 19:50:00
1775850660,1.17295,1.17295,1.17284,1.17289,51.0,2026-04-10 19:51:00
1775850720,1.17288,1.1729,1.1728,1.1728,44.0,2026-04-10 19:52:00
1775850780,1.1728,1.17282,1.17276,1.1728,53.0,2026-04-10 19:53:00
1775850840,1.17278,1.17288,1.17278,1.17287,48.0,2026-04-10 19:54:00
1775850900,1.17288,1.17288,1.17282,1.17286,61.0,2026-04-10 19:55:00
1775850960,1.17286,1.17288,1.1728,1.17284,60.0,2026-04-10 19:56:00
1775851020,1.17284,1.17287,1.1728,1.17286,98.0,2026-04-10 19:57:00
1775851080,1.17286,1.17286,1.17273,1.17285,97.0,2026-04-10 19:58:00
1775851140,1.17284,1.17286,1.17273,1.17274,118.0,2026-04-10 19:59:00
1775851200,1.17274,1.17281,1.17269,1.17272,100.0,2026-04-10 20:00:00
1775851260,1.17272,1.1728,1.17272,1.1728,78.0,2026-04-10 20:01:00
1775851320,1.1728,1.1729,1.17278,1.17289,62.0,2026-04-10 20:02:00
1775851380,1.17288,1.1729,1.17286,1.1729,44.0,2026-04-10 20:03:00
1775851440,1.1729,1.17292,1.17283,1.17283,26.0,2026-04-10 20:04:00
1775851500,1.17284,1.17284,1.17276,1.17276,37.0,2026-04-10 20:05:00
1775851560,1.17278,1.1728,1.17278,1.17278,28.0,2026-04-10 20:06:00
1775851620,1.17278,1.17278,1.17276,1.17276,14.0,2026-04-10 20:07:00
1775851680,1.17278,1.17284,1.17277,1.17282,26.0,2026-04-10 20:08:00
1775851740,1.17284,1.17288,1.17282,1.17288,19.0,2026-04-10 20:09:00
1775851800,1.17287,1.17298,1.17287,1.17294,34.0,2026-04-10 20:10:00
1775851860,1.17294,1.17294,1.1729,1.17291,33.0,2026-04-10 20:11:00
1775851920,1.17292,1.17294,1.1729,1.1729,59.0,2026-04-10 20:12:00
1775851980,1.1729,1.17294,1.17288,1.1729,29.0,2026-04-10 20:13:00
1775852040,1.17293,1.17298,1.17288,1.17288,69.0,2026-04-10 20:14:00
1775852100,1.1729,1.17295,1.17288,1.17288,96.0,2026-04-10 20:15:00
1775852160,1.17287,1.17295,1.17286,1.17293,36.0,2026-04-10 20:16:00
1775852220,1.17292,1.17296,1.17292,1.17296,33.0,2026-04-10 20:17:00
1775852280,1.17296,1.17296,1.17294,1.17294,20.0,2026-04-10 20:18:00
1775852340,1.17294,1.17296,1.17293,1.17293,23.0,2026-04-10 20:19:00
1775852400,1.17294,1.17294,1.17285,1.17288,41.0,2026-04-10 20:20:00
1775852460,1.17288,1.17291,1.17286,1.17288,29.0,2026-04-10 20:21:00
1775852520,1.17288,1.1729,1.17288,1.17288,27.0,2026-04-10 20:22:00
1775852580,1.17289,1.1729,1.17287,1.17289,36.0,2026-04-10 20:23:00
1775852640,1.17289,1.17289,1.17284,1.17284,82.0,2026-04-10 20:24:00
1775852700,1.17285,1.17288,1.17284,1.17284,138.0,2026-04-10 20:25:00
1775852760,1.17284,1.17288,1.17282,1.17288,295.0,2026-04-10 20:26:00
1775852820,1.17288,1.1729,1.17285,1.17286,60.0,2026-04-10 20:27:00
1775852880,1.17285,1.17288,1.17284,1.17287,49.0,2026-04-10 20:28:00
1775852940,1.17286,1.17287,1.17282,1.17286,79.0,2026-04-10 20:29:00
1775853000,1.17287,1.17292,1.17284,1.17291,169.0,2026-04-10 20:30:00
1775853060,1.17292,1.17294,1.17291,1.17292,255.0,2026-04-10 20:31:00
1775853120,1.17292,1.17294,1.17292,1.17293,66.0,2026-04-10 20:32:00
1775853180,1.17294,1.17298,1.17292,1.17298,55.0,2026-04-10 20:33:00
1775853240,1.17298,1.17298,1.17292,1.17292,64.0,2026-04-10 20:34:00
1775853300,1.17292,1.17296,1.1729,1.17292,50.0,2026-04-10 20:35:00
1775853360,1.17291,1.17295,1.17282,1.17295,46.0,2026-04-10 20:36:00
1775853420,1.17294,1.17302,1.17294,1.173,113.0,2026-04-10 20:37:00
1775853480,1.173,1.173,1.17294,1.17294,58.0,2026-04-10 20:38:00
1775853540,1.17294,1.17295,1.1729,1.17294,53.0,2026-04-10 20:39:00
1775853600,1.17296,1.17299,1.17295,1.17298,36.0,2026-04-10 20:40:00
1775853660,1.17299,1.17302,1.17298,1.173,31.0,2026-04-10 20:41:00
1775853720,1.17299,1.173,1.17299,1.173,6.0,2026-04-10 20:42:00
1775853780,1.173,1.17304,1.17292,1.17292,62.0,2026-04-10 20:43:00
1775853840,1.1729,1.17296,1.17289,1.17294,35.0,2026-04-10 20:44:00
1775853900,1.17294,1.17298,1.17293,1.17296,69.0,2026-04-10 20:45:00
1775853960,1.17298,1.173,1.17293,1.17294,30.0,2026-04-10 20:46:00
1775854020,1.17294,1.17304,1.17294,1.17304,36.0,2026-04-10 20:47:00
1775854080,1.17304,1.17311,1.17303,1.1731,25.0,2026-04-10 20:48:00
1775854140,1.17309,1.1731,1.17302,1.17304,59.0,2026-04-10 20:49:00
1775854200,1.17304,1.17306,1.17292,1.17296,78.0,2026-04-10 20:50:00
1775854260,1.17296,1.17301,1.17286,1.17301,101.0,2026-04-10 20:51:00
1775854320,1.17302,1.17309,1.17296,1.17303,70.0,2026-04-10 20:52:00
1775854380,1.17302,1.17308,1.17297,1.17301,144.0,2026-04-10 20:53:00
1775854440,1.173,1.17304,1.17297,1.17302,80.0,2026-04-10 20:54:00
1775854500,1.17302,1.17304,1.17284,1.17286,210.0,2026-04-10 20:55:00
1775854560,1.17287,1.17287,1.1726,1.1727,287.0,2026-04-10 20:56:00
1775854620,1.17268,1.17271,1.17216,1.17253,181.0,2026-04-10 20:57:00
1775854680,1.17256,1.17258,1.17208,1.1725,206.0,2026-04-10 20:58:00
1775854740,1.17252,1.17256,1.1725,1.1725,15.0,2026-04-10 20:59:00
1776027840,1.16666,1.16674,1.16664,1.16664,13.0,2026-04-12 21:04:00
1776027900,1.16666,1.16675,1.16664,1.16673,51.0,2026-04-12 21:05:00
1776027960,1.16674,1.16682,1.1667,1.16677,70.0,2026-04-12 21:06:00
1776028020,1.16678,1.16678,1.16674,1.16676,111.0,2026-04-12 21:07:00
1776028080,1.16676,1.16678,1.1667,1.16671,117.0,2026-04-12 21:08:00
1776028140,1.1667,1.16676,1.1667,1.16674,120.0,2026-04-12 21:09:00
1776028200,1.16675,1.16676,1.16669,1.16672,155.0,2026-04-12 21:10:00
1776028260,1.1667,1.16676,1.1667,1.16672,37.0,2026-04-12 21:11:00
1776028320,1.16671,1.16675,1.16671,1.16671,17.0,2026-04-12 21:12:00
1776028380,1.16672,1.16674,1.16672,1.16674,8.0,2026-04-12 21:13:00
1776028440,1.16674,1.1671,1.16674,1.16709,50.0,2026-04-12 21:14:00
1776028500,1.16706,1.1672,1.167,1.16715,59.0,2026-04-12 21:15:00
1776028560,1.16716,1.16743,1.16714,1.16742,30.0,2026-04-12 21:16:00
1776028620,1.16742,1.16748,1.16732,1.16734,27.0,2026-04-12 21:17:00
1776028680,1.16734,1.16742,1.16732,1.16738,12.0,2026-04-12 21:18:00
1776028740,1.16736,1.16738,1.16736,1.16736,8.0,2026-04-12 21:19:00
1776028800,1.16734,1.16749,1.16734,1.16742,10.0,2026-04-12 21:20:00
1776028860,1.16744,1.16745,1.16744,1.16745,6.0,2026-04-12 21:21:00
1776028920,1.16744,1.16758,1.16744,1.16748,24.0,2026-04-12 21:22:00
1776028980,1.16748,1.16748,1.16746,1.16748,11.0,2026-04-12 21:23:00
1776029040,1.1675,1.1675,1.16748,1.16748,12.0,2026-04-12 21:24:00
1776029100,1.16747,1.16747,1.16744,1.16744,9.0,2026-04-12 21:25:00
1776029160,1.16745,1.16816,1.16744,1.16814,73.0,2026-04-12 21:26:00
1776029220,1.16816,1.16818,1.16812,1.16814,25.0,2026-04-12 21:27:00
1776029280,1.16816,1.16816,1.16808,1.16815,21.0,2026-04-12 21:28:00
1776029340,1.16814,1.16818,1.16808,1.16814,21.0,2026-04-12 21:29:00
1776029400,1.16813,1.16817,1.1681,1.16816,50.0,2026-04-12 21:30:00
1776029460,1.16815,1.16816,1.16794,1.1681,43.0,2026-04-12 21:31:00
1776029520,1.1681,1.16814,1.16807,1.16814,12.0,2026-04-12 21:32:00
1776029580,1.16814,1.16816,1.16813,1.16815,16.0,2026-04-12 21:33:00
1776029640,1.16816,1.16816,1.16808,1.1681,22.0,2026-04-12 21:34:00
1776029700,1.16806,1.16816,1.16783,1.1681,123.0,2026-04-12 21:35:00
1776029760,1.1681,1.16814,1.16802,1.16814,37.0,2026-04-12 21:36:00
1776029820,1.16804,1.16812,1.16804,1.16804,44.0,2026-04-12 21:37:00
1776029880,1.16802,1.1681,1.16798,1.16804,80.0,2026-04-12 21:38:00
1776029940,1.16803,1.16812,1.168,1.16806,70.0,2026-04-12 21:39:00
1776030000,1.1681,1.16812,1.16802,1.16812,38.0,2026-04-12 21:40:00
1776030060,1.16812,1.16812,1.16811,1.16811,5.0,2026-04-12 21:41:00
1776030120,1.1681,1.1681,1.16793,1.16793,24.0,2026-04-12 21:42:00
1776030180,1.16792,1.16794,1.16789,1.16792,21.0,2026-04-12 21:43:00
1776030240,1.16792,1.16792,1.16786,1.16786,14.0,2026-04-12 21:44:00
1776030300,1.16785,1.16794,1.16784,1.16793,19.0,2026-04-12 21:45:00
1776030360,1.16792,1.16792,1.1679,1.16792,3.0,2026-04-12 21:46:00
1776030420,1.1679,1.16792,1.1679,1.16792,3.0,2026-04-12 21:47:00
1776030480,1.16792,1.16794,1.16792,1.16792,8.0,2026-04-12 21:48:00
1776030540,1.16791,1.16792,1.1679,1.16791,9.0,2026-04-12 21:49:00
1776030600,1.16792,1.16792,1.16791,1.16791,4.0,2026-04-12 21:50:00
1776030660,1.1679,1.16792,1.1679,1.1679,6.0,2026-04-12 21:51:00
1776030780,1.1679,1.1679,1.16784,1.16784,7.0,2026-04-12 21:53:00
1776030840,1.16784,1.16789,1.16776,1.16776,19.0,2026-04-12 21:54:00
1776030900,1.16782,1.16791,1.16775,1.16784,14.0,2026-04-12 21:55:00
1776030960,1.16786,1.16788,1.16765,1.1678,53.0,2026-04-12 21:56:00
1776031020,1.16769,1.16796,1.16769,1.16775,37.0,2026-04-12 21:57:00
1776031080,1.16774,1.16786,1.16773,1.16786,15.0,2026-04-12 21:58:00
1776031140,1.16768,1.16768,1.1673,1.16736,28.0,2026-04-12 21:59:00
1776031200,1.16735,1.16774,1.16727,1.16772,163.0,2026-04-12 22:00:00
1776031260,1.16771,1.16794,1.16764,1.16788,162.0,2026-04-12 22:01:00
1776031320,1.16785,1.16795,1.16758,1.16782,219.0,2026-04-12 22:02:00
1776031380,1.16781,1.16796,1.16738,1.16738,205.0,2026-04-12 22:03:00
1776031440,1.16738,1.16744,1.16701,1.16736,222.0,2026-04-12 22:04:00
1776031500,1.16737,1.16738,1.16713,1.1672,181.0,2026-04-12 22:05:00
1776031560,1.1672,1.16726,1.16716,1.16722,86.0,2026-04-12 22:06:00
1776031620,1.16722,1.16726,1.16715,1.16724,86.0,2026-04-12 22:07:00
1776031680,1.16725,1.16725,1.16695,1.16714,57.0,2026-04-12 22:08:00
1776031740,1.16712,1.16776,1.16712,1.16772,174.0,2026-04-12 22:09:00
1776031800,1.16772,1.16792,1.1677,1.16773,160.0,2026-04-12 22:10:00
1776031860,1.16774,1.1678,1.16766,1.1677,114.0,2026-04-12 22:11:00
1776031920,1.1677,1.16776,1.16768,1.16768,121.0,2026-04-12 22:12:00
1776031980,1.16769,1.16772,1.16754,1.16762,122.0,2026-04-12 22:13:00
1776032040,1.16762,1.16766,1.16746,1.16754,93.0,2026-04-12 22:14:00
1776032100,1.16754,1.16754,1.16726,1.16735,159.0,2026-04-12 22:15:00
1776032160,1.16734,1.16742,1.16726,1.16741,143.0,2026-04-12 22:16:00
1776032220,1.16743,1.16766,1.16742,1.16757,210.0,2026-04-12 22:17:00
1776032280,1.16758,1.16766,1.16726,1.1674,139.0,2026-04-12 22:18:00
1776032340,1.16741,1.16749,1.1672,1.16725,139.0,2026-04-12 22:19:00
1776032400,1.16722,1.16732,1.16704,1.16704,110.0,2026-04-12 22:20:00
1776032460,1.16706,1.16716,1.16704,1.16704,71.0,2026-04-12 22:21:00
1776032520,1.16704,1.16715,1.16682,1.16694,170.0,2026-04-12 22:22:00
1776032580,1.16696,1.16704,1.16693,1.16702,198.0,2026-04-12 22:23:00
1776032640,1.16701,1.16702,1.16682,1.16682,138.0,2026-04-12 22:24:00
1776032700,1.16682,1.1669,1.16674,1.1668,143.0,2026-04-12 22:25:00
1776032760,1.16681,1.16694,1.16676,1.16689,167.0,2026-04-12 22:26:00
1776032820,1.16688,1.16694,1.16661,1.16662,192.0,2026-04-12 22:27:00
1776032880,1.16662,1.16674,1.16662,1.16672,132.0,2026-04-12 22:28:00
1776032940,1.16672,1.16682,1.16665,1.1668,155.0,2026-04-12 22:29:00
1776033000,1.16682,1.16684,1.16658,1.16663,236.0,2026-04-12 22:30:00
1776033060,1.16662,1.16678,1.16662,1.16666,298.0,2026-04-12 22:31:00
1776033120,1.16666,1.16682,1.1666,1.16672,191.0,2026-04-12 22:32:00
1776033180,1.16672,1.16688,1.16667,1.16686,218.0,2026-04-12 22:33:00
1776033240,1.16686,1.16699,1.1668,1.16698,335.0,2026-04-12 22:34:00
1776033300,1.16696,1.16698,1.16683,1.16694,230.0,2026-04-12 22:35:00
1776033360,1.16694,1.16702,1.16688,1.167,166.0,2026-04-12 22:36:00
1776033420,1.167,1.16708,1.16696,1.16707,170.0,2026-04-12 22:37:00
1776033480,1.16706,1.16706,1.16696,1.16701,110.0,2026-04-12 22:38:00
1776033540,1.167,1.16708,1.16692,1.16703,126.0,2026-04-12 22:39:00
1776033600,1.16702,1.16718,1.16699,1.16716,222.0,2026-04-12 22:40:00
1776033660,1.16715,1.16718,1.16709,1.1671,124.0,2026-04-12 22:41:00
1776033720,1.1671,1.16714,1.16688,1.1669,131.0,2026-04-12 22:42:00
1776033780,1.1669,1.16704,1.1669,1.16702,93.0,2026-04-12 22:43:00
1776033840,1.16702,1.16719,1.16702,1.16718,143.0,2026-04-12 22:44:00
1776033900,1.16716,1.16735,1.16712,1.16725,100.0,2026-04-12 22:45:00
1776033960,1.16724,1.16725,1.16713,1.16724,193.0,2026-04-12 22:46:00
1776034020,1.16722,1.16728,1.1672,1.1672,104.0,2026-04-12 22:47:00
1776034080,1.16721,1.16732,1.1672,1.16721,82.0,2026-04-12 22:48:00
1776034140,1.1672,1.16723,1.16712,1.16714,85.0,2026-04-12 22:49:00
1776034200,1.16712,1.16717,1.16705,1.16705,89.0,2026-04-12 22:50:00
1776034260,1.16708,1.16722,1.16704,1.16719,65.0,2026-04-12 22:51:00
1776034320,1.1672,1.16722,1.1671,1.16711,53.0,2026-04-12 22:52:00
1776034380,1.16712,1.16712,1.167,1.16701,64.0,2026-04-12 22:53:00
1776034440,1.167,1.16704,1.16694,1.16701,75.0,2026-04-12 22:54:00
1776034500,1.167,1.16706,1.16694,1.16701,82.0,2026-04-12 22:55:00
1776034560,1.167,1.16709,1.167,1.16706,48.0,2026-04-12 22:56:00
1776034620,1.16706,1.16714,1.16705,1.16712,40.0,2026-04-12 22:57:00
1776034680,1.16714,1.16729,1.16714,1.16726,86.0,2026-04-12 22:58:00
1776034740,1.16728,1.16734,1.16724,1.16724,58.0,2026-04-12 22:59:00
1776034800,1.16724,1.16724,1.16718,1.16718,63.0,2026-04-12 23:00:00
1776034860,1.16719,1.1674,1.16718,1.16738,114.0,2026-04-12 23:01:00
1776034920,1.16738,1.1674,1.1673,1.16731,182.0,2026-04-12 23:02:00
1776034980,1.16732,1.16738,1.16726,1.16733,116.0,2026-04-12 23:03:00
1776035040,1.16735,1.16735,1.16722,1.16722,76.0,2026-04-12 23:04:00
1776035100,1.16723,1.16724,1.16714,1.16714,129.0,2026-04-12 23:05:00
1776035160,1.16716,1.16724,1.16712,1.16713,148.0,2026-04-12 23:06:00
1776035220,1.16714,1.1672,1.16702,1.16707,106.0,2026-04-12 23:07:00
1776035280,1.16706,1.16708,1.167,1.16703,33.0,2026-04-12 23:08:00
1776035340,1.167,1.16709,1.16696,1.16708,40.0,2026-04-12 23:09:00
1776035400,1.16706,1.16706,1.167,1.16703,32.0,2026-04-12 23:10:00
1776035460,1.16704,1.16726,1.16704,1.16715,99.0,2026-04-12 23:11:00
1776035520,1.16714,1.16715,1.16708,1.16714,37.0,2026-04-12 23:12:00
1776035580,1.16716,1.16718,1.16713,1.16714,59.0,2026-04-12 23:13:00
1776035640,1.16714,1.16715,1.16704,1.16707,64.0,2026-04-12 23:14:00
1776035700,1.16708,1.16708,1.16698,1.16698,46.0,2026-04-12 23:15:00
1776035760,1.167,1.167,1.16682,1.16682,77.0,2026-04-12 23:16:00
1776035820,1.16682,1.16684,1.16672,1.16672,53.0,2026-04-12 23:17:00
1776035880,1.16674,1.16683,1.16668,1.16672,70.0,2026-04-12 23:18:00
1776035940,1.16672,1.16673,1.16666,1.1667,64.0,2026-04-12 23:19:00
1776036000,1.16669,1.16669,1.1666,1.16662,62.0,2026-04-12 23:20:00
1776036060,1.16663,1.16672,1.16652,1.16658,81.0,2026-04-12 23:21:00
1776036120,1.16658,1.1666,1.16647,1.16656,79.0,2026-04-12 23:22:00
1776036180,1.16657,1.16666,1.16651,1.16658,111.0,2026-04-12 23:23:00
1776036240,1.16658,1.16658,1.1664,1.1664,67.0,2026-04-12 23:24:00
1776036300,1.16641,1.16655,1.16641,1.1665,88.0,2026-04-12 23:25:00
1776036360,1.1665,1.16662,1.1665,1.16662,110.0,2026-04-12 23:26:00
1776036420,1.16661,1.16674,1.16661,1.16673,35.0,2026-04-12 23:27:00
1776036480,1.1667,1.16684,1.16668,1.16682,73.0,2026-04-12 23:28:00
1776036540,1.16682,1.16682,1.16678,1.16682,65.0,2026-04-12 23:29:00
1776036600,1.16682,1.16686,1.16679,1.16682,56.0,2026-04-12 23:30:00
1776036660,1.16683,1.16683,1.16672,1.16683,67.0,2026-04-12 23:31:00
1776036720,1.16682,1.16685,1.16676,1.16679,47.0,2026-04-12 23:32:00
1776036780,1.16678,1.16706,1.16678,1.16702,58.0,2026-04-12 23:33:00
1776036840,1.16704,1.1671,1.16702,1.16702,56.0,2026-04-12 23:34:00
1776036900,1.16702,1.1671,1.167,1.16706,77.0,2026-04-12 23:35:00
1776036960,1.16707,1.16712,1.16704,1.1671,49.0,2026-04-12 23:36:00
1776037020,1.16708,1.16712,1.16707,1.16708,51.0,2026-04-12 23:37:00
1776037080,1.16708,1.16714,1.16708,1.16714,24.0,2026-04-12 23:38:00
1776037140,1.16717,1.16724,1.16717,1.16718,35.0,2026-04-12 23:39:00
1776037200,1.16718,1.16719,1.16704,1.16705,52.0,2026-04-12 23:40:00
1776037260,1.16703,1.16712,1.16703,1.1671,61.0,2026-04-12 23:41:00
1776037320,1.16709,1.1671,1.16704,1.16708,66.0,2026-04-12 23:42:00
1776037380,1.16707,1.16712,1.16704,1.16706,46.0,2026-04-12 23:43:00
1776037440,1.16702,1.1671,1.16694,1.16709,73.0,2026-04-12 23:44:00
1776037500,1.16708,1.16729,1.16708,1.16712,128.0,2026-04-12 23:45:00
1776037560,1.16712,1.16722,1.1671,1.16718,98.0,2026-04-12 23:46:00
1776037620,1.16718,1.16728,1.16712,1.16722,116.0,2026-04-12 23:47:00
1776037680,1.16722,1.1673,1.16722,1.16725,71.0,2026-04-12 23:48:00
1776037740,1.16724,1.16739,1.16724,1.16738,168.0,2026-04-12 23:49:00
1776037800,1.16738,1.1674,1.16734,1.16734,121.0,2026-04-12 23:50:00
1776037860,1.16734,1.16746,1.16732,1.16746,69.0,2026-04-12 23:51:00
1776037920,1.16746,1.16756,1.16746,1.16751,115.0,2026-04-12 23:52:00
1776037980,1.16752,1.16752,1.16738,1.1674,88.0,2026-04-12 23:53:00
1776038040,1.16739,1.1674,1.16732,1.16737,68.0,2026-04-12 23:54:00
1776038100,1.16738,1.16748,1.16736,1.16743,64.0,2026-04-12 23:55:00
1776038160,1.16744,1.16744,1.16738,1.1674,41.0,2026-04-12 23:56:00
1776038220,1.16738,1.16738,1.16719,1.16728,72.0,2026-04-12 23:57:00
1776038280,1.16728,1.16747,1.16728,1.16745,99.0,2026-04-12 23:58:00
1776038340,1.16746,1.1675,1.1674,1.1675,59.0,2026-04-12 23:59:00
1776038400,1.16752,1.16758,1.16721,1.16721,284.0,2026-04-13 00:00:00
1776038460,1.16719,1.16724,1.16712,1.1672,238.0,2026-04-13 00:01:00
1776038520,1.16722,1.16728,1.1671,1.16713,213.0,2026-04-13 00:02:00
1776038580,1.16711,1.1674,1.16711,1.16739,196.0,2026-04-13 00:03:00
1776038640,1.1674,1.1676,1.16738,1.1675,160.0,2026-04-13 00:04:00
1776038700,1.16749,1.16757,1.1674,1.16754,198.0,2026-04-13 00:05:00
1776038760,1.16753,1.16762,1.16749,1.16761,106.0,2026-04-13 00:06:00
1776038820,1.1676,1.16761,1.16742,1.16748,89.0,2026-04-13 00:07:00
1776038880,1.16748,1.16748,1.16741,1.16744,101.0,2026-04-13 00:08:00
1776038940,1.16744,1.16776,1.16744,1.16774,211.0,2026-04-13 00:09:00
1776039000,1.16772,1.16791,1.1677,1.1679,190.0,2026-04-13 00:10:00
1776039060,1.1679,1.16796,1.16771,1.16775,142.0,2026-04-13 00:11:00
1776039120,1.16776,1.16776,1.16765,1.16766,87.0,2026-04-13 00:12:00
1776039180,1.16766,1.16776,1.16762,1.16772,93.0,2026-04-13 00:13:00
1776039240,1.16772,1.16788,1.16769,1.16786,128.0,2026-04-13 00:14:00
1776039300,1.16782,1.16793,1.16777,1.16792,236.0,2026-04-13 00:15:00
1776039360,1.1679,1.16798,1.16786,1.16794,114.0,2026-04-13 00:16:00
1776039420,1.16795,1.16801,1.16793,1.16794,111.0,2026-04-13 00:17:00
1776039480,1.16795,1.16798,1.16784,1.1679,117.0,2026-04-13 00:18:00
1776039540,1.16789,1.16793,1.16785,1.16786,147.0,2026-04-13 00:19:00
1776039600,1.16786,1.16794,1.16785,1.16785,85.0,2026-04-13 00:20:00
1776039660,1.16784,1.16802,1.16784,1.16801,98.0,2026-04-13 00:21:00
1776039720,1.168,1.16804,1.16792,1.16801,112.0,2026-04-13 00:22:00
1776039780,1.16802,1.16812,1.16798,1.16806,82.0,2026-04-13 00:23:00
1776039840,1.16806,1.16817,1.16802,1.16813,104.0,2026-04-13 00:24:00
1776039900,1.16812,1.16824,1.16812,1.16822,52.0,2026-04-13 00:25:00
1776039960,1.16819,1.16825,1.16816,1.16822,72.0,2026-04-13 00:26:00
1776040020,1.16818,1.16837,1.16818,1.1683,86.0,2026-04-13 00:27:00
1776040080,1.16829,1.16832,1.16828,1.16832,50.0,2026-04-13 00:28:00
1776040140,1.16828,1.16828,1.16808,1.16808,71.0,2026-04-13 00:29:00
1776040200,1.16808,1.16818,1.16806,1.16818,88.0,2026-04-13 00:30:00
1776040260,1.16817,1.16828,1.16816,1.16826,46.0,2026-04-13 00:31:00
1776040320,1.16823,1.16834,1.16822,1.1683,68.0,2026-04-13 00:32:00
1776040380,1.1683,1.16854,1.1683,1.16847,84.0,2026-04-13 00:33:00
1776040440,1.16846,1.16853,1.16846,1.16848,111.0,2026-04-13 00:34:00
1776040500,1.16848,1.16849,1.16842,1.16842,82.0,2026-04-13 00:35:00
1776040560,1.16843,1.16852,1.16842,1.16852,39.0,2026-04-13 00:36:00
1776040620,1.1685,1.16854,1.16847,1.16852,56.0,2026-04-13 00:37:00
1776040680,1.16851,1.16852,1.16842,1.16842,61.0,2026-04-13 00:38:00
1776040740,1.16843,1.16848,1.16842,1.16846,61.0,2026-04-13 00:39:00
1776040800,1.16846,1.16862,1.16846,1.16862,58.0,2026-04-13 00:40:00
1776040860,1.16862,1.16862,1.16853,1.16854,49.0,2026-04-13 00:41:00
1776040920,1.16853,1.16862,1.16852,1.16856,45.0,2026-04-13 00:42:00
1776040980,1.16857,1.16858,1.16852,1.16852,54.0,2026-04-13 00:43:00
1776041040,1.16852,1.16852,1.16846,1.16846,44.0,2026-04-13 00:44:00
1776041100,1.16847,1.16852,1.16843,1.16852,98.0,2026-04-13 00:45:00
1776041160,1.16855,1.16858,1.16854,1.16857,15.0,2026-04-13 00:46:00
1776041220,1.16856,1.16859,1.16852,1.16858,63.0,2026-04-13 00:47:00
1776041280,1.16857,1.16861,1.16852,1.16854,79.0,2026-04-13 00:48:00
1776041340,1.16853,1.16854,1.16847,1.16853,46.0,2026-04-13 00:49:00
1776041400,1.16855,1.16858,1.16846,1.16847,61.0,2026-04-13 00:50:00
1776041460,1.16844,1.16852,1.16844,1.16852,87.0,2026-04-13 00:51:00
1776041520,1.1685,1.16852,1.16846,1.16847,75.0,2026-04-13 00:52:00
1776041580,1.16846,1.16848,1.16841,1.16846,79.0,2026-04-13 00:53:00
1776041640,1.16846,1.16862,1.16841,1.16861,189.0,2026-04-13 00:54:00
1776041700,1.1686,1.16862,1.16846,1.16853,189.0,2026-04-13 00:55:00
1776041760,1.16852,1.16854,1.16843,1.16844,87.0,2026-04-13 00:56:00
1776041820,1.16845,1.16864,1.16845,1.16861,86.0,2026-04-13 00:57:00
1776041880,1.1686,1.16868,1.1685,1.16858,83.0,2026-04-13 00:58:00
1776041940,1.16858,1.16876,1.16858,1.16876,88.0,2026-04-13 00:59:00
1776042000,1.16878,1.16892,1.1687,1.16871,138.0,2026-04-13 01:00:00
1776042060,1.1687,1.16874,1.16851,1.16866,191.0,2026-04-13 01:01:00
1776042120,1.16867,1.16876,1.16852,1.16857,198.0,2026-04-13 01:02:00
1776042180,1.16856,1.16863,1.16856,1.16858,65.0,2026-04-13 01:03:00
1776042240,1.16858,1.16867,1.16845,1.16851,148.0,2026-04-13 01:04:00
1776042300,1.16852,1.16854,1.16838,1.16848,163.0,2026-04-13 01:05:00
1776042360,1.16848,1.16853,1.16846,1.16852,78.0,2026-04-13 01:06:00
1776042420,1.16852,1.16862,1.1685,1.1686,92.0,2026-04-13 01:07:00
1776042480,1.1686,1.16864,1.16852,1.16852,64.0,2026-04-13 01:08:00
1776042540,1.16853,1.16888,1.16853,1.16884,138.0,2026-04-13 01:09:00
1776042600,1.16884,1.16892,1.16882,1.16887,99.0,2026-04-13 01:10:00
1776042660,1.16886,1.16886,1.16876,1.1688,101.0,2026-04-13 01:11:00
1776042720,1.1688,1.16894,1.1688,1.16888,71.0,2026-04-13 01:12:00
1776042780,1.16888,1.16896,1.16886,1.16892,80.0,2026-04-13 01:13:00
1776042840,1.16894,1.16898,1.16882,1.16882,80.0,2026-04-13 01:14:00
1776042900,1.16883,1.16888,1.16872,1.16886,93.0,2026-04-13 01:15:00
1776042960,1.16884,1.16886,1.16879,1.16886,63.0,2026-04-13 01:16:00
1776043020,1.16887,1.16888,1.16876,1.1688,69.0,2026-04-13 01:17:00
1776043080,1.1688,1.16888,1.16876,1.16877,85.0,2026-04-13 01:18:00
1776043140,1.16878,1.16888,1.16877,1.16882,76.0,2026-04-13 01:19:00
1776043200,1.16883,1.16888,1.16882,1.16886,68.0,2026-04-13 01:20:00
1776043260,1.16885,1.16888,1.16874,1.16874,67.0,2026-04-13 01:21:00
1776043320,1.16874,1.16874,1.16858,1.16862,109.0,2026-04-13 01:22:00
1776043380,1.16863,1.16864,1.16856,1.16858,62.0,2026-04-13 01:23:00
1776043440,1.1686,1.16866,1.16856,1.16857,89.0,2026-04-13 01:24:00
1776043500,1.16857,1.16868,1.16857,1.16862,107.0,2026-04-13 01:25:00
1776043560,1.16862,1.16865,1.16848,1.16849,115.0,2026-04-13 01:26:00
1776043620,1.1685,1.1685,1.16835,1.16835,126.0,2026-04-13 01:27:00
1776043680,1.16836,1.16848,1.16836,1.16847,82.0,2026-04-13 01:28:00
1776043740,1.16848,1.16848,1.16842,1.16842,50.0,2026-04-13 01:29:00
1776043800,1.1684,1.16842,1.16832,1.16832,143.0,2026-04-13 01:30:00
1776043860,1.16833,1.16834,1.16822,1.16822,71.0,2026-04-13 01:31:00
1776043920,1.1682,1.16827,1.16818,1.16826,93.0,2026-04-13 01:32:00
1776043980,1.16826,1.1683,1.16825,1.16826,82.0,2026-04-13 01:33:00
1776044040,1.16826,1.16837,1.16826,1.16836,85.0,2026-04-13 01:34:00
1776044100,1.16837,1.16842,1.16832,1.16832,60.0,2026-04-13 01:35:00
1776044160,1.16832,1.16836,1.16832,1.16833,61.0,2026-04-13 01:36:00
1776044220,1.16832,1.16832,1.16826,1.16827,43.0,2026-04-13 01:37:00
1776044280,1.16828,1.16834,1.16826,1.16826,39.0,2026-04-13 01:38:00
1776044340,1.16827,1.16828,1.16821,1.16822,68.0,2026-04-13 01:39:00
1776044400,1.16822,1.16829,1.16822,1.16827,65.0,2026-04-13 01:40:00
1776044460,1.16826,1.16828,1.16808,1.1681,66.0,2026-04-13 01:41:00
1776044520,1.16812,1.1682,1.16804,1.16816,121.0,2026-04-13 01:42:00
1776044580,1.16816,1.16822,1.16814,1.16822,63.0,2026-04-13 01:43:00
1776044640,1.16823,1.16823,1.16819,1.1682,73.0,2026-04-13 01:44:00
1776044700,1.1682,1.16821,1.16808,1.16814,91.0,2026-04-13 01:45:00
1776044760,1.16814,1.16818,1.16812,1.16816,82.0,2026-04-13 01:46:00
1776044820,1.16816,1.16828,1.16816,1.16827,68.0,2026-04-13 01:47:00
1776044880,1.16828,1.16846,1.16826,1.16842,140.0,2026-04-13 01:48:00
1776044940,1.16841,1.16842,1.16836,1.16836,66.0,2026-04-13 01:49:00
1776045000,1.16836,1.16846,1.16836,1.16842,43.0,2026-04-13 01:50:00
1776045060,1.16842,1.16857,1.16842,1.16853,80.0,2026-04-13 01:51:00
1776045120,1.16852,1.16862,1.16852,1.16857,68.0,2026-04-13 01:52:00
1776045180,1.16858,1.16864,1.16852,1.16862,83.0,2026-04-13 01:53:00
1776045240,1.16862,1.16864,1.1686,1.16862,44.0,2026-04-13 01:54:00
1776045300,1.16862,1.16866,1.16846,1.16854,168.0,2026-04-13 01:55:00
1776045360,1.16853,1.16864,1.1685,1.16864,97.0,2026-04-13 01:56:00
1776045420,1.16864,1.16874,1.16864,1.16871,93.0,2026-04-13 01:57:00
1776045480,1.1687,1.16874,1.16866,1.16869,94.0,2026-04-13 01:58:00
1776045540,1.1687,1.1687,1.16862,1.16862,42.0,2026-04-13 01:59:00
1776045600,1.16863,1.16874,1.16862,1.16866,68.0,2026-04-13 02:00:00
1776045660,1.16865,1.16872,1.1686,1.16864,42.0,2026-04-13 02:01:00
1776045720,1.16864,1.16864,1.16856,1.16858,44.0,2026-04-13 02:02:00
1776045780,1.16858,1.16858,1.16855,1.16858,36.0,2026-04-13 02:03:00
1776045840,1.16858,1.1687,1.16858,1.1687,49.0,2026-04-13 02:04:00
1776045900,1.1687,1.16875,1.16868,1.16868,46.0,2026-04-13 02:05:00
1776045960,1.16866,1.16866,1.16856,1.16859,78.0,2026-04-13 02:06:00
1776046020,1.16858,1.16864,1.16858,1.16861,32.0,2026-04-13 02:07:00
1776046080,1.16862,1.16876,1.16862,1.16876,75.0,2026-04-13 02:08:00
1776046140,1.16876,1.16878,1.16867,1.16878,47.0,2026-04-13 02:09:00
1776046200,1.16878,1.16878,1.16868,1.16878,36.0,2026-04-13 02:10:00
1776046260,1.16878,1.16881,1.16876,1.16881,28.0,2026-04-13 02:11:00
1776046320,1.1688,1.16881,1.16872,1.16872,21.0,2026-04-13 02:12:00
1776046380,1.16874,1.16876,1.1687,1.16876,35.0,2026-04-13 02:13:00
1776046440,1.16877,1.16879,1.16874,1.16874,29.0,2026-04-13 02:14:00
1776046500,1.16875,1.16876,1.16874,1.16874,30.0,2026-04-13 02:15:00
1776046560,1.16874,1.16875,1.1687,1.16871,51.0,2026-04-13 02:16:00
1776046620,1.1687,1.16874,1.1687,1.16872,50.0,2026-04-13 02:17:00
1776046680,1.16871,1.16872,1.16868,1.1687,34.0,2026-04-13 02:18:00
1776046740,1.1687,1.16875,1.16868,1.16874,31.0,2026-04-13 02:19:00
1776046800,1.16873,1.16874,1.16871,1.16874,36.0,2026-04-13 02:20:00
1776046860,1.16873,1.16879,1.16872,1.16879,36.0,2026-04-13 02:21:00
1776046920,1.16878,1.16887,1.16878,1.16886,50.0,2026-04-13 02:22:00
1776046980,1.16886,1.16888,1.1688,1.16881,27.0,2026-04-13 02:23:00
1776047040,1.16883,1.16883,1.16877,1.16882,25.0,2026-04-13 02:24:00
1776047100,1.16882,1.16884,1.1688,1.16884,16.0,2026-04-13 02:25:00
1776047160,1.16884,1.16884,1.16877,1.16878,31.0,2026-04-13 02:26:00
1776047220,1.16878,1.16882,1.16876,1.16882,22.0,2026-04-13 02:27:00
1776047280,1.16883,1.16884,1.16875,1.16877,44.0,2026-04-13 02:28:00
1776047340,1.16876,1.16877,1.16872,1.16874,44.0,2026-04-13 02:29:00
1776047400,1.16875,1.16901,1.16874,1.169,77.0,2026-04-13 02:30:00
1776047460,1.16901,1.16902,1.16886,1.16888,72.0,2026-04-13 02:31:00
1776047520,1.16888,1.16891,1.16884,1.16885,59.0,2026-04-13 02:32:00
1776047580,1.16885,1.16885,1.16874,1.16876,53.0,2026-04-13 02:33:00
1776047640,1.16875,1.16876,1.16872,1.16872,25.0,2026-04-13 02:34:00
1776047700,1.16872,1.16876,1.16865,1.16876,49.0,2026-04-13 02:35:00
1776047760,1.16875,1.16876,1.1687,1.1687,29.0,2026-04-13 02:36:00
1776047820,1.16869,1.16871,1.16866,1.16866,36.0,2026-04-13 02:37:00
1776047880,1.16864,1.16865,1.16862,1.16864,33.0,2026-04-13 02:38:00
1776047940,1.16864,1.16868,1.16861,1.16865,17.0,2026-04-13 02:39:00
1776048000,1.16865,1.16868,1.16862,1.16866,43.0,2026-04-13 02:40:00
1776048060,1.16866,1.16874,1.16866,1.16874,26.0,2026-04-13 02:41:00
1776048120,1.16874,1.16876,1.16871,1.16876,25.0,2026-04-13 02:42:00
1776048180,1.16876,1.16877,1.16874,1.16876,13.0,2026-04-13 02:43:00
1776048240,1.16876,1.16876,1.16866,1.16866,61.0,2026-04-13 02:44:00
1776048300,1.16867,1.16878,1.16866,1.16874,61.0,2026-04-13 02:45:00
1776048360,1.16874,1.16875,1.16866,1.16868,55.0,2026-04-13 02:46:00
1776048420,1.16867,1.16868,1.16856,1.16856,52.0,2026-04-13 02:47:00
1776048480,1.16856,1.16858,1.16853,1.16857,37.0,2026-04-13 02:48:00
1776048540,1.16856,1.16862,1.16854,1.16856,37.0,2026-04-13 02:49:00
1776048600,1.16855,1.16862,1.16855,1.16861,39.0,2026-04-13 02:50:00
1776048660,1.16862,1.16864,1.1686,1.16862,27.0,2026-04-13 02:51:00
1776048720,1.16862,1.16872,1.1686,1.1687,38.0,2026-04-13 02:52:00
1776048780,1.1687,1.16878,1.1687,1.16877,38.0,2026-04-13 02:53:00
1776048840,1.16876,1.16886,1.16876,1.16885,45.0,2026-04-13 02:54:00
1776048900,1.16884,1.16885,1.16877,1.16882,61.0,2026-04-13 02:55:00
1776048960,1.16883,1.16883,1.16877,1.16878,64.0,2026-04-13 02:56:00
1776049020,1.16878,1.16882,1.16876,1.16876,19.0,2026-04-13 02:57:00
1776049080,1.16876,1.16884,1.16876,1.16884,37.0,2026-04-13 02:58:00
1776049140,1.16884,1.16891,1.16883,1.16885,33.0,2026-04-13 02:59:00
1776049200,1.16886,1.16892,1.16886,1.16887,56.0,2026-04-13 03:00:00
1776049260,1.16887,1.1689,1.1688,1.16882,37.0,2026-04-13 03:01:00
1776049320,1.16884,1.16886,1.16882,1.16882,25.0,2026-04-13 03:02:00
1776049380,1.16882,1.16894,1.16882,1.16884,30.0,2026-04-13 03:03:00
1776049440,1.16884,1.16884,1.1687,1.16873,54.0,2026-04-13 03:04:00
1776049500,1.16874,1.16876,1.16867,1.16874,57.0,2026-04-13 03:05:00
1776049560,1.16873,1.16873,1.16868,1.16872,40.0,2026-04-13 03:06:00
1776049620,1.16873,1.16876,1.16868,1.16873,44.0,2026-04-13 03:07:00
1776049680,1.16874,1.16874,1.16867,1.1687,33.0,2026-04-13 03:08:00
1776049740,1.1687,1.16871,1.16866,1.1687,39.0,2026-04-13 03:09:00
1776049800,1.1687,1.16872,1.16866,1.16868,52.0,2026-04-13 03:10:00
1776049860,1.16867,1.16872,1.16864,1.16866,32.0,2026-04-13 03:11:00
1776049920,1.16866,1.16868,1.16863,1.16868,24.0,2026-04-13 03:12:00
1776049980,1.16867,1.16868,1.16867,1.16867,19.0,2026-04-13 03:13:00
1776050040,1.16868,1.16872,1.16866,1.16866,30.0,2026-04-13 03:14:00
1776050100,1.16867,1.16867,1.16862,1.16864,49.0,2026-04-13 03:15:00
1776050160,1.16864,1.16864,1.1686,1.16862,18.0,2026-04-13 03:16:00
1776050220,1.16863,1.16872,1.16862,1.16868,46.0,2026-04-13 03:17:00
1776050280,1.16867,1.16878,1.16867,1.16874,25.0,2026-04-13 03:18:00
1776050340,1.16874,1.16875,1.16871,1.16872,24.0,2026-04-13 03:19:00
1776050400,1.16872,1.16876,1.16868,1.16868,19.0,2026-04-13 03:20:00
1776050460,1.16868,1.16868,1.16866,1.16867,16.0,2026-04-13 03:21:00
1776050520,1.16864,1.16871,1.16864,1.1687,18.0,2026-04-13 03:22:00
1776050580,1.16868,1.16868,1.16866,1.16868,21.0,2026-04-13 03:23:00
1776050640,1.16871,1.16872,1.16862,1.16862,30.0,2026-04-13 03:24:00
1776050700,1.16862,1.16868,1.16862,1.16867,32.0,2026-04-13 03:25:00
1776050760,1.16868,1.16878,1.16868,1.16876,33.0,2026-04-13 03:26:00
1776050820,1.16876,1.16876,1.16874,1.16876,8.0,2026-04-13 03:27:00
1776050880,1.16876,1.16878,1.16872,1.16874,43.0,2026-04-13 03:28:00
1776050940,1.16874,1.16874,1.16866,1.16866,37.0,2026-04-13 03:29:00
1776051000,1.16867,1.1687,1.16867,1.16868,35.0,2026-04-13 03:30:00
1776051060,1.1687,1.16876,1.1687,1.16872,41.0,2026-04-13 03:31:00
1776051120,1.16873,1.16875,1.16868,1.16868,36.0,2026-04-13 03:32:00
1776051180,1.16867,1.1687,1.16867,1.1687,15.0,2026-04-13 03:33:00
1776051240,1.16868,1.1687,1.16867,1.1687,25.0,2026-04-13 03:34:00
1776051300,1.1687,1.16871,1.16867,1.1687,34.0,2026-04-13 03:35:00
1776051360,1.1687,1.16872,1.16863,1.16866,44.0,2026-04-13 03:36:00
1776051420,1.16866,1.16869,1.16864,1.16867,33.0,2026-04-13 03:37:00
1776051480,1.16866,1.16868,1.16866,1.16868,21.0,2026-04-13 03:38:00
1776051540,1.16868,1.16868,1.16864,1.16866,29.0,2026-04-13 03:39:00
1776051600,1.16866,1.16874,1.16866,1.16874,17.0,2026-04-13 03:40:00
1776051660,1.16874,1.16883,1.16874,1.16883,47.0,2026-04-13 03:41:00
1776051720,1.16884,1.16888,1.16882,1.16884,37.0,2026-04-13 03:42:00
1776051780,1.16884,1.16886,1.16883,1.16884,65.0,2026-04-13 03:43:00
1776051840,1.16885,1.16886,1.16882,1.16884,32.0,2026-04-13 03:44:00
1776051900,1.16884,1.16886,1.16876,1.16876,69.0,2026-04-13 03:45:00
1776051960,1.16874,1.16878,1.16872,1.16874,39.0,2026-04-13 03:46:00
1776052020,1.16873,1.16874,1.16869,1.16872,21.0,2026-04-13 03:47:00
1776052080,1.1687,1.16878,1.16869,1.16876,29.0,2026-04-13 03:48:00
1776052140,1.16874,1.16886,1.16874,1.16885,46.0,2026-04-13 03:49:00
1776052200,1.16886,1.16886,1.16882,1.16882,29.0,2026-04-13 03:50:00
1776052260,1.16884,1.16884,1.16876,1.16876,29.0,2026-04-13 03:51:00
1776052320,1.16878,1.16882,1.16878,1.16882,9.0,2026-04-13 03:52:00
1776052380,1.16884,1.16884,1.16878,1.16884,35.0,2026-04-13 03:53:00
1776052440,1.16884,1.16884,1.16878,1.16879,29.0,2026-04-13 03:54:00
1776052500,1.16878,1.16882,1.16878,1.16878,23.0,2026-04-13 03:55:00
1776052560,1.16878,1.16884,1.16878,1.16884,29.0,2026-04-13 03:56:00
1776052620,1.16883,1.16884,1.16874,1.16878,30.0,2026-04-13 03:57:00
1776052680,1.16879,1.16884,1.16878,1.16882,29.0,2026-04-13 03:58:00
1776052740,1.16882,1.16886,1.16878,1.16882,37.0,2026-04-13 03:59:00
1776052800,1.16883,1.16884,1.1688,1.1688,39.0,2026-04-13 04:00:00
1776052860,1.1688,1.1688,1.16876,1.16878,24.0,2026-04-13 04:01:00
1776052920,1.16877,1.16878,1.1687,1.16874,47.0,2026-04-13 04:02:00
1776052980,1.16874,1.16878,1.16873,1.16877,26.0,2026-04-13 04:03:00
1776053040,1.16876,1.16882,1.16873,1.1688,27.0,2026-04-13 04:04:00
1776053100,1.16878,1.16878,1.16876,1.16876,9.0,2026-04-13 04:05:00
1776053160,1.16878,1.16881,1.16875,1.1688,29.0,2026-04-13 04:06:00
1776053220,1.1688,1.16892,1.16879,1.1689,43.0,2026-04-13 04:07:00
1776053280,1.1689,1.16898,1.1689,1.16897,38.0,2026-04-13 04:08:00
1776053340,1.16898,1.16901,1.16897,1.16898,25.0,2026-04-13 04:09:00
1776053400,1.16899,1.169,1.16896,1.16898,39.0,2026-04-13 04:10:00
1776053460,1.16898,1.16901,1.16897,1.16898,35.0,2026-04-13 04:11:00
1776053520,1.16897,1.16898,1.16892,1.16896,26.0,2026-04-13 04:12:00
1776053580,1.16898,1.16899,1.16896,1.16898,33.0,2026-04-13 04:13:00
1776053640,1.16898,1.16898,1.16897,1.16898,11.0,2026-04-13 04:14:00
1776053700,1.16898,1.169,1.16896,1.16898,33.0,2026-04-13 04:15:00
1776053760,1.16898,1.16902,1.16896,1.16901,30.0,2026-04-13 04:16:00
1776053820,1.16902,1.16902,1.16896,1.16897,35.0,2026-04-13 04:17:00
1776053880,1.16896,1.16896,1.1689,1.16892,21.0,2026-04-13 04:18:00
1776053940,1.16892,1.16897,1.16891,1.16894,19.0,2026-04-13 04:19:00
1776054000,1.16892,1.16892,1.16886,1.16889,27.0,2026-04-13 04:20:00
1776054060,1.16888,1.16888,1.16878,1.16882,25.0,2026-04-13 04:21:00
1776054120,1.1688,1.16883,1.1688,1.16882,24.0,2026-04-13 04:22:00
1776054180,1.16882,1.16882,1.16878,1.1688,47.0,2026-04-13 04:23:00
1776054240,1.1688,1.16884,1.16878,1.16882,39.0,2026-04-13 04:24:00
1776054300,1.16884,1.1689,1.16884,1.16889,35.0,2026-04-13 04:25:00
1776054360,1.16888,1.16895,1.16888,1.16894,24.0,2026-04-13 04:26:00
1776054420,1.16895,1.16896,1.16892,1.16896,17.0,2026-04-13 04:27:00
1776054480,1.16895,1.16896,1.16893,1.16893,23.0,2026-04-13 04:28:00
1776054540,1.16892,1.16892,1.16884,1.16888,25.0,2026-04-13 04:29:00
1776054600,1.16889,1.16892,1.16889,1.16892,26.0,2026-04-13 04:30:00
1776054660,1.16892,1.16898,1.16887,1.16896,37.0,2026-04-13 04:31:00
1776054720,1.16895,1.16898,1.16888,1.16888,38.0,2026-04-13 04:32:00
1776054780,1.16888,1.16888,1.16884,1.16884,14.0,2026-04-13 04:33:00
1776054840,1.16886,1.16888,1.16878,1.16878,40.0,2026-04-13 04:34:00
1776054900,1.16878,1.16878,1.16872,1.16873,44.0,2026-04-13 04:35:00
1776054960,1.16872,1.16873,1.16872,1.16872,7.0,2026-04-13 04:36:00
1776055020,1.16872,1.16872,1.16868,1.16868,46.0,2026-04-13 04:37:00
1776055080,1.16867,1.16868,1.16864,1.16866,36.0,2026-04-13 04:38:00
1776055140,1.16867,1.16874,1.16864,1.16866,35.0,2026-04-13 04:39:00
1776055200,1.16866,1.16874,1.16866,1.16874,55.0,2026-04-13 04:40:00
1776055260,1.16873,1.16874,1.16869,1.1687,41.0,2026-04-13 04:41:00
1776055320,1.16872,1.16878,1.16872,1.16874,41.0,2026-04-13 04:42:00
1776055380,1.16874,1.16874,1.16866,1.16867,84.0,2026-04-13 04:43:00
1776055440,1.16867,1.16877,1.16866,1.16874,36.0,2026-04-13 04:44:00
1776055500,1.16875,1.16878,1.16872,1.16876,25.0,2026-04-13 04:45:00
1776055560,1.16876,1.1688,1.16876,1.16878,17.0,2026-04-13 04:46:00
1776055620,1.16878,1.16878,1.16873,1.16873,12.0,2026-04-13 04:47:00
1776055680,1.16872,1.16872,1.16872,1.16872,31.0,2026-04-13 04:48:00
1776055740,1.16872,1.16874,1.16868,1.16873,38.0,2026-04-13 04:49:00
1776055800,1.16874,1.16876,1.16872,1.16872,40.0,2026-04-13 04:50:00
1776055860,1.16874,1.16875,1.16873,1.16874,14.0,2026-04-13 04:51:00
1776055920,1.16874,1.16876,1.16872,1.16873,19.0,2026-04-13 04:52:00
1776055980,1.16872,1.16876,1.16872,1.16874,17.0,2026-04-13 04:53:00
1776056040,1.16874,1.16878,1.16873,1.16877,40.0,2026-04-13 04:54:00
1776056100,1.16878,1.16888,1.16877,1.16884,44.0,2026-04-13 04:55:00
1776056160,1.16884,1.16884,1.16874,1.16876,79.0,2026-04-13 04:56:00
1776056220,1.16874,1.16876,1.16866,1.16872,67.0,2026-04-13 04:57:00
1776056280,1.16872,1.16872,1.16862,1.16863,60.0,2026-04-13 04:58:00
1776056340,1.16863,1.16863,1.16858,1.16862,58.0,2026-04-13 04:59:00
1776056400,1.16862,1.16868,1.16852,1.16854,93.0,2026-04-13 05:00:00
1776056460,1.16856,1.16861,1.16852,1.16856,133.0,2026-04-13 05:01:00
1776056520,1.16856,1.16862,1.16855,1.1686,61.0,2026-04-13 05:02:00
1776056580,1.16861,1.16861,1.16856,1.16856,39.0,2026-04-13 05:03:00
1776056640,1.16857,1.16857,1.16852,1.16856,30.0,2026-04-13 05:04:00
1776056700,1.16857,1.16865,1.16857,1.16862,42.0,2026-04-13 05:05:00
1776056760,1.16863,1.16864,1.1686,1.1686,12.0,2026-04-13 05:06:00
1776056820,1.16858,1.16864,1.16857,1.16862,37.0,2026-04-13 05:07:00
1776056880,1.16861,1.16862,1.16846,1.16847,47.0,2026-04-13 05:08:00
1776056940,1.16848,1.16848,1.16833,1.16841,93.0,2026-04-13 05:09:00
1776057000,1.16842,1.16848,1.16838,1.16838,55.0,2026-04-13 05:10:00
1776057060,1.16838,1.1684,1.16836,1.16838,40.0,2026-04-13 05:11:00
1776057120,1.16838,1.16844,1.16838,1.16842,23.0,2026-04-13 05:12:00
1776057180,1.16842,1.16843,1.16838,1.16842,29.0,2026-04-13 05:13:00
1776057240,1.16843,1.16846,1.16842,1.16846,26.0,2026-04-13 05:14:00
1776057300,1.16847,1.16863,1.16846,1.16862,109.0,2026-04-13 05:15:00
1776057360,1.16864,1.16866,1.16852,1.16852,63.0,2026-04-13 05:16:00
1776057420,1.16854,1.16854,1.16844,1.16844,35.0,2026-04-13 05:17:00
1776057480,1.16845,1.16851,1.16844,1.16846,48.0,2026-04-13 05:18:00
1776057540,1.16846,1.16846,1.16845,1.16845,15.0,2026-04-13 05:19:00
1776057600,1.16845,1.16852,1.16843,1.16849,41.0,2026-04-13 05:20:00
1776057660,1.1685,1.16856,1.16848,1.16856,29.0,2026-04-13 05:21:00
1776057720,1.16856,1.16856,1.16849,1.16854,60.0,2026-04-13 05:22:00
1776057780,1.16854,1.16861,1.16853,1.16859,73.0,2026-04-13 05:23:00
1776057840,1.16859,1.16861,1.16856,1.16856,40.0,2026-04-13 05:24:00
1776057900,1.16856,1.16856,1.16852,1.16854,15.0,2026-04-13 05:25:00
1776057960,1.16854,1.16856,1.16852,1.16854,38.0,2026-04-13 05:26:00
1776058020,1.16854,1.16861,1.16854,1.16861,38.0,2026-04-13 05:27:00
1776058080,1.1686,1.16873,1.16857,1.16872,71.0,2026-04-13 05:28:00
1776058140,1.16872,1.16872,1.16865,1.16868,26.0,2026-04-13 05:29:00
1776058200,1.16869,1.1687,1.16864,1.16868,56.0,2026-04-13 05:30:00
1776058260,1.16868,1.1687,1.16866,1.16866,33.0,2026-04-13 05:31:00
1776058320,1.16865,1.16869,1.16864,1.16866,44.0,2026-04-13 05:32:00
1776058380,1.16866,1.16868,1.16864,1.16866,15.0,2026-04-13 05:33:00
1776058440,1.16866,1.16872,1.16863,1.16872,41.0,2026-04-13 05:34:00
1776058500,1.16873,1.16886,1.16872,1.16886,46.0,2026-04-13 05:35:00
1776058560,1.16884,1.16886,1.16877,1.16881,68.0,2026-04-13 05:36:00
1776058620,1.16881,1.16886,1.16878,1.16881,93.0,2026-04-13 05:37:00
1776058680,1.1688,1.16886,1.16879,1.16884,59.0,2026-04-13 05:38:00
1776058740,1.16884,1.16887,1.16878,1.16878,92.0,2026-04-13 05:39:00
1776058800,1.1688,1.16886,1.16878,1.1688,62.0,2026-04-13 05:40:00
1776058860,1.16878,1.16878,1.16872,1.16876,46.0,2026-04-13 05:41:00
1776058920,1.16877,1.16882,1.16876,1.16878,92.0,2026-04-13 05:42:00
1776058980,1.16878,1.16879,1.16876,1.16876,29.0,2026-04-13 05:43:00
1776059040,1.16878,1.16882,1.16876,1.16878,59.0,2026-04-13 05:44:00
1776059100,1.16878,1.16882,1.16878,1.16882,54.0,2026-04-13 05:45:00
1776059160,1.1688,1.16886,1.16878,1.16884,67.0,2026-04-13 05:46:00
1776059220,1.16882,1.16885,1.16876,1.1688,63.0,2026-04-13 05:47:00
1776059280,1.16881,1.16891,1.1688,1.1688,168.0,2026-04-13 05:48:00
1776059340,1.16882,1.16882,1.16875,1.16876,35.0,2026-04-13 05:49:00
1776059400,1.16878,1.16883,1.16876,1.1688,26.0,2026-04-13 05:50:00
1776059460,1.16881,1.16884,1.16876,1.16876,171.0,2026-04-13 05:51:00
1776059520,1.16876,1.1688,1.16875,1.1688,22.0,2026-04-13 05:52:00
1776059580,1.16879,1.1688,1.1687,1.16874,30.0,2026-04-13 05:53:00
1776059640,1.16874,1.16878,1.1687,1.16875,35.0,2026-04-13 05:54:00
1776059700,1.16876,1.16876,1.16864,1.16864,64.0,2026-04-13 05:55:00
1776059760,1.16864,1.16874,1.16864,1.16868,99.0,2026-04-13 05:56:00
1776059820,1.16868,1.16886,1.16868,1.16882,110.0,2026-04-13 05:57:00
1776059880,1.16881,1.16882,1.16876,1.16878,55.0,2026-04-13 05:58:00
1776059940,1.16878,1.16882,1.16876,1.16878,54.0,2026-04-13 05:59:00
1776060000,1.1688,1.1691,1.16878,1.16904,340.0,2026-04-13 06:00:00
1776060060,1.16903,1.16908,1.1689,1.16898,209.0,2026-04-13 06:01:00
1776060120,1.16896,1.16898,1.1688,1.1688,146.0,2026-04-13 06:02:00
1776060180,1.16879,1.16895,1.16877,1.1689,108.0,2026-04-13 06:03:00
1776060240,1.16891,1.1691,1.16886,1.16904,136.0,2026-04-13 06:04:00
1776060300,1.16905,1.16905,1.16884,1.16886,100.0,2026-04-13 06:05:00
1776060360,1.16884,1.16907,1.16882,1.16906,100.0,2026-04-13 06:06:00
1776060420,1.16906,1.16938,1.16905,1.16936,135.0,2026-04-13 06:07:00
1776060480,1.16935,1.16937,1.16932,1.16936,142.0,2026-04-13 06:08:00
1776060540,1.16935,1.16946,1.16934,1.16941,137.0,2026-04-13 06:09:00
1776060600,1.16942,1.1695,1.1692,1.1692,133.0,2026-04-13 06:10:00
1776060660,1.1692,1.16924,1.16902,1.16902,116.0,2026-04-13 06:11:00
1776060720,1.16902,1.1691,1.16898,1.169,88.0,2026-04-13 06:12:00
1776060780,1.16902,1.16906,1.16894,1.16899,94.0,2026-04-13 06:13:00
1776060840,1.169,1.16912,1.1689,1.1689,96.0,2026-04-13 06:14:00
1776060900,1.1689,1.16911,1.1689,1.16902,182.0,2026-04-13 06:15:00
1776060960,1.16904,1.16912,1.16888,1.16888,101.0,2026-04-13 06:16:00
1776061020,1.1689,1.16918,1.1689,1.16907,126.0,2026-04-13 06:17:00
1776061080,1.16906,1.16906,1.16894,1.16901,54.0,2026-04-13 06:18:00
1776061140,1.169,1.16902,1.16876,1.16886,70.0,2026-04-13 06:19:00
1776061200,1.16886,1.1689,1.16875,1.1689,81.0,2026-04-13 06:20:00
1776061260,1.1689,1.16896,1.16879,1.16884,70.0,2026-04-13 06:21:00
1776061320,1.16882,1.1689,1.16876,1.16886,92.0,2026-04-13 06:22:00
1776061380,1.16886,1.16911,1.16886,1.1691,75.0,2026-04-13 06:23:00
1776061440,1.1691,1.16912,1.16905,1.16906,62.0,2026-04-13 06:24:00
1776061500,1.16905,1.1691,1.169,1.169,86.0,2026-04-13 06:25:00
1776061560,1.16901,1.16922,1.16898,1.16904,169.0,2026-04-13 06:26:00
1776061620,1.16906,1.1691,1.16896,1.16896,71.0,2026-04-13 06:27:00
1776061680,1.16896,1.169,1.1689,1.16896,71.0,2026-04-13 06:28:00
1776061740,1.16896,1.16896,1.16888,1.16888,88.0,2026-04-13 06:29:00
1776061800,1.1689,1.16902,1.1689,1.16901,78.0,2026-04-13 06:30:00
1776061860,1.16902,1.16903,1.16891,1.16898,70.0,2026-04-13 06:31:00
1776061920,1.169,1.16906,1.169,1.16906,55.0,2026-04-13 06:32:00
1776061980,1.16906,1.16906,1.16874,1.1688,104.0,2026-04-13 06:33:00
1776062040,1.1688,1.1688,1.1687,1.16876,75.0,2026-04-13 06:34:00
1776062100,1.16878,1.16883,1.16874,1.16879,62.0,2026-04-13 06:35:00
1776062160,1.1688,1.16882,1.16834,1.16838,118.0,2026-04-13 06:36:00
1776062220,1.16839,1.16848,1.16835,1.16841,134.0,2026-04-13 06:37:00
1776062280,1.16842,1.1685,1.16835,1.16836,79.0,2026-04-13 06:38:00
1776062340,1.16836,1.1684,1.16832,1.16832,141.0,2026-04-13 06:39:00
1776062400,1.16834,1.16845,1.16814,1.16822,133.0,2026-04-13 06:40:00
1776062460,1.16824,1.16825,1.16814,1.1682,115.0,2026-04-13 06:41:00
1776062520,1.16822,1.16826,1.16794,1.16794,132.0,2026-04-13 06:42:00
1776062580,1.16796,1.16804,1.1678,1.16782,204.0,2026-04-13 06:43:00
1776062640,1.16784,1.16802,1.16784,1.16792,136.0,2026-04-13 06:44:00
1776062700,1.16792,1.16794,1.16781,1.16784,94.0,2026-04-13 06:45:00
1776062760,1.16786,1.16796,1.1678,1.16787,170.0,2026-04-13 06:46:00
1776062820,1.16788,1.16802,1.16787,1.168,162.0,2026-04-13 06:47:00
1776062880,1.168,1.168,1.1678,1.16783,124.0,2026-04-13 06:48:00
1776062940,1.16784,1.16792,1.16781,1.16792,137.0,2026-04-13 06:49:00
1776063000,1.16795,1.16814,1.16795,1.16806,176.0,2026-04-13 06:50:00
1776063060,1.16807,1.16813,1.16796,1.16798,183.0,2026-04-13 06:51:00
1776063120,1.16798,1.16819,1.16798,1.16803,125.0,2026-04-13 06:52:00
1776063180,1.16804,1.16814,1.168,1.1681,110.0,2026-04-13 06:53:00
1776063240,1.1681,1.16826,1.16806,1.16822,165.0,2026-04-13 06:54:00
1776063300,1.16822,1.16824,1.16812,1.16818,153.0,2026-04-13 06:55:00
1776063360,1.16817,1.16836,1.16817,1.16835,93.0,2026-04-13 06:56:00
1776063420,1.16834,1.16845,1.16818,1.16823,145.0,2026-04-13 06:57:00
1776063480,1.16825,1.16857,1.16825,1.16856,152.0,2026-04-13 06:58:00
1776063540,1.16856,1.16863,1.16852,1.16857,94.0,2026-04-13 06:59:00
1776063600,1.16856,1.16898,1.16856,1.16897,274.0,2026-04-13 07:00:00
1776063660,1.16898,1.1691,1.1689,1.1691,140.0,2026-04-13 07:01:00
1776063720,1.16911,1.1692,1.16906,1.16918,176.0,2026-04-13 07:02:00
1776063780,1.16918,1.16919,1.16891,1.16892,195.0,2026-04-13 07:03:00
1776063840,1.16894,1.16898,1.16886,1.16888,92.0,2026-04-13 07:04:00
1776063900,1.16887,1.16888,1.16878,1.16883,127.0,2026-04-13 07:05:00
1776063960,1.16885,1.16892,1.16879,1.1689,128.0,2026-04-13 07:06:00
1776064020,1.1689,1.16893,1.16884,1.16892,155.0,2026-04-13 07:07:00
1776064080,1.16892,1.16898,1.16884,1.16886,87.0,2026-04-13 07:08:00
1776064140,1.16884,1.16886,1.16866,1.16868,138.0,2026-04-13 07:09:00
1776064200,1.16868,1.16882,1.16868,1.16882,159.0,2026-04-13 07:10:00
1776064260,1.16884,1.16903,1.16884,1.16902,84.0,2026-04-13 07:11:00
1776064320,1.16902,1.16902,1.16886,1.16888,108.0,2026-04-13 07:12:00
1776064380,1.1689,1.16898,1.1689,1.16898,50.0,2026-04-13 07:13:00
1776064440,1.16894,1.16898,1.1688,1.16885,92.0,2026-04-13 07:14:00
1776064500,1.16884,1.16884,1.16876,1.16876,94.0,2026-04-13 07:15:00
1776064560,1.16876,1.16893,1.16876,1.16883,95.0,2026-04-13 07:16:00
1776064620,1.16884,1.16894,1.16883,1.16893,54.0,2026-04-13 07:17:00
1776064680,1.16894,1.16898,1.16888,1.16896,98.0,2026-04-13 07:18:00
1776064740,1.16894,1.16898,1.1689,1.16892,71.0,2026-04-13 07:19:00
1776064800,1.16895,1.16898,1.16884,1.16898,96.0,2026-04-13 07:20:00
1776064860,1.16896,1.16928,1.16896,1.16926,97.0,2026-04-13 07:21:00
1776064920,1.16926,1.16934,1.16921,1.16924,106.0,2026-04-13 07:22:00
1776064980,1.16926,1.16932,1.16918,1.16918,107.0,2026-04-13 07:23:00
1776065040,1.16918,1.16924,1.16914,1.16924,119.0,2026-04-13 07:24:00
1776065100,1.16924,1.16927,1.16914,1.16917,93.0,2026-04-13 07:25:00
1776065160,1.16918,1.1692,1.16911,1.1692,113.0,2026-04-13 07:26:00
1776065220,1.16919,1.16943,1.16918,1.16943,127.0,2026-04-13 07:27:00
1776065280,1.16942,1.16958,1.16942,1.16954,123.0,2026-04-13 07:28:00
1776065340,1.16952,1.16969,1.1695,1.16969,108.0,2026-04-13 07:29:00
1776065400,1.16968,1.16977,1.16962,1.16976,125.0,2026-04-13 07:30:00
1776065460,1.16976,1.16993,1.16974,1.1699,116.0,2026-04-13 07:31:00
1776065520,1.16992,1.16996,1.1699,1.16992,91.0,2026-04-13 07:32:00
1776065580,1.16992,1.16999,1.1698,1.1698,106.0,2026-04-13 07:33:00
1776065640,1.16978,1.16993,1.16974,1.16992,100.0,2026-04-13 07:34:00
1776065700,1.16994,1.17002,1.16984,1.16992,113.0,2026-04-13 07:35:00
1776065760,1.16992,1.16994,1.1698,1.1698,83.0,2026-04-13 07:36:00
1776065820,1.1698,1.16984,1.16974,1.1698,84.0,2026-04-13 07:37:00
1776065880,1.16979,1.16979,1.16968,1.16977,103.0,2026-04-13 07:38:00
1776065940,1.16976,1.16984,1.16976,1.16978,65.0,2026-04-13 07:39:00
1776066000,1.16978,1.16978,1.16952,1.1696,103.0,2026-04-13 07:40:00
1776066060,1.1696,1.16972,1.1696,1.16968,99.0,2026-04-13 07:41:00
1776066120,1.16966,1.16983,1.16963,1.16982,71.0,2026-04-13 07:42:00
1776066180,1.16981,1.16982,1.16954,1.16956,99.0,2026-04-13 07:43:00
1776066240,1.16958,1.16963,1.16952,1.16957,98.0,2026-04-13 07:44:00
1776066300,1.16957,1.16971,1.16952,1.16955,113.0,2026-04-13 07:45:00
1776066360,1.16956,1.16956,1.16948,1.16955,61.0,2026-04-13 07:46:00
1776066420,1.16954,1.16954,1.16938,1.16949,98.0,2026-04-13 07:47:00
1776066480,1.16949,1.1695,1.16942,1.16942,89.0,2026-04-13 07:48:00
1776066540,1.16944,1.16948,1.16935,1.16936,89.0,2026-04-13 07:49:00
1776066600,1.16936,1.16952,1.16932,1.16951,68.0,2026-04-13 07:50:00
1776066660,1.16952,1.16957,1.16951,1.16957,57.0,2026-04-13 07:51:00
1776066720,1.16957,1.16958,1.16942,1.16942,42.0,2026-04-13 07:52:00
1776066780,1.16942,1.16948,1.16934,1.16948,79.0,2026-04-13 07:53:00
1776066840,1.16948,1.16956,1.16946,1.1695,73.0,2026-04-13 07:54:00
1776066900,1.1695,1.16956,1.16944,1.16944,118.0,2026-04-13 07:55:00
1776066960,1.16944,1.16978,1.16944,1.16978,168.0,2026-04-13 07:56:00
1776067020,1.16978,1.16984,1.16962,1.16964,91.0,2026-04-13 07:57:00
1776067080,1.16964,1.16976,1.16963,1.16976,75.0,2026-04-13 07:58:00
1776067140,1.16976,1.16979,1.16962,1.16971,91.0,2026-04-13 07:59:00
1776067200,1.16968,1.16968,1.16956,1.16962,122.0,2026-04-13 08:00:00
1776067260,1.16961,1.16962,1.16944,1.16957,149.0,2026-04-13 08:01:00
1776067320,1.1696,1.1697,1.16952,1.16968,149.0,2026-04-13 08:02:00
1776067380,1.16968,1.16971,1.16955,1.16956,89.0,2026-04-13 08:03:00
1776067440,1.16956,1.16956,1.1694,1.16942,92.0,2026-04-13 08:04:00
1776067500,1.16941,1.16946,1.1692,1.16922,87.0,2026-04-13 08:05:00
1776067560,1.16921,1.16922,1.16906,1.16915,123.0,2026-04-13 08:06:00
1776067620,1.16916,1.16938,1.16915,1.16936,115.0,2026-04-13 08:07:00
1776067680,1.16936,1.16949,1.16926,1.16946,148.0,2026-04-13 08:08:00
1776067740,1.16946,1.16946,1.16938,1.1694,50.0,2026-04-13 08:09:00
1776067800,1.16938,1.16947,1.1693,1.16946,101.0,2026-04-13 08:10:00
1776067860,1.16946,1.16948,1.16936,1.16938,58.0,2026-04-13 08:11:00
1776067920,1.16938,1.1694,1.1693,1.16934,79.0,2026-04-13 08:12:00
1776067980,1.16932,1.16934,1.16925,1.16934,66.0,2026-04-13 08:13:00
1776068040,1.16933,1.16936,1.16918,1.16921,102.0,2026-04-13 08:14:00
1776068100,1.1692,1.16922,1.16914,1.16917,91.0,2026-04-13 08:15:00
1776068160,1.16916,1.16918,1.16904,1.16911,88.0,2026-04-13 08:16:00
1776068220,1.1691,1.16928,1.16906,1.16924,116.0,2026-04-13 08:17:00
1776068280,1.16923,1.16932,1.16916,1.16926,117.0,2026-04-13 08:18:00
1776068340,1.16927,1.16928,1.16922,1.16926,39.0,2026-04-13 08:19:00
1776068400,1.16926,1.16926,1.16917,1.16922,85.0,2026-04-13 08:20:00
1776068460,1.16921,1.16942,1.16913,1.16938,123.0,2026-04-13 08:21:00
1776068520,1.16938,1.16938,1.16926,1.1693,86.0,2026-04-13 08:22:00
1776068580,1.16928,1.16936,1.16924,1.1693,68.0,2026-04-13 08:23:00
1776068640,1.1693,1.16938,1.1693,1.16932,58.0,2026-04-13 08:24:00
1776068700,1.16932,1.16936,1.16918,1.16918,110.0,2026-04-13 08:25:00
1776068760,1.16918,1.16924,1.16906,1.1692,67.0,2026-04-13 08:26:00
1776068820,1.16918,1.16921,1.16914,1.1692,53.0,2026-04-13 08:27:00
1776068880,1.16921,1.16924,1.16912,1.16912,77.0,2026-04-13 08:28:00
1776068940,1.16913,1.16924,1.16911,1.16918,71.0,2026-04-13 08:29:00
1776069000,1.16919,1.16925,1.16915,1.16923,81.0,2026-04-13 08:30:00
1776069060,1.16924,1.16931,1.16918,1.16918,69.0,2026-04-13 08:31:00
1776069120,1.16918,1.16925,1.16918,1.16918,74.0,2026-04-13 08:32:00
1776069180,1.16916,1.1692,1.16907,1.16918,106.0,2026-04-13 08:33:00
1776069240,1.16919,1.16922,1.16914,1.16916,42.0,2026-04-13 08:34:00
1776069300,1.16914,1.16922,1.16912,1.16922,35.0,2026-04-13 08:35:00
1776069360,1.16922,1.16924,1.16906,1.16911,62.0,2026-04-13 08:36:00
1776069420,1.16912,1.16922,1.16912,1.1692,56.0,2026-04-13 08:37:00
1776069480,1.16919,1.16919,1.16904,1.16905,85.0,2026-04-13 08:38:00
1776069540,1.16904,1.16904,1.16888,1.16892,77.0,2026-04-13 08:39:00
1776069600,1.16892,1.16893,1.16882,1.16884,86.0,2026-04-13 08:40:00
1776069660,1.16884,1.16886,1.16871,1.16875,114.0,2026-04-13 08:41:00
1776069720,1.16876,1.1688,1.16855,1.16862,122.0,2026-04-13 08:42:00
1776069780,1.16863,1.16872,1.16862,1.1687,74.0,2026-04-13 08:43:00
1776069840,1.1687,1.1687,1.16863,1.16869,85.0,2026-04-13 08:44:00
1776069900,1.16872,1.16874,1.16868,1.16872,57.0,2026-04-13 08:45:00
1776069960,1.16874,1.1688,1.16862,1.16865,97.0,2026-04-13 08:46:00
1776070020,1.16866,1.16879,1.16864,1.1687,62.0,2026-04-13 08:47:00
1776070080,1.16871,1.16872,1.16862,1.16864,65.0,2026-04-13 08:48:00
1776070140,1.16864,1.16872,1.16851,1.16856,105.0,2026-04-13 08:49:00
1776070200,1.16856,1.16858,1.16846,1.16846,115.0,2026-04-13 08:50:00
1776070260,1.16847,1.16847,1.16834,1.16836,98.0,2026-04-13 08:51:00
1776070320,1.16838,1.16859,1.16838,1.16858,96.0,2026-04-13 08:52:00
1776070380,1.16857,1.16859,1.16846,1.16851,132.0,2026-04-13 08:53:00
1776070440,1.16852,1.16857,1.16846,1.16846,37.0,2026-04-13 08:54:00
1776070500,1.16847,1.16853,1.16845,1.16847,87.0,2026-04-13 08:55:00
1776070560,1.16846,1.16851,1.16838,1.16846,98.0,2026-04-13 08:56:00
1776070620,1.16844,1.16846,1.16837,1.16844,119.0,2026-04-13 08:57:00
1776070680,1.16846,1.16857,1.16845,1.16856,95.0,2026-04-13 08:58:00
1776070740,1.16856,1.16865,1.16856,1.1686,81.0,2026-04-13 08:59:00
1776070800,1.16861,1.16901,1.16861,1.16884,348.0,2026-04-13 09:00:00
1776070860,1.1688,1.16882,1.16874,1.1688,109.0,2026-04-13 09:01:00
1776070920,1.16881,1.16882,1.16875,1.16881,81.0,2026-04-13 09:02:00
1776070980,1.16882,1.16885,1.16872,1.16876,106.0,2026-04-13 09:03:00
1776071040,1.16876,1.1688,1.16865,1.16874,81.0,2026-04-13 09:04:00
1776071100,1.16874,1.16877,1.16871,1.16875,72.0,2026-04-13 09:05:00
1776071160,1.16876,1.16876,1.16862,1.16864,69.0,2026-04-13 09:06:00
1776071220,1.16866,1.1687,1.16863,1.16864,69.0,2026-04-13 09:07:00
1776071280,1.16865,1.16866,1.1686,1.16863,86.0,2026-04-13 09:08:00
1776071340,1.16862,1.16862,1.16846,1.16851,102.0,2026-04-13 09:09:00
1776071400,1.1685,1.16856,1.16843,1.16852,110.0,2026-04-13 09:10:00
1776071460,1.16851,1.16857,1.16843,1.16844,71.0,2026-04-13 09:11:00
1776071520,1.16846,1.1685,1.16844,1.16844,73.0,2026-04-13 09:12:00
1776071580,1.16844,1.16845,1.1684,1.16842,34.0,2026-04-13 09:13:00
1776071640,1.16841,1.16847,1.1684,1.16845,49.0,2026-04-13 09:14:00
1776071700,1.16844,1.16847,1.16838,1.16842,65.0,2026-04-13 09:15:00
1776071760,1.16843,1.16868,1.1684,1.16862,113.0,2026-04-13 09:16:00
1776071820,1.16864,1.16874,1.16861,1.16873,95.0,2026-04-13 09:17:00
1776071880,1.16872,1.16878,1.1687,1.16878,69.0,2026-04-13 09:18:00
1776071940,1.16876,1.16882,1.16872,1.1688,69.0,2026-04-13 09:19:00
1776072000,1.1688,1.16886,1.16877,1.16881,81.0,2026-04-13 09:20:00
1776072060,1.16882,1.16886,1.16876,1.16876,98.0,2026-04-13 09:21:00
1776072120,1.16876,1.16876,1.16868,1.16868,71.0,2026-04-13 09:22:00
1776072180,1.16868,1.16868,1.16864,1.16868,46.0,2026-04-13 09:23:00
1776072240,1.16867,1.16867,1.16862,1.16862,36.0,2026-04-13 09:24:00
1776072300,1.1686,1.16862,1.16848,1.16848,66.0,2026-04-13 09:25:00
1776072360,1.16848,1.16851,1.16842,1.16842,63.0,2026-04-13 09:26:00
1776072420,1.16842,1.16852,1.16842,1.16847,76.0,2026-04-13 09:27:00
1776072480,1.16846,1.16872,1.16841,1.1687,74.0,2026-04-13 09:28:00
1776072540,1.1687,1.1688,1.1687,1.16878,60.0,2026-04-13 09:29:00
1776072600,1.16878,1.16884,1.16874,1.16878,56.0,2026-04-13 09:30:00
1776072660,1.16878,1.16888,1.16878,1.16888,66.0,2026-04-13 09:31:00
1776072720,1.16888,1.16904,1.16887,1.16896,76.0,2026-04-13 09:32:00
1776072780,1.16896,1.16903,1.16894,1.16897,85.0,2026-04-13 09:33:00
1776072840,1.16896,1.16905,1.16893,1.16898,70.0,2026-04-13 09:34:00
1776072900,1.16898,1.16924,1.16896,1.16914,122.0,2026-04-13 09:35:00
1776072960,1.16914,1.16918,1.1691,1.16918,51.0,2026-04-13 09:36:00
1776073020,1.16919,1.16928,1.16912,1.16913,128.0,2026-04-13 09:37:00
1776073080,1.16914,1.16914,1.16902,1.16908,152.0,2026-04-13 09:38:00
1776073140,1.16908,1.16908,1.16899,1.16905,79.0,2026-04-13 09:39:00
1776073200,1.16904,1.16906,1.16884,1.16884,77.0,2026-04-13 09:40:00
1776073260,1.16883,1.16894,1.16883,1.16894,98.0,2026-04-13 09:41:00
1776073320,1.16892,1.16892,1.16872,1.1688,80.0,2026-04-13 09:42:00
1776073380,1.16878,1.16892,1.16877,1.16883,73.0,2026-04-13 09:43:00
1776073440,1.16883,1.16889,1.16882,1.16884,59.0,2026-04-13 09:44:00
1776073500,1.16883,1.16886,1.16878,1.16882,55.0,2026-04-13 09:45:00
1776073560,1.16884,1.16884,1.16874,1.16877,50.0,2026-04-13 09:46:00
1776073620,1.16878,1.16882,1.16876,1.16878,58.0,2026-04-13 09:47:00
1776073680,1.16878,1.16885,1.16874,1.16876,52.0,2026-04-13 09:48:00
1776073740,1.16876,1.16876,1.16866,1.16868,59.0,2026-04-13 09:49:00
1776073800,1.16866,1.1687,1.16862,1.16868,66.0,2026-04-13 09:50:00
1776073860,1.16868,1.1687,1.16864,1.16866,29.0,2026-04-13 09:51:00
1776073920,1.16868,1.16872,1.16866,1.1687,55.0,2026-04-13 09:52:00
1776073980,1.1687,1.16872,1.16867,1.16867,52.0,2026-04-13 09:53:00
1776074040,1.16868,1.16876,1.16866,1.16876,48.0,2026-04-13 09:54:00
1776074100,1.16878,1.16884,1.16876,1.16882,43.0,2026-04-13 09:55:00
1776074160,1.16883,1.1689,1.16877,1.16878,68.0,2026-04-13 09:56:00
1776074220,1.16878,1.16881,1.16866,1.16866,81.0,2026-04-13 09:57:00
1776074280,1.16866,1.16872,1.16863,1.16865,72.0,2026-04-13 09:58:00
1776074340,1.16865,1.16868,1.1686,1.16862,58.0,2026-04-13 09:59:00
1776074400,1.16864,1.16866,1.16854,1.16865,110.0,2026-04-13 10:00:00
1776074460,1.16866,1.16876,1.16862,1.16876,133.0,2026-04-13 10:01:00
1776074520,1.16876,1.1688,1.1687,1.1687,103.0,2026-04-13 10:02:00
1776074580,1.16868,1.16872,1.16863,1.16864,34.0,2026-04-13 10:03:00
1776074640,1.16862,1.16862,1.16856,1.16858,64.0,2026-04-13 10:04:00
1776074700,1.16858,1.16858,1.16843,1.16847,91.0,2026-04-13 10:05:00
1776074760,1.16848,1.16853,1.16846,1.16846,59.0,2026-04-13 10:06:00
1776074820,1.16846,1.1686,1.16846,1.16858,51.0,2026-04-13 10:07:00
1776074880,1.16857,1.16864,1.16854,1.16856,85.0,2026-04-13 10:08:00
1776074940,1.16855,1.16864,1.16853,1.16861,81.0,2026-04-13 10:09:00
1776075000,1.16862,1.16862,1.16853,1.16856,73.0,2026-04-13 10:10:00
1776075060,1.16857,1.16868,1.16854,1.16867,73.0,2026-04-13 10:11:00
1776075120,1.16866,1.16867,1.16844,1.16844,78.0,2026-04-13 10:12:00
1776075180,1.16844,1.1685,1.16843,1.16844,87.0,2026-04-13 10:13:00
1776075240,1.16845,1.16862,1.16844,1.16858,100.0,2026-04-13 10:14:00
1776075300,1.16858,1.1686,1.16844,1.16848,81.0,2026-04-13 10:15:00
1776075360,1.16848,1.16853,1.16842,1.16847,81.0,2026-04-13 10:16:00
1776075420,1.16846,1.16853,1.16846,1.16846,81.0,2026-04-13 10:17:00
1776075480,1.16846,1.16854,1.16843,1.16846,85.0,2026-04-13 10:18:00
1776075540,1.16847,1.16848,1.16836,1.16836,62.0,2026-04-13 10:19:00
1776075600,1.16837,1.16854,1.16835,1.16854,118.0,2026-04-13 10:20:00
1776075660,1.16854,1.16858,1.16844,1.16845,83.0,2026-04-13 10:21:00
1776075720,1.16843,1.16843,1.16834,1.16834,81.0,2026-04-13 10:22:00
1776075780,1.16836,1.16837,1.16826,1.16826,77.0,2026-04-13 10:23:00
1776075840,1.16826,1.16848,1.16826,1.16848,84.0,2026-04-13 10:24:00
1776075900,1.16848,1.16848,1.1684,1.16843,47.0,2026-04-13 10:25:00
1776075960,1.16844,1.16858,1.16842,1.16857,57.0,2026-04-13 10:26:00
1776076020,1.16856,1.16862,1.16849,1.16849,72.0,2026-04-13 10:27:00
1776076080,1.1685,1.16854,1.1685,1.16852,61.0,2026-04-13 10:28:00
1776076140,1.16852,1.16859,1.16848,1.16856,50.0,2026-04-13 10:29:00
1776076200,1.16857,1.16862,1.16852,1.16856,95.0,2026-04-13 10:30:00
1776076260,1.16856,1.16858,1.1685,1.16851,60.0,2026-04-13 10:31:00
1776076320,1.1685,1.16852,1.16846,1.16846,35.0,2026-04-13 10:32:00
1776076380,1.16845,1.16845,1.1684,1.16844,37.0,2026-04-13 10:33:00
1776076440,1.16846,1.16868,1.16846,1.16868,87.0,2026-04-13 10:34:00
1776076500,1.16868,1.16872,1.16858,1.16862,74.0,2026-04-13 10:35:00
1776076560,1.16861,1.16873,1.16859,1.16873,51.0,2026-04-13 10:36:00
1776076620,1.16872,1.16885,1.16869,1.16882,41.0,2026-04-13 10:37:00
1776076680,1.16881,1.16882,1.16877,1.16882,33.0,2026-04-13 10:38:00
1776076740,1.16881,1.16885,1.16874,1.16884,111.0,2026-04-13 10:39:00
1776076800,1.16883,1.16886,1.16876,1.16886,66.0,2026-04-13 10:40:00
1776076860,1.16888,1.16888,1.1688,1.16881,57.0,2026-04-13 10:41:00
1776076920,1.1688,1.16889,1.1688,1.16882,38.0,2026-04-13 10:42:00
1776076980,1.16882,1.16888,1.16882,1.16886,53.0,2026-04-13 10:43:00
1776077040,1.16888,1.1689,1.16881,1.16881,44.0,2026-04-13 10:44:00
1776077100,1.16882,1.169,1.16882,1.16896,45.0,2026-04-13 10:45:00
1776077160,1.16898,1.16918,1.16897,1.16918,46.0,2026-04-13 10:46:00
1776077220,1.1692,1.16924,1.16907,1.16911,103.0,2026-04-13 10:47:00
1776077280,1.16912,1.16923,1.1691,1.16918,61.0,2026-04-13 10:48:00
1776077340,1.16918,1.16922,1.16917,1.16922,48.0,2026-04-13 10:49:00
1776077400,1.16922,1.16922,1.16907,1.16922,78.0,2026-04-13 10:50:00
1776077460,1.16921,1.16937,1.16919,1.16928,72.0,2026-04-13 10:51:00
1776077520,1.16928,1.16938,1.16926,1.16938,79.0,2026-04-13 10:52:00
1776077580,1.16936,1.16948,1.16936,1.16942,128.0,2026-04-13 10:53:00
1776077640,1.16944,1.16951,1.1694,1.16948,76.0,2026-04-13 10:54:00
1776077700,1.16947,1.16948,1.16942,1.16947,38.0,2026-04-13 10:55:00
1776077760,1.16946,1.16946,1.16928,1.16938,93.0,2026-04-13 10:56:00
1776077820,1.16937,1.16939,1.16927,1.16929,87.0,2026-04-13 10:57:00
1776077880,1.16928,1.16932,1.16928,1.16928,77.0,2026-04-13 10:58:00
1776077940,1.16928,1.16936,1.16927,1.16936,65.0,2026-04-13 10:59:00
1776078000,1.16938,1.1699,1.16938,1.16942,478.0,2026-04-13 11:00:00
1776078060,1.16942,1.16956,1.16936,1.16946,145.0,2026-04-13 11:01:00
1776078120,1.16948,1.16963,1.16946,1.16958,176.0,2026-04-13 11:02:00
1776078180,1.1696,1.1697,1.16958,1.16969,126.0,2026-04-13 11:03:00
1776078240,1.16968,1.1698,1.16966,1.16978,108.0,2026-04-13 11:04:00
1776078300,1.16976,1.16994,1.16972,1.16991,134.0,2026-04-13 11:05:00
1776078360,1.1699,1.16993,1.16984,1.16988,66.0,2026-04-13 11:06:00
1776078420,1.16988,1.16993,1.16984,1.16993,96.0,2026-04-13 11:07:00
1776078480,1.16994,1.16994,1.16986,1.16988,42.0,2026-04-13 11:08:00
1776078540,1.16988,1.16997,1.16986,1.16993,66.0,2026-04-13 11:09:00
1776078600,1.16992,1.16998,1.16988,1.16992,67.0,2026-04-13 11:10:00
1776078660,1.16992,1.16994,1.16977,1.16977,101.0,2026-04-13 11:11:00
1776078720,1.16978,1.16988,1.16976,1.16979,85.0,2026-04-13 11:12:00
1776078780,1.1698,1.16983,1.16978,1.16978,38.0,2026-04-13 11:13:00
1776078840,1.16977,1.16984,1.16977,1.16983,46.0,2026-04-13 11:14:00
1776078900,1.16982,1.16988,1.16982,1.16988,36.0,2026-04-13 11:15:00
1776078960,1.16987,1.16989,1.16982,1.16982,78.0,2026-04-13 11:16:00
1776079020,1.16983,1.16988,1.16978,1.16983,68.0,2026-04-13 11:17:00
1776079080,1.16982,1.16988,1.16982,1.16988,43.0,2026-04-13 11:18:00
1776079140,1.16988,1.16988,1.16986,1.16987,19.0,2026-04-13 11:19:00
1776079200,1.16986,1.1699,1.16985,1.16988,36.0,2026-04-13 11:20:00
1776079260,1.16987,1.1699,1.16976,1.16984,67.0,2026-04-13 11:21:00
1776079320,1.16984,1.16985,1.16976,1.16981,158.0,2026-04-13 11:22:00
1776079380,1.1698,1.16986,1.16976,1.16984,58.0,2026-04-13 11:23:00
1776079440,1.16986,1.16988,1.16972,1.16978,111.0,2026-04-13 11:24:00
1776079500,1.16979,1.16981,1.16972,1.16978,94.0,2026-04-13 11:25:00
1776079560,1.16978,1.16981,1.16972,1.16976,65.0,2026-04-13 11:26:00
1776079620,1.16974,1.16977,1.16962,1.16964,59.0,2026-04-13 11:27:00
1776079680,1.16964,1.16976,1.16961,1.16972,78.0,2026-04-13 11:28:00
1776079740,1.16972,1.16977,1.16966,1.16974,75.0,2026-04-13 11:29:00
1776079800,1.16974,1.16982,1.16974,1.16981,72.0,2026-04-13 11:30:00
1776079860,1.1698,1.16984,1.16978,1.16983,31.0,2026-04-13 11:31:00
1776079920,1.16982,1.16982,1.16972,1.16973,52.0,2026-04-13 11:32:00
1776079980,1.16974,1.1698,1.1697,1.1698,76.0,2026-04-13 11:33:00
1776080040,1.16981,1.16982,1.16972,1.16975,69.0,2026-04-13 11:34:00
1776080100,1.16976,1.16978,1.16968,1.16969,74.0,2026-04-13 11:35:00
1776080160,1.1697,1.1697,1.16934,1.16936,163.0,2026-04-13 11:36:00
1776080220,1.16938,1.1694,1.16914,1.16927,190.0,2026-04-13 11:37:00
1776080280,1.16928,1.16928,1.16904,1.1692,134.0,2026-04-13 11:38:00
1776080340,1.1692,1.16928,1.1691,1.16916,160.0,2026-04-13 11:39:00
1776080400,1.16916,1.16921,1.16902,1.16904,132.0,2026-04-13 11:40:00
1776080460,1.16905,1.16914,1.16902,1.16914,178.0,2026-04-13 11:41:00
1776080520,1.16914,1.16933,1.16914,1.16932,63.0,2026-04-13 11:42:00
1776080580,1.16933,1.16935,1.16926,1.16928,91.0,2026-04-13 11:43:00
1776080640,1.16928,1.1693,1.16916,1.16926,118.0,2026-04-13 11:44:00
1776080700,1.16926,1.16934,1.16924,1.16924,59.0,2026-04-13 11:45:00
1776080760,1.16922,1.16928,1.16906,1.16918,227.0,2026-04-13 11:46:00
1776080820,1.16918,1.1692,1.16901,1.16906,144.0,2026-04-13 11:47:00
1776080880,1.16908,1.16911,1.16904,1.16911,72.0,2026-04-13 11:48:00
1776080940,1.1691,1.16922,1.16904,1.16904,87.0,2026-04-13 11:49:00
1776081000,1.16904,1.16905,1.16891,1.16892,142.0,2026-04-13 11:50:00
1776081060,1.16892,1.169,1.16888,1.16899,79.0,2026-04-13 11:51:00
1776081120,1.16898,1.16906,1.16886,1.16886,136.0,2026-04-13 11:52:00
1776081180,1.16886,1.16902,1.16882,1.16887,143.0,2026-04-13 11:53:00
1776081240,1.16886,1.16886,1.16864,1.16872,179.0,2026-04-13 11:54:00
1776081300,1.1687,1.16871,1.16848,1.1685,240.0,2026-04-13 11:55:00
1776081360,1.1685,1.16858,1.16847,1.16851,137.0,2026-04-13 11:56:00
1776081420,1.1685,1.16858,1.1684,1.1685,167.0,2026-04-13 11:57:00
1776081480,1.16848,1.16854,1.16834,1.16835,188.0,2026-04-13 11:58:00
1776081540,1.16834,1.16835,1.1681,1.16818,178.0,2026-04-13 11:59:00
1776081600,1.16818,1.16844,1.16808,1.16833,245.0,2026-04-13 12:00:00
1776081660,1.16832,1.16837,1.16822,1.16826,204.0,2026-04-13 12:01:00
1776081720,1.16825,1.16882,1.16822,1.16854,350.0,2026-04-13 12:02:00
1776081780,1.16854,1.16857,1.16842,1.16843,243.0,2026-04-13 12:03:00
1776081840,1.16844,1.16844,1.16824,1.16824,135.0,2026-04-13 12:04:00
1776081900,1.16826,1.16832,1.16817,1.16821,123.0,2026-04-13 12:05:00
1776081960,1.16821,1.16826,1.16806,1.16824,189.0,2026-04-13 12:06:00
1776082020,1.16824,1.16834,1.16821,1.16832,172.0,2026-04-13 12:07:00
1776082080,1.16833,1.16849,1.16832,1.16842,216.0,2026-04-13 12:08:00
1776082140,1.16842,1.16844,1.1683,1.1684,152.0,2026-04-13 12:09:00
1776082200,1.1684,1.1686,1.16834,1.16859,144.0,2026-04-13 12:10:00
1776082260,1.16859,1.16869,1.16858,1.16869,90.0,2026-04-13 12:11:00
1776082320,1.1687,1.16875,1.16864,1.16866,121.0,2026-04-13 12:12:00
1776082380,1.16868,1.1687,1.16862,1.16868,88.0,2026-04-13 12:13:00
1776082440,1.16868,1.16874,1.16866,1.16868,106.0,2026-04-13 12:14:00
1776082500,1.16869,1.16878,1.16862,1.16862,113.0,2026-04-13 12:15:00
1776082560,1.16861,1.16867,1.16856,1.16861,102.0,2026-04-13 12:16:00
1776082620,1.1686,1.16867,1.16853,1.16862,83.0,2026-04-13 12:17:00
1776082680,1.1686,1.1687,1.16857,1.16863,114.0,2026-04-13 12:18:00
1776082740,1.16864,1.16878,1.16862,1.16878,74.0,2026-04-13 12:19:00
1776082800,1.16878,1.16878,1.16854,1.16854,112.0,2026-04-13 12:20:00
1776082860,1.16856,1.16861,1.16852,1.16855,133.0,2026-04-13 12:21:00
1776082920,1.16856,1.16868,1.16854,1.16864,70.0,2026-04-13 12:22:00
1776082980,1.16864,1.16868,1.16849,1.16854,70.0,2026-04-13 12:23:00
1776083040,1.16854,1.16854,1.16839,1.16848,95.0,2026-04-13 12:24:00
1776083100,1.16848,1.16858,1.16848,1.16854,81.0,2026-04-13 12:25:00
1776083160,1.16852,1.16874,1.16851,1.16868,110.0,2026-04-13 12:26:00
1776083220,1.16867,1.16876,1.16863,1.16864,121.0,2026-04-13 12:27:00
1776083280,1.16862,1.16864,1.16854,1.1686,105.0,2026-04-13 12:28:00
1776083340,1.1686,1.1686,1.16854,1.16855,71.0,2026-04-13 12:29:00
1776083400,1.16854,1.16862,1.16852,1.16862,72.0,2026-04-13 12:30:00
1776083460,1.16864,1.16864,1.16846,1.16851,140.0,2026-04-13 12:31:00
1776083520,1.16852,1.1686,1.1685,1.16856,78.0,2026-04-13 12:32:00
1776083580,1.16857,1.16878,1.16857,1.16877,96.0,2026-04-13 12:33:00
1776083640,1.16878,1.169,1.16875,1.16885,173.0,2026-04-13 12:34:00
1776083700,1.16886,1.16892,1.16878,1.16882,138.0,2026-04-13 12:35:00
1776083760,1.16883,1.16886,1.16863,1.16864,129.0,2026-04-13 12:36:00
1776083820,1.16863,1.16868,1.16842,1.16868,133.0,2026-04-13 12:37:00
1776083880,1.16868,1.16878,1.16858,1.16863,124.0,2026-04-13 12:38:00
1776083940,1.16864,1.16868,1.16856,1.16858,70.0,2026-04-13 12:39:00
1776084000,1.16859,1.16874,1.16859,1.16864,124.0,2026-04-13 12:40:00
1776084060,1.16864,1.16874,1.16863,1.16873,108.0,2026-04-13 12:41:00
1776084120,1.16874,1.16895,1.16873,1.16894,94.0,2026-04-13 12:42:00
1776084180,1.16894,1.16902,1.1689,1.16899,133.0,2026-04-13 12:43:00
1776084240,1.16902,1.16904,1.16892,1.169,141.0,2026-04-13 12:44:00
1776084300,1.169,1.16926,1.169,1.16926,199.0,2026-04-13 12:45:00
1776084360,1.16926,1.16948,1.16922,1.16948,160.0,2026-04-13 12:46:00
1776084420,1.16949,1.16952,1.16938,1.16938,130.0,2026-04-13 12:47:00
1776084480,1.16937,1.16952,1.16937,1.16948,90.0,2026-04-13 12:48:00
1776084540,1.16946,1.16951,1.16942,1.16943,62.0,2026-04-13 12:49:00
1776084600,1.16944,1.16952,1.1694,1.16942,100.0,2026-04-13 12:50:00
1776084660,1.16942,1.16966,1.16942,1.16962,125.0,2026-04-13 12:51:00
1776084720,1.16963,1.16983,1.16952,1.16982,219.0,2026-04-13 12:52:00
1776084780,1.16982,1.16988,1.16978,1.16983,192.0,2026-04-13 12:53:00
1776084840,1.16982,1.16984,1.16978,1.1698,149.0,2026-04-13 12:54:00
1776084900,1.1698,1.16992,1.16979,1.16982,107.0,2026-04-13 12:55:00
1776084960,1.1698,1.16987,1.16971,1.16973,138.0,2026-04-13 12:56:00
1776085020,1.16974,1.16988,1.16974,1.16976,118.0,2026-04-13 12:57:00
1776085080,1.16977,1.16988,1.16977,1.16986,65.0,2026-04-13 12:58:00
1776085140,1.16987,1.16987,1.16981,1.16984,81.0,2026-04-13 12:59:00
1776085200,1.16986,1.16989,1.16968,1.16968,157.0,2026-04-13 13:00:00
1776085260,1.16968,1.16994,1.16965,1.16992,98.0,2026-04-13 13:01:00
1776085320,1.16992,1.16996,1.16978,1.16978,140.0,2026-04-13 13:02:00
1776085380,1.16976,1.16978,1.16966,1.16966,128.0,2026-04-13 13:03:00
1776085440,1.16968,1.16988,1.16965,1.16986,149.0,2026-04-13 13:04:00
1776085500,1.16987,1.16993,1.16984,1.16986,113.0,2026-04-13 13:05:00
1776085560,1.16986,1.16992,1.16982,1.16986,109.0,2026-04-13 13:06:00
1776085620,1.16986,1.16992,1.16982,1.16984,110.0,2026-04-13 13:07:00
1776085680,1.16984,1.1699,1.16968,1.16971,108.0,2026-04-13 13:08:00
1776085740,1.1697,1.16972,1.16965,1.16968,107.0,2026-04-13 13:09:00
1776085800,1.16969,1.16984,1.16966,1.16978,77.0,2026-04-13 13:10:00
1776085860,1.16976,1.16993,1.1697,1.16992,106.0,2026-04-13 13:11:00
1776085920,1.16992,1.16993,1.1698,1.16986,80.0,2026-04-13 13:12:00
1776085980,1.16987,1.16987,1.16968,1.16978,119.0,2026-04-13 13:13:00
1776086040,1.16978,1.16994,1.16978,1.16991,118.0,2026-04-13 13:14:00
1776086100,1.16991,1.17,1.1699,1.16996,88.0,2026-04-13 13:15:00
1776086160,1.16996,1.16998,1.16976,1.16978,130.0,2026-04-13 13:16:00
1776086220,1.16976,1.16982,1.16964,1.16982,198.0,2026-04-13 13:17:00
1776086280,1.16983,1.16992,1.16983,1.1699,136.0,2026-04-13 13:18:00
1776086340,1.1699,1.16992,1.16982,1.16991,116.0,2026-04-13 13:19:00
1776086400,1.1699,1.17008,1.16986,1.17008,130.0,2026-04-13 13:20:00
1776086460,1.17007,1.17014,1.16999,1.17012,93.0,2026-04-13 13:21:00
1776086520,1.17012,1.17016,1.16996,1.16996,125.0,2026-04-13 13:22:00
1776086580,1.16997,1.17,1.16978,1.16986,124.0,2026-04-13 13:23:00
1776086640,1.16985,1.16998,1.16978,1.16989,93.0,2026-04-13 13:24:00
1776086700,1.16988,1.16994,1.16974,1.16981,145.0,2026-04-13 13:25:00
1776086760,1.1698,1.1698,1.16968,1.1697,110.0,2026-04-13 13:26:00
1776086820,1.1697,1.1698,1.16966,1.16975,136.0,2026-04-13 13:27:00
1776086880,1.16976,1.16984,1.16976,1.16983,94.0,2026-04-13 13:28:00
1776086940,1.16984,1.16992,1.1698,1.16986,181.0,2026-04-13 13:29:00
1776087000,1.16986,1.16992,1.16979,1.16988,227.0,2026-04-13 13:30:00
1776087060,1.16987,1.17005,1.16982,1.17002,153.0,2026-04-13 13:31:00
1776087120,1.17002,1.17003,1.16985,1.16987,150.0,2026-04-13 13:32:00
1776087180,1.16986,1.16992,1.16972,1.16992,156.0,2026-04-13 13:33:00
1776087240,1.16992,1.16994,1.16986,1.16987,112.0,2026-04-13 13:34:00
1776087300,1.16988,1.17,1.16985,1.16986,106.0,2026-04-13 13:35:00
1776087360,1.16986,1.16992,1.16978,1.1698,112.0,2026-04-13 13:36:00
1776087420,1.1698,1.17001,1.1698,1.16993,152.0,2026-04-13 13:37:00
1776087480,1.16992,1.16997,1.16985,1.1699,166.0,2026-04-13 13:38:00
1776087540,1.1699,1.16996,1.16988,1.16991,101.0,2026-04-13 13:39:00
1776087600,1.1699,1.16997,1.16987,1.16996,110.0,2026-04-13 13:40:00
1776087660,1.16995,1.16996,1.16986,1.16991,122.0,2026-04-13 13:41:00
1776087720,1.1699,1.17006,1.16986,1.16994,156.0,2026-04-13 13:42:00
1776087780,1.16994,1.17044,1.16993,1.17033,209.0,2026-04-13 13:43:00
1776087840,1.17032,1.17032,1.1699,1.17004,217.0,2026-04-13 13:44:00
1776087900,1.17004,1.17011,1.17,1.17004,200.0,2026-04-13 13:45:00
1776087960,1.17003,1.17014,1.16999,1.17003,137.0,2026-04-13 13:46:00
1776088020,1.17002,1.17006,1.16992,1.16993,193.0,2026-04-13 13:47:00
1776088080,1.16992,1.17058,1.16989,1.17014,462.0,2026-04-13 13:48:00
1776088140,1.17013,1.17095,1.17003,1.17078,796.0,2026-04-13 13:49:00
1776088200,1.17078,1.17124,1.17066,1.17116,885.0,2026-04-13 13:50:00
1776088260,1.17115,1.17121,1.17044,1.17045,758.0,2026-04-13 13:51:00
1776088320,1.17046,1.17064,1.17033,1.17056,458.0,2026-04-13 13:52:00
1776088380,1.17058,1.17072,1.17046,1.17057,421.0,2026-04-13 13:53:00
1776088440,1.17058,1.17078,1.17054,1.17076,329.0,2026-04-13 13:54:00
1776088500,1.17076,1.1708,1.17051,1.17055,339.0,2026-04-13 13:55:00
1776088560,1.17053,1.1707,1.1705,1.1705,357.0,2026-04-13 13:56:00
1776088620,1.17048,1.17058,1.1703,1.17056,295.0,2026-04-13 13:57:00
1776088680,1.17053,1.17054,1.17028,1.17029,224.0,2026-04-13 13:58:00
1776088740,1.1703,1.1706,1.17025,1.17054,278.0,2026-04-13 13:59:00
1776088800,1.17054,1.17072,1.17052,1.17072,235.0,2026-04-13 14:00:00
1776088860,1.17073,1.17075,1.17039,1.17039,232.0,2026-04-13 14:01:00
1776088920,1.1704,1.17056,1.1703,1.1704,388.0,2026-04-13 14:02:00
1776088980,1.17039,1.1705,1.17026,1.17041,361.0,2026-04-13 14:03:00
1776089040,1.17042,1.17051,1.17039,1.17044,279.0,2026-04-13 14:04:00
1776089100,1.17044,1.17044,1.1701,1.17019,287.0,2026-04-13 14:05:00
1776089160,1.17018,1.17023,1.17004,1.17016,248.0,2026-04-13 14:06:00
1776089220,1.17018,1.17032,1.17006,1.17024,187.0,2026-04-13 14:07:00
1776089280,1.17024,1.1703,1.17014,1.17023,175.0,2026-04-13 14:08:00
1776089340,1.17022,1.17036,1.17014,1.17033,128.0,2026-04-13 14:09:00
1776089400,1.17031,1.17054,1.1703,1.17054,162.0,2026-04-13 14:10:00
1776089460,1.17056,1.1707,1.17056,1.17066,191.0,2026-04-13 14:11:00
1776089520,1.17067,1.17083,1.17056,1.17061,301.0,2026-04-13 14:12:00
1776089580,1.17062,1.17074,1.17062,1.17071,184.0,2026-04-13 14:13:00
1776089640,1.1707,1.17086,1.1707,1.17075,239.0,2026-04-13 14:14:00
1776089700,1.17074,1.17088,1.1706,1.17065,208.0,2026-04-13 14:15:00
1776089760,1.17064,1.17081,1.17063,1.17081,192.0,2026-04-13 14:16:00
1776089820,1.17082,1.17084,1.17058,1.1706,183.0,2026-04-13 14:17:00
1776089880,1.1706,1.17065,1.17052,1.17056,147.0,2026-04-13 14:18:00
1776089940,1.17056,1.17078,1.17053,1.17074,136.0,2026-04-13 14:19:00
1776090000,1.17073,1.1709,1.17073,1.17085,216.0,2026-04-13 14:20:00
1776090060,1.17085,1.17093,1.17074,1.17089,161.0,2026-04-13 14:21:00
1776090120,1.17092,1.17102,1.17084,1.17085,199.0,2026-04-13 14:22:00
1776090180,1.17084,1.17084,1.17008,1.17062,757.0,2026-04-13 14:23:00
1776090240,1.17063,1.17098,1.17056,1.17097,360.0,2026-04-13 14:24:00
1776090300,1.17096,1.17102,1.17084,1.17102,300.0,2026-04-13 14:25:00
1776090360,1.17101,1.17106,1.17086,1.17097,259.0,2026-04-13 14:26:00
1776090420,1.17098,1.17114,1.17094,1.17112,214.0,2026-04-13 14:27:00
1776090480,1.17112,1.17116,1.17098,1.17112,217.0,2026-04-13 14:28:00
1776090540,1.17112,1.17135,1.1711,1.17131,292.0,2026-04-13 14:29:00
1776090600,1.17132,1.1714,1.17122,1.17135,287.0,2026-04-13 14:30:00
1776090660,1.17134,1.17135,1.17116,1.17126,191.0,2026-04-13 14:31:00
1776090720,1.17128,1.17134,1.17114,1.17116,150.0,2026-04-13 14:32:00
1776090780,1.17117,1.17146,1.17116,1.17142,193.0,2026-04-13 14:33:00
1776090840,1.17144,1.17155,1.17138,1.17154,185.0,2026-04-13 14:34:00
1776090900,1.17152,1.17157,1.17138,1.1714,218.0,2026-04-13 14:35:00
1776090960,1.17138,1.17152,1.17136,1.1715,151.0,2026-04-13 14:36:00
1776091020,1.1715,1.17154,1.17134,1.17149,131.0,2026-04-13 14:37:00
1776091080,1.17148,1.1715,1.17138,1.17145,174.0,2026-04-13 14:38:00
1776091140,1.17146,1.17152,1.1713,1.1715,155.0,2026-04-13 14:39:00
1776091200,1.17151,1.1717,1.17148,1.17165,114.0,2026-04-13 14:40:00
1776091260,1.17163,1.17172,1.17157,1.17162,175.0,2026-04-13 14:41:00
1776091320,1.17162,1.17169,1.17155,1.17155,130.0,2026-04-13 14:42:00
1776091380,1.17156,1.17174,1.17156,1.1717,104.0,2026-04-13 14:43:00
1776091440,1.17172,1.17186,1.1717,1.17182,113.0,2026-04-13 14:44:00
1776091500,1.17182,1.17187,1.17179,1.1718,122.0,2026-04-13 14:45:00
1776091560,1.17179,1.17195,1.1717,1.17194,141.0,2026-04-13 14:46:00
1776091620,1.17195,1.17209,1.17176,1.17185,195.0,2026-04-13 14:47:00
1776091680,1.17184,1.17188,1.17166,1.17166,174.0,2026-04-13 14:48:00
1776091740,1.17166,1.17168,1.17138,1.1714,239.0,2026-04-13 14:49:00
1776091800,1.17141,1.17141,1.17114,1.17114,162.0,2026-04-13 14:50:00
1776091860,1.17114,1.17124,1.1711,1.1712,159.0,2026-04-13 14:51:00
1776091920,1.1712,1.17144,1.1712,1.17134,134.0,2026-04-13 14:52:00
1776091980,1.17134,1.17142,1.1712,1.1714,186.0,2026-04-13 14:53:00
1776092040,1.17139,1.17145,1.17131,1.17144,175.0,2026-04-13 14:54:00
1776092100,1.17144,1.17149,1.17133,1.17142,221.0,2026-04-13 14:55:00
1776092160,1.17142,1.17142,1.1713,1.17134,121.0,2026-04-13 14:56:00
1776092220,1.17136,1.17145,1.1713,1.17132,197.0,2026-04-13 14:57:00
1776092280,1.17136,1.17137,1.17112,1.17112,150.0,2026-04-13 14:58:00
1776092340,1.17111,1.17112,1.17098,1.17102,152.0,2026-04-13 14:59:00
1776092400,1.17102,1.17102,1.1707,1.17078,214.0,2026-04-13 15:00:00
1776092460,1.17078,1.17114,1.17076,1.17108,221.0,2026-04-13 15:01:00
1776092520,1.17109,1.17118,1.1708,1.1709,249.0,2026-04-13 15:02:00
1776092580,1.17088,1.17095,1.17072,1.17074,215.0,2026-04-13 15:03:00
1776092640,1.17074,1.17086,1.1706,1.17066,257.0,2026-04-13 15:04:00
1776092700,1.17067,1.17085,1.17056,1.17059,240.0,2026-04-13 15:05:00
1776092760,1.1706,1.17092,1.17055,1.1709,263.0,2026-04-13 15:06:00
1776092820,1.17092,1.17102,1.17077,1.17078,258.0,2026-04-13 15:07:00
1776092880,1.17079,1.1708,1.17053,1.17061,187.0,2026-04-13 15:08:00
1776092940,1.17059,1.17061,1.1705,1.17054,176.0,2026-04-13 15:09:00
1776093000,1.17054,1.1706,1.17042,1.17046,132.0,2026-04-13 15:10:00
1776093060,1.17046,1.17064,1.17046,1.17058,146.0,2026-04-13 15:11:00
1776093120,1.17058,1.1708,1.17057,1.17079,88.0,2026-04-13 15:12:00
1776093180,1.17078,1.17078,1.17062,1.17066,146.0,2026-04-13 15:13:00
1776093240,1.17065,1.17078,1.17062,1.17078,117.0,2026-04-13 15:14:00
1776093300,1.1708,1.17092,1.1708,1.1708,144.0,2026-04-13 15:15:00
1776093360,1.17078,1.1708,1.17068,1.17074,187.0,2026-04-13 15:16:00
1776093420,1.17074,1.17089,1.17073,1.17078,129.0,2026-04-13 15:17:00
1776093480,1.17078,1.17078,1.17061,1.17063,120.0,2026-04-13 15:18:00
1776093540,1.17064,1.17068,1.17047,1.1705,132.0,2026-04-13 15:19:00
1776093600,1.17049,1.1706,1.17044,1.17054,147.0,2026-04-13 15:20:00
1776093660,1.17054,1.1706,1.17054,1.17054,66.0,2026-04-13 15:21:00
1776093720,1.17054,1.1706,1.17048,1.17059,120.0,2026-04-13 15:22:00
1776093780,1.17058,1.17065,1.17048,1.17064,145.0,2026-04-13 15:23:00
1776093840,1.17064,1.17074,1.1706,1.1706,100.0,2026-04-13 15:24:00
1776093900,1.17058,1.17076,1.17054,1.17076,136.0,2026-04-13 15:25:00
1776093960,1.17075,1.17076,1.1705,1.17056,104.0,2026-04-13 15:26:00
1776094020,1.17058,1.1706,1.17052,1.17058,125.0,2026-04-13 15:27:00
1776094080,1.17058,1.17068,1.17053,1.17067,139.0,2026-04-13 15:28:00
1776094140,1.17066,1.17069,1.17056,1.17056,80.0,2026-04-13 15:29:00
1776094200,1.17055,1.17055,1.17029,1.17038,186.0,2026-04-13 15:30:00
1776094260,1.1704,1.1705,1.17028,1.1703,193.0,2026-04-13 15:31:00
1776094320,1.17029,1.17041,1.17026,1.17034,107.0,2026-04-13 15:32:00
1776094380,1.17035,1.17056,1.17035,1.1705,134.0,2026-04-13 15:33:00
1776094440,1.1705,1.17058,1.17046,1.17058,120.0,2026-04-13 15:34:00
1776094500,1.17058,1.17066,1.17056,1.17066,104.0,2026-04-13 15:35:00
1776094560,1.17066,1.17075,1.17056,1.17074,144.0,2026-04-13 15:36:00
1776094620,1.17073,1.17097,1.17072,1.17095,88.0,2026-04-13 15:37:00
1776094680,1.17094,1.17126,1.17086,1.17096,357.0,2026-04-13 15:38:00
1776094740,1.17094,1.17103,1.17094,1.17096,196.0,2026-04-13 15:39:00
1776094800,1.17099,1.17102,1.1709,1.171,175.0,2026-04-13 15:40:00
1776094860,1.17101,1.17106,1.17097,1.17106,152.0,2026-04-13 15:41:00
1776094920,1.17105,1.17114,1.17094,1.17101,214.0,2026-04-13 15:42:00
1776094980,1.171,1.17102,1.17089,1.17096,144.0,2026-04-13 15:43:00
1776095040,1.17094,1.17097,1.17086,1.17096,59.0,2026-04-13 15:44:00
1776095100,1.17096,1.17107,1.1709,1.17096,160.0,2026-04-13 15:45:00
1776095160,1.17097,1.17108,1.17096,1.17104,87.0,2026-04-13 15:46:00
1776095220,1.17104,1.17114,1.17101,1.17112,78.0,2026-04-13 15:47:00
1776095280,1.17112,1.17116,1.17106,1.17106,69.0,2026-04-13 15:48:00
1776095340,1.17106,1.1712,1.171,1.17119,114.0,2026-04-13 15:49:00
1776095400,1.1712,1.17121,1.17106,1.1711,106.0,2026-04-13 15:50:00
1776095460,1.1711,1.17115,1.17087,1.17096,171.0,2026-04-13 15:51:00
1776095520,1.17097,1.17104,1.17096,1.17097,70.0,2026-04-13 15:52:00
1776095580,1.17098,1.171,1.1709,1.17091,57.0,2026-04-13 15:53:00
1776095640,1.17092,1.17096,1.17085,1.17086,55.0,2026-04-13 15:54:00
1776095700,1.17086,1.1709,1.1708,1.17084,72.0,2026-04-13 15:55:00
1776095760,1.17086,1.171,1.17086,1.17094,48.0,2026-04-13 15:56:00
1776095820,1.17094,1.17094,1.1708,1.17086,93.0,2026-04-13 15:57:00
1776095880,1.17086,1.17092,1.17084,1.17091,72.0,2026-04-13 15:58:00
1776095940,1.17092,1.17098,1.17086,1.17096,78.0,2026-04-13 15:59:00
1776096000,1.17098,1.1711,1.17098,1.17101,103.0,2026-04-13 16:00:00
1776096060,1.171,1.17106,1.17093,1.17106,100.0,2026-04-13 16:01:00
1776096120,1.17106,1.17106,1.17082,1.17082,90.0,2026-04-13 16:02:00
1776096180,1.17081,1.17084,1.17071,1.1708,89.0,2026-04-13 16:03:00
1776096240,1.17081,1.17087,1.17076,1.17084,78.0,2026-04-13 16:04:00
1776096300,1.17084,1.17085,1.17072,1.1708,105.0,2026-04-13 16:05:00
1776096360,1.17082,1.17166,1.17082,1.1714,731.0,2026-04-13 16:06:00
1776096420,1.17139,1.17139,1.17084,1.17087,439.0,2026-04-13 16:07:00
1776096480,1.17086,1.17091,1.17077,1.17088,243.0,2026-04-13 16:08:00
1776096540,1.1709,1.17108,1.17086,1.17106,176.0,2026-04-13 16:09:00
1776096600,1.17104,1.17116,1.17101,1.17115,205.0,2026-04-13 16:10:00
1776096660,1.17114,1.17124,1.17111,1.17115,167.0,2026-04-13 16:11:00
1776096720,1.17114,1.17122,1.17094,1.17098,138.0,2026-04-13 16:12:00
1776096780,1.17098,1.17104,1.1709,1.17096,102.0,2026-04-13 16:13:00
1776096840,1.17096,1.17106,1.1709,1.17106,101.0,2026-04-13 16:14:00
1776096900,1.17105,1.17112,1.17096,1.17096,86.0,2026-04-13 16:15:00
1776096960,1.17096,1.17109,1.17095,1.17109,105.0,2026-04-13 16:16:00
1776097020,1.1711,1.17116,1.171,1.1711,84.0,2026-04-13 16:17:00
1776097080,1.1711,1.17117,1.17098,1.171,127.0,2026-04-13 16:18:00
1776097140,1.171,1.17102,1.17086,1.1709,109.0,2026-04-13 16:19:00
1776097200,1.1709,1.17144,1.1709,1.17096,411.0,2026-04-13 16:20:00
1776097260,1.17095,1.17097,1.17084,1.1709,145.0,2026-04-13 16:21:00
1776097320,1.17089,1.17097,1.17088,1.17094,67.0,2026-04-13 16:22:00
1776097380,1.17094,1.17097,1.17087,1.17088,93.0,2026-04-13 16:23:00
1776097440,1.1709,1.17099,1.17088,1.17097,172.0,2026-04-13 16:24:00
1776097500,1.17098,1.17106,1.17093,1.17097,111.0,2026-04-13 16:25:00
1776097560,1.17096,1.1711,1.17094,1.17096,124.0,2026-04-13 16:26:00
1776097620,1.17095,1.1711,1.17094,1.17104,102.0,2026-04-13 16:27:00
1776097680,1.17106,1.17118,1.171,1.17115,101.0,2026-04-13 16:28:00
1776097740,1.17113,1.17146,1.17113,1.17133,162.0,2026-04-13 16:29:00
1776097800,1.17134,1.17169,1.17132,1.17162,149.0,2026-04-13 16:30:00
1776097860,1.17162,1.17168,1.17162,1.17165,100.0,2026-04-13 16:31:00
1776097920,1.17166,1.17166,1.1714,1.17141,127.0,2026-04-13 16:32:00
1776097980,1.1714,1.17217,1.1714,1.17173,447.0,2026-04-13 16:33:00
1776098040,1.17171,1.17175,1.17164,1.17168,203.0,2026-04-13 16:34:00
1776098100,1.17168,1.17228,1.17166,1.17204,285.0,2026-04-13 16:35:00
1776098160,1.17202,1.17202,1.17172,1.1718,289.0,2026-04-13 16:36:00
1776098220,1.1718,1.1719,1.17174,1.17182,150.0,2026-04-13 16:37:00
1776098280,1.17184,1.1719,1.17164,1.17168,123.0,2026-04-13 16:38:00
1776098340,1.1717,1.17217,1.17168,1.17202,373.0,2026-04-13 16:39:00
1776098400,1.17204,1.17244,1.17196,1.17238,292.0,2026-04-13 16:40:00
1776098460,1.17237,1.17247,1.17196,1.17206,372.0,2026-04-13 16:41:00
1776098520,1.17206,1.17214,1.17182,1.172,267.0,2026-04-13 16:42:00
1776098580,1.17198,1.1723,1.17186,1.17228,176.0,2026-04-13 16:43:00
1776098640,1.17229,1.17264,1.17229,1.17261,181.0,2026-04-13 16:44:00
1776098700,1.17259,1.17268,1.17254,1.17264,173.0,2026-04-13 16:45:00
1776098760,1.17263,1.17274,1.17262,1.17264,151.0,2026-04-13 16:46:00
1776098820,1.17264,1.17314,1.17264,1.17282,220.0,2026-04-13 16:47:00
1776098880,1.17282,1.17288,1.17275,1.17281,205.0,2026-04-13 16:48:00
1776098940,1.1728,1.17281,1.17254,1.17258,226.0,2026-04-13 16:49:00
1776099000,1.17259,1.17289,1.17254,1.17285,249.0,2026-04-13 16:50:00
1776099060,1.17284,1.17304,1.17284,1.17296,173.0,2026-04-13 16:51:00
1776099120,1.17294,1.17294,1.17256,1.17258,92.0,2026-04-13 16:52:00
1776099180,1.17258,1.1726,1.17246,1.1725,161.0,2026-04-13 16:53:00
1776099240,1.1725,1.17262,1.17249,1.17254,125.0,2026-04-13 16:54:00
1776099300,1.17255,1.1726,1.17244,1.1726,134.0,2026-04-13 16:55:00
1776099360,1.17259,1.17262,1.1725,1.17256,144.0,2026-04-13 16:56:00
1776099420,1.17254,1.17257,1.17248,1.17256,69.0,2026-04-13 16:57:00
1776099480,1.17255,1.17259,1.17244,1.17252,106.0,2026-04-13 16:58:00
1776099540,1.17251,1.17256,1.17244,1.1725,89.0,2026-04-13 16:59:00
1776099600,1.1725,1.1726,1.17246,1.17257,131.0,2026-04-13 17:00:00
1776099660,1.17258,1.17263,1.1725,1.17262,105.0,2026-04-13 17:01:00
1776099720,1.17262,1.17272,1.17259,1.17272,92.0,2026-04-13 17:02:00
1776099780,1.17273,1.17282,1.17264,1.17264,118.0,2026-04-13 17:03:00
1776099840,1.17264,1.17274,1.17264,1.17273,96.0,2026-04-13 17:04:00
1776099900,1.17272,1.17277,1.17269,1.1727,76.0,2026-04-13 17:05:00
1776099960,1.1727,1.17274,1.17262,1.17262,109.0,2026-04-13 17:06:00
1776100020,1.17262,1.1727,1.17256,1.1727,77.0,2026-04-13 17:07:00
1776100080,1.17268,1.1727,1.17258,1.1727,59.0,2026-04-13 17:08:00
1776100140,1.17269,1.1728,1.17269,1.1728,46.0,2026-04-13 17:09:00
1776100200,1.17279,1.17296,1.17279,1.17294,89.0,2026-04-13 17:10:00
1776100260,1.17296,1.17308,1.17294,1.17304,93.0,2026-04-13 17:11:00
1776100320,1.17304,1.17313,1.17299,1.1731,87.0,2026-04-13 17:12:00
1776100380,1.17309,1.1732,1.17305,1.17316,68.0,2026-04-13 17:13:00
1776100440,1.17316,1.17319,1.17315,1.17318,30.0,2026-04-13 17:14:00
1776100500,1.17321,1.17328,1.17315,1.17326,91.0,2026-04-13 17:15:00
1776100560,1.17325,1.17334,1.17323,1.17326,154.0,2026-04-13 17:16:00
1776100620,1.17326,1.17332,1.17326,1.17332,53.0,2026-04-13 17:17:00
1776100680,1.17333,1.17358,1.17332,1.17358,83.0,2026-04-13 17:18:00
1776100740,1.17357,1.17379,1.1735,1.17355,198.0,2026-04-13 17:19:00
1776100800,1.17352,1.17352,1.17328,1.17339,115.0,2026-04-13 17:20:00
1776100860,1.1734,1.17355,1.17338,1.17352,96.0,2026-04-13 17:21:00
1776100920,1.17354,1.17364,1.17352,1.17354,49.0,2026-04-13 17:22:00
1776100980,1.17354,1.17362,1.17353,1.17362,55.0,2026-04-13 17:23:00
1776101040,1.17366,1.17368,1.17349,1.17355,68.0,2026-04-13 17:24:00
1776101100,1.17354,1.17358,1.17346,1.17354,81.0,2026-04-13 17:25:00
1776101160,1.17353,1.1737,1.17352,1.1737,72.0,2026-04-13 17:26:00
1776101220,1.17369,1.17374,1.17364,1.17367,83.0,2026-04-13 17:27:00
1776101280,1.17368,1.17372,1.17364,1.17368,92.0,2026-04-13 17:28:00
1776101340,1.17367,1.17372,1.17365,1.1737,70.0,2026-04-13 17:29:00
1776101400,1.1737,1.17375,1.17364,1.17375,85.0,2026-04-13 17:30:00
1776101460,1.17374,1.17377,1.1737,1.17373,99.0,2026-04-13 17:31:00
1776101520,1.1737,1.17374,1.17366,1.17371,61.0,2026-04-13 17:32:00
1776101580,1.17373,1.17373,1.17354,1.17354,84.0,2026-04-13 17:33:00
1776101640,1.17353,1.17358,1.17348,1.17354,129.0,2026-04-13 17:34:00
1776101700,1.17352,1.17354,1.17342,1.17342,64.0,2026-04-13 17:35:00
1776101760,1.17342,1.17354,1.17342,1.17352,110.0,2026-04-13 17:36:00
1776101820,1.17351,1.17364,1.17351,1.17357,62.0,2026-04-13 17:37:00
1776101880,1.17358,1.17368,1.17356,1.17367,45.0,2026-04-13 17:38:00
1776101940,1.17368,1.17377,1.17366,1.17368,63.0,2026-04-13 17:39:00
1776102000,1.17371,1.17372,1.17354,1.17358,66.0,2026-04-13 17:40:00
1776102060,1.17356,1.17358,1.1735,1.17354,66.0,2026-04-13 17:41:00
1776102120,1.17356,1.17358,1.1734,1.17353,81.0,2026-04-13 17:42:00
1776102180,1.17354,1.17365,1.17353,1.17363,50.0,2026-04-13 17:43:00
1776102240,1.17361,1.17364,1.17351,1.17354,58.0,2026-04-13 17:44:00
1776102300,1.17353,1.17355,1.17336,1.17336,57.0,2026-04-13 17:45:00
1776102360,1.17334,1.17356,1.1733,1.17356,73.0,2026-04-13 17:46:00
1776102420,1.17354,1.17358,1.17342,1.17346,35.0,2026-04-13 17:47:00
1776102480,1.17344,1.17352,1.17343,1.1735,32.0,2026-04-13 17:48:00
1776102540,1.17352,1.17356,1.17348,1.17348,33.0,2026-04-13 17:49:00
1776102600,1.1735,1.1735,1.17336,1.17338,43.0,2026-04-13 17:50:00
1776102660,1.17338,1.1734,1.17332,1.17339,73.0,2026-04-13 17:51:00
1776102720,1.1734,1.17354,1.17339,1.17343,75.0,2026-04-13 17:52:00
1776102780,1.17341,1.17348,1.17339,1.17342,51.0,2026-04-13 17:53:00
1776102840,1.17344,1.17348,1.1734,1.17343,47.0,2026-04-13 17:54:00
1776102900,1.17344,1.17344,1.17332,1.17341,50.0,2026-04-13 17:55:00
1776102960,1.1734,1.17348,1.17332,1.1734,71.0,2026-04-13 17:56:00
1776103020,1.1734,1.17346,1.17336,1.17337,63.0,2026-04-13 17:57:00
1776103080,1.17336,1.17338,1.17329,1.17334,82.0,2026-04-13 17:58:00
1776103140,1.17333,1.1734,1.17328,1.17335,98.0,2026-04-13 17:59:00
1776103200,1.17337,1.17351,1.17336,1.17344,95.0,2026-04-13 18:00:00
1776103260,1.17343,1.17353,1.17338,1.17353,72.0,2026-04-13 18:01:00
1776103320,1.17352,1.17364,1.17344,1.17364,87.0,2026-04-13 18:02:00
1776103380,1.17363,1.17372,1.17363,1.17371,72.0,2026-04-13 18:03:00
1776103440,1.1737,1.17374,1.17368,1.17369,39.0,2026-04-13 18:04:00
1776103500,1.17368,1.17372,1.17363,1.17366,57.0,2026-04-13 18:05:00
1776103560,1.17365,1.1737,1.17361,1.17368,43.0,2026-04-13 18:06:00
1776103620,1.17367,1.1737,1.17359,1.17366,53.0,2026-04-13 18:07:00
1776103680,1.17366,1.17371,1.17366,1.17367,43.0,2026-04-13 18:08:00
1776103740,1.17366,1.1737,1.17354,1.17358,43.0,2026-04-13 18:09:00
1776103800,1.1736,1.17368,1.1736,1.17368,63.0,2026-04-13 18:10:00
1776103860,1.17367,1.1738,1.17367,1.1738,55.0,2026-04-13 18:11:00
1776103920,1.17378,1.17381,1.17376,1.17378,46.0,2026-04-13 18:12:00
1776103980,1.1738,1.17382,1.17374,1.17382,46.0,2026-04-13 18:13:00
1776104040,1.17381,1.17381,1.17368,1.1737,48.0,2026-04-13 18:14:00
1776104100,1.17371,1.17375,1.17368,1.17375,41.0,2026-04-13 18:15:00
1776104160,1.17374,1.17377,1.17367,1.1737,44.0,2026-04-13 18:16:00
1776104220,1.17372,1.17374,1.17366,1.17366,48.0,2026-04-13 18:17:00
1776104280,1.17367,1.17372,1.17364,1.1737,33.0,2026-04-13 18:18:00
1776104340,1.17368,1.17374,1.17368,1.17368,27.0,2026-04-13 18:19:00
1776104400,1.17369,1.17374,1.17362,1.17366,48.0,2026-04-13 18:20:00
1776104460,1.17367,1.17368,1.17362,1.17366,33.0,2026-04-13 18:21:00
1776104520,1.17367,1.17368,1.1736,1.17363,47.0,2026-04-13 18:22:00
1776104580,1.17363,1.17364,1.17354,1.17358,48.0,2026-04-13 18:23:00
1776104640,1.17359,1.17371,1.17358,1.17368,124.0,2026-04-13 18:24:00
1776104700,1.17367,1.1737,1.17364,1.17364,67.0,2026-04-13 18:25:00
1776104760,1.17362,1.17368,1.17354,1.17356,89.0,2026-04-13 18:26:00
1776104820,1.17357,1.17361,1.17355,1.1736,92.0,2026-04-13 18:27:00
1776104880,1.1736,1.17373,1.1736,1.17369,109.0,2026-04-13 18:28:00
1776104940,1.1737,1.17374,1.17368,1.1737,87.0,2026-04-13 18:29:00
1776105000,1.17368,1.17388,1.17366,1.17388,105.0,2026-04-13 18:30:00
1776105060,1.17389,1.17472,1.17383,1.17454,360.0,2026-04-13 18:31:00
1776105120,1.17453,1.17478,1.17445,1.17468,357.0,2026-04-13 18:32:00
1776105180,1.17468,1.17481,1.17463,1.17468,222.0,2026-04-13 18:33:00
1776105240,1.1747,1.17496,1.17466,1.17494,309.0,2026-04-13 18:34:00
1776105300,1.17492,1.17492,1.17462,1.17472,187.0,2026-04-13 18:35:00
1776105360,1.17474,1.17502,1.17472,1.17494,227.0,2026-04-13 18:36:00
1776105420,1.17494,1.17504,1.17484,1.17492,222.0,2026-04-13 18:37:00
1776105480,1.17492,1.17504,1.17476,1.17504,135.0,2026-04-13 18:38:00
1776105540,1.17505,1.17505,1.17488,1.17496,132.0,2026-04-13 18:39:00
1776105600,1.17496,1.17498,1.17482,1.17483,83.0,2026-04-13 18:40:00
1776105660,1.17484,1.17494,1.17482,1.17492,106.0,2026-04-13 18:41:00
1776105720,1.17493,1.17496,1.17478,1.17496,127.0,2026-04-13 18:42:00
1776105780,1.17496,1.17506,1.17496,1.17502,78.0,2026-04-13 18:43:00
1776105840,1.17502,1.17506,1.17501,1.17502,49.0,2026-04-13 18:44:00
1776105900,1.17502,1.17512,1.17492,1.17512,154.0,2026-04-13 18:45:00
1776105960,1.17515,1.1752,1.17512,1.17516,69.0,2026-04-13 18:46:00
1776106020,1.17517,1.17528,1.17517,1.17526,94.0,2026-04-13 18:47:00
1776106080,1.17526,1.17545,1.17526,1.17542,105.0,2026-04-13 18:48:00
1776106140,1.17541,1.17554,1.1754,1.1754,139.0,2026-04-13 18:49:00
1776106200,1.17542,1.1756,1.17538,1.1755,141.0,2026-04-13 18:50:00
1776106260,1.17551,1.17566,1.1754,1.17556,194.0,2026-04-13 18:51:00
1776106320,1.17556,1.17577,1.17552,1.17571,122.0,2026-04-13 18:52:00
1776106380,1.17572,1.17583,1.1757,1.17574,117.0,2026-04-13 18:53:00
1776106440,1.17574,1.17584,1.17566,1.17584,194.0,2026-04-13 18:54:00
1776106500,1.17582,1.17601,1.1758,1.17582,299.0,2026-04-13 18:55:00
1776106560,1.17582,1.17586,1.17576,1.17586,160.0,2026-04-13 18:56:00
1776106620,1.17585,1.17607,1.17576,1.176,179.0,2026-04-13 18:57:00
1776106680,1.176,1.17618,1.17585,1.17614,223.0,2026-04-13 18:58:00
1776106740,1.17616,1.1766,1.17616,1.17645,424.0,2026-04-13 18:59:00
1776106800,1.17643,1.1765,1.1761,1.1762,226.0,2026-04-13 19:00:00
1776106860,1.1762,1.1762,1.1761,1.17616,140.0,2026-04-13 19:01:00
1776106920,1.17616,1.17617,1.17589,1.1759,112.0,2026-04-13 19:02:00
1776106980,1.17588,1.17594,1.17584,1.17585,87.0,2026-04-13 19:03:00
1776107040,1.17584,1.17585,1.17568,1.1757,120.0,2026-04-13 19:04:00
1776107100,1.1757,1.1758,1.17565,1.1758,123.0,2026-04-13 19:05:00
1776107160,1.17579,1.17582,1.17562,1.17566,79.0,2026-04-13 19:06:00
1776107220,1.17566,1.17566,1.17542,1.17544,91.0,2026-04-13 19:07:00
1776107280,1.17542,1.17554,1.1754,1.1755,111.0,2026-04-13 19:08:00
1776107340,1.1755,1.17568,1.17549,1.17568,69.0,2026-04-13 19:09:00
1776107400,1.1757,1.17572,1.17562,1.17563,60.0,2026-04-13 19:10:00
1776107460,1.17564,1.17576,1.17562,1.17576,75.0,2026-04-13 19:11:00
1776107520,1.17576,1.17584,1.1757,1.17582,45.0,2026-04-13 19:12:00
1776107580,1.17582,1.17586,1.17573,1.17573,62.0,2026-04-13 19:13:00
1776107640,1.17573,1.17576,1.17568,1.17572,60.0,2026-04-13 19:14:00
1776107700,1.17571,1.17578,1.17568,1.17577,65.0,2026-04-13 19:15:00
1776107760,1.17576,1.17584,1.17575,1.1758,35.0,2026-04-13 19:16:00
1776107820,1.17581,1.17582,1.17572,1.1758,68.0,2026-04-13 19:17:00
1776107880,1.1758,1.17584,1.17579,1.17582,23.0,2026-04-13 19:18:00
1776107940,1.17583,1.17584,1.17574,1.17574,44.0,2026-04-13 19:19:00
1776108000,1.17572,1.17572,1.17561,1.17566,46.0,2026-04-13 19:20:00
1776108060,1.17568,1.17578,1.17568,1.17576,26.0,2026-04-13 19:21:00
1776108120,1.17577,1.17585,1.17577,1.17584,33.0,2026-04-13 19:22:00
1776108180,1.17584,1.17586,1.1758,1.17583,44.0,2026-04-13 19:23:00
1776108240,1.17582,1.17583,1.1758,1.17582,42.0,2026-04-13 19:24:00
1776108300,1.17583,1.17586,1.17582,1.17585,56.0,2026-04-13 19:25:00
1776108360,1.17586,1.17604,1.17586,1.17602,87.0,2026-04-13 19:26:00
1776108420,1.17604,1.17614,1.17604,1.17611,71.0,2026-04-13 19:27:00
1776108480,1.1761,1.1761,1.17602,1.17602,23.0,2026-04-13 19:28:00
1776108540,1.17601,1.17606,1.17601,1.17606,20.0,2026-04-13 19:29:00
1776108600,1.17608,1.1761,1.17596,1.17606,71.0,2026-04-13 19:30:00
1776108660,1.17606,1.1761,1.17597,1.17609,97.0,2026-04-13 19:31:00
1776108720,1.17608,1.17616,1.17607,1.17608,108.0,2026-04-13 19:32:00
1776108780,1.17607,1.17608,1.17598,1.17602,65.0,2026-04-13 19:33:00
1776108840,1.17601,1.17602,1.17596,1.17598,37.0,2026-04-13 19:34:00
1776108900,1.17598,1.17607,1.17595,1.17605,63.0,2026-04-13 19:35:00
1776108960,1.17604,1.17612,1.176,1.1761,78.0,2026-04-13 19:36:00
1776109020,1.17609,1.17613,1.17603,1.17605,69.0,2026-04-13 19:37:00
1776109080,1.17606,1.17606,1.17596,1.17599,58.0,2026-04-13 19:38:00
1776109140,1.176,1.1761,1.17598,1.17608,56.0,2026-04-13 19:39:00
1776109200,1.17607,1.1761,1.176,1.17602,62.0,2026-04-13 19:40:00
1776109260,1.17602,1.17602,1.1759,1.17592,87.0,2026-04-13 19:41:00
1776109320,1.1759,1.17593,1.17585,1.17586,85.0,2026-04-13 19:42:00
1776109380,1.17588,1.17593,1.17586,1.17592,64.0,2026-04-13 19:43:00
1776109440,1.17593,1.17601,1.17593,1.17598,44.0,2026-04-13 19:44:00
1776109500,1.17596,1.17596,1.17582,1.17586,91.0,2026-04-13 19:45:00
1776109560,1.17588,1.1759,1.17586,1.17587,35.0,2026-04-13 19:46:00
1776109620,1.17585,1.1759,1.17579,1.1759,58.0,2026-04-13 19:47:00
1776109680,1.1759,1.1759,1.17587,1.17588,64.0,2026-04-13 19:48:00
1776109740,1.17586,1.17596,1.17586,1.17595,73.0,2026-04-13 19:49:00
1776109800,1.17596,1.1762,1.17596,1.17615,306.0,2026-04-13 19:50:00
1776109860,1.17616,1.1762,1.17606,1.17613,128.0,2026-04-13 19:51:00
1776109920,1.17614,1.17625,1.17612,1.17616,71.0,2026-04-13 19:52:00
1776109980,1.17616,1.17626,1.17616,1.17616,107.0,2026-04-13 19:53:00
1776110040,1.17616,1.17616,1.17602,1.17604,148.0,2026-04-13 19:54:00
1776110100,1.17608,1.1761,1.17603,1.17603,56.0,2026-04-13 19:55:00
1776110160,1.17604,1.17614,1.17603,1.17606,99.0,2026-04-13 19:56:00
1776110220,1.17607,1.1761,1.176,1.176,90.0,2026-04-13 19:57:00
1776110280,1.17598,1.17607,1.17596,1.17604,126.0,2026-04-13 19:58:00
1776110340,1.17604,1.17616,1.176,1.17602,91.0,2026-04-13 19:59:00
1776110400,1.17602,1.17617,1.17601,1.17604,99.0,2026-04-13 20:00:00
1776110460,1.17604,1.17606,1.17602,1.17605,35.0,2026-04-13 20:01:00
1776110520,1.17604,1.17616,1.17604,1.17616,31.0,2026-04-13 20:02:00
1776110580,1.17616,1.17627,1.17616,1.17626,27.0,2026-04-13 20:03:00
1776110640,1.17627,1.17629,1.17626,1.17626,41.0,2026-04-13 20:04:00
1776110700,1.17626,1.17627,1.17612,1.17612,52.0,2026-04-13 20:05:00
1776110760,1.17612,1.17623,1.17612,1.17623,57.0,2026-04-13 20:06:00
1776110820,1.17624,1.17628,1.17622,1.17623,30.0,2026-04-13 20:07:00
1776110880,1.17622,1.17625,1.17618,1.1762,36.0,2026-04-13 20:08:00
1776110940,1.1762,1.17628,1.17618,1.17628,39.0,2026-04-13 20:09:00
1776111000,1.1763,1.17632,1.17622,1.17623,55.0,2026-04-13 20:10:00
1776111060,1.17624,1.17626,1.17624,1.17624,7.0,2026-04-13 20:11:00
1776111120,1.17621,1.17621,1.17614,1.17616,122.0,2026-04-13 20:12:00
1776111180,1.17616,1.17616,1.17612,1.17614,18.0,2026-04-13 20:13:00
1776111240,1.17616,1.17616,1.17616,1.17616,6.0,2026-04-13 20:14:00
1776111300,1.17616,1.17618,1.17614,1.17616,19.0,2026-04-13 20:15:00
1776111360,1.17614,1.17618,1.17614,1.17618,11.0,2026-04-13 20:16:00
1776111420,1.17616,1.17621,1.17616,1.17619,27.0,2026-04-13 20:17:00
1776111480,1.1762,1.17628,1.17619,1.17624,40.0,2026-04-13 20:18:00
1776111540,1.17623,1.17623,1.17619,1.1762,21.0,2026-04-13 20:19:00
1776111600,1.1762,1.17622,1.1762,1.17622,8.0,2026-04-13 20:20:00
1776111660,1.17622,1.17622,1.17615,1.17616,18.0,2026-04-13 20:21:00
1776111720,1.17615,1.17616,1.17602,1.17603,35.0,2026-04-13 20:22:00
1776111780,1.17602,1.17606,1.17596,1.17606,62.0,2026-04-13 20:23:00
1776111840,1.17606,1.17609,1.17603,1.17605,20.0,2026-04-13 20:24:00
1776111900,1.17607,1.17607,1.17598,1.176,58.0,2026-04-13 20:25:00
1776111960,1.17599,1.17602,1.17594,1.17596,47.0,2026-04-13 20:26:00
1776112020,1.17596,1.17596,1.17594,1.17595,21.0,2026-04-13 20:27:00
1776112080,1.17596,1.17596,1.17585,1.17586,49.0,2026-04-13 20:28:00
1776112140,1.17585,1.17598,1.17584,1.17594,54.0,2026-04-13 20:29:00
1776112200,1.17595,1.17595,1.17586,1.17586,23.0,2026-04-13 20:30:00
1776112260,1.17586,1.17588,1.17586,1.17586,5.0,2026-04-13 20:31:00
1776112320,1.17588,1.17596,1.17588,1.1759,41.0,2026-04-13 20:32:00
1776112380,1.1759,1.17596,1.17588,1.17592,39.0,2026-04-13 20:33:00
1776112440,1.17592,1.17596,1.17592,1.17595,35.0,2026-04-13 20:34:00
1776112500,1.17596,1.17597,1.17592,1.17594,21.0,2026-04-13 20:35:00
1776112560,1.17593,1.17594,1.1759,1.17592,25.0,2026-04-13 20:36:00
1776112620,1.1759,1.17592,1.1759,1.17591,19.0,2026-04-13 20:37:00
1776112680,1.17592,1.17598,1.1759,1.17598,60.0,2026-04-13 20:38:00
1776112740,1.17598,1.17598,1.17594,1.17595,33.0,2026-04-13 20:39:00
1776112800,1.17596,1.17598,1.17594,1.17598,18.0,2026-04-13 20:40:00
1776112860,1.17598,1.17598,1.17594,1.17594,23.0,2026-04-13 20:41:00
1776112920,1.17594,1.17596,1.17594,1.17594,11.0,2026-04-13 20:42:00
1776112980,1.17595,1.17601,1.17595,1.17599,9.0,2026-04-13 20:43:00
1776113040,1.176,1.17603,1.17594,1.17594,39.0,2026-04-13 20:44:00
1776113100,1.17594,1.17594,1.17589,1.1759,29.0,2026-04-13 20:45:00
1776113160,1.1759,1.1759,1.17582,1.17584,43.0,2026-04-13 20:46:00
1776113220,1.17582,1.17596,1.1758,1.17594,51.0,2026-04-13 20:47:00
1776113280,1.17595,1.17597,1.17575,1.1758,72.0,2026-04-13 20:48:00
1776113340,1.17581,1.17582,1.17576,1.1758,75.0,2026-04-13 20:49:00
1776113400,1.1758,1.17582,1.17575,1.17576,57.0,2026-04-13 20:50:00
1776113460,1.17576,1.17576,1.17567,1.17571,31.0,2026-04-13 20:51:00
1776113520,1.17573,1.17576,1.17572,1.17572,47.0,2026-04-13 20:52:00
1776113580,1.17572,1.17586,1.17572,1.17586,33.0,2026-04-13 20:53:00
1776113640,1.17586,1.17592,1.17586,1.17589,47.0,2026-04-13 20:54:00
1776113700,1.1759,1.17591,1.17582,1.17584,87.0,2026-04-13 20:55:00
1776113760,1.17584,1.1759,1.17584,1.17588,96.0,2026-04-13 20:56:00
1776113820,1.17588,1.17597,1.17588,1.17595,104.0,2026-04-13 20:57:00
1776113880,1.17594,1.17599,1.17584,1.1759,119.0,2026-04-13 20:58:00
1776113940,1.1759,1.17591,1.17586,1.17588,11.0,2026-04-13 20:59:00
1776114240,1.17576,1.17576,1.17576,1.17576,1.0,2026-04-13 21:04:00
1776114300,1.17574,1.17594,1.17562,1.17578,27.0,2026-04-13 21:05:00
1776114360,1.1758,1.1758,1.1758,1.1758,1.0,2026-04-13 21:06:00
1776114420,1.17581,1.17581,1.17581,1.17581,1.0,2026-04-13 21:07:00
1776114540,1.17574,1.17574,1.17565,1.17565,5.0,2026-04-13 21:09:00
1776114600,1.17566,1.17576,1.17565,1.1757,14.0,2026-04-13 21:10:00
1776114660,1.1757,1.17572,1.17562,1.17562,4.0,2026-04-13 21:11:00
1776114720,1.17568,1.17568,1.1756,1.17566,18.0,2026-04-13 21:12:00
1776114780,1.17574,1.17574,1.17563,1.17567,12.0,2026-04-13 21:13:00
1776114840,1.17566,1.17567,1.17566,1.17567,7.0,2026-04-13 21:14:00
1776114900,1.17566,1.17569,1.17566,1.17569,2.0,2026-04-13 21:15:00
1776114960,1.17569,1.1757,1.17564,1.17566,19.0,2026-04-13 21:16:00
1776115020,1.17566,1.17568,1.17566,1.17568,5.0,2026-04-13 21:17:00
1776115080,1.17572,1.17573,1.17568,1.17573,15.0,2026-04-13 21:18:00
1776115140,1.17572,1.17573,1.17572,1.17573,8.0,2026-04-13 21:19:00
1776115200,1.1757,1.17574,1.1757,1.17572,10.0,2026-04-13 21:20:00
1776115260,1.17574,1.17588,1.17574,1.17581,33.0,2026-04-13 21:21:00
1776115320,1.17579,1.17582,1.17576,1.17582,14.0,2026-04-13 21:22:00
1776115380,1.17583,1.17584,1.1758,1.17582,9.0,2026-04-13 21:23:00
1776115440,1.17585,1.17586,1.17582,1.17584,10.0,2026-04-13 21:24:00
1776115500,1.1759,1.17596,1.17589,1.1759,16.0,2026-04-13 21:25:00
1776115560,1.1759,1.17598,1.17589,1.17597,17.0,2026-04-13 21:26:00
1776115620,1.17596,1.17596,1.17592,1.17594,6.0,2026-04-13 21:27:00
1776115680,1.17592,1.17592,1.1759,1.1759,8.0,2026-04-13 21:28:00
1776115740,1.17592,1.17592,1.17591,1.17592,3.0,2026-04-13 21:29:00
1776115800,1.17591,1.17593,1.17589,1.17589,11.0,2026-04-13 21:30:00
1776115860,1.17592,1.17592,1.1759,1.1759,4.0,2026-04-13 21:31:00
1776115920,1.17588,1.1759,1.17587,1.17588,11.0,2026-04-13 21:32:00
1776115980,1.17588,1.17588,1.17588,1.17588,4.0,2026-04-13 21:33:00
1776116040,1.17588,1.17588,1.17587,1.17587,4.0,2026-04-13 21:34:00
1776116100,1.17588,1.1759,1.17588,1.17588,7.0,2026-04-13 21:35:00
1776116160,1.17588,1.17588,1.17578,1.17578,12.0,2026-04-13 21:36:00
1776116220,1.17577,1.17579,1.17576,1.17579,12.0,2026-04-13 21:37:00
1776116280,1.17578,1.17578,1.17576,1.17576,2.0,2026-04-13 21:38:00
1776116340,1.17574,1.17574,1.17568,1.17573,18.0,2026-04-13 21:39:00
1776116400,1.17572,1.17575,1.1757,1.1757,27.0,2026-04-13 21:40:00
1776116460,1.17574,1.17576,1.17568,1.17569,49.0,2026-04-13 21:41:00
1776116520,1.17571,1.17571,1.1757,1.1757,2.0,2026-04-13 21:42:00
1776116580,1.17568,1.17571,1.17568,1.1757,14.0,2026-04-13 21:43:00
1776116640,1.1757,1.17576,1.17567,1.1757,95.0,2026-04-13 21:44:00
1776116700,1.1757,1.17575,1.1757,1.17571,30.0,2026-04-13 21:45:00
1776116760,1.17574,1.17584,1.17572,1.17578,45.0,2026-04-13 21:46:00
1776116820,1.17583,1.17589,1.17583,1.17588,18.0,2026-04-13 21:47:00
1776116880,1.17586,1.17592,1.17584,1.17592,36.0,2026-04-13 21:48:00
1776116940,1.17593,1.17593,1.17585,1.1759,58.0,2026-04-13 21:49:00
1776117000,1.17592,1.17592,1.17584,1.17584,43.0,2026-04-13 21:50:00
1776117060,1.17585,1.17591,1.17554,1.17572,104.0,2026-04-13 21:51:00
1776117120,1.17574,1.17574,1.1756,1.17568,155.0,2026-04-13 21:52:00
1776117180,1.17564,1.1757,1.1756,1.1757,86.0,2026-04-13 21:53:00
1776117240,1.1757,1.1758,1.17567,1.17576,52.0,2026-04-13 21:54:00
1776117300,1.17576,1.17584,1.17563,1.17568,90.0,2026-04-13 21:55:00
1776117360,1.17567,1.17572,1.1756,1.17563,66.0,2026-04-13 21:56:00
1776117420,1.17564,1.17569,1.17562,1.17568,72.0,2026-04-13 21:57:00
1776117480,1.17566,1.17572,1.17563,1.17568,46.0,2026-04-13 21:58:00
1776117540,1.17568,1.17582,1.17566,1.17579,66.0,2026-04-13 21:59:00
1776117600,1.17581,1.17631,1.17576,1.17621,150.0,2026-04-13 22:00:00
1776117660,1.1762,1.17651,1.17615,1.17646,130.0,2026-04-13 22:01:00
1776117720,1.17646,1.17646,1.17639,1.17639,18.0,2026-04-13 22:02:00
1776117780,1.1764,1.1764,1.17632,1.17635,47.0,2026-04-13 22:03:00
1776117840,1.17634,1.17639,1.17634,1.17634,22.0,2026-04-13 22:04:00
1776117900,1.17633,1.17634,1.17616,1.17626,33.0,2026-04-13 22:05:00
1776117960,1.17627,1.17627,1.17624,1.17624,7.0,2026-04-13 22:06:00
1776118020,1.17625,1.17638,1.17625,1.1763,38.0,2026-04-13 22:07:00
1776118080,1.17628,1.17628,1.1762,1.1762,22.0,2026-04-13 22:08:00
1776118140,1.17621,1.1763,1.17618,1.17628,29.0,2026-04-13 22:09:00
1776118200,1.17628,1.17632,1.17626,1.17626,47.0,2026-04-13 22:10:00
1776118260,1.17627,1.17628,1.17624,1.17624,12.0,2026-04-13 22:11:00
1776118320,1.1762,1.17625,1.17615,1.17618,52.0,2026-04-13 22:12:00
1776118380,1.17617,1.1762,1.17616,1.17616,19.0,2026-04-13 22:13:00
1776118440,1.17616,1.17618,1.17615,1.17616,19.0,2026-04-13 22:14:00
1776118500,1.17618,1.17618,1.17609,1.17609,18.0,2026-04-13 22:15:00
1776118560,1.17607,1.17607,1.17596,1.176,30.0,2026-04-13 22:16:00
1776118620,1.176,1.176,1.17598,1.176,8.0,2026-04-13 22:17:00
1776118680,1.17599,1.176,1.17594,1.17594,16.0,2026-04-13 22:18:00
1776118740,1.17594,1.17596,1.17594,1.17595,23.0,2026-04-13 22:19:00
1776118800,1.17594,1.17602,1.17594,1.176,22.0,2026-04-13 22:20:00
1776118860,1.176,1.17602,1.176,1.17602,8.0,2026-04-13 22:21:00
1776118920,1.17602,1.17604,1.17602,1.17603,31.0,2026-04-13 22:22:00
1776118980,1.17602,1.17606,1.176,1.17604,27.0,2026-04-13 22:23:00
1776119040,1.17604,1.17604,1.17586,1.17601,43.0,2026-04-13 22:24:00
1776119100,1.17603,1.17616,1.17601,1.17616,32.0,2026-04-13 22:25:00
1776119160,1.17616,1.17616,1.17605,1.17606,22.0,2026-04-13 22:26:00
1776119220,1.17604,1.17606,1.17604,1.17606,10.0,2026-04-13 22:27:00
1776119280,1.17606,1.17606,1.17602,1.17602,21.0,2026-04-13 22:28:00
1776119340,1.17604,1.17604,1.17603,1.17604,9.0,2026-04-13 22:29:00
1776119400,1.17603,1.17614,1.17601,1.17613,47.0,2026-04-13 22:30:00
1776119460,1.17614,1.17614,1.1761,1.1761,26.0,2026-04-13 22:31:00
1776119520,1.17611,1.17611,1.176,1.17604,60.0,2026-04-13 22:32:00
1776119580,1.17604,1.17608,1.17604,1.17605,37.0,2026-04-13 22:33:00
1776119640,1.17604,1.17604,1.176,1.17602,13.0,2026-04-13 22:34:00
1776119700,1.17602,1.17602,1.17598,1.17602,13.0,2026-04-13 22:35:00
1776119760,1.176,1.17604,1.176,1.17604,24.0,2026-04-13 22:36:00
1776119820,1.17602,1.17602,1.17601,1.17601,5.0,2026-04-13 22:37:00
1776119880,1.176,1.176,1.17592,1.17596,31.0,2026-04-13 22:38:00
1776119940,1.17594,1.17598,1.17594,1.17598,45.0,2026-04-13 22:39:00
1776120000,1.17596,1.17598,1.17595,1.17597,25.0,2026-04-13 22:40:00
1776120060,1.17596,1.17599,1.17594,1.17594,17.0,2026-04-13 22:41:00
1776120120,1.17594,1.176,1.17594,1.176,19.0,2026-04-13 22:42:00
1776120180,1.176,1.17602,1.176,1.176,4.0,2026-04-13 22:43:00
1776120240,1.17601,1.17602,1.176,1.17602,7.0,2026-04-13 22:44:00
1776120300,1.17603,1.17606,1.17603,1.17603,33.0,2026-04-13 22:45:00
1776120360,1.17602,1.17603,1.176,1.17602,13.0,2026-04-13 22:46:00
1776120420,1.176,1.17608,1.176,1.17606,20.0,2026-04-13 22:47:00
1776120480,1.17605,1.17605,1.17602,1.17602,13.0,2026-04-13 22:48:00
1776120540,1.17602,1.1761,1.176,1.17608,30.0,2026-04-13 22:49:00
1776120600,1.17609,1.17612,1.17606,1.17606,27.0,2026-04-13 22:50:00
1776120660,1.17606,1.17608,1.17606,1.17606,28.0,2026-04-13 22:51:00
1776120720,1.17606,1.1761,1.17606,1.17609,14.0,2026-04-13 22:52:00
1776120780,1.17609,1.17611,1.17608,1.17611,7.0,2026-04-13 22:53:00
1776120840,1.17609,1.17613,1.17608,1.17608,20.0,2026-04-13 22:54:00
1776120900,1.17607,1.17609,1.17606,1.17608,9.0,2026-04-13 22:55:00
1776120960,1.17609,1.17613,1.17609,1.17612,18.0,2026-04-13 22:56:00
1776121020,1.1761,1.1761,1.17605,1.17609,20.0,2026-04-13 22:57:00
1776121080,1.17608,1.17616,1.17608,1.17612,28.0,2026-04-13 22:58:00
1776121140,1.17612,1.17618,1.17612,1.17616,64.0,2026-04-13 22:59:00
1776121200,1.17616,1.17617,1.17612,1.17614,42.0,2026-04-13 23:00:00
1776121260,1.17616,1.17616,1.1761,1.1761,25.0,2026-04-13 23:01:00
1776121320,1.1761,1.17614,1.1761,1.17612,19.0,2026-04-13 23:02:00
1776121380,1.17612,1.17623,1.17611,1.17622,32.0,2026-04-13 23:03:00
1776121440,1.17624,1.17638,1.17624,1.17637,57.0,2026-04-13 23:04:00
1776121500,1.17636,1.17638,1.17632,1.17632,30.0,2026-04-13 23:05:00
1776121560,1.17632,1.17636,1.17631,1.17632,43.0,2026-04-13 23:06:00
1776121620,1.17634,1.17636,1.1763,1.17632,35.0,2026-04-13 23:07:00
1776121680,1.17632,1.17632,1.1763,1.1763,15.0,2026-04-13 23:08:00
1776121740,1.17632,1.17645,1.1763,1.17644,48.0,2026-04-13 23:09:00
1776121800,1.17642,1.17644,1.1764,1.17643,30.0,2026-04-13 23:10:00
1776121860,1.17644,1.17649,1.17644,1.17648,20.0,2026-04-13 23:11:00
1776121920,1.17648,1.17648,1.17638,1.17638,39.0,2026-04-13 23:12:00
1776121980,1.17638,1.17643,1.17638,1.17639,27.0,2026-04-13 23:13:00
1776122040,1.17638,1.17638,1.17632,1.17632,27.0,2026-04-13 23:14:00
1776122100,1.17633,1.17636,1.1763,1.17634,35.0,2026-04-13 23:15:00
1776122160,1.17634,1.17638,1.17634,1.17637,18.0,2026-04-13 23:16:00
1776122220,1.17638,1.17643,1.17634,1.17637,52.0,2026-04-13 23:17:00
1776122280,1.17638,1.17644,1.17635,1.17644,45.0,2026-04-13 23:18:00
1776122340,1.17643,1.17646,1.17642,1.17646,37.0,2026-04-13 23:19:00
1776122400,1.17647,1.17657,1.17647,1.17656,37.0,2026-04-13 23:20:00
1776122460,1.17656,1.17656,1.17648,1.17648,24.0,2026-04-13 23:21:00
1776122520,1.1765,1.17656,1.17646,1.17647,38.0,2026-04-13 23:22:00
1776122580,1.17646,1.17653,1.17644,1.17652,26.0,2026-04-13 23:23:00
1776122640,1.17652,1.17653,1.17648,1.17653,41.0,2026-04-13 23:24:00
1776122700,1.17652,1.17653,1.17651,1.17652,21.0,2026-04-13 23:25:00
1776122760,1.17654,1.17654,1.17648,1.17648,19.0,2026-04-13 23:26:00
1776122820,1.17649,1.17652,1.17648,1.17652,22.0,2026-04-13 23:27:00
1776122880,1.17651,1.17651,1.17647,1.17648,19.0,2026-04-13 23:28:00
1776122940,1.17648,1.17649,1.17647,1.17648,16.0,2026-04-13 23:29:00
1776123000,1.17648,1.17654,1.17648,1.17654,24.0,2026-04-13 23:30:00
1776123060,1.17653,1.17654,1.1765,1.17652,22.0,2026-04-13 23:31:00
1776123120,1.17649,1.17654,1.17648,1.17654,32.0,2026-04-13 23:32:00
1776123180,1.17652,1.17654,1.1765,1.17651,24.0,2026-04-13 23:33:00
1776123240,1.1765,1.17652,1.17644,1.17648,39.0,2026-04-13 23:34:00
1776123300,1.17648,1.17651,1.17647,1.1765,44.0,2026-04-13 23:35:00
1776123360,1.1765,1.17656,1.1765,1.17656,22.0,2026-04-13 23:36:00
1776123420,1.17654,1.17654,1.1765,1.17651,11.0,2026-04-13 23:37:00
1776123480,1.17652,1.17652,1.17646,1.1765,42.0,2026-04-13 23:38:00
1776123540,1.17648,1.17654,1.17648,1.17654,18.0,2026-04-13 23:39:00
1776123600,1.17652,1.17656,1.17652,1.17654,19.0,2026-04-13 23:40:00
1776123660,1.17653,1.17654,1.17648,1.1765,34.0,2026-04-13 23:41:00
1776123720,1.1765,1.17656,1.17648,1.17655,50.0,2026-04-13 23:42:00
1776123780,1.17656,1.17658,1.1765,1.1765,44.0,2026-04-13 23:43:00
1776123840,1.1765,1.17652,1.17646,1.17648,38.0,2026-04-13 23:44:00
1776123900,1.17648,1.17654,1.17648,1.17654,29.0,2026-04-13 23:45:00
1776123960,1.17654,1.17664,1.17654,1.17658,35.0,2026-04-13 23:46:00
1776124020,1.1766,1.17664,1.17658,1.1766,28.0,2026-04-13 23:47:00
1776124080,1.17658,1.17658,1.17654,1.17657,26.0,2026-04-13 23:48:00
1776124140,1.17656,1.17658,1.17652,1.17654,48.0,2026-04-13 23:49:00
1776124200,1.17654,1.17654,1.17646,1.17653,85.0,2026-04-13 23:50:00
1776124260,1.17654,1.17654,1.1765,1.17653,41.0,2026-04-13 23:51:00
1776124320,1.17654,1.1766,1.17654,1.17657,33.0,2026-04-13 23:52:00
1776124380,1.17659,1.17662,1.17658,1.17658,21.0,2026-04-13 23:53:00
1776124440,1.1766,1.1766,1.17658,1.17658,17.0,2026-04-13 23:54:00
1776124500,1.17658,1.17659,1.17653,1.17656,44.0,2026-04-13 23:55:00
1776124560,1.17656,1.17668,1.17656,1.17665,38.0,2026-04-13 23:56:00
1776124620,1.17666,1.17666,1.1766,1.17664,41.0,2026-04-13 23:57:00
1776124680,1.17666,1.17668,1.17662,1.17668,49.0,2026-04-13 23:58:00
1776124740,1.17668,1.1767,1.17667,1.17669,16.0,2026-04-13 23:59:00
1776124800,1.1767,1.17672,1.17632,1.17632,201.0,2026-04-14 00:00:00
1776124860,1.17632,1.17644,1.17632,1.17633,117.0,2026-04-14 00:01:00
1776124920,1.17634,1.17644,1.17632,1.17634,87.0,2026-04-14 00:02:00
1776124980,1.17634,1.17638,1.1763,1.17634,165.0,2026-04-14 00:03:00
1776125040,1.17633,1.17634,1.1763,1.17632,297.0,2026-04-14 00:04:00
1776125100,1.1763,1.17632,1.17612,1.17624,138.0,2026-04-14 00:05:00
1776125160,1.17624,1.1763,1.17622,1.17627,54.0,2026-04-14 00:06:00
1776125220,1.17624,1.17632,1.17618,1.17628,108.0,2026-04-14 00:07:00
1776125280,1.17628,1.17636,1.17614,1.17614,79.0,2026-04-14 00:08:00
1776125340,1.17615,1.17626,1.17612,1.17625,72.0,2026-04-14 00:09:00
1776125400,1.17624,1.17636,1.17621,1.17625,63.0,2026-04-14 00:10:00
1776125460,1.17626,1.17636,1.17624,1.1763,81.0,2026-04-14 00:11:00
1776125520,1.1763,1.17636,1.17628,1.1763,37.0,2026-04-14 00:12:00
1776125580,1.1763,1.17642,1.1763,1.17638,55.0,2026-04-14 00:13:00
1776125640,1.17639,1.17642,1.17637,1.17642,72.0,2026-04-14 00:14:00
1776125700,1.17642,1.17663,1.17642,1.1766,92.0,2026-04-14 00:15:00
1776125760,1.1766,1.1767,1.17658,1.17666,84.0,2026-04-14 00:16:00
1776125820,1.17667,1.17668,1.17658,1.17666,98.0,2026-04-14 00:17:00
1776125880,1.17666,1.17666,1.17661,1.17664,52.0,2026-04-14 00:18:00
1776125940,1.17663,1.17664,1.17662,1.17663,34.0,2026-04-14 00:19:00
1776126000,1.17662,1.17668,1.17658,1.17668,76.0,2026-04-14 00:20:00
1776126060,1.17668,1.17674,1.17668,1.17672,32.0,2026-04-14 00:21:00
1776126120,1.17673,1.17681,1.17662,1.17674,91.0,2026-04-14 00:22:00
1776126180,1.17672,1.17673,1.17662,1.17664,62.0,2026-04-14 00:23:00
1776126240,1.17663,1.17667,1.17663,1.17665,46.0,2026-04-14 00:24:00
1776126300,1.17664,1.17664,1.17657,1.17658,46.0,2026-04-14 00:25:00
1776126360,1.17658,1.17659,1.17648,1.17648,56.0,2026-04-14 00:26:00
1776126420,1.17648,1.17651,1.17642,1.17648,77.0,2026-04-14 00:27:00
1776126480,1.17646,1.17652,1.17642,1.17652,71.0,2026-04-14 00:28:00
1776126540,1.17653,1.17658,1.17648,1.17652,91.0,2026-04-14 00:29:00
1776126600,1.17653,1.17656,1.17653,1.17654,23.0,2026-04-14 00:30:00
1776126660,1.17656,1.17668,1.17656,1.17668,58.0,2026-04-14 00:31:00
1776126720,1.17668,1.17672,1.17648,1.17649,108.0,2026-04-14 00:32:00
1776126780,1.17648,1.17654,1.17648,1.17652,24.0,2026-04-14 00:33:00
1776126840,1.17654,1.17654,1.17646,1.1765,26.0,2026-04-14 00:34:00
1776126900,1.1765,1.1765,1.17642,1.17644,40.0,2026-04-14 00:35:00
1776126960,1.17644,1.17646,1.17638,1.17646,37.0,2026-04-14 00:36:00
1776127020,1.17645,1.17646,1.17642,1.17646,23.0,2026-04-14 00:37:00
1776127080,1.17646,1.17648,1.1764,1.17642,34.0,2026-04-14 00:38:00
1776127140,1.17641,1.17646,1.1764,1.17646,41.0,2026-04-14 00:39:00
1776127200,1.17646,1.17646,1.17638,1.17639,25.0,2026-04-14 00:40:00
1776127260,1.17638,1.1765,1.17638,1.1765,42.0,2026-04-14 00:41:00
1776127320,1.17649,1.17656,1.17642,1.17654,58.0,2026-04-14 00:42:00
1776127380,1.17654,1.17654,1.17648,1.17649,31.0,2026-04-14 00:43:00
1776127440,1.17648,1.17654,1.17647,1.17651,36.0,2026-04-14 00:44:00
1776127500,1.1765,1.17654,1.17645,1.17645,70.0,2026-04-14 00:45:00
1776127560,1.17646,1.1765,1.17642,1.17642,59.0,2026-04-14 00:46:00
1776127620,1.17644,1.17646,1.17632,1.17634,33.0,2026-04-14 00:47:00
1776127680,1.17635,1.1765,1.17634,1.17648,72.0,2026-04-14 00:48:00
1776127740,1.17647,1.17649,1.17642,1.17644,28.0,2026-04-14 00:49:00
1776127800,1.17644,1.17648,1.17644,1.17646,19.0,2026-04-14 00:50:00
1776127860,1.17644,1.17645,1.17642,1.17644,23.0,2026-04-14 00:51:00
1776127920,1.17644,1.17647,1.17637,1.17644,50.0,2026-04-14 00:52:00
1776127980,1.17646,1.1765,1.17644,1.17647,53.0,2026-04-14 00:53:00
1776128040,1.17648,1.1766,1.17648,1.17654,127.0,2026-04-14 00:54:00
1776128100,1.17654,1.17658,1.17643,1.17647,79.0,2026-04-14 00:55:00
1776128160,1.17646,1.17654,1.17646,1.17649,36.0,2026-04-14 00:56:00
1776128220,1.17648,1.17652,1.17644,1.17649,42.0,2026-04-14 00:57:00
1776128280,1.17648,1.1766,1.17646,1.17658,53.0,2026-04-14 00:58:00
1776128340,1.17658,1.17666,1.17658,1.17664,33.0,2026-04-14 00:59:00
1776128400,1.17664,1.17664,1.17649,1.17649,60.0,2026-04-14 01:00:00
1776128460,1.17652,1.17653,1.17646,1.17648,31.0,2026-04-14 01:01:00
1776128520,1.17649,1.17654,1.17648,1.17652,35.0,2026-04-14 01:02:00
1776128580,1.17654,1.17654,1.17643,1.17648,48.0,2026-04-14 01:03:00
1776128640,1.17648,1.17648,1.17644,1.17645,41.0,2026-04-14 01:04:00
1776128700,1.17646,1.17678,1.17646,1.17676,96.0,2026-04-14 01:05:00
1776128760,1.17675,1.17678,1.17674,1.17674,44.0,2026-04-14 01:06:00
1776128820,1.17674,1.17674,1.17663,1.17668,74.0,2026-04-14 01:07:00
1776128880,1.17668,1.17678,1.17667,1.17668,59.0,2026-04-14 01:08:00
1776128940,1.17668,1.1767,1.17658,1.17662,51.0,2026-04-14 01:09:00
1776129000,1.17661,1.17668,1.17661,1.17662,27.0,2026-04-14 01:10:00
1776129060,1.17662,1.17664,1.17655,1.17658,74.0,2026-04-14 01:11:00
1776129120,1.17658,1.1766,1.17658,1.17658,36.0,2026-04-14 01:12:00
1776129180,1.17658,1.1766,1.17656,1.17658,46.0,2026-04-14 01:13:00
1776129240,1.17656,1.17658,1.17648,1.17654,85.0,2026-04-14 01:14:00
1776129300,1.17656,1.17656,1.17648,1.1765,82.0,2026-04-14 01:15:00
1776129360,1.17649,1.1765,1.17634,1.17637,82.0,2026-04-14 01:16:00
1776129420,1.17636,1.17641,1.17636,1.17638,39.0,2026-04-14 01:17:00
1776129480,1.17637,1.17644,1.17637,1.1764,47.0,2026-04-14 01:18:00
1776129540,1.1764,1.17642,1.17629,1.17629,36.0,2026-04-14 01:19:00
1776129600,1.17628,1.17631,1.17626,1.1763,28.0,2026-04-14 01:20:00
1776129660,1.1763,1.17636,1.1763,1.17634,31.0,2026-04-14 01:21:00
1776129720,1.17634,1.17636,1.17634,1.17636,28.0,2026-04-14 01:22:00
1776129780,1.17636,1.17639,1.17632,1.17636,50.0,2026-04-14 01:23:00
1776129840,1.17637,1.17637,1.1762,1.17624,59.0,2026-04-14 01:24:00
1776129900,1.17624,1.17637,1.17624,1.17635,46.0,2026-04-14 01:25:00
1776129960,1.17636,1.17648,1.17635,1.17648,58.0,2026-04-14 01:26:00
1776130020,1.17648,1.17649,1.17642,1.17644,41.0,2026-04-14 01:27:00
1776130080,1.17644,1.1765,1.17644,1.17649,37.0,2026-04-14 01:28:00
1776130140,1.17648,1.1765,1.17646,1.17648,58.0,2026-04-14 01:29:00
1776130200,1.17647,1.17647,1.1763,1.17634,68.0,2026-04-14 01:30:00
1776130260,1.17633,1.1764,1.17633,1.1764,48.0,2026-04-14 01:31:00
1776130320,1.1764,1.17642,1.17635,1.1764,43.0,2026-04-14 01:32:00
1776130380,1.1764,1.1764,1.17634,1.17638,37.0,2026-04-14 01:33:00
1776130440,1.17637,1.17638,1.17632,1.17638,35.0,2026-04-14 01:34:00
1776130500,1.17638,1.1764,1.17635,1.1764,40.0,2026-04-14 01:35:00
1776130560,1.1764,1.1764,1.17632,1.17634,60.0,2026-04-14 01:36:00
1776130620,1.17634,1.17634,1.1763,1.1763,23.0,2026-04-14 01:37:00
1776130680,1.1763,1.1763,1.17623,1.17628,51.0,2026-04-14 01:38:00
1776130740,1.17628,1.17641,1.17628,1.1764,107.0,2026-04-14 01:39:00
1776130800,1.17641,1.17656,1.17639,1.1764,136.0,2026-04-14 01:40:00
1776130860,1.17639,1.1764,1.17636,1.17638,64.0,2026-04-14 01:41:00
1776130920,1.17638,1.17642,1.17629,1.1763,79.0,2026-04-14 01:42:00
1776130980,1.1763,1.17634,1.17624,1.17634,42.0,2026-04-14 01:43:00
1776131040,1.17634,1.17641,1.17634,1.17641,48.0,2026-04-14 01:44:00
1776131100,1.1764,1.1764,1.17634,1.17637,24.0,2026-04-14 01:45:00
1776131160,1.17638,1.17638,1.17629,1.17629,45.0,2026-04-14 01:46:00
1776131220,1.1763,1.17634,1.17627,1.17628,64.0,2026-04-14 01:47:00
1776131280,1.17628,1.17629,1.17622,1.17627,65.0,2026-04-14 01:48:00
1776131340,1.17626,1.17628,1.17624,1.17627,45.0,2026-04-14 01:49:00
1776131400,1.17626,1.17628,1.17626,1.17627,63.0,2026-04-14 01:50:00
1776131460,1.17627,1.17634,1.17626,1.17626,71.0,2026-04-14 01:51:00
1776131520,1.17624,1.17628,1.17622,1.17628,59.0,2026-04-14 01:52:00
1776131580,1.17628,1.17628,1.17616,1.17618,65.0,2026-04-14 01:53:00
1776131640,1.17618,1.1762,1.17617,1.17617,41.0,2026-04-14 01:54:00
1776131700,1.17618,1.17619,1.17612,1.17617,68.0,2026-04-14 01:55:00
1776131760,1.17618,1.17618,1.17612,1.17613,48.0,2026-04-14 01:56:00
1776131820,1.17612,1.17616,1.17598,1.17602,73.0,2026-04-14 01:57:00
1776131880,1.17602,1.17602,1.17596,1.17602,61.0,2026-04-14 01:58:00
1776131940,1.17602,1.17603,1.17595,1.17602,68.0,2026-04-14 01:59:00
1776132000,1.17602,1.17606,1.17598,1.17599,69.0,2026-04-14 02:00:00
1776132060,1.17599,1.17603,1.17592,1.17602,64.0,2026-04-14 02:01:00
1776132120,1.17601,1.17614,1.17601,1.17612,62.0,2026-04-14 02:02:00
1776132180,1.1761,1.1761,1.17606,1.17608,26.0,2026-04-14 02:03:00
1776132240,1.17608,1.17612,1.17606,1.17612,21.0,2026-04-14 02:04:00
1776132300,1.17613,1.17616,1.17608,1.17612,45.0,2026-04-14 02:05:00
1776132360,1.17612,1.17615,1.17608,1.17608,48.0,2026-04-14 02:06:00
1776132420,1.17609,1.1762,1.17608,1.17617,48.0,2026-04-14 02:07:00
1776132480,1.17616,1.17616,1.17612,1.17614,64.0,2026-04-14 02:08:00
1776132540,1.17614,1.17616,1.17608,1.17612,61.0,2026-04-14 02:09:00
1776132600,1.17612,1.17622,1.17608,1.1762,53.0,2026-04-14 02:10:00
1776132660,1.1762,1.1762,1.17611,1.17615,25.0,2026-04-14 02:11:00
1776132720,1.17615,1.17616,1.17605,1.17606,41.0,2026-04-14 02:12:00
1776132780,1.17606,1.17608,1.17592,1.17592,41.0,2026-04-14 02:13:00
1776132840,1.17592,1.17597,1.17592,1.17596,21.0,2026-04-14 02:14:00
1776132900,1.17596,1.17596,1.17592,1.17596,37.0,2026-04-14 02:15:00
1776132960,1.17596,1.17599,1.17596,1.17597,46.0,2026-04-14 02:16:00
1776133020,1.17596,1.17597,1.17592,1.17594,30.0,2026-04-14 02:17:00
1776133080,1.17593,1.17596,1.17592,1.17592,20.0,2026-04-14 02:18:00
1776133140,1.17593,1.17594,1.17592,1.17592,20.0,2026-04-14 02:19:00
1776133200,1.17592,1.17592,1.17588,1.1759,10.0,2026-04-14 02:20:00
1776133260,1.1759,1.1759,1.17573,1.17575,43.0,2026-04-14 02:21:00
1776133320,1.17574,1.17579,1.17574,1.17578,44.0,2026-04-14 02:22:00
1776133380,1.17579,1.17583,1.17578,1.1758,23.0,2026-04-14 02:23:00
1776133440,1.17582,1.17586,1.17582,1.17586,11.0,2026-04-14 02:24:00
1776133500,1.17584,1.17584,1.17582,1.17583,23.0,2026-04-14 02:25:00
1776133560,1.17584,1.17586,1.17582,1.17586,26.0,2026-04-14 02:26:00
1776133620,1.17586,1.17588,1.17586,1.17586,6.0,2026-04-14 02:27:00
1776133680,1.17586,1.17586,1.17582,1.17583,9.0,2026-04-14 02:28:00
1776133740,1.17582,1.17585,1.17582,1.17582,25.0,2026-04-14 02:29:00
1776133800,1.17582,1.17582,1.17573,1.17573,37.0,2026-04-14 02:30:00
1776133860,1.17572,1.17573,1.17566,1.1757,43.0,2026-04-14 02:31:00
1776133920,1.17572,1.17572,1.17568,1.17568,11.0,2026-04-14 02:32:00
1776133980,1.17569,1.17573,1.17569,1.17572,19.0,2026-04-14 02:33:00
1776134040,1.17574,1.17574,1.17568,1.17572,24.0,2026-04-14 02:34:00
1776134100,1.17572,1.17572,1.17563,1.17568,23.0,2026-04-14 02:35:00
1776134160,1.17568,1.17575,1.17568,1.17574,68.0,2026-04-14 02:36:00
1776134220,1.17576,1.17582,1.17576,1.17582,31.0,2026-04-14 02:37:00
1776134280,1.17582,1.17584,1.17578,1.17579,32.0,2026-04-14 02:38:00
1776134340,1.1758,1.17584,1.1758,1.17584,32.0,2026-04-14 02:39:00
1776134400,1.17585,1.17598,1.17585,1.17593,54.0,2026-04-14 02:40:00
1776134460,1.17592,1.17604,1.17592,1.176,87.0,2026-04-14 02:41:00
1776134520,1.17601,1.17602,1.17598,1.176,26.0,2026-04-14 02:42:00
1776134580,1.176,1.17602,1.17599,1.17599,12.0,2026-04-14 02:43:00
1776134640,1.176,1.176,1.17598,1.17598,18.0,2026-04-14 02:44:00
1776134700,1.176,1.17602,1.17599,1.17602,19.0,2026-04-14 02:45:00
1776134760,1.17601,1.17604,1.17601,1.17604,25.0,2026-04-14 02:46:00
1776134820,1.17604,1.17604,1.17599,1.17599,24.0,2026-04-14 02:47:00
1776134880,1.176,1.176,1.17598,1.17598,9.0,2026-04-14 02:48:00
1776134940,1.17598,1.176,1.17594,1.17594,17.0,2026-04-14 02:49:00
1776135000,1.17594,1.17594,1.17592,1.17594,22.0,2026-04-14 02:50:00
1776135060,1.17594,1.176,1.17594,1.17598,19.0,2026-04-14 02:51:00
1776135120,1.17599,1.176,1.17598,1.17598,7.0,2026-04-14 02:52:00
1776135180,1.17597,1.17598,1.17592,1.17592,16.0,2026-04-14 02:53:00
1776135240,1.17592,1.17592,1.17584,1.17585,77.0,2026-04-14 02:54:00
1776135300,1.17586,1.17587,1.17582,1.17584,142.0,2026-04-14 02:55:00
1776135360,1.17583,1.17591,1.17582,1.17588,66.0,2026-04-14 02:56:00
1776135420,1.17588,1.17604,1.17588,1.17604,57.0,2026-04-14 02:57:00
1776135480,1.17604,1.1761,1.17602,1.17608,24.0,2026-04-14 02:58:00
1776135540,1.17609,1.1761,1.17606,1.17608,24.0,2026-04-14 02:59:00
1776135600,1.17607,1.17612,1.17602,1.17604,56.0,2026-04-14 03:00:00
1776135660,1.17604,1.1761,1.17603,1.17607,43.0,2026-04-14 03:01:00
1776135720,1.17608,1.1761,1.17606,1.17606,30.0,2026-04-14 03:02:00
1776135780,1.17605,1.17606,1.17599,1.17602,107.0,2026-04-14 03:03:00
1776135840,1.17603,1.17608,1.17602,1.17603,24.0,2026-04-14 03:04:00
1776135900,1.17604,1.17605,1.17602,1.17604,34.0,2026-04-14 03:05:00
1776135960,1.17602,1.17604,1.17602,1.17603,18.0,2026-04-14 03:06:00
1776136020,1.17604,1.17604,1.17598,1.17598,14.0,2026-04-14 03:07:00
1776136080,1.17598,1.17599,1.17597,1.17598,12.0,2026-04-14 03:08:00
1776136140,1.17598,1.17599,1.17592,1.17593,41.0,2026-04-14 03:09:00
1776136200,1.17594,1.17597,1.17594,1.17597,10.0,2026-04-14 03:10:00
1776136260,1.17598,1.17598,1.17596,1.17598,32.0,2026-04-14 03:11:00
1776136320,1.17598,1.17598,1.17594,1.17594,15.0,2026-04-14 03:12:00
1776136380,1.17594,1.17594,1.1759,1.17592,33.0,2026-04-14 03:13:00
1776136440,1.17593,1.17594,1.17592,1.17592,31.0,2026-04-14 03:14:00
1776136500,1.17594,1.17607,1.17593,1.17606,50.0,2026-04-14 03:15:00
1776136560,1.17607,1.17614,1.17606,1.17606,62.0,2026-04-14 03:16:00
1776136620,1.17605,1.17605,1.17598,1.176,44.0,2026-04-14 03:17:00
1776136680,1.17602,1.17608,1.176,1.17607,54.0,2026-04-14 03:18:00
1776136740,1.17606,1.17606,1.17601,1.17603,37.0,2026-04-14 03:19:00
1776136800,1.17604,1.17606,1.17599,1.17599,25.0,2026-04-14 03:20:00
1776136860,1.17601,1.17616,1.17598,1.17616,49.0,2026-04-14 03:21:00
1776136920,1.17615,1.17616,1.17602,1.17603,56.0,2026-04-14 03:22:00
1776136980,1.17604,1.17604,1.17602,1.17603,11.0,2026-04-14 03:23:00
1776137040,1.17604,1.17606,1.17602,1.17603,18.0,2026-04-14 03:24:00
1776137100,1.17604,1.17604,1.17603,1.17604,13.0,2026-04-14 03:25:00
1776137160,1.17604,1.17607,1.17602,1.17602,18.0,2026-04-14 03:26:00
1776137220,1.17603,1.17604,1.17599,1.17602,33.0,2026-04-14 03:27:00
1776137280,1.17604,1.17604,1.17598,1.17602,51.0,2026-04-14 03:28:00
1776137340,1.176,1.17606,1.17598,1.17605,34.0,2026-04-14 03:29:00
1776137400,1.17604,1.17616,1.17604,1.17614,40.0,2026-04-14 03:30:00
1776137460,1.17615,1.17616,1.17612,1.17614,19.0,2026-04-14 03:31:00
1776137520,1.17614,1.17617,1.17612,1.17612,17.0,2026-04-14 03:32:00
1776137580,1.17612,1.17614,1.17612,1.17612,26.0,2026-04-14 03:33:00
1776137640,1.17612,1.17628,1.17612,1.17624,123.0,2026-04-14 03:34:00
1776137700,1.17624,1.17626,1.17616,1.17618,31.0,2026-04-14 03:35:00
1776137760,1.17616,1.1762,1.17614,1.17618,16.0,2026-04-14 03:36:00
1776137820,1.17619,1.17624,1.17618,1.17624,24.0,2026-04-14 03:37:00
1776137880,1.17624,1.1763,1.17624,1.17629,18.0,2026-04-14 03:38:00
1776137940,1.1763,1.1763,1.17628,1.17629,14.0,2026-04-14 03:39:00
1776138000,1.17628,1.17644,1.17628,1.17644,44.0,2026-04-14 03:40:00
1776138060,1.17644,1.17654,1.17644,1.17654,31.0,2026-04-14 03:41:00
1776138120,1.17653,1.17654,1.17653,1.17654,17.0,2026-04-14 03:42:00
1776138180,1.17654,1.17654,1.17642,1.17642,28.0,2026-04-14 03:43:00
1776138240,1.17643,1.17644,1.17638,1.17638,16.0,2026-04-14 03:44:00
1776138300,1.17639,1.17642,1.17638,1.17642,7.0,2026-04-14 03:45:00
1776138360,1.17643,1.17654,1.17643,1.17654,47.0,2026-04-14 03:46:00
1776138420,1.17654,1.17658,1.17652,1.17652,44.0,2026-04-14 03:47:00
1776138480,1.17651,1.17651,1.17646,1.1765,25.0,2026-04-14 03:48:00
1776138540,1.17649,1.17658,1.17648,1.17658,34.0,2026-04-14 03:49:00
1776138600,1.17655,1.1766,1.17653,1.17658,15.0,2026-04-14 03:50:00
1776138660,1.17658,1.17674,1.17658,1.17674,37.0,2026-04-14 03:51:00
1776138720,1.17673,1.17675,1.17672,1.17674,30.0,2026-04-14 03:52:00
1776138780,1.17673,1.17676,1.17668,1.17671,29.0,2026-04-14 03:53:00
1776138840,1.1767,1.17681,1.1767,1.17679,29.0,2026-04-14 03:54:00
1776138900,1.1768,1.17684,1.17678,1.17678,35.0,2026-04-14 03:55:00
1776138960,1.17679,1.17679,1.17677,1.17679,21.0,2026-04-14 03:56:00
1776139020,1.17677,1.17679,1.17677,1.17678,25.0,2026-04-14 03:57:00
1776139080,1.17678,1.17678,1.17678,1.17678,7.0,2026-04-14 03:58:00
1776139140,1.17678,1.17678,1.1767,1.1767,21.0,2026-04-14 03:59:00
1776139200,1.17668,1.1767,1.17668,1.17668,16.0,2026-04-14 04:00:00
1776139260,1.1767,1.17672,1.1767,1.1767,6.0,2026-04-14 04:01:00
1776139320,1.1767,1.1767,1.17668,1.17669,12.0,2026-04-14 04:02:00
1776139380,1.17668,1.1767,1.17667,1.17668,15.0,2026-04-14 04:03:00
1776139440,1.17668,1.17668,1.17668,1.17668,6.0,2026-04-14 04:04:00
1776139500,1.17668,1.17668,1.17668,1.17668,2.0,2026-04-14 04:05:00
1776139560,1.17668,1.17668,1.17666,1.17668,23.0,2026-04-14 04:06:00
1776139620,1.17668,1.17668,1.17666,1.17668,18.0,2026-04-14 04:07:00
1776139680,1.17666,1.17666,1.17662,1.17664,31.0,2026-04-14 04:08:00
1776139740,1.17663,1.17667,1.17663,1.17667,10.0,2026-04-14 04:09:00
1776139800,1.17666,1.17666,1.17662,1.17662,29.0,2026-04-14 04:10:00
1776139860,1.17661,1.17662,1.17661,1.17662,6.0,2026-04-14 04:11:00
1776139920,1.1766,1.1766,1.17657,1.17658,16.0,2026-04-14 04:12:00
1776139980,1.17658,1.17662,1.17658,1.17658,8.0,2026-04-14 04:13:00
1776140040,1.17658,1.17659,1.17658,1.17658,9.0,2026-04-14 04:14:00
1776140100,1.17658,1.17658,1.17648,1.17649,20.0,2026-04-14 04:15:00
1776140160,1.17648,1.17668,1.17646,1.17668,42.0,2026-04-14 04:16:00
1776140220,1.17671,1.17671,1.17662,1.17666,34.0,2026-04-14 04:17:00
1776140280,1.17666,1.17668,1.17665,1.17668,27.0,2026-04-14 04:18:00
1776140340,1.17669,1.1767,1.17667,1.17667,14.0,2026-04-14 04:19:00
1776140400,1.17667,1.17678,1.17666,1.17677,24.0,2026-04-14 04:20:00
1776140460,1.17678,1.17678,1.17676,1.17676,16.0,2026-04-14 04:21:00
1776140520,1.17677,1.17681,1.17677,1.17678,25.0,2026-04-14 04:22:00
1776140580,1.17677,1.17678,1.17676,1.17678,21.0,2026-04-14 04:23:00
1776140640,1.17678,1.17678,1.17676,1.17678,9.0,2026-04-14 04:24:00
1776140700,1.17677,1.17682,1.17676,1.17678,31.0,2026-04-14 04:25:00
1776140760,1.17678,1.17678,1.17677,1.17678,20.0,2026-04-14 04:26:00
1776140820,1.17678,1.17694,1.17678,1.17686,55.0,2026-04-14 04:27:00
1776140880,1.17686,1.17686,1.17682,1.17682,20.0,2026-04-14 04:28:00
1776140940,1.17683,1.17683,1.17682,1.17682,2.0,2026-04-14 04:29:00
1776141000,1.17682,1.17682,1.17676,1.17677,10.0,2026-04-14 04:30:00
1776141060,1.17677,1.17677,1.17674,1.17676,21.0,2026-04-14 04:31:00
1776141120,1.17674,1.17678,1.17673,1.17678,24.0,2026-04-14 04:32:00
1776141180,1.17678,1.17682,1.17678,1.17682,16.0,2026-04-14 04:33:00
1776141240,1.1768,1.17681,1.17672,1.17673,20.0,2026-04-14 04:34:00
1776141300,1.17674,1.17678,1.17673,1.17678,28.0,2026-04-14 04:35:00
1776141360,1.17678,1.17678,1.17673,1.17673,15.0,2026-04-14 04:36:00
1776141420,1.17674,1.17676,1.17668,1.17668,30.0,2026-04-14 04:37:00
1776141480,1.17669,1.1767,1.17668,1.1767,11.0,2026-04-14 04:38:00
1776141540,1.1767,1.17672,1.17669,1.17669,10.0,2026-04-14 04:39:00
1776141600,1.17669,1.17669,1.17669,1.17669,1.0,2026-04-14 04:40:00
1776141660,1.17668,1.17672,1.17666,1.17672,20.0,2026-04-14 04:41:00
1776141720,1.17672,1.17674,1.1767,1.17673,27.0,2026-04-14 04:42:00
1776141780,1.17672,1.17674,1.1767,1.17673,14.0,2026-04-14 04:43:00
1776141840,1.17673,1.17675,1.17672,1.17674,19.0,2026-04-14 04:44:00
1776141900,1.17674,1.17675,1.17673,1.17674,17.0,2026-04-14 04:45:00
1776141960,1.17674,1.17675,1.17674,1.17674,9.0,2026-04-14 04:46:00
1776142020,1.17675,1.17688,1.17675,1.17688,50.0,2026-04-14 04:47:00
1776142080,1.17688,1.17688,1.17683,1.17684,22.0,2026-04-14 04:48:00
1776142140,1.17684,1.17685,1.17682,1.17684,12.0,2026-04-14 04:49:00
1776142200,1.17684,1.17684,1.17683,1.17684,13.0,2026-04-14 04:50:00
1776142260,1.17684,1.17684,1.17681,1.17684,15.0,2026-04-14 04:51:00
1776142320,1.17684,1.1769,1.1768,1.17689,19.0,2026-04-14 04:52:00
1776142380,1.1769,1.177,1.17688,1.17695,39.0,2026-04-14 04:53:00
1776142440,1.17694,1.17698,1.17694,1.17694,36.0,2026-04-14 04:54:00
1776142500,1.17695,1.17696,1.17693,1.17694,22.0,2026-04-14 04:55:00
1776142560,1.17694,1.17694,1.17688,1.1769,44.0,2026-04-14 04:56:00
1776142620,1.1769,1.1769,1.17683,1.17684,38.0,2026-04-14 04:57:00
1776142680,1.17684,1.17684,1.17675,1.17676,41.0,2026-04-14 04:58:00
1776142740,1.17677,1.17678,1.17669,1.17669,43.0,2026-04-14 04:59:00
1776142800,1.17668,1.17673,1.17663,1.17671,76.0,2026-04-14 05:00:00
1776142860,1.1767,1.17675,1.17669,1.17672,38.0,2026-04-14 05:01:00
1776142920,1.17671,1.17695,1.1767,1.17693,74.0,2026-04-14 05:02:00
1776142980,1.17694,1.17696,1.17691,1.17693,54.0,2026-04-14 05:03:00
1776143040,1.17694,1.17696,1.17688,1.17689,59.0,2026-04-14 05:04:00
1776143100,1.1769,1.17696,1.17688,1.17693,32.0,2026-04-14 05:05:00
1776143160,1.17691,1.17696,1.1768,1.17694,93.0,2026-04-14 05:06:00
1776143220,1.17694,1.17694,1.17692,1.17694,65.0,2026-04-14 05:07:00
1776143280,1.17693,1.17694,1.17688,1.17689,48.0,2026-04-14 05:08:00
1776143340,1.17688,1.17689,1.17672,1.17677,58.0,2026-04-14 05:09:00
1776143400,1.17676,1.17676,1.17662,1.17663,69.0,2026-04-14 05:10:00
1776143460,1.17662,1.17664,1.17656,1.17656,29.0,2026-04-14 05:11:00
1776143520,1.17654,1.17662,1.17648,1.17648,84.0,2026-04-14 05:12:00
1776143580,1.17649,1.17652,1.17646,1.17652,22.0,2026-04-14 05:13:00
1776143640,1.17653,1.17655,1.17651,1.17652,11.0,2026-04-14 05:14:00
1776143700,1.17653,1.17658,1.17647,1.17648,39.0,2026-04-14 05:15:00
1776143760,1.17648,1.17652,1.17648,1.17648,41.0,2026-04-14 05:16:00
1776143820,1.17649,1.17651,1.17638,1.17638,43.0,2026-04-14 05:17:00
1776143880,1.17638,1.17643,1.17638,1.17642,30.0,2026-04-14 05:18:00
1776143940,1.17642,1.17642,1.17642,1.17642,6.0,2026-04-14 05:19:00
1776144000,1.17644,1.17646,1.17644,1.17645,11.0,2026-04-14 05:20:00
1776144060,1.17646,1.17647,1.17644,1.17646,15.0,2026-04-14 05:21:00
1776144120,1.17646,1.17647,1.17642,1.17643,35.0,2026-04-14 05:22:00
1776144180,1.17642,1.17645,1.17638,1.17643,20.0,2026-04-14 05:23:00
1776144240,1.17644,1.17644,1.17632,1.17632,35.0,2026-04-14 05:24:00
1776144300,1.17631,1.17632,1.17606,1.17612,85.0,2026-04-14 05:25:00
1776144360,1.17612,1.17613,1.1761,1.17612,24.0,2026-04-14 05:26:00
1776144420,1.17613,1.17614,1.17612,1.17613,26.0,2026-04-14 05:27:00
1776144480,1.17612,1.17613,1.17606,1.17612,45.0,2026-04-14 05:28:00
1776144540,1.17613,1.17618,1.17612,1.17614,38.0,2026-04-14 05:29:00
1776144600,1.17614,1.17617,1.17607,1.17607,76.0,2026-04-14 05:30:00
1776144660,1.17608,1.17608,1.17595,1.17602,62.0,2026-04-14 05:31:00
1776144720,1.17603,1.17607,1.17602,1.17606,50.0,2026-04-14 05:32:00
1776144780,1.17606,1.17606,1.17602,1.17602,24.0,2026-04-14 05:33:00
1776144840,1.17603,1.17612,1.17602,1.17612,30.0,2026-04-14 05:34:00
1776144900,1.17612,1.17612,1.17602,1.17602,33.0,2026-04-14 05:35:00
1776144960,1.17603,1.17608,1.17596,1.17606,52.0,2026-04-14 05:36:00
1776145020,1.17606,1.17608,1.17606,1.17606,15.0,2026-04-14 05:37:00
1776145080,1.17608,1.17622,1.17608,1.17622,32.0,2026-04-14 05:38:00
1776145140,1.17622,1.1764,1.17622,1.17638,69.0,2026-04-14 05:39:00
1776145200,1.17638,1.17646,1.17638,1.17644,47.0,2026-04-14 05:40:00
1776145260,1.17644,1.17648,1.17642,1.17644,69.0,2026-04-14 05:41:00
1776145320,1.17644,1.17644,1.17641,1.17643,40.0,2026-04-14 05:42:00
1776145380,1.17642,1.17652,1.17638,1.17651,60.0,2026-04-14 05:43:00
1776145440,1.17652,1.17658,1.17652,1.17658,10.0,2026-04-14 05:44:00
1776145500,1.17657,1.17657,1.17649,1.17654,48.0,2026-04-14 05:45:00
1776145560,1.17654,1.17658,1.17653,1.17658,20.0,2026-04-14 05:46:00
1776145620,1.17658,1.17658,1.17654,1.17658,19.0,2026-04-14 05:47:00
1776145680,1.17658,1.17664,1.17651,1.17651,78.0,2026-04-14 05:48:00
1776145740,1.1765,1.17653,1.17636,1.17638,48.0,2026-04-14 05:49:00
1776145800,1.17638,1.17652,1.17638,1.17648,65.0,2026-04-14 05:50:00
1776145860,1.17648,1.17648,1.17646,1.17647,27.0,2026-04-14 05:51:00
1776145920,1.17648,1.17648,1.17632,1.17636,80.0,2026-04-14 05:52:00
1776145980,1.17636,1.17639,1.17632,1.17632,56.0,2026-04-14 05:53:00
1776146040,1.17632,1.17638,1.17628,1.17637,47.0,2026-04-14 05:54:00
1776146100,1.17637,1.17639,1.17637,1.17638,28.0,2026-04-14 05:55:00
1776146160,1.17636,1.17636,1.17628,1.17633,44.0,2026-04-14 05:56:00
1776146220,1.17632,1.17648,1.17632,1.17642,74.0,2026-04-14 05:57:00
1776146280,1.17642,1.17642,1.17635,1.17639,92.0,2026-04-14 05:58:00
1776146340,1.1764,1.17647,1.17637,1.17642,69.0,2026-04-14 05:59:00
1776146400,1.17642,1.1769,1.17642,1.17686,248.0,2026-04-14 06:00:00
1776146460,1.17685,1.17711,1.17665,1.17678,282.0,2026-04-14 06:01:00
1776146520,1.17677,1.17678,1.17667,1.17668,98.0,2026-04-14 06:02:00
1776146580,1.17668,1.17669,1.17652,1.17656,102.0,2026-04-14 06:03:00
1776146640,1.17657,1.17664,1.17645,1.17646,86.0,2026-04-14 06:04:00
1776146700,1.17646,1.17647,1.17636,1.17647,94.0,2026-04-14 06:05:00
1776146760,1.17648,1.1765,1.17633,1.17634,87.0,2026-04-14 06:06:00
1776146820,1.17633,1.17642,1.17632,1.17632,62.0,2026-04-14 06:07:00
1776146880,1.17632,1.17642,1.17632,1.17641,80.0,2026-04-14 06:08:00
1776146940,1.1764,1.17644,1.17628,1.17628,55.0,2026-04-14 06:09:00
1776147000,1.17629,1.17634,1.17617,1.17618,81.0,2026-04-14 06:10:00
1776147060,1.17618,1.17628,1.17616,1.17627,51.0,2026-04-14 06:11:00
1776147120,1.17628,1.1764,1.17626,1.17637,51.0,2026-04-14 06:12:00
1776147180,1.17636,1.17636,1.17626,1.17628,78.0,2026-04-14 06:13:00
1776147240,1.1763,1.1763,1.1761,1.17613,63.0,2026-04-14 06:14:00
1776147300,1.17612,1.1762,1.17604,1.17618,77.0,2026-04-14 06:15:00
1776147360,1.17618,1.1762,1.17598,1.17598,79.0,2026-04-14 06:16:00
1776147420,1.176,1.17608,1.176,1.17604,64.0,2026-04-14 06:17:00
1776147480,1.17606,1.17608,1.1759,1.1759,88.0,2026-04-14 06:18:00
1776147540,1.17592,1.17592,1.17588,1.17588,64.0,2026-04-14 06:19:00
1776147600,1.17588,1.17592,1.17586,1.17588,78.0,2026-04-14 06:20:00
1776147660,1.17589,1.17596,1.17588,1.17593,81.0,2026-04-14 06:21:00
1776147720,1.17594,1.17594,1.17582,1.17586,76.0,2026-04-14 06:22:00
1776147780,1.17589,1.17598,1.17589,1.17592,59.0,2026-04-14 06:23:00
1776147840,1.17592,1.17596,1.1759,1.17596,104.0,2026-04-14 06:24:00
1776147900,1.17596,1.17597,1.17585,1.17596,80.0,2026-04-14 06:25:00
1776147960,1.17596,1.17616,1.17596,1.17608,120.0,2026-04-14 06:26:00
1776148020,1.17608,1.17626,1.176,1.17618,85.0,2026-04-14 06:27:00
1776148080,1.17617,1.1763,1.17614,1.17628,61.0,2026-04-14 06:28:00
1776148140,1.17628,1.1764,1.17628,1.17636,82.0,2026-04-14 06:29:00
1776148200,1.17636,1.17641,1.1763,1.17634,75.0,2026-04-14 06:30:00
1776148260,1.17632,1.17644,1.17632,1.17644,68.0,2026-04-14 06:31:00
1776148320,1.17642,1.17644,1.17636,1.1764,82.0,2026-04-14 06:32:00
1776148380,1.17641,1.1766,1.1764,1.17658,111.0,2026-04-14 06:33:00
1776148440,1.17658,1.1766,1.17656,1.1766,60.0,2026-04-14 06:34:00
1776148500,1.17658,1.1766,1.17656,1.1766,39.0,2026-04-14 06:35:00
1776148560,1.1766,1.17662,1.17648,1.17651,83.0,2026-04-14 06:36:00
1776148620,1.17652,1.17654,1.17638,1.17638,97.0,2026-04-14 06:37:00
1776148680,1.17639,1.17645,1.17633,1.1764,68.0,2026-04-14 06:38:00
1776148740,1.17642,1.17642,1.17628,1.17633,63.0,2026-04-14 06:39:00
1776148800,1.17632,1.17636,1.17629,1.17634,55.0,2026-04-14 06:40:00
1776148860,1.17634,1.17662,1.17634,1.17659,95.0,2026-04-14 06:41:00
1776148920,1.1766,1.17664,1.17654,1.17658,82.0,2026-04-14 06:42:00
1776148980,1.17657,1.1767,1.17656,1.1767,87.0,2026-04-14 06:43:00
1776149040,1.17668,1.17678,1.17662,1.17676,85.0,2026-04-14 06:44:00
1776149100,1.17674,1.17698,1.17672,1.17694,88.0,2026-04-14 06:45:00
1776149160,1.17695,1.1773,1.17692,1.17718,190.0,2026-04-14 06:46:00
1776149220,1.17718,1.1772,1.1771,1.17717,138.0,2026-04-14 06:47:00
1776149280,1.17718,1.1772,1.17704,1.17704,140.0,2026-04-14 06:48:00
1776149340,1.17704,1.17708,1.17692,1.17707,99.0,2026-04-14 06:49:00
1776149400,1.17705,1.17712,1.177,1.17708,88.0,2026-04-14 06:50:00
1776149460,1.17708,1.1772,1.17706,1.17718,86.0,2026-04-14 06:51:00
1776149520,1.17717,1.17728,1.17714,1.17726,104.0,2026-04-14 06:52:00
1776149580,1.17726,1.1775,1.17723,1.1775,109.0,2026-04-14 06:53:00
1776149640,1.1775,1.1775,1.17736,1.17736,55.0,2026-04-14 06:54:00
1776149700,1.17735,1.17764,1.17728,1.17758,170.0,2026-04-14 06:55:00
1776149760,1.17759,1.17766,1.17754,1.17765,126.0,2026-04-14 06:56:00
1776149820,1.17764,1.1778,1.17764,1.1777,186.0,2026-04-14 06:57:00
1776149880,1.17772,1.17782,1.17769,1.17776,159.0,2026-04-14 06:58:00
1776149940,1.17774,1.17784,1.17774,1.17781,143.0,2026-04-14 06:59:00
1776150000,1.17782,1.17792,1.17774,1.17792,193.0,2026-04-14 07:00:00
1776150060,1.17792,1.17816,1.17789,1.17816,167.0,2026-04-14 07:01:00
1776150120,1.17816,1.17914,1.1781,1.1787,677.0,2026-04-14 07:02:00
1776150180,1.1787,1.17883,1.17853,1.17883,267.0,2026-04-14 07:03:00
1776150240,1.17884,1.17908,1.17867,1.17888,258.0,2026-04-14 07:04:00
1776150300,1.17888,1.17938,1.17888,1.17938,277.0,2026-04-14 07:05:00
1776150360,1.17935,1.17949,1.17918,1.17936,337.0,2026-04-14 07:06:00
1776150420,1.17936,1.17966,1.17924,1.17926,374.0,2026-04-14 07:07:00
1776150480,1.17928,1.17952,1.17906,1.17941,376.0,2026-04-14 07:08:00
1776150540,1.17942,1.17945,1.17929,1.17933,158.0,2026-04-14 07:09:00
1776150600,1.17932,1.17933,1.1789,1.17891,209.0,2026-04-14 07:10:00
1776150660,1.1789,1.17891,1.17863,1.17863,268.0,2026-04-14 07:11:00
1776150720,1.17862,1.17864,1.17842,1.17846,259.0,2026-04-14 07:12:00
1776150780,1.17844,1.17866,1.17844,1.17866,136.0,2026-04-14 07:13:00
1776150840,1.17866,1.17866,1.17844,1.17858,183.0,2026-04-14 07:14:00
1776150900,1.17858,1.17868,1.17856,1.17857,138.0,2026-04-14 07:15:00
1776150960,1.17856,1.17856,1.17835,1.17845,163.0,2026-04-14 07:16:00
1776151020,1.17846,1.17849,1.17822,1.17825,179.0,2026-04-14 07:17:00
1776151080,1.17825,1.17831,1.17806,1.17808,174.0,2026-04-14 07:18:00
1776151140,1.17808,1.17814,1.17794,1.17794,124.0,2026-04-14 07:19:00
1776151200,1.17794,1.17821,1.17794,1.17816,138.0,2026-04-14 07:20:00
1776151260,1.17816,1.17834,1.17804,1.17834,139.0,2026-04-14 07:21:00
1776151320,1.17834,1.17834,1.17822,1.17832,138.0,2026-04-14 07:22:00
1776151380,1.17831,1.17832,1.17808,1.17808,126.0,2026-04-14 07:23:00
1776151440,1.17809,1.17812,1.17794,1.178,172.0,2026-04-14 07:24:00
1776151500,1.17802,1.1782,1.17802,1.17818,136.0,2026-04-14 07:25:00
1776151560,1.17817,1.17817,1.17806,1.17812,108.0,2026-04-14 07:26:00
1776151620,1.17812,1.17826,1.1781,1.17826,92.0,2026-04-14 07:27:00
1776151680,1.17826,1.17832,1.17817,1.17829,98.0,2026-04-14 07:28:00
1776151740,1.17828,1.17837,1.17824,1.17832,96.0,2026-04-14 07:29:00
1776151800,1.17832,1.17847,1.17829,1.1783,193.0,2026-04-14 07:30:00
1776151860,1.17832,1.17842,1.1783,1.17838,138.0,2026-04-14 07:31:00
1776151920,1.17837,1.17854,1.17836,1.17852,157.0,2026-04-14 07:32:00
1776151980,1.17854,1.17876,1.1785,1.17876,163.0,2026-04-14 07:33:00
1776152040,1.17876,1.17888,1.17872,1.17886,127.0,2026-04-14 07:34:00
1776152100,1.17887,1.17894,1.17867,1.17867,162.0,2026-04-14 07:35:00
1776152160,1.17866,1.17877,1.17862,1.17876,106.0,2026-04-14 07:36:00
1776152220,1.17874,1.17898,1.17872,1.17898,138.0,2026-04-14 07:37:00
1776152280,1.17898,1.17908,1.17898,1.17903,88.0,2026-04-14 07:38:00
1776152340,1.17904,1.17914,1.179,1.17912,98.0,2026-04-14 07:39:00
1776152400,1.17914,1.17922,1.17904,1.17922,119.0,2026-04-14 07:40:00
1776152460,1.17921,1.17921,1.1789,1.17892,120.0,2026-04-14 07:41:00
1776152520,1.17891,1.17892,1.17876,1.1788,117.0,2026-04-14 07:42:00
1776152580,1.17882,1.17889,1.17866,1.17866,119.0,2026-04-14 07:43:00
1776152640,1.17866,1.17878,1.17864,1.17876,75.0,2026-04-14 07:44:00
1776152700,1.17878,1.17906,1.17877,1.17906,123.0,2026-04-14 07:45:00
1776152760,1.17906,1.17915,1.17902,1.17905,69.0,2026-04-14 07:46:00
1776152820,1.17906,1.17908,1.17887,1.17887,91.0,2026-04-14 07:47:00
1776152880,1.17888,1.1789,1.17869,1.17872,93.0,2026-04-14 07:48:00
1776152940,1.17874,1.17876,1.1786,1.1786,125.0,2026-04-14 07:49:00
1776153000,1.17858,1.17862,1.1785,1.17861,106.0,2026-04-14 07:50:00
1776153060,1.1786,1.17874,1.17856,1.1787,124.0,2026-04-14 07:51:00
1776153120,1.1787,1.1787,1.17853,1.17853,87.0,2026-04-14 07:52:00
1776153180,1.17854,1.17856,1.1781,1.17811,241.0,2026-04-14 07:53:00
1776153240,1.17812,1.17817,1.17798,1.17816,202.0,2026-04-14 07:54:00
1776153300,1.17816,1.17828,1.17816,1.1782,144.0,2026-04-14 07:55:00
1776153360,1.1782,1.17828,1.17814,1.17816,95.0,2026-04-14 07:56:00
1776153420,1.17816,1.17824,1.17803,1.17812,117.0,2026-04-14 07:57:00
1776153480,1.17812,1.1782,1.17808,1.1781,137.0,2026-04-14 07:58:00
1776153540,1.17811,1.17824,1.178,1.178,154.0,2026-04-14 07:59:00
1776153600,1.178,1.17814,1.17791,1.17814,277.0,2026-04-14 08:00:00
1776153660,1.17814,1.17814,1.17794,1.17797,199.0,2026-04-14 08:01:00
1776153720,1.17798,1.17804,1.1779,1.17793,183.0,2026-04-14 08:02:00
1776153780,1.17794,1.17801,1.17792,1.17794,124.0,2026-04-14 08:03:00
1776153840,1.17795,1.17806,1.17792,1.17802,122.0,2026-04-14 08:04:00
1776153900,1.178,1.178,1.17782,1.17782,172.0,2026-04-14 08:05:00
1776153960,1.17783,1.17804,1.17779,1.17794,142.0,2026-04-14 08:06:00
1776154020,1.17794,1.17796,1.17786,1.17794,118.0,2026-04-14 08:07:00
1776154080,1.17795,1.17799,1.17784,1.17784,133.0,2026-04-14 08:08:00
1776154140,1.17785,1.17785,1.17776,1.17778,100.0,2026-04-14 08:09:00
1776154200,1.1778,1.17782,1.17764,1.17766,96.0,2026-04-14 08:10:00
1776154260,1.17766,1.17794,1.17762,1.17776,261.0,2026-04-14 08:11:00
1776154320,1.17776,1.17792,1.17768,1.17781,255.0,2026-04-14 08:12:00
1776154380,1.1778,1.17782,1.17766,1.17772,104.0,2026-04-14 08:13:00
1776154440,1.1777,1.17774,1.17766,1.1777,105.0,2026-04-14 08:14:00
1776154500,1.17772,1.17781,1.17764,1.1778,115.0,2026-04-14 08:15:00
1776154560,1.17781,1.17782,1.17767,1.17776,120.0,2026-04-14 08:16:00
1776154620,1.17775,1.1778,1.1776,1.17761,161.0,2026-04-14 08:17:00
1776154680,1.17762,1.17762,1.17757,1.1776,120.0,2026-04-14 08:18:00
1776154740,1.17761,1.17764,1.17754,1.17757,120.0,2026-04-14 08:19:00
1776154800,1.17756,1.1777,1.17752,1.17766,101.0,2026-04-14 08:20:00
1776154860,1.17766,1.17771,1.17761,1.1777,85.0,2026-04-14 08:21:00
1776154920,1.17768,1.17773,1.17764,1.17772,89.0,2026-04-14 08:22:00
1776154980,1.17772,1.17776,1.1776,1.17762,67.0,2026-04-14 08:23:00
1776155040,1.17762,1.17765,1.17761,1.17764,62.0,2026-04-14 08:24:00
1776155100,1.17764,1.17782,1.17764,1.1778,111.0,2026-04-14 08:25:00
1776155160,1.1778,1.1778,1.1777,1.17775,111.0,2026-04-14 08:26:00
1776155220,1.17774,1.17778,1.17769,1.17778,83.0,2026-04-14 08:27:00
1776155280,1.17776,1.1778,1.1777,1.17776,83.0,2026-04-14 08:28:00
1776155340,1.17776,1.17797,1.17776,1.17792,188.0,2026-04-14 08:29:00
1776155400,1.17792,1.17817,1.17792,1.17812,169.0,2026-04-14 08:30:00
1776155460,1.1781,1.17813,1.17801,1.17806,122.0,2026-04-14 08:31:00
1776155520,1.17807,1.17808,1.17772,1.17778,196.0,2026-04-14 08:32:00
1776155580,1.17778,1.17786,1.17772,1.17772,146.0,2026-04-14 08:33:00
1776155640,1.17773,1.17786,1.17773,1.17784,99.0,2026-04-14 08:34:00
1776155700,1.17785,1.1779,1.17778,1.17786,128.0,2026-04-14 08:35:00
1776155760,1.17785,1.17794,1.17783,1.17793,160.0,2026-04-14 08:36:00
1776155820,1.17792,1.17805,1.17781,1.17804,167.0,2026-04-14 08:37:00
1776155880,1.17805,1.17822,1.17804,1.17812,129.0,2026-04-14 08:38:00
1776155940,1.17814,1.17824,1.17813,1.17821,94.0,2026-04-14 08:39:00
1776156000,1.17821,1.17824,1.17814,1.17822,88.0,2026-04-14 08:40:00
1776156060,1.17822,1.17828,1.17819,1.17822,52.0,2026-04-14 08:41:00
1776156120,1.1782,1.17827,1.17808,1.17815,80.0,2026-04-14 08:42:00
1776156180,1.17813,1.17816,1.17804,1.17812,101.0,2026-04-14 08:43:00
1776156240,1.17812,1.17846,1.17812,1.17839,105.0,2026-04-14 08:44:00
1776156300,1.1784,1.1784,1.17832,1.17838,121.0,2026-04-14 08:45:00
1776156360,1.17838,1.17838,1.17822,1.17829,65.0,2026-04-14 08:46:00
1776156420,1.17828,1.1783,1.17824,1.1783,84.0,2026-04-14 08:47:00
1776156480,1.1783,1.17832,1.17822,1.17824,50.0,2026-04-14 08:48:00
1776156540,1.17824,1.1783,1.17819,1.17828,69.0,2026-04-14 08:49:00
1776156600,1.17827,1.17831,1.17824,1.1783,53.0,2026-04-14 08:50:00
1776156660,1.17832,1.17838,1.17831,1.17836,101.0,2026-04-14 08:51:00
1776156720,1.17835,1.17836,1.17829,1.1783,48.0,2026-04-14 08:52:00
1776156780,1.1783,1.17839,1.1783,1.17834,75.0,2026-04-14 08:53:00
1776156840,1.17833,1.17835,1.1782,1.17826,54.0,2026-04-14 08:54:00
1776156900,1.17824,1.17824,1.17814,1.17817,74.0,2026-04-14 08:55:00
1776156960,1.17816,1.17819,1.17809,1.1781,50.0,2026-04-14 08:56:00
1776157020,1.1781,1.17816,1.17805,1.17814,58.0,2026-04-14 08:57:00
1776157080,1.17814,1.1782,1.17812,1.17819,53.0,2026-04-14 08:58:00
1776157140,1.1782,1.1783,1.17818,1.17827,78.0,2026-04-14 08:59:00
1776157200,1.17828,1.17837,1.17826,1.17834,124.0,2026-04-14 09:00:00
1776157260,1.17835,1.1786,1.17835,1.17856,116.0,2026-04-14 09:01:00
1776157320,1.17856,1.17872,1.1785,1.17862,94.0,2026-04-14 09:02:00
1776157380,1.17862,1.17862,1.1785,1.17862,85.0,2026-04-14 09:03:00
1776157440,1.17862,1.17886,1.17861,1.17886,62.0,2026-04-14 09:04:00
1776157500,1.17888,1.1789,1.17876,1.1788,93.0,2026-04-14 09:05:00
1776157560,1.17879,1.17882,1.17858,1.17882,110.0,2026-04-14 09:06:00
1776157620,1.1788,1.17883,1.17872,1.17876,90.0,2026-04-14 09:07:00
1776157680,1.17876,1.17876,1.17872,1.17876,83.0,2026-04-14 09:08:00
1776157740,1.17876,1.1788,1.17875,1.1788,51.0,2026-04-14 09:09:00
1776157800,1.17881,1.179,1.17881,1.17893,178.0,2026-04-14 09:10:00
1776157860,1.17894,1.17899,1.17886,1.17897,138.0,2026-04-14 09:11:00
1776157920,1.17896,1.17905,1.17888,1.17889,88.0,2026-04-14 09:12:00
1776157980,1.17888,1.1789,1.17876,1.17878,102.0,2026-04-14 09:13:00
1776158040,1.17878,1.17882,1.17874,1.17878,70.0,2026-04-14 09:14:00
1776158100,1.17878,1.17882,1.17876,1.17882,81.0,2026-04-14 09:15:00
1776158160,1.17882,1.17886,1.17879,1.1788,88.0,2026-04-14 09:16:00
1776158220,1.17878,1.1789,1.17878,1.1789,87.0,2026-04-14 09:17:00
1776158280,1.17889,1.17892,1.1788,1.1788,72.0,2026-04-14 09:18:00
1776158340,1.1788,1.17884,1.1788,1.1788,56.0,2026-04-14 09:19:00
1776158400,1.1788,1.1789,1.17879,1.1789,75.0,2026-04-14 09:20:00
1776158460,1.17889,1.17892,1.17883,1.17887,76.0,2026-04-14 09:21:00
1776158520,1.17886,1.17886,1.1787,1.17874,63.0,2026-04-14 09:22:00
1776158580,1.17875,1.17875,1.17864,1.17872,53.0,2026-04-14 09:23:00
1776158640,1.17872,1.17876,1.17872,1.17875,51.0,2026-04-14 09:24:00
1776158700,1.17874,1.17875,1.17866,1.17875,63.0,2026-04-14 09:25:00
1776158760,1.17874,1.17874,1.17867,1.17869,44.0,2026-04-14 09:26:00
1776158820,1.17868,1.17868,1.17858,1.1786,34.0,2026-04-14 09:27:00
1776158880,1.1786,1.17862,1.17853,1.17854,47.0,2026-04-14 09:28:00
1776158940,1.17855,1.17864,1.17844,1.17844,87.0,2026-04-14 09:29:00
1776159000,1.17844,1.17846,1.17828,1.1783,92.0,2026-04-14 09:30:00
1776159060,1.1783,1.17838,1.17828,1.17838,75.0,2026-04-14 09:31:00
1776159120,1.17836,1.17838,1.1783,1.17833,50.0,2026-04-14 09:32:00
1776159180,1.17834,1.17834,1.17819,1.1782,54.0,2026-04-14 09:33:00
1776159240,1.17822,1.1784,1.17822,1.1784,77.0,2026-04-14 09:34:00
1776159300,1.17839,1.17854,1.17839,1.17852,116.0,2026-04-14 09:35:00
1776159360,1.17852,1.17882,1.17852,1.17881,106.0,2026-04-14 09:36:00
1776159420,1.1788,1.17894,1.1788,1.17887,70.0,2026-04-14 09:37:00
1776159480,1.17888,1.17897,1.17888,1.17897,52.0,2026-04-14 09:38:00
1776159540,1.17896,1.17916,1.17896,1.17914,82.0,2026-04-14 09:39:00
1776159600,1.17913,1.17925,1.17909,1.17922,105.0,2026-04-14 09:40:00
1776159660,1.17921,1.17922,1.17916,1.17916,39.0,2026-04-14 09:41:00
1776159720,1.17916,1.17926,1.17906,1.17922,95.0,2026-04-14 09:42:00
1776159780,1.17922,1.17922,1.1791,1.17917,70.0,2026-04-14 09:43:00
1776159840,1.17916,1.17921,1.17898,1.179,66.0,2026-04-14 09:44:00
1776159900,1.179,1.179,1.1789,1.1789,50.0,2026-04-14 09:45:00
1776159960,1.1789,1.17895,1.17886,1.1789,64.0,2026-04-14 09:46:00
1776160020,1.17888,1.1789,1.17886,1.17888,40.0,2026-04-14 09:47:00
1776160080,1.17889,1.17891,1.17878,1.17878,85.0,2026-04-14 09:48:00
1776160140,1.1788,1.1788,1.17866,1.17876,88.0,2026-04-14 09:49:00
1776160200,1.17876,1.17876,1.17869,1.17873,78.0,2026-04-14 09:50:00
1776160260,1.17874,1.17874,1.17866,1.17866,72.0,2026-04-14 09:51:00
1776160320,1.17866,1.1788,1.17866,1.17876,66.0,2026-04-14 09:52:00
1776160380,1.17877,1.17888,1.17876,1.17881,76.0,2026-04-14 09:53:00
1776160440,1.17882,1.17885,1.17876,1.1788,101.0,2026-04-14 09:54:00
1776160500,1.17882,1.17882,1.17875,1.17882,75.0,2026-04-14 09:55:00
1776160560,1.17882,1.17886,1.17874,1.17875,57.0,2026-04-14 09:56:00
1776160620,1.17876,1.17878,1.17864,1.17878,73.0,2026-04-14 09:57:00
1776160680,1.17878,1.17878,1.17866,1.17867,107.0,2026-04-14 09:58:00
1776160740,1.17868,1.17889,1.17864,1.17888,95.0,2026-04-14 09:59:00
1776160800,1.17889,1.179,1.17883,1.1789,99.0,2026-04-14 10:00:00
1776160860,1.1789,1.17898,1.1789,1.17898,59.0,2026-04-14 10:01:00
1776160920,1.17898,1.17899,1.17884,1.17887,73.0,2026-04-14 10:02:00
1776160980,1.17886,1.17906,1.17886,1.17904,93.0,2026-04-14 10:03:00
1776161040,1.17901,1.17906,1.17896,1.17903,81.0,2026-04-14 10:04:00
1776161100,1.17904,1.17914,1.17904,1.17909,117.0,2026-04-14 10:05:00
1776161160,1.1791,1.17927,1.17906,1.17927,130.0,2026-04-14 10:06:00
1776161220,1.17929,1.1795,1.17924,1.1795,129.0,2026-04-14 10:07:00
1776161280,1.17952,1.17968,1.17952,1.17962,164.0,2026-04-14 10:08:00
1776161340,1.17962,1.17968,1.17957,1.17961,131.0,2026-04-14 10:09:00
1776161400,1.17962,1.17978,1.17962,1.17976,78.0,2026-04-14 10:10:00
1776161460,1.17976,1.17977,1.17971,1.17974,98.0,2026-04-14 10:11:00
1776161520,1.17974,1.17978,1.17971,1.17974,90.0,2026-04-14 10:12:00
1776161580,1.17976,1.17986,1.17972,1.17974,90.0,2026-04-14 10:13:00
1776161640,1.17975,1.17988,1.17974,1.1798,120.0,2026-04-14 10:14:00
1776161700,1.1798,1.1798,1.17971,1.17976,89.0,2026-04-14 10:15:00
1776161760,1.17976,1.17976,1.17962,1.17966,66.0,2026-04-14 10:16:00
1776161820,1.17966,1.17966,1.17955,1.17958,74.0,2026-04-14 10:17:00
1776161880,1.17959,1.17962,1.17948,1.17948,86.0,2026-04-14 10:18:00
1776161940,1.1795,1.17969,1.1795,1.17966,110.0,2026-04-14 10:19:00
1776162000,1.17967,1.17967,1.17955,1.17962,95.0,2026-04-14 10:20:00
1776162060,1.17962,1.17967,1.17936,1.17942,144.0,2026-04-14 10:21:00
1776162120,1.17941,1.17947,1.17936,1.17942,102.0,2026-04-14 10:22:00
1776162180,1.17942,1.17949,1.17941,1.17941,74.0,2026-04-14 10:23:00
1776162240,1.1794,1.17952,1.17936,1.17952,88.0,2026-04-14 10:24:00
1776162300,1.17952,1.1796,1.17946,1.17948,93.0,2026-04-14 10:25:00
1776162360,1.17946,1.17947,1.17925,1.17929,86.0,2026-04-14 10:26:00
1776162420,1.1793,1.17932,1.17926,1.17926,50.0,2026-04-14 10:27:00
1776162480,1.17927,1.17939,1.17926,1.17937,52.0,2026-04-14 10:28:00
1776162540,1.17936,1.17944,1.17926,1.17928,114.0,2026-04-14 10:29:00
1776162600,1.17926,1.17926,1.17916,1.17922,65.0,2026-04-14 10:30:00
1776162660,1.17922,1.17946,1.17922,1.17946,58.0,2026-04-14 10:31:00
1776162720,1.17947,1.17964,1.17946,1.17958,111.0,2026-04-14 10:32:00
1776162780,1.17958,1.17959,1.17951,1.17958,76.0,2026-04-14 10:33:00
1776162840,1.17956,1.17962,1.17946,1.17949,110.0,2026-04-14 10:34:00
1776162900,1.17948,1.17956,1.17944,1.17956,67.0,2026-04-14 10:35:00
1776162960,1.17955,1.17955,1.17942,1.17945,50.0,2026-04-14 10:36:00
1776163020,1.17944,1.17947,1.17935,1.17947,66.0,2026-04-14 10:37:00
1776163080,1.17946,1.17946,1.17928,1.17928,106.0,2026-04-14 10:38:00
1776163140,1.17928,1.17936,1.17922,1.17935,112.0,2026-04-14 10:39:00
1776163200,1.17936,1.17944,1.17936,1.17942,73.0,2026-04-14 10:40:00
1776163260,1.17942,1.17942,1.17928,1.1793,101.0,2026-04-14 10:41:00
1776163320,1.17931,1.17936,1.17928,1.17935,65.0,2026-04-14 10:42:00
1776163380,1.17934,1.17938,1.17923,1.1793,83.0,2026-04-14 10:43:00
1776163440,1.1793,1.17937,1.17927,1.17936,50.0,2026-04-14 10:44:00
1776163500,1.17936,1.17946,1.17932,1.17946,58.0,2026-04-14 10:45:00
1776163560,1.17948,1.17956,1.17944,1.17956,83.0,2026-04-14 10:46:00
1776163620,1.17955,1.1796,1.17948,1.17958,83.0,2026-04-14 10:47:00
1776163680,1.17956,1.17966,1.17956,1.1796,70.0,2026-04-14 10:48:00
1776163740,1.17961,1.17963,1.17956,1.17956,52.0,2026-04-14 10:49:00
1776163800,1.17956,1.17965,1.17955,1.1796,36.0,2026-04-14 10:50:00
1776163860,1.17961,1.17963,1.17956,1.17962,64.0,2026-04-14 10:51:00
1776163920,1.17962,1.17962,1.17951,1.1796,60.0,2026-04-14 10:52:00
1776163980,1.17958,1.17966,1.17956,1.17964,68.0,2026-04-14 10:53:00
1776164040,1.17963,1.17966,1.17956,1.17958,113.0,2026-04-14 10:54:00
1776164100,1.17959,1.17966,1.17958,1.17966,87.0,2026-04-14 10:55:00
1776164160,1.17964,1.17982,1.17964,1.17976,120.0,2026-04-14 10:56:00
1776164220,1.17976,1.17978,1.17971,1.17976,86.0,2026-04-14 10:57:00
1776164280,1.17978,1.17978,1.17967,1.17971,56.0,2026-04-14 10:58:00
1776164340,1.17972,1.17978,1.17966,1.17966,69.0,2026-04-14 10:59:00
1776164400,1.17966,1.17972,1.17958,1.17968,128.0,2026-04-14 11:00:00
1776164460,1.17968,1.17973,1.17961,1.17972,112.0,2026-04-14 11:01:00
1776164520,1.17972,1.1798,1.17969,1.17976,106.0,2026-04-14 11:02:00
1776164580,1.17975,1.17978,1.17969,1.17975,68.0,2026-04-14 11:03:00
1776164640,1.17974,1.1798,1.17973,1.17975,73.0,2026-04-14 11:04:00
1776164700,1.17976,1.17976,1.1797,1.17972,48.0,2026-04-14 11:05:00
1776164760,1.17971,1.18004,1.17971,1.18002,126.0,2026-04-14 11:06:00
1776164820,1.18002,1.18002,1.17981,1.17985,109.0,2026-04-14 11:07:00
1776164880,1.17986,1.17992,1.1798,1.17986,101.0,2026-04-14 11:08:00
1776164940,1.17987,1.1799,1.17981,1.17981,63.0,2026-04-14 11:09:00
1776165000,1.17983,1.17994,1.17983,1.17988,110.0,2026-04-14 11:10:00
1776165060,1.17989,1.17995,1.17978,1.1799,73.0,2026-04-14 11:11:00
1776165120,1.17988,1.17991,1.17984,1.1799,76.0,2026-04-14 11:12:00
1776165180,1.17992,1.18004,1.17992,1.17994,84.0,2026-04-14 11:13:00
1776165240,1.17995,1.18005,1.17988,1.17996,132.0,2026-04-14 11:14:00
1776165300,1.17995,1.17997,1.17989,1.17992,87.0,2026-04-14 11:15:00
1776165360,1.17992,1.18002,1.17992,1.18001,51.0,2026-04-14 11:16:00
1776165420,1.18,1.18006,1.17999,1.18005,54.0,2026-04-14 11:17:00
1776165480,1.18004,1.18017,1.18,1.18002,112.0,2026-04-14 11:18:00
1776165540,1.18001,1.18012,1.18,1.18008,67.0,2026-04-14 11:19:00
1776165600,1.18006,1.18008,1.18004,1.18005,43.0,2026-04-14 11:20:00
1776165660,1.18004,1.18006,1.17996,1.18002,70.0,2026-04-14 11:21:00
1776165720,1.18002,1.18002,1.17996,1.18,53.0,2026-04-14 11:22:00
1776165780,1.17999,1.18002,1.17995,1.17996,42.0,2026-04-14 11:23:00
1776165840,1.17995,1.18008,1.17995,1.18006,91.0,2026-04-14 11:24:00
1776165900,1.18006,1.18008,1.17996,1.17998,41.0,2026-04-14 11:25:00
1776165960,1.17998,1.18017,1.17996,1.17997,93.0,2026-04-14 11:26:00
1776166020,1.17996,1.1801,1.17994,1.1801,71.0,2026-04-14 11:27:00
1776166080,1.18012,1.1802,1.1801,1.18015,58.0,2026-04-14 11:28:00
1776166140,1.18013,1.18018,1.18012,1.18014,50.0,2026-04-14 11:29:00
1776166200,1.18016,1.1802,1.18013,1.18015,90.0,2026-04-14 11:30:00
1776166260,1.18014,1.18016,1.17996,1.17997,94.0,2026-04-14 11:31:00
1776166320,1.17996,1.17998,1.17964,1.17965,101.0,2026-04-14 11:32:00
1776166380,1.17963,1.17979,1.17963,1.17975,105.0,2026-04-14 11:33:00
1776166440,1.17974,1.17975,1.17959,1.1796,56.0,2026-04-14 11:34:00
1776166500,1.1796,1.1798,1.17954,1.17974,121.0,2026-04-14 11:35:00
1776166560,1.17974,1.17976,1.17967,1.17968,74.0,2026-04-14 11:36:00
1776166620,1.17968,1.17971,1.17961,1.17961,63.0,2026-04-14 11:37:00
1776166680,1.17962,1.17972,1.17961,1.17972,75.0,2026-04-14 11:38:00
1776166740,1.17972,1.17986,1.17972,1.17982,88.0,2026-04-14 11:39:00
1776166800,1.17982,1.18008,1.17982,1.18006,98.0,2026-04-14 11:40:00
1776166860,1.18007,1.18012,1.18006,1.18007,59.0,2026-04-14 11:41:00
1776166920,1.18006,1.1801,1.17994,1.17995,124.0,2026-04-14 11:42:00
1776166980,1.17996,1.17996,1.17986,1.17992,74.0,2026-04-14 11:43:00
1776167040,1.1799,1.17996,1.17985,1.17991,84.0,2026-04-14 11:44:00
1776167100,1.17992,1.17996,1.1799,1.17991,27.0,2026-04-14 11:45:00
1776167160,1.1799,1.18012,1.17989,1.18009,101.0,2026-04-14 11:46:00
1776167220,1.18008,1.18008,1.18,1.18006,61.0,2026-04-14 11:47:00
1776167280,1.18005,1.18017,1.18002,1.18015,89.0,2026-04-14 11:48:00
1776167340,1.18016,1.18021,1.18012,1.18016,72.0,2026-04-14 11:49:00
1776167400,1.18017,1.18025,1.18005,1.18006,100.0,2026-04-14 11:50:00
1776167460,1.18006,1.18009,1.1799,1.17994,104.0,2026-04-14 11:51:00
1776167520,1.17993,1.1801,1.1799,1.18004,128.0,2026-04-14 11:52:00
1776167580,1.18003,1.18004,1.17992,1.17996,114.0,2026-04-14 11:53:00
1776167640,1.17997,1.18001,1.17994,1.17998,53.0,2026-04-14 11:54:00
1776167700,1.17997,1.17997,1.17972,1.17972,114.0,2026-04-14 11:55:00
1776167760,1.17973,1.17974,1.17966,1.17968,113.0,2026-04-14 11:56:00
1776167820,1.17968,1.18037,1.17964,1.18017,303.0,2026-04-14 11:57:00
1776167880,1.18018,1.18064,1.18006,1.18048,715.0,2026-04-14 11:58:00
1776167940,1.18047,1.18047,1.17986,1.17996,341.0,2026-04-14 11:59:00
1776168000,1.17996,1.18006,1.17974,1.17981,415.0,2026-04-14 12:00:00
1776168060,1.1798,1.1798,1.17939,1.17943,264.0,2026-04-14 12:01:00
1776168120,1.17944,1.17944,1.17928,1.17934,207.0,2026-04-14 12:02:00
1776168180,1.17934,1.17944,1.17932,1.1794,199.0,2026-04-14 12:03:00
1776168240,1.1794,1.17942,1.17928,1.17937,180.0,2026-04-14 12:04:00
1776168300,1.17936,1.17941,1.17929,1.17937,191.0,2026-04-14 12:05:00
1776168360,1.17938,1.17949,1.1793,1.1794,164.0,2026-04-14 12:06:00
1776168420,1.17941,1.17952,1.17938,1.17945,121.0,2026-04-14 12:07:00
1776168480,1.17946,1.17954,1.1794,1.1795,121.0,2026-04-14 12:08:00
1776168540,1.1795,1.17952,1.1793,1.1793,152.0,2026-04-14 12:09:00
1776168600,1.17932,1.17956,1.17932,1.1795,198.0,2026-04-14 12:10:00
1776168660,1.17948,1.17953,1.17938,1.1795,90.0,2026-04-14 12:11:00
1776168720,1.1795,1.17956,1.17942,1.17955,151.0,2026-04-14 12:12:00
1776168780,1.17956,1.17966,1.17954,1.1796,124.0,2026-04-14 12:13:00
1776168840,1.17961,1.17974,1.17958,1.17966,153.0,2026-04-14 12:14:00
1776168900,1.17968,1.1797,1.1794,1.17945,238.0,2026-04-14 12:15:00
1776168960,1.17946,1.17958,1.17942,1.17949,150.0,2026-04-14 12:16:00
1776169020,1.17948,1.17957,1.1794,1.17953,180.0,2026-04-14 12:17:00
1776169080,1.17952,1.1796,1.17938,1.1796,124.0,2026-04-14 12:18:00
1776169140,1.17962,1.17979,1.1796,1.17975,126.0,2026-04-14 12:19:00
1776169200,1.17975,1.17978,1.17965,1.17968,144.0,2026-04-14 12:20:00
1776169260,1.17968,1.17968,1.17952,1.17956,154.0,2026-04-14 12:21:00
1776169320,1.17956,1.17974,1.17956,1.17958,122.0,2026-04-14 12:22:00
1776169380,1.1796,1.17974,1.1796,1.17973,74.0,2026-04-14 12:23:00
1776169440,1.17972,1.17974,1.17966,1.17966,101.0,2026-04-14 12:24:00
1776169500,1.17968,1.17974,1.17958,1.17968,123.0,2026-04-14 12:25:00
1776169560,1.17969,1.18029,1.17969,1.1801,332.0,2026-04-14 12:26:00
1776169620,1.1801,1.18016,1.17996,1.17998,200.0,2026-04-14 12:27:00
1776169680,1.17998,1.18008,1.17984,1.17992,107.0,2026-04-14 12:28:00
1776169740,1.17992,1.18006,1.17992,1.18006,388.0,2026-04-14 12:29:00
1776169800,1.18009,1.1806,1.18007,1.18028,603.0,2026-04-14 12:30:00
1776169860,1.18028,1.18044,1.18002,1.18002,335.0,2026-04-14 12:31:00
1776169920,1.18003,1.18004,1.17984,1.17996,222.0,2026-04-14 12:32:00
1776169980,1.17996,1.18005,1.17984,1.17999,248.0,2026-04-14 12:33:00
1776170040,1.17998,1.18,1.17982,1.17992,183.0,2026-04-14 12:34:00
1776170100,1.17992,1.18015,1.17991,1.18002,165.0,2026-04-14 12:35:00
1776170160,1.18002,1.18016,1.18,1.18013,194.0,2026-04-14 12:36:00
1776170220,1.18012,1.18018,1.1799,1.17996,124.0,2026-04-14 12:37:00
1776170280,1.17996,1.1801,1.17996,1.17996,177.0,2026-04-14 12:38:00
1776170340,1.17998,1.18,1.17986,1.17988,117.0,2026-04-14 12:39:00
1776170400,1.17987,1.18006,1.17984,1.17996,166.0,2026-04-14 12:40:00
1776170460,1.17996,1.18,1.17986,1.1799,82.0,2026-04-14 12:41:00
1776170520,1.17988,1.17994,1.17986,1.17991,97.0,2026-04-14 12:42:00
1776170580,1.17991,1.17992,1.1795,1.17952,139.0,2026-04-14 12:43:00
1776170640,1.17953,1.17969,1.17952,1.17964,210.0,2026-04-14 12:44:00
1776170700,1.17964,1.17974,1.17962,1.17962,134.0,2026-04-14 12:45:00
1776170760,1.17962,1.17987,1.17962,1.1798,201.0,2026-04-14 12:46:00
1776170820,1.1798,1.1798,1.17962,1.17978,139.0,2026-04-14 12:47:00
1776170880,1.17978,1.18008,1.17976,1.18005,224.0,2026-04-14 12:48:00
1776170940,1.18004,1.18023,1.17999,1.18022,162.0,2026-04-14 12:49:00
1776171000,1.18022,1.18033,1.1802,1.18024,220.0,2026-04-14 12:50:00
1776171060,1.18023,1.18032,1.18016,1.18018,127.0,2026-04-14 12:51:00
1776171120,1.18018,1.18018,1.18,1.18006,131.0,2026-04-14 12:52:00
1776171180,1.18006,1.18012,1.18002,1.18008,86.0,2026-04-14 12:53:00
1776171240,1.18009,1.18027,1.17999,1.18017,134.0,2026-04-14 12:54:00
1776171300,1.18019,1.18042,1.18016,1.18039,245.0,2026-04-14 12:55:00
1776171360,1.18036,1.18036,1.18024,1.18026,146.0,2026-04-14 12:56:00
1776171420,1.18027,1.1803,1.18016,1.18026,152.0,2026-04-14 12:57:00
1776171480,1.18023,1.18045,1.18022,1.18042,123.0,2026-04-14 12:58:00
1776171540,1.18041,1.1805,1.18036,1.18046,87.0,2026-04-14 12:59:00
1776171600,1.18046,1.18062,1.18036,1.18062,217.0,2026-04-14 13:00:00
1776171660,1.18062,1.18066,1.18049,1.1805,163.0,2026-04-14 13:01:00
1776171720,1.18049,1.18064,1.18048,1.18062,173.0,2026-04-14 13:02:00
1776171780,1.18063,1.18071,1.18054,1.18056,134.0,2026-04-14 13:03:00
1776171840,1.18056,1.18056,1.1804,1.18048,155.0,2026-04-14 13:04:00
1776171900,1.18047,1.18048,1.18018,1.18036,149.0,2026-04-14 13:05:00
1776171960,1.18036,1.18048,1.18032,1.18048,134.0,2026-04-14 13:06:00
1776172020,1.18047,1.18052,1.18032,1.18032,130.0,2026-04-14 13:07:00
1776172080,1.18034,1.18056,1.18034,1.18056,118.0,2026-04-14 13:08:00
1776172140,1.18056,1.18062,1.18051,1.1806,171.0,2026-04-14 13:09:00
1776172200,1.18061,1.18072,1.1806,1.18066,163.0,2026-04-14 13:10:00
1776172260,1.18066,1.18078,1.18056,1.18058,180.0,2026-04-14 13:11:00
1776172320,1.18057,1.18058,1.18034,1.18037,96.0,2026-04-14 13:12:00
1776172380,1.18036,1.1805,1.18036,1.18045,197.0,2026-04-14 13:13:00
1776172440,1.18045,1.18055,1.18045,1.18054,125.0,2026-04-14 13:14:00
1776172500,1.18054,1.18054,1.18,1.18004,227.0,2026-04-14 13:15:00
1776172560,1.18002,1.18012,1.17982,1.18,346.0,2026-04-14 13:16:00
1776172620,1.18,1.18024,1.18,1.18021,142.0,2026-04-14 13:17:00
1776172680,1.1802,1.18023,1.18013,1.18014,84.0,2026-04-14 13:18:00
1776172740,1.18016,1.18016,1.18,1.18016,121.0,2026-04-14 13:19:00
1776172800,1.18016,1.18023,1.18004,1.1801,145.0,2026-04-14 13:20:00
1776172860,1.1801,1.18012,1.17984,1.17998,125.0,2026-04-14 13:21:00
1776172920,1.17997,1.18004,1.17994,1.17994,113.0,2026-04-14 13:22:00
1776172980,1.1799,1.18,1.17982,1.18,114.0,2026-04-14 13:23:00
1776173040,1.18,1.18014,1.17998,1.18,154.0,2026-04-14 13:24:00
1776173100,1.18,1.1801,1.17998,1.17998,84.0,2026-04-14 13:25:00
1776173160,1.17997,1.18006,1.17982,1.17982,81.0,2026-04-14 13:26:00
1776173220,1.17982,1.17982,1.17955,1.17956,150.0,2026-04-14 13:27:00
1776173280,1.17958,1.17975,1.17955,1.17961,186.0,2026-04-14 13:28:00
1776173340,1.17962,1.17974,1.17959,1.17962,167.0,2026-04-14 13:29:00
1776173400,1.17962,1.17983,1.17942,1.17954,415.0,2026-04-14 13:30:00
1776173460,1.17951,1.17954,1.17936,1.17953,270.0,2026-04-14 13:31:00
1776173520,1.17951,1.17961,1.17941,1.17957,210.0,2026-04-14 13:32:00
1776173580,1.17959,1.17982,1.17956,1.17982,182.0,2026-04-14 13:33:00
1776173640,1.17982,1.17986,1.17976,1.17982,228.0,2026-04-14 13:34:00
1776173700,1.1798,1.18,1.17979,1.17998,180.0,2026-04-14 13:35:00
1776173760,1.18,1.18013,1.17998,1.1801,249.0,2026-04-14 13:36:00
1776173820,1.18012,1.18034,1.18008,1.18032,207.0,2026-04-14 13:37:00
1776173880,1.18032,1.18039,1.18023,1.18028,268.0,2026-04-14 13:38:00
1776173940,1.18025,1.18028,1.18015,1.18025,253.0,2026-04-14 13:39:00
1776174000,1.18024,1.18028,1.18017,1.18022,150.0,2026-04-14 13:40:00
1776174060,1.18022,1.18025,1.18008,1.18011,152.0,2026-04-14 13:41:00
1776174120,1.18011,1.18042,1.18009,1.18042,147.0,2026-04-14 13:42:00
1776174180,1.18042,1.18053,1.1804,1.18046,130.0,2026-04-14 13:43:00
1776174240,1.18046,1.18051,1.18031,1.18036,143.0,2026-04-14 13:44:00
1776174300,1.18035,1.18037,1.18022,1.18024,123.0,2026-04-14 13:45:00
1776174360,1.18022,1.1803,1.1801,1.1802,153.0,2026-04-14 13:46:00
1776174420,1.1802,1.18031,1.18016,1.18026,129.0,2026-04-14 13:47:00
1776174480,1.18026,1.1803,1.18018,1.18026,131.0,2026-04-14 13:48:00
1776174540,1.18026,1.18035,1.18007,1.18032,139.0,2026-04-14 13:49:00
1776174600,1.18032,1.18033,1.18016,1.18017,121.0,2026-04-14 13:50:00
1776174660,1.18016,1.18026,1.18012,1.18021,157.0,2026-04-14 13:51:00
1776174720,1.1802,1.1803,1.18007,1.18026,116.0,2026-04-14 13:52:00
1776174780,1.18028,1.18037,1.18015,1.18037,172.0,2026-04-14 13:53:00
1776174840,1.18036,1.18036,1.18019,1.1802,144.0,2026-04-14 13:54:00
1776174900,1.18019,1.18019,1.17978,1.17996,222.0,2026-04-14 13:55:00
1776174960,1.17996,1.17996,1.17981,1.17996,159.0,2026-04-14 13:56:00
1776175020,1.17996,1.17996,1.17979,1.17989,172.0,2026-04-14 13:57:00
1776175080,1.1799,1.17996,1.17986,1.17992,188.0,2026-04-14 13:58:00
1776175140,1.1799,1.17994,1.17986,1.17994,114.0,2026-04-14 13:59:00
1776175200,1.17992,1.18014,1.17992,1.18005,177.0,2026-04-14 14:00:00
1776175260,1.18005,1.18008,1.17984,1.17994,188.0,2026-04-14 14:01:00
1776175320,1.17992,1.18011,1.17986,1.18011,237.0,2026-04-14 14:02:00
1776175380,1.1801,1.18026,1.18007,1.18011,203.0,2026-04-14 14:03:00
1776175440,1.18009,1.18022,1.17998,1.18002,214.0,2026-04-14 14:04:00
1776175500,1.18002,1.18012,1.17966,1.17966,247.0,2026-04-14 14:05:00
1776175560,1.17966,1.1799,1.17964,1.17989,243.0,2026-04-14 14:06:00
1776175620,1.17988,1.1799,1.17938,1.17942,305.0,2026-04-14 14:07:00
1776175680,1.17942,1.17964,1.17934,1.17954,213.0,2026-04-14 14:08:00
1776175740,1.17954,1.17986,1.17954,1.17982,235.0,2026-04-14 14:09:00
1776175800,1.17982,1.17987,1.17958,1.17981,253.0,2026-04-14 14:10:00
1776175860,1.17981,1.17981,1.17965,1.17974,211.0,2026-04-14 14:11:00
1776175920,1.17973,1.18002,1.17964,1.17996,246.0,2026-04-14 14:12:00
1776175980,1.17995,1.18014,1.17994,1.1801,201.0,2026-04-14 14:13:00
1776176040,1.18012,1.18014,1.17998,1.1801,151.0,2026-04-14 14:14:00
1776176100,1.1801,1.18024,1.18006,1.1801,161.0,2026-04-14 14:15:00
1776176160,1.1801,1.18028,1.18008,1.18024,210.0,2026-04-14 14:16:00
1776176220,1.18024,1.18036,1.18019,1.18036,216.0,2026-04-14 14:17:00
1776176280,1.18036,1.18046,1.18034,1.18046,168.0,2026-04-14 14:18:00
1776176340,1.18046,1.18052,1.18034,1.18046,147.0,2026-04-14 14:19:00
1776176400,1.18046,1.18058,1.18043,1.18058,164.0,2026-04-14 14:20:00
1776176460,1.1806,1.18068,1.18044,1.1805,155.0,2026-04-14 14:21:00
1776176520,1.18048,1.18052,1.18038,1.18038,137.0,2026-04-14 14:22:00
1776176580,1.18039,1.18044,1.18034,1.1804,158.0,2026-04-14 14:23:00
1776176640,1.1804,1.1804,1.18015,1.18018,171.0,2026-04-14 14:24:00
1776176700,1.1802,1.18034,1.18012,1.18024,175.0,2026-04-14 14:25:00
1776176760,1.18025,1.18044,1.1802,1.1804,226.0,2026-04-14 14:26:00
1776176820,1.18037,1.18039,1.1802,1.18024,170.0,2026-04-14 14:27:00
1776176880,1.18025,1.18042,1.18022,1.18032,184.0,2026-04-14 14:28:00
1776176940,1.18032,1.18036,1.18022,1.1803,214.0,2026-04-14 14:29:00
1776177000,1.18028,1.18042,1.18022,1.18032,189.0,2026-04-14 14:30:00
1776177060,1.18032,1.18033,1.18016,1.1802,132.0,2026-04-14 14:31:00
1776177120,1.1802,1.1803,1.18016,1.18026,144.0,2026-04-14 14:32:00
1776177180,1.18028,1.1805,1.18028,1.1805,153.0,2026-04-14 14:33:00
1776177240,1.18051,1.18054,1.18046,1.1805,114.0,2026-04-14 14:34:00
1776177300,1.1805,1.18064,1.1804,1.1806,161.0,2026-04-14 14:35:00
1776177360,1.18059,1.1807,1.18056,1.18064,133.0,2026-04-14 14:36:00
1776177420,1.18063,1.18074,1.18057,1.18074,90.0,2026-04-14 14:37:00
1776177480,1.18074,1.18082,1.18074,1.18078,136.0,2026-04-14 14:38:00
1776177540,1.1808,1.18081,1.18052,1.18053,153.0,2026-04-14 14:39:00
1776177600,1.18054,1.18054,1.18042,1.18042,79.0,2026-04-14 14:40:00
1776177660,1.18043,1.18058,1.18042,1.18056,104.0,2026-04-14 14:41:00
1776177720,1.18056,1.18061,1.1805,1.18055,86.0,2026-04-14 14:42:00
1776177780,1.18054,1.18066,1.18044,1.18066,105.0,2026-04-14 14:43:00
1776177840,1.18066,1.18076,1.1806,1.1807,91.0,2026-04-14 14:44:00
1776177900,1.18071,1.18074,1.1806,1.18064,115.0,2026-04-14 14:45:00
1776177960,1.18064,1.18068,1.1805,1.1806,136.0,2026-04-14 14:46:00
1776178020,1.1806,1.18079,1.1806,1.18078,95.0,2026-04-14 14:47:00
1776178080,1.18078,1.18078,1.18072,1.18075,81.0,2026-04-14 14:48:00
1776178140,1.18076,1.18083,1.18074,1.18074,53.0,2026-04-14 14:49:00
1776178200,1.18074,1.18074,1.18056,1.18058,100.0,2026-04-14 14:50:00
1776178260,1.18057,1.18057,1.18024,1.18045,202.0,2026-04-14 14:51:00
1776178320,1.18043,1.18047,1.18034,1.18044,128.0,2026-04-14 14:52:00
1776178380,1.18044,1.1807,1.1804,1.18064,183.0,2026-04-14 14:53:00
1776178440,1.18065,1.18098,1.18061,1.18096,158.0,2026-04-14 14:54:00
1776178500,1.18096,1.18108,1.18072,1.18083,333.0,2026-04-14 14:55:00
1776178560,1.18084,1.18112,1.18084,1.18098,299.0,2026-04-14 14:56:00
1776178620,1.18098,1.181,1.18084,1.18098,357.0,2026-04-14 14:57:00
1776178680,1.181,1.18103,1.18092,1.18096,362.0,2026-04-14 14:58:00
1776178740,1.18097,1.18097,1.1808,1.18088,324.0,2026-04-14 14:59:00
1776178800,1.18086,1.18086,1.18054,1.1806,366.0,2026-04-14 15:00:00
1776178860,1.1806,1.18061,1.1805,1.18054,232.0,2026-04-14 15:01:00
1776178920,1.18054,1.1806,1.18025,1.1803,264.0,2026-04-14 15:02:00
1776178980,1.18028,1.18054,1.18028,1.1805,190.0,2026-04-14 15:03:00
1776179040,1.1805,1.1805,1.18018,1.1802,154.0,2026-04-14 15:04:00
1776179100,1.18022,1.18029,1.18003,1.18022,251.0,2026-04-14 15:05:00
1776179160,1.1802,1.18021,1.18,1.18014,223.0,2026-04-14 15:06:00
1776179220,1.18014,1.18047,1.18012,1.18036,256.0,2026-04-14 15:07:00
1776179280,1.18038,1.18046,1.18032,1.18034,140.0,2026-04-14 15:08:00
1776179340,1.18033,1.18034,1.18018,1.18018,132.0,2026-04-14 15:09:00
1776179400,1.1802,1.18024,1.18008,1.18008,111.0,2026-04-14 15:10:00
1776179460,1.1801,1.18028,1.18008,1.18016,193.0,2026-04-14 15:11:00
1776179520,1.18014,1.18016,1.18006,1.18014,154.0,2026-04-14 15:12:00
1776179580,1.18013,1.18023,1.18013,1.18019,112.0,2026-04-14 15:13:00
1776179640,1.18018,1.18018,1.1799,1.17992,159.0,2026-04-14 15:14:00
1776179700,1.17992,1.17992,1.17973,1.17983,145.0,2026-04-14 15:15:00
1776179760,1.17984,1.17987,1.17966,1.17966,109.0,2026-04-14 15:16:00
1776179820,1.17967,1.1797,1.1796,1.17964,125.0,2026-04-14 15:17:00
1776179880,1.17964,1.17968,1.17944,1.17953,155.0,2026-04-14 15:18:00
1776179940,1.17954,1.17995,1.17944,1.1798,476.0,2026-04-14 15:19:00
1776180000,1.1798,1.1798,1.17964,1.17976,419.0,2026-04-14 15:20:00
1776180060,1.17976,1.18016,1.17976,1.18012,465.0,2026-04-14 15:21:00
1776180120,1.18013,1.18018,1.17999,1.17999,323.0,2026-04-14 15:22:00
1776180180,1.18,1.18013,1.17992,1.18009,223.0,2026-04-14 15:23:00
1776180240,1.1801,1.1801,1.1799,1.17992,193.0,2026-04-14 15:24:00
1776180300,1.17992,1.17996,1.17975,1.17984,211.0,2026-04-14 15:25:00
1776180360,1.17982,1.17986,1.17966,1.1798,287.0,2026-04-14 15:26:00
1776180420,1.1798,1.17981,1.17961,1.17963,195.0,2026-04-14 15:27:00
1776180480,1.17965,1.17982,1.17964,1.1798,164.0,2026-04-14 15:28:00
1776180540,1.1798,1.17996,1.17975,1.17975,195.0,2026-04-14 15:29:00
1776180600,1.17976,1.18017,1.17976,1.18004,368.0,2026-04-14 15:30:00
1776180660,1.18006,1.1801,1.17994,1.18005,172.0,2026-04-14 15:31:00
1776180720,1.18006,1.1801,1.18,1.18005,197.0,2026-04-14 15:32:00
1776180780,1.18004,1.18017,1.18003,1.18013,178.0,2026-04-14 15:33:00
1776180840,1.18014,1.18029,1.18,1.18,279.0,2026-04-14 15:34:00
1776180900,1.18,1.18,1.17978,1.17982,348.0,2026-04-14 15:35:00
1776180960,1.17982,1.18007,1.17978,1.17999,228.0,2026-04-14 15:36:00
1776181020,1.17998,1.17999,1.17981,1.17984,165.0,2026-04-14 15:37:00
1776181080,1.17985,1.17986,1.17974,1.17978,140.0,2026-04-14 15:38:00
1776181140,1.17978,1.17981,1.17961,1.17962,175.0,2026-04-14 15:39:00
1776181200,1.17962,1.17964,1.17946,1.17948,164.0,2026-04-14 15:40:00
1776181260,1.17948,1.17948,1.17926,1.17928,238.0,2026-04-14 15:41:00
1776181320,1.17928,1.1794,1.17928,1.17934,95.0,2026-04-14 15:42:00
1776181380,1.17934,1.17958,1.17928,1.1793,243.0,2026-04-14 15:43:00
1776181440,1.17929,1.17941,1.17925,1.17925,112.0,2026-04-14 15:44:00
1776181500,1.17926,1.1793,1.17917,1.17918,166.0,2026-04-14 15:45:00
1776181560,1.17918,1.17929,1.17918,1.17926,95.0,2026-04-14 15:46:00
1776181620,1.17926,1.17926,1.17883,1.17884,229.0,2026-04-14 15:47:00
1776181680,1.17885,1.17892,1.17875,1.1789,292.0,2026-04-14 15:48:00
1776181740,1.17892,1.17894,1.17878,1.17878,131.0,2026-04-14 15:49:00
1776181800,1.17879,1.17894,1.17878,1.17891,152.0,2026-04-14 15:50:00
1776181860,1.17892,1.17902,1.17892,1.17899,179.0,2026-04-14 15:51:00
1776181920,1.179,1.17902,1.17884,1.17888,119.0,2026-04-14 15:52:00
1776181980,1.17888,1.17888,1.17878,1.1788,67.0,2026-04-14 15:53:00
1776182040,1.17879,1.17897,1.17879,1.1789,98.0,2026-04-14 15:54:00
1776182100,1.1789,1.17914,1.1789,1.17914,195.0,2026-04-14 15:55:00
1776182160,1.17914,1.17922,1.17914,1.17922,52.0,2026-04-14 15:56:00
1776182220,1.17921,1.17922,1.1791,1.17916,135.0,2026-04-14 15:57:00
1776182280,1.17918,1.17918,1.17903,1.17904,157.0,2026-04-14 15:58:00
1776182340,1.17904,1.1791,1.179,1.17905,105.0,2026-04-14 15:59:00
1776182400,1.17905,1.17906,1.17896,1.17896,149.0,2026-04-14 16:00:00
1776182460,1.17896,1.17908,1.17894,1.17908,126.0,2026-04-14 16:01:00
1776182520,1.1791,1.1792,1.17908,1.17918,146.0,2026-04-14 16:02:00
1776182580,1.17919,1.17925,1.17898,1.17901,143.0,2026-04-14 16:03:00
1776182640,1.17903,1.17911,1.179,1.17908,83.0,2026-04-14 16:04:00
1776182700,1.17909,1.1791,1.17892,1.17892,85.0,2026-04-14 16:05:00
1776182760,1.17892,1.17894,1.17884,1.17886,79.0,2026-04-14 16:06:00
1776182820,1.17887,1.17895,1.17885,1.17886,104.0,2026-04-14 16:07:00
1776182880,1.17884,1.1789,1.17882,1.17888,114.0,2026-04-14 16:08:00
1776182940,1.17888,1.17898,1.17884,1.17896,93.0,2026-04-14 16:09:00
1776183000,1.17895,1.17898,1.17887,1.17887,100.0,2026-04-14 16:10:00
1776183060,1.17888,1.17902,1.17886,1.17898,92.0,2026-04-14 16:11:00
1776183120,1.17898,1.17902,1.17894,1.17902,92.0,2026-04-14 16:12:00
1776183180,1.17902,1.1791,1.179,1.17908,89.0,2026-04-14 16:13:00
1776183240,1.17907,1.17924,1.17906,1.17922,126.0,2026-04-14 16:14:00
1776183300,1.17921,1.17938,1.1792,1.17924,210.0,2026-04-14 16:15:00
1776183360,1.17926,1.17945,1.17926,1.17936,163.0,2026-04-14 16:16:00
1776183420,1.17936,1.17946,1.17936,1.17939,137.0,2026-04-14 16:17:00
1776183480,1.1794,1.17944,1.17934,1.17936,126.0,2026-04-14 16:18:00
1776183540,1.17936,1.17938,1.17931,1.17935,99.0,2026-04-14 16:19:00
1776183600,1.17936,1.17942,1.17931,1.17936,119.0,2026-04-14 16:20:00
1776183660,1.17937,1.17937,1.1793,1.1793,65.0,2026-04-14 16:21:00
1776183720,1.1793,1.17932,1.17918,1.17924,110.0,2026-04-14 16:22:00
1776183780,1.17924,1.17934,1.17924,1.17926,75.0,2026-04-14 16:23:00
1776183840,1.17926,1.17934,1.1792,1.17928,99.0,2026-04-14 16:24:00
1776183900,1.17928,1.17937,1.17928,1.17932,97.0,2026-04-14 16:25:00
1776183960,1.17931,1.1794,1.1793,1.17936,75.0,2026-04-14 16:26:00
1776184020,1.17936,1.17954,1.17936,1.17954,117.0,2026-04-14 16:27:00
1776184080,1.17952,1.17952,1.17944,1.17948,106.0,2026-04-14 16:28:00
1776184140,1.17949,1.1796,1.17946,1.17956,93.0,2026-04-14 16:29:00
1776184200,1.17955,1.17956,1.1794,1.17952,129.0,2026-04-14 16:30:00
1776184260,1.17952,1.17952,1.17939,1.17941,131.0,2026-04-14 16:31:00
1776184320,1.17942,1.17952,1.17938,1.17942,110.0,2026-04-14 16:32:00
1776184380,1.17942,1.1795,1.17941,1.17948,80.0,2026-04-14 16:33:00
1776184440,1.17948,1.17956,1.17946,1.1795,108.0,2026-04-14 16:34:00
1776184500,1.17951,1.17951,1.1794,1.1794,68.0,2026-04-14 16:35:00
1776184560,1.1794,1.17949,1.1794,1.17947,33.0,2026-04-14 16:36:00
1776184620,1.17948,1.17949,1.17935,1.17936,57.0,2026-04-14 16:37:00
1776184680,1.17936,1.17945,1.1793,1.17945,64.0,2026-04-14 16:38:00
1776184740,1.17946,1.17956,1.17946,1.17956,46.0,2026-04-14 16:39:00
1776184800,1.17958,1.1797,1.17958,1.17966,113.0,2026-04-14 16:40:00
1776184860,1.17964,1.17971,1.1796,1.17961,97.0,2026-04-14 16:41:00
1776184920,1.1796,1.17964,1.17949,1.17964,55.0,2026-04-14 16:42:00
1776184980,1.17964,1.17966,1.1796,1.17964,45.0,2026-04-14 16:43:00
1776185040,1.17963,1.17963,1.17951,1.17958,91.0,2026-04-14 16:44:00
1776185100,1.17957,1.17958,1.17946,1.17946,71.0,2026-04-14 16:45:00
1776185160,1.17948,1.1795,1.17938,1.1794,61.0,2026-04-14 16:46:00
1776185220,1.17938,1.17946,1.17934,1.17936,74.0,2026-04-14 16:47:00
1776185280,1.17936,1.17942,1.17934,1.17939,64.0,2026-04-14 16:48:00
1776185340,1.17941,1.17952,1.1794,1.17945,86.0,2026-04-14 16:49:00
1776185400,1.17946,1.1795,1.17938,1.17939,47.0,2026-04-14 16:50:00
1776185460,1.17939,1.17939,1.17928,1.17934,87.0,2026-04-14 16:51:00
1776185520,1.17936,1.17944,1.17934,1.1794,48.0,2026-04-14 16:52:00
1776185580,1.1794,1.17951,1.17939,1.17946,48.0,2026-04-14 16:53:00
1776185640,1.17945,1.17952,1.17944,1.1795,47.0,2026-04-14 16:54:00
1776185700,1.17952,1.17954,1.17944,1.1795,78.0,2026-04-14 16:55:00
1776185760,1.17949,1.1795,1.17941,1.17946,48.0,2026-04-14 16:56:00
1776185820,1.17946,1.17952,1.17944,1.1795,74.0,2026-04-14 16:57:00
1776185880,1.17952,1.17955,1.17949,1.1795,53.0,2026-04-14 16:58:00
1776185940,1.17948,1.1795,1.17941,1.17942,115.0,2026-04-14 16:59:00
1776186000,1.17942,1.17942,1.17926,1.17931,125.0,2026-04-14 17:00:00
1776186060,1.17931,1.17942,1.1793,1.1794,42.0,2026-04-14 17:01:00
1776186120,1.17941,1.1795,1.17932,1.17932,78.0,2026-04-14 17:02:00
1776186180,1.17934,1.17942,1.17934,1.1794,84.0,2026-04-14 17:03:00
1776186240,1.1794,1.17949,1.1793,1.17931,87.0,2026-04-14 17:04:00
1776186300,1.1793,1.1793,1.17918,1.17924,111.0,2026-04-14 17:05:00
1776186360,1.17924,1.17936,1.17924,1.17936,62.0,2026-04-14 17:06:00
1776186420,1.17935,1.1795,1.17935,1.17939,101.0,2026-04-14 17:07:00
1776186480,1.1794,1.17947,1.1794,1.17944,55.0,2026-04-14 17:08:00
1776186540,1.17944,1.17951,1.17944,1.1795,60.0,2026-04-14 17:09:00
1776186600,1.17951,1.17957,1.17944,1.17946,67.0,2026-04-14 17:10:00
1776186660,1.17946,1.1795,1.17944,1.17944,61.0,2026-04-14 17:11:00
1776186720,1.17945,1.1795,1.1794,1.17944,50.0,2026-04-14 17:12:00
1776186780,1.17944,1.1795,1.17941,1.17949,58.0,2026-04-14 17:13:00
1776186840,1.1795,1.17953,1.17946,1.17948,44.0,2026-04-14 17:14:00
1776186900,1.17947,1.17951,1.17944,1.1795,46.0,2026-04-14 17:15:00
1776186960,1.1795,1.17964,1.1795,1.1796,61.0,2026-04-14 17:16:00
1776187020,1.17961,1.17972,1.1796,1.17972,42.0,2026-04-14 17:17:00
1776187080,1.17969,1.17976,1.17968,1.17968,74.0,2026-04-14 17:18:00
1776187140,1.17968,1.17979,1.17962,1.17979,74.0,2026-04-14 17:19:00
1776187200,1.17978,1.1798,1.17971,1.17971,65.0,2026-04-14 17:20:00
1776187260,1.17972,1.1798,1.17971,1.17978,57.0,2026-04-14 17:21:00
1776187320,1.17978,1.17986,1.17977,1.17986,71.0,2026-04-14 17:22:00
1776187380,1.17986,1.17986,1.17976,1.1798,72.0,2026-04-14 17:23:00
1776187440,1.1798,1.17992,1.1798,1.17992,65.0,2026-04-14 17:24:00
1776187500,1.17992,1.17992,1.17985,1.17992,62.0,2026-04-14 17:25:00
1776187560,1.1799,1.1799,1.17988,1.17988,43.0,2026-04-14 17:26:00
1776187620,1.1799,1.17996,1.17986,1.17992,59.0,2026-04-14 17:27:00
1776187680,1.17992,1.17992,1.17984,1.17984,47.0,2026-04-14 17:28:00
1776187740,1.17985,1.17986,1.17979,1.17979,32.0,2026-04-14 17:29:00
1776187800,1.17978,1.17984,1.17974,1.17974,95.0,2026-04-14 17:30:00
1776187860,1.17974,1.17978,1.17968,1.17978,59.0,2026-04-14 17:31:00
1776187920,1.1798,1.1798,1.17962,1.17962,75.0,2026-04-14 17:32:00
1776187980,1.17962,1.17964,1.17952,1.17954,100.0,2026-04-14 17:33:00
1776188040,1.17954,1.1796,1.17954,1.1796,57.0,2026-04-14 17:34:00
1776188100,1.17959,1.17964,1.17958,1.17961,58.0,2026-04-14 17:35:00
1776188160,1.17962,1.17966,1.17958,1.17964,41.0,2026-04-14 17:36:00
1776188220,1.17964,1.17974,1.17964,1.17969,42.0,2026-04-14 17:37:00
1776188280,1.1797,1.17976,1.17968,1.1797,80.0,2026-04-14 17:38:00
1776188340,1.1797,1.17976,1.17968,1.17974,48.0,2026-04-14 17:39:00
1776188400,1.17976,1.1798,1.17972,1.17976,77.0,2026-04-14 17:40:00
1776188460,1.17976,1.17985,1.17976,1.17984,48.0,2026-04-14 17:41:00
1776188520,1.17985,1.1799,1.17985,1.17985,62.0,2026-04-14 17:42:00
1776188580,1.17986,1.17989,1.17982,1.17982,39.0,2026-04-14 17:43:00
1776188640,1.17983,1.17994,1.17982,1.17988,39.0,2026-04-14 17:44:00
1776188700,1.17988,1.17992,1.17985,1.17988,54.0,2026-04-14 17:45:00
1776188760,1.17988,1.17989,1.1798,1.17983,61.0,2026-04-14 17:46:00
1776188820,1.17984,1.17984,1.17976,1.17976,32.0,2026-04-14 17:47:00
1776188880,1.17976,1.17983,1.17973,1.1798,53.0,2026-04-14 17:48:00
1776188940,1.17982,1.17982,1.17978,1.17979,60.0,2026-04-14 17:49:00
1776189000,1.1798,1.1798,1.17974,1.17974,28.0,2026-04-14 17:50:00
1776189060,1.17974,1.17978,1.1797,1.17974,42.0,2026-04-14 17:51:00
1776189120,1.17974,1.17978,1.17972,1.17974,28.0,2026-04-14 17:52:00
1776189180,1.17975,1.17976,1.17968,1.17969,33.0,2026-04-14 17:53:00
1776189240,1.17968,1.17975,1.1796,1.17974,73.0,2026-04-14 17:54:00
1776189300,1.17974,1.17976,1.17964,1.17966,50.0,2026-04-14 17:55:00
1776189360,1.17964,1.17964,1.17954,1.17957,85.0,2026-04-14 17:56:00
1776189420,1.17956,1.17956,1.17947,1.17953,84.0,2026-04-14 17:57:00
1776189480,1.17954,1.17965,1.17954,1.1796,53.0,2026-04-14 17:58:00
1776189540,1.17961,1.17962,1.17956,1.17958,29.0,2026-04-14 17:59:00
1776189600,1.1796,1.17969,1.17959,1.17968,82.0,2026-04-14 18:00:00
1776189660,1.17968,1.17969,1.17954,1.17954,72.0,2026-04-14 18:01:00
1776189720,1.17952,1.17956,1.17948,1.17951,74.0,2026-04-14 18:02:00
1776189780,1.17952,1.1796,1.17951,1.17956,65.0,2026-04-14 18:03:00
1776189840,1.17956,1.17956,1.17947,1.17949,39.0,2026-04-14 18:04:00
1776189900,1.17948,1.1795,1.17944,1.17945,35.0,2026-04-14 18:05:00
1776189960,1.17946,1.1796,1.17946,1.1795,112.0,2026-04-14 18:06:00
1776190020,1.17952,1.17958,1.17949,1.17954,130.0,2026-04-14 18:07:00
1776190080,1.17955,1.17965,1.17954,1.1796,115.0,2026-04-14 18:08:00
1776190140,1.1796,1.17966,1.17956,1.17966,106.0,2026-04-14 18:09:00
1776190200,1.17966,1.17969,1.1795,1.1795,128.0,2026-04-14 18:10:00
1776190260,1.1795,1.17955,1.1795,1.17952,61.0,2026-04-14 18:11:00
1776190320,1.17952,1.17964,1.17951,1.1796,73.0,2026-04-14 18:12:00
1776190380,1.17958,1.17962,1.17958,1.1796,70.0,2026-04-14 18:13:00
1776190440,1.17959,1.17964,1.1795,1.17961,89.0,2026-04-14 18:14:00
1776190500,1.1796,1.17962,1.17954,1.17954,52.0,2026-04-14 18:15:00
1776190560,1.17954,1.1796,1.17949,1.17949,75.0,2026-04-14 18:16:00
1776190620,1.1795,1.17953,1.17942,1.17948,79.0,2026-04-14 18:17:00
1776190680,1.17948,1.17952,1.17943,1.17945,64.0,2026-04-14 18:18:00
1776190740,1.17944,1.17949,1.17938,1.17946,89.0,2026-04-14 18:19:00
1776190800,1.17946,1.17953,1.17941,1.17944,92.0,2026-04-14 18:20:00
1776190860,1.17945,1.17946,1.17929,1.17938,125.0,2026-04-14 18:21:00
1776190920,1.17938,1.17945,1.17936,1.17944,77.0,2026-04-14 18:22:00
1776190980,1.17945,1.17946,1.17932,1.17934,92.0,2026-04-14 18:23:00
1776191040,1.17935,1.1794,1.17927,1.17932,105.0,2026-04-14 18:24:00
1776191100,1.17934,1.1794,1.17928,1.17938,129.0,2026-04-14 18:25:00
1776191160,1.17938,1.17953,1.17938,1.17945,90.0,2026-04-14 18:26:00
1776191220,1.17946,1.17949,1.17935,1.17938,95.0,2026-04-14 18:27:00
1776191280,1.17938,1.17942,1.17932,1.17934,109.0,2026-04-14 18:28:00
1776191340,1.17932,1.17932,1.17925,1.17928,85.0,2026-04-14 18:29:00
1776191400,1.17928,1.17939,1.1792,1.17925,108.0,2026-04-14 18:30:00
1776191460,1.17924,1.17928,1.17914,1.17926,116.0,2026-04-14 18:31:00
1776191520,1.17925,1.17932,1.1792,1.1793,73.0,2026-04-14 18:32:00
1776191580,1.1793,1.17934,1.17924,1.17932,104.0,2026-04-14 18:33:00
1776191640,1.17932,1.17932,1.17922,1.17922,77.0,2026-04-14 18:34:00
1776191700,1.17924,1.17934,1.17923,1.17934,134.0,2026-04-14 18:35:00
1776191760,1.17934,1.17948,1.17934,1.17944,162.0,2026-04-14 18:36:00
1776191820,1.17943,1.17947,1.1793,1.1793,164.0,2026-04-14 18:37:00
1776191880,1.17932,1.17949,1.17929,1.17941,166.0,2026-04-14 18:38:00
1776191940,1.1794,1.17946,1.17938,1.17942,97.0,2026-04-14 18:39:00
1776192000,1.1794,1.17948,1.17938,1.17947,172.0,2026-04-14 18:40:00
1776192060,1.17946,1.17946,1.17932,1.1794,229.0,2026-04-14 18:41:00
1776192120,1.17939,1.1794,1.17926,1.17935,120.0,2026-04-14 18:42:00
1776192180,1.17936,1.17941,1.17933,1.17938,79.0,2026-04-14 18:43:00
1776192240,1.17939,1.1794,1.17922,1.17924,48.0,2026-04-14 18:44:00
1776192300,1.17922,1.17922,1.17911,1.17912,51.0,2026-04-14 18:45:00
1776192360,1.17914,1.17918,1.1791,1.17914,52.0,2026-04-14 18:46:00
1776192420,1.17914,1.1792,1.17913,1.17917,52.0,2026-04-14 18:47:00
1776192480,1.17918,1.17918,1.17908,1.17908,47.0,2026-04-14 18:48:00
1776192540,1.17908,1.1791,1.17905,1.17908,40.0,2026-04-14 18:49:00
1776192600,1.17907,1.1791,1.17906,1.17908,42.0,2026-04-14 18:50:00
1776192660,1.17908,1.17914,1.17908,1.17913,35.0,2026-04-14 18:51:00
1776192720,1.17914,1.17928,1.17914,1.17924,85.0,2026-04-14 18:52:00
1776192780,1.17924,1.17929,1.17924,1.17928,43.0,2026-04-14 18:53:00
1776192840,1.17928,1.17938,1.17927,1.17932,65.0,2026-04-14 18:54:00
1776192900,1.17932,1.17934,1.17926,1.17927,65.0,2026-04-14 18:55:00
1776192960,1.17928,1.17938,1.17927,1.17938,63.0,2026-04-14 18:56:00
1776193020,1.17938,1.17948,1.17938,1.17946,67.0,2026-04-14 18:57:00
1776193080,1.17944,1.17946,1.17926,1.1793,105.0,2026-04-14 18:58:00
1776193140,1.17928,1.17934,1.17927,1.1793,94.0,2026-04-14 18:59:00
1776193200,1.1793,1.1793,1.17912,1.17921,121.0,2026-04-14 19:00:00
1776193260,1.1792,1.17931,1.1792,1.1793,65.0,2026-04-14 19:01:00
1776193320,1.17932,1.17937,1.17925,1.17934,89.0,2026-04-14 19:02:00
1776193380,1.17934,1.17942,1.17934,1.17942,87.0,2026-04-14 19:03:00
1776193440,1.17942,1.17946,1.17937,1.1794,62.0,2026-04-14 19:04:00
1776193500,1.17941,1.17946,1.1794,1.17943,45.0,2026-04-14 19:05:00
1776193560,1.17944,1.17952,1.17944,1.17946,54.0,2026-04-14 19:06:00
1776193620,1.17946,1.17954,1.17945,1.17954,28.0,2026-04-14 19:07:00
1776193680,1.17954,1.17955,1.17952,1.17952,18.0,2026-04-14 19:08:00
1776193740,1.1795,1.1795,1.17946,1.1795,36.0,2026-04-14 19:09:00
1776193800,1.17948,1.1795,1.17944,1.17949,37.0,2026-04-14 19:10:00
1776193860,1.17948,1.17948,1.17944,1.17944,30.0,2026-04-14 19:11:00
1776193920,1.17945,1.17949,1.1794,1.17941,46.0,2026-04-14 19:12:00
1776193980,1.1794,1.1794,1.17934,1.17934,24.0,2026-04-14 19:13:00
1776194040,1.17934,1.17936,1.17934,1.17934,49.0,2026-04-14 19:14:00
1776194100,1.17935,1.17936,1.17926,1.17926,31.0,2026-04-14 19:15:00
1776194160,1.17925,1.17931,1.17925,1.1793,30.0,2026-04-14 19:16:00
1776194220,1.1793,1.17931,1.1793,1.1793,24.0,2026-04-14 19:17:00
1776194280,1.1793,1.17933,1.17926,1.17926,29.0,2026-04-14 19:18:00
1776194340,1.17926,1.17927,1.1792,1.17926,31.0,2026-04-14 19:19:00
1776194400,1.17925,1.17934,1.17925,1.17934,45.0,2026-04-14 19:20:00
1776194460,1.17934,1.17941,1.17934,1.17936,43.0,2026-04-14 19:21:00
1776194520,1.17937,1.17938,1.17932,1.17934,29.0,2026-04-14 19:22:00
1776194580,1.17934,1.17934,1.17928,1.17934,49.0,2026-04-14 19:23:00
1776194640,1.17932,1.17932,1.17927,1.17928,17.0,2026-04-14 19:24:00
1776194700,1.17928,1.17929,1.17924,1.17928,33.0,2026-04-14 19:25:00
1776194760,1.17928,1.17928,1.17923,1.17923,22.0,2026-04-14 19:26:00
1776194820,1.17922,1.17928,1.17922,1.17927,21.0,2026-04-14 19:27:00
1776194880,1.17928,1.1793,1.17924,1.17926,53.0,2026-04-14 19:28:00
1776194940,1.17925,1.17929,1.17924,1.17928,20.0,2026-04-14 19:29:00
1776195000,1.17928,1.17928,1.17922,1.17926,41.0,2026-04-14 19:30:00
1776195060,1.17926,1.17938,1.17926,1.17934,55.0,2026-04-14 19:31:00
1776195120,1.17934,1.17934,1.17927,1.17932,34.0,2026-04-14 19:32:00
1776195180,1.17934,1.17934,1.17924,1.17925,44.0,2026-04-14 19:33:00
1776195240,1.17926,1.17926,1.17913,1.1792,60.0,2026-04-14 19:34:00
1776195300,1.17918,1.17919,1.17906,1.17908,59.0,2026-04-14 19:35:00
1776195360,1.17908,1.17918,1.17908,1.17918,50.0,2026-04-14 19:36:00
1776195420,1.17918,1.1792,1.17916,1.17916,21.0,2026-04-14 19:37:00
1776195480,1.17916,1.17921,1.17916,1.17919,26.0,2026-04-14 19:38:00
1776195540,1.17922,1.17924,1.1792,1.17922,21.0,2026-04-14 19:39:00
1776195600,1.17921,1.17922,1.17913,1.17914,61.0,2026-04-14 19:40:00
1776195660,1.17912,1.17917,1.17912,1.17916,15.0,2026-04-14 19:41:00
1776195720,1.17916,1.17918,1.17916,1.17916,13.0,2026-04-14 19:42:00
1776195780,1.17914,1.17919,1.17914,1.17918,27.0,2026-04-14 19:43:00
1776195840,1.17918,1.1792,1.17918,1.17919,28.0,2026-04-14 19:44:00
1776195900,1.17918,1.1792,1.17914,1.17914,56.0,2026-04-14 19:45:00
1776195960,1.17914,1.17924,1.17912,1.17924,33.0,2026-04-14 19:46:00
1776196020,1.17924,1.17925,1.17922,1.17924,44.0,2026-04-14 19:47:00
1776196080,1.17924,1.17932,1.17924,1.17924,51.0,2026-04-14 19:48:00
1776196140,1.17924,1.17924,1.17918,1.17918,26.0,2026-04-14 19:49:00
1776196200,1.17919,1.17934,1.17918,1.17929,74.0,2026-04-14 19:50:00
1776196260,1.17928,1.1793,1.17925,1.17926,51.0,2026-04-14 19:51:00
1776196320,1.17925,1.17926,1.17921,1.17923,73.0,2026-04-14 19:52:00
1776196380,1.17924,1.1793,1.17922,1.1793,71.0,2026-04-14 19:53:00
1776196440,1.17928,1.17933,1.1792,1.17922,56.0,2026-04-14 19:54:00
1776196500,1.17923,1.17929,1.1792,1.17926,78.0,2026-04-14 19:55:00
1776196560,1.17926,1.1793,1.17924,1.1793,47.0,2026-04-14 19:56:00
1776196620,1.17929,1.1793,1.17911,1.17912,76.0,2026-04-14 19:57:00
1776196680,1.17912,1.17924,1.17912,1.1792,85.0,2026-04-14 19:58:00
1776196740,1.17919,1.17923,1.17916,1.17919,86.0,2026-04-14 19:59:00
1776196800,1.1792,1.17924,1.17916,1.17919,61.0,2026-04-14 20:00:00
1776196860,1.17921,1.17925,1.17914,1.17922,60.0,2026-04-14 20:01:00
1776196920,1.17924,1.17932,1.1792,1.17932,77.0,2026-04-14 20:02:00
1776196980,1.17932,1.17932,1.17925,1.17927,47.0,2026-04-14 20:03:00
1776197040,1.17928,1.17932,1.17927,1.17932,23.0,2026-04-14 20:04:00
1776197100,1.17932,1.1794,1.17932,1.17938,38.0,2026-04-14 20:05:00
1776197160,1.17938,1.17946,1.17936,1.17946,23.0,2026-04-14 20:06:00
1776197220,1.17946,1.17951,1.17944,1.17944,45.0,2026-04-14 20:07:00
1776197280,1.17946,1.17948,1.17946,1.17946,20.0,2026-04-14 20:08:00
1776197340,1.17945,1.17946,1.17944,1.17944,10.0,2026-04-14 20:09:00
1776197400,1.17945,1.17946,1.17938,1.17938,24.0,2026-04-14 20:10:00
1776197460,1.17938,1.17939,1.17936,1.17938,35.0,2026-04-14 20:11:00
1776197520,1.17938,1.17943,1.17938,1.17942,19.0,2026-04-14 20:12:00
1776197640,1.17944,1.17946,1.17944,1.17946,15.0,2026-04-14 20:14:00
1776197700,1.17948,1.17948,1.17944,1.17948,32.0,2026-04-14 20:15:00
1776197760,1.17948,1.17948,1.17943,1.17945,22.0,2026-04-14 20:16:00
1776197820,1.17944,1.17944,1.17938,1.17938,36.0,2026-04-14 20:17:00
1776197880,1.17937,1.17938,1.17937,1.17937,7.0,2026-04-14 20:18:00
1776197940,1.17936,1.17939,1.17934,1.17934,17.0,2026-04-14 20:19:00
1776198000,1.17935,1.17942,1.17934,1.17942,21.0,2026-04-14 20:20:00
1776198060,1.17944,1.17944,1.17944,1.17944,9.0,2026-04-14 20:21:00
1776198120,1.17942,1.17944,1.17939,1.17944,18.0,2026-04-14 20:22:00
1776198180,1.17944,1.17951,1.17944,1.17945,26.0,2026-04-14 20:23:00
1776198240,1.17944,1.17948,1.17939,1.17944,19.0,2026-04-14 20:24:00
1776198300,1.17944,1.17952,1.17944,1.17951,23.0,2026-04-14 20:25:00
1776198360,1.17952,1.17952,1.1795,1.1795,15.0,2026-04-14 20:26:00
1776198420,1.1795,1.1795,1.17947,1.17948,15.0,2026-04-14 20:27:00
1776198480,1.1795,1.1795,1.17943,1.17944,26.0,2026-04-14 20:28:00
1776198540,1.17944,1.17952,1.1794,1.17952,35.0,2026-04-14 20:29:00
1776198600,1.1795,1.17952,1.17946,1.17948,35.0,2026-04-14 20:30:00
1776198660,1.17948,1.1795,1.17948,1.17949,4.0,2026-04-14 20:31:00
1776198720,1.17948,1.1795,1.17948,1.17948,9.0,2026-04-14 20:32:00
1776198780,1.17948,1.17948,1.17945,1.17946,22.0,2026-04-14 20:33:00
1776198840,1.17946,1.17948,1.17941,1.17942,15.0,2026-04-14 20:34:00
1776198900,1.17942,1.17943,1.1794,1.17943,27.0,2026-04-14 20:35:00
1776198960,1.17942,1.17943,1.17936,1.17938,29.0,2026-04-14 20:36:00
1776199020,1.1794,1.17944,1.17939,1.17942,21.0,2026-04-14 20:37:00
1776199080,1.17943,1.17944,1.17942,1.17944,20.0,2026-04-14 20:38:00
1776199140,1.17943,1.17944,1.17942,1.17944,9.0,2026-04-14 20:39:00
1776199200,1.17942,1.17948,1.17942,1.17948,44.0,2026-04-14 20:40:00
1776199260,1.17948,1.17949,1.17948,1.17948,15.0,2026-04-14 20:41:00
1776199320,1.17949,1.17951,1.17949,1.1795,10.0,2026-04-14 20:42:00
1776199380,1.1795,1.17951,1.17936,1.17938,25.0,2026-04-14 20:43:00
1776199440,1.1794,1.1794,1.17936,1.17936,16.0,2026-04-14 20:44:00
1776199500,1.17937,1.17942,1.17932,1.17938,55.0,2026-04-14 20:45:00
1776199560,1.17938,1.17938,1.17937,1.17938,42.0,2026-04-14 20:46:00
1776199620,1.17938,1.17942,1.17936,1.17938,53.0,2026-04-14 20:47:00
1776199680,1.17939,1.17942,1.17938,1.17938,32.0,2026-04-14 20:48:00
1776199740,1.17941,1.1795,1.17941,1.17948,21.0,2026-04-14 20:49:00
1776199800,1.17947,1.17948,1.17942,1.17942,18.0,2026-04-14 20:50:00
1776199860,1.17943,1.17951,1.17943,1.17949,28.0,2026-04-14 20:51:00
1776199920,1.1795,1.17952,1.17946,1.17952,16.0,2026-04-14 20:52:00
1776199980,1.17956,1.17958,1.17952,1.17952,39.0,2026-04-14 20:53:00
1776200040,1.17952,1.17952,1.17948,1.17948,38.0,2026-04-14 20:54:00
1776200100,1.1795,1.17953,1.17946,1.1795,39.0,2026-04-14 20:55:00
1776200160,1.17949,1.17951,1.1794,1.1794,21.0,2026-04-14 20:56:00
1776200220,1.1794,1.17952,1.17934,1.17948,60.0,2026-04-14 20:57:00
1776200280,1.17946,1.17951,1.17943,1.17951,88.0,2026-04-14 20:58:00
1776200340,1.17952,1.17962,1.17952,1.1796,32.0,2026-04-14 20:59:00
1776200640,1.17966,1.17966,1.17966,1.17966,1.0,2026-04-14 21:04:00
1776200700,1.1796,1.1796,1.17948,1.17951,9.0,2026-04-14 21:05:00
1776200820,1.1795,1.17953,1.1795,1.17953,10.0,2026-04-14 21:07:00
1776200880,1.1795,1.1795,1.17943,1.17943,22.0,2026-04-14 21:08:00
1776200940,1.17946,1.17948,1.17942,1.17942,12.0,2026-04-14 21:09:00
1776201000,1.17944,1.17948,1.17944,1.17945,6.0,2026-04-14 21:10:00
1776201120,1.17948,1.17948,1.17944,1.17944,4.0,2026-04-14 21:12:00
1776201180,1.17946,1.17948,1.17944,1.17948,3.0,2026-04-14 21:13:00
1776201240,1.17944,1.17949,1.17944,1.17944,15.0,2026-04-14 21:14:00
1776201300,1.17944,1.17946,1.17942,1.17942,9.0,2026-04-14 21:15:00
1776201360,1.17945,1.17945,1.17943,1.17943,2.0,2026-04-14 21:16:00
1776201480,1.1795,1.17952,1.17949,1.1795,14.0,2026-04-14 21:18:00
1776201540,1.17948,1.17948,1.17932,1.17941,16.0,2026-04-14 21:19:00
1776201600,1.17938,1.17939,1.1793,1.17932,14.0,2026-04-14 21:20:00
1776201660,1.1792,1.1792,1.17916,1.17916,6.0,2026-04-14 21:21:00
1776201720,1.17918,1.17922,1.17914,1.17914,20.0,2026-04-14 21:22:00
1776201960,1.17918,1.17918,1.17918,1.17918,3.0,2026-04-14 21:26:00
1776202020,1.17928,1.17928,1.17918,1.1792,5.0,2026-04-14 21:27:00
1776202080,1.17922,1.17924,1.17918,1.17918,7.0,2026-04-14 21:28:00
1776202140,1.17918,1.17918,1.17916,1.17916,2.0,2026-04-14 21:29:00
1776202200,1.17915,1.17915,1.17908,1.17908,21.0,2026-04-14 21:30:00
1776202260,1.17908,1.17911,1.17908,1.1791,19.0,2026-04-14 21:31:00
1776202320,1.17912,1.1792,1.17912,1.1792,10.0,2026-04-14 21:32:00
1776202380,1.17919,1.1792,1.17906,1.1791,33.0,2026-04-14 21:33:00
1776202440,1.1791,1.17914,1.1791,1.17914,9.0,2026-04-14 21:34:00
1776202500,1.17915,1.1792,1.17904,1.1791,27.0,2026-04-14 21:35:00
1776202560,1.17912,1.17912,1.1791,1.17911,5.0,2026-04-14 21:36:00
1776202620,1.17911,1.17914,1.1791,1.17912,13.0,2026-04-14 21:37:00
1776202680,1.17912,1.17912,1.17911,1.17912,4.0,2026-04-14 21:38:00
1776202740,1.1791,1.17916,1.1791,1.17914,15.0,2026-04-14 21:39:00
1776202800,1.17916,1.17916,1.17914,1.17915,8.0,2026-04-14 21:40:00
1776202860,1.17915,1.1792,1.17914,1.17915,19.0,2026-04-14 21:41:00
1776202920,1.17915,1.17916,1.17914,1.17916,20.0,2026-04-14 21:42:00
1776202980,1.17914,1.1792,1.1791,1.17912,21.0,2026-04-14 21:43:00
1776203040,1.17911,1.17917,1.17907,1.17912,68.0,2026-04-14 21:44:00
1776203100,1.17912,1.17916,1.17908,1.1791,62.0,2026-04-14 21:45:00
1776203160,1.1791,1.17916,1.17908,1.17912,27.0,2026-04-14 21:46:00
1776203220,1.17918,1.17925,1.17916,1.17925,24.0,2026-04-14 21:47:00
1776203280,1.17918,1.17925,1.17914,1.1792,48.0,2026-04-14 21:48:00
1776203340,1.17922,1.17927,1.1792,1.1792,11.0,2026-04-14 21:49:00
1776203400,1.17921,1.17926,1.17917,1.17921,28.0,2026-04-14 21:50:00
1776203460,1.17922,1.17922,1.17917,1.17922,23.0,2026-04-14 21:51:00
1776203520,1.17918,1.17927,1.17918,1.17927,36.0,2026-04-14 21:52:00
1776203580,1.17924,1.17924,1.17918,1.17918,7.0,2026-04-14 21:53:00
1776203640,1.17922,1.17924,1.17919,1.17923,26.0,2026-04-14 21:54:00
1776203700,1.17924,1.17928,1.1792,1.17924,18.0,2026-04-14 21:55:00
1776203760,1.17921,1.17924,1.1792,1.17923,19.0,2026-04-14 21:56:00
1776203820,1.17919,1.17924,1.17919,1.17924,15.0,2026-04-14 21:57:00
1776203880,1.17922,1.17926,1.1792,1.17922,13.0,2026-04-14 21:58:00
1776203940,1.17918,1.17926,1.17918,1.17922,20.0,2026-04-14 21:59:00
1776204000,1.1792,1.1795,1.17918,1.17948,67.0,2026-04-14 22:00:00
1776204060,1.17948,1.17953,1.1794,1.17948,79.0,2026-04-14 22:01:00
1776204120,1.1795,1.17952,1.17938,1.17946,43.0,2026-04-14 22:02:00
1776204180,1.1794,1.17946,1.17935,1.17944,45.0,2026-04-14 22:03:00
1776204240,1.17944,1.1795,1.1794,1.1795,37.0,2026-04-14 22:04:00
1776204300,1.17952,1.17955,1.17938,1.17951,102.0,2026-04-14 22:05:00
1776204360,1.17944,1.17954,1.17944,1.17954,26.0,2026-04-14 22:06:00
1776204420,1.17955,1.17956,1.17946,1.17952,43.0,2026-04-14 22:07:00
1776204480,1.17951,1.17956,1.17944,1.17944,67.0,2026-04-14 22:08:00
1776204540,1.17944,1.17954,1.17944,1.17952,51.0,2026-04-14 22:09:00
1776204600,1.17952,1.17955,1.17947,1.17952,42.0,2026-04-14 22:10:00
1776204660,1.17951,1.17954,1.17942,1.17948,43.0,2026-04-14 22:11:00
1776204720,1.17948,1.17948,1.17941,1.17948,26.0,2026-04-14 22:12:00
1776204780,1.17947,1.17951,1.17943,1.17951,38.0,2026-04-14 22:13:00
1776204840,1.17952,1.17958,1.1795,1.17956,28.0,2026-04-14 22:14:00
1776204900,1.17956,1.17984,1.17956,1.17982,37.0,2026-04-14 22:15:00
1776204960,1.17984,1.17996,1.17982,1.17993,44.0,2026-04-14 22:16:00
1776205020,1.17994,1.17994,1.17975,1.17976,33.0,2026-04-14 22:17:00
1776205080,1.17975,1.17975,1.17971,1.17972,39.0,2026-04-14 22:18:00
1776205140,1.17972,1.17974,1.1796,1.17964,69.0,2026-04-14 22:19:00
1776205200,1.17966,1.17967,1.17962,1.17964,20.0,2026-04-14 22:20:00
1776205260,1.17962,1.17969,1.17961,1.17969,19.0,2026-04-14 22:21:00
1776205320,1.17968,1.17969,1.17963,1.17963,10.0,2026-04-14 22:22:00
1776205380,1.17964,1.1797,1.17962,1.17968,25.0,2026-04-14 22:23:00
1776205440,1.17966,1.17968,1.17965,1.17967,26.0,2026-04-14 22:24:00
1776205500,1.17965,1.17965,1.17954,1.17955,34.0,2026-04-14 22:25:00
1776205560,1.17958,1.17964,1.17958,1.17963,18.0,2026-04-14 22:26:00
1776205620,1.17961,1.17961,1.17954,1.17954,17.0,2026-04-14 22:27:00
1776205680,1.17955,1.17956,1.17952,1.17954,8.0,2026-04-14 22:28:00
1776205740,1.17956,1.17966,1.17956,1.17958,21.0,2026-04-14 22:29:00
1776205800,1.17958,1.17958,1.1795,1.17952,19.0,2026-04-14 22:30:00
1776205860,1.17952,1.17952,1.1795,1.1795,9.0,2026-04-14 22:31:00
1776205920,1.1795,1.17952,1.17946,1.17951,18.0,2026-04-14 22:32:00
1776205980,1.1795,1.1795,1.17943,1.17945,12.0,2026-04-14 22:33:00
1776206040,1.17944,1.17944,1.1794,1.1794,32.0,2026-04-14 22:34:00
1776206100,1.17941,1.17944,1.17937,1.17944,34.0,2026-04-14 22:35:00
1776206160,1.17945,1.17946,1.17945,1.17946,2.0,2026-04-14 22:36:00
1776206220,1.17947,1.1795,1.17946,1.17948,46.0,2026-04-14 22:37:00
1776206280,1.17949,1.17949,1.17945,1.17945,24.0,2026-04-14 22:38:00
1776206340,1.17946,1.17955,1.17946,1.17954,15.0,2026-04-14 22:39:00
1776206400,1.17955,1.17956,1.1794,1.17945,42.0,2026-04-14 22:40:00
1776206460,1.17944,1.17946,1.17944,1.17946,5.0,2026-04-14 22:41:00
1776206520,1.17946,1.17946,1.1794,1.17942,28.0,2026-04-14 22:42:00
1776206580,1.17942,1.17946,1.17941,1.17946,16.0,2026-04-14 22:43:00
1776206640,1.17946,1.17948,1.17944,1.17946,34.0,2026-04-14 22:44:00
1776206700,1.17946,1.17948,1.17945,1.17945,18.0,2026-04-14 22:45:00
1776206760,1.17944,1.17948,1.17944,1.17946,12.0,2026-04-14 22:46:00
1776206820,1.17945,1.17949,1.17936,1.17946,59.0,2026-04-14 22:47:00
1776206880,1.17946,1.17951,1.17945,1.17946,68.0,2026-04-14 22:48:00
1776206940,1.17946,1.17949,1.17946,1.17946,39.0,2026-04-14 22:49:00
1776207000,1.17945,1.17952,1.17944,1.1795,25.0,2026-04-14 22:50:00
1776207060,1.17952,1.17952,1.17949,1.1795,15.0,2026-04-14 22:51:00
1776207120,1.17951,1.17951,1.17944,1.17947,21.0,2026-04-14 22:52:00
1776207180,1.17947,1.17947,1.17947,1.17947,2.0,2026-04-14 22:53:00
1776207240,1.17947,1.17947,1.17947,1.17947,2.0,2026-04-14 22:54:00
1776207300,1.17947,1.17956,1.17946,1.17952,60.0,2026-04-14 22:55:00
1776207360,1.17952,1.17954,1.1795,1.1795,23.0,2026-04-14 22:56:00
1776207420,1.17949,1.17952,1.17949,1.17951,7.0,2026-04-14 22:57:00
1776207480,1.17952,1.17956,1.17951,1.17954,27.0,2026-04-14 22:58:00
1776207540,1.17955,1.17955,1.17952,1.17953,13.0,2026-04-14 22:59:00
1776207600,1.1795,1.17956,1.1795,1.17956,41.0,2026-04-14 23:00:00
1776207660,1.17956,1.17962,1.17954,1.17954,32.0,2026-04-14 23:01:00
1776207720,1.17956,1.17956,1.17952,1.17956,23.0,2026-04-14 23:02:00
1776207780,1.17954,1.17954,1.17945,1.1795,36.0,2026-04-14 23:03:00
1776207840,1.17951,1.17956,1.1795,1.17956,25.0,2026-04-14 23:04:00
1776207900,1.17955,1.17956,1.17954,1.17955,18.0,2026-04-14 23:05:00
1776207960,1.17954,1.17956,1.17953,1.17956,12.0,2026-04-14 23:06:00
1776208020,1.17955,1.17956,1.17952,1.17953,8.0,2026-04-14 23:07:00
1776208080,1.17955,1.17956,1.17954,1.17955,21.0,2026-04-14 23:08:00
1776208140,1.17956,1.17958,1.17955,1.17956,7.0,2026-04-14 23:09:00
1776208200,1.17956,1.17958,1.17955,1.17956,13.0,2026-04-14 23:10:00
1776208260,1.17956,1.17958,1.17954,1.17957,22.0,2026-04-14 23:11:00
1776208320,1.17957,1.17957,1.17951,1.17954,20.0,2026-04-14 23:12:00
1776208380,1.17954,1.17954,1.17948,1.17948,25.0,2026-04-14 23:13:00
1776208440,1.17948,1.1795,1.17948,1.1795,14.0,2026-04-14 23:14:00
1776208500,1.17948,1.1795,1.17948,1.1795,9.0,2026-04-14 23:15:00
1776208560,1.17951,1.17952,1.17949,1.17952,31.0,2026-04-14 23:16:00
1776208620,1.17952,1.17959,1.17952,1.17956,26.0,2026-04-14 23:17:00
1776208680,1.17956,1.17964,1.17956,1.17964,20.0,2026-04-14 23:18:00
1776208740,1.17964,1.17966,1.17964,1.17964,14.0,2026-04-14 23:19:00
1776208800,1.17964,1.17965,1.17963,1.17964,23.0,2026-04-14 23:20:00
1776208860,1.17964,1.17964,1.17964,1.17964,4.0,2026-04-14 23:21:00
1776208920,1.17966,1.17969,1.17966,1.17969,11.0,2026-04-14 23:22:00
1776208980,1.1797,1.1797,1.17968,1.1797,7.0,2026-04-14 23:23:00
1776209040,1.17969,1.1797,1.17969,1.17969,16.0,2026-04-14 23:24:00
1776209100,1.1797,1.1797,1.17968,1.17968,7.0,2026-04-14 23:25:00
1776209160,1.1797,1.1797,1.17965,1.17965,25.0,2026-04-14 23:26:00
1776209220,1.17966,1.17974,1.17965,1.17973,28.0,2026-04-14 23:27:00
1776209280,1.17972,1.17973,1.1797,1.17972,23.0,2026-04-14 23:28:00
1776209340,1.17973,1.17976,1.17972,1.17975,23.0,2026-04-14 23:29:00
1776209400,1.17974,1.17976,1.17974,1.17976,10.0,2026-04-14 23:30:00
1776209460,1.17976,1.17976,1.17972,1.17974,11.0,2026-04-14 23:31:00
1776209520,1.17971,1.17972,1.1797,1.17972,28.0,2026-04-14 23:32:00
1776209580,1.17972,1.17973,1.1797,1.17972,16.0,2026-04-14 23:33:00
1776209640,1.17973,1.18006,1.17972,1.18004,147.0,2026-04-14 23:34:00
1776209700,1.18004,1.18019,1.17998,1.18006,230.0,2026-04-14 23:35:00
1776209760,1.18006,1.18006,1.17984,1.17989,137.0,2026-04-14 23:36:00
1776209820,1.17988,1.1799,1.1797,1.17981,148.0,2026-04-14 23:37:00
1776209880,1.1798,1.17984,1.17972,1.1798,108.0,2026-04-14 23:38:00
1776209940,1.1798,1.17992,1.17978,1.1798,138.0,2026-04-14 23:39:00
1776210000,1.17979,1.1798,1.17974,1.17974,80.0,2026-04-14 23:40:00
1776210060,1.17975,1.17978,1.1797,1.17976,64.0,2026-04-14 23:41:00
1776210120,1.17975,1.1798,1.17975,1.1798,78.0,2026-04-14 23:42:00
1776210180,1.17982,1.17995,1.17978,1.17994,93.0,2026-04-14 23:43:00
1776210240,1.17994,1.18001,1.17989,1.18001,50.0,2026-04-14 23:44:00
1776210300,1.18002,1.1802,1.18002,1.18007,134.0,2026-04-14 23:45:00
1776210360,1.18008,1.18008,1.18002,1.18004,103.0,2026-04-14 23:46:00
1776210420,1.18003,1.18005,1.17994,1.18,103.0,2026-04-14 23:47:00
1776210480,1.18,1.18004,1.17995,1.17998,100.0,2026-04-14 23:48:00
1776210540,1.17996,1.18002,1.1799,1.18,69.0,2026-04-14 23:49:00
1776210600,1.18,1.18002,1.17994,1.17994,27.0,2026-04-14 23:50:00
1776210660,1.17993,1.17994,1.17982,1.17984,50.0,2026-04-14 23:51:00
1776210720,1.17984,1.17984,1.17976,1.1798,42.0,2026-04-14 23:52:00
1776210780,1.17981,1.17986,1.1798,1.17986,41.0,2026-04-14 23:53:00
1776210840,1.17986,1.17989,1.17985,1.17989,73.0,2026-04-14 23:54:00
1776210900,1.17988,1.17988,1.17982,1.17986,37.0,2026-04-14 23:55:00
1776210960,1.17986,1.1799,1.17978,1.17984,50.0,2026-04-14 23:56:00
1776211020,1.17985,1.17992,1.17984,1.17986,47.0,2026-04-14 23:57:00
1776211080,1.17986,1.1799,1.17984,1.17986,72.0,2026-04-14 23:58:00
1776211140,1.17988,1.1799,1.17981,1.17984,62.0,2026-04-14 23:59:00
1776211200,1.17983,1.17987,1.17976,1.17978,164.0,2026-04-15 00:00:00
1776211260,1.17979,1.17986,1.17964,1.17969,85.0,2026-04-15 00:01:00
1776211320,1.17968,1.17968,1.17957,1.17957,116.0,2026-04-15 00:02:00
1776211380,1.17958,1.17966,1.17937,1.17938,115.0,2026-04-15 00:03:00
1776211440,1.17939,1.1794,1.1792,1.17932,175.0,2026-04-15 00:04:00
1776211500,1.17934,1.17938,1.17925,1.17933,147.0,2026-04-15 00:05:00
1776211560,1.17933,1.17949,1.17933,1.17947,132.0,2026-04-15 00:06:00
1776211620,1.17948,1.17952,1.17944,1.17944,101.0,2026-04-15 00:07:00
1776211680,1.17944,1.17946,1.17942,1.17943,33.0,2026-04-15 00:08:00
1776211740,1.17943,1.17948,1.17937,1.17939,58.0,2026-04-15 00:09:00
1776211800,1.17938,1.17938,1.17928,1.17928,60.0,2026-04-15 00:10:00
1776211860,1.17928,1.1794,1.17928,1.17936,93.0,2026-04-15 00:11:00
1776211920,1.17938,1.17938,1.17924,1.17924,112.0,2026-04-15 00:12:00
1776211980,1.17924,1.17934,1.17921,1.17928,92.0,2026-04-15 00:13:00
1776212040,1.17929,1.1793,1.17923,1.17923,89.0,2026-04-15 00:14:00
1776212100,1.17924,1.17936,1.17922,1.17935,85.0,2026-04-15 00:15:00
1776212160,1.17936,1.1794,1.17931,1.17934,62.0,2026-04-15 00:16:00
1776212220,1.17933,1.17933,1.17928,1.17928,47.0,2026-04-15 00:17:00
1776212280,1.17931,1.1794,1.17931,1.1794,55.0,2026-04-15 00:18:00
1776212340,1.17941,1.17945,1.17938,1.17944,42.0,2026-04-15 00:19:00
1776212400,1.17944,1.17944,1.17934,1.17934,65.0,2026-04-15 00:20:00
1776212460,1.17935,1.17939,1.17932,1.17934,77.0,2026-04-15 00:21:00
1776212520,1.17937,1.17948,1.17937,1.17942,70.0,2026-04-15 00:22:00
1776212580,1.17942,1.17946,1.17942,1.17946,54.0,2026-04-15 00:23:00
1776212640,1.17945,1.17952,1.17944,1.17952,46.0,2026-04-15 00:24:00
1776212700,1.17952,1.17953,1.17938,1.1794,62.0,2026-04-15 00:25:00
1776212760,1.1794,1.1794,1.17934,1.17934,41.0,2026-04-15 00:26:00
1776212820,1.17935,1.17941,1.17935,1.1794,35.0,2026-04-15 00:27:00
1776212880,1.1794,1.17942,1.17935,1.17938,44.0,2026-04-15 00:28:00
1776212940,1.17938,1.17948,1.17938,1.17948,50.0,2026-04-15 00:29:00
1776213000,1.17949,1.17951,1.17946,1.17947,53.0,2026-04-15 00:30:00
1776213060,1.17948,1.17952,1.17934,1.17942,109.0,2026-04-15 00:31:00
1776213120,1.17942,1.17942,1.17933,1.17933,64.0,2026-04-15 00:32:00
1776213180,1.17934,1.17934,1.17926,1.17928,67.0,2026-04-15 00:33:00
1776213240,1.17928,1.17938,1.17928,1.17934,43.0,2026-04-15 00:34:00
1776213300,1.17934,1.17934,1.17928,1.17928,56.0,2026-04-15 00:35:00
1776213360,1.17926,1.17932,1.17924,1.17924,58.0,2026-04-15 00:36:00
1776213420,1.17924,1.17924,1.17914,1.17918,52.0,2026-04-15 00:37:00
1776213480,1.17919,1.17922,1.1791,1.17913,77.0,2026-04-15 00:38:00
1776213540,1.17914,1.17918,1.17904,1.17904,52.0,2026-04-15 00:39:00
1776213600,1.17906,1.17911,1.17899,1.179,113.0,2026-04-15 00:40:00
1776213660,1.17902,1.17906,1.179,1.17905,63.0,2026-04-15 00:41:00
1776213720,1.17904,1.17905,1.17894,1.17898,53.0,2026-04-15 00:42:00
1776213780,1.17898,1.17903,1.17895,1.17902,40.0,2026-04-15 00:43:00
1776213840,1.17901,1.1791,1.179,1.17909,61.0,2026-04-15 00:44:00
1776213900,1.17908,1.17916,1.17907,1.17914,55.0,2026-04-15 00:45:00
1776213960,1.17914,1.17914,1.17907,1.17911,55.0,2026-04-15 00:46:00
1776214020,1.17912,1.17912,1.17904,1.17906,62.0,2026-04-15 00:47:00
1776214080,1.17906,1.17908,1.17901,1.17902,48.0,2026-04-15 00:48:00
1776214140,1.17902,1.17908,1.17898,1.17907,69.0,2026-04-15 00:49:00
1776214200,1.17908,1.17916,1.17908,1.17909,100.0,2026-04-15 00:50:00
1776214260,1.17908,1.17911,1.17904,1.17909,71.0,2026-04-15 00:51:00
1776214320,1.17908,1.17912,1.17902,1.17904,61.0,2026-04-15 00:52:00
1776214380,1.17905,1.17906,1.179,1.17901,95.0,2026-04-15 00:53:00
1776214440,1.179,1.17921,1.179,1.1792,121.0,2026-04-15 00:54:00
1776214500,1.1792,1.17925,1.17916,1.1792,96.0,2026-04-15 00:55:00
1776214560,1.17921,1.17924,1.17914,1.17922,74.0,2026-04-15 00:56:00
1776214620,1.17924,1.17942,1.17919,1.17935,118.0,2026-04-15 00:57:00
1776214680,1.17936,1.17948,1.17932,1.17946,98.0,2026-04-15 00:58:00
1776214740,1.17943,1.17947,1.17936,1.17941,114.0,2026-04-15 00:59:00
1776214800,1.17938,1.17946,1.1793,1.1793,166.0,2026-04-15 01:00:00
1776214860,1.17932,1.17932,1.17916,1.17919,178.0,2026-04-15 01:01:00
1776214920,1.17918,1.17919,1.17902,1.17904,162.0,2026-04-15 01:02:00
1776214980,1.17904,1.17912,1.17904,1.1791,130.0,2026-04-15 01:03:00
1776215040,1.1791,1.17915,1.17907,1.17911,104.0,2026-04-15 01:04:00
1776215100,1.17912,1.17914,1.179,1.17904,59.0,2026-04-15 01:05:00
1776215160,1.17904,1.17925,1.17904,1.17925,71.0,2026-04-15 01:06:00
1776215220,1.17924,1.17935,1.17924,1.17927,82.0,2026-04-15 01:07:00
1776215280,1.17926,1.1794,1.17926,1.17931,99.0,2026-04-15 01:08:00
1776215340,1.1793,1.1794,1.17928,1.1794,84.0,2026-04-15 01:09:00
1776215400,1.17938,1.17954,1.17935,1.1795,126.0,2026-04-15 01:10:00
1776215460,1.17951,1.17969,1.17946,1.17966,95.0,2026-04-15 01:11:00
1776215520,1.17965,1.17967,1.1795,1.1795,89.0,2026-04-15 01:12:00
1776215580,1.17951,1.17955,1.17946,1.17946,82.0,2026-04-15 01:13:00
1776215640,1.17945,1.17954,1.17942,1.1795,78.0,2026-04-15 01:14:00
1776215700,1.1795,1.1795,1.17931,1.17932,119.0,2026-04-15 01:15:00
1776215760,1.17931,1.1794,1.1793,1.17931,79.0,2026-04-15 01:16:00
1776215820,1.1793,1.17936,1.1793,1.17932,64.0,2026-04-15 01:17:00
1776215880,1.17934,1.17938,1.17934,1.17936,40.0,2026-04-15 01:18:00
1776215940,1.17936,1.17946,1.17936,1.17941,75.0,2026-04-15 01:19:00
1776216000,1.17942,1.17952,1.17936,1.17937,106.0,2026-04-15 01:20:00
1776216060,1.17938,1.1794,1.17921,1.17924,62.0,2026-04-15 01:21:00
1776216120,1.17922,1.17925,1.17916,1.17923,64.0,2026-04-15 01:22:00
1776216180,1.17922,1.17922,1.17914,1.1792,70.0,2026-04-15 01:23:00
1776216240,1.17921,1.1793,1.17919,1.17927,63.0,2026-04-15 01:24:00
1776216300,1.17928,1.17932,1.17927,1.17931,32.0,2026-04-15 01:25:00
1776216360,1.1793,1.1793,1.17922,1.17923,57.0,2026-04-15 01:26:00
1776216420,1.17922,1.17936,1.17922,1.1793,79.0,2026-04-15 01:27:00
1776216480,1.1793,1.17935,1.17926,1.17927,70.0,2026-04-15 01:28:00
1776216540,1.17928,1.1793,1.17927,1.17929,21.0,2026-04-15 01:29:00
1776216600,1.1793,1.17935,1.17923,1.17923,96.0,2026-04-15 01:30:00
1776216660,1.17923,1.1793,1.17922,1.1793,59.0,2026-04-15 01:31:00
1776216720,1.1793,1.1793,1.1792,1.17924,60.0,2026-04-15 01:32:00
1776216780,1.17924,1.17928,1.1792,1.17924,33.0,2026-04-15 01:33:00
1776216840,1.17925,1.17926,1.17923,1.17924,40.0,2026-04-15 01:34:00
1776216900,1.17924,1.1793,1.17924,1.17925,15.0,2026-04-15 01:35:00
1776216960,1.17924,1.17925,1.17918,1.17918,26.0,2026-04-15 01:36:00
1776217020,1.17918,1.17924,1.17914,1.17921,58.0,2026-04-15 01:37:00
1776217080,1.17921,1.17922,1.1791,1.1791,37.0,2026-04-15 01:38:00
1776217140,1.1791,1.17913,1.17906,1.1791,64.0,2026-04-15 01:39:00
1776217200,1.1791,1.17922,1.17908,1.1792,74.0,2026-04-15 01:40:00
1776217260,1.17921,1.17922,1.1791,1.1791,54.0,2026-04-15 01:41:00
1776217320,1.17908,1.17911,1.17906,1.1791,38.0,2026-04-15 01:42:00
1776217380,1.1791,1.1791,1.179,1.17905,54.0,2026-04-15 01:43:00
1776217440,1.17906,1.17907,1.17904,1.17904,42.0,2026-04-15 01:44:00
1776217500,1.17904,1.17907,1.179,1.17902,43.0,2026-04-15 01:45:00
1776217560,1.17902,1.17908,1.17902,1.17908,47.0,2026-04-15 01:46:00
1776217620,1.17907,1.17907,1.17898,1.17902,56.0,2026-04-15 01:47:00
1776217680,1.17901,1.17904,1.17898,1.17902,97.0,2026-04-15 01:48:00
1776217740,1.179,1.17914,1.179,1.17914,51.0,2026-04-15 01:49:00
1776217800,1.17916,1.17924,1.17915,1.1792,62.0,2026-04-15 01:50:00
1776217860,1.17919,1.17925,1.17909,1.17911,87.0,2026-04-15 01:51:00
1776217920,1.17912,1.17919,1.17906,1.17916,54.0,2026-04-15 01:52:00
1776217980,1.17915,1.17924,1.17912,1.17917,69.0,2026-04-15 01:53:00
1776218040,1.17918,1.17923,1.17918,1.17922,38.0,2026-04-15 01:54:00
1776218100,1.17922,1.17928,1.17918,1.17924,76.0,2026-04-15 01:55:00
1776218160,1.17924,1.17926,1.17918,1.17919,46.0,2026-04-15 01:56:00
1776218220,1.1792,1.17924,1.17902,1.17906,90.0,2026-04-15 01:57:00
1776218280,1.17906,1.17908,1.17898,1.17904,53.0,2026-04-15 01:58:00
1776218340,1.17902,1.17908,1.17902,1.17908,35.0,2026-04-15 01:59:00
1776218400,1.17908,1.17908,1.17902,1.17907,61.0,2026-04-15 02:00:00
1776218460,1.17906,1.17906,1.17902,1.17904,40.0,2026-04-15 02:01:00
1776218520,1.17904,1.17905,1.17893,1.17894,62.0,2026-04-15 02:02:00
1776218580,1.17893,1.17908,1.17892,1.17906,128.0,2026-04-15 02:03:00
1776218640,1.17906,1.17908,1.17904,1.17907,47.0,2026-04-15 02:04:00
1776218700,1.17906,1.17908,1.17904,1.17908,47.0,2026-04-15 02:05:00
1776218760,1.17908,1.17908,1.179,1.179,32.0,2026-04-15 02:06:00
1776218820,1.179,1.179,1.17898,1.179,12.0,2026-04-15 02:07:00
1776218880,1.179,1.179,1.17898,1.179,11.0,2026-04-15 02:08:00
1776218940,1.17898,1.179,1.17893,1.17894,39.0,2026-04-15 02:09:00
1776219000,1.17894,1.17894,1.17884,1.17884,25.0,2026-04-15 02:10:00
1776219060,1.17885,1.17885,1.17878,1.1788,28.0,2026-04-15 02:11:00
1776219120,1.17879,1.17881,1.17875,1.17879,39.0,2026-04-15 02:12:00
1776219180,1.17878,1.17878,1.17868,1.17874,38.0,2026-04-15 02:13:00
1776219240,1.17874,1.17875,1.1786,1.17864,46.0,2026-04-15 02:14:00
1776219300,1.17865,1.1787,1.17861,1.17868,45.0,2026-04-15 02:15:00
1776219360,1.17869,1.17871,1.17853,1.17853,79.0,2026-04-15 02:16:00
1776219420,1.17854,1.17858,1.17842,1.17858,52.0,2026-04-15 02:17:00
1776219480,1.17859,1.1786,1.17854,1.17855,32.0,2026-04-15 02:18:00
1776219540,1.17854,1.17859,1.1785,1.17857,52.0,2026-04-15 02:19:00
1776219600,1.17856,1.17857,1.17846,1.17846,51.0,2026-04-15 02:20:00
1776219660,1.17846,1.17847,1.17843,1.17844,43.0,2026-04-15 02:21:00
1776219720,1.17844,1.17848,1.17842,1.17846,51.0,2026-04-15 02:22:00
1776219780,1.17846,1.1785,1.17842,1.17843,48.0,2026-04-15 02:23:00
1776219840,1.17844,1.17845,1.17842,1.17844,64.0,2026-04-15 02:24:00
1776219900,1.17844,1.17848,1.1784,1.17843,29.0,2026-04-15 02:25:00
1776219960,1.17842,1.17842,1.17833,1.17836,30.0,2026-04-15 02:26:00
1776220020,1.17834,1.17839,1.17831,1.17831,44.0,2026-04-15 02:27:00
1776220080,1.17833,1.17835,1.17824,1.17826,45.0,2026-04-15 02:28:00
1776220140,1.17826,1.17831,1.17826,1.17826,32.0,2026-04-15 02:29:00
1776220200,1.17827,1.1783,1.17812,1.17813,54.0,2026-04-15 02:30:00
1776220260,1.17812,1.17816,1.17809,1.17812,114.0,2026-04-15 02:31:00
1776220320,1.17814,1.17815,1.17812,1.17812,28.0,2026-04-15 02:32:00
1776220380,1.1781,1.1781,1.17801,1.17803,106.0,2026-04-15 02:33:00
1776220440,1.17804,1.17805,1.1779,1.178,78.0,2026-04-15 02:34:00
1776220500,1.178,1.178,1.1779,1.17791,70.0,2026-04-15 02:35:00
1776220560,1.17792,1.17803,1.17792,1.178,56.0,2026-04-15 02:36:00
1776220620,1.17801,1.17805,1.178,1.17802,58.0,2026-04-15 02:37:00
1776220680,1.17803,1.17816,1.17803,1.17816,51.0,2026-04-15 02:38:00
1776220740,1.17816,1.17824,1.17816,1.1782,47.0,2026-04-15 02:39:00
1776220800,1.1782,1.17823,1.1781,1.17816,64.0,2026-04-15 02:40:00
1776220860,1.17816,1.17824,1.17816,1.17822,45.0,2026-04-15 02:41:00
1776220920,1.17822,1.17824,1.1782,1.17822,43.0,2026-04-15 02:42:00
1776220980,1.17822,1.17832,1.17822,1.17831,46.0,2026-04-15 02:43:00
1776221040,1.17832,1.17838,1.17831,1.17835,40.0,2026-04-15 02:44:00
1776221100,1.17836,1.17839,1.17834,1.17839,39.0,2026-04-15 02:45:00
1776221160,1.1784,1.17841,1.1783,1.17832,78.0,2026-04-15 02:46:00
1776221220,1.17831,1.17831,1.1782,1.1783,56.0,2026-04-15 02:47:00
1776221280,1.1783,1.17831,1.17826,1.17828,38.0,2026-04-15 02:48:00
1776221340,1.17828,1.17837,1.17828,1.17836,37.0,2026-04-15 02:49:00
1776221400,1.17836,1.1784,1.17834,1.17834,28.0,2026-04-15 02:50:00
1776221460,1.17836,1.17839,1.17836,1.17836,34.0,2026-04-15 02:51:00
1776221520,1.17837,1.1784,1.17834,1.17834,25.0,2026-04-15 02:52:00
1776221580,1.17836,1.17838,1.17834,1.17836,24.0,2026-04-15 02:53:00
1776221640,1.17836,1.17837,1.1783,1.1783,27.0,2026-04-15 02:54:00
1776221700,1.1783,1.17834,1.1783,1.17834,49.0,2026-04-15 02:55:00
1776221760,1.17835,1.17837,1.1783,1.17836,61.0,2026-04-15 02:56:00
1776221820,1.17836,1.17836,1.17826,1.17826,63.0,2026-04-15 02:57:00
1776221880,1.17826,1.1783,1.17824,1.17826,41.0,2026-04-15 02:58:00
1776221940,1.17826,1.17836,1.17826,1.17835,53.0,2026-04-15 02:59:00
1776222000,1.17836,1.17836,1.17823,1.17824,52.0,2026-04-15 03:00:00
1776222060,1.17824,1.17826,1.17814,1.17814,36.0,2026-04-15 03:01:00
1776222120,1.17815,1.1782,1.17814,1.17814,44.0,2026-04-15 03:02:00
1776222180,1.17816,1.17818,1.17812,1.17812,24.0,2026-04-15 03:03:00
1776222240,1.17812,1.17814,1.17804,1.17804,54.0,2026-04-15 03:04:00
1776222300,1.17805,1.1781,1.17804,1.17804,56.0,2026-04-15 03:05:00
1776222360,1.17804,1.1781,1.17804,1.17809,23.0,2026-04-15 03:06:00
1776222420,1.17811,1.17814,1.1781,1.17812,26.0,2026-04-15 03:07:00
1776222480,1.17812,1.17816,1.1781,1.17816,33.0,2026-04-15 03:08:00
1776222540,1.17815,1.17834,1.17812,1.17828,73.0,2026-04-15 03:09:00
1776222600,1.17828,1.17838,1.17827,1.17836,41.0,2026-04-15 03:10:00
1776222660,1.17836,1.17836,1.17831,1.17836,30.0,2026-04-15 03:11:00
1776222720,1.17836,1.1784,1.17836,1.17837,31.0,2026-04-15 03:12:00
1776222780,1.17836,1.17838,1.17834,1.17834,32.0,2026-04-15 03:13:00
1776222840,1.17834,1.17837,1.17834,1.17836,16.0,2026-04-15 03:14:00
1776222900,1.17834,1.17846,1.17834,1.17846,43.0,2026-04-15 03:15:00
1776222960,1.17846,1.17847,1.17844,1.17846,33.0,2026-04-15 03:16:00
1776223020,1.17846,1.17846,1.17844,1.17846,27.0,2026-04-15 03:17:00
1776223080,1.17845,1.17846,1.17842,1.17845,26.0,2026-04-15 03:18:00
1776223140,1.17846,1.17849,1.17845,1.17847,16.0,2026-04-15 03:19:00
1776223200,1.17848,1.17848,1.1784,1.17844,32.0,2026-04-15 03:20:00
1776223260,1.17844,1.17846,1.17842,1.17842,25.0,2026-04-15 03:21:00
1776223320,1.17842,1.17848,1.1784,1.17847,34.0,2026-04-15 03:22:00
1776223380,1.17848,1.17856,1.17847,1.17851,54.0,2026-04-15 03:23:00
1776223440,1.17851,1.1786,1.17851,1.17856,35.0,2026-04-15 03:24:00
1776223500,1.17856,1.1786,1.17854,1.1786,36.0,2026-04-15 03:25:00
1776223560,1.1786,1.17862,1.17856,1.17856,16.0,2026-04-15 03:26:00
1776223620,1.17857,1.17874,1.17856,1.1787,37.0,2026-04-15 03:27:00
1776223680,1.17869,1.17874,1.17868,1.17872,39.0,2026-04-15 03:28:00
1776223740,1.1787,1.17877,1.1787,1.17877,39.0,2026-04-15 03:29:00
1776223800,1.17876,1.17878,1.17874,1.17876,70.0,2026-04-15 03:30:00
1776223860,1.17876,1.1788,1.1787,1.17871,75.0,2026-04-15 03:31:00
1776223920,1.17872,1.17872,1.17866,1.1787,22.0,2026-04-15 03:32:00
1776223980,1.1787,1.17872,1.17866,1.17866,22.0,2026-04-15 03:33:00
1776224040,1.17864,1.17868,1.17864,1.17866,21.0,2026-04-15 03:34:00
1776224100,1.17866,1.17867,1.17856,1.17861,48.0,2026-04-15 03:35:00
1776224160,1.1786,1.17864,1.1786,1.17864,23.0,2026-04-15 03:36:00
1776224220,1.17863,1.17868,1.1786,1.17864,29.0,2026-04-15 03:37:00
1776224280,1.17864,1.1787,1.17864,1.1787,13.0,2026-04-15 03:38:00
1776224340,1.1787,1.17872,1.1787,1.1787,21.0,2026-04-15 03:39:00
1776224400,1.1787,1.1787,1.17866,1.17866,22.0,2026-04-15 03:40:00
1776224460,1.17865,1.17868,1.17864,1.17868,15.0,2026-04-15 03:41:00
1776224520,1.1787,1.17871,1.17866,1.17866,20.0,2026-04-15 03:42:00
1776224580,1.17864,1.17866,1.17864,1.17866,8.0,2026-04-15 03:43:00
1776224640,1.17865,1.17872,1.17865,1.17872,24.0,2026-04-15 03:44:00
1776224700,1.17871,1.17872,1.1787,1.17871,31.0,2026-04-15 03:45:00
1776224760,1.1787,1.17876,1.1787,1.17876,31.0,2026-04-15 03:46:00
1776224820,1.17875,1.17888,1.17875,1.17882,57.0,2026-04-15 03:47:00
1776224880,1.17881,1.17892,1.1788,1.1789,54.0,2026-04-15 03:48:00
1776224940,1.1789,1.17891,1.17886,1.17887,20.0,2026-04-15 03:49:00
1776225000,1.17886,1.17886,1.17882,1.17886,15.0,2026-04-15 03:50:00
1776225060,1.17886,1.17886,1.1788,1.1788,21.0,2026-04-15 03:51:00
1776225120,1.17881,1.17888,1.17881,1.17884,36.0,2026-04-15 03:52:00
1776225180,1.17884,1.17885,1.17876,1.17882,26.0,2026-04-15 03:53:00
1776225240,1.17884,1.17892,1.17884,1.17886,34.0,2026-04-15 03:54:00
1776225300,1.17887,1.17891,1.17886,1.17891,14.0,2026-04-15 03:55:00
1776225360,1.17892,1.17892,1.17882,1.17882,32.0,2026-04-15 03:56:00
1776225420,1.17882,1.17884,1.1788,1.17881,41.0,2026-04-15 03:57:00
1776225480,1.1788,1.17881,1.17874,1.17874,43.0,2026-04-15 03:58:00
1776225540,1.17874,1.17875,1.1787,1.17872,47.0,2026-04-15 03:59:00
1776225600,1.1787,1.17872,1.17866,1.17866,40.0,2026-04-15 04:00:00
1776225660,1.17866,1.17868,1.17864,1.17866,37.0,2026-04-15 04:01:00
1776225720,1.17867,1.17882,1.17866,1.17882,47.0,2026-04-15 04:02:00
1776225780,1.17881,1.17888,1.1788,1.17888,69.0,2026-04-15 04:03:00
1776225840,1.17887,1.17887,1.17882,1.17883,31.0,2026-04-15 04:04:00
1776225900,1.17884,1.17889,1.17882,1.17886,37.0,2026-04-15 04:05:00
1776225960,1.17886,1.17886,1.17881,1.17881,16.0,2026-04-15 04:06:00
1776226020,1.17882,1.17882,1.17874,1.17874,17.0,2026-04-15 04:07:00
1776226080,1.17875,1.17884,1.17872,1.17881,49.0,2026-04-15 04:08:00
1776226140,1.1788,1.17886,1.1788,1.17886,32.0,2026-04-15 04:09:00
1776226200,1.17886,1.17889,1.17886,1.17886,22.0,2026-04-15 04:10:00
1776226260,1.17887,1.17892,1.17886,1.17892,34.0,2026-04-15 04:11:00
1776226320,1.1789,1.17891,1.17888,1.1789,50.0,2026-04-15 04:12:00
1776226380,1.1789,1.1789,1.17884,1.17886,17.0,2026-04-15 04:13:00
1776226440,1.17884,1.17886,1.1788,1.17882,32.0,2026-04-15 04:14:00
1776226500,1.17881,1.17881,1.17876,1.1788,17.0,2026-04-15 04:15:00
1776226560,1.1788,1.17885,1.1788,1.1788,43.0,2026-04-15 04:16:00
1776226620,1.1788,1.17881,1.1788,1.1788,21.0,2026-04-15 04:17:00
1776226680,1.17878,1.17885,1.17875,1.17881,23.0,2026-04-15 04:18:00
1776226740,1.17882,1.17882,1.17876,1.17876,9.0,2026-04-15 04:19:00
1776226800,1.17876,1.17876,1.1787,1.17872,13.0,2026-04-15 04:20:00
1776226860,1.17873,1.17875,1.17872,1.17875,46.0,2026-04-15 04:21:00
1776226920,1.17874,1.17877,1.17872,1.17872,36.0,2026-04-15 04:22:00
1776226980,1.17873,1.17876,1.17872,1.17874,30.0,2026-04-15 04:23:00
1776227040,1.17875,1.17884,1.17874,1.1788,35.0,2026-04-15 04:24:00
1776227100,1.17879,1.1788,1.17876,1.17876,15.0,2026-04-15 04:25:00
1776227160,1.17875,1.17881,1.17874,1.17881,28.0,2026-04-15 04:26:00
1776227220,1.1788,1.17882,1.17878,1.17878,18.0,2026-04-15 04:27:00
1776227280,1.1788,1.17882,1.17878,1.17879,16.0,2026-04-15 04:28:00
1776227340,1.17882,1.17884,1.17881,1.17881,15.0,2026-04-15 04:29:00
1776227400,1.17882,1.17882,1.1788,1.17881,14.0,2026-04-15 04:30:00
1776227460,1.1788,1.17885,1.17875,1.17884,38.0,2026-04-15 04:31:00
1776227520,1.17884,1.17885,1.17881,1.17884,21.0,2026-04-15 04:32:00
1776227580,1.17884,1.17885,1.17884,1.17885,13.0,2026-04-15 04:33:00
1776227640,1.17884,1.1789,1.17884,1.1789,19.0,2026-04-15 04:34:00
1776227700,1.17891,1.17896,1.1789,1.17894,21.0,2026-04-15 04:35:00
1776227760,1.17895,1.17896,1.17891,1.17892,16.0,2026-04-15 04:36:00
1776227820,1.17892,1.17892,1.17881,1.17881,21.0,2026-04-15 04:37:00
1776227880,1.17879,1.17879,1.17876,1.17878,12.0,2026-04-15 04:38:00
1776227940,1.1788,1.1788,1.17876,1.17878,14.0,2026-04-15 04:39:00
1776228000,1.17877,1.17877,1.1787,1.1787,28.0,2026-04-15 04:40:00
1776228060,1.1787,1.17873,1.17869,1.17872,24.0,2026-04-15 04:41:00
1776228120,1.17872,1.17876,1.17872,1.17876,24.0,2026-04-15 04:42:00
1776228180,1.17875,1.1788,1.17873,1.1788,34.0,2026-04-15 04:43:00
1776228240,1.1788,1.17882,1.1788,1.17881,7.0,2026-04-15 04:44:00
1776228300,1.1788,1.1788,1.17877,1.17878,12.0,2026-04-15 04:45:00
1776228360,1.1788,1.17884,1.17877,1.17884,29.0,2026-04-15 04:46:00
1776228420,1.17883,1.17886,1.17879,1.1788,40.0,2026-04-15 04:47:00
1776228480,1.17882,1.17888,1.17878,1.17888,30.0,2026-04-15 04:48:00
1776228540,1.17887,1.17888,1.17886,1.17886,17.0,2026-04-15 04:49:00
1776228600,1.17886,1.17886,1.17884,1.17885,14.0,2026-04-15 04:50:00
1776228660,1.17886,1.17886,1.17884,1.17885,10.0,2026-04-15 04:51:00
1776228720,1.17884,1.17885,1.17884,1.17885,8.0,2026-04-15 04:52:00
1776228780,1.17886,1.17891,1.17886,1.1789,27.0,2026-04-15 04:53:00
1776228840,1.1789,1.17892,1.17885,1.17885,42.0,2026-04-15 04:54:00
1776228900,1.17885,1.17886,1.17884,1.17885,6.0,2026-04-15 04:55:00
1776228960,1.17886,1.17886,1.17882,1.17882,8.0,2026-04-15 04:56:00
1776229020,1.17882,1.17888,1.17882,1.17887,26.0,2026-04-15 04:57:00
1776229080,1.17886,1.17888,1.17884,1.17886,26.0,2026-04-15 04:58:00
1776229140,1.17886,1.17888,1.17886,1.17886,22.0,2026-04-15 04:59:00
1776229200,1.17886,1.17924,1.17884,1.1789,366.0,2026-04-15 05:00:00
1776229260,1.1789,1.179,1.17888,1.17894,99.0,2026-04-15 05:01:00
1776229320,1.17896,1.17905,1.1789,1.17902,95.0,2026-04-15 05:02:00
1776229380,1.17902,1.17903,1.17896,1.179,53.0,2026-04-15 05:03:00
1776229440,1.17901,1.17906,1.17894,1.179,87.0,2026-04-15 05:04:00
1776229500,1.17899,1.17908,1.17896,1.17905,80.0,2026-04-15 05:05:00
1776229560,1.17906,1.17908,1.179,1.17904,72.0,2026-04-15 05:06:00
1776229620,1.17907,1.17916,1.17907,1.17915,62.0,2026-04-15 05:07:00
1776229680,1.17916,1.17926,1.17916,1.17924,85.0,2026-04-15 05:08:00
1776229740,1.17924,1.17924,1.17914,1.17921,62.0,2026-04-15 05:09:00
1776229800,1.17922,1.17926,1.17919,1.17926,68.0,2026-04-15 05:10:00
1776229860,1.17924,1.17927,1.1792,1.17926,62.0,2026-04-15 05:11:00
1776229920,1.17924,1.17928,1.17916,1.17928,69.0,2026-04-15 05:12:00
1776229980,1.17928,1.17932,1.17928,1.1793,30.0,2026-04-15 05:13:00
1776230040,1.17931,1.17936,1.17928,1.1793,95.0,2026-04-15 05:14:00
1776230100,1.17932,1.17938,1.1793,1.17936,65.0,2026-04-15 05:15:00
1776230160,1.17935,1.17946,1.17935,1.17946,85.0,2026-04-15 05:16:00
1776230220,1.17946,1.17956,1.17945,1.17956,67.0,2026-04-15 05:17:00
1776230280,1.17956,1.17956,1.17952,1.17956,35.0,2026-04-15 05:18:00
1776230340,1.17955,1.17983,1.17954,1.17977,125.0,2026-04-15 05:19:00
1776230400,1.17976,1.17976,1.17966,1.17966,45.0,2026-04-15 05:20:00
1776230460,1.17964,1.17968,1.17963,1.17967,52.0,2026-04-15 05:21:00
1776230520,1.17966,1.17966,1.17946,1.17946,68.0,2026-04-15 05:22:00
1776230580,1.17944,1.17944,1.17937,1.17942,45.0,2026-04-15 05:23:00
1776230640,1.17944,1.17946,1.17937,1.17939,67.0,2026-04-15 05:24:00
1776230700,1.1794,1.17946,1.17939,1.17939,50.0,2026-04-15 05:25:00
1776230760,1.1794,1.17946,1.17938,1.17946,56.0,2026-04-15 05:26:00
1776230820,1.17946,1.1795,1.17928,1.17928,104.0,2026-04-15 05:27:00
1776230880,1.1793,1.17931,1.17918,1.17924,67.0,2026-04-15 05:28:00
1776230940,1.17924,1.17928,1.17924,1.17927,51.0,2026-04-15 05:29:00
1776231000,1.17928,1.17928,1.17914,1.17915,72.0,2026-04-15 05:30:00
1776231060,1.17914,1.1792,1.1791,1.17916,67.0,2026-04-15 05:31:00
1776231120,1.17918,1.17922,1.17917,1.17921,34.0,2026-04-15 05:32:00
1776231180,1.1792,1.17928,1.17919,1.17926,47.0,2026-04-15 05:33:00
1776231240,1.17925,1.17925,1.1791,1.17911,72.0,2026-04-15 05:34:00
1776231300,1.1791,1.17916,1.17902,1.17903,55.0,2026-04-15 05:35:00
1776231360,1.17904,1.1791,1.179,1.179,44.0,2026-04-15 05:36:00
1776231420,1.17901,1.17902,1.17893,1.17902,56.0,2026-04-15 05:37:00
1776231480,1.17902,1.17908,1.179,1.17907,86.0,2026-04-15 05:38:00
1776231540,1.17908,1.17921,1.17904,1.1792,96.0,2026-04-15 05:39:00
1776231600,1.17921,1.17921,1.17904,1.17904,40.0,2026-04-15 05:40:00
1776231660,1.17904,1.17906,1.17904,1.17906,28.0,2026-04-15 05:41:00
1776231720,1.17906,1.17915,1.17906,1.17908,51.0,2026-04-15 05:42:00
1776231780,1.17908,1.1791,1.17901,1.17905,79.0,2026-04-15 05:43:00
1776231840,1.17904,1.17916,1.17904,1.17914,42.0,2026-04-15 05:44:00
1776231900,1.17914,1.17918,1.1791,1.1791,70.0,2026-04-15 05:45:00
1776231960,1.17911,1.17923,1.1791,1.17921,82.0,2026-04-15 05:46:00
1776232020,1.1792,1.17926,1.17917,1.17924,68.0,2026-04-15 05:47:00
1776232080,1.17925,1.17925,1.17918,1.1792,43.0,2026-04-15 05:48:00
1776232140,1.1792,1.17922,1.17911,1.17912,65.0,2026-04-15 05:49:00
1776232200,1.17911,1.17913,1.17906,1.17907,42.0,2026-04-15 05:50:00
1776232260,1.17906,1.17908,1.17904,1.17906,36.0,2026-04-15 05:51:00
1776232320,1.17906,1.17906,1.17896,1.179,92.0,2026-04-15 05:52:00
1776232380,1.17901,1.17906,1.179,1.17902,61.0,2026-04-15 05:53:00
1776232440,1.17902,1.17914,1.179,1.1791,86.0,2026-04-15 05:54:00
1776232500,1.1791,1.1793,1.17909,1.17923,108.0,2026-04-15 05:55:00
1776232560,1.17924,1.17935,1.17924,1.1793,110.0,2026-04-15 05:56:00
1776232620,1.17931,1.17931,1.17919,1.17924,103.0,2026-04-15 05:57:00
1776232680,1.17923,1.17926,1.17922,1.17923,87.0,2026-04-15 05:58:00
1776232740,1.17924,1.1793,1.1792,1.1792,49.0,2026-04-15 05:59:00
1776232800,1.1792,1.17944,1.17916,1.17944,195.0,2026-04-15 06:00:00
1776232860,1.17941,1.17949,1.1794,1.17948,119.0,2026-04-15 06:01:00
1776232920,1.17947,1.17952,1.17938,1.1795,114.0,2026-04-15 06:02:00
1776232980,1.17947,1.1795,1.1794,1.17942,102.0,2026-04-15 06:03:00
1776233040,1.17943,1.17946,1.17938,1.17944,53.0,2026-04-15 06:04:00
1776233100,1.17944,1.17956,1.17942,1.17953,57.0,2026-04-15 06:05:00
1776233160,1.17954,1.17969,1.17954,1.17969,37.0,2026-04-15 06:06:00
1776233220,1.17969,1.17971,1.17964,1.1797,99.0,2026-04-15 06:07:00
1776233280,1.17971,1.17989,1.17964,1.17986,90.0,2026-04-15 06:08:00
1776233340,1.17986,1.17993,1.17982,1.1799,109.0,2026-04-15 06:09:00
1776233400,1.17989,1.17989,1.17958,1.1796,130.0,2026-04-15 06:10:00
1776233460,1.17958,1.17963,1.1795,1.17953,71.0,2026-04-15 06:11:00
1776233520,1.17952,1.17954,1.17944,1.1795,52.0,2026-04-15 06:12:00
1776233580,1.17949,1.17959,1.1794,1.17944,219.0,2026-04-15 06:13:00
1776233640,1.17944,1.17948,1.17928,1.17932,114.0,2026-04-15 06:14:00
1776233700,1.17932,1.17933,1.17912,1.17922,114.0,2026-04-15 06:15:00
1776233760,1.17923,1.17927,1.17914,1.17918,126.0,2026-04-15 06:16:00
1776233820,1.17918,1.1792,1.1791,1.1791,87.0,2026-04-15 06:17:00
1776233880,1.17909,1.17912,1.17893,1.17894,124.0,2026-04-15 06:18:00
1776233940,1.17894,1.17906,1.17894,1.17905,93.0,2026-04-15 06:19:00
1776234000,1.17904,1.17908,1.17897,1.179,113.0,2026-04-15 06:20:00
1776234060,1.179,1.17901,1.17888,1.17888,102.0,2026-04-15 06:21:00
1776234120,1.17886,1.1791,1.17886,1.17906,86.0,2026-04-15 06:22:00
1776234180,1.17906,1.17918,1.17906,1.17915,74.0,2026-04-15 06:23:00
1776234240,1.17916,1.17924,1.17914,1.17924,65.0,2026-04-15 06:24:00
1776234300,1.17924,1.17935,1.17921,1.17933,78.0,2026-04-15 06:25:00
1776234360,1.17936,1.17938,1.17923,1.17925,65.0,2026-04-15 06:26:00
1776234420,1.17924,1.17926,1.17923,1.17926,30.0,2026-04-15 06:27:00
1776234480,1.17924,1.17928,1.17914,1.17916,54.0,2026-04-15 06:28:00
1776234540,1.17916,1.17921,1.17916,1.17916,54.0,2026-04-15 06:29:00
1776234600,1.17916,1.17924,1.1791,1.1791,74.0,2026-04-15 06:30:00
1776234660,1.1791,1.1791,1.17883,1.17893,122.0,2026-04-15 06:31:00
1776234720,1.17892,1.17893,1.1788,1.17885,117.0,2026-04-15 06:32:00
1776234780,1.17884,1.1791,1.17884,1.17909,90.0,2026-04-15 06:33:00
1776234840,1.17907,1.17907,1.17884,1.17886,46.0,2026-04-15 06:34:00
1776234900,1.17886,1.17899,1.17884,1.17894,76.0,2026-04-15 06:35:00
1776234960,1.17894,1.17905,1.17893,1.17904,99.0,2026-04-15 06:36:00
1776235020,1.17904,1.17911,1.1789,1.17896,72.0,2026-04-15 06:37:00
1776235080,1.17895,1.17898,1.17884,1.17896,73.0,2026-04-15 06:38:00
1776235140,1.17897,1.179,1.17888,1.17888,45.0,2026-04-15 06:39:00
1776235200,1.17889,1.1789,1.1787,1.17872,129.0,2026-04-15 06:40:00
1776235260,1.17871,1.17874,1.17871,1.17872,67.0,2026-04-15 06:41:00
1776235320,1.17871,1.17872,1.17854,1.17864,90.0,2026-04-15 06:42:00
1776235380,1.17864,1.17875,1.17864,1.17869,85.0,2026-04-15 06:43:00
1776235440,1.1787,1.17872,1.17859,1.17865,108.0,2026-04-15 06:44:00
1776235500,1.17867,1.17875,1.17858,1.1787,98.0,2026-04-15 06:45:00
1776235560,1.1787,1.17872,1.17857,1.17864,79.0,2026-04-15 06:46:00
1776235620,1.17866,1.17868,1.17858,1.17865,73.0,2026-04-15 06:47:00
1776235680,1.17864,1.17865,1.17858,1.17858,106.0,2026-04-15 06:48:00
1776235740,1.17859,1.1786,1.17848,1.17858,91.0,2026-04-15 06:49:00
1776235800,1.17858,1.1786,1.17849,1.17849,53.0,2026-04-15 06:50:00
1776235860,1.1785,1.1786,1.17846,1.17859,109.0,2026-04-15 06:51:00
1776235920,1.1786,1.17871,1.1786,1.1786,63.0,2026-04-15 06:52:00
1776235980,1.1786,1.1786,1.17849,1.17851,69.0,2026-04-15 06:53:00
1776236040,1.17852,1.17854,1.17846,1.17854,106.0,2026-04-15 06:54:00
1776236100,1.17854,1.17865,1.17854,1.17862,85.0,2026-04-15 06:55:00
1776236160,1.17862,1.17871,1.17858,1.1787,100.0,2026-04-15 06:56:00
1776236220,1.17867,1.1787,1.1786,1.17868,98.0,2026-04-15 06:57:00
1776236280,1.1787,1.1787,1.17861,1.17862,75.0,2026-04-15 06:58:00
1776236340,1.17862,1.17864,1.17838,1.17843,118.0,2026-04-15 06:59:00
1776236400,1.17842,1.17862,1.17836,1.1786,218.0,2026-04-15 07:00:00
1776236460,1.1786,1.17862,1.17848,1.17856,177.0,2026-04-15 07:01:00
1776236520,1.17856,1.1788,1.17854,1.17878,193.0,2026-04-15 07:02:00
1776236580,1.17878,1.17878,1.17864,1.17875,113.0,2026-04-15 07:03:00
1776236640,1.17874,1.17878,1.17868,1.17876,122.0,2026-04-15 07:04:00
1776236700,1.17876,1.17884,1.17868,1.17868,150.0,2026-04-15 07:05:00
1776236760,1.17868,1.17874,1.17854,1.17871,136.0,2026-04-15 07:06:00
1776236820,1.17871,1.17871,1.17854,1.17854,83.0,2026-04-15 07:07:00
1776236880,1.17857,1.17869,1.17854,1.17861,145.0,2026-04-15 07:08:00
1776236940,1.17862,1.17862,1.17852,1.17855,149.0,2026-04-15 07:09:00
1776237000,1.17856,1.17868,1.17852,1.17867,132.0,2026-04-15 07:10:00
1776237060,1.17868,1.1787,1.17862,1.17863,101.0,2026-04-15 07:11:00
1776237120,1.17864,1.17868,1.17851,1.17866,112.0,2026-04-15 07:12:00
1776237180,1.17867,1.17868,1.17859,1.17864,111.0,2026-04-15 07:13:00
1776237240,1.17861,1.17875,1.17859,1.1786,116.0,2026-04-15 07:14:00
1776237300,1.17861,1.17868,1.17853,1.17858,104.0,2026-04-15 07:15:00
1776237360,1.17856,1.17856,1.17844,1.17854,130.0,2026-04-15 07:16:00
1776237420,1.17854,1.17858,1.17844,1.17844,100.0,2026-04-15 07:17:00
1776237480,1.17846,1.17846,1.1783,1.17834,145.0,2026-04-15 07:18:00
1776237540,1.17834,1.17854,1.17828,1.17854,121.0,2026-04-15 07:19:00
1776237600,1.17857,1.17868,1.17853,1.17858,136.0,2026-04-15 07:20:00
1776237660,1.17858,1.17864,1.17856,1.1786,122.0,2026-04-15 07:21:00
1776237720,1.1786,1.17868,1.17856,1.17866,95.0,2026-04-15 07:22:00
1776237780,1.17866,1.17867,1.17857,1.1786,94.0,2026-04-15 07:23:00
1776237840,1.1786,1.17877,1.1786,1.17872,138.0,2026-04-15 07:24:00
1776237900,1.17871,1.17871,1.17854,1.17859,96.0,2026-04-15 07:25:00
1776237960,1.1786,1.17866,1.1786,1.17866,71.0,2026-04-15 07:26:00
1776238020,1.17866,1.17873,1.17864,1.17872,64.0,2026-04-15 07:27:00
1776238080,1.17872,1.17878,1.1787,1.17874,100.0,2026-04-15 07:28:00
1776238140,1.17875,1.17879,1.17868,1.17877,75.0,2026-04-15 07:29:00
1776238200,1.17878,1.17879,1.17862,1.17868,119.0,2026-04-15 07:30:00
1776238260,1.17869,1.1787,1.17854,1.1787,92.0,2026-04-15 07:31:00
1776238320,1.1787,1.17886,1.1787,1.17885,93.0,2026-04-15 07:32:00
1776238380,1.17886,1.17898,1.17886,1.17892,113.0,2026-04-15 07:33:00
1776238440,1.17892,1.17904,1.17891,1.17893,128.0,2026-04-15 07:34:00
1776238500,1.17894,1.17906,1.17894,1.17899,115.0,2026-04-15 07:35:00
1776238560,1.17899,1.17899,1.1789,1.17892,135.0,2026-04-15 07:36:00
1776238620,1.17891,1.17892,1.17885,1.1789,56.0,2026-04-15 07:37:00
1776238680,1.1789,1.17894,1.17886,1.17894,72.0,2026-04-15 07:38:00
1776238740,1.17894,1.17896,1.17888,1.17888,90.0,2026-04-15 07:39:00
1776238800,1.17888,1.17898,1.1788,1.17886,113.0,2026-04-15 07:40:00
1776238860,1.17886,1.17888,1.17872,1.17874,48.0,2026-04-15 07:41:00
1776238920,1.17874,1.17879,1.1787,1.17878,70.0,2026-04-15 07:42:00
1776238980,1.17878,1.1789,1.17878,1.1789,60.0,2026-04-15 07:43:00
1776239040,1.1789,1.17892,1.17886,1.1789,63.0,2026-04-15 07:44:00
1776239100,1.1789,1.17891,1.17874,1.17878,148.0,2026-04-15 07:45:00
1776239160,1.17878,1.17896,1.17874,1.17894,125.0,2026-04-15 07:46:00
1776239220,1.17893,1.17894,1.17884,1.1789,98.0,2026-04-15 07:47:00
1776239280,1.1789,1.1789,1.17864,1.17868,88.0,2026-04-15 07:48:00
1776239340,1.17868,1.17891,1.17868,1.1789,53.0,2026-04-15 07:49:00
1776239400,1.1789,1.17897,1.1789,1.17896,62.0,2026-04-15 07:50:00
1776239460,1.17896,1.17896,1.1787,1.17874,113.0,2026-04-15 07:51:00
1776239520,1.17874,1.17874,1.1786,1.17866,101.0,2026-04-15 07:52:00
1776239580,1.17866,1.1787,1.1786,1.17868,116.0,2026-04-15 07:53:00
1776239640,1.17868,1.17868,1.1786,1.1786,79.0,2026-04-15 07:54:00
1776239700,1.1786,1.1787,1.17854,1.17868,133.0,2026-04-15 07:55:00
1776239760,1.17867,1.17868,1.17854,1.17858,144.0,2026-04-15 07:56:00
1776239820,1.17856,1.17862,1.17852,1.17856,128.0,2026-04-15 07:57:00
1776239880,1.17856,1.17856,1.17844,1.17848,107.0,2026-04-15 07:58:00
1776239940,1.1785,1.17859,1.17849,1.17858,77.0,2026-04-15 07:59:00
1776240000,1.17857,1.17871,1.17856,1.1787,144.0,2026-04-15 08:00:00
1776240060,1.17868,1.17872,1.1786,1.1786,87.0,2026-04-15 08:01:00
1776240120,1.1786,1.17866,1.17854,1.17855,87.0,2026-04-15 08:02:00
1776240180,1.17858,1.17872,1.17858,1.17872,123.0,2026-04-15 08:03:00
1776240240,1.17872,1.17898,1.17871,1.17898,121.0,2026-04-15 08:04:00
1776240300,1.17897,1.17904,1.17896,1.17901,118.0,2026-04-15 08:05:00
1776240360,1.179,1.17904,1.17892,1.17892,83.0,2026-04-15 08:06:00
1776240420,1.17892,1.179,1.17888,1.17898,67.0,2026-04-15 08:07:00
1776240480,1.17898,1.17906,1.17893,1.17905,74.0,2026-04-15 08:08:00
1776240540,1.17906,1.17906,1.17888,1.17894,96.0,2026-04-15 08:09:00
1776240600,1.17894,1.17896,1.17888,1.1789,108.0,2026-04-15 08:10:00
1776240660,1.1789,1.1789,1.17882,1.17888,111.0,2026-04-15 08:11:00
1776240720,1.17888,1.17904,1.17888,1.179,84.0,2026-04-15 08:12:00
1776240780,1.17899,1.17906,1.17896,1.17897,80.0,2026-04-15 08:13:00
1776240840,1.17898,1.17904,1.17895,1.17902,103.0,2026-04-15 08:14:00
1776240900,1.17902,1.17908,1.17899,1.17906,68.0,2026-04-15 08:15:00
1776240960,1.17906,1.17908,1.179,1.179,76.0,2026-04-15 08:16:00
1776241020,1.17901,1.17921,1.17901,1.17916,97.0,2026-04-15 08:17:00
1776241080,1.17916,1.17938,1.17916,1.17938,112.0,2026-04-15 08:18:00
1776241140,1.17936,1.17946,1.1793,1.17946,85.0,2026-04-15 08:19:00
1776241200,1.17944,1.17954,1.1794,1.17943,76.0,2026-04-15 08:20:00
1776241260,1.17942,1.17942,1.17932,1.1794,82.0,2026-04-15 08:21:00
1776241320,1.17937,1.17942,1.17927,1.17928,85.0,2026-04-15 08:22:00
1776241380,1.17927,1.17937,1.17927,1.17935,98.0,2026-04-15 08:23:00
1776241440,1.17936,1.17942,1.17932,1.17933,95.0,2026-04-15 08:24:00
1776241500,1.17934,1.17944,1.17934,1.17934,110.0,2026-04-15 08:25:00
1776241560,1.17932,1.17932,1.17916,1.17916,96.0,2026-04-15 08:26:00
1776241620,1.17917,1.17928,1.17914,1.17922,120.0,2026-04-15 08:27:00
1776241680,1.17921,1.17927,1.17916,1.17924,95.0,2026-04-15 08:28:00
1776241740,1.17925,1.1793,1.1792,1.1792,153.0,2026-04-15 08:29:00
1776241800,1.17921,1.17921,1.17912,1.17918,112.0,2026-04-15 08:30:00
1776241860,1.17919,1.1792,1.17894,1.17894,121.0,2026-04-15 08:31:00
1776241920,1.17894,1.17906,1.17888,1.17905,132.0,2026-04-15 08:32:00
1776241980,1.17906,1.17911,1.17898,1.1791,101.0,2026-04-15 08:33:00
1776242040,1.1791,1.1791,1.17898,1.179,114.0,2026-04-15 08:34:00
1776242100,1.17903,1.17904,1.17876,1.17876,115.0,2026-04-15 08:35:00
1776242160,1.17876,1.1788,1.17872,1.1788,59.0,2026-04-15 08:36:00
1776242220,1.1788,1.17885,1.17876,1.17884,103.0,2026-04-15 08:37:00
1776242280,1.17885,1.17892,1.17885,1.17886,57.0,2026-04-15 08:38:00
1776242340,1.17886,1.17888,1.17875,1.17879,71.0,2026-04-15 08:39:00
1776242400,1.17878,1.17888,1.17876,1.17884,78.0,2026-04-15 08:40:00
1776242460,1.17884,1.17898,1.17881,1.17897,64.0,2026-04-15 08:41:00
1776242520,1.17898,1.17905,1.17896,1.17898,53.0,2026-04-15 08:42:00
1776242580,1.17898,1.179,1.17894,1.17897,66.0,2026-04-15 08:43:00
1776242640,1.17896,1.17899,1.17893,1.17895,98.0,2026-04-15 08:44:00
1776242700,1.17894,1.17895,1.17878,1.17878,82.0,2026-04-15 08:45:00
1776242760,1.17878,1.17878,1.17867,1.17874,78.0,2026-04-15 08:46:00
1776242820,1.17874,1.17875,1.17862,1.17862,51.0,2026-04-15 08:47:00
1776242880,1.17864,1.17872,1.17861,1.1787,87.0,2026-04-15 08:48:00
1776242940,1.1787,1.17877,1.17868,1.1787,63.0,2026-04-15 08:49:00
1776243000,1.1787,1.1787,1.17864,1.17866,55.0,2026-04-15 08:50:00
1776243060,1.17866,1.17874,1.17862,1.17874,66.0,2026-04-15 08:51:00
1776243120,1.17872,1.17884,1.17866,1.17884,51.0,2026-04-15 08:52:00
1776243180,1.17884,1.17884,1.1788,1.17882,80.0,2026-04-15 08:53:00
1776243240,1.17882,1.17884,1.1788,1.17883,45.0,2026-04-15 08:54:00
1776243300,1.17884,1.17888,1.17877,1.17886,51.0,2026-04-15 08:55:00
1776243360,1.17885,1.17899,1.17884,1.17895,90.0,2026-04-15 08:56:00
1776243420,1.17894,1.17898,1.1789,1.17896,45.0,2026-04-15 08:57:00
1776243480,1.17895,1.17906,1.17895,1.17904,61.0,2026-04-15 08:58:00
1776243540,1.17904,1.17906,1.17894,1.17894,73.0,2026-04-15 08:59:00
1776243600,1.17895,1.1791,1.17894,1.17907,76.0,2026-04-15 09:00:00
1776243660,1.17908,1.17912,1.17903,1.17912,78.0,2026-04-15 09:01:00
1776243720,1.17914,1.17916,1.1781,1.1787,582.0,2026-04-15 09:02:00
1776243780,1.1787,1.17871,1.17806,1.17808,605.0,2026-04-15 09:03:00
1776243840,1.17808,1.17852,1.17808,1.17844,311.0,2026-04-15 09:04:00
1776243900,1.17845,1.17878,1.17839,1.17873,400.0,2026-04-15 09:05:00
1776243960,1.17872,1.17881,1.17867,1.17878,218.0,2026-04-15 09:06:00
1776244020,1.17878,1.17896,1.17872,1.17872,202.0,2026-04-15 09:07:00
1776244080,1.17873,1.17875,1.1784,1.17844,283.0,2026-04-15 09:08:00
1776244140,1.17844,1.17846,1.17808,1.1781,210.0,2026-04-15 09:09:00
1776244200,1.17812,1.17819,1.17806,1.17816,310.0,2026-04-15 09:10:00
1776244260,1.17815,1.17816,1.17754,1.1776,469.0,2026-04-15 09:11:00
1776244320,1.1776,1.17797,1.1776,1.1779,332.0,2026-04-15 09:12:00
1776244380,1.1779,1.17812,1.17787,1.17812,179.0,2026-04-15 09:13:00
1776244440,1.17813,1.17832,1.17813,1.1782,232.0,2026-04-15 09:14:00
1776244500,1.1782,1.17844,1.17816,1.17832,206.0,2026-04-15 09:15:00
1776244560,1.17834,1.17838,1.17826,1.17832,144.0,2026-04-15 09:16:00
1776244620,1.17834,1.17842,1.17827,1.17842,99.0,2026-04-15 09:17:00
1776244680,1.17842,1.17848,1.17826,1.17847,178.0,2026-04-15 09:18:00
1776244740,1.17848,1.17858,1.17848,1.17858,115.0,2026-04-15 09:19:00
1776244800,1.17857,1.17858,1.17846,1.17856,129.0,2026-04-15 09:20:00
1776244860,1.17857,1.17865,1.1785,1.17862,175.0,2026-04-15 09:21:00
1776244920,1.17864,1.1787,1.17856,1.1786,139.0,2026-04-15 09:22:00
1776244980,1.1786,1.17866,1.1786,1.17862,76.0,2026-04-15 09:23:00
1776245040,1.17862,1.17862,1.17851,1.17852,79.0,2026-04-15 09:24:00
1776245100,1.17852,1.17867,1.17852,1.17862,83.0,2026-04-15 09:25:00
1776245160,1.17861,1.17862,1.17842,1.17857,134.0,2026-04-15 09:26:00
1776245220,1.17856,1.17857,1.17842,1.1785,179.0,2026-04-15 09:27:00
1776245280,1.1785,1.1785,1.1784,1.17843,116.0,2026-04-15 09:28:00
1776245340,1.17844,1.17852,1.17843,1.17846,148.0,2026-04-15 09:29:00
1776245400,1.17846,1.17852,1.17838,1.17841,161.0,2026-04-15 09:30:00
1776245460,1.1784,1.17844,1.17836,1.17841,79.0,2026-04-15 09:31:00
1776245520,1.1784,1.17843,1.17833,1.17836,83.0,2026-04-15 09:32:00
1776245580,1.17836,1.1784,1.17825,1.17828,103.0,2026-04-15 09:33:00
1776245640,1.1783,1.17836,1.17822,1.17826,69.0,2026-04-15 09:34:00
1776245700,1.17826,1.17828,1.17813,1.17816,82.0,2026-04-15 09:35:00
1776245760,1.17816,1.17816,1.17795,1.17796,97.0,2026-04-15 09:36:00
1776245820,1.17795,1.17808,1.17795,1.17806,92.0,2026-04-15 09:37:00
1776245880,1.17808,1.1781,1.17794,1.17802,147.0,2026-04-15 09:38:00
1776245940,1.17804,1.17804,1.17795,1.17796,161.0,2026-04-15 09:39:00
1776246000,1.17798,1.17808,1.17798,1.17805,110.0,2026-04-15 09:40:00
1776246060,1.17806,1.1781,1.17795,1.17806,145.0,2026-04-15 09:41:00
1776246120,1.17808,1.17816,1.17806,1.1781,73.0,2026-04-15 09:42:00
1776246180,1.17809,1.17823,1.17809,1.17818,91.0,2026-04-15 09:43:00
1776246240,1.1782,1.17821,1.17812,1.1782,71.0,2026-04-15 09:44:00
1776246300,1.17819,1.17836,1.17814,1.1783,72.0,2026-04-15 09:45:00
1776246360,1.1783,1.17836,1.17824,1.17824,72.0,2026-04-15 09:46:00
1776246420,1.17822,1.17826,1.17795,1.17801,136.0,2026-04-15 09:47:00
1776246480,1.17802,1.17807,1.17794,1.17805,86.0,2026-04-15 09:48:00
1776246540,1.17806,1.17814,1.17804,1.1781,94.0,2026-04-15 09:49:00
1776246600,1.1781,1.17813,1.17799,1.17804,93.0,2026-04-15 09:50:00
1776246660,1.17803,1.17804,1.17793,1.17795,116.0,2026-04-15 09:51:00
1776246720,1.17794,1.178,1.17792,1.17794,116.0,2026-04-15 09:52:00
1776246780,1.17795,1.17795,1.17784,1.17791,119.0,2026-04-15 09:53:00
1776246840,1.17792,1.17808,1.1779,1.17805,100.0,2026-04-15 09:54:00
1776246900,1.17804,1.17808,1.17798,1.17798,106.0,2026-04-15 09:55:00
1776246960,1.17799,1.17799,1.17788,1.17794,95.0,2026-04-15 09:56:00
1776247020,1.17793,1.17802,1.17788,1.17802,92.0,2026-04-15 09:57:00
1776247080,1.17802,1.17819,1.17801,1.17816,82.0,2026-04-15 09:58:00
1776247140,1.17816,1.1782,1.17816,1.17816,54.0,2026-04-15 09:59:00
1776247200,1.17816,1.17818,1.1781,1.17814,136.0,2026-04-15 10:00:00
1776247260,1.17814,1.17821,1.17811,1.17814,192.0,2026-04-15 10:01:00
1776247320,1.17813,1.17814,1.17798,1.178,153.0,2026-04-15 10:02:00
1776247380,1.178,1.17807,1.17795,1.17799,100.0,2026-04-15 10:03:00
1776247440,1.17798,1.17799,1.1779,1.1779,73.0,2026-04-15 10:04:00
1776247500,1.1779,1.178,1.17786,1.17793,112.0,2026-04-15 10:05:00
1776247560,1.17792,1.17828,1.17792,1.17826,140.0,2026-04-15 10:06:00
1776247620,1.17826,1.17854,1.17826,1.17838,204.0,2026-04-15 10:07:00
1776247680,1.17838,1.17851,1.17836,1.17837,78.0,2026-04-15 10:08:00
1776247740,1.17838,1.17851,1.17834,1.1785,124.0,2026-04-15 10:09:00
1776247800,1.1785,1.1786,1.17848,1.17857,98.0,2026-04-15 10:10:00
1776247860,1.17856,1.1786,1.17851,1.17854,92.0,2026-04-15 10:11:00
1776247920,1.17853,1.17866,1.17853,1.17865,62.0,2026-04-15 10:12:00
1776247980,1.17866,1.17866,1.17852,1.17854,119.0,2026-04-15 10:13:00
1776248040,1.17854,1.17858,1.17842,1.1785,136.0,2026-04-15 10:14:00
1776248100,1.1785,1.17852,1.17808,1.17822,288.0,2026-04-15 10:15:00
1776248160,1.17822,1.17828,1.17798,1.17816,513.0,2026-04-15 10:16:00
1776248220,1.17816,1.17816,1.17788,1.17805,269.0,2026-04-15 10:17:00
1776248280,1.17804,1.17814,1.17798,1.1781,217.0,2026-04-15 10:18:00
1776248340,1.1781,1.1781,1.17798,1.178,119.0,2026-04-15 10:19:00
1776248400,1.178,1.17834,1.17794,1.17832,220.0,2026-04-15 10:20:00
1776248460,1.17832,1.17835,1.17806,1.17813,147.0,2026-04-15 10:21:00
1776248520,1.17812,1.17814,1.17778,1.1778,248.0,2026-04-15 10:22:00
1776248580,1.17782,1.17782,1.1777,1.17778,129.0,2026-04-15 10:23:00
1776248640,1.17776,1.1778,1.17775,1.17778,89.0,2026-04-15 10:24:00
1776248700,1.17778,1.1779,1.17778,1.17781,140.0,2026-04-15 10:25:00
1776248760,1.1778,1.17782,1.17764,1.17766,148.0,2026-04-15 10:26:00
1776248820,1.17766,1.17772,1.17754,1.17756,167.0,2026-04-15 10:27:00
1776248880,1.17755,1.1776,1.1773,1.17736,240.0,2026-04-15 10:28:00
1776248940,1.17734,1.17757,1.17734,1.17756,180.0,2026-04-15 10:29:00
1776249000,1.17756,1.17768,1.1775,1.17766,218.0,2026-04-15 10:30:00
1776249060,1.17766,1.1777,1.17762,1.17764,100.0,2026-04-15 10:31:00
1776249120,1.17762,1.17766,1.17759,1.1776,79.0,2026-04-15 10:32:00
1776249180,1.17758,1.1776,1.17736,1.1774,92.0,2026-04-15 10:33:00
1776249240,1.1774,1.17746,1.17734,1.17746,107.0,2026-04-15 10:34:00
1776249300,1.17745,1.17752,1.1774,1.17744,87.0,2026-04-15 10:35:00
1776249360,1.17744,1.17748,1.1772,1.17735,197.0,2026-04-15 10:36:00
1776249420,1.17736,1.17742,1.17728,1.1773,104.0,2026-04-15 10:37:00
1776249480,1.17729,1.17738,1.17728,1.17734,117.0,2026-04-15 10:38:00
1776249540,1.17734,1.17742,1.17734,1.17738,95.0,2026-04-15 10:39:00
1776249600,1.17739,1.17744,1.17734,1.17742,133.0,2026-04-15 10:40:00
1776249660,1.17742,1.17754,1.17738,1.17741,168.0,2026-04-15 10:41:00
1776249720,1.17741,1.17812,1.1774,1.17802,307.0,2026-04-15 10:42:00
1776249780,1.17802,1.17802,1.17768,1.17792,479.0,2026-04-15 10:43:00
1776249840,1.17792,1.178,1.17782,1.17791,177.0,2026-04-15 10:44:00
1776249900,1.17792,1.17812,1.1779,1.17809,179.0,2026-04-15 10:45:00
1776249960,1.17808,1.17837,1.17808,1.1783,243.0,2026-04-15 10:46:00
1776250020,1.17831,1.17831,1.17806,1.17806,206.0,2026-04-15 10:47:00
1776250080,1.17806,1.17816,1.17804,1.17814,163.0,2026-04-15 10:48:00
1776250140,1.17814,1.17814,1.17802,1.17809,173.0,2026-04-15 10:49:00
1776250200,1.17808,1.17812,1.17792,1.17795,129.0,2026-04-15 10:50:00
1776250260,1.17796,1.17796,1.1777,1.1777,151.0,2026-04-15 10:51:00
1776250320,1.17772,1.1778,1.1777,1.1778,108.0,2026-04-15 10:52:00
1776250380,1.1778,1.17798,1.1778,1.1779,123.0,2026-04-15 10:53:00
1776250440,1.1779,1.17798,1.17784,1.17792,102.0,2026-04-15 10:54:00
1776250500,1.17793,1.17794,1.17778,1.17785,112.0,2026-04-15 10:55:00
1776250560,1.17786,1.17794,1.1778,1.17788,124.0,2026-04-15 10:56:00
1776250620,1.17789,1.17789,1.17778,1.17779,100.0,2026-04-15 10:57:00
1776250680,1.1778,1.17786,1.17775,1.17777,105.0,2026-04-15 10:58:00
1776250740,1.17778,1.1778,1.17768,1.1777,96.0,2026-04-15 10:59:00
1776250800,1.1777,1.1777,1.17754,1.17755,111.0,2026-04-15 11:00:00
1776250860,1.17756,1.17764,1.1775,1.1776,109.0,2026-04-15 11:01:00
1776250920,1.17759,1.17784,1.17759,1.17779,169.0,2026-04-15 11:02:00
1776250980,1.17778,1.17784,1.17778,1.17784,83.0,2026-04-15 11:03:00
1776251040,1.17786,1.17786,1.17779,1.17781,72.0,2026-04-15 11:04:00
1776251100,1.1778,1.17796,1.1778,1.17789,71.0,2026-04-15 11:05:00
1776251160,1.17792,1.17796,1.17785,1.17786,77.0,2026-04-15 11:06:00
1776251220,1.17787,1.17794,1.17785,1.1779,92.0,2026-04-15 11:07:00
1776251280,1.1779,1.17796,1.17785,1.17788,141.0,2026-04-15 11:08:00
1776251340,1.17789,1.17792,1.17778,1.1778,105.0,2026-04-15 11:09:00
1776251400,1.17779,1.17782,1.17774,1.17774,91.0,2026-04-15 11:10:00
1776251460,1.17775,1.1779,1.17774,1.17789,63.0,2026-04-15 11:11:00
1776251520,1.1779,1.17792,1.17774,1.17778,52.0,2026-04-15 11:12:00
1776251580,1.17777,1.17783,1.1777,1.17776,82.0,2026-04-15 11:13:00
1776251640,1.17775,1.1778,1.17771,1.17776,113.0,2026-04-15 11:14:00
1776251700,1.17776,1.17786,1.17775,1.17781,86.0,2026-04-15 11:15:00
1776251760,1.1778,1.17784,1.1777,1.17772,85.0,2026-04-15 11:16:00
1776251820,1.17772,1.17772,1.17755,1.17757,115.0,2026-04-15 11:17:00
1776251880,1.17756,1.17775,1.17754,1.17775,142.0,2026-04-15 11:18:00
1776251940,1.17776,1.17786,1.17772,1.17777,99.0,2026-04-15 11:19:00
1776252000,1.17776,1.17781,1.17776,1.1778,58.0,2026-04-15 11:20:00
1776252060,1.1778,1.17788,1.17776,1.17776,115.0,2026-04-15 11:21:00
1776252120,1.17775,1.1778,1.17768,1.1777,101.0,2026-04-15 11:22:00
1776252180,1.1777,1.17778,1.1776,1.17778,156.0,2026-04-15 11:23:00
1776252240,1.17779,1.17792,1.17778,1.17788,123.0,2026-04-15 11:24:00
1776252300,1.17786,1.17794,1.1778,1.17786,137.0,2026-04-15 11:25:00
1776252360,1.17786,1.17787,1.17775,1.17775,95.0,2026-04-15 11:26:00
1776252420,1.17776,1.17781,1.17768,1.17768,88.0,2026-04-15 11:27:00
1776252480,1.17769,1.17773,1.17764,1.17769,85.0,2026-04-15 11:28:00
1776252540,1.1777,1.17778,1.17766,1.17767,112.0,2026-04-15 11:29:00
1776252600,1.17768,1.17802,1.17765,1.1778,307.0,2026-04-15 11:30:00
1776252660,1.17778,1.1779,1.17776,1.17788,99.0,2026-04-15 11:31:00
1776252720,1.17789,1.17795,1.17784,1.17784,125.0,2026-04-15 11:32:00
1776252780,1.17785,1.17786,1.17782,1.17782,60.0,2026-04-15 11:33:00
1776252840,1.17782,1.17784,1.17762,1.1777,99.0,2026-04-15 11:34:00
1776252900,1.17769,1.1777,1.17755,1.17766,81.0,2026-04-15 11:35:00
1776252960,1.17764,1.17776,1.1776,1.17774,76.0,2026-04-15 11:36:00
1776253020,1.17773,1.17774,1.17756,1.17758,67.0,2026-04-15 11:37:00
1776253080,1.17758,1.17768,1.17758,1.17765,68.0,2026-04-15 11:38:00
1776253140,1.17764,1.17778,1.17764,1.17776,51.0,2026-04-15 11:39:00
1776253200,1.17777,1.17777,1.17764,1.17775,64.0,2026-04-15 11:40:00
1776253260,1.17776,1.17781,1.17764,1.17764,75.0,2026-04-15 11:41:00
1776253320,1.17765,1.1777,1.1776,1.17764,51.0,2026-04-15 11:42:00
1776253380,1.17764,1.17776,1.1776,1.1777,97.0,2026-04-15 11:43:00
1776253440,1.17772,1.17775,1.17765,1.17772,105.0,2026-04-15 11:44:00
1776253500,1.17772,1.17773,1.17766,1.1777,78.0,2026-04-15 11:45:00
1776253560,1.1777,1.17846,1.17735,1.17735,767.0,2026-04-15 11:46:00
1776253620,1.17734,1.17765,1.17732,1.17756,302.0,2026-04-15 11:47:00
1776253680,1.17758,1.17761,1.17751,1.1776,209.0,2026-04-15 11:48:00
1776253740,1.17759,1.1779,1.17759,1.17786,153.0,2026-04-15 11:49:00
1776253800,1.17785,1.17805,1.17782,1.17796,232.0,2026-04-15 11:50:00
1776253860,1.17797,1.17822,1.17797,1.17822,196.0,2026-04-15 11:51:00
1776253920,1.17821,1.17831,1.1782,1.1783,157.0,2026-04-15 11:52:00
1776253980,1.1783,1.17838,1.17826,1.17827,114.0,2026-04-15 11:53:00
1776254040,1.17826,1.1784,1.17824,1.17837,104.0,2026-04-15 11:54:00
1776254100,1.17836,1.17837,1.1782,1.17825,160.0,2026-04-15 11:55:00
1776254160,1.17824,1.17835,1.17812,1.17812,184.0,2026-04-15 11:56:00
1776254220,1.1781,1.17843,1.17807,1.17828,147.0,2026-04-15 11:57:00
1776254280,1.17827,1.17832,1.1782,1.1782,106.0,2026-04-15 11:58:00
1776254340,1.1782,1.17836,1.17816,1.1783,140.0,2026-04-15 11:59:00
1776254400,1.1783,1.17836,1.17826,1.17836,151.0,2026-04-15 12:00:00
1776254460,1.17837,1.1784,1.17816,1.17832,227.0,2026-04-15 12:01:00
1776254520,1.17833,1.17845,1.1782,1.17842,228.0,2026-04-15 12:02:00
1776254580,1.17841,1.17843,1.17814,1.17818,162.0,2026-04-15 12:03:00
1776254640,1.1782,1.1783,1.17818,1.17825,127.0,2026-04-15 12:04:00
1776254700,1.17823,1.17825,1.17786,1.17798,330.0,2026-04-15 12:05:00
1776254760,1.17798,1.17816,1.17798,1.1781,224.0,2026-04-15 12:06:00
1776254820,1.17811,1.17817,1.17802,1.17807,130.0,2026-04-15 12:07:00
1776254880,1.1781,1.17822,1.1781,1.1782,128.0,2026-04-15 12:08:00
1776254940,1.17819,1.17819,1.17794,1.17798,104.0,2026-04-15 12:09:00
1776255000,1.17797,1.178,1.17791,1.17794,103.0,2026-04-15 12:10:00
1776255060,1.17795,1.17802,1.17776,1.17776,105.0,2026-04-15 12:11:00
1776255120,1.17775,1.17783,1.17772,1.17782,110.0,2026-04-15 12:12:00
1776255180,1.17781,1.17781,1.17774,1.1778,141.0,2026-04-15 12:13:00
1776255240,1.1778,1.17792,1.17778,1.17786,144.0,2026-04-15 12:14:00
1776255300,1.17785,1.1779,1.17782,1.17784,116.0,2026-04-15 12:15:00
1776255360,1.17785,1.178,1.17784,1.178,93.0,2026-04-15 12:16:00
1776255420,1.17799,1.17803,1.17794,1.178,131.0,2026-04-15 12:17:00
1776255480,1.17801,1.17823,1.17799,1.17823,104.0,2026-04-15 12:18:00
1776255540,1.17824,1.17842,1.1782,1.17836,131.0,2026-04-15 12:19:00
1776255600,1.17836,1.17836,1.17808,1.17808,115.0,2026-04-15 12:20:00
1776255660,1.17808,1.1783,1.17808,1.17824,143.0,2026-04-15 12:21:00
1776255720,1.17823,1.17826,1.17816,1.17824,100.0,2026-04-15 12:22:00
1776255780,1.17825,1.17828,1.17816,1.17817,58.0,2026-04-15 12:23:00
1776255840,1.1782,1.17844,1.17819,1.17837,134.0,2026-04-15 12:24:00
1776255900,1.17836,1.17846,1.17828,1.17836,160.0,2026-04-15 12:25:00
1776255960,1.17836,1.17836,1.17824,1.1783,83.0,2026-04-15 12:26:00
1776256020,1.1783,1.17831,1.17823,1.17826,88.0,2026-04-15 12:27:00
1776256080,1.17826,1.1784,1.17826,1.1784,42.0,2026-04-15 12:28:00
1776256140,1.17839,1.17846,1.17837,1.17841,148.0,2026-04-15 12:29:00
1776256200,1.1784,1.17865,1.17839,1.17862,172.0,2026-04-15 12:30:00
1776256260,1.1786,1.1787,1.17856,1.17862,97.0,2026-04-15 12:31:00
1776256320,1.17861,1.17881,1.1786,1.17872,66.0,2026-04-15 12:32:00
1776256380,1.17872,1.17882,1.1787,1.17876,89.0,2026-04-15 12:33:00
1776256440,1.17875,1.1788,1.17866,1.17866,71.0,2026-04-15 12:34:00
1776256500,1.17866,1.17871,1.17862,1.17862,67.0,2026-04-15 12:35:00
1776256560,1.17863,1.17866,1.17852,1.17854,59.0,2026-04-15 12:36:00
1776256620,1.17854,1.17862,1.17843,1.17844,77.0,2026-04-15 12:37:00
1776256680,1.17843,1.17858,1.17834,1.17839,144.0,2026-04-15 12:38:00
1776256740,1.1784,1.17844,1.17835,1.17839,78.0,2026-04-15 12:39:00
1776256800,1.17838,1.17839,1.1782,1.17831,94.0,2026-04-15 12:40:00
1776256860,1.1783,1.1784,1.17826,1.17831,85.0,2026-04-15 12:41:00
1776256920,1.1783,1.17832,1.17798,1.17803,77.0,2026-04-15 12:42:00
1776256980,1.17803,1.17815,1.178,1.1781,80.0,2026-04-15 12:43:00
1776257040,1.17808,1.17814,1.17802,1.17812,93.0,2026-04-15 12:44:00
1776257100,1.17812,1.17815,1.17801,1.17808,89.0,2026-04-15 12:45:00
1776257160,1.17807,1.17807,1.1779,1.17803,99.0,2026-04-15 12:46:00
1776257220,1.17802,1.17808,1.178,1.17801,74.0,2026-04-15 12:47:00
1776257280,1.178,1.17837,1.178,1.17836,123.0,2026-04-15 12:48:00
1776257340,1.17834,1.1786,1.17834,1.17859,171.0,2026-04-15 12:49:00
1776257400,1.1786,1.17864,1.17841,1.17842,78.0,2026-04-15 12:50:00
1776257460,1.17841,1.17858,1.17838,1.17857,94.0,2026-04-15 12:51:00
1776257520,1.17856,1.17876,1.17851,1.17876,103.0,2026-04-15 12:52:00
1776257580,1.17874,1.17877,1.17856,1.17858,112.0,2026-04-15 12:53:00
1776257640,1.17857,1.17883,1.17857,1.17882,175.0,2026-04-15 12:54:00
1776257700,1.17882,1.17908,1.17882,1.17897,232.0,2026-04-15 12:55:00
1776257760,1.17895,1.1793,1.17893,1.179,251.0,2026-04-15 12:56:00
1776257820,1.17899,1.17916,1.17896,1.17904,163.0,2026-04-15 12:57:00
1776257880,1.17904,1.17906,1.17889,1.17891,135.0,2026-04-15 12:58:00
1776257940,1.17892,1.17892,1.17878,1.17882,111.0,2026-04-15 12:59:00
1776258000,1.17881,1.17894,1.1788,1.1788,206.0,2026-04-15 13:00:00
1776258060,1.1788,1.1789,1.1788,1.17884,122.0,2026-04-15 13:01:00
1776258120,1.17884,1.17892,1.17874,1.17891,105.0,2026-04-15 13:02:00
1776258180,1.17894,1.1791,1.17894,1.17902,120.0,2026-04-15 13:03:00
1776258240,1.17902,1.17911,1.179,1.17907,97.0,2026-04-15 13:04:00
1776258300,1.17906,1.17906,1.17895,1.17897,97.0,2026-04-15 13:05:00
1776258360,1.17898,1.17909,1.17894,1.17896,122.0,2026-04-15 13:06:00
1776258420,1.17896,1.17902,1.17895,1.179,129.0,2026-04-15 13:07:00
1776258480,1.17898,1.17901,1.17875,1.17891,129.0,2026-04-15 13:08:00
1776258540,1.17892,1.17898,1.17884,1.17885,145.0,2026-04-15 13:09:00
1776258600,1.17883,1.17884,1.17866,1.17871,171.0,2026-04-15 13:10:00
1776258660,1.17871,1.17871,1.1786,1.17869,126.0,2026-04-15 13:11:00
1776258720,1.1787,1.17871,1.17854,1.17856,103.0,2026-04-15 13:12:00
1776258780,1.17856,1.17875,1.17855,1.17874,113.0,2026-04-15 13:13:00
1776258840,1.17876,1.17881,1.17864,1.17877,132.0,2026-04-15 13:14:00
1776258900,1.17876,1.17886,1.17866,1.1787,141.0,2026-04-15 13:15:00
1776258960,1.1787,1.1788,1.1787,1.17876,114.0,2026-04-15 13:16:00
1776259020,1.17875,1.17876,1.17865,1.17865,93.0,2026-04-15 13:17:00
1776259080,1.17865,1.17884,1.17865,1.1788,92.0,2026-04-15 13:18:00
1776259140,1.17881,1.17889,1.17877,1.17883,106.0,2026-04-15 13:19:00
1776259200,1.17884,1.17902,1.17884,1.17902,134.0,2026-04-15 13:20:00
1776259260,1.17903,1.1793,1.17903,1.17922,171.0,2026-04-15 13:21:00
1776259320,1.1792,1.17922,1.17912,1.17916,200.0,2026-04-15 13:22:00
1776259380,1.17916,1.1793,1.17913,1.17928,175.0,2026-04-15 13:23:00
1776259440,1.17928,1.17936,1.17922,1.17928,168.0,2026-04-15 13:24:00
1776259500,1.17927,1.17945,1.17921,1.17939,166.0,2026-04-15 13:25:00
1776259560,1.17938,1.1794,1.17924,1.17926,108.0,2026-04-15 13:26:00
1776259620,1.17927,1.1793,1.17922,1.17927,119.0,2026-04-15 13:27:00
1776259680,1.17926,1.17956,1.17926,1.17952,126.0,2026-04-15 13:28:00
1776259740,1.17952,1.17968,1.17943,1.17962,154.0,2026-04-15 13:29:00
1776259800,1.17962,1.1797,1.17957,1.17962,214.0,2026-04-15 13:30:00
1776259860,1.1796,1.17975,1.17944,1.1795,231.0,2026-04-15 13:31:00
1776259920,1.17949,1.17962,1.17949,1.17958,167.0,2026-04-15 13:32:00
1776259980,1.17957,1.17962,1.17948,1.17953,129.0,2026-04-15 13:33:00
1776260040,1.17952,1.17957,1.17928,1.17936,173.0,2026-04-15 13:34:00
1776260100,1.17936,1.17952,1.17908,1.17919,268.0,2026-04-15 13:35:00
1776260160,1.17919,1.17928,1.1791,1.1792,216.0,2026-04-15 13:36:00
1776260220,1.1792,1.17924,1.17906,1.17916,222.0,2026-04-15 13:37:00
1776260280,1.17914,1.17927,1.17912,1.17922,150.0,2026-04-15 13:38:00
1776260340,1.17923,1.17928,1.17914,1.17918,158.0,2026-04-15 13:39:00
1776260400,1.17918,1.17919,1.17892,1.17902,174.0,2026-04-15 13:40:00
1776260460,1.17903,1.17903,1.17886,1.17888,135.0,2026-04-15 13:41:00
1776260520,1.17888,1.17888,1.1787,1.1788,145.0,2026-04-15 13:42:00
1776260580,1.17878,1.17884,1.17848,1.17849,205.0,2026-04-15 13:43:00
1776260640,1.1785,1.17862,1.17844,1.17849,228.0,2026-04-15 13:44:00
1776260700,1.17848,1.17859,1.17847,1.17851,161.0,2026-04-15 13:45:00
1776260760,1.1785,1.17861,1.17846,1.17858,148.0,2026-04-15 13:46:00
1776260820,1.17859,1.17864,1.17842,1.17854,152.0,2026-04-15 13:47:00
1776260880,1.17854,1.17874,1.17854,1.17858,162.0,2026-04-15 13:48:00
1776260940,1.17859,1.17886,1.17859,1.17881,146.0,2026-04-15 13:49:00
1776261000,1.17882,1.17892,1.1787,1.17885,217.0,2026-04-15 13:50:00
1776261060,1.17886,1.17886,1.17872,1.17878,174.0,2026-04-15 13:51:00
1776261120,1.17877,1.17878,1.17852,1.17858,164.0,2026-04-15 13:52:00
1776261180,1.17856,1.17856,1.17846,1.1785,148.0,2026-04-15 13:53:00
1776261240,1.1785,1.17857,1.17846,1.17854,136.0,2026-04-15 13:54:00
1776261300,1.17856,1.17871,1.17856,1.17866,172.0,2026-04-15 13:55:00
1776261360,1.17866,1.17868,1.17858,1.17866,162.0,2026-04-15 13:56:00
1776261420,1.17864,1.17884,1.17863,1.1788,112.0,2026-04-15 13:57:00
1776261480,1.17878,1.17886,1.17872,1.17879,97.0,2026-04-15 13:58:00
1776261540,1.1788,1.17884,1.17875,1.1788,83.0,2026-04-15 13:59:00
1776261600,1.17881,1.17894,1.17862,1.17864,219.0,2026-04-15 14:00:00
1776261660,1.17864,1.17864,1.17844,1.17856,167.0,2026-04-15 14:01:00
1776261720,1.17858,1.17866,1.17852,1.17866,205.0,2026-04-15 14:02:00
1776261780,1.17868,1.17886,1.17864,1.17884,178.0,2026-04-15 14:03:00
1776261840,1.17884,1.17902,1.1788,1.179,221.0,2026-04-15 14:04:00
1776261900,1.17901,1.17918,1.17894,1.17916,223.0,2026-04-15 14:05:00
1776261960,1.17914,1.17924,1.17904,1.17921,178.0,2026-04-15 14:06:00
1776262020,1.17918,1.17926,1.17906,1.17906,154.0,2026-04-15 14:07:00
1776262080,1.17906,1.17912,1.179,1.17911,113.0,2026-04-15 14:08:00
1776262140,1.17912,1.17913,1.17898,1.17906,136.0,2026-04-15 14:09:00
1776262200,1.17907,1.17908,1.17894,1.17907,132.0,2026-04-15 14:10:00
1776262260,1.17906,1.17921,1.17892,1.17905,192.0,2026-04-15 14:11:00
1776262320,1.17906,1.17912,1.179,1.17904,140.0,2026-04-15 14:12:00
1776262380,1.17904,1.1792,1.179,1.17916,167.0,2026-04-15 14:13:00
1776262440,1.17917,1.17922,1.1791,1.17912,62.0,2026-04-15 14:14:00
1776262500,1.17912,1.17922,1.17905,1.1792,127.0,2026-04-15 14:15:00
1776262560,1.17921,1.17936,1.17916,1.17936,113.0,2026-04-15 14:16:00
1776262620,1.17936,1.17942,1.17927,1.1793,174.0,2026-04-15 14:17:00
1776262680,1.17929,1.17938,1.17924,1.17936,128.0,2026-04-15 14:18:00
1776262740,1.17936,1.17944,1.17936,1.1794,116.0,2026-04-15 14:19:00
1776262800,1.1794,1.17955,1.1794,1.17953,161.0,2026-04-15 14:20:00
1776262860,1.17954,1.17954,1.17935,1.17944,154.0,2026-04-15 14:21:00
1776262920,1.17944,1.17946,1.17936,1.17937,105.0,2026-04-15 14:22:00
1776262980,1.17938,1.17946,1.1793,1.17945,130.0,2026-04-15 14:23:00
1776263040,1.17946,1.17964,1.17938,1.17942,316.0,2026-04-15 14:24:00
1776263100,1.17942,1.17964,1.1794,1.17961,265.0,2026-04-15 14:25:00
1776263160,1.1796,1.17972,1.17958,1.1797,159.0,2026-04-15 14:26:00
1776263220,1.17971,1.17984,1.17965,1.17981,204.0,2026-04-15 14:27:00
1776263280,1.17981,1.17989,1.17968,1.17986,224.0,2026-04-15 14:28:00
1776263340,1.17986,1.17995,1.17984,1.17995,115.0,2026-04-15 14:29:00
1776263400,1.17996,1.18003,1.17968,1.1797,255.0,2026-04-15 14:30:00
1776263460,1.17972,1.17986,1.17966,1.17986,191.0,2026-04-15 14:31:00
1776263520,1.17986,1.17992,1.17974,1.17984,154.0,2026-04-15 14:32:00
1776263580,1.17984,1.17984,1.17962,1.17965,124.0,2026-04-15 14:33:00
1776263640,1.17966,1.17966,1.17944,1.17944,125.0,2026-04-15 14:34:00
1776263700,1.17944,1.17952,1.17934,1.17944,156.0,2026-04-15 14:35:00
1776263760,1.17946,1.17948,1.17928,1.17942,136.0,2026-04-15 14:36:00
1776263820,1.17943,1.17954,1.17935,1.17952,146.0,2026-04-15 14:37:00
1776263880,1.1795,1.17953,1.17933,1.17938,168.0,2026-04-15 14:38:00
1776263940,1.17938,1.17938,1.17921,1.17925,164.0,2026-04-15 14:39:00
1776264000,1.17926,1.17944,1.17925,1.17941,171.0,2026-04-15 14:40:00
1776264060,1.17942,1.17961,1.17942,1.1795,110.0,2026-04-15 14:41:00
1776264120,1.1795,1.17953,1.17936,1.17944,185.0,2026-04-15 14:42:00
1776264180,1.17944,1.17959,1.1794,1.17956,127.0,2026-04-15 14:43:00
1776264240,1.17956,1.17962,1.17955,1.17961,125.0,2026-04-15 14:44:00
1776264300,1.17962,1.17966,1.17946,1.17951,127.0,2026-04-15 14:45:00
1776264360,1.17952,1.17954,1.17946,1.17948,137.0,2026-04-15 14:46:00
1776264420,1.1795,1.17952,1.1794,1.17945,162.0,2026-04-15 14:47:00
1776264480,1.17946,1.17976,1.17946,1.17973,151.0,2026-04-15 14:48:00
1776264540,1.17974,1.17976,1.1797,1.17972,140.0,2026-04-15 14:49:00
1776264600,1.17974,1.17984,1.1797,1.17978,129.0,2026-04-15 14:50:00
1776264660,1.17978,1.17979,1.17963,1.17966,183.0,2026-04-15 14:51:00
1776264720,1.17967,1.1797,1.17956,1.17966,165.0,2026-04-15 14:52:00
1776264780,1.17964,1.17964,1.17942,1.17942,270.0,2026-04-15 14:53:00
1776264840,1.17943,1.17952,1.17938,1.17944,270.0,2026-04-15 14:54:00
1776264900,1.17943,1.17974,1.17942,1.17968,221.0,2026-04-15 14:55:00
1776264960,1.17966,1.17978,1.17963,1.17977,211.0,2026-04-15 14:56:00
1776265020,1.17976,1.17988,1.17972,1.17976,246.0,2026-04-15 14:57:00
1776265080,1.17977,1.17978,1.1797,1.17972,220.0,2026-04-15 14:58:00
1776265140,1.17971,1.17978,1.17966,1.17967,209.0,2026-04-15 14:59:00
1776265200,1.17966,1.17976,1.17966,1.17968,123.0,2026-04-15 15:00:00
1776265260,1.17966,1.17978,1.17962,1.17971,206.0,2026-04-15 15:01:00
1776265320,1.1797,1.17978,1.17954,1.17966,180.0,2026-04-15 15:02:00
1776265380,1.17964,1.17969,1.17946,1.17964,187.0,2026-04-15 15:03:00
1776265440,1.17964,1.17966,1.17948,1.17956,191.0,2026-04-15 15:04:00
1776265500,1.17955,1.17977,1.17955,1.17976,166.0,2026-04-15 15:05:00
1776265560,1.17974,1.17974,1.17954,1.17972,160.0,2026-04-15 15:06:00
1776265620,1.17974,1.1799,1.17974,1.17988,171.0,2026-04-15 15:07:00
1776265680,1.17989,1.18004,1.17988,1.18001,144.0,2026-04-15 15:08:00
1776265740,1.18002,1.18008,1.17986,1.17992,186.0,2026-04-15 15:09:00
1776265800,1.17991,1.17996,1.17985,1.17994,147.0,2026-04-15 15:10:00
1776265860,1.17995,1.17996,1.1798,1.17982,127.0,2026-04-15 15:11:00
1776265920,1.17982,1.18025,1.17978,1.18022,518.0,2026-04-15 15:12:00
1776265980,1.18022,1.18028,1.18014,1.18017,214.0,2026-04-15 15:13:00
1776266040,1.18017,1.18024,1.18008,1.18016,162.0,2026-04-15 15:14:00
1776266100,1.18015,1.1802,1.18006,1.1801,177.0,2026-04-15 15:15:00
1776266160,1.1801,1.18014,1.17999,1.1801,137.0,2026-04-15 15:16:00
1776266220,1.18009,1.18012,1.17992,1.18011,201.0,2026-04-15 15:17:00
1776266280,1.1801,1.18032,1.17998,1.18027,182.0,2026-04-15 15:18:00
1776266340,1.18028,1.18047,1.18028,1.18042,206.0,2026-04-15 15:19:00
1776266400,1.18041,1.18047,1.18038,1.18046,177.0,2026-04-15 15:20:00
1776266460,1.18046,1.18054,1.18046,1.18049,89.0,2026-04-15 15:21:00
1776266520,1.18048,1.1806,1.18038,1.18057,196.0,2026-04-15 15:22:00
1776266580,1.18058,1.18062,1.18044,1.18046,200.0,2026-04-15 15:23:00
1776266640,1.18044,1.18056,1.18044,1.18055,101.0,2026-04-15 15:24:00
1776266700,1.18054,1.1808,1.18054,1.18072,113.0,2026-04-15 15:25:00
1776266760,1.18071,1.18076,1.1807,1.18075,104.0,2026-04-15 15:26:00
1776266820,1.18078,1.18078,1.18066,1.18066,71.0,2026-04-15 15:27:00
1776266880,1.18066,1.18071,1.18054,1.18054,104.0,2026-04-15 15:28:00
1776266940,1.18056,1.18056,1.18041,1.18041,96.0,2026-04-15 15:29:00
1776267000,1.1804,1.1804,1.1801,1.1801,177.0,2026-04-15 15:30:00
1776267060,1.1801,1.1801,1.1798,1.18,287.0,2026-04-15 15:31:00
1776267120,1.18,1.1802,1.18,1.18018,184.0,2026-04-15 15:32:00
1776267180,1.18019,1.18024,1.18015,1.18017,132.0,2026-04-15 15:33:00
1776267240,1.18016,1.18022,1.17994,1.17994,166.0,2026-04-15 15:34:00
1776267300,1.17996,1.18,1.17981,1.17992,121.0,2026-04-15 15:35:00
1776267360,1.17991,1.17995,1.17982,1.17986,83.0,2026-04-15 15:36:00
1776267420,1.17986,1.17995,1.17985,1.17994,88.0,2026-04-15 15:37:00
