ts,open,high,low,close,volume,datetime_utc
1483315200,1.05155,1.0523,1.04496,1.04572,0,2017-01-02 00:00:00
1483401600,1.04572,1.049,1.03406,1.04173,0,2017-01-03 00:00:00
1483488000,1.04172,1.05012,1.03899,1.04968,0,2017-01-04 00:00:00
1483574400,1.04967,1.06151,1.04824,1.06037,0,2017-01-05 00:00:00
1483660800,1.06036,1.06214,1.05249,1.05306,0,2017-01-06 00:00:00
1483833600,1.05284,1.05357,1.05257,1.05295,0,2017-01-08 00:00:00
1483920000,1.05295,1.0589,1.05108,1.05857,0,2017-01-09 00:00:00
1484006400,1.05857,1.0627,1.05508,1.05521,0,2017-01-10 00:00:00
1484092800,1.0552,1.06228,1.04537,1.0594,0,2017-01-11 00:00:00
1484179200,1.05941,1.06847,1.05714,1.06161,0,2017-01-12 00:00:00
1484265600,1.0616,1.06765,1.05962,1.06425,0,2017-01-13 00:00:00
1484438400,1.06047,1.06358,1.06047,1.06272,0,2017-01-15 00:00:00
1484524800,1.06273,1.06344,1.05793,1.06019,0,2017-01-16 00:00:00
1484611200,1.06017,1.07197,1.06007,1.0697,0,2017-01-17 00:00:00
1484697600,1.06965,1.07123,1.06244,1.06279,0,2017-01-18 00:00:00
1484784000,1.0628,1.06765,1.05892,1.0659,0,2017-01-19 00:00:00
1484870400,1.06591,1.07094,1.0625,1.06988,0,2017-01-20 00:00:00
1485043200,1.07004,1.07165,1.06935,1.07123,0,2017-01-22 00:00:00
1485129600,1.07125,1.0773,1.0706,1.07589,0,2017-01-23 00:00:00
1485216000,1.07588,1.07747,1.07203,1.07281,0,2017-01-24 00:00:00
1485302400,1.07281,1.07697,1.07112,1.07524,0,2017-01-25 00:00:00
1485388800,1.07525,1.07654,1.06576,1.06831,0,2017-01-26 00:00:00
1485475200,1.06831,1.07249,1.06581,1.06963,0,2017-01-27 00:00:00
1485648000,1.07204,1.07204,1.0708,1.07168,0,2017-01-29 00:00:00
1485734400,1.07169,1.07402,1.06201,1.07074,0,2017-01-30 00:00:00
1485820800,1.07075,1.08121,1.06848,1.08008,0,2017-01-31 00:00:00
1485907200,1.08008,1.08073,1.07316,1.07653,0,2017-02-01 00:00:00
1485993600,1.07651,1.08287,1.07556,1.07616,0,2017-02-02 00:00:00
1486080000,1.07616,1.07976,1.07069,1.07825,0,2017-02-03 00:00:00
1486252800,1.07869,1.07912,1.07778,1.07823,0,2017-02-05 00:00:00
1486339200,1.07824,1.07886,1.07055,1.07429,0,2017-02-06 00:00:00
1486425600,1.07428,1.07443,1.0656,1.06784,0,2017-02-07 00:00:00
1486512000,1.06783,1.07137,1.06406,1.06911,0,2017-02-08 00:00:00
1486598400,1.06912,1.07095,1.06508,1.06571,0,2017-02-09 00:00:00
1486684800,1.06571,1.06675,1.06076,1.06386,0,2017-02-10 00:00:00
1486857600,1.06263,1.06368,1.06173,1.06185,0,2017-02-12 00:00:00
1486944000,1.06185,1.06582,1.05919,1.05987,0,2017-02-13 00:00:00
1487030400,1.05987,1.06333,1.05607,1.05781,0,2017-02-14 00:00:00
1487116800,1.05781,1.06093,1.05213,1.06029,0,2017-02-15 00:00:00
1487203200,1.06025,1.06792,1.05998,1.0671,0,2017-02-16 00:00:00
1487289600,1.06711,1.06764,1.06051,1.06127,0,2017-02-17 00:00:00
1487462400,1.06056,1.06328,1.06056,1.06252,0,2017-02-19 00:00:00
1487548800,1.06252,1.06298,1.06031,1.06086,0,2017-02-20 00:00:00
1487635200,1.06086,1.06126,1.05256,1.05409,0,2017-02-21 00:00:00
1487721600,1.05413,1.05739,1.04937,1.05503,0,2017-02-22 00:00:00
1487808000,1.05503,1.05951,1.05375,1.05839,0,2017-02-23 00:00:00
1487894400,1.0584,1.06177,1.05563,1.05611,0,2017-02-24 00:00:00
1488067200,1.05609,1.05647,1.05516,1.05519,0,2017-02-26 00:00:00
1488153600,1.0552,1.06305,1.05513,1.05837,0,2017-02-27 00:00:00
1488240000,1.05837,1.063,1.05665,1.05689,0,2017-02-28 00:00:00
1488326400,1.05688,1.05891,1.05141,1.05357,0,2017-03-01 00:00:00
1488412800,1.05358,1.05455,1.04949,1.05067,0,2017-03-02 00:00:00
1488499200,1.05069,1.06238,1.05021,1.06205,0,2017-03-03 00:00:00
1488672000,1.06067,1.06212,1.05998,1.06206,0,2017-03-05 00:00:00
1488758400,1.06207,1.06398,1.05746,1.05788,0,2017-03-06 00:00:00
1488844800,1.05792,1.06025,1.05581,1.05692,0,2017-03-07 00:00:00
1488931200,1.05692,1.0574,1.05347,1.05445,0,2017-03-08 00:00:00
1489017600,1.05446,1.06149,1.0525,1.05795,0,2017-03-09 00:00:00
1489104000,1.05795,1.06992,1.05781,1.06731,0,2017-03-10 00:00:00
1489276800,1.06759,1.06878,1.06755,1.06791,0,2017-03-12 00:00:00
1489363200,1.0679,1.07142,1.06509,1.06519,0,2017-03-13 00:00:00
1489449600,1.06517,1.06625,1.06,1.06087,0,2017-03-14 00:00:00
1489536000,1.06089,1.07399,1.06072,1.07299,0,2017-03-15 00:00:00
1489622400,1.07303,1.07742,1.07056,1.07712,0,2017-03-16 00:00:00
1489708800,1.07713,1.07824,1.07274,1.07374,0,2017-03-17 00:00:00
1489881600,1.07314,1.07446,1.07314,1.07416,0,2017-03-19 00:00:00
1489968000,1.07416,1.07773,1.07249,1.07336,0,2017-03-20 00:00:00
1490054400,1.07338,1.08191,1.0719,1.08121,0,2017-03-21 00:00:00
1490140800,1.08121,1.08247,1.07758,1.07935,0,2017-03-22 00:00:00
1490227200,1.0794,1.08048,1.0768,1.0782,0,2017-03-23 00:00:00
1490313600,1.0782,1.08178,1.07601,1.0798,0,2017-03-24 00:00:00
1490486400,1.0836,1.08489,1.08269,1.08477,0,2017-03-26 00:00:00
1490572800,1.08479,1.09061,1.08376,1.08645,0,2017-03-27 00:00:00
1490659200,1.08645,1.08725,1.0799,1.08143,0,2017-03-28 00:00:00
1490745600,1.08142,1.08263,1.07397,1.07649,0,2017-03-29 00:00:00
1490832000,1.07647,1.07678,1.06717,1.0684,0,2017-03-30 00:00:00
1490918400,1.06841,1.07016,1.065,1.06522,0,2017-03-31 00:00:00
1491091200,1.06611,1.06716,1.06584,1.06711,0,2017-04-02 00:00:00
1491177600,1.06711,1.0681,1.06421,1.06666,0,2017-04-03 00:00:00
1491264000,1.06665,1.06851,1.06356,1.0679,0,2017-04-04 00:00:00
1491350400,1.0679,1.06889,1.06349,1.06687,0,2017-04-05 00:00:00
1491436800,1.06687,1.0684,1.06289,1.06428,0,2017-04-06 00:00:00
1491523200,1.06426,1.06662,1.05805,1.05821,0,2017-04-07 00:00:00
1491696000,1.05855,1.05884,1.05779,1.05784,0,2017-04-09 00:00:00
1491782400,1.05783,1.06066,1.05697,1.05978,0,2017-04-10 00:00:00
1491868800,1.05979,1.063,1.05785,1.06044,0,2017-04-11 00:00:00
1491955200,1.06044,1.06748,1.05887,1.06664,0,2017-04-12 00:00:00
1492041600,1.06665,1.06776,1.0609,1.06164,0,2017-04-13 00:00:00
1492128000,1.06164,1.06294,1.06055,1.06104,0,2017-04-14 00:00:00
1492300800,1.06149,1.06155,1.06024,1.06046,0,2017-04-16 00:00:00
1492387200,1.06046,1.06705,1.06041,1.06412,0,2017-04-17 00:00:00
1492473600,1.06411,1.07358,1.06372,1.07293,0,2017-04-18 00:00:00
1492560000,1.07294,1.07367,1.07,1.07153,0,2017-04-19 00:00:00
1492646400,1.07159,1.07773,1.07068,1.07146,0,2017-04-20 00:00:00
1492732800,1.07144,1.07379,1.06821,1.07238,0,2017-04-21 00:00:00
1492905600,1.09169,1.09181,1.08696,1.08838,0,2017-04-23 00:00:00
1492992000,1.08837,1.08899,1.08206,1.08673,0,2017-04-24 00:00:00
1493078400,1.08673,1.095,1.08512,1.09295,0,2017-04-25 00:00:00
1493164800,1.09294,1.09507,1.08558,1.09083,0,2017-04-26 00:00:00
1493251200,1.09083,1.09328,1.08517,1.08699,0,2017-04-27 00:00:00
1493337600,1.08697,1.09472,1.08569,1.08926,0,2017-04-28 00:00:00
1493510400,1.09097,1.09102,1.08904,1.0902,0,2017-04-30 00:00:00
1493596800,1.09022,1.09238,1.08839,1.09111,0,2017-05-01 00:00:00
1493683200,1.09112,1.0933,1.08877,1.09305,0,2017-05-02 00:00:00
1493769600,1.09304,1.09369,1.08813,1.08889,0,2017-05-03 00:00:00
1493856000,1.08887,1.0987,1.08748,1.09804,0,2017-05-04 00:00:00
1493942400,1.09805,1.09997,1.09445,1.09985,0,2017-05-05 00:00:00
1494115200,1.10173,1.10211,1.09851,1.09929,0,2017-05-07 00:00:00
1494201600,1.09929,1.09965,1.09162,1.09253,0,2017-05-08 00:00:00
1494288000,1.09258,1.09334,1.08634,1.08819,0,2017-05-09 00:00:00
1494374400,1.08824,1.08979,1.08532,1.08663,0,2017-05-10 00:00:00
1494460800,1.08663,1.08929,1.08391,1.08635,0,2017-05-11 00:00:00
1494547200,1.08635,1.09341,1.08556,1.09292,0,2017-05-12 00:00:00
1494720000,1.09286,1.09348,1.09231,1.09257,0,2017-05-14 00:00:00
1494806400,1.09256,1.09895,1.09225,1.09809,0,2017-05-15 00:00:00
1494892800,1.0981,1.10972,1.09784,1.10946,0,2017-05-16 00:00:00
1494979200,1.10946,1.117,1.10815,1.11612,0,2017-05-17 00:00:00
1495065600,1.11613,1.11717,1.10757,1.11076,0,2017-05-18 00:00:00
1495152000,1.11077,1.12119,1.10994,1.12063,0,2017-05-19 00:00:00
1495324800,1.11932,1.12078,1.11932,1.12064,0,2017-05-21 00:00:00
1495411200,1.12064,1.12633,1.11614,1.12386,0,2017-05-22 00:00:00
1495497600,1.12386,1.12682,1.11751,1.11872,0,2017-05-23 00:00:00
1495584000,1.11872,1.12231,1.11684,1.1217,0,2017-05-24 00:00:00
1495670400,1.12172,1.12502,1.11936,1.12124,0,2017-05-25 00:00:00
1495756800,1.12125,1.12344,1.11605,1.11809,0,2017-05-26 00:00:00
1495929600,1.11716,1.11826,1.11693,1.11825,0,2017-05-28 00:00:00
1496016000,1.1183,1.11898,1.11348,1.11382,0,2017-05-29 00:00:00
1496102400,1.11382,1.1205,1.11096,1.11732,0,2017-05-30 00:00:00
1496188800,1.11734,1.1252,1.11645,1.12384,0,2017-05-31 00:00:00
1496275200,1.12385,1.12565,1.1202,1.12185,0,2017-06-01 00:00:00
1496361600,1.12189,1.1285,1.12049,1.12809,0,2017-06-02 00:00:00
1496534400,1.12704,1.12837,1.12704,1.12788,0,2017-06-04 00:00:00
1496620800,1.12789,1.12808,1.12341,1.12579,0,2017-06-05 00:00:00
1496707200,1.1258,1.12837,1.12404,1.12778,0,2017-06-06 00:00:00
1496793600,1.1278,1.12821,1.12039,1.12578,0,2017-06-07 00:00:00
1496880000,1.12579,1.12689,1.11946,1.12032,0,2017-06-08 00:00:00
1496966400,1.12032,1.12156,1.11663,1.11941,0,2017-06-09 00:00:00
1497139200,1.12058,1.12094,1.12026,1.12035,0,2017-06-11 00:00:00
1497225600,1.12038,1.1232,1.11918,1.12016,0,2017-06-12 00:00:00
1497312000,1.12015,1.12249,1.11852,1.12082,0,2017-06-13 00:00:00
1497398400,1.12084,1.12957,1.11931,1.12096,0,2017-06-14 00:00:00
1497484800,1.12096,1.12285,1.11319,1.1146,0,2017-06-15 00:00:00
1497571200,1.11461,1.12015,1.11384,1.11948,0,2017-06-16 00:00:00
1497744000,1.12072,1.12081,1.11948,1.12037,0,2017-06-18 00:00:00
1497830400,1.12038,1.12127,1.1143,1.11514,0,2017-06-19 00:00:00
1497916800,1.11514,1.11649,1.11187,1.11347,0,2017-06-20 00:00:00
1498003200,1.1135,1.11688,1.11274,1.11666,0,2017-06-21 00:00:00
1498089600,1.11666,1.11779,1.11393,1.11496,0,2017-06-22 00:00:00
1498176000,1.11496,1.12088,1.11451,1.11926,0,2017-06-23 00:00:00
1498348800,1.11979,1.11989,1.11885,1.11964,0,2017-06-25 00:00:00
1498435200,1.11964,1.12198,1.11717,1.11803,0,2017-06-26 00:00:00
1498521600,1.11803,1.13493,1.11789,1.1343,0,2017-06-27 00:00:00
1498608000,1.1343,1.13905,1.12914,1.13773,0,2017-06-28 00:00:00
1498694400,1.13773,1.14453,1.13766,1.14426,0,2017-06-29 00:00:00
1498780800,1.14424,1.14442,1.13921,1.14257,0,2017-06-30 00:00:00
1498953600,1.14168,1.14265,1.14159,1.14249,0,2017-07-02 00:00:00
1499040000,1.14247,1.14257,1.13551,1.13667,0,2017-07-03 00:00:00
1499126400,1.13669,1.1377,1.13363,1.1353,0,2017-07-04 00:00:00
1499212800,1.1353,1.13685,1.13122,1.13531,0,2017-07-05 00:00:00
1499299200,1.1353,1.14245,1.13298,1.1422,0,2017-07-06 00:00:00
1499385600,1.1422,1.14399,1.13796,1.13982,0,2017-07-07 00:00:00
1499558400,1.13976,1.14022,1.13918,1.13996,0,2017-07-09 00:00:00
1499644800,1.13999,1.14179,1.13816,1.13962,0,2017-07-10 00:00:00
1499731200,1.13963,1.14797,1.13827,1.14714,0,2017-07-11 00:00:00
1499817600,1.14693,1.14893,1.13916,1.1416,0,2017-07-12 00:00:00
1499904000,1.14161,1.14559,1.13705,1.13953,0,2017-07-13 00:00:00
1499990400,1.13953,1.14716,1.13914,1.14681,0,2017-07-14 00:00:00
1500163200,1.14705,1.14744,1.14644,1.14697,0,2017-07-16 00:00:00
1500249600,1.14696,1.1487,1.14346,1.14767,0,2017-07-17 00:00:00
1500336000,1.14767,1.15831,1.14715,1.15503,0,2017-07-18 00:00:00
1500422400,1.15504,1.15534,1.15099,1.15273,0,2017-07-19 00:00:00
1500508800,1.15273,1.16579,1.14791,1.16274,0,2017-07-20 00:00:00
1500595200,1.16274,1.16829,1.16189,1.16597,0,2017-07-21 00:00:00
1500768000,1.1663,1.16739,1.16627,1.16726,0,2017-07-23 00:00:00
1500854400,1.16727,1.16841,1.16259,1.16372,0,2017-07-24 00:00:00
1500940800,1.16372,1.1712,1.16307,1.16462,0,2017-07-25 00:00:00
1501027200,1.16465,1.17474,1.16129,1.17342,0,2017-07-26 00:00:00
1501113600,1.17344,1.17765,1.165,1.16841,0,2017-07-27 00:00:00
1501200000,1.16841,1.17638,1.1671,1.1747,0,2017-07-28 00:00:00
1501372800,1.17457,1.17622,1.17457,1.17594,0,2017-07-30 00:00:00
1501459200,1.17597,1.18455,1.1723,1.1831,0,2017-07-31 00:00:00
1501545600,1.18308,1.18388,1.1785,1.18053,0,2017-08-01 00:00:00
1501632000,1.18053,1.19101,1.17935,1.18511,0,2017-08-02 00:00:00
1501718400,1.18511,1.18931,1.18305,1.18773,0,2017-08-03 00:00:00
1501804800,1.18773,1.1889,1.17281,1.17716,0,2017-08-04 00:00:00
1501977600,1.17712,1.17928,1.17697,1.17858,0,2017-08-06 00:00:00
1502064000,1.17859,1.18141,1.17766,1.17919,0,2017-08-07 00:00:00
1502150400,1.1792,1.18237,1.17151,1.1759,0,2017-08-08 00:00:00
1502236800,1.1759,1.17697,1.16888,1.17627,0,2017-08-09 00:00:00
1502323200,1.17623,1.17848,1.1704,1.17654,0,2017-08-10 00:00:00
1502409600,1.17653,1.18468,1.17486,1.18197,0,2017-08-11 00:00:00
1502582400,1.18207,1.18276,1.18187,1.18212,0,2017-08-13 00:00:00
1502668800,1.1821,1.18382,1.177,1.17781,0,2017-08-14 00:00:00
1502755200,1.17781,1.17927,1.16871,1.17371,0,2017-08-15 00:00:00
1502841600,1.17374,1.17793,1.16816,1.17775,0,2017-08-16 00:00:00
1502928000,1.17774,1.17897,1.1662,1.17265,0,2017-08-17 00:00:00
1503014400,1.17265,1.17744,1.17083,1.17574,0,2017-08-18 00:00:00
1503187200,1.17549,1.17615,1.17532,1.17537,0,2017-08-20 00:00:00
1503273600,1.17537,1.18279,1.17312,1.18089,0,2017-08-21 00:00:00
1503360000,1.1809,1.18241,1.1745,1.17643,0,2017-08-22 00:00:00
1503446400,1.17643,1.18231,1.17399,1.1811,0,2017-08-23 00:00:00
1503532800,1.18109,1.18176,1.1784,1.18034,0,2017-08-24 00:00:00
1503619200,1.18035,1.19413,1.17733,1.19213,0,2017-08-25 00:00:00
1503792000,1.19422,1.19578,1.19395,1.19518,0,2017-08-27 00:00:00
1503878400,1.19518,1.19856,1.19169,1.19673,0,2017-08-28 00:00:00
1503964800,1.19677,1.207,1.19459,1.19741,0,2017-08-29 00:00:00
1504051200,1.19743,1.19842,1.18804,1.18958,0,2017-08-30 00:00:00
1504137600,1.18959,1.19226,1.1823,1.19128,0,2017-08-31 00:00:00
1504224000,1.19127,1.19795,1.18496,1.18602,0,2017-09-01 00:00:00
1504396800,1.18798,1.18841,1.18729,1.18783,0,2017-09-03 00:00:00
1504483200,1.18785,1.19219,1.18772,1.18978,0,2017-09-04 00:00:00
1504569600,1.1898,1.19405,1.18681,1.19203,0,2017-09-05 00:00:00
1504656000,1.19204,1.19501,1.19027,1.19252,0,2017-09-06 00:00:00
1504742400,1.19252,1.20591,1.19139,1.20185,0,2017-09-07 00:00:00
1504828800,1.20186,1.2092,1.20145,1.20333,0,2017-09-08 00:00:00
1505001600,1.20164,1.2025,1.2012,1.20185,0,2017-09-10 00:00:00
1505088000,1.20185,1.20294,1.19478,1.19623,0,2017-09-11 00:00:00
1505174400,1.19621,1.19781,1.19262,1.19718,0,2017-09-12 00:00:00
1505260800,1.19717,1.19946,1.1873,1.18934,0,2017-09-13 00:00:00
1505347200,1.18933,1.19227,1.18379,1.19185,0,2017-09-14 00:00:00
1505433600,1.19185,1.1987,1.19007,1.19427,0,2017-09-15 00:00:00
1505606400,1.19194,1.19499,1.19174,1.19424,0,2017-09-17 00:00:00
1505692800,1.19424,1.19691,1.19149,1.19564,0,2017-09-18 00:00:00
1505779200,1.19564,1.20066,1.19541,1.19942,0,2017-09-19 00:00:00
1505865600,1.19943,1.20329,1.18612,1.18894,0,2017-09-20 00:00:00
1505952000,1.18895,1.19536,1.18655,1.19405,0,2017-09-21 00:00:00
1506038400,1.19404,1.20044,1.1937,1.19466,0,2017-09-22 00:00:00
1506211200,1.1897,1.19247,1.18963,1.19221,0,2017-09-24 00:00:00
1506297600,1.1922,1.19364,1.18321,1.18552,0,2017-09-25 00:00:00
1506384000,1.18554,1.18614,1.17572,1.17897,0,2017-09-26 00:00:00
1506470400,1.17897,1.17949,1.1717,1.17418,0,2017-09-27 00:00:00
1506556800,1.17423,1.1804,1.17211,1.17805,0,2017-09-28 00:00:00
1506643200,1.17805,1.18323,1.17724,1.18121,0,2017-09-29 00:00:00
1506816000,1.17903,1.18147,1.17903,1.18109,0,2017-10-01 00:00:00
1506902400,1.18109,1.18114,1.173,1.17389,0,2017-10-02 00:00:00
1506988800,1.1739,1.17733,1.16959,1.1743,0,2017-10-03 00:00:00
1507075200,1.17431,1.17875,1.17415,1.17606,0,2017-10-04 00:00:00
1507161600,1.17605,1.17787,1.1699,1.17103,0,2017-10-05 00:00:00
1507248000,1.17102,1.17386,1.16691,1.17281,0,2017-10-06 00:00:00
1507420800,1.17271,1.17417,1.17271,1.17388,0,2017-10-08 00:00:00
1507507200,1.1739,1.17558,1.17195,1.17409,0,2017-10-09 00:00:00
1507593600,1.1741,1.18254,1.17399,1.18105,0,2017-10-10 00:00:00
1507680000,1.18104,1.18691,1.17951,1.18627,0,2017-10-11 00:00:00
1507766400,1.18628,1.18796,1.18258,1.18343,0,2017-10-12 00:00:00
1507852800,1.18344,1.18746,1.18052,1.18189,0,2017-10-13 00:00:00
1508025600,1.18101,1.18182,1.18062,1.18066,0,2017-10-15 00:00:00
1508112000,1.18066,1.18196,1.17805,1.17919,0,2017-10-16 00:00:00
1508198400,1.1792,1.17948,1.17359,1.1768,0,2017-10-17 00:00:00
1508284800,1.17683,1.18053,1.17301,1.17949,0,2017-10-18 00:00:00
1508371200,1.17952,1.18579,1.17679,1.18466,0,2017-10-19 00:00:00
1508457600,1.18467,1.18578,1.17624,1.17837,0,2017-10-20 00:00:00
1508630400,1.17622,1.1774,1.17609,1.17614,0,2017-10-22 00:00:00
1508716800,1.1762,1.17773,1.17249,1.17492,0,2017-10-23 00:00:00
1508803200,1.17492,1.17926,1.17427,1.17642,0,2017-10-24 00:00:00
1508889600,1.17642,1.18177,1.17529,1.18151,0,2017-10-25 00:00:00
1508976000,1.1815,1.18366,1.16405,1.16458,0,2017-10-26 00:00:00
1509062400,1.16456,1.16456,1.15743,1.16059,0,2017-10-27 00:00:00
1509235200,1.16071,1.16153,1.15937,1.15948,0,2017-10-29 00:00:00
1509321600,1.15946,1.16577,1.15946,1.1643,0,2017-10-30 00:00:00
1509408000,1.16431,1.16612,1.1625,1.16492,0,2017-10-31 00:00:00
1509494400,1.16493,1.1657,1.16062,1.16183,0,2017-11-01 00:00:00
1509580800,1.16184,1.16872,1.16174,1.16569,0,2017-11-02 00:00:00
1509667200,1.16569,1.16902,1.1599,1.16055,0,2017-11-03 00:00:00
1509840000,1.16134,1.1618,1.16034,1.16148,0,2017-11-05 00:00:00
1509926400,1.16148,1.16237,1.15802,1.16112,0,2017-11-06 00:00:00
1510012800,1.16111,1.16153,1.15541,1.16008,0,2017-11-07 00:00:00
1510099200,1.16007,1.1611,1.1579,1.15951,0,2017-11-08 00:00:00
1510185600,1.15953,1.16546,1.15855,1.16463,0,2017-11-09 00:00:00
1510272000,1.16461,1.16777,1.16228,1.16624,0,2017-11-10 00:00:00
1510444800,1.16559,1.16647,1.1655,1.16607,0,2017-11-12 00:00:00
1510531200,1.16608,1.1675,1.16373,1.16646,0,2017-11-13 00:00:00
1510617600,1.16646,1.18048,1.16625,1.17906,0,2017-11-14 00:00:00
1510704000,1.17908,1.18606,1.17679,1.17826,0,2017-11-15 00:00:00
1510790400,1.17828,1.18007,1.1757,1.17781,0,2017-11-16 00:00:00
1510876800,1.17782,1.18216,1.17738,1.17895,0,2017-11-17 00:00:00
1511049600,1.17852,1.17969,1.17222,1.17342,0,2017-11-19 00:00:00
1511136000,1.17342,1.18086,1.17251,1.17372,0,2017-11-20 00:00:00
1511222400,1.17371,1.17575,1.1713,1.17415,0,2017-11-21 00:00:00
1511308800,1.17412,1.18268,1.17348,1.18146,0,2017-11-22 00:00:00
1511395200,1.18146,1.18558,1.1813,1.18502,0,2017-11-23 00:00:00
1511481600,1.18501,1.19441,1.18367,1.19304,0,2017-11-24 00:00:00
1511654400,1.19244,1.19359,1.19235,1.19273,0,2017-11-26 00:00:00
1511740800,1.19275,1.19611,1.18902,1.19041,0,2017-11-27 00:00:00
1511827200,1.19039,1.19199,1.18269,1.18488,0,2017-11-28 00:00:00
1511913600,1.18491,1.18827,1.18168,1.1852,0,2017-11-29 00:00:00
1512000000,1.18518,1.19313,1.18088,1.18979,0,2017-11-30 00:00:00
1512086400,1.1898,1.19402,1.18508,1.1894,0,2017-12-01 00:00:00
1512259200,1.18604,1.18749,1.18563,1.18565,0,2017-12-03 00:00:00
1512345600,1.18566,1.18785,1.18291,1.18676,0,2017-12-04 00:00:00
1512432000,1.18677,1.18767,1.18007,1.18305,0,2017-12-05 00:00:00
1512518400,1.18304,1.18478,1.17805,1.1804,0,2017-12-06 00:00:00
1512604800,1.18041,1.18145,1.17711,1.17726,0,2017-12-07 00:00:00
1512691200,1.17724,1.17744,1.173,1.17705,0,2017-12-08 00:00:00
1512864000,1.17635,1.17716,1.17622,1.17676,0,2017-12-10 00:00:00
1512950400,1.17675,1.18115,1.17642,1.1776,0,2017-12-11 00:00:00
1513036800,1.17761,1.17926,1.17175,1.17422,0,2017-12-12 00:00:00
1513123200,1.17424,1.18404,1.17294,1.18361,0,2017-12-13 00:00:00
1513209600,1.18362,1.18624,1.17642,1.17744,0,2017-12-14 00:00:00
1513296000,1.17743,1.18121,1.1747,1.1747,0,2017-12-15 00:00:00
1513468800,1.17418,1.17506,1.17371,1.17434,0,2017-12-17 00:00:00
1513555200,1.17432,1.1834,1.1742,1.17836,0,2017-12-18 00:00:00
1513641600,1.17835,1.18486,1.17764,1.18368,0,2017-12-19 00:00:00
1513728000,1.18369,1.19017,1.18288,1.18775,0,2017-12-20 00:00:00
1513814400,1.18774,1.18893,1.18493,1.18519,0,2017-12-21 00:00:00
1513900800,1.18521,1.18637,1.18169,1.18597,0,2017-12-22 00:00:00
1514160000,1.18678,1.18737,1.18513,1.1871,0,2017-12-25 00:00:00
1514246400,1.18705,1.18786,1.18464,1.18572,0,2017-12-26 00:00:00
1514332800,1.18571,1.19103,1.18551,1.19001,0,2017-12-27 00:00:00
1514419200,1.19,1.19589,1.18969,1.19395,0,2017-12-28 00:00:00
1514505600,1.19394,1.20255,1.19369,1.20005,0,2017-12-29 00:00:00
1514764800,1.20037,1.20164,1.20017,1.20107,0,2018-01-01 00:00:00
1514851200,1.20106,1.20812,1.20077,1.20614,0,2018-01-02 00:00:00
1514937600,1.20615,1.20637,1.20013,1.20107,0,2018-01-03 00:00:00
1515024000,1.20106,1.20889,1.20044,1.20665,0,2018-01-04 00:00:00
1515110400,1.20664,1.20827,1.20205,1.20297,0,2018-01-05 00:00:00
1515283200,1.2026,1.20388,1.20259,1.2037,0,2018-01-07 00:00:00
1515369600,1.20369,1.20522,1.19557,1.19699,0,2018-01-08 00:00:00
1515456000,1.19693,1.19756,1.19156,1.19283,0,2018-01-09 00:00:00
1515542400,1.19282,1.20177,1.19231,1.19559,0,2018-01-10 00:00:00
1515628800,1.19558,1.20589,1.19293,1.20428,0,2018-01-11 00:00:00
1515715200,1.20429,1.22186,1.20399,1.22,0,2018-01-12 00:00:00
1515888000,1.21923,1.22116,1.21907,1.21919,0,2018-01-14 00:00:00
1515974400,1.2192,1.22964,1.21875,1.22666,0,2018-01-15 00:00:00
1516060800,1.22668,1.22829,1.21952,1.22706,0,2018-01-16 00:00:00
1516147200,1.22707,1.2323,1.21645,1.21802,0,2018-01-17 00:00:00
1516233600,1.21803,1.22646,1.21733,1.2234,0,2018-01-18 00:00:00
1516320000,1.22341,1.22952,1.22147,1.22173,0,2018-01-19 00:00:00
1516492800,1.22683,1.22704,1.22335,1.2256,0,2018-01-21 00:00:00
1516579200,1.22558,1.2267,1.22138,1.22564,0,2018-01-22 00:00:00
1516665600,1.22567,1.23151,1.2223,1.23086,0,2018-01-23 00:00:00
1516752000,1.23087,1.24148,1.22915,1.23924,0,2018-01-24 00:00:00
1516838400,1.23924,1.25375,1.23638,1.23912,0,2018-01-25 00:00:00
1516924800,1.23914,1.24935,1.23862,1.24245,0,2018-01-26 00:00:00
1517097600,1.24256,1.24311,1.24126,1.24311,0,2018-01-28 00:00:00
1517184000,1.2431,1.24322,1.23365,1.23808,0,2018-01-29 00:00:00
1517270400,1.23809,1.24538,1.23352,1.24085,0,2018-01-30 00:00:00
1517356800,1.24083,1.24747,1.2387,1.24168,0,2018-01-31 00:00:00
1517443200,1.24169,1.25225,1.23853,1.25105,0,2018-02-01 00:00:00
1517529600,1.25104,1.2518,1.24088,1.24543,0,2018-02-02 00:00:00
1517702400,1.24349,1.24545,1.24242,1.24463,0,2018-02-04 00:00:00
1517788800,1.24463,1.24747,1.23625,1.23661,0,2018-02-05 00:00:00
1517875200,1.23669,1.24344,1.23137,1.23803,0,2018-02-06 00:00:00
1517961600,1.23802,1.24059,1.22458,1.22698,0,2018-02-07 00:00:00
1518048000,1.22699,1.22949,1.22121,1.22605,0,2018-02-08 00:00:00
1518134400,1.22607,1.22868,1.22055,1.22492,0,2018-02-09 00:00:00
1518307200,1.22479,1.22524,1.22411,1.22521,0,2018-02-11 00:00:00
1518393600,1.22522,1.23072,1.22349,1.23005,0,2018-02-12 00:00:00
1518480000,1.23006,1.2371,1.22844,1.23536,0,2018-02-13 00:00:00
1518566400,1.23534,1.24696,1.2276,1.24683,0,2018-02-14 00:00:00
1518652800,1.24682,1.25103,1.24479,1.25027,0,2018-02-15 00:00:00
1518739200,1.25027,1.2555,1.23932,1.24029,0,2018-02-16 00:00:00
1518912000,1.24013,1.24202,1.24013,1.24117,0,2018-02-18 00:00:00
1518998400,1.24117,1.2435,1.2369,1.24002,0,2018-02-19 00:00:00
1519084800,1.24,1.24105,1.232,1.23354,0,2018-02-20 00:00:00
1519171200,1.23352,1.23597,1.22726,1.22803,0,2018-02-21 00:00:00
1519257600,1.22804,1.23518,1.22597,1.23256,0,2018-02-22 00:00:00
1519344000,1.23255,1.23316,1.22798,1.22928,0,2018-02-23 00:00:00
1519516800,1.22907,1.22946,1.22808,1.22883,0,2018-02-25 00:00:00
1519603200,1.22883,1.23547,1.22777,1.2315,0,2018-02-26 00:00:00
1519689600,1.23153,1.23462,1.22215,1.2226,0,2018-02-27 00:00:00
1519776000,1.22262,1.22415,1.21877,1.21914,0,2018-02-28 00:00:00
1519862400,1.21913,1.22745,1.21544,1.2271,0,2018-03-01 00:00:00
1519948800,1.22709,1.23358,1.22513,1.23149,0,2018-03-02 00:00:00
1520121600,1.23323,1.23636,1.22993,1.23177,0,2018-03-04 00:00:00
1520208000,1.23178,1.23486,1.2269,1.23364,0,2018-03-05 00:00:00
1520294400,1.23365,1.24284,1.2328,1.24156,0,2018-03-06 00:00:00
1520380800,1.24154,1.24447,1.23847,1.24123,0,2018-03-07 00:00:00
1520467200,1.24123,1.24458,1.2298,1.23069,0,2018-03-08 00:00:00
1520553600,1.23068,1.23342,1.2273,1.23041,0,2018-03-09 00:00:00
1520726400,1.2311,1.2313,1.23053,1.23104,0,2018-03-11 00:00:00
1520812800,1.23103,1.23453,1.22903,1.23335,0,2018-03-12 00:00:00
1520899200,1.23337,1.24073,1.23144,1.23932,0,2018-03-13 00:00:00
1520985600,1.23935,1.24124,1.23471,1.2368,0,2018-03-14 00:00:00
1521072000,1.2368,1.23835,1.23002,1.23057,0,2018-03-15 00:00:00
1521158400,1.23057,1.2336,1.22601,1.2287,0,2018-03-16 00:00:00
1521331200,1.22829,1.22917,1.22814,1.22853,0,2018-03-18 00:00:00
1521417600,1.2285,1.23586,1.2258,1.23348,0,2018-03-19 00:00:00
1521504000,1.2335,1.23544,1.22392,1.22452,0,2018-03-20 00:00:00
1521590400,1.22451,1.23498,1.22431,1.23425,0,2018-03-21 00:00:00
1521676800,1.23425,1.23881,1.22852,1.23201,0,2018-03-22 00:00:00
1521763200,1.23202,1.2373,1.23158,1.23509,0,2018-03-23 00:00:00
1521936000,1.23486,1.23671,1.23486,1.23667,0,2018-03-25 00:00:00
1522022400,1.23668,1.24614,1.23516,1.24514,0,2018-03-26 00:00:00
1522108800,1.24515,1.24762,1.23721,1.24058,0,2018-03-27 00:00:00
1522195200,1.2406,1.24216,1.23001,1.23093,0,2018-03-28 00:00:00
1522281600,1.23092,1.23352,1.22837,1.23036,0,2018-03-29 00:00:00
1522368000,1.23033,1.23302,1.22928,1.23215,0,2018-03-30 00:00:00
1522540800,1.23186,1.23224,1.2313,1.23169,0,2018-04-01 00:00:00
1522627200,1.23168,1.23447,1.2282,1.23006,0,2018-04-02 00:00:00
1522713600,1.23004,1.23361,1.22534,1.22723,0,2018-04-03 00:00:00
1522800000,1.22723,1.23144,1.22568,1.22841,0,2018-04-04 00:00:00
1522886400,1.22841,1.22899,1.22183,1.22441,0,2018-04-05 00:00:00
1522972800,1.22443,1.22905,1.2215,1.22793,0,2018-04-06 00:00:00
1523145600,1.22835,1.22835,1.22719,1.22737,0,2018-04-08 00:00:00
1523232000,1.22737,1.233,1.22601,1.23218,0,2018-04-09 00:00:00
1523318400,1.2322,1.23771,1.23027,1.23574,0,2018-04-10 00:00:00
1523404800,1.23576,1.23958,1.23467,1.23699,0,2018-04-11 00:00:00
1523491200,1.23698,1.23795,1.22995,1.23283,0,2018-04-12 00:00:00
1523577600,1.23285,1.23458,1.23069,1.23283,0,2018-04-13 00:00:00
1523750400,1.23316,1.23361,1.23217,1.23282,0,2018-04-15 00:00:00
1523836800,1.23282,1.23943,1.23238,1.23813,0,2018-04-16 00:00:00
1523923200,1.23815,1.24135,1.2336,1.23717,0,2018-04-17 00:00:00
1524009600,1.23718,1.23969,1.23417,1.2379,0,2018-04-18 00:00:00
1524096000,1.23791,1.24001,1.2329,1.23427,0,2018-04-19 00:00:00
1524182400,1.23427,1.23528,1.22497,1.22853,0,2018-04-20 00:00:00
1524355200,1.22716,1.22877,1.22716,1.22796,0,2018-04-22 00:00:00
1524441600,1.22795,1.22892,1.21972,1.22099,0,2018-04-23 00:00:00
1524528000,1.22098,1.22447,1.21818,1.22324,0,2018-04-24 00:00:00
1524614400,1.22325,1.22385,1.21596,1.21687,0,2018-04-25 00:00:00
1524700800,1.21686,1.22097,1.20962,1.2104,0,2018-04-26 00:00:00
1524787200,1.21043,1.21326,1.20552,1.21281,0,2018-04-27 00:00:00
1524960000,1.21225,1.2129,1.21201,1.21211,0,2018-04-29 00:00:00
1525046400,1.21214,1.21387,1.20642,1.20801,0,2018-04-30 00:00:00
1525132800,1.20802,1.20838,1.19813,1.19891,0,2018-05-01 00:00:00
1525219200,1.19891,1.20313,1.19378,1.19539,0,2018-05-02 00:00:00
1525305600,1.19544,1.20086,1.19475,1.19858,0,2018-05-03 00:00:00
1525392000,1.1986,1.19955,1.19102,1.1957,0,2018-05-04 00:00:00
1525564800,1.19553,1.19639,1.19545,1.19599,0,2018-05-06 00:00:00
1525651200,1.19601,1.19776,1.18976,1.19218,0,2018-05-07 00:00:00
1525737600,1.1922,1.19385,1.18379,1.18593,0,2018-05-08 00:00:00
1525824000,1.18593,1.18967,1.18225,1.18529,0,2018-05-09 00:00:00
1525910400,1.18528,1.19463,1.18426,1.19179,0,2018-05-10 00:00:00
1525996800,1.19178,1.19677,1.18911,1.19412,0,2018-05-11 00:00:00
1526169600,1.19405,1.19483,1.19385,1.19471,0,2018-05-13 00:00:00
1526256000,1.1947,1.1996,1.1922,1.19286,0,2018-05-14 00:00:00
1526342400,1.19286,1.1938,1.18169,1.18174,0,2018-05-15 00:00:00
1526428800,1.18176,1.18537,1.17635,1.18158,0,2018-05-16 00:00:00
1526515200,1.18156,1.18372,1.17765,1.17968,0,2018-05-17 00:00:00
1526601600,1.17968,1.18221,1.17497,1.17684,0,2018-05-18 00:00:00
1526774400,1.17703,1.17748,1.17639,1.17661,0,2018-05-20 00:00:00
1526860800,1.17662,1.17966,1.17164,1.17951,0,2018-05-21 00:00:00
1526947200,1.17954,1.18295,1.17562,1.17822,0,2018-05-22 00:00:00
1527033600,1.17823,1.17893,1.16757,1.17048,0,2018-05-23 00:00:00
1527120000,1.17047,1.17503,1.16905,1.17213,0,2018-05-24 00:00:00
1527206400,1.17212,1.17334,1.16454,1.16495,0,2018-05-25 00:00:00
1527379200,1.16843,1.16907,1.16756,1.16888,0,2018-05-27 00:00:00
1527465600,1.16889,1.17283,1.16072,1.16262,0,2018-05-28 00:00:00
1527552000,1.16262,1.16394,1.151,1.15408,0,2018-05-29 00:00:00
1527638400,1.15412,1.16759,1.15187,1.16644,0,2018-05-30 00:00:00
1527724800,1.16646,1.1724,1.1641,1.17048,0,2018-05-31 00:00:00
1527811200,1.17049,1.17176,1.16167,1.16578,0,2018-06-01 00:00:00
1527984000,1.16579,1.16682,1.16558,1.16621,0,2018-06-03 00:00:00
1528070400,1.16622,1.17443,1.16622,1.1699,0,2018-06-04 00:00:00
1528156800,1.16993,1.17319,1.16524,1.17202,0,2018-06-05 00:00:00
1528243200,1.17204,1.17956,1.17138,1.17814,0,2018-06-06 00:00:00
1528329600,1.17812,1.18397,1.17794,1.17969,0,2018-06-07 00:00:00
1528416000,1.17971,1.18103,1.1727,1.17667,0,2018-06-08 00:00:00
1528588800,1.17722,1.17748,1.17708,1.17711,0,2018-06-10 00:00:00
1528675200,1.17711,1.18203,1.17711,1.17747,0,2018-06-11 00:00:00
1528761600,1.17748,1.18088,1.17331,1.17457,0,2018-06-12 00:00:00
1528848000,1.17459,1.18026,1.17253,1.17989,0,2018-06-13 00:00:00
1528934400,1.17989,1.18516,1.15629,1.15833,0,2018-06-14 00:00:00
1529020800,1.15834,1.16268,1.15432,1.1608,0,2018-06-15 00:00:00
1529193600,1.15865,1.16011,1.15862,1.15943,0,2018-06-17 00:00:00
1529280000,1.15943,1.16242,1.15652,1.1621,0,2018-06-18 00:00:00
1529366400,1.16211,1.16441,1.15307,1.15882,0,2018-06-19 00:00:00
1529452800,1.15882,1.15998,1.15367,1.15764,0,2018-06-20 00:00:00
1529539200,1.15764,1.16333,1.15082,1.16093,0,2018-06-21 00:00:00
1529625600,1.16093,1.16748,1.16004,1.16521,0,2018-06-22 00:00:00
1529798400,1.16619,1.1669,1.16576,1.16689,0,2018-06-24 00:00:00
1529884800,1.16691,1.17129,1.16284,1.17021,0,2018-06-25 00:00:00
1529971200,1.17021,1.172,1.16348,1.16497,0,2018-06-26 00:00:00
1530057600,1.16499,1.16718,1.15405,1.15595,0,2018-06-27 00:00:00
1530144000,1.15595,1.16005,1.1527,1.15637,0,2018-06-28 00:00:00
1530230400,1.15636,1.169,1.15614,1.16815,0,2018-06-29 00:00:00
1530403200,1.1676,1.16892,1.16603,1.16736,0,2018-07-01 00:00:00
1530489600,1.16737,1.16823,1.1591,1.16396,0,2018-07-02 00:00:00
1530576000,1.16396,1.16728,1.16202,1.16593,0,2018-07-03 00:00:00
1530662400,1.16595,1.16816,1.16304,1.16589,0,2018-07-04 00:00:00
1530748800,1.16589,1.172,1.16498,1.16909,0,2018-07-05 00:00:00
1530835200,1.1691,1.17671,1.16798,1.17449,0,2018-07-06 00:00:00
1531008000,1.17413,1.17539,1.17398,1.17498,0,2018-07-08 00:00:00
1531094400,1.17499,1.17906,1.17326,1.17498,0,2018-07-09 00:00:00
1531180800,1.175,1.17623,1.16901,1.17356,0,2018-07-10 00:00:00
1531267200,1.17356,1.17579,1.16653,1.16755,0,2018-07-11 00:00:00
1531353600,1.16757,1.16954,1.16497,1.16638,0,2018-07-12 00:00:00
1531440000,1.16637,1.16866,1.16126,1.16828,0,2018-07-13 00:00:00
1531612800,1.16879,1.16909,1.16786,1.16827,0,2018-07-15 00:00:00
1531699200,1.16829,1.17251,1.16755,1.17101,0,2018-07-16 00:00:00
1531785600,1.171,1.17444,1.16494,1.16579,0,2018-07-17 00:00:00
1531872000,1.16579,1.16648,1.16019,1.16434,0,2018-07-18 00:00:00
1531958400,1.16436,1.16784,1.15747,1.16452,0,2018-07-19 00:00:00
1532044800,1.1645,1.17386,1.16261,1.17195,0,2018-07-20 00:00:00
1532217600,1.17243,1.17345,1.17224,1.17336,0,2018-07-22 00:00:00
1532304000,1.17335,1.17498,1.16835,1.16912,0,2018-07-23 00:00:00
1532390400,1.16913,1.17166,1.16543,1.16815,0,2018-07-24 00:00:00
1532476800,1.16815,1.17385,1.1664,1.17312,0,2018-07-25 00:00:00
1532563200,1.17316,1.17435,1.16375,1.16418,0,2018-07-26 00:00:00
1532649600,1.16412,1.16643,1.16202,1.16526,0,2018-07-27 00:00:00
1532822400,1.1657,1.16601,1.16525,1.16598,0,2018-07-29 00:00:00
1532908800,1.16599,1.17185,1.16478,1.17078,0,2018-07-30 00:00:00
1532995200,1.17078,1.17457,1.16835,1.16864,0,2018-07-31 00:00:00
1533081600,1.16863,1.16994,1.16568,1.16629,0,2018-08-01 00:00:00
1533168000,1.16628,1.16674,1.15814,1.15859,0,2018-08-02 00:00:00
1533254400,1.1586,1.16104,1.15601,1.15656,0,2018-08-03 00:00:00
1533427200,1.15676,1.157,1.15599,1.15605,0,2018-08-05 00:00:00
1533513600,1.15606,1.15702,1.153,1.15563,0,2018-08-06 00:00:00
1533600000,1.15564,1.16081,1.15514,1.15996,0,2018-08-07 00:00:00
1533686400,1.15996,1.16281,1.15731,1.16117,0,2018-08-08 00:00:00
1533772800,1.16116,1.16193,1.152,1.15203,0,2018-08-09 00:00:00
1533859200,1.15202,1.15362,1.13879,1.14105,0,2018-08-10 00:00:00
1534032000,1.13702,1.13996,1.13702,1.13977,0,2018-08-12 00:00:00
1534118400,1.13978,1.14325,1.1365,1.14047,0,2018-08-13 00:00:00
1534204800,1.14047,1.14292,1.13299,1.13493,0,2018-08-14 00:00:00
1534291200,1.13494,1.13548,1.13009,1.13452,0,2018-08-15 00:00:00
1534377600,1.13454,1.14088,1.13356,1.13734,0,2018-08-16 00:00:00
1534464000,1.13735,1.14446,1.13661,1.14358,0,2018-08-17 00:00:00
1534636800,1.14373,1.14392,1.14351,1.14375,0,2018-08-19 00:00:00
1534723200,1.14375,1.14921,1.13941,1.14919,0,2018-08-20 00:00:00
1534809600,1.14918,1.1601,1.14853,1.15741,0,2018-08-21 00:00:00
1534896000,1.15742,1.16228,1.15531,1.15966,0,2018-08-22 00:00:00
1534982400,1.15967,1.15974,1.15296,1.15398,0,2018-08-23 00:00:00
1535068800,1.154,1.16395,1.1538,1.16197,0,2018-08-24 00:00:00
1535241600,1.16139,1.16288,1.16138,1.1628,0,2018-08-26 00:00:00
1535328000,1.16279,1.16934,1.15944,1.16801,0,2018-08-27 00:00:00
1535414400,1.16803,1.17331,1.16624,1.16952,0,2018-08-28 00:00:00
1535500800,1.16952,1.171,1.16519,1.1706,0,2018-08-29 00:00:00
1535587200,1.17062,1.1718,1.16416,1.16626,0,2018-08-30 00:00:00
1535673600,1.16627,1.169,1.15844,1.15973,0,2018-08-31 00:00:00
1535846400,1.1595,1.16033,1.15923,1.15973,0,2018-09-02 00:00:00
1535932800,1.15973,1.16278,1.15887,1.16168,0,2018-09-03 00:00:00
1536019200,1.1617,1.16173,1.15299,1.15828,0,2018-09-04 00:00:00
1536105600,1.15828,1.16398,1.15424,1.16322,0,2018-09-05 00:00:00
1536192000,1.16323,1.1659,1.16052,1.16245,0,2018-09-06 00:00:00
1536278400,1.16245,1.16492,1.15504,1.15511,0,2018-09-07 00:00:00
1536451200,1.15463,1.15593,1.15463,1.1555,0,2018-09-09 00:00:00
1536537600,1.15549,1.16156,1.1526,1.15941,0,2018-09-10 00:00:00
1536624000,1.15943,1.16437,1.15654,1.16018,0,2018-09-11 00:00:00
1536710400,1.16019,1.16493,1.15698,1.16274,0,2018-09-12 00:00:00
1536796800,1.16276,1.17008,1.1609,1.169,0,2018-09-13 00:00:00
1536883200,1.16901,1.17215,1.16199,1.16231,0,2018-09-14 00:00:00
1537056000,1.16228,1.1632,1.16213,1.16252,0,2018-09-16 00:00:00
1537142400,1.16252,1.16979,1.16177,1.16704,0,2018-09-17 00:00:00
1537228800,1.16706,1.17243,1.1652,1.16792,0,2018-09-18 00:00:00
1537315200,1.16792,1.17147,1.165,1.16704,0,2018-09-19 00:00:00
1537401600,1.16705,1.17843,1.16688,1.17791,0,2018-09-20 00:00:00
1537488000,1.1779,1.18025,1.17325,1.17465,0,2018-09-21 00:00:00
1537660800,1.17442,1.17522,1.17377,1.17459,0,2018-09-23 00:00:00
1537747200,1.1746,1.18148,1.1724,1.17495,0,2018-09-24 00:00:00
1537833600,1.17495,1.17923,1.17308,1.17663,0,2018-09-25 00:00:00
1537920000,1.17663,1.17976,1.17259,1.17488,0,2018-09-26 00:00:00
1538006400,1.1749,1.1757,1.16335,1.16349,0,2018-09-27 00:00:00
1538092800,1.16348,1.1651,1.15699,1.16017,0,2018-09-28 00:00:00
1538265600,1.16165,1.16167,1.16039,1.16045,0,2018-09-30 00:00:00
1538352000,1.16044,1.16243,1.15631,1.15755,0,2018-10-01 00:00:00
1538438400,1.15755,1.158,1.15053,1.15503,0,2018-10-02 00:00:00
1538524800,1.15505,1.15934,1.14642,1.14836,0,2018-10-03 00:00:00
1538611200,1.14836,1.15424,1.14632,1.15163,0,2018-10-04 00:00:00
1538697600,1.15164,1.15492,1.14838,1.15216,0,2018-10-05 00:00:00
1538870400,1.15203,1.15272,1.15192,1.15248,0,2018-10-07 00:00:00
1538956800,1.1525,1.15293,1.14599,1.14922,0,2018-10-08 00:00:00
1539043200,1.14924,1.1503,1.14322,1.14952,0,2018-10-09 00:00:00
1539129600,1.14953,1.15452,1.14798,1.15352,0,2018-10-10 00:00:00
1539216000,1.15355,1.15992,1.15279,1.1592,0,2018-10-11 00:00:00
1539302400,1.15922,1.16104,1.15345,1.1557,0,2018-10-12 00:00:00
1539475200,1.15386,1.15524,1.15386,1.15508,0,2018-10-14 00:00:00
1539561600,1.1551,1.1606,1.15429,1.15837,0,2018-10-15 00:00:00
1539648000,1.15839,1.1621,1.1566,1.15735,0,2018-10-16 00:00:00
1539734400,1.15735,1.15804,1.14958,1.14982,0,2018-10-17 00:00:00
1539820800,1.14984,1.15273,1.14494,1.14555,0,2018-10-18 00:00:00
1539907200,1.14555,1.15343,1.1433,1.15117,0,2018-10-19 00:00:00
1540080000,1.15139,1.15178,1.15104,1.15113,0,2018-10-21 00:00:00
1540166400,1.15112,1.15499,1.14556,1.14654,0,2018-10-22 00:00:00
1540252800,1.14654,1.14932,1.14391,1.14695,0,2018-10-23 00:00:00
1540339200,1.14696,1.14762,1.13789,1.13987,0,2018-10-24 00:00:00
1540425600,1.13989,1.14322,1.1356,1.13737,0,2018-10-25 00:00:00
1540512000,1.13738,1.14206,1.13355,1.13996,0,2018-10-26 00:00:00
1540684800,1.13908,1.14034,1.13908,1.14034,0,2018-10-28 00:00:00
1540771200,1.14034,1.14163,1.13605,1.13727,0,2018-10-29 00:00:00
1540857600,1.1373,1.13877,1.13403,1.13426,0,2018-10-30 00:00:00
1540944000,1.13428,1.13599,1.13018,1.1317,0,2018-10-31 00:00:00
1541030400,1.1317,1.14241,1.13126,1.14042,0,2018-11-01 00:00:00
1541116800,1.14046,1.14557,1.13719,1.13857,0,2018-11-02 00:00:00
1541289600,1.13848,1.13991,1.13848,1.13974,0,2018-11-04 00:00:00
1541376000,1.13975,1.1424,1.13535,1.14081,0,2018-11-05 00:00:00
1541462400,1.14083,1.14415,1.13914,1.1441,0,2018-11-06 00:00:00
1541548800,1.14409,1.14996,1.13947,1.14323,0,2018-11-07 00:00:00
1541635200,1.14324,1.14463,1.13512,1.13677,0,2018-11-08 00:00:00
1541721600,1.13677,1.13686,1.13161,1.13329,0,2018-11-09 00:00:00
1541894400,1.13223,1.13297,1.13128,1.13236,0,2018-11-11 00:00:00
1541980800,1.13239,1.13303,1.12154,1.12235,0,2018-11-12 00:00:00
1542067200,1.12233,1.13204,1.12215,1.1311,0,2018-11-13 00:00:00
1542153600,1.1311,1.13472,1.12632,1.13122,0,2018-11-14 00:00:00
1542240000,1.13122,1.13622,1.12704,1.13243,0,2018-11-15 00:00:00
1542326400,1.13244,1.142,1.13216,1.14145,0,2018-11-16 00:00:00
1542499200,1.14116,1.14209,1.1406,1.14136,0,2018-11-18 00:00:00
1542585600,1.14136,1.14643,1.13937,1.14538,0,2018-11-19 00:00:00
1542672000,1.14539,1.14723,1.13585,1.13719,0,2018-11-20 00:00:00
1542758400,1.13717,1.14244,1.13655,1.13882,0,2018-11-21 00:00:00
1542844800,1.13884,1.14337,1.13851,1.14026,0,2018-11-22 00:00:00
1542931200,1.14027,1.14208,1.13269,1.1335,0,2018-11-23 00:00:00
1543104000,1.1339,1.134,1.13302,1.13374,0,2018-11-25 00:00:00
1543190400,1.13374,1.13835,1.13248,1.13328,0,2018-11-26 00:00:00
1543276800,1.13329,1.13438,1.12772,1.1297,0,2018-11-27 00:00:00
1543363200,1.12969,1.13869,1.1267,1.13672,0,2018-11-28 00:00:00
1543449600,1.13673,1.14014,1.13485,1.13923,0,2018-11-29 00:00:00
1543536000,1.13925,1.14002,1.13053,1.13148,0,2018-11-30 00:00:00
1543708800,1.135,1.135,1.13279,1.13422,0,2018-12-02 00:00:00
1543795200,1.13418,1.13795,1.13192,1.13541,0,2018-12-03 00:00:00
1543881600,1.13541,1.14183,1.13182,1.13424,0,2018-12-04 00:00:00
1543968000,1.13423,1.13609,1.13105,1.13487,0,2018-12-05 00:00:00
1544054400,1.13488,1.14121,1.13207,1.13758,0,2018-12-06 00:00:00
1544140800,1.13758,1.14234,1.13602,1.13762,0,2018-12-07 00:00:00
1544313600,1.13901,1.14065,1.13896,1.13995,0,2018-12-09 00:00:00
1544400000,1.13993,1.14425,1.135,1.13559,0,2018-12-10 00:00:00
1544486400,1.1356,1.13999,1.13062,1.13213,0,2018-12-11 00:00:00
1544572800,1.13215,1.13871,1.13149,1.13725,0,2018-12-12 00:00:00
1544659200,1.13724,1.13932,1.1331,1.1363,0,2018-12-13 00:00:00
1544745600,1.1363,1.13649,1.12696,1.13036,0,2018-12-14 00:00:00
1544918400,1.13008,1.13083,1.12967,1.13041,0,2018-12-16 00:00:00
1545004800,1.13043,1.13577,1.13027,1.13493,0,2018-12-17 00:00:00
1545091200,1.13495,1.14022,1.13366,1.13758,0,2018-12-18 00:00:00
1545177600,1.13756,1.14392,1.13643,1.13865,0,2018-12-19 00:00:00
1545264000,1.13865,1.14859,1.13771,1.14565,0,2018-12-20 00:00:00
1545350400,1.14566,1.14739,1.13559,1.13684,0,2018-12-21 00:00:00
1545523200,1.13692,1.13738,1.13604,1.13723,0,2018-12-23 00:00:00
1545609600,1.13723,1.14384,1.13705,1.13995,0,2018-12-24 00:00:00
1545696000,1.13998,1.14198,1.13892,1.14131,0,2018-12-25 00:00:00
1545782400,1.14132,1.14163,1.13428,1.13601,0,2018-12-26 00:00:00
1545868800,1.13602,1.1454,1.1358,1.14304,0,2018-12-27 00:00:00
1545955200,1.14306,1.14727,1.14299,1.14414,0,2018-12-28 00:00:00
1546128000,1.14331,1.14406,1.14331,1.14389,0,2018-12-30 00:00:00
1546214400,1.14389,1.14674,1.14213,1.14644,0,2018-12-31 00:00:00
1546300800,1.14598,1.14676,1.14566,1.14612,0,2019-01-01 00:00:00
1546387200,1.14612,1.14967,1.13092,1.13121,0,2019-01-02 00:00:00
1546473600,1.13122,1.1411,1.13099,1.13899,0,2019-01-03 00:00:00
1546560000,1.13901,1.14189,1.13456,1.13943,0,2019-01-04 00:00:00
1546732800,1.13955,1.14129,1.13954,1.14102,0,2019-01-06 00:00:00
1546819200,1.14102,1.14826,1.14046,1.14789,0,2019-01-07 00:00:00
1546905600,1.1479,1.14844,1.14222,1.14572,0,2019-01-08 00:00:00
1546992000,1.14573,1.15578,1.14389,1.15541,0,2019-01-09 00:00:00
1547078400,1.15541,1.15697,1.14844,1.15081,0,2019-01-10 00:00:00
1547164800,1.15082,1.15403,1.1458,1.14656,0,2019-01-11 00:00:00
1547337600,1.14589,1.14685,1.14583,1.14597,0,2019-01-13 00:00:00
1547424000,1.14598,1.1482,1.14506,1.14726,0,2019-01-14 00:00:00
1547510400,1.14727,1.14896,1.13819,1.14141,0,2019-01-15 00:00:00
1547596800,1.1414,1.14248,1.13777,1.13994,0,2019-01-16 00:00:00
1547683200,1.13994,1.14059,1.137,1.1392,0,2019-01-17 00:00:00
1547769600,1.1392,1.14103,1.13532,1.13614,0,2019-01-18 00:00:00
1547942400,1.13603,1.1368,1.13602,1.1365,0,2019-01-20 00:00:00
1548028800,1.13651,1.1391,1.13567,1.13688,0,2019-01-21 00:00:00
1548115200,1.13687,1.13739,1.13361,1.13633,0,2019-01-22 00:00:00
1548201600,1.13634,1.13942,1.13505,1.13861,0,2019-01-23 00:00:00
1548288000,1.13861,1.13913,1.12892,1.13126,0,2019-01-24 00:00:00
1548374400,1.13127,1.14176,1.13049,1.14032,0,2019-01-25 00:00:00
1548547200,1.14005,1.14134,1.14004,1.14127,0,2019-01-27 00:00:00
1548633600,1.14127,1.14436,1.139,1.14294,0,2019-01-28 00:00:00
1548720000,1.14295,1.14501,1.14111,1.14348,0,2019-01-29 00:00:00
1548806400,1.14348,1.15016,1.14062,1.14853,0,2019-01-30 00:00:00
1548892800,1.14852,1.15141,1.14356,1.14482,0,2019-01-31 00:00:00
1548979200,1.14482,1.14884,1.14343,1.14547,0,2019-02-01 00:00:00
1549152000,1.14503,1.14581,1.14503,1.14543,0,2019-02-03 00:00:00
1549238400,1.14543,1.14603,1.14244,1.14349,0,2019-02-04 00:00:00
1549324800,1.14348,1.14404,1.14011,1.14087,0,2019-02-05 00:00:00
1549411200,1.14087,1.14091,1.13608,1.13656,0,2019-02-06 00:00:00
1549497600,1.13655,1.13675,1.13244,1.13382,0,2019-02-07 00:00:00
1549584000,1.13382,1.13508,1.13207,1.13207,0,2019-02-08 00:00:00
1549756800,1.13186,1.13248,1.13148,1.13237,0,2019-02-10 00:00:00
1549843200,1.13239,1.13298,1.12672,1.12785,0,2019-02-11 00:00:00
1549929600,1.12785,1.13396,1.12577,1.13336,0,2019-02-12 00:00:00
1550016000,1.13336,1.13414,1.1249,1.12646,0,2019-02-13 00:00:00
1550102400,1.12646,1.13098,1.12498,1.12947,0,2019-02-14 00:00:00
1550188800,1.12946,1.13061,1.1234,1.12925,0,2019-02-15 00:00:00
1550361600,1.12906,1.12959,1.12889,1.12948,0,2019-02-17 00:00:00
1550448000,1.12948,1.13338,1.12937,1.13114,0,2019-02-18 00:00:00
1550534400,1.13115,1.13574,1.12755,1.13399,0,2019-02-19 00:00:00
1550620800,1.13399,1.13711,1.13249,1.13461,0,2019-02-20 00:00:00
1550707200,1.13461,1.13663,1.13202,1.13398,0,2019-02-21 00:00:00
1550793600,1.13399,1.13556,1.13161,1.13319,0,2019-02-22 00:00:00
1550966400,1.1334,1.13421,1.13281,1.1342,0,2019-02-24 00:00:00
1551052800,1.13421,1.13675,1.13367,1.13647,0,2019-02-25 00:00:00
1551139200,1.13647,1.14027,1.1345,1.1393,0,2019-02-26 00:00:00
1551225600,1.13931,1.14036,1.13622,1.13795,0,2019-02-27 00:00:00
1551312000,1.13796,1.14197,1.13595,1.1373,0,2019-02-28 00:00:00
1551398400,1.13731,1.14085,1.13533,1.13633,0,2019-03-01 00:00:00
1551571200,1.13811,1.13826,1.13722,1.13749,0,2019-03-03 00:00:00
1551657600,1.13749,1.1375,1.1309,1.13362,0,2019-03-04 00:00:00
1551744000,1.13363,1.13384,1.12895,1.1306,0,2019-03-05 00:00:00
1551830400,1.13059,1.13245,1.12855,1.13129,0,2019-03-06 00:00:00
1551916800,1.1313,1.13202,1.11764,1.1198,0,2019-03-07 00:00:00
1552003200,1.1198,1.12461,1.11852,1.12311,0,2019-03-08 00:00:00
1552176000,1.12316,1.12374,1.12304,1.12315,0,2019-03-10 00:00:00
1552262400,1.12315,1.12738,1.12217,1.12591,0,2019-03-11 00:00:00
1552348800,1.1259,1.13049,1.12492,1.12865,0,2019-03-12 00:00:00
1552435200,1.12864,1.13385,1.12773,1.13303,0,2019-03-13 00:00:00
1552521600,1.13304,1.13361,1.1294,1.13064,0,2019-03-14 00:00:00
1552608000,1.13066,1.13443,1.13,1.1324,0,2019-03-15 00:00:00
1552780800,1.13201,1.13277,1.13189,1.13192,0,2019-03-17 00:00:00
1552867200,1.13193,1.13589,1.13192,1.1336,0,2019-03-18 00:00:00
1552953600,1.1336,1.13615,1.13336,1.13542,0,2019-03-19 00:00:00
1553040000,1.13543,1.1448,1.13354,1.14284,0,2019-03-20 00:00:00
1553126400,1.14282,1.14373,1.13425,1.13737,0,2019-03-21 00:00:00
1553212800,1.13737,1.13905,1.12732,1.13004,0,2019-03-22 00:00:00
1553385600,1.12892,1.13011,1.12883,1.12955,0,2019-03-24 00:00:00
1553472000,1.12956,1.13314,1.12889,1.13151,0,2019-03-25 00:00:00
1553558400,1.13152,1.13259,1.12632,1.12738,0,2019-03-26 00:00:00
1553644800,1.12737,1.12855,1.12421,1.12521,0,2019-03-27 00:00:00
1553731200,1.12518,1.12612,1.12135,1.12298,0,2019-03-28 00:00:00
1553817600,1.12297,1.12466,1.12098,1.12179,0,2019-03-29 00:00:00
1553990400,1.12254,1.12312,1.12199,1.12217,0,2019-03-31 00:00:00
1554076800,1.12231,1.12498,1.11984,1.12061,0,2019-04-01 00:00:00
1554163200,1.12062,1.1216,1.11836,1.12042,0,2019-04-02 00:00:00
1554249600,1.12042,1.12547,1.12019,1.12418,0,2019-04-03 00:00:00
1554336000,1.12417,1.12475,1.12059,1.12216,0,2019-04-04 00:00:00
1554422400,1.12215,1.12472,1.12099,1.12142,0,2019-04-05 00:00:00
1554595200,1.12138,1.12213,1.12118,1.12185,0,2019-04-07 00:00:00
1554681600,1.12185,1.12744,1.12148,1.12562,0,2019-04-08 00:00:00
1554768000,1.12564,1.12842,1.12554,1.12663,0,2019-04-09 00:00:00
1554854400,1.12663,1.12876,1.12294,1.12763,0,2019-04-10 00:00:00
1554940800,1.12764,1.12873,1.12498,1.12582,0,2019-04-11 00:00:00
1555027200,1.12582,1.13239,1.12572,1.12976,0,2019-04-12 00:00:00
1555200000,1.13035,1.13063,1.12991,1.13045,0,2019-04-14 00:00:00
1555286400,1.13044,1.13209,1.12975,1.13021,0,2019-04-15 00:00:00
1555372800,1.13021,1.13139,1.12788,1.12813,0,2019-04-16 00:00:00
1555459200,1.12813,1.13237,1.12812,1.12985,0,2019-04-17 00:00:00
1555545600,1.12986,1.13039,1.12261,1.12365,0,2019-04-18 00:00:00
1555632000,1.12365,1.12476,1.12323,1.12408,0,2019-04-19 00:00:00
1555804800,1.12408,1.12452,1.12373,1.12423,0,2019-04-21 00:00:00
1555891200,1.12422,1.1262,1.12357,1.12597,0,2019-04-22 00:00:00
1555977600,1.12599,1.12612,1.11921,1.12216,0,2019-04-23 00:00:00
1556064000,1.12216,1.12244,1.11406,1.11577,0,2019-04-24 00:00:00
1556150400,1.11576,1.11623,1.11178,1.1137,0,2019-04-25 00:00:00
1556236800,1.1137,1.11739,1.11111,1.11429,0,2019-04-26 00:00:00
1556409600,1.11441,1.11509,1.11441,1.11506,0,2019-04-28 00:00:00
1556496000,1.11507,1.11869,1.1145,1.11841,0,2019-04-29 00:00:00
1556582400,1.11842,1.1229,1.11757,1.1211,0,2019-04-30 00:00:00
1556668800,1.12112,1.12647,1.1187,1.12032,0,2019-05-01 00:00:00
1556755200,1.12031,1.1219,1.11707,1.11745,0,2019-05-02 00:00:00
1556841600,1.11745,1.12047,1.1135,1.12007,0,2019-05-03 00:00:00
1557014400,1.11799,1.12003,1.11672,1.11941,0,2019-05-05 00:00:00
1557100800,1.11941,1.12092,1.1179,1.11982,0,2019-05-06 00:00:00
1557187200,1.11982,1.12178,1.11666,1.11928,0,2019-05-07 00:00:00
1557273600,1.11928,1.12136,1.11827,1.11973,0,2019-05-08 00:00:00
1557360000,1.11973,1.12509,1.11734,1.12188,0,2019-05-09 00:00:00
1557446400,1.12189,1.12536,1.12174,1.12329,0,2019-05-10 00:00:00
1557619200,1.1232,1.12408,1.12299,1.12352,0,2019-05-12 00:00:00
1557705600,1.12352,1.12635,1.12191,1.12311,0,2019-05-13 00:00:00
1557792000,1.12311,1.12439,1.12011,1.12069,0,2019-05-14 00:00:00
1557878400,1.12069,1.12245,1.11779,1.12061,0,2019-05-15 00:00:00
1557964800,1.1206,1.12238,1.11662,1.11737,0,2019-05-16 00:00:00
1558051200,1.11737,1.11841,1.11551,1.11563,0,2019-05-17 00:00:00
1558224000,1.11598,1.11666,1.11598,1.1163,0,2019-05-19 00:00:00
1558310400,1.11629,1.11748,1.11506,1.1168,0,2019-05-20 00:00:00
1558396800,1.11681,1.1188,1.11419,1.11634,0,2019-05-21 00:00:00
1558483200,1.11635,1.11802,1.11485,1.11564,0,2019-05-22 00:00:00
1558569600,1.11564,1.11875,1.1107,1.11821,0,2019-05-23 00:00:00
1558656000,1.11822,1.12121,1.11771,1.12043,0,2019-05-24 00:00:00
1558915200,1.12108,1.12151,1.11869,1.11931,0,2019-05-27 00:00:00
1559001600,1.11933,1.11983,1.11592,1.11653,0,2019-05-28 00:00:00
1559088000,1.11654,1.11724,1.11243,1.11371,0,2019-05-29 00:00:00
1559174400,1.11371,1.11433,1.1116,1.11329,0,2019-05-30 00:00:00
1559260800,1.11329,1.11797,1.11251,1.11678,0,2019-05-31 00:00:00
1559433600,1.11607,1.11737,1.11607,1.11717,0,2019-06-02 00:00:00
1559520000,1.11716,1.12619,1.11601,1.12454,0,2019-06-03 00:00:00
1559606400,1.12454,1.12774,1.12267,1.12525,0,2019-06-04 00:00:00
1559692800,1.12525,1.13065,1.122,1.12282,0,2019-06-05 00:00:00
1559779200,1.12282,1.1309,1.12008,1.12773,0,2019-06-06 00:00:00
1559865600,1.12773,1.13477,1.12512,1.13334,0,2019-06-07 00:00:00
1560038400,1.1322,1.13308,1.13168,1.13168,0,2019-06-09 00:00:00
1560124800,1.13171,1.13243,1.12902,1.13147,0,2019-06-10 00:00:00
1560211200,1.13146,1.13374,1.13013,1.13278,0,2019-06-11 00:00:00
1560297600,1.13278,1.13434,1.12824,1.12925,0,2019-06-12 00:00:00
1560384000,1.12926,1.13037,1.12683,1.12779,0,2019-06-13 00:00:00
1560470400,1.12779,1.12891,1.12024,1.1205,0,2019-06-14 00:00:00
1560643200,1.12089,1.12156,1.12088,1.12146,0,2019-06-16 00:00:00
1560729600,1.12145,1.1247,1.12037,1.12213,0,2019-06-17 00:00:00
1560816000,1.12213,1.12428,1.11813,1.11951,0,2019-06-18 00:00:00
1560902400,1.11955,1.12542,1.11871,1.12357,0,2019-06-19 00:00:00
1560988800,1.12358,1.13173,1.12343,1.12922,0,2019-06-20 00:00:00
1561075200,1.12925,1.13777,1.1283,1.13679,0,2019-06-21 00:00:00
1561248000,1.13695,1.13777,1.13662,1.13746,0,2019-06-23 00:00:00
1561334400,1.13747,1.14039,1.13711,1.13971,0,2019-06-24 00:00:00
1561420800,1.13971,1.14119,1.13442,1.13658,0,2019-06-25 00:00:00
1561507200,1.13658,1.13913,1.13474,1.13731,0,2019-06-26 00:00:00
1561593600,1.13731,1.13814,1.13477,1.13681,0,2019-06-27 00:00:00
1561680000,1.13681,1.13933,1.13506,1.13681,0,2019-06-28 00:00:00
1561852800,1.13595,1.1369,1.13581,1.13683,0,2019-06-30 00:00:00
1561939200,1.13684,1.1371,1.12801,1.12859,0,2019-07-01 00:00:00
1562025600,1.12858,1.13215,1.12751,1.12899,0,2019-07-02 00:00:00
1562112000,1.12899,1.13123,1.12686,1.12872,0,2019-07-03 00:00:00
1562198400,1.12872,1.12951,1.12731,1.12863,0,2019-07-04 00:00:00
1562284800,1.12863,1.12867,1.12073,1.12235,0,2019-07-05 00:00:00
1562457600,1.12215,1.12291,1.12215,1.12286,0,2019-07-07 00:00:00
1562544000,1.12286,1.12344,1.12069,1.12161,0,2019-07-08 00:00:00
1562630400,1.12159,1.12187,1.11933,1.12057,0,2019-07-09 00:00:00
1562716800,1.12057,1.12643,1.12018,1.12594,0,2019-07-10 00:00:00
1562803200,1.12594,1.12857,1.12451,1.12563,0,2019-07-11 00:00:00
1562889600,1.12563,1.12748,1.12381,1.12698,0,2019-07-12 00:00:00
1563062400,1.12666,1.12744,1.12626,1.12717,0,2019-07-14 00:00:00
1563148800,1.12719,1.12838,1.12532,1.1261,0,2019-07-15 00:00:00
1563235200,1.12609,1.12634,1.12018,1.12106,0,2019-07-16 00:00:00
1563321600,1.12106,1.12335,1.11997,1.12272,0,2019-07-17 00:00:00
1563408000,1.12272,1.1282,1.12051,1.12493,0,2019-07-18 00:00:00
1563494400,1.12493,1.12683,1.12033,1.12192,0,2019-07-19 00:00:00
1563667200,1.1215,1.12197,1.1214,1.12176,0,2019-07-21 00:00:00
1563753600,1.12176,1.12253,1.1206,1.12083,0,2019-07-22 00:00:00
1563840000,1.12083,1.12087,1.11457,1.1152,0,2019-07-23 00:00:00
1563926400,1.11518,1.11558,1.11269,1.11418,0,2019-07-24 00:00:00
1564012800,1.11418,1.11877,1.11013,1.11464,0,2019-07-25 00:00:00
1564099200,1.11464,1.11509,1.1112,1.11247,0,2019-07-26 00:00:00
1564272000,1.11246,1.11322,1.11223,1.11317,0,2019-07-28 00:00:00
1564358400,1.11317,1.11509,1.11128,1.11465,0,2019-07-29 00:00:00
1564444800,1.11465,1.1161,1.11321,1.11579,0,2019-07-30 00:00:00
1564531200,1.11579,1.1162,1.106,1.10791,0,2019-07-31 00:00:00
1564617600,1.1079,1.10958,1.10268,1.10783,0,2019-08-01 00:00:00
1564704000,1.10783,1.11164,1.10696,1.11057,0,2019-08-02 00:00:00
1564876800,1.11042,1.11138,1.11033,1.11057,0,2019-08-04 00:00:00
1564963200,1.11057,1.12261,1.11054,1.12246,0,2019-08-05 00:00:00
1565049600,1.12246,1.12497,1.11675,1.12013,0,2019-08-06 00:00:00
1565136000,1.12013,1.12417,1.11791,1.12047,0,2019-08-07 00:00:00
1565222400,1.12049,1.12323,1.11769,1.11853,0,2019-08-08 00:00:00
1565308800,1.11854,1.12229,1.11833,1.11969,0,2019-08-09 00:00:00
1565481600,1.11978,1.12035,1.11967,1.12019,0,2019-08-11 00:00:00
1565568000,1.1202,1.12306,1.11619,1.12142,0,2019-08-12 00:00:00
1565654400,1.12143,1.12285,1.11698,1.11747,0,2019-08-13 00:00:00
1565740800,1.11746,1.11908,1.11305,1.11438,0,2019-08-14 00:00:00
1565827200,1.11438,1.11583,1.10913,1.11097,0,2019-08-15 00:00:00
1565913600,1.11101,1.11121,1.10662,1.10899,0,2019-08-16 00:00:00
1566086400,1.10925,1.1101,1.10906,1.1095,0,2019-08-18 00:00:00
1566172800,1.10946,1.11137,1.1076,1.1082,0,2019-08-19 00:00:00
1566259200,1.10822,1.11066,1.10655,1.10989,0,2019-08-20 00:00:00
1566345600,1.10989,1.1107,1.10804,1.1091,0,2019-08-21 00:00:00
1566432000,1.1091,1.1113,1.10635,1.1082,0,2019-08-22 00:00:00
1566518400,1.10819,1.11532,1.10516,1.1136,0,2019-08-23 00:00:00
1566691200,1.11507,1.11639,1.11393,1.11541,0,2019-08-25 00:00:00
1566777600,1.1154,1.11541,1.10942,1.10999,0,2019-08-26 00:00:00
1566864000,1.10999,1.11159,1.10855,1.10917,0,2019-08-27 00:00:00
1566950400,1.10918,1.10978,1.10733,1.10841,0,2019-08-28 00:00:00
1567036800,1.10843,1.1093,1.10419,1.1058,0,2019-08-29 00:00:00
1567123200,1.10581,1.10603,1.09632,1.0988,0,2019-08-30 00:00:00
1567296000,1.09893,1.09962,1.09831,1.09919,0,2019-09-01 00:00:00
1567382400,1.09915,1.09944,1.0958,1.09662,0,2019-09-02 00:00:00
1567468800,1.09661,1.09786,1.0926,1.09711,0,2019-09-03 00:00:00
1567555200,1.0971,1.10383,1.09686,1.1034,0,2019-09-04 00:00:00
1567641600,1.1034,1.10847,1.10166,1.10355,0,2019-09-05 00:00:00
1567728000,1.10355,1.10572,1.10201,1.1025,0,2019-09-06 00:00:00
1567900800,1.1026,1.10275,1.10234,1.10246,0,2019-09-08 00:00:00
1567987200,1.10246,1.1068,1.10153,1.10485,0,2019-09-09 00:00:00
1568073600,1.10485,1.10595,1.10305,1.10489,0,2019-09-10 00:00:00
1568160000,1.10488,1.10555,1.09851,1.10102,0,2019-09-11 00:00:00
1568246400,1.10101,1.10871,1.09268,1.10579,0,2019-09-12 00:00:00
1568332800,1.1058,1.11094,1.10554,1.10707,0,2019-09-13 00:00:00
1568505600,1.10732,1.10801,1.10695,1.10791,0,2019-09-15 00:00:00
1568592000,1.10792,1.10863,1.09932,1.10047,0,2019-09-16 00:00:00
1568678400,1.10048,1.10744,1.09901,1.1071,0,2019-09-17 00:00:00
1568764800,1.10709,1.10755,1.10136,1.1031,0,2019-09-18 00:00:00
1568851200,1.10311,1.10735,1.10229,1.10447,0,2019-09-19 00:00:00
1568937600,1.10446,1.10676,1.09961,1.10169,0,2019-09-20 00:00:00
1569110400,1.10136,1.1019,1.10106,1.10176,0,2019-09-22 00:00:00
1569196800,1.10176,1.10253,1.09661,1.09954,0,2019-09-23 00:00:00
1569283200,1.09953,1.1024,1.09837,1.10189,0,2019-09-24 00:00:00
1569369600,1.10188,1.10194,1.09374,1.09491,0,2019-09-25 00:00:00
1569456000,1.09492,1.09672,1.09087,1.092,0,2019-09-26 00:00:00
1569542400,1.09204,1.09586,1.09046,1.09367,0,2019-09-27 00:00:00
1569715200,1.09419,1.09461,1.09391,1.09445,0,2019-09-29 00:00:00
1569801600,1.09444,1.09478,1.08847,1.08982,0,2019-09-30 00:00:00
1569888000,1.08983,1.09428,1.0879,1.09312,0,2019-10-01 00:00:00
1569974400,1.09312,1.09636,1.0904,1.09592,0,2019-10-02 00:00:00
1570060800,1.09595,1.09992,1.09408,1.09719,0,2019-10-03 00:00:00
1570147200,1.09719,1.0999,1.0957,1.0976,0,2019-10-04 00:00:00
1570320000,1.09803,1.09836,1.09728,1.09812,0,2019-10-06 00:00:00
1570406400,1.09812,1.10004,1.09619,1.09717,0,2019-10-07 00:00:00
1570492800,1.09717,1.09958,1.09409,1.09582,0,2019-10-08 00:00:00
1570579200,1.09582,1.099,1.09548,1.09843,0,2019-10-09 00:00:00
1570665600,1.09844,1.10337,1.09797,1.1007,0,2019-10-10 00:00:00
1570752000,1.1007,1.10626,1.10007,1.10329,0,2019-10-11 00:00:00
1570924800,1.10316,1.10385,1.10291,1.10297,0,2019-10-13 00:00:00
1571011200,1.103,1.10426,1.10128,1.10276,0,2019-10-14 00:00:00
1571097600,1.10275,1.10459,1.09912,1.10332,0,2019-10-15 00:00:00
1571184000,1.10334,1.10855,1.10223,1.10747,0,2019-10-16 00:00:00
1571270400,1.10747,1.11398,1.1065,1.1125,0,2019-10-17 00:00:00
1571356800,1.11251,1.11719,1.11145,1.11703,0,2019-10-18 00:00:00
1571529600,1.11607,1.11634,1.11494,1.11573,0,2019-10-20 00:00:00
1571616000,1.11572,1.11793,1.11386,1.11494,0,2019-10-21 00:00:00
1571702400,1.11495,1.11568,1.11176,1.11307,0,2019-10-22 00:00:00
1571788800,1.11307,1.11405,1.11061,1.11322,0,2019-10-23 00:00:00
1571875200,1.11322,1.11627,1.1093,1.11034,0,2019-10-24 00:00:00
1571961600,1.11035,1.11229,1.10729,1.1079,0,2019-10-25 00:00:00
1572134400,1.108,1.1084,1.10774,1.10839,0,2019-10-27 00:00:00
1572220800,1.10839,1.11065,1.1076,1.10982,0,2019-10-28 00:00:00
1572307200,1.10982,1.11183,1.10735,1.1112,0,2019-10-29 00:00:00
1572393600,1.11119,1.11554,1.10801,1.11521,0,2019-10-30 00:00:00
1572480000,1.11521,1.11755,1.11314,1.11561,0,2019-10-31 00:00:00
1572566400,1.11559,1.11718,1.11281,1.11641,0,2019-11-01 00:00:00
1572739200,1.11684,1.11696,1.11639,1.11661,0,2019-11-03 00:00:00
1572825600,1.1166,1.11753,1.11218,1.11279,0,2019-11-04 00:00:00
1572912000,1.11279,1.11401,1.10635,1.10738,0,2019-11-05 00:00:00
1572998400,1.10739,1.10928,1.10651,1.107,0,2019-11-06 00:00:00
1573084800,1.10699,1.10914,1.1036,1.10523,0,2019-11-07 00:00:00
1573171200,1.10524,1.10554,1.10167,1.10176,0,2019-11-08 00:00:00
1573344000,1.1023,1.10231,1.10191,1.10218,0,2019-11-10 00:00:00
1573430400,1.10217,1.1043,1.10163,1.10347,0,2019-11-11 00:00:00
1573516800,1.10347,1.10385,1.10025,1.1012,0,2019-11-12 00:00:00
1573603200,1.1012,1.10203,1.09953,1.10096,0,2019-11-13 00:00:00
1573689600,1.10096,1.10274,1.0989,1.10197,0,2019-11-14 00:00:00
1573776000,1.10198,1.10569,1.10145,1.10494,0,2019-11-15 00:00:00
1573948800,1.10489,1.10545,1.10487,1.10539,0,2019-11-17 00:00:00
1574035200,1.1054,1.10899,1.10533,1.10722,0,2019-11-18 00:00:00
1574121600,1.10721,1.10839,1.10626,1.10779,0,2019-11-19 00:00:00
1574208000,1.10781,1.10813,1.1053,1.10779,0,2019-11-20 00:00:00
1574294400,1.10779,1.10969,1.10522,1.10656,0,2019-11-21 00:00:00
1574380800,1.10657,1.10872,1.10143,1.10179,0,2019-11-22 00:00:00
1574553600,1.1017,1.10225,1.10162,1.10225,0,2019-11-24 00:00:00
1574640000,1.10225,1.10321,1.10035,1.10104,0,2019-11-25 00:00:00
1574726400,1.10105,1.10256,1.10071,1.1022,0,2019-11-26 00:00:00
1574812800,1.1022,1.10222,1.09922,1.10048,0,2019-11-27 00:00:00
1574899200,1.10049,1.10179,1.10003,1.10113,0,2019-11-28 00:00:00
1574985600,1.10113,1.10282,1.09811,1.1015,0,2019-11-29 00:00:00
1575158400,1.10229,1.10269,1.1017,1.10182,0,2019-12-01 00:00:00
1575244800,1.10182,1.10907,1.10029,1.10761,0,2019-12-02 00:00:00
1575331200,1.1076,1.10934,1.1066,1.10818,0,2019-12-03 00:00:00
1575417600,1.10819,1.11161,1.10666,1.10827,0,2019-12-04 00:00:00
1575504000,1.10824,1.1108,1.10793,1.11038,0,2019-12-05 00:00:00
1575590400,1.11039,1.11097,1.10398,1.10543,0,2019-12-06 00:00:00
1575763200,1.1058,1.10604,1.10562,1.10582,0,2019-12-08 00:00:00
1575849600,1.10581,1.10779,1.10533,1.10643,0,2019-12-09 00:00:00
1575936000,1.10642,1.10977,1.10628,1.10923,0,2019-12-10 00:00:00
1576022400,1.10923,1.11448,1.10701,1.11325,0,2019-12-11 00:00:00
1576108800,1.11326,1.11995,1.11029,1.11833,0,2019-12-12 00:00:00
1576195200,1.11833,1.1186,1.1112,1.11174,0,2019-12-13 00:00:00
1576368000,1.1128,1.11309,1.11225,1.11242,0,2019-12-15 00:00:00
1576454400,1.11241,1.11581,1.11229,1.11355,0,2019-12-16 00:00:00
1576540800,1.11355,1.11746,1.11293,1.11514,0,2019-12-17 00:00:00
1576627200,1.11512,1.11512,1.11105,1.11154,0,2019-12-18 00:00:00
1576713600,1.11154,1.11442,1.11072,1.11231,0,2019-12-19 00:00:00
1576800000,1.11231,1.11236,1.10662,1.10769,0,2019-12-20 00:00:00
1576972800,1.1081,1.10813,1.10766,1.10802,0,2019-12-22 00:00:00
1577059200,1.10801,1.10958,1.10699,1.10917,0,2019-12-23 00:00:00
1577145600,1.10918,1.10938,1.1069,1.10873,0,2019-12-24 00:00:00
1577232000,1.10873,1.10953,1.1073,1.10944,0,2019-12-25 00:00:00
1577318400,1.10944,1.11088,1.10821,1.11012,0,2019-12-26 00:00:00
1577404800,1.11013,1.11883,1.10987,1.11713,0,2019-12-27 00:00:00
1577577600,1.11736,1.11839,1.11718,1.11813,0,2019-12-29 00:00:00
1577664000,1.11812,1.12207,1.11806,1.12013,0,2019-12-30 00:00:00
1577750400,1.12013,1.12391,1.11987,1.12076,0,2019-12-31 00:00:00
1577836800,1.1212,1.12218,1.12106,1.12188,0,2020-01-01 00:00:00
1577923200,1.12188,1.12245,1.11635,1.11708,0,2020-01-02 00:00:00
1578009600,1.11707,1.11798,1.11249,1.11548,0,2020-01-03 00:00:00
1578182400,1.11656,1.11677,1.11589,1.11604,0,2020-01-05 00:00:00
1578268800,1.11603,1.12055,1.11571,1.11954,0,2020-01-06 00:00:00
1578355200,1.11953,1.1197,1.11335,1.1154,0,2020-01-07 00:00:00
1578441600,1.11539,1.11682,1.11016,1.11129,0,2020-01-08 00:00:00
1578528000,1.1113,1.11204,1.10924,1.11093,0,2020-01-09 00:00:00
1578614400,1.11092,1.11291,1.1085,1.11165,0,2020-01-10 00:00:00
1578787200,1.11141,1.11209,1.11128,1.11161,0,2020-01-12 00:00:00
1578873600,1.11161,1.11469,1.11125,1.11344,0,2020-01-13 00:00:00
1578960000,1.11344,1.11444,1.11045,1.11275,0,2020-01-14 00:00:00
1579046400,1.11276,1.11634,1.11185,1.11524,0,2020-01-15 00:00:00
1579132800,1.11524,1.11727,1.11279,1.11368,0,2020-01-16 00:00:00
1579219200,1.11368,1.11425,1.10862,1.1089,0,2020-01-17 00:00:00
1579392000,1.1091,1.10948,1.10889,1.10946,0,2020-01-19 00:00:00
1579478400,1.10946,1.11023,1.10766,1.10962,0,2020-01-20 00:00:00
1579564800,1.10963,1.11179,1.10809,1.10851,0,2020-01-21 00:00:00
1579651200,1.10851,1.10984,1.107,1.10957,0,2020-01-22 00:00:00
1579737600,1.10956,1.11087,1.10362,1.10554,0,2020-01-23 00:00:00
1579824000,1.10554,1.10617,1.10195,1.10224,0,2020-01-24 00:00:00
1579996800,1.10318,1.10343,1.10244,1.10245,0,2020-01-26 00:00:00
1580083200,1.10245,1.10375,1.10096,1.10193,0,2020-01-27 00:00:00
1580169600,1.10193,1.10252,1.09978,1.1022,0,2020-01-28 00:00:00
1580256000,1.1022,1.10276,1.09923,1.10138,0,2020-01-29 00:00:00
1580342400,1.10138,1.10393,1.10069,1.10285,0,2020-01-30 00:00:00
1580428800,1.10285,1.10954,1.10168,1.10944,0,2020-01-31 00:00:00
1580601600,1.10939,1.10939,1.10813,1.1089,0,2020-02-02 00:00:00
1580688000,1.1089,1.1089,1.10356,1.10623,0,2020-02-03 00:00:00
1580774400,1.10623,1.10641,1.10328,1.10446,0,2020-02-04 00:00:00
1580860800,1.10449,1.10479,1.09937,1.10003,0,2020-02-05 00:00:00
1580947200,1.10003,1.10138,1.09644,1.09806,0,2020-02-06 00:00:00
1581033600,1.09809,1.09849,1.09419,1.09438,0,2020-02-07 00:00:00
1581206400,1.09439,1.09507,1.09419,1.09491,0,2020-02-09 00:00:00
1581292800,1.09491,1.09574,1.09076,1.09101,0,2020-02-10 00:00:00
1581379200,1.09103,1.09248,1.08913,1.09189,0,2020-02-11 00:00:00
1581465600,1.09187,1.09255,1.08654,1.08756,0,2020-02-12 00:00:00
1581552000,1.08755,1.08887,1.0834,1.08413,0,2020-02-13 00:00:00
1581638400,1.08415,1.08611,1.08271,1.08299,0,2020-02-14 00:00:00
1581811200,1.08406,1.08416,1.08355,1.08411,0,2020-02-16 00:00:00
1581897600,1.08411,1.08509,1.08291,1.08366,0,2020-02-17 00:00:00
1581984000,1.08365,1.08372,1.07854,1.07949,0,2020-02-18 00:00:00
1582070400,1.07949,1.08115,1.07822,1.08096,0,2020-02-19 00:00:00
1582156800,1.08095,1.08211,1.07778,1.07875,0,2020-02-20 00:00:00
1582243200,1.07875,1.08635,1.07871,1.08456,0,2020-02-21 00:00:00
1582416000,1.08145,1.08419,1.08132,1.08384,0,2020-02-23 00:00:00
1582502400,1.08385,1.0872,1.0805,1.08485,0,2020-02-24 00:00:00
1582588800,1.08485,1.08902,1.083,1.08797,0,2020-02-25 00:00:00
1582675200,1.08796,1.09086,1.08549,1.08864,0,2020-02-26 00:00:00
1582761600,1.08865,1.10064,1.08848,1.09963,0,2020-02-27 00:00:00
1582848000,1.09964,1.1053,1.09509,1.10251,0,2020-02-28 00:00:00
1583020800,1.10423,1.10739,1.10393,1.10515,0,2020-03-01 00:00:00
1583107200,1.10516,1.11845,1.10362,1.11443,0,2020-03-02 00:00:00
1583193600,1.11443,1.12134,1.10953,1.11765,0,2020-03-03 00:00:00
1583280000,1.11765,1.11875,1.10955,1.1138,0,2020-03-04 00:00:00
1583366400,1.11382,1.12447,1.11195,1.12224,0,2020-03-05 00:00:00
1583452800,1.12224,1.13546,1.12112,1.12804,0,2020-03-06 00:00:00
1583625600,1.13473,1.13963,1.1335,1.13876,0,2020-03-08 00:00:00
1583712000,1.13876,1.14954,1.13559,1.13989,0,2020-03-09 00:00:00
1583798400,1.13989,1.14251,1.12749,1.13136,0,2020-03-10 00:00:00
1583884800,1.13136,1.13667,1.12501,1.12611,0,2020-03-11 00:00:00
1583971200,1.12612,1.13336,1.1055,1.11823,0,2020-03-12 00:00:00
1584057600,1.11822,1.12213,1.1055,1.10992,0,2020-03-13 00:00:00
1584230400,1.10705,1.11996,1.10705,1.1156,0,2020-03-15 00:00:00
1584316800,1.1156,1.12366,1.10849,1.11633,0,2020-03-16 00:00:00
1584403200,1.11632,1.11891,1.0955,1.1016,0,2020-03-17 00:00:00
1584489600,1.10161,1.10451,1.08016,1.09442,0,2020-03-18 00:00:00
1584576000,1.09442,1.0949,1.06542,1.06544,0,2020-03-19 00:00:00
1584662400,1.06543,1.08309,1.06375,1.06929,0,2020-03-20 00:00:00
1584835200,1.07011,1.07044,1.06357,1.06886,0,2020-03-22 00:00:00
1584921600,1.06886,1.08279,1.06577,1.07635,0,2020-03-23 00:00:00
1585008000,1.07633,1.08879,1.07457,1.07977,0,2020-03-24 00:00:00
1585094400,1.07978,1.08938,1.07599,1.08884,0,2020-03-25 00:00:00
1585180800,1.08882,1.10589,1.08742,1.10475,0,2020-03-26 00:00:00
1585267200,1.10475,1.11473,1.09533,1.11379,0,2020-03-27 00:00:00
1585440000,1.11172,1.11285,1.11067,1.11096,0,2020-03-29 00:00:00
1585526400,1.11361,1.11383,1.101,1.10414,0,2020-03-30 00:00:00
1585612800,1.10413,1.10427,1.09265,1.1023,0,2020-03-31 00:00:00
1585699200,1.10232,1.10372,1.09026,1.09559,0,2020-04-01 00:00:00
1585785600,1.09559,1.09644,1.08206,1.08499,0,2020-04-02 00:00:00
1585872000,1.08499,1.08553,1.07727,1.07955,0,2020-04-03 00:00:00
1586044800,1.08082,1.08214,1.08026,1.08175,0,2020-04-05 00:00:00
1586131200,1.08176,1.08354,1.07683,1.07849,0,2020-04-06 00:00:00
1586217600,1.0785,1.09263,1.07843,1.08922,0,2020-04-07 00:00:00
1586304000,1.08922,1.09019,1.08299,1.08589,0,2020-04-08 00:00:00
1586390400,1.08587,1.09516,1.08409,1.09275,0,2020-04-09 00:00:00
1586476800,1.09285,1.09524,1.09192,1.09326,0,2020-04-10 00:00:00
1586649600,1.09482,1.09482,1.09325,1.09362,0,2020-04-12 00:00:00
1586736000,1.09363,1.09678,1.08926,1.09147,0,2020-04-13 00:00:00
1586822400,1.09148,1.09907,1.09145,1.09834,0,2020-04-14 00:00:00
1586908800,1.09837,1.09879,1.08564,1.09017,0,2020-04-15 00:00:00
1586995200,1.09017,1.09072,1.08166,1.08606,0,2020-04-16 00:00:00
1587081600,1.08606,1.08926,1.08119,1.08711,0,2020-04-17 00:00:00
1587254400,1.08748,1.08777,1.08634,1.08676,0,2020-04-19 00:00:00
1587340800,1.08675,1.08967,1.08411,1.08642,0,2020-04-20 00:00:00
1587427200,1.08642,1.08802,1.08165,1.08536,0,2020-04-21 00:00:00
1587513600,1.0854,1.08852,1.08032,1.0823,0,2020-04-22 00:00:00
1587600000,1.0823,1.08466,1.0756,1.07797,0,2020-04-23 00:00:00
1587686400,1.07798,1.08294,1.07271,1.08196,0,2020-04-24 00:00:00
1587859200,1.08211,1.08228,1.08146,1.0817,0,2020-04-26 00:00:00
1587945600,1.08169,1.08602,1.08112,1.08286,0,2020-04-27 00:00:00
1588032000,1.08287,1.08884,1.08097,1.08253,0,2020-04-28 00:00:00
1588118400,1.08253,1.08856,1.08239,1.08749,0,2020-04-29 00:00:00
1588204800,1.08748,1.09726,1.0833,1.09429,0,2020-04-30 00:00:00
1588291200,1.09429,1.10187,1.09344,1.09777,0,2020-05-01 00:00:00
1588464000,1.09676,1.09736,1.09529,1.09563,0,2020-05-03 00:00:00
1588550400,1.09564,1.09624,1.08956,1.0904,0,2020-05-04 00:00:00
1588636800,1.0904,1.09258,1.08258,1.08403,0,2020-05-05 00:00:00
1588723200,1.08406,1.08438,1.07819,1.07981,0,2020-05-06 00:00:00
1588809600,1.07982,1.08408,1.07665,1.08376,0,2020-05-07 00:00:00
1588896000,1.08377,1.08756,1.08151,1.08371,0,2020-05-08 00:00:00
1589068800,1.08265,1.08376,1.08239,1.08345,0,2020-05-10 00:00:00
1589155200,1.08344,1.08504,1.08005,1.08097,0,2020-05-11 00:00:00
1589241600,1.08095,1.08851,1.07843,1.08516,0,2020-05-12 00:00:00
1589328000,1.08514,1.08965,1.08116,1.0818,0,2020-05-13 00:00:00
1589414400,1.0818,1.08239,1.07748,1.08032,0,2020-05-14 00:00:00
1589500800,1.08034,1.08509,1.07888,1.08183,0,2020-05-15 00:00:00
1589673600,1.08088,1.08231,1.08067,1.08208,0,2020-05-17 00:00:00
1589760000,1.08209,1.0927,1.07999,1.09164,0,2020-05-18 00:00:00
1589846400,1.09167,1.09759,1.09021,1.09242,0,2020-05-19 00:00:00
1589932800,1.09241,1.09989,1.09226,1.0979,0,2020-05-20 00:00:00
1590019200,1.09789,1.10083,1.09371,1.09505,0,2020-05-21 00:00:00
1590105600,1.09506,1.09535,1.08852,1.0898,0,2020-05-22 00:00:00
1590278400,1.08956,1.09054,1.08951,1.09039,0,2020-05-24 00:00:00
1590364800,1.0904,1.09144,1.08706,1.08947,0,2020-05-25 00:00:00
1590451200,1.08946,1.09957,1.08945,1.09819,0,2020-05-26 00:00:00
1590537600,1.09818,1.10307,1.0934,1.10131,0,2020-05-27 00:00:00
1590624000,1.10131,1.10934,1.09916,1.10738,0,2020-05-28 00:00:00
1590710400,1.10737,1.11451,1.10698,1.11036,0,2020-05-29 00:00:00
1590883200,1.11129,1.11194,1.11023,1.11118,0,2020-05-31 00:00:00
1590969600,1.11119,1.1154,1.11004,1.11322,0,2020-06-01 00:00:00
1591056000,1.11323,1.11959,1.11151,1.11729,0,2020-06-02 00:00:00
1591142400,1.1173,1.12577,1.1169,1.1232,0,2020-06-03 00:00:00
1591228800,1.12321,1.13623,1.11947,1.13382,0,2020-06-04 00:00:00
1591315200,1.13382,1.13836,1.12784,1.12911,0,2020-06-05 00:00:00
1591488000,1.12934,1.13066,1.1293,1.13016,0,2020-06-07 00:00:00
1591574400,1.13014,1.13198,1.12682,1.12946,0,2020-06-08 00:00:00
1591660800,1.12948,1.13638,1.12409,1.13388,0,2020-06-09 00:00:00
1591747200,1.13388,1.14224,1.13219,1.13771,0,2020-06-10 00:00:00
1591833600,1.1377,1.14036,1.1287,1.12984,0,2020-06-11 00:00:00
1591920000,1.12984,1.13405,1.12125,1.1255,0,2020-06-12 00:00:00
1592092800,1.12329,1.12517,1.12262,1.12467,0,2020-06-14 00:00:00
1592179200,1.12468,1.13324,1.12267,1.13293,0,2020-06-15 00:00:00
1592265600,1.13293,1.13532,1.12278,1.1259,0,2020-06-16 00:00:00
1592352000,1.1259,1.12939,1.12068,1.12444,0,2020-06-17 00:00:00
1592438400,1.12444,1.12613,1.11854,1.12089,0,2020-06-18 00:00:00
1592524800,1.1209,1.12542,1.1168,1.11759,0,2020-06-19 00:00:00
1592697600,1.11835,1.11874,1.1175,1.11806,0,2020-06-21 00:00:00
1592784000,1.11806,1.12748,1.11684,1.12727,0,2020-06-22 00:00:00
1592870400,1.12727,1.13486,1.1233,1.13079,0,2020-06-23 00:00:00
1592956800,1.13081,1.13257,1.12482,1.12522,0,2020-06-24 00:00:00
1593043200,1.12522,1.12597,1.11903,1.12211,0,2020-06-25 00:00:00
1593129600,1.12211,1.12393,1.11951,1.1217,0,2020-06-26 00:00:00
1593302400,1.12149,1.1228,1.12149,1.12243,0,2020-06-28 00:00:00
1593388800,1.12243,1.12879,1.12193,1.12487,0,2020-06-29 00:00:00
1593475200,1.12486,1.12619,1.1191,1.12349,0,2020-06-30 00:00:00
1593561600,1.12348,1.12751,1.11848,1.1252,0,2020-07-01 00:00:00
1593648000,1.12521,1.13026,1.12233,1.12413,0,2020-07-02 00:00:00
1593734400,1.12415,1.12518,1.12192,1.12464,0,2020-07-03 00:00:00
1593907200,1.12433,1.12466,1.12411,1.12449,0,2020-07-05 00:00:00
1593993600,1.12452,1.13454,1.12445,1.13105,0,2020-07-06 00:00:00
1594080000,1.13104,1.13325,1.12588,1.12739,0,2020-07-07 00:00:00
1594166400,1.12739,1.13518,1.12623,1.13324,0,2020-07-08 00:00:00
1594252800,1.13323,1.13706,1.12801,1.12873,0,2020-07-09 00:00:00
1594339200,1.12873,1.13247,1.12547,1.1299,0,2020-07-10 00:00:00
1594512000,1.13039,1.13158,1.13026,1.13157,0,2020-07-12 00:00:00
1594598400,1.13157,1.13748,1.13008,1.13447,0,2020-07-13 00:00:00
1594684800,1.13448,1.14123,1.13251,1.14087,0,2020-07-14 00:00:00
1594771200,1.14088,1.1452,1.1391,1.14117,0,2020-07-15 00:00:00
1594857600,1.14118,1.14417,1.13704,1.13846,0,2020-07-16 00:00:00
1594944000,1.13847,1.14436,1.13774,1.14269,0,2020-07-17 00:00:00
1595116800,1.14084,1.1443,1.14084,1.14354,0,2020-07-19 00:00:00
1595203200,1.14355,1.14677,1.14023,1.14462,0,2020-07-20 00:00:00
1595289600,1.14463,1.15398,1.14228,1.15321,0,2020-07-21 00:00:00
1595376000,1.15324,1.16013,1.15068,1.15697,0,2020-07-22 00:00:00
1595462400,1.15697,1.16268,1.15403,1.16024,0,2020-07-23 00:00:00
1595548800,1.16023,1.1658,1.15812,1.16546,0,2020-07-24 00:00:00
1595721600,1.1643,1.16549,1.16413,1.16523,0,2020-07-26 00:00:00
1595808000,1.16525,1.17813,1.16421,1.17634,0,2020-07-27 00:00:00
1595894400,1.17633,1.17736,1.16987,1.17199,0,2020-07-28 00:00:00
1595980800,1.17199,1.18061,1.17139,1.17897,0,2020-07-29 00:00:00
1596067200,1.17895,1.18486,1.17308,1.18479,0,2020-07-30 00:00:00
1596153600,1.18481,1.19087,1.17617,1.17753,0,2020-07-31 00:00:00
1596326400,1.17725,1.17963,1.17717,1.17942,0,2020-08-02 00:00:00
1596412800,1.17943,1.17966,1.16959,1.17603,0,2020-08-03 00:00:00
1596499200,1.17603,1.18059,1.17211,1.17979,0,2020-08-04 00:00:00
1596585600,1.17981,1.19048,1.17943,1.18724,0,2020-08-05 00:00:00
1596672000,1.18724,1.1916,1.18179,1.18812,0,2020-08-06 00:00:00
1596758400,1.18812,1.18818,1.17551,1.17862,0,2020-08-07 00:00:00
1596931200,1.17886,1.17896,1.17732,1.17758,0,2020-08-09 00:00:00
1597017600,1.17758,1.18006,1.17359,1.17414,0,2020-08-10 00:00:00
1597104000,1.17414,1.1808,1.17219,1.17433,0,2020-08-11 00:00:00
1597190400,1.17433,1.1817,1.1711,1.17875,0,2020-08-12 00:00:00
1597276800,1.17875,1.18641,1.17854,1.18172,0,2020-08-13 00:00:00
1597363200,1.18172,1.18503,1.17817,1.18414,0,2020-08-14 00:00:00
1597536000,1.18389,1.18454,1.18324,1.18415,0,2020-08-16 00:00:00
1597622400,1.18416,1.18809,1.18286,1.18726,0,2020-08-17 00:00:00
1597708800,1.18726,1.19656,1.18711,1.19394,0,2020-08-18 00:00:00
1597795200,1.19395,1.19526,1.18302,1.18512,0,2020-08-19 00:00:00
1597881600,1.18513,1.18686,1.18019,1.18651,0,2020-08-20 00:00:00
1597968000,1.18651,1.18828,1.17541,1.17949,0,2020-08-21 00:00:00
1598140800,1.17911,1.18018,1.17911,1.18008,0,2020-08-23 00:00:00
1598227200,1.18015,1.18495,1.17841,1.17936,0,2020-08-24 00:00:00
1598313600,1.17938,1.18435,1.17841,1.18333,0,2020-08-25 00:00:00
1598400000,1.18333,1.18391,1.17721,1.18365,0,2020-08-26 00:00:00
1598486400,1.18367,1.19018,1.17623,1.18184,0,2020-08-27 00:00:00
1598572800,1.18185,1.19197,1.18109,1.19018,0,2020-08-28 00:00:00
1598745600,1.18998,1.19133,1.18996,1.19084,0,2020-08-30 00:00:00
1598832000,1.19085,1.1966,1.1884,1.19371,0,2020-08-31 00:00:00
1598918400,1.19369,1.20113,1.19013,1.19178,0,2020-09-01 00:00:00
1599004800,1.19179,1.19287,1.18221,1.18535,0,2020-09-02 00:00:00
1599091200,1.18536,1.18646,1.17889,1.18461,0,2020-09-03 00:00:00
1599177600,1.18462,1.18654,1.17809,1.18371,0,2020-09-04 00:00:00
1599350400,1.18432,1.18469,1.18319,1.18404,0,2020-09-06 00:00:00
1599436800,1.18404,1.18486,1.18116,1.1816,0,2020-09-07 00:00:00
1599523200,1.18158,1.18273,1.1757,1.17667,0,2020-09-08 00:00:00
1599609600,1.1767,1.18339,1.17527,1.18087,0,2020-09-09 00:00:00
1599696000,1.1809,1.19175,1.18004,1.18269,0,2020-09-10 00:00:00
1599782400,1.1827,1.18741,1.18221,1.18453,0,2020-09-11 00:00:00
1599955200,1.18348,1.18473,1.18347,1.18453,0,2020-09-13 00:00:00
1600041600,1.18454,1.1888,1.18319,1.18676,0,2020-09-14 00:00:00
1600128000,1.18678,1.19005,1.18395,1.18478,0,2020-09-15 00:00:00
1600214400,1.18478,1.18825,1.17876,1.18158,0,2020-09-16 00:00:00
1600300800,1.18157,1.18544,1.17373,1.18522,0,2020-09-17 00:00:00
1600387200,1.18522,1.18705,1.1826,1.18385,0,2020-09-18 00:00:00
1600560000,1.18369,1.18489,1.18369,1.18484,0,2020-09-20 00:00:00
1600646400,1.18484,1.18717,1.17317,1.17646,0,2020-09-21 00:00:00
1600732800,1.17645,1.17715,1.16916,1.17068,0,2020-09-22 00:00:00
1600819200,1.1707,1.17188,1.16513,1.1662,0,2020-09-23 00:00:00
1600905600,1.1662,1.16869,1.16265,1.16723,0,2020-09-24 00:00:00
1600992000,1.16724,1.1685,1.16121,1.16277,0,2020-09-25 00:00:00
1601164800,1.16271,1.16377,1.16206,1.16326,0,2020-09-27 00:00:00
1601251200,1.16326,1.16799,1.1615,1.16689,0,2020-09-28 00:00:00
1601337600,1.1669,1.17455,1.16652,1.17442,0,2020-09-29 00:00:00
1601424000,1.17445,1.17548,1.16847,1.17301,0,2020-09-30 00:00:00
1601510400,1.17303,1.17696,1.17171,1.17446,0,2020-10-01 00:00:00
1601596800,1.17446,1.1745,1.16956,1.17157,0,2020-10-02 00:00:00
1601769600,1.1711,1.17172,1.17053,1.17147,0,2020-10-04 00:00:00
1601856000,1.17149,1.17975,1.17129,1.17873,0,2020-10-05 00:00:00
1601942400,1.17878,1.18077,1.17302,1.17338,0,2020-10-06 00:00:00
1602028800,1.17337,1.17818,1.17249,1.17682,0,2020-10-07 00:00:00
1602115200,1.17682,1.17816,1.17326,1.1764,0,2020-10-08 00:00:00
1602201600,1.17639,1.1831,1.17576,1.18248,0,2020-10-09 00:00:00
1602374400,1.18103,1.18226,1.18102,1.18164,0,2020-10-11 00:00:00
1602460800,1.18166,1.18266,1.17867,1.18139,0,2020-10-12 00:00:00
1602547200,1.18139,1.18148,1.17304,1.17436,0,2020-10-13 00:00:00
1602633600,1.17435,1.1771,1.17199,1.17425,0,2020-10-14 00:00:00
1602720000,1.17427,1.17578,1.16884,1.17056,0,2020-10-15 00:00:00
1602806400,1.17058,1.17462,1.16939,1.17132,0,2020-10-16 00:00:00
1602979200,1.17181,1.17209,1.17122,1.17126,0,2020-10-18 00:00:00
1603065600,1.17129,1.17936,1.17031,1.17682,0,2020-10-19 00:00:00
1603152000,1.17682,1.18407,1.17598,1.18279,0,2020-10-20 00:00:00
1603238400,1.18279,1.18807,1.1826,1.18593,0,2020-10-21 00:00:00
1603324800,1.18594,1.18668,1.18114,1.18227,0,2020-10-22 00:00:00
1603411200,1.18226,1.18648,1.17866,1.18572,0,2020-10-23 00:00:00
1603584000,1.18546,1.18605,1.18392,1.18479,0,2020-10-25 00:00:00
1603670400,1.18479,1.18504,1.18032,1.18091,0,2020-10-26 00:00:00
1603756800,1.18092,1.18387,1.17695,1.17815,0,2020-10-27 00:00:00
1603843200,1.17818,1.17879,1.17178,1.17482,0,2020-10-28 00:00:00
1603929600,1.17482,1.17587,1.16501,1.16783,0,2020-10-29 00:00:00
1604016000,1.16782,1.17042,1.164,1.16431,0,2020-10-30 00:00:00
1604188800,1.16498,1.16503,1.16386,1.16416,0,2020-11-01 00:00:00
1604275200,1.16415,1.16557,1.16221,1.16404,0,2020-11-02 00:00:00
1604361600,1.16405,1.17639,1.16372,1.17616,0,2020-11-03 00:00:00
1604448000,1.17617,1.17704,1.16026,1.17321,0,2020-11-04 00:00:00
1604534400,1.17321,1.18596,1.17107,1.18167,0,2020-11-05 00:00:00
1604620800,1.18169,1.18908,1.17952,1.187,0,2020-11-06 00:00:00
1604793600,1.18898,1.1895,1.18833,1.18924,0,2020-11-08 00:00:00
1604880000,1.18924,1.19199,1.17952,1.1824,0,2020-11-09 00:00:00
1604966400,1.1824,1.18432,1.17799,1.18184,0,2020-11-10 00:00:00
1605052800,1.18183,1.18327,1.17454,1.17792,0,2020-11-11 00:00:00
1605139200,1.17792,1.18231,1.17585,1.18038,0,2020-11-12 00:00:00
1605225600,1.18039,1.18374,1.17989,1.1831,0,2020-11-13 00:00:00
1605398400,1.18411,1.18488,1.18288,1.18448,0,2020-11-15 00:00:00
1605484800,1.18447,1.18689,1.18141,1.18592,0,2020-11-16 00:00:00
1605571200,1.18593,1.18937,1.18425,1.18636,0,2020-11-17 00:00:00
1605657600,1.18637,1.18908,1.18448,1.18451,0,2020-11-18 00:00:00
1605744000,1.18452,1.18825,1.18161,1.18653,0,2020-11-19 00:00:00
1605830400,1.18655,1.18908,1.18498,1.18544,0,2020-11-20 00:00:00
1606003200,1.18538,1.18659,1.18528,1.18654,0,2020-11-22 00:00:00
1606089600,1.18655,1.1906,1.17997,1.18422,0,2020-11-23 00:00:00
1606176000,1.18422,1.18978,1.18384,1.18974,0,2020-11-24 00:00:00
1606262400,1.18976,1.19297,1.18818,1.19162,0,2020-11-25 00:00:00
1606348800,1.19164,1.19409,1.18852,1.19109,0,2020-11-26 00:00:00
1606435200,1.1911,1.19641,1.19094,1.1962,0,2020-11-27 00:00:00
1606608000,1.19614,1.19738,1.1961,1.19721,0,2020-11-29 00:00:00
1606694400,1.19722,1.1974,1.1964,1.1968,0,2020-11-30 00:00:00
1606780800,1.19372,1.20765,1.19353,1.20706,0,2020-12-01 00:00:00
1606867200,1.20707,1.21183,1.20399,1.21138,0,2020-12-02 00:00:00
1606953600,1.21137,1.21746,1.2101,1.21449,0,2020-12-03 00:00:00
1607040000,1.21449,1.21773,1.21101,1.21202,0,2020-12-04 00:00:00
1607212800,1.21308,1.21324,1.21195,1.212,0,2020-12-06 00:00:00
1607299200,1.21199,1.21662,1.20784,1.21092,0,2020-12-07 00:00:00
1607385600,1.21091,1.21339,1.20953,1.21094,0,2020-12-08 00:00:00
1607472000,1.21095,1.21475,1.20587,1.20784,0,2020-12-09 00:00:00
1607558400,1.20784,1.21588,1.20784,1.21433,0,2020-12-10 00:00:00
1607644800,1.21434,1.21629,1.21053,1.21086,0,2020-12-11 00:00:00
1607817600,1.21367,1.21435,1.21324,1.21331,0,2020-12-13 00:00:00
1607904000,1.21331,1.21767,1.21155,1.21486,0,2020-12-14 00:00:00
1607990400,1.21485,1.21689,1.2121,1.21543,0,2020-12-15 00:00:00
1608076800,1.21543,1.22121,1.2125,1.21961,0,2020-12-16 00:00:00
1608163200,1.21961,1.22726,1.21898,1.22614,0,2020-12-17 00:00:00
1608249600,1.22613,1.22687,1.22255,1.22559,0,2020-12-18 00:00:00
1608422400,1.2221,1.22348,1.22113,1.22118,0,2020-12-20 00:00:00
1608508800,1.22118,1.22529,1.21296,1.22346,0,2020-12-21 00:00:00
1608595200,1.22347,1.2257,1.2152,1.21872,0,2020-12-22 00:00:00
1608681600,1.21871,1.2221,1.21538,1.21939,0,2020-12-23 00:00:00
1608768000,1.2194,1.22156,1.21773,1.2182,0,2020-12-24 00:00:00
1608854400,1.21816,1.22031,1.21709,1.21922,0,2020-12-25 00:00:00
1609027200,1.2186,1.22072,1.21811,1.22038,0,2020-12-27 00:00:00
1609113600,1.22039,1.22502,1.21811,1.22196,0,2020-12-28 00:00:00
1609200000,1.22196,1.2275,1.22193,1.22519,0,2020-12-29 00:00:00
1609286400,1.2252,1.23101,1.22511,1.22984,0,2020-12-30 00:00:00
1609372800,1.22986,1.23092,1.22091,1.22153,0,2020-12-31 00:00:00
1609632000,1.22396,1.22527,1.22296,1.225,0,2021-01-03 00:00:00
1609718400,1.22499,1.23096,1.22385,1.22525,0,2021-01-04 00:00:00
1609804800,1.22525,1.23056,1.2247,1.22984,0,2021-01-05 00:00:00
1609891200,1.22985,1.23494,1.22655,1.23382,0,2021-01-06 00:00:00
1609977600,1.23384,1.23443,1.2245,1.22691,0,2021-01-07 00:00:00
1610064000,1.2269,1.22845,1.21929,1.22174,0,2021-01-08 00:00:00
1610236800,1.22175,1.22284,1.21821,1.2187,0,2021-01-10 00:00:00
1610323200,1.21869,1.21998,1.21321,1.21605,0,2021-01-11 00:00:00
1610409600,1.21605,1.22097,1.21371,1.22085,0,2021-01-12 00:00:00
1610496000,1.22087,1.22227,1.21399,1.21619,0,2021-01-13 00:00:00
1610582400,1.21618,1.21784,1.2111,1.21506,0,2021-01-14 00:00:00
1610668800,1.21505,1.21624,1.20747,1.20748,0,2021-01-15 00:00:00
1610841600,1.20838,1.20865,1.2066,1.20662,0,2021-01-17 00:00:00
1610928000,1.20661,1.20867,1.20535,1.20776,0,2021-01-18 00:00:00
1611014400,1.20775,1.21448,1.20772,1.21391,0,2021-01-19 00:00:00
1611100800,1.21392,1.21581,1.20767,1.21144,0,2021-01-20 00:00:00
1611187200,1.21145,1.2173,1.21093,1.21654,0,2021-01-21 00:00:00
1611273600,1.21654,1.21894,1.21515,1.21667,0,2021-01-22 00:00:00
1611446400,1.21688,1.21716,1.21622,1.21668,0,2021-01-24 00:00:00
1611532800,1.2167,1.21832,1.21158,1.21426,0,2021-01-25 00:00:00
1611619200,1.21427,1.21758,1.21076,1.21632,0,2021-01-26 00:00:00
1611705600,1.21632,1.21696,1.20585,1.21027,0,2021-01-27 00:00:00
1611792000,1.21028,1.21424,1.20807,1.21209,0,2021-01-28 00:00:00
1611878400,1.21209,1.2156,1.20944,1.21298,0,2021-01-29 00:00:00
1612051200,1.21297,1.21326,1.21204,1.21227,0,2021-01-31 00:00:00
1612137600,1.21225,1.21363,1.2056,1.20676,0,2021-02-01 00:00:00
1612224000,1.20676,1.20877,1.20115,1.20365,0,2021-02-02 00:00:00
1612310400,1.20365,1.205,1.2004,1.20412,0,2021-02-03 00:00:00
1612396800,1.20413,1.20427,1.19574,1.19662,0,2021-02-04 00:00:00
1612483200,1.19659,1.20498,1.19522,1.20481,0,2021-02-05 00:00:00
1612656000,1.20375,1.2055,1.20356,1.20483,0,2021-02-07 00:00:00
1612742400,1.20484,1.2066,1.20196,1.20522,0,2021-02-08 00:00:00
1612828800,1.20522,1.21218,1.20491,1.21161,0,2021-02-09 00:00:00
1612915200,1.21162,1.2144,1.21088,1.2119,0,2021-02-10 00:00:00
1613001600,1.21189,1.21494,1.21134,1.21304,0,2021-02-11 00:00:00
1613088000,1.21306,1.21332,1.20815,1.21177,0,2021-02-12 00:00:00
1613260800,1.21244,1.21251,1.21191,1.21204,0,2021-02-14 00:00:00
1613347200,1.21206,1.21451,1.21167,1.2132,0,2021-02-15 00:00:00
1613433600,1.21319,1.21693,1.20859,1.2088,0,2021-02-16 00:00:00
1613520000,1.20879,1.20982,1.20232,1.20455,0,2021-02-17 00:00:00
1613606400,1.20454,1.20958,1.20355,1.20917,0,2021-02-18 00:00:00
1613692800,1.20917,1.21444,1.20823,1.21167,0,2021-02-19 00:00:00
1613865600,1.21151,1.21292,1.21141,1.21247,0,2021-02-21 00:00:00
1613952000,1.21246,1.21693,1.20911,1.21638,0,2021-02-22 00:00:00
1614038400,1.21637,1.21801,1.21353,1.21506,0,2021-02-23 00:00:00
1614124800,1.21506,1.21745,1.21092,1.21693,0,2021-02-24 00:00:00
1614211200,1.21696,1.22433,1.21559,1.21577,0,2021-02-25 00:00:00
1614297600,1.21579,1.21826,1.20621,1.20704,0,2021-02-26 00:00:00
1614470400,1.20702,1.20919,1.20699,1.20903,0,2021-02-28 00:00:00
1614556800,1.20905,1.21011,1.20276,1.20484,0,2021-03-01 00:00:00
1614643200,1.20485,1.20943,1.19916,1.20848,0,2021-03-02 00:00:00
1614729600,1.2085,1.21132,1.20427,1.20464,0,2021-03-03 00:00:00
1614816000,1.20463,1.2063,1.19605,1.19672,0,2021-03-04 00:00:00
1614902400,1.19671,1.19687,1.18932,1.19128,0,2021-03-05 00:00:00
1615075200,1.19177,1.19319,1.19168,1.19263,0,2021-03-07 00:00:00
1615161600,1.19262,1.19321,1.18442,1.18508,0,2021-03-08 00:00:00
1615248000,1.18509,1.19156,1.18355,1.18967,0,2021-03-09 00:00:00
1615334400,1.18967,1.19296,1.18688,1.19242,0,2021-03-10 00:00:00
1615420800,1.19242,1.19899,1.19156,1.19808,0,2021-03-11 00:00:00
1615507200,1.19809,1.19884,1.19099,1.19476,0,2021-03-12 00:00:00
1615680000,1.19451,1.19542,1.19433,1.195,0,2021-03-14 00:00:00
1615766400,1.19501,1.19674,1.1911,1.19263,0,2021-03-15 00:00:00
1615852800,1.19263,1.19518,1.18819,1.1902,0,2021-03-16 00:00:00
1615939200,1.19018,1.19873,1.18861,1.19825,0,2021-03-17 00:00:00
1616025600,1.19827,1.19888,1.19061,1.19174,0,2021-03-18 00:00:00
1616112000,1.19175,1.19371,1.18738,1.19031,0,2021-03-19 00:00:00
1616284800,1.18712,1.189,1.18708,1.18835,0,2021-03-21 00:00:00
1616371200,1.18837,1.19468,1.18744,1.19322,0,2021-03-22 00:00:00
1616457600,1.19323,1.19407,1.1836,1.18396,0,2021-03-23 00:00:00
1616544000,1.18399,1.18508,1.18089,1.18127,0,2021-03-24 00:00:00
1616630400,1.18128,1.18277,1.17617,1.17756,0,2021-03-25 00:00:00
1616716800,1.17756,1.18049,1.17716,1.17918,0,2021-03-26 00:00:00
1616889600,1.17917,1.17935,1.17888,1.17908,0,2021-03-28 00:00:00
1616976000,1.17874,1.17939,1.17606,1.17674,0,2021-03-29 00:00:00
1617062400,1.17674,1.17737,1.17112,1.17176,0,2021-03-30 00:00:00
1617148800,1.17178,1.17598,1.1704,1.17255,0,2021-03-31 00:00:00
1617235200,1.17258,1.17825,1.17125,1.17799,0,2021-04-01 00:00:00
1617321600,1.178,1.17866,1.1749,1.17603,0,2021-04-02 00:00:00
1617494400,1.17544,1.17669,1.17532,1.1762,0,2021-04-04 00:00:00
1617580800,1.17622,1.18194,1.17379,1.18141,0,2021-04-05 00:00:00
1617667200,1.18143,1.18776,1.17951,1.18713,0,2021-04-06 00:00:00
1617753600,1.18714,1.19147,1.18608,1.187,0,2021-04-07 00:00:00
1617840000,1.18699,1.19274,1.18609,1.19147,0,2021-04-08 00:00:00
1617926400,1.19147,1.19201,1.18669,1.18977,0,2021-04-09 00:00:00
1618099200,1.18903,1.19038,1.18901,1.1898,0,2021-04-11 00:00:00
1618185600,1.18983,1.1919,1.1871,1.19124,0,2021-04-12 00:00:00
1618272000,1.19125,1.19557,1.18776,1.19488,0,2021-04-13 00:00:00
1618358400,1.19485,1.19872,1.19485,1.19807,0,2021-04-14 00:00:00
1618444800,1.1981,1.19932,1.1956,1.19671,0,2021-04-15 00:00:00
1618531200,1.19669,1.19946,1.19503,1.19805,0,2021-04-16 00:00:00
1618704000,1.19722,1.19771,1.19694,1.19711,0,2021-04-18 00:00:00
1618790400,1.19713,1.2048,1.19424,1.20382,0,2021-04-19 00:00:00
1618876800,1.20383,1.20797,1.20224,1.20333,0,2021-04-20 00:00:00
1618963200,1.20334,1.20436,1.19985,1.20347,0,2021-04-21 00:00:00
1619049600,1.20348,1.20694,1.19936,1.20149,0,2021-04-22 00:00:00
1619136000,1.20148,1.20999,1.20127,1.20938,0,2021-04-23 00:00:00
1619308800,1.20913,1.20981,1.20905,1.20918,0,2021-04-25 00:00:00
1619395200,1.20919,1.21167,1.20608,1.20822,0,2021-04-26 00:00:00
1619481600,1.20823,1.20927,1.20567,1.20883,0,2021-04-27 00:00:00
1619568000,1.20884,1.21347,1.2056,1.21322,0,2021-04-28 00:00:00
1619654400,1.21321,1.21498,1.21021,1.21218,0,2021-04-29 00:00:00
1619740800,1.21216,1.21265,1.20165,1.20169,0,2021-04-30 00:00:00
1619913600,1.20309,1.20328,1.20245,1.20268,0,2021-05-02 00:00:00
1620000000,1.20271,1.2076,1.2013,1.20592,0,2021-05-03 00:00:00
1620086400,1.2059,1.20598,1.19989,1.20157,0,2021-05-04 00:00:00
1620172800,1.20158,1.20265,1.19859,1.2006,0,2021-05-05 00:00:00
1620259200,1.2006,1.20716,1.19929,1.20609,0,2021-05-06 00:00:00
1620345600,1.20608,1.21713,1.20527,1.21615,0,2021-05-07 00:00:00
1620518400,1.21601,1.21745,1.216,1.21674,0,2021-05-09 00:00:00
1620604800,1.21677,1.21782,1.21271,1.21391,0,2021-05-10 00:00:00
1620691200,1.21392,1.21815,1.2123,1.21468,0,2021-05-11 00:00:00
1620777600,1.21469,1.2152,1.20655,1.20745,0,2021-05-12 00:00:00
1620864000,1.20742,1.2106,1.20514,1.20785,0,2021-05-13 00:00:00
1620950400,1.20783,1.21477,1.20708,1.2142,0,2021-05-14 00:00:00
1621123200,1.2145,1.21499,1.21368,1.21458,0,2021-05-16 00:00:00
1621209600,1.21459,1.21687,1.21259,1.21529,0,2021-05-17 00:00:00
1621296000,1.21529,1.22339,1.21523,1.2224,0,2021-05-18 00:00:00
1621382400,1.22239,1.22451,1.21598,1.21725,0,2021-05-19 00:00:00
1621468800,1.21724,1.223,1.21689,1.22258,0,2021-05-20 00:00:00
1621555200,1.22259,1.22396,1.21607,1.21778,0,2021-05-21 00:00:00
1621728000,1.21778,1.21816,1.21722,1.21789,0,2021-05-23 00:00:00
1621814400,1.2179,1.22298,1.21749,1.22163,0,2021-05-24 00:00:00
1621900800,1.22164,1.22664,1.22113,1.22532,0,2021-05-25 00:00:00
1621987200,1.22534,1.22629,1.2182,1.21925,0,2021-05-26 00:00:00
1622073600,1.21926,1.22149,1.21751,1.21915,0,2021-05-27 00:00:00
1622160000,1.21916,1.22048,1.21325,1.21905,0,2021-05-28 00:00:00
1622332800,1.2199,1.21998,1.21898,1.21935,0,2021-05-30 00:00:00
1622419200,1.21932,1.22042,1.21845,1.21988,0,2021-05-31 00:00:00
1622505600,1.22325,1.22542,1.2211,1.22143,0,2021-06-01 00:00:00
1622592000,1.22147,1.22265,1.2164,1.22104,0,2021-06-02 00:00:00
1622678400,1.22104,1.22141,1.21181,1.21305,0,2021-06-03 00:00:00
1622764800,1.21307,1.21856,1.21039,1.21644,0,2021-06-04 00:00:00
1622937600,1.21601,1.2167,1.21596,1.21631,0,2021-06-06 00:00:00
1623024000,1.21633,1.22017,1.21448,1.21917,0,2021-06-07 00:00:00
1623110400,1.21917,1.21941,1.21642,1.21717,0,2021-06-08 00:00:00
1623196800,1.21716,1.22179,1.21711,1.21779,0,2021-06-09 00:00:00
1623283200,1.21779,1.21945,1.21433,1.21725,0,2021-06-10 00:00:00
1623369600,1.21726,1.21929,1.20925,1.21072,0,2021-06-11 00:00:00
1623542400,1.21045,1.21121,1.21027,1.21099,0,2021-06-13 00:00:00
1623628800,1.21096,1.21305,1.20942,1.21207,0,2021-06-14 00:00:00
1623715200,1.21206,1.21473,1.21013,1.21264,0,2021-06-15 00:00:00
1623801600,1.21261,1.21347,1.19912,1.19979,0,2021-06-16 00:00:00
1623888000,1.19978,1.20062,1.18916,1.19113,0,2021-06-17 00:00:00
1623974400,1.19116,1.19249,1.18472,1.18592,0,2021-06-18 00:00:00
1624147200,1.18542,1.18743,1.18542,1.18718,0,2021-06-20 00:00:00
1624233600,1.18719,1.19213,1.18476,1.19137,0,2021-06-21 00:00:00
1624320000,1.19138,1.19526,1.18808,1.19394,0,2021-06-22 00:00:00
1624406400,1.19394,1.197,1.19113,1.19316,0,2021-06-23 00:00:00
1624492800,1.19317,1.19562,1.19176,1.19319,0,2021-06-24 00:00:00
1624579200,1.19319,1.19751,1.19261,1.19347,0,2021-06-25 00:00:00
1624752000,1.19296,1.19402,1.19296,1.19388,0,2021-06-27 00:00:00
1624838400,1.1939,1.19444,1.19022,1.19248,0,2021-06-28 00:00:00
1624924800,1.19248,1.19295,1.18775,1.18995,0,2021-06-29 00:00:00
1625011200,1.18994,1.1909,1.1845,1.18576,0,2021-06-30 00:00:00
1625097600,1.18576,1.18842,1.18373,1.18462,0,2021-07-01 00:00:00
1625184000,1.18463,1.18741,1.1807,1.18622,0,2021-07-02 00:00:00
1625356800,1.18598,1.18685,1.18581,1.18586,0,2021-07-04 00:00:00
1625443200,1.18585,1.18804,1.18513,1.18643,0,2021-07-05 00:00:00
1625529600,1.18642,1.18951,1.18068,1.18199,0,2021-07-06 00:00:00
1625616000,1.18196,1.18364,1.17815,1.17973,0,2021-07-07 00:00:00
1625702400,1.17976,1.18678,1.17834,1.18451,0,2021-07-08 00:00:00
1625788800,1.18453,1.1881,1.18249,1.1871,0,2021-07-09 00:00:00
1625961600,1.18751,1.18768,1.1865,1.18754,0,2021-07-11 00:00:00
1626048000,1.18755,1.18802,1.1836,1.18625,0,2021-07-12 00:00:00
1626134400,1.18627,1.18751,1.17721,1.17782,0,2021-07-13 00:00:00
1626220800,1.1778,1.18387,1.17717,1.18357,0,2021-07-14 00:00:00
1626307200,1.18358,1.18506,1.17962,1.18135,0,2021-07-15 00:00:00
1626393600,1.18136,1.18221,1.17921,1.18047,0,2021-07-16 00:00:00
1626566400,1.18054,1.18102,1.18033,1.18095,0,2021-07-18 00:00:00
1626652800,1.18095,1.18244,1.17636,1.17938,0,2021-07-19 00:00:00
1626739200,1.17941,1.18024,1.17555,1.17825,0,2021-07-20 00:00:00
1626825600,1.17825,1.18046,1.17518,1.17929,0,2021-07-21 00:00:00
1626912000,1.17927,1.18304,1.17572,1.17725,0,2021-07-22 00:00:00
1626998400,1.17727,1.17865,1.17544,1.17683,0,2021-07-23 00:00:00
1627171200,1.17681,1.17742,1.17671,1.1774,0,2021-07-25 00:00:00
1627257600,1.17739,1.18172,1.17632,1.18005,0,2021-07-26 00:00:00
1627344000,1.18004,1.18409,1.17698,1.18165,0,2021-07-27 00:00:00
1627430400,1.18164,1.18494,1.17721,1.18445,0,2021-07-28 00:00:00
1627516800,1.18445,1.18927,1.18406,1.18905,0,2021-07-29 00:00:00
1627603200,1.18906,1.19085,1.18515,1.18667,0,2021-07-30 00:00:00
1627776000,1.18641,1.18694,1.18629,1.18681,0,2021-08-01 00:00:00
1627862400,1.18681,1.18968,1.18587,1.18738,0,2021-08-02 00:00:00
1627948800,1.18736,1.18932,1.18535,1.18691,0,2021-08-03 00:00:00
1628035200,1.18693,1.18996,1.18326,1.1838,0,2021-08-04 00:00:00
1628121600,1.18381,1.18572,1.1828,1.1832,0,2021-08-05 00:00:00
1628208000,1.18319,1.18343,1.17543,1.17596,0,2021-08-06 00:00:00
1628380800,1.1758,1.1761,1.17504,1.1754,0,2021-08-08 00:00:00
1628467200,1.17544,1.17689,1.17344,1.17372,0,2021-08-09 00:00:00
1628553600,1.17371,1.17427,1.17095,1.17216,0,2021-08-10 00:00:00
1628640000,1.17214,1.17541,1.17059,1.17416,0,2021-08-11 00:00:00
1628726400,1.17415,1.17481,1.17236,1.17361,0,2021-08-12 00:00:00
1628812800,1.17363,1.18045,1.17302,1.17933,0,2021-08-13 00:00:00
1628985600,1.17934,1.18007,1.17915,1.17934,0,2021-08-15 00:00:00
1629072000,1.17933,1.18006,1.17672,1.17788,0,2021-08-16 00:00:00
1629158400,1.17792,1.17846,1.17017,1.17058,0,2021-08-17 00:00:00
1629244800,1.17058,1.17427,1.16936,1.17132,0,2021-08-18 00:00:00
1629331200,1.17133,1.17148,1.16656,1.16778,0,2021-08-19 00:00:00
1629417600,1.16777,1.17044,1.16638,1.16951,0,2021-08-20 00:00:00
1629590400,1.16935,1.17008,1.16925,1.16931,0,2021-08-22 00:00:00
1629676800,1.1693,1.17501,1.16929,1.17453,0,2021-08-23 00:00:00
1629763200,1.17455,1.1765,1.17272,1.17566,0,2021-08-24 00:00:00
1629849600,1.17567,1.17745,1.1726,1.17708,0,2021-08-25 00:00:00
1629936000,1.17706,1.17789,1.17458,1.17561,0,2021-08-26 00:00:00
1630022400,1.17562,1.18022,1.17348,1.1791,0,2021-08-27 00:00:00
1630195200,1.17937,1.18003,1.17898,1.17983,0,2021-08-29 00:00:00
1630281600,1.17985,1.18097,1.17827,1.17968,0,2021-08-30 00:00:00
1630368000,1.1797,1.1845,1.17952,1.18097,0,2021-08-31 00:00:00
1630454400,1.181,1.18571,1.17935,1.18407,0,2021-09-01 00:00:00
1630540800,1.1841,1.1876,1.18342,1.18743,0,2021-09-02 00:00:00
1630627200,1.18741,1.1909,1.18655,1.18773,0,2021-09-03 00:00:00
1630800000,1.1876,1.18835,1.1876,1.18796,0,2021-09-05 00:00:00
1630886400,1.18795,1.18862,1.18557,1.18711,0,2021-09-06 00:00:00
1630972800,1.18713,1.18851,1.18358,1.18439,0,2021-09-07 00:00:00
1631059200,1.18441,1.18511,1.18019,1.18182,0,2021-09-08 00:00:00
1631145600,1.18181,1.18412,1.18051,1.18235,0,2021-09-09 00:00:00
1631232000,1.18237,1.1851,1.18092,1.18101,0,2021-09-10 00:00:00
1631404800,1.18111,1.18157,1.18087,1.18119,0,2021-09-12 00:00:00
1631491200,1.18121,1.18169,1.177,1.18105,0,2021-09-13 00:00:00
1631577600,1.18106,1.18458,1.18,1.18012,0,2021-09-14 00:00:00
1631664000,1.18014,1.18318,1.17991,1.18198,0,2021-09-15 00:00:00
1631750400,1.18198,1.18204,1.17504,1.17653,0,2021-09-16 00:00:00
1631836800,1.17654,1.17888,1.17235,1.17239,0,2021-09-17 00:00:00
1632009600,1.17288,1.17305,1.17232,1.17267,0,2021-09-19 00:00:00
1632096000,1.17271,1.17364,1.17001,1.17277,0,2021-09-20 00:00:00
1632182400,1.1728,1.17486,1.17147,1.17244,0,2021-09-21 00:00:00
1632268800,1.17243,1.17555,1.16843,1.1694,0,2021-09-22 00:00:00
1632355200,1.16944,1.175,1.16834,1.17419,0,2021-09-23 00:00:00
1632441600,1.17419,1.17476,1.17005,1.17181,0,2021-09-24 00:00:00
1632614400,1.17253,1.17261,1.1716,1.17201,0,2021-09-26 00:00:00
1632700800,1.17201,1.1725,1.16846,1.16955,0,2021-09-27 00:00:00
1632787200,1.16956,1.17031,1.16682,1.16851,0,2021-09-28 00:00:00
1632873600,1.16855,1.169,1.15894,1.15982,0,2021-09-29 00:00:00
1632960000,1.15982,1.16096,1.15624,1.15808,0,2021-09-30 00:00:00
1633046400,1.15808,1.16072,1.15628,1.15923,0,2021-10-01 00:00:00
1633219200,1.15954,1.1611,1.15931,1.16073,0,2021-10-03 00:00:00
1633305600,1.16075,1.164,1.15876,1.16162,0,2021-10-04 00:00:00
1633392000,1.16162,1.16198,1.15804,1.15983,0,2021-10-05 00:00:00
1633478400,1.15985,1.15988,1.15291,1.15542,0,2021-10-06 00:00:00
1633564800,1.15543,1.1572,1.15474,1.15542,0,2021-10-07 00:00:00
1633651200,1.15545,1.15861,1.15413,1.15721,0,2021-10-08 00:00:00
1633824000,1.15674,1.15759,1.15662,1.15692,0,2021-10-10 00:00:00
1633910400,1.15694,1.15867,1.15489,1.15491,0,2021-10-11 00:00:00
1633996800,1.15492,1.15703,1.15242,1.15319,0,2021-10-12 00:00:00
1634083200,1.1532,1.15994,1.15299,1.15973,0,2021-10-13 00:00:00
1634169600,1.15973,1.16242,1.15839,1.15975,0,2021-10-14 00:00:00
1634256000,1.15974,1.16185,1.15881,1.15983,0,2021-10-15 00:00:00
1634428800,1.15903,1.16052,1.15903,1.15996,0,2021-10-17 00:00:00
1634515200,1.15996,1.16223,1.15717,1.161,0,2021-10-18 00:00:00
1634601600,1.16099,1.16693,1.16084,1.16353,0,2021-10-19 00:00:00
1634688000,1.16353,1.16586,1.16168,1.1652,0,2021-10-20 00:00:00
1634774400,1.16517,1.16674,1.16194,1.16245,0,2021-10-21 00:00:00
1634860800,1.16245,1.16556,1.1621,1.16395,0,2021-10-22 00:00:00
1635033600,1.16382,1.1645,1.1638,1.16446,0,2021-10-24 00:00:00
1635120000,1.16446,1.16649,1.15907,1.16077,0,2021-10-25 00:00:00
1635206400,1.16078,1.16257,1.15848,1.15947,0,2021-10-26 00:00:00
1635292800,1.15948,1.16259,1.15849,1.16023,0,2021-10-27 00:00:00
1635379200,1.16026,1.16921,1.15821,1.16838,0,2021-10-28 00:00:00
1635465600,1.16836,1.16899,1.1535,1.15529,0,2021-10-29 00:00:00
1635638400,1.15576,1.15642,1.15553,1.15562,0,2021-10-31 00:00:00
1635724800,1.15562,1.1609,1.1546,1.15995,0,2021-11-01 00:00:00
1635811200,1.15996,1.16133,1.15751,1.1579,0,2021-11-02 00:00:00
1635897600,1.1579,1.16164,1.15622,1.16152,0,2021-11-03 00:00:00
1635984000,1.16152,1.1616,1.15282,1.15552,0,2021-11-04 00:00:00
1636070400,1.15553,1.15731,1.15132,1.15631,0,2021-11-05 00:00:00
1636243200,1.15566,1.15698,1.15559,1.15682,0,2021-11-07 00:00:00
1636329600,1.15681,1.15949,1.15503,1.15877,0,2021-11-08 00:00:00
1636416000,1.15877,1.16087,1.15698,1.1594,0,2021-11-09 00:00:00
1636502400,1.1594,1.15952,1.14759,1.14856,0,2021-11-10 00:00:00
1636588800,1.14856,1.14875,1.14428,1.14474,0,2021-11-11 00:00:00
1636675200,1.14477,1.1462,1.14328,1.14413,0,2021-11-12 00:00:00
1636848000,1.14473,1.14473,1.14411,1.14412,0,2021-11-14 00:00:00
1636934400,1.1441,1.14638,1.13562,1.13668,0,2021-11-15 00:00:00
1637020800,1.1367,1.13856,1.13089,1.13179,0,2021-11-16 00:00:00
1637107200,1.1318,1.13321,1.12635,1.13178,0,2021-11-17 00:00:00
1637193600,1.13178,1.1374,1.13137,1.13676,0,2021-11-18 00:00:00
1637280000,1.13677,1.13692,1.12499,1.12794,0,2021-11-19 00:00:00
1637452800,1.12873,1.12907,1.12715,1.12752,0,2021-11-21 00:00:00
1637539200,1.12752,1.12904,1.12306,1.12417,0,2021-11-22 00:00:00
1637625600,1.12415,1.1275,1.12259,1.12445,0,2021-11-23 00:00:00
1637712000,1.12444,1.12552,1.11859,1.12025,0,2021-11-24 00:00:00
1637798400,1.12025,1.12296,1.12025,1.12091,0,2021-11-25 00:00:00
1637884800,1.12091,1.13301,1.12067,1.13071,0,2021-11-26 00:00:00
1638057600,1.13004,1.13134,1.12803,1.12925,0,2021-11-28 00:00:00
1638144000,1.12925,1.13003,1.12583,1.12925,0,2021-11-29 00:00:00
1638230400,1.12925,1.13828,1.12349,1.13299,0,2021-11-30 00:00:00
1638316800,1.13298,1.13596,1.13025,1.13187,0,2021-12-01 00:00:00
1638403200,1.13189,1.13476,1.12953,1.13057,0,2021-12-02 00:00:00
1638489600,1.13057,1.13333,1.12665,1.13117,0,2021-12-03 00:00:00
1638662400,1.13046,1.13129,1.13014,1.1304,0,2021-12-05 00:00:00
1638748800,1.1304,1.13101,1.12663,1.12834,0,2021-12-06 00:00:00
1638835200,1.12833,1.12984,1.12275,1.12723,0,2021-12-07 00:00:00
1638921600,1.12725,1.13547,1.12667,1.13441,0,2021-12-08 00:00:00
1639008000,1.13441,1.13442,1.12783,1.12936,0,2021-12-09 00:00:00
1639094400,1.12935,1.13239,1.12651,1.13146,0,2021-12-10 00:00:00
1639267200,1.131,1.13192,1.13038,1.13106,0,2021-12-12 00:00:00
1639353600,1.13106,1.1314,1.126,1.12834,0,2021-12-13 00:00:00
1639440000,1.12834,1.13238,1.12535,1.12575,0,2021-12-14 00:00:00
1639526400,1.12575,1.12991,1.12215,1.12902,0,2021-12-15 00:00:00
1639612800,1.12903,1.13603,1.12811,1.13336,0,2021-12-16 00:00:00
1639699200,1.13335,1.13488,1.1235,1.1237,0,2021-12-17 00:00:00
1639872000,1.12371,1.12439,1.12344,1.12428,0,2021-12-19 00:00:00
1639958400,1.12426,1.13037,1.12363,1.12771,0,2021-12-20 00:00:00
1640044800,1.12771,1.13026,1.12607,1.12871,0,2021-12-21 00:00:00
1640131200,1.12872,1.13423,1.12644,1.13265,0,2021-12-22 00:00:00
1640217600,1.13263,1.13422,1.129,1.13228,0,2021-12-23 00:00:00
1640304000,1.13227,1.13433,1.13031,1.13102,0,2021-12-24 00:00:00
1640476800,1.13101,1.1326,1.13076,1.13231,0,2021-12-26 00:00:00
1640563200,1.13233,1.13344,1.13028,1.13294,0,2021-12-27 00:00:00
1640649600,1.13293,1.13331,1.12895,1.1313,0,2021-12-28 00:00:00
1640736000,1.13131,1.13688,1.12737,1.13595,0,2021-12-29 00:00:00
1640822400,1.13595,1.13597,1.12984,1.13222,0,2021-12-30 00:00:00
1640908800,1.13219,1.13863,1.13032,1.13686,0,2021-12-31 00:00:00
1641081600,1.1369,1.13782,1.13649,1.13727,0,2022-01-02 00:00:00
1641168000,1.13726,1.13755,1.12797,1.13017,0,2022-01-03 00:00:00
1641254400,1.13016,1.13224,1.12721,1.12827,0,2022-01-04 00:00:00
1641340800,1.12826,1.13463,1.12769,1.13105,0,2022-01-05 00:00:00
1641427200,1.13104,1.13318,1.12845,1.12949,0,2022-01-06 00:00:00
1641513600,1.12947,1.13647,1.12899,1.13593,0,2022-01-07 00:00:00
1641686400,1.13515,1.13602,1.13497,1.13534,0,2022-01-09 00:00:00
1641772800,1.13533,1.1358,1.12847,1.13299,0,2022-01-10 00:00:00
1641859200,1.13297,1.13752,1.1313,1.13658,0,2022-01-11 00:00:00
1641945600,1.13657,1.14526,1.13547,1.14394,0,2022-01-12 00:00:00
1642032000,1.14393,1.14817,1.14357,1.14564,0,2022-01-13 00:00:00
1642118400,1.14564,1.14827,1.13984,1.1409,0,2022-01-14 00:00:00
1642291200,1.14118,1.14156,1.14056,1.14112,0,2022-01-16 00:00:00
1642377600,1.14111,1.14344,1.13917,1.141,0,2022-01-17 00:00:00
1642464000,1.14099,1.14214,1.13146,1.13286,0,2022-01-18 00:00:00
1642550400,1.13289,1.13571,1.13187,1.13429,0,2022-01-19 00:00:00
1642636800,1.13427,1.13688,1.13031,1.13128,0,2022-01-20 00:00:00
1642723200,1.13129,1.13596,1.13009,1.13418,0,2022-01-21 00:00:00
1642896000,1.13396,1.1345,1.13365,1.13409,0,2022-01-23 00:00:00
1642982400,1.1341,1.1341,1.12904,1.13236,0,2022-01-24 00:00:00
1643068800,1.13235,1.1324,1.12631,1.13028,0,2022-01-25 00:00:00
1643155200,1.13028,1.13107,1.12354,1.12405,0,2022-01-26 00:00:00
1643241600,1.12405,1.12432,1.11312,1.11445,0,2022-01-27 00:00:00
1643328000,1.11446,1.11735,1.11213,1.1145,0,2022-01-28 00:00:00
1643500800,1.11422,1.11524,1.1138,1.11519,0,2022-01-30 00:00:00
1643587200,1.11519,1.12478,1.1144,1.12292,0,2022-01-31 00:00:00
1643673600,1.12293,1.12786,1.12209,1.1273,0,2022-02-01 00:00:00
1643760000,1.12728,1.133,1.12665,1.12992,0,2022-02-02 00:00:00
1643846400,1.12992,1.14514,1.12672,1.14355,0,2022-02-03 00:00:00
1643932800,1.14352,1.14837,1.14115,1.14477,0,2022-02-04 00:00:00
1644105600,1.14638,1.14646,1.14513,1.14544,0,2022-02-06 00:00:00
1644192000,1.14545,1.14587,1.14151,1.1441,0,2022-02-07 00:00:00
1644278400,1.14411,1.14487,1.13961,1.14205,0,2022-02-08 00:00:00
1644364800,1.14208,1.14477,1.14024,1.14211,0,2022-02-09 00:00:00
1644451200,1.14211,1.14948,1.13748,1.14112,0,2022-02-10 00:00:00
1644537600,1.1411,1.1418,1.13296,1.13463,0,2022-02-11 00:00:00
1644710400,1.13369,1.13672,1.13365,1.13643,0,2022-02-13 00:00:00
1644796800,1.13642,1.1369,1.12799,1.13056,0,2022-02-14 00:00:00
1644883200,1.13057,1.13681,1.13031,1.13551,0,2022-02-15 00:00:00
1644969600,1.1355,1.13957,1.13449,1.13728,0,2022-02-16 00:00:00
1645056000,1.13726,1.1386,1.1323,1.13637,0,2022-02-17 00:00:00
1645142400,1.13636,1.13769,1.1314,1.13203,0,2022-02-18 00:00:00
1645315200,1.13186,1.13253,1.13131,1.13164,0,2022-02-20 00:00:00
1645401600,1.1317,1.13905,1.12963,1.13092,0,2022-02-21 00:00:00
1645488000,1.13092,1.13667,1.1288,1.13287,0,2022-02-22 00:00:00
1645574400,1.13286,1.13588,1.13001,1.13053,0,2022-02-23 00:00:00
1645660800,1.13055,1.1306,1.11062,1.11905,0,2022-02-24 00:00:00
1645747200,1.11906,1.12739,1.11659,1.12719,0,2022-02-25 00:00:00
1645920000,1.11237,1.11882,1.11225,1.118,0,2022-02-27 00:00:00
1646006400,1.11801,1.12464,1.11421,1.12141,0,2022-02-28 00:00:00
1646092800,1.1214,1.12329,1.10896,1.11322,0,2022-03-01 00:00:00
1646179200,1.11321,1.11437,1.10573,1.11123,0,2022-03-02 00:00:00
1646265600,1.11119,1.11152,1.10334,1.10656,0,2022-03-03 00:00:00
1646352000,1.10656,1.10665,1.08856,1.09311,0,2022-03-04 00:00:00
1646524800,1.09199,1.09287,1.08634,1.08736,0,2022-03-06 00:00:00
1646611200,1.08734,1.09325,1.08059,1.0866,0,2022-03-07 00:00:00
1646697600,1.0866,1.09582,1.08489,1.08978,0,2022-03-08 00:00:00
1646784000,1.08984,1.10951,1.08965,1.10733,0,2022-03-09 00:00:00
1646870400,1.10732,1.11212,1.0976,1.10133,0,2022-03-10 00:00:00
1646956800,1.10132,1.10435,1.09018,1.09099,0,2022-03-11 00:00:00
1647129600,1.09205,1.09387,1.09099,1.09316,0,2022-03-13 00:00:00
1647216000,1.09317,1.09938,1.09005,1.09426,0,2022-03-14 00:00:00
1647302400,1.09426,1.10196,1.0926,1.09667,0,2022-03-15 00:00:00
1647388800,1.09668,1.10466,1.095,1.10214,0,2022-03-16 00:00:00
1647475200,1.10216,1.11375,1.10201,1.1099,0,2022-03-17 00:00:00
1647561600,1.10991,1.11186,1.1003,1.10492,0,2022-03-18 00:00:00
1647734400,1.10561,1.10584,1.10408,1.10424,0,2022-03-20 00:00:00
1647820800,1.10423,1.10701,1.10102,1.10167,0,2022-03-21 00:00:00
1647907200,1.10166,1.10457,1.09608,1.10293,0,2022-03-22 00:00:00
1647993600,1.10296,1.10397,1.09639,1.10058,0,2022-03-23 00:00:00
1648080000,1.10058,1.10136,1.09659,1.10083,0,2022-03-24 00:00:00
1648166400,1.10086,1.10376,1.09797,1.09805,0,2022-03-25 00:00:00
1648339200,1.09845,1.09869,1.09793,1.09811,0,2022-03-27 00:00:00
1648425600,1.09814,1.09995,1.09446,1.09882,0,2022-03-28 00:00:00
1648512000,1.09883,1.1137,1.0969,1.10918,0,2022-03-29 00:00:00
1648598400,1.10918,1.1171,1.10878,1.11585,0,2022-03-30 00:00:00
1648684800,1.11585,1.11848,1.10608,1.10731,0,2022-03-31 00:00:00
1648771200,1.10731,1.10757,1.10279,1.10427,0,2022-04-01 00:00:00
1648944000,1.10301,1.1044,1.10301,1.10431,0,2022-04-03 00:00:00
1649030400,1.10431,1.10544,1.09603,1.09724,0,2022-04-04 00:00:00
1649116800,1.09727,1.09886,1.09,1.09072,0,2022-04-05 00:00:00
1649203200,1.0907,1.09379,1.08745,1.08957,0,2022-04-06 00:00:00
1649289600,1.08957,1.09383,1.08644,1.08749,0,2022-04-07 00:00:00
1649376000,1.08752,1.08917,1.08364,1.08744,0,2022-04-08 00:00:00
1649548800,1.09202,1.09202,1.08858,1.08915,0,2022-04-10 00:00:00
1649635200,1.08916,1.09332,1.08727,1.08803,0,2022-04-11 00:00:00
1649721600,1.08805,1.09036,1.08211,1.08282,0,2022-04-12 00:00:00
1649808000,1.08281,1.08942,1.08088,1.08894,0,2022-04-13 00:00:00
1649894400,1.08896,1.09233,1.07575,1.08231,0,2022-04-14 00:00:00
1649980800,1.08232,1.08258,1.07964,1.08057,0,2022-04-15 00:00:00
1650153600,1.08029,1.08214,1.08009,1.08203,0,2022-04-17 00:00:00
1650240000,1.08204,1.08216,1.07698,1.07809,0,2022-04-18 00:00:00
1650326400,1.07809,1.08145,1.0761,1.07899,0,2022-04-19 00:00:00
1650412800,1.079,1.0867,1.07838,1.08527,0,2022-04-20 00:00:00
1650499200,1.08527,1.09362,1.08234,1.08394,0,2022-04-21 00:00:00
1650585600,1.08394,1.08515,1.07707,1.07947,0,2022-04-22 00:00:00
1650758400,1.08041,1.08153,1.0796,1.08063,0,2022-04-24 00:00:00
1650844800,1.08061,1.08121,1.06966,1.07129,0,2022-04-25 00:00:00
1650931200,1.07128,1.07386,1.06348,1.06446,0,2022-04-26 00:00:00
1651017600,1.06451,1.06546,1.05145,1.05508,0,2022-04-27 00:00:00
1651104000,1.05506,1.05647,1.0471,1.04968,0,2022-04-28 00:00:00
1651190400,1.04964,1.05928,1.04947,1.05409,0,2022-04-29 00:00:00
1651363200,1.05444,1.05597,1.05368,1.0543,0,2022-05-01 00:00:00
1651449600,1.05427,1.05682,1.04901,1.05098,0,2022-05-02 00:00:00
1651536000,1.05098,1.05776,1.04921,1.05245,0,2022-05-03 00:00:00
1651622400,1.05245,1.06309,1.05059,1.06056,0,2022-05-04 00:00:00
1651708800,1.06056,1.06417,1.04925,1.05499,0,2022-05-05 00:00:00
1651795200,1.05499,1.05988,1.04826,1.05452,0,2022-05-06 00:00:00
1651968000,1.05398,1.05426,1.05359,1.05377,0,2022-05-08 00:00:00
1652054400,1.05376,1.05924,1.04951,1.05567,0,2022-05-09 00:00:00
1652140800,1.05565,1.05852,1.05253,1.0533,0,2022-05-10 00:00:00
1652227200,1.05336,1.05771,1.05017,1.05169,0,2022-05-11 00:00:00
1652313600,1.05173,1.05292,1.03539,1.03781,0,2022-05-12 00:00:00
1652400000,1.03785,1.04195,1.03496,1.04116,0,2022-05-13 00:00:00
1652572800,1.03952,1.04138,1.03906,1.04052,0,2022-05-15 00:00:00
1652659200,1.04053,1.0443,1.03889,1.04358,0,2022-05-16 00:00:00
1652745600,1.0436,1.05556,1.04318,1.05492,0,2022-05-17 00:00:00
1652832000,1.0549,1.05636,1.04597,1.04744,0,2022-05-18 00:00:00
1652918400,1.0475,1.0607,1.0465,1.05807,0,2022-05-19 00:00:00
1653004800,1.05809,1.0599,1.05328,1.0561,0,2022-05-20 00:00:00
1653177600,1.05601,1.05767,1.05552,1.05763,0,2022-05-22 00:00:00
1653264000,1.05762,1.06973,1.05679,1.06834,0,2022-05-23 00:00:00
1653350400,1.06835,1.07485,1.06608,1.07378,0,2022-05-24 00:00:00
1653436800,1.07384,1.07386,1.06421,1.06899,0,2022-05-25 00:00:00
1653523200,1.069,1.07316,1.06624,1.07293,0,2022-05-26 00:00:00
1653609600,1.07297,1.0765,1.06968,1.07317,0,2022-05-27 00:00:00
1653782400,1.07347,1.0736,1.07269,1.07301,0,2022-05-29 00:00:00
1653868800,1.07302,1.07867,1.07261,1.07749,0,2022-05-30 00:00:00
1653955200,1.07746,1.07754,1.06789,1.07366,0,2022-05-31 00:00:00
1654041600,1.07365,1.07393,1.06271,1.0652,0,2022-06-01 00:00:00
1654128000,1.06518,1.0751,1.06447,1.07481,0,2022-06-02 00:00:00
1654214400,1.07481,1.07643,1.0704,1.07169,0,2022-06-03 00:00:00
1654387200,1.07167,1.07258,1.07117,1.07245,0,2022-06-05 00:00:00
1654473600,1.07245,1.07518,1.06838,1.06942,0,2022-06-06 00:00:00
1654560000,1.06944,1.07142,1.06519,1.07047,0,2022-06-07 00:00:00
1654646400,1.07051,1.07484,1.06713,1.07189,0,2022-06-08 00:00:00
1654732800,1.07189,1.07738,1.0611,1.06155,0,2022-06-09 00:00:00
1654819200,1.06154,1.06422,1.05057,1.05137,0,2022-06-10 00:00:00
1654992000,1.0513,1.05201,1.05021,1.05081,0,2022-06-12 00:00:00
1655078400,1.05081,1.05135,1.03997,1.0407,0,2022-06-13 00:00:00
1655164800,1.0407,1.04846,1.0397,1.0427,0,2022-06-14 00:00:00
1655251200,1.04275,1.05077,1.0359,1.04441,0,2022-06-15 00:00:00
1655337600,1.04441,1.06014,1.03808,1.05479,0,2022-06-16 00:00:00
1655424000,1.0548,1.0552,1.04444,1.04934,0,2022-06-17 00:00:00
1655596800,1.04731,1.04925,1.04729,1.04904,0,2022-06-19 00:00:00
1655683200,1.04905,1.05458,1.04845,1.05182,0,2022-06-20 00:00:00
1655769600,1.05182,1.05824,1.05131,1.05377,0,2022-06-21 00:00:00
1655856000,1.0538,1.06057,1.04687,1.05671,0,2022-06-22 00:00:00
1655942400,1.05672,1.0581,1.04826,1.05263,0,2022-06-23 00:00:00
1656028800,1.05262,1.05712,1.0512,1.05519,0,2022-06-24 00:00:00
1656201600,1.05479,1.05646,1.05457,1.05645,0,2022-06-26 00:00:00
1656288000,1.05646,1.0615,1.05502,1.05799,0,2022-06-27 00:00:00
1656374400,1.05797,1.06061,1.05032,1.05262,0,2022-06-28 00:00:00
1656460800,1.05265,1.05354,1.04352,1.04439,0,2022-06-29 00:00:00
1656547200,1.04439,1.04887,1.03824,1.04767,0,2022-06-30 00:00:00
1656633600,1.04767,1.04793,1.03658,1.04262,0,2022-07-01 00:00:00
1656806400,1.04174,1.04364,1.04142,1.04364,0,2022-07-03 00:00:00
1656892800,1.04364,1.04627,1.0417,1.04271,0,2022-07-04 00:00:00
1656979200,1.04272,1.04485,1.0235,1.02679,0,2022-07-05 00:00:00
1657065600,1.02679,1.02765,1.01614,1.01871,0,2022-07-06 00:00:00
1657152000,1.01874,1.02209,1.01439,1.01654,0,2022-07-07 00:00:00
1657238400,1.01658,1.01912,1.0072,1.01822,0,2022-07-08 00:00:00
1657411200,1.01697,1.01834,1.01697,1.01748,0,2022-07-10 00:00:00
1657497600,1.01748,1.01755,1.00336,1.00398,0,2022-07-11 00:00:00
1657584000,1.00402,1.00738,0.99999,1.00309,0,2022-07-12 00:00:00
1657670400,1.00311,1.01222,0.99979,1.00537,0,2022-07-13 00:00:00
1657756800,1.00535,1.00535,0.99521,1.00182,0,2022-07-14 00:00:00
1657843200,1.00186,1.00979,1.00068,1.00821,0,2022-07-15 00:00:00
1658016000,1.00811,1.00886,1.00785,1.00847,0,2022-07-17 00:00:00
1658102400,1.00846,1.02011,1.00801,1.01416,0,2022-07-18 00:00:00
1658188800,1.01417,1.0269,1.01195,1.02354,0,2022-07-19 00:00:00
1658275200,1.02354,1.02729,1.01553,1.01815,0,2022-07-20 00:00:00
1658361600,1.01816,1.02781,1.01531,1.02236,0,2022-07-21 00:00:00
1658448000,1.02238,1.02553,1.01297,1.02119,0,2022-07-22 00:00:00
1658620800,1.02083,1.02185,1.02083,1.0212,0,2022-07-24 00:00:00
1658707200,1.02119,1.02578,1.01784,1.02198,0,2022-07-25 00:00:00
1658793600,1.022,1.025,1.01074,1.01289,0,2022-07-26 00:00:00
1658880000,1.0129,1.02206,1.00966,1.02022,0,2022-07-27 00:00:00
1658966400,1.02021,1.02343,1.01138,1.01949,0,2022-07-28 00:00:00
1659052800,1.01949,1.02542,1.0146,1.02248,0,2022-07-29 00:00:00
1659225600,1.02098,1.0224,1.02076,1.02148,0,2022-07-31 00:00:00
1659312000,1.02148,1.02751,1.02053,1.02618,0,2022-08-01 00:00:00
1659398400,1.02618,1.02939,1.01629,1.01639,0,2022-08-02 00:00:00
1659484800,1.01639,1.02102,1.01226,1.01615,0,2022-08-03 00:00:00
1659571200,1.01615,1.02537,1.01542,1.02475,0,2022-08-04 00:00:00
1659657600,1.02476,1.0252,1.01415,1.01825,0,2022-08-05 00:00:00
1659830400,1.01726,1.01786,1.01691,1.01728,0,2022-08-07 00:00:00
1659916800,1.01729,1.02217,1.0159,1.01944,0,2022-08-08 00:00:00
1660003200,1.01946,1.02472,1.01885,1.0206,0,2022-08-09 00:00:00
1660089600,1.0206,1.03685,1.0202,1.03016,0,2022-08-10 00:00:00
1660176000,1.03016,1.03642,1.02752,1.03214,0,2022-08-11 00:00:00
1660262400,1.03215,1.03251,1.0238,1.0259,0,2022-08-12 00:00:00
1660435200,1.02551,1.02625,1.02551,1.02596,0,2022-08-14 00:00:00
1660521600,1.02596,1.02682,1.01533,1.01623,0,2022-08-15 00:00:00
1660608000,1.01623,1.01948,1.01225,1.01704,0,2022-08-16 00:00:00
1660694400,1.01704,1.02029,1.01453,1.01779,0,2022-08-17 00:00:00
1660780800,1.0178,1.01929,1.00795,1.00862,0,2022-08-18 00:00:00
1660867200,1.00862,1.00954,1.00318,1.00326,0,2022-08-19 00:00:00
1661040000,1.00366,1.00404,1.00309,1.00355,0,2022-08-21 00:00:00
1661126400,1.00357,1.00466,0.9926,0.9943,0,2022-08-22 00:00:00
1661212800,0.99429,1.00181,0.99002,0.99725,0,2022-08-23 00:00:00
1661299200,0.99726,0.99993,0.99099,0.99685,0,2022-08-24 00:00:00
1661385600,0.99684,1.00334,0.9949,0.99747,0,2022-08-25 00:00:00
1661472000,0.99746,1.00898,0.99463,0.99623,0,2022-08-26 00:00:00
1661644800,0.99657,0.9967,0.99458,0.99482,0,2022-08-28 00:00:00
1661731200,0.99483,1.00291,0.99141,1.00009,0,2022-08-29 00:00:00
1661817600,1.00009,1.00547,0.99818,1.00169,0,2022-08-30 00:00:00
1661904000,1.00169,1.0079,0.99712,1.00508,0,2022-08-31 00:00:00
1661990400,1.00506,1.00507,0.99107,0.9945,0,2022-09-01 00:00:00
1662076800,0.99449,1.00335,0.99431,0.99515,0,2022-09-02 00:00:00
1662249600,0.99285,0.99347,0.9903,0.99216,0,2022-09-04 00:00:00
1662336000,0.99217,0.9949,0.98772,0.99411,0,2022-09-05 00:00:00
1662422400,0.99413,0.99862,0.98638,0.98964,0,2022-09-06 00:00:00
1662508800,0.98963,1.00128,0.98756,1.00055,0,2022-09-07 00:00:00
1662595200,1.00055,1.00294,0.99303,1.00034,0,2022-09-08 00:00:00
1662681600,1.00032,1.01131,1.00012,1.00425,0,2022-09-09 00:00:00
1662854400,1.01039,1.01039,1.00596,1.00674,0,2022-09-11 00:00:00
1662940800,1.00673,1.01977,1.0062,1.01227,0,2022-09-12 00:00:00
1663027200,1.01229,1.0187,0.99554,0.99692,0,2022-09-13 00:00:00
1663113600,0.99693,1.00234,0.99595,0.9982,0,2022-09-14 00:00:00
1663200000,0.99822,1.00177,0.99556,0.99935,0,2022-09-15 00:00:00
1663286400,0.99932,1.00363,0.99448,1.00146,0,2022-09-16 00:00:00
1663459200,1.00072,1.0023,1.00047,1.00204,0,2022-09-18 00:00:00
1663545600,1.00202,1.00317,0.99657,1.0027,0,2022-09-19 00:00:00
1663632000,1.00268,1.00504,0.9955,0.99707,0,2022-09-20 00:00:00
1663718400,0.99706,0.9975,0.98128,0.98387,0,2022-09-21 00:00:00
1663804800,0.98387,0.99074,0.9808,0.98321,0,2022-09-22 00:00:00
1663891200,0.98322,0.98517,0.9668,0.96885,0,2022-09-23 00:00:00
1664064000,0.96666,0.97098,0.96666,0.96988,0,2022-09-25 00:00:00
1664150400,0.96989,0.97013,0.95503,0.96069,0,2022-09-26 00:00:00
1664236800,0.96069,0.96707,0.95689,0.95872,0,2022-09-27 00:00:00
1664323200,0.95873,0.97508,0.95357,0.97184,0,2022-09-28 00:00:00
1664409600,0.97184,0.98437,0.96353,0.9818,0,2022-09-29 00:00:00
1664496000,0.98181,0.98537,0.97346,0.98013,0,2022-09-30 00:00:00
1664668800,0.97933,0.98086,0.97905,0.98006,0,2022-10-02 00:00:00
1664755200,0.98005,0.98445,0.97525,0.98288,0,2022-10-03 00:00:00
1664841600,0.98287,0.99995,0.9806,0.99828,0,2022-10-04 00:00:00
1664928000,0.99827,0.99947,0.98346,0.98891,0,2022-10-05 00:00:00
1665014400,0.98892,0.99264,0.9787,0.97927,0,2022-10-06 00:00:00
1665100800,0.97927,0.98167,0.97259,0.97388,0,2022-10-07 00:00:00
1665273600,0.97336,0.97395,0.9729,0.97313,0,2022-10-09 00:00:00
1665360000,0.97312,0.97531,0.96815,0.97083,0,2022-10-10 00:00:00
1665446400,0.97083,0.97745,0.96698,0.97131,0,2022-10-11 00:00:00
1665532800,0.97131,0.97346,0.96678,0.97075,0,2022-10-12 00:00:00
1665619200,0.97076,0.98057,0.96315,0.97775,0,2022-10-13 00:00:00
1665705600,0.97773,0.98086,0.9707,0.97182,0,2022-10-14 00:00:00
1665878400,0.97201,0.97377,0.97182,0.97319,0,2022-10-16 00:00:00
1665964800,0.97321,0.9852,0.97197,0.9842,0,2022-10-17 00:00:00
1666051200,0.98421,0.98755,0.98124,0.98668,0,2022-10-18 00:00:00
1666137600,0.98668,0.98721,0.97571,0.9765,0,2022-10-19 00:00:00
1666224000,0.97649,0.98454,0.97544,0.97827,0,2022-10-20 00:00:00
1666310400,0.97829,0.98689,0.97048,0.98613,0,2022-10-21 00:00:00
1666483200,0.98712,0.9899,0.98469,0.98488,0,2022-10-23 00:00:00
1666569600,0.98487,0.98935,0.98067,0.98872,0,2022-10-24 00:00:00
1666656000,0.98872,0.99768,0.98484,0.996,0,2022-10-25 00:00:00
1666742400,0.99599,1.00885,0.99434,1.00798,0,2022-10-26 00:00:00
1666828800,1.00799,1.00934,0.99575,0.9971,0,2022-10-27 00:00:00
1666915200,0.9971,0.9998,0.99265,0.99631,0,2022-10-28 00:00:00
1667088000,0.99464,0.9962,0.99454,0.99543,0,2022-10-30 00:00:00
1667174400,0.99543,0.99656,0.98717,0.98856,0,2022-10-31 00:00:00
1667260800,0.98856,0.99539,0.98527,0.98772,0,2022-11-01 00:00:00
1667347200,0.98772,0.99757,0.98098,0.98138,0,2022-11-02 00:00:00
1667433600,0.98141,0.98394,0.97299,0.97488,0,2022-11-03 00:00:00
1667520000,0.97491,0.99664,0.97472,0.9956,0,2022-11-04 00:00:00
1667692800,0.99036,0.99446,0.99001,0.99281,0,2022-11-06 00:00:00
1667779200,0.99282,1.0034,0.99175,1.00173,0,2022-11-07 00:00:00
1667865600,1.00172,1.00963,0.99715,1.00804,0,2022-11-08 00:00:00
1667952000,1.00804,1.0088,0.99927,1.0019,0,2022-11-09 00:00:00
1668038400,1.0019,1.02218,0.99354,1.01914,0,2022-11-10 00:00:00
1668124800,1.01915,1.0364,1.0163,1.03538,0,2022-11-11 00:00:00
1668297600,1.03354,1.03411,1.03141,1.03266,0,2022-11-13 00:00:00
1668384000,1.03266,1.03584,1.02713,1.03196,0,2022-11-14 00:00:00
1668470400,1.03196,1.04808,1.02799,1.03572,0,2022-11-15 00:00:00
1668556800,1.03574,1.04384,1.03307,1.03932,0,2022-11-16 00:00:00
1668643200,1.03933,1.04065,1.03051,1.03607,0,2022-11-17 00:00:00
1668729600,1.03606,1.03959,1.03134,1.03235,0,2022-11-18 00:00:00
1668902400,1.03227,1.0333,1.03213,1.03304,0,2022-11-20 00:00:00
1668988800,1.03304,1.03327,1.02227,1.0245,0,2022-11-21 00:00:00
1669075200,1.02451,1.03106,1.02417,1.03104,0,2022-11-22 00:00:00
1669161600,1.03105,1.04191,1.02963,1.04175,0,2022-11-23 00:00:00
1669248000,1.04178,1.04484,1.03816,1.04074,0,2022-11-24 00:00:00
1669334400,1.04074,1.04291,1.03546,1.03926,0,2022-11-25 00:00:00
1669507200,1.03716,1.03809,1.03653,1.03666,0,2022-11-27 00:00:00
1669593600,1.03667,1.04967,1.033,1.03433,0,2022-11-28 00:00:00
1669680000,1.03432,1.03942,1.03188,1.03235,0,2022-11-29 00:00:00
1669766400,1.03234,1.04299,1.029,1.04229,0,2022-11-30 00:00:00
1669852800,1.04228,1.05393,1.03929,1.05278,0,2022-12-01 00:00:00
1669939200,1.05278,1.05448,1.0428,1.05325,0,2022-12-02 00:00:00
1670112000,1.05303,1.05436,1.05303,1.05433,0,2022-12-04 00:00:00
1670198400,1.05437,1.05948,1.048,1.04963,0,2022-12-05 00:00:00
1670284800,1.04966,1.05326,1.04591,1.04671,0,2022-12-06 00:00:00
1670371200,1.04671,1.05496,1.04431,1.05117,0,2022-12-07 00:00:00
1670457600,1.05118,1.05647,1.04895,1.05555,0,2022-12-08 00:00:00
1670544000,1.05554,1.05881,1.05027,1.05316,0,2022-12-09 00:00:00
1670716800,1.05264,1.05372,1.05179,1.05209,0,2022-12-11 00:00:00
1670803200,1.05209,1.058,1.05057,1.05413,0,2022-12-12 00:00:00
1670889600,1.05412,1.06731,1.05278,1.06242,0,2022-12-13 00:00:00
1670976000,1.06241,1.0695,1.06187,1.06757,0,2022-12-14 00:00:00
1671062400,1.06758,1.07361,1.05921,1.06385,0,2022-12-15 00:00:00
1671148800,1.06386,1.0663,1.05839,1.05839,0,2022-12-16 00:00:00
1671321600,1.05895,1.05959,1.05824,1.05842,0,2022-12-18 00:00:00
1671408000,1.05842,1.06578,1.05757,1.06121,0,2022-12-19 00:00:00
1671494400,1.0612,1.06584,1.05788,1.0625,0,2022-12-20 00:00:00
1671580800,1.0625,1.06455,1.05901,1.06077,0,2022-12-21 00:00:00
1671667200,1.06077,1.06593,1.0573,1.0601,0,2022-12-22 00:00:00
1671753600,1.0601,1.06328,1.05867,1.06172,0,2022-12-23 00:00:00
1671926400,1.06114,1.06237,1.06064,1.06191,0,2022-12-25 00:00:00
1672012800,1.06196,1.06459,1.05979,1.06397,0,2022-12-26 00:00:00
1672099200,1.06398,1.06694,1.06113,1.06369,0,2022-12-27 00:00:00
1672185600,1.06369,1.06742,1.06065,1.06288,0,2022-12-28 00:00:00
1672272000,1.06287,1.06902,1.06109,1.06601,0,2022-12-29 00:00:00
1672358400,1.06602,1.07131,1.06385,1.07054,0,2022-12-30 00:00:00
1672531200,1.0697,1.07066,1.06788,1.07005,0,2023-01-01 00:00:00
1672617600,1.07007,1.07087,1.06499,1.06765,0,2023-01-02 00:00:00
1672704000,1.06764,1.06801,1.05194,1.05455,0,2023-01-03 00:00:00
1672790400,1.05453,1.06354,1.0545,1.06061,0,2023-01-04 00:00:00
1672876800,1.06058,1.06314,1.05148,1.05208,0,2023-01-05 00:00:00
1672963200,1.05209,1.0648,1.04823,1.06413,0,2023-01-06 00:00:00
1673136000,1.06406,1.06628,1.06381,1.06627,0,2023-01-08 00:00:00
1673222400,1.06628,1.07605,1.06513,1.07326,0,2023-01-09 00:00:00
1673308800,1.07324,1.07592,1.07119,1.07382,0,2023-01-10 00:00:00
1673395200,1.07383,1.07762,1.07254,1.07652,0,2023-01-11 00:00:00
1673481600,1.07652,1.08668,1.07297,1.08595,0,2023-01-12 00:00:00
1673568000,1.08595,1.08679,1.07803,1.08302,0,2023-01-13 00:00:00
1673740800,1.08288,1.0835,1.08201,1.08225,0,2023-01-15 00:00:00
1673827200,1.08224,1.08741,1.08013,1.08294,0,2023-01-16 00:00:00
1673913600,1.08294,1.08693,1.07744,1.07893,0,2023-01-17 00:00:00
1674000000,1.07891,1.08873,1.07661,1.07972,0,2023-01-18 00:00:00
1674086400,1.07974,1.08398,1.07821,1.08333,0,2023-01-19 00:00:00
1674172800,1.08332,1.08587,1.08022,1.08549,0,2023-01-20 00:00:00
1674345600,1.08678,1.08696,1.08611,1.08643,0,2023-01-22 00:00:00
1674432000,1.08639,1.09267,1.08461,1.08711,0,2023-01-23 00:00:00
1674518400,1.08711,1.08978,1.08349,1.08897,0,2023-01-24 00:00:00
1674604800,1.08899,1.09236,1.08571,1.09206,0,2023-01-25 00:00:00
1674691200,1.09206,1.09293,1.08505,1.0893,0,2023-01-26 00:00:00
1674777600,1.0893,1.09001,1.08377,1.08649,0,2023-01-27 00:00:00
1674950400,1.08643,1.08724,1.08595,1.08717,0,2023-01-29 00:00:00
1675036800,1.08718,1.09137,1.08389,1.08499,0,2023-01-30 00:00:00
1675123200,1.085,1.08747,1.08019,1.08606,0,2023-01-31 00:00:00
1675209600,1.08605,1.10327,1.0852,1.10124,0,2023-02-01 00:00:00
1675296000,1.10123,1.10266,1.08851,1.09043,0,2023-02-02 00:00:00
1675382400,1.09044,1.09399,1.07924,1.07929,0,2023-02-03 00:00:00
1675555200,1.0782,1.07981,1.07817,1.07891,0,2023-02-05 00:00:00
1675641600,1.0789,1.07987,1.07092,1.07289,0,2023-02-06 00:00:00
1675728000,1.07288,1.07664,1.0669,1.07301,0,2023-02-07 00:00:00
1675814400,1.07303,1.07607,1.07092,1.07151,0,2023-02-08 00:00:00
1675900800,1.07152,1.07907,1.07093,1.0739,0,2023-02-09 00:00:00
1675987200,1.07391,1.07525,1.06661,1.06754,0,2023-02-10 00:00:00
1676160000,1.06808,1.06821,1.06708,1.06771,0,2023-02-12 00:00:00
1676246400,1.06771,1.07322,1.06553,1.07308,0,2023-02-13 00:00:00
1676332800,1.07308,1.08044,1.07066,1.0735,0,2023-02-14 00:00:00
1676419200,1.07351,1.07443,1.06604,1.06912,0,2023-02-15 00:00:00
1676505600,1.06913,1.07222,1.06544,1.06653,0,2023-02-16 00:00:00
1676592000,1.06653,1.06982,1.06126,1.06929,0,2023-02-17 00:00:00
1676764800,1.06849,1.06933,1.06844,1.06905,0,2023-02-19 00:00:00
1676851200,1.0684,1.07044,1.06704,1.06848,0,2023-02-20 00:00:00
1676937600,1.06821,1.0698,1.06397,1.06512,0,2023-02-21 00:00:00
1677024000,1.06513,1.06638,1.05989,1.06049,0,2023-02-22 00:00:00
1677110400,1.06053,1.06275,1.0579,1.05953,0,2023-02-23 00:00:00
1677196800,1.05973,1.06141,1.05359,1.05469,0,2023-02-24 00:00:00
1677369600,1.05451,1.05483,1.05439,1.05456,0,2023-02-26 00:00:00
1677456000,1.05533,1.06095,1.05328,1.06057,0,2023-02-27 00:00:00
1677542400,1.06094,1.06406,1.05726,1.05788,0,2023-02-28 00:00:00
1677628800,1.05767,1.06913,1.05651,1.06684,0,2023-03-01 00:00:00
1677715200,1.06684,1.06726,1.05764,1.05977,0,2023-03-02 00:00:00
1677801600,1.05982,1.06384,1.05924,1.0635,0,2023-03-03 00:00:00
1677974400,1.06266,1.06288,1.06232,1.06254,0,2023-03-05 00:00:00
1678060800,1.06255,1.06942,1.06219,1.06854,0,2023-03-06 00:00:00
1678147200,1.06853,1.06943,1.05471,1.05506,0,2023-03-07 00:00:00
1678233600,1.05482,1.05614,1.05241,1.05424,0,2023-03-08 00:00:00
1678320000,1.05488,1.059,1.05378,1.05856,0,2023-03-09 00:00:00
1678406400,1.05855,1.06873,1.05738,1.06368,0,2023-03-10 00:00:00
1678579200,1.06808,1.06968,1.0674,1.0694,0,2023-03-12 00:00:00
1678665600,1.06811,1.07423,1.065,1.07228,0,2023-03-13 00:00:00
1678752000,1.07228,1.07486,1.06787,1.07267,0,2023-03-14 00:00:00
1678838400,1.07267,1.07597,1.05158,1.0578,0,2023-03-15 00:00:00
1678924800,1.05814,1.06353,1.05728,1.06122,0,2023-03-16 00:00:00
1679011200,1.06136,1.06852,1.06116,1.06647,0,2023-03-17 00:00:00
1679184000,1.06821,1.06885,1.06661,1.06699,0,2023-03-19 00:00:00
1679270400,1.06806,1.07295,1.06311,1.07224,0,2023-03-20 00:00:00
1679356800,1.07185,1.07825,1.07038,1.07697,0,2023-03-21 00:00:00
1679443200,1.07725,1.08925,1.0759,1.08688,0,2023-03-22 00:00:00
1679529600,1.08689,1.09296,1.0824,1.08345,0,2023-03-23 00:00:00
1679616000,1.08347,1.0837,1.07131,1.07589,0,2023-03-24 00:00:00
1679788800,1.07752,1.07798,1.07648,1.07774,0,2023-03-26 00:00:00
1679875200,1.07775,1.07977,1.07449,1.07967,0,2023-03-27 00:00:00
1679961600,1.07992,1.08485,1.07987,1.08399,0,2023-03-28 00:00:00
1680048000,1.08413,1.08713,1.08177,1.08407,0,2023-03-29 00:00:00
1680134400,1.08444,1.09262,1.08235,1.09046,0,2023-03-30 00:00:00
1680220800,1.09022,1.09257,1.08368,1.08386,0,2023-03-31 00:00:00
1680393600,1.08398,1.0844,1.08398,1.08418,0,2023-04-02 00:00:00
1680480000,1.08192,1.09082,1.07882,1.09,0,2023-04-03 00:00:00
1680566400,1.09036,1.09701,1.08828,1.09573,0,2023-04-04 00:00:00
1680652800,1.09576,1.09695,1.08962,1.09097,0,2023-04-05 00:00:00
1680739200,1.09099,1.09375,1.08845,1.09163,0,2023-04-06 00:00:00
1680825600,1.09162,1.09206,1.09161,1.09194,0,2023-04-07 00:00:00
1680998400,1.0898,1.09049,1.0898,1.08993,0,2023-04-09 00:00:00
1681084800,1.09094,1.09171,1.08373,1.08648,0,2023-04-10 00:00:00
1681171200,1.08687,1.09279,1.0867,1.09167,0,2023-04-11 00:00:00
1681257600,1.09163,1.09988,1.09147,1.0995,0,2023-04-12 00:00:00
1681344000,1.09967,1.10676,1.09767,1.10455,0,2023-04-13 00:00:00
1681430400,1.1048,1.10758,1.09752,1.09922,0,2023-04-14 00:00:00
1681603200,1.09888,1.09942,1.09885,1.09921,0,2023-04-16 00:00:00
1681689600,1.09868,1.09997,1.09116,1.09249,0,2023-04-17 00:00:00
1681776000,1.09239,1.09828,1.09222,1.09737,0,2023-04-18 00:00:00
1681862400,1.09749,1.0984,1.0926,1.0954,0,2023-04-19 00:00:00
1681948800,1.09525,1.09849,1.09334,1.09671,0,2023-04-20 00:00:00
1682035200,1.09684,1.09936,1.0938,1.09874,0,2023-04-21 00:00:00
1682208000,1.09866,1.0993,1.09864,1.09922,0,2023-04-23 00:00:00
1682294400,1.09916,1.10483,1.09658,1.10455,0,2023-04-24 00:00:00
1682380800,1.10511,1.1067,1.09641,1.09741,0,2023-04-25 00:00:00
1682467200,1.09781,1.10858,1.09683,1.10396,0,2023-04-26 00:00:00
1682553600,1.1045,1.10634,1.0992,1.10273,0,2023-04-27 00:00:00
1682640000,1.10267,1.10449,1.09723,1.10193,0,2023-04-28 00:00:00
1682812800,1.10191,1.1022,1.10106,1.10112,0,2023-04-30 00:00:00
1682899200,1.10106,1.10355,1.09653,1.09739,0,2023-05-01 00:00:00
1682985600,1.09687,1.10078,1.09422,1.10003,0,2023-05-02 00:00:00
1683072000,1.10063,1.10916,1.10048,1.10679,0,2023-05-03 00:00:00
1683158400,1.10686,1.10917,1.09952,1.10211,0,2023-05-04 00:00:00
1683244800,1.10229,1.10477,1.09667,1.10162,0,2023-05-05 00:00:00
1683417600,1.10213,1.10228,1.10143,1.1016,0,2023-05-07 00:00:00
1683504000,1.10182,1.10535,1.10001,1.10012,0,2023-05-08 00:00:00
1683590400,1.09962,1.10007,1.09492,1.09649,0,2023-05-09 00:00:00
1683676800,1.09644,1.10068,1.09414,1.09816,0,2023-05-10 00:00:00
1683763200,1.09861,1.09981,1.09,1.09161,0,2023-05-11 00:00:00
1683849600,1.09162,1.09354,1.08476,1.08477,0,2023-05-12 00:00:00
1684022400,1.0861,1.08618,1.08515,1.0854,0,2023-05-14 00:00:00
1684108800,1.085,1.08908,1.08478,1.08761,0,2023-05-15 00:00:00
1684195200,1.08759,1.09046,1.0855,1.08611,0,2023-05-16 00:00:00
1684281600,1.08625,1.08736,1.08147,1.08405,0,2023-05-17 00:00:00
1684368000,1.08384,1.08479,1.07624,1.07699,0,2023-05-18 00:00:00
1684454400,1.07761,1.08249,1.076,1.08019,0,2023-05-19 00:00:00
1684627200,1.08062,1.08197,1.08062,1.08169,0,2023-05-21 00:00:00
1684713600,1.08219,1.08298,1.07955,1.08126,0,2023-05-22 00:00:00
1684800000,1.08105,1.08204,1.07601,1.07725,0,2023-05-23 00:00:00
1684886400,1.0769,1.08012,1.07421,1.0755,0,2023-05-24 00:00:00
1684972800,1.07556,1.07556,1.07073,1.07246,0,2023-05-25 00:00:00
1685059200,1.07259,1.07572,1.07018,1.07292,0,2023-05-26 00:00:00
1685232000,1.07219,1.07292,1.0718,1.07192,0,2023-05-28 00:00:00
1685318400,1.07214,1.07434,1.07076,1.07096,0,2023-05-29 00:00:00
1685404800,1.07067,1.07465,1.06725,1.0732,0,2023-05-30 00:00:00
1685491200,1.07316,1.07356,1.06355,1.06867,0,2023-05-31 00:00:00
1685577600,1.06929,1.07684,1.06617,1.07651,0,2023-06-01 00:00:00
1685664000,1.07603,1.07789,1.0705,1.07063,0,2023-06-02 00:00:00
1685836800,1.07098,1.07107,1.0706,1.07063,0,2023-06-04 00:00:00
1685923200,1.0701,1.07207,1.06777,1.07134,0,2023-06-05 00:00:00
1686009600,1.07112,1.07328,1.06669,1.06949,0,2023-06-06 00:00:00
1686096000,1.06985,1.07396,1.06682,1.06991,0,2023-06-07 00:00:00
1686182400,1.06991,1.07856,1.06966,1.07815,0,2023-06-08 00:00:00
1686268800,1.07839,1.07851,1.07428,1.0744,0,2023-06-09 00:00:00
1686441600,1.07491,1.07492,1.07431,1.07446,0,2023-06-11 00:00:00
1686528000,1.07499,1.079,1.0733,1.07566,0,2023-06-12 00:00:00
1686614400,1.07598,1.08234,1.07591,1.07914,0,2023-06-13 00:00:00
1686700800,1.07896,1.0864,1.07739,1.08322,0,2023-06-14 00:00:00
1686787200,1.08427,1.09499,1.08036,1.09489,0,2023-06-15 00:00:00
1686873600,1.09455,1.09658,1.09217,1.09351,0,2023-06-16 00:00:00
1687132800,1.09426,1.09462,1.09099,1.09218,0,2023-06-19 00:00:00
1687219200,1.09225,1.09461,1.08996,1.0918,0,2023-06-20 00:00:00
1687305600,1.09196,1.09909,1.09058,1.09905,0,2023-06-21 00:00:00
1687392000,1.09916,1.10081,1.095,1.09533,0,2023-06-22 00:00:00
1687478400,1.09555,1.09585,1.08443,1.0892,0,2023-06-23 00:00:00
1687651200,1.09042,1.09048,1.08978,1.09004,0,2023-06-25 00:00:00
1687737600,1.09063,1.09199,1.08873,1.09053,0,2023-06-26 00:00:00
1687824000,1.09108,1.09766,1.09021,1.09598,0,2023-06-27 00:00:00
1687910400,1.0957,1.09621,1.08968,1.09137,0,2023-06-28 00:00:00
1687996800,1.09151,1.09414,1.0861,1.08653,0,2023-06-29 00:00:00
1688083200,1.08673,1.09224,1.08352,1.09095,0,2023-06-30 00:00:00
1688256000,1.09089,1.0913,1.09084,1.09092,0,2023-07-02 00:00:00
1688342400,1.09075,1.09339,1.08702,1.09119,0,2023-07-03 00:00:00
1688428800,1.09124,1.09163,1.08773,1.08804,0,2023-07-04 00:00:00
1688515200,1.08827,1.09078,1.08525,1.08553,0,2023-07-05 00:00:00
1688601600,1.08529,1.08977,1.08337,1.08882,0,2023-07-06 00:00:00
1688688000,1.08912,1.09731,1.08669,1.09675,0,2023-07-07 00:00:00
1688860800,1.09593,1.09665,1.09563,1.09647,0,2023-07-09 00:00:00
1688947200,1.09663,1.10025,1.09434,1.1001,0,2023-07-10 00:00:00
1689033600,1.10053,1.10269,1.09783,1.10065,0,2023-07-11 00:00:00
1689120000,1.1012,1.1138,1.10111,1.11287,0,2023-07-12 00:00:00
1689206400,1.11351,1.12296,1.11298,1.12245,0,2023-07-13 00:00:00
1689292800,1.12235,1.12448,1.12041,1.12259,0,2023-07-14 00:00:00
1689465600,1.12273,1.12315,1.12245,1.12254,0,2023-07-16 00:00:00
1689552000,1.12271,1.12487,1.12033,1.12394,0,2023-07-17 00:00:00
1689638400,1.12374,1.12756,1.12089,1.12316,0,2023-07-18 00:00:00
1689724800,1.12282,1.124,1.11895,1.12,0,2023-07-19 00:00:00
1689811200,1.12035,1.12291,1.11184,1.11348,0,2023-07-20 00:00:00
1689897600,1.11345,1.11449,1.11079,1.11254,0,2023-07-21 00:00:00
1690070400,1.11197,1.11321,1.11197,1.11306,0,2023-07-23 00:00:00
1690156800,1.11281,1.11469,1.10602,1.10624,0,2023-07-24 00:00:00
1690243200,1.1063,1.10868,1.10255,1.10531,0,2023-07-25 00:00:00
1690329600,1.10512,1.11047,1.10377,1.10848,0,2023-07-26 00:00:00
1690416000,1.10778,1.11439,1.09662,1.09827,0,2023-07-27 00:00:00
1690502400,1.0978,1.10475,1.09435,1.10125,0,2023-07-28 00:00:00
1690675200,1.10206,1.10276,1.10095,1.1027,0,2023-07-30 00:00:00
1690761600,1.10271,1.10458,1.09931,1.10009,0,2023-07-31 00:00:00
1690848000,1.1001,1.10192,1.09523,1.10092,0,2023-08-01 00:00:00
1690934400,1.10091,1.10166,1.09178,1.09444,0,2023-08-02 00:00:00
1691020800,1.09445,1.09628,1.09122,1.09516,0,2023-08-03 00:00:00
1691107200,1.09517,1.10419,1.09349,1.10029,0,2023-08-04 00:00:00
1691280000,1.10141,1.10151,1.10025,1.1005,0,2023-08-06 00:00:00
1691366400,1.1005,1.10117,1.09654,1.10017,0,2023-08-07 00:00:00
1691452800,1.10018,1.10111,1.0929,1.0952,0,2023-08-08 00:00:00
1691539200,1.0952,1.09953,1.0952,1.09767,0,2023-08-09 00:00:00
1691625600,1.09767,1.1065,1.09673,1.09826,0,2023-08-10 00:00:00
1691712000,1.09827,1.10049,1.09429,1.09433,0,2023-08-11 00:00:00
1691884800,1.09493,1.09517,1.09401,1.0942,0,2023-08-13 00:00:00
1691971200,1.09419,1.096,1.08747,1.09073,0,2023-08-14 00:00:00
1692057600,1.09073,1.09524,1.08969,1.09028,0,2023-08-15 00:00:00
1692144000,1.09028,1.09345,1.08714,1.08791,0,2023-08-16 00:00:00
1692230400,1.08791,1.0918,1.08563,1.08734,0,2023-08-17 00:00:00
1692316800,1.08734,1.08938,1.0845,1.08678,0,2023-08-18 00:00:00
1692489600,1.08672,1.08785,1.08664,1.08741,0,2023-08-20 00:00:00
1692576000,1.08743,1.09136,1.08695,1.0896,0,2023-08-21 00:00:00
1692662400,1.08959,1.09303,1.08329,1.0846,0,2023-08-22 00:00:00
1692748800,1.0846,1.08713,1.08025,1.08643,0,2023-08-23 00:00:00
1692835200,1.08643,1.08764,1.0805,1.08069,0,2023-08-24 00:00:00
1692921600,1.0807,1.08417,1.07658,1.07906,0,2023-08-25 00:00:00
1693094400,1.07957,1.08006,1.07941,1.07946,0,2023-08-27 00:00:00
1693180800,1.07947,1.0827,1.07933,1.08256,0,2023-08-28 00:00:00
1693267200,1.08256,1.08919,1.07822,1.08843,0,2023-08-29 00:00:00
1693353600,1.08845,1.09454,1.08551,1.09264,0,2023-08-30 00:00:00
1693440000,1.09264,1.09394,1.08347,1.08418,0,2023-08-31 00:00:00
1693526400,1.08417,1.08819,1.07716,1.07717,0,2023-09-01 00:00:00
1693699200,1.07748,1.07815,1.07718,1.07733,0,2023-09-03 00:00:00
1693785600,1.07731,1.08087,1.07716,1.07945,0,2023-09-04 00:00:00
1693872000,1.07945,1.07982,1.07062,1.0726,0,2023-09-05 00:00:00
1693958400,1.07261,1.07488,1.07025,1.07251,0,2023-09-06 00:00:00
1694044800,1.0725,1.07317,1.06861,1.06955,0,2023-09-07 00:00:00
1694131200,1.06956,1.07438,1.06941,1.06974,0,2023-09-08 00:00:00
1694304000,1.07147,1.07198,1.07075,1.07114,0,2023-09-10 00:00:00
1694390400,1.07114,1.07593,1.07082,1.07497,0,2023-09-11 00:00:00
1694476800,1.07497,1.07692,1.07055,1.07558,0,2023-09-12 00:00:00
1694563200,1.07558,1.07648,1.0711,1.07328,0,2023-09-13 00:00:00
1694649600,1.07329,1.07521,1.06318,1.06423,0,2023-09-14 00:00:00
1694736000,1.06421,1.06877,1.06332,1.06576,0,2023-09-15 00:00:00
1694908800,1.06588,1.0669,1.06578,1.06638,0,2023-09-17 00:00:00
1694995200,1.06639,1.06986,1.06546,1.06912,0,2023-09-18 00:00:00
1695081600,1.06913,1.0718,1.06746,1.06819,0,2023-09-19 00:00:00
1695168000,1.0682,1.07368,1.06501,1.06551,0,2023-09-20 00:00:00
1695254400,1.06552,1.06734,1.06167,1.06613,0,2023-09-21 00:00:00
1695340800,1.06613,1.06716,1.0615,1.06419,0,2023-09-22 00:00:00
1695513600,1.06513,1.06517,1.06424,1.06489,0,2023-09-24 00:00:00
1695600000,1.06489,1.06555,1.05753,1.05938,0,2023-09-25 00:00:00
1695686400,1.05937,1.0609,1.0562,1.05712,0,2023-09-26 00:00:00
1695772800,1.05712,1.0574,1.0488,1.05034,0,2023-09-27 00:00:00
1695859200,1.05032,1.05788,1.0491,1.05648,0,2023-09-28 00:00:00
1695945600,1.05647,1.06169,1.05579,1.05694,0,2023-09-29 00:00:00
1696118400,1.05672,1.05721,1.05578,1.0559,0,2023-10-01 00:00:00
1696204800,1.05591,1.05919,1.04764,1.04766,0,2023-10-02 00:00:00
1696291200,1.04767,1.04933,1.04483,1.04645,0,2023-10-03 00:00:00
1696377600,1.04646,1.05321,1.04514,1.05062,0,2023-10-04 00:00:00
1696464000,1.05063,1.05518,1.05,1.05481,0,2023-10-05 00:00:00
1696550400,1.0548,1.05999,1.04824,1.05828,0,2023-10-06 00:00:00
1696723200,1.05529,1.0563,1.05494,1.0558,0,2023-10-08 00:00:00
1696809600,1.05581,1.05742,1.05194,1.05686,0,2023-10-09 00:00:00
1696896000,1.05686,1.06198,1.05542,1.06052,0,2023-10-10 00:00:00
1696982400,1.06052,1.06346,1.05806,1.0619,0,2023-10-11 00:00:00
1697068800,1.06191,1.06397,1.05257,1.05314,0,2023-10-12 00:00:00
1697155200,1.05314,1.05584,1.04954,1.05073,0,2023-10-13 00:00:00
1697328000,1.05083,1.05253,1.05025,1.05213,0,2023-10-15 00:00:00
1697414400,1.05212,1.05627,1.05156,1.05561,0,2023-10-16 00:00:00
1697500800,1.05561,1.05948,1.05328,1.05757,0,2023-10-17 00:00:00
1697587200,1.05758,1.05941,1.05231,1.05369,0,2023-10-18 00:00:00
1697673600,1.0537,1.06163,1.05282,1.05809,0,2023-10-19 00:00:00
1697760000,1.05802,1.06035,1.05649,1.05927,0,2023-10-20 00:00:00
1697932800,1.0595,1.05968,1.05883,1.05913,0,2023-10-22 00:00:00
1698019200,1.05913,1.06779,1.05714,1.06678,0,2023-10-23 00:00:00
1698105600,1.06678,1.06942,1.0583,1.05934,0,2023-10-24 00:00:00
1698192000,1.05932,1.06067,1.0564,1.05653,0,2023-10-25 00:00:00
1698278400,1.05652,1.05691,1.05221,1.05642,0,2023-10-26 00:00:00
1698364800,1.05644,1.0597,1.05354,1.05605,0,2023-10-27 00:00:00
1698537600,1.05644,1.05749,1.05588,1.05618,0,2023-10-29 00:00:00
1698624000,1.05618,1.0625,1.05471,1.06138,0,2023-10-30 00:00:00
1698710400,1.06139,1.06748,1.05574,1.0578,0,2023-10-31 00:00:00
1698796800,1.05778,1.05867,1.05167,1.05866,0,2023-11-01 00:00:00
1698883200,1.05866,1.06675,1.05837,1.06155,0,2023-11-02 00:00:00
1698969600,1.06158,1.07467,1.06146,1.07295,0,2023-11-03 00:00:00
1699142400,1.07232,1.07334,1.07207,1.07313,0,2023-11-05 00:00:00
1699228800,1.07316,1.07562,1.07149,1.07182,0,2023-11-06 00:00:00
1699315200,1.07184,1.07193,1.0664,1.06956,0,2023-11-07 00:00:00
1699401600,1.06956,1.0716,1.06593,1.07112,0,2023-11-08 00:00:00
1699488000,1.07113,1.07254,1.06601,1.06669,0,2023-11-09 00:00:00
1699574400,1.06671,1.06927,1.0656,1.06848,0,2023-11-10 00:00:00
1699747200,1.06818,1.06906,1.06799,1.06905,0,2023-11-12 00:00:00
1699833600,1.06902,1.07061,1.0665,1.07012,0,2023-11-13 00:00:00
1699920000,1.07013,1.08875,1.06928,1.08777,0,2023-11-14 00:00:00
1700006400,1.08776,1.08858,1.08315,1.08541,0,2023-11-15 00:00:00
1700092800,1.08542,1.08955,1.083,1.08529,0,2023-11-16 00:00:00
1700179200,1.0853,1.09148,1.08247,1.09138,0,2023-11-17 00:00:00
1700352000,1.09095,1.0911,1.09054,1.09055,0,2023-11-19 00:00:00
1700438400,1.09054,1.09517,1.08974,1.09446,0,2023-11-20 00:00:00
1700524800,1.09447,1.09651,1.09001,1.09169,0,2023-11-21 00:00:00
1700611200,1.0917,1.09229,1.08522,1.08878,0,2023-11-22 00:00:00
1700697600,1.0888,1.09303,1.0887,1.09038,0,2023-11-23 00:00:00
1700784000,1.09037,1.09486,1.08949,1.09341,0,2023-11-24 00:00:00
1700956800,1.09438,1.09474,1.09384,1.09396,0,2023-11-26 00:00:00
1701043200,1.09397,1.09592,1.09251,1.09589,0,2023-11-27 00:00:00
1701129600,1.09589,1.10088,1.09344,1.10039,0,2023-11-28 00:00:00
1701216000,1.10041,1.10171,1.09601,1.09732,0,2023-11-29 00:00:00
1701302400,1.09731,1.09838,1.08794,1.08916,0,2023-11-30 00:00:00
1701388800,1.08917,1.09127,1.08287,1.08788,0,2023-12-01 00:00:00
1701561600,1.08771,1.08948,1.08766,1.08857,0,2023-12-03 00:00:00
1701648000,1.08858,1.08865,1.0804,1.08373,0,2023-12-04 00:00:00
1701734400,1.08373,1.08474,1.07781,1.07932,0,2023-12-05 00:00:00
1701820800,1.07933,1.08047,1.07586,1.07661,0,2023-12-06 00:00:00
1701907200,1.07664,1.08175,1.07552,1.07895,0,2023-12-07 00:00:00
1701993600,1.07896,1.08005,1.07236,1.07592,0,2023-12-08 00:00:00
1702166400,1.07592,1.07676,1.07556,1.07651,0,2023-12-10 00:00:00
1702252800,1.07653,1.07789,1.07415,1.07653,0,2023-12-11 00:00:00
1702339200,1.07653,1.08279,1.07612,1.07982,0,2023-12-12 00:00:00
1702425600,1.07983,1.08965,1.07731,1.08825,0,2023-12-13 00:00:00
1702512000,1.08826,1.10092,1.08791,1.09932,0,2023-12-14 00:00:00
1702598400,1.09934,1.10036,1.08885,1.08922,0,2023-12-15 00:00:00
1702771200,1.08973,1.0898,1.0892,1.08948,0,2023-12-17 00:00:00
1702857600,1.08948,1.09311,1.08939,1.09231,0,2023-12-18 00:00:00
1702944000,1.09231,1.09873,1.09148,1.09792,0,2023-12-19 00:00:00
1703030400,1.09793,1.09793,1.09298,1.09432,0,2023-12-20 00:00:00
1703116800,1.09433,1.10125,1.09352,1.10056,0,2023-12-21 00:00:00
1703203200,1.10057,1.10401,1.09938,1.10135,0,2023-12-22 00:00:00
1703376000,1.10108,1.10159,1.10108,1.10149,0,2023-12-24 00:00:00
1703462400,1.10149,1.1023,1.09933,1.10186,0,2023-12-25 00:00:00
1703548800,1.10187,1.1045,1.10085,1.10422,0,2023-12-26 00:00:00
1703635200,1.10422,1.11226,1.10286,1.11082,0,2023-12-27 00:00:00
1703721600,1.11081,1.11394,1.10552,1.10677,0,2023-12-28 00:00:00
1703808000,1.10678,1.10842,1.10339,1.10361,0,2023-12-29 00:00:00
1704067200,1.10427,1.10447,1.10356,1.10365,0,2024-01-01 00:00:00
1704153600,1.10366,1.10432,1.09375,1.09416,0,2024-01-02 00:00:00
1704240000,1.09416,1.09654,1.08929,1.09258,0,2024-01-03 00:00:00
1704326400,1.09259,1.09721,1.0916,1.09462,0,2024-01-04 00:00:00
1704412800,1.09461,1.09984,1.08767,1.09392,0,2024-01-05 00:00:00
1704585600,1.09386,1.09456,1.09349,1.09415,0,2024-01-07 00:00:00
1704672000,1.09413,1.09788,1.09226,1.09497,0,2024-01-08 00:00:00
1704758400,1.09497,1.09663,1.09103,1.09317,0,2024-01-09 00:00:00
1704844800,1.09316,1.09747,1.09228,1.0974,0,2024-01-10 00:00:00
1704931200,1.09742,1.1,1.09302,1.09824,0,2024-01-11 00:00:00
1705017600,1.09823,1.09868,1.09359,1.09483,0,2024-01-12 00:00:00
1705190400,1.0948,1.09502,1.0944,1.09451,0,2024-01-14 00:00:00
1705276800,1.09451,1.09675,1.09335,1.09449,0,2024-01-15 00:00:00
1705363200,1.09447,1.09461,1.0862,1.08714,0,2024-01-16 00:00:00
1705449600,1.08786,1.0886,1.08445,1.0886,0,2024-01-17 00:00:00
1705536000,1.08861,1.09067,1.08466,1.08799,0,2024-01-18 00:00:00
1705622400,1.088,1.08983,1.08656,1.0896,0,2024-01-19 00:00:00
1705795200,1.08906,1.08976,1.08878,1.0892,0,2024-01-21 00:00:00
1705881600,1.0892,1.09094,1.08768,1.08772,0,2024-01-22 00:00:00
1705968000,1.08776,1.09162,1.08215,1.08572,0,2024-01-23 00:00:00
1706054400,1.08573,1.09323,1.08514,1.0881,0,2024-01-24 00:00:00
1706140800,1.08811,1.09018,1.08216,1.08454,0,2024-01-25 00:00:00
1706227200,1.08455,1.08854,1.08128,1.08504,0,2024-01-26 00:00:00
1706400000,1.08468,1.0849,1.08414,1.08422,0,2024-01-28 00:00:00
1706486400,1.08423,1.085,1.07958,1.08336,0,2024-01-29 00:00:00
1706572800,1.08336,1.08573,1.08119,1.08428,0,2024-01-30 00:00:00
1706659200,1.08429,1.08874,1.07949,1.08039,0,2024-01-31 00:00:00
1706745600,1.08039,1.08761,1.07799,1.08742,0,2024-02-01 00:00:00
1706832000,1.08741,1.08974,1.07804,1.07849,0,2024-02-02 00:00:00
1707004800,1.07854,1.07858,1.07698,1.07796,0,2024-02-04 00:00:00
1707091200,1.07796,1.07861,1.07231,1.0741,0,2024-02-05 00:00:00
1707177600,1.07409,1.07623,1.07225,1.07566,0,2024-02-06 00:00:00
1707264000,1.07569,1.07838,1.07556,1.07754,0,2024-02-07 00:00:00
1707350400,1.07754,1.07889,1.07416,1.07776,0,2024-02-08 00:00:00
1707436800,1.07775,1.07951,1.07621,1.07821,0,2024-02-09 00:00:00
1707609600,1.07767,1.07983,1.07766,1.07979,0,2024-02-11 00:00:00
1707696000,1.0798,1.08055,1.07559,1.07717,0,2024-02-12 00:00:00
1707782400,1.07718,1.07985,1.07005,1.07083,0,2024-02-13 00:00:00
1707868800,1.07083,1.07344,1.06949,1.07319,0,2024-02-14 00:00:00
1707955200,1.07321,1.07847,1.07246,1.07726,0,2024-02-15 00:00:00
1708041600,1.07726,1.07874,1.07319,1.07749,0,2024-02-16 00:00:00
1708214400,1.07718,1.0785,1.07718,1.0784,0,2024-02-18 00:00:00
1708300800,1.07838,1.07894,1.07621,1.07754,0,2024-02-19 00:00:00
1708387200,1.07753,1.08387,1.07615,1.08098,0,2024-02-20 00:00:00
1708473600,1.081,1.08243,1.07899,1.08202,0,2024-02-21 00:00:00
1708560000,1.08201,1.08882,1.08026,1.08253,0,2024-02-22 00:00:00
1708646400,1.08253,1.08395,1.08117,1.08174,0,2024-02-23 00:00:00
1708819200,1.08318,1.08322,1.08182,1.0819,0,2024-02-25 00:00:00
1708905600,1.08188,1.08597,1.08126,1.08503,0,2024-02-26 00:00:00
1708992000,1.08504,1.08659,1.0833,1.0841,0,2024-02-27 00:00:00
1709078400,1.08411,1.08458,1.07966,1.08383,0,2024-02-28 00:00:00
1709164800,1.08384,1.08558,1.07958,1.08055,0,2024-02-29 00:00:00
1709251200,1.08055,1.08432,1.07981,1.08368,0,2024-03-01 00:00:00
1709424000,1.08359,1.0844,1.0835,1.08416,0,2024-03-03 00:00:00
1709510400,1.08417,1.08667,1.08377,1.08541,0,2024-03-04 00:00:00
1709596800,1.0854,1.0876,1.08403,1.08555,0,2024-03-05 00:00:00
1709683200,1.08554,1.09153,1.08421,1.08995,0,2024-03-06 00:00:00
1709769600,1.08994,1.09513,1.08678,1.09509,0,2024-03-07 00:00:00
1709856000,1.0951,1.09812,1.09183,1.09348,0,2024-03-08 00:00:00
1710028800,1.09411,1.09436,1.09359,1.09426,0,2024-03-10 00:00:00
1710115200,1.09427,1.0948,1.09145,1.09304,0,2024-03-11 00:00:00
1710201600,1.09306,1.09438,1.09023,1.09267,0,2024-03-12 00:00:00
1710288000,1.09268,1.09638,1.09201,1.0953,0,2024-03-13 00:00:00
1710374400,1.09529,1.09547,1.08806,1.08827,0,2024-03-14 00:00:00
1710460800,1.08828,1.08996,1.0873,1.08869,0,2024-03-15 00:00:00
1710633600,1.08905,1.08911,1.08817,1.08835,0,2024-03-17 00:00:00
1710720000,1.08836,1.09061,1.08661,1.08732,0,2024-03-18 00:00:00
1710806400,1.08732,1.08765,1.08347,1.08616,0,2024-03-19 00:00:00
1710892800,1.08617,1.09374,1.08364,1.09373,0,2024-03-20 00:00:00
1710979200,1.09373,1.09426,1.08554,1.08618,0,2024-03-21 00:00:00
1711065600,1.08622,1.08679,1.08017,1.08065,0,2024-03-22 00:00:00
1711238400,1.08068,1.08104,1.08046,1.08071,0,2024-03-24 00:00:00
1711324800,1.08071,1.08424,1.08021,1.0837,0,2024-03-25 00:00:00
1711411200,1.0837,1.08643,1.08242,1.08325,0,2024-03-26 00:00:00
1711497600,1.08326,1.0839,1.08101,1.08123,0,2024-03-27 00:00:00
1711584000,1.08123,1.08265,1.07751,1.07911,0,2024-03-28 00:00:00
1711670400,1.07912,1.08051,1.07678,1.07898,0,2024-03-29 00:00:00
1711843200,1.07882,1.07965,1.07848,1.07865,0,2024-03-31 00:00:00
1711929600,1.07932,1.07987,1.07309,1.07398,0,2024-04-01 00:00:00
1712016000,1.07398,1.0779,1.07246,1.07682,0,2024-04-02 00:00:00
1712102400,1.07682,1.08382,1.0764,1.08376,0,2024-04-03 00:00:00
1712188800,1.08376,1.08765,1.08317,1.08363,0,2024-04-04 00:00:00
1712275200,1.08365,1.08479,1.07913,1.08352,0,2024-04-05 00:00:00
1712448000,1.08347,1.08379,1.08272,1.0828,0,2024-04-07 00:00:00
1712534400,1.08279,1.08621,1.08208,1.08604,0,2024-04-08 00:00:00
1712620800,1.08604,1.0885,1.08477,1.08586,0,2024-04-09 00:00:00
1712707200,1.08585,1.08665,1.07288,1.07431,0,2024-04-10 00:00:00
1712793600,1.0743,1.07564,1.06992,1.07281,0,2024-04-11 00:00:00
1712880000,1.0728,1.07282,1.06226,1.06385,0,2024-04-12 00:00:00
1713052800,1.06352,1.06514,1.06309,1.06497,0,2024-04-14 00:00:00
1713139200,1.06497,1.06651,1.06202,1.06269,0,2024-04-15 00:00:00
1713225600,1.06268,1.06535,1.0601,1.06194,0,2024-04-16 00:00:00
1713312000,1.06195,1.06796,1.0606,1.06725,0,2024-04-17 00:00:00
1713398400,1.06727,1.069,1.06404,1.06404,0,2024-04-18 00:00:00
1713484800,1.06405,1.06775,1.06104,1.06526,0,2024-04-19 00:00:00
1713657600,1.06495,1.06614,1.06456,1.06587,0,2024-04-21 00:00:00
1713744000,1.0659,1.06706,1.06239,1.06542,0,2024-04-22 00:00:00
1713830400,1.06542,1.07112,1.06385,1.0703,0,2024-04-23 00:00:00
1713916800,1.07031,1.07142,1.06779,1.06972,0,2024-04-24 00:00:00
1714003200,1.06973,1.07402,1.06783,1.07289,0,2024-04-25 00:00:00
1714089600,1.07289,1.07527,1.06738,1.06911,0,2024-04-26 00:00:00
1714262400,1.06898,1.07037,1.06898,1.07018,0,2024-04-28 00:00:00
1714348800,1.07018,1.07337,1.06902,1.07173,0,2024-04-29 00:00:00
1714435200,1.07173,1.07353,1.06635,1.06674,0,2024-04-30 00:00:00
1714521600,1.06674,1.07326,1.06494,1.07165,0,2024-05-01 00:00:00
1714608000,1.07164,1.07302,1.06742,1.07287,0,2024-05-02 00:00:00
1714694400,1.07287,1.08124,1.07243,1.07594,0,2024-05-03 00:00:00
1714867200,1.076,1.07646,1.076,1.07623,0,2024-05-05 00:00:00
1714953600,1.07623,1.07907,1.07553,1.07685,0,2024-05-06 00:00:00
1715040000,1.07686,1.07873,1.07478,1.0751,0,2024-05-07 00:00:00
1715126400,1.07511,1.07574,1.0735,1.07488,0,2024-05-08 00:00:00
1715212800,1.07492,1.07858,1.07239,1.07844,0,2024-05-09 00:00:00
1715299200,1.07848,1.079,1.07603,1.07694,0,2024-05-10 00:00:00
1715472000,1.07721,1.07731,1.07663,1.07728,0,2024-05-12 00:00:00
1715558400,1.07729,1.08068,1.07658,1.07898,0,2024-05-13 00:00:00
1715644800,1.07899,1.08256,1.07669,1.08166,0,2024-05-14 00:00:00
1715731200,1.08166,1.08899,1.0813,1.0889,0,2024-05-15 00:00:00
1715817600,1.08894,1.08949,1.08544,1.08676,0,2024-05-16 00:00:00
1715904000,1.08676,1.08784,1.08356,1.08674,0,2024-05-17 00:00:00
1716076800,1.08664,1.08729,1.0864,1.08704,0,2024-05-19 00:00:00
1716163200,1.08707,1.08844,1.0854,1.08588,0,2024-05-20 00:00:00
1716249600,1.08587,1.08747,1.08425,1.08571,0,2024-05-21 00:00:00
1716336000,1.08572,1.08633,1.08174,1.08251,0,2024-05-22 00:00:00
1716422400,1.08251,1.0861,1.08048,1.08131,0,2024-05-23 00:00:00
1716508800,1.08131,1.08578,1.08054,1.0846,0,2024-05-24 00:00:00
1716681600,1.0845,1.08513,1.0843,1.08504,0,2024-05-26 00:00:00
1716768000,1.08503,1.08674,1.08405,1.08596,0,2024-05-27 00:00:00
1716854400,1.08596,1.0889,1.08541,1.08564,0,2024-05-28 00:00:00
1716940800,1.08565,1.08588,1.07999,1.08009,0,2024-05-29 00:00:00
1717027200,1.0801,1.08451,1.07883,1.08334,0,2024-05-30 00:00:00
1717113600,1.08333,1.08822,1.08112,1.0845,0,2024-05-31 00:00:00
1717286400,1.08462,1.08544,1.08453,1.08511,0,2024-06-02 00:00:00
1717372800,1.08512,1.09098,1.08278,1.09071,0,2024-06-03 00:00:00
1717459200,1.0907,1.0916,1.0859,1.08795,0,2024-06-04 00:00:00
1717545600,1.08795,1.08915,1.08544,1.08728,0,2024-06-05 00:00:00
1717632000,1.08727,1.0902,1.08619,1.08918,0,2024-06-06 00:00:00
1717718400,1.08921,1.09018,1.07993,1.08017,0,2024-06-07 00:00:00
1717891200,1.07783,1.07789,1.07644,1.07771,0,2024-06-09 00:00:00
1717977600,1.07773,1.07814,1.07327,1.07652,0,2024-06-10 00:00:00
1718064000,1.07652,1.07734,1.07194,1.07407,0,2024-06-11 00:00:00
1718150400,1.07408,1.08521,1.07346,1.08109,0,2024-06-12 00:00:00
1718236800,1.08108,1.08163,1.07328,1.07386,0,2024-06-13 00:00:00
1718323200,1.07387,1.07449,1.06676,1.07025,0,2024-06-14 00:00:00
1718496000,1.07028,1.07089,1.06995,1.07065,0,2024-06-16 00:00:00
1718582400,1.07067,1.074,1.06863,1.07376,0,2024-06-17 00:00:00
1718668800,1.07376,1.07615,1.07099,1.07406,0,2024-06-18 00:00:00
1718755200,1.07408,1.07533,1.07248,1.07458,0,2024-06-19 00:00:00
1718841600,1.07458,1.07487,1.07012,1.07023,0,2024-06-20 00:00:00
1718928000,1.07023,1.07205,1.0671,1.06918,0,2024-06-21 00:00:00
1719100800,1.06849,1.06937,1.06849,1.06937,0,2024-06-23 00:00:00
1719187200,1.06938,1.07463,1.06837,1.07328,0,2024-06-24 00:00:00
1719273600,1.07329,1.07441,1.06906,1.07123,0,2024-06-25 00:00:00
1719360000,1.07124,1.07179,1.0666,1.06804,0,2024-06-26 00:00:00
1719446400,1.06806,1.07264,1.0677,1.07038,0,2024-06-27 00:00:00
1719532800,1.07039,1.07246,1.06852,1.07119,0,2024-06-28 00:00:00
1719705600,1.07438,1.07455,1.0732,1.07367,0,2024-06-30 00:00:00
1719792000,1.0737,1.07763,1.07197,1.07372,0,2024-07-01 00:00:00
1719878400,1.07371,1.07489,1.071,1.07488,0,2024-07-02 00:00:00
1719964800,1.07488,1.08168,1.07363,1.07895,0,2024-07-03 00:00:00
1720051200,1.07896,1.0814,1.07836,1.08116,0,2024-07-04 00:00:00
1720137600,1.08117,1.08426,1.07993,1.0837,0,2024-07-05 00:00:00
1720310400,1.08014,1.08329,1.07998,1.08244,0,2024-07-07 00:00:00
1720396800,1.08245,1.0845,1.08146,1.08256,0,2024-07-08 00:00:00
1720483200,1.08258,1.08333,1.08054,1.08144,0,2024-07-09 00:00:00
1720569600,1.08144,1.08332,1.08108,1.08327,0,2024-07-10 00:00:00
1720656000,1.08328,1.08999,1.0831,1.08662,0,2024-07-11 00:00:00
1720742400,1.08663,1.09113,1.08617,1.09054,0,2024-07-12 00:00:00
1720915200,1.08852,1.0895,1.08818,1.08869,0,2024-07-14 00:00:00
1721001600,1.0887,1.09222,1.08832,1.08944,0,2024-07-15 00:00:00
1721088000,1.08943,1.09054,1.08715,1.09019,0,2024-07-16 00:00:00
1721174400,1.0902,1.0948,1.0895,1.09395,0,2024-07-17 00:00:00
1721260800,1.09394,1.0941,1.08935,1.08974,0,2024-07-18 00:00:00
1721347200,1.08976,1.09017,1.08756,1.08779,0,2024-07-19 00:00:00
1721520000,1.08861,1.09001,1.08807,1.08997,0,2024-07-21 00:00:00
1721606400,1.08997,1.09027,1.0873,1.08909,0,2024-07-22 00:00:00
1721692800,1.08909,1.08967,1.08438,1.08508,0,2024-07-23 00:00:00
1721779200,1.08509,1.08664,1.08256,1.08393,0,2024-07-24 00:00:00
1721865600,1.08394,1.08699,1.08282,1.08469,0,2024-07-25 00:00:00
1721952000,1.08471,1.08681,1.0842,1.08547,0,2024-07-26 00:00:00
1722124800,1.08553,1.08599,1.08527,1.08559,0,2024-07-28 00:00:00
1722211200,1.0856,1.087,1.08028,1.08222,0,2024-07-29 00:00:00
1722297600,1.08222,1.08356,1.07982,1.08148,0,2024-07-30 00:00:00
1722384000,1.08148,1.08493,1.08019,1.08243,0,2024-07-31 00:00:00
1722470400,1.08246,1.08354,1.07774,1.07884,0,2024-08-01 00:00:00
1722556800,1.07885,1.09265,1.07818,1.09098,0,2024-08-02 00:00:00
1722729600,1.09225,1.09234,1.09028,1.0906,0,2024-08-04 00:00:00
1722816000,1.09064,1.10088,1.08923,1.09547,0,2024-08-05 00:00:00
1722902400,1.09548,1.09631,1.09037,1.09294,0,2024-08-06 00:00:00
1722988800,1.09296,1.09366,1.09053,1.09266,0,2024-08-07 00:00:00
1723075200,1.09267,1.09451,1.08814,1.09182,0,2024-08-08 00:00:00
1723161600,1.09183,1.09313,1.0909,1.09167,0,2024-08-09 00:00:00
1723334400,1.09142,1.09196,1.091,1.09128,0,2024-08-11 00:00:00
1723420800,1.09128,1.09393,1.09116,1.09323,0,2024-08-12 00:00:00
1723507200,1.09324,1.09996,1.09137,1.09965,0,2024-08-13 00:00:00
1723593600,1.09966,1.10473,1.09863,1.1013,0,2024-08-14 00:00:00
1723680000,1.10134,1.10154,1.09495,1.09712,0,2024-08-15 00:00:00
1723766400,1.09714,1.10296,1.09711,1.10211,0,2024-08-16 00:00:00
1723939200,1.10265,1.1034,1.10231,1.10249,0,2024-08-18 00:00:00
1724025600,1.10252,1.10875,1.10227,1.10851,0,2024-08-19 00:00:00
1724112000,1.10852,1.11304,1.10719,1.11285,0,2024-08-20 00:00:00
1724198400,1.11284,1.1174,1.10992,1.11562,0,2024-08-21 00:00:00
1724284800,1.11562,1.11646,1.1098,1.11135,0,2024-08-22 00:00:00
1724371200,1.11137,1.12008,1.11055,1.1191,0,2024-08-23 00:00:00
1724544000,1.11854,1.11948,1.11854,1.1191,0,2024-08-25 00:00:00
1724630400,1.11911,1.12015,1.115,1.11627,0,2024-08-26 00:00:00
1724716800,1.11629,1.11905,1.11501,1.11836,0,2024-08-27 00:00:00
1724803200,1.11837,1.11845,1.1105,1.11239,0,2024-08-28 00:00:00
1724889600,1.11239,1.11399,1.10556,1.10799,0,2024-08-29 00:00:00
1724976000,1.10799,1.1095,1.10438,1.10456,0,2024-08-30 00:00:00
1725148800,1.10462,1.10496,1.1044,1.10458,0,2024-09-01 00:00:00
1725235200,1.10458,1.10773,1.10419,1.10663,0,2024-09-02 00:00:00
1725321600,1.10664,1.10702,1.10263,1.10456,0,2024-09-03 00:00:00
1725408000,1.10456,1.10951,1.104,1.10848,0,2024-09-04 00:00:00
1725494400,1.1085,1.11197,1.10746,1.11095,0,2024-09-05 00:00:00
1725580800,1.11096,1.11556,1.10656,1.10825,0,2024-09-06 00:00:00
1725753600,1.10781,1.10904,1.10781,1.10867,0,2024-09-08 00:00:00
1725840000,1.10867,1.1091,1.10331,1.10375,0,2024-09-09 00:00:00
1725926400,1.10376,1.10496,1.10151,1.10197,0,2024-09-10 00:00:00
1726012800,1.10198,1.10549,1.10019,1.10121,0,2024-09-11 00:00:00
1726099200,1.10122,1.1075,1.10055,1.10717,0,2024-09-12 00:00:00
1726185600,1.10716,1.11017,1.10715,1.10732,0,2024-09-13 00:00:00
1726358400,1.10757,1.10873,1.10743,1.10868,0,2024-09-15 00:00:00
1726444800,1.10868,1.11374,1.10848,1.11272,0,2024-09-16 00:00:00
1726531200,1.11275,1.11461,1.11109,1.11179,0,2024-09-17 00:00:00
1726617600,1.1118,1.11891,1.10966,1.11218,0,2024-09-18 00:00:00
1726704000,1.11219,1.11787,1.10683,1.11607,0,2024-09-19 00:00:00
1726790400,1.11608,1.11818,1.1136,1.11626,0,2024-09-20 00:00:00
1726963200,1.1158,1.11647,1.1158,1.11621,0,2024-09-22 00:00:00
1727049600,1.11622,1.11672,1.10831,1.11109,0,2024-09-23 00:00:00
1727136000,1.11111,1.11888,1.11033,1.11886,0,2024-09-24 00:00:00
1727222400,1.11885,1.1214,1.11215,1.11316,0,2024-09-25 00:00:00
1727308800,1.11316,1.11893,1.11257,1.1176,0,2024-09-26 00:00:00
1727395200,1.11761,1.1203,1.11248,1.11619,0,2024-09-27 00:00:00
1727568000,1.11582,1.11723,1.11526,1.11707,0,2024-09-29 00:00:00
1727654400,1.11707,1.12089,1.11136,1.11415,0,2024-09-30 00:00:00
1727740800,1.11417,1.11439,1.10458,1.10672,0,2024-10-01 00:00:00
1727827200,1.10671,1.10828,1.10325,1.10461,0,2024-10-02 00:00:00
1727913600,1.10462,1.10477,1.10082,1.10342,0,2024-10-03 00:00:00
1728000000,1.10342,1.10395,1.09512,1.09739,0,2024-10-04 00:00:00
1728172800,1.0962,1.09717,1.0962,1.09693,0,2024-10-06 00:00:00
1728259200,1.09694,1.09868,1.09542,1.09777,0,2024-10-07 00:00:00
1728345600,1.09781,1.09971,1.09608,1.09807,0,2024-10-08 00:00:00
1728432000,1.09808,1.09809,1.09362,1.09407,0,2024-10-09 00:00:00
1728518400,1.09406,1.09548,1.09,1.09337,0,2024-10-10 00:00:00
1728604800,1.09337,1.09537,1.0926,1.09353,0,2024-10-11 00:00:00
1728777600,1.0931,1.09335,1.0927,1.09271,0,2024-10-13 00:00:00
1728864000,1.09273,1.09366,1.08881,1.09084,0,2024-10-14 00:00:00
1728950400,1.09085,1.09167,1.08819,1.08895,0,2024-10-15 00:00:00
1729036800,1.08896,1.09014,1.08532,1.08585,0,2024-10-16 00:00:00
1729123200,1.08585,1.08737,1.0811,1.08289,0,2024-10-17 00:00:00
1729209600,1.0829,1.08694,1.08252,1.08655,0,2024-10-18 00:00:00
1729382400,1.08605,1.08717,1.08605,1.0869,0,2024-10-20 00:00:00
1729468800,1.08691,1.08696,1.08111,1.08154,0,2024-10-21 00:00:00
1729555200,1.08154,1.0838,1.07926,1.07984,0,2024-10-22 00:00:00
1729641600,1.07983,1.08066,1.07612,1.07822,0,2024-10-23 00:00:00
1729728000,1.07823,1.08298,1.07706,1.08241,0,2024-10-24 00:00:00
1729814400,1.08241,1.08392,1.0793,1.07945,0,2024-10-25 00:00:00
1729987200,1.07938,1.08015,1.07866,1.0796,0,2024-10-27 00:00:00
1730073600,1.0796,1.08276,1.07819,1.08176,0,2024-10-28 00:00:00
1730160000,1.08175,1.08263,1.07688,1.08197,0,2024-10-29 00:00:00
1730246400,1.08196,1.08713,1.08079,1.08582,0,2024-10-30 00:00:00
1730332800,1.08581,1.08881,1.08441,1.08839,0,2024-10-31 00:00:00
1730419200,1.08838,1.09057,1.08317,1.08327,0,2024-11-01 00:00:00
1730592000,1.08778,1.08811,1.08719,1.08727,0,2024-11-03 00:00:00
1730678400,1.08728,1.09147,1.08699,1.08735,0,2024-11-04 00:00:00
1730764800,1.08736,1.09369,1.08724,1.09339,0,2024-11-05 00:00:00
1730851200,1.09338,1.09339,1.06824,1.07315,0,2024-11-06 00:00:00
1730937600,1.07316,1.08247,1.07129,1.07954,0,2024-11-07 00:00:00
1731024000,1.07954,1.07974,1.06868,1.07182,0,2024-11-08 00:00:00
1731196800,1.07093,1.07169,1.07075,1.07132,0,2024-11-10 00:00:00
1731283200,1.07131,1.07277,1.06286,1.06631,0,2024-11-11 00:00:00
1731369600,1.0663,1.06631,1.05951,1.06166,0,2024-11-12 00:00:00
1731456000,1.06166,1.0654,1.05556,1.05657,0,2024-11-13 00:00:00
1731542400,1.05656,1.05825,1.0496,1.05295,0,2024-11-14 00:00:00
1731628800,1.05295,1.0593,1.05163,1.05394,0,2024-11-15 00:00:00
1731801600,1.0528,1.05384,1.0528,1.05362,0,2024-11-17 00:00:00
1731888000,1.05362,1.06071,1.05302,1.05945,0,2024-11-18 00:00:00
1731974400,1.05945,1.0608,1.05233,1.0607,0,2024-11-19 00:00:00
1732060800,1.0607,1.06097,1.05068,1.05456,0,2024-11-20 00:00:00
1732147200,1.05457,1.05548,1.04622,1.0469,0,2024-11-21 00:00:00
1732233600,1.04689,1.04981,1.03325,1.04193,0,2024-11-22 00:00:00
1732406400,1.04806,1.05013,1.04618,1.04793,0,2024-11-24 00:00:00
1732492800,1.04792,1.05303,1.04428,1.04437,0,2024-11-25 00:00:00
1732579200,1.04437,1.05447,1.0425,1.04918,0,2024-11-26 00:00:00
1732665600,1.04918,1.05876,1.04744,1.05619,0,2024-11-27 00:00:00
1732752000,1.05619,1.05627,1.05275,1.056,0,2024-11-28 00:00:00
1732838400,1.05601,1.05971,1.05414,1.05748,0,2024-11-29 00:00:00
1733011200,1.05711,1.05733,1.05336,1.05439,0,2024-12-01 00:00:00
1733097600,1.05439,1.05463,1.04607,1.05008,0,2024-12-02 00:00:00
1733184000,1.05008,1.0535,1.04807,1.05099,0,2024-12-03 00:00:00
1733270400,1.05098,1.05439,1.04723,1.05123,0,2024-12-04 00:00:00
1733356800,1.05124,1.05896,1.05081,1.05865,0,2024-12-05 00:00:00
1733443200,1.05864,1.06298,1.05423,1.05673,0,2024-12-06 00:00:00
1733616000,1.05544,1.05692,1.05544,1.05656,0,2024-12-08 00:00:00
1733702400,1.05657,1.05944,1.0532,1.05541,0,2024-12-09 00:00:00
1733788800,1.05542,1.0568,1.04984,1.05311,0,2024-12-10 00:00:00
1733875200,1.05312,1.05393,1.04802,1.05061,0,2024-12-11 00:00:00
1733961600,1.05059,1.05308,1.04637,1.04736,0,2024-12-12 00:00:00
1734048000,1.04736,1.05241,1.04531,1.05017,0,2024-12-13 00:00:00
1734220800,1.04854,1.05107,1.04847,1.05096,0,2024-12-15 00:00:00
1734307200,1.05095,1.05247,1.04745,1.0517,0,2024-12-16 00:00:00
1734393600,1.0517,1.05343,1.0479,1.04944,0,2024-12-17 00:00:00
1734480000,1.04943,1.05127,1.03439,1.03506,0,2024-12-18 00:00:00
1734566400,1.03506,1.04222,1.03504,1.03643,0,2024-12-19 00:00:00
1734652800,1.03644,1.04474,1.03429,1.04254,0,2024-12-20 00:00:00
1734825600,1.04308,1.04451,1.04279,1.04336,0,2024-12-22 00:00:00
1734912000,1.04335,1.04452,1.03842,1.0404,0,2024-12-23 00:00:00
1734998400,1.04041,1.04098,1.03835,1.03952,0,2024-12-24 00:00:00
1735084800,1.03952,1.04106,1.03951,1.03991,0,2024-12-25 00:00:00
1735171200,1.0399,1.04301,1.03905,1.04216,0,2024-12-26 00:00:00
1735257600,1.04216,1.0444,1.04049,1.04225,0,2024-12-27 00:00:00
1735430400,1.04247,1.04346,1.04247,1.04292,0,2024-12-29 00:00:00
1735516800,1.04297,1.04583,1.03717,1.04056,0,2024-12-30 00:00:00
1735603200,1.04057,1.04243,1.0344,1.03531,0,2024-12-31 00:00:00
1735689600,1.03503,1.03577,1.03462,1.03507,0,2025-01-01 00:00:00
1735776000,1.03508,1.03756,1.02237,1.02678,0,2025-01-02 00:00:00
1735862400,1.02679,1.03099,1.02646,1.03066,0,2025-01-03 00:00:00
1736035200,1.03015,1.0308,1.02932,1.03051,0,2025-01-05 00:00:00
1736121600,1.03051,1.04367,1.02955,1.03831,0,2025-01-06 00:00:00
1736208000,1.03831,1.04343,1.03388,1.03415,0,2025-01-07 00:00:00
1736294400,1.03416,1.03575,1.02731,1.03132,0,2025-01-08 00:00:00
1736380800,1.03133,1.03214,1.02836,1.02964,0,2025-01-09 00:00:00
1736467200,1.02965,1.03118,1.02127,1.024,0,2025-01-10 00:00:00
1736640000,1.02357,1.02468,1.02357,1.02429,0,2025-01-12 00:00:00
1736726400,1.0243,1.02774,1.01772,1.02639,0,2025-01-13 00:00:00
1736812800,1.02637,1.03086,1.02384,1.03062,0,2025-01-14 00:00:00
1736899200,1.03061,1.03544,1.0259,1.0295,0,2025-01-15 00:00:00
1736985600,1.0295,1.03149,1.02604,1.03014,0,2025-01-16 00:00:00
1737072000,1.03012,1.03306,1.02652,1.0271,0,2025-01-17 00:00:00
1737244800,1.02792,1.02812,1.02663,1.02804,0,2025-01-19 00:00:00
1737331200,1.02805,1.04342,1.02782,1.04208,0,2025-01-20 00:00:00
1737417600,1.04209,1.04353,1.0342,1.04057,0,2025-01-21 00:00:00
1737504000,1.04057,1.04573,1.03998,1.04077,0,2025-01-22 00:00:00
1737590400,1.04076,1.04378,1.03719,1.04156,0,2025-01-23 00:00:00
1737676800,1.04155,1.05213,1.04115,1.04919,0,2025-01-24 00:00:00
1737849600,1.04763,1.04851,1.04651,1.04673,0,2025-01-26 00:00:00
1737936000,1.04673,1.0533,1.04283,1.04369,0,2025-01-27 00:00:00
1738022400,1.04369,1.04564,1.04137,1.04271,0,2025-01-28 00:00:00
1738108800,1.04272,1.04434,1.03822,1.04245,0,2025-01-29 00:00:00
1738195200,1.04244,1.04677,1.0385,1.03966,0,2025-01-30 00:00:00
1738281600,1.03968,1.0434,1.03496,1.03602,0,2025-01-31 00:00:00
1738454400,1.02327,1.02698,1.02324,1.02467,0,2025-02-02 00:00:00
1738540800,1.02467,1.03503,1.02103,1.03279,0,2025-02-03 00:00:00
1738627200,1.03279,1.03874,1.02721,1.03712,0,2025-02-04 00:00:00
1738713600,1.03712,1.04424,1.03696,1.03985,0,2025-02-05 00:00:00
1738800000,1.03985,1.04053,1.03523,1.0385,0,2025-02-06 00:00:00
1738886400,1.03849,1.04124,1.03049,1.0326,0,2025-02-07 00:00:00
1739059200,1.02918,1.03134,1.02839,1.03095,0,2025-02-09 00:00:00
1739145600,1.03096,1.03363,1.02982,1.03005,0,2025-02-10 00:00:00
1739232000,1.03006,1.03813,1.02919,1.0363,0,2025-02-11 00:00:00
1739318400,1.03638,1.04298,1.03168,1.0392,0,2025-02-12 00:00:00
1739404800,1.0392,1.04685,1.03727,1.04614,0,2025-02-13 00:00:00
1739491200,1.04614,1.0514,1.0447,1.04913,0,2025-02-14 00:00:00
1739664000,1.04858,1.04938,1.04847,1.04883,0,2025-02-16 00:00:00
1739750400,1.04886,1.05062,1.04667,1.04848,0,2025-02-17 00:00:00
1739836800,1.04847,1.04862,1.0435,1.04479,0,2025-02-18 00:00:00
1739923200,1.0448,1.04613,1.04009,1.04206,0,2025-02-19 00:00:00
1740009600,1.04205,1.05054,1.04185,1.05001,0,2025-02-20 00:00:00
1740096000,1.04999,1.05047,1.04492,1.0457,0,2025-02-21 00:00:00
1740268800,1.04706,1.04846,1.04618,1.04736,0,2025-02-23 00:00:00
1740355200,1.04738,1.05282,1.04527,1.04611,0,2025-02-24 00:00:00
1740441600,1.04611,1.05227,1.0456,1.05204,0,2025-02-25 00:00:00
1740528000,1.05205,1.05287,1.04747,1.04876,0,2025-02-26 00:00:00
1740614400,1.04877,1.04893,1.03882,1.03936,0,2025-02-27 00:00:00
1740700800,1.03936,1.04198,1.03597,1.03747,0,2025-02-28 00:00:00
1740873600,1.04032,1.04208,1.03992,1.04119,0,2025-03-02 00:00:00
1740960000,1.04119,1.05036,1.03883,1.04851,0,2025-03-03 00:00:00
1741046400,1.04851,1.06369,1.04708,1.0623,0,2025-03-04 00:00:00
1741132800,1.0623,1.07965,1.06018,1.07941,0,2025-03-05 00:00:00
1741219200,1.07942,1.08534,1.07655,1.07871,0,2025-03-06 00:00:00
1741305600,1.07872,1.08884,1.0781,1.08292,0,2025-03-07 00:00:00
1741478400,1.08312,1.08653,1.08269,1.086,0,2025-03-09 00:00:00
1741564800,1.08602,1.08744,1.08051,1.0839,0,2025-03-10 00:00:00
1741651200,1.0839,1.09471,1.08354,1.09136,0,2025-03-11 00:00:00
1741737600,1.09137,1.09314,1.08755,1.08852,0,2025-03-12 00:00:00
1741824000,1.08852,1.0897,1.08222,1.08548,0,2025-03-13 00:00:00
1741910400,1.08543,1.09125,1.08304,1.08765,0,2025-03-14 00:00:00
1742083200,1.08766,1.0885,1.08744,1.08792,0,2025-03-16 00:00:00
1742169600,1.08794,1.09297,1.08685,1.0918,0,2025-03-17 00:00:00
1742256000,1.0918,1.09545,1.08924,1.09385,0,2025-03-18 00:00:00
1742342400,1.09386,1.09449,1.08603,1.09115,0,2025-03-19 00:00:00
1742428800,1.09116,1.09171,1.08145,1.08532,0,2025-03-20 00:00:00
1742515200,1.08535,1.08611,1.0797,1.08121,0,2025-03-21 00:00:00
1742688000,1.0813,1.08367,1.08115,1.08358,0,2025-03-23 00:00:00
1742774400,1.08358,1.08579,1.07813,1.08022,0,2025-03-24 00:00:00
1742860800,1.08022,1.083,1.07767,1.07888,0,2025-03-25 00:00:00
1742947200,1.07889,1.08025,1.07328,1.07409,0,2025-03-26 00:00:00
1743033600,1.07411,1.0821,1.07407,1.08006,0,2025-03-27 00:00:00
1743120000,1.08005,1.08447,1.07644,1.08237,0,2025-03-28 00:00:00
1743292800,1.08228,1.0828,1.08049,1.08205,0,2025-03-30 00:00:00
1743379200,1.08235,1.08492,1.07838,1.08179,0,2025-03-31 00:00:00
1743465600,1.08179,1.08299,1.07782,1.07986,0,2025-04-01 00:00:00
1743552000,1.07988,1.09242,1.078,1.08384,0,2025-04-02 00:00:00
1743638400,1.08386,1.11462,1.08373,1.10639,0,2025-04-03 00:00:00
1743724800,1.10639,1.11076,1.09242,1.09573,0,2025-04-04 00:00:00
1743897600,1.08894,1.09943,1.08792,1.09821,0,2025-04-06 00:00:00
1743984000,1.09822,1.10498,1.09007,1.09166,0,2025-04-07 00:00:00
1744070400,1.09164,1.09916,1.08886,1.09677,0,2025-04-08 00:00:00
1744156800,1.09678,1.10948,1.09132,1.09599,0,2025-04-09 00:00:00
1744243200,1.09601,1.12414,1.09427,1.1234,0,2025-04-10 00:00:00
1744329600,1.12346,1.14736,1.1213,1.13554,0,2025-04-11 00:00:00
1744502400,1.13108,1.13546,1.13108,1.13338,0,2025-04-13 00:00:00
1744588800,1.13339,1.14244,1.12956,1.13534,0,2025-04-14 00:00:00
1744675200,1.13533,1.13789,1.12639,1.12953,0,2025-04-15 00:00:00
1744761600,1.12954,1.14127,1.12831,1.13991,0,2025-04-16 00:00:00
1744848000,1.13991,1.1409,1.13349,1.13665,0,2025-04-17 00:00:00
1744934400,1.13665,1.13972,1.13578,1.13901,0,2025-04-18 00:00:00
1745107200,1.13946,1.14381,1.13925,1.14323,0,2025-04-20 00:00:00
1745193600,1.14326,1.15729,1.14324,1.15228,0,2025-04-21 00:00:00
1745280000,1.15233,1.1547,1.13077,1.13368,0,2025-04-22 00:00:00
1745366400,1.13372,1.14399,1.13102,1.13319,0,2025-04-23 00:00:00
1745452800,1.13318,1.13975,1.13212,1.1386,0,2025-04-24 00:00:00
1745539200,1.13865,1.13885,1.13155,1.13628,0,2025-04-25 00:00:00
1745712000,1.13636,1.13644,1.13398,1.13498,0,2025-04-27 00:00:00
1745798400,1.13498,1.14248,1.13292,1.14124,0,2025-04-28 00:00:00
1745884800,1.14128,1.14217,1.137,1.13914,0,2025-04-29 00:00:00
1745971200,1.13921,1.13994,1.1317,1.13252,0,2025-04-30 00:00:00
1746057600,1.13254,1.13409,1.12657,1.12946,0,2025-05-01 00:00:00
1746144000,1.12948,1.13808,1.1274,1.12946,0,2025-05-02 00:00:00
1746316800,1.12987,1.13145,1.12905,1.13054,0,2025-05-04 00:00:00
1746403200,1.13058,1.13646,1.12969,1.13141,0,2025-05-05 00:00:00
1746489600,1.13142,1.13808,1.12797,1.13423,0,2025-05-06 00:00:00
1746576000,1.13423,1.1378,1.12917,1.13008,0,2025-05-07 00:00:00
1746662400,1.1301,1.13361,1.12118,1.12315,0,2025-05-08 00:00:00
1746748800,1.12317,1.12928,1.11964,1.1246,0,2025-05-09 00:00:00
1746921600,1.119,1.12312,1.119,1.1225,0,2025-05-11 00:00:00
1747008000,1.12249,1.12426,1.10651,1.10933,0,2025-05-12 00:00:00
1747094400,1.10939,1.11971,1.10892,1.1197,0,2025-05-13 00:00:00
1747180800,1.11969,1.12655,1.11645,1.11824,0,2025-05-14 00:00:00
1747267200,1.11827,1.12279,1.117,1.11915,0,2025-05-15 00:00:00
1747353600,1.11916,1.12195,1.11308,1.11612,0,2025-05-16 00:00:00
1747526400,1.11749,1.11938,1.11711,1.11901,0,2025-05-18 00:00:00
1747612800,1.11899,1.12879,1.11721,1.12351,0,2025-05-19 00:00:00
1747699200,1.12352,1.1287,1.12178,1.12809,0,2025-05-20 00:00:00
1747785600,1.12808,1.13628,1.12804,1.1315,0,2025-05-21 00:00:00
1747872000,1.13149,1.13448,1.12558,1.12861,0,2025-05-22 00:00:00
1747958400,1.12862,1.13754,1.12787,1.13592,0,2025-05-23 00:00:00
1748131200,1.13617,1.13793,1.13585,1.13738,0,2025-05-25 00:00:00
1748217600,1.13741,1.14185,1.13688,1.139,0,2025-05-26 00:00:00
1748304000,1.13898,1.14071,1.1323,1.13362,0,2025-05-27 00:00:00
1748390400,1.13362,1.13454,1.12837,1.12912,0,2025-05-28 00:00:00
1748476800,1.12916,1.13843,1.12103,1.13706,0,2025-05-29 00:00:00
1748563200,1.13711,1.13897,1.13123,1.13453,0,2025-05-30 00:00:00
1748736000,1.13439,1.13572,1.13435,1.13547,0,2025-06-01 00:00:00
1748822400,1.13551,1.14498,1.13506,1.14447,0,2025-06-02 00:00:00
1748908800,1.14448,1.14544,1.13639,1.1374,0,2025-06-03 00:00:00
1748995200,1.13741,1.14344,1.13568,1.14196,0,2025-06-04 00:00:00
1749081600,1.14197,1.14948,1.14045,1.14514,0,2025-06-05 00:00:00
1749168000,1.14515,1.14572,1.13715,1.13935,0,2025-06-06 00:00:00
1749340800,1.13952,1.14067,1.13903,1.14063,0,2025-06-08 00:00:00
1749427200,1.14065,1.14391,1.13864,1.14228,0,2025-06-09 00:00:00
1749513600,1.14226,1.14475,1.13729,1.14283,0,2025-06-10 00:00:00
1749600000,1.14284,1.15084,1.14052,1.15055,0,2025-06-11 00:00:00
1749686400,1.15057,1.16311,1.15017,1.15895,0,2025-06-12 00:00:00
1749772800,1.15898,1.16143,1.1489,1.15457,0,2025-06-13 00:00:00
1749945600,1.15309,1.15469,1.15256,1.15404,0,2025-06-15 00:00:00
1750032000,1.15405,1.16147,1.15238,1.15556,0,2025-06-16 00:00:00
1750118400,1.15556,1.15796,1.14743,1.14745,0,2025-06-17 00:00:00
1750204800,1.1475,1.153,1.14608,1.148,0,2025-06-18 00:00:00
1750291200,1.14802,1.15001,1.14461,1.14972,0,2025-06-19 00:00:00
1750377600,1.14978,1.15439,1.1495,1.15189,0,2025-06-20 00:00:00
1750550400,1.14602,1.14943,1.14544,1.14885,0,2025-06-22 00:00:00
1750636800,1.14892,1.16023,1.14533,1.15921,0,2025-06-23 00:00:00
1750723200,1.15928,1.16417,1.15798,1.16074,0,2025-06-24 00:00:00
1750809600,1.16077,1.1665,1.15898,1.1659,0,2025-06-25 00:00:00
1750896000,1.16594,1.17449,1.16591,1.16829,0,2025-06-26 00:00:00
1750982400,1.16828,1.17539,1.16828,1.17162,0,2025-06-27 00:00:00
1751155200,1.17287,1.17325,1.17215,1.17296,0,2025-06-29 00:00:00
1751241600,1.17297,1.17907,1.17075,1.17857,0,2025-06-30 00:00:00
1751328000,1.17855,1.18298,1.17611,1.18025,0,2025-07-01 00:00:00
1751414400,1.18026,1.18098,1.17467,1.17979,0,2025-07-02 00:00:00
1751500800,1.1798,1.181,1.17169,1.17593,0,2025-07-03 00:00:00
1751587200,1.17593,1.17873,1.17557,1.17719,0,2025-07-04 00:00:00
1751760000,1.17793,1.17825,1.17732,1.17796,0,2025-07-06 00:00:00
1751846400,1.178,1.17901,1.16868,1.1735,0,2025-07-07 00:00:00
1751932800,1.17352,1.1765,1.16825,1.17284,0,2025-07-08 00:00:00
1752019200,1.17288,1.17288,1.16895,1.17243,0,2025-07-09 00:00:00
1752105600,1.17244,1.17494,1.16623,1.17055,0,2025-07-10 00:00:00
1752192000,1.17055,1.17138,1.16645,1.16852,0,2025-07-11 00:00:00
1752364800,1.16658,1.16843,1.16611,1.16644,0,2025-07-13 00:00:00
1752451200,1.16643,1.16978,1.16541,1.16663,0,2025-07-14 00:00:00
1752537600,1.16663,1.16925,1.15927,1.16042,0,2025-07-15 00:00:00
1752624000,1.16039,1.17212,1.15623,1.16362,0,2025-07-16 00:00:00
1752710400,1.16363,1.16398,1.15566,1.16167,0,2025-07-17 00:00:00
1752796800,1.1617,1.16716,1.16119,1.16207,0,2025-07-18 00:00:00
1752969600,1.16236,1.1634,1.16221,1.16259,0,2025-07-20 00:00:00
1753056000,1.1626,1.17166,1.16145,1.16942,0,2025-07-21 00:00:00
1753142400,1.16942,1.17607,1.16788,1.17479,0,2025-07-22 00:00:00
1753228800,1.17482,1.17751,1.17109,1.17731,0,2025-07-23 00:00:00
1753315200,1.17734,1.17887,1.17303,1.17517,0,2025-07-24 00:00:00
1753401600,1.17517,1.17609,1.17028,1.17396,0,2025-07-25 00:00:00
1753574400,1.17552,1.17686,1.17507,1.17549,0,2025-07-27 00:00:00
1753660800,1.1755,1.177,1.1585,1.15935,0,2025-07-28 00:00:00
1753747200,1.15936,1.15989,1.15188,1.15495,0,2025-07-29 00:00:00
1753833600,1.15494,1.15725,1.14008,1.14226,0,2025-07-30 00:00:00
1753920000,1.14227,1.14606,1.14058,1.14176,0,2025-07-31 00:00:00
1754006400,1.14173,1.15969,1.13915,1.1583,0,2025-08-01 00:00:00
1754179200,1.1591,1.15963,1.15781,1.15834,0,2025-08-03 00:00:00
1754265600,1.15836,1.15899,1.15497,1.15792,0,2025-08-04 00:00:00
1754352000,1.15793,1.15876,1.15277,1.1576,0,2025-08-05 00:00:00
1754438400,1.15758,1.16683,1.15642,1.16635,0,2025-08-06 00:00:00
1754524800,1.16633,1.16986,1.16108,1.16724,0,2025-08-07 00:00:00
1754611200,1.16729,1.16792,1.16287,1.16368,0,2025-08-08 00:00:00
1754784000,1.16444,1.16508,1.16426,1.16466,0,2025-08-10 00:00:00
1754870400,1.16466,1.16754,1.159,1.16127,0,2025-08-11 00:00:00
1754956800,1.1613,1.16971,1.15986,1.16763,0,2025-08-12 00:00:00
1755043200,1.16763,1.17301,1.16703,1.17081,0,2025-08-13 00:00:00
1755129600,1.1708,1.1715,1.16309,1.16499,0,2025-08-14 00:00:00
1755216000,1.16499,1.17151,1.16458,1.17026,0,2025-08-15 00:00:00
1755388800,1.17101,1.17157,1.17092,1.17131,0,2025-08-17 00:00:00
1755475200,1.17135,1.17143,1.16561,1.16694,0,2025-08-18 00:00:00
1755561600,1.16695,1.16928,1.1639,1.16484,0,2025-08-19 00:00:00
1755648000,1.16485,1.16736,1.16221,1.16525,0,2025-08-20 00:00:00
1755734400,1.16522,1.16626,1.1601,1.16129,0,2025-08-21 00:00:00
1755820800,1.16132,1.17425,1.15828,1.17148,0,2025-08-22 00:00:00
1755993600,1.17203,1.17259,1.17107,1.17127,0,2025-08-24 00:00:00
1756080000,1.17125,1.17204,1.16028,1.16204,0,2025-08-25 00:00:00
1756166400,1.16204,1.16652,1.16021,1.16428,0,2025-08-26 00:00:00
1756252800,1.16428,1.16438,1.1574,1.16431,0,2025-08-27 00:00:00
1756339200,1.16432,1.16972,1.16289,1.16738,0,2025-08-28 00:00:00
1756425600,1.16737,1.17089,1.16507,1.16826,0,2025-08-29 00:00:00
1756598400,1.16935,1.16959,1.16845,1.16885,0,2025-08-31 00:00:00
1756684800,1.16886,1.17362,1.16867,1.17107,0,2025-09-01 00:00:00
1756771200,1.17108,1.1718,1.16127,1.1637,0,2025-09-02 00:00:00
1756857600,1.16372,1.1682,1.16081,1.166,0,2025-09-03 00:00:00
1756944000,1.16601,1.16694,1.16298,1.16488,0,2025-09-04 00:00:00
1757030400,1.16493,1.17593,1.16485,1.17141,0,2025-09-05 00:00:00
1757203200,1.17111,1.17197,1.17036,1.17057,0,2025-09-07 00:00:00
1757289600,1.17059,1.17654,1.17046,1.17619,0,2025-09-08 00:00:00
1757376000,1.17622,1.17799,1.17036,1.17118,0,2025-09-09 00:00:00
1757462400,1.17115,1.17306,1.16824,1.17028,0,2025-09-10 00:00:00
1757548800,1.17028,1.1746,1.16589,1.17386,0,2025-09-11 00:00:00
1757635200,1.17389,1.17475,1.17013,1.17301,0,2025-09-12 00:00:00
1757808000,1.17303,1.17344,1.17276,1.1728,0,2025-09-14 00:00:00
1757894400,1.1728,1.17744,1.1716,1.17627,0,2025-09-15 00:00:00
1757980800,1.1763,1.18783,1.17572,1.18657,0,2025-09-16 00:00:00
1758067200,1.1866,1.19186,1.18077,1.18189,0,2025-09-17 00:00:00
1758153600,1.18193,1.18482,1.175,1.17866,0,2025-09-18 00:00:00
1758240000,1.17866,1.17925,1.17286,1.17405,0,2025-09-19 00:00:00
1758412800,1.17449,1.17477,1.17376,1.17405,0,2025-09-21 00:00:00
1758499200,1.17405,1.18037,1.17262,1.18008,0,2025-09-22 00:00:00
1758585600,1.1801,1.18199,1.17787,1.18143,0,2025-09-23 00:00:00
1758672000,1.18143,1.18173,1.1728,1.17445,0,2025-09-24 00:00:00
1758758400,1.17444,1.17538,1.16454,1.1668,0,2025-09-25 00:00:00
1758844800,1.16681,1.17072,1.16579,1.17005,0,2025-09-26 00:00:00
1759017600,1.16986,1.17057,1.16986,1.17042,0,2025-09-28 00:00:00
1759104000,1.17041,1.17544,1.17037,1.17272,0,2025-09-29 00:00:00
1759190400,1.17273,1.17615,1.17119,1.1734,0,2025-09-30 00:00:00
1759276800,1.1734,1.17785,1.17154,1.17335,0,2025-10-01 00:00:00
1759363200,1.17336,1.17583,1.16829,1.17188,0,2025-10-02 00:00:00
1759449600,1.1719,1.17591,1.17146,1.17382,0,2025-10-03 00:00:00
1759622400,1.17209,1.17275,1.17156,1.1716,0,2025-10-05 00:00:00
1759708800,1.1716,1.17307,1.16516,1.17095,0,2025-10-06 00:00:00
1759795200,1.17097,1.17142,1.16474,1.1659,0,2025-10-07 00:00:00
1759881600,1.16591,1.16591,1.15983,1.16333,0,2025-10-08 00:00:00
1759968000,1.16333,1.1648,1.1542,1.15646,0,2025-10-09 00:00:00
1760054400,1.15645,1.16305,1.15567,1.16149,0,2025-10-10 00:00:00
1760227200,1.16138,1.1615,1.15918,1.1603,0,2025-10-12 00:00:00
1760313600,1.16032,1.16297,1.15574,1.15677,0,2025-10-13 00:00:00
1760400000,1.15679,1.16148,1.15423,1.16034,0,2025-10-14 00:00:00
1760486400,1.16035,1.16519,1.16017,1.1646,0,2025-10-15 00:00:00
1760572800,1.16463,1.16957,1.16425,1.16942,0,2025-10-16 00:00:00
1760659200,1.16943,1.17283,1.16496,1.16509,0,2025-10-17 00:00:00
1760832000,1.16646,1.16655,1.16515,1.1656,0,2025-10-19 00:00:00
1760918400,1.1656,1.16753,1.16382,1.16428,0,2025-10-20 00:00:00
1761004800,1.1643,1.1655,1.15975,1.16,0,2025-10-21 00:00:00
1761091200,1.16,1.16224,1.15767,1.16121,0,2025-10-22 00:00:00
1761177600,1.16126,1.16213,1.15853,1.16179,0,2025-10-23 00:00:00
1761264000,1.16179,1.1649,1.16008,1.16266,0,2025-10-24 00:00:00
1761436800,1.16346,1.16362,1.16253,1.1631,0,2025-10-26 00:00:00
1761523200,1.16308,1.16547,1.16176,1.16508,0,2025-10-27 00:00:00
1761609600,1.16508,1.16686,1.16255,1.16568,0,2025-10-28 00:00:00
1761696000,1.16568,1.1666,1.15773,1.16028,0,2025-10-29 00:00:00
1761782400,1.16027,1.16374,1.1547,1.15714,0,2025-10-30 00:00:00
1761868800,1.15714,1.15775,1.15214,1.1537,0,2025-10-31 00:00:00
1762041600,1.15294,1.15383,1.1525,1.15274,0,2025-11-02 00:00:00
1762128000,1.15273,1.15413,1.1505,1.15184,0,2025-11-03 00:00:00
1762214400,1.15183,1.15334,1.14729,1.1485,0,2025-11-04 00:00:00
1762300800,1.14849,1.14978,1.14687,1.14957,0,2025-11-05 00:00:00
1762387200,1.14956,1.15522,1.1493,1.15485,0,2025-11-06 00:00:00
1762473600,1.15485,1.1591,1.15294,1.15656,0,2025-11-07 00:00:00
1762646400,1.15562,1.15582,1.15413,1.15433,0,2025-11-09 00:00:00
1762732800,1.15434,1.15829,1.15409,1.15565,0,2025-11-10 00:00:00
1762819200,1.15566,1.16057,1.15468,1.15867,0,2025-11-11 00:00:00
1762905600,1.15865,1.15977,1.15627,1.15915,0,2025-11-12 00:00:00
1762992000,1.15915,1.16559,1.15789,1.163,0,2025-11-13 00:00:00
1763078400,1.163,1.16536,1.1606,1.16172,0,2025-11-14 00:00:00
1763251200,1.16143,1.16244,1.16114,1.16147,0,2025-11-16 00:00:00
1763337600,1.16147,1.16149,1.15818,1.15899,0,2025-11-17 00:00:00
1763424000,1.15898,1.16076,1.15713,1.158,0,2025-11-18 00:00:00
1763510400,1.158,1.15971,1.15178,1.15392,0,2025-11-19 00:00:00
1763596800,1.15392,1.15499,1.15013,1.15334,0,2025-11-20 00:00:00
1763683200,1.15338,1.15524,1.14909,1.15155,0,2025-11-21 00:00:00
1763856000,1.15128,1.15143,1.15058,1.15073,0,2025-11-23 00:00:00
1763942400,1.15074,1.15503,1.15018,1.152,0,2025-11-24 00:00:00
1764028800,1.15201,1.15859,1.15114,1.15648,0,2025-11-25 00:00:00
1764115200,1.15648,1.16021,1.1547,1.16017,0,2025-11-26 00:00:00
1764201600,1.16018,1.16132,1.15763,1.15996,0,2025-11-27 00:00:00
1764288000,1.15995,1.16075,1.1555,1.15973,0,2025-11-28 00:00:00
1764460800,1.1594,1.16078,1.15912,1.1601,0,2025-11-30 00:00:00
1764547200,1.16011,1.16522,1.15893,1.16066,0,2025-12-01 00:00:00
1764633600,1.16069,1.1629,1.1591,1.1628,0,2025-12-02 00:00:00
1764720000,1.1628,1.16775,1.16277,1.16661,0,2025-12-03 00:00:00
1764806400,1.16662,1.16819,1.16409,1.16431,0,2025-12-04 00:00:00
1764892800,1.16433,1.16717,1.16279,1.16388,0,2025-12-05 00:00:00
1765065600,1.16373,1.16461,1.16341,1.16404,0,2025-12-07 00:00:00
1765152000,1.16406,1.16718,1.16163,1.16407,0,2025-12-08 00:00:00
1765238400,1.16405,1.16571,1.16149,1.16278,0,2025-12-09 00:00:00
1765324800,1.1628,1.17027,1.16214,1.17013,0,2025-12-10 00:00:00
1765411200,1.17013,1.17627,1.16821,1.17407,0,2025-12-11 00:00:00
1765497600,1.17407,1.17497,1.17195,1.17396,0,2025-12-12 00:00:00
1765670400,1.17358,1.17406,1.17277,1.17369,0,2025-12-14 00:00:00
1765756800,1.1737,1.17688,1.17264,1.17533,0,2025-12-15 00:00:00
1765843200,1.17535,1.1804,1.1735,1.17492,0,2025-12-16 00:00:00
1765929600,1.1749,1.1758,1.1703,1.17414,0,2025-12-17 00:00:00
1766016000,1.17415,1.17627,1.17123,1.17246,0,2025-12-18 00:00:00
1766102400,1.17247,1.17377,1.17021,1.17103,0,2025-12-19 00:00:00
1766275200,1.17149,1.17169,1.17058,1.17103,0,2025-12-21 00:00:00
1766361600,1.17098,1.17693,1.17093,1.17634,0,2025-12-22 00:00:00
1766448000,1.17635,1.18021,1.17628,1.17946,0,2025-12-23 00:00:00
1766534400,1.17946,1.18079,1.17695,1.17714,0,2025-12-24 00:00:00
1766620800,1.17708,1.17843,1.17663,1.17833,0,2025-12-25 00:00:00
1766707200,1.17839,1.17966,1.17615,1.1768,0,2025-12-26 00:00:00
1766880000,1.17631,1.17777,1.17631,1.17722,0,2025-12-28 00:00:00
1766966400,1.17723,1.1789,1.17493,1.17722,0,2025-12-29 00:00:00
1767052800,1.17721,1.17797,1.17431,1.17456,0,2025-12-30 00:00:00
1767139200,1.17455,1.17592,1.17199,1.17455,0,2025-12-31 00:00:00
1767225600,1.17387,1.17507,1.17387,1.17506,0,2026-01-01 00:00:00
1767312000,1.17509,1.17649,1.17132,1.17199,0,2026-01-02 00:00:00
1767484800,1.17203,1.17219,1.16999,1.1705,0,2026-01-04 00:00:00
1767571200,1.1705,1.17286,1.16588,1.17144,0,2026-01-05 00:00:00
1767657600,1.17144,1.17428,1.16837,1.16868,0,2026-01-06 00:00:00
1767744000,1.1687,1.17025,1.16727,1.16767,0,2026-01-07 00:00:00
1767830400,1.16768,1.16828,1.16425,1.16578,0,2026-01-08 00:00:00
1767916800,1.16579,1.16604,1.16179,1.16298,0,2026-01-09 00:00:00
1768089600,1.16296,1.16348,1.1623,1.16235,0,2026-01-11 00:00:00
1768176000,1.16237,1.16984,1.16216,1.16673,0,2026-01-12 00:00:00
1768262400,1.16673,1.16776,1.1634,1.1642,0,2026-01-13 00:00:00
1768348800,1.16421,1.16615,1.16354,1.16449,0,2026-01-14 00:00:00
1768435200,1.1645,1.16455,1.1593,1.16088,0,2026-01-15 00:00:00
1768521600,1.16087,1.16273,1.15843,1.1595,0,2026-01-16 00:00:00
1768694400,1.15815,1.16268,1.15777,1.16241,0,2026-01-18 00:00:00
1768780800,1.1624,1.16487,1.16043,1.16393,0,2026-01-19 00:00:00
1768867200,1.16395,1.17688,1.16324,1.1727,0,2026-01-20 00:00:00
1768953600,1.1727,1.1743,1.16697,1.16728,0,2026-01-21 00:00:00
1769040000,1.16727,1.17591,1.16727,1.17538,0,2026-01-22 00:00:00
1769126400,1.17537,1.18336,1.17283,1.1828,0,2026-01-23 00:00:00
1769299200,1.18661,1.18976,1.18506,1.18602,0,2026-01-25 00:00:00
1769385600,1.18601,1.19069,1.18347,1.18738,0,2026-01-26 00:00:00
1769472000,1.18736,1.20822,1.18502,1.20227,0,2026-01-27 00:00:00
1769558400,1.20227,1.20257,1.18957,1.19808,0,2026-01-28 00:00:00
1769644800,1.19807,1.19964,1.19059,1.19674,0,2026-01-29 00:00:00
1769731200,1.19673,1.19729,1.18498,1.185,0,2026-01-30 00:00:00
1769904000,1.18492,1.18569,1.18395,1.18461,0,2026-02-01 00:00:00
1769990400,1.18464,1.18747,1.17758,1.17987,0,2026-02-02 00:00:00
1770076800,1.17986,1.18288,1.178,1.18155,0,2026-02-03 00:00:00
1770163200,1.18155,1.18379,1.17903,1.18015,0,2026-02-04 00:00:00
1770249600,1.18014,1.18218,1.17749,1.17764,0,2026-02-05 00:00:00
1770336000,1.17763,1.1826,1.17654,1.18115,0,2026-02-06 00:00:00
1770508800,1.18106,1.18277,1.18097,1.18266,0,2026-02-08 00:00:00
1770595200,1.18267,1.19266,1.18159,1.19036,0,2026-02-09 00:00:00
1770681600,1.19035,1.19285,1.18866,1.18876,0,2026-02-10 00:00:00
1770768000,1.18877,1.19272,1.18331,1.18746,0,2026-02-11 00:00:00
1770854400,1.18747,1.18899,1.18522,1.18691,0,2026-02-12 00:00:00
1770940800,1.18689,1.18846,1.18469,1.18655,0,2026-02-13 00:00:00
1771113600,1.18751,1.18755,1.18631,1.18667,0,2026-02-15 00:00:00
1771200000,1.18667,1.18703,1.18462,1.18503,0,2026-02-16 00:00:00
1771286400,1.18505,1.18573,1.18049,1.18507,0,2026-02-17 00:00:00
1771372800,1.18507,1.18535,1.17818,1.17885,0,2026-02-18 00:00:00
1771459200,1.17884,1.18075,1.17418,1.17682,0,2026-02-19 00:00:00
1771545600,1.17683,1.18074,1.17432,1.17814,0,2026-02-20 00:00:00
1771718400,1.17906,1.18346,1.17901,1.18333,0,2026-02-22 00:00:00
1771804800,1.18333,1.18344,1.17744,1.17929,0,2026-02-23 00:00:00
1771891200,1.17928,1.17963,1.1766,1.17738,0,2026-02-24 00:00:00
1771977600,1.17738,1.18163,1.17709,1.1815,0,2026-02-25 00:00:00
1772064000,1.18149,1.18288,1.17737,1.18031,0,2026-02-26 00:00:00
1772150400,1.1803,1.18268,1.17887,1.18167,0,2026-02-27 00:00:00
1772323200,1.17751,1.17876,1.17568,1.1759,0,2026-03-01 00:00:00
1772409600,1.1759,1.17958,1.16717,1.16944,0,2026-03-02 00:00:00
1772496000,1.16945,1.17067,1.153,1.16104,0,2026-03-03 00:00:00
1772582400,1.16106,1.16546,1.15745,1.16346,0,2026-03-04 00:00:00
1772668800,1.16346,1.16473,1.15587,1.16064,0,2026-03-05 00:00:00
1772755200,1.16064,1.16213,1.15457,1.1617,0,2026-03-06 00:00:00
1772928000,1.15442,1.15573,1.1521,1.15243,0,2026-03-08 00:00:00
1773014400,1.15241,1.16454,1.15069,1.16163,0,2026-03-09 00:00:00
1773100800,1.16163,1.16672,1.16027,1.16111,0,2026-03-10 00:00:00
1773187200,1.16115,1.16453,1.15396,1.15425,0,2026-03-11 00:00:00
1773273600,1.15424,1.15662,1.15096,1.15207,0,2026-03-12 00:00:00
1773360000,1.15208,1.15296,1.14108,1.14161,0,2026-03-13 00:00:00
1773532800,1.14218,1.14391,1.14156,1.14353,0,2026-03-15 00:00:00
1773619200,1.14354,1.15248,1.14139,1.14983,0,2026-03-16 00:00:00
1773705600,1.14984,1.15471,1.14658,1.15387,0,2026-03-17 00:00:00
1773792000,1.15389,1.15551,1.14496,1.14632,0,2026-03-18 00:00:00
1773878400,1.14631,1.16161,1.14429,1.15763,0,2026-03-19 00:00:00
1773964800,1.1576,1.15805,1.15245,1.15694,0,2026-03-20 00:00:00
1774137600,1.15385,1.15647,1.1535,1.15618,0,2026-03-22 00:00:00
1774224000,1.1562,1.16397,1.14843,1.1608,0,2026-03-23 00:00:00
1774310400,1.16079,1.16282,1.15569,1.16136,0,2026-03-24 00:00:00
1774396800,1.16137,1.16305,1.15552,1.15614,0,2026-03-25 00:00:00
1774483200,1.15613,1.15722,1.15196,1.15343,0,2026-03-26 00:00:00
1774569600,1.15341,1.15476,1.15018,1.15059,0,2026-03-27 00:00:00
1774742400,1.15047,1.15047,1.14877,1.14882,0,2026-03-29 00:00:00
1774828800,1.14917,1.15211,1.1443,1.14593,0,2026-03-30 00:00:00
1774915200,1.14592,1.15634,1.14471,1.15584,0,2026-03-31 00:00:00
1775001600,1.15586,1.16271,1.15547,1.15907,0,2026-04-01 00:00:00
1775088000,1.15909,1.16055,1.1509,1.15398,0,2026-04-02 00:00:00
1775174400,1.15398,1.15489,1.15105,1.15105,0,2026-04-03 00:00:00
1775347200,1.15216,1.15233,1.15048,1.15148,0,2026-04-05 00:00:00
1775433600,1.15146,1.15713,1.15062,1.15422,0,2026-04-06 00:00:00
1775520000,1.15423,1.16693,1.15239,1.1668,0,2026-04-07 00:00:00
1775606400,1.16678,1.17217,1.16433,1.16621,0,2026-04-08 00:00:00
1775692800,1.16621,1.17234,1.16503,1.16939,0,2026-04-09 00:00:00
1775779200,1.16937,1.17392,1.16773,1.17244,0,2026-04-10 00:00:00
