ts,open,high,low,close,volume,datetime_utc
1483329600,1.05155,1.0523,1.05124,1.05153,0,2017-01-02 04:00:00
1483344000,1.05152,1.0518,1.04764,1.04784,0,2017-01-02 08:00:00
1483358400,1.04782,1.04784,1.04609,1.04698,0,2017-01-02 12:00:00
1483372800,1.04696,1.04774,1.04579,1.0459,0,2017-01-02 16:00:00
1483387200,1.04589,1.04704,1.04496,1.04572,0,2017-01-02 20:00:00
1483401600,1.04572,1.04847,1.04571,1.04845,0,2017-01-03 00:00:00
1483416000,1.04845,1.049,1.04534,1.046,0,2017-01-03 04:00:00
1483430400,1.046,1.04655,1.03811,1.03942,0,2017-01-03 08:00:00
1483444800,1.03941,1.04078,1.03406,1.03842,0,2017-01-03 12:00:00
1483459200,1.03846,1.04335,1.03783,1.04108,0,2017-01-03 16:00:00
1483473600,1.04107,1.04238,1.04019,1.04173,0,2017-01-03 20:00:00
1483488000,1.04172,1.04177,1.03899,1.04051,0,2017-01-04 00:00:00
1483502400,1.04052,1.04213,1.03991,1.04172,0,2017-01-04 04:00:00
1483516800,1.04172,1.04454,1.04151,1.04312,0,2017-01-04 08:00:00
1483531200,1.04312,1.04808,1.04232,1.04762,0,2017-01-04 12:00:00
1483545600,1.04761,1.04998,1.04518,1.04662,0,2017-01-04 16:00:00
1483560000,1.0466,1.05012,1.04636,1.04968,0,2017-01-04 20:00:00
1483574400,1.04967,1.05404,1.04959,1.05201,0,2017-01-05 00:00:00
1483588800,1.05201,1.05746,1.05175,1.05593,0,2017-01-05 04:00:00
1483603200,1.05594,1.057,1.04824,1.04934,0,2017-01-05 08:00:00
1483617600,1.04935,1.06088,1.04917,1.06025,0,2017-01-05 12:00:00
1483632000,1.06027,1.06151,1.05857,1.05917,0,2017-01-05 16:00:00
1483646400,1.05918,1.06129,1.05885,1.06037,0,2017-01-05 20:00:00
1483660800,1.06036,1.0607,1.05756,1.05885,0,2017-01-06 00:00:00
1483675200,1.05885,1.05911,1.05741,1.0584,0,2017-01-06 04:00:00
1483689600,1.05839,1.06084,1.05809,1.05859,0,2017-01-06 08:00:00
1483704000,1.05858,1.06214,1.05354,1.05727,0,2017-01-06 12:00:00
1483718400,1.0573,1.05822,1.05249,1.0531,0,2017-01-06 16:00:00
1483732800,1.05315,1.05355,1.05276,1.05306,0,2017-01-06 20:00:00
1483905600,1.05284,1.05357,1.05257,1.05295,0,2017-01-08 20:00:00
1483920000,1.05295,1.05444,1.05221,1.05296,0,2017-01-09 00:00:00
1483934400,1.05298,1.0541,1.05166,1.0537,0,2017-01-09 04:00:00
1483948800,1.05371,1.05559,1.05108,1.05242,0,2017-01-09 08:00:00
1483963200,1.05241,1.05637,1.05126,1.05548,0,2017-01-09 12:00:00
1483977600,1.05551,1.05829,1.05542,1.05775,0,2017-01-09 16:00:00
1483992000,1.0578,1.0589,1.0558,1.05857,0,2017-01-09 20:00:00
1484006400,1.05857,1.0627,1.05756,1.06157,0,2017-01-10 00:00:00
1484020800,1.06155,1.06191,1.05892,1.0598,0,2017-01-10 04:00:00
1484035200,1.05978,1.06202,1.0577,1.05782,0,2017-01-10 08:00:00
1484049600,1.05783,1.06048,1.05584,1.05934,0,2017-01-10 12:00:00
1484064000,1.05932,1.05978,1.05508,1.0558,0,2017-01-10 16:00:00
1484078400,1.05578,1.05622,1.05512,1.05521,0,2017-01-10 20:00:00
1484092800,1.0552,1.05658,1.0536,1.05453,0,2017-01-11 00:00:00
1484107200,1.05453,1.05668,1.05404,1.0558,0,2017-01-11 04:00:00
1484121600,1.05581,1.05594,1.05132,1.05188,0,2017-01-11 08:00:00
1484136000,1.05189,1.05206,1.04537,1.0474,0,2017-01-11 12:00:00
1484150400,1.04743,1.06228,1.04582,1.05765,0,2017-01-11 16:00:00
1484164800,1.05764,1.0599,1.05643,1.0594,0,2017-01-11 20:00:00
1484179200,1.05941,1.06136,1.05714,1.0611,0,2017-01-12 00:00:00
1484193600,1.0611,1.06432,1.05948,1.06295,0,2017-01-12 04:00:00
1484208000,1.06297,1.06645,1.06196,1.06518,0,2017-01-12 08:00:00
1484222400,1.0652,1.06847,1.06327,1.06524,0,2017-01-12 12:00:00
1484236800,1.06525,1.06687,1.06215,1.06266,0,2017-01-12 16:00:00
1484251200,1.06264,1.0629,1.06065,1.06161,0,2017-01-12 20:00:00
1484265600,1.0616,1.06194,1.06037,1.06075,0,2017-01-13 00:00:00
1484280000,1.06074,1.06407,1.06054,1.06312,0,2017-01-13 04:00:00
1484294400,1.06312,1.06576,1.06249,1.06456,0,2017-01-13 08:00:00
1484308800,1.06457,1.06765,1.05962,1.0623,0,2017-01-13 12:00:00
1484323200,1.06228,1.06526,1.06119,1.06437,0,2017-01-13 16:00:00
1484337600,1.06441,1.06475,1.06356,1.06425,0,2017-01-13 20:00:00
1484510400,1.06047,1.06358,1.06047,1.06272,0,2017-01-15 20:00:00
1484524800,1.06273,1.06344,1.06061,1.06108,0,2017-01-16 00:00:00
1484539200,1.06106,1.06295,1.06043,1.06134,0,2017-01-16 04:00:00
1484553600,1.06132,1.06174,1.05793,1.05938,0,2017-01-16 08:00:00
1484568000,1.05939,1.06087,1.05853,1.0606,0,2017-01-16 12:00:00
1484582400,1.06059,1.06085,1.05907,1.06025,0,2017-01-16 16:00:00
1484596800,1.06024,1.0607,1.05954,1.06019,0,2017-01-16 20:00:00
1484611200,1.06017,1.063,1.06007,1.06245,0,2017-01-17 00:00:00
1484625600,1.06245,1.06655,1.06226,1.06546,0,2017-01-17 04:00:00
1484640000,1.06545,1.07197,1.06544,1.07092,0,2017-01-17 08:00:00
1484654400,1.07091,1.07165,1.06674,1.06942,0,2017-01-17 12:00:00
1484668800,1.06945,1.07129,1.06895,1.07088,0,2017-01-17 16:00:00
1484683200,1.07087,1.07152,1.0696,1.0697,0,2017-01-17 20:00:00
1484697600,1.06965,1.07123,1.06883,1.06977,0,2017-01-18 00:00:00
1484712000,1.06976,1.07001,1.06758,1.06778,0,2017-01-18 04:00:00
1484726400,1.06776,1.07045,1.06762,1.06866,0,2017-01-18 08:00:00
1484740800,1.06868,1.07028,1.06553,1.06952,0,2017-01-18 12:00:00
1484755200,1.0695,1.06961,1.06603,1.06703,0,2017-01-18 16:00:00
1484769600,1.06714,1.06714,1.06244,1.06279,0,2017-01-18 20:00:00
1484784000,1.0628,1.06452,1.06219,1.06385,0,2017-01-19 00:00:00
1484798400,1.06386,1.06469,1.06322,1.06417,0,2017-01-19 04:00:00
1484812800,1.06417,1.06704,1.06379,1.0664,0,2017-01-19 08:00:00
1484827200,1.0664,1.06765,1.05892,1.06097,0,2017-01-19 12:00:00
1484841600,1.06094,1.06605,1.06094,1.06597,0,2017-01-19 16:00:00
1484856000,1.06597,1.06691,1.06549,1.0659,0,2017-01-19 20:00:00
1484870400,1.06591,1.06934,1.0652,1.06851,0,2017-01-20 00:00:00
1484884800,1.06848,1.0692,1.06711,1.0672,0,2017-01-20 04:00:00
1484899200,1.06718,1.06835,1.06276,1.06385,0,2017-01-20 08:00:00
1484913600,1.06382,1.06834,1.0625,1.06788,0,2017-01-20 12:00:00
1484928000,1.06787,1.07094,1.06632,1.0705,0,2017-01-20 16:00:00
1484942400,1.0705,1.07059,1.06894,1.06988,0,2017-01-20 20:00:00
1485115200,1.07004,1.07165,1.06935,1.07123,0,2017-01-22 20:00:00
1485129600,1.07125,1.07497,1.07093,1.07438,0,2017-01-23 00:00:00
1485144000,1.07439,1.07547,1.07349,1.07422,0,2017-01-23 04:00:00
1485158400,1.07424,1.07494,1.07227,1.07293,0,2017-01-23 08:00:00
1485172800,1.07293,1.07519,1.0706,1.07479,0,2017-01-23 12:00:00
1485187200,1.07475,1.07496,1.07198,1.07459,0,2017-01-23 16:00:00
1485201600,1.07456,1.0773,1.07416,1.07589,0,2017-01-23 20:00:00
1485216000,1.07588,1.07707,1.07452,1.07596,0,2017-01-24 00:00:00
1485230400,1.07595,1.07625,1.07338,1.0738,0,2017-01-24 04:00:00
1485244800,1.07376,1.07529,1.07253,1.07429,0,2017-01-24 08:00:00
1485259200,1.07428,1.07747,1.07392,1.0752,0,2017-01-24 12:00:00
1485273600,1.07523,1.07609,1.07217,1.07223,0,2017-01-24 16:00:00
1485288000,1.07221,1.07336,1.07203,1.07281,0,2017-01-24 20:00:00
1485302400,1.07281,1.07377,1.07218,1.07312,0,2017-01-25 00:00:00
1485316800,1.07313,1.07372,1.07112,1.0713,0,2017-01-25 04:00:00
1485331200,1.07134,1.07562,1.07131,1.07522,0,2017-01-25 08:00:00
1485345600,1.07522,1.07697,1.07198,1.07407,0,2017-01-25 12:00:00
1485360000,1.07408,1.07531,1.07205,1.07409,0,2017-01-25 16:00:00
1485374400,1.07408,1.0755,1.07361,1.07524,0,2017-01-25 20:00:00
1485388800,1.07525,1.07654,1.07516,1.07567,0,2017-01-26 00:00:00
1485403200,1.07566,1.07605,1.0729,1.07305,0,2017-01-26 04:00:00
1485417600,1.07304,1.07436,1.07126,1.07313,0,2017-01-26 08:00:00
1485432000,1.07311,1.07326,1.06697,1.06711,0,2017-01-26 12:00:00
1485446400,1.06712,1.0704,1.06576,1.06982,0,2017-01-26 16:00:00
1485460800,1.06983,1.06984,1.06628,1.06831,0,2017-01-26 20:00:00
1485475200,1.06831,1.06884,1.06725,1.06749,0,2017-01-27 00:00:00
1485489600,1.0675,1.06772,1.06581,1.06737,0,2017-01-27 04:00:00
1485504000,1.06738,1.06983,1.06716,1.06936,0,2017-01-27 08:00:00
1485518400,1.06936,1.07249,1.06705,1.07058,0,2017-01-27 12:00:00
1485532800,1.07063,1.07086,1.06789,1.06989,0,2017-01-27 16:00:00
1485547200,1.06988,1.0699,1.06913,1.06963,0,2017-01-27 20:00:00
1485720000,1.07204,1.07204,1.0708,1.07168,0,2017-01-29 20:00:00
1485734400,1.07169,1.07402,1.07156,1.07318,0,2017-01-30 00:00:00
1485748800,1.07319,1.07351,1.06983,1.06998,0,2017-01-30 04:00:00
1485763200,1.06999,1.07017,1.0656,1.06608,0,2017-01-30 08:00:00
1485777600,1.06611,1.06923,1.06201,1.06878,0,2017-01-30 12:00:00
1485792000,1.06877,1.07093,1.06779,1.06942,0,2017-01-30 16:00:00
1485806400,1.06944,1.07086,1.06903,1.07074,0,2017-01-30 20:00:00
1485820800,1.07075,1.07124,1.06909,1.06973,0,2017-01-31 00:00:00
1485835200,1.06976,1.07043,1.06848,1.06996,0,2017-01-31 04:00:00
1485849600,1.06996,1.07522,1.0691,1.07504,0,2017-01-31 08:00:00
1485864000,1.075,1.08106,1.07426,1.08097,0,2017-01-31 12:00:00
1485878400,1.08097,1.08121,1.07723,1.0804,0,2017-01-31 16:00:00
1485892800,1.08041,1.08045,1.07864,1.08008,0,2017-01-31 20:00:00
1485907200,1.08008,1.08008,1.07879,1.07924,0,2017-02-01 00:00:00
1485921600,1.07925,1.07935,1.07747,1.07817,0,2017-02-01 04:00:00
1485936000,1.07814,1.0803,1.07791,1.08018,0,2017-02-01 08:00:00
1485950400,1.08015,1.08073,1.07364,1.07579,0,2017-02-01 12:00:00
1485964800,1.07578,1.07892,1.07316,1.07763,0,2017-02-01 16:00:00
1485979200,1.07761,1.07798,1.07618,1.07653,0,2017-02-01 20:00:00
1485993600,1.07651,1.0793,1.07641,1.07887,0,2017-02-02 00:00:00
1486008000,1.0789,1.07981,1.07778,1.07926,0,2017-02-02 04:00:00
1486022400,1.07925,1.08188,1.07883,1.08109,0,2017-02-02 08:00:00
1486036800,1.0811,1.08287,1.07987,1.08056,0,2017-02-02 12:00:00
1486051200,1.08059,1.08123,1.07589,1.07646,0,2017-02-02 16:00:00
1486065600,1.07645,1.07662,1.07556,1.07616,0,2017-02-02 20:00:00
1486080000,1.07616,1.07716,1.07451,1.07552,0,2017-02-03 00:00:00
1486094400,1.07551,1.07655,1.07486,1.07574,0,2017-02-03 04:00:00
1486108800,1.0757,1.07626,1.07274,1.07306,0,2017-02-03 08:00:00
1486123200,1.07305,1.07976,1.07069,1.07882,0,2017-02-03 12:00:00
1486137600,1.07881,1.07939,1.07589,1.07664,0,2017-02-03 16:00:00
1486152000,1.07661,1.07875,1.0765,1.07825,0,2017-02-03 20:00:00
1486324800,1.07869,1.07912,1.07778,1.07823,0,2017-02-05 20:00:00
1486339200,1.07824,1.07886,1.07745,1.07822,0,2017-02-06 00:00:00
1486353600,1.07824,1.07831,1.07476,1.07524,0,2017-02-06 04:00:00
1486368000,1.07522,1.0758,1.07334,1.07367,0,2017-02-06 08:00:00
1486382400,1.07365,1.07437,1.07055,1.07387,0,2017-02-06 12:00:00
1486396800,1.07391,1.07531,1.07289,1.07474,0,2017-02-06 16:00:00
1486411200,1.07473,1.07549,1.0741,1.07429,0,2017-02-06 20:00:00
1486425600,1.07428,1.07443,1.07043,1.07077,0,2017-02-07 00:00:00
1486440000,1.07076,1.07137,1.06806,1.06816,0,2017-02-07 04:00:00
1486454400,1.06816,1.06839,1.0656,1.06717,0,2017-02-07 08:00:00
1486468800,1.06717,1.06877,1.06626,1.06853,0,2017-02-07 12:00:00
1486483200,1.06856,1.07061,1.068,1.06959,0,2017-02-07 16:00:00
1486497600,1.06957,1.06973,1.0675,1.06784,0,2017-02-07 20:00:00
1486512000,1.06783,1.06908,1.06676,1.06888,0,2017-02-08 00:00:00
1486526400,1.06888,1.06892,1.0655,1.06581,0,2017-02-08 04:00:00
1486540800,1.06584,1.06639,1.06406,1.0649,0,2017-02-08 08:00:00
1486555200,1.06487,1.07082,1.06459,1.0707,0,2017-02-08 12:00:00
1486569600,1.0707,1.07137,1.06785,1.06861,0,2017-02-08 16:00:00
1486584000,1.06862,1.0701,1.06839,1.06911,0,2017-02-08 20:00:00
1486598400,1.06912,1.06954,1.06775,1.06895,0,2017-02-09 00:00:00
1486612800,1.06896,1.06896,1.06699,1.06791,0,2017-02-09 04:00:00
1486627200,1.06789,1.07095,1.06742,1.06804,0,2017-02-09 08:00:00
1486641600,1.06806,1.06956,1.06561,1.06645,0,2017-02-09 12:00:00
1486656000,1.06646,1.06716,1.06508,1.06581,0,2017-02-09 16:00:00
1486670400,1.0658,1.06647,1.06525,1.06571,0,2017-02-09 20:00:00
1486684800,1.06571,1.06675,1.06499,1.0662,0,2017-02-10 00:00:00
1486699200,1.06621,1.06635,1.0639,1.06398,0,2017-02-10 04:00:00
1486713600,1.06397,1.06499,1.06359,1.06397,0,2017-02-10 08:00:00
1486728000,1.06397,1.06424,1.06076,1.06242,0,2017-02-10 12:00:00
1486742400,1.06244,1.06531,1.06217,1.06325,0,2017-02-10 16:00:00
1486756800,1.06324,1.06418,1.063,1.06386,0,2017-02-10 20:00:00
1486929600,1.06263,1.06368,1.06173,1.06185,0,2017-02-12 20:00:00
1486944000,1.06185,1.06267,1.06119,1.06188,0,2017-02-13 00:00:00
1486958400,1.0619,1.06438,1.06173,1.06426,0,2017-02-13 04:00:00
1486972800,1.06424,1.06582,1.06338,1.06412,0,2017-02-13 08:00:00
1486987200,1.06413,1.06467,1.05919,1.06043,0,2017-02-13 12:00:00
1487001600,1.06041,1.0609,1.0594,1.05988,0,2017-02-13 16:00:00
1487016000,1.0599,1.06014,1.05922,1.05987,0,2017-02-13 20:00:00
1487030400,1.05987,1.06089,1.05911,1.06039,0,2017-02-14 00:00:00
1487044800,1.0604,1.06238,1.06037,1.06069,0,2017-02-14 04:00:00
1487059200,1.06071,1.06333,1.06068,1.06283,0,2017-02-14 08:00:00
1487073600,1.06285,1.06304,1.05611,1.05635,0,2017-02-14 12:00:00
1487088000,1.05637,1.0581,1.05607,1.05733,0,2017-02-14 16:00:00
1487102400,1.05734,1.05799,1.05699,1.05781,0,2017-02-14 20:00:00
1487116800,1.05781,1.05837,1.05649,1.05834,0,2017-02-15 00:00:00
1487131200,1.05837,1.0586,1.05688,1.05742,0,2017-02-15 04:00:00
1487145600,1.0574,1.05746,1.05427,1.05569,0,2017-02-15 08:00:00
1487160000,1.05567,1.05803,1.05213,1.05734,0,2017-02-15 12:00:00
1487174400,1.05736,1.06093,1.05727,1.05892,0,2017-02-15 16:00:00
1487188800,1.05894,1.06069,1.05878,1.06029,0,2017-02-15 20:00:00
1487203200,1.06025,1.06234,1.06007,1.0613,0,2017-02-16 00:00:00
1487217600,1.06134,1.06241,1.05998,1.06118,0,2017-02-16 04:00:00
1487232000,1.06115,1.06412,1.06103,1.06336,0,2017-02-16 08:00:00
1487246400,1.06334,1.06761,1.06301,1.06684,0,2017-02-16 12:00:00
1487260800,1.0668,1.06792,1.06474,1.06759,0,2017-02-16 16:00:00
1487275200,1.06761,1.06776,1.06659,1.0671,0,2017-02-16 20:00:00
1487289600,1.06711,1.06764,1.06612,1.06742,0,2017-02-17 00:00:00
1487304000,1.06741,1.06754,1.06545,1.06552,0,2017-02-17 04:00:00
1487318400,1.0655,1.06586,1.06371,1.06466,0,2017-02-17 08:00:00
1487332800,1.06464,1.06669,1.06238,1.06256,0,2017-02-17 12:00:00
1487347200,1.06261,1.06336,1.06051,1.0606,0,2017-02-17 16:00:00
1487361600,1.06058,1.06154,1.06056,1.06127,0,2017-02-17 20:00:00
1487534400,1.06056,1.06328,1.06056,1.06252,0,2017-02-19 20:00:00
1487548800,1.06252,1.06266,1.06031,1.06127,0,2017-02-20 00:00:00
1487563200,1.06128,1.06269,1.06048,1.06166,0,2017-02-20 04:00:00
1487577600,1.06164,1.06298,1.06126,1.06234,0,2017-02-20 08:00:00
1487592000,1.06235,1.06287,1.06069,1.06206,0,2017-02-20 12:00:00
1487606400,1.06207,1.06247,1.06072,1.06138,0,2017-02-20 16:00:00
1487620800,1.06137,1.06168,1.06085,1.06086,0,2017-02-20 20:00:00
1487635200,1.06086,1.06126,1.0578,1.05799,0,2017-02-21 00:00:00
1487649600,1.05794,1.05891,1.05741,1.05774,0,2017-02-21 04:00:00
1487664000,1.05773,1.05774,1.05322,1.05425,0,2017-02-21 08:00:00
1487678400,1.05425,1.05498,1.05256,1.05369,0,2017-02-21 12:00:00
1487692800,1.05371,1.05519,1.05275,1.05476,0,2017-02-21 16:00:00
1487707200,1.05475,1.05497,1.05333,1.05409,0,2017-02-21 20:00:00
1487721600,1.05413,1.05564,1.05409,1.05469,0,2017-02-22 00:00:00
1487736000,1.05467,1.05472,1.0505,1.05084,0,2017-02-22 04:00:00
1487750400,1.0508,1.05195,1.04937,1.04991,0,2017-02-22 08:00:00
1487764800,1.04991,1.05493,1.04955,1.05484,0,2017-02-22 12:00:00
1487779200,1.05483,1.05723,1.05294,1.05707,0,2017-02-22 16:00:00
1487793600,1.05709,1.05739,1.0545,1.05503,0,2017-02-22 20:00:00
1487808000,1.05503,1.05667,1.0544,1.05662,0,2017-02-23 00:00:00
1487822400,1.05662,1.05721,1.05378,1.0554,0,2017-02-23 04:00:00
1487836800,1.05532,1.05643,1.05375,1.05523,0,2017-02-23 08:00:00
1487851200,1.05524,1.05951,1.05474,1.05937,0,2017-02-23 12:00:00
1487865600,1.0594,1.05943,1.05636,1.05723,0,2017-02-23 16:00:00
1487880000,1.05722,1.0586,1.05722,1.05839,0,2017-02-23 20:00:00
1487894400,1.0584,1.05848,1.05694,1.05813,0,2017-02-24 00:00:00
1487908800,1.05814,1.05988,1.05765,1.05955,0,2017-02-24 04:00:00
1487923200,1.05952,1.06102,1.05705,1.06079,0,2017-02-24 08:00:00
1487937600,1.0608,1.06177,1.05654,1.05665,0,2017-02-24 12:00:00
1487952000,1.05671,1.05968,1.0557,1.05642,0,2017-02-24 16:00:00
1487966400,1.05643,1.05679,1.05563,1.05611,0,2017-02-24 20:00:00
1488139200,1.05609,1.05647,1.05516,1.05519,0,2017-02-26 20:00:00
1488153600,1.0552,1.0575,1.05513,1.05616,0,2017-02-27 00:00:00
1488168000,1.05616,1.05821,1.05616,1.05815,0,2017-02-27 04:00:00
1488182400,1.05815,1.05913,1.05667,1.05829,0,2017-02-27 08:00:00
1488196800,1.05828,1.06143,1.05804,1.06132,0,2017-02-27 12:00:00
1488211200,1.06133,1.06305,1.05807,1.05884,0,2017-02-27 16:00:00
1488225600,1.05883,1.05917,1.05805,1.05837,0,2017-02-27 20:00:00
1488240000,1.05837,1.05903,1.05691,1.05856,0,2017-02-28 00:00:00
1488254400,1.05857,1.06036,1.05838,1.05948,0,2017-02-28 04:00:00
1488268800,1.05946,1.06074,1.05762,1.06025,0,2017-02-28 08:00:00
1488283200,1.06022,1.06299,1.05836,1.06254,0,2017-02-28 12:00:00
1488297600,1.06259,1.063,1.05911,1.05921,0,2017-02-28 16:00:00
1488312000,1.0592,1.05979,1.05665,1.05689,0,2017-02-28 20:00:00
1488326400,1.05688,1.05891,1.05541,1.05591,0,2017-03-01 00:00:00
1488340800,1.05591,1.05602,1.05375,1.05402,0,2017-03-01 04:00:00
1488355200,1.05404,1.05471,1.05257,1.05354,0,2017-03-01 08:00:00
1488369600,1.05352,1.05596,1.05141,1.05553,0,2017-03-01 12:00:00
1488384000,1.05555,1.05716,1.0543,1.0544,0,2017-03-01 16:00:00
1488398400,1.0544,1.05547,1.05345,1.05357,0,2017-03-01 20:00:00
1488412800,1.05358,1.05444,1.0528,1.05316,0,2017-03-02 00:00:00
1488427200,1.05316,1.05408,1.05219,1.05393,0,2017-03-02 04:00:00
1488441600,1.05394,1.05455,1.05203,1.05224,0,2017-03-02 08:00:00
1488456000,1.05225,1.05281,1.0499,1.05247,0,2017-03-02 12:00:00
1488470400,1.0525,1.0528,1.04949,1.05015,0,2017-03-02 16:00:00
1488484800,1.05013,1.05091,1.04998,1.05067,0,2017-03-02 20:00:00
1488499200,1.05069,1.05232,1.05021,1.05208,0,2017-03-03 00:00:00
1488513600,1.05208,1.05269,1.0513,1.05209,0,2017-03-03 04:00:00
1488528000,1.05205,1.05465,1.05106,1.05388,0,2017-03-03 08:00:00
1488542400,1.05387,1.05732,1.05373,1.05626,0,2017-03-03 12:00:00
1488556800,1.05628,1.06087,1.0543,1.0598,0,2017-03-03 16:00:00
1488571200,1.05982,1.06238,1.05966,1.06205,0,2017-03-03 20:00:00
1488744000,1.06067,1.06212,1.05998,1.06206,0,2017-03-05 20:00:00
1488758400,1.06207,1.06209,1.06033,1.06052,0,2017-03-06 00:00:00
1488772800,1.06052,1.06064,1.05921,1.05987,0,2017-03-06 04:00:00
1488787200,1.05986,1.06398,1.05799,1.05803,0,2017-03-06 08:00:00
1488801600,1.05801,1.06079,1.05766,1.05981,0,2017-03-06 12:00:00
1488816000,1.05983,1.0599,1.05746,1.05868,0,2017-03-06 16:00:00
1488830400,1.05867,1.059,1.05757,1.05788,0,2017-03-06 20:00:00
1488844800,1.05792,1.05931,1.05727,1.05892,0,2017-03-07 00:00:00
1488859200,1.05891,1.05991,1.058,1.05966,0,2017-03-07 04:00:00
1488873600,1.05964,1.06025,1.05581,1.05744,0,2017-03-07 08:00:00
1488888000,1.05746,1.05808,1.05607,1.05794,0,2017-03-07 12:00:00
1488902400,1.05796,1.05887,1.0565,1.05669,0,2017-03-07 16:00:00
1488916800,1.05667,1.05728,1.05631,1.05692,0,2017-03-07 20:00:00
1488931200,1.05692,1.0574,1.05631,1.05661,0,2017-03-08 00:00:00
1488945600,1.05662,1.05728,1.05559,1.05601,0,2017-03-08 04:00:00
1488960000,1.056,1.05637,1.05474,1.05601,0,2017-03-08 08:00:00
1488974400,1.05601,1.05623,1.05347,1.05564,0,2017-03-08 12:00:00
1488988800,1.05564,1.05578,1.0536,1.05484,0,2017-03-08 16:00:00
1489003200,1.05485,1.05496,1.05371,1.05445,0,2017-03-08 20:00:00
1489017600,1.05446,1.05448,1.05301,1.05306,0,2017-03-09 00:00:00
1489032000,1.05306,1.05436,1.0525,1.05346,0,2017-03-09 04:00:00
1489046400,1.05345,1.05697,1.0533,1.05613,0,2017-03-09 08:00:00
1489060800,1.05615,1.06149,1.05421,1.05808,0,2017-03-09 12:00:00
1489075200,1.05807,1.05965,1.05666,1.05919,0,2017-03-09 16:00:00
1489089600,1.05921,1.05951,1.0572,1.05795,0,2017-03-09 20:00:00
1489104000,1.05795,1.06005,1.05781,1.05951,0,2017-03-10 00:00:00
1489118400,1.05951,1.06023,1.05879,1.05941,0,2017-03-10 04:00:00
1489132800,1.05939,1.06193,1.05926,1.06071,0,2017-03-10 08:00:00
1489147200,1.0607,1.06704,1.05977,1.06572,0,2017-03-10 12:00:00
1489161600,1.06569,1.06924,1.06485,1.06913,0,2017-03-10 16:00:00
1489176000,1.06912,1.06992,1.06685,1.06731,0,2017-03-10 20:00:00
1489348800,1.06759,1.06878,1.06755,1.06791,0,2017-03-12 20:00:00
1489363200,1.0679,1.06964,1.06785,1.06948,0,2017-03-13 00:00:00
1489377600,1.06947,1.07129,1.06944,1.07122,0,2017-03-13 04:00:00
1489392000,1.0712,1.07142,1.06631,1.06731,0,2017-03-13 08:00:00
1489406400,1.06732,1.06768,1.06555,1.06658,0,2017-03-13 12:00:00
1489420800,1.06659,1.06791,1.06531,1.06598,0,2017-03-13 16:00:00
1489435200,1.06603,1.06603,1.06509,1.06519,0,2017-03-13 20:00:00
1489449600,1.06517,1.06587,1.06448,1.06528,0,2017-03-14 00:00:00
1489464000,1.06531,1.06625,1.06399,1.06455,0,2017-03-14 04:00:00
1489478400,1.06455,1.0652,1.06328,1.06386,0,2017-03-14 08:00:00
1489492800,1.06385,1.0643,1.06257,1.06374,0,2017-03-14 12:00:00
1489507200,1.06371,1.06466,1.06048,1.06108,0,2017-03-14 16:00:00
1489521600,1.06107,1.06131,1.06,1.06087,0,2017-03-14 20:00:00
1489536000,1.06089,1.06188,1.06086,1.06164,0,2017-03-15 00:00:00
1489550400,1.06164,1.06297,1.06119,1.06281,0,2017-03-15 04:00:00
1489564800,1.06279,1.06392,1.06178,1.06243,0,2017-03-15 08:00:00
1489579200,1.06243,1.0634,1.06072,1.06253,0,2017-03-15 12:00:00
1489593600,1.06256,1.07109,1.06209,1.07046,0,2017-03-15 16:00:00
1489608000,1.07048,1.07399,1.06852,1.07299,0,2017-03-15 20:00:00
1489622400,1.07303,1.07461,1.0722,1.07269,0,2017-03-16 00:00:00
1489636800,1.07269,1.07406,1.07193,1.07279,0,2017-03-16 04:00:00
1489651200,1.07281,1.07372,1.07056,1.07243,0,2017-03-16 08:00:00
1489665600,1.07242,1.0743,1.07126,1.07373,0,2017-03-16 12:00:00
1489680000,1.07375,1.07503,1.07074,1.07488,0,2017-03-16 16:00:00
1489694400,1.0749,1.07742,1.07412,1.07712,0,2017-03-16 20:00:00
1489708800,1.07713,1.07743,1.07646,1.07741,0,2017-03-17 00:00:00
1489723200,1.0774,1.07813,1.07668,1.07811,0,2017-03-17 04:00:00
1489737600,1.07809,1.07824,1.07534,1.07672,0,2017-03-17 08:00:00
1489752000,1.07672,1.07674,1.07274,1.0744,0,2017-03-17 12:00:00
1489766400,1.07441,1.07552,1.0731,1.07415,0,2017-03-17 16:00:00
1489780800,1.07416,1.07471,1.07331,1.07374,0,2017-03-17 20:00:00
1489953600,1.07314,1.07446,1.07314,1.07416,0,2017-03-19 20:00:00
1489968000,1.07416,1.07627,1.07407,1.07606,0,2017-03-20 00:00:00
1489982400,1.07606,1.07725,1.0757,1.07701,0,2017-03-20 04:00:00
1489996800,1.07699,1.07773,1.07503,1.07597,0,2017-03-20 08:00:00
1490011200,1.07598,1.07613,1.07436,1.07534,0,2017-03-20 12:00:00
1490025600,1.07535,1.07575,1.07249,1.07328,0,2017-03-20 16:00:00
1490040000,1.07326,1.07453,1.07312,1.07336,0,2017-03-20 20:00:00
1490054400,1.07338,1.07696,1.0719,1.0758,0,2017-03-21 00:00:00
1490068800,1.07578,1.07745,1.07524,1.07729,0,2017-03-21 04:00:00
1490083200,1.07731,1.0804,1.07689,1.08003,0,2017-03-21 08:00:00
1490097600,1.08004,1.08191,1.07932,1.08127,0,2017-03-21 12:00:00
1490112000,1.0813,1.08182,1.07934,1.07999,0,2017-03-21 16:00:00
1490126400,1.07997,1.08175,1.0799,1.08121,0,2017-03-21 20:00:00
1490140800,1.08121,1.08147,1.07885,1.07939,0,2017-03-22 00:00:00
1490155200,1.07939,1.08185,1.07915,1.08138,0,2017-03-22 04:00:00
1490169600,1.08137,1.08144,1.07758,1.07952,0,2017-03-22 08:00:00
1490184000,1.07953,1.08247,1.07849,1.08168,0,2017-03-22 12:00:00
1490198400,1.0817,1.08211,1.07945,1.07964,0,2017-03-22 16:00:00
1490212800,1.07965,1.08027,1.07899,1.07935,0,2017-03-22 20:00:00
1490227200,1.0794,1.07949,1.07814,1.07847,0,2017-03-23 00:00:00
1490241600,1.07846,1.08048,1.07831,1.07996,0,2017-03-23 04:00:00
1490256000,1.07996,1.08036,1.0768,1.07882,0,2017-03-23 08:00:00
1490270400,1.07881,1.07948,1.07745,1.07887,0,2017-03-23 12:00:00
1490284800,1.07889,1.07937,1.07738,1.0784,0,2017-03-23 16:00:00
1490299200,1.0784,1.07896,1.07783,1.0782,0,2017-03-23 20:00:00
1490313600,1.0782,1.07857,1.07601,1.07617,0,2017-03-24 00:00:00
1490328000,1.07617,1.07697,1.07609,1.07634,0,2017-03-24 04:00:00
1490342400,1.07636,1.08124,1.0762,1.08037,0,2017-03-24 08:00:00
1490356800,1.08037,1.0809,1.07906,1.07984,0,2017-03-24 12:00:00
1490371200,1.07986,1.08153,1.07956,1.08058,0,2017-03-24 16:00:00
1490385600,1.08059,1.08178,1.07907,1.0798,0,2017-03-24 20:00:00
1490558400,1.0836,1.08489,1.08269,1.08477,0,2017-03-26 20:00:00
1490572800,1.08479,1.08492,1.08376,1.08446,0,2017-03-27 00:00:00
1490587200,1.08446,1.08693,1.08423,1.08631,0,2017-03-27 04:00:00
1490601600,1.08634,1.08732,1.08534,1.08652,0,2017-03-27 08:00:00
1490616000,1.08653,1.09061,1.08636,1.08849,0,2017-03-27 12:00:00
1490630400,1.08852,1.08909,1.08621,1.0867,0,2017-03-27 16:00:00
1490644800,1.08673,1.08678,1.08609,1.08645,0,2017-03-27 20:00:00
1490659200,1.08645,1.08684,1.08551,1.08596,0,2017-03-28 00:00:00
1490673600,1.08599,1.08725,1.08486,1.08534,0,2017-03-28 04:00:00
1490688000,1.08536,1.08687,1.08454,1.08539,0,2017-03-28 08:00:00
1490702400,1.08537,1.0872,1.08489,1.08681,0,2017-03-28 12:00:00
1490716800,1.08681,1.08692,1.0799,1.08081,0,2017-03-28 16:00:00
1490731200,1.0808,1.08165,1.08035,1.08143,0,2017-03-28 20:00:00
1490745600,1.08142,1.08263,1.08081,1.08197,0,2017-03-29 00:00:00
1490760000,1.08197,1.08197,1.07861,1.0794,0,2017-03-29 04:00:00
1490774400,1.07943,1.08005,1.07773,1.07869,0,2017-03-29 08:00:00
1490788800,1.07869,1.0793,1.07397,1.07494,0,2017-03-29 12:00:00
1490803200,1.07493,1.07657,1.07466,1.07578,0,2017-03-29 16:00:00
1490817600,1.07576,1.07732,1.07569,1.07649,0,2017-03-29 20:00:00
1490832000,1.07647,1.07647,1.07415,1.07456,0,2017-03-30 00:00:00
1490846400,1.07458,1.07678,1.07449,1.07618,0,2017-03-30 04:00:00
1490860800,1.07616,1.07632,1.07304,1.07396,0,2017-03-30 08:00:00
1490875200,1.07396,1.07532,1.07208,1.0734,0,2017-03-30 12:00:00
1490889600,1.07342,1.07381,1.06842,1.06901,0,2017-03-30 16:00:00
1490904000,1.06902,1.06909,1.06717,1.0684,0,2017-03-30 20:00:00
1490918400,1.06841,1.06886,1.0677,1.06793,0,2017-03-31 00:00:00
1490932800,1.06794,1.06858,1.06729,1.0683,0,2017-03-31 04:00:00
1490947200,1.06832,1.06972,1.067,1.0681,0,2017-03-31 08:00:00
1490961600,1.06809,1.06967,1.06716,1.06942,0,2017-03-31 12:00:00
1490976000,1.06942,1.07016,1.0676,1.06829,0,2017-03-31 16:00:00
1490990400,1.06828,1.06852,1.065,1.06522,0,2017-03-31 20:00:00
1491163200,1.06611,1.06716,1.06584,1.06711,0,2017-04-02 20:00:00
1491177600,1.06711,1.0681,1.0667,1.06787,0,2017-04-03 00:00:00
1491192000,1.06786,1.06808,1.06637,1.06702,0,2017-04-03 04:00:00
1491206400,1.06702,1.06749,1.06528,1.06549,0,2017-04-03 08:00:00
1491220800,1.06545,1.06796,1.06498,1.06537,0,2017-04-03 12:00:00
1491235200,1.06537,1.06727,1.06421,1.06662,0,2017-04-03 16:00:00
1491249600,1.06664,1.0676,1.06624,1.06666,0,2017-04-03 20:00:00
1491264000,1.06665,1.06734,1.06638,1.06639,0,2017-04-04 00:00:00
1491278400,1.0664,1.06744,1.06523,1.06579,0,2017-04-04 04:00:00
1491292800,1.06577,1.06628,1.06356,1.06418,0,2017-04-04 08:00:00
1491307200,1.06419,1.06644,1.06417,1.06637,0,2017-04-04 12:00:00
1491321600,1.06637,1.06689,1.06481,1.06678,0,2017-04-04 16:00:00
1491336000,1.0668,1.06851,1.06657,1.0679,0,2017-04-04 20:00:00
1491350400,1.0679,1.0683,1.06761,1.06774,0,2017-04-05 00:00:00
1491364800,1.06774,1.06785,1.06678,1.06785,0,2017-04-05 04:00:00
1491379200,1.06786,1.06889,1.0662,1.06699,0,2017-04-05 08:00:00
1491393600,1.06698,1.06857,1.06542,1.06616,0,2017-04-05 12:00:00
1491408000,1.06617,1.06695,1.06349,1.06669,0,2017-04-05 16:00:00
1491422400,1.06671,1.06815,1.06613,1.06687,0,2017-04-05 20:00:00
1491436800,1.06687,1.0684,1.06667,1.06743,0,2017-04-06 00:00:00
1491451200,1.06743,1.06804,1.06699,1.06766,0,2017-04-06 04:00:00
1491465600,1.06766,1.06788,1.06289,1.06637,0,2017-04-06 08:00:00
1491480000,1.06635,1.06754,1.0653,1.06582,0,2017-04-06 12:00:00
1491494400,1.0658,1.06588,1.0638,1.0647,0,2017-04-06 16:00:00
1491508800,1.06467,1.06483,1.06399,1.06428,0,2017-04-06 20:00:00
1491523200,1.06426,1.06602,1.06379,1.0644,0,2017-04-07 00:00:00
1491537600,1.06441,1.06539,1.06418,1.06469,0,2017-04-07 04:00:00
1491552000,1.0646,1.0649,1.06292,1.063,0,2017-04-07 08:00:00
1491566400,1.06298,1.06662,1.06104,1.06172,0,2017-04-07 12:00:00
1491580800,1.06173,1.06211,1.05805,1.05888,0,2017-04-07 16:00:00
1491595200,1.0589,1.06024,1.05821,1.05821,0,2017-04-07 20:00:00
1491768000,1.05855,1.05884,1.05779,1.05784,0,2017-04-09 20:00:00
1491782400,1.05783,1.05854,1.05701,1.05758,0,2017-04-10 00:00:00
1491796800,1.05758,1.0594,1.05753,1.05826,0,2017-04-10 04:00:00
1491811200,1.05828,1.05892,1.0575,1.05783,0,2017-04-10 08:00:00
1491825600,1.05785,1.06036,1.05697,1.05986,0,2017-04-10 12:00:00
1491840000,1.05987,1.06066,1.05941,1.05941,0,2017-04-10 16:00:00
1491854400,1.05942,1.05984,1.05868,1.05978,0,2017-04-10 20:00:00
1491868800,1.05979,1.06017,1.05808,1.05851,0,2017-04-11 00:00:00
1491883200,1.0585,1.05907,1.05814,1.05898,0,2017-04-11 04:00:00
1491897600,1.05897,1.06199,1.05785,1.06117,0,2017-04-11 08:00:00
1491912000,1.0612,1.06298,1.06077,1.06282,0,2017-04-11 12:00:00
1491926400,1.06284,1.063,1.06,1.06075,0,2017-04-11 16:00:00
1491940800,1.06077,1.06078,1.06018,1.06044,0,2017-04-11 20:00:00
1491955200,1.06044,1.0615,1.05968,1.06004,0,2017-04-12 00:00:00
1491969600,1.06006,1.06188,1.05949,1.0615,0,2017-04-12 04:00:00
1491984000,1.06156,1.06239,1.05996,1.06018,0,2017-04-12 08:00:00
1491998400,1.06019,1.06209,1.05971,1.06185,0,2017-04-12 12:00:00
1492012800,1.06188,1.06218,1.05887,1.05955,0,2017-04-12 16:00:00
1492027200,1.05956,1.06748,1.05956,1.06664,0,2017-04-12 20:00:00
1492041600,1.06665,1.0677,1.06598,1.06729,0,2017-04-13 00:00:00
1492056000,1.0673,1.06776,1.06515,1.06519,0,2017-04-13 04:00:00
1492070400,1.06521,1.06582,1.06339,1.0638,0,2017-04-13 08:00:00
1492084800,1.06379,1.0641,1.0609,1.0624,0,2017-04-13 12:00:00
1492099200,1.06243,1.06341,1.06142,1.06142,0,2017-04-13 16:00:00
1492113600,1.06141,1.06211,1.06112,1.06164,0,2017-04-13 20:00:00
1492128000,1.06164,1.06242,1.06094,1.06142,0,2017-04-14 00:00:00
1492142400,1.06142,1.06183,1.06055,1.06169,0,2017-04-14 04:00:00
1492156800,1.06163,1.06268,1.0613,1.0622,0,2017-04-14 08:00:00
1492171200,1.06221,1.06294,1.06084,1.06254,0,2017-04-14 12:00:00
1492185600,1.06252,1.06285,1.0613,1.06133,0,2017-04-14 16:00:00
1492200000,1.06132,1.06134,1.06083,1.06104,0,2017-04-14 20:00:00
1492372800,1.06149,1.06155,1.06024,1.06046,0,2017-04-16 20:00:00
1492387200,1.06046,1.0626,1.06041,1.06226,0,2017-04-17 00:00:00
1492401600,1.06225,1.06271,1.0615,1.06247,0,2017-04-17 04:00:00
1492416000,1.06247,1.06512,1.06186,1.06302,0,2017-04-17 08:00:00
1492430400,1.06304,1.06662,1.06304,1.0663,0,2017-04-17 12:00:00
1492444800,1.06631,1.06705,1.06416,1.0642,0,2017-04-17 16:00:00
1492459200,1.06421,1.06515,1.06353,1.06412,0,2017-04-17 20:00:00
1492473600,1.06411,1.06527,1.06372,1.0651,0,2017-04-18 00:00:00
1492488000,1.06509,1.06525,1.06418,1.06496,0,2017-04-18 04:00:00
1492502400,1.06497,1.06661,1.06411,1.06641,0,2017-04-18 08:00:00
1492516800,1.06641,1.06998,1.06641,1.06985,0,2017-04-18 12:00:00
1492531200,1.06985,1.07325,1.06959,1.07307,0,2017-04-18 16:00:00
1492545600,1.07306,1.07358,1.07259,1.07293,0,2017-04-18 20:00:00
1492560000,1.07294,1.07352,1.07177,1.07204,0,2017-04-19 00:00:00
1492574400,1.07204,1.07263,1.07126,1.07237,0,2017-04-19 04:00:00
1492588800,1.07235,1.07367,1.0708,1.07259,0,2017-04-19 08:00:00
1492603200,1.07258,1.07297,1.07042,1.0713,0,2017-04-19 12:00:00
1492617600,1.07129,1.07227,1.07,1.07202,0,2017-04-19 16:00:00
1492632000,1.07203,1.07212,1.07074,1.07153,0,2017-04-19 20:00:00
1492646400,1.07159,1.07187,1.07093,1.07152,0,2017-04-20 00:00:00
1492660800,1.07153,1.07474,1.07132,1.07412,0,2017-04-20 04:00:00
1492675200,1.0741,1.07773,1.0737,1.07553,0,2017-04-20 08:00:00
1492689600,1.07553,1.07702,1.07407,1.07656,0,2017-04-20 12:00:00
1492704000,1.07657,1.07767,1.07151,1.07208,0,2017-04-20 16:00:00
1492718400,1.07207,1.07271,1.07068,1.07146,0,2017-04-20 20:00:00
1492732800,1.07144,1.07207,1.07116,1.0714,0,2017-04-21 00:00:00
1492747200,1.07141,1.07281,1.071,1.07269,0,2017-04-21 04:00:00
1492761600,1.07274,1.07379,1.06879,1.07007,0,2017-04-21 08:00:00
1492776000,1.07007,1.07107,1.06859,1.06874,0,2017-04-21 12:00:00
1492790400,1.06875,1.07098,1.06821,1.06946,0,2017-04-21 16:00:00
1492804800,1.06947,1.07307,1.06918,1.07238,0,2017-04-21 20:00:00
1492977600,1.09169,1.09181,1.08696,1.08838,0,2017-04-23 20:00:00
1492992000,1.08837,1.08899,1.08206,1.0838,0,2017-04-24 00:00:00
1493006400,1.08381,1.08775,1.08319,1.08432,0,2017-04-24 04:00:00
1493020800,1.08428,1.08773,1.08329,1.08579,0,2017-04-24 08:00:00
1493035200,1.0858,1.08735,1.0841,1.08601,0,2017-04-24 12:00:00
1493049600,1.08602,1.08681,1.08351,1.08582,0,2017-04-24 16:00:00
1493064000,1.0858,1.087,1.0855,1.08673,0,2017-04-24 20:00:00
1493078400,1.08673,1.08703,1.08512,1.08615,0,2017-04-25 00:00:00
1493092800,1.08617,1.0888,1.08569,1.08825,0,2017-04-25 04:00:00
1493107200,1.08824,1.08987,1.08706,1.08787,0,2017-04-25 08:00:00
1493121600,1.08788,1.09326,1.08764,1.0928,0,2017-04-25 12:00:00
1493136000,1.09277,1.095,1.09196,1.09376,0,2017-04-25 16:00:00
1493150400,1.09379,1.0938,1.09232,1.09295,0,2017-04-25 20:00:00
1493164800,1.09294,1.09449,1.09233,1.09387,0,2017-04-26 00:00:00
1493179200,1.09388,1.09507,1.0922,1.09249,0,2017-04-26 04:00:00
1493193600,1.09246,1.09325,1.08819,1.08923,0,2017-04-26 08:00:00
1493208000,1.08922,1.0898,1.08735,1.08763,0,2017-04-26 12:00:00
1493222400,1.08762,1.09124,1.08558,1.08975,0,2017-04-26 16:00:00
1493236800,1.08975,1.09104,1.08925,1.09083,0,2017-04-26 20:00:00
1493251200,1.09083,1.09209,1.09039,1.09103,0,2017-04-27 00:00:00
1493265600,1.09103,1.09158,1.0896,1.09067,0,2017-04-27 04:00:00
1493280000,1.09068,1.09202,1.08917,1.0898,0,2017-04-27 08:00:00
1493294400,1.08982,1.09328,1.08517,1.08647,0,2017-04-27 12:00:00
1493308800,1.08648,1.08875,1.0858,1.08811,0,2017-04-27 16:00:00
1493323200,1.08814,1.08843,1.08694,1.08699,0,2017-04-27 20:00:00
1493337600,1.08697,1.0872,1.08572,1.08681,0,2017-04-28 00:00:00
1493352000,1.08682,1.08849,1.08569,1.08799,0,2017-04-28 04:00:00
1493366400,1.088,1.09472,1.08799,1.09382,0,2017-04-28 08:00:00
1493380800,1.09383,1.09396,1.08834,1.08913,0,2017-04-28 12:00:00
1493395200,1.08918,1.09059,1.08851,1.08947,0,2017-04-28 16:00:00
1493409600,1.08946,1.08999,1.08892,1.08926,0,2017-04-28 20:00:00
1493582400,1.09097,1.09102,1.08904,1.0902,0,2017-04-30 20:00:00
1493596800,1.09022,1.09111,1.0889,1.08936,0,2017-05-01 00:00:00
1493611200,1.08935,1.08944,1.08844,1.08868,0,2017-05-01 04:00:00
1493625600,1.08868,1.09012,1.08839,1.08984,0,2017-05-01 08:00:00
1493640000,1.08985,1.09238,1.08962,1.09143,0,2017-05-01 12:00:00
1493654400,1.09148,1.09185,1.08983,1.09049,0,2017-05-01 16:00:00
1493668800,1.09048,1.09112,1.08963,1.09111,0,2017-05-01 20:00:00
1493683200,1.09112,1.09128,1.09042,1.09111,0,2017-05-02 00:00:00
1493697600,1.09111,1.0925,1.09082,1.09174,0,2017-05-02 04:00:00
1493712000,1.09175,1.09213,1.09047,1.09166,0,2017-05-02 08:00:00
1493726400,1.09166,1.09182,1.08877,1.09012,0,2017-05-02 12:00:00
1493740800,1.09015,1.093,1.08982,1.09268,0,2017-05-02 16:00:00
1493755200,1.09265,1.0933,1.09218,1.09305,0,2017-05-02 20:00:00
1493769600,1.09304,1.09369,1.09272,1.0934,0,2017-05-03 00:00:00
1493784000,1.0934,1.09351,1.0916,1.09217,0,2017-05-03 04:00:00
1493798400,1.09215,1.09224,1.09063,1.09098,0,2017-05-03 08:00:00
1493812800,1.09099,1.09225,1.09037,1.09077,0,2017-05-03 12:00:00
1493827200,1.0908,1.09267,1.0893,1.09038,0,2017-05-03 16:00:00
1493841600,1.09036,1.09065,1.08813,1.08889,0,2017-05-03 20:00:00
1493856000,1.08887,1.08948,1.08846,1.08918,0,2017-05-04 00:00:00
1493870400,1.08917,1.08976,1.08748,1.08829,0,2017-05-04 04:00:00
1493884800,1.08831,1.0941,1.08813,1.09306,0,2017-05-04 08:00:00
1493899200,1.09308,1.09523,1.09184,1.0945,0,2017-05-04 12:00:00
1493913600,1.09453,1.0979,1.09354,1.09776,0,2017-05-04 16:00:00
1493928000,1.09774,1.0987,1.09769,1.09804,0,2017-05-04 20:00:00
1493942400,1.09805,1.0982,1.09728,1.0978,0,2017-05-05 00:00:00
1493956800,1.0978,1.09897,1.09696,1.09704,0,2017-05-05 04:00:00
1493971200,1.09703,1.09832,1.09533,1.09592,0,2017-05-05 08:00:00
1493985600,1.09592,1.09926,1.09445,1.09841,0,2017-05-05 12:00:00
1494000000,1.09845,1.0999,1.0981,1.09886,0,2017-05-05 16:00:00
1494014400,1.09889,1.09997,1.09853,1.09985,0,2017-05-05 20:00:00
1494187200,1.10173,1.10211,1.09851,1.09929,0,2017-05-07 20:00:00
1494201600,1.09929,1.09958,1.09568,1.09751,0,2017-05-08 00:00:00
1494216000,1.0975,1.09965,1.09612,1.09837,0,2017-05-08 04:00:00
1494230400,1.09839,1.09855,1.0935,1.09503,0,2017-05-08 08:00:00
1494244800,1.09501,1.09563,1.09289,1.0931,0,2017-05-08 12:00:00
1494259200,1.09315,1.09368,1.09162,1.09329,0,2017-05-08 16:00:00
1494273600,1.09333,1.09333,1.09184,1.09253,0,2017-05-08 20:00:00
1494288000,1.09258,1.09324,1.09198,1.0927,0,2017-05-09 00:00:00
1494302400,1.09269,1.09334,1.09023,1.09063,0,2017-05-09 04:00:00
1494316800,1.09063,1.0926,1.08858,1.0896,0,2017-05-09 08:00:00
1494331200,1.0896,1.09067,1.08739,1.08898,0,2017-05-09 12:00:00
1494345600,1.08903,1.08996,1.08634,1.08682,0,2017-05-09 16:00:00
1494360000,1.08682,1.08878,1.08659,1.08819,0,2017-05-09 20:00:00
1494374400,1.08824,1.08979,1.08816,1.08928,0,2017-05-10 00:00:00
1494388800,1.08927,1.08973,1.08834,1.08877,0,2017-05-10 04:00:00
1494403200,1.08876,1.08978,1.08586,1.08685,0,2017-05-10 08:00:00
1494417600,1.08687,1.08827,1.08603,1.08696,0,2017-05-10 12:00:00
1494432000,1.08694,1.08748,1.08532,1.0861,0,2017-05-10 16:00:00
1494446400,1.0861,1.08692,1.08604,1.08663,0,2017-05-10 20:00:00
1494460800,1.08663,1.08797,1.08635,1.08775,0,2017-05-11 00:00:00
1494475200,1.08774,1.08863,1.08642,1.08786,0,2017-05-11 04:00:00
1494489600,1.08787,1.08929,1.0867,1.08701,0,2017-05-11 08:00:00
1494504000,1.08705,1.08756,1.08391,1.0867,0,2017-05-11 12:00:00
1494518400,1.08667,1.08755,1.08637,1.08664,0,2017-05-11 16:00:00
1494532800,1.08662,1.08673,1.08586,1.08635,0,2017-05-11 20:00:00
1494547200,1.08635,1.08736,1.086,1.08716,0,2017-05-12 00:00:00
1494561600,1.08716,1.08725,1.08598,1.08598,0,2017-05-12 04:00:00
1494576000,1.08599,1.08779,1.08556,1.08758,0,2017-05-12 08:00:00
1494590400,1.0876,1.09277,1.08698,1.09211,0,2017-05-12 12:00:00
1494604800,1.09214,1.09341,1.09146,1.09241,0,2017-05-12 16:00:00
1494619200,1.0924,1.09329,1.09225,1.09292,0,2017-05-12 20:00:00
1494792000,1.09286,1.09348,1.09231,1.09257,0,2017-05-14 20:00:00
1494806400,1.09256,1.09336,1.09225,1.09271,0,2017-05-15 00:00:00
1494820800,1.09272,1.09426,1.09259,1.09356,0,2017-05-15 04:00:00
1494835200,1.09354,1.097,1.09336,1.09696,0,2017-05-15 08:00:00
1494849600,1.09695,1.09895,1.09639,1.09779,0,2017-05-15 12:00:00
1494864000,1.09782,1.09861,1.09655,1.0978,0,2017-05-15 16:00:00
1494878400,1.09782,1.0983,1.09723,1.09809,0,2017-05-15 20:00:00
1494892800,1.0981,1.09898,1.09784,1.09881,0,2017-05-16 00:00:00
1494907200,1.09881,1.10178,1.09864,1.10138,0,2017-05-16 04:00:00
1494921600,1.10137,1.10587,1.10118,1.10531,0,2017-05-16 08:00:00
1494936000,1.10532,1.10888,1.10505,1.10822,0,2017-05-16 12:00:00
1494950400,1.10821,1.10972,1.10639,1.10951,0,2017-05-16 16:00:00
1494964800,1.10951,1.10969,1.10791,1.10946,0,2017-05-16 20:00:00
1494979200,1.10946,1.11136,1.10865,1.11096,0,2017-05-17 00:00:00
1494993600,1.11095,1.11222,1.10965,1.11082,0,2017-05-17 04:00:00
1495008000,1.11084,1.11176,1.10815,1.11087,0,2017-05-17 08:00:00
1495022400,1.11087,1.11468,1.11011,1.11465,0,2017-05-17 12:00:00
1495036800,1.11467,1.1158,1.113,1.11474,0,2017-05-17 16:00:00
1495051200,1.11473,1.117,1.11439,1.11612,0,2017-05-17 20:00:00
1495065600,1.11613,1.11717,1.11506,1.11557,0,2017-05-18 00:00:00
1495080000,1.11558,1.11618,1.11214,1.11302,0,2017-05-18 04:00:00
1495094400,1.11303,1.11454,1.11076,1.11361,0,2017-05-18 08:00:00
1495108800,1.11359,1.11397,1.11041,1.11266,0,2017-05-18 12:00:00
1495123200,1.11265,1.11378,1.10757,1.11028,0,2017-05-18 16:00:00
1495137600,1.11028,1.11138,1.10927,1.11076,0,2017-05-18 20:00:00
1495152000,1.11077,1.11147,1.10994,1.11023,0,2017-05-19 00:00:00
1495166400,1.11023,1.11268,1.11021,1.11224,0,2017-05-19 04:00:00
1495180800,1.11227,1.11677,1.11223,1.11634,0,2017-05-19 08:00:00
1495195200,1.11634,1.11968,1.11607,1.11952,0,2017-05-19 12:00:00
1495209600,1.11956,1.12119,1.11851,1.12042,0,2017-05-19 16:00:00
1495224000,1.12041,1.12113,1.11982,1.12063,0,2017-05-19 20:00:00
1495396800,1.11932,1.12078,1.11932,1.12064,0,2017-05-21 20:00:00
1495411200,1.12064,1.12105,1.11826,1.11917,0,2017-05-22 00:00:00
1495425600,1.11916,1.12009,1.11802,1.11843,0,2017-05-22 04:00:00
1495440000,1.11844,1.12362,1.11614,1.12273,0,2017-05-22 08:00:00
1495454400,1.12271,1.12633,1.12263,1.12466,0,2017-05-22 12:00:00
1495468800,1.12468,1.12515,1.12284,1.12357,0,2017-05-22 16:00:00
1495483200,1.12358,1.1242,1.12291,1.12386,0,2017-05-22 20:00:00
1495497600,1.12386,1.12541,1.12362,1.12508,0,2017-05-23 00:00:00
1495512000,1.12511,1.1253,1.12219,1.1225,0,2017-05-23 04:00:00
1495526400,1.12247,1.12682,1.12227,1.12386,0,2017-05-23 08:00:00
1495540800,1.12386,1.12435,1.12111,1.12285,0,2017-05-23 12:00:00
1495555200,1.12287,1.12491,1.11763,1.11848,0,2017-05-23 16:00:00
1495569600,1.11853,1.11891,1.11751,1.11872,0,2017-05-23 20:00:00
1495584000,1.11872,1.11916,1.11772,1.11852,0,2017-05-24 00:00:00
1495598400,1.11852,1.11856,1.11712,1.11773,0,2017-05-24 04:00:00
1495612800,1.11775,1.11965,1.11699,1.11907,0,2017-05-24 08:00:00
1495627200,1.11906,1.12045,1.11785,1.11837,0,2017-05-24 12:00:00
1495641600,1.11839,1.12159,1.11684,1.11973,0,2017-05-24 16:00:00
1495656000,1.11972,1.12231,1.11935,1.1217,0,2017-05-24 20:00:00
1495670400,1.12172,1.12399,1.12172,1.1239,0,2017-05-25 00:00:00
1495684800,1.12389,1.12446,1.12266,1.12295,0,2017-05-25 04:00:00
1495699200,1.12296,1.12502,1.12087,1.1217,0,2017-05-25 08:00:00
1495713600,1.12169,1.12225,1.11936,1.1213,0,2017-05-25 12:00:00
1495728000,1.1213,1.12261,1.11982,1.12046,0,2017-05-25 16:00:00
1495742400,1.12047,1.12162,1.12027,1.12124,0,2017-05-25 20:00:00
1495756800,1.12125,1.12127,1.11847,1.1199,0,2017-05-26 00:00:00
1495771200,1.11991,1.12128,1.1191,1.12109,0,2017-05-26 04:00:00
1495785600,1.1211,1.12344,1.12077,1.12216,0,2017-05-26 08:00:00
1495800000,1.12215,1.1223,1.11605,1.11846,0,2017-05-26 12:00:00
1495814400,1.11849,1.11864,1.11618,1.11761,0,2017-05-26 16:00:00
1495828800,1.11763,1.11838,1.11678,1.11809,0,2017-05-26 20:00:00
1496001600,1.11716,1.11826,1.11693,1.11825,0,2017-05-28 20:00:00
1496016000,1.1183,1.11846,1.11617,1.11636,0,2017-05-29 00:00:00
1496030400,1.11638,1.11769,1.11624,1.11712,0,2017-05-29 04:00:00
1496044800,1.11713,1.11897,1.11662,1.11839,0,2017-05-29 08:00:00
1496059200,1.11839,1.11898,1.11671,1.11759,0,2017-05-29 12:00:00
1496073600,1.1176,1.11828,1.11682,1.11704,0,2017-05-29 16:00:00
1496088000,1.11703,1.11732,1.11348,1.11382,0,2017-05-29 20:00:00
1496102400,1.11382,1.11395,1.11219,1.11292,0,2017-05-30 00:00:00
1496116800,1.11292,1.11319,1.11096,1.11307,0,2017-05-30 04:00:00
1496131200,1.11311,1.11683,1.11269,1.11537,0,2017-05-30 08:00:00
1496145600,1.11538,1.1205,1.11462,1.11771,0,2017-05-30 12:00:00
1496160000,1.11772,1.11899,1.11718,1.11883,0,2017-05-30 16:00:00
1496174400,1.11882,1.11965,1.11729,1.11732,0,2017-05-30 20:00:00
1496188800,1.11734,1.11817,1.11693,1.11755,0,2017-05-31 00:00:00
1496203200,1.11755,1.11896,1.11645,1.11878,0,2017-05-31 04:00:00
1496217600,1.11878,1.12175,1.11698,1.12126,0,2017-05-31 08:00:00
1496232000,1.12126,1.12463,1.12109,1.12458,0,2017-05-31 12:00:00
1496246400,1.12455,1.1252,1.12279,1.12455,0,2017-05-31 16:00:00
1496260800,1.12455,1.12487,1.12301,1.12384,0,2017-05-31 20:00:00
1496275200,1.12385,1.12565,1.12334,1.12421,0,2017-06-01 00:00:00
1496289600,1.12421,1.12491,1.12275,1.12436,0,2017-06-01 04:00:00
1496304000,1.12434,1.12456,1.12221,1.12276,0,2017-06-01 08:00:00
1496318400,1.12274,1.12342,1.1202,1.12253,0,2017-06-01 12:00:00
1496332800,1.12252,1.12256,1.12062,1.12145,0,2017-06-01 16:00:00
1496347200,1.12143,1.12191,1.12101,1.12185,0,2017-06-01 20:00:00
1496361600,1.12189,1.12219,1.12119,1.12168,0,2017-06-02 00:00:00
1496376000,1.12166,1.12215,1.12151,1.12184,0,2017-06-02 04:00:00
1496390400,1.12183,1.12281,1.12144,1.12182,0,2017-06-02 08:00:00
1496404800,1.12181,1.12825,1.12049,1.12751,0,2017-06-02 12:00:00
1496419200,1.12755,1.12815,1.12655,1.12767,0,2017-06-02 16:00:00
1496433600,1.12768,1.1285,1.1275,1.12809,0,2017-06-02 20:00:00
1496606400,1.12704,1.12837,1.12704,1.12788,0,2017-06-04 20:00:00
1496620800,1.12789,1.12808,1.12647,1.12735,0,2017-06-05 00:00:00
1496635200,1.12736,1.12746,1.12612,1.12634,0,2017-06-05 04:00:00
1496649600,1.12634,1.12786,1.12352,1.1243,0,2017-06-05 08:00:00
1496664000,1.1243,1.12556,1.12341,1.12502,0,2017-06-05 12:00:00
1496678400,1.12503,1.12644,1.12472,1.1257,0,2017-06-05 16:00:00
1496692800,1.12571,1.12596,1.12516,1.12579,0,2017-06-05 20:00:00
1496707200,1.1258,1.12749,1.12549,1.1272,0,2017-06-06 00:00:00
1496721600,1.12722,1.12776,1.12651,1.12693,0,2017-06-06 04:00:00
1496736000,1.12692,1.127,1.12423,1.12498,0,2017-06-06 08:00:00
1496750400,1.125,1.12764,1.12404,1.12657,0,2017-06-06 12:00:00
1496764800,1.12659,1.12837,1.12623,1.1269,0,2017-06-06 16:00:00
1496779200,1.1269,1.12816,1.12689,1.12778,0,2017-06-06 20:00:00
1496793600,1.1278,1.12783,1.12619,1.1265,0,2017-06-07 00:00:00
1496808000,1.1265,1.12768,1.12599,1.12723,0,2017-06-07 04:00:00
1496822400,1.12724,1.12769,1.12049,1.12119,0,2017-06-07 08:00:00
1496836800,1.12117,1.12821,1.12039,1.12628,0,2017-06-07 12:00:00
1496851200,1.12628,1.12721,1.12228,1.12535,0,2017-06-07 16:00:00
1496865600,1.12533,1.12687,1.12516,1.12578,0,2017-06-07 20:00:00
1496880000,1.12579,1.12611,1.1247,1.12611,0,2017-06-08 00:00:00
1496894400,1.1261,1.12689,1.125,1.12522,0,2017-06-08 04:00:00
1496908800,1.1252,1.12647,1.12302,1.12346,0,2017-06-08 08:00:00
1496923200,1.12346,1.12625,1.11946,1.12211,0,2017-06-08 12:00:00
1496937600,1.12212,1.12284,1.12016,1.12224,0,2017-06-08 16:00:00
1496952000,1.12223,1.1237,1.11992,1.12032,0,2017-06-08 20:00:00
1496966400,1.12032,1.12033,1.11792,1.11957,0,2017-06-09 00:00:00
1496980800,1.11956,1.12156,1.11866,1.11889,0,2017-06-09 04:00:00
1496995200,1.1189,1.11989,1.11698,1.11806,0,2017-06-09 08:00:00
1497009600,1.11805,1.11889,1.11663,1.11831,0,2017-06-09 12:00:00
1497024000,1.11831,1.12039,1.11823,1.11962,0,2017-06-09 16:00:00
1497038400,1.1196,1.11996,1.11918,1.11941,0,2017-06-09 20:00:00
1497211200,1.12058,1.12094,1.12026,1.12035,0,2017-06-11 20:00:00
1497225600,1.12038,1.12119,1.11971,1.12101,0,2017-06-12 00:00:00
1497240000,1.12102,1.12165,1.12019,1.12109,0,2017-06-12 04:00:00
1497254400,1.12108,1.12273,1.12041,1.12164,0,2017-06-12 08:00:00
1497268800,1.12163,1.1232,1.11918,1.12027,0,2017-06-12 12:00:00
1497283200,1.12029,1.12083,1.11958,1.12078,0,2017-06-12 16:00:00
1497297600,1.12079,1.12099,1.12006,1.12016,0,2017-06-12 20:00:00
1497312000,1.12015,1.12019,1.11898,1.11962,0,2017-06-13 00:00:00
1497326400,1.11961,1.11984,1.11852,1.1194,0,2017-06-13 04:00:00
1497340800,1.11942,1.12249,1.11898,1.12066,0,2017-06-13 08:00:00
1497355200,1.12066,1.12201,1.1201,1.12062,0,2017-06-13 12:00:00
1497369600,1.12065,1.12126,1.1192,1.12112,0,2017-06-13 16:00:00
1497384000,1.12112,1.12144,1.12054,1.12082,0,2017-06-13 20:00:00
1497398400,1.12084,1.12196,1.1207,1.12123,0,2017-06-14 00:00:00
1497412800,1.12121,1.12253,1.12121,1.12214,0,2017-06-14 04:00:00
1497427200,1.12213,1.12213,1.12011,1.12045,0,2017-06-14 08:00:00
1497441600,1.12046,1.12957,1.11977,1.12792,0,2017-06-14 12:00:00
1497456000,1.12795,1.12887,1.12073,1.12148,0,2017-06-14 16:00:00
1497470400,1.12151,1.1223,1.11931,1.12096,0,2017-06-14 20:00:00
1497484800,1.12096,1.12285,1.12092,1.12164,0,2017-06-15 00:00:00
1497499200,1.12164,1.12242,1.12058,1.12123,0,2017-06-15 04:00:00
1497513600,1.12121,1.12124,1.1156,1.11662,0,2017-06-15 08:00:00
1497528000,1.11661,1.11719,1.11319,1.11486,0,2017-06-15 12:00:00
1497542400,1.1149,1.11578,1.11392,1.11538,0,2017-06-15 16:00:00
1497556800,1.1154,1.11577,1.11424,1.1146,0,2017-06-15 20:00:00
1497571200,1.11461,1.11555,1.11445,1.11509,0,2017-06-16 00:00:00
1497585600,1.11507,1.1159,1.11384,1.11537,0,2017-06-16 04:00:00
1497600000,1.11536,1.11838,1.11516,1.11778,0,2017-06-16 08:00:00
1497614400,1.11778,1.11999,1.11573,1.11987,0,2017-06-16 12:00:00
1497628800,1.11984,1.11998,1.1186,1.11935,0,2017-06-16 16:00:00
1497643200,1.11937,1.12015,1.1192,1.11948,0,2017-06-16 20:00:00
1497816000,1.12072,1.12081,1.11948,1.12037,0,2017-06-18 20:00:00
1497830400,1.12038,1.12066,1.11894,1.11971,0,2017-06-19 00:00:00
1497844800,1.1197,1.12075,1.11905,1.12046,0,2017-06-19 04:00:00
1497859200,1.12045,1.12065,1.11822,1.12062,0,2017-06-19 08:00:00
1497873600,1.12063,1.12127,1.11655,1.1166,0,2017-06-19 12:00:00
1497888000,1.11666,1.1171,1.1143,1.11483,0,2017-06-19 16:00:00
1497902400,1.11484,1.1153,1.11451,1.11514,0,2017-06-19 20:00:00
1497916800,1.11514,1.11579,1.11409,1.11561,0,2017-06-20 00:00:00
1497931200,1.11561,1.11649,1.11515,1.11526,0,2017-06-20 04:00:00
1497945600,1.11524,1.11649,1.11427,1.11526,0,2017-06-20 08:00:00
1497960000,1.11527,1.11628,1.11257,1.11264,0,2017-06-20 12:00:00
1497974400,1.11263,1.11311,1.11187,1.11285,0,2017-06-20 16:00:00
1497988800,1.11284,1.11353,1.11253,1.11347,0,2017-06-20 20:00:00
1498003200,1.1135,1.1137,1.11327,1.11344,0,2017-06-21 00:00:00
1498017600,1.11343,1.11382,1.11281,1.11313,0,2017-06-21 04:00:00
1498032000,1.11311,1.115,1.11274,1.11495,0,2017-06-21 08:00:00
1498046400,1.11495,1.11556,1.113,1.11418,0,2017-06-21 12:00:00
1498060800,1.11422,1.11661,1.11381,1.11621,0,2017-06-21 16:00:00
1498075200,1.11624,1.11688,1.11613,1.11666,0,2017-06-21 20:00:00
1498089600,1.11666,1.11713,1.11604,1.11675,0,2017-06-22 00:00:00
1498104000,1.11675,1.11779,1.11673,1.11716,0,2017-06-22 04:00:00
1498118400,1.11717,1.11743,1.11545,1.11654,0,2017-06-22 08:00:00
1498132800,1.11653,1.11721,1.11507,1.11566,0,2017-06-22 12:00:00
1498147200,1.11569,1.11608,1.11393,1.11468,0,2017-06-22 16:00:00
1498161600,1.11467,1.11547,1.11463,1.11496,0,2017-06-22 20:00:00
1498176000,1.11496,1.116,1.11451,1.11584,0,2017-06-23 00:00:00
1498190400,1.11584,1.11751,1.11575,1.11725,0,2017-06-23 04:00:00
1498204800,1.11724,1.11878,1.11616,1.11663,0,2017-06-23 08:00:00
1498219200,1.11661,1.12088,1.11622,1.11997,0,2017-06-23 12:00:00
1498233600,1.11998,1.12037,1.11927,1.11967,0,2017-06-23 16:00:00
1498248000,1.11969,1.11993,1.11919,1.11926,0,2017-06-23 20:00:00
1498420800,1.11979,1.11989,1.11885,1.11964,0,2017-06-25 20:00:00
1498435200,1.11964,1.12001,1.11898,1.11949,0,2017-06-26 00:00:00
1498449600,1.11949,1.11976,1.11846,1.11917,0,2017-06-26 04:00:00
1498464000,1.11915,1.12077,1.11756,1.11796,0,2017-06-26 08:00:00
1498478400,1.11795,1.12198,1.11717,1.12029,0,2017-06-26 12:00:00
1498492800,1.12032,1.12047,1.11753,1.11808,0,2017-06-26 16:00:00
1498507200,1.11811,1.1184,1.11771,1.11803,0,2017-06-26 20:00:00
1498521600,1.11803,1.11895,1.11789,1.11875,0,2017-06-27 00:00:00
1498536000,1.11874,1.12037,1.11869,1.11909,0,2017-06-27 04:00:00
1498550400,1.11907,1.12661,1.11821,1.12618,0,2017-06-27 08:00:00
1498564800,1.12617,1.13046,1.12604,1.1286,0,2017-06-27 12:00:00
1498579200,1.12861,1.13472,1.12839,1.13462,0,2017-06-27 16:00:00
1498593600,1.13464,1.13493,1.133,1.1343,0,2017-06-27 20:00:00
1498608000,1.1343,1.13554,1.13359,1.13514,0,2017-06-28 00:00:00
1498622400,1.13515,1.13786,1.13452,1.13533,0,2017-06-28 04:00:00
1498636800,1.1353,1.13882,1.13522,1.13585,0,2017-06-28 08:00:00
1498651200,1.13585,1.13905,1.12914,1.1363,0,2017-06-28 12:00:00
1498665600,1.13631,1.13838,1.13495,1.13798,0,2017-06-28 16:00:00
1498680000,1.13799,1.1385,1.13742,1.13773,0,2017-06-28 20:00:00
1498694400,1.13773,1.14192,1.13766,1.14049,0,2017-06-29 00:00:00
1498708800,1.14052,1.14152,1.13947,1.1406,0,2017-06-29 04:00:00
1498723200,1.14062,1.14349,1.13983,1.14061,0,2017-06-29 08:00:00
1498737600,1.14061,1.14279,1.1388,1.14241,0,2017-06-29 12:00:00
1498752000,1.14241,1.14449,1.14164,1.14325,0,2017-06-29 16:00:00
1498766400,1.14326,1.14453,1.14318,1.14426,0,2017-06-29 20:00:00
1498780800,1.14424,1.14442,1.14267,1.14359,0,2017-06-30 00:00:00
1498795200,1.14358,1.14431,1.14223,1.14233,0,2017-06-30 04:00:00
1498809600,1.14231,1.14295,1.13921,1.14026,0,2017-06-30 08:00:00
1498824000,1.14028,1.14275,1.13955,1.14042,0,2017-06-30 12:00:00
1498838400,1.14041,1.14225,1.14041,1.14197,0,2017-06-30 16:00:00
1498852800,1.14195,1.14258,1.14148,1.14257,0,2017-06-30 20:00:00
1499025600,1.14168,1.14265,1.14159,1.14249,0,2017-07-02 20:00:00
1499040000,1.14247,1.14257,1.14121,1.14135,0,2017-07-03 00:00:00
1499054400,1.14137,1.14166,1.14034,1.14116,0,2017-07-03 04:00:00
1499068800,1.14115,1.14116,1.13707,1.13748,0,2017-07-03 08:00:00
1499083200,1.1375,1.13774,1.13579,1.13677,0,2017-07-03 12:00:00
1499097600,1.13678,1.13719,1.13551,1.13582,0,2017-07-03 16:00:00
1499112000,1.13583,1.13706,1.13564,1.13667,0,2017-07-03 20:00:00
1499126400,1.13669,1.1377,1.13635,1.13661,0,2017-07-04 00:00:00
1499140800,1.13661,1.13741,1.13363,1.13722,0,2017-07-04 04:00:00
1499155200,1.13724,1.13743,1.13423,1.13514,0,2017-07-04 08:00:00
1499169600,1.13515,1.13552,1.13381,1.13517,0,2017-07-04 12:00:00
1499184000,1.13515,1.13536,1.1343,1.13504,0,2017-07-04 16:00:00
1499198400,1.13502,1.13553,1.13417,1.1353,0,2017-07-04 20:00:00
1499212800,1.1353,1.13685,1.13514,1.13627,0,2017-07-05 00:00:00
1499227200,1.13627,1.13665,1.13494,1.13599,0,2017-07-05 04:00:00
1499241600,1.13596,1.13681,1.13122,1.13211,0,2017-07-05 08:00:00
1499256000,1.13215,1.1337,1.13179,1.13289,0,2017-07-05 12:00:00
1499270400,1.13291,1.13565,1.13227,1.13411,0,2017-07-05 16:00:00
1499284800,1.13412,1.13545,1.13379,1.13531,0,2017-07-05 20:00:00
1499299200,1.1353,1.13536,1.13298,1.13374,0,2017-07-06 00:00:00
1499313600,1.13375,1.13424,1.13308,1.13417,0,2017-07-06 04:00:00
1499328000,1.13414,1.13738,1.13413,1.13655,0,2017-07-06 08:00:00
1499342400,1.13656,1.14058,1.13614,1.14054,0,2017-07-06 12:00:00
1499356800,1.14051,1.14245,1.13981,1.14223,0,2017-07-06 16:00:00
1499371200,1.14225,1.14245,1.14176,1.1422,0,2017-07-06 20:00:00
1499385600,1.1422,1.14255,1.14083,1.14137,0,2017-07-07 00:00:00
1499400000,1.14137,1.142,1.1407,1.14147,0,2017-07-07 04:00:00
1499414400,1.14145,1.14274,1.1406,1.14113,0,2017-07-07 08:00:00
1499428800,1.14114,1.14399,1.13796,1.13915,0,2017-07-07 12:00:00
1499443200,1.13917,1.14105,1.13863,1.14029,0,2017-07-07 16:00:00
1499457600,1.14028,1.14079,1.13979,1.13982,0,2017-07-07 20:00:00
1499630400,1.13976,1.14022,1.13918,1.13996,0,2017-07-09 20:00:00
1499644800,1.13999,1.14085,1.13977,1.14051,0,2017-07-10 00:00:00
1499659200,1.14049,1.14099,1.13971,1.13986,0,2017-07-10 04:00:00
1499673600,1.13987,1.14179,1.13822,1.13907,0,2017-07-10 08:00:00
1499688000,1.13909,1.13957,1.13816,1.13879,0,2017-07-10 12:00:00
1499702400,1.13881,1.14078,1.13847,1.1403,0,2017-07-10 16:00:00
1499716800,1.1403,1.14034,1.13935,1.13962,0,2017-07-10 20:00:00
1499731200,1.13963,1.13979,1.13922,1.13933,0,2017-07-11 00:00:00
1499745600,1.13932,1.1395,1.13827,1.13907,0,2017-07-11 04:00:00
1499760000,1.13905,1.13998,1.13851,1.13957,0,2017-07-11 08:00:00
1499774400,1.13959,1.14247,1.13933,1.14194,0,2017-07-11 12:00:00
1499788800,1.14194,1.14797,1.14146,1.14762,0,2017-07-11 16:00:00
1499803200,1.14763,1.14764,1.14607,1.14714,0,2017-07-11 20:00:00
1499817600,1.14693,1.14838,1.14663,1.14815,0,2017-07-12 00:00:00
1499832000,1.14815,1.14893,1.1456,1.14587,0,2017-07-12 04:00:00
1499846400,1.14589,1.14643,1.14421,1.14531,0,2017-07-12 08:00:00
1499860800,1.14532,1.14797,1.13916,1.14187,0,2017-07-12 12:00:00
1499875200,1.14187,1.14273,1.14083,1.1415,0,2017-07-12 16:00:00
1499889600,1.14149,1.14223,1.14107,1.1416,0,2017-07-12 20:00:00
1499904000,1.14161,1.14378,1.14139,1.1437,0,2017-07-13 00:00:00
1499918400,1.1437,1.14559,1.14334,1.14466,0,2017-07-13 04:00:00
1499932800,1.14468,1.14527,1.1376,1.13881,0,2017-07-13 08:00:00
1499947200,1.13882,1.14192,1.13705,1.14038,0,2017-07-13 12:00:00
1499961600,1.14043,1.14078,1.13827,1.14041,0,2017-07-13 16:00:00
1499976000,1.1404,1.14069,1.1395,1.13953,0,2017-07-13 20:00:00
1499990400,1.13953,1.14084,1.13914,1.1408,0,2017-07-14 00:00:00
1500004800,1.14079,1.1418,1.14006,1.14156,0,2017-07-14 04:00:00
1500019200,1.14155,1.14238,1.14073,1.14141,0,2017-07-14 08:00:00
1500033600,1.14141,1.14681,1.14109,1.14443,0,2017-07-14 12:00:00
1500048000,1.14447,1.1469,1.14447,1.14656,0,2017-07-14 16:00:00
1500062400,1.14656,1.14716,1.14645,1.14681,0,2017-07-14 20:00:00
1500235200,1.14705,1.14744,1.14644,1.14697,0,2017-07-16 20:00:00
1500249600,1.14696,1.14749,1.14566,1.14609,0,2017-07-17 00:00:00
1500264000,1.14609,1.14657,1.14466,1.14539,0,2017-07-17 04:00:00
1500278400,1.14534,1.14645,1.14346,1.14589,0,2017-07-17 08:00:00
1500292800,1.14591,1.1487,1.14591,1.14706,0,2017-07-17 12:00:00
1500307200,1.14705,1.14807,1.14636,1.14804,0,2017-07-17 16:00:00
1500321600,1.14803,1.14846,1.14745,1.14767,0,2017-07-17 20:00:00
1500336000,1.14767,1.15377,1.14715,1.15289,0,2017-07-18 00:00:00
1500350400,1.15289,1.15354,1.15129,1.15268,0,2017-07-18 04:00:00
1500364800,1.15268,1.15641,1.15111,1.15572,0,2017-07-18 08:00:00
1500379200,1.15574,1.15831,1.15448,1.15805,0,2017-07-18 12:00:00
1500393600,1.15806,1.15824,1.15533,1.15608,0,2017-07-18 16:00:00
1500408000,1.15611,1.15619,1.15501,1.15503,0,2017-07-18 20:00:00
1500422400,1.15504,1.15534,1.15383,1.15388,0,2017-07-19 00:00:00
1500436800,1.15389,1.15475,1.1529,1.15294,0,2017-07-19 04:00:00
1500451200,1.15293,1.1539,1.15146,1.15256,0,2017-07-19 08:00:00
1500465600,1.15254,1.15384,1.15099,1.15177,0,2017-07-19 12:00:00
1500480000,1.15179,1.15296,1.15129,1.15181,0,2017-07-19 16:00:00
1500494400,1.1518,1.15279,1.15123,1.15273,0,2017-07-19 20:00:00
1500508800,1.15273,1.15325,1.15127,1.15233,0,2017-07-20 00:00:00
1500523200,1.15235,1.15271,1.15043,1.15225,0,2017-07-20 04:00:00
1500537600,1.15224,1.1523,1.1496,1.15062,0,2017-07-20 08:00:00
1500552000,1.15061,1.16579,1.14791,1.16345,0,2017-07-20 12:00:00
1500566400,1.16344,1.16467,1.16177,1.16246,0,2017-07-20 16:00:00
1500580800,1.16245,1.16355,1.1621,1.16274,0,2017-07-20 20:00:00
1500595200,1.16274,1.16365,1.16189,1.16247,0,2017-07-21 00:00:00
1500609600,1.16247,1.16769,1.16233,1.16624,0,2017-07-21 04:00:00
1500624000,1.16623,1.16736,1.16359,1.16443,0,2017-07-21 08:00:00
1500638400,1.16442,1.16667,1.16353,1.16545,0,2017-07-21 12:00:00
1500652800,1.1655,1.16829,1.16482,1.16783,0,2017-07-21 16:00:00
1500667200,1.16784,1.16788,1.16597,1.16597,0,2017-07-21 20:00:00
1500840000,1.1663,1.16739,1.16627,1.16726,0,2017-07-23 20:00:00
1500854400,1.16727,1.16841,1.1663,1.16679,0,2017-07-24 00:00:00
1500868800,1.16679,1.16752,1.16424,1.1646,0,2017-07-24 04:00:00
1500883200,1.16453,1.16613,1.163,1.16488,0,2017-07-24 08:00:00
1500897600,1.16488,1.16574,1.16332,1.16432,0,2017-07-24 12:00:00
1500912000,1.16434,1.16477,1.16259,1.16431,0,2017-07-24 16:00:00
1500926400,1.1643,1.16472,1.16312,1.16372,0,2017-07-24 20:00:00
1500940800,1.16372,1.16568,1.16307,1.16534,0,2017-07-25 00:00:00
1500955200,1.16535,1.16688,1.16517,1.16611,0,2017-07-25 04:00:00
1500969600,1.16614,1.16678,1.1643,1.16509,0,2017-07-25 08:00:00
1500984000,1.16509,1.1712,1.16498,1.1661,0,2017-07-25 12:00:00
1500998400,1.1661,1.16707,1.16448,1.16502,0,2017-07-25 16:00:00
1501012800,1.16503,1.16532,1.1642,1.16462,0,2017-07-25 20:00:00
1501027200,1.16465,1.16537,1.16378,1.16521,0,2017-07-26 00:00:00
1501041600,1.16522,1.16534,1.16204,1.16374,0,2017-07-26 04:00:00
1501056000,1.16375,1.16512,1.16129,1.16421,0,2017-07-26 08:00:00
1501070400,1.16421,1.16554,1.16219,1.16301,0,2017-07-26 12:00:00
1501084800,1.16302,1.17075,1.16254,1.1704,0,2017-07-26 16:00:00
1501099200,1.17045,1.17474,1.17044,1.17342,0,2017-07-26 20:00:00
1501113600,1.17344,1.17462,1.17212,1.17459,0,2017-07-27 00:00:00
1501128000,1.17457,1.17765,1.17271,1.17292,0,2017-07-27 04:00:00
1501142400,1.17291,1.17336,1.17031,1.17046,0,2017-07-27 08:00:00
1501156800,1.1705,1.17128,1.16624,1.16654,0,2017-07-27 12:00:00
1501171200,1.16653,1.16886,1.165,1.1683,0,2017-07-27 16:00:00
1501185600,1.16833,1.16882,1.1671,1.16841,0,2017-07-27 20:00:00
1501200000,1.16841,1.16928,1.1671,1.16928,0,2017-07-28 00:00:00
1501214400,1.16926,1.17012,1.16816,1.16969,0,2017-07-28 04:00:00
1501228800,1.16971,1.17216,1.16913,1.17068,0,2017-07-28 08:00:00
1501243200,1.17067,1.17538,1.17045,1.17473,0,2017-07-28 12:00:00
1501257600,1.17471,1.17638,1.1738,1.17617,0,2017-07-28 16:00:00
1501272000,1.17615,1.17621,1.17466,1.1747,0,2017-07-28 20:00:00
1501444800,1.17457,1.17622,1.17457,1.17594,0,2017-07-30 20:00:00
1501459200,1.17597,1.17597,1.17343,1.17353,0,2017-07-31 00:00:00
1501473600,1.17353,1.17473,1.17247,1.17377,0,2017-07-31 04:00:00
1501488000,1.17372,1.17443,1.1723,1.17313,0,2017-07-31 08:00:00
1501502400,1.17314,1.17904,1.17232,1.17891,0,2017-07-31 12:00:00
1501516800,1.17893,1.1835,1.17837,1.18305,0,2017-07-31 16:00:00
1501531200,1.18304,1.18455,1.18287,1.1831,0,2017-07-31 20:00:00
1501545600,1.18308,1.18337,1.18195,1.18276,0,2017-08-01 00:00:00
1501560000,1.18276,1.18334,1.18113,1.18208,0,2017-08-01 04:00:00
1501574400,1.18205,1.1833,1.18047,1.18116,0,2017-08-01 08:00:00
1501588800,1.18118,1.18388,1.1785,1.18096,0,2017-08-01 12:00:00
1501603200,1.18098,1.1837,1.17916,1.18033,0,2017-08-01 16:00:00
1501617600,1.18032,1.18126,1.17967,1.18053,0,2017-08-01 20:00:00
1501632000,1.18053,1.18175,1.17935,1.18081,0,2017-08-02 00:00:00
1501646400,1.18081,1.18437,1.18035,1.18397,0,2017-08-02 04:00:00
1501660800,1.18394,1.18681,1.18246,1.18326,0,2017-08-02 08:00:00
1501675200,1.18327,1.1858,1.18182,1.18564,0,2017-08-02 12:00:00
1501689600,1.18567,1.19101,1.18549,1.18595,0,2017-08-02 16:00:00
1501704000,1.18599,1.1861,1.185,1.18511,0,2017-08-02 20:00:00
1501718400,1.18511,1.1853,1.18341,1.18433,0,2017-08-03 00:00:00
1501732800,1.18434,1.18568,1.18377,1.18514,0,2017-08-03 04:00:00
1501747200,1.18513,1.18568,1.18305,1.18376,0,2017-08-03 08:00:00
1501761600,1.18378,1.18931,1.18336,1.18785,0,2017-08-03 12:00:00
1501776000,1.1879,1.18885,1.18605,1.18672,0,2017-08-03 16:00:00
1501790400,1.18673,1.18888,1.18621,1.18773,0,2017-08-03 20:00:00
1501804800,1.18773,1.18854,1.1871,1.18746,0,2017-08-04 00:00:00
1501819200,1.18747,1.18886,1.18738,1.18849,0,2017-08-04 04:00:00
1501833600,1.18848,1.1889,1.187,1.18701,0,2017-08-04 08:00:00
1501848000,1.18702,1.18768,1.17281,1.17502,0,2017-08-04 12:00:00
1501862400,1.17501,1.17671,1.17364,1.1764,0,2017-08-04 16:00:00
1501876800,1.17642,1.17829,1.17642,1.17716,0,2017-08-04 20:00:00
1502049600,1.17712,1.17928,1.17697,1.17858,0,2017-08-06 20:00:00
1502064000,1.17859,1.18001,1.17766,1.17932,0,2017-08-07 00:00:00
1502078400,1.17935,1.18017,1.17809,1.17848,0,2017-08-07 04:00:00
1502092800,1.17848,1.18141,1.17779,1.17977,0,2017-08-07 08:00:00
1502107200,1.17973,1.18083,1.17828,1.17945,0,2017-08-07 12:00:00
1502121600,1.17946,1.17964,1.17813,1.17944,0,2017-08-07 16:00:00
1502136000,1.17942,1.18012,1.17888,1.17919,0,2017-08-07 20:00:00
1502150400,1.1792,1.18237,1.17919,1.1813,0,2017-08-08 00:00:00
1502164800,1.18129,1.18162,1.18017,1.1805,0,2017-08-08 04:00:00
1502179200,1.18049,1.18181,1.18026,1.18155,0,2017-08-08 08:00:00
1502193600,1.18153,1.18174,1.17322,1.17384,0,2017-08-08 12:00:00
1502208000,1.17385,1.17696,1.17151,1.1752,0,2017-08-08 16:00:00
1502222400,1.17518,1.17619,1.174,1.1759,0,2017-08-08 20:00:00
1502236800,1.1759,1.17638,1.17194,1.17342,0,2017-08-09 00:00:00
1502251200,1.17341,1.17546,1.17279,1.17451,0,2017-08-09 04:00:00
1502265600,1.17447,1.17619,1.17219,1.17362,0,2017-08-09 08:00:00
1502280000,1.1736,1.17493,1.16888,1.17439,0,2017-08-09 12:00:00
1502294400,1.17437,1.17617,1.173,1.17518,0,2017-08-09 16:00:00
1502308800,1.17517,1.17697,1.17494,1.17627,0,2017-08-09 20:00:00
1502323200,1.17623,1.17635,1.17412,1.17481,0,2017-08-10 00:00:00
1502337600,1.17485,1.17486,1.17264,1.17315,0,2017-08-10 04:00:00
1502352000,1.17317,1.17355,1.1704,1.17237,0,2017-08-10 08:00:00
1502366400,1.17236,1.1759,1.17132,1.17491,0,2017-08-10 12:00:00
1502380800,1.1749,1.17742,1.17408,1.17697,0,2017-08-10 16:00:00
1502395200,1.17698,1.17848,1.17648,1.17654,0,2017-08-10 20:00:00
1502409600,1.17653,1.17765,1.17614,1.17687,0,2017-08-11 00:00:00
1502424000,1.17686,1.17791,1.1755,1.17595,0,2017-08-11 04:00:00
1502438400,1.17593,1.17735,1.17486,1.17597,0,2017-08-11 08:00:00
1502452800,1.17596,1.1835,1.1754,1.17925,0,2017-08-11 12:00:00
1502467200,1.17926,1.18468,1.17861,1.18232,0,2017-08-11 16:00:00
1502481600,1.18235,1.1829,1.18193,1.18197,0,2017-08-11 20:00:00
1502654400,1.18207,1.18276,1.18187,1.18212,0,2017-08-13 20:00:00
1502668800,1.1821,1.18344,1.18166,1.18273,0,2017-08-14 00:00:00
1502683200,1.18272,1.18326,1.18096,1.18306,0,2017-08-14 04:00:00
1502697600,1.18306,1.18382,1.17912,1.1799,0,2017-08-14 08:00:00
1502712000,1.17992,1.18018,1.177,1.1782,0,2017-08-14 12:00:00
1502726400,1.17821,1.17957,1.17719,1.17831,0,2017-08-14 16:00:00
1502740800,1.17831,1.17887,1.17749,1.17781,0,2017-08-14 20:00:00
1502755200,1.17781,1.17927,1.17681,1.17827,0,2017-08-15 00:00:00
1502769600,1.17826,1.17859,1.17361,1.17426,0,2017-08-15 04:00:00
1502784000,1.1743,1.17688,1.17207,1.17497,0,2017-08-15 08:00:00
1502798400,1.17495,1.17575,1.16871,1.17187,0,2017-08-15 12:00:00
1502812800,1.17189,1.17432,1.17142,1.17337,0,2017-08-15 16:00:00
1502827200,1.17338,1.17404,1.17294,1.17371,0,2017-08-15 20:00:00
1502841600,1.17374,1.17454,1.17339,1.17362,0,2017-08-16 00:00:00
1502856000,1.17361,1.17473,1.17239,1.17305,0,2017-08-16 04:00:00
1502870400,1.17305,1.17579,1.16914,1.17016,0,2017-08-16 08:00:00
1502884800,1.17018,1.17205,1.16816,1.17027,0,2017-08-16 12:00:00
1502899200,1.17029,1.17785,1.1691,1.17683,0,2017-08-16 16:00:00
1502913600,1.17683,1.17793,1.17623,1.17775,0,2017-08-16 20:00:00
1502928000,1.17774,1.17897,1.17648,1.17822,0,2017-08-17 00:00:00
1502942400,1.17823,1.17895,1.17628,1.1763,0,2017-08-17 04:00:00
1502956800,1.17627,1.17655,1.16902,1.16974,0,2017-08-17 08:00:00
1502971200,1.16973,1.17476,1.1662,1.17449,0,2017-08-17 12:00:00
1502985600,1.17451,1.17538,1.17319,1.17398,0,2017-08-17 16:00:00
1503000000,1.17396,1.17467,1.17176,1.17265,0,2017-08-17 20:00:00
1503014400,1.17265,1.17363,1.17083,1.1729,0,2017-08-18 00:00:00
1503028800,1.1729,1.17412,1.17253,1.17373,0,2017-08-18 04:00:00
1503043200,1.17372,1.17744,1.17211,1.17485,0,2017-08-18 08:00:00
1503057600,1.17488,1.17608,1.17311,1.1749,0,2017-08-18 12:00:00
1503072000,1.17492,1.17605,1.17292,1.17585,0,2017-08-18 16:00:00
1503086400,1.17591,1.17672,1.17562,1.17574,0,2017-08-18 20:00:00
1503259200,1.17549,1.17615,1.17532,1.17537,0,2017-08-20 20:00:00
1503273600,1.17537,1.17626,1.175,1.17596,0,2017-08-21 00:00:00
1503288000,1.17596,1.17596,1.17349,1.17379,0,2017-08-21 04:00:00
1503302400,1.17378,1.17583,1.17312,1.1758,0,2017-08-21 08:00:00
1503316800,1.17584,1.18196,1.17572,1.18147,0,2017-08-21 12:00:00
1503331200,1.18148,1.18279,1.18093,1.18123,0,2017-08-21 16:00:00
1503345600,1.18123,1.1817,1.18071,1.18089,0,2017-08-21 20:00:00
1503360000,1.1809,1.18241,1.18041,1.18053,0,2017-08-22 00:00:00
1503374400,1.18052,1.18099,1.17903,1.17904,0,2017-08-22 04:00:00
1503388800,1.17899,1.17939,1.1745,1.17533,0,2017-08-22 08:00:00
1503403200,1.17534,1.17728,1.17475,1.17627,0,2017-08-22 12:00:00
1503417600,1.17629,1.17717,1.1748,1.17514,0,2017-08-22 16:00:00
1503432000,1.17512,1.17658,1.17496,1.17643,0,2017-08-22 20:00:00
1503446400,1.17643,1.1766,1.17477,1.17645,0,2017-08-23 00:00:00
1503460800,1.17644,1.17659,1.17509,1.17564,0,2017-08-23 04:00:00
1503475200,1.17561,1.1794,1.17399,1.17814,0,2017-08-23 08:00:00
1503489600,1.17816,1.18198,1.17816,1.18156,0,2017-08-23 12:00:00
1503504000,1.18154,1.18231,1.17977,1.182,0,2017-08-23 16:00:00
1503518400,1.18196,1.18229,1.18051,1.1811,0,2017-08-23 20:00:00
1503532800,1.18109,1.18176,1.17942,1.18053,0,2017-08-24 00:00:00
1503547200,1.18051,1.18078,1.17874,1.17911,0,2017-08-24 04:00:00
1503561600,1.17912,1.17985,1.1784,1.17916,0,2017-08-24 08:00:00
1503576000,1.17917,1.181,1.17875,1.18041,0,2017-08-24 12:00:00
1503590400,1.18044,1.18145,1.17979,1.18044,0,2017-08-24 16:00:00
1503604800,1.18052,1.18059,1.17973,1.18034,0,2017-08-24 20:00:00
1503619200,1.18035,1.18041,1.17876,1.17943,0,2017-08-25 00:00:00
1503633600,1.17942,1.17999,1.17889,1.17914,0,2017-08-25 04:00:00
1503648000,1.17913,1.18277,1.17733,1.18171,0,2017-08-25 08:00:00
1503662400,1.1817,1.18745,1.17856,1.18704,0,2017-08-25 12:00:00
1503676800,1.18706,1.18895,1.18685,1.18791,0,2017-08-25 16:00:00
1503691200,1.1879,1.19413,1.18644,1.19213,0,2017-08-25 20:00:00
1503864000,1.19422,1.19578,1.19395,1.19518,0,2017-08-27 20:00:00
1503878400,1.19518,1.19594,1.19201,1.19252,0,2017-08-28 00:00:00
1503892800,1.19253,1.19372,1.19169,1.19324,0,2017-08-28 04:00:00
1503907200,1.19322,1.19421,1.19194,1.19369,0,2017-08-28 08:00:00
1503921600,1.19369,1.19575,1.19216,1.19547,0,2017-08-28 12:00:00
1503936000,1.19548,1.19837,1.19518,1.19788,0,2017-08-28 16:00:00
1503950400,1.19787,1.19856,1.19624,1.19673,0,2017-08-28 20:00:00
1503964800,1.19677,1.19722,1.19551,1.19696,0,2017-08-29 00:00:00
1503979200,1.19695,1.20179,1.19661,1.20165,0,2017-08-29 04:00:00
1503993600,1.2017,1.207,1.20111,1.20347,0,2017-08-29 08:00:00
1504008000,1.20349,1.20592,1.2009,1.20254,0,2017-08-29 12:00:00
1504022400,1.20255,1.20378,1.19818,1.19913,0,2017-08-29 16:00:00
1504036800,1.19911,1.19965,1.19459,1.19741,0,2017-08-29 20:00:00
1504051200,1.19743,1.1979,1.19628,1.19766,0,2017-08-30 00:00:00
1504065600,1.19764,1.19842,1.19412,1.19556,0,2017-08-30 04:00:00
1504080000,1.19559,1.19687,1.19384,1.19483,0,2017-08-30 08:00:00
1504094400,1.19482,1.19498,1.1894,1.1912,0,2017-08-30 12:00:00
1504108800,1.19121,1.19284,1.18826,1.18902,0,2017-08-30 16:00:00
1504123200,1.189,1.18964,1.18804,1.18958,0,2017-08-30 20:00:00
1504137600,1.18959,1.1897,1.18712,1.18776,0,2017-08-31 00:00:00
1504152000,1.18775,1.18952,1.18668,1.18904,0,2017-08-31 04:00:00
1504166400,1.18907,1.19056,1.18441,1.18611,0,2017-08-31 08:00:00
1504180800,1.1861,1.18959,1.1823,1.18898,0,2017-08-31 12:00:00
1504195200,1.18898,1.19096,1.18701,1.19031,0,2017-08-31 16:00:00
1504209600,1.19036,1.19226,1.18947,1.19128,0,2017-08-31 20:00:00
1504224000,1.19127,1.19145,1.19038,1.19052,0,2017-09-01 00:00:00
1504238400,1.19051,1.19086,1.18825,1.1885,0,2017-09-01 04:00:00
1504252800,1.1885,1.19296,1.18789,1.19146,0,2017-09-01 08:00:00
1504267200,1.19145,1.19795,1.18496,1.18778,0,2017-09-01 12:00:00
1504281600,1.18783,1.18892,1.1855,1.18663,0,2017-09-01 16:00:00
1504296000,1.18666,1.18688,1.18585,1.18602,0,2017-09-01 20:00:00
1504468800,1.18798,1.18841,1.18729,1.18783,0,2017-09-03 20:00:00
1504483200,1.18785,1.18896,1.18772,1.18839,0,2017-09-04 00:00:00
1504497600,1.18834,1.19035,1.18784,1.18946,0,2017-09-04 04:00:00
1504512000,1.18945,1.19219,1.18844,1.19106,0,2017-09-04 08:00:00
1504526400,1.19107,1.19153,1.18891,1.19119,0,2017-09-04 12:00:00
1504540800,1.19122,1.19197,1.1889,1.19008,0,2017-09-04 16:00:00
1504555200,1.19008,1.19021,1.18901,1.18978,0,2017-09-04 20:00:00
1504569600,1.1898,1.19096,1.18898,1.19057,0,2017-09-05 00:00:00
1504584000,1.19056,1.19109,1.18917,1.19025,0,2017-09-05 04:00:00
1504598400,1.19029,1.19073,1.18681,1.18974,0,2017-09-05 08:00:00
1504612800,1.18973,1.19405,1.18775,1.19183,0,2017-09-05 12:00:00
1504627200,1.19185,1.19245,1.18949,1.19199,0,2017-09-05 16:00:00
1504641600,1.19198,1.19298,1.19082,1.19203,0,2017-09-05 20:00:00
1504656000,1.19204,1.19246,1.19027,1.19119,0,2017-09-06 00:00:00
1504670400,1.1912,1.19293,1.19064,1.19219,0,2017-09-06 04:00:00
1504684800,1.19217,1.19494,1.192,1.19287,0,2017-09-06 08:00:00
1504699200,1.19285,1.19445,1.19138,1.19391,0,2017-09-06 12:00:00
1504713600,1.19392,1.19501,1.19104,1.19122,0,2017-09-06 16:00:00
1504728000,1.19121,1.19257,1.19079,1.19252,0,2017-09-06 20:00:00
1504742400,1.19252,1.19345,1.19191,1.19254,0,2017-09-07 00:00:00
1504756800,1.19254,1.1928,1.19139,1.19279,0,2017-09-07 04:00:00
1504771200,1.19278,1.19944,1.19267,1.19862,0,2017-09-07 08:00:00
1504785600,1.19861,1.20591,1.19294,1.20105,0,2017-09-07 12:00:00
1504800000,1.20104,1.20318,1.19846,1.2004,0,2017-09-07 16:00:00
1504814400,1.2004,1.20289,1.20008,1.20185,0,2017-09-07 20:00:00
1504828800,1.20186,1.20892,1.20175,1.20711,0,2017-09-08 00:00:00
1504843200,1.2071,1.2092,1.20509,1.2065,0,2017-09-08 04:00:00
1504857600,1.20646,1.20735,1.20362,1.20691,0,2017-09-08 08:00:00
1504872000,1.20692,1.20701,1.20145,1.20168,0,2017-09-08 12:00:00
1504886400,1.20167,1.20438,1.20167,1.20267,0,2017-09-08 16:00:00
1504900800,1.20269,1.20382,1.2026,1.20333,0,2017-09-08 20:00:00
1505073600,1.20164,1.2025,1.2012,1.20185,0,2017-09-10 20:00:00
1505088000,1.20185,1.20203,1.19988,1.20169,0,2017-09-11 00:00:00
1505102400,1.20168,1.20189,1.20018,1.20079,0,2017-09-11 04:00:00
1505116800,1.2008,1.20294,1.1993,1.2011,0,2017-09-11 08:00:00
1505131200,1.20114,1.20141,1.19715,1.19826,0,2017-09-11 12:00:00
1505145600,1.19825,1.19871,1.19571,1.19623,0,2017-09-11 16:00:00
1505160000,1.19622,1.19634,1.19478,1.19623,0,2017-09-11 20:00:00
1505174400,1.19621,1.19643,1.19457,1.19612,0,2017-09-12 00:00:00
1505188800,1.1961,1.19777,1.19467,1.19751,0,2017-09-12 04:00:00
1505203200,1.19762,1.19781,1.19319,1.19368,0,2017-09-12 08:00:00
1505217600,1.19365,1.19679,1.19262,1.19536,0,2017-09-12 12:00:00
1505232000,1.19538,1.19736,1.19511,1.19698,0,2017-09-12 16:00:00
1505246400,1.19699,1.19721,1.196,1.19718,0,2017-09-12 20:00:00
1505260800,1.19717,1.19927,1.19643,1.19849,0,2017-09-13 00:00:00
1505275200,1.19848,1.19897,1.1972,1.19737,0,2017-09-13 04:00:00
1505289600,1.19737,1.19946,1.19644,1.19862,0,2017-09-13 08:00:00
1505304000,1.19863,1.19894,1.19044,1.19162,0,2017-09-13 12:00:00
1505318400,1.19161,1.19182,1.18731,1.18742,0,2017-09-13 16:00:00
1505332800,1.1874,1.18934,1.1873,1.18934,0,2017-09-13 20:00:00
1505347200,1.18933,1.18939,1.18704,1.18754,0,2017-09-14 00:00:00
1505361600,1.18756,1.18867,1.18658,1.18844,0,2017-09-14 04:00:00
1505376000,1.18843,1.19095,1.188,1.19012,0,2017-09-14 08:00:00
1505390400,1.19011,1.19087,1.18379,1.18729,0,2017-09-14 12:00:00
1505404800,1.18731,1.1922,1.18701,1.1913,0,2017-09-14 16:00:00
1505419200,1.1913,1.19227,1.19023,1.19185,0,2017-09-14 20:00:00
1505433600,1.19185,1.19237,1.19007,1.1915,0,2017-09-15 00:00:00
1505448000,1.1915,1.19293,1.19042,1.19231,0,2017-09-15 04:00:00
1505462400,1.19229,1.19556,1.19127,1.19505,0,2017-09-15 08:00:00
1505476800,1.19505,1.1987,1.19484,1.19632,0,2017-09-15 12:00:00
1505491200,1.19632,1.1971,1.19293,1.19407,0,2017-09-15 16:00:00
1505505600,1.19407,1.19608,1.19348,1.19427,0,2017-09-15 20:00:00
1505678400,1.19194,1.19499,1.19174,1.19424,0,2017-09-17 20:00:00
1505692800,1.19424,1.19547,1.19335,1.19454,0,2017-09-18 00:00:00
1505707200,1.19456,1.19558,1.1938,1.19479,0,2017-09-18 04:00:00
1505721600,1.1948,1.19609,1.19149,1.19575,0,2017-09-18 08:00:00
1505736000,1.19573,1.19691,1.19416,1.19556,0,2017-09-18 12:00:00
1505750400,1.19555,1.19635,1.19222,1.19502,0,2017-09-18 16:00:00
1505764800,1.195,1.19588,1.19457,1.19564,0,2017-09-18 20:00:00
1505779200,1.19564,1.19747,1.19559,1.19661,0,2017-09-19 00:00:00
1505793600,1.19661,1.20055,1.19646,1.19947,0,2017-09-19 04:00:00
1505808000,1.19946,1.20062,1.19715,1.19901,0,2017-09-19 08:00:00
1505822400,1.199,1.1993,1.19541,1.19775,0,2017-09-19 12:00:00
1505836800,1.19774,1.20066,1.19607,1.19953,0,2017-09-19 16:00:00
1505851200,1.1995,1.19998,1.19895,1.19942,0,2017-09-19 20:00:00
1505865600,1.19943,1.20194,1.19866,1.20074,0,2017-09-20 00:00:00
1505880000,1.20073,1.2016,1.19967,1.19993,0,2017-09-20 04:00:00
1505894400,1.19992,1.20216,1.19957,1.20054,0,2017-09-20 08:00:00
1505908800,1.20054,1.20115,1.1989,1.1995,0,2017-09-20 12:00:00
1505923200,1.19954,1.20329,1.18612,1.18905,0,2017-09-20 16:00:00
1505937600,1.18903,1.19019,1.18685,1.18894,0,2017-09-20 20:00:00
1505952000,1.18895,1.18908,1.18655,1.18852,0,2017-09-21 00:00:00
1505966400,1.18851,1.19006,1.18764,1.18961,0,2017-09-21 04:00:00
1505980800,1.18962,1.19193,1.18765,1.19025,0,2017-09-21 08:00:00
1505995200,1.19024,1.19291,1.18907,1.19223,0,2017-09-21 12:00:00
1506009600,1.19222,1.19536,1.19167,1.19305,0,2017-09-21 16:00:00
1506024000,1.19304,1.19426,1.19304,1.19405,0,2017-09-21 20:00:00
1506038400,1.19404,1.19594,1.19394,1.19556,0,2017-09-22 00:00:00
1506052800,1.19557,1.1974,1.19529,1.19695,0,2017-09-22 04:00:00
1506067200,1.19699,1.20044,1.19593,1.19649,0,2017-09-22 08:00:00
1506081600,1.19654,1.19836,1.19581,1.19678,0,2017-09-22 12:00:00
1506096000,1.19677,1.19726,1.1937,1.19428,0,2017-09-22 16:00:00
1506110400,1.19427,1.1954,1.194,1.19466,0,2017-09-22 20:00:00
1506283200,1.1897,1.19247,1.18963,1.19221,0,2017-09-24 20:00:00
1506297600,1.1922,1.19347,1.19185,1.19311,0,2017-09-25 00:00:00
1506312000,1.1931,1.19364,1.19031,1.19096,0,2017-09-25 04:00:00
1506326400,1.19095,1.19205,1.18692,1.1876,0,2017-09-25 08:00:00
1506340800,1.1876,1.18898,1.18619,1.18662,0,2017-09-25 12:00:00
1506355200,1.18661,1.18725,1.18321,1.1845,0,2017-09-25 16:00:00
1506369600,1.18449,1.18567,1.18443,1.18552,0,2017-09-25 20:00:00
1506384000,1.18554,1.1861,1.18499,1.18579,0,2017-09-26 00:00:00
1506398400,1.18577,1.18614,1.18359,1.1846,0,2017-09-26 04:00:00
1506412800,1.18459,1.18463,1.17858,1.17896,0,2017-09-26 08:00:00
1506427200,1.17896,1.17978,1.1764,1.1766,0,2017-09-26 12:00:00
1506441600,1.17662,1.18102,1.17572,1.17986,0,2017-09-26 16:00:00
1506456000,1.17979,1.17989,1.1785,1.17897,0,2017-09-26 20:00:00
1506470400,1.17897,1.17949,1.17763,1.17886,0,2017-09-27 00:00:00
1506484800,1.17885,1.17922,1.17567,1.17587,0,2017-09-27 04:00:00
1506499200,1.17586,1.17598,1.1731,1.17462,0,2017-09-27 08:00:00
1506513600,1.1746,1.17467,1.1717,1.1732,0,2017-09-27 12:00:00
1506528000,1.17321,1.1776,1.17281,1.17573,0,2017-09-27 16:00:00
1506542400,1.17573,1.17574,1.17403,1.17418,0,2017-09-27 20:00:00
1506556800,1.17423,1.17561,1.17331,1.17399,0,2017-09-28 00:00:00
1506571200,1.17398,1.17513,1.17211,1.17422,0,2017-09-28 04:00:00
1506585600,1.17421,1.17836,1.17237,1.17787,0,2017-09-28 08:00:00
1506600000,1.17786,1.1804,1.17665,1.1784,0,2017-09-28 12:00:00
1506614400,1.17842,1.17933,1.17727,1.17914,0,2017-09-28 16:00:00
1506628800,1.17912,1.17912,1.1778,1.17805,0,2017-09-28 20:00:00
1506643200,1.17805,1.17904,1.17755,1.17755,0,2017-09-29 00:00:00
1506657600,1.17758,1.1801,1.17724,1.17961,0,2017-09-29 04:00:00
1506672000,1.1796,1.18141,1.17883,1.18124,0,2017-09-29 08:00:00
1506686400,1.18125,1.18323,1.17915,1.18202,0,2017-09-29 12:00:00
1506700800,1.18205,1.1824,1.17994,1.18121,0,2017-09-29 16:00:00
1506715200,1.18117,1.18257,1.18095,1.18121,0,2017-09-29 20:00:00
1506888000,1.17903,1.18147,1.17903,1.18109,0,2017-10-01 20:00:00
1506902400,1.18109,1.18114,1.17703,1.17757,0,2017-10-02 00:00:00
1506916800,1.17757,1.178,1.17543,1.17642,0,2017-10-02 04:00:00
1506931200,1.17641,1.17657,1.173,1.17453,0,2017-10-02 08:00:00
1506945600,1.17453,1.17631,1.17341,1.17353,0,2017-10-02 12:00:00
1506960000,1.17352,1.17495,1.17304,1.1743,0,2017-10-02 16:00:00
1506974400,1.17431,1.17458,1.17306,1.17389,0,2017-10-02 20:00:00
1506988800,1.1739,1.17396,1.17018,1.17122,0,2017-10-03 00:00:00
1507003200,1.17121,1.17239,1.16959,1.17228,0,2017-10-03 04:00:00
1507017600,1.17229,1.17588,1.17195,1.17561,0,2017-10-03 08:00:00
1507032000,1.17561,1.17733,1.17376,1.1753,0,2017-10-03 12:00:00
1507046400,1.17531,1.1764,1.17391,1.17496,0,2017-10-03 16:00:00
1507060800,1.17498,1.1753,1.17346,1.1743,0,2017-10-03 20:00:00
1507075200,1.17431,1.17797,1.17415,1.17678,0,2017-10-04 00:00:00
1507089600,1.17677,1.17766,1.17626,1.17637,0,2017-10-04 04:00:00
1507104000,1.17634,1.17803,1.17471,1.17741,0,2017-10-04 08:00:00
1507118400,1.17741,1.17875,1.17464,1.17595,0,2017-10-04 12:00:00
1507132800,1.17594,1.17664,1.17536,1.17641,0,2017-10-04 16:00:00
1507147200,1.17644,1.17659,1.17547,1.17606,0,2017-10-04 20:00:00
1507161600,1.17605,1.17623,1.1751,1.17575,0,2017-10-05 00:00:00
1507176000,1.17574,1.17644,1.17478,1.17635,0,2017-10-05 04:00:00
1507190400,1.17634,1.17787,1.17426,1.17465,0,2017-10-05 08:00:00
1507204800,1.17465,1.17491,1.17124,1.1714,0,2017-10-05 12:00:00
1507219200,1.17141,1.17158,1.1699,1.17044,0,2017-10-05 16:00:00
1507233600,1.17042,1.17139,1.17031,1.17103,0,2017-10-05 20:00:00
1507248000,1.17102,1.17155,1.1699,1.17082,0,2017-10-06 00:00:00
1507262400,1.17081,1.17083,1.1686,1.16951,0,2017-10-06 04:00:00
1507276800,1.1695,1.17145,1.1686,1.17073,0,2017-10-06 08:00:00
1507291200,1.17074,1.17386,1.16691,1.17312,0,2017-10-06 12:00:00
1507305600,1.17315,1.17382,1.17187,1.17337,0,2017-10-06 16:00:00
1507320000,1.17335,1.1737,1.17258,1.17281,0,2017-10-06 20:00:00
1507492800,1.17271,1.17417,1.17271,1.17388,0,2017-10-08 20:00:00
1507507200,1.1739,1.17476,1.17316,1.1741,0,2017-10-09 00:00:00
1507521600,1.17411,1.17426,1.17232,1.1727,0,2017-10-09 04:00:00
1507536000,1.1727,1.17464,1.17195,1.17453,0,2017-10-09 08:00:00
1507550400,1.17452,1.17478,1.1725,1.1738,0,2017-10-09 12:00:00
1507564800,1.1738,1.17557,1.17361,1.17494,0,2017-10-09 16:00:00
1507579200,1.17493,1.17558,1.17376,1.17409,0,2017-10-09 20:00:00
1507593600,1.1741,1.1782,1.17399,1.17716,0,2017-10-10 00:00:00
1507608000,1.17718,1.17888,1.17655,1.17775,0,2017-10-10 04:00:00
1507622400,1.17773,1.18069,1.17623,1.17816,0,2017-10-10 08:00:00
1507636800,1.17817,1.1818,1.17734,1.18173,0,2017-10-10 12:00:00
1507651200,1.18172,1.18254,1.17955,1.18037,0,2017-10-10 16:00:00
1507665600,1.18039,1.18174,1.18023,1.18105,0,2017-10-10 20:00:00
1507680000,1.18104,1.18274,1.17951,1.18023,0,2017-10-11 00:00:00
1507694400,1.18022,1.1834,1.18001,1.18216,0,2017-10-11 04:00:00
1507708800,1.18215,1.18447,1.18012,1.18225,0,2017-10-11 08:00:00
1507723200,1.18224,1.18582,1.18183,1.18443,0,2017-10-11 12:00:00
1507737600,1.18442,1.18588,1.18397,1.18537,0,2017-10-11 16:00:00
1507752000,1.18539,1.18691,1.18485,1.18627,0,2017-10-11 20:00:00
1507766400,1.18628,1.18758,1.18584,1.18739,0,2017-10-12 00:00:00
1507780800,1.18739,1.18796,1.18644,1.18666,0,2017-10-12 04:00:00
1507795200,1.18665,1.18686,1.1851,1.18535,0,2017-10-12 08:00:00
1507809600,1.18534,1.18618,1.18289,1.18464,0,2017-10-12 12:00:00
1507824000,1.18466,1.18505,1.18269,1.18349,0,2017-10-12 16:00:00
1507838400,1.18351,1.18382,1.18258,1.18343,0,2017-10-12 20:00:00
1507852800,1.18344,1.18512,1.18249,1.18488,0,2017-10-13 00:00:00
1507867200,1.18489,1.18513,1.18357,1.18382,0,2017-10-13 04:00:00
1507881600,1.18383,1.18386,1.1815,1.18261,0,2017-10-13 08:00:00
1507896000,1.1826,1.18746,1.18052,1.18353,0,2017-10-13 12:00:00
1507910400,1.18355,1.18486,1.18106,1.18179,0,2017-10-13 16:00:00
1507924800,1.18181,1.18258,1.18167,1.18189,0,2017-10-13 20:00:00
1508097600,1.18101,1.18182,1.18062,1.18066,0,2017-10-15 20:00:00
1508112000,1.18066,1.18193,1.17978,1.18076,0,2017-10-16 00:00:00
1508126400,1.18076,1.18104,1.17837,1.17838,0,2017-10-16 04:00:00
1508140800,1.17839,1.18062,1.17805,1.18015,0,2017-10-16 08:00:00
1508155200,1.18019,1.18167,1.17948,1.17962,0,2017-10-16 12:00:00
1508169600,1.17962,1.18196,1.17893,1.17916,0,2017-10-16 16:00:00
1508184000,1.17915,1.17998,1.1786,1.17919,0,2017-10-16 20:00:00
1508198400,1.1792,1.17948,1.17748,1.17832,0,2017-10-17 00:00:00
1508212800,1.17831,1.17839,1.1756,1.17572,0,2017-10-17 04:00:00
1508227200,1.17571,1.17751,1.17543,1.176,0,2017-10-17 08:00:00
1508241600,1.176,1.17681,1.17359,1.17508,0,2017-10-17 12:00:00
1508256000,1.17506,1.17748,1.17443,1.17713,0,2017-10-17 16:00:00
1508270400,1.17712,1.17719,1.17639,1.1768,0,2017-10-17 20:00:00
1508284800,1.17683,1.17805,1.17671,1.17723,0,2017-10-18 00:00:00
1508299200,1.17723,1.17727,1.17535,1.17537,0,2017-10-18 04:00:00
1508313600,1.17538,1.17686,1.17301,1.17523,0,2017-10-18 08:00:00
1508328000,1.17523,1.178,1.17435,1.17771,0,2017-10-18 12:00:00
1508342400,1.1777,1.18053,1.17666,1.1803,0,2017-10-18 16:00:00
1508356800,1.18028,1.18034,1.17856,1.17949,0,2017-10-18 20:00:00
1508371200,1.17952,1.18164,1.17924,1.1798,0,2017-10-19 00:00:00
1508385600,1.17984,1.18225,1.17946,1.18213,0,2017-10-19 04:00:00
1508400000,1.18212,1.18364,1.17679,1.18237,0,2017-10-19 08:00:00
1508414400,1.18238,1.18579,1.18221,1.18523,0,2017-10-19 12:00:00
1508428800,1.18522,1.18546,1.18269,1.18288,0,2017-10-19 16:00:00
1508443200,1.18287,1.18577,1.1826,1.18466,0,2017-10-19 20:00:00
1508457600,1.18467,1.18578,1.18073,1.18095,0,2017-10-20 00:00:00
1508472000,1.18095,1.18208,1.1804,1.18163,0,2017-10-20 04:00:00
1508486400,1.18161,1.18261,1.17905,1.18067,0,2017-10-20 08:00:00
1508500800,1.18066,1.18204,1.17806,1.17862,0,2017-10-20 12:00:00
1508515200,1.17865,1.17897,1.17624,1.17777,0,2017-10-20 16:00:00
1508529600,1.17776,1.17837,1.17661,1.17837,0,2017-10-20 20:00:00
1508702400,1.17622,1.1774,1.17609,1.17614,0,2017-10-22 20:00:00
1508716800,1.1762,1.17709,1.17512,1.17689,0,2017-10-23 00:00:00
1508731200,1.17687,1.17773,1.17589,1.17593,0,2017-10-23 04:00:00
1508745600,1.17595,1.17627,1.17349,1.17445,0,2017-10-23 08:00:00
1508760000,1.17445,1.17568,1.17332,1.17451,0,2017-10-23 12:00:00
1508774400,1.17454,1.17633,1.17249,1.17372,0,2017-10-23 16:00:00
1508788800,1.17373,1.17539,1.17356,1.17492,0,2017-10-23 20:00:00
1508803200,1.17492,1.17651,1.17488,1.17607,0,2017-10-24 00:00:00
1508817600,1.17608,1.17699,1.17532,1.17573,0,2017-10-24 04:00:00
1508832000,1.17572,1.17669,1.17427,1.17591,0,2017-10-24 08:00:00
1508846400,1.17592,1.17768,1.17515,1.17615,0,2017-10-24 12:00:00
1508860800,1.17617,1.17868,1.17561,1.17851,0,2017-10-24 16:00:00
1508875200,1.17852,1.17926,1.17579,1.17642,0,2017-10-24 20:00:00
1508889600,1.17642,1.17658,1.17529,1.17598,0,2017-10-25 00:00:00
1508904000,1.17597,1.17668,1.17534,1.1761,0,2017-10-25 04:00:00
1508918400,1.17611,1.17816,1.17554,1.17764,0,2017-10-25 08:00:00
1508932800,1.17762,1.1817,1.17695,1.1811,0,2017-10-25 12:00:00
1508947200,1.18109,1.18177,1.1801,1.18055,0,2017-10-25 16:00:00
1508961600,1.18056,1.18167,1.18,1.18151,0,2017-10-25 20:00:00
1508976000,1.1815,1.18326,1.18146,1.1824,0,2017-10-26 00:00:00
1508990400,1.18239,1.18366,1.18202,1.18223,0,2017-10-26 04:00:00
1509004800,1.18222,1.18287,1.18033,1.18125,0,2017-10-26 08:00:00
1509019200,1.18125,1.18147,1.16992,1.17032,0,2017-10-26 12:00:00
1509033600,1.17031,1.17073,1.16558,1.16585,0,2017-10-26 16:00:00
1509048000,1.16584,1.1659,1.16405,1.16458,0,2017-10-26 20:00:00
1509062400,1.16456,1.16456,1.16244,1.16361,0,2017-10-27 00:00:00
1509076800,1.16358,1.16437,1.1621,1.16237,0,2017-10-27 04:00:00
1509091200,1.16234,1.16385,1.16157,1.1626,0,2017-10-27 08:00:00
1509105600,1.1626,1.16261,1.15782,1.158,0,2017-10-27 12:00:00
1509120000,1.15804,1.15999,1.15743,1.15973,0,2017-10-27 16:00:00
1509134400,1.15973,1.16093,1.1596,1.16059,0,2017-10-27 20:00:00
1509307200,1.16071,1.16153,1.15937,1.15948,0,2017-10-29 20:00:00
1509321600,1.15946,1.16145,1.15946,1.1609,0,2017-10-30 00:00:00
1509336000,1.16091,1.16177,1.16075,1.16169,0,2017-10-30 04:00:00
1509350400,1.16166,1.16418,1.16014,1.16374,0,2017-10-30 08:00:00
1509364800,1.16374,1.16417,1.16034,1.16171,0,2017-10-30 12:00:00
1509379200,1.16171,1.1646,1.16126,1.16386,0,2017-10-30 16:00:00
1509393600,1.16384,1.16577,1.16366,1.1643,0,2017-10-30 20:00:00
1509408000,1.16431,1.16527,1.16327,1.1638,0,2017-10-31 00:00:00
1509422400,1.16379,1.16499,1.1625,1.16433,0,2017-10-31 04:00:00
1509436800,1.1643,1.16489,1.16252,1.16302,0,2017-10-31 08:00:00
1509451200,1.16302,1.16435,1.16264,1.1638,0,2017-10-31 12:00:00
1509465600,1.16382,1.16612,1.16299,1.16506,0,2017-10-31 16:00:00
1509480000,1.16507,1.16567,1.16397,1.16492,0,2017-10-31 20:00:00
1509494400,1.16493,1.16546,1.16312,1.16322,0,2017-11-01 00:00:00
1509508800,1.16324,1.16457,1.16255,1.16401,0,2017-11-01 04:00:00
1509523200,1.164,1.1657,1.1632,1.16415,0,2017-11-01 08:00:00
1509537600,1.16412,1.16433,1.16062,1.16321,0,2017-11-01 12:00:00
1509552000,1.16321,1.16412,1.16103,1.16192,0,2017-11-01 16:00:00
1509566400,1.16192,1.16336,1.16128,1.16183,0,2017-11-01 20:00:00
1509580800,1.16184,1.16717,1.16174,1.16536,0,2017-11-02 00:00:00
1509595200,1.16537,1.16624,1.16497,1.16571,0,2017-11-02 04:00:00
1509609600,1.16573,1.16626,1.16258,1.16482,0,2017-11-02 08:00:00
1509624000,1.16482,1.16872,1.1635,1.16622,0,2017-11-02 12:00:00
1509638400,1.16621,1.16782,1.1654,1.1659,0,2017-11-02 16:00:00
1509652800,1.16589,1.16643,1.16478,1.16569,0,2017-11-02 20:00:00
1509667200,1.16569,1.1666,1.16543,1.16588,0,2017-11-03 00:00:00
1509681600,1.16589,1.16678,1.16564,1.16603,0,2017-11-03 04:00:00
1509696000,1.16602,1.16602,1.16399,1.16439,0,2017-11-03 08:00:00
1509710400,1.1644,1.16902,1.16061,1.1609,0,2017-11-03 12:00:00
1509724800,1.16091,1.16199,1.1599,1.16073,0,2017-11-03 16:00:00
1509739200,1.16072,1.16141,1.16048,1.16055,0,2017-11-03 20:00:00
1509912000,1.16134,1.1618,1.16034,1.16148,0,2017-11-05 20:00:00
1509926400,1.16148,1.16237,1.15969,1.1614,0,2017-11-06 00:00:00
1509940800,1.1614,1.16167,1.15956,1.16105,0,2017-11-06 04:00:00
1509955200,1.16108,1.16149,1.15881,1.15924,0,2017-11-06 08:00:00
1509969600,1.15923,1.15984,1.15802,1.15848,0,2017-11-06 12:00:00
1509984000,1.15849,1.16159,1.15839,1.16056,0,2017-11-06 16:00:00
1509998400,1.16055,1.16148,1.16031,1.16112,0,2017-11-06 20:00:00
1510012800,1.16111,1.16153,1.16018,1.16115,0,2017-11-07 00:00:00
1510027200,1.16114,1.16119,1.15856,1.15884,0,2017-11-07 04:00:00
1510041600,1.15885,1.15937,1.15541,1.15697,0,2017-11-07 08:00:00
1510056000,1.15696,1.15902,1.1558,1.15749,0,2017-11-07 12:00:00
1510070400,1.15751,1.15883,1.15637,1.15871,0,2017-11-07 16:00:00
1510084800,1.15871,1.1606,1.15841,1.16008,0,2017-11-07 20:00:00
1510099200,1.16007,1.16036,1.15913,1.15964,0,2017-11-08 00:00:00
1510113600,1.15964,1.16044,1.1585,1.15956,0,2017-11-08 04:00:00
1510128000,1.15957,1.1611,1.15912,1.15974,0,2017-11-08 08:00:00
1510142400,1.15974,1.1604,1.15833,1.15851,0,2017-11-08 12:00:00
1510156800,1.15852,1.15963,1.1579,1.15954,0,2017-11-08 16:00:00
1510171200,1.15954,1.15987,1.15903,1.15951,0,2017-11-08 20:00:00
1510185600,1.15953,1.16,1.15855,1.1592,0,2017-11-09 00:00:00
1510200000,1.15921,1.16154,1.15911,1.16054,0,2017-11-09 04:00:00
1510214400,1.16053,1.1644,1.15897,1.16399,0,2017-11-09 08:00:00
1510228800,1.164,1.164,1.16004,1.1624,0,2017-11-09 12:00:00
1510243200,1.16241,1.16546,1.16239,1.16483,0,2017-11-09 16:00:00
1510257600,1.16484,1.16499,1.16376,1.16463,0,2017-11-09 20:00:00
1510272000,1.16461,1.16542,1.16423,1.16473,0,2017-11-10 00:00:00
1510286400,1.16476,1.16506,1.16327,1.1633,0,2017-11-10 04:00:00
1510300800,1.16329,1.16619,1.16228,1.16394,0,2017-11-10 08:00:00
1510315200,1.16393,1.16777,1.16386,1.1661,0,2017-11-10 12:00:00
1510329600,1.16612,1.16686,1.16507,1.16665,0,2017-11-10 16:00:00
1510344000,1.16666,1.16688,1.16624,1.16624,0,2017-11-10 20:00:00
1510516800,1.16559,1.16647,1.1655,1.16607,0,2017-11-12 20:00:00
1510531200,1.16608,1.16618,1.16448,1.16553,0,2017-11-13 00:00:00
1510545600,1.1655,1.166,1.16392,1.16401,0,2017-11-13 04:00:00
1510560000,1.16402,1.1653,1.16373,1.16506,0,2017-11-13 08:00:00
1510574400,1.16505,1.1675,1.165,1.16645,0,2017-11-13 12:00:00
1510588800,1.1664,1.16691,1.1655,1.16671,0,2017-11-13 16:00:00
1510603200,1.1667,1.16709,1.16613,1.16646,0,2017-11-13 20:00:00
1510617600,1.16646,1.16756,1.16625,1.16713,0,2017-11-14 00:00:00
1510632000,1.16712,1.16958,1.1665,1.16894,0,2017-11-14 04:00:00
1510646400,1.16894,1.17279,1.16849,1.17236,0,2017-11-14 08:00:00
1510660800,1.17237,1.17637,1.17222,1.17554,0,2017-11-14 12:00:00
1510675200,1.17553,1.18048,1.17514,1.17939,0,2017-11-14 16:00:00
1510689600,1.1794,1.18015,1.17888,1.17906,0,2017-11-14 20:00:00
1510704000,1.17908,1.17991,1.17858,1.17968,0,2017-11-15 00:00:00
1510718400,1.17967,1.18168,1.17848,1.18111,0,2017-11-15 04:00:00
1510732800,1.18108,1.18528,1.18077,1.18464,0,2017-11-15 08:00:00
1510747200,1.18465,1.18606,1.17994,1.18008,0,2017-11-15 12:00:00
1510761600,1.18007,1.18035,1.17898,1.17933,0,2017-11-15 16:00:00
1510776000,1.17931,1.17956,1.17679,1.17826,0,2017-11-15 20:00:00
1510790400,1.17828,1.17892,1.17768,1.17772,0,2017-11-16 00:00:00
1510804800,1.17774,1.18007,1.17711,1.17712,0,2017-11-16 04:00:00
1510819200,1.17713,1.17966,1.1757,1.17646,0,2017-11-16 08:00:00
1510833600,1.17645,1.1785,1.1759,1.17732,0,2017-11-16 12:00:00
1510848000,1.17733,1.1779,1.17592,1.17653,0,2017-11-16 16:00:00
1510862400,1.17658,1.17784,1.17612,1.17781,0,2017-11-16 20:00:00
1510876800,1.17782,1.18216,1.17754,1.18085,0,2017-11-17 00:00:00
1510891200,1.18086,1.18157,1.17867,1.17873,0,2017-11-17 04:00:00
1510905600,1.17873,1.18123,1.1784,1.17939,0,2017-11-17 08:00:00
1510920000,1.17939,1.18026,1.17738,1.17806,0,2017-11-17 12:00:00
1510934400,1.17806,1.18059,1.17762,1.17965,0,2017-11-17 16:00:00
1510948800,1.17965,1.18057,1.17859,1.17895,0,2017-11-17 20:00:00
1511121600,1.17852,1.17969,1.17222,1.17342,0,2017-11-19 20:00:00
1511136000,1.17342,1.17506,1.17251,1.17365,0,2017-11-20 00:00:00
1511150400,1.17363,1.17552,1.17274,1.17543,0,2017-11-20 04:00:00
1511164800,1.17542,1.18086,1.17517,1.17759,0,2017-11-20 08:00:00
1511179200,1.17759,1.17858,1.17421,1.1748,0,2017-11-20 12:00:00
1511193600,1.17481,1.1755,1.173,1.1732,0,2017-11-20 16:00:00
1511208000,1.17319,1.17382,1.17279,1.17372,0,2017-11-20 20:00:00
1511222400,1.17371,1.17444,1.17302,1.17379,0,2017-11-21 00:00:00
1511236800,1.1738,1.17495,1.173,1.17361,0,2017-11-21 04:00:00
1511251200,1.17361,1.17575,1.17138,1.17219,0,2017-11-21 08:00:00
1511265600,1.1722,1.17445,1.1713,1.1725,0,2017-11-21 12:00:00
1511280000,1.17249,1.17519,1.1724,1.17426,0,2017-11-21 16:00:00
1511294400,1.17426,1.1747,1.17314,1.17415,0,2017-11-21 20:00:00
1511308800,1.17412,1.17474,1.17348,1.17385,0,2017-11-22 00:00:00
1511323200,1.17384,1.17617,1.17377,1.17575,0,2017-11-22 04:00:00
1511337600,1.17574,1.17728,1.17456,1.1753,0,2017-11-22 08:00:00
1511352000,1.17528,1.17966,1.17355,1.17859,0,2017-11-22 12:00:00
1511366400,1.1786,1.18268,1.17833,1.18249,0,2017-11-22 16:00:00
1511380800,1.1825,1.18253,1.18137,1.18146,0,2017-11-22 20:00:00
1511395200,1.18146,1.18379,1.1813,1.18323,0,2017-11-23 00:00:00
1511409600,1.18322,1.18389,1.18237,1.18275,0,2017-11-23 04:00:00
1511424000,1.18263,1.18512,1.18263,1.18455,0,2017-11-23 08:00:00
1511438400,1.18454,1.18558,1.18409,1.1843,0,2017-11-23 12:00:00
1511452800,1.1843,1.18545,1.184,1.18514,0,2017-11-23 16:00:00
1511467200,1.18512,1.18534,1.18447,1.18502,0,2017-11-23 20:00:00
1511481600,1.18501,1.18558,1.18367,1.18481,0,2017-11-24 00:00:00
1511496000,1.18483,1.18588,1.18369,1.18478,0,2017-11-24 04:00:00
1511510400,1.18474,1.18746,1.1843,1.18564,0,2017-11-24 08:00:00
1511524800,1.18565,1.19383,1.18551,1.1934,0,2017-11-24 12:00:00
1511539200,1.19342,1.19441,1.19228,1.19266,0,2017-11-24 16:00:00
1511553600,1.19265,1.19383,1.19253,1.19304,0,2017-11-24 20:00:00
1511726400,1.19244,1.19359,1.19235,1.19273,0,2017-11-26 20:00:00
1511740800,1.19275,1.19302,1.19118,1.19247,0,2017-11-27 00:00:00
1511755200,1.19246,1.19333,1.19173,1.19272,0,2017-11-27 04:00:00
1511769600,1.19275,1.19567,1.19206,1.19369,0,2017-11-27 08:00:00
1511784000,1.1937,1.19611,1.1915,1.19187,0,2017-11-27 12:00:00
1511798400,1.19196,1.19262,1.18955,1.18996,0,2017-11-27 16:00:00
1511812800,1.18995,1.1905,1.18902,1.19041,0,2017-11-27 20:00:00
1511827200,1.19039,1.19085,1.18973,1.19039,0,2017-11-28 00:00:00
1511841600,1.19039,1.19108,1.18853,1.18883,0,2017-11-28 04:00:00
1511856000,1.18884,1.19199,1.18747,1.18863,0,2017-11-28 08:00:00
1511870400,1.18862,1.19002,1.1864,1.18696,0,2017-11-28 12:00:00
1511884800,1.18695,1.18851,1.18269,1.1838,0,2017-11-28 16:00:00
1511899200,1.18374,1.1852,1.18325,1.18488,0,2017-11-28 20:00:00
1511913600,1.18491,1.18554,1.184,1.18533,0,2017-11-29 00:00:00
1511928000,1.18532,1.18715,1.18477,1.1869,0,2017-11-29 04:00:00
1511942400,1.18692,1.18827,1.18307,1.18426,0,2017-11-29 08:00:00
1511956800,1.18423,1.18545,1.18168,1.18494,0,2017-11-29 12:00:00
1511971200,1.18495,1.18658,1.18474,1.18624,0,2017-11-29 16:00:00
1511985600,1.18625,1.18637,1.18452,1.1852,0,2017-11-29 20:00:00
1512000000,1.18518,1.18709,1.18475,1.18655,0,2017-11-30 00:00:00
1512014400,1.18655,1.18758,1.18583,1.18643,0,2017-11-30 04:00:00
1512028800,1.18643,1.18669,1.18088,1.18362,0,2017-11-30 08:00:00
1512043200,1.18362,1.19309,1.18353,1.19222,0,2017-11-30 12:00:00
1512057600,1.19225,1.19313,1.18852,1.18976,0,2017-11-30 16:00:00
1512072000,1.18978,1.19146,1.1886,1.18979,0,2017-11-30 20:00:00
1512086400,1.1898,1.19155,1.18963,1.19115,0,2017-12-01 00:00:00
1512100800,1.19114,1.19326,1.19068,1.19157,0,2017-12-01 04:00:00
1512115200,1.19156,1.19402,1.18835,1.19005,0,2017-12-01 08:00:00
1512129600,1.19004,1.19026,1.18508,1.1865,0,2017-12-01 12:00:00
1512144000,1.18653,1.19345,1.18642,1.18941,0,2017-12-01 16:00:00
1512158400,1.18941,1.18998,1.18898,1.1894,0,2017-12-01 20:00:00
1512331200,1.18604,1.18749,1.18563,1.18565,0,2017-12-03 20:00:00
1512345600,1.18566,1.18758,1.1856,1.18707,0,2017-12-04 00:00:00
1512360000,1.18706,1.18717,1.18362,1.18493,0,2017-12-04 04:00:00
1512374400,1.18497,1.18785,1.18435,1.1858,0,2017-12-04 08:00:00
1512388800,1.18582,1.18673,1.18291,1.18494,0,2017-12-04 12:00:00
1512403200,1.18495,1.18597,1.18415,1.1856,0,2017-12-04 16:00:00
1512417600,1.18559,1.18704,1.18475,1.18676,0,2017-12-04 20:00:00
1512432000,1.18677,1.18767,1.18635,1.1875,0,2017-12-05 00:00:00
1512446400,1.18754,1.18764,1.18567,1.1858,0,2017-12-05 04:00:00
1512460800,1.18579,1.18737,1.18417,1.18656,0,2017-12-05 08:00:00
1512475200,1.18656,1.18672,1.18129,1.18325,0,2017-12-05 12:00:00
1512489600,1.18326,1.18329,1.18007,1.18139,0,2017-12-05 16:00:00
1512504000,1.18136,1.18311,1.18136,1.18305,0,2017-12-05 20:00:00
1512518400,1.18304,1.18478,1.18162,1.18424,0,2017-12-06 00:00:00
1512532800,1.18424,1.18449,1.18192,1.18235,0,2017-12-06 04:00:00
1512547200,1.18231,1.18335,1.18084,1.18125,0,2017-12-06 08:00:00
1512561600,1.18124,1.18236,1.17854,1.17881,0,2017-12-06 12:00:00
1512576000,1.17882,1.17988,1.17805,1.1791,0,2017-12-06 16:00:00
1512590400,1.17912,1.18086,1.17901,1.1804,0,2017-12-06 20:00:00
1512604800,1.18041,1.18065,1.17925,1.1804,0,2017-12-07 00:00:00
1512619200,1.18039,1.18066,1.17866,1.17955,0,2017-12-07 04:00:00
1512633600,1.17951,1.18046,1.17759,1.17876,0,2017-12-07 08:00:00
1512648000,1.17878,1.18006,1.17762,1.17896,0,2017-12-07 12:00:00
1512662400,1.17896,1.18145,1.17728,1.17728,0,2017-12-07 16:00:00
1512676800,1.1773,1.17809,1.17711,1.17726,0,2017-12-07 20:00:00
1512691200,1.17724,1.17744,1.17615,1.17674,0,2017-12-08 00:00:00
1512705600,1.17675,1.17681,1.17425,1.17511,0,2017-12-08 04:00:00
1512720000,1.1751,1.1754,1.17323,1.17379,0,2017-12-08 08:00:00
1512734400,1.17378,1.17709,1.173,1.17509,0,2017-12-08 12:00:00
1512748800,1.17545,1.1768,1.17466,1.17672,0,2017-12-08 16:00:00
1512763200,1.17671,1.17733,1.17642,1.17705,0,2017-12-08 20:00:00
1512936000,1.17635,1.17716,1.17622,1.17676,0,2017-12-10 20:00:00
1512950400,1.17675,1.17838,1.17673,1.17806,0,2017-12-11 00:00:00
1512964800,1.17805,1.17908,1.17758,1.17828,0,2017-12-11 04:00:00
1512979200,1.17829,1.18033,1.1775,1.17915,0,2017-12-11 08:00:00
1512993600,1.17916,1.18115,1.17766,1.17951,0,2017-12-11 12:00:00
1513008000,1.17951,1.18066,1.17829,1.17861,0,2017-12-11 16:00:00
1513022400,1.17857,1.17872,1.17642,1.1776,0,2017-12-11 20:00:00
1513036800,1.17761,1.17796,1.17644,1.17687,0,2017-12-12 00:00:00
1513051200,1.17687,1.17841,1.17676,1.17713,0,2017-12-12 04:00:00
1513065600,1.17712,1.17926,1.17699,1.17751,0,2017-12-12 08:00:00
1513080000,1.17752,1.1779,1.17218,1.17295,0,2017-12-12 12:00:00
1513094400,1.17296,1.17406,1.17175,1.17384,0,2017-12-12 16:00:00
1513108800,1.17385,1.17487,1.17343,1.17422,0,2017-12-12 20:00:00
1513123200,1.17424,1.1762,1.17417,1.17577,0,2017-12-13 00:00:00
1513137600,1.17575,1.17626,1.17379,1.17382,0,2017-12-13 04:00:00
1513152000,1.17381,1.17543,1.17374,1.17392,0,2017-12-13 08:00:00
1513166400,1.17392,1.17707,1.17294,1.17575,0,2017-12-13 12:00:00
1513180800,1.17576,1.18227,1.17547,1.18203,0,2017-12-13 16:00:00
1513195200,1.18206,1.18404,1.18127,1.18361,0,2017-12-13 20:00:00
1513209600,1.18362,1.18437,1.18286,1.18352,0,2017-12-14 00:00:00
1513224000,1.18351,1.18379,1.18107,1.18178,0,2017-12-14 04:00:00
1513238400,1.18177,1.18376,1.18121,1.18251,0,2017-12-14 08:00:00
1513252800,1.18253,1.18624,1.1771,1.17775,0,2017-12-14 12:00:00
1513267200,1.17776,1.18013,1.17706,1.17919,0,2017-12-14 16:00:00
1513281600,1.17922,1.17959,1.17642,1.17744,0,2017-12-14 20:00:00
1513296000,1.17743,1.17909,1.17732,1.17813,0,2017-12-15 00:00:00
1513310400,1.17814,1.17969,1.17783,1.17923,0,2017-12-15 04:00:00
1513324800,1.17921,1.18121,1.17792,1.17988,0,2017-12-15 08:00:00
1513339200,1.17988,1.18093,1.17617,1.17637,0,2017-12-15 12:00:00
1513353600,1.17638,1.17819,1.17504,1.17571,0,2017-12-15 16:00:00
1513368000,1.17571,1.17596,1.1747,1.1747,0,2017-12-15 20:00:00
1513540800,1.17418,1.17506,1.17371,1.17434,0,2017-12-17 20:00:00
1513555200,1.17432,1.17651,1.1742,1.17638,0,2017-12-18 00:00:00
1513569600,1.17637,1.17808,1.17596,1.17803,0,2017-12-18 04:00:00
1513584000,1.17804,1.17982,1.17754,1.17929,0,2017-12-18 08:00:00
1513598400,1.1793,1.1834,1.17877,1.18119,0,2017-12-18 12:00:00
1513612800,1.18118,1.18163,1.17754,1.17837,0,2017-12-18 16:00:00
1513627200,1.1784,1.17852,1.17783,1.17836,0,2017-12-18 20:00:00
1513641600,1.17835,1.17899,1.17764,1.17888,0,2017-12-19 00:00:00
1513656000,1.17887,1.18063,1.1787,1.18058,0,2017-12-19 04:00:00
1513670400,1.18059,1.18184,1.1791,1.18095,0,2017-12-19 08:00:00
1513684800,1.18096,1.18317,1.18048,1.18096,0,2017-12-19 12:00:00
1513699200,1.18095,1.18486,1.18048,1.18447,0,2017-12-19 16:00:00
1513713600,1.18446,1.18462,1.18364,1.18368,0,2017-12-19 20:00:00
1513728000,1.18369,1.18468,1.18352,1.18464,0,2017-12-20 00:00:00
1513742400,1.18465,1.18487,1.18288,1.18416,0,2017-12-20 04:00:00
1513756800,1.18414,1.18577,1.1835,1.18366,0,2017-12-20 08:00:00
1513771200,1.18366,1.19017,1.18323,1.18833,0,2017-12-20 12:00:00
1513785600,1.18831,1.18889,1.18739,1.18779,0,2017-12-20 16:00:00
1513800000,1.1878,1.18823,1.1868,1.18775,0,2017-12-20 20:00:00
1513814400,1.18774,1.18818,1.18643,1.18657,0,2017-12-21 00:00:00
1513828800,1.18655,1.1875,1.18631,1.18725,0,2017-12-21 04:00:00
1513843200,1.18722,1.18893,1.18643,1.18659,0,2017-12-21 08:00:00
1513857600,1.1866,1.18707,1.18493,1.186,0,2017-12-21 12:00:00
1513872000,1.18601,1.1879,1.18586,1.18719,0,2017-12-21 16:00:00
1513886400,1.18719,1.18786,1.18519,1.18519,0,2017-12-21 20:00:00
1513900800,1.18521,1.18534,1.18169,1.18488,0,2017-12-22 00:00:00
1513915200,1.18488,1.1861,1.18468,1.18525,0,2017-12-22 04:00:00
1513929600,1.18526,1.18619,1.18446,1.18518,0,2017-12-22 08:00:00
1513944000,1.18518,1.18567,1.18286,1.18346,0,2017-12-22 12:00:00
1513958400,1.18345,1.1857,1.18301,1.18502,0,2017-12-22 16:00:00
1513972800,1.18503,1.18637,1.185,1.18597,0,2017-12-22 20:00:00
1514232000,1.18678,1.18737,1.18513,1.1871,0,2017-12-25 20:00:00
1514246400,1.18705,1.18734,1.18626,1.18703,0,2017-12-26 00:00:00
1514260800,1.18707,1.18754,1.18669,1.1872,0,2017-12-26 04:00:00
1514275200,1.1872,1.18755,1.18498,1.18513,0,2017-12-26 08:00:00
1514289600,1.18514,1.18786,1.18464,1.18653,0,2017-12-26 12:00:00
1514304000,1.18652,1.18715,1.18612,1.18632,0,2017-12-26 16:00:00
1514318400,1.18635,1.18654,1.18547,1.18572,0,2017-12-26 20:00:00
1514332800,1.18571,1.18672,1.18551,1.18634,0,2017-12-27 00:00:00
1514347200,1.18632,1.18844,1.18621,1.18676,0,2017-12-27 04:00:00
1514361600,1.18675,1.18951,1.18655,1.18923,0,2017-12-27 08:00:00
1514376000,1.18924,1.19103,1.189,1.18946,0,2017-12-27 12:00:00
1514390400,1.18948,1.19032,1.18852,1.18973,0,2017-12-27 16:00:00
1514404800,1.18976,1.19013,1.18841,1.19001,0,2017-12-27 20:00:00
1514419200,1.19,1.19107,1.18969,1.19099,0,2017-12-28 00:00:00
1514433600,1.19098,1.19406,1.19098,1.19397,0,2017-12-28 04:00:00
1514448000,1.19396,1.19464,1.19233,1.19365,0,2017-12-28 08:00:00
1514462400,1.19366,1.19505,1.19318,1.19365,0,2017-12-28 12:00:00
1514476800,1.19366,1.19589,1.19366,1.19525,0,2017-12-28 16:00:00
1514491200,1.19527,1.19534,1.19355,1.19395,0,2017-12-28 20:00:00
1514505600,1.19394,1.19491,1.19369,1.19424,0,2017-12-29 00:00:00
1514520000,1.19426,1.19585,1.19415,1.19522,0,2017-12-29 04:00:00
1514534400,1.19523,1.19892,1.19516,1.1987,0,2017-12-29 08:00:00
1514548800,1.1987,1.20111,1.19824,1.20096,0,2017-12-29 12:00:00
1514563200,1.20097,1.20255,1.20016,1.2009,0,2017-12-29 16:00:00
1514577600,1.20092,1.20105,1.19922,1.20005,0,2017-12-29 20:00:00
1514836800,1.20037,1.20164,1.20017,1.20107,0,2018-01-01 20:00:00
1514851200,1.20106,1.2023,1.20077,1.20118,0,2018-01-02 00:00:00
1514865600,1.20122,1.20382,1.20115,1.20362,0,2018-01-02 04:00:00
1514880000,1.20363,1.20812,1.20321,1.20592,0,2018-01-02 08:00:00
1514894400,1.20591,1.20686,1.20264,1.20444,0,2018-01-02 12:00:00
1514908800,1.20443,1.2059,1.20412,1.20532,0,2018-01-02 16:00:00
1514923200,1.20534,1.20659,1.20516,1.20614,0,2018-01-02 20:00:00
1514937600,1.20615,1.20637,1.20417,1.20467,0,2018-01-03 00:00:00
1514952000,1.20468,1.20605,1.20345,1.20391,0,2018-01-03 04:00:00
1514966400,1.20391,1.20434,1.20107,1.20149,0,2018-01-03 08:00:00
1514980800,1.2015,1.20344,1.20034,1.20234,0,2018-01-03 12:00:00
1514995200,1.20232,1.20323,1.20013,1.20162,0,2018-01-03 16:00:00
1515009600,1.20163,1.20289,1.20065,1.20107,0,2018-01-03 20:00:00
1515024000,1.20106,1.20188,1.20044,1.20143,0,2018-01-04 00:00:00
1515038400,1.20145,1.20379,1.20144,1.20282,0,2018-01-04 04:00:00
1515052800,1.20281,1.20656,1.20213,1.2062,0,2018-01-04 08:00:00
1515067200,1.2062,1.20889,1.2055,1.20743,0,2018-01-04 12:00:00
1515081600,1.20743,1.208,1.20608,1.20714,0,2018-01-04 16:00:00
1515096000,1.20715,1.20734,1.20624,1.20665,0,2018-01-04 20:00:00
1515110400,1.20664,1.20794,1.2065,1.20744,0,2018-01-05 00:00:00
1515124800,1.20743,1.20752,1.20554,1.20572,0,2018-01-05 04:00:00
1515139200,1.20573,1.20621,1.20416,1.20528,0,2018-01-05 08:00:00
1515153600,1.20528,1.20827,1.20205,1.20361,0,2018-01-05 12:00:00
1515168000,1.2036,1.20508,1.20301,1.20473,0,2018-01-05 16:00:00
1515182400,1.20473,1.20493,1.20277,1.20297,0,2018-01-05 20:00:00
1515355200,1.2026,1.20388,1.20259,1.2037,0,2018-01-07 20:00:00
1515369600,1.20369,1.20522,1.20268,1.20323,0,2018-01-08 00:00:00
1515384000,1.20324,1.20329,1.19927,1.19929,0,2018-01-08 04:00:00
1515398400,1.19928,1.20091,1.19832,1.19859,0,2018-01-08 08:00:00
1515412800,1.19861,1.19906,1.19591,1.19752,0,2018-01-08 12:00:00
1515427200,1.19753,1.1982,1.19557,1.19627,0,2018-01-08 16:00:00
1515441600,1.19626,1.19705,1.19611,1.19699,0,2018-01-08 20:00:00
1515456000,1.19693,1.19756,1.19579,1.19716,0,2018-01-09 00:00:00
1515470400,1.19716,1.19724,1.1951,1.1951,0,2018-01-09 04:00:00
1515484800,1.19512,1.19526,1.19209,1.19282,0,2018-01-09 08:00:00
1515499200,1.1928,1.19354,1.19156,1.19296,0,2018-01-09 12:00:00
1515513600,1.19297,1.19356,1.19164,1.19318,0,2018-01-09 16:00:00
1515528000,1.1932,1.1939,1.19277,1.19283,0,2018-01-09 20:00:00
1515542400,1.19282,1.19494,1.19281,1.19416,0,2018-01-10 00:00:00
1515556800,1.19418,1.19446,1.19231,1.19347,0,2018-01-10 04:00:00
1515571200,1.1935,1.20161,1.19315,1.20055,0,2018-01-10 08:00:00
1515585600,1.20055,1.20177,1.1973,1.19826,0,2018-01-10 12:00:00
1515600000,1.19826,1.19837,1.194,1.19582,0,2018-01-10 16:00:00
1515614400,1.19577,1.19653,1.19456,1.19559,0,2018-01-10 20:00:00
1515628800,1.19558,1.19699,1.1945,1.19534,0,2018-01-11 00:00:00
1515643200,1.19533,1.19544,1.19294,1.19399,0,2018-01-11 04:00:00
1515657600,1.19398,1.19515,1.19293,1.19434,0,2018-01-11 08:00:00
1515672000,1.19435,1.20589,1.19363,1.2049,0,2018-01-11 12:00:00
1515686400,1.2049,1.20497,1.203,1.20388,0,2018-01-11 16:00:00
1515700800,1.20389,1.20437,1.20276,1.20428,0,2018-01-11 20:00:00
1515715200,1.20429,1.20665,1.20415,1.20513,0,2018-01-12 00:00:00
1515729600,1.20514,1.20752,1.20399,1.20624,0,2018-01-12 04:00:00
1515744000,1.20626,1.21368,1.20522,1.21243,0,2018-01-12 08:00:00
1515758400,1.21244,1.21552,1.21114,1.2148,0,2018-01-12 12:00:00
1515772800,1.21479,1.2185,1.21221,1.21813,0,2018-01-12 16:00:00
1515787200,1.2181,1.22186,1.21766,1.22,0,2018-01-12 20:00:00
1515960000,1.21923,1.22116,1.21907,1.21919,0,2018-01-14 20:00:00
1515974400,1.2192,1.22088,1.21875,1.22001,0,2018-01-15 00:00:00
1515988800,1.22,1.22398,1.2196,1.22117,0,2018-01-15 04:00:00
1516003200,1.22115,1.22964,1.22095,1.22554,0,2018-01-15 08:00:00
1516017600,1.22553,1.22908,1.22513,1.22596,0,2018-01-15 12:00:00
1516032000,1.22597,1.22932,1.22591,1.22685,0,2018-01-15 16:00:00
1516046400,1.22684,1.22782,1.22613,1.22666,0,2018-01-15 20:00:00
1516060800,1.22668,1.22795,1.22478,1.22575,0,2018-01-16 00:00:00
1516075200,1.22574,1.22829,1.22158,1.22466,0,2018-01-16 04:00:00
1516089600,1.22465,1.22675,1.22014,1.22153,0,2018-01-16 08:00:00
1516104000,1.22151,1.22401,1.21952,1.22293,0,2018-01-16 12:00:00
1516118400,1.22292,1.22808,1.2225,1.22718,0,2018-01-16 16:00:00
1516132800,1.22716,1.2277,1.22537,1.22706,0,2018-01-16 20:00:00
1516147200,1.22707,1.2323,1.22592,1.22674,0,2018-01-17 00:00:00
1516161600,1.22675,1.22699,1.22084,1.22172,0,2018-01-17 04:00:00
1516176000,1.22176,1.22498,1.22052,1.22069,0,2018-01-17 08:00:00
1516190400,1.22069,1.22455,1.21963,1.22423,0,2018-01-17 12:00:00
1516204800,1.22423,1.22879,1.22254,1.22376,0,2018-01-17 16:00:00
1516219200,1.22374,1.22379,1.21645,1.21802,0,2018-01-17 20:00:00
1516233600,1.21803,1.2204,1.21733,1.21796,0,2018-01-18 00:00:00
1516248000,1.21797,1.22121,1.2179,1.22066,0,2018-01-18 04:00:00
1516262400,1.22066,1.22466,1.21959,1.22396,0,2018-01-18 08:00:00
1516276800,1.22397,1.22646,1.2227,1.22391,0,2018-01-18 12:00:00
1516291200,1.2239,1.22553,1.22198,1.22435,0,2018-01-18 16:00:00
1516305600,1.22432,1.22471,1.22262,1.2234,0,2018-01-18 20:00:00
1516320000,1.22341,1.227,1.22319,1.22666,0,2018-01-19 00:00:00
1516334400,1.22666,1.22791,1.22513,1.22718,0,2018-01-19 04:00:00
1516348800,1.22718,1.22952,1.22558,1.22734,0,2018-01-19 08:00:00
1516363200,1.22732,1.22732,1.22183,1.22209,0,2018-01-19 12:00:00
1516377600,1.2221,1.22432,1.22191,1.2233,0,2018-01-19 16:00:00
1516392000,1.22332,1.22343,1.22147,1.22173,0,2018-01-19 20:00:00
1516564800,1.22683,1.22704,1.22335,1.2256,0,2018-01-21 20:00:00
1516579200,1.22558,1.22573,1.22246,1.22287,0,2018-01-22 00:00:00
1516593600,1.22287,1.22427,1.22138,1.22373,0,2018-01-22 04:00:00
1516608000,1.22373,1.2267,1.22349,1.2255,0,2018-01-22 08:00:00
1516622400,1.22549,1.22603,1.22334,1.22536,0,2018-01-22 12:00:00
1516636800,1.22535,1.2261,1.2224,1.22584,0,2018-01-22 16:00:00
1516651200,1.22585,1.22641,1.22544,1.22564,0,2018-01-22 20:00:00
1516665600,1.22567,1.22756,1.22509,1.22575,0,2018-01-23 00:00:00
1516680000,1.22575,1.2271,1.22382,1.22513,0,2018-01-23 04:00:00
1516694400,1.22517,1.22575,1.2223,1.22363,0,2018-01-23 08:00:00
1516708800,1.22364,1.23061,1.22339,1.22931,0,2018-01-23 12:00:00
1516723200,1.2293,1.22953,1.22705,1.22951,0,2018-01-23 16:00:00
1516737600,1.22954,1.23151,1.22884,1.23086,0,2018-01-23 20:00:00
1516752000,1.23087,1.23182,1.22915,1.23145,0,2018-01-24 00:00:00
1516766400,1.23146,1.23351,1.23026,1.23124,0,2018-01-24 04:00:00
1516780800,1.23119,1.23558,1.23113,1.23399,0,2018-01-24 08:00:00
1516795200,1.23401,1.2402,1.23306,1.23806,0,2018-01-24 12:00:00
1516809600,1.23805,1.24148,1.23768,1.24043,0,2018-01-24 16:00:00
1516824000,1.24044,1.24099,1.23903,1.23924,0,2018-01-24 20:00:00
1516838400,1.23924,1.24396,1.23846,1.24312,0,2018-01-25 00:00:00
1516852800,1.24311,1.24592,1.2409,1.2419,0,2018-01-25 04:00:00
1516867200,1.2419,1.24331,1.23894,1.24032,0,2018-01-25 08:00:00
1516881600,1.24031,1.25375,1.23973,1.25039,0,2018-01-25 12:00:00
1516896000,1.25042,1.25065,1.23638,1.23901,0,2018-01-25 16:00:00
1516910400,1.23904,1.24308,1.23689,1.23912,0,2018-01-25 20:00:00
1516924800,1.23914,1.2433,1.23862,1.24294,0,2018-01-26 00:00:00
1516939200,1.24293,1.24935,1.24127,1.24746,0,2018-01-26 04:00:00
1516953600,1.24748,1.24909,1.243,1.24384,0,2018-01-26 08:00:00
1516968000,1.24384,1.24569,1.24129,1.24326,0,2018-01-26 12:00:00
1516982400,1.24327,1.24501,1.2407,1.24206,0,2018-01-26 16:00:00
1516996800,1.24207,1.2432,1.24061,1.24245,0,2018-01-26 20:00:00
1517169600,1.24256,1.24311,1.24126,1.24311,0,2018-01-28 20:00:00
1517184000,1.2431,1.24322,1.23851,1.24148,0,2018-01-29 00:00:00
1517198400,1.2415,1.24287,1.2394,1.2402,0,2018-01-29 04:00:00
1517212800,1.24021,1.2428,1.23886,1.23931,0,2018-01-29 08:00:00
1517227200,1.23926,1.2404,1.23453,1.23565,0,2018-01-29 12:00:00
1517241600,1.23566,1.23898,1.23365,1.23885,0,2018-01-29 16:00:00
1517256000,1.23884,1.23895,1.23771,1.23808,0,2018-01-29 20:00:00
1517270400,1.23809,1.2388,1.23602,1.23786,0,2018-01-30 00:00:00
1517284800,1.23787,1.23864,1.23466,1.23547,0,2018-01-30 04:00:00
1517299200,1.23554,1.24407,1.23352,1.24397,0,2018-01-30 08:00:00
1517313600,1.24397,1.24538,1.24031,1.24101,0,2018-01-30 12:00:00
1517328000,1.24103,1.24205,1.23839,1.24052,0,2018-01-30 16:00:00
1517342400,1.24054,1.24132,1.23937,1.24085,0,2018-01-30 20:00:00
1517356800,1.24083,1.24336,1.23989,1.24239,0,2018-01-31 00:00:00
1517371200,1.2424,1.24625,1.24151,1.24443,0,2018-01-31 04:00:00
1517385600,1.24441,1.24599,1.24254,1.24546,0,2018-01-31 08:00:00
1517400000,1.24543,1.24747,1.24449,1.24562,0,2018-01-31 12:00:00
1517414400,1.24563,1.24631,1.2387,1.24113,0,2018-01-31 16:00:00
1517428800,1.24115,1.24236,1.24021,1.24168,0,2018-01-31 20:00:00
1517443200,1.24169,1.24284,1.24055,1.24247,0,2018-02-01 00:00:00
1517457600,1.2425,1.24281,1.23853,1.24025,0,2018-02-01 04:00:00
1517472000,1.24026,1.24509,1.24021,1.24378,0,2018-02-01 08:00:00
1517486400,1.24375,1.24741,1.24315,1.24694,0,2018-02-01 12:00:00
1517500800,1.2469,1.25062,1.24624,1.25025,0,2018-02-01 16:00:00
1517515200,1.25025,1.25225,1.25014,1.25105,0,2018-02-01 20:00:00
1517529600,1.25104,1.25148,1.24887,1.24999,0,2018-02-02 00:00:00
1517544000,1.25,1.25142,1.24866,1.25096,0,2018-02-02 04:00:00
1517558400,1.25095,1.2518,1.24755,1.24902,0,2018-02-02 08:00:00
1517572800,1.24902,1.24966,1.24088,1.24356,0,2018-02-02 12:00:00
1517587200,1.24357,1.24905,1.24357,1.24512,0,2018-02-02 16:00:00
1517601600,1.2451,1.24644,1.2449,1.24543,0,2018-02-02 20:00:00
1517774400,1.24349,1.24545,1.24242,1.24463,0,2018-02-04 20:00:00
1517788800,1.24463,1.24664,1.24399,1.24547,0,2018-02-05 00:00:00
1517803200,1.24549,1.24638,1.24392,1.24396,0,2018-02-05 04:00:00
1517817600,1.24397,1.24747,1.24392,1.24476,0,2018-02-05 08:00:00
1517832000,1.24475,1.24502,1.23989,1.24199,0,2018-02-05 12:00:00
1517846400,1.24197,1.24298,1.23939,1.23988,0,2018-02-05 16:00:00
1517860800,1.23988,1.24218,1.23625,1.23661,0,2018-02-05 20:00:00
1517875200,1.23669,1.23882,1.23548,1.23669,0,2018-02-06 00:00:00
1517889600,1.23671,1.2404,1.23506,1.23959,0,2018-02-06 04:00:00
1517904000,1.2396,1.24344,1.2371,1.23724,0,2018-02-06 08:00:00
1517918400,1.23718,1.23727,1.23137,1.2344,0,2018-02-06 12:00:00
1517932800,1.2344,1.24039,1.23416,1.23912,0,2018-02-06 16:00:00
1517947200,1.23915,1.23957,1.23698,1.23803,0,2018-02-06 20:00:00
1517961600,1.23802,1.23933,1.23757,1.23854,0,2018-02-07 00:00:00
1517976000,1.23855,1.24059,1.2377,1.23827,0,2018-02-07 04:00:00
1517990400,1.23827,1.23882,1.23374,1.23498,0,2018-02-07 08:00:00
1518004800,1.23496,1.23508,1.22852,1.22931,0,2018-02-07 12:00:00
1518019200,1.2293,1.23047,1.22458,1.22767,0,2018-02-07 16:00:00
1518033600,1.22764,1.228,1.22514,1.22698,0,2018-02-07 20:00:00
1518048000,1.22699,1.22866,1.22653,1.2275,0,2018-02-08 00:00:00
1518062400,1.22749,1.22946,1.22544,1.22679,0,2018-02-08 04:00:00
1518076800,1.22677,1.22704,1.22249,1.22332,0,2018-02-08 08:00:00
1518091200,1.2233,1.22949,1.22121,1.22599,0,2018-02-08 12:00:00
1518105600,1.22597,1.22726,1.22321,1.22638,0,2018-02-08 16:00:00
1518120000,1.2264,1.2265,1.22419,1.22605,0,2018-02-08 20:00:00
1518134400,1.22607,1.22635,1.22401,1.22571,0,2018-02-09 00:00:00
1518148800,1.22569,1.22868,1.22475,1.22838,0,2018-02-09 04:00:00
1518163200,1.22837,1.22838,1.22335,1.22406,0,2018-02-09 08:00:00
1518177600,1.22403,1.22795,1.22274,1.22486,0,2018-02-09 12:00:00
1518192000,1.22484,1.22486,1.22055,1.2231,0,2018-02-09 16:00:00
1518206400,1.22311,1.22541,1.22294,1.22492,0,2018-02-09 20:00:00
1518379200,1.22479,1.22524,1.22411,1.22521,0,2018-02-11 20:00:00
1518393600,1.22522,1.22898,1.22515,1.22866,0,2018-02-12 00:00:00
1518408000,1.22865,1.22967,1.22689,1.22696,0,2018-02-12 04:00:00
1518422400,1.22694,1.22825,1.22584,1.22697,0,2018-02-12 08:00:00
1518436800,1.22697,1.22798,1.22349,1.2277,0,2018-02-12 12:00:00
1518451200,1.22769,1.22898,1.2261,1.22825,0,2018-02-12 16:00:00
1518465600,1.22827,1.23072,1.22817,1.23005,0,2018-02-12 20:00:00
1518480000,1.23006,1.23012,1.22844,1.22917,0,2018-02-13 00:00:00
1518494400,1.22916,1.23322,1.22914,1.23162,0,2018-02-13 04:00:00
1518508800,1.23161,1.23512,1.23098,1.23393,0,2018-02-13 08:00:00
1518523200,1.2339,1.2371,1.23263,1.23579,0,2018-02-13 12:00:00
1518537600,1.2358,1.23683,1.23445,1.23547,0,2018-02-13 16:00:00
1518552000,1.23549,1.23656,1.23466,1.23536,0,2018-02-13 20:00:00
1518566400,1.23534,1.23922,1.23511,1.23896,0,2018-02-14 00:00:00
1518580800,1.23895,1.23921,1.23642,1.23728,0,2018-02-14 04:00:00
1518595200,1.23726,1.23857,1.23418,1.23422,0,2018-02-14 08:00:00
1518609600,1.23421,1.24066,1.2276,1.24027,0,2018-02-14 12:00:00
1518624000,1.24028,1.24419,1.23846,1.24367,0,2018-02-14 16:00:00
1518638400,1.24368,1.24696,1.2434,1.24683,0,2018-02-14 20:00:00
1518652800,1.24682,1.24731,1.24479,1.24592,0,2018-02-15 00:00:00
1518667200,1.24591,1.25103,1.24545,1.25003,0,2018-02-15 04:00:00
1518681600,1.25002,1.2504,1.24651,1.24717,0,2018-02-15 08:00:00
1518696000,1.24718,1.25057,1.2461,1.24771,0,2018-02-15 12:00:00
1518710400,1.24772,1.25078,1.2457,1.25075,0,2018-02-15 16:00:00
1518724800,1.25076,1.25101,1.24954,1.25027,0,2018-02-15 20:00:00
1518739200,1.25027,1.25453,1.2497,1.25392,0,2018-02-16 00:00:00
1518753600,1.25391,1.2555,1.25268,1.25291,0,2018-02-16 04:00:00
1518768000,1.25292,1.25416,1.24741,1.24823,0,2018-02-16 08:00:00
1518782400,1.24825,1.24841,1.24289,1.24476,0,2018-02-16 12:00:00
1518796800,1.24475,1.24597,1.23932,1.24159,0,2018-02-16 16:00:00
1518811200,1.24158,1.2416,1.24029,1.24029,0,2018-02-16 20:00:00
1518984000,1.24013,1.24202,1.24013,1.24117,0,2018-02-18 20:00:00
1518998400,1.24117,1.2435,1.24107,1.24211,0,2018-02-19 00:00:00
1519012800,1.2421,1.24237,1.23878,1.24123,0,2018-02-19 04:00:00
1519027200,1.24122,1.2427,1.23943,1.24237,0,2018-02-19 08:00:00
1519041600,1.24237,1.24262,1.2369,1.23971,0,2018-02-19 12:00:00
1519056000,1.2397,1.24155,1.23912,1.24074,0,2018-02-19 16:00:00
1519070400,1.24073,1.24121,1.23943,1.24002,0,2018-02-19 20:00:00
1519084800,1.24,1.24105,1.23791,1.23857,0,2018-02-20 00:00:00
1519099200,1.23858,1.23964,1.23565,1.23602,0,2018-02-20 04:00:00
1519113600,1.23601,1.23728,1.23329,1.23483,0,2018-02-20 08:00:00
1519128000,1.23483,1.23616,1.232,1.23407,0,2018-02-20 12:00:00
1519142400,1.23408,1.23576,1.23254,1.2335,0,2018-02-20 16:00:00
1519156800,1.23351,1.234,1.23284,1.23354,0,2018-02-20 20:00:00
1519171200,1.23352,1.23446,1.23237,1.23303,0,2018-02-21 00:00:00
1519185600,1.233,1.23395,1.23102,1.23157,0,2018-02-21 04:00:00
1519200000,1.23156,1.23356,1.23075,1.23158,0,2018-02-21 08:00:00
1519214400,1.23157,1.23354,1.22999,1.23195,0,2018-02-21 12:00:00
1519228800,1.23194,1.23597,1.22992,1.2302,0,2018-02-21 16:00:00
1519243200,1.2302,1.23021,1.22726,1.22803,0,2018-02-21 20:00:00
1519257600,1.22804,1.22846,1.22649,1.2277,0,2018-02-22 00:00:00
1519272000,1.22768,1.22805,1.22597,1.22729,0,2018-02-22 04:00:00
1519286400,1.22728,1.22986,1.22647,1.22859,0,2018-02-22 08:00:00
1519300800,1.2286,1.23518,1.22644,1.23217,0,2018-02-22 12:00:00
1519315200,1.23217,1.23443,1.23139,1.2331,0,2018-02-22 16:00:00
1519329600,1.23311,1.23367,1.23194,1.23256,0,2018-02-22 20:00:00
1519344000,1.23255,1.23316,1.23017,1.2307,0,2018-02-23 00:00:00
1519358400,1.23072,1.23099,1.22798,1.22951,0,2018-02-23 04:00:00
1519372800,1.22949,1.23209,1.22876,1.23064,0,2018-02-23 08:00:00
1519387200,1.23063,1.23184,1.22871,1.22994,0,2018-02-23 12:00:00
1519401600,1.22995,1.23079,1.22849,1.2296,0,2018-02-23 16:00:00
1519416000,1.22961,1.23052,1.22883,1.22928,0,2018-02-23 20:00:00
1519588800,1.22907,1.22946,1.22808,1.22883,0,2018-02-25 20:00:00
1519603200,1.22883,1.23187,1.22802,1.23103,0,2018-02-26 00:00:00
1519617600,1.23101,1.23346,1.23072,1.23198,0,2018-02-26 04:00:00
1519632000,1.23201,1.23547,1.23157,1.23362,0,2018-02-26 08:00:00
1519646400,1.23355,1.23371,1.22777,1.22894,0,2018-02-26 12:00:00
1519660800,1.22898,1.23174,1.22865,1.23115,0,2018-02-26 16:00:00
1519675200,1.23116,1.23196,1.23076,1.2315,0,2018-02-26 20:00:00
1519689600,1.23153,1.23426,1.23142,1.23242,0,2018-02-27 00:00:00
1519704000,1.23243,1.23448,1.23198,1.23396,0,2018-02-27 04:00:00
1519718400,1.23376,1.23462,1.2313,1.23173,0,2018-02-27 08:00:00
1519732800,1.23174,1.23207,1.22215,1.2239,0,2018-02-27 12:00:00
1519747200,1.22389,1.22548,1.22254,1.22357,0,2018-02-27 16:00:00
1519761600,1.22355,1.224,1.22257,1.2226,0,2018-02-27 20:00:00
1519776000,1.22262,1.22376,1.22152,1.22236,0,2018-02-28 00:00:00
1519790400,1.22235,1.22415,1.2218,1.22235,0,2018-02-28 04:00:00
1519804800,1.22234,1.22298,1.21987,1.22181,0,2018-02-28 08:00:00
1519819200,1.2218,1.2228,1.21877,1.21957,0,2018-02-28 12:00:00
1519833600,1.21958,1.22222,1.21933,1.22033,0,2018-02-28 16:00:00
1519848000,1.22039,1.22044,1.21898,1.21914,0,2018-02-28 20:00:00
1519862400,1.21913,1.21983,1.21834,1.21957,0,2018-03-01 00:00:00
1519876800,1.21955,1.22131,1.21875,1.22002,0,2018-03-01 04:00:00
1519891200,1.22003,1.22056,1.21799,1.21845,0,2018-03-01 08:00:00
1519905600,1.21845,1.22057,1.21544,1.21763,0,2018-03-01 12:00:00
1519920000,1.21762,1.22583,1.21716,1.2255,0,2018-03-01 16:00:00
1519934400,1.2255,1.22745,1.22525,1.2271,0,2018-03-01 20:00:00
1519948800,1.22709,1.22814,1.22618,1.22801,0,2018-03-02 00:00:00
1519963200,1.22802,1.22879,1.22513,1.22632,0,2018-03-02 04:00:00
1519977600,1.22632,1.23225,1.22545,1.2304,0,2018-03-02 08:00:00
1519992000,1.23042,1.23327,1.2294,1.2309,0,2018-03-02 12:00:00
1520006400,1.23091,1.23309,1.23042,1.23306,0,2018-03-02 16:00:00
1520020800,1.23307,1.23358,1.23146,1.23149,0,2018-03-02 20:00:00
1520193600,1.23323,1.23636,1.22993,1.23177,0,2018-03-04 20:00:00
1520208000,1.23178,1.23376,1.2316,1.23267,0,2018-03-05 00:00:00
1520222400,1.2327,1.23274,1.2269,1.22844,0,2018-03-05 04:00:00
1520236800,1.22843,1.23342,1.22824,1.23013,0,2018-03-05 08:00:00
1520251200,1.23016,1.23294,1.22838,1.23272,0,2018-03-05 12:00:00
1520265600,1.23273,1.23486,1.23203,1.23253,0,2018-03-05 16:00:00
1520280000,1.23254,1.23394,1.23223,1.23364,0,2018-03-05 20:00:00
1520294400,1.23365,1.23627,1.2335,1.23495,0,2018-03-06 00:00:00
1520308800,1.23495,1.23553,1.2328,1.23331,0,2018-03-06 04:00:00
1520323200,1.23335,1.23999,1.23298,1.23971,0,2018-03-06 08:00:00
1520337600,1.23972,1.2414,1.23863,1.23975,0,2018-03-06 12:00:00
1520352000,1.23978,1.24198,1.23885,1.24055,0,2018-03-06 16:00:00
1520366400,1.24056,1.24284,1.23994,1.24156,0,2018-03-06 20:00:00
1520380800,1.24154,1.24267,1.241,1.24189,0,2018-03-07 00:00:00
1520395200,1.24188,1.24333,1.2407,1.24089,0,2018-03-07 04:00:00
1520409600,1.24088,1.24447,1.24039,1.24074,0,2018-03-07 08:00:00
1520424000,1.24072,1.24242,1.2388,1.2403,0,2018-03-07 12:00:00
1520438400,1.24028,1.24139,1.23847,1.24046,0,2018-03-07 16:00:00
1520452800,1.24044,1.24155,1.2402,1.24123,0,2018-03-07 20:00:00
1520467200,1.24123,1.24152,1.2396,1.24068,0,2018-03-08 00:00:00
1520481600,1.24067,1.24129,1.23937,1.24114,0,2018-03-08 04:00:00
1520496000,1.24115,1.24145,1.23687,1.23783,0,2018-03-08 08:00:00
1520510400,1.23783,1.24458,1.23245,1.23276,0,2018-03-08 12:00:00
1520524800,1.23277,1.23366,1.2298,1.2305,0,2018-03-08 16:00:00
1520539200,1.23049,1.23169,1.23016,1.23069,0,2018-03-08 20:00:00
1520553600,1.23068,1.23159,1.2295,1.23104,0,2018-03-09 00:00:00
1520568000,1.23103,1.23218,1.23076,1.23179,0,2018-03-09 04:00:00
1520582400,1.23178,1.23214,1.22902,1.22981,0,2018-03-09 08:00:00
1520596800,1.22983,1.23342,1.2273,1.23186,0,2018-03-09 12:00:00
1520611200,1.23186,1.23299,1.23109,1.23145,0,2018-03-09 16:00:00
1520625600,1.23145,1.23174,1.23023,1.23041,0,2018-03-09 20:00:00
1520798400,1.2311,1.2313,1.23053,1.23104,0,2018-03-11 20:00:00
1520812800,1.23103,1.2323,1.2306,1.23212,0,2018-03-12 00:00:00
1520827200,1.23211,1.23258,1.23148,1.2323,0,2018-03-12 04:00:00
1520841600,1.23228,1.23407,1.23069,1.23121,0,2018-03-12 08:00:00
1520856000,1.23118,1.23209,1.22903,1.23209,0,2018-03-12 12:00:00
1520870400,1.2321,1.23453,1.23104,1.2337,0,2018-03-12 16:00:00
1520884800,1.23369,1.23409,1.2332,1.23335,0,2018-03-12 20:00:00
1520899200,1.23337,1.23451,1.23329,1.23341,0,2018-03-13 00:00:00
1520913600,1.2334,1.23356,1.23243,1.23283,0,2018-03-13 04:00:00
1520928000,1.23284,1.23508,1.23144,1.23297,0,2018-03-13 08:00:00
1520942400,1.23297,1.23854,1.23263,1.23747,0,2018-03-13 12:00:00
1520956800,1.23745,1.24073,1.23703,1.23979,0,2018-03-13 16:00:00
1520971200,1.2398,1.23999,1.23842,1.23932,0,2018-03-13 20:00:00
1520985600,1.23935,1.24116,1.23891,1.24085,0,2018-03-14 00:00:00
1521000000,1.24084,1.24124,1.23944,1.2399,0,2018-03-14 04:00:00
1521014400,1.2399,1.24013,1.23613,1.23741,0,2018-03-14 08:00:00
1521028800,1.2374,1.23964,1.23483,1.23629,0,2018-03-14 12:00:00
1521043200,1.2363,1.23782,1.23471,1.23754,0,2018-03-14 16:00:00
1521057600,1.23754,1.23761,1.23644,1.2368,0,2018-03-14 20:00:00
1521072000,1.2368,1.23835,1.23668,1.23791,0,2018-03-15 00:00:00
1521086400,1.23792,1.23829,1.23645,1.23656,0,2018-03-15 04:00:00
1521100800,1.23657,1.23728,1.23517,1.23623,0,2018-03-15 08:00:00
1521115200,1.23622,1.23637,1.2322,1.23438,0,2018-03-15 12:00:00
1521129600,1.23439,1.23477,1.23021,1.23029,0,2018-03-15 16:00:00
1521144000,1.23027,1.2308,1.23002,1.23057,0,2018-03-15 20:00:00
1521158400,1.23057,1.23099,1.2295,1.23055,0,2018-03-16 00:00:00
1521172800,1.23057,1.23219,1.23047,1.23179,0,2018-03-16 04:00:00
1521187200,1.23179,1.2336,1.23064,1.23255,0,2018-03-16 08:00:00
1521201600,1.23254,1.23303,1.22601,1.22615,0,2018-03-16 12:00:00
1521216000,1.22615,1.22952,1.22609,1.22837,0,2018-03-16 16:00:00
1521230400,1.22838,1.22908,1.22832,1.2287,0,2018-03-16 20:00:00
1521403200,1.22829,1.22917,1.22814,1.22853,0,2018-03-18 20:00:00
1521417600,1.2285,1.2287,1.2265,1.22709,0,2018-03-19 00:00:00
1521432000,1.22708,1.22731,1.2258,1.22663,0,2018-03-19 04:00:00
1521446400,1.2266,1.23016,1.22624,1.22924,0,2018-03-19 08:00:00
1521460800,1.22925,1.23253,1.22761,1.23236,0,2018-03-19 12:00:00
1521475200,1.23235,1.23586,1.2312,1.23585,0,2018-03-19 16:00:00
1521489600,1.23584,1.23586,1.2332,1.23348,0,2018-03-19 20:00:00
1521504000,1.2335,1.23503,1.23339,1.23455,0,2018-03-20 00:00:00
1521518400,1.23454,1.23477,1.23344,1.23457,0,2018-03-20 04:00:00
1521532800,1.23455,1.23544,1.23069,1.23113,0,2018-03-20 08:00:00
1521547200,1.23114,1.23125,1.22629,1.22725,0,2018-03-20 12:00:00
1521561600,1.22728,1.22865,1.22454,1.22515,0,2018-03-20 16:00:00
1521576000,1.22516,1.22551,1.22392,1.22452,0,2018-03-20 20:00:00
1521590400,1.22451,1.226,1.22431,1.22569,0,2018-03-21 00:00:00
1521604800,1.22568,1.2273,1.22564,1.22703,0,2018-03-21 04:00:00
1521619200,1.22702,1.22905,1.22679,1.22826,0,2018-03-21 08:00:00
1521633600,1.22828,1.22956,1.22642,1.22874,0,2018-03-21 12:00:00
1521648000,1.22873,1.23316,1.22514,1.23295,0,2018-03-21 16:00:00
1521662400,1.23296,1.23498,1.23236,1.23425,0,2018-03-21 20:00:00
1521676800,1.23425,1.2369,1.23413,1.2359,0,2018-03-22 00:00:00
1521691200,1.23589,1.23651,1.23416,1.23531,0,2018-03-22 04:00:00
1521705600,1.2353,1.23881,1.23078,1.2318,0,2018-03-22 08:00:00
1521720000,1.23176,1.23313,1.2301,1.23087,0,2018-03-22 12:00:00
1521734400,1.23088,1.23182,1.22852,1.23059,0,2018-03-22 16:00:00
1521748800,1.2306,1.23228,1.22995,1.23201,0,2018-03-22 20:00:00
1521763200,1.23202,1.23412,1.23158,1.23327,0,2018-03-23 00:00:00
1521777600,1.23326,1.23468,1.23308,1.23447,0,2018-03-23 04:00:00
1521792000,1.23448,1.23485,1.23166,1.23303,0,2018-03-23 08:00:00
1521806400,1.23303,1.23595,1.23229,1.23371,0,2018-03-23 12:00:00
1521820800,1.23372,1.2373,1.23348,1.23674,0,2018-03-23 16:00:00
1521835200,1.23673,1.23703,1.23501,1.23509,0,2018-03-23 20:00:00
1522008000,1.23486,1.23671,1.23486,1.23667,0,2018-03-25 20:00:00
1522022400,1.23668,1.2379,1.23516,1.23751,0,2018-03-26 00:00:00
1522036800,1.2375,1.23811,1.23615,1.23618,0,2018-03-26 04:00:00
1522051200,1.23617,1.24163,1.23588,1.24034,0,2018-03-26 08:00:00
1522065600,1.24035,1.24487,1.23979,1.24416,0,2018-03-26 12:00:00
1522080000,1.24417,1.24614,1.24369,1.24549,0,2018-03-26 16:00:00
1522094400,1.24548,1.24563,1.24396,1.24514,0,2018-03-26 20:00:00
1522108800,1.24515,1.24576,1.24421,1.24464,0,2018-03-27 00:00:00
1522123200,1.24465,1.24762,1.24428,1.24652,0,2018-03-27 04:00:00
1522137600,1.24615,1.24738,1.2405,1.24071,0,2018-03-27 08:00:00
1522152000,1.24068,1.24087,1.23721,1.23932,0,2018-03-27 12:00:00
1522166400,1.23932,1.24155,1.23897,1.24,0,2018-03-27 16:00:00
1522180800,1.24002,1.24086,1.23945,1.24058,0,2018-03-27 20:00:00
1522195200,1.2406,1.24209,1.24052,1.24176,0,2018-03-28 00:00:00
1522209600,1.24175,1.24216,1.23836,1.23934,0,2018-03-28 04:00:00
1522224000,1.23934,1.24083,1.23763,1.23909,0,2018-03-28 08:00:00
1522238400,1.23911,1.24085,1.23347,1.23515,0,2018-03-28 12:00:00
1522252800,1.23516,1.23598,1.23006,1.23126,0,2018-03-28 16:00:00
1522267200,1.23125,1.23147,1.23001,1.23093,0,2018-03-28 20:00:00
1522281600,1.23092,1.23259,1.23013,1.23231,0,2018-03-29 00:00:00
1522296000,1.23229,1.23348,1.23034,1.23084,0,2018-03-29 04:00:00
1522310400,1.23084,1.23274,1.22953,1.23229,0,2018-03-29 08:00:00
1522324800,1.2323,1.23352,1.22971,1.22986,0,2018-03-29 12:00:00
1522339200,1.22985,1.231,1.22837,1.23058,0,2018-03-29 16:00:00
1522353600,1.23058,1.2308,1.22976,1.23036,0,2018-03-29 20:00:00
1522368000,1.23033,1.23169,1.22928,1.23135,0,2018-03-30 00:00:00
1522382400,1.23142,1.2321,1.23049,1.23167,0,2018-03-30 04:00:00
1522396800,1.23168,1.23302,1.23164,1.23261,0,2018-03-30 08:00:00
1522411200,1.23262,1.2329,1.23168,1.23207,0,2018-03-30 12:00:00
1522425600,1.23207,1.23273,1.23114,1.23229,0,2018-03-30 16:00:00
1522440000,1.23228,1.23267,1.23144,1.23215,0,2018-03-30 20:00:00
1522612800,1.23186,1.23224,1.2313,1.23169,0,2018-04-01 20:00:00
1522627200,1.23168,1.23281,1.23106,1.23236,0,2018-04-02 00:00:00
1522641600,1.23233,1.23234,1.23113,1.23224,0,2018-04-02 04:00:00
1522656000,1.23224,1.23322,1.23199,1.23276,0,2018-04-02 08:00:00
1522670400,1.23275,1.23447,1.23099,1.23117,0,2018-04-02 12:00:00
1522684800,1.23116,1.23118,1.2282,1.23003,0,2018-04-02 16:00:00
1522699200,1.23002,1.23059,1.22976,1.23006,0,2018-04-02 20:00:00
1522713600,1.23004,1.23095,1.22919,1.23075,0,2018-04-03 00:00:00
1522728000,1.23074,1.23245,1.23033,1.23232,0,2018-04-03 04:00:00
1522742400,1.23231,1.23361,1.22859,1.22881,0,2018-04-03 08:00:00
1522756800,1.22881,1.23148,1.22534,1.22726,0,2018-04-03 12:00:00
1522771200,1.22731,1.22758,1.22577,1.22677,0,2018-04-03 16:00:00
1522785600,1.22676,1.22727,1.22616,1.22723,0,2018-04-03 20:00:00
1522800000,1.22723,1.2287,1.22684,1.22811,0,2018-04-04 00:00:00
1522814400,1.22807,1.22838,1.22631,1.22657,0,2018-04-04 04:00:00
1522828800,1.22662,1.23144,1.22568,1.22847,0,2018-04-04 08:00:00
1522843200,1.22846,1.23096,1.22706,1.22983,0,2018-04-04 12:00:00
1522857600,1.22982,1.23033,1.22738,1.22796,0,2018-04-04 16:00:00
1522872000,1.22795,1.22855,1.22741,1.22841,0,2018-04-04 20:00:00
1522886400,1.22841,1.22899,1.22766,1.22795,0,2018-04-05 00:00:00
1522900800,1.22794,1.22873,1.22585,1.2263,0,2018-04-05 04:00:00
1522915200,1.22631,1.22833,1.22488,1.22797,0,2018-04-05 08:00:00
1522929600,1.22796,1.22816,1.22212,1.22292,0,2018-04-05 12:00:00
1522944000,1.22293,1.22436,1.22183,1.22364,0,2018-04-05 16:00:00
1522958400,1.22365,1.22467,1.22332,1.22441,0,2018-04-05 20:00:00
1522972800,1.22443,1.22598,1.224,1.22549,0,2018-04-06 00:00:00
1522987200,1.22551,1.22557,1.22273,1.2236,0,2018-04-06 04:00:00
1523001600,1.22357,1.22474,1.2215,1.22395,0,2018-04-06 08:00:00
1523016000,1.22396,1.22801,1.22194,1.22618,0,2018-04-06 12:00:00
1523030400,1.22619,1.22893,1.22603,1.22854,0,2018-04-06 16:00:00
1523044800,1.22857,1.22905,1.22788,1.22793,0,2018-04-06 20:00:00
1523217600,1.22835,1.22835,1.22719,1.22737,0,2018-04-08 20:00:00
1523232000,1.22737,1.22772,1.22654,1.22737,0,2018-04-09 00:00:00
1523246400,1.22738,1.22859,1.22684,1.22781,0,2018-04-09 04:00:00
1523260800,1.2278,1.22861,1.22601,1.22728,0,2018-04-09 08:00:00
1523275200,1.22728,1.233,1.2266,1.23112,0,2018-04-09 12:00:00
1523289600,1.23111,1.23271,1.2307,1.23214,0,2018-04-09 16:00:00
1523304000,1.23216,1.23265,1.23155,1.23218,0,2018-04-09 20:00:00
1523318400,1.2322,1.23289,1.23065,1.23166,0,2018-04-10 00:00:00
1523332800,1.23167,1.2319,1.23027,1.23156,0,2018-04-10 04:00:00
1523347200,1.23155,1.23349,1.2309,1.23249,0,2018-04-10 08:00:00
1523361600,1.23248,1.23771,1.23209,1.23496,0,2018-04-10 12:00:00
1523376000,1.23497,1.23611,1.23243,1.23606,0,2018-04-10 16:00:00
1523390400,1.23607,1.23611,1.235,1.23574,0,2018-04-10 20:00:00
1523404800,1.23576,1.23649,1.23524,1.23583,0,2018-04-11 00:00:00
1523419200,1.23584,1.2381,1.2357,1.23761,0,2018-04-11 04:00:00
1523433600,1.2376,1.23872,1.2362,1.2375,0,2018-04-11 08:00:00
1523448000,1.23749,1.23958,1.2368,1.23835,0,2018-04-11 12:00:00
1523462400,1.23836,1.23903,1.23467,1.23623,0,2018-04-11 16:00:00
1523476800,1.23622,1.2371,1.23597,1.23699,0,2018-04-11 20:00:00
1523491200,1.23698,1.23795,1.23637,1.23649,0,2018-04-12 00:00:00
1523505600,1.2365,1.23738,1.23533,1.23626,0,2018-04-12 04:00:00
1523520000,1.23621,1.23727,1.23274,1.23376,0,2018-04-12 08:00:00
1523534400,1.23375,1.23515,1.22995,1.23168,0,2018-04-12 12:00:00
1523548800,1.23167,1.23397,1.23072,1.23292,0,2018-04-12 16:00:00
1523563200,1.23309,1.23313,1.23238,1.23283,0,2018-04-12 20:00:00
1523577600,1.23285,1.23327,1.23211,1.23293,0,2018-04-13 00:00:00
1523592000,1.23292,1.23331,1.23171,1.23231,0,2018-04-13 04:00:00
1523606400,1.23231,1.23458,1.23201,1.23225,0,2018-04-13 08:00:00
1523620800,1.23224,1.23331,1.23069,1.23279,0,2018-04-13 12:00:00
1523635200,1.2328,1.23436,1.23191,1.23312,0,2018-04-13 16:00:00
1523649600,1.23313,1.23412,1.23265,1.23283,0,2018-04-13 20:00:00
1523822400,1.23316,1.23361,1.23217,1.23282,0,2018-04-15 20:00:00
1523836800,1.23282,1.23425,1.23279,1.234,0,2018-04-16 00:00:00
1523851200,1.234,1.23406,1.23238,1.23272,0,2018-04-16 04:00:00
1523865600,1.23271,1.23735,1.23261,1.2364,0,2018-04-16 08:00:00
1523880000,1.23641,1.23943,1.23585,1.23668,0,2018-04-16 12:00:00
1523894400,1.23671,1.23851,1.23623,1.23809,0,2018-04-16 16:00:00
1523908800,1.23808,1.23837,1.23744,1.23813,0,2018-04-16 20:00:00
1523923200,1.23815,1.23876,1.23754,1.23811,0,2018-04-17 00:00:00
1523937600,1.2381,1.24045,1.23785,1.24015,0,2018-04-17 04:00:00
1523952000,1.24014,1.24135,1.23617,1.23711,0,2018-04-17 08:00:00
1523966400,1.23713,1.23802,1.2336,1.23459,0,2018-04-17 12:00:00
1523980800,1.23461,1.23716,1.23363,1.23677,0,2018-04-17 16:00:00
1523995200,1.23676,1.2376,1.23644,1.23717,0,2018-04-17 20:00:00
1524009600,1.23718,1.23805,1.23645,1.238,0,2018-04-18 00:00:00
1524024000,1.23801,1.23821,1.2361,1.23632,0,2018-04-18 04:00:00
1524038400,1.23631,1.23748,1.23417,1.23725,0,2018-04-18 08:00:00
1524052800,1.23724,1.23969,1.23714,1.23767,0,2018-04-18 12:00:00
1524067200,1.23766,1.23929,1.23708,1.23773,0,2018-04-18 16:00:00
1524081600,1.23773,1.2383,1.23719,1.2379,0,2018-04-18 20:00:00
1524096000,1.23791,1.23834,1.23645,1.23776,0,2018-04-19 00:00:00
1524110400,1.23772,1.23854,1.23673,1.23804,0,2018-04-19 04:00:00
1524124800,1.23803,1.24001,1.2354,1.23667,0,2018-04-19 08:00:00
1524139200,1.23667,1.23853,1.2363,1.23641,0,2018-04-19 12:00:00
1524153600,1.23643,1.23653,1.2329,1.23376,0,2018-04-19 16:00:00
1524168000,1.23377,1.23522,1.23367,1.23427,0,2018-04-19 20:00:00
1524182400,1.23427,1.23484,1.23364,1.23377,0,2018-04-20 00:00:00
1524196800,1.23378,1.23499,1.23335,1.23421,0,2018-04-20 04:00:00
1524211200,1.23421,1.23528,1.22929,1.23025,0,2018-04-20 08:00:00
1524225600,1.23026,1.23118,1.22497,1.22786,0,2018-04-20 12:00:00
1524240000,1.22787,1.22997,1.22705,1.22822,0,2018-04-20 16:00:00
1524254400,1.22824,1.22927,1.22798,1.22853,0,2018-04-20 20:00:00
1524427200,1.22716,1.22877,1.22716,1.22796,0,2018-04-22 20:00:00
1524441600,1.22795,1.22827,1.22648,1.22751,0,2018-04-23 00:00:00
1524456000,1.22751,1.22802,1.22656,1.22735,0,2018-04-23 04:00:00
1524470400,1.22737,1.22892,1.22255,1.22289,0,2018-04-23 08:00:00
1524484800,1.22287,1.22453,1.2215,1.22205,0,2018-04-23 12:00:00
1524499200,1.22207,1.22255,1.22024,1.22028,0,2018-04-23 16:00:00
1524513600,1.2203,1.2211,1.21972,1.22099,0,2018-04-23 20:00:00
1524528000,1.22098,1.22118,1.21845,1.2208,0,2018-04-24 00:00:00
1524542400,1.22084,1.22236,1.22018,1.22023,0,2018-04-24 04:00:00
1524556800,1.22022,1.22222,1.21818,1.22107,0,2018-04-24 08:00:00
1524571200,1.22108,1.22345,1.21961,1.22145,0,2018-04-24 12:00:00
1524585600,1.22146,1.22447,1.22092,1.22368,0,2018-04-24 16:00:00
1524600000,1.22369,1.22409,1.22306,1.22324,0,2018-04-24 20:00:00
1524614400,1.22325,1.22385,1.22206,1.22257,0,2018-04-25 00:00:00
1524628800,1.22256,1.22306,1.22052,1.22133,0,2018-04-25 04:00:00
1524643200,1.22134,1.22152,1.21866,1.22021,0,2018-04-25 08:00:00
1524657600,1.22022,1.22048,1.21678,1.21719,0,2018-04-25 12:00:00
1524672000,1.2172,1.21893,1.21701,1.21754,0,2018-04-25 16:00:00
1524686400,1.21754,1.2178,1.21596,1.21687,0,2018-04-25 20:00:00
1524700800,1.21686,1.21784,1.2163,1.21713,0,2018-04-26 00:00:00
1524715200,1.21713,1.21883,1.21709,1.21786,0,2018-04-26 04:00:00
1524729600,1.21791,1.21875,1.21557,1.21832,0,2018-04-26 08:00:00
1524744000,1.21831,1.22097,1.21067,1.21149,0,2018-04-26 12:00:00
1524758400,1.21148,1.21297,1.20979,1.21054,0,2018-04-26 16:00:00
1524772800,1.21053,1.21095,1.20962,1.2104,0,2018-04-26 20:00:00
1524787200,1.21043,1.21131,1.20964,1.21117,0,2018-04-27 00:00:00
1524801600,1.21118,1.21163,1.20841,1.2088,0,2018-04-27 04:00:00
1524816000,1.20881,1.20948,1.20647,1.20877,0,2018-04-27 08:00:00
1524830400,1.20876,1.21176,1.20552,1.2101,0,2018-04-27 12:00:00
1524844800,1.21008,1.21228,1.20964,1.21219,0,2018-04-27 16:00:00
1524859200,1.21218,1.21326,1.21199,1.21281,0,2018-04-27 20:00:00
1525032000,1.21225,1.2129,1.21201,1.21211,0,2018-04-29 20:00:00
1525046400,1.21214,1.2134,1.21186,1.21272,0,2018-04-30 00:00:00
1525060800,1.21271,1.21387,1.21237,1.21349,0,2018-04-30 04:00:00
1525075200,1.21368,1.21371,1.20888,1.20958,0,2018-04-30 08:00:00
1525089600,1.20957,1.2096,1.20671,1.20814,0,2018-04-30 12:00:00
1525104000,1.20815,1.2106,1.20642,1.20803,0,2018-04-30 16:00:00
1525118400,1.20802,1.20837,1.20673,1.20801,0,2018-04-30 20:00:00
1525132800,1.20802,1.20838,1.20723,1.20757,0,2018-05-01 00:00:00
1525147200,1.20756,1.20781,1.20564,1.20606,0,2018-05-01 04:00:00
1525161600,1.20606,1.20654,1.20258,1.20303,0,2018-05-01 08:00:00
1525176000,1.20302,1.20378,1.19813,1.19917,0,2018-05-01 12:00:00
1525190400,1.19916,1.20197,1.19852,1.19932,0,2018-05-01 16:00:00
1525204800,1.19934,1.19966,1.19881,1.19891,0,2018-05-01 20:00:00
1525219200,1.19891,1.20105,1.19873,1.20064,0,2018-05-02 00:00:00
1525233600,1.20063,1.20135,1.19898,1.20113,0,2018-05-02 04:00:00
1525248000,1.20112,1.20313,1.19929,1.20024,0,2018-05-02 08:00:00
1525262400,1.20023,1.20124,1.19529,1.19568,0,2018-05-02 12:00:00
1525276800,1.19568,1.20253,1.19541,1.19872,0,2018-05-02 16:00:00
1525291200,1.19878,1.19895,1.19378,1.19539,0,2018-05-02 20:00:00
1525305600,1.19544,1.19829,1.19475,1.19782,0,2018-05-03 00:00:00
1525320000,1.19781,1.19934,1.19756,1.19827,0,2018-05-03 04:00:00
1525334400,1.19827,1.20086,1.1965,1.19819,0,2018-05-03 08:00:00
1525348800,1.19818,1.20005,1.19501,1.19506,0,2018-05-03 12:00:00
1525363200,1.19506,1.20039,1.19492,1.19925,0,2018-05-03 16:00:00
1525377600,1.19926,1.19958,1.19819,1.19858,0,2018-05-03 20:00:00
1525392000,1.1986,1.19944,1.19799,1.1989,0,2018-05-04 00:00:00
1525406400,1.1989,1.19955,1.19621,1.19656,0,2018-05-04 04:00:00
1525420800,1.19655,1.1977,1.19559,1.19677,0,2018-05-04 08:00:00
1525435200,1.19678,1.19937,1.19102,1.19281,0,2018-05-04 12:00:00
1525449600,1.19284,1.19657,1.19224,1.19628,0,2018-05-04 16:00:00
1525464000,1.19627,1.19656,1.19532,1.1957,0,2018-05-04 20:00:00
1525636800,1.19553,1.19639,1.19545,1.19599,0,2018-05-06 20:00:00
1525651200,1.19601,1.19763,1.19533,1.19722,0,2018-05-07 00:00:00
1525665600,1.19723,1.19776,1.19366,1.19369,0,2018-05-07 04:00:00
1525680000,1.19369,1.19403,1.19169,1.19169,0,2018-05-07 08:00:00
1525694400,1.1917,1.19281,1.18976,1.19133,0,2018-05-07 12:00:00
1525708800,1.19131,1.19376,1.19116,1.19244,0,2018-05-07 16:00:00
1525723200,1.19246,1.19273,1.19193,1.19218,0,2018-05-07 20:00:00
1525737600,1.1922,1.19385,1.19124,1.19249,0,2018-05-08 00:00:00
1525752000,1.19248,1.19327,1.19085,1.19176,0,2018-05-08 04:00:00
1525766400,1.19175,1.19283,1.18699,1.18788,0,2018-05-08 08:00:00
1525780800,1.18787,1.18787,1.18379,1.18529,0,2018-05-08 12:00:00
1525795200,1.18534,1.18859,1.18441,1.1857,0,2018-05-08 16:00:00
1525809600,1.18568,1.1868,1.18568,1.18593,0,2018-05-08 20:00:00
1525824000,1.18593,1.18696,1.18427,1.18536,0,2018-05-09 00:00:00
1525838400,1.18535,1.1859,1.18258,1.18273,0,2018-05-09 04:00:00
1525852800,1.18274,1.18763,1.18225,1.18752,0,2018-05-09 08:00:00
1525867200,1.1875,1.18967,1.18535,1.18553,0,2018-05-09 12:00:00
1525881600,1.18555,1.18679,1.18408,1.18615,0,2018-05-09 16:00:00
1525896000,1.18614,1.18622,1.18446,1.18529,0,2018-05-09 20:00:00
1525910400,1.18528,1.18708,1.18426,1.18605,0,2018-05-10 00:00:00
1525924800,1.18605,1.18791,1.18511,1.18716,0,2018-05-10 04:00:00
1525939200,1.18714,1.18904,1.18539,1.18893,0,2018-05-10 08:00:00
1525953600,1.18893,1.19463,1.18708,1.18792,0,2018-05-10 12:00:00
1525968000,1.18796,1.19337,1.18784,1.19269,0,2018-05-10 16:00:00
1525982400,1.19268,1.19319,1.19129,1.19179,0,2018-05-10 20:00:00
1525996800,1.19178,1.19249,1.19111,1.19146,0,2018-05-11 00:00:00
1526011200,1.19145,1.19197,1.18947,1.18975,0,2018-05-11 04:00:00
1526025600,1.18973,1.19487,1.18911,1.19406,0,2018-05-11 08:00:00
1526040000,1.19407,1.19677,1.19297,1.19434,0,2018-05-11 12:00:00
1526054400,1.19436,1.19594,1.19331,1.19436,0,2018-05-11 16:00:00
1526068800,1.19437,1.19496,1.19376,1.19412,0,2018-05-11 20:00:00
1526241600,1.19405,1.19483,1.19385,1.19471,0,2018-05-13 20:00:00
1526256000,1.1947,1.19667,1.19453,1.19648,0,2018-05-14 00:00:00
1526270400,1.19648,1.19743,1.19531,1.1955,0,2018-05-14 04:00:00
1526284800,1.19551,1.19898,1.1951,1.19819,0,2018-05-14 08:00:00
1526299200,1.1982,1.1996,1.1962,1.19682,0,2018-05-14 12:00:00
1526313600,1.19682,1.19773,1.19359,1.19433,0,2018-05-14 16:00:00
1526328000,1.19433,1.19457,1.1922,1.19286,0,2018-05-14 20:00:00
1526342400,1.19286,1.1938,1.19278,1.19345,0,2018-05-15 00:00:00
1526356800,1.19344,1.19351,1.19101,1.19314,0,2018-05-15 04:00:00
1526371200,1.19314,1.19368,1.19145,1.1918,0,2018-05-15 08:00:00
1526385600,1.19179,1.19181,1.18201,1.18609,0,2018-05-15 12:00:00
1526400000,1.18609,1.18754,1.18359,1.18474,0,2018-05-15 16:00:00
1526414400,1.18474,1.18531,1.18169,1.18174,0,2018-05-15 20:00:00
1526428800,1.18176,1.18345,1.18158,1.18264,0,2018-05-16 00:00:00
1526443200,1.18261,1.1845,1.18243,1.18414,0,2018-05-16 04:00:00
1526457600,1.18413,1.18537,1.17813,1.17912,0,2018-05-16 08:00:00
1526472000,1.17911,1.18197,1.17635,1.17861,0,2018-05-16 12:00:00
1526486400,1.17861,1.18195,1.17778,1.18009,0,2018-05-16 16:00:00
1526500800,1.1801,1.18169,1.17987,1.18158,0,2018-05-16 20:00:00
1526515200,1.18156,1.18372,1.18063,1.18308,0,2018-05-17 00:00:00
1526529600,1.18309,1.18349,1.17933,1.18024,0,2018-05-17 04:00:00
1526544000,1.18024,1.18305,1.17765,1.17923,0,2018-05-17 08:00:00
1526558400,1.17923,1.18116,1.17836,1.17899,0,2018-05-17 12:00:00
1526572800,1.17905,1.18086,1.17851,1.1798,0,2018-05-17 16:00:00
1526587200,1.17981,1.17993,1.17924,1.17968,0,2018-05-17 20:00:00
1526601600,1.17968,1.18077,1.1789,1.18017,0,2018-05-18 00:00:00
1526616000,1.18016,1.18163,1.1797,1.18162,0,2018-05-18 04:00:00
1526630400,1.18162,1.18221,1.17745,1.17811,0,2018-05-18 08:00:00
1526644800,1.1781,1.17885,1.17497,1.17693,0,2018-05-18 12:00:00
1526659200,1.17695,1.17883,1.17615,1.17726,0,2018-05-18 16:00:00
1526673600,1.17727,1.17753,1.17645,1.17684,0,2018-05-18 20:00:00
1526846400,1.17703,1.17748,1.17639,1.17661,0,2018-05-20 20:00:00
1526860800,1.17662,1.17682,1.17441,1.1747,0,2018-05-21 00:00:00
1526875200,1.1747,1.17547,1.17279,1.17284,0,2018-05-21 04:00:00
1526889600,1.17285,1.17593,1.17164,1.17507,0,2018-05-21 08:00:00
1526904000,1.17508,1.17793,1.17427,1.17516,0,2018-05-21 12:00:00
1526918400,1.17517,1.17778,1.17496,1.17719,0,2018-05-21 16:00:00
1526932800,1.17719,1.17966,1.17708,1.17951,0,2018-05-21 20:00:00
1526947200,1.17954,1.17972,1.17786,1.17818,0,2018-05-22 00:00:00
1526961600,1.17818,1.17902,1.17593,1.17616,0,2018-05-22 04:00:00
1526976000,1.17616,1.18295,1.17562,1.181,0,2018-05-22 08:00:00
1526990400,1.181,1.18235,1.17692,1.17728,0,2018-05-22 12:00:00
1527004800,1.17728,1.17923,1.17687,1.17783,0,2018-05-22 16:00:00
1527019200,1.17783,1.17846,1.17753,1.17822,0,2018-05-22 20:00:00
1527033600,1.17823,1.17893,1.17527,1.1754,0,2018-05-23 00:00:00
1527048000,1.17541,1.17682,1.175,1.17652,0,2018-05-23 04:00:00
1527062400,1.17655,1.17655,1.16985,1.17139,0,2018-05-23 08:00:00
1527076800,1.17139,1.17191,1.16848,1.17033,0,2018-05-23 12:00:00
1527091200,1.17034,1.17099,1.16757,1.16972,0,2018-05-23 16:00:00
1527105600,1.16972,1.1707,1.16934,1.17048,0,2018-05-23 20:00:00
1527120000,1.17047,1.17136,1.16905,1.1706,0,2018-05-24 00:00:00
1527134400,1.17059,1.17209,1.16929,1.17173,0,2018-05-24 04:00:00
1527148800,1.17173,1.17457,1.17128,1.172,0,2018-05-24 08:00:00
1527163200,1.17199,1.17503,1.17052,1.17238,0,2018-05-24 12:00:00
1527177600,1.17242,1.1744,1.17201,1.1727,0,2018-05-24 16:00:00
1527192000,1.17269,1.17285,1.1717,1.17213,0,2018-05-24 20:00:00
1527206400,1.17212,1.17262,1.17048,1.17081,0,2018-05-25 00:00:00
1527220800,1.17081,1.17125,1.16984,1.1702,0,2018-05-25 04:00:00
1527235200,1.1702,1.17334,1.16841,1.17094,0,2018-05-25 08:00:00
1527249600,1.17089,1.17097,1.16463,1.16549,0,2018-05-25 12:00:00
1527264000,1.16548,1.16755,1.16519,1.16688,0,2018-05-25 16:00:00
1527278400,1.16688,1.16696,1.16454,1.16495,0,2018-05-25 20:00:00
1527451200,1.16843,1.16907,1.16756,1.16888,0,2018-05-27 20:00:00
1527465600,1.16889,1.17122,1.16839,1.17069,0,2018-05-28 00:00:00
1527480000,1.1707,1.17283,1.17044,1.17076,0,2018-05-28 04:00:00
1527494400,1.17075,1.17111,1.16392,1.16572,0,2018-05-28 08:00:00
1527508800,1.16571,1.16571,1.16072,1.16211,0,2018-05-28 12:00:00
1527523200,1.16212,1.16326,1.16195,1.16278,0,2018-05-28 16:00:00
1527537600,1.16278,1.16287,1.16181,1.16262,0,2018-05-28 20:00:00
1527552000,1.16262,1.16331,1.16139,1.16237,0,2018-05-29 00:00:00
1527566400,1.16236,1.16394,1.15855,1.15945,0,2018-05-29 04:00:00
1527580800,1.15944,1.15999,1.151,1.15512,0,2018-05-29 08:00:00
1527595200,1.15511,1.15895,1.15325,1.15636,0,2018-05-29 12:00:00
1527609600,1.15641,1.15655,1.15195,1.15323,0,2018-05-29 16:00:00
1527624000,1.15322,1.15488,1.15259,1.15408,0,2018-05-29 20:00:00
1527638400,1.15412,1.15463,1.15187,1.15264,0,2018-05-30 00:00:00
1527652800,1.15264,1.15824,1.15203,1.15797,0,2018-05-30 04:00:00
1527667200,1.15797,1.16298,1.15702,1.16279,0,2018-05-30 08:00:00
1527681600,1.1628,1.16475,1.15941,1.16108,0,2018-05-30 12:00:00
1527696000,1.16109,1.16759,1.16099,1.16533,0,2018-05-30 16:00:00
1527710400,1.16532,1.16699,1.16514,1.16644,0,2018-05-30 20:00:00
1527724800,1.16646,1.16708,1.16479,1.16579,0,2018-05-31 00:00:00
1527739200,1.16578,1.16983,1.16569,1.16841,0,2018-05-31 04:00:00
1527753600,1.16846,1.1724,1.16731,1.16788,0,2018-05-31 08:00:00
1527768000,1.16788,1.17086,1.16454,1.16701,0,2018-05-31 12:00:00
1527782400,1.16702,1.16982,1.1641,1.16858,0,2018-05-31 16:00:00
1527796800,1.16857,1.17061,1.16824,1.17048,0,2018-05-31 20:00:00
1527811200,1.17049,1.1705,1.16836,1.16846,0,2018-06-01 00:00:00
1527825600,1.16847,1.16867,1.16651,1.16849,0,2018-06-01 04:00:00
1527840000,1.1685,1.17176,1.16772,1.17096,0,2018-06-01 08:00:00
1527854400,1.17098,1.17104,1.16167,1.16633,0,2018-06-01 12:00:00
1527868800,1.16634,1.1681,1.16551,1.16632,0,2018-06-01 16:00:00
1527883200,1.1663,1.16658,1.16534,1.16578,0,2018-06-01 20:00:00
1528056000,1.16579,1.16682,1.16558,1.16621,0,2018-06-03 20:00:00
1528070400,1.16622,1.16909,1.16622,1.16869,0,2018-06-04 00:00:00
1528084800,1.16868,1.16968,1.1676,1.16835,0,2018-06-04 04:00:00
1528099200,1.16834,1.1737,1.16751,1.17216,0,2018-06-04 08:00:00
1528113600,1.17218,1.17443,1.16917,1.16972,0,2018-06-04 12:00:00
1528128000,1.16971,1.17021,1.16772,1.16984,0,2018-06-04 16:00:00
1528142400,1.16985,1.17017,1.16906,1.1699,0,2018-06-04 20:00:00
1528156800,1.16993,1.17033,1.16867,1.16901,0,2018-06-05 00:00:00
1528171200,1.169,1.17057,1.1683,1.17044,0,2018-06-05 04:00:00
1528185600,1.17042,1.17164,1.1676,1.16782,0,2018-06-05 08:00:00
1528200000,1.16783,1.16874,1.16524,1.16675,0,2018-06-05 12:00:00
1528214400,1.16679,1.17319,1.16643,1.17138,0,2018-06-05 16:00:00
1528228800,1.17139,1.17202,1.17083,1.17202,0,2018-06-05 20:00:00
1528243200,1.17204,1.17343,1.17171,1.17229,0,2018-06-06 00:00:00
1528257600,1.17228,1.17519,1.17138,1.17221,0,2018-06-06 04:00:00
1528272000,1.17221,1.17756,1.17151,1.17675,0,2018-06-06 08:00:00
1528286400,1.17675,1.17956,1.17617,1.17808,0,2018-06-06 12:00:00
1528300800,1.1781,1.17837,1.17605,1.17681,0,2018-06-06 16:00:00
1528315200,1.17681,1.17828,1.17645,1.17814,0,2018-06-06 20:00:00
1528329600,1.17812,1.17995,1.17794,1.1789,0,2018-06-07 00:00:00
1528344000,1.17889,1.18135,1.17842,1.18105,0,2018-06-07 04:00:00
1528358400,1.18104,1.18378,1.18081,1.18249,0,2018-06-07 08:00:00
1528372800,1.1825,1.18397,1.18057,1.18283,0,2018-06-07 12:00:00
1528387200,1.18284,1.18304,1.17991,1.18076,0,2018-06-07 16:00:00
1528401600,1.18075,1.18092,1.1796,1.17969,0,2018-06-07 20:00:00
1528416000,1.17971,1.18101,1.17914,1.17995,0,2018-06-08 00:00:00
1528430400,1.17994,1.18103,1.17708,1.17778,0,2018-06-08 04:00:00
1528444800,1.17776,1.17852,1.17329,1.17363,0,2018-06-08 08:00:00
1528459200,1.17364,1.17738,1.1727,1.17665,0,2018-06-08 12:00:00
1528473600,1.17666,1.17778,1.17589,1.17697,0,2018-06-08 16:00:00
1528488000,1.17697,1.17718,1.17645,1.17667,0,2018-06-08 20:00:00
1528660800,1.17722,1.17748,1.17708,1.17711,0,2018-06-10 20:00:00
1528675200,1.17711,1.18074,1.17711,1.1797,0,2018-06-11 00:00:00
1528689600,1.17969,1.18156,1.17886,1.18075,0,2018-06-11 04:00:00
1528704000,1.18074,1.18203,1.1778,1.17833,0,2018-06-11 08:00:00
1528718400,1.17831,1.18138,1.17751,1.18066,0,2018-06-11 12:00:00
1528732800,1.1807,1.18109,1.17806,1.17867,0,2018-06-11 16:00:00
1528747200,1.17871,1.1788,1.17714,1.17747,0,2018-06-11 20:00:00
1528761600,1.17748,1.17786,1.1741,1.17694,0,2018-06-12 00:00:00
1528776000,1.17692,1.17747,1.1756,1.17657,0,2018-06-12 04:00:00
1528790400,1.17656,1.18088,1.17656,1.17847,0,2018-06-12 08:00:00
1528804800,1.17843,1.18006,1.17754,1.17864,0,2018-06-12 12:00:00
1528819200,1.17865,1.17953,1.17331,1.17496,0,2018-06-12 16:00:00
1528833600,1.175,1.17549,1.17407,1.17457,0,2018-06-12 20:00:00
1528848000,1.17459,1.17524,1.17398,1.17478,0,2018-06-13 00:00:00
1528862400,1.17477,1.17528,1.17299,1.17395,0,2018-06-13 04:00:00
1528876800,1.17394,1.17702,1.17329,1.17619,0,2018-06-13 08:00:00
1528891200,1.1762,1.17817,1.1751,1.17715,0,2018-06-13 12:00:00
1528905600,1.17718,1.17926,1.17253,1.17725,0,2018-06-13 16:00:00
1528920000,1.17722,1.18026,1.17722,1.17989,0,2018-06-13 20:00:00
1528934400,1.17989,1.18047,1.17894,1.1798,0,2018-06-14 00:00:00
1528948800,1.17981,1.18166,1.17949,1.18142,0,2018-06-14 04:00:00
1528963200,1.18141,1.18309,1.18069,1.18243,0,2018-06-14 08:00:00
1528977600,1.18247,1.18516,1.16188,1.16515,0,2018-06-14 12:00:00
1528992000,1.16513,1.16522,1.15899,1.15914,0,2018-06-14 16:00:00
1529006400,1.15913,1.16001,1.15629,1.15833,0,2018-06-14 20:00:00
1529020800,1.15834,1.15841,1.1555,1.1566,0,2018-06-15 00:00:00
1529035200,1.15659,1.15755,1.15465,1.15686,0,2018-06-15 04:00:00
1529049600,1.15687,1.16151,1.15432,1.15944,0,2018-06-15 08:00:00
1529064000,1.15945,1.16268,1.15819,1.16176,0,2018-06-15 12:00:00
1529078400,1.16175,1.16265,1.16,1.16059,0,2018-06-15 16:00:00
1529092800,1.16057,1.16141,1.16038,1.1608,0,2018-06-15 20:00:00
1529265600,1.15865,1.16011,1.15862,1.15943,0,2018-06-17 20:00:00
1529280000,1.15943,1.15968,1.1576,1.15872,0,2018-06-18 00:00:00
1529294400,1.15873,1.15984,1.15741,1.15742,0,2018-06-18 04:00:00
1529308800,1.15741,1.16196,1.15652,1.16185,0,2018-06-18 08:00:00
1529323200,1.16185,1.16242,1.15952,1.16117,0,2018-06-18 12:00:00
1529337600,1.16116,1.16212,1.1601,1.16146,0,2018-06-18 16:00:00
1529352000,1.16145,1.16242,1.16143,1.1621,0,2018-06-18 20:00:00
1529366400,1.16211,1.16408,1.1621,1.16318,0,2018-06-19 00:00:00
1529380800,1.16317,1.16441,1.15815,1.15831,0,2018-06-19 04:00:00
1529395200,1.1583,1.15973,1.15307,1.15522,0,2018-06-19 08:00:00
1529409600,1.15521,1.15724,1.15331,1.15648,0,2018-06-19 12:00:00
1529424000,1.15649,1.15874,1.15604,1.15742,0,2018-06-19 16:00:00
1529438400,1.15741,1.15938,1.15706,1.15882,0,2018-06-19 20:00:00
1529452800,1.15882,1.15954,1.15729,1.15806,0,2018-06-20 00:00:00
1529467200,1.15804,1.15842,1.15635,1.15666,0,2018-06-20 04:00:00
1529481600,1.15665,1.15925,1.15367,1.15608,0,2018-06-20 08:00:00
1529496000,1.15608,1.15998,1.15569,1.15781,0,2018-06-20 12:00:00
1529510400,1.15786,1.15955,1.15733,1.15862,0,2018-06-20 16:00:00
1529524800,1.15861,1.15887,1.15669,1.15764,0,2018-06-20 20:00:00
1529539200,1.15764,1.158,1.15614,1.1567,0,2018-06-21 00:00:00
1529553600,1.15669,1.15674,1.15399,1.15404,0,2018-06-21 04:00:00
1529568000,1.15406,1.15674,1.15082,1.15385,0,2018-06-21 08:00:00
1529582400,1.15382,1.16333,1.15288,1.16067,0,2018-06-21 12:00:00
1529596800,1.16066,1.16282,1.15949,1.16227,0,2018-06-21 16:00:00
1529611200,1.16229,1.16234,1.15978,1.16093,0,2018-06-21 20:00:00
1529625600,1.16093,1.16176,1.16004,1.16053,0,2018-06-22 00:00:00
1529640000,1.16053,1.16409,1.16042,1.16369,0,2018-06-22 04:00:00
1529654400,1.16372,1.16748,1.16319,1.16429,0,2018-06-22 08:00:00
1529668800,1.1643,1.16659,1.16173,1.16375,0,2018-06-22 12:00:00
1529683200,1.16381,1.16672,1.16292,1.16625,0,2018-06-22 16:00:00
1529697600,1.16627,1.16656,1.16521,1.16521,0,2018-06-22 20:00:00
1529870400,1.16619,1.1669,1.16576,1.16689,0,2018-06-24 20:00:00
1529884800,1.16691,1.16726,1.16469,1.16469,0,2018-06-25 00:00:00
1529899200,1.16466,1.16566,1.16297,1.16309,0,2018-06-25 04:00:00
1529913600,1.16307,1.16706,1.16284,1.16517,0,2018-06-25 08:00:00
1529928000,1.16516,1.17016,1.16515,1.16876,0,2018-06-25 12:00:00
1529942400,1.16877,1.17129,1.16822,1.17041,0,2018-06-25 16:00:00
1529956800,1.17041,1.17122,1.16971,1.17021,0,2018-06-25 20:00:00
1529971200,1.17021,1.17177,1.16987,1.17165,0,2018-06-26 00:00:00
1529985600,1.17164,1.172,1.16912,1.16936,0,2018-06-26 04:00:00
1530000000,1.16933,1.17019,1.1651,1.16697,0,2018-06-26 08:00:00
1530014400,1.16696,1.16842,1.16499,1.16657,0,2018-06-26 12:00:00
1530028800,1.16658,1.16769,1.16348,1.16505,0,2018-06-26 16:00:00
1530043200,1.16506,1.16538,1.1636,1.16497,0,2018-06-26 20:00:00
1530057600,1.16499,1.16597,1.16437,1.1653,0,2018-06-27 00:00:00
1530072000,1.16529,1.16666,1.16395,1.1666,0,2018-06-27 04:00:00
1530086400,1.16668,1.16718,1.16214,1.1634,0,2018-06-27 08:00:00
1530100800,1.1634,1.16397,1.15936,1.15939,0,2018-06-27 12:00:00
1530115200,1.15939,1.15971,1.15525,1.15571,0,2018-06-27 16:00:00
1530129600,1.15571,1.15624,1.15405,1.15595,0,2018-06-27 20:00:00
1530144000,1.15595,1.15711,1.15538,1.15706,0,2018-06-28 00:00:00
1530158400,1.15705,1.15727,1.1527,1.15405,0,2018-06-28 04:00:00
1530172800,1.15405,1.15975,1.15274,1.15922,0,2018-06-28 08:00:00
1530187200,1.15923,1.16005,1.15505,1.15802,0,2018-06-28 12:00:00
1530201600,1.15803,1.15908,1.15506,1.15543,0,2018-06-28 16:00:00
1530216000,1.15544,1.15701,1.15541,1.15637,0,2018-06-28 20:00:00
1530230400,1.15636,1.1645,1.15614,1.16405,0,2018-06-29 00:00:00
1530244800,1.164,1.16661,1.16247,1.16331,0,2018-06-29 04:00:00
1530259200,1.16331,1.16628,1.16128,1.164,0,2018-06-29 08:00:00
1530273600,1.164,1.16789,1.16278,1.1676,0,2018-06-29 12:00:00
1530288000,1.16761,1.16829,1.16649,1.16684,0,2018-06-29 16:00:00
1530302400,1.16684,1.169,1.16638,1.16815,0,2018-06-29 20:00:00
1530475200,1.1676,1.16892,1.16603,1.16736,0,2018-07-01 20:00:00
1530489600,1.16737,1.16823,1.16539,1.16568,0,2018-07-02 00:00:00
1530504000,1.16567,1.1661,1.16369,1.16525,0,2018-07-02 04:00:00
1530518400,1.16524,1.16528,1.16259,1.1642,0,2018-07-02 08:00:00
1530532800,1.16419,1.16446,1.15968,1.16052,0,2018-07-02 12:00:00
1530547200,1.16059,1.16108,1.1591,1.16101,0,2018-07-02 16:00:00
1530561600,1.16102,1.16479,1.16092,1.16396,0,2018-07-02 20:00:00
1530576000,1.16396,1.16436,1.16202,1.16303,0,2018-07-03 00:00:00
1530590400,1.16304,1.16539,1.16265,1.16451,0,2018-07-03 04:00:00
1530604800,1.16453,1.16728,1.1643,1.16465,0,2018-07-03 08:00:00
1530619200,1.16468,1.16667,1.16428,1.16498,0,2018-07-03 12:00:00
1530633600,1.16497,1.16612,1.16418,1.16519,0,2018-07-03 16:00:00
1530648000,1.1652,1.16635,1.16516,1.16593,0,2018-07-03 20:00:00
1530662400,1.16595,1.16784,1.16544,1.16709,0,2018-07-04 00:00:00
1530676800,1.16708,1.16816,1.16595,1.16798,0,2018-07-04 04:00:00
1530691200,1.16797,1.16797,1.16304,1.16411,0,2018-07-04 08:00:00
1530705600,1.16409,1.16498,1.16325,1.1643,0,2018-07-04 12:00:00
1530720000,1.16433,1.16747,1.1637,1.16657,0,2018-07-04 16:00:00
1530734400,1.16659,1.16698,1.16517,1.16589,0,2018-07-04 20:00:00
1530748800,1.16589,1.16674,1.16532,1.16629,0,2018-07-05 00:00:00
1530763200,1.1663,1.17107,1.16498,1.16968,0,2018-07-05 04:00:00
1530777600,1.16968,1.17052,1.16785,1.16863,0,2018-07-05 08:00:00
1530792000,1.16863,1.172,1.16853,1.17019,0,2018-07-05 12:00:00
1530806400,1.17018,1.1705,1.1672,1.16803,0,2018-07-05 16:00:00
1530820800,1.16804,1.16932,1.16793,1.16909,0,2018-07-05 20:00:00
1530835200,1.1691,1.1697,1.16798,1.16856,0,2018-07-06 00:00:00
1530849600,1.16856,1.17264,1.16837,1.17212,0,2018-07-06 04:00:00
1530864000,1.17209,1.17218,1.17,1.17064,0,2018-07-06 08:00:00
1530878400,1.17062,1.17671,1.17047,1.17567,0,2018-07-06 12:00:00
1530892800,1.17568,1.17611,1.17329,1.17445,0,2018-07-06 16:00:00
1530907200,1.17445,1.17482,1.17397,1.17449,0,2018-07-06 20:00:00
1531080000,1.17413,1.17539,1.17398,1.17498,0,2018-07-08 20:00:00
1531094400,1.17499,1.17669,1.17434,1.17595,0,2018-07-09 00:00:00
1531108800,1.17594,1.17786,1.17564,1.17643,0,2018-07-09 04:00:00
1531123200,1.17642,1.17811,1.175,1.17735,0,2018-07-09 08:00:00
1531137600,1.17736,1.17906,1.17459,1.17587,0,2018-07-09 12:00:00
1531152000,1.17585,1.17617,1.17326,1.17485,0,2018-07-09 16:00:00
1531166400,1.1748,1.1754,1.1741,1.17498,0,2018-07-09 20:00:00
1531180800,1.175,1.17623,1.17458,1.17536,0,2018-07-10 00:00:00
1531195200,1.17537,1.1756,1.17317,1.17481,0,2018-07-10 04:00:00
1531209600,1.17483,1.17547,1.1703,1.17036,0,2018-07-10 08:00:00
1531224000,1.17035,1.17238,1.16901,1.17198,0,2018-07-10 12:00:00
1531238400,1.17199,1.17489,1.17191,1.17458,0,2018-07-10 16:00:00
1531252800,1.17459,1.17494,1.17323,1.17356,0,2018-07-10 20:00:00
1531267200,1.17356,1.1737,1.1724,1.17296,0,2018-07-11 00:00:00
1531281600,1.17297,1.17404,1.17225,1.17304,0,2018-07-11 04:00:00
1531296000,1.17302,1.17404,1.16949,1.17118,0,2018-07-11 08:00:00
1531310400,1.17119,1.17579,1.16997,1.17218,0,2018-07-11 12:00:00
1531324800,1.17219,1.1728,1.16653,1.16738,0,2018-07-11 16:00:00
1531339200,1.16737,1.16776,1.1668,1.16755,0,2018-07-11 20:00:00
1531353600,1.16757,1.16798,1.16699,1.16724,0,2018-07-12 00:00:00
1531368000,1.16723,1.16866,1.16708,1.16847,0,2018-07-12 04:00:00
1531382400,1.16847,1.16928,1.16603,1.1661,0,2018-07-12 08:00:00
1531396800,1.16611,1.16874,1.16497,1.16837,0,2018-07-12 12:00:00
1531411200,1.1684,1.16954,1.16691,1.16703,0,2018-07-12 16:00:00
1531425600,1.16702,1.16754,1.1655,1.16638,0,2018-07-12 20:00:00
1531440000,1.16637,1.16749,1.16585,1.16694,0,2018-07-13 00:00:00
1531454400,1.16694,1.16694,1.16423,1.16455,0,2018-07-13 04:00:00
1531468800,1.16454,1.16499,1.16126,1.1624,0,2018-07-13 08:00:00
1531483200,1.16241,1.16687,1.16185,1.16665,0,2018-07-13 12:00:00
1531497600,1.16666,1.16828,1.1659,1.16768,0,2018-07-13 16:00:00
1531512000,1.16769,1.16866,1.16756,1.16828,0,2018-07-13 20:00:00
1531684800,1.16879,1.16909,1.16786,1.16827,0,2018-07-15 20:00:00
1531699200,1.16829,1.16887,1.16755,1.1682,0,2018-07-16 00:00:00
1531713600,1.16819,1.17068,1.16798,1.16977,0,2018-07-16 04:00:00
1531728000,1.16978,1.17172,1.16849,1.17157,0,2018-07-16 08:00:00
1531742400,1.17156,1.17251,1.17033,1.17085,0,2018-07-16 12:00:00
1531756800,1.17084,1.17181,1.16943,1.17138,0,2018-07-16 16:00:00
1531771200,1.17139,1.17162,1.1708,1.17101,0,2018-07-16 20:00:00
1531785600,1.171,1.1714,1.17011,1.17062,0,2018-07-17 00:00:00
1531800000,1.17061,1.17351,1.17057,1.17338,0,2018-07-17 04:00:00
1531814400,1.17338,1.17444,1.17166,1.17172,0,2018-07-17 08:00:00
1531828800,1.1717,1.17221,1.16803,1.16822,0,2018-07-17 12:00:00
1531843200,1.16826,1.16926,1.16494,1.16633,0,2018-07-17 16:00:00
1531857600,1.16632,1.16653,1.16559,1.16579,0,2018-07-17 20:00:00
1531872000,1.16579,1.16648,1.16484,1.1655,0,2018-07-18 00:00:00
1531886400,1.16549,1.16563,1.16251,1.1632,0,2018-07-18 04:00:00
1531900800,1.16319,1.16413,1.1607,1.16216,0,2018-07-18 08:00:00
1531915200,1.16218,1.16497,1.16019,1.16425,0,2018-07-18 12:00:00
1531929600,1.16426,1.1662,1.16363,1.16469,0,2018-07-18 16:00:00
1531944000,1.16471,1.16481,1.16346,1.16434,0,2018-07-18 20:00:00
1531958400,1.16436,1.16564,1.16399,1.16465,0,2018-07-19 00:00:00
1531972800,1.16463,1.16548,1.16195,1.16243,0,2018-07-19 04:00:00
1531987200,1.16243,1.16271,1.1595,1.15951,0,2018-07-19 08:00:00
1532001600,1.15952,1.16215,1.15747,1.16137,0,2018-07-19 12:00:00
1532016000,1.16136,1.16784,1.15959,1.16455,0,2018-07-19 16:00:00
1532030400,1.16454,1.16483,1.16318,1.16452,0,2018-07-19 20:00:00
1532044800,1.1645,1.16596,1.16261,1.16479,0,2018-07-20 00:00:00
1532059200,1.16479,1.16733,1.16447,1.16549,0,2018-07-20 04:00:00
1532073600,1.16547,1.16598,1.16329,1.16502,0,2018-07-20 08:00:00
1532088000,1.16501,1.17229,1.16471,1.17069,0,2018-07-20 12:00:00
1532102400,1.17071,1.17386,1.17011,1.17249,0,2018-07-20 16:00:00
1532116800,1.1725,1.173,1.17174,1.17195,0,2018-07-20 20:00:00
1532289600,1.17243,1.17345,1.17224,1.17336,0,2018-07-22 20:00:00
1532304000,1.17335,1.17498,1.1733,1.17341,0,2018-07-23 00:00:00
1532318400,1.17339,1.17422,1.17164,1.1718,0,2018-07-23 04:00:00
1532332800,1.17179,1.17426,1.16865,1.17136,0,2018-07-23 08:00:00
1532347200,1.17137,1.17273,1.16996,1.17038,0,2018-07-23 12:00:00
1532361600,1.17039,1.17091,1.16835,1.16891,0,2018-07-23 16:00:00
1532376000,1.16891,1.16966,1.16841,1.16912,0,2018-07-23 20:00:00
1532390400,1.16913,1.17018,1.16857,1.16881,0,2018-07-24 00:00:00
1532404800,1.16881,1.16904,1.16577,1.16598,0,2018-07-24 04:00:00
1532419200,1.16596,1.1715,1.16543,1.1713,0,2018-07-24 08:00:00
1532433600,1.1713,1.17166,1.16899,1.17059,0,2018-07-24 12:00:00
1532448000,1.1706,1.17086,1.16728,1.16832,0,2018-07-24 16:00:00
1532462400,1.16833,1.16889,1.16757,1.16815,0,2018-07-24 20:00:00
1532476800,1.16815,1.1698,1.16771,1.16828,0,2018-07-25 00:00:00
1532491200,1.16829,1.16995,1.16752,1.16985,0,2018-07-25 04:00:00
1532505600,1.16984,1.17049,1.16806,1.16924,0,2018-07-25 08:00:00
1532520000,1.16925,1.17117,1.16715,1.16745,0,2018-07-25 12:00:00
1532534400,1.16751,1.17116,1.1664,1.17009,0,2018-07-25 16:00:00
1532548800,1.17008,1.17385,1.16988,1.17312,0,2018-07-25 20:00:00
1532563200,1.17316,1.17435,1.17295,1.17354,0,2018-07-26 00:00:00
1532577600,1.17355,1.17427,1.17231,1.17247,0,2018-07-26 04:00:00
1532592000,1.17246,1.17382,1.17055,1.1711,0,2018-07-26 08:00:00
1532606400,1.17109,1.17306,1.16518,1.16586,0,2018-07-26 12:00:00
1532620800,1.16585,1.16675,1.16402,1.16449,0,2018-07-26 16:00:00
1532635200,1.16448,1.1648,1.16375,1.16418,0,2018-07-26 20:00:00
1532649600,1.16412,1.16523,1.16377,1.16522,0,2018-07-27 00:00:00
1532664000,1.16521,1.16552,1.16359,1.1646,0,2018-07-27 04:00:00
1532678400,1.16459,1.16576,1.16219,1.16269,0,2018-07-27 08:00:00
1532692800,1.1627,1.16614,1.16202,1.16534,0,2018-07-27 12:00:00
1532707200,1.16533,1.16621,1.16459,1.16561,0,2018-07-27 16:00:00
1532721600,1.1656,1.16643,1.1652,1.16526,0,2018-07-27 20:00:00
1532894400,1.1657,1.16601,1.16525,1.16598,0,2018-07-29 20:00:00
1532908800,1.16599,1.16645,1.16499,1.1651,0,2018-07-30 00:00:00
1532923200,1.16509,1.16646,1.16505,1.16551,0,2018-07-30 04:00:00
1532937600,1.16562,1.16924,1.16478,1.16805,0,2018-07-30 08:00:00
1532952000,1.16804,1.17159,1.16782,1.17107,0,2018-07-30 12:00:00
1532966400,1.17106,1.17185,1.17077,1.17095,0,2018-07-30 16:00:00
1532980800,1.17096,1.17112,1.17014,1.17078,0,2018-07-30 20:00:00
1532995200,1.17078,1.17108,1.17014,1.17085,0,2018-07-31 00:00:00
1533009600,1.17085,1.17253,1.17,1.17231,0,2018-07-31 04:00:00
1533024000,1.17231,1.17355,1.17093,1.17316,0,2018-07-31 08:00:00
1533038400,1.17314,1.17457,1.1696,1.17008,0,2018-07-31 12:00:00
1533052800,1.17012,1.17082,1.16888,1.16966,0,2018-07-31 16:00:00
1533067200,1.16964,1.17009,1.16835,1.16864,0,2018-07-31 20:00:00
1533081600,1.16863,1.16922,1.16819,1.1685,0,2018-08-01 00:00:00
1533096000,1.1685,1.16876,1.16719,1.16816,0,2018-08-01 04:00:00
1533110400,1.16817,1.16938,1.16764,1.16864,0,2018-08-01 08:00:00
1533124800,1.16863,1.16994,1.16684,1.16723,0,2018-08-01 12:00:00
1533139200,1.16722,1.16774,1.16572,1.16638,0,2018-08-01 16:00:00
1533153600,1.16637,1.16655,1.16568,1.16629,0,2018-08-01 20:00:00
1533168000,1.16628,1.16674,1.16539,1.16546,0,2018-08-02 00:00:00
1533182400,1.16546,1.16562,1.16299,1.16304,0,2018-08-02 04:00:00
1533196800,1.16303,1.16365,1.16077,1.16223,0,2018-08-02 08:00:00
1533211200,1.16225,1.1632,1.1601,1.16116,0,2018-08-02 12:00:00
1533225600,1.16117,1.16196,1.15839,1.15866,0,2018-08-02 16:00:00
1533240000,1.15869,1.15984,1.15814,1.15859,0,2018-08-02 20:00:00
1533254400,1.1586,1.159,1.15809,1.15876,0,2018-08-03 00:00:00
1533268800,1.15877,1.15948,1.15768,1.15782,0,2018-08-03 04:00:00
1533283200,1.15781,1.15906,1.15613,1.15796,0,2018-08-03 08:00:00
1533297600,1.15795,1.16104,1.15601,1.15897,0,2018-08-03 12:00:00
1533312000,1.15901,1.16033,1.15726,1.15777,0,2018-08-03 16:00:00
1533326400,1.15777,1.15789,1.15634,1.15656,0,2018-08-03 20:00:00
1533499200,1.15676,1.157,1.15599,1.15605,0,2018-08-05 20:00:00
1533513600,1.15606,1.15684,1.15567,1.15618,0,2018-08-06 00:00:00
1533528000,1.15619,1.15651,1.155,1.15616,0,2018-08-06 04:00:00
1533542400,1.15617,1.15693,1.153,1.15373,0,2018-08-06 08:00:00
1533556800,1.15373,1.15632,1.15309,1.15575,0,2018-08-06 12:00:00
1533571200,1.15577,1.15702,1.1548,1.15564,0,2018-08-06 16:00:00
1533585600,1.15563,1.15577,1.1549,1.15563,0,2018-08-06 20:00:00
1533600000,1.15564,1.15635,1.15553,1.15604,0,2018-08-07 00:00:00
1533614400,1.15605,1.15835,1.15514,1.15804,0,2018-08-07 04:00:00
1533628800,1.15804,1.16001,1.15689,1.15966,0,2018-08-07 08:00:00
1533643200,1.15964,1.16081,1.15858,1.15922,0,2018-08-07 12:00:00
1533657600,1.15921,1.15992,1.1582,1.15937,0,2018-08-07 16:00:00
1533672000,1.1594,1.16011,1.15925,1.15996,0,2018-08-07 20:00:00
1533686400,1.15996,1.16096,1.15987,1.16052,0,2018-08-08 00:00:00
1533700800,1.16051,1.16281,1.1605,1.16152,0,2018-08-08 04:00:00
1533715200,1.16149,1.16244,1.15836,1.15948,0,2018-08-08 08:00:00
1533729600,1.15949,1.16055,1.15731,1.16002,0,2018-08-08 12:00:00
1533744000,1.16003,1.16197,1.15903,1.16188,0,2018-08-08 16:00:00
1533758400,1.16191,1.16192,1.16072,1.16117,0,2018-08-08 20:00:00
1533772800,1.16116,1.16185,1.16007,1.16147,0,2018-08-09 00:00:00
1533787200,1.16148,1.16193,1.15984,1.16026,0,2018-08-09 04:00:00
1533801600,1.16025,1.16071,1.15759,1.15934,0,2018-08-09 08:00:00
1533816000,1.15932,1.15997,1.15663,1.15729,0,2018-08-09 12:00:00
1533830400,1.1573,1.15749,1.15421,1.15423,0,2018-08-09 16:00:00
1533844800,1.15422,1.15435,1.152,1.15203,0,2018-08-09 20:00:00
1533859200,1.15202,1.15353,1.15162,1.15317,0,2018-08-10 00:00:00
1533873600,1.15316,1.15362,1.14318,1.1468,0,2018-08-10 04:00:00
1533888000,1.14682,1.14823,1.14427,1.14628,0,2018-08-10 08:00:00
1533902400,1.14627,1.14723,1.14152,1.14338,0,2018-08-10 12:00:00
1533916800,1.14336,1.14351,1.13879,1.13993,0,2018-08-10 16:00:00
1533931200,1.13991,1.14271,1.13966,1.14105,0,2018-08-10 20:00:00
1534104000,1.13702,1.13996,1.13702,1.13977,0,2018-08-12 20:00:00
1534118400,1.13978,1.14114,1.13677,1.13773,0,2018-08-13 00:00:00
1534132800,1.13776,1.14063,1.1365,1.13912,0,2018-08-13 04:00:00
1534147200,1.13913,1.13982,1.13655,1.13784,0,2018-08-13 08:00:00
1534161600,1.13785,1.14325,1.13718,1.14181,0,2018-08-13 12:00:00
1534176000,1.1418,1.14182,1.13851,1.13934,0,2018-08-13 16:00:00
1534190400,1.13935,1.14111,1.1386,1.14047,0,2018-08-13 20:00:00
1534204800,1.14047,1.14142,1.13948,1.14129,0,2018-08-14 00:00:00
1534219200,1.14127,1.14287,1.13956,1.14249,0,2018-08-14 04:00:00
1534233600,1.14248,1.14292,1.13796,1.1406,0,2018-08-14 08:00:00
1534248000,1.14062,1.14078,1.13707,1.13723,0,2018-08-14 12:00:00
1534262400,1.13723,1.13743,1.13299,1.13385,0,2018-08-14 16:00:00
1534276800,1.13384,1.13499,1.13379,1.13493,0,2018-08-14 20:00:00
1534291200,1.13494,1.13494,1.13253,1.13264,0,2018-08-15 00:00:00
1534305600,1.13265,1.13462,1.13167,1.13397,0,2018-08-15 04:00:00
1534320000,1.13397,1.13441,1.13101,1.13186,0,2018-08-15 08:00:00
1534334400,1.13185,1.13298,1.13009,1.13115,0,2018-08-15 12:00:00
1534348800,1.13117,1.13548,1.13113,1.13461,0,2018-08-15 16:00:00
1534363200,1.13464,1.13533,1.13431,1.13452,0,2018-08-15 20:00:00
1534377600,1.13454,1.13827,1.13356,1.13749,0,2018-08-16 00:00:00
1534392000,1.1375,1.13979,1.13676,1.13751,0,2018-08-16 04:00:00
1534406400,1.13753,1.13892,1.13569,1.13638,0,2018-08-16 08:00:00
1534420800,1.13638,1.14088,1.13602,1.13913,0,2018-08-16 12:00:00
1534435200,1.13912,1.13997,1.13473,1.13655,0,2018-08-16 16:00:00
1534449600,1.13654,1.13782,1.13638,1.13734,0,2018-08-16 20:00:00
1534464000,1.13735,1.13887,1.13661,1.13822,0,2018-08-17 00:00:00
1534478400,1.13824,1.13948,1.13731,1.1386,0,2018-08-17 04:00:00
1534492800,1.13862,1.14192,1.13738,1.13875,0,2018-08-17 08:00:00
1534507200,1.13875,1.14215,1.13799,1.14093,0,2018-08-17 12:00:00
1534521600,1.14095,1.14446,1.14007,1.14435,0,2018-08-17 16:00:00
1534536000,1.14434,1.14446,1.14353,1.14358,0,2018-08-17 20:00:00
1534708800,1.14373,1.14392,1.14351,1.14375,0,2018-08-19 20:00:00
1534723200,1.14375,1.14399,1.14267,1.14283,0,2018-08-20 00:00:00
1534737600,1.14282,1.14333,1.14111,1.14138,0,2018-08-20 04:00:00
1534752000,1.14139,1.14256,1.13941,1.1409,0,2018-08-20 08:00:00
1534766400,1.14089,1.14434,1.1407,1.14318,0,2018-08-20 12:00:00
1534780800,1.14319,1.14711,1.14314,1.14668,0,2018-08-20 16:00:00
1534795200,1.14672,1.14921,1.14651,1.14919,0,2018-08-20 20:00:00
1534809600,1.14918,1.1542,1.14853,1.15207,0,2018-08-21 00:00:00
1534824000,1.15206,1.15388,1.15124,1.15135,0,2018-08-21 04:00:00
1534838400,1.15131,1.15397,1.15051,1.15222,0,2018-08-21 08:00:00
1534852800,1.15222,1.15323,1.14918,1.15193,0,2018-08-21 12:00:00
1534867200,1.15194,1.1601,1.15128,1.15735,0,2018-08-21 16:00:00
1534881600,1.15736,1.1576,1.15654,1.15741,0,2018-08-21 20:00:00
1534896000,1.15742,1.15821,1.15703,1.15745,0,2018-08-22 00:00:00
1534910400,1.15744,1.158,1.15607,1.15657,0,2018-08-22 04:00:00
1534924800,1.15654,1.16024,1.15531,1.15914,0,2018-08-22 08:00:00
1534939200,1.15912,1.16228,1.15838,1.15985,0,2018-08-22 12:00:00
1534953600,1.15984,1.16194,1.15809,1.15887,0,2018-08-22 16:00:00
1534968000,1.15885,1.16076,1.15869,1.15966,0,2018-08-22 20:00:00
1534982400,1.15967,1.15974,1.15534,1.15547,0,2018-08-23 00:00:00
1534996800,1.15546,1.1572,1.15421,1.15633,0,2018-08-23 04:00:00
1535011200,1.15632,1.15897,1.15495,1.15884,0,2018-08-23 08:00:00
1535025600,1.15884,1.15904,1.15539,1.15753,0,2018-08-23 12:00:00
1535040000,1.15752,1.15786,1.15307,1.15366,0,2018-08-23 16:00:00
1535054400,1.15365,1.15457,1.15296,1.15398,0,2018-08-23 20:00:00
1535068800,1.154,1.15589,1.1538,1.15561,0,2018-08-24 00:00:00
1535083200,1.1556,1.15796,1.15494,1.15712,0,2018-08-24 04:00:00
1535097600,1.1571,1.15837,1.15549,1.15808,0,2018-08-24 08:00:00
1535112000,1.15807,1.16395,1.15783,1.16274,0,2018-08-24 12:00:00
1535126400,1.16276,1.16356,1.16163,1.16254,0,2018-08-24 16:00:00
1535140800,1.16257,1.16288,1.16189,1.16197,0,2018-08-24 20:00:00
1535313600,1.16139,1.16288,1.16138,1.1628,0,2018-08-26 20:00:00
1535328000,1.16279,1.16532,1.16255,1.16296,0,2018-08-27 00:00:00
1535342400,1.16299,1.16346,1.15944,1.16008,0,2018-08-27 04:00:00
1535356800,1.16009,1.16217,1.15962,1.16101,0,2018-08-27 08:00:00
1535371200,1.16102,1.16735,1.16101,1.16698,0,2018-08-27 12:00:00
1535385600,1.16703,1.16934,1.16683,1.1679,0,2018-08-27 16:00:00
1535400000,1.1679,1.16851,1.16765,1.16801,0,2018-08-27 20:00:00
1535414400,1.16803,1.16968,1.16711,1.16755,0,2018-08-28 00:00:00
1535428800,1.16755,1.16911,1.16624,1.16886,0,2018-08-28 04:00:00
1535443200,1.16884,1.17068,1.16788,1.1698,0,2018-08-28 08:00:00
1535457600,1.16979,1.17331,1.16943,1.17146,0,2018-08-28 12:00:00
1535472000,1.17145,1.17251,1.16905,1.1695,0,2018-08-28 16:00:00
1535486400,1.16951,1.16985,1.16903,1.16952,0,2018-08-28 20:00:00
1535500800,1.16952,1.16972,1.16832,1.16915,0,2018-08-29 00:00:00
1535515200,1.16914,1.16962,1.16666,1.16682,0,2018-08-29 04:00:00
1535529600,1.16682,1.16863,1.16616,1.16627,0,2018-08-29 08:00:00
1535544000,1.16628,1.17075,1.16519,1.16931,0,2018-08-29 12:00:00
1535558400,1.16934,1.17068,1.16879,1.16995,0,2018-08-29 16:00:00
1535572800,1.16994,1.171,1.1698,1.1706,0,2018-08-29 20:00:00
1535587200,1.17062,1.17133,1.16964,1.17007,0,2018-08-30 00:00:00
1535601600,1.17008,1.17059,1.16857,1.17035,0,2018-08-30 04:00:00
1535616000,1.17012,1.1718,1.16749,1.16975,0,2018-08-30 08:00:00
1535630400,1.16976,1.16988,1.1644,1.1657,0,2018-08-30 12:00:00
1535644800,1.1657,1.16718,1.16416,1.16648,0,2018-08-30 16:00:00
1535659200,1.16647,1.16788,1.16596,1.16626,0,2018-08-30 20:00:00
1535673600,1.16627,1.16763,1.16602,1.16634,0,2018-08-31 00:00:00
1535688000,1.16633,1.169,1.16594,1.16728,0,2018-08-31 04:00:00
1535702400,1.16725,1.16896,1.16554,1.1666,0,2018-08-31 08:00:00
1535716800,1.1666,1.16666,1.16256,1.16338,0,2018-08-31 12:00:00
1535731200,1.16339,1.16364,1.15844,1.15966,0,2018-08-31 16:00:00
1535745600,1.15967,1.16106,1.15951,1.15973,0,2018-08-31 20:00:00
1535918400,1.1595,1.16033,1.15923,1.15973,0,2018-09-02 20:00:00
1535932800,1.15973,1.16034,1.15887,1.15974,0,2018-09-03 00:00:00
1535947200,1.15976,1.16154,1.15957,1.15999,0,2018-09-03 04:00:00
1535961600,1.15996,1.16254,1.15907,1.1616,0,2018-09-03 08:00:00
1535976000,1.1616,1.16278,1.16033,1.16275,0,2018-09-03 12:00:00
1535990400,1.16275,1.16276,1.16145,1.16178,0,2018-09-03 16:00:00
1536004800,1.1618,1.16197,1.16119,1.16168,0,2018-09-03 20:00:00
1536019200,1.1617,1.16173,1.15951,1.15983,0,2018-09-04 00:00:00
1536033600,1.15984,1.16108,1.15747,1.15779,0,2018-09-04 04:00:00
1536048000,1.15778,1.1585,1.15498,1.15606,0,2018-09-04 08:00:00
1536062400,1.15607,1.15686,1.15299,1.1555,0,2018-09-04 12:00:00
1536076800,1.15551,1.15847,1.15511,1.15798,0,2018-09-04 16:00:00
1536091200,1.15798,1.15892,1.1574,1.15828,0,2018-09-04 20:00:00
1536105600,1.15828,1.16078,1.15802,1.16045,0,2018-09-05 00:00:00
1536120000,1.16045,1.16059,1.15632,1.1564,0,2018-09-05 04:00:00
1536134400,1.15637,1.15974,1.15424,1.15942,0,2018-09-05 08:00:00
1536148800,1.15944,1.16398,1.15714,1.16251,0,2018-09-05 12:00:00
1536163200,1.1625,1.16319,1.16053,1.16238,0,2018-09-05 16:00:00
1536177600,1.16238,1.16347,1.16214,1.16322,0,2018-09-05 20:00:00
1536192000,1.16323,1.1659,1.16317,1.16468,0,2018-09-06 00:00:00
1536206400,1.16468,1.16471,1.16144,1.1621,0,2018-09-06 04:00:00
1536220800,1.16211,1.16418,1.16137,1.16279,0,2018-09-06 08:00:00
1536235200,1.16279,1.16549,1.16237,1.1631,0,2018-09-06 12:00:00
1536249600,1.1631,1.16327,1.16052,1.16254,0,2018-09-06 16:00:00
1536264000,1.16253,1.16273,1.16174,1.16245,0,2018-09-06 20:00:00
1536278400,1.16245,1.16262,1.16139,1.16191,0,2018-09-07 00:00:00
1536292800,1.16192,1.16445,1.16136,1.16403,0,2018-09-07 04:00:00
1536307200,1.16402,1.16492,1.16223,1.16257,0,2018-09-07 08:00:00
1536321600,1.16257,1.16281,1.15617,1.15822,0,2018-09-07 12:00:00
1536336000,1.15823,1.15853,1.15504,1.15647,0,2018-09-07 16:00:00
1536350400,1.15647,1.15661,1.15511,1.15511,0,2018-09-07 20:00:00
1536523200,1.15463,1.15593,1.15463,1.1555,0,2018-09-09 20:00:00
1536537600,1.15549,1.15641,1.15469,1.15507,0,2018-09-10 00:00:00
1536552000,1.15504,1.15538,1.1526,1.15326,0,2018-09-10 04:00:00
1536566400,1.15328,1.15843,1.15328,1.15764,0,2018-09-10 08:00:00
1536580800,1.15765,1.16156,1.15684,1.16048,0,2018-09-10 12:00:00
1536595200,1.16051,1.16093,1.15934,1.15967,0,2018-09-10 16:00:00
1536609600,1.15971,1.15983,1.15904,1.15941,0,2018-09-10 20:00:00
1536624000,1.15943,1.15994,1.15775,1.15887,0,2018-09-11 00:00:00
1536638400,1.15888,1.16288,1.15887,1.16254,0,2018-09-11 04:00:00
1536652800,1.16254,1.16437,1.15757,1.15844,0,2018-09-11 08:00:00
1536667200,1.15845,1.15987,1.15654,1.15836,0,2018-09-11 12:00:00
1536681600,1.15836,1.15976,1.1576,1.1585,0,2018-09-11 16:00:00
1536696000,1.15852,1.16124,1.15834,1.16018,0,2018-09-11 20:00:00
1536710400,1.16019,1.16035,1.15879,1.15896,0,2018-09-12 00:00:00
1536724800,1.15895,1.15971,1.15698,1.15712,0,2018-09-12 04:00:00
1536739200,1.15712,1.16046,1.15704,1.158,0,2018-09-12 08:00:00
1536753600,1.15805,1.16253,1.15719,1.16245,0,2018-09-12 12:00:00
1536768000,1.16246,1.16493,1.16161,1.16319,0,2018-09-12 16:00:00
1536782400,1.16318,1.1632,1.16226,1.16274,0,2018-09-12 20:00:00
1536796800,1.16276,1.16425,1.16251,1.16348,0,2018-09-13 00:00:00
1536811200,1.16349,1.16392,1.16162,1.16242,0,2018-09-13 04:00:00
1536825600,1.16242,1.16294,1.1609,1.16196,0,2018-09-13 08:00:00
1536840000,1.16195,1.17008,1.16141,1.16757,0,2018-09-13 12:00:00
1536854400,1.16757,1.16944,1.16693,1.1692,0,2018-09-13 16:00:00
1536868800,1.16922,1.16944,1.16843,1.169,0,2018-09-13 20:00:00
1536883200,1.16901,1.16962,1.16876,1.1692,0,2018-09-14 00:00:00
1536897600,1.16921,1.17096,1.16892,1.17055,0,2018-09-14 04:00:00
1536912000,1.17056,1.17215,1.16949,1.17012,0,2018-09-14 08:00:00
1536926400,1.17013,1.17047,1.16548,1.16668,0,2018-09-14 12:00:00
1536940800,1.16667,1.16672,1.16232,1.1632,0,2018-09-14 16:00:00
1536955200,1.16322,1.16337,1.16199,1.16231,0,2018-09-14 20:00:00
1537128000,1.16228,1.1632,1.16213,1.16252,0,2018-09-16 20:00:00
1537142400,1.16252,1.16351,1.16217,1.1635,0,2018-09-17 00:00:00
1537156800,1.16351,1.16403,1.16252,1.16287,0,2018-09-17 04:00:00
1537171200,1.16287,1.16641,1.16177,1.16618,0,2018-09-17 08:00:00
1537185600,1.16616,1.16947,1.1657,1.169,0,2018-09-17 12:00:00
1537200000,1.16902,1.16979,1.1682,1.16865,0,2018-09-17 16:00:00
1537214400,1.16864,1.16882,1.16701,1.16704,0,2018-09-17 20:00:00
1537228800,1.16706,1.16842,1.16665,1.16812,0,2018-09-18 00:00:00
1537243200,1.16813,1.17177,1.16813,1.16999,0,2018-09-18 04:00:00
1537257600,1.16996,1.17,1.1672,1.1683,0,2018-09-18 08:00:00
1537272000,1.16831,1.17243,1.1679,1.16995,0,2018-09-18 12:00:00
1537286400,1.16994,1.17019,1.1652,1.16665,0,2018-09-18 16:00:00
1537300800,1.16665,1.16822,1.16587,1.16792,0,2018-09-18 20:00:00
1537315200,1.16792,1.16814,1.16555,1.16647,0,2018-09-19 00:00:00
1537329600,1.16648,1.1687,1.16634,1.16778,0,2018-09-19 04:00:00
1537344000,1.16777,1.17147,1.16731,1.16895,0,2018-09-19 08:00:00
1537358400,1.16895,1.16937,1.165,1.16678,0,2018-09-19 12:00:00
1537372800,1.16679,1.16922,1.16679,1.16737,0,2018-09-19 16:00:00
1537387200,1.16738,1.16774,1.16685,1.16704,0,2018-09-19 20:00:00
1537401600,1.16705,1.16848,1.16688,1.16835,0,2018-09-20 00:00:00
1537416000,1.16835,1.16937,1.16772,1.1684,0,2018-09-20 04:00:00
1537430400,1.16839,1.17205,1.16833,1.17205,0,2018-09-20 08:00:00
1537444800,1.17206,1.17768,1.17142,1.17501,0,2018-09-20 12:00:00
1537459200,1.175,1.17764,1.17388,1.17761,0,2018-09-20 16:00:00
1537473600,1.17762,1.17843,1.17728,1.17791,0,2018-09-20 20:00:00
1537488000,1.1779,1.17842,1.17743,1.17817,0,2018-09-21 00:00:00
1537502400,1.17818,1.17889,1.17726,1.17846,0,2018-09-21 04:00:00
1537516800,1.17845,1.18025,1.17606,1.17621,0,2018-09-21 08:00:00
1537531200,1.1762,1.17695,1.17325,1.17583,0,2018-09-21 12:00:00
1537545600,1.17585,1.17604,1.1735,1.1747,0,2018-09-21 16:00:00
1537560000,1.1747,1.17551,1.17451,1.17465,0,2018-09-21 20:00:00
1537732800,1.17442,1.17522,1.17377,1.17459,0,2018-09-23 20:00:00
1537747200,1.1746,1.17526,1.17372,1.17394,0,2018-09-24 00:00:00
1537761600,1.17394,1.17484,1.1724,1.17363,0,2018-09-24 04:00:00
1537776000,1.17358,1.17746,1.17344,1.17637,0,2018-09-24 08:00:00
1537790400,1.17639,1.18148,1.17495,1.17875,0,2018-09-24 12:00:00
1537804800,1.17873,1.17915,1.1753,1.17582,0,2018-09-24 16:00:00
1537819200,1.17583,1.17597,1.17442,1.17495,0,2018-09-24 20:00:00
1537833600,1.17495,1.17588,1.17308,1.17381,0,2018-09-25 00:00:00
1537848000,1.1738,1.17653,1.17341,1.17607,0,2018-09-25 04:00:00
1537862400,1.17606,1.1774,1.17335,1.17617,0,2018-09-25 08:00:00
1537876800,1.17616,1.17923,1.17589,1.17857,0,2018-09-25 12:00:00
1537891200,1.17856,1.17859,1.17608,1.17671,0,2018-09-25 16:00:00
1537905600,1.1767,1.17705,1.17619,1.17663,0,2018-09-25 20:00:00
1537920000,1.17663,1.17681,1.17558,1.17644,0,2018-09-26 00:00:00
1537934400,1.17646,1.17682,1.17578,1.17612,0,2018-09-26 04:00:00
1537948800,1.17615,1.17753,1.17459,1.17493,0,2018-09-26 08:00:00
1537963200,1.17492,1.17518,1.17259,1.17483,0,2018-09-26 12:00:00
1537977600,1.17483,1.17976,1.1731,1.17598,0,2018-09-26 16:00:00
1537992000,1.17599,1.1771,1.1736,1.17488,0,2018-09-26 20:00:00
1538006400,1.1749,1.1757,1.174,1.17459,0,2018-09-27 00:00:00
1538020800,1.1746,1.17529,1.16906,1.17064,0,2018-09-27 04:00:00
1538035200,1.17065,1.17202,1.16851,1.17194,0,2018-09-27 08:00:00
1538049600,1.17194,1.17194,1.16707,1.16757,0,2018-09-27 12:00:00
1538064000,1.16756,1.16845,1.16536,1.16583,0,2018-09-27 16:00:00
1538078400,1.16584,1.16621,1.16335,1.16349,0,2018-09-27 20:00:00
1538092800,1.16348,1.16481,1.16331,1.16475,0,2018-09-28 00:00:00
1538107200,1.16475,1.1651,1.16233,1.16259,0,2018-09-28 04:00:00
1538121600,1.16258,1.16309,1.15803,1.15803,0,2018-09-28 08:00:00
1538136000,1.15803,1.16169,1.15699,1.1614,0,2018-09-28 12:00:00
1538150400,1.16141,1.16291,1.1606,1.16093,0,2018-09-28 16:00:00
1538164800,1.16097,1.16143,1.16008,1.16017,0,2018-09-28 20:00:00
1538337600,1.16165,1.16167,1.16039,1.16045,0,2018-09-30 20:00:00
1538352000,1.16044,1.16101,1.15951,1.15966,0,2018-10-01 00:00:00
1538366400,1.15964,1.1598,1.15751,1.15805,0,2018-10-01 04:00:00
1538380800,1.15804,1.1619,1.15739,1.16081,0,2018-10-01 08:00:00
1538395200,1.16082,1.16243,1.15728,1.15847,0,2018-10-01 12:00:00
1538409600,1.15843,1.15895,1.15631,1.15746,0,2018-10-01 16:00:00
1538424000,1.15742,1.15802,1.15728,1.15755,0,2018-10-01 20:00:00
1538438400,1.15755,1.158,1.15685,1.15708,0,2018-10-02 00:00:00
1538452800,1.15707,1.15746,1.15347,1.15384,0,2018-10-02 04:00:00
1538467200,1.15381,1.15475,1.15053,1.15174,0,2018-10-02 08:00:00
1538481600,1.15173,1.15573,1.15172,1.15562,0,2018-10-02 12:00:00
1538496000,1.15563,1.15702,1.15395,1.15443,0,2018-10-02 16:00:00
1538510400,1.15442,1.15554,1.15413,1.15503,0,2018-10-02 20:00:00
1538524800,1.15505,1.15934,1.15358,1.15849,0,2018-10-03 00:00:00
1538539200,1.15848,1.15926,1.15738,1.15824,0,2018-10-03 04:00:00
1538553600,1.15823,1.15841,1.15532,1.15533,0,2018-10-03 08:00:00
1538568000,1.15533,1.15556,1.15152,1.15368,0,2018-10-03 12:00:00
1538582400,1.15371,1.15392,1.15091,1.15169,0,2018-10-03 16:00:00
1538596800,1.15171,1.15175,1.14642,1.14836,0,2018-10-03 20:00:00
1538611200,1.14836,1.1485,1.14651,1.1471,0,2018-10-04 00:00:00
1538625600,1.1471,1.14872,1.14632,1.14763,0,2018-10-04 04:00:00
1538640000,1.14761,1.15055,1.14749,1.14995,0,2018-10-04 08:00:00
1538654400,1.14994,1.15424,1.14946,1.15225,0,2018-10-04 12:00:00
1538668800,1.15226,1.15252,1.14924,1.15147,0,2018-10-04 16:00:00
1538683200,1.15147,1.15194,1.15097,1.15163,0,2018-10-04 20:00:00
1538697600,1.15164,1.15197,1.15076,1.15077,0,2018-10-05 00:00:00
1538712000,1.15078,1.15161,1.14972,1.15088,0,2018-10-05 04:00:00
1538726400,1.15087,1.1516,1.14871,1.14977,0,2018-10-05 08:00:00
1538740800,1.14977,1.15492,1.14838,1.15076,0,2018-10-05 12:00:00
1538755200,1.1507,1.15262,1.14977,1.15261,0,2018-10-05 16:00:00
1538769600,1.15265,1.15312,1.15163,1.15216,0,2018-10-05 20:00:00
1538942400,1.15203,1.15272,1.15192,1.15248,0,2018-10-07 20:00:00
1538956800,1.1525,1.15293,1.15118,1.15156,0,2018-10-08 00:00:00
1538971200,1.15157,1.15164,1.1498,1.1498,0,2018-10-08 04:00:00
1538985600,1.1497,1.15046,1.14668,1.14727,0,2018-10-08 08:00:00
1539000000,1.14728,1.14891,1.14599,1.14739,0,2018-10-08 12:00:00
1539014400,1.14741,1.14921,1.14707,1.14888,0,2018-10-08 16:00:00
1539028800,1.14886,1.14989,1.14813,1.14922,0,2018-10-08 20:00:00
1539043200,1.14924,1.14947,1.14846,1.14922,0,2018-10-09 00:00:00
1539057600,1.14921,1.15024,1.14653,1.14744,0,2018-10-09 04:00:00
1539072000,1.14745,1.14869,1.14407,1.1449,0,2018-10-09 08:00:00
1539086400,1.14491,1.1487,1.14322,1.14684,0,2018-10-09 12:00:00
1539100800,1.14684,1.1503,1.14644,1.14974,0,2018-10-09 16:00:00
1539115200,1.14975,1.14981,1.1482,1.14952,0,2018-10-09 20:00:00
1539129600,1.14953,1.15153,1.1495,1.15073,0,2018-10-10 00:00:00
1539144000,1.15073,1.15149,1.14969,1.15053,0,2018-10-10 04:00:00
1539158400,1.15052,1.15108,1.14798,1.15028,0,2018-10-10 08:00:00
1539172800,1.15027,1.15345,1.1488,1.15342,0,2018-10-10 12:00:00
1539187200,1.15342,1.15452,1.1519,1.15242,0,2018-10-10 16:00:00
1539201600,1.15242,1.15361,1.15142,1.15352,0,2018-10-10 20:00:00
1539216000,1.15355,1.15715,1.15279,1.15601,0,2018-10-11 00:00:00
1539230400,1.15602,1.15721,1.1541,1.15439,0,2018-10-11 04:00:00
1539244800,1.15441,1.15753,1.1535,1.15726,0,2018-10-11 08:00:00
1539259200,1.15727,1.15992,1.1545,1.15587,0,2018-10-11 12:00:00
1539273600,1.15588,1.15976,1.1549,1.15941,0,2018-10-11 16:00:00
1539288000,1.15943,1.15984,1.15813,1.1592,0,2018-10-11 20:00:00
1539302400,1.15922,1.16089,1.15875,1.16052,0,2018-10-12 00:00:00
1539316800,1.16051,1.16104,1.15862,1.15913,0,2018-10-12 04:00:00
1539331200,1.15912,1.1604,1.15717,1.15801,0,2018-10-12 08:00:00
1539345600,1.158,1.15866,1.15345,1.15611,0,2018-10-12 12:00:00
1539360000,1.15611,1.15683,1.15527,1.15634,0,2018-10-12 16:00:00
1539374400,1.15633,1.15654,1.15553,1.1557,0,2018-10-12 20:00:00
1539547200,1.15386,1.15524,1.15386,1.15508,0,2018-10-14 20:00:00
1539561600,1.1551,1.15557,1.15433,1.15488,0,2018-10-15 00:00:00
1539576000,1.15487,1.15644,1.15429,1.15642,0,2018-10-15 04:00:00
1539590400,1.15641,1.16002,1.15574,1.15988,0,2018-10-15 08:00:00
1539604800,1.15987,1.1606,1.15778,1.15849,0,2018-10-15 12:00:00
1539619200,1.15848,1.15954,1.15751,1.15833,0,2018-10-15 16:00:00
1539633600,1.15834,1.15853,1.15741,1.15837,0,2018-10-15 20:00:00
1539648000,1.15839,1.15923,1.15716,1.1573,0,2018-10-16 00:00:00
1539662400,1.15728,1.15808,1.15661,1.15767,0,2018-10-16 04:00:00
1539676800,1.15767,1.15984,1.1566,1.15777,0,2018-10-16 08:00:00
1539691200,1.15776,1.1621,1.15735,1.15806,0,2018-10-16 12:00:00
1539705600,1.15806,1.15944,1.15715,1.15776,0,2018-10-16 16:00:00
1539720000,1.15777,1.15808,1.15702,1.15735,0,2018-10-16 20:00:00
1539734400,1.15735,1.15804,1.15581,1.15612,0,2018-10-17 00:00:00
1539748800,1.15612,1.15715,1.1548,1.15715,0,2018-10-17 04:00:00
1539763200,1.15713,1.15777,1.15455,1.15473,0,2018-10-17 08:00:00
1539777600,1.15474,1.15474,1.1521,1.15294,0,2018-10-17 12:00:00
1539792000,1.15295,1.15441,1.1506,1.15064,0,2018-10-17 16:00:00
1539806400,1.15062,1.15077,1.14958,1.14982,0,2018-10-17 20:00:00
1539820800,1.14984,1.15048,1.14941,1.15005,0,2018-10-18 00:00:00
1539835200,1.15006,1.15036,1.14816,1.1489,0,2018-10-18 04:00:00
1539849600,1.14885,1.15273,1.14874,1.15186,0,2018-10-18 08:00:00
1539864000,1.15186,1.15221,1.148,1.14896,0,2018-10-18 12:00:00
1539878400,1.14896,1.1518,1.14517,1.14645,0,2018-10-18 16:00:00
1539892800,1.14645,1.14689,1.14494,1.14555,0,2018-10-18 20:00:00
1539907200,1.14555,1.1462,1.14533,1.14594,0,2018-10-19 00:00:00
1539921600,1.14595,1.14694,1.14517,1.14599,0,2018-10-19 04:00:00
1539936000,1.14598,1.14697,1.1433,1.14619,0,2018-10-19 08:00:00
1539950400,1.14618,1.14971,1.14571,1.14967,0,2018-10-19 12:00:00
1539964800,1.14969,1.15343,1.14855,1.15092,0,2018-10-19 16:00:00
1539979200,1.15093,1.15242,1.15016,1.15117,0,2018-10-19 20:00:00
1540152000,1.15139,1.15178,1.15104,1.15113,0,2018-10-21 20:00:00
1540166400,1.15112,1.15138,1.1498,1.15077,0,2018-10-22 00:00:00
1540180800,1.15078,1.15459,1.15065,1.15429,0,2018-10-22 04:00:00
1540195200,1.1543,1.15499,1.14958,1.15019,0,2018-10-22 08:00:00
1540209600,1.1502,1.15058,1.14669,1.147,0,2018-10-22 12:00:00
1540224000,1.14702,1.14759,1.14556,1.14659,0,2018-10-22 16:00:00
1540238400,1.14658,1.14704,1.14625,1.14654,0,2018-10-22 20:00:00
1540252800,1.14654,1.14663,1.14578,1.14612,0,2018-10-23 00:00:00
1540267200,1.14611,1.14683,1.14391,1.14657,0,2018-10-23 04:00:00
1540281600,1.14657,1.14858,1.14477,1.14686,0,2018-10-23 08:00:00
1540296000,1.14686,1.14828,1.14488,1.14594,0,2018-10-23 12:00:00
1540310400,1.14597,1.14932,1.14559,1.14679,0,2018-10-23 16:00:00
1540324800,1.1467,1.14782,1.14664,1.14695,0,2018-10-23 20:00:00
1540339200,1.14696,1.14748,1.14609,1.14641,0,2018-10-24 00:00:00
1540353600,1.14642,1.14751,1.14551,1.14594,0,2018-10-24 04:00:00
1540368000,1.14594,1.14762,1.1395,1.14129,0,2018-10-24 08:00:00
1540382400,1.1413,1.14137,1.13789,1.1396,0,2018-10-24 12:00:00
1540396800,1.13959,1.14033,1.13806,1.13871,0,2018-10-24 16:00:00
1540411200,1.13869,1.14025,1.13867,1.13987,0,2018-10-24 20:00:00
1540425600,1.13989,1.14137,1.13951,1.14105,0,2018-10-25 00:00:00
1540440000,1.14106,1.14201,1.14046,1.14114,0,2018-10-25 04:00:00
1540454400,1.14115,1.14167,1.1395,1.14055,0,2018-10-25 08:00:00
1540468800,1.14056,1.14322,1.13707,1.13798,0,2018-10-25 12:00:00
1540483200,1.13797,1.13818,1.1356,1.13625,0,2018-10-25 16:00:00
1540497600,1.13626,1.13768,1.13564,1.13737,0,2018-10-25 20:00:00
1540512000,1.13738,1.13763,1.13622,1.13688,0,2018-10-26 00:00:00
1540526400,1.13689,1.13753,1.13578,1.1368,0,2018-10-26 04:00:00
1540540800,1.13681,1.13835,1.13446,1.13496,0,2018-10-26 08:00:00
1540555200,1.13495,1.13875,1.13355,1.137,0,2018-10-26 12:00:00
1540569600,1.13702,1.1413,1.13684,1.14109,0,2018-10-26 16:00:00
1540584000,1.1411,1.14206,1.13996,1.13996,0,2018-10-26 20:00:00
1540756800,1.13908,1.14034,1.13908,1.14034,0,2018-10-28 20:00:00
1540771200,1.14034,1.14035,1.13861,1.13927,0,2018-10-29 00:00:00
1540785600,1.13927,1.14014,1.1388,1.13923,0,2018-10-29 04:00:00
1540800000,1.13923,1.14163,1.13605,1.13952,0,2018-10-29 08:00:00
1540814400,1.13953,1.14159,1.13672,1.13848,0,2018-10-29 12:00:00
1540828800,1.13847,1.14002,1.13741,1.13899,0,2018-10-29 16:00:00
1540843200,1.139,1.13942,1.13696,1.13727,0,2018-10-29 20:00:00
1540857600,1.1373,1.13848,1.13717,1.13819,0,2018-10-30 00:00:00
1540872000,1.13818,1.13842,1.13702,1.13742,0,2018-10-30 04:00:00
1540886400,1.13741,1.13877,1.13504,1.13574,0,2018-10-30 08:00:00
1540900800,1.13575,1.13814,1.13453,1.13731,0,2018-10-30 12:00:00
1540915200,1.13732,1.1374,1.13403,1.13415,0,2018-10-30 16:00:00
1540929600,1.13414,1.1347,1.13405,1.13426,0,2018-10-30 20:00:00
1540944000,1.13428,1.13499,1.13395,1.13441,0,2018-10-31 00:00:00
1540958400,1.1344,1.13468,1.13359,1.13447,0,2018-10-31 04:00:00
1540972800,1.13447,1.13599,1.13306,1.13384,0,2018-10-31 08:00:00
1540987200,1.13384,1.13531,1.13103,1.13206,0,2018-10-31 12:00:00
1541001600,1.13205,1.13467,1.13018,1.13136,0,2018-10-31 16:00:00
1541016000,1.13137,1.1328,1.13046,1.1317,0,2018-10-31 20:00:00
1541030400,1.1317,1.13432,1.13126,1.13407,0,2018-11-01 00:00:00
1541044800,1.13405,1.13523,1.13375,1.13499,0,2018-11-01 04:00:00
1541059200,1.13498,1.13877,1.13472,1.13719,0,2018-11-01 08:00:00
1541073600,1.13718,1.14132,1.13709,1.14083,0,2018-11-01 12:00:00
1541088000,1.14083,1.14241,1.13898,1.14084,0,2018-11-01 16:00:00
1541102400,1.14084,1.14134,1.13993,1.14042,0,2018-11-01 20:00:00
1541116800,1.14046,1.14054,1.13911,1.13967,0,2018-11-02 00:00:00
1541131200,1.13966,1.14296,1.13946,1.142,0,2018-11-02 04:00:00
1541145600,1.14201,1.14497,1.14171,1.14492,0,2018-11-02 08:00:00
1541160000,1.14491,1.14557,1.14049,1.14193,0,2018-11-02 12:00:00
1541174400,1.14192,1.14193,1.13719,1.13851,0,2018-11-02 16:00:00
1541188800,1.13852,1.14004,1.13844,1.13857,0,2018-11-02 20:00:00
1541361600,1.13848,1.13991,1.13848,1.13974,0,2018-11-04 20:00:00
1541376000,1.13975,1.13977,1.13825,1.13832,0,2018-11-05 00:00:00
1541390400,1.13832,1.13986,1.13775,1.13815,0,2018-11-05 04:00:00
1541404800,1.13818,1.13944,1.13651,1.13718,0,2018-11-05 08:00:00
1541419200,1.13719,1.14057,1.13535,1.1399,0,2018-11-05 12:00:00
1541433600,1.13988,1.1424,1.13902,1.14182,0,2018-11-05 16:00:00
1541448000,1.14182,1.14185,1.14055,1.14081,0,2018-11-05 20:00:00
1541462400,1.14083,1.1414,1.14049,1.14058,0,2018-11-06 00:00:00
1541476800,1.14058,1.14194,1.13989,1.14135,0,2018-11-06 04:00:00
1541491200,1.14134,1.14253,1.13914,1.14071,0,2018-11-06 08:00:00
1541505600,1.14072,1.14377,1.1405,1.14166,0,2018-11-06 12:00:00
1541520000,1.14167,1.1424,1.1406,1.14123,0,2018-11-06 16:00:00
1541534400,1.14122,1.14415,1.14107,1.1441,0,2018-11-06 20:00:00
1541548800,1.14409,1.14727,1.13947,1.14655,0,2018-11-07 00:00:00
1541563200,1.14654,1.14702,1.14307,1.14531,0,2018-11-07 04:00:00
1541577600,1.14532,1.14996,1.14515,1.14898,0,2018-11-07 08:00:00
1541592000,1.149,1.14915,1.14619,1.147,0,2018-11-07 12:00:00
1541606400,1.14701,1.14756,1.14427,1.14547,0,2018-11-07 16:00:00
1541620800,1.14548,1.14579,1.14245,1.14323,0,2018-11-07 20:00:00
1541635200,1.14324,1.14365,1.14245,1.14288,0,2018-11-08 00:00:00
1541649600,1.14288,1.14366,1.14118,1.14351,0,2018-11-08 04:00:00
1541664000,1.1435,1.14444,1.14041,1.14108,0,2018-11-08 08:00:00
1541678400,1.14109,1.14463,1.14088,1.14257,0,2018-11-08 12:00:00
1541692800,1.14257,1.14271,1.13561,1.13563,0,2018-11-08 16:00:00
1541707200,1.13562,1.13687,1.13512,1.13677,0,2018-11-08 20:00:00
1541721600,1.13677,1.13686,1.13409,1.13461,0,2018-11-09 00:00:00
1541736000,1.13462,1.13513,1.13349,1.13368,0,2018-11-09 04:00:00
1541750400,1.13367,1.13564,1.13272,1.13539,0,2018-11-09 08:00:00
1541764800,1.1354,1.13595,1.13304,1.13524,0,2018-11-09 12:00:00
1541779200,1.13525,1.1358,1.13161,1.13355,0,2018-11-09 16:00:00
1541793600,1.13356,1.13394,1.13299,1.13329,0,2018-11-09 20:00:00
1541966400,1.13223,1.13297,1.13128,1.13236,0,2018-11-11 20:00:00
1541980800,1.13239,1.13303,1.13197,1.13256,0,2018-11-12 00:00:00
1541995200,1.13255,1.13258,1.12583,1.12596,0,2018-11-12 04:00:00
1542009600,1.12595,1.12689,1.124,1.12618,0,2018-11-12 08:00:00
1542024000,1.12619,1.12781,1.12494,1.12501,0,2018-11-12 12:00:00
1542038400,1.125,1.12562,1.12356,1.12399,0,2018-11-12 16:00:00
1542052800,1.124,1.12425,1.12154,1.12235,0,2018-11-12 20:00:00
1542067200,1.12233,1.12496,1.12215,1.12451,0,2018-11-13 00:00:00
1542081600,1.12451,1.12572,1.1234,1.12374,0,2018-11-13 04:00:00
1542096000,1.12378,1.12543,1.12218,1.12532,0,2018-11-13 08:00:00
1542110400,1.12535,1.12836,1.12472,1.128,0,2018-11-13 12:00:00
1542124800,1.12803,1.12934,1.12524,1.1268,0,2018-11-13 16:00:00
1542139200,1.12682,1.13204,1.1267,1.1311,0,2018-11-13 20:00:00
1542153600,1.1311,1.13189,1.12971,1.13002,0,2018-11-14 00:00:00
1542168000,1.13005,1.13012,1.12762,1.12931,0,2018-11-14 04:00:00
1542182400,1.1293,1.1293,1.12632,1.12725,0,2018-11-14 08:00:00
1542196800,1.12726,1.13472,1.1271,1.1308,0,2018-11-14 12:00:00
1542211200,1.13081,1.13406,1.12758,1.13397,0,2018-11-14 16:00:00
1542225600,1.13398,1.13442,1.1305,1.13122,0,2018-11-14 20:00:00
1542240000,1.13122,1.13337,1.13113,1.13299,0,2018-11-15 00:00:00
1542254400,1.13298,1.13471,1.13271,1.13358,0,2018-11-15 04:00:00
1542268800,1.13359,1.13513,1.12704,1.13129,0,2018-11-15 08:00:00
1542283200,1.13125,1.13225,1.12873,1.13178,0,2018-11-15 12:00:00
1542297600,1.13175,1.13622,1.13069,1.1351,0,2018-11-15 16:00:00
1542312000,1.13512,1.13512,1.13212,1.13243,0,2018-11-15 20:00:00
1542326400,1.13244,1.1343,1.13236,1.13355,0,2018-11-16 00:00:00
1542340800,1.13356,1.13563,1.13314,1.13425,0,2018-11-16 04:00:00
1542355200,1.13426,1.13679,1.13216,1.13295,0,2018-11-16 08:00:00
1542369600,1.13294,1.14113,1.13242,1.13945,0,2018-11-16 12:00:00
1542384000,1.13944,1.14197,1.13922,1.14135,0,2018-11-16 16:00:00
1542398400,1.14137,1.142,1.14082,1.14145,0,2018-11-16 20:00:00
1542571200,1.14116,1.14209,1.1406,1.14136,0,2018-11-18 20:00:00
1542585600,1.14136,1.14152,1.14036,1.14056,0,2018-11-19 00:00:00
1542600000,1.14057,1.14153,1.13937,1.14093,0,2018-11-19 04:00:00
1542614400,1.14093,1.14344,1.14034,1.14245,0,2018-11-19 08:00:00
1542628800,1.14245,1.14643,1.14148,1.14526,0,2018-11-19 12:00:00
1542643200,1.14528,1.1458,1.14412,1.14542,0,2018-11-19 16:00:00
1542657600,1.1454,1.14573,1.14462,1.14538,0,2018-11-19 20:00:00
1542672000,1.14539,1.1458,1.14426,1.14541,0,2018-11-20 00:00:00
1542686400,1.14541,1.14645,1.14446,1.1457,0,2018-11-20 04:00:00
1542700800,1.14573,1.14723,1.14219,1.14315,0,2018-11-20 08:00:00
1542715200,1.14315,1.14351,1.13842,1.14095,0,2018-11-20 12:00:00
1542729600,1.14096,1.14131,1.13585,1.1367,0,2018-11-20 16:00:00
1542744000,1.13667,1.13726,1.1362,1.13719,0,2018-11-20 20:00:00
1542758400,1.13717,1.13751,1.13655,1.13715,0,2018-11-21 00:00:00
1542772800,1.13715,1.14014,1.13701,1.13875,0,2018-11-21 04:00:00
1542787200,1.13876,1.14178,1.1367,1.14019,0,2018-11-21 08:00:00
1542801600,1.14019,1.14244,1.13873,1.13937,0,2018-11-21 12:00:00
1542816000,1.13938,1.14059,1.13802,1.1388,0,2018-11-21 16:00:00
1542830400,1.13879,1.13904,1.13794,1.13882,0,2018-11-21 20:00:00
1542844800,1.13884,1.14008,1.13851,1.13942,0,2018-11-22 00:00:00
1542859200,1.13941,1.14115,1.13917,1.14002,0,2018-11-22 04:00:00
1542873600,1.14003,1.14337,1.1394,1.14195,0,2018-11-22 08:00:00
1542888000,1.14195,1.14195,1.13909,1.14061,0,2018-11-22 12:00:00
1542902400,1.14061,1.14094,1.13989,1.14054,0,2018-11-22 16:00:00
1542916800,1.14054,1.14074,1.13989,1.14026,0,2018-11-22 20:00:00
1542931200,1.14027,1.14156,1.14009,1.14137,0,2018-11-23 00:00:00
1542945600,1.14136,1.14208,1.14066,1.14128,0,2018-11-23 04:00:00
1542960000,1.1413,1.14184,1.13375,1.13477,0,2018-11-23 08:00:00
1542974400,1.13476,1.13599,1.13388,1.13427,0,2018-11-23 12:00:00
1542988800,1.13427,1.13452,1.13269,1.13288,0,2018-11-23 16:00:00
1543003200,1.13288,1.13378,1.13276,1.1335,0,2018-11-23 20:00:00
1543176000,1.1339,1.134,1.13302,1.13374,0,2018-11-25 20:00:00
1543190400,1.13374,1.134,1.13262,1.13372,0,2018-11-26 00:00:00
1543204800,1.13372,1.13702,1.13367,1.1362,0,2018-11-26 04:00:00
1543219200,1.13623,1.13835,1.13572,1.1369,0,2018-11-26 08:00:00
1543233600,1.13689,1.13753,1.1338,1.13397,0,2018-11-26 12:00:00
1543248000,1.13398,1.1348,1.13257,1.13284,0,2018-11-26 16:00:00
1543262400,1.13284,1.13353,1.13248,1.13328,0,2018-11-26 20:00:00
1543276800,1.13329,1.13392,1.13281,1.13336,0,2018-11-27 00:00:00
1543291200,1.13337,1.13438,1.131,1.13116,0,2018-11-27 04:00:00
1543305600,1.13117,1.13313,1.1305,1.13194,0,2018-11-27 08:00:00
1543320000,1.13193,1.13364,1.12878,1.12902,0,2018-11-27 12:00:00
1543334400,1.12903,1.13026,1.12772,1.12947,0,2018-11-27 16:00:00
1543348800,1.12947,1.12991,1.1281,1.1297,0,2018-11-27 20:00:00
1543363200,1.12969,1.1297,1.12847,1.12931,0,2018-11-28 00:00:00
1543377600,1.12932,1.13009,1.12766,1.12783,0,2018-11-28 04:00:00
1543392000,1.12782,1.12941,1.1267,1.12794,0,2018-11-28 08:00:00
1543406400,1.12795,1.12917,1.12686,1.1275,0,2018-11-28 12:00:00
1543420800,1.12754,1.13869,1.12713,1.13752,0,2018-11-28 16:00:00
1543435200,1.13757,1.13758,1.13654,1.13672,0,2018-11-28 20:00:00
1543449600,1.13673,1.13793,1.13629,1.13776,0,2018-11-29 00:00:00
1543464000,1.1378,1.13972,1.13747,1.13892,0,2018-11-29 04:00:00
1543478400,1.13888,1.13974,1.13485,1.13665,0,2018-11-29 08:00:00
1543492800,1.13665,1.14014,1.13643,1.13862,0,2018-11-29 12:00:00
1543507200,1.13863,1.13974,1.13632,1.13888,0,2018-11-29 16:00:00
1543521600,1.1389,1.13958,1.13814,1.13923,0,2018-11-29 20:00:00
1543536000,1.13925,1.14002,1.13846,1.13955,0,2018-11-30 00:00:00
1543550400,1.13954,1.1397,1.13803,1.13811,0,2018-11-30 04:00:00
1543564800,1.13807,1.13886,1.13572,1.13712,0,2018-11-30 08:00:00
1543579200,1.13713,1.13715,1.13183,1.13238,0,2018-11-30 12:00:00
1543593600,1.13237,1.13263,1.13053,1.13087,0,2018-11-30 16:00:00
1543608000,1.13092,1.13221,1.13078,1.13148,0,2018-11-30 20:00:00
1543780800,1.135,1.135,1.13279,1.13422,0,2018-12-02 20:00:00
1543795200,1.13418,1.13557,1.13301,1.13476,0,2018-12-03 00:00:00
1543809600,1.13476,1.13795,1.1346,1.13684,0,2018-12-03 04:00:00
1543824000,1.13684,1.13735,1.13192,1.13347,0,2018-12-03 08:00:00
1543838400,1.13346,1.13585,1.13236,1.13469,0,2018-12-03 12:00:00
1543852800,1.13463,1.13635,1.13406,1.13423,0,2018-12-03 16:00:00
1543867200,1.13422,1.13558,1.13388,1.13541,0,2018-12-03 20:00:00
1543881600,1.13541,1.13716,1.13499,1.13701,0,2018-12-04 00:00:00
1543896000,1.13702,1.13921,1.13682,1.13802,0,2018-12-04 04:00:00
1543910400,1.13801,1.14183,1.13754,1.13942,0,2018-12-04 08:00:00
1543924800,1.13943,1.14091,1.13499,1.135,0,2018-12-04 12:00:00
1543939200,1.13501,1.13598,1.13182,1.13415,0,2018-12-04 16:00:00
1543953600,1.13415,1.13446,1.13363,1.13424,0,2018-12-04 20:00:00
1543968000,1.13423,1.13462,1.13226,1.13299,0,2018-12-05 00:00:00
1543982400,1.133,1.13371,1.13167,1.1331,0,2018-12-05 04:00:00
1543996800,1.13311,1.13581,1.13213,1.13548,0,2018-12-05 08:00:00
1544011200,1.13548,1.13609,1.13105,1.13416,0,2018-12-05 12:00:00
1544025600,1.13418,1.13582,1.13399,1.13403,0,2018-12-05 16:00:00
1544040000,1.13405,1.13502,1.13388,1.13487,0,2018-12-05 20:00:00
1544054400,1.13488,1.13518,1.13407,1.13426,0,2018-12-06 00:00:00
1544068800,1.13426,1.13524,1.13241,1.13246,0,2018-12-06 04:00:00
1544083200,1.13244,1.1346,1.13207,1.13384,0,2018-12-06 08:00:00
1544097600,1.13385,1.14121,1.13369,1.13816,0,2018-12-06 12:00:00
1544112000,1.13817,1.13924,1.13576,1.13731,0,2018-12-06 16:00:00
1544126400,1.1373,1.13835,1.13674,1.13758,0,2018-12-06 20:00:00
1544140800,1.13758,1.13817,1.13711,1.13773,0,2018-12-07 00:00:00
1544155200,1.13774,1.13785,1.13602,1.1373,0,2018-12-07 04:00:00
1544169600,1.13729,1.1384,1.13629,1.13805,0,2018-12-07 08:00:00
1544184000,1.13807,1.14151,1.13647,1.13904,0,2018-12-07 12:00:00
1544198400,1.13907,1.14234,1.1382,1.14225,0,2018-12-07 16:00:00
1544212800,1.14228,1.14228,1.13762,1.13762,0,2018-12-07 20:00:00
1544385600,1.13901,1.14065,1.13896,1.13995,0,2018-12-09 20:00:00
1544400000,1.13993,1.14425,1.13992,1.14314,0,2018-12-10 00:00:00
1544414400,1.14315,1.14398,1.14238,1.14263,0,2018-12-10 04:00:00
1544428800,1.14262,1.14345,1.14017,1.14091,0,2018-12-10 08:00:00
1544443200,1.14092,1.14278,1.13719,1.13746,0,2018-12-10 12:00:00
1544457600,1.13748,1.13781,1.13503,1.13526,0,2018-12-10 16:00:00
1544472000,1.13524,1.13577,1.135,1.13559,0,2018-12-10 20:00:00
1544486400,1.1356,1.13697,1.13529,1.1365,0,2018-12-11 00:00:00
1544500800,1.13651,1.13769,1.13579,1.13679,0,2018-12-11 04:00:00
1544515200,1.1368,1.13999,1.13663,1.13927,0,2018-12-11 08:00:00
1544529600,1.13927,1.13966,1.13179,1.13227,0,2018-12-11 12:00:00
1544544000,1.13226,1.13275,1.13062,1.13263,0,2018-12-11 16:00:00
1544558400,1.13261,1.13274,1.13144,1.13213,0,2018-12-11 20:00:00
1544572800,1.13215,1.13339,1.13215,1.1326,0,2018-12-12 00:00:00
1544587200,1.13259,1.13331,1.13149,1.13239,0,2018-12-12 04:00:00
1544601600,1.1324,1.1338,1.13152,1.13345,0,2018-12-12 08:00:00
1544616000,1.13344,1.13788,1.13251,1.13654,0,2018-12-12 12:00:00
1544630400,1.13658,1.13871,1.13548,1.13674,0,2018-12-12 16:00:00
1544644800,1.13672,1.13792,1.136,1.13725,0,2018-12-12 20:00:00
1544659200,1.13724,1.13742,1.13658,1.13693,0,2018-12-13 00:00:00
1544673600,1.13691,1.13872,1.13627,1.13822,0,2018-12-13 04:00:00
1544688000,1.13821,1.13932,1.13665,1.13785,0,2018-12-13 08:00:00
1544702400,1.13786,1.13915,1.1331,1.13465,0,2018-12-13 12:00:00
1544716800,1.13466,1.13716,1.13461,1.13658,0,2018-12-13 16:00:00
1544731200,1.13658,1.13678,1.13536,1.1363,0,2018-12-13 20:00:00
1544745600,1.1363,1.13649,1.13551,1.13605,0,2018-12-14 00:00:00
1544760000,1.13606,1.13617,1.13433,1.13552,0,2018-12-14 04:00:00
1544774400,1.13554,1.13584,1.12821,1.1284,0,2018-12-14 08:00:00
1544788800,1.12839,1.12989,1.12696,1.1297,0,2018-12-14 12:00:00
1544803200,1.1297,1.13072,1.12925,1.1303,0,2018-12-14 16:00:00
1544817600,1.13029,1.13079,1.12991,1.13036,0,2018-12-14 20:00:00
1544990400,1.13008,1.13083,1.12967,1.13041,0,2018-12-16 20:00:00
1545004800,1.13043,1.13132,1.13027,1.131,0,2018-12-17 00:00:00
1545019200,1.13102,1.13197,1.13061,1.13183,0,2018-12-17 04:00:00
1545033600,1.13181,1.13512,1.1311,1.13501,0,2018-12-17 08:00:00
1545048000,1.13503,1.13534,1.13301,1.13361,0,2018-12-17 12:00:00
1545062400,1.13361,1.13577,1.13301,1.13498,0,2018-12-17 16:00:00
1545076800,1.13497,1.13524,1.1344,1.13493,0,2018-12-17 20:00:00
1545091200,1.13495,1.136,1.13441,1.13543,0,2018-12-18 00:00:00
1545105600,1.13543,1.13582,1.13366,1.13578,0,2018-12-18 04:00:00
1545120000,1.13578,1.14022,1.13556,1.13936,0,2018-12-18 08:00:00
1545134400,1.13936,1.1396,1.1362,1.13643,0,2018-12-18 12:00:00
1545148800,1.13646,1.13753,1.135,1.13554,0,2018-12-18 16:00:00
1545163200,1.13554,1.13773,1.13548,1.13758,0,2018-12-18 20:00:00
1545177600,1.13756,1.13873,1.13745,1.1385,0,2018-12-19 00:00:00
1545192000,1.1385,1.1405,1.13783,1.13973,0,2018-12-19 04:00:00
1545206400,1.13973,1.1414,1.13825,1.14037,0,2018-12-19 08:00:00
1545220800,1.14037,1.14392,1.1395,1.14211,0,2018-12-19 12:00:00
1545235200,1.14211,1.14379,1.13643,1.13715,0,2018-12-19 16:00:00
1545249600,1.13715,1.13887,1.13644,1.13865,0,2018-12-19 20:00:00
1545264000,1.13865,1.13879,1.13771,1.13814,0,2018-12-20 00:00:00
1545278400,1.13814,1.14255,1.13794,1.14158,0,2018-12-20 04:00:00
1545292800,1.14158,1.14859,1.14107,1.14664,0,2018-12-20 08:00:00
1545307200,1.14666,1.14671,1.14021,1.14161,0,2018-12-20 12:00:00
1545321600,1.14164,1.14849,1.14081,1.14713,0,2018-12-20 16:00:00
1545336000,1.14714,1.14724,1.14424,1.14565,0,2018-12-20 20:00:00
1545350400,1.14566,1.14616,1.1447,1.14489,0,2018-12-21 00:00:00
1545364800,1.14489,1.14733,1.14416,1.14689,0,2018-12-21 04:00:00
1545379200,1.14689,1.14739,1.14122,1.1424,0,2018-12-21 08:00:00
1545393600,1.1424,1.14263,1.13823,1.14151,0,2018-12-21 12:00:00
1545408000,1.14147,1.14212,1.13621,1.13691,0,2018-12-21 16:00:00
1545422400,1.1369,1.13746,1.13559,1.13684,0,2018-12-21 20:00:00
1545595200,1.13692,1.13738,1.13604,1.13723,0,2018-12-23 20:00:00
1545609600,1.13723,1.13917,1.13705,1.13896,0,2018-12-24 00:00:00
1545624000,1.13896,1.13926,1.13773,1.13773,0,2018-12-24 04:00:00
1545638400,1.13772,1.14119,1.13742,1.13971,0,2018-12-24 08:00:00
1545652800,1.13971,1.14384,1.13886,1.14133,0,2018-12-24 12:00:00
1545667200,1.14132,1.14223,1.13934,1.13993,0,2018-12-24 16:00:00
1545681600,1.13994,1.14148,1.13894,1.13995,0,2018-12-24 20:00:00
1545696000,1.13998,1.14158,1.13974,1.14141,0,2018-12-25 00:00:00
1545710400,1.14141,1.1417,1.13909,1.13988,0,2018-12-25 04:00:00
1545768000,1.13901,1.14198,1.13892,1.14131,0,2018-12-25 20:00:00
1545782400,1.14132,1.14163,1.13991,1.14143,0,2018-12-26 00:00:00
1545796800,1.14143,1.14147,1.13975,1.14023,0,2018-12-26 04:00:00
1545811200,1.14021,1.14024,1.13811,1.13823,0,2018-12-26 08:00:00
1545825600,1.13824,1.14141,1.13751,1.14065,0,2018-12-26 12:00:00
1545840000,1.14063,1.1411,1.13493,1.13526,0,2018-12-26 16:00:00
1545854400,1.13527,1.13615,1.13428,1.13601,0,2018-12-26 20:00:00
1545868800,1.13602,1.13866,1.1358,1.13809,0,2018-12-27 00:00:00
1545883200,1.1381,1.13897,1.13716,1.1379,0,2018-12-27 04:00:00
1545897600,1.13789,1.14094,1.13785,1.13889,0,2018-12-27 08:00:00
1545912000,1.13888,1.14362,1.13646,1.14002,0,2018-12-27 12:00:00
1545926400,1.14002,1.1454,1.13996,1.14484,0,2018-12-27 16:00:00
1545940800,1.1449,1.145,1.14247,1.14304,0,2018-12-27 20:00:00
1545955200,1.14306,1.14669,1.14299,1.14556,0,2018-12-28 00:00:00
1545969600,1.14556,1.14636,1.14483,1.1455,0,2018-12-28 04:00:00
1545984000,1.14549,1.14727,1.14307,1.14659,0,2018-12-28 08:00:00
1545998400,1.14659,1.14701,1.1433,1.14366,0,2018-12-28 12:00:00
1546012800,1.14371,1.14486,1.14302,1.14412,0,2018-12-28 16:00:00
1546027200,1.14412,1.14538,1.14398,1.14414,0,2018-12-28 20:00:00
1546200000,1.14331,1.14406,1.14331,1.14389,0,2018-12-30 20:00:00
1546214400,1.14389,1.14502,1.14332,1.14383,0,2018-12-31 00:00:00
1546228800,1.14384,1.1444,1.14213,1.14429,0,2018-12-31 04:00:00
1546243200,1.14428,1.14659,1.14291,1.14522,0,2018-12-31 08:00:00
1546257600,1.14523,1.14586,1.14255,1.14336,0,2018-12-31 12:00:00
1546272000,1.14338,1.14596,1.14269,1.14534,0,2018-12-31 16:00:00
1546286400,1.14536,1.14674,1.14536,1.14644,0,2018-12-31 20:00:00
1546372800,1.14598,1.14676,1.14566,1.14612,0,2019-01-01 20:00:00
1546387200,1.14612,1.14626,1.14426,1.14457,0,2019-01-02 00:00:00
1546401600,1.14456,1.14967,1.14426,1.14766,0,2019-01-02 04:00:00
1546416000,1.14744,1.1478,1.14221,1.14336,0,2019-01-02 08:00:00
1546430400,1.14336,1.1434,1.13419,1.13535,0,2019-01-02 12:00:00
1546444800,1.13535,1.13621,1.1325,1.13434,0,2019-01-02 16:00:00
1546459200,1.13436,1.13541,1.13092,1.13121,0,2019-01-02 20:00:00
1546473600,1.13122,1.13715,1.13099,1.13648,0,2019-01-03 00:00:00
1546488000,1.13648,1.13768,1.13548,1.13696,0,2019-01-03 04:00:00
1546502400,1.13696,1.13839,1.13403,1.13414,0,2019-01-03 08:00:00
1546516800,1.13414,1.14092,1.13374,1.13927,0,2019-01-03 12:00:00
1546531200,1.13926,1.1411,1.13828,1.13912,0,2019-01-03 16:00:00
1546545600,1.13914,1.14013,1.13865,1.13899,0,2019-01-03 20:00:00
1546560000,1.13901,1.14118,1.13881,1.13978,0,2019-01-04 00:00:00
1546574400,1.1398,1.14098,1.13832,1.14077,0,2019-01-04 04:00:00
1546588800,1.14077,1.14189,1.13949,1.14114,0,2019-01-04 08:00:00
1546603200,1.14115,1.14139,1.13456,1.14104,0,2019-01-04 12:00:00
1546617600,1.14103,1.14177,1.13933,1.14,0,2019-01-04 16:00:00
1546632000,1.14001,1.14042,1.13943,1.13943,0,2019-01-04 20:00:00
1546804800,1.13955,1.14129,1.13954,1.14102,0,2019-01-06 20:00:00
1546819200,1.14102,1.14255,1.14046,1.14225,0,2019-01-07 00:00:00
1546833600,1.14225,1.14389,1.141,1.14362,0,2019-01-07 04:00:00
1546848000,1.14364,1.14479,1.1428,1.14404,0,2019-01-07 08:00:00
1546862400,1.14405,1.14727,1.14367,1.14635,0,2019-01-07 12:00:00
1546876800,1.14634,1.14826,1.14585,1.14794,0,2019-01-07 16:00:00
1546891200,1.14797,1.14806,1.14695,1.14789,0,2019-01-07 20:00:00
1546905600,1.1479,1.14844,1.14351,1.14385,0,2019-01-08 00:00:00
1546920000,1.14385,1.14555,1.14321,1.14438,0,2019-01-08 04:00:00
1546934400,1.14439,1.14692,1.14336,1.14654,0,2019-01-08 08:00:00
1546948800,1.14654,1.14677,1.14222,1.14416,0,2019-01-08 12:00:00
1546963200,1.14415,1.14588,1.14364,1.14422,0,2019-01-08 16:00:00
1546977600,1.1442,1.14579,1.14359,1.14572,0,2019-01-08 20:00:00
1546992000,1.14573,1.1466,1.14484,1.14543,0,2019-01-09 00:00:00
1547006400,1.14541,1.14784,1.1452,1.14656,0,2019-01-09 04:00:00
1547020800,1.14657,1.14759,1.14389,1.14561,0,2019-01-09 08:00:00
1547035200,1.1456,1.15405,1.1446,1.15102,0,2019-01-09 12:00:00
1547049600,1.15103,1.15578,1.15092,1.15431,0,2019-01-09 16:00:00
1547064000,1.1543,1.1555,1.15386,1.15541,0,2019-01-09 20:00:00
1547078400,1.15541,1.15697,1.15433,1.15691,0,2019-01-10 00:00:00
1547092800,1.15692,1.15692,1.15343,1.1541,0,2019-01-10 04:00:00
1547107200,1.15409,1.15578,1.15176,1.15292,0,2019-01-10 08:00:00
1547121600,1.15292,1.15451,1.15148,1.15225,0,2019-01-10 12:00:00
1547136000,1.15227,1.15233,1.14844,1.14997,0,2019-01-10 16:00:00
1547150400,1.14997,1.15082,1.14951,1.15081,0,2019-01-10 20:00:00
1547164800,1.15082,1.15277,1.15058,1.15248,0,2019-01-11 00:00:00
1547179200,1.15248,1.1532,1.15171,1.15261,0,2019-01-11 04:00:00
1547193600,1.1526,1.15403,1.15155,1.15318,0,2019-01-11 08:00:00
1547208000,1.15319,1.15364,1.1458,1.14773,0,2019-01-11 12:00:00
1547222400,1.14774,1.14858,1.1463,1.1465,0,2019-01-11 16:00:00
1547236800,1.14651,1.14692,1.1458,1.14656,0,2019-01-11 20:00:00
1547409600,1.14589,1.14685,1.14583,1.14597,0,2019-01-13 20:00:00
1547424000,1.14598,1.14776,1.14596,1.14684,0,2019-01-14 00:00:00
1547438400,1.14685,1.14812,1.14544,1.14794,0,2019-01-14 04:00:00
1547452800,1.14793,1.1482,1.14506,1.14703,0,2019-01-14 08:00:00
1547467200,1.14703,1.14804,1.14535,1.14673,0,2019-01-14 12:00:00
1547481600,1.14674,1.14797,1.14631,1.14656,0,2019-01-14 16:00:00
1547496000,1.14655,1.14726,1.14635,1.14726,0,2019-01-14 20:00:00
1547510400,1.14727,1.14896,1.14714,1.14852,0,2019-01-15 00:00:00
1547524800,1.14852,1.14852,1.14694,1.14704,0,2019-01-15 04:00:00
1547539200,1.14703,1.1474,1.14232,1.14316,0,2019-01-15 08:00:00
1547553600,1.14317,1.14548,1.14122,1.14389,0,2019-01-15 12:00:00
1547568000,1.14389,1.14403,1.13819,1.14013,0,2019-01-15 16:00:00
1547582400,1.14014,1.14174,1.13997,1.14141,0,2019-01-15 20:00:00
1547596800,1.1414,1.14142,1.13961,1.14031,0,2019-01-16 00:00:00
1547611200,1.1403,1.14151,1.13914,1.13938,0,2019-01-16 04:00:00
1547625600,1.13937,1.14248,1.13777,1.13781,0,2019-01-16 08:00:00
1547640000,1.13781,1.14037,1.13779,1.13941,0,2019-01-16 12:00:00
1547654400,1.13942,1.14106,1.13939,1.13975,0,2019-01-16 16:00:00
1547668800,1.13976,1.14024,1.139,1.13994,0,2019-01-16 20:00:00
1547683200,1.13994,1.14005,1.13862,1.13881,0,2019-01-17 00:00:00
1547697600,1.13883,1.1394,1.13713,1.13879,0,2019-01-17 04:00:00
1547712000,1.13879,1.14052,1.13823,1.13995,0,2019-01-17 08:00:00
1547726400,1.13995,1.14059,1.137,1.13804,0,2019-01-17 12:00:00
1547740800,1.13805,1.14002,1.13777,1.13895,0,2019-01-17 16:00:00
1547755200,1.13894,1.13925,1.13852,1.1392,0,2019-01-17 20:00:00
1547769600,1.1392,1.13997,1.13881,1.13938,0,2019-01-18 00:00:00
1547784000,1.13942,1.13991,1.13868,1.13914,0,2019-01-18 04:00:00
1547798400,1.13913,1.14099,1.13883,1.14046,0,2019-01-18 08:00:00
1547812800,1.14046,1.14103,1.13604,1.1367,0,2019-01-18 12:00:00
1547827200,1.13671,1.1372,1.13532,1.13697,0,2019-01-18 16:00:00
1547841600,1.13697,1.13698,1.13611,1.13614,0,2019-01-18 20:00:00
1548014400,1.13603,1.1368,1.13602,1.1365,0,2019-01-20 20:00:00
1548028800,1.13651,1.13801,1.13647,1.1375,0,2019-01-21 00:00:00
1548043200,1.1375,1.1391,1.13731,1.13846,0,2019-01-21 04:00:00
1548057600,1.13846,1.13865,1.13659,1.13686,0,2019-01-21 08:00:00
1548072000,1.13684,1.13696,1.13567,1.13632,0,2019-01-21 12:00:00
1548086400,1.13633,1.1371,1.13633,1.13689,0,2019-01-21 16:00:00
1548100800,1.13688,1.13715,1.13638,1.13688,0,2019-01-21 20:00:00
1548115200,1.13687,1.13728,1.1362,1.13622,0,2019-01-22 00:00:00
1548129600,1.13624,1.13624,1.13459,1.13531,0,2019-01-22 04:00:00
1548144000,1.13531,1.13671,1.135,1.13583,0,2019-01-22 08:00:00
1548158400,1.13585,1.13646,1.13361,1.13562,0,2019-01-22 12:00:00
1548172800,1.13563,1.13739,1.13549,1.13616,0,2019-01-22 16:00:00
1548187200,1.13616,1.13646,1.1352,1.13633,0,2019-01-22 20:00:00
1548201600,1.13634,1.13686,1.13601,1.13639,0,2019-01-23 00:00:00
1548216000,1.13638,1.13719,1.13629,1.13651,0,2019-01-23 04:00:00
1548230400,1.13651,1.13674,1.13508,1.13651,0,2019-01-23 08:00:00
1548244800,1.13652,1.139,1.13505,1.13789,0,2019-01-23 12:00:00
1548259200,1.13791,1.13942,1.13775,1.13829,0,2019-01-23 16:00:00
1548273600,1.13831,1.13864,1.13781,1.13861,0,2019-01-23 20:00:00
1548288000,1.13861,1.13913,1.13825,1.1388,0,2019-01-24 00:00:00
1548302400,1.13881,1.13901,1.13654,1.13699,0,2019-01-24 04:00:00
1548316800,1.13699,1.13763,1.133,1.13456,0,2019-01-24 08:00:00
1548331200,1.13457,1.13806,1.13065,1.13539,0,2019-01-24 12:00:00
1548345600,1.13541,1.13551,1.12892,1.12988,0,2019-01-24 16:00:00
1548360000,1.12989,1.13154,1.1298,1.13126,0,2019-01-24 20:00:00
1548374400,1.13127,1.13267,1.13049,1.13207,0,2019-01-25 00:00:00
1548388800,1.13208,1.1328,1.13146,1.1324,0,2019-01-25 04:00:00
1548403200,1.13241,1.13493,1.13157,1.13461,0,2019-01-25 08:00:00
1548417600,1.13461,1.14078,1.13393,1.13972,0,2019-01-25 12:00:00
1548432000,1.13972,1.14148,1.13956,1.14142,0,2019-01-25 16:00:00
1548446400,1.14142,1.14176,1.14032,1.14032,0,2019-01-25 20:00:00
1548619200,1.14005,1.14134,1.14004,1.14127,0,2019-01-27 20:00:00
1548633600,1.14127,1.14256,1.14088,1.14194,0,2019-01-28 00:00:00
1548648000,1.14195,1.14256,1.14035,1.14061,0,2019-01-28 04:00:00
1548662400,1.14061,1.14224,1.139,1.14068,0,2019-01-28 08:00:00
1548676800,1.14068,1.14376,1.14048,1.14361,0,2019-01-28 12:00:00
1548691200,1.14362,1.14436,1.1426,1.14279,0,2019-01-28 16:00:00
1548705600,1.14279,1.14311,1.14248,1.14294,0,2019-01-28 20:00:00
1548720000,1.14295,1.14339,1.14203,1.14295,0,2019-01-29 00:00:00
1548734400,1.14295,1.14437,1.14282,1.14349,0,2019-01-29 04:00:00
1548748800,1.14348,1.14501,1.14306,1.14358,0,2019-01-29 08:00:00
1548763200,1.14358,1.14361,1.14111,1.14157,0,2019-01-29 12:00:00
1548777600,1.14156,1.14398,1.1414,1.14282,0,2019-01-29 16:00:00
1548792000,1.14282,1.14408,1.14257,1.14348,0,2019-01-29 20:00:00
1548806400,1.14348,1.1444,1.1428,1.14368,0,2019-01-30 00:00:00
1548820800,1.14368,1.14499,1.14275,1.1431,0,2019-01-30 04:00:00
1548835200,1.14313,1.14413,1.14219,1.14335,0,2019-01-30 08:00:00
1548849600,1.14335,1.14409,1.14062,1.14247,0,2019-01-30 12:00:00
1548864000,1.14248,1.15016,1.14131,1.1492,0,2019-01-30 16:00:00
1548878400,1.1492,1.14944,1.14755,1.14853,0,2019-01-30 20:00:00
1548892800,1.14852,1.1508,1.14842,1.15017,0,2019-01-31 00:00:00
1548907200,1.15017,1.15141,1.1495,1.14963,0,2019-01-31 04:00:00
1548921600,1.14959,1.15086,1.14715,1.1487,0,2019-01-31 08:00:00
1548936000,1.14871,1.14958,1.1472,1.14752,0,2019-01-31 12:00:00
1548950400,1.1475,1.14782,1.14356,1.14439,0,2019-01-31 16:00:00
1548964800,1.14441,1.14484,1.14399,1.14482,0,2019-01-31 20:00:00
1548979200,1.14482,1.14499,1.14377,1.14419,0,2019-02-01 00:00:00
1548993600,1.1442,1.14486,1.14343,1.14476,0,2019-02-01 04:00:00
1549008000,1.14475,1.14747,1.14424,1.14697,0,2019-02-01 08:00:00
1549022400,1.14696,1.14857,1.14475,1.14685,0,2019-02-01 12:00:00
1549036800,1.14686,1.14884,1.14555,1.14597,0,2019-02-01 16:00:00
1549051200,1.14599,1.14617,1.14527,1.14547,0,2019-02-01 20:00:00
1549224000,1.14503,1.14581,1.14503,1.14543,0,2019-02-03 20:00:00
1549238400,1.14543,1.14603,1.14461,1.14484,0,2019-02-04 00:00:00
1549252800,1.14485,1.14491,1.14379,1.14424,0,2019-02-04 04:00:00
1549267200,1.14425,1.14542,1.14386,1.14518,0,2019-02-04 08:00:00
1549281600,1.14518,1.14526,1.14248,1.14287,0,2019-02-04 12:00:00
1549296000,1.14286,1.14399,1.14244,1.14312,0,2019-02-04 16:00:00
1549310400,1.14311,1.14385,1.14311,1.14349,0,2019-02-04 20:00:00
1549324800,1.14348,1.14404,1.14319,1.14329,0,2019-02-05 00:00:00
1549339200,1.14331,1.14356,1.14211,1.1425,0,2019-02-05 04:00:00
1549353600,1.1425,1.14255,1.14114,1.14213,0,2019-02-05 08:00:00
1549368000,1.14213,1.14337,1.14049,1.14065,0,2019-02-05 12:00:00
1549382400,1.14066,1.14171,1.14011,1.14092,0,2019-02-05 16:00:00
1549396800,1.14094,1.14136,1.14012,1.14087,0,2019-02-05 20:00:00
1549411200,1.14087,1.14091,1.13958,1.13982,0,2019-02-06 00:00:00
1549425600,1.13982,1.14023,1.138,1.13892,0,2019-02-06 04:00:00
1549440000,1.13892,1.13986,1.1382,1.13847,0,2019-02-06 08:00:00
1549454400,1.13846,1.13954,1.13749,1.1377,0,2019-02-06 12:00:00
1549468800,1.13771,1.13823,1.13621,1.13642,0,2019-02-06 16:00:00
1549483200,1.13639,1.13694,1.13608,1.13656,0,2019-02-06 20:00:00
1549497600,1.13655,1.13675,1.13584,1.13596,0,2019-02-07 00:00:00
1549512000,1.13597,1.13665,1.13534,1.13542,0,2019-02-07 04:00:00
1549526400,1.13541,1.1357,1.13244,1.13282,0,2019-02-07 08:00:00
1549540800,1.13281,1.13591,1.13269,1.13561,0,2019-02-07 12:00:00
1549555200,1.13562,1.136,1.13469,1.13493,0,2019-02-07 16:00:00
1549569600,1.13493,1.13533,1.13362,1.13382,0,2019-02-07 20:00:00
1549584000,1.13382,1.1341,1.13352,1.13402,0,2019-02-08 00:00:00
1549598400,1.13401,1.13435,1.13339,1.13401,0,2019-02-08 04:00:00
1549612800,1.13401,1.13437,1.13228,1.13393,0,2019-02-08 08:00:00
1549627200,1.13393,1.13508,1.13267,1.13282,0,2019-02-08 12:00:00
1549641600,1.13282,1.13328,1.1321,1.13226,0,2019-02-08 16:00:00
1549656000,1.13226,1.1325,1.13207,1.13207,0,2019-02-08 20:00:00
1549828800,1.13186,1.13248,1.13148,1.13237,0,2019-02-10 20:00:00
1549843200,1.13239,1.13277,1.13185,1.13203,0,2019-02-11 00:00:00
1549857600,1.13202,1.13298,1.13163,1.1321,0,2019-02-11 04:00:00
1549872000,1.13209,1.13223,1.12966,1.13137,0,2019-02-11 08:00:00
1549886400,1.13138,1.13145,1.12723,1.1276,0,2019-02-11 12:00:00
1549900800,1.12759,1.12834,1.12672,1.12761,0,2019-02-11 16:00:00
1549915200,1.1276,1.12791,1.12742,1.12785,0,2019-02-11 20:00:00
1549929600,1.12785,1.12849,1.12723,1.12804,0,2019-02-12 00:00:00
1549944000,1.12804,1.12879,1.12749,1.12851,0,2019-02-12 04:00:00
1549958400,1.1285,1.12903,1.12577,1.12824,0,2019-02-12 08:00:00
1549972800,1.12826,1.13036,1.12801,1.12986,0,2019-02-12 12:00:00
1549987200,1.12986,1.13396,1.12984,1.1332,0,2019-02-12 16:00:00
1550001600,1.1332,1.13381,1.13238,1.13336,0,2019-02-12 20:00:00
1550016000,1.13336,1.13414,1.1327,1.13403,0,2019-02-13 00:00:00
1550030400,1.13404,1.13404,1.1319,1.13197,0,2019-02-13 04:00:00
1550044800,1.13196,1.13343,1.13111,1.13296,0,2019-02-13 08:00:00
1550059200,1.13295,1.13295,1.12809,1.12864,0,2019-02-13 12:00:00
1550073600,1.12866,1.12905,1.12668,1.12703,0,2019-02-13 16:00:00
1550088000,1.12703,1.1272,1.1249,1.12646,0,2019-02-13 20:00:00
1550102400,1.12646,1.12836,1.12607,1.1282,0,2019-02-14 00:00:00
1550116800,1.1282,1.12949,1.12718,1.12861,0,2019-02-14 04:00:00
1550131200,1.12861,1.129,1.12498,1.12693,0,2019-02-14 08:00:00
1550145600,1.12691,1.13098,1.12609,1.12762,0,2019-02-14 12:00:00
1550160000,1.12764,1.13028,1.12707,1.13008,0,2019-02-14 16:00:00
1550174400,1.13007,1.1301,1.1291,1.12947,0,2019-02-14 20:00:00
1550188800,1.12946,1.12969,1.12844,1.12864,0,2019-02-15 00:00:00
1550203200,1.12864,1.12913,1.12715,1.12791,0,2019-02-15 04:00:00
1550217600,1.12791,1.12862,1.12682,1.12727,0,2019-02-15 08:00:00
1550232000,1.12728,1.12855,1.1234,1.12632,0,2019-02-15 12:00:00
1550246400,1.12632,1.13061,1.12607,1.1295,0,2019-02-15 16:00:00
1550260800,1.1295,1.13009,1.12904,1.12925,0,2019-02-15 20:00:00
1550433600,1.12906,1.12959,1.12889,1.12948,0,2019-02-17 20:00:00
1550448000,1.12948,1.13248,1.12937,1.13172,0,2019-02-18 00:00:00
1550462400,1.13172,1.13182,1.13016,1.13071,0,2019-02-18 04:00:00
1550476800,1.13073,1.13313,1.12949,1.13303,0,2019-02-18 08:00:00
1550491200,1.13303,1.13338,1.13045,1.13068,0,2019-02-18 12:00:00
1550505600,1.13068,1.13135,1.13023,1.13119,0,2019-02-18 16:00:00
1550520000,1.1312,1.13164,1.13072,1.13114,0,2019-02-18 20:00:00
1550534400,1.13115,1.13138,1.12938,1.12954,0,2019-02-19 00:00:00
1550548800,1.12954,1.13053,1.1293,1.12993,0,2019-02-19 04:00:00
1550563200,1.12992,1.13246,1.12755,1.1283,0,2019-02-19 08:00:00
1550577600,1.12829,1.13396,1.12764,1.13338,0,2019-02-19 12:00:00
1550592000,1.13338,1.13574,1.13206,1.13403,0,2019-02-19 16:00:00
1550606400,1.13402,1.13445,1.13353,1.13399,0,2019-02-19 20:00:00
1550620800,1.13399,1.13559,1.13395,1.13449,0,2019-02-20 00:00:00
1550635200,1.13451,1.13461,1.13314,1.13436,0,2019-02-20 04:00:00
1550649600,1.13435,1.13583,1.13301,1.13355,0,2019-02-20 08:00:00
1550664000,1.13356,1.13503,1.13249,1.13489,0,2019-02-20 12:00:00
1550678400,1.13492,1.13711,1.13349,1.13511,0,2019-02-20 16:00:00
1550692800,1.13511,1.13514,1.13356,1.13461,0,2019-02-20 20:00:00
1550707200,1.13461,1.13502,1.13325,1.13481,0,2019-02-21 00:00:00
1550721600,1.13481,1.13527,1.13202,1.13348,0,2019-02-21 04:00:00
1550736000,1.13347,1.13632,1.13221,1.135,0,2019-02-21 08:00:00
1550750400,1.13499,1.13663,1.13382,1.13472,0,2019-02-21 12:00:00
1550764800,1.13473,1.13478,1.13229,1.13363,0,2019-02-21 16:00:00
1550779200,1.13363,1.13407,1.13303,1.13398,0,2019-02-21 20:00:00
1550793600,1.13399,1.13416,1.13318,1.13388,0,2019-02-22 00:00:00
1550808000,1.13389,1.13492,1.13324,1.13463,0,2019-02-22 04:00:00
1550822400,1.13463,1.13515,1.13349,1.13383,0,2019-02-22 08:00:00
1550836800,1.13384,1.13556,1.13161,1.13396,0,2019-02-22 12:00:00
1550851200,1.13397,1.1355,1.13279,1.1337,0,2019-02-22 16:00:00
1550865600,1.13371,1.13383,1.13295,1.13319,0,2019-02-22 20:00:00
1551038400,1.1334,1.13421,1.13281,1.1342,0,2019-02-24 20:00:00
1551052800,1.13421,1.13492,1.1337,1.13437,0,2019-02-25 00:00:00
1551067200,1.13437,1.13589,1.13386,1.13565,0,2019-02-25 04:00:00
1551081600,1.13566,1.13675,1.13417,1.13648,0,2019-02-25 08:00:00
1551096000,1.13647,1.13649,1.13401,1.13464,0,2019-02-25 12:00:00
1551110400,1.13464,1.13649,1.13367,1.13644,0,2019-02-25 16:00:00
1551124800,1.13646,1.13673,1.13561,1.13647,0,2019-02-25 20:00:00
1551139200,1.13647,1.13675,1.13541,1.1362,0,2019-02-26 00:00:00
1551153600,1.13621,1.13643,1.13478,1.13497,0,2019-02-26 04:00:00
1551168000,1.13497,1.13716,1.13456,1.13643,0,2019-02-26 08:00:00
1551182400,1.13642,1.13753,1.1345,1.13589,0,2019-02-26 12:00:00
1551196800,1.13588,1.14027,1.13542,1.13963,0,2019-02-26 16:00:00
1551211200,1.13962,1.13966,1.13874,1.1393,0,2019-02-26 20:00:00
1551225600,1.13931,1.13957,1.13773,1.13794,0,2019-02-27 00:00:00
1551240000,1.13795,1.13836,1.13724,1.13783,0,2019-02-27 04:00:00
1551254400,1.13783,1.14036,1.13769,1.13967,0,2019-02-27 08:00:00
1551268800,1.13966,1.13971,1.1369,1.13813,0,2019-02-27 12:00:00
1551283200,1.13812,1.1387,1.13622,1.13694,0,2019-02-27 16:00:00
1551297600,1.13693,1.13798,1.13674,1.13795,0,2019-02-27 20:00:00
1551312000,1.13796,1.138,1.137,1.13776,0,2019-02-28 00:00:00
1551326400,1.13776,1.13837,1.13671,1.13817,0,2019-02-28 04:00:00
1551340800,1.13814,1.14197,1.13805,1.14168,0,2019-02-28 08:00:00
1551355200,1.14169,1.14189,1.13595,1.13866,0,2019-02-28 12:00:00
1551369600,1.13868,1.1396,1.13701,1.13777,0,2019-02-28 16:00:00
1551384000,1.13775,1.13806,1.13688,1.1373,0,2019-02-28 20:00:00
1551398400,1.13731,1.13751,1.13638,1.13693,0,2019-03-01 00:00:00
1551412800,1.13693,1.13752,1.13613,1.13722,0,2019-03-01 04:00:00
1551427200,1.13723,1.13857,1.13533,1.1384,0,2019-03-01 08:00:00
1551441600,1.13841,1.14085,1.13752,1.13863,0,2019-03-01 12:00:00
1551456000,1.13862,1.13884,1.13544,1.13578,0,2019-03-01 16:00:00
1551470400,1.1358,1.13683,1.13554,1.13633,0,2019-03-01 20:00:00
1551643200,1.13811,1.13826,1.13722,1.13749,0,2019-03-03 20:00:00
1551657600,1.13749,1.1375,1.13617,1.13666,0,2019-03-04 00:00:00
1551672000,1.13667,1.13691,1.13554,1.13579,0,2019-03-04 04:00:00
1551686400,1.13578,1.13579,1.13275,1.1333,0,2019-03-04 08:00:00
1551700800,1.1333,1.13455,1.1309,1.13227,0,2019-03-04 12:00:00
1551715200,1.13226,1.13352,1.13174,1.13304,0,2019-03-04 16:00:00
1551729600,1.13304,1.13429,1.13284,1.13362,0,2019-03-04 20:00:00
1551744000,1.13363,1.13378,1.13271,1.13274,0,2019-03-05 00:00:00
1551758400,1.13274,1.13313,1.13181,1.13267,0,2019-03-05 04:00:00
1551772800,1.13268,1.13382,1.1316,1.13337,0,2019-03-05 08:00:00
1551787200,1.13337,1.13384,1.12919,1.13063,0,2019-03-05 12:00:00
1551801600,1.13064,1.13104,1.12895,1.13028,0,2019-03-05 16:00:00
1551816000,1.13028,1.13085,1.12981,1.1306,0,2019-03-05 20:00:00
1551830400,1.13059,1.13071,1.12897,1.12928,0,2019-03-06 00:00:00
1551844800,1.12928,1.1304,1.12928,1.13005,0,2019-03-06 04:00:00
1551859200,1.13007,1.13101,1.12979,1.13017,0,2019-03-06 08:00:00
1551873600,1.13017,1.13234,1.12855,1.13172,0,2019-03-06 12:00:00
1551888000,1.13172,1.13245,1.13043,1.13076,0,2019-03-06 16:00:00
1551902400,1.13077,1.13135,1.13053,1.13129,0,2019-03-06 20:00:00
1551916800,1.1313,1.13156,1.13028,1.13044,0,2019-03-07 00:00:00
1551931200,1.13044,1.13098,1.13011,1.13072,0,2019-03-07 04:00:00
1551945600,1.13074,1.13202,1.13046,1.13087,0,2019-03-07 08:00:00
1551960000,1.13087,1.13104,1.12297,1.12317,0,2019-03-07 12:00:00
1551974400,1.12319,1.12338,1.11764,1.11834,0,2019-03-07 16:00:00
1551988800,1.11835,1.11986,1.11785,1.1198,0,2019-03-07 20:00:00
1552003200,1.1198,1.12007,1.11852,1.11969,0,2019-03-08 00:00:00
1552017600,1.11969,1.12115,1.11942,1.12097,0,2019-03-08 04:00:00
1552032000,1.12096,1.12206,1.11999,1.12149,0,2019-03-08 08:00:00
1552046400,1.12149,1.12411,1.12127,1.12361,0,2019-03-08 12:00:00
1552060800,1.12362,1.12461,1.12326,1.12424,0,2019-03-08 16:00:00
1552075200,1.12427,1.1243,1.12305,1.12311,0,2019-03-08 20:00:00
1552248000,1.12316,1.12374,1.12304,1.12315,0,2019-03-10 20:00:00
1552262400,1.12315,1.12334,1.12229,1.12326,0,2019-03-11 00:00:00
1552276800,1.12327,1.12505,1.12317,1.12487,0,2019-03-11 04:00:00
1552291200,1.12486,1.12583,1.12359,1.12432,0,2019-03-11 08:00:00
1552305600,1.12431,1.12546,1.12217,1.12249,0,2019-03-11 12:00:00
1552320000,1.12252,1.12503,1.12222,1.12476,0,2019-03-11 16:00:00
1552334400,1.12477,1.12738,1.12412,1.12591,0,2019-03-11 20:00:00
1552348800,1.1259,1.12658,1.12554,1.12611,0,2019-03-12 00:00:00
1552363200,1.12611,1.12673,1.12511,1.12661,0,2019-03-12 04:00:00
1552377600,1.12661,1.12843,1.12502,1.12534,0,2019-03-12 08:00:00
1552392000,1.12536,1.12943,1.12492,1.12762,0,2019-03-12 12:00:00
1552406400,1.12763,1.13049,1.12736,1.12962,0,2019-03-12 16:00:00
1552420800,1.12962,1.12997,1.12821,1.12865,0,2019-03-12 20:00:00
1552435200,1.12864,1.12901,1.12829,1.12841,0,2019-03-13 00:00:00
1552449600,1.1284,1.12891,1.12785,1.12795,0,2019-03-13 04:00:00
1552464000,1.12796,1.13046,1.12773,1.1302,0,2019-03-13 08:00:00
1552478400,1.13022,1.13138,1.12905,1.13091,0,2019-03-13 12:00:00
1552492800,1.13093,1.13385,1.12999,1.13334,0,2019-03-13 16:00:00
1552507200,1.13337,1.13375,1.13228,1.13303,0,2019-03-13 20:00:00
1552521600,1.13304,1.1333,1.132,1.13208,0,2019-03-14 00:00:00
1552536000,1.13211,1.13281,1.13124,1.13233,0,2019-03-14 04:00:00
1552550400,1.13236,1.13361,1.12958,1.13017,0,2019-03-14 08:00:00
1552564800,1.13017,1.13107,1.1294,1.13032,0,2019-03-14 12:00:00
1552579200,1.13033,1.13076,1.12968,1.13023,0,2019-03-14 16:00:00
1552593600,1.13022,1.13095,1.12976,1.13064,0,2019-03-14 20:00:00
1552608000,1.13066,1.1327,1.1304,1.13193,0,2019-03-15 00:00:00
1552622400,1.13194,1.13253,1.13146,1.13253,0,2019-03-15 04:00:00
1552636800,1.13254,1.13291,1.13121,1.13185,0,2019-03-15 08:00:00
1552651200,1.13185,1.13443,1.13,1.13266,0,2019-03-15 12:00:00
1552665600,1.13267,1.13285,1.13143,1.13219,0,2019-03-15 16:00:00
1552680000,1.13219,1.13293,1.13178,1.1324,0,2019-03-15 20:00:00
1552852800,1.13201,1.13277,1.13189,1.13192,0,2019-03-17 20:00:00
1552867200,1.13193,1.13381,1.13192,1.13353,0,2019-03-18 00:00:00
1552881600,1.13353,1.13499,1.13318,1.13499,0,2019-03-18 04:00:00
1552896000,1.13497,1.13584,1.13403,1.13569,0,2019-03-18 08:00:00
1552910400,1.13572,1.13589,1.13305,1.1337,0,2019-03-18 12:00:00
1552924800,1.13371,1.1342,1.13245,1.1342,0,2019-03-18 16:00:00
1552939200,1.13422,1.13429,1.13295,1.1336,0,2019-03-18 20:00:00
1552953600,1.1336,1.13487,1.13336,1.1348,0,2019-03-19 00:00:00
1552968000,1.1348,1.13517,1.1342,1.13471,0,2019-03-19 04:00:00
1552982400,1.13471,1.13615,1.13457,1.13552,0,2019-03-19 08:00:00
1552996800,1.13553,1.13613,1.13384,1.13464,0,2019-03-19 12:00:00
1553011200,1.13465,1.13591,1.13451,1.1358,0,2019-03-19 16:00:00
1553025600,1.1358,1.1358,1.13484,1.13542,0,2019-03-19 20:00:00
1553040000,1.13543,1.1357,1.13428,1.13468,0,2019-03-20 00:00:00
1553054400,1.13467,1.13535,1.13405,1.13452,0,2019-03-20 04:00:00
1553068800,1.13452,1.13579,1.13354,1.13577,0,2019-03-20 08:00:00
1553083200,1.13577,1.13661,1.13459,1.13526,0,2019-03-20 12:00:00
1553097600,1.13523,1.1448,1.13472,1.14339,0,2019-03-20 16:00:00
1553112000,1.14341,1.14341,1.14099,1.14284,0,2019-03-20 20:00:00
1553126400,1.14282,1.14373,1.14225,1.14239,0,2019-03-21 00:00:00
1553140800,1.14239,1.14296,1.1412,1.14132,0,2019-03-21 04:00:00
1553155200,1.14132,1.14137,1.13838,1.13921,0,2019-03-21 08:00:00
1553169600,1.13921,1.13968,1.13535,1.13606,0,2019-03-21 12:00:00
1553184000,1.13607,1.1367,1.13425,1.13667,0,2019-03-21 16:00:00
1553198400,1.13667,1.13788,1.13638,1.13737,0,2019-03-21 20:00:00
1553212800,1.13737,1.13767,1.13612,1.13746,0,2019-03-22 00:00:00
1553227200,1.13746,1.13905,1.1374,1.13876,0,2019-03-22 04:00:00
1553241600,1.13877,1.13903,1.12883,1.12987,0,2019-03-22 08:00:00
1553256000,1.12988,1.13155,1.12732,1.12826,0,2019-03-22 12:00:00
1553270400,1.12826,1.13013,1.12816,1.12973,0,2019-03-22 16:00:00
1553284800,1.12973,1.13019,1.12939,1.13004,0,2019-03-22 20:00:00
1553457600,1.12892,1.13011,1.12883,1.12955,0,2019-03-24 20:00:00
1553472000,1.12956,1.13002,1.12889,1.1299,0,2019-03-25 00:00:00
1553486400,1.1299,1.13141,1.1296,1.13089,0,2019-03-25 04:00:00
1553500800,1.13088,1.13248,1.12945,1.13091,0,2019-03-25 08:00:00
1553515200,1.13091,1.13314,1.13088,1.13215,0,2019-03-25 12:00:00
1553529600,1.13215,1.1326,1.13099,1.13148,0,2019-03-25 16:00:00
1553544000,1.13148,1.13192,1.13101,1.13151,0,2019-03-25 20:00:00
1553558400,1.13152,1.13219,1.13128,1.13161,0,2019-03-26 00:00:00
1553572800,1.13161,1.13176,1.1305,1.13125,0,2019-03-26 04:00:00
1553587200,1.13125,1.13259,1.13029,1.13106,0,2019-03-26 08:00:00
1553601600,1.13106,1.13116,1.12781,1.12792,0,2019-03-26 12:00:00
1553616000,1.12792,1.12946,1.1265,1.12693,0,2019-03-26 16:00:00
1553630400,1.12695,1.12771,1.12632,1.12738,0,2019-03-26 20:00:00
1553644800,1.12737,1.12743,1.12509,1.12528,0,2019-03-27 00:00:00
1553659200,1.12529,1.12668,1.12467,1.1252,0,2019-03-27 04:00:00
1553673600,1.12522,1.12855,1.12499,1.12806,0,2019-03-27 08:00:00
1553688000,1.12807,1.12828,1.12421,1.12509,0,2019-03-27 12:00:00
1553702400,1.12509,1.12676,1.12438,1.12512,0,2019-03-27 16:00:00
1553716800,1.12513,1.12547,1.12432,1.12521,0,2019-03-27 20:00:00
1553731200,1.12518,1.12576,1.12432,1.12547,0,2019-03-28 00:00:00
1553745600,1.12548,1.12612,1.12368,1.12381,0,2019-03-28 04:00:00
1553760000,1.12382,1.12589,1.12241,1.12256,0,2019-03-28 08:00:00
1553774400,1.12258,1.12386,1.12135,1.12355,0,2019-03-28 12:00:00
1553788800,1.12358,1.12379,1.12154,1.12232,0,2019-03-28 16:00:00
1553803200,1.12233,1.123,1.122,1.12298,0,2019-03-28 20:00:00
1553817600,1.12297,1.12349,1.12238,1.12285,0,2019-03-29 00:00:00
1553832000,1.12283,1.12389,1.12233,1.12301,0,2019-03-29 04:00:00
1553846400,1.12302,1.12364,1.12098,1.12298,0,2019-03-29 08:00:00
1553860800,1.12298,1.12466,1.12204,1.1227,0,2019-03-29 12:00:00
1553875200,1.12269,1.12308,1.12131,1.12173,0,2019-03-29 16:00:00
1553889600,1.12173,1.12184,1.12151,1.12179,0,2019-03-29 20:00:00
1554062400,1.12254,1.12312,1.12199,1.12217,0,2019-03-31 20:00:00
1554076800,1.12231,1.12329,1.12211,1.12316,0,2019-04-01 00:00:00
1554091200,1.12317,1.12418,1.12302,1.12338,0,2019-04-01 04:00:00
1554105600,1.12338,1.12498,1.12274,1.12312,0,2019-04-01 08:00:00
1554120000,1.12313,1.12481,1.12117,1.12202,0,2019-04-01 12:00:00
1554134400,1.12205,1.12237,1.12039,1.12123,0,2019-04-01 16:00:00
1554148800,1.12122,1.12141,1.11984,1.12061,0,2019-04-01 20:00:00
1554163200,1.12062,1.12086,1.11971,1.12026,0,2019-04-02 00:00:00
1554177600,1.12026,1.12114,1.11959,1.12008,0,2019-04-02 04:00:00
1554192000,1.12007,1.12058,1.11902,1.12002,0,2019-04-02 08:00:00
1554206400,1.12002,1.1212,1.11852,1.11912,0,2019-04-02 12:00:00
1554220800,1.11913,1.1216,1.11836,1.11978,0,2019-04-02 16:00:00
1554235200,1.11978,1.1206,1.1194,1.12042,0,2019-04-02 20:00:00
1554249600,1.12042,1.12264,1.12019,1.12205,0,2019-04-03 00:00:00
1554264000,1.12206,1.12286,1.12173,1.12232,0,2019-04-03 04:00:00
1554278400,1.12232,1.12547,1.12151,1.12431,0,2019-04-03 08:00:00
1554292800,1.12432,1.12504,1.1225,1.12296,0,2019-04-03 12:00:00
1554307200,1.12296,1.12491,1.12283,1.1239,0,2019-04-03 16:00:00
1554321600,1.1239,1.12423,1.12319,1.12418,0,2019-04-03 20:00:00
1554336000,1.12417,1.12474,1.12375,1.1238,0,2019-04-04 00:00:00
1554350400,1.1238,1.12475,1.12343,1.12389,0,2019-04-04 04:00:00
1554364800,1.12388,1.12468,1.12205,1.12278,0,2019-04-04 08:00:00
1554379200,1.12279,1.123,1.12059,1.12163,0,2019-04-04 12:00:00
1554393600,1.12164,1.12249,1.12133,1.12207,0,2019-04-04 16:00:00
1554408000,1.12208,1.12268,1.12183,1.12216,0,2019-04-04 20:00:00
1554422400,1.12215,1.12289,1.12193,1.12239,0,2019-04-05 00:00:00
1554436800,1.12239,1.12365,1.12227,1.12323,0,2019-04-05 04:00:00
1554451200,1.12322,1.12344,1.12247,1.12281,0,2019-04-05 08:00:00
1554465600,1.12284,1.12472,1.12167,1.12241,0,2019-04-05 12:00:00
1554480000,1.12243,1.12243,1.12099,1.12178,0,2019-04-05 16:00:00
1554494400,1.12177,1.12187,1.1214,1.12142,0,2019-04-05 20:00:00
1554667200,1.12138,1.12213,1.12118,1.12185,0,2019-04-07 20:00:00
1554681600,1.12185,1.1226,1.12148,1.12252,0,2019-04-08 00:00:00
1554696000,1.12251,1.12322,1.12244,1.12267,0,2019-04-08 04:00:00
1554710400,1.12267,1.12457,1.12215,1.1243,0,2019-04-08 08:00:00
1554724800,1.12431,1.12744,1.1241,1.12611,0,2019-04-08 12:00:00
1554739200,1.12611,1.1269,1.1258,1.12615,0,2019-04-08 16:00:00
1554753600,1.12616,1.12649,1.12549,1.12562,0,2019-04-08 20:00:00
1554768000,1.12564,1.12671,1.12554,1.12658,0,2019-04-09 00:00:00
1554782400,1.1266,1.12692,1.12594,1.1262,0,2019-04-09 04:00:00
1554796800,1.1262,1.12807,1.12562,1.1278,0,2019-04-09 08:00:00
1554811200,1.12781,1.12842,1.12695,1.1273,0,2019-04-09 12:00:00
1554825600,1.12729,1.12805,1.12629,1.12663,0,2019-04-09 16:00:00
1554840000,1.12664,1.12682,1.12612,1.12663,0,2019-04-09 20:00:00
1554854400,1.12663,1.12673,1.12553,1.12585,0,2019-04-10 00:00:00
1554868800,1.12586,1.12738,1.12574,1.12716,0,2019-04-10 04:00:00
1554883200,1.12716,1.12794,1.12612,1.12751,0,2019-04-10 08:00:00
1554897600,1.12752,1.12876,1.12294,1.12502,0,2019-04-10 12:00:00
1554912000,1.12504,1.12784,1.12488,1.12708,0,2019-04-10 16:00:00
1554926400,1.12707,1.12776,1.12694,1.12763,0,2019-04-10 20:00:00
1554940800,1.12764,1.12794,1.12727,1.12757,0,2019-04-11 00:00:00
1554955200,1.12756,1.12831,1.12728,1.12786,0,2019-04-11 04:00:00
1554969600,1.12785,1.12873,1.12743,1.12836,0,2019-04-11 08:00:00
1554984000,1.12835,1.12836,1.12554,1.12741,0,2019-04-11 12:00:00
1554998400,1.12741,1.12742,1.12498,1.1256,0,2019-04-11 16:00:00
1555012800,1.12559,1.12608,1.12511,1.12582,0,2019-04-11 20:00:00
1555027200,1.12582,1.12917,1.12572,1.12895,0,2019-04-12 00:00:00
1555041600,1.12895,1.12947,1.12822,1.1284,0,2019-04-12 04:00:00
1555056000,1.12841,1.13188,1.12815,1.13131,0,2019-04-12 08:00:00
1555070400,1.13131,1.13239,1.13065,1.13135,0,2019-04-12 12:00:00
1555084800,1.13135,1.13207,1.12942,1.1296,0,2019-04-12 16:00:00
1555099200,1.1296,1.1299,1.12926,1.12976,0,2019-04-12 20:00:00
1555272000,1.13035,1.13063,1.12991,1.13045,0,2019-04-14 20:00:00
1555286400,1.13044,1.13143,1.13016,1.13137,0,2019-04-15 00:00:00
1555300800,1.13136,1.13141,1.13025,1.13119,0,2019-04-15 04:00:00
1555315200,1.13119,1.13209,1.13074,1.13094,0,2019-04-15 08:00:00
1555329600,1.13094,1.13163,1.12975,1.13082,0,2019-04-15 12:00:00
1555344000,1.13082,1.13088,1.12999,1.13036,0,2019-04-15 16:00:00
1555358400,1.13037,1.13065,1.12998,1.13021,0,2019-04-15 20:00:00
1555372800,1.13021,1.13073,1.12926,1.12984,0,2019-04-16 00:00:00
1555387200,1.12985,1.13096,1.12967,1.13079,0,2019-04-16 04:00:00
1555401600,1.13079,1.13139,1.12797,1.13005,0,2019-04-16 08:00:00
1555416000,1.13005,1.13116,1.12917,1.13,0,2019-04-16 12:00:00
1555430400,1.12999,1.13024,1.12802,1.12875,0,2019-04-16 16:00:00
1555444800,1.12875,1.12892,1.12788,1.12813,0,2019-04-16 20:00:00
1555459200,1.12813,1.13028,1.12812,1.12983,0,2019-04-17 00:00:00
1555473600,1.12984,1.13137,1.1298,1.13063,0,2019-04-17 04:00:00
1555488000,1.13063,1.13237,1.13038,1.13094,0,2019-04-17 08:00:00
1555502400,1.13095,1.13134,1.12907,1.13029,0,2019-04-17 12:00:00
1555516800,1.13032,1.13034,1.1293,1.12985,0,2019-04-17 16:00:00
1555531200,1.12985,1.13014,1.12928,1.12985,0,2019-04-17 20:00:00
1555545600,1.12986,1.13008,1.12895,1.12921,0,2019-04-18 00:00:00
1555560000,1.12921,1.13039,1.12921,1.13012,0,2019-04-18 04:00:00
1555574400,1.13012,1.13023,1.1243,1.12541,0,2019-04-18 08:00:00
1555588800,1.12541,1.12583,1.12358,1.12432,0,2019-04-18 12:00:00
1555603200,1.12432,1.12449,1.12261,1.12301,0,2019-04-18 16:00:00
1555617600,1.123,1.12367,1.12263,1.12365,0,2019-04-18 20:00:00
1555632000,1.12365,1.12422,1.12323,1.12363,0,2019-04-19 00:00:00
1555646400,1.12363,1.1245,1.1235,1.12421,0,2019-04-19 04:00:00
1555660800,1.12421,1.12474,1.1242,1.12466,0,2019-04-19 08:00:00
1555675200,1.12465,1.12476,1.1242,1.12462,0,2019-04-19 12:00:00
1555689600,1.12462,1.12473,1.12424,1.12447,0,2019-04-19 16:00:00
1555704000,1.12447,1.1247,1.12386,1.12408,0,2019-04-19 20:00:00
1555876800,1.12408,1.12452,1.12373,1.12423,0,2019-04-21 20:00:00
1555891200,1.12422,1.12453,1.12366,1.12396,0,2019-04-22 00:00:00
1555905600,1.12396,1.12444,1.12357,1.12431,0,2019-04-22 04:00:00
1555920000,1.12431,1.12518,1.12413,1.12496,0,2019-04-22 08:00:00
1555934400,1.12497,1.12569,1.12462,1.12546,0,2019-04-22 12:00:00
1555948800,1.12547,1.1262,1.12527,1.12585,0,2019-04-22 16:00:00
1555963200,1.12584,1.12604,1.12544,1.12597,0,2019-04-22 20:00:00
1555977600,1.12599,1.12605,1.12445,1.12494,0,2019-04-23 00:00:00
1555992000,1.12495,1.1255,1.12428,1.12478,0,2019-04-23 04:00:00
1556006400,1.12477,1.12612,1.12418,1.12528,0,2019-04-23 08:00:00
1556020800,1.12527,1.12531,1.11921,1.12067,0,2019-04-23 12:00:00
1556035200,1.12066,1.12165,1.12002,1.12149,0,2019-04-23 16:00:00
1556049600,1.12148,1.12276,1.12143,1.12216,0,2019-04-23 20:00:00
1556064000,1.12216,1.12244,1.12092,1.1214,0,2019-04-24 00:00:00
1556078400,1.1214,1.1218,1.12039,1.12079,0,2019-04-24 04:00:00
1556092800,1.12081,1.12232,1.11946,1.1209,0,2019-04-24 08:00:00
1556107200,1.1209,1.12119,1.11807,1.12047,0,2019-04-24 12:00:00
1556121600,1.12046,1.12049,1.11406,1.11413,0,2019-04-24 16:00:00
1556136000,1.11414,1.11592,1.1141,1.11577,0,2019-04-24 20:00:00
1556150400,1.11576,1.11602,1.11448,1.1159,0,2019-04-25 00:00:00
1556164800,1.11591,1.11623,1.11504,1.1155,0,2019-04-25 04:00:00
1556179200,1.11549,1.11597,1.1129,1.11326,0,2019-04-25 08:00:00
1556193600,1.11327,1.11545,1.11178,1.11436,0,2019-04-25 12:00:00
1556208000,1.11436,1.11478,1.11269,1.11279,0,2019-04-25 16:00:00
1556222400,1.11277,1.11376,1.1127,1.1137,0,2019-04-25 20:00:00
1556236800,1.1137,1.11412,1.11241,1.11388,0,2019-04-26 00:00:00
1556251200,1.11386,1.11473,1.11331,1.11444,0,2019-04-26 04:00:00
1556265600,1.11444,1.11467,1.11293,1.11367,0,2019-04-26 08:00:00
1556280000,1.11368,1.11739,1.11111,1.11627,0,2019-04-26 12:00:00
1556294400,1.11627,1.11688,1.1151,1.1154,0,2019-04-26 16:00:00
1556308800,1.11541,1.11542,1.11388,1.11429,0,2019-04-26 20:00:00
1556481600,1.11441,1.11509,1.11441,1.11506,0,2019-04-28 20:00:00
1556496000,1.11507,1.11579,1.1145,1.11577,0,2019-04-29 00:00:00
1556510400,1.11577,1.11661,1.11555,1.11593,0,2019-04-29 04:00:00
1556524800,1.11594,1.11671,1.11512,1.11529,0,2019-04-29 08:00:00
1556539200,1.11529,1.11677,1.11452,1.11662,0,2019-04-29 12:00:00
1556553600,1.11662,1.11869,1.11632,1.1183,0,2019-04-29 16:00:00
1556568000,1.1183,1.11861,1.11817,1.11841,0,2019-04-29 20:00:00
1556582400,1.11842,1.11912,1.1179,1.11884,0,2019-04-30 00:00:00
1556596800,1.11884,1.11929,1.11757,1.11824,0,2019-04-30 04:00:00
1556611200,1.11828,1.1216,1.1181,1.12118,0,2019-04-30 08:00:00
1556625600,1.12117,1.1229,1.12051,1.12053,0,2019-04-30 12:00:00
1556640000,1.12052,1.12255,1.11975,1.12218,0,2019-04-30 16:00:00
1556654400,1.12217,1.12226,1.12106,1.1211,0,2019-04-30 20:00:00
1556668800,1.12112,1.12185,1.12111,1.12152,0,2019-05-01 00:00:00
1556683200,1.12152,1.12204,1.12141,1.12162,0,2019-05-01 04:00:00
1556697600,1.12161,1.12396,1.12158,1.12363,0,2019-05-01 08:00:00
1556712000,1.12363,1.12479,1.12217,1.12401,0,2019-05-01 12:00:00
1556726400,1.12403,1.12647,1.1194,1.11942,0,2019-05-01 16:00:00
1556740800,1.11942,1.12034,1.1187,1.12032,0,2019-05-01 20:00:00
1556755200,1.12031,1.12092,1.11995,1.12015,0,2019-05-02 00:00:00
1556769600,1.12014,1.12091,1.11921,1.11931,0,2019-05-02 04:00:00
1556784000,1.1193,1.1219,1.1191,1.12015,0,2019-05-02 08:00:00
1556798400,1.12016,1.12117,1.11758,1.11817,0,2019-05-02 12:00:00
1556812800,1.11817,1.11847,1.11717,1.11746,0,2019-05-02 16:00:00
1556827200,1.11748,1.11777,1.11707,1.11745,0,2019-05-02 20:00:00
1556841600,1.11745,1.11776,1.11703,1.11744,0,2019-05-03 00:00:00
1556856000,1.11745,1.11759,1.11601,1.11616,0,2019-05-03 04:00:00
1556870400,1.11615,1.11692,1.11519,1.11525,0,2019-05-03 08:00:00
1556884800,1.11524,1.11945,1.1135,1.1187,0,2019-05-03 12:00:00
1556899200,1.11871,1.12005,1.11833,1.11936,0,2019-05-03 16:00:00
1556913600,1.11936,1.12047,1.11919,1.12007,0,2019-05-03 20:00:00
1557086400,1.11799,1.12003,1.11672,1.11941,0,2019-05-05 20:00:00
1557100800,1.11941,1.11987,1.11805,1.11892,0,2019-05-06 00:00:00
1557115200,1.11893,1.11958,1.11859,1.11892,0,2019-05-06 04:00:00
1557129600,1.11892,1.11985,1.11829,1.11977,0,2019-05-06 08:00:00
1557144000,1.11977,1.12035,1.1179,1.11965,0,2019-05-06 12:00:00
1557158400,1.11965,1.12092,1.11892,1.12034,0,2019-05-06 16:00:00
1557172800,1.12034,1.12059,1.11908,1.11982,0,2019-05-06 20:00:00
1557187200,1.11982,1.12055,1.11971,1.12052,0,2019-05-07 00:00:00
1557201600,1.12052,1.12178,1.12035,1.12089,0,2019-05-07 04:00:00
1557216000,1.12089,1.12163,1.1193,1.11972,0,2019-05-07 08:00:00
1557230400,1.11973,1.11988,1.11748,1.11877,0,2019-05-07 12:00:00
1557244800,1.11877,1.11927,1.11666,1.11822,0,2019-05-07 16:00:00
1557259200,1.11825,1.11948,1.11802,1.11928,0,2019-05-07 20:00:00
1557273600,1.11928,1.12038,1.11884,1.12004,0,2019-05-08 00:00:00
1557288000,1.12004,1.12126,1.11985,1.1207,0,2019-05-08 04:00:00
1557302400,1.12069,1.1211,1.11913,1.12036,0,2019-05-08 08:00:00
1557316800,1.12037,1.12075,1.11891,1.12033,0,2019-05-08 12:00:00
1557331200,1.12033,1.12136,1.11827,1.11915,0,2019-05-08 16:00:00
1557345600,1.11918,1.1198,1.1189,1.11973,0,2019-05-08 20:00:00
1557360000,1.11973,1.11985,1.11858,1.11895,0,2019-05-09 00:00:00
1557374400,1.11896,1.1203,1.11875,1.11977,0,2019-05-09 04:00:00
1557388800,1.11977,1.12033,1.11734,1.11911,0,2019-05-09 08:00:00
1557403200,1.11911,1.12509,1.11845,1.123,0,2019-05-09 12:00:00
1557417600,1.12299,1.12354,1.12119,1.12243,0,2019-05-09 16:00:00
1557432000,1.12243,1.12261,1.12099,1.12188,0,2019-05-09 20:00:00
1557446400,1.12189,1.12348,1.12174,1.12276,0,2019-05-10 00:00:00
1557460800,1.12276,1.12322,1.12177,1.12276,0,2019-05-10 04:00:00
1557475200,1.12274,1.12385,1.122,1.12336,0,2019-05-10 08:00:00
1557489600,1.12337,1.12536,1.12245,1.12435,0,2019-05-10 12:00:00
1557504000,1.12434,1.12469,1.12278,1.12314,0,2019-05-10 16:00:00
1557518400,1.12313,1.12392,1.12295,1.12329,0,2019-05-10 20:00:00
1557691200,1.1232,1.12408,1.12299,1.12352,0,2019-05-12 20:00:00
1557705600,1.12352,1.12389,1.12289,1.12322,0,2019-05-13 00:00:00
1557720000,1.12322,1.12366,1.1227,1.12305,0,2019-05-13 04:00:00
1557734400,1.12305,1.12415,1.1223,1.12347,0,2019-05-13 08:00:00
1557748800,1.12346,1.12635,1.12281,1.12425,0,2019-05-13 12:00:00
1557763200,1.12427,1.12443,1.12277,1.12315,0,2019-05-13 16:00:00
1557777600,1.12316,1.12348,1.12191,1.12311,0,2019-05-13 20:00:00
1557792000,1.12311,1.12366,1.12282,1.12326,0,2019-05-14 00:00:00
1557806400,1.12326,1.12415,1.12321,1.12331,0,2019-05-14 04:00:00
1557820800,1.1233,1.12439,1.12252,1.12292,0,2019-05-14 08:00:00
1557835200,1.12292,1.12384,1.12038,1.12114,0,2019-05-14 12:00:00
1557849600,1.12114,1.12167,1.12039,1.12064,0,2019-05-14 16:00:00
1557864000,1.12065,1.12097,1.12011,1.12069,0,2019-05-14 20:00:00
1557878400,1.12069,1.12081,1.12007,1.12069,0,2019-05-15 00:00:00
1557892800,1.12071,1.12136,1.12044,1.12071,0,2019-05-15 04:00:00
1557907200,1.1207,1.12168,1.11949,1.11957,0,2019-05-15 08:00:00
1557921600,1.11957,1.12245,1.11779,1.12081,0,2019-05-15 12:00:00
1557936000,1.12081,1.12113,1.11994,1.12034,0,2019-05-15 16:00:00
1557950400,1.12035,1.12092,1.11973,1.12061,0,2019-05-15 20:00:00
1557964800,1.1206,1.12097,1.12017,1.12079,0,2019-05-16 00:00:00
1557979200,1.12079,1.12109,1.12047,1.12071,0,2019-05-16 04:00:00
1557993600,1.12069,1.12238,1.1204,1.12058,0,2019-05-16 08:00:00
1558008000,1.12059,1.12096,1.1172,1.11779,0,2019-05-16 12:00:00
1558022400,1.1178,1.11819,1.117,1.11702,0,2019-05-16 16:00:00
1558036800,1.11701,1.11772,1.11662,1.11737,0,2019-05-16 20:00:00
1558051200,1.11737,1.11793,1.11704,1.11776,0,2019-05-17 00:00:00
1558065600,1.11775,1.11829,1.11705,1.11806,0,2019-05-17 04:00:00
1558080000,1.11805,1.11841,1.11584,1.11674,0,2019-05-17 08:00:00
1558094400,1.11675,1.1179,1.11552,1.11597,0,2019-05-17 12:00:00
1558108800,1.11596,1.11691,1.11576,1.11591,0,2019-05-17 16:00:00
1558123200,1.1159,1.11668,1.11551,1.11563,0,2019-05-17 20:00:00
1558296000,1.11598,1.11666,1.11598,1.1163,0,2019-05-19 20:00:00
1558310400,1.11629,1.11676,1.11573,1.11586,0,2019-05-20 00:00:00
1558324800,1.11586,1.11587,1.11506,1.11546,0,2019-05-20 04:00:00
1558339200,1.11546,1.11662,1.11532,1.11543,0,2019-05-20 08:00:00
1558353600,1.11544,1.11691,1.11533,1.11653,0,2019-05-20 12:00:00
1558368000,1.11654,1.11748,1.11642,1.11672,0,2019-05-20 16:00:00
1558382400,1.11673,1.11696,1.11645,1.1168,0,2019-05-20 20:00:00
1558396800,1.11681,1.11722,1.11628,1.11645,0,2019-05-21 00:00:00
1558411200,1.11645,1.11665,1.11442,1.11491,0,2019-05-21 04:00:00
1558425600,1.1149,1.11586,1.11419,1.11457,0,2019-05-21 08:00:00
1558440000,1.11457,1.1188,1.11441,1.11798,0,2019-05-21 12:00:00
1558454400,1.11798,1.11841,1.1154,1.11576,0,2019-05-21 16:00:00
1558468800,1.11576,1.11654,1.11567,1.11634,0,2019-05-21 20:00:00
1558483200,1.11635,1.1166,1.11595,1.11603,0,2019-05-22 00:00:00
1558497600,1.11604,1.11631,1.11504,1.11529,0,2019-05-22 04:00:00
1558512000,1.11529,1.11737,1.11485,1.11689,0,2019-05-22 08:00:00
1558526400,1.1169,1.11802,1.11526,1.11538,0,2019-05-22 12:00:00
1558540800,1.11537,1.11636,1.1151,1.11596,0,2019-05-22 16:00:00
1558555200,1.11595,1.11597,1.11497,1.11564,0,2019-05-22 20:00:00
1558569600,1.11564,1.1157,1.1148,1.11517,0,2019-05-23 00:00:00
1558584000,1.11516,1.11527,1.11391,1.11421,0,2019-05-23 04:00:00
1558598400,1.11423,1.1148,1.11291,1.11354,0,2019-05-23 08:00:00
1558612800,1.11354,1.11567,1.1107,1.11488,0,2019-05-23 12:00:00
1558627200,1.11489,1.11875,1.11476,1.11824,0,2019-05-23 16:00:00
1558641600,1.11824,1.11844,1.11733,1.11821,0,2019-05-23 20:00:00
1558656000,1.11822,1.11852,1.11771,1.11813,0,2019-05-24 00:00:00
1558670400,1.11813,1.12056,1.1179,1.11957,0,2019-05-24 04:00:00
1558684800,1.11957,1.12012,1.11781,1.11858,0,2019-05-24 08:00:00
1558699200,1.11858,1.12104,1.11819,1.12046,0,2019-05-24 12:00:00
1558713600,1.12048,1.12121,1.11962,1.12091,0,2019-05-24 16:00:00
1558728000,1.12091,1.12095,1.12043,1.12043,0,2019-05-24 20:00:00
1558929600,1.12108,1.12151,1.12104,1.12139,0,2019-05-27 04:00:00
1558944000,1.11938,1.1195,1.11915,1.11922,0,2019-05-27 08:00:00
1558958400,1.11921,1.11995,1.11869,1.11918,0,2019-05-27 12:00:00
1558972800,1.1192,1.11952,1.11883,1.119,0,2019-05-27 16:00:00
1558987200,1.119,1.11949,1.119,1.11931,0,2019-05-27 20:00:00
1559001600,1.11933,1.11962,1.11794,1.11822,0,2019-05-28 00:00:00
1559016000,1.11822,1.1187,1.11768,1.11841,0,2019-05-28 04:00:00
1559030400,1.11842,1.11983,1.11754,1.11886,0,2019-05-28 08:00:00
1559044800,1.11885,1.11949,1.1169,1.11738,0,2019-05-28 12:00:00
1559059200,1.11739,1.11816,1.1162,1.11646,0,2019-05-28 16:00:00
1559073600,1.11645,1.11681,1.11592,1.11653,0,2019-05-28 20:00:00
1559088000,1.11654,1.11724,1.11619,1.11643,0,2019-05-29 00:00:00
1559102400,1.11644,1.11691,1.1155,1.11567,0,2019-05-29 04:00:00
1559116800,1.11567,1.11604,1.11497,1.11568,0,2019-05-29 08:00:00
1559131200,1.11567,1.11577,1.11351,1.11421,0,2019-05-29 12:00:00
1559145600,1.11425,1.11427,1.11243,1.11332,0,2019-05-29 16:00:00
1559160000,1.1133,1.11383,1.11289,1.11371,0,2019-05-29 20:00:00
1559174400,1.11371,1.11432,1.11342,1.11385,0,2019-05-30 00:00:00
1559188800,1.11385,1.11413,1.11301,1.11349,0,2019-05-30 04:00:00
1559203200,1.11349,1.11433,1.11243,1.11367,0,2019-05-30 08:00:00
1559217600,1.11366,1.11415,1.1116,1.11262,0,2019-05-30 12:00:00
1559232000,1.11267,1.11399,1.11249,1.11344,0,2019-05-30 16:00:00
1559246400,1.11344,1.11359,1.11282,1.11329,0,2019-05-30 20:00:00
1559260800,1.11329,1.11402,1.1129,1.11344,0,2019-05-31 00:00:00
1559275200,1.11343,1.11361,1.11251,1.11345,0,2019-05-31 04:00:00
1559289600,1.11343,1.11565,1.11322,1.11462,0,2019-05-31 08:00:00
1559304000,1.11462,1.11797,1.11407,1.11417,0,2019-05-31 12:00:00
1559318400,1.11418,1.11781,1.11367,1.11729,0,2019-05-31 16:00:00
1559332800,1.11728,1.11747,1.11656,1.11678,0,2019-05-31 20:00:00
1559505600,1.11607,1.11737,1.11607,1.11717,0,2019-06-02 20:00:00
1559520000,1.11716,1.11882,1.11705,1.11881,0,2019-06-03 00:00:00
1559534400,1.11881,1.11898,1.11601,1.11637,0,2019-06-03 04:00:00
1559548800,1.11636,1.11847,1.11617,1.11839,0,2019-06-03 08:00:00
1559563200,1.1184,1.12089,1.1178,1.12015,0,2019-06-03 12:00:00
1559577600,1.12015,1.12594,1.11991,1.12589,0,2019-06-03 16:00:00
1559592000,1.1259,1.12619,1.12403,1.12454,0,2019-06-03 20:00:00
1559606400,1.12454,1.12551,1.12439,1.12532,0,2019-06-04 00:00:00
1559620800,1.12532,1.12707,1.12453,1.12642,0,2019-06-04 04:00:00
1559635200,1.12641,1.12774,1.124,1.12586,0,2019-06-04 08:00:00
1559649600,1.12585,1.12666,1.12267,1.12321,0,2019-06-04 12:00:00
1559664000,1.12323,1.12666,1.12313,1.12588,0,2019-06-04 16:00:00
1559678400,1.1259,1.12644,1.12502,1.12525,0,2019-06-04 20:00:00
1559692800,1.12525,1.12656,1.1252,1.12612,0,2019-06-05 00:00:00
1559707200,1.12611,1.12728,1.12575,1.12604,0,2019-06-05 04:00:00
1559721600,1.12604,1.12886,1.12567,1.12607,0,2019-06-05 08:00:00
1559736000,1.12607,1.13065,1.12522,1.1262,0,2019-06-05 12:00:00
1559750400,1.1262,1.12632,1.122,1.12259,0,2019-06-05 16:00:00
1559764800,1.1226,1.12307,1.122,1.12282,0,2019-06-05 20:00:00
1559779200,1.12282,1.12322,1.12238,1.12269,0,2019-06-06 00:00:00
1559793600,1.1227,1.12358,1.12228,1.12284,0,2019-06-06 04:00:00
1559808000,1.12284,1.12425,1.12228,1.12345,0,2019-06-06 08:00:00
1559822400,1.12345,1.1309,1.12008,1.12809,0,2019-06-06 12:00:00
1559836800,1.12809,1.13001,1.12673,1.12731,0,2019-06-06 16:00:00
1559851200,1.12731,1.12818,1.12681,1.12773,0,2019-06-06 20:00:00
1559865600,1.12773,1.12791,1.12678,1.12687,0,2019-06-07 00:00:00
1559880000,1.12686,1.12701,1.12564,1.12623,0,2019-06-07 04:00:00
1559894400,1.12622,1.12702,1.12512,1.12628,0,2019-06-07 08:00:00
1559908800,1.12627,1.13477,1.12621,1.13375,0,2019-06-07 12:00:00
1559923200,1.13375,1.13456,1.13234,1.13392,0,2019-06-07 16:00:00
1559937600,1.13393,1.13394,1.13268,1.13334,0,2019-06-07 20:00:00
1560110400,1.1322,1.13308,1.13168,1.13168,0,2019-06-09 20:00:00
1560124800,1.13171,1.13242,1.13108,1.1313,0,2019-06-10 00:00:00
1560139200,1.13131,1.13148,1.13024,1.1311,0,2019-06-10 04:00:00
1560153600,1.13113,1.13113,1.12902,1.13077,0,2019-06-10 08:00:00
1560168000,1.13077,1.13197,1.12907,1.13159,0,2019-06-10 12:00:00
1560182400,1.13162,1.13243,1.13085,1.13152,0,2019-06-10 16:00:00
1560196800,1.13154,1.13192,1.131,1.13147,0,2019-06-10 20:00:00
1560211200,1.13146,1.13186,1.13073,1.13156,0,2019-06-11 00:00:00
1560225600,1.13159,1.13225,1.13117,1.13147,0,2019-06-11 04:00:00
1560240000,1.13148,1.13317,1.13115,1.13141,0,2019-06-11 08:00:00
1560254400,1.13142,1.13262,1.13013,1.13145,0,2019-06-11 12:00:00
1560268800,1.13143,1.13374,1.13088,1.13321,0,2019-06-11 16:00:00
1560283200,1.13322,1.13328,1.13245,1.13278,0,2019-06-11 20:00:00
1560297600,1.13278,1.1334,1.13261,1.13278,0,2019-06-12 00:00:00
1560312000,1.13279,1.13405,1.13278,1.1334,0,2019-06-12 04:00:00
1560326400,1.13341,1.13434,1.13119,1.132,0,2019-06-12 08:00:00
1560340800,1.132,1.13405,1.13072,1.13205,0,2019-06-12 12:00:00
1560355200,1.13205,1.13249,1.12824,1.12857,0,2019-06-12 16:00:00
1560369600,1.12856,1.12937,1.1284,1.12925,0,2019-06-12 20:00:00
1560384000,1.12926,1.12982,1.1288,1.1294,0,2019-06-13 00:00:00
1560398400,1.12941,1.13037,1.1286,1.12945,0,2019-06-13 04:00:00
1560412800,1.12946,1.13018,1.12839,1.12872,0,2019-06-13 08:00:00
1560427200,1.12872,1.12968,1.12683,1.12716,0,2019-06-13 12:00:00
1560441600,1.12717,1.12849,1.12705,1.12787,0,2019-06-13 16:00:00
1560456000,1.1279,1.12818,1.1273,1.12779,0,2019-06-13 20:00:00
1560470400,1.12779,1.12822,1.12734,1.12747,0,2019-06-14 00:00:00
1560484800,1.12748,1.12823,1.12697,1.12817,0,2019-06-14 04:00:00
1560499200,1.12817,1.12891,1.12601,1.12643,0,2019-06-14 08:00:00
1560513600,1.12642,1.12678,1.12221,1.12251,0,2019-06-14 12:00:00
1560528000,1.12251,1.12276,1.12024,1.12068,0,2019-06-14 16:00:00
1560542400,1.12068,1.12134,1.1205,1.1205,0,2019-06-14 20:00:00
1560715200,1.12089,1.12156,1.12088,1.12146,0,2019-06-16 20:00:00
1560729600,1.12145,1.12241,1.1214,1.12197,0,2019-06-17 00:00:00
1560744000,1.12197,1.12209,1.12047,1.12097,0,2019-06-17 04:00:00
1560758400,1.12098,1.12197,1.12037,1.12195,0,2019-06-17 08:00:00
1560772800,1.12196,1.1247,1.12155,1.12236,0,2019-06-17 12:00:00
1560787200,1.12235,1.12379,1.12139,1.1217,0,2019-06-17 16:00:00
1560801600,1.1217,1.12234,1.1215,1.12213,0,2019-06-17 20:00:00
1560816000,1.12213,1.12341,1.12208,1.12319,0,2019-06-18 00:00:00
1560830400,1.12318,1.12394,1.12296,1.12361,0,2019-06-18 04:00:00
1560844800,1.1236,1.12428,1.11813,1.12023,0,2019-06-18 08:00:00
1560859200,1.12025,1.12078,1.1182,1.11861,0,2019-06-18 12:00:00
1560873600,1.11861,1.12127,1.11828,1.11941,0,2019-06-18 16:00:00
1560888000,1.11942,1.11991,1.11921,1.11951,0,2019-06-18 20:00:00
1560902400,1.11955,1.12023,1.11915,1.11931,0,2019-06-19 00:00:00
1560916800,1.1193,1.11964,1.11871,1.11958,0,2019-06-19 04:00:00
1560931200,1.11959,1.12072,1.11892,1.12068,0,2019-06-19 08:00:00
1560945600,1.12068,1.12167,1.12009,1.12162,0,2019-06-19 12:00:00
1560960000,1.12161,1.12542,1.12049,1.1246,0,2019-06-19 16:00:00
1560974400,1.1246,1.12474,1.12201,1.12357,0,2019-06-19 20:00:00
1560988800,1.12358,1.1269,1.12343,1.12672,0,2019-06-20 00:00:00
1561003200,1.12672,1.12841,1.126,1.12754,0,2019-06-20 04:00:00
1561017600,1.12755,1.13062,1.12692,1.1303,0,2019-06-20 08:00:00
1561032000,1.13029,1.13173,1.12856,1.12884,0,2019-06-20 12:00:00
1561046400,1.12886,1.12977,1.12705,1.1293,0,2019-06-20 16:00:00
1561060800,1.12932,1.1298,1.12856,1.12922,0,2019-06-20 20:00:00
1561075200,1.12925,1.1309,1.12888,1.12983,0,2019-06-21 00:00:00
1561089600,1.12982,1.13039,1.1283,1.12867,0,2019-06-21 04:00:00
1561104000,1.12865,1.13174,1.12848,1.13079,0,2019-06-21 08:00:00
1561118400,1.13079,1.13341,1.13019,1.13209,0,2019-06-21 12:00:00
1561132800,1.1321,1.13703,1.13164,1.13687,0,2019-06-21 16:00:00
1561147200,1.13688,1.13777,1.13645,1.13679,0,2019-06-21 20:00:00
1561320000,1.13695,1.13777,1.13662,1.13746,0,2019-06-23 20:00:00
1561334400,1.13747,1.13862,1.13711,1.13849,0,2019-06-24 00:00:00
1561348800,1.13848,1.13894,1.13748,1.13781,0,2019-06-24 04:00:00
1561363200,1.13781,1.1395,1.13725,1.13913,0,2019-06-24 08:00:00
1561377600,1.13912,1.13985,1.13792,1.13893,0,2019-06-24 12:00:00
1561392000,1.13894,1.14039,1.13844,1.1401,0,2019-06-24 16:00:00
1561406400,1.14011,1.14011,1.13941,1.13971,0,2019-06-24 20:00:00
1561420800,1.13971,1.14102,1.13962,1.14023,0,2019-06-25 00:00:00
1561435200,1.14023,1.14119,1.13923,1.14016,0,2019-06-25 04:00:00
1561449600,1.14016,1.14029,1.13773,1.13846,0,2019-06-25 08:00:00
1561464000,1.13847,1.13987,1.13764,1.13824,0,2019-06-25 12:00:00
1561478400,1.13823,1.13901,1.13442,1.13725,0,2019-06-25 16:00:00
1561492800,1.13727,1.13759,1.13599,1.13658,0,2019-06-25 20:00:00
1561507200,1.13658,1.13722,1.1353,1.13547,0,2019-06-26 00:00:00
1561521600,1.13547,1.13648,1.13526,1.13587,0,2019-06-26 04:00:00
1561536000,1.13588,1.13742,1.13513,1.13666,0,2019-06-26 08:00:00
1561550400,1.13667,1.13823,1.13474,1.13772,0,2019-06-26 12:00:00
1561564800,1.13771,1.13913,1.13681,1.13692,0,2019-06-26 16:00:00
1561579200,1.13692,1.13763,1.13644,1.13731,0,2019-06-26 20:00:00
1561593600,1.13731,1.13748,1.13596,1.13618,0,2019-06-27 00:00:00
1561608000,1.13618,1.13634,1.13477,1.13576,0,2019-06-27 04:00:00
1561622400,1.13578,1.13814,1.13578,1.13785,0,2019-06-27 08:00:00
1561636800,1.13783,1.13808,1.13564,1.13692,0,2019-06-27 12:00:00
1561651200,1.13692,1.13747,1.13621,1.13732,0,2019-06-27 16:00:00
1561665600,1.13733,1.13738,1.13668,1.13681,0,2019-06-27 20:00:00
1561680000,1.13681,1.13763,1.13655,1.13687,0,2019-06-28 00:00:00
1561694400,1.13686,1.13795,1.13606,1.13783,0,2019-06-28 04:00:00
1561708800,1.13783,1.13933,1.13782,1.13822,0,2019-06-28 08:00:00
1561723200,1.13823,1.13894,1.13677,1.13887,0,2019-06-28 12:00:00
1561737600,1.13887,1.13923,1.13506,1.13772,0,2019-06-28 16:00:00
1561752000,1.13769,1.13769,1.13665,1.13681,0,2019-06-28 20:00:00
1561924800,1.13595,1.1369,1.13581,1.13683,0,2019-06-30 20:00:00
1561939200,1.13684,1.1371,1.1348,1.1352,0,2019-07-01 00:00:00
1561953600,1.13521,1.13534,1.13215,1.13269,0,2019-07-01 04:00:00
1561968000,1.13269,1.13373,1.13165,1.1337,0,2019-07-01 08:00:00
1561982400,1.13369,1.13601,1.13212,1.13242,0,2019-07-01 12:00:00
1561996800,1.13242,1.13251,1.1281,1.1285,0,2019-07-01 16:00:00
1562011200,1.12852,1.12896,1.12801,1.12859,0,2019-07-01 20:00:00
1562025600,1.12858,1.12893,1.12751,1.12798,0,2019-07-02 00:00:00
1562040000,1.12797,1.12954,1.12778,1.12912,0,2019-07-02 04:00:00
1562054400,1.12911,1.13215,1.12857,1.1299,0,2019-07-02 08:00:00
1562068800,1.12989,1.13031,1.12861,1.12945,0,2019-07-02 12:00:00
1562083200,1.12943,1.13119,1.12876,1.12904,0,2019-07-02 16:00:00
1562097600,1.12905,1.12969,1.12821,1.12899,0,2019-07-02 20:00:00
1562112000,1.12899,1.12951,1.1286,1.12917,0,2019-07-03 00:00:00
1562126400,1.12917,1.12933,1.12784,1.12843,0,2019-07-03 04:00:00
1562140800,1.12842,1.12997,1.12686,1.12974,0,2019-07-03 08:00:00
1562155200,1.12974,1.13123,1.12767,1.12809,0,2019-07-03 12:00:00
1562169600,1.12808,1.12846,1.12718,1.12781,0,2019-07-03 16:00:00
1562184000,1.1278,1.12878,1.12755,1.12872,0,2019-07-03 20:00:00
1562198400,1.12872,1.12951,1.12822,1.12835,0,2019-07-04 00:00:00
1562212800,1.12836,1.12871,1.1281,1.12836,0,2019-07-04 04:00:00
1562227200,1.12835,1.12899,1.12773,1.12858,0,2019-07-04 08:00:00
1562241600,1.12857,1.12897,1.12731,1.12816,0,2019-07-04 12:00:00
1562256000,1.12816,1.12852,1.12792,1.12851,0,2019-07-04 16:00:00
1562270400,1.1285,1.12877,1.12823,1.12863,0,2019-07-04 20:00:00
1562284800,1.12863,1.12867,1.12778,1.12817,0,2019-07-05 00:00:00
1562299200,1.12817,1.12844,1.12719,1.12732,0,2019-07-05 04:00:00
1562313600,1.12733,1.1275,1.12557,1.12618,0,2019-07-05 08:00:00
1562328000,1.12618,1.12703,1.12073,1.12221,0,2019-07-05 12:00:00
1562342400,1.12222,1.12235,1.1208,1.12218,0,2019-07-05 16:00:00
1562356800,1.12218,1.12282,1.12216,1.12235,0,2019-07-05 20:00:00
1562529600,1.12215,1.12291,1.12215,1.12286,0,2019-07-07 20:00:00
1562544000,1.12286,1.12297,1.12196,1.12259,0,2019-07-08 00:00:00
1562558400,1.12259,1.12327,1.12195,1.12201,0,2019-07-08 04:00:00
1562572800,1.12202,1.12344,1.12148,1.12149,0,2019-07-08 08:00:00
1562587200,1.1215,1.12269,1.12097,1.12147,0,2019-07-08 12:00:00
1562601600,1.12147,1.12207,1.12069,1.12119,0,2019-07-08 16:00:00
1562616000,1.12118,1.12177,1.12082,1.12161,0,2019-07-08 20:00:00
1562630400,1.12159,1.12187,1.12096,1.1212,0,2019-07-09 00:00:00
1562644800,1.12119,1.12181,1.12063,1.12074,0,2019-07-09 04:00:00
1562659200,1.12074,1.12134,1.11933,1.12021,0,2019-07-09 08:00:00
1562673600,1.12022,1.12107,1.11957,1.12056,0,2019-07-09 12:00:00
1562688000,1.12057,1.12138,1.11997,1.12077,0,2019-07-09 16:00:00
1562702400,1.12076,1.12088,1.12032,1.12057,0,2019-07-09 20:00:00
1562716800,1.12057,1.12102,1.12018,1.121,0,2019-07-10 00:00:00
1562731200,1.121,1.12179,1.12034,1.12125,0,2019-07-10 04:00:00
1562745600,1.12124,1.12294,1.12082,1.12167,0,2019-07-10 08:00:00
1562760000,1.12165,1.1257,1.12121,1.12527,0,2019-07-10 12:00:00
1562774400,1.12528,1.12643,1.12426,1.12526,0,2019-07-10 16:00:00
1562788800,1.12526,1.126,1.12501,1.12594,0,2019-07-10 20:00:00
1562803200,1.12594,1.12729,1.12555,1.12728,0,2019-07-11 00:00:00
1562817600,1.12729,1.12807,1.12667,1.12694,0,2019-07-11 04:00:00
1562832000,1.12696,1.12782,1.1264,1.12715,0,2019-07-11 08:00:00
1562846400,1.12715,1.12857,1.12508,1.12525,0,2019-07-11 12:00:00
1562860800,1.12526,1.12625,1.12451,1.12574,0,2019-07-11 16:00:00
1562875200,1.12576,1.1261,1.12513,1.12563,0,2019-07-11 20:00:00
1562889600,1.12563,1.12673,1.12493,1.12656,0,2019-07-12 00:00:00
1562904000,1.12657,1.12748,1.12641,1.12718,0,2019-07-12 04:00:00
1562918400,1.1272,1.12748,1.12535,1.12578,0,2019-07-12 08:00:00
1562932800,1.12577,1.12606,1.12381,1.12517,0,2019-07-12 12:00:00
1562947200,1.12517,1.12739,1.12495,1.12717,0,2019-07-12 16:00:00
1562961600,1.12717,1.12733,1.12672,1.12698,0,2019-07-12 20:00:00
1563134400,1.12666,1.12744,1.12626,1.12717,0,2019-07-14 20:00:00
1563148800,1.12719,1.12745,1.12642,1.12704,0,2019-07-15 00:00:00
1563163200,1.12705,1.12781,1.1264,1.12749,0,2019-07-15 04:00:00
1563177600,1.12748,1.12838,1.12688,1.12777,0,2019-07-15 08:00:00
1563192000,1.12778,1.12778,1.12559,1.12616,0,2019-07-15 12:00:00
1563206400,1.12616,1.12638,1.12532,1.12587,0,2019-07-15 16:00:00
1563220800,1.12588,1.12631,1.12559,1.1261,0,2019-07-15 20:00:00
1563235200,1.12609,1.12631,1.12552,1.12626,0,2019-07-16 00:00:00
1563249600,1.12627,1.12634,1.12534,1.12563,0,2019-07-16 04:00:00
1563264000,1.12564,1.12583,1.12175,1.12231,0,2019-07-16 08:00:00
1563278400,1.12231,1.1226,1.12074,1.12238,0,2019-07-16 12:00:00
1563292800,1.12237,1.12243,1.12018,1.12066,0,2019-07-16 16:00:00
1563307200,1.12065,1.12126,1.12041,1.12106,0,2019-07-16 20:00:00
1563321600,1.12106,1.12151,1.12068,1.12122,0,2019-07-17 00:00:00
1563336000,1.12121,1.12174,1.11997,1.12024,0,2019-07-17 04:00:00
1563350400,1.12024,1.122,1.12022,1.12185,0,2019-07-17 08:00:00
1563364800,1.12184,1.12268,1.12096,1.12252,0,2019-07-17 12:00:00
1563379200,1.12251,1.12335,1.12216,1.12226,0,2019-07-17 16:00:00
1563393600,1.12227,1.12299,1.12191,1.12272,0,2019-07-17 20:00:00
1563408000,1.12272,1.12407,1.12255,1.12389,0,2019-07-18 00:00:00
1563422400,1.12389,1.12439,1.12337,1.12376,0,2019-07-18 04:00:00
1563436800,1.12376,1.12424,1.12051,1.12129,0,2019-07-18 08:00:00
1563451200,1.12129,1.1228,1.12097,1.12181,0,2019-07-18 12:00:00
1563465600,1.12181,1.12698,1.12151,1.12681,0,2019-07-18 16:00:00
1563480000,1.12684,1.1282,1.12403,1.12493,0,2019-07-18 20:00:00
1563494400,1.12493,1.12683,1.12491,1.12675,0,2019-07-19 00:00:00
1563508800,1.12675,1.12681,1.12547,1.12586,0,2019-07-19 04:00:00
1563523200,1.12586,1.12654,1.12305,1.12382,0,2019-07-19 08:00:00
1563537600,1.1238,1.12391,1.12171,1.12215,0,2019-07-19 12:00:00
1563552000,1.12218,1.12297,1.12033,1.12189,0,2019-07-19 16:00:00
1563566400,1.12188,1.12233,1.12145,1.12192,0,2019-07-19 20:00:00
1563739200,1.1215,1.12197,1.1214,1.12176,0,2019-07-21 20:00:00
1563753600,1.12176,1.122,1.12075,1.12176,0,2019-07-22 00:00:00
1563768000,1.12176,1.12239,1.12119,1.1223,0,2019-07-22 04:00:00
1563782400,1.12229,1.12243,1.12128,1.12219,0,2019-07-22 08:00:00
1563796800,1.12218,1.12253,1.12069,1.12221,0,2019-07-22 12:00:00
1563811200,1.1222,1.12241,1.12106,1.12107,0,2019-07-22 16:00:00
1563825600,1.12107,1.12132,1.1206,1.12083,0,2019-07-22 20:00:00
1563840000,1.12083,1.12087,1.11941,1.11991,0,2019-07-23 00:00:00
1563854400,1.11991,1.12001,1.11854,1.11894,0,2019-07-23 04:00:00
1563868800,1.11894,1.11959,1.11758,1.11812,0,2019-07-23 08:00:00
1563883200,1.11812,1.11848,1.11485,1.11485,0,2019-07-23 12:00:00
1563897600,1.11483,1.1158,1.11475,1.11503,0,2019-07-23 16:00:00
1563912000,1.11502,1.11554,1.11457,1.1152,0,2019-07-23 20:00:00
1563926400,1.11518,1.11521,1.11432,1.11453,0,2019-07-24 00:00:00
1563940800,1.11453,1.11534,1.11408,1.11522,0,2019-07-24 04:00:00
1563955200,1.1152,1.11555,1.11269,1.11541,0,2019-07-24 08:00:00
1563969600,1.11539,1.11558,1.1139,1.11423,0,2019-07-24 12:00:00
1563984000,1.11425,1.11504,1.11341,1.11356,0,2019-07-24 16:00:00
1563998400,1.11356,1.11432,1.11329,1.11418,0,2019-07-24 20:00:00
1564012800,1.11418,1.11427,1.11335,1.11355,0,2019-07-25 00:00:00
1564027200,1.11354,1.11371,1.1129,1.11309,0,2019-07-25 04:00:00
1564041600,1.1131,1.11486,1.11221,1.11397,0,2019-07-25 08:00:00
1564056000,1.11397,1.11877,1.11013,1.11602,0,2019-07-25 12:00:00
1564070400,1.116,1.1161,1.11263,1.11442,0,2019-07-25 16:00:00
1564084800,1.11441,1.11504,1.11431,1.11464,0,2019-07-25 20:00:00
1564099200,1.11464,1.11502,1.11422,1.11483,0,2019-07-26 00:00:00
1564113600,1.11483,1.11509,1.11393,1.11451,0,2019-07-26 04:00:00
1564128000,1.1145,1.11472,1.113,1.11315,0,2019-07-26 08:00:00
1564142400,1.11315,1.1144,1.11161,1.11266,0,2019-07-26 12:00:00
1564156800,1.11266,1.11292,1.1112,1.11256,0,2019-07-26 16:00:00
1564171200,1.11255,1.11324,1.11236,1.11247,0,2019-07-26 20:00:00
1564344000,1.11246,1.11322,1.11223,1.11317,0,2019-07-28 20:00:00
1564358400,1.11317,1.11388,1.11287,1.11319,0,2019-07-29 00:00:00
1564372800,1.11319,1.11322,1.11217,1.11226,0,2019-07-29 04:00:00
1564387200,1.11226,1.11284,1.11169,1.11241,0,2019-07-29 08:00:00
1564401600,1.11241,1.11386,1.11128,1.11319,0,2019-07-29 12:00:00
1564416000,1.1132,1.11489,1.11283,1.11467,0,2019-07-29 16:00:00
1564430400,1.11467,1.11509,1.11434,1.11465,0,2019-07-29 20:00:00
1564444800,1.11465,1.11465,1.11333,1.1142,0,2019-07-30 00:00:00
1564459200,1.11421,1.11441,1.11327,1.11355,0,2019-07-30 04:00:00
1564473600,1.11356,1.11527,1.11321,1.11456,0,2019-07-30 08:00:00
1564488000,1.11455,1.11597,1.11379,1.1138,0,2019-07-30 12:00:00
1564502400,1.11381,1.1161,1.11381,1.11565,0,2019-07-30 16:00:00
1564516800,1.11564,1.1159,1.11537,1.11579,0,2019-07-30 20:00:00
1564531200,1.11579,1.1159,1.11477,1.11529,0,2019-07-31 00:00:00
1564545600,1.11529,1.1162,1.11526,1.11545,0,2019-07-31 04:00:00
1564560000,1.11542,1.11566,1.1143,1.11466,0,2019-07-31 08:00:00
1564574400,1.11466,1.11527,1.1131,1.11338,0,2019-07-31 12:00:00
1564588800,1.11337,1.11386,1.10644,1.10849,0,2019-07-31 16:00:00
1564603200,1.10849,1.11035,1.106,1.10791,0,2019-07-31 20:00:00
1564617600,1.1079,1.10795,1.10335,1.10493,0,2019-08-01 00:00:00
1564632000,1.10491,1.10536,1.10344,1.10414,0,2019-08-01 04:00:00
1564646400,1.10416,1.10502,1.10305,1.10334,0,2019-08-01 08:00:00
1564660800,1.10336,1.10622,1.10268,1.10578,0,2019-08-01 12:00:00
1564675200,1.10578,1.10958,1.10561,1.1085,0,2019-08-01 16:00:00
1564689600,1.1085,1.10942,1.10742,1.10783,0,2019-08-01 20:00:00
1564704000,1.10783,1.10966,1.10696,1.1075,0,2019-08-02 00:00:00
1564718400,1.1075,1.10898,1.10706,1.10865,0,2019-08-02 04:00:00
1564732800,1.10865,1.1115,1.10818,1.10955,0,2019-08-02 08:00:00
1564747200,1.10955,1.11075,1.10781,1.11025,0,2019-08-02 12:00:00
1564761600,1.11025,1.11164,1.10979,1.11108,0,2019-08-02 16:00:00
1564776000,1.11107,1.11115,1.11037,1.11057,0,2019-08-02 20:00:00
1564948800,1.11042,1.11138,1.11033,1.11057,0,2019-08-04 20:00:00
1564963200,1.11057,1.11326,1.11054,1.11224,0,2019-08-05 00:00:00
1564977600,1.11223,1.11319,1.11169,1.11213,0,2019-08-05 04:00:00
1564992000,1.11213,1.11704,1.1114,1.11704,0,2019-08-05 08:00:00
1565006400,1.11706,1.12001,1.11667,1.11851,0,2019-08-05 12:00:00
1565020800,1.11851,1.1213,1.11794,1.12027,0,2019-08-05 16:00:00
1565035200,1.12029,1.12261,1.11936,1.12246,0,2019-08-05 20:00:00
1565049600,1.12246,1.12497,1.12217,1.12278,0,2019-08-06 00:00:00
1565064000,1.12277,1.12288,1.11901,1.12038,0,2019-08-06 04:00:00
1565078400,1.12039,1.12186,1.11928,1.12023,0,2019-08-06 08:00:00
1565092800,1.12023,1.12026,1.11675,1.11821,0,2019-08-06 12:00:00
1565107200,1.11823,1.12057,1.11823,1.12003,0,2019-08-06 16:00:00
1565121600,1.12004,1.12065,1.11929,1.12013,0,2019-08-06 20:00:00
1565136000,1.12013,1.12195,1.12007,1.12095,0,2019-08-07 00:00:00
1565150400,1.12096,1.1217,1.11953,1.11986,0,2019-08-07 04:00:00
1565164800,1.11986,1.1203,1.11791,1.11843,0,2019-08-07 08:00:00
1565179200,1.11844,1.12407,1.11838,1.12158,0,2019-08-07 12:00:00
1565193600,1.12157,1.12417,1.12094,1.12144,0,2019-08-07 16:00:00
1565208000,1.12144,1.12172,1.11962,1.12047,0,2019-08-07 20:00:00
1565222400,1.12049,1.12137,1.12006,1.12099,0,2019-08-08 00:00:00
1565236800,1.12099,1.12155,1.12003,1.12063,0,2019-08-08 04:00:00
1565251200,1.12065,1.12276,1.12003,1.12004,0,2019-08-08 08:00:00
1565265600,1.12004,1.12323,1.11811,1.11999,0,2019-08-08 12:00:00
1565280000,1.11999,1.12199,1.11823,1.11856,0,2019-08-08 16:00:00
1565294400,1.11854,1.11939,1.11769,1.11853,0,2019-08-08 20:00:00
1565308800,1.11854,1.11971,1.11849,1.11962,0,2019-08-09 00:00:00
1565323200,1.11961,1.11977,1.11847,1.11866,0,2019-08-09 04:00:00
1565337600,1.11867,1.12079,1.11833,1.12053,0,2019-08-09 08:00:00
1565352000,1.12053,1.12058,1.11881,1.12009,0,2019-08-09 12:00:00
1565366400,1.12011,1.12229,1.11995,1.12068,0,2019-08-09 16:00:00
1565380800,1.12069,1.12072,1.11969,1.11969,0,2019-08-09 20:00:00
1565553600,1.11978,1.12035,1.11967,1.12019,0,2019-08-11 20:00:00
1565568000,1.1202,1.12096,1.12003,1.1208,0,2019-08-12 00:00:00
1565582400,1.12079,1.12111,1.12012,1.12012,0,2019-08-12 04:00:00
1565596800,1.12012,1.12017,1.11619,1.11972,0,2019-08-12 08:00:00
1565611200,1.11973,1.12207,1.11861,1.1218,0,2019-08-12 12:00:00
1565625600,1.12181,1.12306,1.12095,1.12202,0,2019-08-12 16:00:00
1565640000,1.12202,1.12203,1.12111,1.12142,0,2019-08-12 20:00:00
1565654400,1.12143,1.12166,1.11861,1.1191,0,2019-08-13 00:00:00
1565668800,1.11911,1.11984,1.11818,1.11929,0,2019-08-13 04:00:00
1565683200,1.1193,1.12214,1.1184,1.12162,0,2019-08-13 08:00:00
1565697600,1.12162,1.12285,1.11701,1.11877,0,2019-08-13 12:00:00
1565712000,1.1188,1.11948,1.11714,1.11736,0,2019-08-13 16:00:00
1565726400,1.11736,1.11755,1.11698,1.11747,0,2019-08-13 20:00:00
1565740800,1.11746,1.11797,1.11712,1.11754,0,2019-08-14 00:00:00
1565755200,1.11753,1.11786,1.11648,1.11775,0,2019-08-14 04:00:00
1565769600,1.11776,1.11893,1.11726,1.11797,0,2019-08-14 08:00:00
1565784000,1.11797,1.11908,1.1137,1.11487,0,2019-08-14 12:00:00
1565798400,1.11486,1.1152,1.11323,1.11385,0,2019-08-14 16:00:00
1565812800,1.11387,1.11445,1.11305,1.11438,0,2019-08-14 20:00:00
1565827200,1.11438,1.1147,1.11391,1.11415,0,2019-08-15 00:00:00
1565841600,1.11414,1.11531,1.11405,1.11484,0,2019-08-15 04:00:00
1565856000,1.11482,1.11579,1.11399,1.11538,0,2019-08-15 08:00:00
1565870400,1.11538,1.11583,1.10913,1.11073,0,2019-08-15 12:00:00
1565884800,1.11072,1.11188,1.10954,1.11071,0,2019-08-15 16:00:00
1565899200,1.1107,1.11142,1.11024,1.11097,0,2019-08-15 20:00:00
1565913600,1.11101,1.11121,1.10955,1.10996,0,2019-08-16 00:00:00
1565928000,1.10997,1.11063,1.10981,1.11032,0,2019-08-16 04:00:00
1565942400,1.11031,1.11057,1.10749,1.10771,0,2019-08-16 08:00:00
1565956800,1.1077,1.11068,1.10662,1.11052,0,2019-08-16 12:00:00
1565971200,1.11053,1.11053,1.10846,1.1096,0,2019-08-16 16:00:00
1565985600,1.10962,1.10962,1.10889,1.10899,0,2019-08-16 20:00:00
1566158400,1.10925,1.1101,1.10906,1.1095,0,2019-08-18 20:00:00
1566172800,1.10946,1.10953,1.10877,1.1093,0,2019-08-19 00:00:00
1566187200,1.10928,1.10955,1.10876,1.10944,0,2019-08-19 04:00:00
1566201600,1.10945,1.11137,1.10902,1.11067,0,2019-08-19 08:00:00
1566216000,1.11068,1.1109,1.10935,1.1095,0,2019-08-19 12:00:00
1566230400,1.1095,1.10985,1.10815,1.10818,0,2019-08-19 16:00:00
1566244800,1.10818,1.10851,1.1076,1.1082,0,2019-08-19 20:00:00
1566259200,1.10822,1.10878,1.10792,1.1087,0,2019-08-20 00:00:00
1566273600,1.1087,1.10884,1.10758,1.10767,0,2019-08-20 04:00:00
1566288000,1.10767,1.10845,1.10711,1.10821,0,2019-08-20 08:00:00
1566302400,1.10821,1.10938,1.10655,1.10893,0,2019-08-20 12:00:00
1566316800,1.10892,1.11066,1.10876,1.1097,0,2019-08-20 16:00:00
1566331200,1.10969,1.11043,1.10949,1.10989,0,2019-08-20 20:00:00
1566345600,1.10989,1.11051,1.10911,1.10988,0,2019-08-21 00:00:00
1566360000,1.10989,1.1101,1.10893,1.10915,0,2019-08-21 04:00:00
1566374400,1.10914,1.11058,1.10879,1.11015,0,2019-08-21 08:00:00
1566388800,1.11015,1.1107,1.10922,1.10928,0,2019-08-21 12:00:00
1566403200,1.10929,1.1105,1.10804,1.10857,0,2019-08-21 16:00:00
1566417600,1.10857,1.10919,1.10811,1.1091,0,2019-08-21 20:00:00
1566432000,1.1091,1.10916,1.10841,1.10881,0,2019-08-22 00:00:00
1566446400,1.10881,1.10898,1.10756,1.10816,0,2019-08-22 04:00:00
1566460800,1.10816,1.1113,1.10677,1.10685,0,2019-08-22 08:00:00
1566475200,1.10685,1.10987,1.10635,1.10797,0,2019-08-22 12:00:00
1566489600,1.10798,1.10899,1.10784,1.1085,0,2019-08-22 16:00:00
1566504000,1.1085,1.10873,1.10784,1.1082,0,2019-08-22 20:00:00
1566518400,1.10819,1.10858,1.10721,1.10737,0,2019-08-23 00:00:00
1566532800,1.10737,1.10743,1.10607,1.10691,0,2019-08-23 04:00:00
1566547200,1.10692,1.1074,1.10516,1.10547,0,2019-08-23 08:00:00
1566561600,1.10546,1.11146,1.10526,1.11097,0,2019-08-23 12:00:00
1566576000,1.11097,1.11532,1.11039,1.11453,0,2019-08-23 16:00:00
1566590400,1.11454,1.11503,1.11332,1.1136,0,2019-08-23 20:00:00
1566763200,1.11507,1.11639,1.11393,1.11541,0,2019-08-25 20:00:00
1566777600,1.1154,1.11541,1.11319,1.11394,0,2019-08-26 00:00:00
1566792000,1.11393,1.11529,1.11285,1.11335,0,2019-08-26 04:00:00
1566806400,1.11335,1.11357,1.11095,1.112,0,2019-08-26 08:00:00
1566820800,1.112,1.11242,1.11062,1.11139,0,2019-08-26 12:00:00
1566835200,1.1114,1.11162,1.10947,1.10976,0,2019-08-26 16:00:00
1566849600,1.10976,1.11039,1.10942,1.10999,0,2019-08-26 20:00:00
1566864000,1.10999,1.11071,1.10982,1.11049,0,2019-08-27 00:00:00
1566878400,1.1105,1.11057,1.10978,1.11052,0,2019-08-27 04:00:00
1566892800,1.11052,1.11159,1.11017,1.11068,0,2019-08-27 08:00:00
1566907200,1.11068,1.11097,1.10919,1.11016,0,2019-08-27 12:00:00
1566921600,1.11018,1.11026,1.10855,1.10928,0,2019-08-27 16:00:00
1566936000,1.10928,1.10943,1.10871,1.10917,0,2019-08-27 20:00:00
1566950400,1.10918,1.10929,1.10853,1.10881,0,2019-08-28 00:00:00
1566964800,1.10881,1.10899,1.10842,1.10883,0,2019-08-28 04:00:00
1566979200,1.10883,1.10978,1.10825,1.10929,0,2019-08-28 08:00:00
1566993600,1.10929,1.10931,1.10733,1.10758,0,2019-08-28 12:00:00
1567008000,1.10757,1.10856,1.10742,1.10796,0,2019-08-28 16:00:00
1567022400,1.10795,1.10845,1.10747,1.10841,0,2019-08-28 20:00:00
1567036800,1.10843,1.10874,1.10801,1.10821,0,2019-08-29 00:00:00
1567051200,1.1082,1.10858,1.10807,1.10809,0,2019-08-29 04:00:00
1567065600,1.10808,1.1085,1.107,1.10744,0,2019-08-29 08:00:00
1567080000,1.10745,1.1093,1.10558,1.10672,0,2019-08-29 12:00:00
1567094400,1.10671,1.10672,1.10419,1.1052,0,2019-08-29 16:00:00
1567108800,1.1052,1.1059,1.10515,1.1058,0,2019-08-29 20:00:00
1567123200,1.10581,1.10603,1.10425,1.10433,0,2019-08-30 00:00:00
1567137600,1.10432,1.10516,1.10352,1.10377,0,2019-08-30 04:00:00
1567152000,1.10378,1.10458,1.10332,1.10405,0,2019-08-30 08:00:00
1567166400,1.10406,1.10495,1.10099,1.10124,0,2019-08-30 12:00:00
1567180800,1.10123,1.10134,1.09632,1.09766,0,2019-08-30 16:00:00
1567195200,1.09766,1.09937,1.09766,1.0988,0,2019-08-30 20:00:00
1567368000,1.09893,1.09962,1.09831,1.09919,0,2019-09-01 20:00:00
1567382400,1.09915,1.09944,1.09845,1.09904,0,2019-09-02 00:00:00
1567396800,1.09904,1.09931,1.098,1.09823,0,2019-09-02 04:00:00
1567411200,1.09822,1.09875,1.0958,1.09664,0,2019-09-02 08:00:00
1567425600,1.09665,1.09751,1.09602,1.09693,0,2019-09-02 12:00:00
1567440000,1.09694,1.09753,1.0963,1.09696,0,2019-09-02 16:00:00
1567454400,1.09696,1.09728,1.09621,1.09662,0,2019-09-02 20:00:00
1567468800,1.09661,1.09663,1.09307,1.09313,0,2019-09-03 00:00:00
1567483200,1.09313,1.09494,1.09313,1.09416,0,2019-09-03 04:00:00
1567497600,1.09416,1.09512,1.0926,1.09382,0,2019-09-03 08:00:00
1567512000,1.09382,1.09786,1.09264,1.0959,0,2019-09-03 12:00:00
1567526400,1.0959,1.09753,1.0958,1.09669,0,2019-09-03 16:00:00
1567540800,1.09669,1.09777,1.09649,1.09711,0,2019-09-03 20:00:00
1567555200,1.0971,1.09797,1.09686,1.09749,0,2019-09-04 00:00:00
1567569600,1.0975,1.09855,1.09724,1.09809,0,2019-09-04 04:00:00
1567584000,1.09809,1.10235,1.09762,1.10165,0,2019-09-04 08:00:00
1567598400,1.10166,1.10323,1.10071,1.10287,0,2019-09-04 12:00:00
1567612800,1.10287,1.10383,1.1022,1.10314,0,2019-09-04 16:00:00
1567627200,1.10314,1.10367,1.10268,1.1034,0,2019-09-04 20:00:00
1567641600,1.1034,1.10392,1.10266,1.10311,0,2019-09-05 00:00:00
1567656000,1.10312,1.10313,1.10166,1.10222,0,2019-09-05 04:00:00
1567670400,1.10223,1.10567,1.10186,1.10561,0,2019-09-05 08:00:00
1567684800,1.10562,1.10847,1.10408,1.10427,0,2019-09-05 12:00:00
1567699200,1.10429,1.10513,1.1032,1.10361,0,2019-09-05 16:00:00
1567713600,1.10361,1.10383,1.10331,1.10355,0,2019-09-05 20:00:00
1567728000,1.10355,1.10369,1.10297,1.10336,0,2019-09-06 00:00:00
1567742400,1.10337,1.10464,1.10328,1.10423,0,2019-09-06 04:00:00
1567756800,1.10424,1.10515,1.10241,1.10303,0,2019-09-06 08:00:00
1567771200,1.10302,1.10572,1.10201,1.10478,0,2019-09-06 12:00:00
1567785600,1.10477,1.10503,1.10253,1.10297,0,2019-09-06 16:00:00
1567800000,1.10296,1.10325,1.1024,1.1025,0,2019-09-06 20:00:00
1567972800,1.1026,1.10275,1.10234,1.10246,0,2019-09-08 20:00:00
1567987200,1.10246,1.10287,1.10153,1.10245,0,2019-09-09 00:00:00
1568001600,1.10245,1.10322,1.10225,1.10292,0,2019-09-09 04:00:00
1568016000,1.10291,1.1042,1.10211,1.10255,0,2019-09-09 08:00:00
1568030400,1.10256,1.10635,1.10231,1.10576,0,2019-09-09 12:00:00
1568044800,1.10577,1.1068,1.10512,1.10521,0,2019-09-09 16:00:00
1568059200,1.10521,1.10539,1.10447,1.10485,0,2019-09-09 20:00:00
1568073600,1.10485,1.10496,1.10402,1.10454,0,2019-09-10 00:00:00
1568088000,1.10454,1.10529,1.10415,1.10488,0,2019-09-10 04:00:00
1568102400,1.10488,1.10595,1.10363,1.1039,0,2019-09-10 08:00:00
1568116800,1.10391,1.10457,1.10305,1.10418,0,2019-09-10 12:00:00
1568131200,1.10417,1.10521,1.10363,1.10477,0,2019-09-10 16:00:00
1568145600,1.10476,1.10511,1.10375,1.10489,0,2019-09-10 20:00:00
1568160000,1.10488,1.10551,1.10435,1.1047,0,2019-09-11 00:00:00
1568174400,1.10471,1.10555,1.10414,1.10475,0,2019-09-11 04:00:00
1568188800,1.10475,1.10483,1.10069,1.10075,0,2019-09-11 08:00:00
1568203200,1.10076,1.10112,1.09851,1.09974,0,2019-09-11 12:00:00
1568217600,1.09972,1.10121,1.09902,1.10069,0,2019-09-11 16:00:00
1568232000,1.10069,1.10139,1.10066,1.10102,0,2019-09-11 20:00:00
1568246400,1.10101,1.10151,1.10079,1.10096,0,2019-09-12 00:00:00
1568260800,1.10096,1.1015,1.10055,1.10141,0,2019-09-12 04:00:00
1568275200,1.10141,1.10323,1.10116,1.10238,0,2019-09-12 08:00:00
1568289600,1.10239,1.10691,1.09268,1.10295,0,2019-09-12 12:00:00
1568304000,1.10295,1.10871,1.10261,1.10738,0,2019-09-12 16:00:00
1568318400,1.10738,1.10739,1.10579,1.10579,0,2019-09-12 20:00:00
1568332800,1.1058,1.10663,1.10554,1.10656,0,2019-09-13 00:00:00
1568347200,1.10656,1.10966,1.10655,1.10957,0,2019-09-13 04:00:00
1568361600,1.10957,1.11094,1.10773,1.10914,0,2019-09-13 08:00:00
1568376000,1.10915,1.11066,1.10609,1.10802,0,2019-09-13 12:00:00
1568390400,1.10805,1.10853,1.10666,1.1067,0,2019-09-13 16:00:00
1568404800,1.1067,1.10792,1.1067,1.10707,0,2019-09-13 20:00:00
1568577600,1.10732,1.10801,1.10695,1.10791,0,2019-09-15 20:00:00
1568592000,1.10792,1.10863,1.1073,1.10747,0,2019-09-16 00:00:00
1568606400,1.10748,1.10769,1.10669,1.10711,0,2019-09-16 04:00:00
1568620800,1.10711,1.10822,1.10384,1.10384,0,2019-09-16 08:00:00
1568635200,1.10385,1.10431,1.09936,1.09972,0,2019-09-16 12:00:00
1568649600,1.09974,1.10102,1.09932,1.10062,0,2019-09-16 16:00:00
1568664000,1.10061,1.10112,1.09967,1.10047,0,2019-09-16 20:00:00
1568678400,1.10048,1.10135,1.10009,1.1012,0,2019-09-17 00:00:00
1568692800,1.10119,1.10137,1.09901,1.09958,0,2019-09-17 04:00:00
1568707200,1.09958,1.1025,1.09957,1.10245,0,2019-09-17 08:00:00
1568721600,1.10244,1.10505,1.10161,1.10474,0,2019-09-17 12:00:00
1568736000,1.10476,1.10734,1.10475,1.10658,0,2019-09-17 16:00:00
1568750400,1.10659,1.10744,1.10648,1.1071,0,2019-09-17 20:00:00
1568764800,1.10709,1.10755,1.10652,1.10666,0,2019-09-18 00:00:00
1568779200,1.10665,1.10685,1.10565,1.10575,0,2019-09-18 04:00:00
1568793600,1.10576,1.10684,1.10366,1.10436,0,2019-09-18 08:00:00
1568808000,1.10437,1.10657,1.10401,1.10606,0,2019-09-18 12:00:00
1568822400,1.10606,1.10682,1.10136,1.10328,0,2019-09-18 16:00:00
1568836800,1.10329,1.10472,1.10164,1.1031,0,2019-09-18 20:00:00
1568851200,1.10311,1.10358,1.10229,1.10327,0,2019-09-19 00:00:00
1568865600,1.10327,1.1049,1.10321,1.1045,0,2019-09-19 04:00:00
1568880000,1.1045,1.10684,1.10348,1.10654,0,2019-09-19 08:00:00
1568894400,1.10654,1.10735,1.10499,1.10552,0,2019-09-19 12:00:00
1568908800,1.10553,1.10619,1.10385,1.1054,0,2019-09-19 16:00:00
1568923200,1.1054,1.1054,1.10395,1.10447,0,2019-09-19 20:00:00
1568937600,1.10446,1.10596,1.10437,1.10589,0,2019-09-20 00:00:00
1568952000,1.10589,1.10644,1.1054,1.10602,0,2019-09-20 04:00:00
1568966400,1.10602,1.10676,1.10401,1.1043,0,2019-09-20 08:00:00
1568980800,1.10432,1.10432,1.10046,1.1011,0,2019-09-20 12:00:00
1568995200,1.10109,1.10196,1.09961,1.10149,0,2019-09-20 16:00:00
1569009600,1.10149,1.10217,1.10126,1.10169,0,2019-09-20 20:00:00
1569182400,1.10136,1.1019,1.10106,1.10176,0,2019-09-22 20:00:00
1569196800,1.10176,1.10252,1.10158,1.10229,0,2019-09-23 00:00:00
1569211200,1.10229,1.10253,1.10133,1.10149,0,2019-09-23 04:00:00
1569225600,1.10149,1.10174,1.09661,1.09841,0,2019-09-23 08:00:00
1569240000,1.09842,1.09993,1.0976,1.09947,0,2019-09-23 12:00:00
1569254400,1.09948,1.09997,1.09837,1.09959,0,2019-09-23 16:00:00
1569268800,1.09958,1.0998,1.09915,1.09954,0,2019-09-23 20:00:00
1569283200,1.09953,1.09957,1.09864,1.0991,0,2019-09-24 00:00:00
1569297600,1.0991,1.09935,1.09837,1.09905,0,2019-09-24 04:00:00
1569312000,1.09905,1.1,1.09856,1.09876,0,2019-09-24 08:00:00
1569326400,1.09876,1.10147,1.09869,1.09983,0,2019-09-24 12:00:00
1569340800,1.09982,1.10199,1.09954,1.10173,0,2019-09-24 16:00:00
1569355200,1.10177,1.1024,1.1014,1.10189,0,2019-09-24 20:00:00
1569369600,1.10188,1.10194,1.09981,1.10021,0,2019-09-25 00:00:00
1569384000,1.1002,1.10034,1.09939,1.10012,0,2019-09-25 04:00:00
1569398400,1.10012,1.1005,1.09889,1.09939,0,2019-09-25 08:00:00
1569412800,1.09938,1.09943,1.09534,1.09599,0,2019-09-25 12:00:00
1569427200,1.09598,1.09601,1.09374,1.0941,0,2019-09-25 16:00:00
1569441600,1.0941,1.09497,1.09404,1.09491,0,2019-09-25 20:00:00
1569456000,1.09492,1.09607,1.09486,1.09591,0,2019-09-26 00:00:00
1569470400,1.09591,1.0965,1.09498,1.0954,0,2019-09-26 04:00:00
1569484800,1.0954,1.09548,1.09225,1.09301,0,2019-09-26 08:00:00
1569499200,1.093,1.09672,1.0925,1.09421,0,2019-09-26 12:00:00
1569513600,1.09421,1.0946,1.09219,1.09278,0,2019-09-26 16:00:00
1569528000,1.09279,1.0929,1.09087,1.092,0,2019-09-26 20:00:00
1569542400,1.09204,1.09231,1.09046,1.09196,0,2019-09-27 00:00:00
1569556800,1.09197,1.09256,1.09067,1.09162,0,2019-09-27 04:00:00
1569571200,1.09162,1.09394,1.09076,1.09388,0,2019-09-27 08:00:00
1569585600,1.09387,1.09493,1.09265,1.0948,0,2019-09-27 12:00:00
1569600000,1.0948,1.09586,1.09359,1.09398,0,2019-09-27 16:00:00
1569614400,1.09399,1.09439,1.09367,1.09367,0,2019-09-27 20:00:00
1569787200,1.09419,1.09461,1.09391,1.09445,0,2019-09-29 20:00:00
1569801600,1.09444,1.09446,1.093,1.09306,0,2019-09-30 00:00:00
1569816000,1.09307,1.09446,1.09307,1.09444,0,2019-09-30 04:00:00
1569830400,1.09445,1.09478,1.09192,1.09217,0,2019-09-30 08:00:00
1569844800,1.09216,1.09233,1.08847,1.09013,0,2019-09-30 12:00:00
1569859200,1.09013,1.09123,1.08933,1.09019,0,2019-09-30 16:00:00
1569873600,1.09018,1.09038,1.08967,1.08982,0,2019-09-30 20:00:00
1569888000,1.08983,1.09008,1.08856,1.08861,0,2019-10-01 00:00:00
1569902400,1.08863,1.0894,1.0879,1.08804,0,2019-10-01 04:00:00
1569916800,1.08803,1.09056,1.08803,1.09004,0,2019-10-01 08:00:00
1569931200,1.09004,1.09213,1.08845,1.09158,0,2019-10-01 12:00:00
1569945600,1.09158,1.09428,1.09153,1.09356,0,2019-10-01 16:00:00
1569960000,1.09356,1.09385,1.09277,1.09312,0,2019-10-01 20:00:00
1569974400,1.09312,1.09413,1.09297,1.09369,0,2019-10-02 00:00:00
1569988800,1.0937,1.09379,1.09234,1.0924,0,2019-10-02 04:00:00
1570003200,1.09239,1.09265,1.0904,1.09205,0,2019-10-02 08:00:00
1570017600,1.09206,1.09523,1.09155,1.09449,0,2019-10-02 12:00:00
1570032000,1.09449,1.09636,1.0944,1.09589,0,2019-10-02 16:00:00
1570046400,1.09591,1.09635,1.09572,1.09592,0,2019-10-02 20:00:00
1570060800,1.09595,1.09649,1.09556,1.09579,0,2019-10-03 00:00:00
1570075200,1.09579,1.09599,1.09413,1.09419,0,2019-10-03 04:00:00
1570089600,1.09418,1.09737,1.09408,1.09565,0,2019-10-03 08:00:00
1570104000,1.09563,1.09992,1.09479,1.09835,0,2019-10-03 12:00:00
1570118400,1.09837,1.09948,1.0973,1.09734,0,2019-10-03 16:00:00
1570132800,1.09732,1.09747,1.09625,1.09719,0,2019-10-03 20:00:00
1570147200,1.09719,1.09838,1.09715,1.098,0,2019-10-04 00:00:00
1570161600,1.098,1.098,1.09653,1.09658,0,2019-10-04 04:00:00
1570176000,1.09658,1.09898,1.09642,1.09889,0,2019-10-04 08:00:00
1570190400,1.09888,1.0999,1.0957,1.09789,0,2019-10-04 12:00:00
1570204800,1.09791,1.09869,1.09716,1.09838,0,2019-10-04 16:00:00
1570219200,1.09839,1.09841,1.09755,1.0976,0,2019-10-04 20:00:00
1570392000,1.09803,1.09836,1.09728,1.09812,0,2019-10-06 20:00:00
1570406400,1.09812,1.09899,1.09806,1.09841,0,2019-10-07 00:00:00
1570420800,1.09841,1.09846,1.09748,1.09794,0,2019-10-07 04:00:00
1570435200,1.09792,1.09838,1.09619,1.09783,0,2019-10-07 08:00:00
1570449600,1.09782,1.10004,1.09761,1.09945,0,2019-10-07 12:00:00
1570464000,1.09944,1.09993,1.0969,1.09736,0,2019-10-07 16:00:00
1570478400,1.09735,1.09766,1.09682,1.09717,0,2019-10-07 20:00:00
1570492800,1.09717,1.09783,1.09648,1.09759,0,2019-10-08 00:00:00
1570507200,1.09761,1.09851,1.0973,1.09831,0,2019-10-08 04:00:00
1570521600,1.0983,1.09958,1.09763,1.09869,0,2019-10-08 08:00:00
1570536000,1.0987,1.09926,1.09531,1.09549,0,2019-10-08 12:00:00
1570550400,1.09548,1.09622,1.09409,1.09546,0,2019-10-08 16:00:00
1570564800,1.09545,1.09592,1.09504,1.09582,0,2019-10-08 20:00:00
1570579200,1.09582,1.09656,1.09548,1.09651,0,2019-10-09 00:00:00
1570593600,1.09651,1.09652,1.09557,1.09621,0,2019-10-09 04:00:00
1570608000,1.09622,1.099,1.09608,1.09812,0,2019-10-09 08:00:00
1570622400,1.09811,1.09837,1.09715,1.09794,0,2019-10-09 12:00:00
1570636800,1.09796,1.09832,1.09701,1.09737,0,2019-10-09 16:00:00
1570651200,1.09736,1.09855,1.09678,1.09843,0,2019-10-09 20:00:00
1570665600,1.09844,1.09932,1.09797,1.09903,0,2019-10-10 00:00:00
1570680000,1.099,1.10095,1.09831,1.10062,0,2019-10-10 04:00:00
1570694400,1.10064,1.10336,1.10044,1.10259,0,2019-10-10 08:00:00
1570708800,1.10259,1.10337,1.10117,1.10127,0,2019-10-10 12:00:00
1570723200,1.10128,1.10235,1.1002,1.1007,0,2019-10-10 16:00:00
1570737600,1.10067,1.10094,1.10028,1.1007,0,2019-10-10 20:00:00
1570752000,1.1007,1.10178,1.10046,1.10171,0,2019-10-11 00:00:00
1570766400,1.10172,1.10227,1.10119,1.10178,0,2019-10-11 04:00:00
1570780800,1.10179,1.10399,1.10007,1.1035,0,2019-10-11 08:00:00
1570795200,1.1035,1.10626,1.10255,1.10347,0,2019-10-11 12:00:00
1570809600,1.10347,1.10538,1.10308,1.10428,0,2019-10-11 16:00:00
1570824000,1.10426,1.10482,1.10326,1.10329,0,2019-10-11 20:00:00
1570996800,1.10316,1.10385,1.10291,1.10297,0,2019-10-13 20:00:00
1571011200,1.103,1.10318,1.10241,1.10279,0,2019-10-14 00:00:00
1571025600,1.10279,1.10353,1.10128,1.10185,0,2019-10-14 04:00:00
1571040000,1.10183,1.10426,1.10137,1.10309,0,2019-10-14 08:00:00
1571054400,1.10311,1.10319,1.10196,1.10247,0,2019-10-14 12:00:00
1571068800,1.10246,1.10325,1.10176,1.10303,0,2019-10-14 16:00:00
1571083200,1.10305,1.10315,1.10226,1.10276,0,2019-10-14 20:00:00
1571097600,1.10275,1.10323,1.10214,1.10264,0,2019-10-15 00:00:00
1571112000,1.10265,1.10459,1.10254,1.10393,0,2019-10-15 04:00:00
1571126400,1.10392,1.10392,1.10065,1.10159,0,2019-10-15 08:00:00
1571140800,1.10159,1.10445,1.09912,1.10344,0,2019-10-15 12:00:00
1571155200,1.10347,1.1044,1.10153,1.10358,0,2019-10-15 16:00:00
1571169600,1.10357,1.10381,1.10266,1.10332,0,2019-10-15 20:00:00
1571184000,1.10334,1.10351,1.10238,1.10287,0,2019-10-16 00:00:00
1571198400,1.10288,1.10599,1.10281,1.10463,0,2019-10-16 04:00:00
1571212800,1.10463,1.10534,1.10223,1.10252,0,2019-10-16 08:00:00
1571227200,1.10251,1.1056,1.10229,1.10518,0,2019-10-16 12:00:00
1571241600,1.10518,1.10855,1.10446,1.1073,0,2019-10-16 16:00:00
1571256000,1.1073,1.10767,1.10709,1.10747,0,2019-10-16 20:00:00
1571270400,1.10747,1.10846,1.10729,1.10767,0,2019-10-17 00:00:00
1571284800,1.10767,1.10785,1.10668,1.1067,0,2019-10-17 04:00:00
1571299200,1.1067,1.11398,1.1065,1.11128,0,2019-10-17 08:00:00
1571313600,1.1113,1.11302,1.11014,1.11153,0,2019-10-17 12:00:00
1571328000,1.11152,1.11322,1.11108,1.11238,0,2019-10-17 16:00:00
1571342400,1.11236,1.11283,1.11203,1.1125,0,2019-10-17 20:00:00
1571356800,1.11251,1.11308,1.11212,1.1123,0,2019-10-18 00:00:00
1571371200,1.1123,1.11278,1.11145,1.11167,0,2019-10-18 04:00:00
1571385600,1.11166,1.1135,1.11149,1.11319,0,2019-10-18 08:00:00
1571400000,1.11319,1.11525,1.11297,1.11384,0,2019-10-18 12:00:00
1571414400,1.11382,1.11629,1.11351,1.11613,0,2019-10-18 16:00:00
1571428800,1.11611,1.11719,1.11596,1.11703,0,2019-10-18 20:00:00
1571601600,1.11607,1.11634,1.11494,1.11573,0,2019-10-20 20:00:00
1571616000,1.11572,1.11633,1.11513,1.11565,0,2019-10-21 00:00:00
1571630400,1.11565,1.11609,1.11523,1.11573,0,2019-10-21 04:00:00
1571644800,1.11571,1.11793,1.11495,1.11626,0,2019-10-21 08:00:00
1571659200,1.11626,1.11737,1.11446,1.11457,0,2019-10-21 12:00:00
1571673600,1.11458,1.11566,1.11386,1.11462,0,2019-10-21 16:00:00
1571688000,1.11461,1.11537,1.11448,1.11494,0,2019-10-21 20:00:00
1571702400,1.11495,1.11568,1.11474,1.11516,0,2019-10-22 00:00:00
1571716800,1.11516,1.11567,1.11483,1.11485,0,2019-10-22 04:00:00
1571731200,1.11485,1.11506,1.11333,1.11423,0,2019-10-22 08:00:00
1571745600,1.11424,1.11429,1.11229,1.11313,0,2019-10-22 12:00:00
1571760000,1.11314,1.1154,1.11203,1.11236,0,2019-10-22 16:00:00
1571774400,1.11234,1.11358,1.11176,1.11307,0,2019-10-22 20:00:00
1571788800,1.11307,1.11308,1.11198,1.112,0,2019-10-23 00:00:00
1571803200,1.112,1.11286,1.11158,1.11197,0,2019-10-23 04:00:00
1571817600,1.11195,1.11277,1.11061,1.11071,0,2019-10-23 08:00:00
1571832000,1.11071,1.11251,1.11071,1.11147,0,2019-10-23 12:00:00
1571846400,1.11147,1.11289,1.11137,1.11283,0,2019-10-23 16:00:00
1571860800,1.11283,1.11405,1.11275,1.11322,0,2019-10-23 20:00:00
1571875200,1.11322,1.11417,1.1129,1.11374,0,2019-10-24 00:00:00
1571889600,1.11374,1.11379,1.11303,1.1135,0,2019-10-24 04:00:00
1571904000,1.11351,1.11627,1.11221,1.11283,0,2019-10-24 08:00:00
1571918400,1.11284,1.11537,1.11019,1.11054,0,2019-10-24 12:00:00
1571932800,1.11053,1.11109,1.1093,1.11084,0,2019-10-24 16:00:00
1571947200,1.11084,1.11091,1.10994,1.11034,0,2019-10-24 20:00:00
1571961600,1.11035,1.11052,1.11006,1.11036,0,2019-10-25 00:00:00
1571976000,1.11037,1.11098,1.1101,1.11096,0,2019-10-25 04:00:00
1571990400,1.11095,1.11229,1.11047,1.1114,0,2019-10-25 08:00:00
1572004800,1.11139,1.11147,1.10869,1.10909,0,2019-10-25 12:00:00
1572019200,1.10908,1.10918,1.10729,1.10799,0,2019-10-25 16:00:00
1572033600,1.108,1.10825,1.10773,1.1079,0,2019-10-25 20:00:00
1572206400,1.108,1.1084,1.10774,1.10839,0,2019-10-27 20:00:00
1572220800,1.10839,1.10844,1.1076,1.10815,0,2019-10-28 00:00:00
1572235200,1.10815,1.1092,1.10809,1.109,0,2019-10-28 04:00:00
1572249600,1.10899,1.11065,1.10883,1.10966,0,2019-10-28 08:00:00
1572264000,1.10968,1.11019,1.10842,1.10932,0,2019-10-28 12:00:00
1572278400,1.10933,1.11032,1.10919,1.11028,0,2019-10-28 16:00:00
1572292800,1.11027,1.11031,1.10976,1.10982,0,2019-10-28 20:00:00
1572307200,1.10982,1.11025,1.10913,1.10962,0,2019-10-29 00:00:00
1572321600,1.10962,1.10967,1.10835,1.10843,0,2019-10-29 04:00:00
1572336000,1.10844,1.10911,1.10735,1.10816,0,2019-10-29 08:00:00
1572350400,1.10817,1.11175,1.10806,1.11165,0,2019-10-29 12:00:00
1572364800,1.11164,1.11183,1.11049,1.11111,0,2019-10-29 16:00:00
1572379200,1.1111,1.11142,1.11094,1.1112,0,2019-10-29 20:00:00
1572393600,1.11119,1.11123,1.11063,1.11086,0,2019-10-30 00:00:00
1572408000,1.11086,1.11234,1.11075,1.11216,0,2019-10-30 04:00:00
1572422400,1.11215,1.1127,1.11069,1.11139,0,2019-10-30 08:00:00
1572436800,1.11141,1.11234,1.11021,1.1123,0,2019-10-30 12:00:00
1572451200,1.1123,1.1151,1.10801,1.11439,0,2019-10-30 16:00:00
1572465600,1.11438,1.11554,1.1142,1.11521,0,2019-10-30 20:00:00
1572480000,1.11521,1.11698,1.11521,1.11687,0,2019-10-31 00:00:00
1572494400,1.11686,1.11704,1.11573,1.11631,0,2019-10-31 04:00:00
1572508800,1.11631,1.11755,1.11442,1.11513,0,2019-10-31 08:00:00
1572523200,1.11513,1.1164,1.11314,1.11558,0,2019-10-31 12:00:00
1572537600,1.11556,1.11583,1.11404,1.11529,0,2019-10-31 16:00:00
1572552000,1.1153,1.11566,1.11489,1.11561,0,2019-10-31 20:00:00
1572566400,1.11559,1.11666,1.11486,1.11641,0,2019-11-01 00:00:00
1572580800,1.11642,1.11667,1.11553,1.11635,0,2019-11-01 04:00:00
1572595200,1.11636,1.11688,1.11397,1.11554,0,2019-11-01 08:00:00
1572609600,1.11554,1.11718,1.11281,1.11685,0,2019-11-01 12:00:00
1572624000,1.11685,1.11709,1.11587,1.11693,0,2019-11-01 16:00:00
1572638400,1.11692,1.11693,1.11605,1.11641,0,2019-11-01 20:00:00
1572811200,1.11684,1.11696,1.11639,1.11661,0,2019-11-03 20:00:00
1572825600,1.1166,1.11737,1.11596,1.11693,0,2019-11-04 00:00:00
1572840000,1.11692,1.11753,1.11652,1.11731,0,2019-11-04 04:00:00
1572854400,1.11732,1.11732,1.11492,1.11647,0,2019-11-04 08:00:00
1572868800,1.11647,1.11702,1.1147,1.11547,0,2019-11-04 12:00:00
1572883200,1.11547,1.11567,1.11253,1.11273,0,2019-11-04 16:00:00
1572897600,1.11273,1.11306,1.11218,1.11279,0,2019-11-04 20:00:00
1572912000,1.11279,1.11312,1.11126,1.11234,0,2019-11-05 00:00:00
1572926400,1.11232,1.11385,1.11209,1.11347,0,2019-11-05 04:00:00
1572940800,1.11348,1.11401,1.11141,1.11171,0,2019-11-05 08:00:00
1572955200,1.11172,1.11173,1.10662,1.10721,0,2019-11-05 12:00:00
1572969600,1.10722,1.10757,1.10635,1.10646,0,2019-11-05 16:00:00
1572984000,1.10643,1.10754,1.10641,1.10738,0,2019-11-05 20:00:00
1572998400,1.10739,1.10799,1.10666,1.10761,0,2019-11-06 00:00:00
1573012800,1.1076,1.10804,1.10697,1.10793,0,2019-11-06 04:00:00
1573027200,1.10793,1.10928,1.10759,1.10819,0,2019-11-06 08:00:00
1573041600,1.1082,1.10919,1.10729,1.10738,0,2019-11-06 12:00:00
1573056000,1.10738,1.10793,1.10651,1.10675,0,2019-11-06 16:00:00
1573070400,1.10674,1.10733,1.10652,1.107,0,2019-11-06 20:00:00
1573084800,1.10699,1.10707,1.10548,1.10587,0,2019-11-07 00:00:00
1573099200,1.10586,1.10808,1.10578,1.1076,0,2019-11-07 04:00:00
1573113600,1.10761,1.10914,1.10701,1.10794,0,2019-11-07 08:00:00
1573128000,1.10793,1.10833,1.10363,1.10466,0,2019-11-07 12:00:00
1573142400,1.10465,1.10537,1.1036,1.1047,0,2019-11-07 16:00:00
1573156800,1.10469,1.10528,1.10435,1.10523,0,2019-11-07 20:00:00
1573171200,1.10524,1.10544,1.10457,1.10522,0,2019-11-08 00:00:00
1573185600,1.10521,1.10534,1.1045,1.10482,0,2019-11-08 04:00:00
1573200000,1.10483,1.10554,1.1026,1.10289,0,2019-11-08 08:00:00
1573214400,1.10289,1.10376,1.10196,1.10216,0,2019-11-08 12:00:00
1573228800,1.10219,1.10244,1.10167,1.10236,0,2019-11-08 16:00:00
1573243200,1.10236,1.10237,1.10176,1.10176,0,2019-11-08 20:00:00
1573416000,1.1023,1.10231,1.10191,1.10218,0,2019-11-10 20:00:00
1573430400,1.10217,1.10239,1.10163,1.10227,0,2019-11-11 00:00:00
1573444800,1.10228,1.10298,1.10216,1.10298,0,2019-11-11 04:00:00
1573459200,1.10298,1.10355,1.10208,1.10263,0,2019-11-11 08:00:00
1573473600,1.10264,1.1043,1.10257,1.10347,0,2019-11-11 12:00:00
1573488000,1.10347,1.10414,1.10333,1.10335,0,2019-11-11 16:00:00
1573502400,1.10337,1.10354,1.10311,1.10347,0,2019-11-11 20:00:00
1573516800,1.10347,1.10378,1.10263,1.1032,0,2019-11-12 00:00:00
1573531200,1.10321,1.10385,1.1027,1.1028,0,2019-11-12 04:00:00
1573545600,1.10281,1.10367,1.10127,1.10176,0,2019-11-12 08:00:00
1573560000,1.10177,1.10227,1.10025,1.10122,0,2019-11-12 12:00:00
1573574400,1.10123,1.10197,1.10051,1.10116,0,2019-11-12 16:00:00
1573588800,1.10116,1.10139,1.10068,1.1012,0,2019-11-12 20:00:00
1573603200,1.1012,1.10155,1.10081,1.10123,0,2019-11-13 00:00:00
1573617600,1.10123,1.10168,1.10066,1.10066,0,2019-11-13 04:00:00
1573632000,1.10066,1.10203,1.0999,1.1009,0,2019-11-13 08:00:00
1573646400,1.1009,1.10156,1.09997,1.10101,0,2019-11-13 12:00:00
1573660800,1.10101,1.10114,1.09953,1.10015,0,2019-11-13 16:00:00
1573675200,1.10015,1.101,1.09998,1.10096,0,2019-11-13 20:00:00
1573689600,1.10096,1.10109,1.09997,1.10034,0,2019-11-14 00:00:00
1573704000,1.10034,1.10108,1.0994,1.10106,0,2019-11-14 04:00:00
1573718400,1.10106,1.10157,1.0989,1.09904,0,2019-11-14 08:00:00
1573732800,1.09905,1.10053,1.09898,1.10012,0,2019-11-14 12:00:00
1573747200,1.10012,1.10274,1.09999,1.10215,0,2019-11-14 16:00:00
1573761600,1.10215,1.10235,1.10177,1.10197,0,2019-11-14 20:00:00
1573776000,1.10198,1.10297,1.10196,1.10261,0,2019-11-15 00:00:00
1573790400,1.1026,1.10263,1.1016,1.10176,0,2019-11-15 04:00:00
1573804800,1.10176,1.10342,1.10145,1.1032,0,2019-11-15 08:00:00
1573819200,1.1032,1.10548,1.10273,1.10507,0,2019-11-15 12:00:00
1573833600,1.10507,1.10569,1.10432,1.10531,0,2019-11-15 16:00:00
1573848000,1.1053,1.10549,1.10494,1.10494,0,2019-11-15 20:00:00
1574020800,1.10489,1.10545,1.10487,1.10539,0,2019-11-17 20:00:00
1574035200,1.1054,1.10641,1.10533,1.10637,0,2019-11-18 00:00:00
1574049600,1.10639,1.10677,1.10561,1.10565,0,2019-11-18 04:00:00
1574064000,1.10564,1.10676,1.10546,1.10609,0,2019-11-18 08:00:00
1574078400,1.10608,1.10816,1.10539,1.10807,0,2019-11-18 12:00:00
1574092800,1.10806,1.10899,1.1074,1.10753,0,2019-11-18 16:00:00
1574107200,1.10752,1.1077,1.10699,1.10722,0,2019-11-18 20:00:00
1574121600,1.10721,1.10752,1.10626,1.10744,0,2019-11-19 00:00:00
1574136000,1.10744,1.10815,1.10679,1.10681,0,2019-11-19 04:00:00
1574150400,1.10681,1.10775,1.10643,1.10775,0,2019-11-19 08:00:00
1574164800,1.10774,1.10839,1.10719,1.10805,0,2019-11-19 12:00:00
1574179200,1.10804,1.10829,1.10738,1.10784,0,2019-11-19 16:00:00
1574193600,1.10782,1.10804,1.10759,1.10779,0,2019-11-19 20:00:00
1574208000,1.10781,1.10796,1.107,1.1074,0,2019-11-20 00:00:00
1574222400,1.10741,1.10752,1.10661,1.10687,0,2019-11-20 04:00:00
1574236800,1.10687,1.10688,1.10557,1.10566,0,2019-11-20 08:00:00
1574251200,1.10565,1.10813,1.1053,1.10655,0,2019-11-20 12:00:00
1574265600,1.10656,1.10728,1.10608,1.10699,0,2019-11-20 16:00:00
1574280000,1.10698,1.10792,1.10693,1.10779,0,2019-11-20 20:00:00
1574294400,1.10779,1.10794,1.10747,1.10753,0,2019-11-21 00:00:00
1574308800,1.10752,1.10777,1.10706,1.10727,0,2019-11-21 04:00:00
1574323200,1.10727,1.10889,1.10727,1.10852,0,2019-11-21 08:00:00
1574337600,1.10853,1.10969,1.10631,1.10759,0,2019-11-21 12:00:00
1574352000,1.10761,1.10776,1.10522,1.10586,0,2019-11-21 16:00:00
1574366400,1.10587,1.10657,1.10547,1.10656,0,2019-11-21 20:00:00
1574380800,1.10657,1.10658,1.10614,1.10635,0,2019-11-22 00:00:00
1574395200,1.10634,1.10724,1.10626,1.1065,0,2019-11-22 04:00:00
1574409600,1.10651,1.10872,1.10471,1.10647,0,2019-11-22 08:00:00
1574424000,1.10647,1.10676,1.1031,1.10342,0,2019-11-22 12:00:00
1574438400,1.10341,1.1035,1.10143,1.10201,0,2019-11-22 16:00:00
1574452800,1.10201,1.1023,1.10157,1.10179,0,2019-11-22 20:00:00
1574625600,1.1017,1.10225,1.10162,1.10225,0,2019-11-24 20:00:00
1574640000,1.10225,1.10261,1.10185,1.10196,0,2019-11-25 00:00:00
1574654400,1.10195,1.10316,1.10195,1.10298,0,2019-11-25 04:00:00
1574668800,1.10299,1.10321,1.10103,1.10151,0,2019-11-25 08:00:00
1574683200,1.10153,1.10248,1.10035,1.10114,0,2019-11-25 12:00:00
1574697600,1.10115,1.10142,1.10044,1.10091,0,2019-11-25 16:00:00
1574712000,1.10091,1.10157,1.10085,1.10104,0,2019-11-25 20:00:00
1574726400,1.10105,1.10166,1.10073,1.10136,0,2019-11-26 00:00:00
1574740800,1.10137,1.10169,1.10114,1.10155,0,2019-11-26 04:00:00
1574755200,1.10154,1.10208,1.10111,1.10172,0,2019-11-26 08:00:00
1574769600,1.10171,1.10248,1.10071,1.10121,0,2019-11-26 12:00:00
1574784000,1.10122,1.10228,1.10113,1.10219,0,2019-11-26 16:00:00
1574798400,1.10221,1.10256,1.10186,1.1022,0,2019-11-26 20:00:00
1574812800,1.1022,1.10222,1.10134,1.10146,0,2019-11-27 00:00:00
1574827200,1.10144,1.10144,1.10075,1.10078,0,2019-11-27 04:00:00
1574841600,1.10077,1.10112,1.10027,1.10086,0,2019-11-27 08:00:00
1574856000,1.10086,1.10134,1.09922,1.09986,0,2019-11-27 12:00:00
1574870400,1.09987,1.10072,1.0993,1.10045,0,2019-11-27 16:00:00
1574884800,1.10045,1.10108,1.09977,1.10048,0,2019-11-27 20:00:00
1574899200,1.10049,1.1008,1.10032,1.10052,0,2019-11-28 00:00:00
1574913600,1.10052,1.10125,1.1004,1.10114,0,2019-11-28 04:00:00
1574928000,1.10115,1.10179,1.10016,1.10022,0,2019-11-28 08:00:00
1574942400,1.10023,1.10092,1.10003,1.10062,0,2019-11-28 12:00:00
1574956800,1.10061,1.10101,1.10045,1.1009,0,2019-11-28 16:00:00
1574971200,1.10091,1.10124,1.10059,1.10113,0,2019-11-28 20:00:00
1574985600,1.10113,1.10127,1.10081,1.10105,0,2019-11-29 00:00:00
1575000000,1.10106,1.10135,1.10066,1.10112,0,2019-11-29 04:00:00
1575014400,1.10112,1.10122,1.09936,1.09962,0,2019-11-29 08:00:00
1575028800,1.09964,1.10282,1.09811,1.10275,0,2019-11-29 12:00:00
1575043200,1.10276,1.10281,1.10145,1.10174,0,2019-11-29 16:00:00
1575057600,1.10174,1.10225,1.10149,1.1015,0,2019-11-29 20:00:00
1575230400,1.10229,1.10269,1.1017,1.10182,0,2019-12-01 20:00:00
1575244800,1.10182,1.10213,1.10151,1.10178,0,2019-12-02 00:00:00
1575259200,1.10178,1.10227,1.1016,1.10172,0,2019-12-02 04:00:00
1575273600,1.10172,1.10212,1.10076,1.10085,0,2019-12-02 08:00:00
1575288000,1.10082,1.10766,1.10029,1.10707,0,2019-12-02 12:00:00
1575302400,1.10707,1.10907,1.10701,1.10784,0,2019-12-02 16:00:00
1575316800,1.10783,1.1085,1.10748,1.10761,0,2019-12-02 20:00:00
1575331200,1.1076,1.1078,1.10713,1.1076,0,2019-12-03 00:00:00
1575345600,1.1076,1.10825,1.10715,1.10765,0,2019-12-03 04:00:00
1575360000,1.10765,1.10868,1.1066,1.10749,0,2019-12-03 08:00:00
1575374400,1.1075,1.10879,1.1069,1.10821,0,2019-12-03 12:00:00
1575388800,1.10822,1.10934,1.1078,1.10811,0,2019-12-03 16:00:00
1575403200,1.10811,1.10833,1.10791,1.10818,0,2019-12-03 20:00:00
1575417600,1.10819,1.10843,1.10767,1.10792,0,2019-12-04 00:00:00
1575432000,1.10791,1.10793,1.10732,1.10777,0,2019-12-04 04:00:00
1575446400,1.10778,1.10877,1.10666,1.10687,0,2019-12-04 08:00:00
1575460800,1.1069,1.11161,1.1069,1.10879,0,2019-12-04 12:00:00
1575475200,1.1088,1.10912,1.10672,1.10744,0,2019-12-04 16:00:00
1575489600,1.10745,1.10832,1.10728,1.10827,0,2019-12-04 20:00:00
1575504000,1.10824,1.10869,1.10799,1.10852,0,2019-12-05 00:00:00
1575518400,1.10851,1.10853,1.10798,1.10798,0,2019-12-05 04:00:00
1575532800,1.10798,1.1097,1.10793,1.10905,0,2019-12-05 08:00:00
1575547200,1.10904,1.11044,1.10888,1.10927,0,2019-12-05 12:00:00
1575561600,1.10927,1.11078,1.10912,1.11002,0,2019-12-05 16:00:00
1575576000,1.11002,1.1108,1.10961,1.11038,0,2019-12-05 20:00:00
1575590400,1.11039,1.11089,1.11029,1.11075,0,2019-12-06 00:00:00
1575604800,1.11075,1.11079,1.11014,1.11069,0,2019-12-06 04:00:00
1575619200,1.11069,1.11097,1.10908,1.10934,0,2019-12-06 08:00:00
1575633600,1.10934,1.10981,1.10398,1.10503,0,2019-12-06 12:00:00
1575648000,1.10502,1.10571,1.10459,1.10559,0,2019-12-06 16:00:00
1575662400,1.1056,1.10614,1.10538,1.10543,0,2019-12-06 20:00:00
1575835200,1.1058,1.10604,1.10562,1.10582,0,2019-12-08 20:00:00
1575849600,1.10581,1.10597,1.10533,1.10545,0,2019-12-09 00:00:00
1575864000,1.10545,1.10657,1.10543,1.10655,0,2019-12-09 04:00:00
1575878400,1.10654,1.10746,1.1061,1.10732,0,2019-12-09 08:00:00
1575892800,1.10732,1.10779,1.10654,1.10689,0,2019-12-09 12:00:00
1575907200,1.1069,1.10747,1.10551,1.1064,0,2019-12-09 16:00:00
1575921600,1.10639,1.10661,1.10619,1.10643,0,2019-12-09 20:00:00
1575936000,1.10642,1.10708,1.10628,1.10674,0,2019-12-10 00:00:00
1575950400,1.10674,1.10722,1.1065,1.107,0,2019-12-10 04:00:00
1575964800,1.10701,1.10843,1.10693,1.1084,0,2019-12-10 08:00:00
1575979200,1.10839,1.1091,1.10737,1.10898,0,2019-12-10 12:00:00
1575993600,1.10897,1.10977,1.10846,1.10955,0,2019-12-10 16:00:00
1576008000,1.10955,1.10966,1.10864,1.10923,0,2019-12-10 20:00:00
1576022400,1.10923,1.10959,1.10901,1.10923,0,2019-12-11 00:00:00
1576036800,1.10923,1.10924,1.10826,1.1084,0,2019-12-11 04:00:00
1576051200,1.10841,1.1087,1.10784,1.10818,0,2019-12-11 08:00:00
1576065600,1.10818,1.10975,1.10701,1.10843,0,2019-12-11 12:00:00
1576080000,1.10844,1.11414,1.10844,1.11392,0,2019-12-11 16:00:00
1576094400,1.11394,1.11448,1.11281,1.11325,0,2019-12-11 20:00:00
1576108800,1.11326,1.11441,1.11314,1.11434,0,2019-12-12 00:00:00
1576123200,1.11436,1.1144,1.11361,1.11375,0,2019-12-12 04:00:00
1576137600,1.11376,1.11394,1.11246,1.11321,0,2019-12-12 08:00:00
1576152000,1.11322,1.11541,1.11112,1.11171,0,2019-12-12 12:00:00
1576166400,1.11172,1.11216,1.11029,1.11131,0,2019-12-12 16:00:00
1576180800,1.1113,1.11995,1.11032,1.11833,0,2019-12-12 20:00:00
1576195200,1.11833,1.11833,1.1168,1.11775,0,2019-12-13 00:00:00
1576209600,1.11775,1.11778,1.11629,1.11654,0,2019-12-13 04:00:00
1576224000,1.11655,1.1186,1.11648,1.11753,0,2019-12-13 08:00:00
1576238400,1.11752,1.11834,1.11253,1.11355,0,2019-12-13 12:00:00
1576252800,1.11355,1.11388,1.11122,1.11207,0,2019-12-13 16:00:00
1576267200,1.11208,1.11217,1.1112,1.11174,0,2019-12-13 20:00:00
1576440000,1.1128,1.11309,1.11225,1.11242,0,2019-12-15 20:00:00
1576454400,1.11241,1.11326,1.11229,1.11325,0,2019-12-16 00:00:00
1576468800,1.11324,1.11506,1.11298,1.11455,0,2019-12-16 04:00:00
1576483200,1.11456,1.11463,1.11261,1.11445,0,2019-12-16 08:00:00
1576497600,1.11444,1.11581,1.11354,1.11368,0,2019-12-16 12:00:00
1576512000,1.11367,1.1148,1.11349,1.11475,0,2019-12-16 16:00:00
1576526400,1.11474,1.11572,1.11342,1.11355,0,2019-12-16 20:00:00
1576540800,1.11355,1.11478,1.11341,1.11468,0,2019-12-17 00:00:00
1576555200,1.11468,1.11494,1.11401,1.11423,0,2019-12-17 04:00:00
1576569600,1.11423,1.11669,1.11293,1.11607,0,2019-12-17 08:00:00
1576584000,1.11607,1.11746,1.11445,1.11558,0,2019-12-17 12:00:00
1576598400,1.11557,1.11572,1.11459,1.11473,0,2019-12-17 16:00:00
1576612800,1.11476,1.11541,1.11456,1.11514,0,2019-12-17 20:00:00
1576627200,1.11512,1.11512,1.11307,1.11336,0,2019-12-18 00:00:00
1576641600,1.11337,1.11399,1.11292,1.11307,0,2019-12-18 04:00:00
1576656000,1.11307,1.11426,1.1123,1.11278,0,2019-12-18 08:00:00
1576670400,1.11278,1.11342,1.11105,1.11256,0,2019-12-18 12:00:00
1576684800,1.11256,1.11282,1.11114,1.11153,0,2019-12-18 16:00:00
1576699200,1.11152,1.11196,1.11119,1.11154,0,2019-12-18 20:00:00
1576713600,1.11154,1.11325,1.11145,1.11299,0,2019-12-19 00:00:00
1576728000,1.11299,1.11316,1.11246,1.11263,0,2019-12-19 04:00:00
1576742400,1.11262,1.11442,1.11242,1.11269,0,2019-12-19 08:00:00
1576756800,1.11269,1.11325,1.11072,1.11152,0,2019-12-19 12:00:00
1576771200,1.11152,1.11306,1.11123,1.1124,0,2019-12-19 16:00:00
1576785600,1.11241,1.11267,1.11174,1.11231,0,2019-12-19 20:00:00
1576800000,1.11231,1.11232,1.11143,1.11156,0,2019-12-20 00:00:00
1576814400,1.11156,1.11201,1.11137,1.11183,0,2019-12-20 04:00:00
1576828800,1.11179,1.11236,1.10899,1.10973,0,2019-12-20 08:00:00
1576843200,1.10972,1.11037,1.10811,1.10864,0,2019-12-20 12:00:00
1576857600,1.10863,1.1087,1.10662,1.10753,0,2019-12-20 16:00:00
1576872000,1.10752,1.10787,1.10704,1.10769,0,2019-12-20 20:00:00
1577044800,1.1081,1.10813,1.10766,1.10802,0,2019-12-22 20:00:00
1577059200,1.10801,1.1083,1.1073,1.10812,0,2019-12-23 00:00:00
1577073600,1.10812,1.10864,1.10777,1.10837,0,2019-12-23 04:00:00
1577088000,1.10836,1.10886,1.10765,1.10808,0,2019-12-23 08:00:00
1577102400,1.10808,1.10958,1.10699,1.10871,0,2019-12-23 12:00:00
1577116800,1.10872,1.10945,1.10847,1.10934,0,2019-12-23 16:00:00
1577131200,1.10932,1.10948,1.10884,1.10917,0,2019-12-23 20:00:00
1577145600,1.10918,1.10938,1.10852,1.1089,0,2019-12-24 00:00:00
1577160000,1.10891,1.10897,1.10802,1.10852,0,2019-12-24 04:00:00
1577174400,1.10852,1.1088,1.1069,1.10736,0,2019-12-24 08:00:00
1577188800,1.10737,1.10901,1.10727,1.109,0,2019-12-24 12:00:00
1577203200,1.109,1.10934,1.10814,1.10854,0,2019-12-24 16:00:00
1577217600,1.10854,1.10893,1.10813,1.10873,0,2019-12-24 20:00:00
1577232000,1.10873,1.10885,1.10795,1.10865,0,2019-12-25 00:00:00
1577246400,1.10858,1.10879,1.1073,1.10821,0,2019-12-25 04:00:00
1577304000,1.10885,1.10953,1.10884,1.10944,0,2019-12-25 20:00:00
1577318400,1.10944,1.10948,1.10879,1.10901,0,2019-12-26 00:00:00
1577332800,1.109,1.10918,1.1086,1.10903,0,2019-12-26 04:00:00
1577347200,1.10904,1.10964,1.10821,1.10854,0,2019-12-26 08:00:00
1577361600,1.10853,1.11,1.10853,1.10991,0,2019-12-26 12:00:00
1577376000,1.1099,1.11088,1.10954,1.1103,0,2019-12-26 16:00:00
1577390400,1.1103,1.11046,1.10953,1.11012,0,2019-12-26 20:00:00
1577404800,1.11013,1.112,1.10987,1.11186,0,2019-12-27 00:00:00
1577419200,1.11185,1.11298,1.11165,1.11294,0,2019-12-27 04:00:00
1577433600,1.11295,1.11498,1.11295,1.11475,0,2019-12-27 08:00:00
1577448000,1.11475,1.11792,1.11455,1.11629,0,2019-12-27 12:00:00
1577462400,1.11629,1.11883,1.11584,1.11873,0,2019-12-27 16:00:00
1577476800,1.11874,1.11874,1.11709,1.11713,0,2019-12-27 20:00:00
1577649600,1.11736,1.11839,1.11718,1.11813,0,2019-12-29 20:00:00
1577664000,1.11812,1.12108,1.11806,1.1199,0,2019-12-30 00:00:00
1577678400,1.11991,1.12058,1.11921,1.11959,0,2019-12-30 04:00:00
1577692800,1.11959,1.12045,1.11897,1.11916,0,2019-12-30 08:00:00
1577707200,1.11915,1.12079,1.11815,1.12009,0,2019-12-30 12:00:00
1577721600,1.12009,1.12207,1.11999,1.12021,0,2019-12-30 16:00:00
1577736000,1.1202,1.12042,1.11963,1.12013,0,2019-12-30 20:00:00
1577750400,1.12013,1.12147,1.11987,1.12034,0,2019-12-31 00:00:00
1577764800,1.12034,1.12083,1.1202,1.12054,0,2019-12-31 04:00:00
1577779200,1.12057,1.12283,1.12029,1.12277,0,2019-12-31 08:00:00
1577793600,1.12277,1.12391,1.12171,1.12238,0,2019-12-31 12:00:00
1577808000,1.12237,1.12313,1.12162,1.1217,0,2019-12-31 16:00:00
1577822400,1.1217,1.12184,1.12076,1.12076,0,2019-12-31 20:00:00
1577908800,1.1212,1.12218,1.12106,1.12188,0,2020-01-01 20:00:00
1577923200,1.12188,1.12245,1.12124,1.12132,0,2020-01-02 00:00:00
1577937600,1.12132,1.12143,1.12008,1.12098,0,2020-01-02 04:00:00
1577952000,1.12099,1.12141,1.11842,1.11848,0,2020-01-02 08:00:00
1577966400,1.11847,1.12023,1.117,1.12005,0,2020-01-02 12:00:00
1577980800,1.12006,1.1203,1.11635,1.11663,0,2020-01-02 16:00:00
1577995200,1.11662,1.11735,1.11659,1.11708,0,2020-01-02 20:00:00
1578009600,1.11707,1.11784,1.11695,1.1172,0,2020-01-03 00:00:00
1578024000,1.1172,1.11749,1.11521,1.11532,0,2020-01-03 04:00:00
1578038400,1.11531,1.11604,1.11249,1.113,0,2020-01-03 08:00:00
1578052800,1.113,1.11674,1.11281,1.11633,0,2020-01-03 12:00:00
1578067200,1.11634,1.11798,1.11612,1.11673,0,2020-01-03 16:00:00
1578081600,1.11673,1.11674,1.11523,1.11548,0,2020-01-03 20:00:00
1578254400,1.11656,1.11677,1.11589,1.11604,0,2020-01-05 20:00:00
1578268800,1.11603,1.11709,1.116,1.11657,0,2020-01-06 00:00:00
1578283200,1.11658,1.11667,1.11571,1.11646,0,2020-01-06 04:00:00
1578297600,1.11647,1.12055,1.11632,1.12032,0,2020-01-06 08:00:00
1578312000,1.12032,1.12043,1.11821,1.11886,0,2020-01-06 12:00:00
1578326400,1.11887,1.11979,1.11809,1.11912,0,2020-01-06 16:00:00
1578340800,1.11914,1.11989,1.11889,1.11954,0,2020-01-06 20:00:00
1578355200,1.11953,1.1197,1.11891,1.11922,0,2020-01-07 00:00:00
1578369600,1.11921,1.11934,1.11729,1.1174,0,2020-01-07 04:00:00
1578384000,1.1174,1.11896,1.11648,1.11816,0,2020-01-07 08:00:00
1578398400,1.11817,1.11831,1.11342,1.11417,0,2020-01-07 12:00:00
1578412800,1.11417,1.11495,1.11335,1.11445,0,2020-01-07 16:00:00
1578427200,1.11446,1.11544,1.11423,1.1154,0,2020-01-07 20:00:00
1578441600,1.11539,1.11682,1.11525,1.11546,0,2020-01-08 00:00:00
1578456000,1.11545,1.11557,1.11432,1.11511,0,2020-01-08 04:00:00
1578470400,1.11513,1.11533,1.11196,1.11271,0,2020-01-08 08:00:00
1578484800,1.11271,1.11308,1.11111,1.11198,0,2020-01-08 12:00:00
1578499200,1.11197,1.11259,1.11081,1.11112,0,2020-01-08 16:00:00
1578513600,1.11113,1.11148,1.11016,1.11129,0,2020-01-08 20:00:00
1578528000,1.1113,1.11195,1.11091,1.11152,0,2020-01-09 00:00:00
1578542400,1.11153,1.11204,1.1111,1.11152,0,2020-01-09 04:00:00
1578556800,1.11152,1.1119,1.10966,1.11046,0,2020-01-09 08:00:00
1578571200,1.11045,1.11173,1.10924,1.11022,0,2020-01-09 12:00:00
1578585600,1.11021,1.11113,1.10935,1.11061,0,2020-01-09 16:00:00
1578600000,1.1106,1.11093,1.11028,1.11093,0,2020-01-09 20:00:00
1578614400,1.11092,1.11094,1.1102,1.11081,0,2020-01-10 00:00:00
1578628800,1.11081,1.11111,1.11042,1.1107,0,2020-01-10 04:00:00
1578643200,1.11069,1.11092,1.1085,1.1093,0,2020-01-10 08:00:00
1578657600,1.10929,1.11179,1.10862,1.11128,0,2020-01-10 12:00:00
1578672000,1.11128,1.11291,1.11111,1.1122,0,2020-01-10 16:00:00
1578686400,1.11221,1.11225,1.11165,1.11165,0,2020-01-10 20:00:00
1578859200,1.11141,1.11209,1.11128,1.11161,0,2020-01-12 20:00:00
1578873600,1.11161,1.11299,1.11159,1.11293,0,2020-01-13 00:00:00
1578888000,1.11292,1.11318,1.1122,1.11227,0,2020-01-13 04:00:00
1578902400,1.11227,1.11361,1.11125,1.11204,0,2020-01-13 08:00:00
1578916800,1.11204,1.11382,1.11175,1.11331,0,2020-01-13 12:00:00
1578931200,1.1133,1.11469,1.11325,1.11382,0,2020-01-13 16:00:00
1578945600,1.11381,1.1139,1.1132,1.11344,0,2020-01-13 20:00:00
1578960000,1.11344,1.11421,1.11312,1.11355,0,2020-01-14 00:00:00
1578974400,1.11356,1.11444,1.11348,1.11423,0,2020-01-14 04:00:00
1578988800,1.11423,1.1144,1.11263,1.11303,0,2020-01-14 08:00:00
1579003200,1.11303,1.11303,1.11045,1.11221,0,2020-01-14 12:00:00
1579017600,1.11222,1.11348,1.11202,1.1128,0,2020-01-14 16:00:00
1579032000,1.11279,1.11302,1.11246,1.11275,0,2020-01-14 20:00:00
1579046400,1.11276,1.11311,1.1127,1.11302,0,2020-01-15 00:00:00
1579060800,1.11303,1.11368,1.11271,1.11284,0,2020-01-15 04:00:00
1579075200,1.11283,1.11549,1.11185,1.1148,0,2020-01-15 08:00:00
1579089600,1.11478,1.11634,1.11396,1.11521,0,2020-01-15 12:00:00
1579104000,1.11522,1.11614,1.11494,1.11504,0,2020-01-15 16:00:00
1579118400,1.11504,1.11539,1.11481,1.11524,0,2020-01-15 20:00:00
1579132800,1.11524,1.1158,1.11507,1.11527,0,2020-01-16 00:00:00
1579147200,1.11527,1.11534,1.11445,1.11476,0,2020-01-16 04:00:00
1579161600,1.11478,1.11637,1.11458,1.11589,0,2020-01-16 08:00:00
1579176000,1.11589,1.11727,1.1131,1.11407,0,2020-01-16 12:00:00
1579190400,1.11407,1.11423,1.11279,1.11348,0,2020-01-16 16:00:00
1579204800,1.11348,1.11381,1.11343,1.11368,0,2020-01-16 20:00:00
1579219200,1.11368,1.11425,1.11308,1.11309,0,2020-01-17 00:00:00
1579233600,1.11309,1.11411,1.11309,1.11363,0,2020-01-17 04:00:00
1579248000,1.11363,1.11396,1.11063,1.11123,0,2020-01-17 08:00:00
1579262400,1.11124,1.11147,1.10862,1.10938,0,2020-01-17 12:00:00
1579276800,1.10938,1.10961,1.1088,1.10931,0,2020-01-17 16:00:00
1579291200,1.1093,1.10933,1.10886,1.1089,0,2020-01-17 20:00:00
1579464000,1.1091,1.10948,1.10889,1.10946,0,2020-01-19 20:00:00
1579478400,1.10946,1.10989,1.10924,1.10959,0,2020-01-20 00:00:00
1579492800,1.10959,1.11023,1.10939,1.10943,0,2020-01-20 04:00:00
1579507200,1.10943,1.10973,1.10821,1.10856,0,2020-01-20 08:00:00
1579521600,1.10857,1.10871,1.10766,1.10827,0,2020-01-20 12:00:00
1579536000,1.10828,1.1092,1.10811,1.10918,0,2020-01-20 16:00:00
1579550400,1.10918,1.10979,1.10913,1.10962,0,2020-01-20 20:00:00
1579564800,1.10963,1.10986,1.10887,1.10973,0,2020-01-21 00:00:00
1579579200,1.10973,1.10993,1.10915,1.10921,0,2020-01-21 04:00:00
1579593600,1.10922,1.11101,1.10855,1.11055,0,2020-01-21 08:00:00
1579608000,1.11054,1.11179,1.10889,1.10977,0,2020-01-21 12:00:00
1579622400,1.10976,1.10998,1.10895,1.10948,0,2020-01-21 16:00:00
1579636800,1.10949,1.10952,1.10809,1.10851,0,2020-01-21 20:00:00
1579651200,1.10851,1.10868,1.10773,1.10815,0,2020-01-22 00:00:00
1579665600,1.10814,1.10862,1.10753,1.10859,0,2020-01-22 04:00:00
1579680000,1.10859,1.10947,1.10749,1.10787,0,2020-01-22 08:00:00
1579694400,1.10787,1.10984,1.107,1.10754,0,2020-01-22 12:00:00
1579708800,1.10754,1.10934,1.10747,1.10918,0,2020-01-22 16:00:00
1579723200,1.10918,1.10967,1.10893,1.10957,0,2020-01-22 20:00:00
1579737600,1.10956,1.10996,1.10797,1.10827,0,2020-01-23 00:00:00
1579752000,1.10827,1.10922,1.10809,1.10892,0,2020-01-23 04:00:00
1579766400,1.10891,1.10948,1.1079,1.10903,0,2020-01-23 08:00:00
1579780800,1.10904,1.11087,1.10402,1.10462,0,2020-01-23 12:00:00
1579795200,1.10459,1.10559,1.10362,1.10553,0,2020-01-23 16:00:00
1579809600,1.10552,1.10588,1.10514,1.10554,0,2020-01-23 20:00:00
1579824000,1.10554,1.10556,1.10496,1.10504,0,2020-01-24 00:00:00
1579838400,1.10503,1.10525,1.10426,1.10511,0,2020-01-24 04:00:00
1579852800,1.10511,1.10617,1.10281,1.10356,0,2020-01-24 08:00:00
1579867200,1.10353,1.10398,1.1023,1.10247,0,2020-01-24 12:00:00
1579881600,1.10248,1.10329,1.10195,1.10296,0,2020-01-24 16:00:00
1579896000,1.10295,1.10301,1.10209,1.10224,0,2020-01-24 20:00:00
1580068800,1.10318,1.10343,1.10244,1.10245,0,2020-01-26 20:00:00
1580083200,1.10245,1.10358,1.10245,1.10281,0,2020-01-27 00:00:00
1580097600,1.10284,1.10375,1.1026,1.10345,0,2020-01-27 04:00:00
1580112000,1.10347,1.10375,1.10151,1.10244,0,2020-01-27 08:00:00
1580126400,1.10245,1.10321,1.10113,1.10124,0,2020-01-27 12:00:00
1580140800,1.10124,1.10219,1.10096,1.10162,0,2020-01-27 16:00:00
1580155200,1.10162,1.10203,1.10156,1.10193,0,2020-01-27 20:00:00
1580169600,1.10193,1.10252,1.10172,1.10212,0,2020-01-28 00:00:00
1580184000,1.10212,1.10232,1.10141,1.10167,0,2020-01-28 04:00:00
1580198400,1.10167,1.10235,1.10073,1.10105,0,2020-01-28 08:00:00
1580212800,1.10107,1.10108,1.09978,1.1,0,2020-01-28 12:00:00
1580227200,1.10001,1.10172,1.09994,1.10166,0,2020-01-28 16:00:00
1580241600,1.10165,1.10246,1.10165,1.1022,0,2020-01-28 20:00:00
1580256000,1.1022,1.10276,1.10127,1.10138,0,2020-01-29 00:00:00
1580270400,1.10139,1.10165,1.10027,1.10056,0,2020-01-29 04:00:00
1580284800,1.10056,1.10074,1.09945,1.10015,0,2020-01-29 08:00:00
1580299200,1.10015,1.10098,1.09923,1.0999,0,2020-01-29 12:00:00
1580313600,1.0999,1.10207,1.09965,1.10202,0,2020-01-29 16:00:00
1580328000,1.10204,1.10207,1.10016,1.10138,0,2020-01-29 20:00:00
1580342400,1.10138,1.10171,1.1011,1.10151,0,2020-01-30 00:00:00
1580356800,1.10151,1.10172,1.10069,1.10116,0,2020-01-30 04:00:00
1580371200,1.10116,1.10241,1.10096,1.10228,0,2020-01-30 08:00:00
1580385600,1.10229,1.10364,1.10152,1.10354,0,2020-01-30 12:00:00
1580400000,1.10354,1.10393,1.10258,1.10301,0,2020-01-30 16:00:00
1580414400,1.10299,1.10371,1.1028,1.10285,0,2020-01-30 20:00:00
1580428800,1.10285,1.10336,1.1024,1.10243,0,2020-01-31 00:00:00
1580443200,1.10241,1.10284,1.10168,1.10277,0,2020-01-31 04:00:00
1580457600,1.1028,1.10386,1.10202,1.10371,0,2020-01-31 08:00:00
1580472000,1.10372,1.10835,1.10341,1.10807,0,2020-01-31 12:00:00
1580486400,1.10805,1.10903,1.10747,1.10894,0,2020-01-31 16:00:00
1580500800,1.10894,1.10954,1.10848,1.10944,0,2020-01-31 20:00:00
1580673600,1.10939,1.10939,1.10813,1.1089,0,2020-02-02 20:00:00
1580688000,1.1089,1.1089,1.10799,1.10811,0,2020-02-03 00:00:00
1580702400,1.10812,1.10862,1.10704,1.10747,0,2020-02-03 04:00:00
1580716800,1.10747,1.10783,1.10583,1.10626,0,2020-02-03 08:00:00
1580731200,1.10626,1.10666,1.10356,1.10556,0,2020-02-03 12:00:00
1580745600,1.10556,1.10663,1.10536,1.10634,0,2020-02-03 16:00:00
1580760000,1.10633,1.1064,1.10571,1.10623,0,2020-02-03 20:00:00
1580774400,1.10623,1.10641,1.10555,1.10578,0,2020-02-04 00:00:00
1580788800,1.1058,1.10637,1.10488,1.10502,0,2020-02-04 04:00:00
1580803200,1.10498,1.10611,1.10494,1.1054,0,2020-02-04 08:00:00
1580817600,1.10541,1.10541,1.10331,1.10382,0,2020-02-04 12:00:00
1580832000,1.10384,1.10452,1.10328,1.10419,0,2020-02-04 16:00:00
1580846400,1.10419,1.10459,1.1041,1.10446,0,2020-02-04 20:00:00
1580860800,1.10449,1.10449,1.10336,1.10341,0,2020-02-05 00:00:00
1580875200,1.1034,1.10405,1.10336,1.10368,0,2020-02-05 04:00:00
1580889600,1.1037,1.10479,1.10145,1.10219,0,2020-02-05 08:00:00
1580904000,1.10218,1.10232,1.09963,1.10021,0,2020-02-05 12:00:00
1580918400,1.10021,1.10068,1.09937,1.0996,0,2020-02-05 16:00:00
1580932800,1.09959,1.10003,1.09958,1.10003,0,2020-02-05 20:00:00
1580947200,1.10003,1.10005,1.09943,1.09971,0,2020-02-06 00:00:00
1580961600,1.09971,1.10056,1.0994,1.10029,0,2020-02-06 04:00:00
1580976000,1.10028,1.10138,1.09939,1.10001,0,2020-02-06 08:00:00
1580990400,1.10002,1.10041,1.09644,1.09767,0,2020-02-06 12:00:00
1581004800,1.09765,1.09835,1.09707,1.09768,0,2020-02-06 16:00:00
1581019200,1.0977,1.09829,1.09766,1.09806,0,2020-02-06 20:00:00
1581033600,1.09809,1.09849,1.09776,1.09831,0,2020-02-07 00:00:00
1581048000,1.09832,1.09833,1.09667,1.09667,0,2020-02-07 04:00:00
1581062400,1.09668,1.0971,1.09477,1.09518,0,2020-02-07 08:00:00
1581076800,1.0952,1.09763,1.09487,1.09633,0,2020-02-07 12:00:00
1581091200,1.09631,1.09653,1.09419,1.09461,0,2020-02-07 16:00:00
1581105600,1.09462,1.09479,1.09424,1.09438,0,2020-02-07 20:00:00
1581278400,1.09439,1.09507,1.09419,1.09491,0,2020-02-09 20:00:00
1581292800,1.09491,1.0954,1.0948,1.09523,0,2020-02-10 00:00:00
1581307200,1.09524,1.09574,1.09451,1.09466,0,2020-02-10 04:00:00
1581321600,1.09466,1.0955,1.09447,1.09491,0,2020-02-10 08:00:00
1581336000,1.09491,1.09527,1.09192,1.09241,0,2020-02-10 12:00:00
1581350400,1.0924,1.0924,1.09091,1.09138,0,2020-02-10 16:00:00
1581364800,1.09141,1.09152,1.09076,1.09101,0,2020-02-10 20:00:00
1581379200,1.09103,1.0917,1.09078,1.09135,0,2020-02-11 00:00:00
1581393600,1.09134,1.09143,1.09056,1.09142,0,2020-02-11 04:00:00
1581408000,1.09144,1.09206,1.09056,1.09126,0,2020-02-11 08:00:00
1581422400,1.09127,1.09248,1.08913,1.0916,0,2020-02-11 12:00:00
1581436800,1.09159,1.09241,1.09129,1.09215,0,2020-02-11 16:00:00
1581451200,1.09214,1.09215,1.09138,1.09189,0,2020-02-11 20:00:00
1581465600,1.09187,1.09196,1.09108,1.09151,0,2020-02-12 00:00:00
1581480000,1.09151,1.09157,1.08972,1.09146,0,2020-02-12 04:00:00
1581494400,1.09144,1.09255,1.09096,1.09119,0,2020-02-12 08:00:00
1581508800,1.09118,1.09143,1.08861,1.08944,0,2020-02-12 12:00:00
1581523200,1.08946,1.08975,1.08654,1.08663,0,2020-02-12 16:00:00
1581537600,1.08663,1.08759,1.08663,1.08756,0,2020-02-12 20:00:00
1581552000,1.08755,1.08764,1.08678,1.087,0,2020-02-13 00:00:00
1581566400,1.08699,1.08795,1.08652,1.08792,0,2020-02-13 04:00:00
1581580800,1.08792,1.08887,1.0856,1.08576,0,2020-02-13 08:00:00
1581595200,1.08578,1.08693,1.0834,1.08486,0,2020-02-13 12:00:00
1581609600,1.08487,1.08541,1.08389,1.08433,0,2020-02-13 16:00:00
1581624000,1.08433,1.08454,1.0838,1.08413,0,2020-02-13 20:00:00
1581638400,1.08415,1.08416,1.08271,1.0831,0,2020-02-14 00:00:00
1581652800,1.0831,1.08432,1.08309,1.0841,0,2020-02-14 04:00:00
1581667200,1.08412,1.08501,1.08322,1.0837,0,2020-02-14 08:00:00
1581681600,1.0837,1.08611,1.08324,1.08457,0,2020-02-14 12:00:00
1581696000,1.08458,1.08467,1.08328,1.08394,0,2020-02-14 16:00:00
1581710400,1.08394,1.08412,1.08294,1.08299,0,2020-02-14 20:00:00
1581883200,1.08406,1.08416,1.08355,1.08411,0,2020-02-16 20:00:00
1581897600,1.08411,1.08411,1.08334,1.08384,0,2020-02-17 00:00:00
1581912000,1.08385,1.08422,1.08339,1.08406,0,2020-02-17 04:00:00
1581926400,1.08407,1.08509,1.08359,1.08391,0,2020-02-17 08:00:00
1581940800,1.0839,1.08418,1.08293,1.08296,0,2020-02-17 12:00:00
1581955200,1.08295,1.08399,1.08291,1.08337,0,2020-02-17 16:00:00
1581969600,1.08337,1.08373,1.08317,1.08366,0,2020-02-17 20:00:00
1581984000,1.08365,1.08367,1.08229,1.08324,0,2020-02-18 00:00:00
1581998400,1.08324,1.08372,1.08284,1.0833,0,2020-02-18 04:00:00
1582012800,1.0833,1.08367,1.08212,1.08245,0,2020-02-18 08:00:00
1582027200,1.08245,1.08258,1.07854,1.08227,0,2020-02-18 12:00:00
1582041600,1.08227,1.08241,1.07929,1.07939,0,2020-02-18 16:00:00
1582056000,1.07938,1.07971,1.07897,1.07949,0,2020-02-18 20:00:00
1582070400,1.07949,1.08037,1.07927,1.07988,0,2020-02-19 00:00:00
1582084800,1.07989,1.08045,1.07913,1.08018,0,2020-02-19 04:00:00
1582099200,1.0802,1.08079,1.07846,1.07915,0,2020-02-19 08:00:00
1582113600,1.07915,1.08036,1.07822,1.07912,0,2020-02-19 12:00:00
1582128000,1.07912,1.08008,1.0786,1.07963,0,2020-02-19 16:00:00
1582142400,1.07963,1.08115,1.07956,1.08096,0,2020-02-19 20:00:00
1582156800,1.08095,1.08152,1.07916,1.07969,0,2020-02-20 00:00:00
1582171200,1.07971,1.0799,1.07778,1.07905,0,2020-02-20 04:00:00
1582185600,1.07906,1.08061,1.07848,1.07963,0,2020-02-20 08:00:00
1582200000,1.07964,1.08211,1.07858,1.08023,0,2020-02-20 12:00:00
1582214400,1.08024,1.08075,1.07829,1.07894,0,2020-02-20 16:00:00
1582228800,1.07895,1.07905,1.07828,1.07875,0,2020-02-20 20:00:00
1582243200,1.07875,1.07936,1.07871,1.07902,0,2020-02-21 00:00:00
1582257600,1.07902,1.07985,1.07892,1.07961,0,2020-02-21 04:00:00
1582272000,1.0796,1.082,1.07902,1.08061,0,2020-02-21 08:00:00
1582286400,1.08061,1.08634,1.07962,1.08526,0,2020-02-21 12:00:00
1582300800,1.08526,1.08635,1.08487,1.08578,0,2020-02-21 16:00:00
1582315200,1.08576,1.08576,1.08456,1.08456,0,2020-02-21 20:00:00
1582488000,1.08145,1.08419,1.08132,1.08384,0,2020-02-23 20:00:00
1582502400,1.08385,1.08423,1.08215,1.08221,0,2020-02-24 00:00:00
1582516800,1.0822,1.08226,1.0805,1.08171,0,2020-02-24 04:00:00
1582531200,1.08171,1.08418,1.08129,1.08207,0,2020-02-24 08:00:00
1582545600,1.08208,1.08608,1.0813,1.08558,0,2020-02-24 12:00:00
1582560000,1.08559,1.0872,1.08414,1.08431,0,2020-02-24 16:00:00
1582574400,1.08431,1.08569,1.08414,1.08485,0,2020-02-24 20:00:00
1582588800,1.08485,1.08675,1.0845,1.08628,0,2020-02-25 00:00:00
1582603200,1.08628,1.08628,1.08475,1.08533,0,2020-02-25 04:00:00
1582617600,1.08535,1.08659,1.083,1.08366,0,2020-02-25 08:00:00
1582632000,1.08367,1.08666,1.083,1.08647,0,2020-02-25 12:00:00
1582646400,1.08648,1.08902,1.08624,1.08815,0,2020-02-25 16:00:00
1582660800,1.08814,1.08863,1.08754,1.08797,0,2020-02-25 20:00:00
1582675200,1.08796,1.08796,1.08624,1.08665,0,2020-02-26 00:00:00
1582689600,1.08665,1.08783,1.08654,1.0871,0,2020-02-26 04:00:00
1582704000,1.0871,1.08976,1.0871,1.08844,0,2020-02-26 08:00:00
1582718400,1.08844,1.09086,1.08549,1.08666,0,2020-02-26 12:00:00
1582732800,1.08666,1.08998,1.0864,1.08995,0,2020-02-26 16:00:00
1582747200,1.08994,1.08994,1.08768,1.08864,0,2020-02-26 20:00:00
1582761600,1.08865,1.09144,1.08848,1.09053,0,2020-02-27 00:00:00
1582776000,1.09052,1.09221,1.09032,1.09213,0,2020-02-27 04:00:00
1582790400,1.09213,1.09481,1.09188,1.09452,0,2020-02-27 08:00:00
1582804800,1.09452,1.10064,1.09418,1.09843,0,2020-02-27 12:00:00
1582819200,1.09841,1.09949,1.09647,1.09872,0,2020-02-27 16:00:00
1582833600,1.09871,1.10048,1.09807,1.09963,0,2020-02-27 20:00:00
1582848000,1.09964,1.10052,1.09822,1.09868,0,2020-02-28 00:00:00
1582862400,1.09871,1.1008,1.09857,1.09956,0,2020-02-28 04:00:00
1582876800,1.09957,1.1053,1.09862,1.09934,0,2020-02-28 08:00:00
1582891200,1.09936,1.09999,1.09509,1.09843,0,2020-02-28 12:00:00
1582905600,1.09844,1.10328,1.0979,1.10291,0,2020-02-28 16:00:00
1582920000,1.1029,1.10459,1.10229,1.10251,0,2020-02-28 20:00:00
1583092800,1.10423,1.10739,1.10393,1.10515,0,2020-03-01 20:00:00
1583107200,1.10516,1.10648,1.10362,1.10524,0,2020-03-02 00:00:00
1583121600,1.10523,1.10786,1.10382,1.10634,0,2020-03-02 04:00:00
1583136000,1.10634,1.11194,1.10602,1.11184,0,2020-03-02 08:00:00
1583150400,1.11185,1.11644,1.10997,1.11312,0,2020-03-02 12:00:00
1583164800,1.11311,1.11845,1.11246,1.11638,0,2020-03-02 16:00:00
1583179200,1.11637,1.11637,1.11237,1.11443,0,2020-03-02 20:00:00
1583193600,1.11443,1.1146,1.11202,1.11344,0,2020-03-03 00:00:00
1583208000,1.11344,1.11555,1.1115,1.11199,0,2020-03-03 04:00:00
1583222400,1.112,1.11387,1.11002,1.11137,0,2020-03-03 08:00:00
1583236800,1.11137,1.12134,1.10953,1.11796,0,2020-03-03 12:00:00
1583251200,1.11799,1.1195,1.11405,1.11758,0,2020-03-03 16:00:00
1583265600,1.11758,1.1185,1.11671,1.11765,0,2020-03-03 20:00:00
1583280000,1.11765,1.11797,1.11596,1.11608,0,2020-03-04 00:00:00
1583294400,1.11609,1.11635,1.11432,1.11592,0,2020-03-04 04:00:00
1583308800,1.11593,1.11875,1.11359,1.11474,0,2020-03-04 08:00:00
1583323200,1.11474,1.11479,1.10955,1.11394,0,2020-03-04 12:00:00
1583337600,1.11395,1.11454,1.11193,1.11388,0,2020-03-04 16:00:00
1583352000,1.11389,1.11421,1.11305,1.1138,0,2020-03-04 20:00:00
1583366400,1.11382,1.11436,1.11327,1.11383,0,2020-03-05 00:00:00
1583380800,1.11382,1.114,1.11195,1.1123,0,2020-03-05 04:00:00
1583395200,1.1123,1.11836,1.11216,1.11831,0,2020-03-05 08:00:00
1583409600,1.11829,1.12013,1.11669,1.11877,0,2020-03-05 12:00:00
1583424000,1.11879,1.12178,1.11793,1.12004,0,2020-03-05 16:00:00
1583438400,1.12,1.12447,1.11938,1.12224,0,2020-03-05 20:00:00
1583452800,1.12224,1.12487,1.12112,1.12336,0,2020-03-06 00:00:00
1583467200,1.12335,1.1239,1.1219,1.12344,0,2020-03-06 04:00:00
1583481600,1.12342,1.13405,1.12288,1.13323,0,2020-03-06 08:00:00
1583496000,1.13323,1.13546,1.12872,1.131,0,2020-03-06 12:00:00
1583510400,1.13098,1.13302,1.1288,1.13177,0,2020-03-06 16:00:00
1583524800,1.13176,1.13257,1.12804,1.12804,0,2020-03-06 20:00:00
1583697600,1.13473,1.13963,1.1335,1.13876,0,2020-03-08 20:00:00
1583712000,1.13876,1.14954,1.13559,1.14161,0,2020-03-09 00:00:00
1583726400,1.14159,1.14754,1.13807,1.14384,0,2020-03-09 04:00:00
1583740800,1.14387,1.14401,1.13653,1.14247,0,2020-03-09 08:00:00
1583755200,1.14249,1.14844,1.1376,1.14195,0,2020-03-09 12:00:00
1583769600,1.142,1.1479,1.14139,1.14518,0,2020-03-09 16:00:00
1583784000,1.14519,1.14658,1.13948,1.13989,0,2020-03-09 20:00:00
1583798400,1.13989,1.14251,1.13718,1.13949,0,2020-03-10 00:00:00
1583812800,1.13947,1.13991,1.13319,1.13818,0,2020-03-10 04:00:00
1583827200,1.13818,1.1401,1.13359,1.13598,0,2020-03-10 08:00:00
1583841600,1.13599,1.13942,1.13369,1.13419,0,2020-03-10 12:00:00
1583856000,1.13418,1.13585,1.12749,1.13002,0,2020-03-10 16:00:00
1583870400,1.12998,1.13233,1.12762,1.13136,0,2020-03-10 20:00:00
1583884800,1.13136,1.13382,1.13016,1.13292,0,2020-03-11 00:00:00
1583899200,1.13292,1.13667,1.13267,1.13287,0,2020-03-11 04:00:00
1583913600,1.13287,1.1339,1.13013,1.13289,0,2020-03-11 08:00:00
1583928000,1.13291,1.13517,1.12573,1.12801,0,2020-03-11 12:00:00
1583942400,1.128,1.12884,1.12602,1.12726,0,2020-03-11 16:00:00
1583956800,1.12726,1.12798,1.12501,1.12611,0,2020-03-11 20:00:00
1583971200,1.12612,1.13336,1.12593,1.1313,0,2020-03-12 00:00:00
1583985600,1.13131,1.13195,1.12855,1.1312,0,2020-03-12 04:00:00
1584000000,1.13116,1.13129,1.12115,1.1237,0,2020-03-12 08:00:00
1584014400,1.12373,1.13013,1.10803,1.10814,0,2020-03-12 12:00:00
1584028800,1.10817,1.12166,1.1055,1.11806,0,2020-03-12 16:00:00
1584043200,1.11803,1.12263,1.11599,1.11823,0,2020-03-12 20:00:00
1584057600,1.11822,1.12178,1.11522,1.12132,0,2020-03-13 00:00:00
1584072000,1.12133,1.12213,1.11621,1.11815,0,2020-03-13 04:00:00
1584086400,1.11812,1.1214,1.11395,1.11549,0,2020-03-13 08:00:00
1584100800,1.11545,1.11862,1.10664,1.10696,0,2020-03-13 12:00:00
1584115200,1.10697,1.11151,1.1055,1.11135,0,2020-03-13 16:00:00
1584129600,1.11136,1.11174,1.108,1.10992,0,2020-03-13 20:00:00
1584302400,1.10705,1.11996,1.10705,1.1156,0,2020-03-15 20:00:00
1584316800,1.1156,1.11689,1.10849,1.11242,0,2020-03-16 00:00:00
1584331200,1.11242,1.11814,1.11084,1.11761,0,2020-03-16 04:00:00
1584345600,1.11762,1.12366,1.11421,1.11857,0,2020-03-16 08:00:00
1584360000,1.1186,1.12004,1.10942,1.11371,0,2020-03-16 12:00:00
1584374400,1.11366,1.11774,1.11363,1.11753,0,2020-03-16 16:00:00
1584388800,1.11753,1.11862,1.11582,1.11633,0,2020-03-16 20:00:00
1584403200,1.11632,1.11891,1.11594,1.11789,0,2020-03-17 00:00:00
1584417600,1.1179,1.11853,1.11286,1.11372,0,2020-03-17 04:00:00
1584432000,1.11376,1.11452,1.10001,1.10126,0,2020-03-17 08:00:00
1584446400,1.10126,1.10177,1.0955,1.0971,0,2020-03-17 12:00:00
1584460800,1.0971,1.10202,1.09584,1.10015,0,2020-03-17 16:00:00
1584475200,1.10017,1.10228,1.09886,1.1016,0,2020-03-17 20:00:00
1584489600,1.10161,1.10281,1.09847,1.10275,0,2020-03-18 00:00:00
1584504000,1.10275,1.10451,1.09664,1.0968,0,2020-03-18 04:00:00
1584518400,1.09681,1.10176,1.09556,1.09769,0,2020-03-18 08:00:00
1584532800,1.09771,1.09848,1.08308,1.08326,0,2020-03-18 12:00:00
1584547200,1.08326,1.09001,1.08016,1.08986,0,2020-03-18 16:00:00
1584561600,1.08984,1.09818,1.08968,1.09442,0,2020-03-18 20:00:00
1584576000,1.09442,1.0949,1.08773,1.0897,0,2020-03-19 00:00:00
1584590400,1.08973,1.09475,1.0845,1.08477,0,2020-03-19 04:00:00
1584604800,1.08477,1.08899,1.07319,1.07495,0,2020-03-19 08:00:00
1584619200,1.07495,1.08394,1.0695,1.06995,0,2020-03-19 12:00:00
1584633600,1.06993,1.07155,1.0655,1.06797,0,2020-03-19 16:00:00
1584648000,1.06789,1.07057,1.06542,1.06544,0,2020-03-19 20:00:00
1584662400,1.06543,1.07492,1.06527,1.07349,0,2020-03-20 00:00:00
1584676800,1.07348,1.08309,1.07272,1.08138,0,2020-03-20 04:00:00
1584691200,1.0814,1.08142,1.06964,1.07106,0,2020-03-20 08:00:00
1584705600,1.07111,1.07602,1.06634,1.06842,0,2020-03-20 12:00:00
1584720000,1.0684,1.0714,1.06375,1.06655,0,2020-03-20 16:00:00
1584734400,1.06655,1.07002,1.06622,1.06929,0,2020-03-20 20:00:00
1584907200,1.07011,1.07044,1.06357,1.06886,0,2020-03-22 20:00:00
1584921600,1.06886,1.07299,1.06577,1.07139,0,2020-03-23 00:00:00
1584936000,1.0714,1.07684,1.06892,1.06929,0,2020-03-23 04:00:00
1584950400,1.06927,1.07101,1.06664,1.06852,0,2020-03-23 08:00:00
1584964800,1.0685,1.08279,1.06832,1.07586,0,2020-03-23 12:00:00
1584979200,1.07588,1.07799,1.07232,1.07256,0,2020-03-23 16:00:00
1584993600,1.07256,1.07649,1.07199,1.07635,0,2020-03-23 20:00:00
1585008000,1.07633,1.08227,1.0752,1.08003,0,2020-03-24 00:00:00
1585022400,1.08002,1.0866,1.07757,1.08301,0,2020-03-24 04:00:00
1585036800,1.08302,1.08879,1.08079,1.0865,0,2020-03-24 08:00:00
1585051200,1.08649,1.08683,1.0769,1.07948,0,2020-03-24 12:00:00
1585065600,1.07953,1.0821,1.07457,1.07716,0,2020-03-24 16:00:00
1585080000,1.07713,1.0815,1.07643,1.07977,0,2020-03-24 20:00:00
1585094400,1.07978,1.08237,1.07599,1.0809,0,2020-03-25 00:00:00
1585108800,1.08089,1.08404,1.07922,1.0807,0,2020-03-25 04:00:00
1585123200,1.08068,1.08494,1.07928,1.08108,0,2020-03-25 08:00:00
1585137600,1.08109,1.08385,1.07848,1.0835,0,2020-03-25 12:00:00
1585152000,1.0835,1.08891,1.08271,1.08837,0,2020-03-25 16:00:00
1585166400,1.08836,1.08938,1.08698,1.08884,0,2020-03-25 20:00:00
1585180800,1.08882,1.09336,1.08742,1.09169,0,2020-03-26 00:00:00
1585195200,1.09169,1.09289,1.08967,1.09248,0,2020-03-26 04:00:00
1585209600,1.09248,1.09782,1.09153,1.09594,0,2020-03-26 08:00:00
1585224000,1.09593,1.10285,1.09273,1.10245,0,2020-03-26 12:00:00
1585238400,1.10246,1.10539,1.10081,1.10535,0,2020-03-26 16:00:00
1585252800,1.10534,1.10589,1.10229,1.10475,0,2020-03-26 20:00:00
1585267200,1.10475,1.10868,1.10249,1.1079,0,2020-03-27 00:00:00
1585281600,1.10789,1.1079,1.10082,1.10215,0,2020-03-27 04:00:00
1585296000,1.10216,1.10403,1.09905,1.10061,0,2020-03-27 08:00:00
1585310400,1.10065,1.10595,1.09533,1.10587,0,2020-03-27 12:00:00
1585324800,1.1059,1.11293,1.10525,1.11227,0,2020-03-27 16:00:00
1585339200,1.11226,1.11473,1.11201,1.11379,0,2020-03-27 20:00:00
1585512000,1.11172,1.11285,1.11067,1.11096,0,2020-03-29 20:00:00
1585526400,1.11361,1.11383,1.10853,1.10929,0,2020-03-30 00:00:00
1585540800,1.10929,1.1106,1.10606,1.10619,0,2020-03-30 04:00:00
1585555200,1.10619,1.10958,1.10561,1.10675,0,2020-03-30 08:00:00
1585569600,1.10674,1.10711,1.101,1.10294,0,2020-03-30 12:00:00
1585584000,1.10292,1.10459,1.10109,1.10266,0,2020-03-30 16:00:00
1585598400,1.10268,1.10556,1.10247,1.10414,0,2020-03-30 20:00:00
1585612800,1.10413,1.10427,1.09832,1.10258,0,2020-03-31 00:00:00
1585627200,1.10258,1.10331,1.09908,1.10013,0,2020-03-31 04:00:00
1585641600,1.10013,1.10063,1.09476,1.09488,0,2020-03-31 08:00:00
1585656000,1.09488,1.09945,1.09265,1.09708,0,2020-03-31 12:00:00
1585670400,1.09712,1.10272,1.09649,1.10196,0,2020-03-31 16:00:00
1585684800,1.10197,1.1039,1.10029,1.1023,0,2020-03-31 20:00:00
1585699200,1.10232,1.10372,1.10056,1.10245,0,2020-04-01 00:00:00
1585713600,1.10245,1.10329,1.09812,1.09827,0,2020-04-01 04:00:00
1585728000,1.09829,1.0992,1.09165,1.09428,0,2020-04-01 08:00:00
1585742400,1.09427,1.0949,1.09183,1.09212,0,2020-04-01 12:00:00
1585756800,1.09211,1.09423,1.09026,1.09294,0,2020-04-01 16:00:00
1585771200,1.09291,1.09697,1.09284,1.09559,0,2020-04-01 20:00:00
1585785600,1.09559,1.09591,1.09326,1.09341,0,2020-04-02 00:00:00
1585800000,1.09341,1.09644,1.09302,1.09366,0,2020-04-02 04:00:00
1585814400,1.09364,1.09527,1.09143,1.09199,0,2020-04-02 08:00:00
1585828800,1.09199,1.09292,1.08404,1.08623,0,2020-04-02 12:00:00
1585843200,1.08622,1.08811,1.08206,1.08514,0,2020-04-02 16:00:00
1585857600,1.08513,1.08666,1.08413,1.08499,0,2020-04-02 20:00:00
1585872000,1.08499,1.08553,1.0833,1.08542,0,2020-04-03 00:00:00
1585886400,1.0854,1.08544,1.08235,1.08276,0,2020-04-03 04:00:00
1585900800,1.08277,1.08312,1.07866,1.0801,0,2020-04-03 08:00:00
1585915200,1.08009,1.08063,1.07727,1.07975,0,2020-04-03 12:00:00
1585929600,1.07975,1.08161,1.07782,1.08104,0,2020-04-03 16:00:00
1585944000,1.08103,1.08282,1.07955,1.07955,0,2020-04-03 20:00:00
1586116800,1.08082,1.08214,1.08026,1.08175,0,2020-04-05 20:00:00
1586131200,1.08176,1.08232,1.07985,1.08117,0,2020-04-06 00:00:00
1586145600,1.08117,1.08354,1.08085,1.08099,0,2020-04-06 04:00:00
1586160000,1.081,1.08308,1.07831,1.08003,0,2020-04-06 08:00:00
1586174400,1.08003,1.08134,1.07683,1.07853,0,2020-04-06 12:00:00
1586188800,1.07853,1.08177,1.07827,1.07962,0,2020-04-06 16:00:00
1586203200,1.07963,1.07996,1.07826,1.07849,0,2020-04-06 20:00:00
1586217600,1.0785,1.08097,1.07843,1.08078,0,2020-04-07 00:00:00
1586232000,1.08078,1.08618,1.08069,1.08589,0,2020-04-07 04:00:00
1586246400,1.0859,1.08929,1.08517,1.0878,0,2020-04-07 08:00:00
1586260800,1.08779,1.09263,1.08603,1.08839,0,2020-04-07 12:00:00
1586275200,1.08839,1.09099,1.08761,1.09025,0,2020-04-07 16:00:00
1586289600,1.09024,1.09098,1.0889,1.08922,0,2020-04-07 20:00:00
1586304000,1.08922,1.09019,1.08642,1.08646,0,2020-04-08 00:00:00
1586318400,1.08648,1.08878,1.08299,1.08571,0,2020-04-08 04:00:00
1586332800,1.08572,1.08793,1.08451,1.08715,0,2020-04-08 08:00:00
1586347200,1.08714,1.08883,1.08534,1.08633,0,2020-04-08 12:00:00
1586361600,1.08633,1.08833,1.08508,1.08619,0,2020-04-08 16:00:00
1586376000,1.08621,1.08666,1.08501,1.08589,0,2020-04-08 20:00:00
1586390400,1.08587,1.08802,1.08534,1.08617,0,2020-04-09 00:00:00
1586404800,1.08616,1.0871,1.08409,1.08598,0,2020-04-09 04:00:00
1586419200,1.08601,1.08893,1.08554,1.08597,0,2020-04-09 08:00:00
1586433600,1.08599,1.09454,1.08496,1.09369,0,2020-04-09 12:00:00
1586448000,1.09369,1.09516,1.09199,1.09222,0,2020-04-09 16:00:00
1586462400,1.09222,1.09396,1.09206,1.09275,0,2020-04-09 20:00:00
1586476800,1.09285,1.09365,1.09192,1.09337,0,2020-04-10 00:00:00
1586491200,1.09339,1.09492,1.09277,1.09478,0,2020-04-10 04:00:00
1586505600,1.09477,1.09517,1.0935,1.0941,0,2020-04-10 08:00:00
1586520000,1.09409,1.09511,1.09363,1.09511,0,2020-04-10 12:00:00
1586534400,1.09508,1.09524,1.09324,1.09336,0,2020-04-10 16:00:00
1586548800,1.09336,1.09397,1.09311,1.09326,0,2020-04-10 20:00:00
1586721600,1.09482,1.09482,1.09325,1.09362,0,2020-04-12 20:00:00
1586736000,1.09363,1.0942,1.09249,1.09289,0,2020-04-13 00:00:00
1586750400,1.09289,1.09663,1.09256,1.09619,0,2020-04-13 04:00:00
1586764800,1.09617,1.09678,1.09032,1.09139,0,2020-04-13 08:00:00
1586779200,1.09137,1.09314,1.08966,1.09001,0,2020-04-13 12:00:00
1586793600,1.09,1.09241,1.08926,1.09221,0,2020-04-13 16:00:00
1586808000,1.09221,1.09234,1.09029,1.09147,0,2020-04-13 20:00:00
1586822400,1.09148,1.09478,1.09145,1.09471,0,2020-04-14 00:00:00
1586836800,1.0947,1.09487,1.09241,1.09288,0,2020-04-14 04:00:00
1586851200,1.09287,1.09575,1.09149,1.09435,0,2020-04-14 08:00:00
1586865600,1.09435,1.09841,1.09411,1.09696,0,2020-04-14 12:00:00
1586880000,1.09697,1.09845,1.09549,1.0981,0,2020-04-14 16:00:00
1586894400,1.09808,1.09907,1.09767,1.09834,0,2020-04-14 20:00:00
1586908800,1.09837,1.09879,1.09801,1.09811,0,2020-04-15 00:00:00
1586923200,1.09811,1.09821,1.09569,1.09584,0,2020-04-15 04:00:00
1586937600,1.09585,1.09677,1.0903,1.09076,0,2020-04-15 08:00:00
1586952000,1.09077,1.09193,1.08564,1.09045,0,2020-04-15 12:00:00
1586966400,1.09046,1.09388,1.08998,1.09217,0,2020-04-15 16:00:00
1586980800,1.09218,1.09237,1.09012,1.09017,0,2020-04-15 20:00:00
1586995200,1.09017,1.09072,1.08752,1.08838,0,2020-04-16 00:00:00
1587009600,1.08837,1.09048,1.08645,1.08846,0,2020-04-16 04:00:00
1587024000,1.08844,1.08933,1.08531,1.08795,0,2020-04-16 08:00:00
1587038400,1.08798,1.09009,1.0847,1.08509,0,2020-04-16 12:00:00
1587052800,1.08509,1.08533,1.08166,1.08449,0,2020-04-16 16:00:00
1587067200,1.08449,1.08646,1.08301,1.08606,0,2020-04-16 20:00:00
1587081600,1.08606,1.08785,1.08538,1.08727,0,2020-04-17 00:00:00
1587096000,1.08729,1.08743,1.08453,1.08539,0,2020-04-17 04:00:00
1587110400,1.0854,1.08591,1.08119,1.08359,0,2020-04-17 08:00:00
1587124800,1.08359,1.08926,1.08339,1.08893,0,2020-04-17 12:00:00
1587139200,1.08891,1.08901,1.08593,1.08683,0,2020-04-17 16:00:00
1587153600,1.08683,1.08767,1.08641,1.08711,0,2020-04-17 20:00:00
1587326400,1.08748,1.08777,1.08634,1.08676,0,2020-04-19 20:00:00
1587340800,1.08675,1.08716,1.08563,1.08621,0,2020-04-20 00:00:00
1587355200,1.0862,1.08721,1.08411,1.08556,0,2020-04-20 04:00:00
1587369600,1.08555,1.08967,1.08515,1.08635,0,2020-04-20 08:00:00
1587384000,1.08636,1.08871,1.08497,1.08809,0,2020-04-20 12:00:00
1587398400,1.08808,1.08844,1.08579,1.0861,0,2020-04-20 16:00:00
1587412800,1.0861,1.08702,1.08551,1.08642,0,2020-04-20 20:00:00
1587427200,1.08642,1.08654,1.08257,1.08308,0,2020-04-21 00:00:00
1587441600,1.08309,1.08457,1.08283,1.08391,0,2020-04-21 04:00:00
1587456000,1.08392,1.08531,1.08201,1.08323,0,2020-04-21 08:00:00
1587470400,1.08323,1.08802,1.08165,1.08591,0,2020-04-21 12:00:00
1587484800,1.0859,1.08729,1.08416,1.08528,0,2020-04-21 16:00:00
1587499200,1.08528,1.08657,1.08504,1.08536,0,2020-04-21 20:00:00
1587513600,1.0854,1.08609,1.08466,1.08522,0,2020-04-22 00:00:00
1587528000,1.08523,1.08694,1.08449,1.0859,0,2020-04-22 04:00:00
1587542400,1.0859,1.08736,1.08513,1.08705,0,2020-04-22 08:00:00
1587556800,1.08705,1.08852,1.08255,1.08291,0,2020-04-22 12:00:00
1587571200,1.08292,1.08343,1.08032,1.08197,0,2020-04-22 16:00:00
1587585600,1.08198,1.08241,1.08133,1.0823,0,2020-04-22 20:00:00
1587600000,1.0823,1.08231,1.08046,1.08113,0,2020-04-23 00:00:00
1587614400,1.08114,1.08343,1.0808,1.08167,0,2020-04-23 04:00:00
1587628800,1.08166,1.08195,1.0756,1.07754,0,2020-04-23 08:00:00
1587643200,1.07753,1.08466,1.07636,1.08276,0,2020-04-23 12:00:00
1587657600,1.08277,1.08374,1.07619,1.07852,0,2020-04-23 16:00:00
1587672000,1.07852,1.07886,1.07649,1.07797,0,2020-04-23 20:00:00
1587686400,1.07798,1.07799,1.07612,1.07712,0,2020-04-24 00:00:00
1587700800,1.07711,1.0774,1.07376,1.07382,0,2020-04-24 04:00:00
1587715200,1.07382,1.07979,1.07271,1.07851,0,2020-04-24 08:00:00
1587729600,1.07852,1.08197,1.07769,1.08136,0,2020-04-24 12:00:00
1587744000,1.08135,1.08139,1.07845,1.07977,0,2020-04-24 16:00:00
1587758400,1.07976,1.08294,1.07967,1.08196,0,2020-04-24 20:00:00
1587931200,1.08211,1.08228,1.08146,1.0817,0,2020-04-26 20:00:00
1587945600,1.08169,1.08321,1.08112,1.08227,0,2020-04-27 00:00:00
1587960000,1.08226,1.08592,1.08197,1.0846,0,2020-04-27 04:00:00
1587974400,1.08459,1.08602,1.08329,1.08519,0,2020-04-27 08:00:00
1587988800,1.08519,1.08584,1.08274,1.08404,0,2020-04-27 12:00:00
1588003200,1.08403,1.08429,1.08165,1.08321,0,2020-04-27 16:00:00
1588017600,1.08323,1.08343,1.08209,1.08286,0,2020-04-27 20:00:00
1588032000,1.08287,1.0836,1.08226,1.08274,0,2020-04-28 00:00:00
1588046400,1.08272,1.08274,1.08097,1.08125,0,2020-04-28 04:00:00
1588060800,1.08127,1.08855,1.081,1.08823,0,2020-04-28 08:00:00
1588075200,1.08825,1.08884,1.08298,1.08324,0,2020-04-28 12:00:00
1588089600,1.08327,1.08465,1.08248,1.08355,0,2020-04-28 16:00:00
1588104000,1.08354,1.08382,1.08176,1.08253,0,2020-04-28 20:00:00
1588118400,1.08253,1.08545,1.08239,1.08509,0,2020-04-29 00:00:00
1588132800,1.0851,1.08567,1.08392,1.08513,0,2020-04-29 04:00:00
1588147200,1.08513,1.08741,1.08451,1.08507,0,2020-04-29 08:00:00
1588161600,1.08506,1.08682,1.08395,1.08516,0,2020-04-29 12:00:00
1588176000,1.08518,1.08856,1.0845,1.08716,0,2020-04-29 16:00:00
1588190400,1.08716,1.08827,1.08665,1.08749,0,2020-04-29 20:00:00
1588204800,1.08748,1.08786,1.08513,1.08621,0,2020-04-30 00:00:00
1588219200,1.08619,1.08833,1.08534,1.08809,0,2020-04-30 04:00:00
1588233600,1.08807,1.08912,1.08591,1.08754,0,2020-04-30 08:00:00
1588248000,1.08755,1.09617,1.0833,1.09536,0,2020-04-30 12:00:00
1588262400,1.09535,1.09726,1.09207,1.0952,0,2020-04-30 16:00:00
1588276800,1.09518,1.09636,1.09421,1.09429,0,2020-04-30 20:00:00
1588291200,1.09429,1.09554,1.09344,1.09446,0,2020-05-01 00:00:00
1588305600,1.09446,1.09645,1.09404,1.09599,0,2020-05-01 04:00:00
1588320000,1.09599,1.09899,1.09488,1.09812,0,2020-05-01 08:00:00
1588334400,1.09813,1.10187,1.09707,1.10075,0,2020-05-01 12:00:00
1588348800,1.10076,1.10163,1.09756,1.09766,0,2020-05-01 16:00:00
1588363200,1.09765,1.09822,1.09732,1.09777,0,2020-05-01 20:00:00
1588536000,1.09676,1.09736,1.09529,1.09563,0,2020-05-03 20:00:00
1588550400,1.09564,1.09624,1.09434,1.09443,0,2020-05-04 00:00:00
1588564800,1.09443,1.09472,1.09249,1.09413,0,2020-05-04 04:00:00
1588579200,1.09411,1.09489,1.09235,1.09315,0,2020-05-04 08:00:00
1588593600,1.09314,1.09435,1.09037,1.09163,0,2020-05-04 12:00:00
1588608000,1.09159,1.09175,1.08957,1.09069,0,2020-05-04 16:00:00
1588622400,1.09068,1.09095,1.08956,1.0904,0,2020-05-04 20:00:00
1588636800,1.0904,1.09159,1.09021,1.09075,0,2020-05-05 00:00:00
1588651200,1.09076,1.09149,1.08994,1.0903,0,2020-05-05 04:00:00
1588665600,1.09029,1.09258,1.08258,1.08378,0,2020-05-05 08:00:00
1588680000,1.08378,1.08872,1.08304,1.08403,0,2020-05-05 12:00:00
1588694400,1.084,1.08577,1.08339,1.0852,0,2020-05-05 16:00:00
1588708800,1.08519,1.08528,1.08339,1.08403,0,2020-05-05 20:00:00
1588723200,1.08406,1.08438,1.08322,1.08399,0,2020-05-06 00:00:00
1588737600,1.084,1.0841,1.08162,1.08328,0,2020-05-06 04:00:00
1588752000,1.0833,1.08362,1.07819,1.08029,0,2020-05-06 08:00:00
1588766400,1.08028,1.08267,1.07899,1.07967,0,2020-05-06 12:00:00
1588780800,1.07968,1.08169,1.07965,1.08032,0,2020-05-06 16:00:00
1588795200,1.08032,1.08056,1.07906,1.07981,0,2020-05-06 20:00:00
1588809600,1.07982,1.08027,1.0792,1.08,0,2020-05-07 00:00:00
1588824000,1.07999,1.08055,1.07861,1.07921,0,2020-05-07 04:00:00
1588838400,1.07922,1.08163,1.07782,1.07918,0,2020-05-07 08:00:00
1588852800,1.07919,1.07995,1.07665,1.07766,0,2020-05-07 12:00:00
1588867200,1.07767,1.08336,1.07761,1.08258,0,2020-05-07 16:00:00
1588881600,1.08258,1.08408,1.08224,1.08376,0,2020-05-07 20:00:00
1588896000,1.08377,1.08547,1.08321,1.08492,0,2020-05-08 00:00:00
1588910400,1.08491,1.08512,1.08334,1.08336,0,2020-05-08 04:00:00
1588924800,1.08336,1.08468,1.08193,1.08432,0,2020-05-08 08:00:00
1588939200,1.08431,1.08756,1.08151,1.08723,0,2020-05-08 12:00:00
1588953600,1.08722,1.08747,1.08404,1.08416,0,2020-05-08 16:00:00
1588968000,1.08418,1.0843,1.08326,1.08371,0,2020-05-08 20:00:00
1589140800,1.08265,1.08376,1.08239,1.08345,0,2020-05-10 20:00:00
1589155200,1.08344,1.08504,1.08288,1.08478,0,2020-05-11 00:00:00
1589169600,1.08478,1.08496,1.08364,1.08421,0,2020-05-11 04:00:00
1589184000,1.08421,1.08448,1.08086,1.08188,0,2020-05-11 08:00:00
1589198400,1.0819,1.08438,1.08126,1.08244,0,2020-05-11 12:00:00
1589212800,1.08243,1.08267,1.08026,1.08093,0,2020-05-11 16:00:00
1589227200,1.08092,1.08174,1.08005,1.08097,0,2020-05-11 20:00:00
1589241600,1.08095,1.08105,1.07843,1.08,0,2020-05-12 00:00:00
1589256000,1.08001,1.08248,1.07983,1.08205,0,2020-05-12 04:00:00
1589270400,1.08204,1.08367,1.08061,1.08347,0,2020-05-12 08:00:00
1589284800,1.08348,1.08851,1.08335,1.08746,0,2020-05-12 12:00:00
1589299200,1.08746,1.08776,1.08472,1.08533,0,2020-05-12 16:00:00
1589313600,1.08532,1.08563,1.08463,1.08516,0,2020-05-12 20:00:00
1589328000,1.08514,1.08572,1.08446,1.08508,0,2020-05-13 00:00:00
1589342400,1.08508,1.08556,1.08437,1.0845,0,2020-05-13 04:00:00
1589356800,1.08451,1.08657,1.08307,1.08652,0,2020-05-13 08:00:00
1589371200,1.08653,1.08965,1.08371,1.08384,0,2020-05-13 12:00:00
1589385600,1.08384,1.08462,1.08122,1.08153,0,2020-05-13 16:00:00
1589400000,1.08153,1.08205,1.08116,1.0818,0,2020-05-13 20:00:00
1589414400,1.0818,1.08239,1.08086,1.08148,0,2020-05-14 00:00:00
1589428800,1.08148,1.08153,1.08014,1.08075,0,2020-05-14 04:00:00
1589443200,1.08076,1.08202,1.07831,1.07916,0,2020-05-14 08:00:00
1589457600,1.07917,1.08163,1.07748,1.08114,0,2020-05-14 12:00:00
1589472000,1.08115,1.0815,1.078,1.07833,0,2020-05-14 16:00:00
1589486400,1.07831,1.08071,1.07817,1.08032,0,2020-05-14 20:00:00
1589500800,1.08034,1.08079,1.07984,1.08029,0,2020-05-15 00:00:00
1589515200,1.08029,1.081,1.07955,1.07992,0,2020-05-15 04:00:00
1589529600,1.07988,1.08195,1.07932,1.08102,0,2020-05-15 08:00:00
1589544000,1.08101,1.08509,1.07888,1.08191,0,2020-05-15 12:00:00
1589558400,1.08193,1.08254,1.08037,1.08141,0,2020-05-15 16:00:00
1589572800,1.08142,1.08222,1.0812,1.08183,0,2020-05-15 20:00:00
1589745600,1.08088,1.08231,1.08067,1.08208,0,2020-05-17 20:00:00
1589760000,1.08209,1.08268,1.08143,1.08253,0,2020-05-18 00:00:00
1589774400,1.08252,1.08284,1.08168,1.08195,0,2020-05-18 04:00:00
1589788800,1.08195,1.08252,1.07999,1.08116,0,2020-05-18 08:00:00
1589803200,1.08115,1.08696,1.0809,1.08571,0,2020-05-18 12:00:00
1589817600,1.08572,1.0927,1.0853,1.0914,0,2020-05-18 16:00:00
1589832000,1.0914,1.09213,1.09116,1.09164,0,2020-05-18 20:00:00
1589846400,1.09167,1.09237,1.0905,1.0905,0,2020-05-19 00:00:00
1589860800,1.09051,1.09428,1.09021,1.09401,0,2020-05-19 04:00:00
1589875200,1.094,1.09759,1.09214,1.09681,0,2020-05-19 08:00:00
1589889600,1.09682,1.09686,1.0926,1.09479,0,2020-05-19 12:00:00
1589904000,1.09478,1.0954,1.09242,1.09463,0,2020-05-19 16:00:00
1589918400,1.09462,1.09476,1.09185,1.09242,0,2020-05-19 20:00:00
1589932800,1.09241,1.09452,1.09226,1.0937,0,2020-05-20 00:00:00
1589947200,1.09371,1.09491,1.0937,1.09421,0,2020-05-20 04:00:00
1589961600,1.09421,1.096,1.09379,1.09537,0,2020-05-20 08:00:00
1589976000,1.09537,1.09989,1.09492,1.09911,0,2020-05-20 12:00:00
1589990400,1.09912,1.09957,1.09711,1.09856,0,2020-05-20 16:00:00
1590004800,1.09855,1.09874,1.09748,1.0979,0,2020-05-20 20:00:00
1590019200,1.09789,1.09806,1.09565,1.09631,0,2020-05-21 00:00:00
1590033600,1.09631,1.09672,1.09523,1.09668,0,2020-05-21 04:00:00
1590048000,1.09668,1.09924,1.09565,1.09849,0,2020-05-21 08:00:00
1590062400,1.0985,1.10083,1.09371,1.09389,0,2020-05-21 12:00:00
1590076800,1.09389,1.09685,1.09386,1.09555,0,2020-05-21 16:00:00
1590091200,1.09554,1.09615,1.09417,1.09505,0,2020-05-21 20:00:00
1590105600,1.09506,1.09535,1.09362,1.09413,0,2020-05-22 00:00:00
1590120000,1.09413,1.0943,1.09188,1.09266,0,2020-05-22 04:00:00
1590134400,1.09266,1.09285,1.08871,1.09031,0,2020-05-22 08:00:00
1590148800,1.09031,1.09132,1.08852,1.08906,0,2020-05-22 12:00:00
1590163200,1.08906,1.09004,1.08873,1.08972,0,2020-05-22 16:00:00
1590177600,1.08973,1.09057,1.08961,1.0898,0,2020-05-22 20:00:00
1590350400,1.08956,1.09054,1.08951,1.09039,0,2020-05-24 20:00:00
1590364800,1.0904,1.09086,1.08872,1.08874,0,2020-05-25 00:00:00
1590379200,1.08876,1.08932,1.08742,1.08786,0,2020-05-25 04:00:00
1590393600,1.08786,1.09042,1.08706,1.09002,0,2020-05-25 08:00:00
1590408000,1.09003,1.09144,1.08898,1.08925,0,2020-05-25 12:00:00
1590422400,1.08925,1.08992,1.08915,1.08982,0,2020-05-25 16:00:00
1590436800,1.08981,1.08994,1.08919,1.08947,0,2020-05-25 20:00:00
1590451200,1.08946,1.09143,1.08945,1.09119,0,2020-05-26 00:00:00
1590465600,1.09117,1.09295,1.09106,1.09184,0,2020-05-26 04:00:00
1590480000,1.09183,1.09731,1.09145,1.09537,0,2020-05-26 08:00:00
1590494400,1.09537,1.09898,1.0952,1.09867,0,2020-05-26 12:00:00
1590508800,1.09868,1.09946,1.09678,1.09938,0,2020-05-26 16:00:00
1590523200,1.09939,1.09957,1.09748,1.09819,0,2020-05-26 20:00:00
1590537600,1.09818,1.0985,1.09551,1.09596,0,2020-05-27 00:00:00
1590552000,1.09598,1.09655,1.09511,1.09572,0,2020-05-27 04:00:00
1590566400,1.09572,1.10307,1.0934,1.10161,0,2020-05-27 08:00:00
1590580800,1.10162,1.10299,1.09714,1.09732,0,2020-05-27 12:00:00
1590595200,1.09731,1.09933,1.09552,1.09901,0,2020-05-27 16:00:00
1590609600,1.099,1.10132,1.09875,1.10131,0,2020-05-27 20:00:00
1590624000,1.10131,1.10351,1.10097,1.1018,0,2020-05-28 00:00:00
1590638400,1.10181,1.10305,1.10056,1.102,0,2020-05-28 04:00:00
1590652800,1.10199,1.10216,1.09916,1.10071,0,2020-05-28 08:00:00
1590667200,1.10073,1.10598,1.10001,1.1055,0,2020-05-28 12:00:00
1590681600,1.10551,1.10899,1.10501,1.10886,0,2020-05-28 16:00:00
1590696000,1.10887,1.10934,1.10669,1.10738,0,2020-05-28 20:00:00
1590710400,1.10737,1.1089,1.10698,1.10881,0,2020-05-29 00:00:00
1590724800,1.10881,1.11108,1.10838,1.10994,0,2020-05-29 04:00:00
1590739200,1.10993,1.11407,1.10894,1.11304,0,2020-05-29 08:00:00
1590753600,1.11305,1.11451,1.11012,1.11254,0,2020-05-29 12:00:00
1590768000,1.11256,1.11283,1.10809,1.10993,0,2020-05-29 16:00:00
1590782400,1.10995,1.11085,1.10859,1.11036,0,2020-05-29 20:00:00
1590955200,1.11129,1.11194,1.11023,1.11118,0,2020-05-31 20:00:00
1590969600,1.11119,1.11402,1.11113,1.11373,0,2020-06-01 00:00:00
1590984000,1.11371,1.11504,1.11303,1.11369,0,2020-06-01 04:00:00
1590998400,1.11369,1.1154,1.11004,1.11059,0,2020-06-01 08:00:00
1591012800,1.11058,1.11384,1.11008,1.1137,0,2020-06-01 12:00:00
1591027200,1.11371,1.11404,1.11128,1.11324,0,2020-06-01 16:00:00
1591041600,1.11323,1.11363,1.1129,1.11322,0,2020-06-01 20:00:00
1591056000,1.11323,1.11384,1.11189,1.11239,0,2020-06-02 00:00:00
1591070400,1.11239,1.11379,1.11151,1.11185,0,2020-06-02 04:00:00
1591084800,1.11184,1.11877,1.11163,1.11684,0,2020-06-02 08:00:00
1591099200,1.11685,1.11959,1.11547,1.11836,0,2020-06-02 12:00:00
1591113600,1.11836,1.11879,1.11636,1.1172,0,2020-06-02 16:00:00
1591128000,1.1172,1.11743,1.1161,1.11729,0,2020-06-02 20:00:00
1591142400,1.1173,1.12012,1.1169,1.11953,0,2020-06-03 00:00:00
1591156800,1.11953,1.12138,1.11935,1.12091,0,2020-06-03 04:00:00
1591171200,1.1209,1.12275,1.1191,1.11998,0,2020-06-03 08:00:00
1591185600,1.11999,1.12364,1.11838,1.12167,0,2020-06-03 12:00:00
1591200000,1.12169,1.12514,1.12158,1.12376,0,2020-06-03 16:00:00
1591214400,1.12377,1.12577,1.12296,1.1232,0,2020-06-03 20:00:00
1591228800,1.12321,1.12365,1.12135,1.12142,0,2020-06-04 00:00:00
1591243200,1.12141,1.12212,1.12003,1.12117,0,2020-06-04 04:00:00
1591257600,1.12117,1.12125,1.11947,1.12047,0,2020-06-04 08:00:00
1591272000,1.12048,1.13509,1.11952,1.13434,0,2020-06-04 12:00:00
1591286400,1.13436,1.13623,1.13123,1.13482,0,2020-06-04 16:00:00
1591300800,1.13481,1.13508,1.1326,1.13382,0,2020-06-04 20:00:00
1591315200,1.13382,1.13444,1.13258,1.13318,0,2020-06-05 00:00:00
1591329600,1.13318,1.13836,1.13314,1.13732,0,2020-06-05 04:00:00
1591344000,1.13733,1.13809,1.1317,1.13282,0,2020-06-05 08:00:00
1591358400,1.13286,1.13435,1.12824,1.13119,0,2020-06-05 12:00:00
1591372800,1.13118,1.13193,1.12789,1.12937,0,2020-06-05 16:00:00
1591387200,1.12941,1.12995,1.12784,1.12911,0,2020-06-05 20:00:00
1591560000,1.12934,1.13066,1.1293,1.13016,0,2020-06-07 20:00:00
1591574400,1.13014,1.13198,1.12849,1.12891,0,2020-06-08 00:00:00
1591588800,1.12893,1.12965,1.12811,1.12942,0,2020-06-08 04:00:00
1591603200,1.12941,1.13157,1.12699,1.12709,0,2020-06-08 08:00:00
1591617600,1.12709,1.13185,1.12682,1.13007,0,2020-06-08 12:00:00
1591632000,1.13008,1.13111,1.12852,1.13036,0,2020-06-08 16:00:00
1591646400,1.13036,1.13045,1.12896,1.12946,0,2020-06-08 20:00:00
1591660800,1.12948,1.1315,1.12839,1.12874,0,2020-06-09 00:00:00
1591675200,1.12874,1.12961,1.12657,1.12679,0,2020-06-09 04:00:00
1591689600,1.1268,1.12832,1.12409,1.12818,0,2020-06-09 08:00:00
1591704000,1.12819,1.13575,1.12688,1.13539,0,2020-06-09 12:00:00
1591718400,1.13538,1.13638,1.13325,1.13448,0,2020-06-09 16:00:00
1591732800,1.13448,1.13449,1.13311,1.13388,0,2020-06-09 20:00:00
1591747200,1.13388,1.1346,1.13315,1.13432,0,2020-06-10 00:00:00
1591761600,1.13432,1.13697,1.13405,1.13511,0,2020-06-10 04:00:00
1591776000,1.1351,1.13756,1.13432,1.13652,0,2020-06-10 08:00:00
1591790400,1.13651,1.13894,1.1345,1.135,0,2020-06-10 12:00:00
1591804800,1.13501,1.14224,1.13219,1.13909,0,2020-06-10 16:00:00
1591819200,1.13909,1.14156,1.13613,1.13771,0,2020-06-10 20:00:00
1591833600,1.1377,1.13952,1.13638,1.13874,0,2020-06-11 00:00:00
1591848000,1.13874,1.13889,1.13251,1.13601,0,2020-06-11 04:00:00
1591862400,1.13601,1.14014,1.13431,1.13723,0,2020-06-11 08:00:00
1591876800,1.13725,1.14036,1.13363,1.13811,0,2020-06-11 12:00:00
1591891200,1.13812,1.13983,1.12978,1.13008,0,2020-06-11 16:00:00
1591905600,1.13007,1.13142,1.1287,1.12984,0,2020-06-11 20:00:00
1591920000,1.12984,1.12999,1.12765,1.12887,0,2020-06-12 00:00:00
1591934400,1.12887,1.13159,1.12873,1.13042,0,2020-06-12 04:00:00
1591948800,1.13042,1.13405,1.12955,1.13027,0,2020-06-12 08:00:00
1591963200,1.13025,1.13229,1.12387,1.12464,0,2020-06-12 12:00:00
1591977600,1.12462,1.12584,1.12125,1.12309,0,2020-06-12 16:00:00
1591992000,1.12309,1.12619,1.12309,1.1255,0,2020-06-12 20:00:00
1592164800,1.12329,1.12517,1.12262,1.12467,0,2020-06-14 20:00:00
1592179200,1.12468,1.12611,1.12426,1.12526,0,2020-06-15 00:00:00
1592193600,1.12527,1.12682,1.12267,1.1231,0,2020-06-15 04:00:00
1592208000,1.1231,1.12675,1.12299,1.1246,0,2020-06-15 08:00:00
1592222400,1.12461,1.12938,1.12404,1.12736,0,2020-06-15 12:00:00
1592236800,1.12737,1.13324,1.12601,1.13148,0,2020-06-15 16:00:00
1592251200,1.1315,1.13309,1.13073,1.13293,0,2020-06-15 20:00:00
1592265600,1.13293,1.13483,1.13257,1.13454,0,2020-06-16 00:00:00
1592280000,1.13452,1.13477,1.13279,1.13462,0,2020-06-16 04:00:00
1592294400,1.13461,1.13532,1.13103,1.13155,0,2020-06-16 08:00:00
1592308800,1.13155,1.13197,1.12316,1.12374,0,2020-06-16 12:00:00
1592323200,1.12374,1.12732,1.12278,1.12723,0,2020-06-16 16:00:00
1592337600,1.12722,1.12724,1.12532,1.1259,0,2020-06-16 20:00:00
1592352000,1.1259,1.12731,1.12549,1.12642,0,2020-06-17 00:00:00
1592366400,1.12642,1.12854,1.12615,1.12803,0,2020-06-17 04:00:00
1592380800,1.12806,1.12939,1.12244,1.1242,0,2020-06-17 08:00:00
1592395200,1.1242,1.12547,1.12068,1.12195,0,2020-06-17 12:00:00
1592409600,1.12194,1.12401,1.12091,1.12307,0,2020-06-17 16:00:00
1592424000,1.12305,1.12475,1.12286,1.12444,0,2020-06-17 20:00:00
1592438400,1.12444,1.12499,1.12249,1.12393,0,2020-06-18 00:00:00
1592452800,1.12393,1.12612,1.12393,1.12541,0,2020-06-18 04:00:00
1592467200,1.1254,1.12613,1.123,1.12549,0,2020-06-18 08:00:00
1592481600,1.12549,1.12585,1.12026,1.1221,0,2020-06-18 12:00:00
1592496000,1.1221,1.12324,1.11854,1.12088,0,2020-06-18 16:00:00
1592510400,1.12085,1.12129,1.11996,1.12089,0,2020-06-18 20:00:00
1592524800,1.1209,1.12132,1.11988,1.12106,0,2020-06-19 00:00:00
1592539200,1.12105,1.12217,1.12055,1.12167,0,2020-06-19 04:00:00
1592553600,1.12166,1.12195,1.11944,1.12038,0,2020-06-19 08:00:00
1592568000,1.12037,1.12542,1.1168,1.11817,0,2020-06-19 12:00:00
1592582400,1.11819,1.12152,1.11747,1.11851,0,2020-06-19 16:00:00
1592596800,1.11851,1.1189,1.11719,1.11759,0,2020-06-19 20:00:00
1592769600,1.11835,1.11874,1.1175,1.11806,0,2020-06-21 20:00:00
1592784000,1.11806,1.11967,1.11684,1.11911,0,2020-06-22 00:00:00
1592798400,1.11909,1.12065,1.11886,1.1194,0,2020-06-22 04:00:00
1592812800,1.11943,1.12265,1.1188,1.12136,0,2020-06-22 08:00:00
1592827200,1.12136,1.12698,1.12031,1.12483,0,2020-06-22 12:00:00
1592841600,1.12483,1.12637,1.12466,1.12608,0,2020-06-22 16:00:00
1592856000,1.12606,1.12748,1.12528,1.12727,0,2020-06-22 20:00:00
1592870400,1.12727,1.12809,1.1233,1.12748,0,2020-06-23 00:00:00
1592884800,1.12749,1.12761,1.12565,1.12698,0,2020-06-23 04:00:00
1592899200,1.12699,1.13058,1.12659,1.1292,0,2020-06-23 08:00:00
1592913600,1.1292,1.13486,1.12855,1.13333,0,2020-06-23 12:00:00
1592928000,1.13336,1.13372,1.13068,1.13118,0,2020-06-23 16:00:00
1592942400,1.13119,1.13125,1.13018,1.13079,0,2020-06-23 20:00:00
1592956800,1.13081,1.13257,1.13073,1.13178,0,2020-06-24 00:00:00
1592971200,1.13177,1.1325,1.13125,1.13174,0,2020-06-24 04:00:00
1592985600,1.13174,1.13228,1.12685,1.1307,0,2020-06-24 08:00:00
1593000000,1.1307,1.13111,1.12572,1.12774,0,2020-06-24 12:00:00
1593014400,1.12776,1.1281,1.12551,1.12585,0,2020-06-24 16:00:00
1593028800,1.12586,1.12642,1.12482,1.12522,0,2020-06-24 20:00:00
1593043200,1.12522,1.12597,1.12426,1.12455,0,2020-06-25 00:00:00
1593057600,1.12455,1.12535,1.1235,1.12371,0,2020-06-25 04:00:00
1593072000,1.12371,1.12506,1.12062,1.12079,0,2020-06-25 08:00:00
1593086400,1.12079,1.12314,1.11903,1.1213,0,2020-06-25 12:00:00
1593100800,1.12131,1.12303,1.12102,1.12159,0,2020-06-25 16:00:00
1593115200,1.12159,1.12292,1.12132,1.12211,0,2020-06-25 20:00:00
1593129600,1.12211,1.12237,1.12081,1.122,0,2020-06-26 00:00:00
1593144000,1.12201,1.12263,1.12059,1.12082,0,2020-06-26 04:00:00
1593158400,1.12083,1.12393,1.1205,1.12264,0,2020-06-26 08:00:00
1593172800,1.12262,1.1232,1.11951,1.12032,0,2020-06-26 12:00:00
1593187200,1.12034,1.12384,1.11999,1.12268,0,2020-06-26 16:00:00
1593201600,1.12268,1.12306,1.12162,1.1217,0,2020-06-26 20:00:00
1593374400,1.12149,1.1228,1.12149,1.12243,0,2020-06-28 20:00:00
1593388800,1.12243,1.12468,1.12197,1.12426,0,2020-06-29 00:00:00
1593403200,1.12427,1.12668,1.12381,1.12578,0,2020-06-29 04:00:00
1593417600,1.12579,1.12879,1.12404,1.12862,0,2020-06-29 08:00:00
1593432000,1.12862,1.1287,1.12304,1.12455,0,2020-06-29 12:00:00
1593446400,1.12456,1.12534,1.12193,1.12349,0,2020-06-29 16:00:00
1593460800,1.12348,1.12493,1.12296,1.12487,0,2020-06-29 20:00:00
1593475200,1.12486,1.12517,1.12346,1.12417,0,2020-06-30 00:00:00
1593489600,1.12418,1.12461,1.12039,1.12129,0,2020-06-30 04:00:00
1593504000,1.12128,1.12278,1.11984,1.12094,0,2020-06-30 08:00:00
1593518400,1.12092,1.12364,1.1191,1.12326,0,2020-06-30 12:00:00
1593532800,1.12328,1.12619,1.12296,1.12327,0,2020-06-30 16:00:00
1593547200,1.12327,1.12387,1.12263,1.12349,0,2020-06-30 20:00:00
1593561600,1.12348,1.12406,1.12275,1.12382,0,2020-07-01 00:00:00
1593576000,1.12382,1.12388,1.12151,1.12333,0,2020-07-01 04:00:00
1593590400,1.12331,1.12448,1.12002,1.1205,0,2020-07-01 08:00:00
1593604800,1.1205,1.12751,1.11848,1.12605,0,2020-07-01 12:00:00
1593619200,1.12606,1.12697,1.12451,1.12452,0,2020-07-01 16:00:00
1593633600,1.12451,1.12572,1.12432,1.1252,0,2020-07-01 20:00:00
1593648000,1.12521,1.1261,1.12475,1.12603,0,2020-07-02 00:00:00
1593662400,1.12604,1.12758,1.12557,1.1269,0,2020-07-02 04:00:00
1593676800,1.12691,1.13026,1.12619,1.12793,0,2020-07-02 08:00:00
1593691200,1.12792,1.12974,1.12257,1.12292,0,2020-07-02 12:00:00
1593705600,1.12294,1.12452,1.12233,1.1234,0,2020-07-02 16:00:00
1593720000,1.1234,1.12419,1.12327,1.12413,0,2020-07-02 20:00:00
1593734400,1.12415,1.12492,1.12331,1.1245,0,2020-07-03 00:00:00
1593748800,1.12449,1.12476,1.12275,1.124,0,2020-07-03 04:00:00
1593763200,1.12401,1.12468,1.12192,1.1234,0,2020-07-03 08:00:00
1593777600,1.1234,1.12481,1.12201,1.12416,0,2020-07-03 12:00:00
1593792000,1.12416,1.12462,1.12357,1.12445,0,2020-07-03 16:00:00
1593806400,1.12445,1.12518,1.1237,1.12464,0,2020-07-03 20:00:00
1593979200,1.12433,1.12466,1.12411,1.12449,0,2020-07-05 20:00:00
1593993600,1.12452,1.12792,1.12445,1.12772,0,2020-07-06 00:00:00
1594008000,1.12774,1.13026,1.12764,1.12914,0,2020-07-06 04:00:00
1594022400,1.12915,1.13018,1.1281,1.12959,0,2020-07-06 08:00:00
1594036800,1.12959,1.13454,1.12936,1.13173,0,2020-07-06 12:00:00
1594051200,1.13174,1.1319,1.13024,1.1315,0,2020-07-06 16:00:00
1594065600,1.1315,1.13158,1.13055,1.13105,0,2020-07-06 20:00:00
1594080000,1.13104,1.13325,1.13063,1.13074,0,2020-07-07 00:00:00
1594094400,1.13073,1.13159,1.12916,1.12937,0,2020-07-07 04:00:00
1594108800,1.12937,1.12958,1.12588,1.12776,0,2020-07-07 08:00:00
1594123200,1.12776,1.13068,1.12714,1.1284,0,2020-07-07 12:00:00
1594137600,1.1284,1.13036,1.12828,1.12858,0,2020-07-07 16:00:00
1594152000,1.12858,1.12867,1.12685,1.12739,0,2020-07-07 20:00:00
1594166400,1.12739,1.12825,1.12649,1.12786,0,2020-07-08 00:00:00
1594180800,1.12786,1.12825,1.12623,1.12761,0,2020-07-08 04:00:00
1594195200,1.12759,1.12942,1.12659,1.12821,0,2020-07-08 08:00:00
1594209600,1.12822,1.1343,1.1276,1.13277,0,2020-07-08 12:00:00
1594224000,1.13277,1.13518,1.13149,1.13355,0,2020-07-08 16:00:00
1594238400,1.13355,1.13365,1.13263,1.13324,0,2020-07-08 20:00:00
1594252800,1.13323,1.13473,1.13275,1.13465,0,2020-07-09 00:00:00
1594267200,1.13464,1.13706,1.13434,1.13555,0,2020-07-09 04:00:00
1594281600,1.13555,1.13617,1.13162,1.13222,0,2020-07-09 08:00:00
1594296000,1.13224,1.13486,1.12902,1.12953,0,2020-07-09 12:00:00
1594310400,1.12953,1.13041,1.12853,1.12969,0,2020-07-09 16:00:00
1594324800,1.12971,1.12971,1.12801,1.12873,0,2020-07-09 20:00:00
1594339200,1.12873,1.12901,1.12693,1.12725,0,2020-07-10 00:00:00
1594353600,1.12726,1.12748,1.12579,1.12648,0,2020-07-10 04:00:00
1594368000,1.12648,1.12974,1.12547,1.12937,0,2020-07-10 08:00:00
1594382400,1.1294,1.13247,1.12735,1.13195,0,2020-07-10 12:00:00
1594396800,1.13195,1.13199,1.12951,1.12981,0,2020-07-10 16:00:00
1594411200,1.12981,1.13037,1.12949,1.1299,0,2020-07-10 20:00:00
1594584000,1.13039,1.13158,1.13026,1.13157,0,2020-07-12 20:00:00
1594598400,1.13157,1.13266,1.13036,1.13243,0,2020-07-13 00:00:00
1594612800,1.13244,1.1336,1.13208,1.13307,0,2020-07-13 04:00:00
1594627200,1.13306,1.1335,1.13008,1.13296,0,2020-07-13 08:00:00
1594641600,1.13295,1.13701,1.1324,1.13675,0,2020-07-13 12:00:00
1594656000,1.13675,1.13748,1.13512,1.13526,0,2020-07-13 16:00:00
1594670400,1.13526,1.13572,1.13414,1.13447,0,2020-07-13 20:00:00
1594684800,1.13448,1.13502,1.13352,1.13387,0,2020-07-14 00:00:00
1594699200,1.13387,1.13488,1.13369,1.13428,0,2020-07-14 04:00:00
1594713600,1.13431,1.13734,1.13251,1.13705,0,2020-07-14 08:00:00
1594728000,1.13704,1.14056,1.13612,1.13991,0,2020-07-14 12:00:00
1594742400,1.13991,1.14086,1.13923,1.13933,0,2020-07-14 16:00:00
1594756800,1.13934,1.14123,1.13868,1.14087,0,2020-07-14 20:00:00
1594771200,1.14088,1.1423,1.14,1.14026,0,2020-07-15 00:00:00
1594785600,1.14026,1.14138,1.1391,1.14054,0,2020-07-15 04:00:00
1594800000,1.14055,1.14476,1.13985,1.14409,0,2020-07-15 08:00:00
1594814400,1.1441,1.1452,1.14102,1.14176,0,2020-07-15 12:00:00
1594828800,1.14175,1.14241,1.14014,1.14057,0,2020-07-15 16:00:00
1594843200,1.14057,1.14142,1.14028,1.14117,0,2020-07-15 20:00:00
1594857600,1.14118,1.14185,1.14002,1.14031,0,2020-07-16 00:00:00
1594872000,1.14031,1.14072,1.13928,1.13977,0,2020-07-16 04:00:00
1594886400,1.13979,1.14154,1.13781,1.13949,0,2020-07-16 08:00:00
1594900800,1.13949,1.14417,1.13941,1.14323,0,2020-07-16 12:00:00
1594915200,1.14324,1.14357,1.13751,1.13788,0,2020-07-16 16:00:00
1594929600,1.13788,1.1385,1.13704,1.13846,0,2020-07-16 20:00:00
1594944000,1.13847,1.13931,1.13774,1.1385,0,2020-07-17 00:00:00
1594958400,1.1385,1.13935,1.13779,1.13821,0,2020-07-17 04:00:00
1594972800,1.13821,1.14286,1.13796,1.14283,0,2020-07-17 08:00:00
1594987200,1.14284,1.14398,1.14161,1.14216,0,2020-07-17 12:00:00
1595001600,1.14216,1.14436,1.14206,1.14368,0,2020-07-17 16:00:00
1595016000,1.14367,1.14417,1.14227,1.14269,0,2020-07-17 20:00:00
1595188800,1.14084,1.1443,1.14084,1.14354,0,2020-07-19 20:00:00
1595203200,1.14355,1.14456,1.14126,1.14177,0,2020-07-20 00:00:00
1595217600,1.14178,1.14669,1.14145,1.14577,0,2020-07-20 04:00:00
1595232000,1.14578,1.14677,1.14409,1.14522,0,2020-07-20 08:00:00
1595246400,1.14522,1.14642,1.14023,1.14397,0,2020-07-20 12:00:00
1595260800,1.14397,1.14484,1.14332,1.14406,0,2020-07-20 16:00:00
1595275200,1.14407,1.14488,1.14394,1.14462,0,2020-07-20 20:00:00
1595289600,1.14463,1.14639,1.14461,1.14598,0,2020-07-21 00:00:00
1595304000,1.14599,1.14696,1.14228,1.14457,0,2020-07-21 04:00:00
1595318400,1.14458,1.14667,1.14289,1.14379,0,2020-07-21 08:00:00
1595332800,1.1438,1.14889,1.14249,1.14873,0,2020-07-21 12:00:00
1595347200,1.14874,1.15398,1.14828,1.15307,0,2020-07-21 16:00:00
1595361600,1.15308,1.15345,1.15195,1.15321,0,2020-07-21 20:00:00
1595376000,1.15324,1.15457,1.15293,1.15453,0,2020-07-22 00:00:00
1595390400,1.15453,1.1547,1.15191,1.15316,0,2020-07-22 04:00:00
1595404800,1.15315,1.15836,1.15068,1.15685,0,2020-07-22 08:00:00
1595419200,1.15686,1.16013,1.15562,1.15935,0,2020-07-22 12:00:00
1595433600,1.15936,1.15938,1.15627,1.15689,0,2020-07-22 16:00:00
1595448000,1.15691,1.1579,1.15663,1.15697,0,2020-07-22 20:00:00
1595462400,1.15697,1.15765,1.15641,1.15677,0,2020-07-23 00:00:00
1595476800,1.15677,1.15936,1.15674,1.15912,0,2020-07-23 04:00:00
1595491200,1.15911,1.15983,1.15704,1.15869,0,2020-07-23 08:00:00
1595505600,1.15869,1.16091,1.15403,1.15954,0,2020-07-23 12:00:00
1595520000,1.15953,1.16268,1.15814,1.16086,0,2020-07-23 16:00:00
1595534400,1.16085,1.16095,1.15887,1.16024,0,2020-07-23 20:00:00
1595548800,1.16023,1.1621,1.15923,1.16149,0,2020-07-24 00:00:00
1595563200,1.16149,1.16183,1.15901,1.16142,0,2020-07-24 04:00:00
1595577600,1.16142,1.16213,1.15812,1.15837,0,2020-07-24 08:00:00
1595592000,1.15836,1.16385,1.15828,1.1625,0,2020-07-24 12:00:00
1595606400,1.16251,1.16475,1.16212,1.16361,0,2020-07-24 16:00:00
1595620800,1.1636,1.1658,1.16342,1.16546,0,2020-07-24 20:00:00
1595793600,1.1643,1.16549,1.16413,1.16523,0,2020-07-26 20:00:00
1595808000,1.16525,1.17158,1.16421,1.17101,0,2020-07-27 00:00:00
1595822400,1.17101,1.1725,1.16951,1.17088,0,2020-07-27 04:00:00
1595836800,1.17088,1.17329,1.16818,1.17263,0,2020-07-27 08:00:00
1595851200,1.17263,1.17782,1.17176,1.17772,0,2020-07-27 12:00:00
1595865600,1.1777,1.17813,1.17433,1.17502,0,2020-07-27 16:00:00
1595880000,1.17501,1.17641,1.17423,1.17634,0,2020-07-27 20:00:00
1595894400,1.17633,1.17736,1.17432,1.17446,0,2020-07-28 00:00:00
1595908800,1.17447,1.17471,1.17141,1.17271,0,2020-07-28 04:00:00
1595923200,1.17272,1.17402,1.16987,1.17377,0,2020-07-28 08:00:00
1595937600,1.17378,1.1743,1.17001,1.17289,0,2020-07-28 12:00:00
1595952000,1.17291,1.17372,1.17124,1.17238,0,2020-07-28 16:00:00
1595966400,1.17239,1.17242,1.17118,1.17199,0,2020-07-28 20:00:00
1595980800,1.17199,1.17313,1.17139,1.17283,0,2020-07-29 00:00:00
1595995200,1.17283,1.17508,1.17245,1.17474,0,2020-07-29 04:00:00
1596009600,1.17475,1.17699,1.17417,1.17462,0,2020-07-29 08:00:00
1596024000,1.17461,1.17783,1.17184,1.17747,0,2020-07-29 12:00:00
1596038400,1.17749,1.18061,1.17579,1.17664,0,2020-07-29 16:00:00
1596052800,1.17666,1.17971,1.17539,1.17897,0,2020-07-29 20:00:00
1596067200,1.17895,1.17897,1.17656,1.1777,0,2020-07-30 00:00:00
1596081600,1.1777,1.1785,1.17493,1.17564,0,2020-07-30 04:00:00
1596096000,1.17563,1.17648,1.17308,1.17469,0,2020-07-30 08:00:00
1596110400,1.1747,1.18097,1.17423,1.17951,0,2020-07-30 12:00:00
1596124800,1.17953,1.18385,1.17749,1.18385,0,2020-07-30 16:00:00
1596139200,1.18386,1.18486,1.18365,1.18479,0,2020-07-30 20:00:00
1596153600,1.18481,1.19047,1.1843,1.18904,0,2020-07-31 00:00:00
1596168000,1.18904,1.19087,1.18769,1.19014,0,2020-07-31 04:00:00
1596182400,1.19013,1.19036,1.18383,1.18497,0,2020-07-31 08:00:00
1596196800,1.18498,1.18523,1.18018,1.1831,0,2020-07-31 12:00:00
1596211200,1.18308,1.18395,1.17617,1.17885,0,2020-07-31 16:00:00
1596225600,1.17885,1.17927,1.17693,1.17753,0,2020-07-31 20:00:00
1596398400,1.17725,1.17963,1.17717,1.17942,0,2020-08-02 20:00:00
1596412800,1.17943,1.17966,1.17405,1.17677,0,2020-08-03 00:00:00
1596427200,1.17681,1.17821,1.17488,1.175,0,2020-08-03 04:00:00
1596441600,1.175,1.17849,1.17139,1.17248,0,2020-08-03 08:00:00
1596456000,1.17248,1.17432,1.16959,1.17379,0,2020-08-03 12:00:00
1596470400,1.17379,1.17631,1.17335,1.1759,0,2020-08-03 16:00:00
1596484800,1.17589,1.17678,1.17567,1.17603,0,2020-08-03 20:00:00
1596499200,1.17603,1.17733,1.17521,1.17721,0,2020-08-04 00:00:00
1596513600,1.1772,1.178,1.17635,1.17768,0,2020-08-04 04:00:00
1596528000,1.17767,1.18059,1.1768,1.17699,0,2020-08-04 08:00:00
1596542400,1.177,1.17732,1.17211,1.17565,0,2020-08-04 12:00:00
1596556800,1.17566,1.17913,1.17506,1.17823,0,2020-08-04 16:00:00
1596571200,1.1782,1.1803,1.17819,1.17979,0,2020-08-04 20:00:00
1596585600,1.17981,1.18214,1.17943,1.18196,0,2020-08-05 00:00:00
1596600000,1.18197,1.18259,1.17992,1.18243,0,2020-08-05 04:00:00
1596614400,1.18242,1.18616,1.18067,1.18336,0,2020-08-05 08:00:00
1596628800,1.18337,1.19002,1.18327,1.18816,0,2020-08-05 12:00:00
1596643200,1.18815,1.19048,1.18544,1.18599,0,2020-08-05 16:00:00
1596657600,1.186,1.18759,1.18556,1.18724,0,2020-08-05 20:00:00
1596672000,1.18724,1.18859,1.18627,1.18634,0,2020-08-06 00:00:00
1596686400,1.18635,1.1916,1.1863,1.18803,0,2020-08-06 04:00:00
1596700800,1.18802,1.18802,1.1838,1.18426,0,2020-08-06 08:00:00
1596715200,1.18428,1.18664,1.18179,1.18436,0,2020-08-06 12:00:00
1596729600,1.18438,1.18935,1.18383,1.1874,0,2020-08-06 16:00:00
1596744000,1.1874,1.18828,1.18633,1.18812,0,2020-08-06 20:00:00
1596758400,1.18812,1.18818,1.1832,1.18385,0,2020-08-07 00:00:00
1596772800,1.18385,1.18477,1.18195,1.18312,0,2020-08-07 04:00:00
1596787200,1.18311,1.18506,1.18092,1.18228,0,2020-08-07 08:00:00
1596801600,1.18226,1.18455,1.17551,1.17883,0,2020-08-07 12:00:00
1596816000,1.17884,1.17968,1.17664,1.17807,0,2020-08-07 16:00:00
1596830400,1.17806,1.17887,1.178,1.17862,0,2020-08-07 20:00:00
1597003200,1.17886,1.17896,1.17732,1.17758,0,2020-08-09 20:00:00
1597017600,1.17758,1.17982,1.17758,1.17927,0,2020-08-10 00:00:00
1597032000,1.17928,1.18006,1.1765,1.17659,0,2020-08-10 04:00:00
1597046400,1.1766,1.17756,1.1745,1.1746,0,2020-08-10 08:00:00
1597060800,1.1746,1.17917,1.17406,1.17657,0,2020-08-10 12:00:00
1597075200,1.17655,1.17718,1.17432,1.17438,0,2020-08-10 16:00:00
1597089600,1.17438,1.17448,1.17359,1.17414,0,2020-08-10 20:00:00
1597104000,1.17414,1.17503,1.17219,1.17446,0,2020-08-11 00:00:00
1597118400,1.17446,1.17564,1.17229,1.17334,0,2020-08-11 04:00:00
1597132800,1.17334,1.1808,1.17301,1.17908,0,2020-08-11 08:00:00
1597147200,1.1791,1.1807,1.17568,1.17653,0,2020-08-11 12:00:00
1597161600,1.17653,1.17884,1.17415,1.17451,0,2020-08-11 16:00:00
1597176000,1.17451,1.17466,1.17281,1.17433,0,2020-08-11 20:00:00
1597190400,1.17433,1.17436,1.17159,1.17202,0,2020-08-12 00:00:00
1597204800,1.17201,1.17385,1.1711,1.17256,0,2020-08-12 04:00:00
1597219200,1.17256,1.1779,1.17251,1.1778,0,2020-08-12 08:00:00
1597233600,1.1778,1.1817,1.17558,1.18051,0,2020-08-12 12:00:00
1597248000,1.18053,1.18057,1.17836,1.17838,0,2020-08-12 16:00:00
1597262400,1.17837,1.17904,1.17796,1.17875,0,2020-08-12 20:00:00
1597276800,1.17875,1.18171,1.17854,1.18099,0,2020-08-13 00:00:00
1597291200,1.181,1.18379,1.18004,1.18249,0,2020-08-13 04:00:00
1597305600,1.18248,1.18532,1.18154,1.18426,0,2020-08-13 08:00:00
1597320000,1.18426,1.18641,1.1823,1.18395,0,2020-08-13 12:00:00
1597334400,1.18395,1.18398,1.17934,1.17981,0,2020-08-13 16:00:00
1597348800,1.1798,1.18175,1.17968,1.18172,0,2020-08-13 20:00:00
1597363200,1.18172,1.18207,1.18015,1.18092,0,2020-08-14 00:00:00
1597377600,1.18091,1.18266,1.18023,1.18083,0,2020-08-14 04:00:00
1597392000,1.18083,1.1818,1.17817,1.18088,0,2020-08-14 08:00:00
1597406400,1.18087,1.18375,1.18062,1.18287,0,2020-08-14 12:00:00
1597420800,1.18288,1.18503,1.18243,1.18381,0,2020-08-14 16:00:00
1597435200,1.18381,1.1843,1.18339,1.18414,0,2020-08-14 20:00:00
1597608000,1.18389,1.18454,1.18324,1.18415,0,2020-08-16 20:00:00
1597622400,1.18416,1.18675,1.18412,1.18578,0,2020-08-17 00:00:00
1597636800,1.18574,1.18678,1.18519,1.1862,0,2020-08-17 04:00:00
1597651200,1.18621,1.18662,1.18286,1.18505,0,2020-08-17 08:00:00
1597665600,1.18509,1.18809,1.18339,1.18676,0,2020-08-17 12:00:00
1597680000,1.18674,1.18713,1.18568,1.18658,0,2020-08-17 16:00:00
1597694400,1.18657,1.18759,1.18636,1.18726,0,2020-08-17 20:00:00
1597708800,1.18726,1.18965,1.18711,1.18889,0,2020-08-18 00:00:00
1597723200,1.18892,1.1904,1.18834,1.18855,0,2020-08-18 04:00:00
1597737600,1.18854,1.19151,1.18824,1.19008,0,2020-08-18 08:00:00
1597752000,1.19006,1.19656,1.18977,1.19205,0,2020-08-18 12:00:00
1597766400,1.19205,1.19386,1.19179,1.19379,0,2020-08-18 16:00:00
1597780800,1.19378,1.19398,1.19277,1.19394,0,2020-08-18 20:00:00
1597795200,1.19395,1.19526,1.19321,1.19368,0,2020-08-19 00:00:00
1597809600,1.19368,1.19474,1.19277,1.19352,0,2020-08-19 04:00:00
1597824000,1.19351,1.19507,1.19221,1.19372,0,2020-08-19 08:00:00
1597838400,1.19373,1.19486,1.18962,1.19002,0,2020-08-19 12:00:00
1597852800,1.19003,1.1909,1.18302,1.18558,0,2020-08-19 16:00:00
1597867200,1.18556,1.18599,1.18365,1.18512,0,2020-08-19 20:00:00
1597881600,1.18513,1.18515,1.18312,1.18443,0,2020-08-20 00:00:00
1597896000,1.18443,1.18533,1.18326,1.18389,0,2020-08-20 04:00:00
1597910400,1.18388,1.18686,1.1812,1.18398,0,2020-08-20 08:00:00
1597924800,1.18398,1.1856,1.18019,1.18413,0,2020-08-20 12:00:00
1597939200,1.18412,1.18653,1.18385,1.1852,0,2020-08-20 16:00:00
1597953600,1.18519,1.18656,1.18495,1.18651,0,2020-08-20 20:00:00
1597968000,1.18651,1.18767,1.18628,1.18714,0,2020-08-21 00:00:00
1597982400,1.18717,1.18828,1.18652,1.18703,0,2020-08-21 04:00:00
1597996800,1.18703,1.18732,1.17833,1.18026,0,2020-08-21 08:00:00
1598011200,1.18026,1.18026,1.17541,1.17795,0,2020-08-21 12:00:00
1598025600,1.17795,1.17888,1.17616,1.17881,0,2020-08-21 16:00:00
1598040000,1.17881,1.17984,1.17855,1.17949,0,2020-08-21 20:00:00
1598212800,1.17911,1.18018,1.17911,1.18008,0,2020-08-23 20:00:00
1598227200,1.18015,1.18065,1.17905,1.17912,0,2020-08-24 00:00:00
1598241600,1.17911,1.18087,1.17845,1.18059,0,2020-08-24 04:00:00
1598256000,1.1806,1.18442,1.1803,1.18321,0,2020-08-24 08:00:00
1598270400,1.18322,1.18495,1.18107,1.18132,0,2020-08-24 12:00:00
1598284800,1.18132,1.18143,1.17915,1.1792,0,2020-08-24 16:00:00
1598299200,1.1792,1.17951,1.17841,1.17936,0,2020-08-24 20:00:00
1598313600,1.17938,1.18083,1.17841,1.18048,0,2020-08-25 00:00:00
1598328000,1.18046,1.18151,1.17987,1.17998,0,2020-08-25 04:00:00
1598342400,1.17999,1.18424,1.17979,1.18258,0,2020-08-25 08:00:00
1598356800,1.18257,1.18435,1.18037,1.18227,0,2020-08-25 12:00:00
1598371200,1.1823,1.18348,1.1805,1.18343,0,2020-08-25 16:00:00
1598385600,1.18342,1.18373,1.18305,1.18333,0,2020-08-25 20:00:00
1598400000,1.18333,1.1839,1.18176,1.18194,0,2020-08-26 00:00:00
1598414400,1.18194,1.1821,1.18069,1.18118,0,2020-08-26 04:00:00
1598428800,1.18119,1.18255,1.18005,1.1813,0,2020-08-26 08:00:00
1598443200,1.18131,1.18276,1.17721,1.18176,0,2020-08-26 12:00:00
1598457600,1.18175,1.18391,1.18104,1.18152,0,2020-08-26 16:00:00
1598472000,1.18153,1.18381,1.1815,1.18365,0,2020-08-26 20:00:00
1598486400,1.18367,1.18497,1.18256,1.18277,0,2020-08-27 00:00:00
1598500800,1.18276,1.18395,1.1824,1.18307,0,2020-08-27 04:00:00
1598515200,1.18308,1.18404,1.18017,1.18057,0,2020-08-27 08:00:00
1598529600,1.18055,1.19018,1.17623,1.17888,0,2020-08-27 12:00:00
1598544000,1.17887,1.18349,1.17795,1.18223,0,2020-08-27 16:00:00
1598558400,1.18224,1.18275,1.1818,1.18184,0,2020-08-27 20:00:00
1598572800,1.18185,1.18361,1.18109,1.18354,0,2020-08-28 00:00:00
1598587200,1.18355,1.18794,1.1835,1.1867,0,2020-08-28 04:00:00
1598601600,1.18669,1.19197,1.18666,1.19046,0,2020-08-28 08:00:00
1598616000,1.19047,1.19189,1.18673,1.18961,0,2020-08-28 12:00:00
1598630400,1.18962,1.19068,1.18839,1.18904,0,2020-08-28 16:00:00
1598644800,1.18904,1.19064,1.18836,1.19018,0,2020-08-28 20:00:00
1598817600,1.18998,1.19133,1.18996,1.19084,0,2020-08-30 20:00:00
1598832000,1.19085,1.19295,1.18966,1.19142,0,2020-08-31 00:00:00
1598846400,1.19142,1.19172,1.18937,1.19063,0,2020-08-31 04:00:00
1598860800,1.19064,1.19264,1.1884,1.19191,0,2020-08-31 08:00:00
1598875200,1.19192,1.1966,1.19184,1.19605,0,2020-08-31 12:00:00
1598889600,1.19605,1.19606,1.19334,1.19346,0,2020-08-31 16:00:00
1598904000,1.19344,1.194,1.19256,1.19371,0,2020-08-31 20:00:00
1598918400,1.19369,1.19945,1.19357,1.19911,0,2020-09-01 00:00:00
1598932800,1.19912,1.19972,1.1975,1.19765,0,2020-09-01 04:00:00
1598947200,1.19765,1.19968,1.19615,1.19873,0,2020-09-01 08:00:00
1598961600,1.19874,1.20113,1.1936,1.19633,0,2020-09-01 12:00:00
1598976000,1.19633,1.19662,1.19041,1.19099,0,2020-09-01 16:00:00
1598990400,1.191,1.19213,1.19013,1.19178,0,2020-09-01 20:00:00
1599004800,1.19179,1.19287,1.18918,1.19056,0,2020-09-02 00:00:00
1599019200,1.19055,1.19134,1.18907,1.19032,0,2020-09-02 04:00:00
1599033600,1.19032,1.19079,1.18522,1.18612,0,2020-09-02 08:00:00
1599048000,1.18614,1.18764,1.18221,1.18403,0,2020-09-02 12:00:00
1599062400,1.18402,1.18494,1.18232,1.18245,0,2020-09-02 16:00:00
1599076800,1.18245,1.18576,1.18238,1.18535,0,2020-09-02 20:00:00
1599091200,1.18536,1.18546,1.18217,1.18272,0,2020-09-03 00:00:00
1599105600,1.1827,1.18277,1.17893,1.1798,0,2020-09-03 04:00:00
1599120000,1.17979,1.18361,1.17889,1.18123,0,2020-09-03 08:00:00
1599134400,1.18122,1.18489,1.18016,1.18374,0,2020-09-03 12:00:00
1599148800,1.18373,1.18594,1.18109,1.18566,0,2020-09-03 16:00:00
1599163200,1.18566,1.18646,1.18442,1.18461,0,2020-09-03 20:00:00
1599177600,1.18462,1.1858,1.18388,1.18411,0,2020-09-04 00:00:00
1599192000,1.18411,1.18533,1.18347,1.18366,0,2020-09-04 04:00:00
1599206400,1.18366,1.18654,1.18333,1.18471,0,2020-09-04 08:00:00
1599220800,1.18471,1.18549,1.1786,1.17972,0,2020-09-04 12:00:00
1599235200,1.17971,1.18548,1.17809,1.18513,0,2020-09-04 16:00:00
1599249600,1.18516,1.18528,1.18365,1.18371,0,2020-09-04 20:00:00
1599422400,1.18432,1.18469,1.18319,1.18404,0,2020-09-06 20:00:00
1599436800,1.18404,1.18435,1.18298,1.18348,0,2020-09-07 00:00:00
1599451200,1.18348,1.18384,1.18244,1.18282,0,2020-09-07 04:00:00
1599465600,1.18282,1.18486,1.18126,1.1819,0,2020-09-07 08:00:00
1599480000,1.18191,1.18324,1.1815,1.1826,0,2020-09-07 12:00:00
1599494400,1.18261,1.18284,1.18124,1.18132,0,2020-09-07 16:00:00
1599508800,1.18129,1.18202,1.18116,1.1816,0,2020-09-07 20:00:00
1599523200,1.18158,1.18215,1.1795,1.1805,0,2020-09-08 00:00:00
1599537600,1.1805,1.18273,1.17977,1.18165,0,2020-09-08 04:00:00
1599552000,1.18164,1.18213,1.17777,1.18005,0,2020-09-08 08:00:00
1599566400,1.18006,1.18062,1.17654,1.17933,0,2020-09-08 12:00:00
1599580800,1.17933,1.1806,1.17774,1.17817,0,2020-09-08 16:00:00
1599595200,1.17817,1.17855,1.1757,1.17667,0,2020-09-08 20:00:00
1599609600,1.1767,1.17797,1.17589,1.17746,0,2020-09-09 00:00:00
1599624000,1.17748,1.17827,1.17608,1.17663,0,2020-09-09 04:00:00
1599638400,1.17666,1.17873,1.17536,1.17551,0,2020-09-09 08:00:00
1599652800,1.1755,1.18339,1.17527,1.18074,0,2020-09-09 12:00:00
1599667200,1.18074,1.18218,1.17988,1.1808,0,2020-09-09 16:00:00
1599681600,1.18081,1.18109,1.18011,1.18087,0,2020-09-09 20:00:00
1599696000,1.1809,1.1824,1.18004,1.18221,0,2020-09-10 00:00:00
1599710400,1.18221,1.18368,1.18187,1.18262,0,2020-09-10 04:00:00
1599724800,1.18262,1.18444,1.18159,1.18376,0,2020-09-10 08:00:00
1599739200,1.18377,1.19175,1.18311,1.18733,0,2020-09-10 12:00:00
1599753600,1.18734,1.18874,1.18179,1.18248,0,2020-09-10 16:00:00
1599768000,1.1825,1.18286,1.181,1.18269,0,2020-09-10 20:00:00
1599782400,1.1827,1.18401,1.18221,1.18333,0,2020-09-11 00:00:00
1599796800,1.18333,1.18415,1.18284,1.18359,0,2020-09-11 04:00:00
1599811200,1.18359,1.18741,1.1831,1.1859,0,2020-09-11 08:00:00
1599825600,1.18591,1.18649,1.18277,1.18288,0,2020-09-11 12:00:00
1599840000,1.18288,1.1841,1.18262,1.18305,0,2020-09-11 16:00:00
1599854400,1.18306,1.1848,1.18271,1.18453,0,2020-09-11 20:00:00
1600027200,1.18348,1.18473,1.18347,1.18453,0,2020-09-13 20:00:00
1600041600,1.18454,1.18505,1.18319,1.18492,0,2020-09-14 00:00:00
1600056000,1.1849,1.18545,1.18426,1.18437,0,2020-09-14 04:00:00
1600070400,1.18438,1.18759,1.18437,1.18729,0,2020-09-14 08:00:00
1600084800,1.1873,1.1888,1.18636,1.18712,0,2020-09-14 12:00:00
1600099200,1.18712,1.18843,1.18593,1.18646,0,2020-09-14 16:00:00
1600113600,1.18646,1.18702,1.18607,1.18676,0,2020-09-14 20:00:00
1600128000,1.18678,1.1882,1.18587,1.18802,0,2020-09-15 00:00:00
1600142400,1.18804,1.18998,1.18803,1.18879,0,2020-09-15 04:00:00
1600156800,1.1888,1.18992,1.18759,1.18991,0,2020-09-15 08:00:00
1600171200,1.1899,1.19005,1.18395,1.18507,0,2020-09-15 12:00:00
1600185600,1.18507,1.18548,1.18446,1.18539,0,2020-09-15 16:00:00
1600200000,1.18542,1.18542,1.18447,1.18478,0,2020-09-15 20:00:00
1600214400,1.18478,1.18489,1.18286,1.18453,0,2020-09-16 00:00:00
1600228800,1.18455,1.18547,1.1841,1.18496,0,2020-09-16 04:00:00
1600243200,1.18497,1.18825,1.18465,1.18689,0,2020-09-16 08:00:00
1600257600,1.18691,1.18765,1.18091,1.18303,0,2020-09-16 12:00:00
1600272000,1.18303,1.1855,1.17876,1.17996,0,2020-09-16 16:00:00
1600286400,1.17997,1.18192,1.179,1.18158,0,2020-09-16 20:00:00
1600300800,1.18157,1.18165,1.17599,1.17677,0,2020-09-17 00:00:00
1600315200,1.17677,1.17789,1.17373,1.17743,0,2020-09-17 04:00:00
1600329600,1.17744,1.18121,1.17704,1.17982,0,2020-09-17 08:00:00
1600344000,1.17981,1.18177,1.17891,1.18077,0,2020-09-17 12:00:00
1600358400,1.18077,1.18443,1.18065,1.18387,0,2020-09-17 16:00:00
1600372800,1.18387,1.18544,1.18345,1.18522,0,2020-09-17 20:00:00
1600387200,1.18522,1.18618,1.1843,1.1846,0,2020-09-18 00:00:00
1600401600,1.18459,1.18663,1.18453,1.18652,0,2020-09-18 04:00:00
1600416000,1.18653,1.1869,1.18369,1.18411,0,2020-09-18 08:00:00
1600430400,1.18409,1.18705,1.1826,1.186,0,2020-09-18 12:00:00
1600444800,1.18602,1.18675,1.18508,1.18533,0,2020-09-18 16:00:00
1600459200,1.18532,1.18538,1.18365,1.18385,0,2020-09-18 20:00:00
1600632000,1.18369,1.18489,1.18369,1.18484,0,2020-09-20 20:00:00
1600646400,1.18484,1.18623,1.18428,1.18585,0,2020-09-21 00:00:00
1600660800,1.18587,1.18717,1.18547,1.18581,0,2020-09-21 04:00:00
1600675200,1.18581,1.18682,1.17753,1.1787,0,2020-09-21 08:00:00
1600689600,1.1787,1.17972,1.17317,1.17407,0,2020-09-21 12:00:00
1600704000,1.17408,1.17578,1.17317,1.1754,0,2020-09-21 16:00:00
1600718400,1.1754,1.17748,1.17535,1.17646,0,2020-09-21 20:00:00
1600732800,1.17645,1.17708,1.17527,1.17633,0,2020-09-22 00:00:00
1600747200,1.17632,1.17715,1.17338,1.1747,0,2020-09-22 04:00:00
1600761600,1.1747,1.17672,1.17201,1.17614,0,2020-09-22 08:00:00
1600776000,1.17613,1.17616,1.1703,1.17036,0,2020-09-22 12:00:00
1600790400,1.17038,1.1717,1.16916,1.17049,0,2020-09-22 16:00:00
1600804800,1.17048,1.17133,1.17031,1.17068,0,2020-09-22 20:00:00
1600819200,1.1707,1.17105,1.16752,1.16808,0,2020-09-23 00:00:00
1600833600,1.1681,1.16941,1.16721,1.16914,0,2020-09-23 04:00:00
1600848000,1.16912,1.17188,1.16747,1.17081,0,2020-09-23 08:00:00
1600862400,1.17083,1.17115,1.16641,1.16744,0,2020-09-23 12:00:00
1600876800,1.16743,1.16899,1.16568,1.16573,0,2020-09-23 16:00:00
1600891200,1.16574,1.16652,1.16513,1.1662,0,2020-09-23 20:00:00
1600905600,1.1662,1.16797,1.16519,1.16616,0,2020-09-24 00:00:00
1600920000,1.16615,1.16653,1.16443,1.16527,0,2020-09-24 04:00:00
1600934400,1.16525,1.16736,1.1633,1.16431,0,2020-09-24 08:00:00
1600948800,1.16431,1.16568,1.16265,1.16396,0,2020-09-24 12:00:00
1600963200,1.16398,1.16869,1.16359,1.16663,0,2020-09-24 16:00:00
1600977600,1.16663,1.16766,1.16636,1.16723,0,2020-09-24 20:00:00
1600992000,1.16724,1.16771,1.16626,1.16667,0,2020-09-25 00:00:00
1601006400,1.16667,1.16791,1.16619,1.16763,0,2020-09-25 04:00:00
1601020800,1.16761,1.1685,1.16384,1.16438,0,2020-09-25 08:00:00
1601035200,1.16439,1.1645,1.16145,1.16186,0,2020-09-25 12:00:00
1601049600,1.16188,1.16295,1.16121,1.16221,0,2020-09-25 16:00:00
1601064000,1.16221,1.16352,1.1622,1.16277,0,2020-09-25 20:00:00
1601236800,1.16271,1.16377,1.16206,1.16326,0,2020-09-27 20:00:00
1601251200,1.16326,1.16376,1.1615,1.16346,0,2020-09-28 00:00:00
1601265600,1.16345,1.16404,1.16251,1.16267,0,2020-09-28 04:00:00
1601280000,1.16265,1.16656,1.16225,1.16597,0,2020-09-28 08:00:00
1601294400,1.16597,1.16799,1.16426,1.16432,0,2020-09-28 12:00:00
1601308800,1.16434,1.16687,1.16423,1.16637,0,2020-09-28 16:00:00
1601323200,1.16638,1.16713,1.16608,1.16689,0,2020-09-28 20:00:00
1601337600,1.1669,1.16837,1.16668,1.16706,0,2020-09-29 00:00:00
1601352000,1.16706,1.16823,1.16652,1.168,0,2020-09-29 04:00:00
1601366400,1.16799,1.16984,1.16656,1.16982,0,2020-09-29 08:00:00
1601380800,1.16983,1.17437,1.16931,1.1731,0,2020-09-29 12:00:00
1601395200,1.17309,1.17455,1.17096,1.17367,0,2020-09-29 16:00:00
1601409600,1.17365,1.17447,1.17356,1.17442,0,2020-09-29 20:00:00
1601424000,1.17445,1.17548,1.1736,1.17459,0,2020-09-30 00:00:00
1601438400,1.17457,1.17462,1.17227,1.17341,0,2020-09-30 04:00:00
1601452800,1.17342,1.17428,1.16938,1.17103,0,2020-09-30 08:00:00
1601467200,1.17101,1.17408,1.16847,1.17284,0,2020-09-30 12:00:00
1601481600,1.17282,1.17516,1.17057,1.17165,0,2020-09-30 16:00:00
1601496000,1.17168,1.17312,1.1711,1.17301,0,2020-09-30 20:00:00
1601510400,1.17303,1.17435,1.17171,1.17408,0,2020-10-01 00:00:00
1601524800,1.17408,1.17576,1.17386,1.17531,0,2020-10-01 04:00:00
1601539200,1.17534,1.17573,1.17221,1.17432,0,2020-10-01 08:00:00
1601553600,1.17432,1.17696,1.17212,1.17363,0,2020-10-01 12:00:00
1601568000,1.17363,1.17558,1.17338,1.1746,0,2020-10-01 16:00:00
1601582400,1.1746,1.17506,1.17415,1.17446,0,2020-10-01 20:00:00
1601596800,1.17446,1.1745,1.1714,1.17196,0,2020-10-02 00:00:00
1601611200,1.17196,1.17386,1.16956,1.17371,0,2020-10-02 04:00:00
1601625600,1.17373,1.17416,1.17086,1.17126,0,2020-10-02 08:00:00
1601640000,1.17128,1.17337,1.16986,1.1714,0,2020-10-02 12:00:00
1601654400,1.1714,1.1722,1.17016,1.17122,0,2020-10-02 16:00:00
1601668800,1.17122,1.17171,1.17095,1.17157,0,2020-10-02 20:00:00
1601841600,1.1711,1.17172,1.17053,1.17147,0,2020-10-04 20:00:00
1601856000,1.17149,1.17357,1.17129,1.17319,0,2020-10-05 00:00:00
1601870400,1.1732,1.17356,1.17208,1.17243,0,2020-10-05 04:00:00
1601884800,1.17242,1.17594,1.17198,1.17525,0,2020-10-05 08:00:00
1601899200,1.17525,1.17975,1.17461,1.17897,0,2020-10-05 12:00:00
1601913600,1.17896,1.17923,1.17715,1.1775,0,2020-10-05 16:00:00
1601928000,1.17748,1.17882,1.17747,1.17873,0,2020-10-05 20:00:00
1601942400,1.17878,1.17929,1.17835,1.1791,0,2020-10-06 00:00:00
1601956800,1.1791,1.17987,1.17774,1.1785,0,2020-10-06 04:00:00
1601971200,1.17848,1.18001,1.17654,1.17781,0,2020-10-06 08:00:00
1601985600,1.17781,1.18077,1.17749,1.1791,0,2020-10-06 12:00:00
1602000000,1.17911,1.17941,1.17355,1.17556,0,2020-10-06 16:00:00
1602014400,1.17555,1.17604,1.17302,1.17338,0,2020-10-06 20:00:00
1602028800,1.17337,1.17405,1.17249,1.17312,0,2020-10-07 00:00:00
1602043200,1.17313,1.1755,1.17271,1.17546,0,2020-10-07 04:00:00
1602057600,1.17548,1.17671,1.17492,1.17587,0,2020-10-07 08:00:00
1602072000,1.17587,1.17818,1.17579,1.17614,0,2020-10-07 12:00:00
1602086400,1.17613,1.17751,1.17598,1.17672,0,2020-10-07 16:00:00
1602100800,1.17672,1.17704,1.17599,1.17682,0,2020-10-07 20:00:00
1602115200,1.17682,1.17717,1.17594,1.17707,0,2020-10-08 00:00:00
1602129600,1.17707,1.17816,1.17672,1.17784,0,2020-10-08 04:00:00
1602144000,1.17783,1.17791,1.17529,1.17601,0,2020-10-08 08:00:00
1602158400,1.17601,1.17689,1.17326,1.17474,0,2020-10-08 12:00:00
1602172800,1.17473,1.17597,1.17446,1.17575,0,2020-10-08 16:00:00
1602187200,1.17574,1.17648,1.17537,1.1764,0,2020-10-08 20:00:00
1602201600,1.17639,1.17789,1.17576,1.17782,0,2020-10-09 00:00:00
1602216000,1.17782,1.17807,1.17666,1.17738,0,2020-10-09 04:00:00
1602230400,1.17738,1.18086,1.17706,1.18027,0,2020-10-09 08:00:00
1602244800,1.18028,1.18235,1.17932,1.18149,0,2020-10-09 12:00:00
1602259200,1.18148,1.18281,1.18078,1.18248,0,2020-10-09 16:00:00
1602273600,1.1825,1.1831,1.18225,1.18248,0,2020-10-09 20:00:00
1602446400,1.18103,1.18226,1.18102,1.18164,0,2020-10-11 20:00:00
1602460800,1.18166,1.18217,1.18084,1.18176,0,2020-10-12 00:00:00
1602475200,1.18174,1.18266,1.18106,1.18156,0,2020-10-12 04:00:00
1602489600,1.18157,1.18232,1.1795,1.17965,0,2020-10-12 08:00:00
1602504000,1.17966,1.18166,1.17867,1.18137,0,2020-10-12 12:00:00
1602518400,1.18139,1.18151,1.1802,1.181,0,2020-10-12 16:00:00
1602532800,1.181,1.18155,1.18068,1.18139,0,2020-10-12 20:00:00
1602547200,1.18139,1.18148,1.17905,1.17964,0,2020-10-13 00:00:00
1602561600,1.17964,1.18031,1.17869,1.1787,0,2020-10-13 04:00:00
1602576000,1.17869,1.17991,1.17781,1.17909,0,2020-10-13 08:00:00
1602590400,1.1791,1.17987,1.17373,1.17442,0,2020-10-13 12:00:00
1602604800,1.17443,1.17482,1.17304,1.17447,0,2020-10-13 16:00:00
1602619200,1.17447,1.17493,1.17431,1.17436,0,2020-10-13 20:00:00
1602633600,1.17435,1.17509,1.17351,1.17431,0,2020-10-14 00:00:00
1602648000,1.1743,1.17473,1.17396,1.17441,0,2020-10-14 04:00:00
1602662400,1.17439,1.17536,1.17199,1.17341,0,2020-10-14 08:00:00
1602676800,1.17344,1.1771,1.1734,1.17583,0,2020-10-14 12:00:00
1602691200,1.17585,1.17677,1.17438,1.17505,0,2020-10-14 16:00:00
1602705600,1.17503,1.17554,1.17406,1.17425,0,2020-10-14 20:00:00
1602720000,1.17427,1.1756,1.17419,1.17437,0,2020-10-15 00:00:00
1602734400,1.17436,1.17578,1.17352,1.17367,0,2020-10-15 04:00:00
1602748800,1.17368,1.17427,1.17032,1.17178,0,2020-10-15 08:00:00
1602763200,1.17177,1.17221,1.16884,1.16995,0,2020-10-15 12:00:00
1602777600,1.16996,1.17063,1.16906,1.1697,0,2020-10-15 16:00:00
1602792000,1.16969,1.17107,1.16963,1.17056,0,2020-10-15 20:00:00
1602806400,1.17058,1.17156,1.17004,1.17033,0,2020-10-16 00:00:00
1602820800,1.17034,1.17095,1.16939,1.17037,0,2020-10-16 04:00:00
1602835200,1.17037,1.17237,1.17002,1.17179,0,2020-10-16 08:00:00
1602849600,1.17178,1.17462,1.17134,1.17203,0,2020-10-16 12:00:00
1602864000,1.17201,1.17248,1.17138,1.17187,0,2020-10-16 16:00:00
1602878400,1.17187,1.17196,1.1713,1.17132,0,2020-10-16 20:00:00
1603051200,1.17181,1.17209,1.17122,1.17126,0,2020-10-18 20:00:00
1603065600,1.17129,1.17249,1.17085,1.17145,0,2020-10-19 00:00:00
1603080000,1.17146,1.17146,1.17031,1.17046,0,2020-10-19 04:00:00
1603094400,1.17045,1.17671,1.17043,1.17667,0,2020-10-19 08:00:00
1603108800,1.17668,1.17936,1.17645,1.17822,0,2020-10-19 12:00:00
1603123200,1.17819,1.17906,1.17669,1.17669,0,2020-10-19 16:00:00
1603137600,1.17669,1.17735,1.17639,1.17682,0,2020-10-19 20:00:00
1603152000,1.17682,1.1776,1.1764,1.17687,0,2020-10-20 00:00:00
1603166400,1.17687,1.17805,1.17666,1.17671,0,2020-10-20 04:00:00
1603180800,1.17671,1.18178,1.17598,1.18135,0,2020-10-20 08:00:00
1603195200,1.18136,1.18407,1.18005,1.18305,0,2020-10-20 12:00:00
1603209600,1.18305,1.18361,1.18194,1.18272,0,2020-10-20 16:00:00
1603224000,1.18272,1.18299,1.18192,1.18279,0,2020-10-20 20:00:00
1603238400,1.18279,1.18435,1.1826,1.18379,0,2020-10-21 00:00:00
1603252800,1.18379,1.18627,1.18371,1.18551,0,2020-10-21 04:00:00
1603267200,1.1855,1.18704,1.18428,1.18589,0,2020-10-21 08:00:00
1603281600,1.18589,1.18807,1.18415,1.18737,0,2020-10-21 12:00:00
1603296000,1.18737,1.18798,1.18611,1.18612,0,2020-10-21 16:00:00
1603310400,1.18611,1.18648,1.18539,1.18593,0,2020-10-21 20:00:00
1603324800,1.18594,1.1861,1.18382,1.18422,0,2020-10-22 00:00:00
1603339200,1.18424,1.18595,1.18398,1.18483,0,2020-10-22 04:00:00
1603353600,1.18482,1.18668,1.18248,1.18289,0,2020-10-22 08:00:00
1603368000,1.18291,1.18367,1.18114,1.18284,0,2020-10-22 12:00:00
1603382400,1.18286,1.18333,1.18163,1.18188,0,2020-10-22 16:00:00
1603396800,1.18188,1.18235,1.18157,1.18227,0,2020-10-22 20:00:00
1603411200,1.18226,1.18233,1.17866,1.18037,0,2020-10-23 00:00:00
1603425600,1.18036,1.18046,1.17915,1.17987,0,2020-10-23 04:00:00
1603440000,1.17988,1.18537,1.17968,1.18477,0,2020-10-23 08:00:00
1603454400,1.18476,1.18599,1.18251,1.18353,0,2020-10-23 12:00:00
1603468800,1.18354,1.18616,1.1833,1.18586,0,2020-10-23 16:00:00
1603483200,1.18585,1.18648,1.1856,1.18572,0,2020-10-23 20:00:00
1603656000,1.18546,1.18605,1.18392,1.18479,0,2020-10-25 20:00:00
1603670400,1.18479,1.18504,1.18326,1.18336,0,2020-10-26 00:00:00
1603684800,1.18336,1.18474,1.18279,1.18331,0,2020-10-26 04:00:00
1603699200,1.1833,1.18361,1.18032,1.18214,0,2020-10-26 08:00:00
1603713600,1.18214,1.18248,1.18056,1.18154,0,2020-10-26 12:00:00
1603728000,1.18154,1.18264,1.18061,1.1807,0,2020-10-26 16:00:00
1603742400,1.18069,1.18124,1.18062,1.18091,0,2020-10-26 20:00:00
1603756800,1.18092,1.18251,1.18077,1.18206,0,2020-10-27 00:00:00
1603771200,1.18205,1.18358,1.18154,1.18183,0,2020-10-27 04:00:00
1603785600,1.18184,1.18269,1.17963,1.18238,0,2020-10-27 08:00:00
1603800000,1.18238,1.18387,1.18199,1.18336,0,2020-10-27 12:00:00
1603814400,1.18336,1.18369,1.1808,1.18089,0,2020-10-27 16:00:00
1603828800,1.1809,1.18157,1.17695,1.17815,0,2020-10-27 20:00:00
1603843200,1.17818,1.17879,1.17726,1.17768,0,2020-10-28 00:00:00
1603857600,1.17769,1.17851,1.17647,1.17706,0,2020-10-28 04:00:00
1603872000,1.17706,1.17707,1.17298,1.17364,0,2020-10-28 08:00:00
1603886400,1.17364,1.17515,1.17178,1.17506,0,2020-10-28 12:00:00
1603900800,1.17508,1.17603,1.17445,1.17467,0,2020-10-28 16:00:00
1603915200,1.17466,1.17535,1.17434,1.17482,0,2020-10-28 20:00:00
1603929600,1.17482,1.17587,1.17437,1.17522,0,2020-10-29 00:00:00
1603944000,1.17523,1.17573,1.17351,1.1736,0,2020-10-29 04:00:00
1603958400,1.17361,1.17401,1.17018,1.17039,0,2020-10-29 08:00:00
1603972800,1.17038,1.17172,1.16548,1.1657,0,2020-10-29 12:00:00
1603987200,1.16571,1.16783,1.16501,1.16742,0,2020-10-29 16:00:00
1604001600,1.16742,1.16789,1.1668,1.16783,0,2020-10-29 20:00:00
1604016000,1.16782,1.16945,1.16686,1.16903,0,2020-10-30 00:00:00
1604030400,1.16904,1.16913,1.16649,1.16765,0,2020-10-30 04:00:00
1604044800,1.16765,1.16837,1.16604,1.16723,0,2020-10-30 08:00:00
1604059200,1.16723,1.17042,1.1642,1.16467,0,2020-10-30 12:00:00
1604073600,1.16467,1.16566,1.164,1.16463,0,2020-10-30 16:00:00
1604088000,1.16463,1.16486,1.16417,1.16431,0,2020-10-30 20:00:00
1604260800,1.16498,1.16503,1.16386,1.16416,0,2020-11-01 20:00:00
1604275200,1.16415,1.16487,1.16377,1.16405,0,2020-11-02 00:00:00
1604289600,1.16404,1.16436,1.16269,1.16301,0,2020-11-02 04:00:00
1604304000,1.16299,1.16557,1.16221,1.1651,0,2020-11-02 08:00:00
1604318400,1.16511,1.16543,1.1625,1.16357,0,2020-11-02 12:00:00
1604332800,1.16358,1.16406,1.16228,1.16308,0,2020-11-02 16:00:00
1604347200,1.16309,1.16424,1.16303,1.16404,0,2020-11-02 20:00:00
1604361600,1.16405,1.16545,1.16372,1.16514,0,2020-11-03 00:00:00
1604376000,1.16515,1.16726,1.1649,1.16714,0,2020-11-03 04:00:00
1604390400,1.16713,1.1718,1.16665,1.17068,0,2020-11-03 08:00:00
1604404800,1.17069,1.17353,1.16986,1.17296,0,2020-11-03 12:00:00
1604419200,1.17295,1.17397,1.16987,1.17049,0,2020-11-03 16:00:00
1604433600,1.17049,1.17639,1.16957,1.17616,0,2020-11-03 20:00:00
1604448000,1.17617,1.17704,1.16026,1.16446,0,2020-11-04 00:00:00
1604462400,1.16445,1.16818,1.16282,1.16611,0,2020-11-04 04:00:00
1604476800,1.16611,1.17099,1.16542,1.17071,0,2020-11-04 08:00:00
1604491200,1.1707,1.17455,1.16803,1.17082,0,2020-11-04 12:00:00
1604505600,1.17078,1.17341,1.16974,1.1725,0,2020-11-04 16:00:00
1604520000,1.17249,1.17376,1.17154,1.17321,0,2020-11-04 20:00:00
1604534400,1.17321,1.17395,1.17107,1.17351,0,2020-11-05 00:00:00
1604548800,1.17351,1.17487,1.17274,1.17457,0,2020-11-05 04:00:00
1604563200,1.17455,1.18145,1.17402,1.18102,0,2020-11-05 08:00:00
1604577600,1.18101,1.18596,1.1801,1.18247,0,2020-11-05 12:00:00
1604592000,1.18248,1.18394,1.17913,1.18384,0,2020-11-05 16:00:00
1604606400,1.18386,1.18466,1.18082,1.18167,0,2020-11-05 20:00:00
1604620800,1.18169,1.18335,1.17952,1.18241,0,2020-11-06 00:00:00
1604635200,1.18241,1.18407,1.18129,1.18401,0,2020-11-06 04:00:00
1604649600,1.18403,1.18804,1.18256,1.18774,0,2020-11-06 08:00:00
1604664000,1.18774,1.18908,1.18511,1.18725,0,2020-11-06 12:00:00
1604678400,1.18724,1.18903,1.18706,1.18815,0,2020-11-06 16:00:00
1604692800,1.18816,1.18829,1.187,1.187,0,2020-11-06 20:00:00
1604865600,1.18898,1.1895,1.18833,1.18924,0,2020-11-08 20:00:00
1604880000,1.18924,1.18952,1.18786,1.18912,0,2020-11-09 00:00:00
1604894400,1.18913,1.18983,1.188,1.18885,0,2020-11-09 04:00:00
1604908800,1.18885,1.19,1.186,1.18866,0,2020-11-09 08:00:00
1604923200,1.18863,1.19199,1.18139,1.18281,0,2020-11-09 12:00:00
1604937600,1.18281,1.18324,1.17952,1.18323,0,2020-11-09 16:00:00
1604952000,1.18323,1.18364,1.18097,1.1824,0,2020-11-09 20:00:00
1604966400,1.1824,1.18384,1.18068,1.18307,0,2020-11-10 00:00:00
1604980800,1.18307,1.18374,1.18139,1.18167,0,2020-11-10 04:00:00
1604995200,1.18167,1.18432,1.17799,1.18007,0,2020-11-10 08:00:00
1605009600,1.18005,1.18342,1.1793,1.18206,0,2020-11-10 12:00:00
1605024000,1.18205,1.18258,1.18026,1.18138,0,2020-11-10 16:00:00
1605038400,1.18136,1.18212,1.18031,1.18184,0,2020-11-10 20:00:00
1605052800,1.18183,1.18327,1.18169,1.18269,0,2020-11-11 00:00:00
1605067200,1.18269,1.18288,1.1807,1.1808,0,2020-11-11 04:00:00
1605081600,1.18081,1.18099,1.17621,1.17686,0,2020-11-11 08:00:00
1605096000,1.17686,1.17743,1.17454,1.17577,0,2020-11-11 12:00:00
1605110400,1.17578,1.17778,1.1756,1.17738,0,2020-11-11 16:00:00
1605124800,1.17737,1.17824,1.177,1.17792,0,2020-11-11 20:00:00
1605139200,1.17792,1.17883,1.17723,1.17733,0,2020-11-12 00:00:00
1605153600,1.17733,1.17762,1.17585,1.17699,0,2020-11-12 04:00:00
1605168000,1.17699,1.18231,1.17699,1.18102,0,2020-11-12 08:00:00
1605182400,1.18103,1.18158,1.17872,1.18105,0,2020-11-12 12:00:00
1605196800,1.18105,1.18175,1.1796,1.1806,0,2020-11-12 16:00:00
1605211200,1.1806,1.1809,1.17991,1.18038,0,2020-11-12 20:00:00
1605225600,1.18039,1.18136,1.18006,1.1802,0,2020-11-13 00:00:00
1605240000,1.1802,1.18179,1.17989,1.18156,0,2020-11-13 04:00:00
1605254400,1.18156,1.18343,1.18069,1.18177,0,2020-11-13 08:00:00
1605268800,1.18178,1.18315,1.18082,1.182,0,2020-11-13 12:00:00
1605283200,1.182,1.18348,1.18177,1.18327,0,2020-11-13 16:00:00
1605297600,1.18326,1.18374,1.18305,1.1831,0,2020-11-13 20:00:00
1605470400,1.18411,1.18488,1.18288,1.18448,0,2020-11-15 20:00:00
1605484800,1.18447,1.18542,1.18372,1.18522,0,2020-11-16 00:00:00
1605499200,1.18522,1.18567,1.18442,1.18558,0,2020-11-16 04:00:00
1605513600,1.18557,1.18689,1.18256,1.18293,0,2020-11-16 08:00:00
1605528000,1.18293,1.18492,1.18141,1.1835,0,2020-11-16 12:00:00
1605542400,1.18349,1.18465,1.18346,1.18424,0,2020-11-16 16:00:00
1605556800,1.18425,1.18607,1.18422,1.18592,0,2020-11-16 20:00:00
1605571200,1.18593,1.18669,1.18587,1.18601,0,2020-11-17 00:00:00
1605585600,1.18599,1.18607,1.18459,1.18462,0,2020-11-17 04:00:00
1605600000,1.1846,1.18856,1.18425,1.18775,0,2020-11-17 08:00:00
1605614400,1.18774,1.18937,1.18576,1.18759,0,2020-11-17 12:00:00
1605628800,1.18758,1.18775,1.18573,1.18641,0,2020-11-17 16:00:00
1605643200,1.18641,1.18661,1.18601,1.18636,0,2020-11-17 20:00:00
1605657600,1.18637,1.18659,1.18504,1.18621,0,2020-11-18 00:00:00
1605672000,1.1862,1.18861,1.18605,1.18822,0,2020-11-18 04:00:00
1605686400,1.18823,1.18908,1.18695,1.18723,0,2020-11-18 08:00:00
1605700800,1.18722,1.18767,1.18513,1.18748,0,2020-11-18 12:00:00
1605715200,1.18749,1.18766,1.18582,1.18636,0,2020-11-18 16:00:00
1605729600,1.18636,1.18671,1.18448,1.18451,0,2020-11-18 20:00:00
1605744000,1.18452,1.18512,1.18318,1.18421,0,2020-11-19 00:00:00
1605758400,1.18421,1.18522,1.18411,1.18442,0,2020-11-19 04:00:00
1605772800,1.18445,1.18498,1.18161,1.1838,0,2020-11-19 08:00:00
1605787200,1.1838,1.18456,1.18183,1.18396,0,2020-11-19 12:00:00
1605801600,1.18396,1.18758,1.18345,1.18756,0,2020-11-19 16:00:00
1605816000,1.18757,1.18825,1.18651,1.18653,0,2020-11-19 20:00:00
1605830400,1.18655,1.18788,1.18654,1.18755,0,2020-11-20 00:00:00
1605844800,1.18755,1.18908,1.18661,1.18696,0,2020-11-20 04:00:00
1605859200,1.18696,1.18749,1.18512,1.18738,0,2020-11-20 08:00:00
1605873600,1.18738,1.18781,1.18499,1.18543,0,2020-11-20 12:00:00
1605888000,1.18543,1.18631,1.18498,1.18582,0,2020-11-20 16:00:00
1605902400,1.18581,1.18636,1.18541,1.18544,0,2020-11-20 20:00:00
1606075200,1.18538,1.18659,1.18528,1.18654,0,2020-11-22 20:00:00
1606089600,1.18655,1.18779,1.18636,1.18722,0,2020-11-23 00:00:00
1606104000,1.18722,1.18789,1.18671,1.18679,0,2020-11-23 04:00:00
1606118400,1.18679,1.19056,1.18629,1.19039,0,2020-11-23 08:00:00
1606132800,1.19038,1.1906,1.18126,1.18169,0,2020-11-23 12:00:00
1606147200,1.18165,1.18458,1.17997,1.18417,0,2020-11-23 16:00:00
1606161600,1.18418,1.18478,1.18361,1.18422,0,2020-11-23 20:00:00
1606176000,1.18422,1.18479,1.18384,1.18448,0,2020-11-24 00:00:00
1606190400,1.18449,1.1857,1.18436,1.18478,0,2020-11-24 04:00:00
1606204800,1.18479,1.18939,1.18479,1.18672,0,2020-11-24 08:00:00
1606219200,1.18671,1.18822,1.18414,1.18734,0,2020-11-24 12:00:00
1606233600,1.18736,1.18863,1.18652,1.18829,0,2020-11-24 16:00:00
1606248000,1.1883,1.18978,1.18822,1.18974,0,2020-11-24 20:00:00
1606262400,1.18976,1.1909,1.18945,1.19064,0,2020-11-25 00:00:00
1606276800,1.19065,1.19145,1.1891,1.19067,0,2020-11-25 04:00:00
1606291200,1.19066,1.19297,1.18819,1.18822,0,2020-11-25 08:00:00
1606305600,1.18822,1.19263,1.18818,1.19018,0,2020-11-25 12:00:00
1606320000,1.19018,1.19224,1.18983,1.19153,0,2020-11-25 16:00:00
1606334400,1.19152,1.19245,1.19107,1.19162,0,2020-11-25 20:00:00
1606348800,1.19164,1.19292,1.19162,1.19234,0,2020-11-26 00:00:00
1606363200,1.19236,1.19409,1.19199,1.1926,0,2020-11-26 04:00:00
1606377600,1.19261,1.19344,1.19013,1.19027,0,2020-11-26 08:00:00
1606392000,1.19027,1.19066,1.18852,1.19009,0,2020-11-26 12:00:00
1606406400,1.19011,1.19185,1.19011,1.19148,0,2020-11-26 16:00:00
1606420800,1.19149,1.19152,1.19068,1.19109,0,2020-11-26 20:00:00
1606435200,1.1911,1.19241,1.19094,1.19235,0,2020-11-27 00:00:00
1606449600,1.19236,1.193,1.19191,1.19275,0,2020-11-27 04:00:00
1606464000,1.19274,1.19326,1.19146,1.19226,0,2020-11-27 08:00:00
1606478400,1.19227,1.19511,1.1914,1.19443,0,2020-11-27 12:00:00
1606492800,1.19444,1.19628,1.19432,1.19574,0,2020-11-27 16:00:00
1606507200,1.19574,1.19641,1.19559,1.1962,0,2020-11-27 20:00:00
1606680000,1.19614,1.19738,1.1961,1.19721,0,2020-11-29 20:00:00
1606694400,1.19722,1.1974,1.1964,1.19682,0,2020-11-30 00:00:00
1606708800,1.19681,1.19704,1.19652,1.1968,0,2020-11-30 04:00:00
1606780800,1.19372,1.19596,1.19353,1.19575,0,2020-12-01 00:00:00
1606795200,1.19575,1.19728,1.19539,1.19684,0,2020-12-01 04:00:00
1606809600,1.19684,1.19855,1.19601,1.197,0,2020-12-01 08:00:00
1606824000,1.19698,1.20418,1.19641,1.20314,0,2020-12-01 12:00:00
1606838400,1.20314,1.20545,1.20312,1.20477,0,2020-12-01 16:00:00
1606852800,1.20476,1.20765,1.20476,1.20706,0,2020-12-01 20:00:00
1606867200,1.20707,1.20836,1.20605,1.20822,0,2020-12-02 00:00:00
1606881600,1.20822,1.20875,1.20639,1.20688,0,2020-12-02 04:00:00
1606896000,1.20686,1.20763,1.2042,1.20517,0,2020-12-02 08:00:00
1606910400,1.20516,1.21081,1.20399,1.20782,0,2020-12-02 12:00:00
1606924800,1.20781,1.21027,1.20755,1.20997,0,2020-12-02 16:00:00
1606939200,1.20995,1.21183,1.20957,1.21138,0,2020-12-02 20:00:00
1606953600,1.21137,1.2125,1.21039,1.21238,0,2020-12-03 00:00:00
1606968000,1.21238,1.21255,1.21134,1.21228,0,2020-12-03 04:00:00
1606982400,1.21227,1.21393,1.2101,1.21289,0,2020-12-03 08:00:00
1606996800,1.2129,1.21746,1.21187,1.21611,0,2020-12-03 12:00:00
1607011200,1.2161,1.21632,1.21326,1.21425,0,2020-12-03 16:00:00
1607025600,1.21424,1.21497,1.21333,1.21449,0,2020-12-03 20:00:00
1607040000,1.21449,1.21537,1.21389,1.21452,0,2020-12-04 00:00:00
1607054400,1.21453,1.21605,1.2141,1.21531,0,2020-12-04 04:00:00
1607068800,1.21531,1.21773,1.21436,1.21684,0,2020-12-04 08:00:00
1607083200,1.21685,1.21744,1.21316,1.214,0,2020-12-04 12:00:00
1607097600,1.21399,1.21516,1.2133,1.21372,0,2020-12-04 16:00:00
1607112000,1.21372,1.21402,1.21101,1.21202,0,2020-12-04 20:00:00
1607284800,1.21308,1.21324,1.21195,1.212,0,2020-12-06 20:00:00
1607299200,1.21199,1.21402,1.21186,1.21343,0,2020-12-07 00:00:00
1607313600,1.21343,1.21344,1.21142,1.21211,0,2020-12-07 04:00:00
1607328000,1.21211,1.21224,1.20784,1.21129,0,2020-12-07 08:00:00
1607342400,1.21129,1.21662,1.21056,1.21324,0,2020-12-07 12:00:00
1607356800,1.21325,1.21419,1.21176,1.21193,0,2020-12-07 16:00:00
1607371200,1.21194,1.21205,1.21072,1.21092,0,2020-12-07 20:00:00
1607385600,1.21091,1.21152,1.21041,1.2114,0,2020-12-08 00:00:00
1607400000,1.21141,1.2123,1.21072,1.21127,0,2020-12-08 04:00:00
1607414400,1.2113,1.21339,1.20953,1.21075,0,2020-12-08 08:00:00
1607428800,1.21073,1.21336,1.21,1.21134,0,2020-12-08 12:00:00
1607443200,1.21135,1.21172,1.2101,1.21037,0,2020-12-08 16:00:00
1607457600,1.21037,1.21099,1.20998,1.21094,0,2020-12-08 20:00:00
1607472000,1.21095,1.21235,1.2107,1.21211,0,2020-12-09 00:00:00
1607486400,1.2121,1.21475,1.21209,1.21292,0,2020-12-09 04:00:00
1607500800,1.21292,1.21372,1.21078,1.21129,0,2020-12-09 08:00:00
1607515200,1.21129,1.21237,1.20776,1.2083,0,2020-12-09 12:00:00
1607529600,1.2083,1.20849,1.20587,1.20728,0,2020-12-09 16:00:00
1607544000,1.20727,1.20837,1.20704,1.20784,0,2020-12-09 20:00:00
1607558400,1.20784,1.20954,1.20784,1.20936,0,2020-12-10 00:00:00
1607572800,1.20933,1.21002,1.20856,1.20901,0,2020-12-10 04:00:00
1607587200,1.20902,1.21085,1.20833,1.20895,0,2020-12-10 08:00:00
1607601600,1.20896,1.21588,1.20811,1.21325,0,2020-12-10 12:00:00
1607616000,1.21328,1.21362,1.21106,1.21336,0,2020-12-10 16:00:00
1607630400,1.21338,1.21447,1.21321,1.21433,0,2020-12-10 20:00:00
1607644800,1.21434,1.216,1.21402,1.21578,0,2020-12-11 00:00:00
1607659200,1.21578,1.21629,1.21257,1.21307,0,2020-12-11 04:00:00
1607673600,1.21306,1.21376,1.21102,1.21218,0,2020-12-11 08:00:00
1607688000,1.21218,1.21333,1.21053,1.21067,0,2020-12-11 12:00:00
1607702400,1.21069,1.21202,1.2106,1.21131,0,2020-12-11 16:00:00
1607716800,1.2113,1.21184,1.21074,1.21086,0,2020-12-11 20:00:00
1607889600,1.21367,1.21435,1.21324,1.21331,0,2020-12-13 20:00:00
1607904000,1.21331,1.21337,1.21155,1.21324,0,2020-12-14 00:00:00
1607918400,1.21324,1.21553,1.21303,1.21532,0,2020-12-14 04:00:00
1607932800,1.21531,1.21605,1.21386,1.21551,0,2020-12-14 08:00:00
1607947200,1.21551,1.21767,1.21231,1.21247,0,2020-12-14 12:00:00
1607961600,1.21248,1.21606,1.21229,1.21468,0,2020-12-14 16:00:00
1607976000,1.21468,1.21517,1.2139,1.21486,0,2020-12-14 20:00:00
1607990400,1.21485,1.21629,1.21472,1.21518,0,2020-12-15 00:00:00
1608004800,1.21519,1.21548,1.21344,1.21369,0,2020-12-15 04:00:00
1608019200,1.21368,1.21662,1.21315,1.21601,0,2020-12-15 08:00:00
1608033600,1.21601,1.21624,1.2121,1.21529,0,2020-12-15 12:00:00
1608048000,1.21531,1.21689,1.21474,1.21568,0,2020-12-15 16:00:00
1608062400,1.21566,1.21626,1.21489,1.21543,0,2020-12-15 20:00:00
1608076800,1.21543,1.21637,1.21451,1.21615,0,2020-12-16 00:00:00
1608091200,1.21614,1.2172,1.21533,1.21545,0,2020-12-16 04:00:00
1608105600,1.21544,1.22121,1.21522,1.21951,0,2020-12-16 08:00:00
1608120000,1.21951,1.22063,1.21789,1.21873,0,2020-12-16 12:00:00
1608134400,1.21872,1.21896,1.2125,1.21622,0,2020-12-16 16:00:00
1608148800,1.21621,1.22017,1.2162,1.21961,0,2020-12-16 20:00:00
1608163200,1.21961,1.22131,1.21898,1.22106,0,2020-12-17 00:00:00
1608177600,1.22105,1.22385,1.22101,1.22331,0,2020-12-17 04:00:00
1608192000,1.22331,1.22439,1.22239,1.22377,0,2020-12-17 08:00:00
1608206400,1.22379,1.22613,1.22326,1.22451,0,2020-12-17 12:00:00
1608220800,1.22452,1.22726,1.22389,1.22624,0,2020-12-17 16:00:00
1608235200,1.22623,1.22724,1.22583,1.22614,0,2020-12-17 20:00:00
1608249600,1.22613,1.22641,1.22444,1.22465,0,2020-12-18 00:00:00
1608264000,1.22463,1.2256,1.22384,1.22477,0,2020-12-18 04:00:00
1608278400,1.22475,1.22628,1.22431,1.22559,0,2020-12-18 08:00:00
1608292800,1.22557,1.22687,1.22264,1.22347,0,2020-12-18 12:00:00
1608307200,1.22349,1.22457,1.22255,1.2242,0,2020-12-18 16:00:00
1608321600,1.22421,1.22587,1.22364,1.22559,0,2020-12-18 20:00:00
1608494400,1.2221,1.22348,1.22113,1.22118,0,2020-12-20 20:00:00
1608508800,1.22118,1.2226,1.21789,1.21845,0,2020-12-21 00:00:00
1608523200,1.21845,1.21992,1.2168,1.21758,0,2020-12-21 04:00:00
1608537600,1.21759,1.22267,1.21296,1.21621,0,2020-12-21 08:00:00
1608552000,1.21623,1.22201,1.21563,1.2211,0,2020-12-21 12:00:00
1608566400,1.22111,1.22529,1.22099,1.22485,0,2020-12-21 16:00:00
1608580800,1.22486,1.22529,1.22279,1.22346,0,2020-12-21 20:00:00
1608595200,1.22347,1.22433,1.22239,1.2229,0,2020-12-22 00:00:00
1608609600,1.2229,1.22298,1.22135,1.22166,0,2020-12-22 04:00:00
1608624000,1.22167,1.22439,1.22041,1.22436,0,2020-12-22 08:00:00
1608638400,1.22436,1.2257,1.21651,1.21734,0,2020-12-22 12:00:00
1608652800,1.21735,1.21804,1.21561,1.21605,0,2020-12-22 16:00:00
1608667200,1.21606,1.21877,1.2152,1.21872,0,2020-12-22 20:00:00
1608681600,1.21871,1.21908,1.21538,1.219,0,2020-12-23 00:00:00
1608696000,1.219,1.22008,1.21792,1.21969,0,2020-12-23 04:00:00
1608710400,1.21971,1.21996,1.21719,1.21913,0,2020-12-23 08:00:00
1608724800,1.21913,1.2221,1.21602,1.21842,0,2020-12-23 12:00:00
1608739200,1.21842,1.22034,1.21725,1.21804,0,2020-12-23 16:00:00
1608753600,1.21805,1.21963,1.21731,1.21939,0,2020-12-23 20:00:00
1608768000,1.2194,1.22156,1.21928,1.22092,0,2020-12-24 00:00:00
1608782400,1.22092,1.22096,1.22017,1.22053,0,2020-12-24 04:00:00
1608796800,1.22052,1.22097,1.21869,1.21953,0,2020-12-24 08:00:00
1608811200,1.21952,1.21988,1.21773,1.21822,0,2020-12-24 12:00:00
1608825600,1.21822,1.21891,1.21774,1.21797,0,2020-12-24 16:00:00
1608840000,1.21798,1.21861,1.21795,1.2182,0,2020-12-24 20:00:00
1608854400,1.21816,1.22006,1.21709,1.22002,0,2020-12-25 00:00:00
1608868800,1.22006,1.22031,1.21863,1.21922,0,2020-12-25 04:00:00
1609099200,1.2186,1.22072,1.21811,1.22038,0,2020-12-27 20:00:00
1609113600,1.22039,1.22159,1.21811,1.22126,0,2020-12-28 00:00:00
1609128000,1.22127,1.22329,1.22091,1.22308,0,2020-12-28 04:00:00
1609142400,1.2231,1.22502,1.21926,1.21947,0,2020-12-28 08:00:00
1609156800,1.21947,1.22399,1.21913,1.22148,0,2020-12-28 12:00:00
1609171200,1.22148,1.22289,1.22025,1.22066,0,2020-12-28 16:00:00
1609185600,1.22065,1.22208,1.2203,1.22196,0,2020-12-28 20:00:00
1609200000,1.22196,1.2243,1.22193,1.22417,0,2020-12-29 00:00:00
1609214400,1.22418,1.22514,1.2235,1.22402,0,2020-12-29 04:00:00
1609228800,1.22403,1.2258,1.22364,1.22486,0,2020-12-29 08:00:00
1609243200,1.22487,1.2275,1.22402,1.22438,0,2020-12-29 12:00:00
1609257600,1.22437,1.22586,1.22359,1.22512,0,2020-12-29 16:00:00
1609272000,1.2251,1.22589,1.22453,1.22519,0,2020-12-29 20:00:00
1609286400,1.2252,1.22948,1.22511,1.22828,0,2020-12-30 00:00:00
1609300800,1.22829,1.22905,1.22651,1.22672,0,2020-12-30 04:00:00
1609315200,1.22671,1.22846,1.22527,1.22731,0,2020-12-30 08:00:00
1609329600,1.2273,1.23101,1.22705,1.23005,0,2020-12-30 12:00:00
1609344000,1.23007,1.23022,1.22762,1.22884,0,2020-12-30 16:00:00
1609358400,1.22884,1.23042,1.22884,1.22984,0,2020-12-30 20:00:00
1609372800,1.22986,1.23092,1.22853,1.2291,0,2020-12-31 00:00:00
1609387200,1.22909,1.23031,1.2285,1.22963,0,2020-12-31 04:00:00
1609401600,1.22963,1.23041,1.22665,1.22748,0,2020-12-31 08:00:00
1609416000,1.22748,1.2287,1.22247,1.22386,0,2020-12-31 12:00:00
1609430400,1.22384,1.22402,1.22091,1.22098,0,2020-12-31 16:00:00
1609444800,1.22096,1.22279,1.22096,1.22153,0,2020-12-31 20:00:00
1609704000,1.22396,1.22527,1.22296,1.225,0,2021-01-03 20:00:00
1609718400,1.22499,1.22584,1.22385,1.22549,0,2021-01-04 00:00:00
1609732800,1.2255,1.22688,1.22413,1.22637,0,2021-01-04 04:00:00
1609747200,1.22637,1.23005,1.2262,1.2293,0,2021-01-04 08:00:00
1609761600,1.2293,1.23096,1.22602,1.22716,0,2021-01-04 12:00:00
1609776000,1.22716,1.22773,1.22424,1.2252,0,2021-01-04 16:00:00
1609790400,1.22519,1.22534,1.22413,1.22525,0,2021-01-04 20:00:00
1609804800,1.22525,1.22767,1.2247,1.22729,0,2021-01-05 00:00:00
1609819200,1.22727,1.22743,1.22552,1.22581,0,2021-01-05 04:00:00
1609833600,1.22581,1.22906,1.22581,1.2283,0,2021-01-05 08:00:00
1609848000,1.22828,1.22846,1.22538,1.22754,0,2021-01-05 12:00:00
1609862400,1.22754,1.23052,1.2273,1.23035,0,2021-01-05 16:00:00
1609876800,1.23032,1.23056,1.22894,1.22984,0,2021-01-05 20:00:00
1609891200,1.22985,1.23261,1.22755,1.22857,0,2021-01-06 00:00:00
1609905600,1.22856,1.23452,1.22835,1.23394,0,2021-01-06 04:00:00
1609920000,1.23398,1.23491,1.23206,1.23374,0,2021-01-06 08:00:00
1609934400,1.23373,1.23494,1.22752,1.22822,0,2021-01-06 12:00:00
1609948800,1.22821,1.23174,1.22655,1.23068,0,2021-01-06 16:00:00
1609963200,1.23067,1.23398,1.23067,1.23382,0,2021-01-06 20:00:00
1609977600,1.23384,1.23443,1.23187,1.23274,0,2021-01-07 00:00:00
1609992000,1.23275,1.23313,1.23072,1.23111,0,2021-01-07 04:00:00
1610006400,1.2311,1.2317,1.2245,1.22567,0,2021-01-07 08:00:00
1610020800,1.22569,1.22825,1.22461,1.22592,0,2021-01-07 12:00:00
1610035200,1.22593,1.2279,1.22547,1.22676,0,2021-01-07 16:00:00
1610049600,1.22675,1.2277,1.22622,1.22691,0,2021-01-07 20:00:00
1610064000,1.2269,1.22724,1.22349,1.22618,0,2021-01-08 00:00:00
1610078400,1.22618,1.22691,1.22323,1.2239,0,2021-01-08 04:00:00
1610092800,1.22389,1.22537,1.22132,1.22505,0,2021-01-08 08:00:00
1610107200,1.22505,1.22845,1.2222,1.22549,0,2021-01-08 12:00:00
1610121600,1.22551,1.22633,1.21929,1.22146,0,2021-01-08 16:00:00
1610136000,1.22146,1.22272,1.22116,1.22174,0,2021-01-08 20:00:00
1610308800,1.22175,1.22284,1.21821,1.2187,0,2021-01-10 20:00:00
1610323200,1.21869,1.21962,1.21667,1.21731,0,2021-01-11 00:00:00
1610337600,1.21734,1.21933,1.21666,1.21783,0,2021-01-11 04:00:00
1610352000,1.21782,1.21998,1.21544,1.21662,0,2021-01-11 08:00:00
1610366400,1.21663,1.21719,1.21321,1.21503,0,2021-01-11 12:00:00
1610380800,1.21501,1.21742,1.21471,1.21622,0,2021-01-11 16:00:00
1610395200,1.21622,1.2165,1.21486,1.21605,0,2021-01-11 20:00:00
1610409600,1.21605,1.21619,1.21404,1.21484,0,2021-01-12 00:00:00
1610424000,1.21483,1.21752,1.21386,1.21633,0,2021-01-12 04:00:00
1610438400,1.21633,1.21789,1.21406,1.21514,0,2021-01-12 08:00:00
1610452800,1.21516,1.21664,1.21371,1.21557,0,2021-01-12 12:00:00
1610467200,1.21555,1.22067,1.21548,1.21995,0,2021-01-12 16:00:00
1610481600,1.21996,1.22097,1.21979,1.22085,0,2021-01-12 20:00:00
1610496000,1.22087,1.22201,1.22048,1.22158,0,2021-01-13 00:00:00
1610510400,1.22156,1.22227,1.22026,1.22031,0,2021-01-13 04:00:00
1610524800,1.22032,1.22077,1.21606,1.21627,0,2021-01-13 08:00:00
1610539200,1.21626,1.21805,1.21536,1.21595,0,2021-01-13 12:00:00
1610553600,1.21593,1.21747,1.21399,1.21537,0,2021-01-13 16:00:00
1610568000,1.21537,1.21636,1.21483,1.21619,0,2021-01-13 20:00:00
1610582400,1.21618,1.21718,1.21355,1.21451,0,2021-01-14 00:00:00
1610596800,1.2145,1.21553,1.21361,1.21431,0,2021-01-14 04:00:00
1610611200,1.2143,1.21674,1.21411,1.21514,0,2021-01-14 08:00:00
1610625600,1.21515,1.21557,1.2111,1.21354,0,2021-01-14 12:00:00
1610640000,1.21354,1.21784,1.21323,1.21549,0,2021-01-14 16:00:00
1610654400,1.2155,1.21652,1.215,1.21506,0,2021-01-14 20:00:00
1610668800,1.21505,1.21624,1.21432,1.21494,0,2021-01-15 00:00:00
1610683200,1.21493,1.21509,1.21338,1.21348,0,2021-01-15 04:00:00
1610697600,1.21348,1.21443,1.21177,1.21233,0,2021-01-15 08:00:00
1610712000,1.21231,1.21329,1.20816,1.20932,0,2021-01-15 12:00:00
1610726400,1.20932,1.21003,1.20766,1.20767,0,2021-01-15 16:00:00
1610740800,1.20766,1.20816,1.20747,1.20748,0,2021-01-15 20:00:00
1610913600,1.20838,1.20865,1.2066,1.20662,0,2021-01-17 20:00:00
1610928000,1.20661,1.20844,1.20649,1.2074,0,2021-01-18 00:00:00
1610942400,1.20741,1.20867,1.20654,1.20675,0,2021-01-18 04:00:00
1610956800,1.20673,1.20796,1.2056,1.20652,0,2021-01-18 08:00:00
1610971200,1.20655,1.20767,1.20535,1.20746,0,2021-01-18 12:00:00
1610985600,1.20746,1.20821,1.20708,1.20789,0,2021-01-18 16:00:00
1611000000,1.20788,1.20809,1.20739,1.20776,0,2021-01-18 20:00:00
1611014400,1.20775,1.20986,1.20772,1.20969,0,2021-01-19 00:00:00
1611028800,1.20971,1.21076,1.20852,1.2104,0,2021-01-19 04:00:00
1611043200,1.21041,1.21375,1.21026,1.21271,0,2021-01-19 08:00:00
1611057600,1.21271,1.21448,1.21187,1.21281,0,2021-01-19 12:00:00
1611072000,1.21277,1.21338,1.21154,1.21251,0,2021-01-19 16:00:00
1611086400,1.21252,1.21396,1.21228,1.21391,0,2021-01-19 20:00:00
1611100800,1.21392,1.21492,1.21269,1.21442,0,2021-01-20 00:00:00
1611115200,1.21442,1.21577,1.21396,1.21556,0,2021-01-20 04:00:00
1611129600,1.21556,1.21581,1.21112,1.2112,0,2021-01-20 08:00:00
1611144000,1.21119,1.21177,1.20767,1.21052,0,2021-01-20 12:00:00
1611158400,1.21052,1.2115,1.20923,1.2107,0,2021-01-20 16:00:00
1611172800,1.21072,1.21186,1.20988,1.21144,0,2021-01-20 20:00:00
1611187200,1.21145,1.21337,1.21093,1.21296,0,2021-01-21 00:00:00
1611201600,1.21297,1.2138,1.21177,1.21195,0,2021-01-21 04:00:00
1611216000,1.21194,1.21469,1.21148,1.21431,0,2021-01-21 08:00:00
1611230400,1.21431,1.2173,1.21363,1.21512,0,2021-01-21 12:00:00
1611244800,1.21513,1.21612,1.21356,1.21599,0,2021-01-21 16:00:00
1611259200,1.21597,1.21702,1.21564,1.21654,0,2021-01-21 20:00:00
1611273600,1.21654,1.21777,1.21613,1.21736,0,2021-01-22 00:00:00
1611288000,1.21736,1.21766,1.21532,1.21567,0,2021-01-22 04:00:00
1611302400,1.21566,1.21894,1.21515,1.21762,0,2021-01-22 08:00:00
1611316800,1.21764,1.21847,1.21541,1.21721,0,2021-01-22 12:00:00
1611331200,1.21721,1.21816,1.21629,1.21663,0,2021-01-22 16:00:00
1611345600,1.21663,1.2172,1.21652,1.21667,0,2021-01-22 20:00:00
1611518400,1.21688,1.21716,1.21622,1.21668,0,2021-01-24 20:00:00
1611532800,1.2167,1.21777,1.21601,1.21749,0,2021-01-25 00:00:00
1611547200,1.21751,1.21832,1.21716,1.21795,0,2021-01-25 04:00:00
1611561600,1.21796,1.21799,1.214,1.21567,0,2021-01-25 08:00:00
1611576000,1.21566,1.21594,1.21158,1.21301,0,2021-01-25 12:00:00
1611590400,1.21301,1.21477,1.21194,1.21386,0,2021-01-25 16:00:00
1611604800,1.21387,1.21447,1.2134,1.21426,0,2021-01-25 20:00:00
1611619200,1.21427,1.21461,1.21331,1.21396,0,2021-01-26 00:00:00
1611633600,1.21396,1.21399,1.21076,1.21112,0,2021-01-26 04:00:00
1611648000,1.21113,1.21425,1.21113,1.21377,0,2021-01-26 08:00:00
1611662400,1.21375,1.21758,1.2136,1.21677,0,2021-01-26 12:00:00
1611676800,1.21676,1.2169,1.21397,1.21647,0,2021-01-26 16:00:00
1611691200,1.21648,1.21684,1.21589,1.21632,0,2021-01-26 20:00:00
1611705600,1.21632,1.21696,1.21547,1.21566,0,2021-01-27 00:00:00
1611720000,1.21569,1.21659,1.21517,1.21549,0,2021-01-27 04:00:00
1611734400,1.21551,1.21584,1.21133,1.21165,0,2021-01-27 08:00:00
1611748800,1.21164,1.21196,1.20585,1.2091,0,2021-01-27 12:00:00
1611763200,1.20912,1.21287,1.20892,1.21,0,2021-01-27 16:00:00
1611777600,1.20999,1.21141,1.20932,1.21027,0,2021-01-27 20:00:00
1611792000,1.21028,1.21059,1.20824,1.20911,0,2021-01-28 00:00:00
1611806400,1.20911,1.21055,1.20807,1.20938,0,2021-01-28 04:00:00
1611820800,1.2094,1.21173,1.20889,1.2102,0,2021-01-28 08:00:00
1611835200,1.21021,1.21424,1.2088,1.21218,0,2021-01-28 12:00:00
1611849600,1.21217,1.21399,1.21186,1.21314,0,2021-01-28 16:00:00
1611864000,1.21315,1.21376,1.21176,1.21209,0,2021-01-28 20:00:00
1611878400,1.21209,1.21219,1.20971,1.20971,0,2021-01-29 00:00:00
1611892800,1.20971,1.21087,1.20944,1.21044,0,2021-01-29 04:00:00
1611907200,1.21043,1.21387,1.20972,1.21267,0,2021-01-29 08:00:00
1611921600,1.21268,1.2156,1.2125,1.2149,0,2021-01-29 12:00:00
1611936000,1.21491,1.21533,1.21274,1.21306,0,2021-01-29 16:00:00
1611950400,1.21306,1.21392,1.21298,1.21298,0,2021-01-29 20:00:00
1612123200,1.21297,1.21326,1.21204,1.21227,0,2021-01-31 20:00:00
1612137600,1.21225,1.21363,1.21201,1.21295,0,2021-02-01 00:00:00
1612152000,1.21295,1.21329,1.21216,1.21283,0,2021-02-01 04:00:00
1612166400,1.21283,1.21307,1.20693,1.20816,0,2021-02-01 08:00:00
1612180800,1.20816,1.20994,1.20721,1.20845,0,2021-02-01 12:00:00
1612195200,1.20845,1.20871,1.20615,1.20664,0,2021-02-01 16:00:00
1612209600,1.20662,1.2071,1.2056,1.20676,0,2021-02-01 20:00:00
1612224000,1.20676,1.20877,1.20622,1.20816,0,2021-02-02 00:00:00
1612238400,1.20817,1.20828,1.2064,1.20686,0,2021-02-02 04:00:00
1612252800,1.20686,1.20871,1.20263,1.20277,0,2021-02-02 08:00:00
1612267200,1.20278,1.20497,1.20202,1.20273,0,2021-02-02 12:00:00
1612281600,1.20273,1.20326,1.20115,1.20199,0,2021-02-02 16:00:00
1612296000,1.20198,1.20458,1.20171,1.20365,0,2021-02-02 20:00:00
1612310400,1.20365,1.205,1.20357,1.20417,0,2021-02-03 00:00:00
1612324800,1.20419,1.20456,1.20276,1.20374,0,2021-02-03 04:00:00
1612339200,1.20374,1.20423,1.20095,1.20162,0,2021-02-03 08:00:00
1612353600,1.20161,1.20325,1.2004,1.20105,0,2021-02-03 12:00:00
1612368000,1.20106,1.20307,1.20106,1.20254,0,2021-02-03 16:00:00
1612382400,1.20256,1.20418,1.2024,1.20412,0,2021-02-03 20:00:00
1612396800,1.20413,1.20427,1.20165,1.20184,0,2021-02-04 00:00:00
1612411200,1.20183,1.20207,1.19996,1.20081,0,2021-02-04 04:00:00
1612425600,1.2008,1.20136,1.1983,1.19875,0,2021-02-04 08:00:00
1612440000,1.19876,1.19979,1.19665,1.19786,0,2021-02-04 12:00:00
1612454400,1.19785,1.19796,1.19574,1.19659,0,2021-02-04 16:00:00
1612468800,1.19659,1.19688,1.19587,1.19662,0,2021-02-04 20:00:00
1612483200,1.19659,1.19718,1.19522,1.19545,0,2021-02-05 00:00:00
1612497600,1.19544,1.19667,1.19536,1.19632,0,2021-02-05 04:00:00
1612512000,1.19634,1.19878,1.19634,1.19798,0,2021-02-05 08:00:00
1612526400,1.19798,1.20338,1.19772,1.20237,0,2021-02-05 12:00:00
1612540800,1.20239,1.20475,1.20239,1.20426,0,2021-02-05 16:00:00
1612555200,1.20426,1.20498,1.20405,1.20481,0,2021-02-05 20:00:00
1612728000,1.20375,1.2055,1.20356,1.20483,0,2021-02-07 20:00:00
1612742400,1.20484,1.20525,1.20296,1.20382,0,2021-02-08 00:00:00
1612756800,1.20382,1.20486,1.2032,1.20407,0,2021-02-08 04:00:00
1612771200,1.20406,1.20476,1.20231,1.20295,0,2021-02-08 08:00:00
1612785600,1.20297,1.2066,1.20196,1.20465,0,2021-02-08 12:00:00
1612800000,1.20466,1.20572,1.20331,1.20553,0,2021-02-08 16:00:00
1612814400,1.20552,1.20575,1.20469,1.20522,0,2021-02-08 20:00:00
1612828800,1.20522,1.2082,1.20491,1.20769,0,2021-02-09 00:00:00
1612843200,1.2077,1.20868,1.20744,1.20811,0,2021-02-09 04:00:00
1612857600,1.2081,1.21164,1.20672,1.2105,0,2021-02-09 08:00:00
1612872000,1.21049,1.21065,1.20884,1.20976,0,2021-02-09 12:00:00
1612886400,1.20976,1.21207,1.20922,1.21184,0,2021-02-09 16:00:00
1612900800,1.21185,1.21218,1.21144,1.21161,0,2021-02-09 20:00:00
1612915200,1.21162,1.21296,1.21088,1.21271,0,2021-02-10 00:00:00
1612929600,1.21271,1.21337,1.21228,1.21305,0,2021-02-10 04:00:00
1612944000,1.21306,1.2144,1.21141,1.2124,0,2021-02-10 08:00:00
1612958400,1.21241,1.21395,1.21131,1.21309,0,2021-02-10 12:00:00
1612972800,1.21309,1.21385,1.21244,1.2129,0,2021-02-10 16:00:00
1612987200,1.21291,1.21291,1.21162,1.2119,0,2021-02-10 20:00:00
1613001600,1.21189,1.2122,1.21134,1.21207,0,2021-02-11 00:00:00
1613016000,1.21208,1.21327,1.21208,1.21233,0,2021-02-11 04:00:00
1613030400,1.21231,1.21359,1.21179,1.21271,0,2021-02-11 08:00:00
1613044800,1.21271,1.21494,1.21269,1.21294,0,2021-02-11 12:00:00
1613059200,1.21296,1.2133,1.21214,1.21308,0,2021-02-11 16:00:00
1613073600,1.21307,1.21373,1.21276,1.21304,0,2021-02-11 20:00:00
1613088000,1.21306,1.21332,1.21185,1.21191,0,2021-02-12 00:00:00
1613102400,1.21192,1.21316,1.21123,1.21152,0,2021-02-12 04:00:00
1613116800,1.21153,1.21188,1.20967,1.2107,0,2021-02-12 08:00:00
1613131200,1.21068,1.21206,1.20815,1.21193,0,2021-02-12 12:00:00
1613145600,1.21194,1.21287,1.2115,1.21156,0,2021-02-12 16:00:00
1613160000,1.21156,1.2121,1.21131,1.21177,0,2021-02-12 20:00:00
1613332800,1.21244,1.21251,1.21191,1.21204,0,2021-02-14 20:00:00
1613347200,1.21206,1.21376,1.21167,1.2134,0,2021-02-15 00:00:00
1613361600,1.21341,1.21404,1.21307,1.2133,0,2021-02-15 04:00:00
1613376000,1.21329,1.21451,1.21296,1.21327,0,2021-02-15 08:00:00
1613390400,1.21326,1.21335,1.21207,1.21314,0,2021-02-15 12:00:00
1613404800,1.21314,1.21381,1.21267,1.21305,0,2021-02-15 16:00:00
1613419200,1.21306,1.21342,1.21248,1.2132,0,2021-02-15 20:00:00
1613433600,1.21319,1.21501,1.21313,1.21465,0,2021-02-16 00:00:00
1613448000,1.21464,1.21467,1.21283,1.21308,0,2021-02-16 04:00:00
1613462400,1.21307,1.21679,1.21299,1.21652,0,2021-02-16 08:00:00
1613476800,1.21652,1.21693,1.20949,1.21192,0,2021-02-16 12:00:00
1613491200,1.21193,1.21238,1.21036,1.21152,0,2021-02-16 16:00:00
1613505600,1.21153,1.21176,1.20859,1.2088,0,2021-02-16 20:00:00
1613520000,1.20879,1.20982,1.20832,1.20898,0,2021-02-17 00:00:00
1613534400,1.20896,1.20951,1.20706,1.2074,0,2021-02-17 04:00:00
1613548800,1.20738,1.20831,1.20577,1.2062,0,2021-02-17 08:00:00
1613563200,1.2062,1.20659,1.20232,1.20327,0,2021-02-17 12:00:00
1613577600,1.20325,1.2047,1.20247,1.20368,0,2021-02-17 16:00:00
1613592000,1.20369,1.20456,1.2033,1.20455,0,2021-02-17 20:00:00
1613606400,1.20454,1.205,1.20355,1.20367,0,2021-02-18 00:00:00
1613620800,1.20366,1.20524,1.20356,1.20473,0,2021-02-18 04:00:00
1613635200,1.20474,1.20752,1.20448,1.2072,0,2021-02-18 08:00:00
1613649600,1.20719,1.20898,1.2062,1.20722,0,2021-02-18 12:00:00
1613664000,1.20722,1.2089,1.20705,1.20851,0,2021-02-18 16:00:00
1613678400,1.20849,1.20958,1.20846,1.20917,0,2021-02-18 20:00:00
1613692800,1.20917,1.20985,1.20823,1.20847,0,2021-02-19 00:00:00
1613707200,1.20846,1.21136,1.20839,1.21094,0,2021-02-19 04:00:00
1613721600,1.21093,1.21444,1.21086,1.21379,0,2021-02-19 08:00:00
1613736000,1.21379,1.21425,1.21172,1.21281,0,2021-02-19 12:00:00
1613750400,1.21279,1.214,1.21077,1.21154,0,2021-02-19 16:00:00
1613764800,1.21154,1.21195,1.2114,1.21167,0,2021-02-19 20:00:00
1613937600,1.21151,1.21292,1.21141,1.21247,0,2021-02-21 20:00:00
1613952000,1.21246,1.21355,1.21124,1.21196,0,2021-02-22 00:00:00
1613966400,1.21199,1.21242,1.21052,1.21096,0,2021-02-22 04:00:00
1613980800,1.21095,1.21443,1.20911,1.21366,0,2021-02-22 08:00:00
1613995200,1.21365,1.21542,1.2129,1.21387,0,2021-02-22 12:00:00
1614009600,1.21389,1.21693,1.21352,1.21674,0,2021-02-22 16:00:00
1614024000,1.21674,1.21674,1.21505,1.21638,0,2021-02-22 20:00:00
1614038400,1.21637,1.21771,1.21621,1.21668,0,2021-02-23 00:00:00
1614052800,1.21668,1.21801,1.21626,1.21701,0,2021-02-23 04:00:00
1614067200,1.217,1.21738,1.21433,1.21538,0,2021-02-23 08:00:00
1614081600,1.21538,1.21664,1.21353,1.21593,0,2021-02-23 12:00:00
1614096000,1.21592,1.21663,1.21412,1.21441,0,2021-02-23 16:00:00
1614110400,1.21442,1.21549,1.21416,1.21506,0,2021-02-23 20:00:00
1614124800,1.21506,1.21662,1.21473,1.21519,0,2021-02-24 00:00:00
1614139200,1.2152,1.21607,1.2144,1.21554,0,2021-02-24 04:00:00
1614153600,1.21555,1.21745,1.21498,1.21632,0,2021-02-24 08:00:00
1614168000,1.21631,1.21723,1.21092,1.21221,0,2021-02-24 12:00:00
1614182400,1.21221,1.21506,1.21211,1.21479,0,2021-02-24 16:00:00
1614196800,1.21476,1.21743,1.21473,1.21693,0,2021-02-24 20:00:00
1614211200,1.21696,1.21696,1.21559,1.21687,0,2021-02-25 00:00:00
1614225600,1.2169,1.21886,1.21674,1.21871,0,2021-02-25 04:00:00
1614240000,1.21871,1.22377,1.21871,1.22294,0,2021-02-25 08:00:00
1614254400,1.22295,1.22433,1.22088,1.2223,0,2021-02-25 12:00:00
1614268800,1.22231,1.22386,1.21602,1.21856,0,2021-02-25 16:00:00
1614283200,1.21856,1.21873,1.21577,1.21577,0,2021-02-25 20:00:00
1614297600,1.21579,1.21826,1.21372,1.21595,0,2021-02-26 00:00:00
1614312000,1.21597,1.21612,1.21288,1.21347,0,2021-02-26 04:00:00
1614326400,1.21346,1.21594,1.20925,1.21068,0,2021-02-26 08:00:00
1614340800,1.21069,1.21413,1.2103,1.21388,0,2021-02-26 12:00:00
1614355200,1.21384,1.21399,1.20717,1.20777,0,2021-02-26 16:00:00
1614369600,1.20779,1.20792,1.20621,1.20704,0,2021-02-26 20:00:00
1614542400,1.20702,1.20919,1.20699,1.20903,0,2021-02-28 20:00:00
1614556800,1.20905,1.21011,1.20793,1.20819,0,2021-03-01 00:00:00
1614571200,1.20818,1.20928,1.20746,1.20761,0,2021-03-01 04:00:00
1614585600,1.20761,1.20789,1.20283,1.20437,0,2021-03-01 08:00:00
1614600000,1.20435,1.20696,1.20276,1.20494,0,2021-03-01 12:00:00
1614614400,1.20495,1.2061,1.20326,1.2046,0,2021-03-01 16:00:00
1614628800,1.20461,1.20506,1.20415,1.20484,0,2021-03-01 20:00:00
1614643200,1.20485,1.2049,1.20151,1.20267,0,2021-03-02 00:00:00
1614657600,1.20267,1.20276,1.2003,1.20072,0,2021-03-02 04:00:00
1614672000,1.20072,1.20368,1.19916,1.20313,0,2021-03-02 08:00:00
1614686400,1.20313,1.20637,1.20198,1.20623,0,2021-03-02 12:00:00
1614700800,1.20623,1.20892,1.20589,1.20838,0,2021-03-02 16:00:00
1614715200,1.20839,1.20943,1.20825,1.20848,0,2021-03-02 20:00:00
1614729600,1.2085,1.20934,1.20825,1.20828,0,2021-03-03 00:00:00
1614744000,1.20828,1.21077,1.2079,1.20936,0,2021-03-03 04:00:00
1614758400,1.20936,1.21132,1.20596,1.20621,0,2021-03-03 08:00:00
1614772800,1.20623,1.20752,1.20427,1.20728,0,2021-03-03 12:00:00
1614787200,1.20728,1.20805,1.20642,1.20652,0,2021-03-03 16:00:00
1614801600,1.20651,1.2073,1.20435,1.20464,0,2021-03-03 20:00:00
1614816000,1.20463,1.2063,1.20463,1.20486,0,2021-03-04 00:00:00
1614830400,1.20488,1.20624,1.20435,1.20521,0,2021-03-04 04:00:00
1614844800,1.2052,1.20578,1.20266,1.20345,0,2021-03-04 08:00:00
1614859200,1.20345,1.20444,1.20222,1.20398,0,2021-03-04 12:00:00
1614873600,1.20396,1.20536,1.19644,1.19659,0,2021-03-04 16:00:00
1614888000,1.19658,1.19777,1.19605,1.19672,0,2021-03-04 20:00:00
1614902400,1.19671,1.19687,1.19515,1.19625,0,2021-03-05 00:00:00
1614916800,1.19625,1.19634,1.19486,1.19502,0,2021-03-05 04:00:00
1614931200,1.195,1.19526,1.19141,1.19317,0,2021-03-05 08:00:00
1614945600,1.19316,1.19463,1.18932,1.19066,0,2021-03-05 12:00:00
1614960000,1.19066,1.19194,1.19051,1.19124,0,2021-03-05 16:00:00
1614974400,1.19122,1.19227,1.19085,1.19128,0,2021-03-05 20:00:00
1615147200,1.19177,1.19319,1.19168,1.19263,0,2021-03-07 20:00:00
1615161600,1.19262,1.19321,1.18987,1.19016,0,2021-03-08 00:00:00
1615176000,1.19014,1.19145,1.18786,1.18861,0,2021-03-08 04:00:00
1615190400,1.1886,1.18964,1.18652,1.18675,0,2021-03-08 08:00:00
1615204800,1.18675,1.18871,1.18565,1.18576,0,2021-03-08 12:00:00
1615219200,1.18575,1.18648,1.18457,1.1858,0,2021-03-08 16:00:00
1615233600,1.1858,1.18583,1.18442,1.18508,0,2021-03-08 20:00:00
1615248000,1.18509,1.1867,1.18355,1.18648,0,2021-03-09 00:00:00
1615262400,1.18651,1.18882,1.18511,1.18805,0,2021-03-09 04:00:00
1615276800,1.18808,1.19156,1.18763,1.1904,0,2021-03-09 08:00:00
1615291200,1.19039,1.1909,1.18818,1.18856,0,2021-03-09 12:00:00
1615305600,1.18855,1.19043,1.18813,1.19001,0,2021-03-09 16:00:00
1615320000,1.19003,1.19049,1.18925,1.18967,0,2021-03-09 20:00:00
1615334400,1.18967,1.18976,1.1877,1.18801,0,2021-03-10 00:00:00
1615348800,1.18803,1.18862,1.18688,1.18841,0,2021-03-10 04:00:00
1615363200,1.18842,1.19046,1.18718,1.18909,0,2021-03-10 08:00:00
1615377600,1.18907,1.19247,1.18817,1.18958,0,2021-03-10 12:00:00
1615392000,1.18958,1.19236,1.18882,1.19206,0,2021-03-10 16:00:00
1615406400,1.19211,1.19296,1.19189,1.19242,0,2021-03-10 20:00:00
1615420800,1.19242,1.19345,1.19156,1.19315,0,2021-03-11 00:00:00
1615435200,1.19316,1.19462,1.19189,1.19382,0,2021-03-11 04:00:00
1615449600,1.19382,1.19687,1.19365,1.19642,0,2021-03-11 08:00:00
1615464000,1.19641,1.19738,1.19279,1.19583,0,2021-03-11 12:00:00
1615478400,1.19586,1.19899,1.19556,1.19817,0,2021-03-11 16:00:00
1615492800,1.19817,1.19898,1.19786,1.19808,0,2021-03-11 20:00:00
1615507200,1.19809,1.19884,1.19596,1.19615,0,2021-03-12 00:00:00
1615521600,1.19616,1.19675,1.19374,1.19452,0,2021-03-12 04:00:00
1615536000,1.19451,1.19478,1.19099,1.19168,0,2021-03-12 08:00:00
1615550400,1.19169,1.19402,1.19115,1.19367,0,2021-03-12 12:00:00
1615564800,1.19368,1.19566,1.19332,1.19488,0,2021-03-12 16:00:00
1615579200,1.19487,1.19614,1.19476,1.19476,0,2021-03-12 20:00:00
1615752000,1.19451,1.19542,1.19433,1.195,0,2021-03-14 20:00:00
1615766400,1.19501,1.19674,1.1943,1.19539,0,2021-03-15 00:00:00
1615780800,1.1954,1.19543,1.19178,1.19197,0,2021-03-15 04:00:00
1615795200,1.19201,1.19401,1.19192,1.19226,0,2021-03-15 08:00:00
1615809600,1.19225,1.19338,1.1911,1.19153,0,2021-03-15 12:00:00
1615824000,1.19152,1.19372,1.19151,1.19297,0,2021-03-15 16:00:00
1615838400,1.19296,1.19336,1.19239,1.19263,0,2021-03-15 20:00:00
1615852800,1.19263,1.19371,1.1922,1.19336,0,2021-03-16 00:00:00
1615867200,1.19335,1.19387,1.19154,1.19163,0,2021-03-16 04:00:00
1615881600,1.19163,1.19518,1.19136,1.1947,0,2021-03-16 08:00:00
1615896000,1.19471,1.19498,1.18819,1.18942,0,2021-03-16 12:00:00
1615910400,1.18941,1.191,1.18899,1.19051,0,2021-03-16 16:00:00
1615924800,1.19051,1.19068,1.18987,1.1902,0,2021-03-16 20:00:00
1615939200,1.19018,1.19061,1.18926,1.19011,0,2021-03-17 00:00:00
1615953600,1.19011,1.1908,1.1891,1.18911,0,2021-03-17 04:00:00
1615968000,1.18909,1.19165,1.18861,1.18934,0,2021-03-17 08:00:00
1615982400,1.18935,1.19151,1.18912,1.19039,0,2021-03-17 12:00:00
1615996800,1.19039,1.19853,1.18969,1.19772,0,2021-03-17 16:00:00
1616011200,1.19771,1.19873,1.19746,1.19825,0,2021-03-17 20:00:00
1616025600,1.19827,1.19877,1.19586,1.19589,0,2021-03-18 00:00:00
1616040000,1.1959,1.19888,1.19427,1.19472,0,2021-03-18 04:00:00
1616054400,1.19473,1.19555,1.1934,1.1941,0,2021-03-18 08:00:00
1616068800,1.19412,1.19475,1.19084,1.1926,0,2021-03-18 12:00:00
1616083200,1.1926,1.19387,1.19061,1.19101,0,2021-03-18 16:00:00
1616097600,1.19102,1.19205,1.19101,1.19174,0,2021-03-18 20:00:00
1616112000,1.19175,1.19185,1.1902,1.19142,0,2021-03-19 00:00:00
1616126400,1.1914,1.19371,1.19108,1.19322,0,2021-03-19 04:00:00
1616140800,1.19322,1.1937,1.18905,1.18991,0,2021-03-19 08:00:00
1616155200,1.18992,1.19118,1.18738,1.19089,0,2021-03-19 12:00:00
1616169600,1.19087,1.19124,1.18999,1.19051,0,2021-03-19 16:00:00
1616184000,1.19051,1.1907,1.1902,1.19031,0,2021-03-19 20:00:00
1616356800,1.18712,1.189,1.18708,1.18835,0,2021-03-21 20:00:00
1616371200,1.18837,1.18982,1.18751,1.18949,0,2021-03-22 00:00:00
1616385600,1.18952,1.18996,1.18744,1.18841,0,2021-03-22 04:00:00
1616400000,1.1884,1.19304,1.18757,1.19276,0,2021-03-22 08:00:00
1616414400,1.19277,1.19394,1.19105,1.19318,0,2021-03-22 12:00:00
1616428800,1.19319,1.19468,1.19284,1.19361,0,2021-03-22 16:00:00
1616443200,1.19361,1.19375,1.19286,1.19322,0,2021-03-22 20:00:00
1616457600,1.19323,1.19407,1.19229,1.19317,0,2021-03-23 00:00:00
1616472000,1.19316,1.19332,1.19026,1.19051,0,2021-03-23 04:00:00
1616486400,1.19052,1.19078,1.18771,1.18806,0,2021-03-23 08:00:00
1616500800,1.18806,1.18949,1.18615,1.18722,0,2021-03-23 12:00:00
1616515200,1.18722,1.18725,1.18477,1.18478,0,2021-03-23 16:00:00
1616529600,1.18477,1.1853,1.1836,1.18396,0,2021-03-23 20:00:00
1616544000,1.18399,1.18508,1.18396,1.18489,0,2021-03-24 00:00:00
1616558400,1.18487,1.18489,1.18176,1.18206,0,2021-03-24 04:00:00
1616572800,1.18205,1.18446,1.18123,1.18336,0,2021-03-24 08:00:00
1616587200,1.18334,1.1839,1.18144,1.18305,0,2021-03-24 12:00:00
1616601600,1.18304,1.18368,1.18124,1.18124,0,2021-03-24 16:00:00
1616616000,1.18122,1.18163,1.18089,1.18127,0,2021-03-24 20:00:00
1616630400,1.18128,1.18277,1.18041,1.18228,0,2021-03-25 00:00:00
1616644800,1.18229,1.18261,1.18047,1.1806,0,2021-03-25 04:00:00
1616659200,1.18058,1.1818,1.18012,1.18049,0,2021-03-25 08:00:00
1616673600,1.18048,1.18154,1.17732,1.17758,0,2021-03-25 12:00:00
1616688000,1.17758,1.17817,1.17617,1.17672,0,2021-03-25 16:00:00
1616702400,1.17674,1.17771,1.1762,1.17756,0,2021-03-25 20:00:00
1616716800,1.17756,1.17845,1.17716,1.17811,0,2021-03-26 00:00:00
1616731200,1.17808,1.1789,1.17746,1.17867,0,2021-03-26 04:00:00
1616745600,1.17864,1.17973,1.17717,1.17738,0,2021-03-26 08:00:00
1616760000,1.17739,1.18049,1.17727,1.17966,0,2021-03-26 12:00:00
1616774400,1.17965,1.17997,1.17841,1.17976,0,2021-03-26 16:00:00
1616788800,1.17977,1.17999,1.1791,1.17918,0,2021-03-26 20:00:00
1616961600,1.17917,1.17935,1.17888,1.17908,0,2021-03-28 20:00:00
1616976000,1.17874,1.17911,1.1775,1.17907,0,2021-03-29 00:00:00
1616990400,1.17907,1.17907,1.17728,1.17806,0,2021-03-29 04:00:00
1617004800,1.17807,1.17939,1.17629,1.17711,0,2021-03-29 08:00:00
1617019200,1.17712,1.17925,1.17628,1.17633,0,2021-03-29 12:00:00
1617033600,1.17634,1.17839,1.17606,1.17634,0,2021-03-29 16:00:00
1617048000,1.17633,1.17725,1.17629,1.17674,0,2021-03-29 20:00:00
1617062400,1.17674,1.17737,1.17638,1.1765,0,2021-03-30 00:00:00
1617076800,1.17649,1.17706,1.17409,1.17471,0,2021-03-30 04:00:00
1617091200,1.17472,1.17551,1.17305,1.1732,0,2021-03-30 08:00:00
1617105600,1.17322,1.17431,1.17112,1.17251,0,2021-03-30 12:00:00
1617120000,1.17251,1.1733,1.17137,1.1717,0,2021-03-30 16:00:00
1617134400,1.17169,1.17229,1.1715,1.17176,0,2021-03-30 20:00:00
1617148800,1.17178,1.17258,1.17069,1.17069,0,2021-03-31 00:00:00
1617163200,1.17068,1.17274,1.1704,1.1727,0,2021-03-31 04:00:00
1617177600,1.17271,1.17478,1.17215,1.17347,0,2021-03-31 08:00:00
1617192000,1.17349,1.17598,1.17209,1.17517,0,2021-03-31 12:00:00
1617206400,1.17516,1.17552,1.17237,1.17255,0,2021-03-31 16:00:00
1617220800,1.17254,1.17308,1.17194,1.17255,0,2021-03-31 20:00:00
1617235200,1.17258,1.17328,1.17212,1.17243,0,2021-04-01 00:00:00
1617249600,1.17243,1.17335,1.17125,1.17323,0,2021-04-01 04:00:00
1617264000,1.17323,1.17504,1.1721,1.17369,0,2021-04-01 08:00:00
1617278400,1.17369,1.17652,1.1733,1.17595,0,2021-04-01 12:00:00
1617292800,1.17595,1.17799,1.17556,1.17712,0,2021-04-01 16:00:00
1617307200,1.17711,1.17825,1.17687,1.17799,0,2021-04-01 20:00:00
1617321600,1.178,1.1784,1.17691,1.17781,0,2021-04-02 00:00:00
1617336000,1.17781,1.17815,1.17745,1.17749,0,2021-04-02 04:00:00
1617350400,1.17748,1.17866,1.17695,1.17778,0,2021-04-02 08:00:00
1617364800,1.17778,1.17861,1.1749,1.17577,0,2021-04-02 12:00:00
1617379200,1.17577,1.17638,1.1755,1.17617,0,2021-04-02 16:00:00
1617393600,1.17618,1.17643,1.17538,1.17603,0,2021-04-02 20:00:00
1617566400,1.17544,1.17669,1.17532,1.1762,0,2021-04-04 20:00:00
1617580800,1.17622,1.17718,1.1758,1.17663,0,2021-04-05 00:00:00
1617595200,1.17663,1.17706,1.17466,1.17486,0,2021-04-05 04:00:00
1617609600,1.17484,1.17571,1.17379,1.17493,0,2021-04-05 08:00:00
1617624000,1.17493,1.18148,1.17486,1.17987,0,2021-04-05 12:00:00
1617638400,1.17987,1.18194,1.17955,1.18108,0,2021-04-05 16:00:00
1617652800,1.1811,1.18151,1.18077,1.18141,0,2021-04-05 20:00:00
1617667200,1.18143,1.18215,1.18033,1.18076,0,2021-04-06 00:00:00
1617681600,1.18075,1.18168,1.17996,1.18044,0,2021-04-06 04:00:00
1617696000,1.18043,1.18218,1.17951,1.1808,0,2021-04-06 08:00:00
1617710400,1.18081,1.18459,1.18026,1.18381,0,2021-04-06 12:00:00
1617724800,1.18382,1.18743,1.18373,1.1871,0,2021-04-06 16:00:00
1617739200,1.18711,1.18776,1.18668,1.18713,0,2021-04-06 20:00:00
1617753600,1.18714,1.18777,1.18657,1.18669,0,2021-04-07 00:00:00
1617768000,1.18668,1.18818,1.18639,1.18702,0,2021-04-07 04:00:00
1617782400,1.187,1.18983,1.18651,1.18921,0,2021-04-07 08:00:00
1617796800,1.18923,1.19147,1.18768,1.19006,0,2021-04-07 12:00:00
1617811200,1.19004,1.19035,1.18647,1.18657,0,2021-04-07 16:00:00
1617825600,1.18657,1.18747,1.18608,1.187,0,2021-04-07 20:00:00
1617840000,1.18699,1.18739,1.18609,1.18698,0,2021-04-08 00:00:00
1617854400,1.18699,1.18817,1.18671,1.18814,0,2021-04-08 04:00:00
1617868800,1.18814,1.1893,1.18616,1.1862,0,2021-04-08 08:00:00
1617883200,1.18619,1.19102,1.18617,1.18989,0,2021-04-08 12:00:00
1617897600,1.1899,1.19274,1.18984,1.19169,0,2021-04-08 16:00:00
1617912000,1.19168,1.19189,1.19101,1.19147,0,2021-04-08 20:00:00
1617926400,1.19147,1.19201,1.1904,1.19053,0,2021-04-09 00:00:00
1617940800,1.19052,1.19076,1.18844,1.18913,0,2021-04-09 04:00:00
1617955200,1.18911,1.18989,1.18822,1.18836,0,2021-04-09 08:00:00
1617969600,1.18837,1.19002,1.18669,1.18893,0,2021-04-09 12:00:00
1617984000,1.18893,1.19103,1.18824,1.19021,0,2021-04-09 16:00:00
1617998400,1.19021,1.19058,1.18977,1.18977,0,2021-04-09 20:00:00
1618171200,1.18903,1.19038,1.18901,1.1898,0,2021-04-11 20:00:00
1618185600,1.18983,1.19035,1.18853,1.18899,0,2021-04-12 00:00:00
1618200000,1.18899,1.18942,1.18843,1.18854,0,2021-04-12 04:00:00
1618214400,1.18852,1.19181,1.1871,1.19097,0,2021-04-12 08:00:00
1618228800,1.19097,1.1918,1.19026,1.19068,0,2021-04-12 12:00:00
1618243200,1.19068,1.1919,1.19035,1.19051,0,2021-04-12 16:00:00
1618257600,1.19052,1.19155,1.1899,1.19124,0,2021-04-12 20:00:00
1618272000,1.19125,1.19157,1.18958,1.18983,0,2021-04-13 00:00:00
1618286400,1.18984,1.19004,1.18828,1.18841,0,2021-04-13 04:00:00
1618300800,1.18845,1.19087,1.18845,1.1891,0,2021-04-13 08:00:00
1618315200,1.18908,1.19428,1.18776,1.19262,0,2021-04-13 12:00:00
1618329600,1.19262,1.1948,1.19235,1.19465,0,2021-04-13 16:00:00
1618344000,1.19463,1.19557,1.1944,1.19488,0,2021-04-13 20:00:00
1618358400,1.19485,1.1963,1.19485,1.19597,0,2021-04-14 00:00:00
1618372800,1.19596,1.19697,1.19577,1.19691,0,2021-04-14 04:00:00
1618387200,1.19692,1.1974,1.19511,1.1953,0,2021-04-14 08:00:00
1618401600,1.1953,1.19741,1.19509,1.19653,0,2021-04-14 12:00:00
1618416000,1.19651,1.19872,1.19651,1.19708,0,2021-04-14 16:00:00
1618430400,1.19709,1.19845,1.19696,1.19807,0,2021-04-14 20:00:00
1618444800,1.1981,1.19897,1.19722,1.19733,0,2021-04-15 00:00:00
1618459200,1.19736,1.19802,1.19696,1.19747,0,2021-04-15 04:00:00
1618473600,1.19746,1.19932,1.19619,1.19621,0,2021-04-15 08:00:00
1618488000,1.19623,1.19837,1.1956,1.19708,0,2021-04-15 12:00:00
1618502400,1.19703,1.19772,1.1957,1.19749,0,2021-04-15 16:00:00
1618516800,1.19748,1.19755,1.1963,1.19671,0,2021-04-15 20:00:00
1618531200,1.19669,1.19746,1.19503,1.1951,0,2021-04-16 00:00:00
1618545600,1.19511,1.19722,1.1951,1.19623,0,2021-04-16 04:00:00
1618560000,1.19622,1.19946,1.196,1.19886,0,2021-04-16 08:00:00
1618574400,1.19886,1.19936,1.1975,1.19794,0,2021-04-16 12:00:00
1618588800,1.19792,1.19836,1.19723,1.19783,0,2021-04-16 16:00:00
1618603200,1.19781,1.19827,1.19781,1.19805,0,2021-04-16 20:00:00
1618776000,1.19722,1.19771,1.19694,1.19711,0,2021-04-18 20:00:00
1618790400,1.19713,1.19749,1.19424,1.19521,0,2021-04-19 00:00:00
1618804800,1.19522,1.19808,1.1952,1.19761,0,2021-04-19 04:00:00
1618819200,1.1976,1.20428,1.1976,1.20416,0,2021-04-19 08:00:00
1618833600,1.20413,1.2048,1.2015,1.20211,0,2021-04-19 12:00:00
1618848000,1.20214,1.20407,1.20173,1.20392,0,2021-04-19 16:00:00
1618862400,1.20391,1.20391,1.2032,1.20382,0,2021-04-19 20:00:00
1618876800,1.20383,1.2055,1.2037,1.20547,0,2021-04-20 00:00:00
1618891200,1.20546,1.20741,1.20482,1.20728,0,2021-04-20 04:00:00
1618905600,1.20728,1.20797,1.20441,1.20489,0,2021-04-20 08:00:00
1618920000,1.20492,1.20592,1.20261,1.20486,0,2021-04-20 12:00:00
1618934400,1.20486,1.20505,1.20224,1.20302,0,2021-04-20 16:00:00
1618948800,1.20303,1.20368,1.20287,1.20333,0,2021-04-20 20:00:00
1618963200,1.20334,1.20436,1.20283,1.20323,0,2021-04-21 00:00:00
1618977600,1.20323,1.20354,1.20246,1.20286,0,2021-04-21 04:00:00
1618992000,1.20284,1.20288,1.19985,1.20098,0,2021-04-21 08:00:00
1619006400,1.20097,1.20318,1.19989,1.2028,0,2021-04-21 12:00:00
1619020800,1.20279,1.20391,1.20256,1.20289,0,2021-04-21 16:00:00
1619035200,1.20289,1.20365,1.20277,1.20347,0,2021-04-21 20:00:00
1619049600,1.20348,1.20467,1.20323,1.20466,0,2021-04-22 00:00:00
1619064000,1.20467,1.20467,1.20291,1.20417,0,2021-04-22 04:00:00
1619078400,1.20416,1.20555,1.20219,1.20503,0,2021-04-22 08:00:00
1619092800,1.20505,1.20694,1.20024,1.20226,0,2021-04-22 12:00:00
1619107200,1.20225,1.2023,1.19936,1.20076,0,2021-04-22 16:00:00
1619121600,1.20077,1.20179,1.20033,1.20149,0,2021-04-22 20:00:00
1619136000,1.20148,1.20263,1.20127,1.20215,0,2021-04-23 00:00:00
1619150400,1.20216,1.20368,1.20198,1.2035,0,2021-04-23 04:00:00
1619164800,1.20351,1.20616,1.20333,1.20571,0,2021-04-23 08:00:00
1619179200,1.2057,1.20756,1.20462,1.20493,0,2021-04-23 12:00:00
1619193600,1.20491,1.20932,1.20486,1.20925,0,2021-04-23 16:00:00
1619208000,1.20925,1.20999,1.20918,1.20938,0,2021-04-23 20:00:00
1619380800,1.20913,1.20981,1.20905,1.20918,0,2021-04-25 20:00:00
1619395200,1.20919,1.21136,1.20885,1.21131,0,2021-04-26 00:00:00
1619409600,1.2113,1.21167,1.20914,1.20926,0,2021-04-26 04:00:00
1619424000,1.20923,1.21093,1.20887,1.20919,0,2021-04-26 08:00:00
1619438400,1.2092,1.20931,1.20608,1.20813,0,2021-04-26 12:00:00
1619452800,1.20814,1.20936,1.20727,1.20917,0,2021-04-26 16:00:00
1619467200,1.20917,1.20928,1.20811,1.20822,0,2021-04-26 20:00:00
1619481600,1.20823,1.2084,1.20651,1.20657,0,2021-04-27 00:00:00
1619496000,1.20655,1.20801,1.20655,1.20696,0,2021-04-27 04:00:00
1619510400,1.20696,1.20851,1.20567,1.20836,0,2021-04-27 08:00:00
1619524800,1.20835,1.20926,1.20731,1.20805,0,2021-04-27 12:00:00
1619539200,1.20806,1.20896,1.20693,1.20879,0,2021-04-27 16:00:00
1619553600,1.20879,1.20927,1.20852,1.20883,0,2021-04-27 20:00:00
1619568000,1.20884,1.20906,1.20751,1.20793,0,2021-04-28 00:00:00
1619582400,1.20793,1.20794,1.20592,1.20593,0,2021-04-28 04:00:00
1619596800,1.20592,1.20796,1.2056,1.20666,0,2021-04-28 08:00:00
1619611200,1.20664,1.20998,1.20563,1.20884,0,2021-04-28 12:00:00
1619625600,1.20884,1.21347,1.20656,1.21234,0,2021-04-28 16:00:00
1619640000,1.21235,1.21327,1.21076,1.21322,0,2021-04-28 20:00:00
1619654400,1.21321,1.21498,1.213,1.21372,0,2021-04-29 00:00:00
1619668800,1.21371,1.21381,1.21163,1.21204,0,2021-04-29 04:00:00
1619683200,1.21205,1.21247,1.21111,1.21228,0,2021-04-29 08:00:00
1619697600,1.21226,1.21357,1.21021,1.21112,0,2021-04-29 12:00:00
1619712000,1.21114,1.2126,1.2107,1.21256,0,2021-04-29 16:00:00
1619726400,1.21257,1.21293,1.21169,1.21218,0,2021-04-29 20:00:00
1619740800,1.21216,1.21265,1.2117,1.21203,0,2021-04-30 00:00:00
1619755200,1.21204,1.21217,1.21102,1.21105,0,2021-04-30 04:00:00
1619769600,1.21105,1.21128,1.20788,1.20798,0,2021-04-30 08:00:00
1619784000,1.20798,1.2092,1.2035,1.20394,0,2021-04-30 12:00:00
1619798400,1.20395,1.20426,1.20181,1.2021,0,2021-04-30 16:00:00
1619812800,1.20213,1.2025,1.20165,1.20169,0,2021-04-30 20:00:00
1619985600,1.20309,1.20328,1.20245,1.20268,0,2021-05-02 20:00:00
1620000000,1.20271,1.20354,1.20183,1.20194,0,2021-05-03 00:00:00
1620014400,1.20195,1.20397,1.2013,1.20376,0,2021-05-03 04:00:00
1620028800,1.20377,1.20575,1.20311,1.20571,0,2021-05-03 08:00:00
1620043200,1.20568,1.20758,1.20417,1.20732,0,2021-05-03 12:00:00
1620057600,1.20733,1.2076,1.20513,1.20666,0,2021-05-03 16:00:00
1620072000,1.20666,1.20666,1.20584,1.20592,0,2021-05-03 20:00:00
1620086400,1.2059,1.20598,1.20421,1.20444,0,2021-05-04 00:00:00
1620100800,1.20444,1.20449,1.2032,1.20329,0,2021-05-04 04:00:00
1620115200,1.20331,1.20356,1.19989,1.20113,0,2021-05-04 08:00:00
1620129600,1.20112,1.2033,1.20078,1.20324,0,2021-05-04 12:00:00
1620144000,1.20325,1.20355,1.20014,1.20111,0,2021-05-04 16:00:00
1620158400,1.20108,1.20201,1.20073,1.20157,0,2021-05-04 20:00:00
1620172800,1.20158,1.20227,1.20129,1.20206,0,2021-05-05 00:00:00
1620187200,1.20206,1.20265,1.19928,1.19996,0,2021-05-05 04:00:00
1620201600,1.19996,1.20197,1.19859,1.2016,0,2021-05-05 08:00:00
1620216000,1.20163,1.20185,1.19914,1.20041,0,2021-05-05 12:00:00
1620230400,1.2004,1.2006,1.19911,1.19996,0,2021-05-05 16:00:00
1620244800,1.19996,1.20075,1.19975,1.2006,0,2021-05-05 20:00:00
1620259200,1.2006,1.20116,1.19929,1.20001,0,2021-05-06 00:00:00
1620273600,1.2,1.20202,1.1997,1.20139,0,2021-05-06 04:00:00
1620288000,1.20142,1.20526,1.20122,1.20413,0,2021-05-06 08:00:00
1620302400,1.20415,1.20716,1.20384,1.20595,0,2021-05-06 12:00:00
1620316800,1.20595,1.20604,1.20441,1.20549,0,2021-05-06 16:00:00
1620331200,1.2055,1.20653,1.20548,1.20609,0,2021-05-06 20:00:00
1620345600,1.20608,1.20697,1.20594,1.20657,0,2021-05-07 00:00:00
1620360000,1.20657,1.20692,1.20527,1.20577,0,2021-05-07 04:00:00
1620374400,1.20576,1.20905,1.20565,1.20713,0,2021-05-07 08:00:00
1620388800,1.20712,1.21504,1.20581,1.21412,0,2021-05-07 12:00:00
1620403200,1.21411,1.21653,1.21391,1.21653,0,2021-05-07 16:00:00
1620417600,1.21654,1.21713,1.21615,1.21615,0,2021-05-07 20:00:00
1620590400,1.21601,1.21745,1.216,1.21674,0,2021-05-09 20:00:00
1620604800,1.21677,1.21769,1.21513,1.21515,0,2021-05-10 00:00:00
1620619200,1.21516,1.2163,1.21506,1.21606,0,2021-05-10 04:00:00
1620633600,1.21608,1.21752,1.21366,1.21643,0,2021-05-10 08:00:00
1620648000,1.21641,1.21782,1.21526,1.21612,0,2021-05-10 12:00:00
1620662400,1.2161,1.21726,1.21421,1.21453,0,2021-05-10 16:00:00
1620676800,1.21452,1.21471,1.21271,1.21391,0,2021-05-10 20:00:00
1620691200,1.21392,1.21465,1.21259,1.21452,0,2021-05-11 00:00:00
1620705600,1.21452,1.21493,1.21295,1.21302,0,2021-05-11 04:00:00
1620720000,1.21305,1.21692,1.2123,1.21611,0,2021-05-11 08:00:00
1620734400,1.21611,1.21815,1.2148,1.21614,0,2021-05-11 12:00:00
1620748800,1.21615,1.21718,1.2147,1.21526,0,2021-05-11 16:00:00
1620763200,1.21527,1.21553,1.21442,1.21468,0,2021-05-11 20:00:00
1620777600,1.21469,1.21491,1.21242,1.21245,0,2021-05-12 00:00:00
1620792000,1.21245,1.21371,1.21153,1.21315,0,2021-05-12 04:00:00
1620806400,1.21314,1.21438,1.21202,1.21258,0,2021-05-12 08:00:00
1620820800,1.21258,1.2152,1.20655,1.20757,0,2021-05-12 12:00:00
1620835200,1.20757,1.20827,1.20655,1.20797,0,2021-05-12 16:00:00
1620849600,1.20796,1.20823,1.2069,1.20745,0,2021-05-12 20:00:00
1620864000,1.20742,1.20888,1.20706,1.20808,0,2021-05-13 00:00:00
1620878400,1.20809,1.20992,1.20717,1.20947,0,2021-05-13 04:00:00
1620892800,1.20947,1.2106,1.20514,1.20693,0,2021-05-13 08:00:00
1620907200,1.20695,1.20999,1.20673,1.20741,0,2021-05-13 12:00:00
1620921600,1.2074,1.20907,1.20621,1.20759,0,2021-05-13 16:00:00
1620936000,1.2076,1.20869,1.20755,1.20785,0,2021-05-13 20:00:00
1620950400,1.20783,1.20851,1.20708,1.20795,0,2021-05-14 00:00:00
1620964800,1.20797,1.21109,1.20788,1.21071,0,2021-05-14 04:00:00
1620979200,1.21071,1.21293,1.21029,1.21137,0,2021-05-14 08:00:00
1620993600,1.21137,1.21477,1.21102,1.21343,0,2021-05-14 12:00:00
1621008000,1.21343,1.21449,1.21317,1.21441,0,2021-05-14 16:00:00
1621022400,1.2144,1.21465,1.21414,1.2142,0,2021-05-14 20:00:00
1621195200,1.2145,1.21499,1.21368,1.21458,0,2021-05-16 20:00:00
1621209600,1.21459,1.21511,1.21289,1.21349,0,2021-05-17 00:00:00
1621224000,1.21349,1.21421,1.21259,1.21375,0,2021-05-17 04:00:00
1621238400,1.21376,1.21686,1.21315,1.21667,0,2021-05-17 08:00:00
1621252800,1.21668,1.21687,1.21345,1.21443,0,2021-05-17 12:00:00
1621267200,1.21443,1.21614,1.21422,1.21588,0,2021-05-17 16:00:00
1621281600,1.21587,1.21602,1.21489,1.21529,0,2021-05-17 20:00:00
1621296000,1.21529,1.21691,1.21523,1.21629,0,2021-05-18 00:00:00
1621310400,1.21629,1.21904,1.21622,1.21833,0,2021-05-18 04:00:00
1621324800,1.21834,1.22235,1.21834,1.22076,0,2021-05-18 08:00:00
1621339200,1.22076,1.22339,1.22049,1.22182,0,2021-05-18 12:00:00
1621353600,1.22183,1.22298,1.21974,1.22291,0,2021-05-18 16:00:00
1621368000,1.22292,1.22302,1.22213,1.2224,0,2021-05-18 20:00:00
1621382400,1.22239,1.22327,1.22172,1.22222,0,2021-05-19 00:00:00
1621396800,1.22221,1.2245,1.22211,1.22381,0,2021-05-19 04:00:00
1621411200,1.22382,1.22451,1.22002,1.22069,0,2021-05-19 08:00:00
1621425600,1.22069,1.22387,1.21888,1.2216,0,2021-05-19 12:00:00
1621440000,1.2216,1.22234,1.21686,1.2171,0,2021-05-19 16:00:00
1621454400,1.21708,1.21796,1.21598,1.21725,0,2021-05-19 20:00:00
1621468800,1.21724,1.21851,1.21689,1.2177,0,2021-05-20 00:00:00
1621483200,1.21771,1.21978,1.21769,1.21846,0,2021-05-20 04:00:00
1621497600,1.21847,1.22047,1.2181,1.21942,0,2021-05-20 08:00:00
1621512000,1.21941,1.22188,1.21935,1.22135,0,2021-05-20 12:00:00
1621526400,1.22136,1.22264,1.22079,1.22196,0,2021-05-20 16:00:00
1621540800,1.22194,1.223,1.2218,1.22258,0,2021-05-20 20:00:00
1621555200,1.22259,1.22391,1.22238,1.2232,0,2021-05-21 00:00:00
1621569600,1.22321,1.22396,1.22223,1.2226,0,2021-05-21 04:00:00
1621584000,1.22258,1.2238,1.22097,1.22189,0,2021-05-21 08:00:00
1621598400,1.22188,1.22215,1.21704,1.21886,0,2021-05-21 12:00:00
1621612800,1.21884,1.21916,1.21607,1.21811,0,2021-05-21 16:00:00
1621627200,1.21812,1.21877,1.21772,1.21778,0,2021-05-21 20:00:00
1621800000,1.21778,1.21816,1.21722,1.21789,0,2021-05-23 20:00:00
1621814400,1.2179,1.21871,1.21768,1.21783,0,2021-05-24 00:00:00
1621828800,1.21784,1.21953,1.2175,1.21898,0,2021-05-24 04:00:00
1621843200,1.219,1.22192,1.21749,1.2214,0,2021-05-24 08:00:00
1621857600,1.22142,1.22298,1.22033,1.22167,0,2021-05-24 12:00:00
1621872000,1.22171,1.22241,1.22045,1.22137,0,2021-05-24 16:00:00
1621886400,1.22136,1.2218,1.22124,1.22163,0,2021-05-24 20:00:00
1621900800,1.22164,1.22301,1.22113,1.22284,0,2021-05-25 00:00:00
1621915200,1.22283,1.22531,1.22202,1.22458,0,2021-05-25 04:00:00
1621929600,1.22457,1.22622,1.22439,1.2248,0,2021-05-25 08:00:00
1621944000,1.22479,1.22664,1.22404,1.22461,0,2021-05-25 12:00:00
1621958400,1.2246,1.22569,1.22263,1.22558,0,2021-05-25 16:00:00
1621972800,1.22559,1.22567,1.22457,1.22532,0,2021-05-25 20:00:00
1621987200,1.22534,1.22538,1.22418,1.22496,0,2021-05-26 00:00:00
1622001600,1.22495,1.22629,1.22433,1.22491,0,2021-05-26 04:00:00
1622016000,1.22492,1.22496,1.22324,1.22384,0,2021-05-26 08:00:00
1622030400,1.22385,1.22397,1.22165,1.22168,0,2021-05-26 12:00:00
1622044800,1.22167,1.22211,1.2182,1.21928,0,2021-05-26 16:00:00
1622059200,1.21927,1.21971,1.21881,1.21925,0,2021-05-26 20:00:00
1622073600,1.21926,1.21942,1.21751,1.21903,0,2021-05-27 00:00:00
1622088000,1.21904,1.22023,1.21862,1.21981,0,2021-05-27 04:00:00
1622102400,1.21982,1.22149,1.218,1.22051,0,2021-05-27 08:00:00
1622116800,1.22052,1.22116,1.21797,1.22014,0,2021-05-27 12:00:00
1622131200,1.22012,1.22046,1.21851,1.21985,0,2021-05-27 16:00:00
1622145600,1.21985,1.22007,1.21909,1.21915,0,2021-05-27 20:00:00
1622160000,1.21916,1.21931,1.21814,1.21856,0,2021-05-28 00:00:00
1622174400,1.21856,1.21902,1.21714,1.21826,0,2021-05-28 04:00:00
1622188800,1.21825,1.22005,1.21725,1.21777,0,2021-05-28 08:00:00
1622203200,1.21774,1.21883,1.21325,1.21797,0,2021-05-28 12:00:00
1622217600,1.21799,1.22048,1.21787,1.2196,0,2021-05-28 16:00:00
1622232000,1.2196,1.21972,1.21882,1.21905,0,2021-05-28 20:00:00
1622404800,1.2199,1.21998,1.21898,1.21935,0,2021-05-30 20:00:00
1622419200,1.21932,1.22042,1.21845,1.22036,0,2021-05-31 00:00:00
1622433600,1.22036,1.22041,1.21981,1.21988,0,2021-05-31 04:00:00
1622505600,1.22325,1.22364,1.22237,1.2228,0,2021-06-01 00:00:00
1622520000,1.22279,1.22375,1.22181,1.22325,0,2021-06-01 04:00:00
1622534400,1.22324,1.22414,1.22132,1.2223,0,2021-06-01 08:00:00
1622548800,1.22229,1.22542,1.22157,1.22459,0,2021-06-01 12:00:00
1622563200,1.22461,1.22511,1.22265,1.22283,0,2021-06-01 16:00:00
1622577600,1.22283,1.22283,1.2211,1.22143,0,2021-06-01 20:00:00
1622592000,1.22147,1.22265,1.22141,1.22234,0,2021-06-02 00:00:00
1622606400,1.22234,1.2226,1.22057,1.22097,0,2021-06-02 04:00:00
1622620800,1.22098,1.22136,1.2169,1.21734,0,2021-06-02 08:00:00
1622635200,1.21732,1.22072,1.2164,1.22068,0,2021-06-02 12:00:00
1622649600,1.22068,1.22183,1.22028,1.22104,0,2021-06-02 16:00:00
1622664000,1.22105,1.22139,1.22057,1.22104,0,2021-06-02 20:00:00
1622678400,1.22104,1.22141,1.22034,1.2204,0,2021-06-03 00:00:00
1622692800,1.22041,1.22081,1.21853,1.21863,0,2021-06-03 04:00:00
1622707200,1.21863,1.22082,1.21787,1.21868,0,2021-06-03 08:00:00
1622721600,1.21868,1.21964,1.21267,1.21385,0,2021-06-03 12:00:00
1622736000,1.21382,1.21382,1.21181,1.21253,0,2021-06-03 16:00:00
1622750400,1.21254,1.21338,1.21245,1.21305,0,2021-06-03 20:00:00
1622764800,1.21307,1.21321,1.21143,1.21204,0,2021-06-04 00:00:00
1622779200,1.21204,1.21211,1.2104,1.21129,0,2021-06-04 04:00:00
1622793600,1.21128,1.21178,1.21039,1.21073,0,2021-06-04 08:00:00
1622808000,1.21074,1.21856,1.21069,1.21632,0,2021-06-04 12:00:00
1622822400,1.21633,1.21747,1.21602,1.2165,0,2021-06-04 16:00:00
1622836800,1.21651,1.217,1.21636,1.21644,0,2021-06-04 20:00:00
1623009600,1.21601,1.2167,1.21596,1.21631,0,2021-06-06 20:00:00
1623024000,1.21633,1.21726,1.21599,1.21629,0,2021-06-07 00:00:00
1623038400,1.21628,1.21705,1.21514,1.21525,0,2021-06-07 04:00:00
1623052800,1.21523,1.21678,1.21448,1.21559,0,2021-06-07 08:00:00
1623067200,1.21557,1.21917,1.21549,1.21875,0,2021-06-07 12:00:00
1623081600,1.21877,1.22017,1.21853,1.21944,0,2021-06-07 16:00:00
1623096000,1.21944,1.21953,1.21884,1.21917,0,2021-06-07 20:00:00
1623110400,1.21917,1.21941,1.2182,1.2183,0,2021-06-08 00:00:00
1623124800,1.21827,1.21852,1.21761,1.21768,0,2021-06-08 04:00:00
1623139200,1.21769,1.21837,1.21642,1.21775,0,2021-06-08 08:00:00
1623153600,1.21775,1.2193,1.21708,1.21859,0,2021-06-08 12:00:00
1623168000,1.2186,1.2186,1.21739,1.21796,0,2021-06-08 16:00:00
1623182400,1.21798,1.21811,1.21711,1.21717,0,2021-06-08 20:00:00
1623196800,1.21716,1.21841,1.21711,1.2184,0,2021-06-09 00:00:00
1623211200,1.21839,1.21868,1.21755,1.21802,0,2021-06-09 04:00:00
1623225600,1.21804,1.2195,1.2176,1.21921,0,2021-06-09 08:00:00
1623240000,1.21922,1.22179,1.21812,1.21857,0,2021-06-09 12:00:00
1623254400,1.21856,1.21905,1.21741,1.2179,0,2021-06-09 16:00:00
1623268800,1.21789,1.2181,1.21742,1.21779,0,2021-06-09 20:00:00
1623283200,1.21779,1.21806,1.21664,1.21666,0,2021-06-10 00:00:00
1623297600,1.21667,1.2174,1.21616,1.21674,0,2021-06-10 04:00:00
1623312000,1.21673,1.21723,1.21533,1.21685,0,2021-06-10 08:00:00
1623326400,1.21686,1.21945,1.21433,1.21714,0,2021-06-10 12:00:00
1623340800,1.21714,1.21785,1.21618,1.21716,0,2021-06-10 16:00:00
1623355200,1.21714,1.21775,1.21677,1.21725,0,2021-06-10 20:00:00
1623369600,1.21726,1.21901,1.21717,1.21897,0,2021-06-11 00:00:00
1623384000,1.21898,1.21929,1.21812,1.21834,0,2021-06-11 04:00:00
1623398400,1.21833,1.21918,1.21488,1.21511,0,2021-06-11 08:00:00
1623412800,1.2151,1.21517,1.21005,1.21093,0,2021-06-11 12:00:00
1623427200,1.21091,1.21146,1.20925,1.21026,0,2021-06-11 16:00:00
1623441600,1.21027,1.21107,1.21016,1.21072,0,2021-06-11 20:00:00
1623614400,1.21045,1.21121,1.21027,1.21099,0,2021-06-13 20:00:00
1623628800,1.21096,1.21112,1.20953,1.2099,0,2021-06-14 00:00:00
1623643200,1.20991,1.21087,1.20945,1.21037,0,2021-06-14 04:00:00
1623657600,1.21036,1.21246,1.20942,1.21209,0,2021-06-14 08:00:00
1623672000,1.2121,1.21305,1.21118,1.21235,0,2021-06-14 12:00:00
1623686400,1.21236,1.21282,1.21174,1.21176,0,2021-06-14 16:00:00
1623700800,1.21177,1.21229,1.21165,1.21207,0,2021-06-14 20:00:00
1623715200,1.21206,1.21258,1.21137,1.21242,0,2021-06-15 00:00:00
1623729600,1.21242,1.21367,1.21189,1.21309,0,2021-06-15 04:00:00
1623744000,1.2131,1.21473,1.21128,1.21181,0,2021-06-15 08:00:00
1623758400,1.21183,1.21303,1.21013,1.21258,0,2021-06-15 12:00:00
1623772800,1.21256,1.2131,1.21173,1.21247,0,2021-06-15 16:00:00
1623787200,1.21245,1.2129,1.21226,1.21264,0,2021-06-15 20:00:00
1623801600,1.21261,1.21269,1.21165,1.21217,0,2021-06-16 00:00:00
1623816000,1.21216,1.21347,1.21206,1.21293,0,2021-06-16 04:00:00
1623830400,1.21294,1.21337,1.21149,1.21165,0,2021-06-16 08:00:00
1623844800,1.21165,1.21275,1.211,1.21181,0,2021-06-16 12:00:00
1623859200,1.21183,1.21216,1.20081,1.20178,0,2021-06-16 16:00:00
1623873600,1.20175,1.20366,1.19912,1.19979,0,2021-06-16 20:00:00
1623888000,1.19978,1.20047,1.19841,1.20021,0,2021-06-17 00:00:00
1623902400,1.2002,1.20062,1.19733,1.19867,0,2021-06-17 04:00:00
1623916800,1.19866,1.19894,1.19261,1.19316,0,2021-06-17 08:00:00
1623931200,1.19317,1.1951,1.1921,1.19394,0,2021-06-17 12:00:00
1623945600,1.19396,1.19427,1.18916,1.19109,0,2021-06-17 16:00:00
1623960000,1.19107,1.19145,1.19006,1.19113,0,2021-06-17 20:00:00
1623974400,1.19116,1.19198,1.19045,1.19186,0,2021-06-18 00:00:00
1623988800,1.19187,1.19249,1.18853,1.18908,0,2021-06-18 04:00:00
1624003200,1.18907,1.19243,1.18906,1.19156,0,2021-06-18 08:00:00
1624017600,1.19159,1.19162,1.18472,1.18564,0,2021-06-18 12:00:00
1624032000,1.18564,1.18822,1.18498,1.18715,0,2021-06-18 16:00:00
1624046400,1.18715,1.18779,1.18567,1.18592,0,2021-06-18 20:00:00
1624219200,1.18542,1.18743,1.18542,1.18718,0,2021-06-20 20:00:00
1624233600,1.18719,1.18764,1.18592,1.18655,0,2021-06-21 00:00:00
1624248000,1.18654,1.18847,1.18476,1.18754,0,2021-06-21 04:00:00
1624262400,1.18753,1.18995,1.18511,1.1895,0,2021-06-21 08:00:00
1624276800,1.18951,1.19206,1.18847,1.19105,0,2021-06-21 12:00:00
1624291200,1.19104,1.19213,1.19036,1.1908,0,2021-06-21 16:00:00
1624305600,1.19083,1.19202,1.19083,1.19137,0,2021-06-21 20:00:00
1624320000,1.19138,1.19179,1.19006,1.19106,0,2021-06-22 00:00:00
1624334400,1.19107,1.19151,1.18915,1.18989,0,2021-06-22 04:00:00
1624348800,1.18988,1.19112,1.18808,1.18931,0,2021-06-22 08:00:00
1624363200,1.18932,1.19104,1.18819,1.18991,0,2021-06-22 12:00:00
1624377600,1.1899,1.19455,1.18972,1.19356,0,2021-06-22 16:00:00
1624392000,1.19356,1.19526,1.19352,1.19394,0,2021-06-22 20:00:00
1624406400,1.19394,1.19423,1.19203,1.19242,0,2021-06-23 00:00:00
1624420800,1.19243,1.1937,1.19159,1.19274,0,2021-06-23 04:00:00
1624435200,1.19274,1.19496,1.19113,1.19432,0,2021-06-23 08:00:00
1624449600,1.19431,1.197,1.19388,1.19471,0,2021-06-23 12:00:00
1624464000,1.19472,1.19507,1.19286,1.1929,0,2021-06-23 16:00:00
1624478400,1.19291,1.1933,1.19194,1.19316,0,2021-06-23 20:00:00
1624492800,1.19317,1.19332,1.19192,1.19257,0,2021-06-24 00:00:00
1624507200,1.19259,1.19382,1.19176,1.19341,0,2021-06-24 04:00:00
1624521600,1.19341,1.19494,1.19249,1.19446,0,2021-06-24 08:00:00
1624536000,1.19448,1.19562,1.19198,1.1926,0,2021-06-24 12:00:00
1624550400,1.19262,1.1934,1.19246,1.19303,0,2021-06-24 16:00:00
1624564800,1.19302,1.19352,1.19291,1.19319,0,2021-06-24 20:00:00
1624579200,1.19319,1.19449,1.19266,1.19395,0,2021-06-25 00:00:00
1624593600,1.19394,1.19495,1.1935,1.19453,0,2021-06-25 04:00:00
1624608000,1.19453,1.19505,1.19374,1.19457,0,2021-06-25 08:00:00
1624622400,1.19458,1.19751,1.19385,1.19499,0,2021-06-25 12:00:00
1624636800,1.19501,1.1952,1.19261,1.19309,0,2021-06-25 16:00:00
1624651200,1.19308,1.19424,1.19306,1.19347,0,2021-06-25 20:00:00
1624824000,1.19296,1.19402,1.19296,1.19388,0,2021-06-27 20:00:00
1624838400,1.1939,1.19419,1.192,1.19238,0,2021-06-28 00:00:00
1624852800,1.19236,1.19334,1.19211,1.19306,0,2021-06-28 04:00:00
1624867200,1.19305,1.19444,1.19255,1.19384,0,2021-06-28 08:00:00
1624881600,1.19385,1.19397,1.19022,1.19261,0,2021-06-28 12:00:00
1624896000,1.19259,1.19381,1.19198,1.19234,0,2021-06-28 16:00:00
1624910400,1.19234,1.19295,1.19206,1.19248,0,2021-06-28 20:00:00
1624924800,1.19248,1.19295,1.19124,1.1914,0,2021-06-29 00:00:00
1624939200,1.19139,1.1923,1.19076,1.19196,0,2021-06-29 04:00:00
1624953600,1.19195,1.19217,1.18968,1.1906,0,2021-06-29 08:00:00
1624968000,1.19061,1.19081,1.18775,1.19045,0,2021-06-29 12:00:00
1624982400,1.19044,1.19114,1.1893,1.19008,0,2021-06-29 16:00:00
1624996800,1.19008,1.19036,1.18946,1.18995,0,2021-06-29 20:00:00
1625011200,1.18994,1.1909,1.18964,1.19028,0,2021-06-30 00:00:00
1625025600,1.19027,1.19079,1.1894,1.19047,0,2021-06-30 04:00:00
1625040000,1.19048,1.19052,1.18835,1.18894,0,2021-06-30 08:00:00
1625054400,1.18893,1.18948,1.18496,1.18593,0,2021-06-30 12:00:00
1625068800,1.18593,1.18698,1.1845,1.18476,0,2021-06-30 16:00:00
1625083200,1.18475,1.18613,1.18459,1.18576,0,2021-06-30 20:00:00
1625097600,1.18576,1.18603,1.18464,1.185,0,2021-07-01 00:00:00
1625112000,1.18499,1.1856,1.18373,1.18545,0,2021-07-01 04:00:00
1625126400,1.18544,1.18668,1.18383,1.18667,0,2021-07-01 08:00:00
1625140800,1.18667,1.18842,1.18572,1.18682,0,2021-07-01 12:00:00
1625155200,1.1868,1.18683,1.18411,1.18414,0,2021-07-01 16:00:00
1625169600,1.18414,1.18517,1.18408,1.18462,0,2021-07-01 20:00:00
1625184000,1.18463,1.18476,1.18405,1.18416,0,2021-07-02 00:00:00
1625198400,1.18415,1.18477,1.18352,1.18388,0,2021-07-02 04:00:00
1625212800,1.18386,1.18391,1.18204,1.18269,0,2021-07-02 08:00:00
1625227200,1.1827,1.18593,1.1807,1.18427,0,2021-07-02 12:00:00
1625241600,1.18427,1.18741,1.18388,1.1868,0,2021-07-02 16:00:00
1625256000,1.18678,1.18689,1.18621,1.18622,0,2021-07-02 20:00:00
1625428800,1.18598,1.18685,1.18581,1.18586,0,2021-07-04 20:00:00
1625443200,1.18585,1.18626,1.18518,1.18533,0,2021-07-05 00:00:00
1625457600,1.18534,1.18664,1.18513,1.18632,0,2021-07-05 04:00:00
1625472000,1.1863,1.18803,1.1852,1.18768,0,2021-07-05 08:00:00
1625486400,1.18768,1.18804,1.18554,1.18617,0,2021-07-05 12:00:00
1625500800,1.18619,1.18692,1.18613,1.18685,0,2021-07-05 16:00:00
1625515200,1.18685,1.18697,1.18597,1.18643,0,2021-07-05 20:00:00
1625529600,1.18642,1.18719,1.18583,1.18718,0,2021-07-06 00:00:00
1625544000,1.18716,1.18951,1.18699,1.18902,0,2021-07-06 04:00:00
1625558400,1.18902,1.18923,1.1831,1.18395,0,2021-07-06 08:00:00
1625572800,1.18395,1.18465,1.18206,1.1829,0,2021-07-06 12:00:00
1625587200,1.18292,1.18307,1.18068,1.18235,0,2021-07-06 16:00:00
1625601600,1.18234,1.18279,1.1816,1.18199,0,2021-07-06 20:00:00
1625616000,1.18196,1.1825,1.18155,1.18196,0,2021-07-07 00:00:00
1625630400,1.18198,1.18344,1.18185,1.18268,0,2021-07-07 04:00:00
1625644800,1.18268,1.18321,1.18118,1.182,0,2021-07-07 08:00:00
1625659200,1.182,1.18364,1.17815,1.17986,0,2021-07-07 12:00:00
1625673600,1.17986,1.18205,1.17918,1.18055,0,2021-07-07 16:00:00
1625688000,1.18053,1.1807,1.1789,1.17973,0,2021-07-07 20:00:00
1625702400,1.17976,1.17989,1.17834,1.17904,0,2021-07-08 00:00:00
1625716800,1.17903,1.18068,1.17893,1.17971,0,2021-07-08 04:00:00
1625731200,1.17971,1.18413,1.17952,1.18404,0,2021-07-08 08:00:00
1625745600,1.18405,1.18678,1.18327,1.1853,0,2021-07-08 12:00:00
1625760000,1.18529,1.18597,1.1835,1.18394,0,2021-07-08 16:00:00
1625774400,1.18393,1.18489,1.18389,1.18451,0,2021-07-08 20:00:00
1625788800,1.18453,1.18499,1.18347,1.18363,0,2021-07-09 00:00:00
1625803200,1.18363,1.18398,1.18251,1.18277,0,2021-07-09 04:00:00
1625817600,1.18275,1.18628,1.18249,1.18568,0,2021-07-09 08:00:00
1625832000,1.18567,1.18748,1.18551,1.18643,0,2021-07-09 12:00:00
1625846400,1.18642,1.18775,1.18553,1.18763,0,2021-07-09 16:00:00
1625860800,1.18764,1.1881,1.1871,1.1871,0,2021-07-09 20:00:00
1626033600,1.18751,1.18768,1.1865,1.18754,0,2021-07-11 20:00:00
1626048000,1.18755,1.18802,1.18686,1.18712,0,2021-07-12 00:00:00
1626062400,1.18711,1.18728,1.18559,1.18622,0,2021-07-12 04:00:00
1626076800,1.18621,1.18797,1.18423,1.1845,0,2021-07-12 08:00:00
1626091200,1.18451,1.18742,1.1836,1.18669,0,2021-07-12 12:00:00
1626105600,1.18671,1.18678,1.1851,1.18578,0,2021-07-12 16:00:00
1626120000,1.18579,1.18652,1.18553,1.18625,0,2021-07-12 20:00:00
1626134400,1.18627,1.1874,1.18585,1.18732,0,2021-07-13 00:00:00
1626148800,1.18733,1.18751,1.18528,1.18539,0,2021-07-13 04:00:00
1626163200,1.18539,1.18653,1.18357,1.18465,0,2021-07-13 08:00:00
1626177600,1.18465,1.18507,1.17917,1.18225,0,2021-07-13 12:00:00
1626192000,1.18225,1.18258,1.17819,1.17823,0,2021-07-13 16:00:00
1626206400,1.17822,1.17841,1.17721,1.17782,0,2021-07-13 20:00:00
1626220800,1.1778,1.17846,1.17717,1.1784,0,2021-07-14 00:00:00
1626235200,1.1784,1.17959,1.17809,1.17916,0,2021-07-14 04:00:00
1626249600,1.17914,1.17998,1.17759,1.17976,0,2021-07-14 08:00:00
1626264000,1.17977,1.1828,1.17972,1.18197,0,2021-07-14 12:00:00
1626278400,1.18198,1.18354,1.18173,1.18299,0,2021-07-14 16:00:00
1626292800,1.183,1.18387,1.18295,1.18357,0,2021-07-14 20:00:00
1626307200,1.18358,1.18386,1.18211,1.18236,0,2021-07-15 00:00:00
1626321600,1.18234,1.18464,1.18231,1.18349,0,2021-07-15 04:00:00
1626336000,1.18348,1.18506,1.18168,1.18174,0,2021-07-15 08:00:00
1626350400,1.18175,1.18232,1.18036,1.18177,0,2021-07-15 12:00:00
1626364800,1.18176,1.18197,1.17962,1.18072,0,2021-07-15 16:00:00
1626379200,1.18067,1.18149,1.18057,1.18135,0,2021-07-15 20:00:00
1626393600,1.18136,1.18168,1.18018,1.18077,0,2021-07-16 00:00:00
1626408000,1.18078,1.18133,1.1804,1.181,0,2021-07-16 04:00:00
1626422400,1.18102,1.18221,1.1797,1.18022,0,2021-07-16 08:00:00
1626436800,1.18022,1.18136,1.17921,1.18088,0,2021-07-16 12:00:00
1626451200,1.18088,1.18185,1.18031,1.18091,0,2021-07-16 16:00:00
1626465600,1.18089,1.18094,1.18028,1.18047,0,2021-07-16 20:00:00
1626638400,1.18054,1.18102,1.18033,1.18095,0,2021-07-18 20:00:00
1626652800,1.18095,1.18138,1.17978,1.18033,0,2021-07-19 00:00:00
1626667200,1.18032,1.18085,1.17972,1.17973,0,2021-07-19 04:00:00
1626681600,1.17975,1.17987,1.17652,1.17762,0,2021-07-19 08:00:00
1626696000,1.17763,1.18244,1.17636,1.18056,0,2021-07-19 12:00:00
1626710400,1.18055,1.181,1.1791,1.17912,0,2021-07-19 16:00:00
1626724800,1.17916,1.18009,1.17914,1.17938,0,2021-07-19 20:00:00
1626739200,1.17941,1.18021,1.17899,1.17945,0,2021-07-20 00:00:00
1626753600,1.17944,1.17952,1.17756,1.17782,0,2021-07-20 04:00:00
1626768000,1.1778,1.18024,1.17721,1.17821,0,2021-07-20 08:00:00
1626782400,1.17819,1.17927,1.17555,1.17642,0,2021-07-20 12:00:00
1626796800,1.17645,1.1786,1.1756,1.17818,0,2021-07-20 16:00:00
1626811200,1.17818,1.17846,1.17776,1.17825,0,2021-07-20 20:00:00
1626825600,1.17825,1.17829,1.177,1.17724,0,2021-07-21 00:00:00
1626840000,1.17725,1.17771,1.17603,1.17631,0,2021-07-21 04:00:00
1626854400,1.1763,1.17821,1.17518,1.17722,0,2021-07-21 08:00:00
1626868800,1.17721,1.17982,1.17598,1.17894,0,2021-07-21 12:00:00
1626883200,1.17893,1.18036,1.17861,1.18,0,2021-07-21 16:00:00
1626897600,1.17999,1.18046,1.17891,1.17929,0,2021-07-21 20:00:00
1626912000,1.17927,1.17983,1.17866,1.17901,0,2021-07-22 00:00:00
1626926400,1.17901,1.18012,1.17901,1.17948,0,2021-07-22 04:00:00
1626940800,1.17948,1.18019,1.17792,1.17914,0,2021-07-22 08:00:00
1626955200,1.17914,1.18304,1.17707,1.1791,0,2021-07-22 12:00:00
1626969600,1.17907,1.17918,1.17572,1.17714,0,2021-07-22 16:00:00
1626984000,1.17713,1.17761,1.17617,1.17725,0,2021-07-22 20:00:00
1626998400,1.17727,1.17804,1.17706,1.17742,0,2021-07-23 00:00:00
1627012800,1.17741,1.17759,1.17627,1.17715,0,2021-07-23 04:00:00
1627027200,1.17715,1.17865,1.176,1.17636,0,2021-07-23 08:00:00
1627041600,1.17636,1.17809,1.17544,1.17618,0,2021-07-23 12:00:00
1627056000,1.17614,1.17735,1.17582,1.17712,0,2021-07-23 16:00:00
1627070400,1.17712,1.17758,1.17683,1.17683,0,2021-07-23 20:00:00
1627243200,1.17681,1.17742,1.17671,1.1774,0,2021-07-25 20:00:00
1627257600,1.17739,1.17755,1.17632,1.17717,0,2021-07-26 00:00:00
1627272000,1.17718,1.17848,1.17707,1.1772,0,2021-07-26 04:00:00
1627286400,1.17719,1.18001,1.17669,1.17917,0,2021-07-26 08:00:00
1627300800,1.17917,1.18172,1.17791,1.18077,0,2021-07-26 12:00:00
1627315200,1.18077,1.18148,1.17998,1.17999,0,2021-07-26 16:00:00
1627329600,1.18,1.18072,1.1799,1.18005,0,2021-07-26 20:00:00
1627344000,1.18004,1.1812,1.17998,1.18058,0,2021-07-27 00:00:00
1627358400,1.18056,1.18064,1.17879,1.17881,0,2021-07-27 04:00:00
1627372800,1.17881,1.17897,1.17698,1.17886,0,2021-07-27 08:00:00
1627387200,1.17884,1.18275,1.17858,1.1825,0,2021-07-27 12:00:00
1627401600,1.18249,1.18409,1.18226,1.18228,0,2021-07-27 16:00:00
1627416000,1.18228,1.1823,1.18136,1.18165,0,2021-07-27 20:00:00
1627430400,1.18164,1.18248,1.18123,1.18248,0,2021-07-28 00:00:00
1627444800,1.18247,1.18274,1.18031,1.18037,0,2021-07-28 04:00:00
1627459200,1.18038,1.18303,1.18013,1.18042,0,2021-07-28 08:00:00
1627473600,1.1804,1.18122,1.17832,1.17996,0,2021-07-28 12:00:00
1627488000,1.17998,1.18429,1.17721,1.18386,0,2021-07-28 16:00:00
1627502400,1.18384,1.18494,1.18306,1.18445,0,2021-07-28 20:00:00
1627516800,1.18445,1.18575,1.18406,1.18544,0,2021-07-29 00:00:00
1627531200,1.18545,1.18635,1.18502,1.18521,0,2021-07-29 04:00:00
1627545600,1.18522,1.188,1.18519,1.1875,0,2021-07-29 08:00:00
1627560000,1.18752,1.1889,1.18699,1.18855,0,2021-07-29 12:00:00
1627574400,1.18855,1.18912,1.18784,1.18912,0,2021-07-29 16:00:00
1627588800,1.18911,1.18927,1.18844,1.18905,0,2021-07-29 20:00:00
1627603200,1.18906,1.18942,1.18786,1.18806,0,2021-07-30 00:00:00
1627617600,1.18805,1.18857,1.18749,1.18856,0,2021-07-30 04:00:00
1627632000,1.18855,1.19085,1.18841,1.19011,0,2021-07-30 08:00:00
1627646400,1.19011,1.19046,1.18515,1.18589,0,2021-07-30 12:00:00
1627660800,1.18587,1.18656,1.18538,1.18561,0,2021-07-30 16:00:00
1627675200,1.18563,1.18763,1.18548,1.18667,0,2021-07-30 20:00:00
1627848000,1.18641,1.18694,1.18629,1.18681,0,2021-08-01 20:00:00
1627862400,1.18681,1.18714,1.18587,1.18712,0,2021-08-02 00:00:00
1627876800,1.18711,1.1884,1.18641,1.18826,0,2021-08-02 04:00:00
1627891200,1.18825,1.18968,1.18781,1.18909,0,2021-08-02 08:00:00
1627905600,1.18907,1.18925,1.18713,1.18784,0,2021-08-02 12:00:00
1627920000,1.18786,1.18857,1.18652,1.18737,0,2021-08-02 16:00:00
1627934400,1.18739,1.18758,1.18661,1.18738,0,2021-08-02 20:00:00
1627948800,1.18736,1.18786,1.1868,1.18707,0,2021-08-03 00:00:00
1627963200,1.18705,1.18823,1.18702,1.18728,0,2021-08-03 04:00:00
1627977600,1.1873,1.18919,1.18725,1.18875,0,2021-08-03 08:00:00
1627992000,1.18876,1.18932,1.18578,1.18588,0,2021-08-03 12:00:00
1628006400,1.18587,1.18697,1.18535,1.18625,0,2021-08-03 16:00:00
1628020800,1.18625,1.18692,1.18614,1.18691,0,2021-08-03 20:00:00
1628035200,1.18693,1.18735,1.18606,1.18735,0,2021-08-04 00:00:00
1628049600,1.18734,1.18795,1.18686,1.18786,0,2021-08-04 04:00:00
1628064000,1.18787,1.18798,1.18419,1.18562,0,2021-08-04 08:00:00
1628078400,1.18564,1.18996,1.18365,1.1843,0,2021-08-04 12:00:00
1628092800,1.18429,1.18476,1.18326,1.18387,0,2021-08-04 16:00:00
1628107200,1.18388,1.18412,1.18331,1.1838,0,2021-08-04 20:00:00
1628121600,1.18381,1.18392,1.18315,1.18358,0,2021-08-05 00:00:00
1628136000,1.18357,1.18396,1.18302,1.18378,0,2021-08-05 04:00:00
1628150400,1.18376,1.18496,1.1828,1.1846,0,2021-08-05 08:00:00
1628164800,1.18459,1.18572,1.1832,1.18391,0,2021-08-05 12:00:00
1628179200,1.18388,1.18459,1.18313,1.18357,0,2021-08-05 16:00:00
1628193600,1.18356,1.18367,1.18305,1.1832,0,2021-08-05 20:00:00
1628208000,1.18319,1.18343,1.182,1.18213,0,2021-08-06 00:00:00
1628222400,1.18212,1.18293,1.18185,1.18281,0,2021-08-06 04:00:00
1628236800,1.1828,1.18298,1.18043,1.18045,0,2021-08-06 08:00:00
1628251200,1.18047,1.18085,1.17549,1.17609,0,2021-08-06 12:00:00
1628265600,1.17608,1.1766,1.17543,1.17571,0,2021-08-06 16:00:00
1628280000,1.17571,1.17644,1.17563,1.17596,0,2021-08-06 20:00:00
1628452800,1.1758,1.1761,1.17504,1.1754,0,2021-08-08 20:00:00
1628467200,1.17544,1.17608,1.17422,1.17601,0,2021-08-09 00:00:00
1628481600,1.17599,1.17666,1.17564,1.1759,0,2021-08-09 04:00:00
1628496000,1.17588,1.17654,1.175,1.17534,0,2021-08-09 08:00:00
1628510400,1.17535,1.17689,1.17437,1.17442,0,2021-08-09 12:00:00
1628524800,1.17441,1.17534,1.17375,1.17401,0,2021-08-09 16:00:00
1628539200,1.17403,1.17419,1.17344,1.17372,0,2021-08-09 20:00:00
1628553600,1.17371,1.17393,1.1732,1.17379,0,2021-08-10 00:00:00
1628568000,1.17378,1.17427,1.17326,1.17387,0,2021-08-10 04:00:00
1628582400,1.17388,1.17406,1.17161,1.1726,0,2021-08-10 08:00:00
1628596800,1.17261,1.17273,1.17095,1.17195,0,2021-08-10 12:00:00
1628611200,1.17193,1.17245,1.17142,1.17222,0,2021-08-10 16:00:00
1628625600,1.17222,1.17223,1.17165,1.17216,0,2021-08-10 20:00:00
1628640000,1.17214,1.17251,1.17117,1.17251,0,2021-08-11 00:00:00
1628654400,1.1725,1.17255,1.17073,1.17094,0,2021-08-11 04:00:00
1628668800,1.17092,1.17183,1.17059,1.17144,0,2021-08-11 08:00:00
1628683200,1.17143,1.17495,1.17096,1.17392,0,2021-08-11 12:00:00
1628697600,1.17391,1.17541,1.17329,1.17383,0,2021-08-11 16:00:00
1628712000,1.17384,1.17424,1.17358,1.17416,0,2021-08-11 20:00:00
1628726400,1.17415,1.17445,1.17345,1.1739,0,2021-08-12 00:00:00
1628740800,1.17391,1.17457,1.17351,1.17354,0,2021-08-12 04:00:00
1628755200,1.17354,1.17481,1.17326,1.17356,0,2021-08-12 08:00:00
1628769600,1.17358,1.17413,1.17236,1.17295,0,2021-08-12 12:00:00
1628784000,1.17296,1.17424,1.17268,1.17299,0,2021-08-12 16:00:00
1628798400,1.17299,1.1737,1.17283,1.17361,0,2021-08-12 20:00:00
1628812800,1.17363,1.17424,1.17327,1.17406,0,2021-08-13 00:00:00
1628827200,1.17407,1.17414,1.17319,1.17329,0,2021-08-13 04:00:00
1628841600,1.17329,1.17514,1.17302,1.17487,0,2021-08-13 08:00:00
1628856000,1.17488,1.17957,1.1748,1.17917,0,2021-08-13 12:00:00
1628870400,1.17918,1.18045,1.17893,1.17957,0,2021-08-13 16:00:00
1628884800,1.17957,1.17988,1.17933,1.17933,0,2021-08-13 20:00:00
1629057600,1.17934,1.18007,1.17915,1.17934,0,2021-08-15 20:00:00
1629072000,1.17933,1.18006,1.17919,1.1796,0,2021-08-16 00:00:00
1629086400,1.1796,1.17961,1.17824,1.17854,0,2021-08-16 04:00:00
1629100800,1.17852,1.17927,1.17778,1.17814,0,2021-08-16 08:00:00
1629115200,1.17816,1.17903,1.17672,1.17876,0,2021-08-16 12:00:00
1629129600,1.17876,1.17893,1.17738,1.17751,0,2021-08-16 16:00:00
1629144000,1.17755,1.17795,1.17727,1.17788,0,2021-08-16 20:00:00
1629158400,1.17792,1.17805,1.17692,1.17721,0,2021-08-17 00:00:00
1629172800,1.17719,1.17733,1.17602,1.17612,0,2021-08-17 04:00:00
1629187200,1.17609,1.17846,1.17602,1.17667,0,2021-08-17 08:00:00
1629201600,1.17666,1.17721,1.1714,1.17171,0,2021-08-17 12:00:00
1629216000,1.1717,1.17196,1.17083,1.1711,0,2021-08-17 16:00:00
1629230400,1.17109,1.17136,1.17017,1.17058,0,2021-08-17 20:00:00
1629244800,1.17058,1.17196,1.17053,1.17196,0,2021-08-18 00:00:00
1629259200,1.17195,1.17233,1.17127,1.17169,0,2021-08-18 04:00:00
1629273600,1.17169,1.17294,1.17121,1.17122,0,2021-08-18 08:00:00
1629288000,1.1712,1.17261,1.17059,1.17113,0,2021-08-18 12:00:00
1629302400,1.17113,1.17427,1.16936,1.17122,0,2021-08-18 16:00:00
1629316800,1.17122,1.17166,1.17071,1.17132,0,2021-08-18 20:00:00
1629331200,1.17133,1.17148,1.16745,1.16767,0,2021-08-19 00:00:00
1629345600,1.1677,1.16806,1.16656,1.16785,0,2021-08-19 04:00:00
1629360000,1.16786,1.16977,1.16711,1.1693,0,2021-08-19 08:00:00
1629374400,1.16931,1.17041,1.16815,1.16823,0,2021-08-19 12:00:00
1629388800,1.16822,1.16971,1.16724,1.16755,0,2021-08-19 16:00:00
1629403200,1.16755,1.16801,1.16733,1.16778,0,2021-08-19 20:00:00
1629417600,1.16777,1.16854,1.1675,1.16794,0,2021-08-20 00:00:00
1629432000,1.16793,1.16891,1.16781,1.1683,0,2021-08-20 04:00:00
1629446400,1.16829,1.16864,1.16705,1.16804,0,2021-08-20 08:00:00
1629460800,1.16805,1.16854,1.16638,1.16785,0,2021-08-20 12:00:00
1629475200,1.16783,1.17044,1.16749,1.16962,0,2021-08-20 16:00:00
1629489600,1.16962,1.17044,1.1695,1.16951,0,2021-08-20 20:00:00
1629662400,1.16935,1.17008,1.16925,1.16931,0,2021-08-22 20:00:00
1629676800,1.1693,1.17181,1.16929,1.17176,0,2021-08-23 00:00:00
1629691200,1.17175,1.17236,1.17081,1.17135,0,2021-08-23 04:00:00
1629705600,1.17134,1.17325,1.17063,1.17278,0,2021-08-23 08:00:00
1629720000,1.17278,1.17434,1.17161,1.17398,0,2021-08-23 12:00:00
1629734400,1.174,1.175,1.17294,1.17481,0,2021-08-23 16:00:00
1629748800,1.17482,1.17501,1.1742,1.17453,0,2021-08-23 20:00:00
1629763200,1.17455,1.17473,1.17341,1.17419,0,2021-08-24 00:00:00
1629777600,1.17419,1.17467,1.17372,1.17395,0,2021-08-24 04:00:00
1629792000,1.17394,1.17448,1.17272,1.17357,0,2021-08-24 08:00:00
1629806400,1.17357,1.1765,1.17347,1.17607,0,2021-08-24 12:00:00
1629820800,1.17606,1.1761,1.17426,1.17544,0,2021-08-24 16:00:00
1629835200,1.17545,1.1759,1.17517,1.17566,0,2021-08-24 20:00:00
1629849600,1.17567,1.17575,1.17332,1.17376,0,2021-08-25 00:00:00
1629864000,1.17374,1.17453,1.17322,1.1733,0,2021-08-25 04:00:00
1629878400,1.17332,1.17594,1.17323,1.17472,0,2021-08-25 08:00:00
1629892800,1.17471,1.17555,1.1726,1.17494,0,2021-08-25 12:00:00
1629907200,1.17498,1.17743,1.17461,1.17711,0,2021-08-25 16:00:00
1629921600,1.17712,1.17745,1.17653,1.17708,0,2021-08-25 20:00:00
1629936000,1.17706,1.17736,1.17624,1.17645,0,2021-08-26 00:00:00
1629950400,1.17646,1.17696,1.17564,1.17572,0,2021-08-26 04:00:00
1629964800,1.17571,1.17784,1.17564,1.17749,0,2021-08-26 08:00:00
1629979200,1.17749,1.17789,1.17458,1.17536,0,2021-08-26 12:00:00
1629993600,1.17537,1.17637,1.17489,1.17519,0,2021-08-26 16:00:00
1630008000,1.17519,1.1757,1.17499,1.17561,0,2021-08-26 20:00:00
1630022400,1.17562,1.17576,1.1742,1.17525,0,2021-08-27 00:00:00
1630036800,1.17523,1.17699,1.17521,1.17679,0,2021-08-27 04:00:00
1630051200,1.1768,1.17712,1.17498,1.17588,0,2021-08-27 08:00:00
1630065600,1.17587,1.18022,1.17348,1.17865,0,2021-08-27 12:00:00
1630080000,1.17862,1.18017,1.1784,1.17941,0,2021-08-27 16:00:00
1630094400,1.1794,1.17983,1.1791,1.1791,0,2021-08-27 20:00:00
1630267200,1.17937,1.18003,1.17898,1.17983,0,2021-08-29 20:00:00
1630281600,1.17985,1.18097,1.17951,1.18053,0,2021-08-30 00:00:00
1630296000,1.18053,1.18079,1.17934,1.18003,0,2021-08-30 04:00:00
1630310400,1.18003,1.18053,1.17937,1.1796,0,2021-08-30 08:00:00
1630324800,1.17961,1.1802,1.17827,1.17999,0,2021-08-30 12:00:00
1630339200,1.17998,1.18041,1.1791,1.18036,0,2021-08-30 16:00:00
1630353600,1.18036,1.18037,1.17936,1.17968,0,2021-08-30 20:00:00
1630368000,1.1797,1.18085,1.17952,1.18077,0,2021-08-31 00:00:00
1630382400,1.18078,1.18314,1.18063,1.1825,0,2021-08-31 04:00:00
1630396800,1.18249,1.18372,1.18199,1.18335,0,2021-08-31 08:00:00
1630411200,1.18335,1.1845,1.17992,1.18036,0,2021-08-31 12:00:00
1630425600,1.18037,1.1813,1.17964,1.18128,0,2021-08-31 16:00:00
1630440000,1.18128,1.18128,1.18059,1.18097,0,2021-08-31 20:00:00
1630454400,1.181,1.18116,1.18001,1.1803,0,2021-09-01 00:00:00
1630468800,1.1803,1.18113,1.17935,1.18092,0,2021-09-01 04:00:00
1630483200,1.18091,1.18234,1.17954,1.182,0,2021-09-01 08:00:00
1630497600,1.18201,1.18571,1.18129,1.18541,0,2021-09-01 12:00:00
1630512000,1.18542,1.18564,1.18408,1.18464,0,2021-09-01 16:00:00
1630526400,1.18464,1.18465,1.18373,1.18407,0,2021-09-01 20:00:00
1630540800,1.1841,1.1846,1.18367,1.18389,0,2021-09-02 00:00:00
1630555200,1.1839,1.18465,1.18342,1.18454,0,2021-09-02 04:00:00
1630569600,1.18455,1.18558,1.18401,1.18547,0,2021-09-02 08:00:00
1630584000,1.18546,1.18688,1.18363,1.18681,0,2021-09-02 12:00:00
1630598400,1.18678,1.18746,1.18568,1.18746,0,2021-09-02 16:00:00
1630612800,1.18744,1.1876,1.1872,1.18743,0,2021-09-02 20:00:00
1630627200,1.18741,1.18842,1.1873,1.18789,0,2021-09-03 00:00:00
1630641600,1.1879,1.18807,1.18734,1.18773,0,2021-09-03 04:00:00
1630656000,1.18775,1.18826,1.18662,1.18696,0,2021-09-03 08:00:00
1630670400,1.18695,1.1909,1.18655,1.1881,0,2021-09-03 12:00:00
1630684800,1.18809,1.18979,1.18768,1.1891,0,2021-09-03 16:00:00
1630699200,1.18909,1.18909,1.18749,1.18773,0,2021-09-03 20:00:00
1630872000,1.1876,1.18835,1.1876,1.18796,0,2021-09-05 20:00:00
1630886400,1.18795,1.18862,1.18714,1.18739,0,2021-09-06 00:00:00
1630900800,1.18739,1.1875,1.18648,1.18717,0,2021-09-06 04:00:00
1630915200,1.18719,1.18729,1.18557,1.18645,0,2021-09-06 08:00:00
1630929600,1.18644,1.18711,1.18576,1.18624,0,2021-09-06 12:00:00
1630944000,1.18624,1.18714,1.18598,1.18689,0,2021-09-06 16:00:00
1630958400,1.18689,1.18717,1.18676,1.18711,0,2021-09-06 20:00:00
1630972800,1.18713,1.18851,1.1871,1.18802,0,2021-09-07 00:00:00
1630987200,1.18801,1.18827,1.18628,1.18712,0,2021-09-07 04:00:00
1631001600,1.18709,1.18822,1.18596,1.18746,0,2021-09-07 08:00:00
1631016000,1.18745,1.18767,1.18374,1.18463,0,2021-09-07 12:00:00
1631030400,1.18461,1.18532,1.18377,1.18456,0,2021-09-07 16:00:00
1631044800,1.18457,1.18462,1.18358,1.18439,0,2021-09-07 20:00:00
1631059200,1.18441,1.18511,1.18403,1.18448,0,2021-09-08 00:00:00
1631073600,1.18448,1.18457,1.18284,1.18333,0,2021-09-08 04:00:00
1631088000,1.18331,1.18448,1.1812,1.18176,0,2021-09-08 08:00:00
1631102400,1.18175,1.18295,1.18019,1.18122,0,2021-09-08 12:00:00
1631116800,1.18121,1.18299,1.18109,1.1824,0,2021-09-08 16:00:00
1631131200,1.18239,1.18251,1.18114,1.18182,0,2021-09-08 20:00:00
1631145600,1.18181,1.18252,1.18122,1.18249,0,2021-09-09 00:00:00
1631160000,1.1825,1.18251,1.18112,1.18155,0,2021-09-09 04:00:00
1631174400,1.18155,1.18359,1.18135,1.18318,0,2021-09-09 08:00:00
1631188800,1.18317,1.18412,1.18051,1.18161,0,2021-09-09 12:00:00
1631203200,1.18163,1.18397,1.1812,1.18297,0,2021-09-09 16:00:00
1631217600,1.18295,1.18305,1.18219,1.18235,0,2021-09-09 20:00:00
1631232000,1.18237,1.18326,1.18186,1.18324,0,2021-09-10 00:00:00
1631246400,1.18324,1.18337,1.18245,1.18288,0,2021-09-10 04:00:00
1631260800,1.18286,1.1851,1.1827,1.18307,0,2021-09-10 08:00:00
1631275200,1.18306,1.18417,1.18213,1.18333,0,2021-09-10 12:00:00
1631289600,1.18332,1.1834,1.1812,1.18151,0,2021-09-10 16:00:00
1631304000,1.18154,1.18167,1.18092,1.18101,0,2021-09-10 20:00:00
1631476800,1.18111,1.18157,1.18087,1.18119,0,2021-09-12 20:00:00
1631491200,1.18121,1.18128,1.18021,1.18048,0,2021-09-13 00:00:00
1631505600,1.18047,1.18067,1.17789,1.17794,0,2021-09-13 04:00:00
1631520000,1.17793,1.17929,1.17748,1.17756,0,2021-09-13 08:00:00
1631534400,1.17757,1.18109,1.177,1.18095,0,2021-09-13 12:00:00
1631548800,1.18095,1.18169,1.18013,1.18039,0,2021-09-13 16:00:00
1631563200,1.18037,1.18119,1.18021,1.18105,0,2021-09-13 20:00:00
1631577600,1.18106,1.18188,1.18054,1.18171,0,2021-09-14 00:00:00
1631592000,1.18172,1.1818,1.18066,1.18149,0,2021-09-14 04:00:00
1631606400,1.18147,1.18299,1.1803,1.18034,0,2021-09-14 08:00:00
1631620800,1.18035,1.18458,1.18,1.18221,0,2021-09-14 12:00:00
1631635200,1.18222,1.18276,1.18075,1.18075,0,2021-09-14 16:00:00
1631649600,1.18077,1.18079,1.18,1.18012,0,2021-09-14 20:00:00
1631664000,1.18014,1.18119,1.18007,1.18062,0,2021-09-15 00:00:00
1631678400,1.18062,1.18117,1.17991,1.18075,0,2021-09-15 04:00:00
1631692800,1.18073,1.18318,1.18055,1.18277,0,2021-09-15 08:00:00
1631707200,1.18278,1.18318,1.18073,1.18187,0,2021-09-15 12:00:00
1631721600,1.18188,1.18215,1.18033,1.18076,0,2021-09-15 16:00:00
1631736000,1.18078,1.18203,1.18063,1.18198,0,2021-09-15 20:00:00
1631750400,1.18198,1.18204,1.18151,1.18189,0,2021-09-16 00:00:00
1631764800,1.18187,1.18197,1.17909,1.17917,0,2021-09-16 04:00:00
1631779200,1.17916,1.1795,1.17618,1.17661,0,2021-09-16 08:00:00
1631793600,1.17662,1.17742,1.17504,1.17627,0,2021-09-16 12:00:00
1631808000,1.17626,1.17669,1.17535,1.17537,0,2021-09-16 16:00:00
1631822400,1.17538,1.17712,1.17532,1.17653,0,2021-09-16 20:00:00
1631836800,1.17654,1.17681,1.17586,1.17672,0,2021-09-17 00:00:00
1631851200,1.17672,1.17747,1.17662,1.17723,0,2021-09-17 04:00:00
1631865600,1.17721,1.17876,1.17684,1.17826,0,2021-09-17 08:00:00
1631880000,1.17827,1.17888,1.17342,1.17378,0,2021-09-17 12:00:00
1631894400,1.17377,1.17405,1.17245,1.1729,0,2021-09-17 16:00:00
1631908800,1.17291,1.17321,1.17235,1.17239,0,2021-09-17 20:00:00
1632081600,1.17288,1.17305,1.17232,1.17267,0,2021-09-19 20:00:00
1632096000,1.17271,1.17296,1.17103,1.17123,0,2021-09-20 00:00:00
1632110400,1.1712,1.17178,1.17097,1.17144,0,2021-09-20 04:00:00
1632124800,1.17143,1.17182,1.17001,1.17127,0,2021-09-20 08:00:00
1632139200,1.17126,1.17303,1.17033,1.17239,0,2021-09-20 12:00:00
1632153600,1.17238,1.17364,1.17219,1.17241,0,2021-09-20 16:00:00
1632168000,1.17242,1.17305,1.17221,1.17277,0,2021-09-20 20:00:00
1632182400,1.1728,1.17399,1.17232,1.17323,0,2021-09-21 00:00:00
1632196800,1.17323,1.17374,1.17294,1.17312,0,2021-09-21 04:00:00
1632211200,1.17313,1.17389,1.17183,1.17354,0,2021-09-21 08:00:00
1632225600,1.17355,1.17486,1.17168,1.17243,0,2021-09-21 12:00:00
1632240000,1.17244,1.1731,1.17147,1.17261,0,2021-09-21 16:00:00
1632254400,1.17262,1.17321,1.17225,1.17244,0,2021-09-21 20:00:00
1632268800,1.17243,1.17304,1.17164,1.17247,0,2021-09-22 00:00:00
1632283200,1.17247,1.17284,1.17167,1.17277,0,2021-09-22 04:00:00
1632297600,1.17276,1.17374,1.17236,1.17337,0,2021-09-22 08:00:00
1632312000,1.17336,1.17449,1.17241,1.17347,0,2021-09-22 12:00:00
1632326400,1.17348,1.17555,1.16904,1.16937,0,2021-09-22 16:00:00
1632340800,1.16936,1.17117,1.16843,1.1694,0,2021-09-22 20:00:00
1632355200,1.16944,1.16987,1.16834,1.16971,0,2021-09-23 00:00:00
1632369600,1.16972,1.17173,1.16972,1.17146,0,2021-09-23 04:00:00
1632384000,1.17145,1.17324,1.17057,1.17161,0,2021-09-23 08:00:00
1632398400,1.1716,1.17499,1.17113,1.17485,0,2021-09-23 12:00:00
1632412800,1.17486,1.175,1.17304,1.17466,0,2021-09-23 16:00:00
1632427200,1.17466,1.17488,1.17357,1.17419,0,2021-09-23 20:00:00
1632441600,1.17419,1.17476,1.17377,1.17401,0,2021-09-24 00:00:00
1632456000,1.17401,1.1743,1.1731,1.1735,0,2021-09-24 04:00:00
1632470400,1.17352,1.17411,1.17281,1.17345,0,2021-09-24 08:00:00
1632484800,1.17344,1.17368,1.17005,1.17129,0,2021-09-24 12:00:00
1632499200,1.17127,1.17253,1.1707,1.17159,0,2021-09-24 16:00:00
1632513600,1.1716,1.17222,1.17139,1.17181,0,2021-09-24 20:00:00
1632686400,1.17253,1.17261,1.1716,1.17201,0,2021-09-26 20:00:00
1632700800,1.17201,1.1725,1.17165,1.17187,0,2021-09-27 00:00:00
1632715200,1.17186,1.17247,1.17106,1.17106,0,2021-09-27 04:00:00
1632729600,1.17106,1.17145,1.16846,1.17075,0,2021-09-27 08:00:00
1632744000,1.17076,1.17105,1.16892,1.16997,0,2021-09-27 12:00:00
1632758400,1.16996,1.17083,1.16969,1.16989,0,2021-09-27 16:00:00
1632772800,1.1699,1.17005,1.16937,1.16955,0,2021-09-27 20:00:00
1632787200,1.16956,1.16967,1.1685,1.16931,0,2021-09-28 00:00:00
1632801600,1.16933,1.17031,1.16742,1.16762,0,2021-09-28 04:00:00
1632816000,1.16763,1.16887,1.1672,1.16817,0,2021-09-28 08:00:00
1632830400,1.16817,1.17011,1.16715,1.16738,0,2021-09-28 12:00:00
1632844800,1.16736,1.16901,1.16682,1.16769,0,2021-09-28 16:00:00
1632859200,1.16768,1.16891,1.16755,1.16851,0,2021-09-28 20:00:00
1632873600,1.16855,1.169,1.16779,1.16856,0,2021-09-29 00:00:00
1632888000,1.16855,1.16878,1.16758,1.16776,0,2021-09-29 04:00:00
1632902400,1.16776,1.16777,1.16554,1.16588,0,2021-09-29 08:00:00
1632916800,1.16587,1.16591,1.16109,1.16138,0,2021-09-29 12:00:00
1632931200,1.16138,1.16194,1.15896,1.16012,0,2021-09-29 16:00:00
1632945600,1.16013,1.16028,1.15894,1.15982,0,2021-09-29 20:00:00
1632960000,1.15982,1.16083,1.15976,1.1607,0,2021-09-30 00:00:00
1632974400,1.1607,1.16085,1.15949,1.16059,0,2021-09-30 04:00:00
1632988800,1.1606,1.16096,1.15678,1.15709,0,2021-09-30 08:00:00
1633003200,1.15711,1.15981,1.15686,1.15885,0,2021-09-30 12:00:00
1633017600,1.15884,1.15979,1.15624,1.15844,0,2021-09-30 16:00:00
1633032000,1.15845,1.15887,1.15741,1.15808,0,2021-09-30 20:00:00
1633046400,1.15808,1.15811,1.15628,1.15772,0,2021-10-01 00:00:00
1633060800,1.15773,1.15889,1.15745,1.15878,0,2021-10-01 04:00:00
1633075200,1.15876,1.15913,1.15724,1.15828,0,2021-10-01 08:00:00
1633089600,1.15832,1.16072,1.15825,1.15962,0,2021-10-01 12:00:00
1633104000,1.15962,1.16035,1.15889,1.15969,0,2021-10-01 16:00:00
1633118400,1.1597,1.15995,1.15911,1.15923,0,2021-10-01 20:00:00
1633291200,1.15954,1.1611,1.15931,1.16073,0,2021-10-03 20:00:00
1633305600,1.16075,1.16136,1.15939,1.15947,0,2021-10-04 00:00:00
1633320000,1.15947,1.16092,1.15876,1.16068,0,2021-10-04 04:00:00
1633334400,1.16068,1.16216,1.15995,1.16202,0,2021-10-04 08:00:00
1633348800,1.162,1.164,1.16186,1.16241,0,2021-10-04 12:00:00
1633363200,1.16238,1.16284,1.1615,1.16234,0,2021-10-04 16:00:00
1633377600,1.16233,1.16242,1.16154,1.16162,0,2021-10-04 20:00:00
1633392000,1.16162,1.16198,1.1602,1.16055,0,2021-10-05 00:00:00
1633406400,1.16056,1.16057,1.159,1.15988,0,2021-10-05 04:00:00
1633420800,1.15987,1.16049,1.15902,1.15942,0,2021-10-05 08:00:00
1633435200,1.15942,1.16053,1.15804,1.15921,0,2021-10-05 12:00:00
1633449600,1.15922,1.16131,1.15919,1.1597,0,2021-10-05 16:00:00
1633464000,1.1597,1.16028,1.15935,1.15983,0,2021-10-05 20:00:00
1633478400,1.15985,1.15988,1.15878,1.15931,0,2021-10-06 00:00:00
1633492800,1.15932,1.15942,1.15755,1.15777,0,2021-10-06 04:00:00
1633507200,1.15776,1.15797,1.15291,1.15367,0,2021-10-06 08:00:00
1633521600,1.15368,1.15555,1.1535,1.15417,0,2021-10-06 12:00:00
1633536000,1.15418,1.1557,1.15322,1.15505,0,2021-10-06 16:00:00
1633550400,1.15503,1.15595,1.15488,1.15542,0,2021-10-06 20:00:00
1633564800,1.15543,1.1561,1.15511,1.15545,0,2021-10-07 00:00:00
1633579200,1.15546,1.15696,1.15489,1.15682,0,2021-10-07 04:00:00
1633593600,1.15681,1.15705,1.15549,1.15609,0,2021-10-07 08:00:00
1633608000,1.1561,1.1572,1.15474,1.15607,0,2021-10-07 12:00:00
1633622400,1.15608,1.15688,1.15492,1.15513,0,2021-10-07 16:00:00
1633636800,1.15514,1.15569,1.15506,1.15542,0,2021-10-07 20:00:00
1633651200,1.15545,1.156,1.15506,1.15546,0,2021-10-08 00:00:00
1633665600,1.15545,1.15561,1.15413,1.15457,0,2021-10-08 04:00:00
1633680000,1.15457,1.15692,1.15432,1.15629,0,2021-10-08 08:00:00
1633694400,1.15628,1.15861,1.15557,1.15733,0,2021-10-08 12:00:00
1633708800,1.15732,1.15794,1.15596,1.15769,0,2021-10-08 16:00:00
1633723200,1.15771,1.15776,1.1568,1.15721,0,2021-10-08 20:00:00
1633896000,1.15674,1.15759,1.15662,1.15692,0,2021-10-10 20:00:00
1633910400,1.15694,1.15792,1.15636,1.15707,0,2021-10-11 00:00:00
1633924800,1.15708,1.15867,1.15681,1.15829,0,2021-10-11 04:00:00
1633939200,1.15829,1.15837,1.15521,1.15662,0,2021-10-11 08:00:00
1633953600,1.15662,1.15837,1.15599,1.15721,0,2021-10-11 12:00:00
1633968000,1.1572,1.15748,1.15556,1.15593,0,2021-10-11 16:00:00
1633982400,1.1559,1.156,1.15489,1.15491,0,2021-10-11 20:00:00
1633996800,1.15492,1.15574,1.15471,1.15562,0,2021-10-12 00:00:00
1634011200,1.15563,1.15703,1.15557,1.15684,0,2021-10-12 04:00:00
1634025600,1.15683,1.15686,1.1551,1.15522,0,2021-10-12 08:00:00
1634040000,1.15522,1.15585,1.15332,1.15481,0,2021-10-12 12:00:00
1634054400,1.15482,1.15501,1.15242,1.15297,0,2021-10-12 16:00:00
1634068800,1.15297,1.15348,1.15287,1.15319,0,2021-10-12 20:00:00
1634083200,1.1532,1.15556,1.15299,1.15525,0,2021-10-13 00:00:00
1634097600,1.15526,1.15535,1.1547,1.15512,0,2021-10-13 04:00:00
1634112000,1.15512,1.15667,1.15454,1.15619,0,2021-10-13 08:00:00
1634126400,1.1562,1.15745,1.15361,1.15736,0,2021-10-13 12:00:00
1634140800,1.15734,1.15936,1.15667,1.15895,0,2021-10-13 16:00:00
1634155200,1.15896,1.15994,1.15873,1.15973,0,2021-10-13 20:00:00
1634169600,1.15973,1.16009,1.15886,1.15949,0,2021-10-14 00:00:00
1634184000,1.15949,1.16019,1.15875,1.16017,0,2021-10-14 04:00:00
1634198400,1.16017,1.16242,1.16004,1.16104,0,2021-10-14 08:00:00
1634212800,1.16103,1.16153,1.15859,1.15895,0,2021-10-14 12:00:00
1634227200,1.15895,1.1599,1.15839,1.1599,0,2021-10-14 16:00:00
1634241600,1.15989,1.16021,1.15951,1.15975,0,2021-10-14 20:00:00
1634256000,1.15974,1.16091,1.15881,1.1609,0,2021-10-15 00:00:00
1634270400,1.16089,1.16145,1.16041,1.16143,0,2021-10-15 04:00:00
1634284800,1.16142,1.16185,1.15987,1.16099,0,2021-10-15 08:00:00
1634299200,1.16098,1.16106,1.15887,1.16056,0,2021-10-15 12:00:00
1634313600,1.16056,1.16089,1.1591,1.16056,0,2021-10-15 16:00:00
1634328000,1.16053,1.16057,1.15972,1.15983,0,2021-10-15 20:00:00
1634500800,1.15903,1.16052,1.15903,1.15996,0,2021-10-17 20:00:00
1634515200,1.15996,1.16012,1.15828,1.15907,0,2021-10-18 00:00:00
1634529600,1.15908,1.15917,1.15717,1.15759,0,2021-10-18 04:00:00
1634544000,1.15759,1.15961,1.15748,1.15906,0,2021-10-18 08:00:00
1634558400,1.15908,1.1613,1.1587,1.16016,0,2021-10-18 12:00:00
1634572800,1.16016,1.16223,1.15923,1.16104,0,2021-10-18 16:00:00
1634587200,1.16104,1.16133,1.16078,1.161,0,2021-10-18 20:00:00
1634601600,1.16099,1.16426,1.16084,1.16425,0,2021-10-19 00:00:00
1634616000,1.16424,1.16575,1.16391,1.16512,0,2021-10-19 04:00:00
1634630400,1.16514,1.16693,1.16447,1.16594,0,2021-10-19 08:00:00
1634644800,1.16593,1.16621,1.16315,1.16437,0,2021-10-19 12:00:00
1634659200,1.16436,1.16452,1.16295,1.16398,0,2021-10-19 16:00:00
1634673600,1.16397,1.16399,1.16298,1.16353,0,2021-10-19 20:00:00
1634688000,1.16353,1.16475,1.16276,1.16378,0,2021-10-20 00:00:00
1634702400,1.16378,1.1652,1.16361,1.16387,0,2021-10-20 04:00:00
1634716800,1.16386,1.16403,1.16168,1.16337,0,2021-10-20 08:00:00
1634731200,1.16337,1.16518,1.16216,1.1647,0,2021-10-20 12:00:00
1634745600,1.16469,1.16586,1.1642,1.16556,0,2021-10-20 16:00:00
1634760000,1.16556,1.16567,1.16476,1.1652,0,2021-10-20 20:00:00
1634774400,1.16517,1.16661,1.1651,1.16635,0,2021-10-21 00:00:00
1634788800,1.16636,1.16674,1.16453,1.1647,0,2021-10-21 04:00:00
1634803200,1.1647,1.1647,1.16341,1.16401,0,2021-10-21 08:00:00
1634817600,1.16402,1.16516,1.16311,1.16453,0,2021-10-21 12:00:00
1634832000,1.16452,1.16465,1.16219,1.16238,0,2021-10-21 16:00:00
1634846400,1.16239,1.16259,1.16194,1.16245,0,2021-10-21 20:00:00
1634860800,1.16245,1.16318,1.1621,1.1628,0,2021-10-22 00:00:00
1634875200,1.1628,1.16381,1.16232,1.16362,0,2021-10-22 04:00:00
1634889600,1.16362,1.16465,1.16336,1.16365,0,2021-10-22 08:00:00
1634904000,1.16366,1.16511,1.16245,1.16458,0,2021-10-22 12:00:00
1634918400,1.16454,1.16556,1.16218,1.16362,0,2021-10-22 16:00:00
1634932800,1.16362,1.16452,1.16351,1.16395,0,2021-10-22 20:00:00
1635105600,1.16382,1.1645,1.1638,1.16446,0,2021-10-24 20:00:00
1635120000,1.16446,1.16494,1.16356,1.16487,0,2021-10-25 00:00:00
1635134400,1.16487,1.16649,1.16423,1.16447,0,2021-10-25 04:00:00
1635148800,1.16448,1.16644,1.16194,1.16237,0,2021-10-25 08:00:00
1635163200,1.16237,1.16267,1.15907,1.1613,0,2021-10-25 12:00:00
1635177600,1.16128,1.16168,1.16047,1.16128,0,2021-10-25 16:00:00
1635192000,1.16129,1.16133,1.16075,1.16077,0,2021-10-25 20:00:00
1635206400,1.16078,1.16101,1.1598,1.16013,0,2021-10-26 00:00:00
1635220800,1.16014,1.16064,1.15968,1.16046,0,2021-10-26 04:00:00
1635235200,1.16047,1.16246,1.15941,1.16223,0,2021-10-26 08:00:00
1635249600,1.16224,1.16257,1.15905,1.15932,0,2021-10-26 12:00:00
1635264000,1.15932,1.15998,1.15848,1.15969,0,2021-10-26 16:00:00
1635278400,1.1597,1.16009,1.15873,1.15947,0,2021-10-26 20:00:00
1635292800,1.15948,1.16043,1.15938,1.15987,0,2021-10-27 00:00:00
1635307200,1.15986,1.16078,1.15953,1.16061,0,2021-10-27 04:00:00
1635321600,1.1606,1.1613,1.15849,1.15943,0,2021-10-27 08:00:00
1635336000,1.15944,1.16259,1.15936,1.15971,0,2021-10-27 12:00:00
1635350400,1.15973,1.16161,1.1588,1.1609,0,2021-10-27 16:00:00
1635364800,1.16092,1.16093,1.15988,1.16023,0,2021-10-27 20:00:00
1635379200,1.16026,1.16096,1.15892,1.16089,0,2021-10-28 00:00:00
1635393600,1.16089,1.16089,1.15961,1.1598,0,2021-10-28 04:00:00
1635408000,1.15979,1.16144,1.15821,1.16062,0,2021-10-28 08:00:00
1635422400,1.16064,1.16865,1.15822,1.16757,0,2021-10-28 12:00:00
1635436800,1.16755,1.16921,1.1671,1.16835,0,2021-10-28 16:00:00
1635451200,1.16836,1.16847,1.16763,1.16838,0,2021-10-28 20:00:00
1635465600,1.16836,1.16899,1.1673,1.16759,0,2021-10-29 00:00:00
1635480000,1.16758,1.16774,1.1658,1.16629,0,2021-10-29 04:00:00
1635494400,1.16629,1.16757,1.16449,1.16528,0,2021-10-29 08:00:00
1635508800,1.16527,1.1654,1.15651,1.15711,0,2021-10-29 12:00:00
1635523200,1.15713,1.15773,1.1535,1.1559,0,2021-10-29 16:00:00
1635537600,1.15591,1.15649,1.15522,1.15529,0,2021-10-29 20:00:00
1635710400,1.15576,1.15642,1.15553,1.15562,0,2021-10-31 20:00:00
1635724800,1.15562,1.15604,1.15502,1.15504,0,2021-11-01 00:00:00
1635739200,1.15504,1.15645,1.1546,1.15636,0,2021-11-01 04:00:00
1635753600,1.15635,1.1577,1.15595,1.15715,0,2021-11-01 08:00:00
1635768000,1.15717,1.1594,1.15653,1.15913,0,2021-11-01 12:00:00
1635782400,1.15912,1.16088,1.15857,1.16065,0,2021-11-01 16:00:00
1635796800,1.16064,1.1609,1.15976,1.15995,0,2021-11-01 20:00:00
1635811200,1.15996,1.16016,1.1595,1.15989,0,2021-11-02 00:00:00
1635825600,1.1599,1.16133,1.15987,1.16085,0,2021-11-02 04:00:00
1635840000,1.16085,1.16107,1.15859,1.16029,0,2021-11-02 08:00:00
1635854400,1.1603,1.16075,1.15778,1.15806,0,2021-11-02 12:00:00
1635868800,1.15805,1.15854,1.15751,1.15831,0,2021-11-02 16:00:00
1635883200,1.15832,1.15832,1.1576,1.1579,0,2021-11-02 20:00:00
1635897600,1.1579,1.15874,1.15748,1.1583,0,2021-11-03 00:00:00
1635912000,1.15828,1.15875,1.15786,1.15808,0,2021-11-03 04:00:00
1635926400,1.15812,1.15977,1.15784,1.15873,0,2021-11-03 08:00:00
1635940800,1.15874,1.15895,1.15622,1.15846,0,2021-11-03 12:00:00
1635955200,1.15844,1.16162,1.15719,1.16073,0,2021-11-03 16:00:00
1635969600,1.16074,1.16164,1.16041,1.16152,0,2021-11-03 20:00:00
1635984000,1.16152,1.1616,1.15928,1.15933,0,2021-11-04 00:00:00
1635998400,1.15932,1.15958,1.15697,1.15711,0,2021-11-04 04:00:00
1636012800,1.15712,1.15717,1.15426,1.15544,0,2021-11-04 08:00:00
1636027200,1.15542,1.1573,1.15282,1.15453,0,2021-11-04 12:00:00
1636041600,1.15454,1.15574,1.154,1.15573,0,2021-11-04 16:00:00
1636056000,1.15571,1.15578,1.15487,1.15552,0,2021-11-04 20:00:00
1636070400,1.15553,1.1556,1.15409,1.15463,0,2021-11-05 00:00:00
1636084800,1.15464,1.15629,1.15464,1.15603,0,2021-11-05 04:00:00
1636099200,1.15604,1.15613,1.153,1.15335,0,2021-11-05 08:00:00
1636113600,1.15336,1.15563,1.15132,1.15523,0,2021-11-05 12:00:00
1636128000,1.15521,1.15688,1.15483,1.15678,0,2021-11-05 16:00:00
1636142400,1.1568,1.15731,1.15631,1.15631,0,2021-11-05 20:00:00
1636315200,1.15566,1.15698,1.15559,1.15682,0,2021-11-07 20:00:00
1636329600,1.15681,1.15681,1.15531,1.15578,0,2021-11-08 00:00:00
1636344000,1.15578,1.15686,1.15511,1.15597,0,2021-11-08 04:00:00
1636358400,1.15598,1.1576,1.15503,1.15715,0,2021-11-08 08:00:00
1636372800,1.15713,1.15946,1.1564,1.15888,0,2021-11-08 12:00:00
1636387200,1.15887,1.15949,1.15835,1.1589,0,2021-11-08 16:00:00
1636401600,1.15889,1.15912,1.15826,1.15877,0,2021-11-08 20:00:00
1636416000,1.15877,1.15906,1.1577,1.15851,0,2021-11-09 00:00:00
1636430400,1.15851,1.16065,1.15851,1.1596,0,2021-11-09 04:00:00
1636444800,1.15961,1.15984,1.15782,1.15797,0,2021-11-09 08:00:00
1636459200,1.15798,1.16087,1.15698,1.15849,0,2021-11-09 12:00:00
1636473600,1.15847,1.15947,1.15713,1.15942,0,2021-11-09 16:00:00
1636488000,1.15942,1.15985,1.15904,1.1594,0,2021-11-09 20:00:00
1636502400,1.1594,1.15952,1.15826,1.15841,0,2021-11-10 00:00:00
1636516800,1.15842,1.15849,1.15577,1.15686,0,2021-11-10 04:00:00
1636531200,1.15685,1.15822,1.15457,1.15491,0,2021-11-10 08:00:00
1636545600,1.15491,1.15741,1.15111,1.15187,0,2021-11-10 12:00:00
1636560000,1.15185,1.15346,1.14818,1.14833,0,2021-11-10 16:00:00
1636574400,1.14834,1.14868,1.14759,1.14856,0,2021-11-10 20:00:00
1636588800,1.14856,1.14875,1.14647,1.14761,0,2021-11-11 00:00:00
1636603200,1.14763,1.14849,1.14601,1.14601,0,2021-11-11 04:00:00
1636617600,1.14601,1.14765,1.14538,1.14699,0,2021-11-11 08:00:00
1636632000,1.147,1.1477,1.14557,1.14703,0,2021-11-11 12:00:00
1636646400,1.14703,1.14707,1.14445,1.14451,0,2021-11-11 16:00:00
1636660800,1.1445,1.14516,1.14428,1.14474,0,2021-11-11 20:00:00
1636675200,1.14477,1.14482,1.14359,1.14391,0,2021-11-12 00:00:00
1636689600,1.14392,1.14559,1.14373,1.14506,0,2021-11-12 04:00:00
1636704000,1.14507,1.14551,1.14371,1.14497,0,2021-11-12 08:00:00
1636718400,1.14497,1.1462,1.14328,1.14441,0,2021-11-12 12:00:00
1636732800,1.14439,1.14518,1.1441,1.14431,0,2021-11-12 16:00:00
1636747200,1.1443,1.1447,1.14413,1.14413,0,2021-11-12 20:00:00
1636920000,1.14473,1.14473,1.14411,1.14412,0,2021-11-14 20:00:00
1636934400,1.1441,1.14638,1.1441,1.14578,0,2021-11-15 00:00:00
1636948800,1.14576,1.1463,1.14488,1.14501,0,2021-11-15 04:00:00
1636963200,1.14502,1.14565,1.14367,1.14499,0,2021-11-15 08:00:00
1636977600,1.14501,1.14542,1.14177,1.14201,0,2021-11-15 12:00:00
1636992000,1.14199,1.1424,1.13778,1.13855,0,2021-11-15 16:00:00
1637006400,1.13855,1.13868,1.13562,1.13668,0,2021-11-15 20:00:00
1637020800,1.1367,1.13856,1.1366,1.13823,0,2021-11-16 00:00:00
1637035200,1.13823,1.13844,1.13681,1.13796,0,2021-11-16 04:00:00
1637049600,1.13795,1.13797,1.13514,1.1367,0,2021-11-16 08:00:00
1637064000,1.1367,1.13748,1.13297,1.13501,0,2021-11-16 12:00:00
1637078400,1.135,1.13556,1.1316,1.13164,0,2021-11-16 16:00:00
1637092800,1.13167,1.13228,1.13089,1.13179,0,2021-11-16 20:00:00
1637107200,1.1318,1.13267,1.12635,1.12886,0,2021-11-17 00:00:00
1637121600,1.12886,1.13172,1.12885,1.13027,0,2021-11-17 04:00:00
1637136000,1.13025,1.13245,1.12991,1.13245,0,2021-11-17 08:00:00
1637150400,1.13243,1.13321,1.12931,1.13078,0,2021-11-17 12:00:00
1637164800,1.13077,1.13265,1.12997,1.13146,0,2021-11-17 16:00:00
1637179200,1.13144,1.13231,1.1311,1.13178,0,2021-11-17 20:00:00
1637193600,1.13178,1.13379,1.13163,1.13279,0,2021-11-18 00:00:00
1637208000,1.1328,1.13384,1.13137,1.13347,0,2021-11-18 04:00:00
1637222400,1.13345,1.13475,1.1324,1.13442,0,2021-11-18 08:00:00
1637236800,1.13441,1.13591,1.13268,1.13481,0,2021-11-18 12:00:00
1637251200,1.13478,1.1374,1.13465,1.13705,0,2021-11-18 16:00:00
1637265600,1.13708,1.13739,1.13667,1.13676,0,2021-11-18 20:00:00
1637280000,1.13677,1.13692,1.1352,1.13552,0,2021-11-19 00:00:00
1637294400,1.13549,1.13604,1.13435,1.13437,0,2021-11-19 04:00:00
1637308800,1.13438,1.13453,1.12827,1.12898,0,2021-11-19 08:00:00
1637323200,1.12899,1.13213,1.12499,1.13176,0,2021-11-19 12:00:00
1637337600,1.13177,1.13221,1.12853,1.12894,0,2021-11-19 16:00:00
1637352000,1.12893,1.12916,1.12794,1.12794,0,2021-11-19 20:00:00
1637524800,1.12873,1.12907,1.12715,1.12752,0,2021-11-21 20:00:00
1637539200,1.12752,1.12896,1.12648,1.12709,0,2021-11-22 00:00:00
1637553600,1.1271,1.12786,1.126,1.126,0,2021-11-22 04:00:00
1637568000,1.12598,1.12904,1.12598,1.12767,0,2021-11-22 08:00:00
1637582400,1.12765,1.12825,1.1236,1.12466,0,2021-11-22 12:00:00
1637596800,1.12465,1.12655,1.12309,1.12315,0,2021-11-22 16:00:00
1637611200,1.12314,1.12417,1.12306,1.12417,0,2021-11-22 20:00:00
1637625600,1.12415,1.12439,1.12259,1.12372,0,2021-11-23 00:00:00
1637640000,1.12371,1.12641,1.12316,1.1253,0,2021-11-23 04:00:00
1637654400,1.12529,1.1275,1.12392,1.12432,0,2021-11-23 08:00:00
1637668800,1.12431,1.12653,1.12342,1.12643,0,2021-11-23 12:00:00
1637683200,1.12642,1.12713,1.12461,1.12503,0,2021-11-23 16:00:00
1637697600,1.12504,1.12536,1.12421,1.12445,0,2021-11-23 20:00:00
1637712000,1.12444,1.1247,1.12325,1.12354,0,2021-11-24 00:00:00
1637726400,1.12354,1.12473,1.12331,1.12454,0,2021-11-24 04:00:00
1637740800,1.12453,1.12552,1.12033,1.12171,0,2021-11-24 08:00:00
1637755200,1.1217,1.12195,1.11859,1.11962,0,2021-11-24 12:00:00
1637769600,1.11961,1.12034,1.11874,1.11985,0,2021-11-24 16:00:00
1637784000,1.11984,1.12054,1.11944,1.12025,0,2021-11-24 20:00:00
1637798400,1.12025,1.12181,1.12025,1.12138,0,2021-11-25 00:00:00
1637812800,1.12136,1.12202,1.12099,1.12154,0,2021-11-25 04:00:00
1637827200,1.12156,1.12292,1.12146,1.1219,0,2021-11-25 08:00:00
1637841600,1.12189,1.12296,1.12074,1.12095,0,2021-11-25 12:00:00
1637856000,1.12096,1.12151,1.12055,1.12092,0,2021-11-25 16:00:00
1637870400,1.12092,1.12125,1.12056,1.12091,0,2021-11-25 20:00:00
1637884800,1.12091,1.12272,1.12067,1.12189,0,2021-11-26 00:00:00
1637899200,1.1219,1.12442,1.12175,1.12336,0,2021-11-26 04:00:00
1637913600,1.12338,1.12952,1.12301,1.12778,0,2021-11-26 08:00:00
1637928000,1.12778,1.13212,1.12741,1.13167,0,2021-11-26 12:00:00
1637942400,1.13165,1.1322,1.12906,1.13143,0,2021-11-26 16:00:00
1637956800,1.13143,1.13301,1.13067,1.13071,0,2021-11-26 20:00:00
1638129600,1.13004,1.13134,1.12803,1.12925,0,2021-11-28 20:00:00
1638144000,1.12925,1.12968,1.12768,1.12809,0,2021-11-29 00:00:00
1638158400,1.12808,1.12851,1.12614,1.12639,0,2021-11-29 04:00:00
1638172800,1.12641,1.12947,1.12601,1.12921,0,2021-11-29 08:00:00
1638187200,1.12922,1.12939,1.12583,1.12661,0,2021-11-29 12:00:00
1638201600,1.12662,1.12754,1.12586,1.12732,0,2021-11-29 16:00:00
1638216000,1.12732,1.13003,1.12731,1.12925,0,2021-11-29 20:00:00
1638230400,1.12925,1.13046,1.12847,1.12985,0,2021-11-30 00:00:00
1638244800,1.12987,1.13322,1.12952,1.13285,0,2021-11-30 04:00:00
1638259200,1.13285,1.13727,1.13283,1.13474,0,2021-11-30 08:00:00
1638273600,1.13474,1.13828,1.12499,1.12593,0,2021-11-30 12:00:00
1638288000,1.12591,1.13248,1.12349,1.13246,0,2021-11-30 16:00:00
1638302400,1.13245,1.13453,1.13189,1.13299,0,2021-11-30 20:00:00
1638316800,1.13298,1.13363,1.13163,1.13281,0,2021-12-01 00:00:00
1638331200,1.13278,1.13436,1.1317,1.13403,0,2021-12-01 04:00:00
1638345600,1.13405,1.13596,1.13025,1.1321,0,2021-12-01 08:00:00
1638360000,1.1321,1.13578,1.13106,1.13344,0,2021-12-01 12:00:00
1638374400,1.13342,1.13354,1.13152,1.13175,0,2021-12-01 16:00:00
1638388800,1.13174,1.13218,1.1309,1.13187,0,2021-12-01 20:00:00
1638403200,1.13189,1.13392,1.13149,1.13305,0,2021-12-02 00:00:00
1638417600,1.13307,1.13335,1.13071,1.13097,0,2021-12-02 04:00:00
1638432000,1.13099,1.1344,1.13098,1.13398,0,2021-12-02 08:00:00
1638446400,1.13399,1.13476,1.1313,1.13175,0,2021-12-02 12:00:00
1638460800,1.13176,1.13204,1.12953,1.12968,0,2021-12-02 16:00:00
1638475200,1.12968,1.13063,1.12965,1.13057,0,2021-12-02 20:00:00
1638489600,1.13057,1.13074,1.12907,1.1294,0,2021-12-03 00:00:00
1638504000,1.12937,1.13022,1.12815,1.12922,0,2021-12-03 04:00:00
1638518400,1.1292,1.13159,1.1285,1.13085,0,2021-12-03 08:00:00
1638532800,1.13086,1.13333,1.12665,1.12789,0,2021-12-03 12:00:00
1638547200,1.12789,1.13269,1.12765,1.13117,0,2021-12-03 16:00:00
1638561600,1.13119,1.13149,1.13012,1.13117,0,2021-12-03 20:00:00
1638734400,1.13046,1.13129,1.13014,1.1304,0,2021-12-05 20:00:00
1638748800,1.1304,1.1304,1.12882,1.12925,0,2021-12-06 00:00:00
1638763200,1.12924,1.12933,1.12748,1.12752,0,2021-12-06 04:00:00
1638777600,1.12752,1.13101,1.12747,1.12926,0,2021-12-06 08:00:00
1638792000,1.12927,1.13078,1.12663,1.12722,0,2021-12-06 12:00:00
1638806400,1.12722,1.12882,1.12697,1.12786,0,2021-12-06 16:00:00
1638820800,1.12786,1.12868,1.12778,1.12834,0,2021-12-06 20:00:00
1638835200,1.12833,1.12927,1.12758,1.12905,0,2021-12-07 00:00:00
1638849600,1.12907,1.12984,1.12864,1.12885,0,2021-12-07 04:00:00
1638864000,1.12886,1.12948,1.12535,1.12575,0,2021-12-07 08:00:00
1638878400,1.12575,1.12597,1.12275,1.12458,0,2021-12-07 12:00:00
1638892800,1.12457,1.12612,1.12365,1.12612,0,2021-12-07 16:00:00
1638907200,1.12612,1.12737,1.12591,1.12723,0,2021-12-07 20:00:00
1638921600,1.12725,1.12935,1.12725,1.12916,0,2021-12-08 00:00:00
1638936000,1.12916,1.12956,1.12836,1.1286,0,2021-12-08 04:00:00
1638950400,1.12862,1.13,1.12681,1.12763,0,2021-12-08 08:00:00
1638964800,1.12762,1.13347,1.12667,1.13326,0,2021-12-08 12:00:00
1638979200,1.13326,1.13507,1.1325,1.13494,0,2021-12-08 16:00:00
1638993600,1.13494,1.13547,1.13399,1.13441,0,2021-12-08 20:00:00
1639008000,1.13441,1.13442,1.13293,1.13345,0,2021-12-09 00:00:00
1639022400,1.13344,1.13367,1.13171,1.13201,0,2021-12-09 04:00:00
1639036800,1.132,1.13269,1.13105,1.13168,0,2021-12-09 08:00:00
1639051200,1.13168,1.13206,1.12786,1.1284,0,2021-12-09 12:00:00
1639065600,1.12839,1.12944,1.12783,1.12872,0,2021-12-09 16:00:00
1639080000,1.12871,1.12981,1.1287,1.12936,0,2021-12-09 20:00:00
1639094400,1.12935,1.13015,1.12868,1.12982,0,2021-12-10 00:00:00
1639108800,1.12981,1.13028,1.12862,1.12939,0,2021-12-10 04:00:00
1639123200,1.1294,1.12972,1.12651,1.12676,0,2021-12-10 08:00:00
1639137600,1.12676,1.13096,1.12666,1.13015,0,2021-12-10 12:00:00
1639152000,1.13014,1.13239,1.13003,1.13111,0,2021-12-10 16:00:00
1639166400,1.13112,1.13193,1.13105,1.13146,0,2021-12-10 20:00:00
1639339200,1.131,1.13192,1.13038,1.13106,0,2021-12-12 20:00:00
1639353600,1.13106,1.1314,1.12935,1.12979,0,2021-12-13 00:00:00
1639368000,1.1298,1.12997,1.12837,1.12903,0,2021-12-13 04:00:00
1639382400,1.12904,1.12928,1.126,1.12742,0,2021-12-13 08:00:00
1639396800,1.12741,1.12976,1.12725,1.12755,0,2021-12-13 12:00:00
1639411200,1.12753,1.13071,1.12741,1.12872,0,2021-12-13 16:00:00
1639425600,1.1287,1.12909,1.12804,1.12834,0,2021-12-13 20:00:00
1639440000,1.12834,1.12847,1.12713,1.12733,0,2021-12-14 00:00:00
1639454400,1.12731,1.12832,1.12706,1.12706,0,2021-12-14 04:00:00
1639468800,1.12707,1.13238,1.12662,1.13187,0,2021-12-14 08:00:00
1639483200,1.13187,1.13202,1.12711,1.12729,0,2021-12-14 12:00:00
1639497600,1.12727,1.12766,1.12557,1.12558,0,2021-12-14 16:00:00
1639512000,1.12557,1.12594,1.12535,1.12575,0,2021-12-14 20:00:00
1639526400,1.12575,1.12697,1.12569,1.12597,0,2021-12-15 00:00:00
1639540800,1.12598,1.12766,1.12598,1.12641,0,2021-12-15 04:00:00
1639555200,1.1264,1.12771,1.12624,1.12697,0,2021-12-15 08:00:00
1639569600,1.12698,1.12757,1.1248,1.12518,0,2021-12-15 12:00:00
1639584000,1.12519,1.12751,1.12215,1.12724,0,2021-12-15 16:00:00
1639598400,1.12723,1.12991,1.12632,1.12902,0,2021-12-15 20:00:00
1639612800,1.12903,1.1292,1.12811,1.12856,0,2021-12-16 00:00:00
1639627200,1.12856,1.1312,1.12834,1.13051,0,2021-12-16 04:00:00
1639641600,1.13052,1.1319,1.12904,1.12958,0,2021-12-16 08:00:00
1639656000,1.1296,1.13603,1.12914,1.13068,0,2021-12-16 12:00:00
1639670400,1.1307,1.13261,1.13013,1.13247,0,2021-12-16 16:00:00
1639684800,1.13246,1.13364,1.13188,1.13336,0,2021-12-16 20:00:00
1639699200,1.13335,1.13351,1.13202,1.13269,0,2021-12-17 00:00:00
1639713600,1.13269,1.13488,1.1317,1.13181,0,2021-12-17 04:00:00
1639728000,1.13181,1.13397,1.13115,1.13181,0,2021-12-17 08:00:00
1639742400,1.1318,1.13327,1.12736,1.12738,0,2021-12-17 12:00:00
1639756800,1.12738,1.12792,1.12509,1.12521,0,2021-12-17 16:00:00
1639771200,1.1252,1.12527,1.1235,1.1237,0,2021-12-17 20:00:00
1639944000,1.12371,1.12439,1.12344,1.12428,0,2021-12-19 20:00:00
1639958400,1.12426,1.12503,1.12363,1.12482,0,2021-12-20 00:00:00
1639972800,1.12482,1.12612,1.12442,1.1255,0,2021-12-20 04:00:00
1639987200,1.1255,1.12767,1.12497,1.12703,0,2021-12-20 08:00:00
1640001600,1.12704,1.13037,1.1268,1.12888,0,2021-12-20 12:00:00
1640016000,1.12887,1.13036,1.1274,1.12741,0,2021-12-20 16:00:00
1640030400,1.12742,1.12805,1.12718,1.12771,0,2021-12-20 20:00:00
1640044800,1.12771,1.12869,1.1273,1.12822,0,2021-12-21 00:00:00
1640059200,1.12823,1.12956,1.12759,1.12878,0,2021-12-21 04:00:00
1640073600,1.12878,1.13026,1.12759,1.12854,0,2021-12-21 08:00:00
1640088000,1.12853,1.13014,1.12609,1.12641,0,2021-12-21 12:00:00
1640102400,1.12641,1.12818,1.12607,1.12811,0,2021-12-21 16:00:00
1640116800,1.12813,1.12878,1.12746,1.12871,0,2021-12-21 20:00:00
1640131200,1.12872,1.1294,1.12734,1.12762,0,2021-12-22 00:00:00
1640145600,1.12761,1.12761,1.12644,1.12676,0,2021-12-22 04:00:00
1640160000,1.12674,1.13106,1.12657,1.13009,0,2021-12-22 08:00:00
1640174400,1.1301,1.13241,1.12978,1.13211,0,2021-12-22 12:00:00
1640188800,1.13212,1.13423,1.13186,1.13325,0,2021-12-22 16:00:00
1640203200,1.13324,1.13386,1.13172,1.13265,0,2021-12-22 20:00:00
1640217600,1.13263,1.13422,1.13258,1.13387,0,2021-12-23 00:00:00
1640232000,1.13386,1.13418,1.13263,1.13282,0,2021-12-23 04:00:00
1640246400,1.1328,1.13304,1.13106,1.13237,0,2021-12-23 08:00:00
1640260800,1.13236,1.13281,1.129,1.13086,0,2021-12-23 12:00:00
1640275200,1.13084,1.13377,1.13061,1.13341,0,2021-12-23 16:00:00
1640289600,1.13338,1.13352,1.13224,1.13228,0,2021-12-23 20:00:00
1640304000,1.13227,1.13306,1.1322,1.13282,0,2021-12-24 00:00:00
1640318400,1.13282,1.13346,1.13263,1.13313,0,2021-12-24 04:00:00
1640332800,1.13313,1.13433,1.13257,1.13273,0,2021-12-24 08:00:00
1640347200,1.13272,1.13336,1.13068,1.1307,0,2021-12-24 12:00:00
1640361600,1.13071,1.13262,1.1307,1.13103,0,2021-12-24 16:00:00
1640376000,1.13102,1.13263,1.13031,1.13102,0,2021-12-24 20:00:00
1640548800,1.13101,1.1326,1.13076,1.13231,0,2021-12-26 20:00:00
1640563200,1.13233,1.13236,1.13136,1.13236,0,2021-12-27 00:00:00
1640577600,1.13237,1.13304,1.1313,1.13297,0,2021-12-27 04:00:00
1640592000,1.13296,1.13344,1.13028,1.13148,0,2021-12-27 08:00:00
1640606400,1.13145,1.13309,1.13033,1.13187,0,2021-12-27 12:00:00
1640620800,1.13185,1.13315,1.13177,1.13251,0,2021-12-27 16:00:00
1640635200,1.13251,1.13303,1.13236,1.13294,0,2021-12-27 20:00:00
1640649600,1.13293,1.13312,1.13181,1.13254,0,2021-12-28 00:00:00
1640664000,1.13254,1.13288,1.13161,1.13173,0,2021-12-28 04:00:00
1640678400,1.13174,1.13331,1.13156,1.13326,0,2021-12-28 08:00:00
1640692800,1.13329,1.13331,1.12895,1.12953,0,2021-12-28 12:00:00
1640707200,1.12953,1.13208,1.12947,1.13024,0,2021-12-28 16:00:00
1640721600,1.13022,1.13143,1.1302,1.1313,0,2021-12-28 20:00:00
1640736000,1.13131,1.13135,1.12974,1.13061,0,2021-12-29 00:00:00
1640750400,1.13062,1.13072,1.12972,1.13001,0,2021-12-29 04:00:00
1640764800,1.13,1.1303,1.12737,1.13008,0,2021-12-29 08:00:00
1640779200,1.13008,1.13688,1.12917,1.13491,0,2021-12-29 12:00:00
1640793600,1.1349,1.13534,1.13345,1.13428,0,2021-12-29 16:00:00
1640808000,1.13429,1.13598,1.13403,1.13595,0,2021-12-29 20:00:00
1640822400,1.13595,1.13597,1.13371,1.13377,0,2021-12-30 00:00:00
1640836800,1.13377,1.13377,1.13147,1.13174,0,2021-12-30 04:00:00
1640851200,1.13175,1.13258,1.12997,1.13258,0,2021-12-30 08:00:00
1640865600,1.13257,1.13444,1.12984,1.13305,0,2021-12-30 12:00:00
1640880000,1.13305,1.13318,1.13038,1.13271,0,2021-12-30 16:00:00
1640894400,1.1327,1.13301,1.13181,1.13222,0,2021-12-30 20:00:00
1640908800,1.13219,1.13285,1.13143,1.13159,0,2021-12-31 00:00:00
1640923200,1.13159,1.13254,1.13038,1.13047,0,2021-12-31 04:00:00
1640937600,1.13048,1.13362,1.13032,1.13189,0,2021-12-31 08:00:00
1640952000,1.13186,1.13753,1.1312,1.13719,0,2021-12-31 12:00:00
1640966400,1.13717,1.13863,1.13589,1.13825,0,2021-12-31 16:00:00
1640980800,1.13823,1.13851,1.13679,1.13686,0,2021-12-31 20:00:00
1641153600,1.1369,1.13782,1.13649,1.13727,0,2022-01-02 20:00:00
1641168000,1.13726,1.13755,1.13412,1.13481,0,2022-01-03 00:00:00
1641182400,1.13482,1.135,1.13349,1.1348,0,2022-01-03 04:00:00
1641196800,1.13479,1.13661,1.13352,1.13554,0,2022-01-03 08:00:00
1641211200,1.13554,1.13641,1.12902,1.12915,0,2022-01-03 12:00:00
1641225600,1.12916,1.12995,1.12797,1.12971,0,2022-01-03 16:00:00
1641240000,1.1297,1.13022,1.12929,1.13017,0,2022-01-03 20:00:00
1641254400,1.13016,1.13094,1.12953,1.12975,0,2022-01-04 00:00:00
1641268800,1.12975,1.13071,1.12831,1.12914,0,2022-01-04 04:00:00
1641283200,1.12914,1.13083,1.12759,1.1276,0,2022-01-04 08:00:00
1641297600,1.12763,1.13224,1.12721,1.13091,0,2022-01-04 12:00:00
1641312000,1.13092,1.13154,1.12779,1.12876,0,2022-01-04 16:00:00
1641326400,1.12875,1.12894,1.12808,1.12827,0,2022-01-04 20:00:00
1641340800,1.12826,1.12967,1.12769,1.12956,0,2022-01-05 00:00:00
1641355200,1.12956,1.13025,1.12873,1.12986,0,2022-01-05 04:00:00
1641369600,1.12987,1.13237,1.12966,1.13189,0,2022-01-05 08:00:00
1641384000,1.13191,1.13441,1.1303,1.13369,0,2022-01-05 12:00:00
1641398400,1.13367,1.13463,1.1308,1.13101,0,2022-01-05 16:00:00
1641412800,1.13103,1.13142,1.13021,1.13105,0,2022-01-05 20:00:00
1641427200,1.13104,1.13205,1.13048,1.1315,0,2022-01-06 00:00:00
1641441600,1.1315,1.13163,1.12845,1.12896,0,2022-01-06 04:00:00
1641456000,1.12897,1.13268,1.12848,1.13132,0,2022-01-06 08:00:00
1641470400,1.13131,1.13318,1.12928,1.12958,0,2022-01-06 12:00:00
1641484800,1.12956,1.13093,1.12865,1.12868,0,2022-01-06 16:00:00
1641499200,1.12867,1.12998,1.12861,1.12949,0,2022-01-06 20:00:00
1641513600,1.12947,1.13017,1.12899,1.1299,0,2022-01-07 00:00:00
1641528000,1.1299,1.1306,1.1298,1.13055,0,2022-01-07 04:00:00
1641542400,1.13054,1.13192,1.13008,1.13043,0,2022-01-07 08:00:00
1641556800,1.13046,1.13491,1.12922,1.13471,0,2022-01-07 12:00:00
1641571200,1.13472,1.13647,1.13376,1.13628,0,2022-01-07 16:00:00
1641585600,1.13626,1.13641,1.13572,1.13593,0,2022-01-07 20:00:00
1641758400,1.13515,1.13602,1.13497,1.13534,0,2022-01-09 20:00:00
1641772800,1.13533,1.1358,1.13337,1.13374,0,2022-01-10 00:00:00
1641787200,1.13373,1.13406,1.13263,1.13289,0,2022-01-10 04:00:00
1641801600,1.1329,1.13444,1.13205,1.13254,0,2022-01-10 08:00:00
1641816000,1.13252,1.13294,1.12847,1.13185,0,2022-01-10 12:00:00
1641830400,1.13184,1.13347,1.13161,1.13232,0,2022-01-10 16:00:00
1641844800,1.13231,1.13326,1.13206,1.13299,0,2022-01-10 20:00:00
1641859200,1.13297,1.13436,1.13284,1.13414,0,2022-01-11 00:00:00
1641873600,1.13415,1.13445,1.13315,1.13417,0,2022-01-11 04:00:00
1641888000,1.13415,1.13518,1.13259,1.13387,0,2022-01-11 08:00:00
1641902400,1.13387,1.13452,1.1313,1.13403,0,2022-01-11 12:00:00
1641916800,1.13402,1.13752,1.13401,1.13667,0,2022-01-11 16:00:00
1641931200,1.13667,1.13709,1.13618,1.13658,0,2022-01-11 20:00:00
1641945600,1.13657,1.13755,1.1364,1.13746,0,2022-01-12 00:00:00
1641960000,1.13745,1.13779,1.13551,1.13583,0,2022-01-12 04:00:00
1641974400,1.13587,1.13735,1.13547,1.13615,0,2022-01-12 08:00:00
1641988800,1.13615,1.14251,1.13597,1.14205,0,2022-01-12 12:00:00
1642003200,1.14207,1.14526,1.14188,1.14499,0,2022-01-12 16:00:00
1642017600,1.14499,1.14508,1.14391,1.14394,0,2022-01-12 20:00:00
1642032000,1.14393,1.1448,1.14357,1.14421,0,2022-01-13 00:00:00
1642046400,1.14422,1.14663,1.14383,1.14646,0,2022-01-13 04:00:00
1642060800,1.14647,1.14782,1.14574,1.14624,0,2022-01-13 08:00:00
1642075200,1.14626,1.14817,1.14471,1.14607,0,2022-01-13 12:00:00
1642089600,1.14607,1.14717,1.14548,1.14615,0,2022-01-13 16:00:00
1642104000,1.14613,1.14622,1.14506,1.14564,0,2022-01-13 20:00:00
1642118400,1.14564,1.14757,1.14511,1.14736,0,2022-01-14 00:00:00
1642132800,1.14735,1.14827,1.14601,1.14657,0,2022-01-14 04:00:00
1642147200,1.14655,1.14746,1.14483,1.14518,0,2022-01-14 08:00:00
1642161600,1.14518,1.1456,1.14237,1.14331,0,2022-01-14 12:00:00
1642176000,1.1433,1.14357,1.13984,1.14151,0,2022-01-14 16:00:00
1642190400,1.14151,1.14176,1.1409,1.1409,0,2022-01-14 20:00:00
1642363200,1.14118,1.14156,1.14056,1.14112,0,2022-01-16 20:00:00
1642377600,1.14111,1.14196,1.14,1.14182,0,2022-01-17 00:00:00
1642392000,1.14182,1.14279,1.14119,1.1425,0,2022-01-17 04:00:00
1642406400,1.14252,1.14344,1.14062,1.14141,0,2022-01-17 08:00:00
1642420800,1.14141,1.14165,1.13917,1.14038,0,2022-01-17 12:00:00
1642435200,1.14039,1.14158,1.14007,1.14048,0,2022-01-17 16:00:00
1642449600,1.14047,1.141,1.14045,1.141,0,2022-01-17 20:00:00
1642464000,1.14099,1.14214,1.13849,1.13925,0,2022-01-18 00:00:00
1642478400,1.13924,1.14045,1.13912,1.13972,0,2022-01-18 04:00:00
1642492800,1.13973,1.14057,1.13832,1.13865,0,2022-01-18 08:00:00
1642507200,1.13866,1.13918,1.1343,1.13431,0,2022-01-18 12:00:00
1642521600,1.13432,1.13439,1.1319,1.13269,0,2022-01-18 16:00:00
1642536000,1.1327,1.13322,1.13146,1.13286,0,2022-01-18 20:00:00
1642550400,1.13289,1.133,1.13187,1.13275,0,2022-01-19 00:00:00
1642564800,1.13273,1.13427,1.13256,1.13307,0,2022-01-19 04:00:00
1642579200,1.13306,1.13497,1.13294,1.13376,0,2022-01-19 08:00:00
1642593600,1.13375,1.13539,1.1333,1.13443,0,2022-01-19 12:00:00
1642608000,1.13446,1.13571,1.13401,1.1351,0,2022-01-19 16:00:00
1642622400,1.13509,1.13546,1.13397,1.13429,0,2022-01-19 20:00:00
1642636800,1.13427,1.13651,1.13427,1.13533,0,2022-01-20 00:00:00
1642651200,1.13534,1.13666,1.13455,1.13597,0,2022-01-20 04:00:00
1642665600,1.13596,1.13688,1.1333,1.13401,0,2022-01-20 08:00:00
1642680000,1.134,1.13578,1.13285,1.13479,0,2022-01-20 12:00:00
1642694400,1.13478,1.13531,1.13114,1.13123,0,2022-01-20 16:00:00
1642708800,1.13123,1.13185,1.13031,1.13128,0,2022-01-20 20:00:00
1642723200,1.13129,1.1335,1.13009,1.13257,0,2022-01-21 00:00:00
1642737600,1.13258,1.13366,1.13223,1.13286,0,2022-01-21 04:00:00
1642752000,1.13284,1.13452,1.13255,1.13296,0,2022-01-21 08:00:00
1642766400,1.13296,1.13596,1.13261,1.13459,0,2022-01-21 12:00:00
1642780800,1.1346,1.13532,1.13396,1.13413,0,2022-01-21 16:00:00
1642795200,1.13412,1.13453,1.13381,1.13418,0,2022-01-21 20:00:00
1642968000,1.13396,1.1345,1.13365,1.13409,0,2022-01-23 20:00:00
1642982400,1.1341,1.1341,1.13274,1.13288,0,2022-01-24 00:00:00
1642996800,1.13287,1.13312,1.13147,1.13237,0,2022-01-24 04:00:00
1643011200,1.13236,1.13363,1.13012,1.1304,0,2022-01-24 08:00:00
1643025600,1.13041,1.13246,1.12904,1.13087,0,2022-01-24 12:00:00
1643040000,1.13088,1.1335,1.13044,1.13197,0,2022-01-24 16:00:00
1643054400,1.13195,1.13289,1.13179,1.13236,0,2022-01-24 20:00:00
1643068800,1.13235,1.1324,1.13089,1.13123,0,2022-01-25 00:00:00
1643083200,1.13124,1.13164,1.13014,1.13019,0,2022-01-25 04:00:00
1643097600,1.1302,1.13156,1.12685,1.12717,0,2022-01-25 08:00:00
1643112000,1.12719,1.12811,1.12631,1.12742,0,2022-01-25 12:00:00
1643126400,1.12741,1.13048,1.12715,1.13037,0,2022-01-25 16:00:00
1643140800,1.13036,1.13069,1.12942,1.13028,0,2022-01-25 20:00:00
1643155200,1.13028,1.13107,1.13012,1.13055,0,2022-01-26 00:00:00
1643169600,1.13056,1.13058,1.12892,1.12911,0,2022-01-26 04:00:00
1643184000,1.12911,1.12971,1.12753,1.12787,0,2022-01-26 08:00:00
1643198400,1.12789,1.12963,1.12715,1.12804,0,2022-01-26 12:00:00
1643212800,1.12803,1.13006,1.12471,1.12553,0,2022-01-26 16:00:00
1643227200,1.12553,1.12553,1.12354,1.12405,0,2022-01-26 20:00:00
1643241600,1.12405,1.12432,1.12209,1.12211,0,2022-01-27 00:00:00
1643256000,1.12212,1.12269,1.11965,1.11984,0,2022-01-27 04:00:00
1643270400,1.11985,1.12063,1.11521,1.11587,0,2022-01-27 08:00:00
1643284800,1.11588,1.11689,1.11312,1.11493,0,2022-01-27 12:00:00
1643299200,1.11492,1.11617,1.11357,1.11402,0,2022-01-27 16:00:00
1643313600,1.11404,1.11492,1.11393,1.11445,0,2022-01-27 20:00:00
1643328000,1.11446,1.11558,1.11379,1.11532,0,2022-01-28 00:00:00
1643342400,1.11531,1.11549,1.11259,1.11348,0,2022-01-28 04:00:00
1643356800,1.11347,1.11437,1.11213,1.11332,0,2022-01-28 08:00:00
1643371200,1.11333,1.11735,1.11253,1.11642,0,2022-01-28 12:00:00
1643385600,1.11648,1.11695,1.11431,1.11443,0,2022-01-28 16:00:00
1643400000,1.11442,1.11513,1.1141,1.1145,0,2022-01-28 20:00:00
1643572800,1.11422,1.11524,1.1138,1.11519,0,2022-01-30 20:00:00
1643587200,1.11519,1.11629,1.1144,1.11608,0,2022-01-31 00:00:00
1643601600,1.11609,1.11713,1.11602,1.11708,0,2022-01-31 04:00:00
1643616000,1.11708,1.11823,1.1153,1.11594,0,2022-01-31 08:00:00
1643630400,1.11593,1.12178,1.11462,1.12106,0,2022-01-31 12:00:00
1643644800,1.12105,1.12478,1.11987,1.12431,0,2022-01-31 16:00:00
1643659200,1.12431,1.12454,1.12291,1.12292,0,2022-01-31 20:00:00
1643673600,1.12293,1.12338,1.12209,1.12332,0,2022-02-01 00:00:00
1643688000,1.12331,1.1268,1.12331,1.12664,0,2022-02-01 04:00:00
1643702400,1.12663,1.12786,1.12517,1.1273,0,2022-02-01 08:00:00
1643716800,1.1273,1.12743,1.12452,1.12472,0,2022-02-01 12:00:00
1643731200,1.12473,1.12575,1.12342,1.12528,0,2022-02-01 16:00:00
1643745600,1.12526,1.12739,1.12517,1.1273,0,2022-02-01 20:00:00
1643760000,1.12728,1.12778,1.12681,1.12706,0,2022-02-02 00:00:00
1643774400,1.12706,1.12841,1.12665,1.12814,0,2022-02-02 04:00:00
1643788800,1.12811,1.13199,1.12784,1.13162,0,2022-02-02 08:00:00
1643803200,1.13163,1.133,1.12924,1.12966,0,2022-02-02 12:00:00
1643817600,1.12967,1.13142,1.12927,1.13102,0,2022-02-02 16:00:00
1643832000,1.13105,1.13139,1.12981,1.12992,0,2022-02-02 20:00:00
1643846400,1.12992,1.13082,1.12929,1.13045,0,2022-02-03 00:00:00
1643860800,1.13046,1.13053,1.1288,1.12971,0,2022-02-03 04:00:00
1643875200,1.12969,1.13024,1.12752,1.12801,0,2022-02-03 08:00:00
1643889600,1.12807,1.14236,1.12672,1.14175,0,2022-02-03 12:00:00
1643904000,1.14175,1.14514,1.14145,1.14331,0,2022-02-03 16:00:00
1643918400,1.14332,1.1442,1.14281,1.14355,0,2022-02-03 20:00:00
1643932800,1.14352,1.14688,1.14318,1.14623,0,2022-02-04 00:00:00
1643947200,1.14622,1.14719,1.14513,1.14673,0,2022-02-04 04:00:00
1643961600,1.14673,1.14837,1.14397,1.14784,0,2022-02-04 08:00:00
1643976000,1.14785,1.1482,1.14115,1.1442,0,2022-02-04 12:00:00
1643990400,1.1442,1.14641,1.14359,1.14481,0,2022-02-04 16:00:00
1644004800,1.14481,1.14598,1.14477,1.14477,0,2022-02-04 20:00:00
1644177600,1.14638,1.14646,1.14513,1.14544,0,2022-02-06 20:00:00
1644192000,1.14545,1.14559,1.14247,1.14328,0,2022-02-07 00:00:00
1644206400,1.14325,1.14405,1.14255,1.14322,0,2022-02-07 04:00:00
1644220800,1.14321,1.14492,1.14151,1.14432,0,2022-02-07 08:00:00
1644235200,1.14429,1.14587,1.14203,1.14433,0,2022-02-07 12:00:00
1644249600,1.14432,1.14508,1.14171,1.14432,0,2022-02-07 16:00:00
1644264000,1.1443,1.14437,1.14332,1.1441,0,2022-02-07 20:00:00
1644278400,1.14411,1.14487,1.14267,1.14299,0,2022-02-08 00:00:00
1644292800,1.143,1.14306,1.13961,1.13987,0,2022-02-08 04:00:00
1644307200,1.13988,1.14335,1.13979,1.14261,0,2022-02-08 08:00:00
1644321600,1.14261,1.14271,1.14001,1.14181,0,2022-02-08 12:00:00
1644336000,1.14182,1.14237,1.14014,1.14144,0,2022-02-08 16:00:00
1644350400,1.14143,1.1421,1.14129,1.14205,0,2022-02-08 20:00:00
1644364800,1.14208,1.14323,1.1412,1.14301,0,2022-02-09 00:00:00
1644379200,1.14301,1.14312,1.14024,1.1409,0,2022-02-09 04:00:00
1644393600,1.1409,1.14447,1.14083,1.14293,0,2022-02-09 08:00:00
1644408000,1.14297,1.14459,1.14253,1.14282,0,2022-02-09 12:00:00
1644422400,1.14282,1.14477,1.14257,1.14322,0,2022-02-09 16:00:00
1644436800,1.14321,1.14333,1.142,1.14211,0,2022-02-09 20:00:00
1644451200,1.14211,1.14299,1.1413,1.14286,0,2022-02-10 00:00:00
1644465600,1.14285,1.14314,1.14194,1.14286,0,2022-02-10 04:00:00
1644480000,1.14287,1.14463,1.14225,1.14319,0,2022-02-10 08:00:00
1644494400,1.14318,1.14736,1.13748,1.14667,0,2022-02-10 12:00:00
1644508800,1.14668,1.14948,1.14465,1.14496,0,2022-02-10 16:00:00
1644523200,1.14494,1.14548,1.14017,1.14112,0,2022-02-10 20:00:00
1644537600,1.1411,1.1412,1.13858,1.13927,0,2022-02-11 00:00:00
1644552000,1.13925,1.13927,1.13699,1.13849,0,2022-02-11 04:00:00
1644566400,1.1385,1.13995,1.1378,1.13947,0,2022-02-11 08:00:00
1644580800,1.1395,1.1418,1.13801,1.14019,0,2022-02-11 12:00:00
1644595200,1.14021,1.14081,1.13296,1.13339,0,2022-02-11 16:00:00
1644609600,1.13339,1.13521,1.1331,1.13463,0,2022-02-11 20:00:00
1644782400,1.13369,1.13672,1.13365,1.13643,0,2022-02-13 20:00:00
1644796800,1.13642,1.1369,1.13405,1.13431,0,2022-02-14 00:00:00
1644811200,1.13431,1.13522,1.13359,1.13381,0,2022-02-14 04:00:00
1644825600,1.13381,1.13431,1.13008,1.13109,0,2022-02-14 08:00:00
1644840000,1.1311,1.13423,1.12915,1.13058,0,2022-02-14 12:00:00
1644854400,1.13057,1.13143,1.12799,1.12946,0,2022-02-14 16:00:00
1644868800,1.12947,1.13077,1.12928,1.13056,0,2022-02-14 20:00:00
1644883200,1.13057,1.13224,1.13031,1.13174,0,2022-02-15 00:00:00
1644897600,1.13173,1.13281,1.13114,1.13126,0,2022-02-15 04:00:00
1644912000,1.13125,1.13537,1.13093,1.13455,0,2022-02-15 08:00:00
1644926400,1.13459,1.13599,1.13202,1.13547,0,2022-02-15 12:00:00
1644940800,1.13547,1.13681,1.1346,1.13594,0,2022-02-15 16:00:00
1644955200,1.13596,1.13636,1.13545,1.13551,0,2022-02-15 20:00:00
1644969600,1.1355,1.13595,1.13449,1.13457,0,2022-02-16 00:00:00
1644984000,1.13457,1.13786,1.13452,1.13752,0,2022-02-16 04:00:00
1644998400,1.13753,1.13953,1.1371,1.1385,0,2022-02-16 08:00:00
1645012800,1.1385,1.13866,1.13531,1.13654,0,2022-02-16 12:00:00
1645027200,1.13652,1.13957,1.13605,1.13902,0,2022-02-16 16:00:00
1645041600,1.13903,1.13934,1.13669,1.13728,0,2022-02-16 20:00:00
1645056000,1.13726,1.13848,1.13293,1.13366,0,2022-02-17 00:00:00
1645070400,1.13367,1.13753,1.1323,1.1375,0,2022-02-17 04:00:00
1645084800,1.1375,1.1386,1.13429,1.13657,0,2022-02-17 08:00:00
1645099200,1.13657,1.13794,1.13505,1.13692,0,2022-02-17 12:00:00
1645113600,1.13693,1.13755,1.1357,1.13638,0,2022-02-17 16:00:00
1645128000,1.13639,1.13696,1.13568,1.13637,0,2022-02-17 20:00:00
1645142400,1.13636,1.13712,1.13577,1.13672,0,2022-02-18 00:00:00
1645156800,1.1367,1.13736,1.13611,1.13697,0,2022-02-18 04:00:00
1645171200,1.13696,1.13769,1.13469,1.13624,0,2022-02-18 08:00:00
1645185600,1.13623,1.13682,1.13274,1.13411,0,2022-02-18 12:00:00
1645200000,1.13412,1.13422,1.1314,1.1331,0,2022-02-18 16:00:00
1645214400,1.13311,1.13317,1.13196,1.13203,0,2022-02-18 20:00:00
1645387200,1.13186,1.13253,1.13131,1.13164,0,2022-02-20 20:00:00
1645401600,1.1317,1.13679,1.1313,1.13607,0,2022-02-21 00:00:00
1645416000,1.13606,1.13788,1.13582,1.13735,0,2022-02-21 04:00:00
1645430400,1.13734,1.13905,1.13456,1.13477,0,2022-02-21 08:00:00
1645444800,1.13477,1.13502,1.13205,1.13361,0,2022-02-21 12:00:00
1645459200,1.1336,1.1349,1.13064,1.13182,0,2022-02-21 16:00:00
1645473600,1.13184,1.13186,1.12963,1.13092,0,2022-02-21 20:00:00
1645488000,1.13092,1.13197,1.1288,1.12922,0,2022-02-22 00:00:00
1645502400,1.12922,1.13125,1.12922,1.12966,0,2022-02-22 04:00:00
1645516800,1.12965,1.13667,1.12929,1.1346,0,2022-02-22 08:00:00
1645531200,1.13461,1.13592,1.13306,1.13352,0,2022-02-22 12:00:00
1645545600,1.13355,1.13539,1.1322,1.13346,0,2022-02-22 16:00:00
1645560000,1.13346,1.1341,1.13229,1.13287,0,2022-02-22 20:00:00
1645574400,1.13286,1.13387,1.13199,1.13257,0,2022-02-23 00:00:00
1645588800,1.13258,1.13427,1.13159,1.13398,0,2022-02-23 04:00:00
1645603200,1.13398,1.13588,1.13339,1.13403,0,2022-02-23 08:00:00
1645617600,1.13402,1.13523,1.13206,1.13243,0,2022-02-23 12:00:00
1645632000,1.13242,1.13261,1.13037,1.13076,0,2022-02-23 16:00:00
1645646400,1.13075,1.13104,1.13001,1.13053,0,2022-02-23 20:00:00
1645660800,1.13055,1.1306,1.12348,1.1238,0,2022-02-24 00:00:00
1645675200,1.12379,1.12556,1.12083,1.1245,0,2022-02-24 04:00:00
1645689600,1.12451,1.12624,1.11551,1.11741,0,2022-02-24 08:00:00
1645704000,1.11742,1.11848,1.1108,1.11096,0,2022-02-24 12:00:00
1645718400,1.11094,1.12123,1.11062,1.11874,0,2022-02-24 16:00:00
1645732800,1.11875,1.12212,1.11845,1.11905,0,2022-02-24 20:00:00
1645747200,1.11906,1.12178,1.11864,1.12172,0,2022-02-25 00:00:00
1645761600,1.12172,1.12285,1.11968,1.121,0,2022-02-25 04:00:00
1645776000,1.12102,1.12151,1.11659,1.11851,0,2022-02-25 08:00:00
1645790400,1.11853,1.12509,1.11837,1.1244,0,2022-02-25 12:00:00
1645804800,1.12442,1.12669,1.1235,1.12634,0,2022-02-25 16:00:00
1645819200,1.12633,1.12739,1.12581,1.12719,0,2022-02-25 20:00:00
1645992000,1.11237,1.11882,1.11225,1.118,0,2022-02-27 20:00:00
1646006400,1.11801,1.11944,1.1146,1.11507,0,2022-02-28 00:00:00
1646020800,1.11508,1.12,1.11421,1.11894,0,2022-02-28 04:00:00
1646035200,1.11897,1.12321,1.11639,1.1199,0,2022-02-28 08:00:00
1646049600,1.11992,1.12363,1.11791,1.12316,0,2022-02-28 12:00:00
1646064000,1.12315,1.12464,1.11974,1.12222,0,2022-02-28 16:00:00
1646078400,1.12224,1.12228,1.1209,1.12141,0,2022-02-28 20:00:00
1646092800,1.1214,1.12145,1.1192,1.1192,0,2022-03-01 00:00:00
1646107200,1.11922,1.12299,1.11906,1.12296,0,2022-03-01 04:00:00
1646121600,1.12295,1.12329,1.11662,1.11756,0,2022-03-01 08:00:00
1646136000,1.11756,1.11804,1.11281,1.11401,0,2022-03-01 12:00:00
1646150400,1.11402,1.11443,1.10896,1.1122,0,2022-03-01 16:00:00
1646164800,1.11219,1.11379,1.11164,1.11322,0,2022-03-01 20:00:00
1646179200,1.11321,1.11355,1.1111,1.11189,0,2022-03-02 00:00:00
1646193600,1.1119,1.11234,1.10838,1.10933,0,2022-03-02 04:00:00
1646208000,1.10933,1.1104,1.10588,1.10995,0,2022-03-02 08:00:00
1646222400,1.10995,1.11192,1.10573,1.10683,0,2022-03-02 12:00:00
1646236800,1.10684,1.11437,1.10636,1.11241,0,2022-03-02 16:00:00
1646251200,1.11241,1.11302,1.11102,1.11123,0,2022-03-02 20:00:00
1646265600,1.11119,1.11152,1.109,1.10996,0,2022-03-03 00:00:00
1646280000,1.10997,1.11062,1.10911,1.10975,0,2022-03-03 04:00:00
1646294400,1.10974,1.11,1.10717,1.10866,0,2022-03-03 08:00:00
1646308800,1.10865,1.10968,1.10575,1.10618,0,2022-03-03 12:00:00
1646323200,1.10617,1.10678,1.10334,1.10577,0,2022-03-03 16:00:00
1646337600,1.10576,1.10677,1.10564,1.10656,0,2022-03-03 20:00:00
1646352000,1.10656,1.10665,1.101,1.10258,0,2022-03-04 00:00:00
1646366400,1.10255,1.10391,1.10083,1.10122,0,2022-03-04 04:00:00
1646380800,1.10121,1.10242,1.09729,1.09756,0,2022-03-04 08:00:00
1646395200,1.09755,1.0982,1.08856,1.09185,0,2022-03-04 12:00:00
1646409600,1.0919,1.09368,1.0908,1.09131,0,2022-03-04 16:00:00
1646424000,1.09127,1.09404,1.09126,1.09311,0,2022-03-04 20:00:00
1646596800,1.09199,1.09287,1.08634,1.08736,0,2022-03-06 20:00:00
1646611200,1.08734,1.08863,1.08213,1.08709,0,2022-03-07 00:00:00
1646625600,1.0871,1.08978,1.08627,1.08711,0,2022-03-07 04:00:00
1646640000,1.08712,1.08907,1.08059,1.08592,0,2022-03-07 08:00:00
1646654400,1.08592,1.09325,1.08554,1.0876,0,2022-03-07 12:00:00
1646668800,1.08762,1.09003,1.08455,1.08479,0,2022-03-07 16:00:00
1646683200,1.08483,1.08716,1.08466,1.0866,0,2022-03-07 20:00:00
1646697600,1.0866,1.08847,1.08489,1.08677,0,2022-03-08 00:00:00
1646712000,1.08675,1.08836,1.08511,1.08612,0,2022-03-08 04:00:00
1646726400,1.08616,1.09216,1.08559,1.0891,0,2022-03-08 08:00:00
1646740800,1.08912,1.09243,1.08719,1.08756,0,2022-03-08 12:00:00
1646755200,1.08756,1.09582,1.08749,1.09063,0,2022-03-08 16:00:00
1646769600,1.09063,1.09134,1.089,1.08978,0,2022-03-08 20:00:00
1646784000,1.08984,1.09201,1.08965,1.09072,0,2022-03-09 00:00:00
1646798400,1.09071,1.09296,1.09069,1.09164,0,2022-03-09 04:00:00
1646812800,1.09166,1.09926,1.09107,1.0971,0,2022-03-09 08:00:00
1646827200,1.09711,1.10502,1.09633,1.1044,0,2022-03-09 12:00:00
1646841600,1.10439,1.10951,1.10429,1.10772,0,2022-03-09 16:00:00
1646856000,1.10771,1.10833,1.10621,1.10733,0,2022-03-09 20:00:00
1646870400,1.10732,1.10735,1.10415,1.10588,0,2022-03-10 00:00:00
1646884800,1.10589,1.10718,1.10512,1.1065,0,2022-03-10 04:00:00
1646899200,1.10651,1.10801,1.10255,1.104,0,2022-03-10 08:00:00
1646913600,1.10397,1.11212,1.09801,1.10188,0,2022-03-10 12:00:00
1646928000,1.10185,1.10198,1.09829,1.09849,0,2022-03-10 16:00:00
1646942400,1.09848,1.1015,1.0976,1.10133,0,2022-03-10 20:00:00
1646956800,1.10132,1.10188,1.09804,1.10043,0,2022-03-11 00:00:00
1646971200,1.10042,1.10102,1.09809,1.09834,0,2022-03-11 04:00:00
1646985600,1.09839,1.10435,1.09601,1.10112,0,2022-03-11 08:00:00
1647000000,1.10112,1.10322,1.09461,1.0965,0,2022-03-11 12:00:00
1647014400,1.09651,1.09697,1.09018,1.09089,0,2022-03-11 16:00:00
1647028800,1.09089,1.09169,1.09052,1.09099,0,2022-03-11 20:00:00
1647201600,1.09205,1.09387,1.09099,1.09316,0,2022-03-13 20:00:00
1647216000,1.09317,1.09375,1.09005,1.09044,0,2022-03-14 00:00:00
1647230400,1.09045,1.09404,1.09011,1.09317,0,2022-03-14 04:00:00
1647244800,1.09319,1.09897,1.09302,1.0943,0,2022-03-14 08:00:00
1647259200,1.09431,1.09863,1.09349,1.0979,0,2022-03-14 12:00:00
1647273600,1.0979,1.09938,1.09456,1.09495,0,2022-03-14 16:00:00
1647288000,1.09496,1.09535,1.09304,1.09426,0,2022-03-14 20:00:00
1647302400,1.09426,1.09804,1.09375,1.09774,0,2022-03-15 00:00:00
1647316800,1.09776,1.10196,1.09668,1.10049,0,2022-03-15 04:00:00
1647331200,1.10049,1.10193,1.0978,1.09837,0,2022-03-15 08:00:00
1647345600,1.09837,1.10041,1.09631,1.09727,0,2022-03-15 12:00:00
1647360000,1.09728,1.09757,1.0926,1.09527,0,2022-03-15 16:00:00
1647374400,1.09526,1.0974,1.09417,1.09667,0,2022-03-15 20:00:00
1647388800,1.09668,1.09771,1.0955,1.09669,0,2022-03-16 00:00:00
1647403200,1.09669,1.09821,1.09557,1.09582,0,2022-03-16 04:00:00
1647417600,1.09581,1.10247,1.09581,1.10122,0,2022-03-16 08:00:00
1647432000,1.10121,1.10399,1.09821,1.0992,0,2022-03-16 12:00:00
1647446400,1.09918,1.10449,1.095,1.10448,0,2022-03-16 16:00:00
1647460800,1.10447,1.10466,1.10076,1.10214,0,2022-03-16 20:00:00
1647475200,1.10216,1.10523,1.10201,1.10349,0,2022-03-17 00:00:00
1647489600,1.10351,1.10458,1.10219,1.10447,0,2022-03-17 04:00:00
1647504000,1.10446,1.1067,1.10229,1.10509,0,2022-03-17 08:00:00
1647518400,1.10509,1.11112,1.10401,1.11098,0,2022-03-17 12:00:00
1647532800,1.11098,1.11375,1.1093,1.10985,0,2022-03-17 16:00:00
1647547200,1.10984,1.11,1.10891,1.1099,0,2022-03-17 20:00:00
1647561600,1.10991,1.11186,1.10771,1.10838,0,2022-03-18 00:00:00
1647576000,1.10838,1.10942,1.10712,1.10786,0,2022-03-18 04:00:00
1647590400,1.10786,1.10805,1.10208,1.10225,0,2022-03-18 08:00:00
1647604800,1.10224,1.10535,1.1003,1.1048,0,2022-03-18 12:00:00
1647619200,1.10481,1.10722,1.10422,1.1052,0,2022-03-18 16:00:00
1647633600,1.1052,1.10537,1.10473,1.10492,0,2022-03-18 20:00:00
1647806400,1.10561,1.10584,1.10408,1.10424,0,2022-03-20 20:00:00
1647820800,1.10423,1.10537,1.10374,1.10454,0,2022-03-21 00:00:00
1647835200,1.10453,1.10558,1.10344,1.10509,0,2022-03-21 04:00:00
1647849600,1.10508,1.10701,1.10255,1.10312,0,2022-03-21 08:00:00
1647864000,1.1031,1.10507,1.10286,1.1045,0,2022-03-21 12:00:00
1647878400,1.10449,1.10522,1.10102,1.10141,0,2022-03-21 16:00:00
1647892800,1.10139,1.10256,1.10124,1.10167,0,2022-03-21 20:00:00
1647907200,1.10166,1.10173,1.0981,1.10022,0,2022-03-22 00:00:00
1647921600,1.10023,1.10027,1.09608,1.09822,0,2022-03-22 04:00:00
1647936000,1.09822,1.10144,1.09808,1.09993,0,2022-03-22 08:00:00
1647950400,1.09992,1.10457,1.09992,1.10218,0,2022-03-22 12:00:00
1647964800,1.10216,1.10319,1.10113,1.10301,0,2022-03-22 16:00:00
1647979200,1.10301,1.10436,1.1024,1.10293,0,2022-03-22 20:00:00
1647993600,1.10296,1.10346,1.10207,1.10262,0,2022-03-23 00:00:00
1648008000,1.10262,1.10397,1.10145,1.10172,0,2022-03-23 04:00:00
1648022400,1.10175,1.10236,1.09748,1.09829,0,2022-03-23 08:00:00
1648036800,1.09831,1.10051,1.09639,1.10016,0,2022-03-23 12:00:00
1648051200,1.10015,1.10117,1.09972,1.10047,0,2022-03-23 16:00:00
1648065600,1.10046,1.10114,1.10008,1.10058,0,2022-03-23 20:00:00
1648080000,1.10058,1.10136,1.09805,1.09851,0,2022-03-24 00:00:00
1648094400,1.0985,1.0989,1.09752,1.0978,0,2022-03-24 04:00:00
1648108800,1.09785,1.10011,1.09721,1.09876,0,2022-03-24 08:00:00
1648123200,1.09877,1.10134,1.09659,1.1006,0,2022-03-24 12:00:00
1648137600,1.10061,1.10085,1.09824,1.0999,0,2022-03-24 16:00:00
1648152000,1.09993,1.10097,1.09948,1.10083,0,2022-03-24 20:00:00
1648166400,1.10086,1.10356,1.10032,1.10275,0,2022-03-25 00:00:00
1648180800,1.10275,1.10376,1.10189,1.10231,0,2022-03-25 04:00:00
1648195200,1.10229,1.10264,1.10005,1.10184,0,2022-03-25 08:00:00
1648209600,1.10183,1.10243,1.0982,1.09822,0,2022-03-25 12:00:00
1648224000,1.09825,1.09966,1.09808,1.09832,0,2022-03-25 16:00:00
1648238400,1.09833,1.0986,1.09797,1.09805,0,2022-03-25 20:00:00
1648411200,1.09845,1.09869,1.09793,1.09811,0,2022-03-27 20:00:00
1648425600,1.09814,1.09844,1.0951,1.09553,0,2022-03-28 00:00:00
1648440000,1.09556,1.09654,1.09447,1.09552,0,2022-03-28 04:00:00
1648454400,1.09552,1.09993,1.09446,1.09883,0,2022-03-28 08:00:00
1648468800,1.09884,1.09932,1.09465,1.09697,0,2022-03-28 12:00:00
1648483200,1.09696,1.09995,1.0966,1.09899,0,2022-03-28 16:00:00
1648497600,1.09901,1.09941,1.09745,1.09882,0,2022-03-28 20:00:00
1648512000,1.09883,1.09978,1.0969,1.0992,0,2022-03-29 00:00:00
1648526400,1.09919,1.1009,1.09791,1.10033,0,2022-03-29 04:00:00
1648540800,1.10034,1.10577,1.09749,1.10472,0,2022-03-29 08:00:00
1648555200,1.10472,1.1137,1.10317,1.10995,0,2022-03-29 12:00:00
1648569600,1.10997,1.1117,1.10716,1.10891,0,2022-03-29 16:00:00
1648584000,1.1089,1.10991,1.10782,1.10918,0,2022-03-29 20:00:00
1648598400,1.10918,1.1116,1.10878,1.11124,0,2022-03-30 00:00:00
1648612800,1.11125,1.11212,1.11054,1.11119,0,2022-03-30 04:00:00
1648627200,1.11121,1.11615,1.11121,1.1129,0,2022-03-30 08:00:00
1648641600,1.11292,1.1171,1.11118,1.11626,0,2022-03-30 12:00:00
1648656000,1.11626,1.11686,1.11477,1.11608,0,2022-03-30 16:00:00
1648670400,1.1161,1.11647,1.11514,1.11585,0,2022-03-30 20:00:00
1648684800,1.11585,1.11848,1.1156,1.11664,0,2022-03-31 00:00:00
1648699200,1.11664,1.11729,1.11514,1.11686,0,2022-03-31 04:00:00
1648713600,1.11687,1.11756,1.1088,1.10935,0,2022-03-31 08:00:00
1648728000,1.10934,1.11327,1.10682,1.11194,0,2022-03-31 12:00:00
1648742400,1.11192,1.11317,1.10639,1.10697,0,2022-03-31 16:00:00
1648756800,1.10696,1.1076,1.10608,1.10731,0,2022-03-31 20:00:00
1648771200,1.10731,1.10745,1.10595,1.10644,0,2022-04-01 00:00:00
1648785600,1.10646,1.10757,1.10522,1.10739,0,2022-04-01 04:00:00
1648800000,1.10736,1.10754,1.10414,1.1067,0,2022-04-01 08:00:00
1648814400,1.10673,1.10677,1.10279,1.10372,0,2022-04-01 12:00:00
1648828800,1.10372,1.1049,1.10296,1.1039,0,2022-04-01 16:00:00
1648843200,1.1039,1.10524,1.1039,1.10427,0,2022-04-01 20:00:00
1649016000,1.10301,1.1044,1.10301,1.10431,0,2022-04-03 20:00:00
1649030400,1.10431,1.10544,1.10408,1.10488,0,2022-04-04 00:00:00
1649044800,1.10487,1.10539,1.10361,1.10392,0,2022-04-04 04:00:00
1649059200,1.10394,1.10426,1.10007,1.10011,0,2022-04-04 08:00:00
1649073600,1.1001,1.1009,1.09791,1.09946,0,2022-04-04 12:00:00
1649088000,1.09943,1.10012,1.09603,1.09711,0,2022-04-04 16:00:00
1649102400,1.09711,1.09752,1.09686,1.09724,0,2022-04-04 20:00:00
1649116800,1.09727,1.09797,1.09653,1.09691,0,2022-04-05 00:00:00
1649131200,1.0969,1.09806,1.0962,1.09755,0,2022-04-05 04:00:00
1649145600,1.09758,1.09886,1.09564,1.09696,0,2022-04-05 08:00:00
1649160000,1.09695,1.09773,1.09311,1.0938,0,2022-04-05 12:00:00
1649174400,1.09381,1.09415,1.09029,1.09044,0,2022-04-05 16:00:00
1649188800,1.09042,1.0908,1.09,1.09072,0,2022-04-05 20:00:00
1649203200,1.0907,1.09081,1.08906,1.08964,0,2022-04-06 00:00:00
1649217600,1.08963,1.09027,1.08745,1.0888,0,2022-04-06 04:00:00
1649232000,1.08881,1.09271,1.08836,1.0912,0,2022-04-06 08:00:00
1649246400,1.09117,1.09379,1.09045,1.09196,0,2022-04-06 12:00:00
1649260800,1.09193,1.09288,1.08787,1.08992,0,2022-04-06 16:00:00
1649275200,1.08992,1.09063,1.08916,1.08957,0,2022-04-06 20:00:00
1649289600,1.08957,1.09126,1.08951,1.09115,0,2022-04-07 00:00:00
1649304000,1.09115,1.09341,1.09052,1.0917,0,2022-04-07 04:00:00
1649318400,1.09172,1.09188,1.08644,1.08939,0,2022-04-07 08:00:00
1649332800,1.0894,1.09383,1.08907,1.09111,0,2022-04-07 12:00:00
1649347200,1.09111,1.09152,1.08738,1.08799,0,2022-04-07 16:00:00
1649361600,1.08799,1.08821,1.08676,1.08749,0,2022-04-07 20:00:00
1649376000,1.08752,1.08753,1.08568,1.08588,0,2022-04-08 00:00:00
1649390400,1.08587,1.0869,1.08547,1.08617,0,2022-04-08 04:00:00
1649404800,1.08615,1.08917,1.0848,1.08861,0,2022-04-08 08:00:00
1649419200,1.08861,1.0888,1.08364,1.08726,0,2022-04-08 12:00:00
1649433600,1.08725,1.08851,1.0865,1.08834,0,2022-04-08 16:00:00
1649448000,1.08838,1.08848,1.0872,1.08744,0,2022-04-08 20:00:00
1649620800,1.09202,1.09202,1.08858,1.08915,0,2022-04-10 20:00:00
1649635200,1.08916,1.08946,1.0875,1.08764,0,2022-04-11 00:00:00
1649649600,1.08764,1.08929,1.08739,1.08821,0,2022-04-11 04:00:00
1649664000,1.08824,1.09332,1.08777,1.09124,0,2022-04-11 08:00:00
1649678400,1.09123,1.09135,1.08777,1.08957,0,2022-04-11 12:00:00
1649692800,1.08956,1.08995,1.08727,1.08898,0,2022-04-11 16:00:00
1649707200,1.089,1.08907,1.08798,1.08803,0,2022-04-11 20:00:00
1649721600,1.08805,1.08873,1.08665,1.08712,0,2022-04-12 00:00:00
1649736000,1.08713,1.0883,1.08599,1.08603,0,2022-04-12 04:00:00
1649750400,1.08602,1.08738,1.08533,1.08668,0,2022-04-12 08:00:00
1649764800,1.0867,1.09036,1.08507,1.08726,0,2022-04-12 12:00:00
1649779200,1.08726,1.08751,1.08211,1.08276,0,2022-04-12 16:00:00
1649793600,1.08276,1.08336,1.08253,1.08282,0,2022-04-12 20:00:00
1649808000,1.08281,1.08385,1.08113,1.08349,0,2022-04-13 00:00:00
1649822400,1.08349,1.08447,1.08212,1.08217,0,2022-04-13 04:00:00
1649836800,1.08218,1.08399,1.0815,1.08268,0,2022-04-13 08:00:00
1649851200,1.08267,1.08486,1.08088,1.08474,0,2022-04-13 12:00:00
1649865600,1.08473,1.08942,1.08451,1.08856,0,2022-04-13 16:00:00
1649880000,1.08855,1.08928,1.08763,1.08894,0,2022-04-13 20:00:00
1649894400,1.08896,1.09088,1.08826,1.09019,0,2022-04-14 00:00:00
1649908800,1.09019,1.09233,1.09019,1.09181,0,2022-04-14 04:00:00
1649923200,1.09183,1.09195,1.09013,1.09057,0,2022-04-14 08:00:00
1649937600,1.09053,1.09169,1.07575,1.07776,0,2022-04-14 12:00:00
1649952000,1.07776,1.08315,1.07735,1.08301,0,2022-04-14 16:00:00
1649966400,1.083,1.08347,1.08219,1.08231,0,2022-04-14 20:00:00
1649980800,1.08232,1.08258,1.07964,1.07972,0,2022-04-15 00:00:00
1649995200,1.07973,1.08076,1.07968,1.08025,0,2022-04-15 04:00:00
1650009600,1.08024,1.08236,1.08021,1.08084,0,2022-04-15 08:00:00
1650024000,1.08084,1.08197,1.08044,1.08078,0,2022-04-15 12:00:00
1650038400,1.08074,1.08112,1.08047,1.08093,0,2022-04-15 16:00:00
1650052800,1.08095,1.08138,1.08055,1.08057,0,2022-04-15 20:00:00
1650225600,1.08029,1.08214,1.08009,1.08203,0,2022-04-17 20:00:00
1650240000,1.08204,1.08216,1.07936,1.08017,0,2022-04-18 00:00:00
1650254400,1.0802,1.08027,1.07886,1.07936,0,2022-04-18 04:00:00
1650268800,1.07936,1.08036,1.07831,1.08005,0,2022-04-18 08:00:00
1650283200,1.08005,1.08145,1.07909,1.07924,0,2022-04-18 12:00:00
1650297600,1.07925,1.07978,1.07698,1.07842,0,2022-04-18 16:00:00
1650312000,1.07839,1.07879,1.07751,1.07809,0,2022-04-18 20:00:00
1650326400,1.07809,1.07874,1.0761,1.07686,0,2022-04-19 00:00:00
1650340800,1.07685,1.07877,1.07665,1.07825,0,2022-04-19 04:00:00
1650355200,1.07827,1.08145,1.07813,1.07938,0,2022-04-19 08:00:00
1650369600,1.07937,1.08082,1.07848,1.07854,0,2022-04-19 12:00:00
1650384000,1.07854,1.08032,1.07818,1.07901,0,2022-04-19 16:00:00
1650398400,1.07899,1.07924,1.07828,1.07899,0,2022-04-19 20:00:00
1650412800,1.079,1.08094,1.07838,1.08071,0,2022-04-20 00:00:00
1650427200,1.08075,1.08226,1.08059,1.0813,0,2022-04-20 04:00:00
1650441600,1.08131,1.0867,1.08057,1.08586,0,2022-04-20 08:00:00
1650456000,1.08583,1.08657,1.08205,1.08645,0,2022-04-20 12:00:00
1650470400,1.08643,1.08661,1.08397,1.08412,0,2022-04-20 16:00:00
1650484800,1.08411,1.08548,1.08395,1.08527,0,2022-04-20 20:00:00
1650499200,1.08527,1.08544,1.08242,1.0826,0,2022-04-21 00:00:00
1650513600,1.08258,1.09035,1.08234,1.09021,0,2022-04-21 04:00:00
1650528000,1.0902,1.09362,1.08878,1.09003,0,2022-04-21 08:00:00
1650542400,1.09003,1.09011,1.08411,1.08427,0,2022-04-21 12:00:00
1650556800,1.08427,1.08595,1.0833,1.08384,0,2022-04-21 16:00:00
1650571200,1.08382,1.08421,1.08305,1.08394,0,2022-04-21 20:00:00
1650585600,1.08394,1.08465,1.08318,1.08406,0,2022-04-22 00:00:00
1650600000,1.08407,1.08515,1.08249,1.0826,0,2022-04-22 04:00:00
1650614400,1.08259,1.08287,1.07902,1.08157,0,2022-04-22 08:00:00
1650628800,1.08155,1.08448,1.07754,1.0776,0,2022-04-22 12:00:00
1650643200,1.07761,1.0795,1.07707,1.07861,0,2022-04-22 16:00:00
1650657600,1.07863,1.08021,1.07863,1.07947,0,2022-04-22 20:00:00
1650830400,1.08041,1.08153,1.0796,1.08063,0,2022-04-24 20:00:00
1650844800,1.08061,1.08121,1.07772,1.07812,0,2022-04-25 00:00:00
1650859200,1.07813,1.07882,1.07067,1.07142,0,2022-04-25 04:00:00
1650873600,1.07143,1.07542,1.07135,1.07242,0,2022-04-25 08:00:00
1650888000,1.07242,1.07581,1.06967,1.07072,0,2022-04-25 12:00:00
1650902400,1.07071,1.07189,1.06966,1.07094,0,2022-04-25 16:00:00
1650916800,1.07093,1.07182,1.07047,1.07129,0,2022-04-25 20:00:00
1650931200,1.07128,1.07336,1.07069,1.07298,0,2022-04-26 00:00:00
1650945600,1.07299,1.07386,1.07003,1.07035,0,2022-04-26 04:00:00
1650960000,1.07035,1.0711,1.06725,1.06893,0,2022-04-26 08:00:00
1650974400,1.06894,1.06939,1.06417,1.06501,0,2022-04-26 12:00:00
1650988800,1.06501,1.06649,1.06406,1.06446,0,2022-04-26 16:00:00
1651003200,1.06447,1.06474,1.06348,1.06446,0,2022-04-26 20:00:00
1651017600,1.06451,1.06534,1.0634,1.06344,0,2022-04-27 00:00:00
1651032000,1.06344,1.06546,1.06161,1.06205,0,2022-04-27 04:00:00
1651046400,1.06204,1.06286,1.05854,1.06104,0,2022-04-27 08:00:00
1651060800,1.06103,1.06106,1.05148,1.05148,0,2022-04-27 12:00:00
1651075200,1.05147,1.05722,1.05145,1.05606,0,2022-04-27 16:00:00
1651089600,1.05608,1.05627,1.055,1.05508,0,2022-04-27 20:00:00
1651104000,1.05506,1.05562,1.05306,1.05366,0,2022-04-28 00:00:00
1651118400,1.05367,1.05406,1.04808,1.05242,0,2022-04-28 04:00:00
1651132800,1.05242,1.05647,1.04965,1.04972,0,2022-04-28 08:00:00
1651147200,1.04974,1.05238,1.0471,1.05148,0,2022-04-28 12:00:00
1651161600,1.05151,1.05312,1.04934,1.05045,0,2022-04-28 16:00:00
1651176000,1.05044,1.05106,1.04911,1.04968,0,2022-04-28 20:00:00
1651190400,1.04964,1.05297,1.04947,1.05104,0,2022-04-29 00:00:00
1651204800,1.05105,1.05487,1.05066,1.05436,0,2022-04-29 04:00:00
1651219200,1.05438,1.05928,1.05358,1.05645,0,2022-04-29 08:00:00
1651233600,1.05645,1.05789,1.05096,1.05467,0,2022-04-29 12:00:00
1651248000,1.05468,1.05786,1.05324,1.05697,0,2022-04-29 16:00:00
1651262400,1.05698,1.05698,1.05408,1.05409,0,2022-04-29 20:00:00
1651435200,1.05444,1.05597,1.05368,1.0543,0,2022-05-01 20:00:00
1651449600,1.05427,1.0553,1.05178,1.05209,0,2022-05-02 00:00:00
1651464000,1.05209,1.05517,1.051,1.05483,0,2022-05-02 04:00:00
1651478400,1.05482,1.05682,1.05187,1.05262,0,2022-05-02 08:00:00
1651492800,1.05262,1.05415,1.05027,1.05223,0,2022-05-02 12:00:00
1651507200,1.05223,1.05262,1.04901,1.04919,0,2022-05-02 16:00:00
1651521600,1.04919,1.05134,1.04912,1.05098,0,2022-05-02 20:00:00
1651536000,1.05098,1.05265,1.05058,1.05136,0,2022-05-03 00:00:00
1651550400,1.05136,1.05239,1.04962,1.04974,0,2022-05-03 04:00:00
1651564800,1.04976,1.05277,1.04921,1.05038,0,2022-05-03 08:00:00
1651579200,1.05041,1.05776,1.04989,1.05381,0,2022-05-03 12:00:00
1651593600,1.05383,1.05482,1.05117,1.05255,0,2022-05-03 16:00:00
1651608000,1.05258,1.05278,1.05186,1.05245,0,2022-05-03 20:00:00
1651622400,1.05245,1.05342,1.05183,1.052,0,2022-05-04 00:00:00
1651636800,1.052,1.05236,1.05059,1.05136,0,2022-05-04 04:00:00
1651651200,1.05138,1.05344,1.05075,1.05296,0,2022-05-04 08:00:00
1651665600,1.05297,1.05554,1.0523,1.05462,0,2022-05-04 12:00:00
1651680000,1.05463,1.06265,1.05105,1.06157,0,2022-05-04 16:00:00
1651694400,1.06159,1.06309,1.05818,1.06056,0,2022-05-04 20:00:00
1651708800,1.06056,1.06417,1.06037,1.06229,0,2022-05-05 00:00:00
1651723200,1.06229,1.0628,1.05936,1.05946,0,2022-05-05 04:00:00
1651737600,1.05948,1.06077,1.05816,1.05975,0,2022-05-05 08:00:00
1651752000,1.05975,1.06034,1.05292,1.05329,0,2022-05-05 12:00:00
1651766400,1.05329,1.0533,1.04925,1.0516,0,2022-05-05 16:00:00
1651780800,1.05161,1.05507,1.05161,1.05499,0,2022-05-05 20:00:00
1651795200,1.05499,1.05506,1.05156,1.05285,0,2022-05-06 00:00:00
1651809600,1.05286,1.05393,1.04828,1.04862,0,2022-05-06 04:00:00
1651824000,1.04862,1.05988,1.04826,1.05885,0,2022-05-06 08:00:00
1651838400,1.05884,1.05967,1.05477,1.05815,0,2022-05-06 12:00:00
1651852800,1.05814,1.05949,1.05436,1.05472,0,2022-05-06 16:00:00
1651867200,1.0547,1.05563,1.05362,1.05452,0,2022-05-06 20:00:00
1652040000,1.05398,1.05426,1.05359,1.05377,0,2022-05-08 20:00:00
1652054400,1.05376,1.05388,1.05064,1.05065,0,2022-05-09 00:00:00
1652068800,1.05066,1.05163,1.04951,1.05026,0,2022-05-09 04:00:00
1652083200,1.05026,1.05498,1.04977,1.05449,0,2022-05-09 08:00:00
1652097600,1.05448,1.05733,1.05171,1.05275,0,2022-05-09 12:00:00
1652112000,1.05277,1.05924,1.05269,1.05658,0,2022-05-09 16:00:00
1652126400,1.05659,1.05755,1.05525,1.05567,0,2022-05-09 20:00:00
1652140800,1.05565,1.05797,1.05532,1.05726,0,2022-05-10 00:00:00
1652155200,1.05726,1.05852,1.05592,1.05603,0,2022-05-10 04:00:00
1652169600,1.05603,1.05783,1.05354,1.05532,0,2022-05-10 08:00:00
1652184000,1.05531,1.0575,1.05274,1.05409,0,2022-05-10 12:00:00
1652198400,1.05409,1.05467,1.05253,1.05306,0,2022-05-10 16:00:00
1652212800,1.05306,1.05386,1.05275,1.0533,0,2022-05-10 20:00:00
1652227200,1.05336,1.05377,1.05255,1.05345,0,2022-05-11 00:00:00
1652241600,1.05346,1.055,1.05325,1.05416,0,2022-05-11 04:00:00
1652256000,1.05417,1.05756,1.05417,1.05462,0,2022-05-11 08:00:00
1652270400,1.05462,1.05771,1.05017,1.05481,0,2022-05-11 12:00:00
1652284800,1.05484,1.05548,1.05148,1.05311,0,2022-05-11 16:00:00
1652299200,1.05311,1.05315,1.05096,1.05169,0,2022-05-11 20:00:00
1652313600,1.05173,1.05292,1.05075,1.05156,0,2022-05-12 00:00:00
1652328000,1.05155,1.05267,1.04903,1.05036,0,2022-05-12 04:00:00
1652342400,1.05036,1.0505,1.0422,1.04366,0,2022-05-12 08:00:00
1652356800,1.04366,1.04435,1.03835,1.0412,0,2022-05-12 12:00:00
1652371200,1.04121,1.04248,1.03539,1.03701,0,2022-05-12 16:00:00
1652385600,1.03702,1.03838,1.03675,1.03781,0,2022-05-12 20:00:00
1652400000,1.03785,1.03915,1.03729,1.03896,0,2022-05-13 00:00:00
1652414400,1.03895,1.04058,1.0385,1.03924,0,2022-05-13 04:00:00
1652428800,1.03926,1.04195,1.03706,1.0388,0,2022-05-13 08:00:00
1652443200,1.0388,1.03982,1.03496,1.03942,0,2022-05-13 12:00:00
1652457600,1.03941,1.04159,1.03918,1.04048,0,2022-05-13 16:00:00
1652472000,1.04048,1.04119,1.03962,1.04116,0,2022-05-13 20:00:00
1652644800,1.03952,1.04138,1.03906,1.04052,0,2022-05-15 20:00:00
1652659200,1.04053,1.0417,1.03939,1.04023,0,2022-05-16 00:00:00
1652673600,1.04024,1.04094,1.03889,1.04035,0,2022-05-16 04:00:00
1652688000,1.04037,1.04381,1.04027,1.04356,0,2022-05-16 08:00:00
1652702400,1.04356,1.04379,1.03893,1.04028,0,2022-05-16 12:00:00
1652716800,1.04028,1.04418,1.03976,1.04371,0,2022-05-16 16:00:00
1652731200,1.04369,1.0443,1.04284,1.04358,0,2022-05-16 20:00:00
1652745600,1.0436,1.0454,1.04348,1.04377,0,2022-05-17 00:00:00
1652760000,1.04379,1.04642,1.04318,1.04577,0,2022-05-17 04:00:00
1652774400,1.04578,1.05274,1.04516,1.05154,0,2022-05-17 08:00:00
1652788800,1.05159,1.05556,1.05145,1.05345,0,2022-05-17 12:00:00
1652803200,1.05346,1.05547,1.05211,1.0543,0,2022-05-17 16:00:00
1652817600,1.05432,1.05537,1.05375,1.05492,0,2022-05-17 20:00:00
1652832000,1.0549,1.05636,1.05314,1.05352,0,2022-05-18 00:00:00
1652846400,1.05354,1.05405,1.05164,1.05209,0,2022-05-18 04:00:00
1652860800,1.05209,1.05289,1.04941,1.05182,0,2022-05-18 08:00:00
1652875200,1.05183,1.0542,1.04944,1.05098,0,2022-05-18 12:00:00
1652889600,1.051,1.05149,1.04729,1.04739,0,2022-05-18 16:00:00
1652904000,1.04741,1.04754,1.04597,1.04744,0,2022-05-18 20:00:00
1652918400,1.0475,1.05008,1.04679,1.04967,0,2022-05-19 00:00:00
1652932800,1.04966,1.05066,1.04753,1.04788,0,2022-05-19 04:00:00
1652947200,1.04786,1.05347,1.0465,1.05281,0,2022-05-19 08:00:00
1652961600,1.0528,1.05932,1.0513,1.05907,0,2022-05-19 12:00:00
1652976000,1.05907,1.0607,1.05754,1.0598,0,2022-05-19 16:00:00
1652990400,1.05978,1.06017,1.0578,1.05807,0,2022-05-19 20:00:00
1653004800,1.05809,1.05836,1.05546,1.05597,0,2022-05-20 00:00:00
1653019200,1.05597,1.05934,1.05589,1.0578,0,2022-05-20 04:00:00
1653033600,1.05779,1.0599,1.05545,1.05887,0,2022-05-20 08:00:00
1653048000,1.05886,1.05887,1.05398,1.05566,0,2022-05-20 12:00:00
1653062400,1.05565,1.05639,1.05328,1.05456,0,2022-05-20 16:00:00
1653076800,1.05456,1.05673,1.05439,1.0561,0,2022-05-20 20:00:00
1653249600,1.05601,1.05767,1.05552,1.05763,0,2022-05-22 20:00:00
1653264000,1.05762,1.05946,1.05679,1.05881,0,2022-05-23 00:00:00
1653278400,1.05883,1.06138,1.05846,1.06059,0,2022-05-23 04:00:00
1653292800,1.06059,1.06874,1.05924,1.06758,0,2022-05-23 08:00:00
1653307200,1.06757,1.0681,1.06443,1.06682,0,2022-05-23 12:00:00
1653321600,1.06683,1.06973,1.06646,1.06931,0,2022-05-23 16:00:00
1653336000,1.06931,1.06938,1.06795,1.06834,0,2022-05-23 20:00:00
1653350400,1.06835,1.06894,1.06608,1.06641,0,2022-05-24 00:00:00
1653364800,1.06643,1.06933,1.06622,1.06839,0,2022-05-24 04:00:00
1653379200,1.06841,1.07359,1.06841,1.07094,0,2022-05-24 08:00:00
1653393600,1.07097,1.0747,1.06955,1.07266,0,2022-05-24 12:00:00
1653408000,1.07265,1.07485,1.07217,1.07245,0,2022-05-24 16:00:00
1653422400,1.07245,1.07388,1.07244,1.07378,0,2022-05-24 20:00:00
1653436800,1.07384,1.07386,1.0703,1.07063,0,2022-05-25 00:00:00
1653451200,1.07064,1.0715,1.06912,1.06975,0,2022-05-25 04:00:00
1653465600,1.06975,1.06997,1.06555,1.06656,0,2022-05-25 08:00:00
1653480000,1.06655,1.06871,1.06421,1.06781,0,2022-05-25 12:00:00
1653494400,1.0678,1.06899,1.06518,1.0688,0,2022-05-25 16:00:00
1653508800,1.06879,1.06958,1.06734,1.06899,0,2022-05-25 20:00:00
1653523200,1.069,1.07063,1.06851,1.06972,0,2022-05-26 00:00:00
1653537600,1.06971,1.07025,1.06624,1.06754,0,2022-05-26 04:00:00
1653552000,1.06755,1.07229,1.06753,1.07194,0,2022-05-26 08:00:00
1653566400,1.07192,1.07221,1.0689,1.07172,0,2022-05-26 12:00:00
1653580800,1.07172,1.07293,1.07019,1.07199,0,2022-05-26 16:00:00
1653595200,1.07199,1.07316,1.07175,1.07293,0,2022-05-26 20:00:00
1653609600,1.07297,1.0765,1.0729,1.07555,0,2022-05-27 00:00:00
1653624000,1.07556,1.07624,1.0738,1.07396,0,2022-05-27 04:00:00
1653638400,1.07397,1.07549,1.06968,1.06985,0,2022-05-27 08:00:00
1653652800,1.06985,1.07503,1.06977,1.0711,0,2022-05-27 12:00:00
1653667200,1.0711,1.07321,1.07011,1.07318,0,2022-05-27 16:00:00
1653681600,1.07319,1.07351,1.07276,1.07317,0,2022-05-27 20:00:00
1653854400,1.07347,1.0736,1.07269,1.07301,0,2022-05-29 20:00:00
1653868800,1.07302,1.07558,1.07261,1.07452,0,2022-05-30 00:00:00
1653883200,1.07448,1.07699,1.07374,1.07539,0,2022-05-30 04:00:00
1653897600,1.07539,1.07751,1.07401,1.07748,0,2022-05-30 08:00:00
1653912000,1.07749,1.07822,1.07483,1.0781,0,2022-05-30 12:00:00
1653926400,1.07811,1.07867,1.07751,1.07832,0,2022-05-30 16:00:00
1653940800,1.0783,1.07836,1.07736,1.07749,0,2022-05-30 20:00:00
1653955200,1.07746,1.07754,1.07342,1.07511,0,2022-05-31 00:00:00
1653969600,1.07512,1.07551,1.07275,1.07337,0,2022-05-31 04:00:00
1653984000,1.07335,1.07481,1.06887,1.06961,0,2022-05-31 08:00:00
1653998400,1.0696,1.07359,1.06789,1.07116,0,2022-05-31 12:00:00
1654012800,1.07119,1.07466,1.07101,1.07366,0,2022-05-31 16:00:00
1654027200,1.07366,1.07403,1.07296,1.07366,0,2022-05-31 20:00:00
1654041600,1.07365,1.07375,1.07077,1.07165,0,2022-06-01 00:00:00
1654056000,1.07166,1.07257,1.07051,1.07237,0,2022-06-01 04:00:00
1654070400,1.07238,1.07393,1.07112,1.07173,0,2022-06-01 08:00:00
1654084800,1.07172,1.07305,1.06514,1.06672,0,2022-06-01 12:00:00
1654099200,1.06674,1.06677,1.06271,1.06551,0,2022-06-01 16:00:00
1654113600,1.06549,1.06604,1.06444,1.0652,0,2022-06-01 20:00:00
1654128000,1.06518,1.06595,1.06447,1.06495,0,2022-06-02 00:00:00
1654142400,1.06496,1.06788,1.06484,1.06764,0,2022-06-02 04:00:00
1654156800,1.06762,1.06972,1.06745,1.06954,0,2022-06-02 08:00:00
1654171200,1.06955,1.07184,1.06842,1.07157,0,2022-06-02 12:00:00
1654185600,1.07156,1.07487,1.07126,1.07391,0,2022-06-02 16:00:00
1654200000,1.07392,1.0751,1.07377,1.07481,0,2022-06-02 20:00:00
1654214400,1.07481,1.07643,1.07466,1.07574,0,2022-06-03 00:00:00
1654228800,1.07575,1.07596,1.0745,1.07531,0,2022-06-03 04:00:00
1654243200,1.0753,1.07624,1.07334,1.07405,0,2022-06-03 08:00:00
1654257600,1.07405,1.07519,1.0704,1.0723,0,2022-06-03 12:00:00
1654272000,1.07231,1.07293,1.07104,1.07209,0,2022-06-03 16:00:00
1654286400,1.07209,1.0722,1.07146,1.07169,0,2022-06-03 20:00:00
1654459200,1.07167,1.07258,1.07117,1.07245,0,2022-06-05 20:00:00
1654473600,1.07245,1.07316,1.07099,1.07223,0,2022-06-06 00:00:00
1654488000,1.07224,1.07361,1.0718,1.07236,0,2022-06-06 04:00:00
1654502400,1.07238,1.07518,1.07234,1.07278,0,2022-06-06 08:00:00
1654516800,1.07276,1.07319,1.06919,1.07176,0,2022-06-06 12:00:00
1654531200,1.07177,1.07212,1.06838,1.06905,0,2022-06-06 16:00:00
1654545600,1.06905,1.06975,1.0685,1.06942,0,2022-06-06 20:00:00
1654560000,1.06944,1.06951,1.06705,1.0676,0,2022-06-07 00:00:00
1654574400,1.06761,1.06998,1.06651,1.06855,0,2022-06-07 04:00:00
1654588800,1.06855,1.07049,1.06711,1.06736,0,2022-06-07 08:00:00
1654603200,1.06736,1.07098,1.06519,1.07048,0,2022-06-07 12:00:00
1654617600,1.0705,1.07142,1.06902,1.07073,0,2022-06-07 16:00:00
1654632000,1.07072,1.07122,1.07024,1.07047,0,2022-06-07 20:00:00
1654646400,1.07051,1.07067,1.06843,1.06905,0,2022-06-08 00:00:00
1654660800,1.06905,1.06947,1.06776,1.06878,0,2022-06-08 04:00:00
1654675200,1.06877,1.07287,1.06713,1.07193,0,2022-06-08 08:00:00
1654689600,1.07195,1.07484,1.07153,1.07313,0,2022-06-08 12:00:00
1654704000,1.07315,1.07433,1.07126,1.07157,0,2022-06-08 16:00:00
1654718400,1.07158,1.07207,1.07126,1.07189,0,2022-06-08 20:00:00
1654732800,1.07189,1.07235,1.07094,1.07228,0,2022-06-09 00:00:00
1654747200,1.07225,1.07337,1.07089,1.07146,0,2022-06-09 04:00:00
1654761600,1.07146,1.07243,1.06938,1.07188,0,2022-06-09 08:00:00
1654776000,1.07187,1.07738,1.0645,1.06491,0,2022-06-09 12:00:00
1654790400,1.0649,1.06662,1.06181,1.06263,0,2022-06-09 16:00:00
1654804800,1.06266,1.06269,1.0611,1.06155,0,2022-06-09 20:00:00
1654819200,1.06154,1.06299,1.06113,1.06296,0,2022-06-10 00:00:00
1654833600,1.06297,1.06422,1.06189,1.06297,0,2022-06-10 04:00:00
1654848000,1.06297,1.06416,1.05859,1.05923,0,2022-06-10 08:00:00
1654862400,1.0593,1.05952,1.05057,1.05305,0,2022-06-10 12:00:00
1654876800,1.05304,1.05342,1.05112,1.0522,0,2022-06-10 16:00:00
1654891200,1.05221,1.05266,1.0513,1.05137,0,2022-06-10 20:00:00
1655064000,1.0513,1.05201,1.05021,1.05081,0,2022-06-12 20:00:00
1655078400,1.05081,1.05135,1.04756,1.04886,0,2022-06-13 00:00:00
1655092800,1.04885,1.04954,1.047,1.047,0,2022-06-13 04:00:00
1655107200,1.04699,1.04895,1.04561,1.04685,0,2022-06-13 08:00:00
1655121600,1.04686,1.04742,1.04181,1.04211,0,2022-06-13 12:00:00
1655136000,1.04213,1.04581,1.04211,1.04248,0,2022-06-13 16:00:00
1655150400,1.04248,1.04497,1.03997,1.0407,0,2022-06-13 20:00:00
1655164800,1.0407,1.04246,1.0397,1.04174,0,2022-06-14 00:00:00
1655179200,1.04173,1.04502,1.0415,1.04388,0,2022-06-14 04:00:00
1655193600,1.04389,1.04846,1.04253,1.0435,0,2022-06-14 08:00:00
1655208000,1.04351,1.04682,1.04081,1.041,0,2022-06-14 12:00:00
1655222400,1.04099,1.04433,1.04067,1.04113,0,2022-06-14 16:00:00
1655236800,1.04112,1.04273,1.03997,1.0427,0,2022-06-14 20:00:00
1655251200,1.04275,1.04517,1.04245,1.0445,0,2022-06-15 00:00:00
1655265600,1.04451,1.04942,1.0424,1.04732,0,2022-06-15 04:00:00
1655280000,1.04733,1.05077,1.04461,1.0482,0,2022-06-15 08:00:00
1655294400,1.0482,1.04892,1.04029,1.04112,0,2022-06-15 12:00:00
1655308800,1.04112,1.04546,1.0359,1.04222,0,2022-06-15 16:00:00
1655323200,1.04224,1.04696,1.04144,1.04441,0,2022-06-15 20:00:00
1655337600,1.04441,1.04692,1.04308,1.04452,0,2022-06-16 00:00:00
1655352000,1.04453,1.04515,1.04082,1.04088,0,2022-06-16 04:00:00
1655366400,1.04085,1.04242,1.03808,1.04053,0,2022-06-16 08:00:00
1655380800,1.04052,1.04996,1.03834,1.04945,0,2022-06-16 12:00:00
1655395200,1.04944,1.06014,1.04911,1.0575,0,2022-06-16 16:00:00
1655409600,1.05749,1.05827,1.05449,1.05479,0,2022-06-16 20:00:00
1655424000,1.0548,1.0552,1.05221,1.05268,0,2022-06-17 00:00:00
1655438400,1.05265,1.05371,1.04995,1.05002,0,2022-06-17 04:00:00
1655452800,1.05001,1.05357,1.04939,1.052,0,2022-06-17 08:00:00
1655467200,1.05203,1.05233,1.04444,1.04581,0,2022-06-17 12:00:00
1655481600,1.04582,1.05027,1.04548,1.0491,0,2022-06-17 16:00:00
1655496000,1.04913,1.05,1.04878,1.04934,0,2022-06-17 20:00:00
1655668800,1.04731,1.04925,1.04729,1.04904,0,2022-06-19 20:00:00
1655683200,1.04905,1.05236,1.04845,1.05182,0,2022-06-20 00:00:00
1655697600,1.05182,1.05427,1.05182,1.05245,0,2022-06-20 04:00:00
1655712000,1.05245,1.05458,1.05101,1.05317,0,2022-06-20 08:00:00
1655726400,1.05319,1.05416,1.05072,1.05349,0,2022-06-20 12:00:00
1655740800,1.05348,1.05381,1.04985,1.0499,0,2022-06-20 16:00:00
1655755200,1.04992,1.05187,1.04979,1.05182,0,2022-06-20 20:00:00
1655769600,1.05182,1.05424,1.05135,1.05333,0,2022-06-21 00:00:00
1655784000,1.05337,1.05338,1.05131,1.05323,0,2022-06-21 04:00:00
1655798400,1.05323,1.05824,1.05315,1.05521,0,2022-06-21 08:00:00
1655812800,1.05521,1.05662,1.05442,1.05651,0,2022-06-21 12:00:00
1655827200,1.05654,1.05666,1.05187,1.05312,0,2022-06-21 16:00:00
1655841600,1.05315,1.05403,1.05285,1.05377,0,2022-06-21 20:00:00
1655856000,1.0538,1.05384,1.05021,1.05097,0,2022-06-22 00:00:00
1655870400,1.05096,1.05139,1.0483,1.04914,0,2022-06-22 04:00:00
1655884800,1.04914,1.05278,1.04687,1.05202,0,2022-06-22 08:00:00
1655899200,1.05201,1.06057,1.051,1.05971,0,2022-06-22 12:00:00
1655913600,1.05971,1.05973,1.05654,1.05669,0,2022-06-22 16:00:00
1655928000,1.05669,1.05745,1.05631,1.05671,0,2022-06-22 20:00:00
1655942400,1.05672,1.0581,1.05557,1.05706,0,2022-06-23 00:00:00
1655956800,1.05704,1.05792,1.05575,1.0578,0,2022-06-23 04:00:00
1655971200,1.05779,1.05791,1.04826,1.05044,0,2022-06-23 08:00:00
1655985600,1.05046,1.0554,1.04902,1.05285,0,2022-06-23 12:00:00
1656000000,1.05286,1.05418,1.04942,1.05202,0,2022-06-23 16:00:00
1656014400,1.05202,1.05334,1.0518,1.05263,0,2022-06-23 20:00:00
1656028800,1.05262,1.05371,1.0512,1.05342,0,2022-06-24 00:00:00
1656043200,1.05344,1.05464,1.05286,1.05344,0,2022-06-24 04:00:00
1656057600,1.05344,1.05547,1.05192,1.05376,0,2022-06-24 08:00:00
1656072000,1.05376,1.05712,1.05141,1.05432,0,2022-06-24 12:00:00
1656086400,1.05431,1.05597,1.05345,1.05486,0,2022-06-24 16:00:00
1656100800,1.05485,1.05593,1.05451,1.05519,0,2022-06-24 20:00:00
1656273600,1.05479,1.05646,1.05457,1.05645,0,2022-06-26 20:00:00
1656288000,1.05646,1.05746,1.05526,1.05559,0,2022-06-27 00:00:00
1656302400,1.05563,1.05706,1.05502,1.05683,0,2022-06-27 04:00:00
1656316800,1.05684,1.05911,1.05631,1.05845,0,2022-06-27 08:00:00
1656331200,1.05848,1.05987,1.05535,1.05969,0,2022-06-27 12:00:00
1656345600,1.05968,1.0615,1.05795,1.05842,0,2022-06-27 16:00:00
1656360000,1.05844,1.05888,1.05762,1.05799,0,2022-06-27 20:00:00
1656374400,1.05797,1.05864,1.05703,1.05767,0,2022-06-28 00:00:00
1656388800,1.05766,1.06061,1.05703,1.05825,0,2022-06-28 04:00:00
1656403200,1.05826,1.05974,1.05742,1.05781,0,2022-06-28 08:00:00
1656417600,1.0578,1.05882,1.05032,1.05172,0,2022-06-28 12:00:00
1656432000,1.05171,1.05413,1.05134,1.0522,0,2022-06-28 16:00:00
1656446400,1.0522,1.0528,1.05152,1.05262,0,2022-06-28 20:00:00
1656460800,1.05265,1.05354,1.0517,1.05284,0,2022-06-29 00:00:00
1656475200,1.05283,1.05322,1.04858,1.04892,0,2022-06-29 04:00:00
1656489600,1.04894,1.05285,1.04894,1.05207,0,2022-06-29 08:00:00
1656504000,1.05206,1.0535,1.0467,1.04775,0,2022-06-29 12:00:00
1656518400,1.04776,1.04791,1.04409,1.04414,0,2022-06-29 16:00:00
1656532800,1.04411,1.04454,1.04352,1.04439,0,2022-06-29 20:00:00
1656547200,1.04439,1.04567,1.04329,1.04522,0,2022-06-30 00:00:00
1656561600,1.0452,1.04686,1.04384,1.04406,0,2022-06-30 04:00:00
1656576000,1.04406,1.0468,1.04002,1.04004,0,2022-06-30 08:00:00
1656590400,1.04005,1.04604,1.03824,1.04512,0,2022-06-30 12:00:00
1656604800,1.04515,1.04887,1.04426,1.04804,0,2022-06-30 16:00:00
1656619200,1.04803,1.04853,1.04675,1.04767,0,2022-06-30 20:00:00
1656633600,1.04767,1.04793,1.04618,1.04662,0,2022-07-01 00:00:00
1656648000,1.0466,1.04703,1.04407,1.04612,0,2022-07-01 04:00:00
1656662400,1.04614,1.0474,1.04326,1.04505,0,2022-07-01 08:00:00
1656676800,1.04506,1.04598,1.03658,1.03902,0,2022-07-01 12:00:00
1656691200,1.03902,1.04322,1.03838,1.04237,0,2022-07-01 16:00:00
1656705600,1.04237,1.04328,1.04215,1.04262,0,2022-07-01 20:00:00
1656878400,1.04174,1.04364,1.04142,1.04364,0,2022-07-03 20:00:00
1656892800,1.04364,1.04442,1.04261,1.04314,0,2022-07-04 00:00:00
1656907200,1.04316,1.04387,1.04219,1.0425,0,2022-07-04 04:00:00
1656921600,1.04249,1.04569,1.04205,1.04516,0,2022-07-04 08:00:00
1656936000,1.04517,1.04627,1.04221,1.04231,0,2022-07-04 12:00:00
1656950400,1.04231,1.04346,1.0417,1.0425,0,2022-07-04 16:00:00
1656964800,1.04249,1.04277,1.042,1.04271,0,2022-07-04 20:00:00
1656979200,1.04272,1.04381,1.0423,1.04294,0,2022-07-05 00:00:00
1656993600,1.04292,1.04485,1.04276,1.04357,0,2022-07-05 04:00:00
1657008000,1.04356,1.04395,1.02804,1.02994,0,2022-07-05 08:00:00
1657022400,1.02994,1.03033,1.02381,1.02422,0,2022-07-05 12:00:00
1657036800,1.02423,1.02707,1.0235,1.02615,0,2022-07-05 16:00:00
1657051200,1.02619,1.02715,1.0256,1.02679,0,2022-07-05 20:00:00
1657065600,1.02679,1.02712,1.02537,1.02652,0,2022-07-06 00:00:00
1657080000,1.02651,1.02765,1.02383,1.0269,0,2022-07-06 04:00:00
1657094400,1.02689,1.02741,1.01861,1.01954,0,2022-07-06 08:00:00
1657108800,1.01953,1.02013,1.01614,1.01935,0,2022-07-06 12:00:00
1657123200,1.01932,1.01986,1.01616,1.01812,0,2022-07-06 16:00:00
1657137600,1.01813,1.01884,1.01768,1.01871,0,2022-07-06 20:00:00
1657152000,1.01874,1.02097,1.0176,1.02037,0,2022-07-07 00:00:00
1657166400,1.02037,1.02209,1.01981,1.02004,0,2022-07-07 04:00:00
1657180800,1.02005,1.02173,1.01744,1.01905,0,2022-07-07 08:00:00
1657195200,1.01904,1.01984,1.01649,1.01712,0,2022-07-07 12:00:00
1657209600,1.01711,1.01754,1.01439,1.01573,0,2022-07-07 16:00:00
1657224000,1.01575,1.0167,1.01536,1.01654,0,2022-07-07 20:00:00
1657238400,1.01658,1.01912,1.01621,1.01649,0,2022-07-08 00:00:00
1657252800,1.01648,1.01699,1.01395,1.016,0,2022-07-08 04:00:00
1657267200,1.01599,1.01643,1.0072,1.01383,0,2022-07-08 08:00:00
1657281600,1.01385,1.01817,1.01156,1.01735,0,2022-07-08 12:00:00
1657296000,1.01733,1.01907,1.01584,1.01737,0,2022-07-08 16:00:00
1657310400,1.01738,1.0186,1.01717,1.01822,0,2022-07-08 20:00:00
1657483200,1.01697,1.01834,1.01697,1.01748,0,2022-07-10 20:00:00
1657497600,1.01748,1.01755,1.01348,1.01494,0,2022-07-11 00:00:00
1657512000,1.01493,1.0156,1.01195,1.01274,0,2022-07-11 04:00:00
1657526400,1.01275,1.01374,1.00957,1.01128,0,2022-07-11 08:00:00
1657540800,1.01125,1.01182,1.00521,1.00816,0,2022-07-11 12:00:00
1657555200,1.00815,1.00912,1.00595,1.00629,0,2022-07-11 16:00:00
1657569600,1.0063,1.00655,1.00336,1.00398,0,2022-07-11 20:00:00
1657584000,1.00402,1.00552,1.00059,1.00252,0,2022-07-12 00:00:00
1657598400,1.00251,1.00391,1.00047,1.00223,0,2022-07-12 04:00:00
1657612800,1.00222,1.00294,0.99999,1.00207,0,2022-07-12 08:00:00
1657627200,1.00205,1.00693,1.00183,1.00496,0,2022-07-12 12:00:00
1657641600,1.00497,1.00738,1.00423,1.00448,0,2022-07-12 16:00:00
1657656000,1.00446,1.00471,1.0025,1.00309,0,2022-07-12 20:00:00
1657670400,1.00311,1.00452,1.00226,1.00399,0,2022-07-13 00:00:00
1657684800,1.00399,1.00503,1.00298,1.00331,0,2022-07-13 04:00:00
1657699200,1.00334,1.00674,1.00062,1.00613,0,2022-07-13 08:00:00
1657713600,1.00613,1.01222,0.99979,1.01072,0,2022-07-13 12:00:00
1657728000,1.01072,1.0115,1.00601,1.00628,0,2022-07-13 16:00:00
1657742400,1.00629,1.00643,1.005,1.00537,0,2022-07-13 20:00:00
1657756800,1.00535,1.00535,1.00136,1.00216,0,2022-07-14 00:00:00
1657771200,1.00216,1.00402,1.00061,1.00065,0,2022-07-14 04:00:00
1657785600,1.00067,1.00503,1.00052,1.00157,0,2022-07-14 08:00:00
1657800000,1.00158,1.00178,0.99521,0.99959,0,2022-07-14 12:00:00
1657814400,0.99959,1.00477,0.99835,1.00292,0,2022-07-14 16:00:00
1657828800,1.00294,1.00317,1.001,1.00182,0,2022-07-14 20:00:00
1657843200,1.00186,1.00411,1.0011,1.00372,0,2022-07-15 00:00:00
1657857600,1.00371,1.00375,1.00083,1.00161,0,2022-07-15 04:00:00
1657872000,1.0016,1.00592,1.00068,1.00584,0,2022-07-15 08:00:00
1657886400,1.00584,1.0088,1.00408,1.00804,0,2022-07-15 12:00:00
1657900800,1.00803,1.00979,1.00718,1.00799,0,2022-07-15 16:00:00
1657915200,1.00802,1.00877,1.00726,1.00821,0,2022-07-15 20:00:00
1658088000,1.00811,1.00886,1.00785,1.00847,0,2022-07-17 20:00:00
1658102400,1.00846,1.01143,1.00801,1.01014,0,2022-07-18 00:00:00
1658116800,1.01013,1.01115,1.00812,1.01109,0,2022-07-18 04:00:00
1658131200,1.01109,1.01752,1.01033,1.01562,0,2022-07-18 08:00:00
1658145600,1.01563,1.02011,1.01195,1.01939,0,2022-07-18 12:00:00
1658160000,1.01939,1.01979,1.01501,1.01506,0,2022-07-18 16:00:00
1658174400,1.01505,1.01557,1.01393,1.01416,0,2022-07-18 20:00:00
1658188800,1.01417,1.01483,1.01195,1.01292,0,2022-07-19 00:00:00
1658203200,1.01292,1.01687,1.0124,1.01662,0,2022-07-19 04:00:00
1658217600,1.01664,1.0269,1.01649,1.02644,0,2022-07-19 08:00:00
1658232000,1.02643,1.02673,1.02245,1.02455,0,2022-07-19 12:00:00
1658246400,1.02455,1.02547,1.02256,1.02317,0,2022-07-19 16:00:00
1658260800,1.02317,1.02413,1.02211,1.02354,0,2022-07-19 20:00:00
1658275200,1.02354,1.02484,1.02295,1.02418,0,2022-07-20 00:00:00
1658289600,1.02416,1.02507,1.02286,1.02499,0,2022-07-20 04:00:00
1658304000,1.025,1.02729,1.0173,1.01975,0,2022-07-20 08:00:00
1658318400,1.01981,1.02377,1.01792,1.02122,0,2022-07-20 12:00:00
1658332800,1.02125,1.02173,1.01553,1.01771,0,2022-07-20 16:00:00
1658347200,1.01772,1.01879,1.01739,1.01815,0,2022-07-20 20:00:00
1658361600,1.01816,1.02103,1.01765,1.02093,0,2022-07-21 00:00:00
1658376000,1.0209,1.02304,1.02014,1.02055,0,2022-07-21 04:00:00
1658390400,1.02057,1.02179,1.01656,1.01886,0,2022-07-21 08:00:00
1658404800,1.01888,1.02781,1.01531,1.01912,0,2022-07-21 12:00:00
1658419200,1.01912,1.02121,1.01749,1.01927,0,2022-07-21 16:00:00
1658433600,1.0193,1.02336,1.01915,1.02236,0,2022-07-21 20:00:00
1658448000,1.02238,1.02303,1.01906,1.01956,0,2022-07-22 00:00:00
1658462400,1.01955,1.02087,1.01803,1.02085,0,2022-07-22 04:00:00
1658476800,1.02083,1.02134,1.01297,1.01722,0,2022-07-22 08:00:00
1658491200,1.01723,1.02553,1.01541,1.02305,0,2022-07-22 12:00:00
1658505600,1.02303,1.02391,1.01899,1.01948,0,2022-07-22 16:00:00
1658520000,1.01949,1.02161,1.01916,1.02119,0,2022-07-22 20:00:00
1658692800,1.02083,1.02185,1.02083,1.0212,0,2022-07-24 20:00:00
1658707200,1.02119,1.02136,1.01809,1.02109,0,2022-07-25 00:00:00
1658721600,1.02109,1.0212,1.01932,1.01964,0,2022-07-25 04:00:00
1658736000,1.01966,1.02539,1.01784,1.02344,0,2022-07-25 08:00:00
1658750400,1.02346,1.02578,1.02032,1.02181,0,2022-07-25 12:00:00
1658764800,1.02182,1.02289,1.02058,1.02212,0,2022-07-25 16:00:00
1658779200,1.02213,1.02266,1.02148,1.02198,0,2022-07-25 20:00:00
1658793600,1.022,1.025,1.02162,1.02384,0,2022-07-26 00:00:00
1658808000,1.02384,1.02427,1.021,1.02124,0,2022-07-26 04:00:00
1658822400,1.02123,1.02361,1.01355,1.01513,0,2022-07-26 08:00:00
1658836800,1.01514,1.01528,1.0116,1.01341,0,2022-07-26 12:00:00
1658851200,1.0134,1.01405,1.01074,1.01216,0,2022-07-26 16:00:00
1658865600,1.01217,1.01328,1.01138,1.01289,0,2022-07-26 20:00:00
1658880000,1.0129,1.01472,1.01278,1.01439,0,2022-07-27 00:00:00
1658894400,1.01441,1.01587,1.01274,1.01312,0,2022-07-27 04:00:00
1658908800,1.01314,1.01548,1.01312,1.01533,0,2022-07-27 08:00:00
1658923200,1.01533,1.0172,1.01091,1.01201,0,2022-07-27 12:00:00
1658937600,1.012,1.02118,1.00966,1.01994,0,2022-07-27 16:00:00
1658952000,1.02,1.02206,1.0187,1.02022,0,2022-07-27 20:00:00
1658966400,1.02021,1.02144,1.01803,1.02049,0,2022-07-28 00:00:00
1658980800,1.0205,1.02343,1.02003,1.02159,0,2022-07-28 04:00:00
1658995200,1.02161,1.02195,1.01235,1.01336,0,2022-07-28 08:00:00
1659009600,1.01336,1.01748,1.01138,1.01561,0,2022-07-28 12:00:00
1659024000,1.01563,1.01767,1.01419,1.01764,0,2022-07-28 16:00:00
1659038400,1.01765,1.01995,1.01763,1.01949,0,2022-07-28 20:00:00
1659052800,1.01949,1.02039,1.01888,1.01957,0,2022-07-29 00:00:00
1659067200,1.01956,1.02542,1.01913,1.02421,0,2022-07-29 04:00:00
1659081600,1.02419,1.02526,1.01854,1.0241,0,2022-07-29 08:00:00
1659096000,1.02409,1.02409,1.0146,1.01953,0,2022-07-29 12:00:00
1659110400,1.01955,1.02203,1.01772,1.02198,0,2022-07-29 16:00:00
1659124800,1.02199,1.02269,1.02124,1.02248,0,2022-07-29 20:00:00
1659297600,1.02098,1.0224,1.02076,1.02148,0,2022-07-31 20:00:00
1659312000,1.02148,1.02411,1.02053,1.02395,0,2022-08-01 00:00:00
1659326400,1.02399,1.02409,1.02132,1.02333,0,2022-08-01 04:00:00
1659340800,1.02334,1.027,1.02247,1.02517,0,2022-08-01 08:00:00
1659355200,1.02517,1.02749,1.02248,1.02726,0,2022-08-01 12:00:00
1659369600,1.02725,1.02751,1.02452,1.02536,0,2022-08-01 16:00:00
1659384000,1.02537,1.02633,1.02491,1.02618,0,2022-08-01 20:00:00
1659398400,1.02618,1.02939,1.0256,1.02745,0,2022-08-02 00:00:00
1659412800,1.02745,1.02824,1.02358,1.02416,0,2022-08-02 04:00:00
1659427200,1.02416,1.0248,1.02149,1.02267,0,2022-08-02 08:00:00
1659441600,1.02267,1.02426,1.0181,1.01997,0,2022-08-02 12:00:00
1659456000,1.01997,1.0213,1.01708,1.01726,0,2022-08-02 16:00:00
1659470400,1.01727,1.01804,1.01629,1.01639,0,2022-08-02 20:00:00
1659484800,1.01639,1.01821,1.01498,1.01804,0,2022-08-03 00:00:00
1659499200,1.01802,1.01934,1.0154,1.01593,0,2022-08-03 04:00:00
1659513600,1.01594,1.02002,1.01591,1.01877,0,2022-08-03 08:00:00
1659528000,1.01876,1.02102,1.0125,1.01301,0,2022-08-03 12:00:00
1659542400,1.01301,1.01664,1.01226,1.01547,0,2022-08-03 16:00:00
1659556800,1.01547,1.01738,1.01539,1.01615,0,2022-08-03 20:00:00
1659571200,1.01615,1.0176,1.01542,1.01646,0,2022-08-04 00:00:00
1659585600,1.01646,1.01738,1.01565,1.01678,0,2022-08-04 04:00:00
1659600000,1.01679,1.01977,1.01663,1.01911,0,2022-08-04 08:00:00
1659614400,1.01901,1.02119,1.01602,1.02116,0,2022-08-04 12:00:00
1659628800,1.02115,1.025,1.02058,1.02498,0,2022-08-04 16:00:00
1659643200,1.02497,1.02537,1.02422,1.02475,0,2022-08-04 20:00:00
1659657600,1.02476,1.0252,1.02294,1.0234,0,2022-08-05 00:00:00
1659672000,1.02338,1.02395,1.02224,1.02357,0,2022-08-05 04:00:00
1659686400,1.02354,1.02391,1.0218,1.02359,0,2022-08-05 08:00:00
1659700800,1.02361,1.02385,1.01415,1.01664,0,2022-08-05 12:00:00
1659715200,1.01661,1.01927,1.01511,1.01764,0,2022-08-05 16:00:00
1659729600,1.01764,1.01848,1.01733,1.01825,0,2022-08-05 20:00:00
1659902400,1.01726,1.01786,1.01691,1.01728,0,2022-08-07 20:00:00
1659916800,1.01729,1.01831,1.0159,1.018,0,2022-08-08 00:00:00
1659931200,1.01797,1.01886,1.01712,1.01776,0,2022-08-08 04:00:00
1659945600,1.01777,1.02147,1.01726,1.01916,0,2022-08-08 08:00:00
1659960000,1.01916,1.02192,1.01838,1.02168,0,2022-08-08 12:00:00
1659974400,1.02169,1.02217,1.01851,1.01866,0,2022-08-08 16:00:00
1659988800,1.01866,1.01961,1.0186,1.01944,0,2022-08-08 20:00:00
1660003200,1.01946,1.02008,1.01885,1.01932,0,2022-08-09 00:00:00
1660017600,1.01933,1.02101,1.01916,1.02053,0,2022-08-09 04:00:00
1660032000,1.02056,1.02472,1.01954,1.02249,0,2022-08-09 08:00:00
1660046400,1.02251,1.02441,1.02146,1.02226,0,2022-08-09 12:00:00
1660060800,1.02225,1.02316,1.02033,1.02048,0,2022-08-09 16:00:00
1660075200,1.02048,1.02154,1.02024,1.0206,0,2022-08-09 20:00:00
1660089600,1.0206,1.0219,1.02027,1.0218,0,2022-08-10 00:00:00
1660104000,1.0218,1.02183,1.02051,1.02113,0,2022-08-10 04:00:00
1660118400,1.0211,1.02451,1.0202,1.02416,0,2022-08-10 08:00:00
1660132800,1.02416,1.03566,1.02342,1.03551,0,2022-08-10 12:00:00
1660147200,1.0355,1.03685,1.0302,1.03035,0,2022-08-10 16:00:00
1660161600,1.03037,1.03056,1.02945,1.03016,0,2022-08-10 20:00:00
1660176000,1.03016,1.03038,1.02818,1.02832,0,2022-08-11 00:00:00
1660190400,1.02831,1.03138,1.02752,1.03115,0,2022-08-11 04:00:00
1660204800,1.03116,1.03428,1.03074,1.03369,0,2022-08-11 08:00:00
1660219200,1.0337,1.03642,1.03219,1.03442,0,2022-08-11 12:00:00
1660233600,1.03444,1.03461,1.03095,1.03244,0,2022-08-11 16:00:00
1660248000,1.03244,1.03274,1.03116,1.03214,0,2022-08-11 20:00:00
1660262400,1.03215,1.03251,1.03048,1.03114,0,2022-08-12 00:00:00
1660276800,1.03111,1.03241,1.03081,1.03113,0,2022-08-12 04:00:00
1660291200,1.03113,1.03163,1.0285,1.02914,0,2022-08-12 08:00:00
1660305600,1.02914,1.02976,1.0238,1.02447,0,2022-08-12 12:00:00
1660320000,1.02445,1.02677,1.02438,1.02651,0,2022-08-12 16:00:00
1660334400,1.02651,1.02666,1.02544,1.0259,0,2022-08-12 20:00:00
1660507200,1.02551,1.02625,1.02551,1.02596,0,2022-08-14 20:00:00
1660521600,1.02596,1.02682,1.02397,1.02454,0,2022-08-15 00:00:00
1660536000,1.02455,1.02557,1.02322,1.0236,0,2022-08-15 04:00:00
1660550400,1.02362,1.02445,1.01857,1.02038,0,2022-08-15 08:00:00
1660564800,1.02039,1.0223,1.0185,1.01939,0,2022-08-15 12:00:00
1660579200,1.01939,1.01961,1.01544,1.0156,0,2022-08-15 16:00:00
1660593600,1.0156,1.01669,1.01533,1.01623,0,2022-08-15 20:00:00
1660608000,1.01623,1.01686,1.01473,1.01686,0,2022-08-16 00:00:00
1660622400,1.01689,1.01698,1.01513,1.01541,0,2022-08-16 04:00:00
1660636800,1.01541,1.01625,1.01247,1.01334,0,2022-08-16 08:00:00
1660651200,1.01335,1.01948,1.01225,1.01786,0,2022-08-16 12:00:00
1660665600,1.01787,1.01837,1.01624,1.01681,0,2022-08-16 16:00:00
1660680000,1.01681,1.0173,1.01618,1.01704,0,2022-08-16 20:00:00
1660694400,1.01704,1.01792,1.0166,1.01735,0,2022-08-17 00:00:00
1660708800,1.01734,1.01864,1.01567,1.01632,0,2022-08-17 04:00:00
1660723200,1.01631,1.01838,1.01492,1.01743,0,2022-08-17 08:00:00
1660737600,1.01745,1.01984,1.01453,1.01619,0,2022-08-17 12:00:00
1660752000,1.0162,1.02029,1.01603,1.01845,0,2022-08-17 16:00:00
1660766400,1.01845,1.01907,1.01749,1.01779,0,2022-08-17 20:00:00
1660780800,1.0178,1.01929,1.01724,1.01803,0,2022-08-18 00:00:00
1660795200,1.01802,1.01808,1.01489,1.0151,0,2022-08-18 04:00:00
1660809600,1.01511,1.01815,1.01458,1.01734,0,2022-08-18 08:00:00
1660824000,1.01735,1.0188,1.01116,1.01286,0,2022-08-18 12:00:00
1660838400,1.01286,1.01394,1.00795,1.00903,0,2022-08-18 16:00:00
1660852800,1.00904,1.0099,1.00845,1.00862,0,2022-08-18 20:00:00
1660867200,1.00862,1.00922,1.00697,1.00856,0,2022-08-19 00:00:00
1660881600,1.00858,1.00897,1.00717,1.00804,0,2022-08-19 04:00:00
1660896000,1.00805,1.00954,1.00546,1.00574,0,2022-08-19 08:00:00
1660910400,1.00576,1.00684,1.00395,1.00411,0,2022-08-19 12:00:00
1660924800,1.00409,1.00506,1.0032,1.00328,0,2022-08-19 16:00:00
1660939200,1.00331,1.00431,1.00318,1.00326,0,2022-08-19 20:00:00
1661112000,1.00366,1.00404,1.00309,1.00355,0,2022-08-21 20:00:00
1661126400,1.00357,1.00452,1.00233,1.0045,0,2022-08-22 00:00:00
1661140800,1.00449,1.00466,1.00218,1.00222,0,2022-08-22 04:00:00
1661155200,1.00221,1.00273,0.9989,1.00098,0,2022-08-22 08:00:00
1661169600,1.00097,1.00141,0.996,0.99668,0,2022-08-22 12:00:00
1661184000,0.99667,0.99675,0.9926,0.99329,0,2022-08-22 16:00:00
1661198400,0.9933,0.9946,0.99328,0.9943,0,2022-08-22 20:00:00
1661212800,0.99429,0.995,0.993,0.99446,0,2022-08-23 00:00:00
1661227200,0.99448,0.99459,0.99019,0.99061,0,2022-08-23 04:00:00
1661241600,0.99063,0.99496,0.99002,0.99241,0,2022-08-23 08:00:00
1661256000,0.99239,1.00181,0.99138,0.9987,0,2022-08-23 12:00:00
1661270400,0.99869,1.00057,0.996,0.99605,0,2022-08-23 16:00:00
1661284800,0.99606,0.99733,0.99593,0.99725,0,2022-08-23 20:00:00
1661299200,0.99726,0.99727,0.99426,0.99451,0,2022-08-24 00:00:00
1661313600,0.99451,0.99618,0.99347,0.99491,0,2022-08-24 04:00:00
1661328000,0.99492,0.99592,0.99162,0.99215,0,2022-08-24 08:00:00
1661342400,0.99214,0.99946,0.99099,0.99898,0,2022-08-24 12:00:00
1661356800,0.99897,0.99993,0.99445,0.9963,0,2022-08-24 16:00:00
1661371200,0.9963,0.99756,0.99601,0.99685,0,2022-08-24 20:00:00
1661385600,0.99684,0.99926,0.99629,0.99831,0,2022-08-25 00:00:00
1661400000,0.9983,1.00334,0.99822,1.00108,0,2022-08-25 04:00:00
1661414400,1.00106,1.00233,0.99739,0.998,0,2022-08-25 08:00:00
1661428800,0.99804,1.00004,0.9955,0.99809,0,2022-08-25 12:00:00
1661443200,0.99808,0.99822,0.9949,0.99689,0,2022-08-25 16:00:00
1661457600,0.99689,0.99789,0.99674,0.99747,0,2022-08-25 20:00:00
1661472000,0.99746,0.99746,0.99625,0.99682,0,2022-08-26 00:00:00
1661486400,0.99681,0.99745,0.99463,0.9951,0,2022-08-26 04:00:00
1661500800,0.99508,1.00234,0.99495,1.00155,0,2022-08-26 08:00:00
1661515200,1.00156,1.00898,0.99856,1.00144,0,2022-08-26 12:00:00
1661529600,1.00144,1.00208,0.99585,0.99641,0,2022-08-26 16:00:00
1661544000,0.99641,0.99692,0.99563,0.99623,0,2022-08-26 20:00:00
1661716800,0.99657,0.9967,0.99458,0.99482,0,2022-08-28 20:00:00
1661731200,0.99483,0.99517,0.9918,0.99277,0,2022-08-29 00:00:00
1661745600,0.99277,0.99437,0.99141,0.99363,0,2022-08-29 04:00:00
1661760000,0.99363,0.99949,0.99197,0.99844,0,2022-08-29 08:00:00
1661774400,0.99845,1.00291,0.99688,0.99824,0,2022-08-29 12:00:00
1661788800,0.99824,1.00225,0.9981,0.99911,0,2022-08-29 16:00:00
1661803200,0.9991,1.00025,0.99901,1.00009,0,2022-08-29 20:00:00
1661817600,1.00009,1.00132,0.99818,0.99905,0,2022-08-30 00:00:00
1661832000,0.99904,1.00078,0.9987,0.99915,0,2022-08-30 04:00:00
1661846400,0.99914,1.00547,0.99821,1.00312,0,2022-08-30 08:00:00
1661860800,1.00312,1.00432,0.99825,0.99901,0,2022-08-30 12:00:00
1661875200,0.999,1.00349,0.99878,1.0021,0,2022-08-30 16:00:00
1661889600,1.00213,1.00307,1.0012,1.00169,0,2022-08-30 20:00:00
1661904000,1.00169,1.00344,1.00152,1.00253,0,2022-08-31 00:00:00
1661918400,1.00255,1.00459,1.0014,1.00154,0,2022-08-31 04:00:00
1661932800,1.00155,1.0027,0.99712,0.99776,0,2022-08-31 08:00:00
1661947200,0.99778,1.006,0.99767,1.00545,0,2022-08-31 12:00:00
1661961600,1.00545,1.0079,1.00353,1.00444,0,2022-08-31 16:00:00
1661976000,1.00444,1.00557,1.00405,1.00508,0,2022-08-31 20:00:00
1661990400,1.00506,1.00507,1.00199,1.00224,0,2022-09-01 00:00:00
1662004800,1.00225,1.00265,1.00077,1.00206,0,2022-09-01 04:00:00
1662019200,1.00206,1.00485,1.00022,1.00188,0,2022-09-01 08:00:00
1662033600,1.00188,1.00219,0.99107,0.9932,0,2022-09-01 12:00:00
1662048000,0.9932,0.996,0.99313,0.99441,0,2022-09-01 16:00:00
1662062400,0.99441,0.99561,0.99419,0.9945,0,2022-09-01 20:00:00
1662076800,0.99449,0.99626,0.99431,0.9958,0,2022-09-02 00:00:00
1662091200,0.9958,0.99785,0.99577,0.99739,0,2022-09-02 04:00:00
1662105600,0.9974,1.00175,0.99678,0.99972,0,2022-09-02 08:00:00
1662120000,0.99974,1.00297,0.99796,1.00255,0,2022-09-02 12:00:00
1662134400,1.00257,1.00335,0.99462,0.99652,0,2022-09-02 16:00:00
1662148800,0.99653,0.99683,0.99449,0.99515,0,2022-09-02 20:00:00
1662321600,0.99285,0.99347,0.9903,0.99216,0,2022-09-04 20:00:00
1662336000,0.99217,0.9929,0.99008,0.99134,0,2022-09-05 00:00:00
1662350400,0.99133,0.99184,0.98772,0.9907,0,2022-09-05 04:00:00
1662364800,0.99069,0.9944,0.98935,0.99336,0,2022-09-05 08:00:00
1662379200,0.99336,0.99361,0.99123,0.99197,0,2022-09-05 12:00:00
1662393600,0.99198,0.99359,0.99177,0.99286,0,2022-09-05 16:00:00
1662408000,0.99285,0.9949,0.99244,0.99411,0,2022-09-05 20:00:00
1662422400,0.99413,0.99706,0.994,0.99585,0,2022-09-06 00:00:00
1662436800,0.99585,0.99791,0.99426,0.99697,0,2022-09-06 04:00:00
1662451200,0.99699,0.99862,0.99217,0.99256,0,2022-09-06 08:00:00
1662465600,0.99256,0.99371,0.98638,0.99039,0,2022-09-06 12:00:00
1662480000,0.99039,0.9929,0.98953,0.99092,0,2022-09-06 16:00:00
1662494400,0.99097,0.99113,0.98957,0.98964,0,2022-09-06 20:00:00
1662508800,0.98963,0.99038,0.98776,0.98843,0,2022-09-07 00:00:00
1662523200,0.98842,0.99129,0.98768,0.99065,0,2022-09-07 04:00:00
1662537600,0.99065,0.993,0.98918,0.9897,0,2022-09-07 08:00:00
1662552000,0.98971,0.99499,0.98756,0.99485,0,2022-09-07 12:00:00
1662566400,0.99488,1.00026,0.9938,0.99821,0,2022-09-07 16:00:00
1662580800,0.99819,1.00128,0.99812,1.00055,0,2022-09-07 20:00:00
1662595200,1.00055,1.00055,0.99827,0.99873,0,2022-09-08 00:00:00
1662609600,0.99873,1.00148,0.99791,0.9998,0,2022-09-08 04:00:00
1662624000,0.99981,1.00172,0.9976,1.00096,0,2022-09-08 08:00:00
1662638400,1.00097,1.00294,0.99303,0.99563,0,2022-09-08 12:00:00
1662652800,0.99561,0.99997,0.99442,0.99916,0,2022-09-08 16:00:00
1662667200,0.99915,1.0004,0.99908,1.00034,0,2022-09-08 20:00:00
1662681600,1.00032,1.00727,1.00012,1.00676,0,2022-09-09 00:00:00
1662696000,1.00679,1.0084,1.00582,1.00688,0,2022-09-09 04:00:00
1662710400,1.00687,1.01131,1.00625,1.00737,0,2022-09-09 08:00:00
1662724800,1.0074,1.00761,1.00334,1.00418,0,2022-09-09 12:00:00
1662739200,1.00417,1.00551,1.0032,1.00437,0,2022-09-09 16:00:00
1662753600,1.00437,1.00487,1.00395,1.00425,0,2022-09-09 20:00:00
1662926400,1.01039,1.01039,1.00596,1.00674,0,2022-09-11 20:00:00
1662940800,1.00673,1.00951,1.0062,1.00817,0,2022-09-12 00:00:00
1662955200,1.00816,1.01446,1.00732,1.01439,0,2022-09-12 04:00:00
1662969600,1.0144,1.01977,1.0129,1.01368,0,2022-09-12 08:00:00
1662984000,1.01371,1.01627,1.01041,1.01286,0,2022-09-12 12:00:00
1662998400,1.01287,1.01443,1.01107,1.0118,0,2022-09-12 16:00:00
1663012800,1.01179,1.01246,1.01119,1.01227,0,2022-09-12 20:00:00
1663027200,1.01229,1.01464,1.01227,1.0131,0,2022-09-13 00:00:00
1663041600,1.0131,1.01502,1.01194,1.01385,0,2022-09-13 04:00:00
1663056000,1.01387,1.018,1.01268,1.0179,0,2022-09-13 08:00:00
1663070400,1.01791,1.0187,1.00046,1.00147,0,2022-09-13 12:00:00
1663084800,1.00147,1.00183,0.99737,0.99772,0,2022-09-13 16:00:00
1663099200,0.99773,0.99796,0.99554,0.99692,0,2022-09-13 20:00:00
1663113600,0.99693,0.99901,0.99643,0.99861,0,2022-09-14 00:00:00
1663128000,0.99862,1.00021,0.99595,0.99665,0,2022-09-14 04:00:00
1663142400,0.99665,1.00234,0.99645,1.00079,0,2022-09-14 08:00:00
1663156800,1.0008,1.001,0.99705,0.9997,0,2022-09-14 12:00:00
1663171200,0.99972,1.00083,0.99789,0.9979,0,2022-09-14 16:00:00
1663185600,0.9979,0.99845,0.99689,0.9982,0,2022-09-14 20:00:00
1663200000,0.99822,0.99836,0.9969,0.9974,0,2022-09-15 00:00:00
1663214400,0.9974,0.9976,0.99556,0.99624,0,2022-09-15 04:00:00
1663228800,0.99621,1.00004,0.99564,0.99793,0,2022-09-15 08:00:00
1663243200,0.99792,1.00177,0.99714,0.99966,0,2022-09-15 12:00:00
1663257600,0.99965,1.00153,0.99871,0.9992,0,2022-09-15 16:00:00
1663272000,0.9992,1.00005,0.99879,0.99935,0,2022-09-15 20:00:00
1663286400,0.99932,1.0012,0.9986,0.99943,0,2022-09-16 00:00:00
1663300800,0.99943,1.00028,0.99763,0.99923,0,2022-09-16 04:00:00
1663315200,0.99924,0.99985,0.99448,0.99852,0,2022-09-16 08:00:00
1663329600,0.99852,1.00363,0.9953,1.00302,0,2022-09-16 12:00:00
1663344000,1.00303,1.00321,0.99929,1.00025,0,2022-09-16 16:00:00
1663358400,1.00024,1.00176,1.00021,1.00146,0,2022-09-16 20:00:00
1663531200,1.00072,1.0023,1.00047,1.00204,0,2022-09-18 20:00:00
1663545600,1.00202,1.00291,0.99944,1.00028,0,2022-09-19 00:00:00
1663560000,1.00026,1.00031,0.99684,0.99708,0,2022-09-19 04:00:00
1663574400,0.99707,1.00049,0.99657,0.99938,0,2022-09-19 08:00:00
1663588800,0.99939,1.00133,0.99756,1.00115,0,2022-09-19 12:00:00
1663603200,1.00115,1.00181,1.00007,1.00116,0,2022-09-19 16:00:00
1663617600,1.00117,1.00317,1.00117,1.0027,0,2022-09-19 20:00:00
1663632000,1.00268,1.00504,1.00199,1.00333,0,2022-09-20 00:00:00
1663646400,1.00334,1.00368,1.00128,1.00275,0,2022-09-20 04:00:00
1663660800,1.00275,1.0042,0.99998,1.00061,0,2022-09-20 08:00:00
1663675200,1.00062,1.00134,0.9955,0.99942,0,2022-09-20 12:00:00
1663689600,0.99941,0.99993,0.99602,0.99688,0,2022-09-20 16:00:00
1663704000,0.99688,0.99787,0.99625,0.99707,0,2022-09-20 20:00:00
1663718400,0.99706,0.9975,0.99573,0.99641,0,2022-09-21 00:00:00
1663732800,0.99643,0.99683,0.98845,0.98974,0,2022-09-21 04:00:00
1663747200,0.98977,0.99377,0.98956,0.99213,0,2022-09-21 08:00:00
1663761600,0.99215,0.99249,0.98779,0.98784,0,2022-09-21 12:00:00
1663776000,0.98786,0.99102,0.98128,0.99053,0,2022-09-21 16:00:00
1663790400,0.99053,0.99097,0.98358,0.98387,0,2022-09-21 20:00:00
1663804800,0.98387,0.98408,0.9808,0.98222,0,2022-09-22 00:00:00
1663819200,0.98222,0.98394,0.98131,0.98204,0,2022-09-22 04:00:00
1663833600,0.98208,0.99074,0.98158,0.98767,0,2022-09-22 08:00:00
1663848000,0.98767,0.98878,0.98121,0.98151,0,2022-09-22 12:00:00
1663862400,0.9815,0.98519,0.98119,0.98303,0,2022-09-22 16:00:00
1663876800,0.98305,0.98438,0.98291,0.98321,0,2022-09-22 20:00:00
1663891200,0.98322,0.98517,0.98249,0.98278,0,2022-09-23 00:00:00
1663905600,0.98278,0.9838,0.98081,0.98121,0,2022-09-23 04:00:00
1663920000,0.98122,0.98136,0.97361,0.975,0,2022-09-23 08:00:00
1663934400,0.97498,0.97746,0.9703,0.97045,0,2022-09-23 12:00:00
1663948800,0.97046,0.97331,0.9668,0.96725,0,2022-09-23 16:00:00
1663963200,0.96724,0.96967,0.96724,0.96885,0,2022-09-23 20:00:00
1664136000,0.96666,0.97098,0.96666,0.96988,0,2022-09-25 20:00:00
1664150400,0.96989,0.9701,0.95503,0.9659,0,2022-09-26 00:00:00
1664164800,0.9659,0.96604,0.96202,0.96411,0,2022-09-26 04:00:00
1664179200,0.96412,0.97013,0.96332,0.96403,0,2022-09-26 08:00:00
1664193600,0.96404,0.96894,0.96188,0.96475,0,2022-09-26 12:00:00
1664208000,0.96474,0.96565,0.95995,0.96109,0,2022-09-26 16:00:00
1664222400,0.96109,0.96275,0.95839,0.96069,0,2022-09-26 20:00:00
1664236800,0.96069,0.96411,0.96069,0.96327,0,2022-09-27 00:00:00
1664251200,0.96327,0.96707,0.96303,0.96444,0,2022-09-27 04:00:00
1664265600,0.96443,0.96673,0.96063,0.9627,0,2022-09-27 08:00:00
1664280000,0.96271,0.96525,0.95989,0.96227,0,2022-09-27 12:00:00
1664294400,0.96227,0.9628,0.95689,0.95996,0,2022-09-27 16:00:00
1664308800,0.95994,0.95995,0.95846,0.95872,0,2022-09-27 20:00:00
1664323200,0.95873,0.96006,0.95426,0.95485,0,2022-09-28 00:00:00
1664337600,0.95486,0.957,0.95357,0.9539,0,2022-09-28 04:00:00
1664352000,0.9539,0.96026,0.95377,0.9574,0,2022-09-28 08:00:00
1664366400,0.95739,0.96382,0.95502,0.96311,0,2022-09-28 12:00:00
1664380800,0.96311,0.97508,0.96237,0.97444,0,2022-09-28 16:00:00
1664395200,0.97445,0.97445,0.97183,0.97184,0,2022-09-28 20:00:00
1664409600,0.97184,0.97242,0.96743,0.9681,0,2022-09-29 00:00:00
1664424000,0.9681,0.96897,0.9654,0.96648,0,2022-09-29 04:00:00
1664438400,0.96647,0.97194,0.96353,0.97154,0,2022-09-29 08:00:00
1664452800,0.97154,0.97702,0.96832,0.97653,0,2022-09-29 12:00:00
1664467200,0.97655,0.97975,0.97588,0.97913,0,2022-09-29 16:00:00
1664481600,0.97914,0.98437,0.97865,0.9818,0,2022-09-29 20:00:00
1664496000,0.98181,0.98382,0.97943,0.9809,0,2022-09-30 00:00:00
1664510400,0.9809,0.98335,0.97898,0.97994,0,2022-09-30 04:00:00
1664524800,0.97993,0.98537,0.97547,0.97615,0,2022-09-30 08:00:00
1664539200,0.97615,0.98093,0.97346,0.97944,0,2022-09-30 12:00:00
1664553600,0.97942,0.98182,0.97704,0.98066,0,2022-09-30 16:00:00
1664568000,0.98068,0.98125,0.9792,0.98013,0,2022-09-30 20:00:00
1664740800,0.97933,0.98086,0.97905,0.98006,0,2022-10-02 20:00:00
1664755200,0.98005,0.98287,0.97852,0.98122,0,2022-10-03 00:00:00
1664769600,0.98123,0.98345,0.97842,0.97975,0,2022-10-03 04:00:00
1664784000,0.97976,0.98273,0.97525,0.97787,0,2022-10-03 08:00:00
1664798400,0.97786,0.98278,0.97541,0.98135,0,2022-10-03 12:00:00
1664812800,0.98137,0.98445,0.97879,0.98166,0,2022-10-03 16:00:00
1664827200,0.98168,0.98314,0.98051,0.98288,0,2022-10-03 20:00:00
1664841600,0.98287,0.98378,0.9806,0.98282,0,2022-10-04 00:00:00
1664856000,0.98283,0.98719,0.98214,0.98702,0,2022-10-04 04:00:00
1664870400,0.98703,0.99037,0.98524,0.98913,0,2022-10-04 08:00:00
1664884800,0.98914,0.99578,0.9877,0.99567,0,2022-10-04 12:00:00
1664899200,0.99567,0.99987,0.9954,0.99977,0,2022-10-04 16:00:00
1664913600,0.99977,0.99995,0.99771,0.99828,0,2022-10-04 20:00:00
1664928000,0.99827,0.99905,0.99601,0.99674,0,2022-10-05 00:00:00
1664942400,0.99674,0.99947,0.99593,0.99774,0,2022-10-05 04:00:00
1664956800,0.99775,0.99781,0.9911,0.99239,0,2022-10-05 08:00:00
1664971200,0.9924,0.99271,0.98346,0.98547,0,2022-10-05 12:00:00
1664985600,0.98548,0.98953,0.98493,0.98947,0,2022-10-05 16:00:00
1665000000,0.98949,0.98968,0.98653,0.98891,0,2022-10-05 20:00:00
1665014400,0.98892,0.99261,0.98876,0.99152,0,2022-10-06 00:00:00
1665028800,0.99151,0.99264,0.98929,0.98963,0,2022-10-06 04:00:00
1665043200,0.98964,0.99204,0.98742,0.98789,0,2022-10-06 08:00:00
1665057600,0.98854,0.9893,0.98181,0.98405,0,2022-10-06 12:00:00
1665072000,0.98406,0.98447,0.9788,0.97922,0,2022-10-06 16:00:00
1665086400,0.97922,0.98022,0.9787,0.97927,0,2022-10-06 20:00:00
1665100800,0.97927,0.98119,0.97862,0.98075,0,2022-10-07 00:00:00
1665115200,0.98075,0.98115,0.97655,0.97815,0,2022-10-07 04:00:00
1665129600,0.97815,0.98167,0.97813,0.97966,0,2022-10-07 08:00:00
1665144000,0.97966,0.98045,0.97259,0.97858,0,2022-10-07 12:00:00
1665158400,0.97859,0.979,0.97339,0.97351,0,2022-10-07 16:00:00
1665172800,0.97352,0.97431,0.97306,0.97388,0,2022-10-07 20:00:00
1665345600,0.97336,0.97395,0.9729,0.97313,0,2022-10-09 20:00:00
1665360000,0.97312,0.97531,0.97246,0.97453,0,2022-10-10 00:00:00
1665374400,0.97454,0.97462,0.97157,0.97187,0,2022-10-10 04:00:00
1665388800,0.97187,0.9733,0.96815,0.96924,0,2022-10-10 08:00:00
1665403200,0.96925,0.97457,0.96869,0.97023,0,2022-10-10 12:00:00
1665417600,0.97022,0.97237,0.96851,0.9703,0,2022-10-10 16:00:00
1665432000,0.97032,0.97096,0.96995,0.97083,0,2022-10-10 20:00:00
1665446400,0.97083,0.97228,0.96807,0.96868,0,2022-10-11 00:00:00
1665460800,0.96869,0.97026,0.96698,0.96904,0,2022-10-11 04:00:00
1665475200,0.96903,0.97247,0.9689,0.97173,0,2022-10-11 08:00:00
1665489600,0.97172,0.97379,0.96908,0.97072,0,2022-10-11 12:00:00
1665504000,0.97074,0.97745,0.97062,0.97088,0,2022-10-11 16:00:00
1665518400,0.97087,0.97178,0.96936,0.97131,0,2022-10-11 20:00:00
1665532800,0.97131,0.9714,0.96826,0.96992,0,2022-10-12 00:00:00
1665547200,0.96993,0.97346,0.96929,0.97212,0,2022-10-12 04:00:00
1665561600,0.97212,0.97261,0.96959,0.97161,0,2022-10-12 08:00:00
1665576000,0.97159,0.97199,0.96678,0.97011,0,2022-10-12 12:00:00
1665590400,0.97013,0.97203,0.968,0.96975,0,2022-10-12 16:00:00
1665604800,0.96974,0.97096,0.96912,0.97075,0,2022-10-12 20:00:00
1665619200,0.97076,0.97219,0.96961,0.96982,0,2022-10-13 00:00:00
1665633600,0.96981,0.97091,0.96885,0.96895,0,2022-10-13 04:00:00
1665648000,0.96898,0.97441,0.96853,0.97248,0,2022-10-13 08:00:00
1665662400,0.97249,0.97529,0.96315,0.97179,0,2022-10-13 12:00:00
1665676800,0.97178,0.98057,0.97106,0.97865,0,2022-10-13 16:00:00
1665691200,0.97865,0.9789,0.97688,0.97775,0,2022-10-13 20:00:00
1665705600,0.97773,0.98086,0.97616,0.979,0,2022-10-14 00:00:00
1665720000,0.97901,0.97973,0.9775,0.97881,0,2022-10-14 04:00:00
1665734400,0.97883,0.97883,0.97191,0.97339,0,2022-10-14 08:00:00
1665748800,0.97339,0.97996,0.9707,0.97533,0,2022-10-14 12:00:00
1665763200,0.97534,0.97686,0.97131,0.97232,0,2022-10-14 16:00:00
1665777600,0.97232,0.97302,0.97162,0.97182,0,2022-10-14 20:00:00
1665950400,0.97201,0.97377,0.97182,0.97319,0,2022-10-16 20:00:00
1665964800,0.97321,0.97521,0.97307,0.97447,0,2022-10-17 00:00:00
1665979200,0.97448,0.97557,0.97305,0.97316,0,2022-10-17 04:00:00
1665993600,0.97316,0.97706,0.97197,0.97487,0,2022-10-17 08:00:00
1666008000,0.97486,0.98168,0.97294,0.98149,0,2022-10-17 12:00:00
1666022400,0.98166,0.9852,0.98046,0.98467,0,2022-10-17 16:00:00
1666036800,0.98468,0.98468,0.98322,0.9842,0,2022-10-17 20:00:00
1666051200,0.98421,0.98525,0.98265,0.98314,0,2022-10-18 00:00:00
1666065600,0.98313,0.98726,0.9823,0.98624,0,2022-10-18 04:00:00
1666080000,0.98626,0.98734,0.98124,0.98191,0,2022-10-18 08:00:00
1666094400,0.98193,0.98755,0.98187,0.98497,0,2022-10-18 12:00:00
1666108800,0.98497,0.98603,0.98213,0.98498,0,2022-10-18 16:00:00
1666123200,0.98497,0.98688,0.98453,0.98668,0,2022-10-18 20:00:00
1666137600,0.98668,0.98721,0.98489,0.98523,0,2022-10-19 00:00:00
1666152000,0.98523,0.98552,0.98203,0.98215,0,2022-10-19 04:00:00
1666166400,0.98215,0.98393,0.97806,0.97808,0,2022-10-19 08:00:00
1666180800,0.97807,0.98025,0.97592,0.97902,0,2022-10-19 12:00:00
1666195200,0.979,0.97943,0.97571,0.97667,0,2022-10-19 16:00:00
1666209600,0.97666,0.97766,0.97644,0.9765,0,2022-10-19 20:00:00
1666224000,0.97649,0.97716,0.97544,0.97652,0,2022-10-20 00:00:00
1666238400,0.97651,0.97938,0.97565,0.97919,0,2022-10-20 04:00:00
1666252800,0.9792,0.9807,0.97713,0.98066,0,2022-10-20 08:00:00
1666267200,0.98066,0.98454,0.97797,0.98449,0,2022-10-20 12:00:00
1666281600,0.98447,0.98447,0.97748,0.97843,0,2022-10-20 16:00:00
1666296000,0.97842,0.97894,0.97731,0.97827,0,2022-10-20 20:00:00
1666310400,0.97829,0.97829,0.97649,0.97764,0,2022-10-21 00:00:00
1666324800,0.97762,0.97832,0.97614,0.97657,0,2022-10-21 04:00:00
1666339200,0.97658,0.98022,0.97321,0.97496,0,2022-10-21 08:00:00
1666353600,0.97497,0.98168,0.97048,0.97969,0,2022-10-21 12:00:00
1666368000,0.97969,0.98678,0.97797,0.98441,0,2022-10-21 16:00:00
1666382400,0.98448,0.98689,0.98429,0.98613,0,2022-10-21 20:00:00
1666555200,0.98712,0.9899,0.98469,0.98488,0,2022-10-23 20:00:00
1666569600,0.98487,0.98888,0.98286,0.98429,0,2022-10-24 00:00:00
1666584000,0.98432,0.98617,0.98254,0.98457,0,2022-10-24 04:00:00
1666598400,0.98458,0.98618,0.98067,0.98224,0,2022-10-24 08:00:00
1666612800,0.98223,0.98935,0.98131,0.98851,0,2022-10-24 12:00:00
1666627200,0.98852,0.98911,0.98631,0.98749,0,2022-10-24 16:00:00
1666641600,0.98753,0.98873,0.98673,0.98872,0,2022-10-24 20:00:00
1666656000,0.98872,0.98984,0.98773,0.98845,0,2022-10-25 00:00:00
1666670400,0.98845,0.98888,0.98551,0.98611,0,2022-10-25 04:00:00
1666684800,0.9861,0.9876,0.98524,0.98582,0,2022-10-25 08:00:00
1666699200,0.98584,0.99766,0.98484,0.9957,0,2022-10-25 12:00:00
1666713600,0.99569,0.99768,0.99464,0.9959,0,2022-10-25 16:00:00
1666728000,0.99589,0.99695,0.99552,0.996,0,2022-10-25 20:00:00
1666742400,0.99599,0.99673,0.99434,0.99521,0,2022-10-26 00:00:00
1666756800,0.9952,0.99849,0.99508,0.99825,0,2022-10-26 04:00:00
1666771200,0.99829,1.00476,0.99735,1.00229,0,2022-10-26 08:00:00
1666785600,1.00228,1.00499,0.99955,1.00478,0,2022-10-26 12:00:00
1666800000,1.00478,1.00885,1.00429,1.00813,0,2022-10-26 16:00:00
1666814400,1.00812,1.00877,1.0072,1.00798,0,2022-10-26 20:00:00
1666828800,1.00799,1.00934,1.00617,1.00666,0,2022-10-27 00:00:00
1666843200,1.00667,1.00836,1.00543,1.00568,0,2022-10-27 04:00:00
1666857600,1.00567,1.00777,1.00293,1.00358,0,2022-10-27 08:00:00
1666872000,1.00357,1.00512,0.99723,0.9998,0,2022-10-27 12:00:00
1666886400,0.99979,1.00114,0.99575,0.99627,0,2022-10-27 16:00:00
1666900800,0.99626,0.99725,0.9959,0.9971,0,2022-10-27 20:00:00
1666915200,0.9971,0.9998,0.99578,0.99883,0,2022-10-28 00:00:00
1666929600,0.99884,0.99925,0.99631,0.99677,0,2022-10-28 04:00:00
1666944000,0.99677,0.99767,0.99265,0.99474,0,2022-10-28 08:00:00
1666958400,0.99472,0.99898,0.99359,0.99505,0,2022-10-28 12:00:00
1666972800,0.99506,0.99571,0.99286,0.99556,0,2022-10-28 16:00:00
1666987200,0.99556,0.99675,0.99523,0.99631,0,2022-10-28 20:00:00
1667160000,0.99464,0.9962,0.99454,0.99543,0,2022-10-30 20:00:00
1667174400,0.99543,0.99656,0.99431,0.99647,0,2022-10-31 00:00:00
1667188800,0.99646,0.99655,0.9928,0.99296,0,2022-10-31 04:00:00
1667203200,0.99291,0.99487,0.9914,0.99361,0,2022-10-31 08:00:00
1667217600,0.99362,0.99365,0.98728,0.98828,0,2022-10-31 12:00:00
1667232000,0.98825,0.98957,0.9873,0.98827,0,2022-10-31 16:00:00
1667246400,0.98829,0.98875,0.98717,0.98856,0,2022-10-31 20:00:00
1667260800,0.98856,0.9908,0.98822,0.99032,0,2022-11-01 00:00:00
1667275200,0.99034,0.99384,0.98993,0.99302,0,2022-11-01 04:00:00
1667289600,0.99297,0.99477,0.9915,0.99343,0,2022-11-01 08:00:00
1667304000,0.99343,0.99539,0.98587,0.987,0,2022-11-01 12:00:00
1667318400,0.987,0.99096,0.98527,0.98776,0,2022-11-01 16:00:00
1667332800,0.98775,0.98796,0.98695,0.98772,0,2022-11-01 20:00:00
1667347200,0.98772,0.98996,0.98743,0.98928,0,2022-11-02 00:00:00
1667361600,0.98931,0.98937,0.98709,0.98842,0,2022-11-02 04:00:00
1667376000,0.98842,0.99118,0.9879,0.98976,0,2022-11-02 08:00:00
1667390400,0.98976,0.9915,0.98641,0.98742,0,2022-11-02 12:00:00
1667404800,0.98744,0.99757,0.98224,0.98285,0,2022-11-02 16:00:00
1667419200,0.98285,0.98317,0.98098,0.98138,0,2022-11-02 20:00:00
1667433600,0.98141,0.98394,0.98098,0.9829,0,2022-11-03 00:00:00
1667448000,0.9829,0.9836,0.97729,0.97836,0,2022-11-03 04:00:00
1667462400,0.97835,0.979,0.97299,0.97392,0,2022-11-03 08:00:00
1667476800,0.97393,0.97946,0.97326,0.97579,0,2022-11-03 12:00:00
1667491200,0.97579,0.97694,0.97423,0.97512,0,2022-11-03 16:00:00
1667505600,0.97517,0.9755,0.97424,0.97488,0,2022-11-03 20:00:00
1667520000,0.97491,0.97736,0.97472,0.9773,0,2022-11-04 00:00:00
1667534400,0.97729,0.97964,0.97568,0.97637,0,2022-11-04 04:00:00
1667548800,0.97638,0.98115,0.97638,0.97968,0,2022-11-04 08:00:00
1667563200,0.97968,0.99404,0.9751,0.98951,0,2022-11-04 12:00:00
1667577600,0.98951,0.99664,0.98875,0.99605,0,2022-11-04 16:00:00
1667592000,0.99605,0.99635,0.99547,0.9956,0,2022-11-04 20:00:00
1667764800,0.99036,0.99446,0.99001,0.99281,0,2022-11-06 20:00:00
1667779200,0.99282,0.99469,0.99175,0.99373,0,2022-11-07 00:00:00
1667793600,0.99373,0.99553,0.99239,0.99278,0,2022-11-07 04:00:00
1667808000,0.99277,1.0007,0.99245,0.9981,0,2022-11-07 08:00:00
1667822400,0.9981,1.00058,0.99657,1.00008,0,2022-11-07 12:00:00
1667836800,1.00009,1.0034,0.99883,1.00263,0,2022-11-07 16:00:00
1667851200,1.00265,1.00311,1.00144,1.00173,0,2022-11-07 20:00:00
1667865600,1.00172,1.00308,1.00062,1.00132,0,2022-11-08 00:00:00
1667880000,1.00133,1.00144,0.99869,0.99992,0,2022-11-08 04:00:00
1667894400,0.99993,1.00096,0.99715,0.99981,0,2022-11-08 08:00:00
1667908800,0.99982,1.0073,0.99851,1.00659,0,2022-11-08 12:00:00
1667923200,1.00662,1.00963,1.00539,1.00725,0,2022-11-08 16:00:00
1667937600,1.00724,1.00848,1.00693,1.00804,0,2022-11-08 20:00:00
1667952000,1.00804,1.0088,1.0059,1.00716,0,2022-11-09 00:00:00
1667966400,1.00715,1.0073,1.0056,1.00642,0,2022-11-09 04:00:00
1667980800,1.00643,1.00852,1.00338,1.0054,0,2022-11-09 08:00:00
1667995200,1.0054,1.00861,1.00108,1.00277,0,2022-11-09 12:00:00
1668009600,1.00276,1.00526,0.99927,1.00024,0,2022-11-09 16:00:00
1668024000,1.00024,1.00204,1.00013,1.0019,0,2022-11-09 20:00:00
1668038400,1.0019,1.0029,1.00101,1.0026,0,2022-11-10 00:00:00
1668052800,1.00262,1.00428,0.99962,0.99976,0,2022-11-10 04:00:00
1668067200,0.99974,1.00139,0.99354,0.99441,0,2022-11-10 08:00:00
1668081600,0.99444,1.01851,0.99413,1.01809,0,2022-11-10 12:00:00
1668096000,1.0181,1.01819,1.01283,1.01811,0,2022-11-10 16:00:00
1668110400,1.01812,1.02218,1.01779,1.01914,0,2022-11-10 20:00:00
1668124800,1.01915,1.0198,1.0163,1.01839,0,2022-11-11 00:00:00
1668139200,1.01842,1.02533,1.01776,1.02445,0,2022-11-11 04:00:00
1668153600,1.02445,1.02946,1.02261,1.02906,0,2022-11-11 08:00:00
1668168000,1.02908,1.03268,1.02657,1.03262,0,2022-11-11 12:00:00
1668182400,1.03262,1.0364,1.03123,1.03622,0,2022-11-11 16:00:00
1668196800,1.03622,1.03622,1.03481,1.03538,0,2022-11-11 20:00:00
1668369600,1.03354,1.03411,1.03141,1.03266,0,2022-11-13 20:00:00
1668384000,1.03266,1.03501,1.03164,1.03267,0,2022-11-14 00:00:00
1668398400,1.03265,1.03285,1.02977,1.03275,0,2022-11-14 04:00:00
1668412800,1.03274,1.03504,1.02748,1.02838,0,2022-11-14 08:00:00
1668427200,1.02838,1.03359,1.02713,1.03298,0,2022-11-14 12:00:00
1668441600,1.033,1.03584,1.03245,1.03533,0,2022-11-14 16:00:00
1668456000,1.03535,1.03552,1.03151,1.03196,0,2022-11-14 20:00:00
1668470400,1.03196,1.03282,1.03121,1.03201,0,2022-11-15 00:00:00
1668484800,1.032,1.0418,1.03162,1.04071,0,2022-11-15 04:00:00
1668499200,1.04069,1.04371,1.03883,1.0411,0,2022-11-15 08:00:00
1668513600,1.04113,1.04808,1.03607,1.0368,0,2022-11-15 12:00:00
1668528000,1.03681,1.03896,1.02799,1.03638,0,2022-11-15 16:00:00
1668542400,1.0364,1.03773,1.03395,1.03572,0,2022-11-15 20:00:00
1668556800,1.03574,1.03868,1.03307,1.03534,0,2022-11-16 00:00:00
1668571200,1.03533,1.04142,1.03373,1.04026,0,2022-11-16 04:00:00
1668585600,1.04026,1.04384,1.03876,1.04165,0,2022-11-16 08:00:00
1668600000,1.04166,1.0428,1.03723,1.04035,0,2022-11-16 12:00:00
1668614400,1.04035,1.04124,1.03545,1.03922,0,2022-11-16 16:00:00
1668628800,1.03922,1.04046,1.03828,1.03932,0,2022-11-16 20:00:00
1668643200,1.03933,1.03948,1.03596,1.03716,0,2022-11-17 00:00:00
1668657600,1.0372,1.03951,1.03683,1.03926,0,2022-11-17 04:00:00
1668672000,1.03926,1.04065,1.03272,1.03464,0,2022-11-17 08:00:00
1668686400,1.03464,1.03548,1.03051,1.03286,0,2022-11-17 12:00:00
1668700800,1.03286,1.03694,1.03188,1.03636,0,2022-11-17 16:00:00
1668715200,1.03637,1.03694,1.03576,1.03607,0,2022-11-17 20:00:00
1668729600,1.03606,1.03908,1.03569,1.03825,0,2022-11-18 00:00:00
1668744000,1.03824,1.03858,1.03596,1.03753,0,2022-11-18 04:00:00
1668758400,1.03753,1.03959,1.03421,1.0366,0,2022-11-18 08:00:00
1668772800,1.0366,1.03863,1.0326,1.03644,0,2022-11-18 12:00:00
1668787200,1.03644,1.03716,1.03199,1.03279,0,2022-11-18 16:00:00
1668801600,1.03277,1.03329,1.03134,1.03235,0,2022-11-18 20:00:00
1668974400,1.03227,1.0333,1.03213,1.03304,0,2022-11-20 20:00:00
1668988800,1.03304,1.03327,1.0288,1.03013,0,2022-11-21 00:00:00
1669003200,1.03012,1.03035,1.025,1.02549,0,2022-11-21 04:00:00
1669017600,1.0255,1.02732,1.0226,1.02343,0,2022-11-21 08:00:00
1669032000,1.02343,1.02625,1.02281,1.02395,0,2022-11-21 12:00:00
1669046400,1.02397,1.02505,1.02227,1.02393,0,2022-11-21 16:00:00
1669060800,1.02395,1.02465,1.02321,1.0245,0,2022-11-21 20:00:00
1669075200,1.02451,1.0268,1.02417,1.02613,0,2022-11-22 00:00:00
1669089600,1.02611,1.02675,1.02456,1.02655,0,2022-11-22 04:00:00
1669104000,1.02657,1.02908,1.02533,1.02699,0,2022-11-22 08:00:00
1669118400,1.027,1.02886,1.02538,1.02833,0,2022-11-22 12:00:00
1669132800,1.02833,1.03082,1.02667,1.02952,0,2022-11-22 16:00:00
1669147200,1.02951,1.03106,1.02936,1.03104,0,2022-11-22 20:00:00
1669161600,1.03105,1.03247,1.03003,1.03154,0,2022-11-23 00:00:00
1669176000,1.03153,1.03486,1.03102,1.0343,0,2022-11-23 04:00:00
1669190400,1.0343,1.03431,1.02963,1.03197,0,2022-11-23 08:00:00
1669204800,1.03199,1.03837,1.03147,1.0376,0,2022-11-23 12:00:00
1669219200,1.03761,1.04048,1.03553,1.04006,0,2022-11-23 16:00:00
1669233600,1.04008,1.04191,1.03909,1.04175,0,2022-11-23 20:00:00
1669248000,1.04178,1.04477,1.0405,1.04458,0,2022-11-24 00:00:00
1669262400,1.04458,1.04484,1.0415,1.04159,0,2022-11-24 04:00:00
1669276800,1.0416,1.04291,1.03816,1.04044,0,2022-11-24 08:00:00
1669291200,1.04044,1.04273,1.03978,1.04092,0,2022-11-24 12:00:00
1669305600,1.04094,1.04143,1.04011,1.04132,0,2022-11-24 16:00:00
1669320000,1.04133,1.04142,1.04058,1.04074,0,2022-11-24 20:00:00
1669334400,1.04074,1.04183,1.03959,1.04159,0,2022-11-25 00:00:00
1669348800,1.04158,1.04291,1.04071,1.04088,0,2022-11-25 04:00:00
1669363200,1.04087,1.04282,1.03821,1.039,0,2022-11-25 08:00:00
1669377600,1.03899,1.0407,1.03546,1.04066,0,2022-11-25 12:00:00
1669392000,1.04065,1.04144,1.03913,1.04114,0,2022-11-25 16:00:00
1669406400,1.04114,1.04139,1.03854,1.03926,0,2022-11-25 20:00:00
1669579200,1.03716,1.03809,1.03653,1.03666,0,2022-11-27 20:00:00
1669593600,1.03667,1.03836,1.0341,1.03547,0,2022-11-28 00:00:00
1669608000,1.03548,1.0385,1.03465,1.03737,0,2022-11-28 04:00:00
1669622400,1.03737,1.04967,1.03674,1.0474,0,2022-11-28 08:00:00
1669636800,1.04741,1.04771,1.03905,1.03982,0,2022-11-28 12:00:00
1669651200,1.03977,1.0402,1.0337,1.03377,0,2022-11-28 16:00:00
1669665600,1.03378,1.03466,1.033,1.03433,0,2022-11-28 20:00:00
1669680000,1.03432,1.03831,1.03339,1.03786,0,2022-11-29 00:00:00
1669694400,1.03786,1.03942,1.0352,1.03812,0,2022-11-29 04:00:00
1669708800,1.03808,1.03933,1.03507,1.03824,0,2022-11-29 08:00:00
1669723200,1.03823,1.03842,1.03245,1.03561,0,2022-11-29 12:00:00
1669737600,1.0356,1.03583,1.03224,1.03274,0,2022-11-29 16:00:00
1669752000,1.03273,1.03313,1.03188,1.03235,0,2022-11-29 20:00:00
1669766400,1.03234,1.0353,1.03205,1.03478,0,2022-11-30 00:00:00
1669780800,1.03478,1.03608,1.03355,1.0351,0,2022-11-30 04:00:00
1669795200,1.03512,1.03811,1.03415,1.03589,0,2022-11-30 08:00:00
1669809600,1.0359,1.03998,1.02946,1.02981,0,2022-11-30 12:00:00
1669824000,1.02982,1.04149,1.029,1.04134,0,2022-11-30 16:00:00
1669838400,1.04135,1.04299,1.03986,1.04229,0,2022-11-30 20:00:00
1669852800,1.04228,1.04477,1.04187,1.04316,0,2022-12-01 00:00:00
1669867200,1.04315,1.04638,1.0394,1.04032,0,2022-12-01 04:00:00
1669881600,1.04037,1.04496,1.03929,1.04374,0,2022-12-01 08:00:00
1669896000,1.04374,1.05336,1.04345,1.0487,0,2022-12-01 12:00:00
1669910400,1.04871,1.05198,1.04694,1.05184,0,2022-12-01 16:00:00
1669924800,1.05185,1.05393,1.05118,1.05278,0,2022-12-01 20:00:00
1669939200,1.05278,1.05278,1.05049,1.05243,0,2022-12-02 00:00:00
1669953600,1.05242,1.05424,1.05164,1.05292,0,2022-12-02 04:00:00
1669968000,1.05293,1.05448,1.05127,1.05371,0,2022-12-02 08:00:00
1669982400,1.05372,1.05445,1.0428,1.04732,0,2022-12-02 12:00:00
1669996800,1.0473,1.05366,1.04661,1.0536,0,2022-12-02 16:00:00
1670011200,1.05359,1.05423,1.05309,1.05325,0,2022-12-02 20:00:00
1670184000,1.05303,1.05436,1.05303,1.05433,0,2022-12-04 20:00:00
1670198400,1.05437,1.05827,1.05391,1.058,0,2022-12-05 00:00:00
1670212800,1.05802,1.05847,1.05303,1.05389,0,2022-12-05 04:00:00
1670227200,1.0539,1.05767,1.05196,1.05643,0,2022-12-05 08:00:00
1670241600,1.05642,1.05948,1.05037,1.05249,0,2022-12-05 12:00:00
1670256000,1.05249,1.05379,1.04814,1.04925,0,2022-12-05 16:00:00
1670270400,1.04924,1.04985,1.048,1.04963,0,2022-12-05 20:00:00
1670284800,1.04966,1.05186,1.04877,1.04924,0,2022-12-06 00:00:00
1670299200,1.04924,1.04991,1.04755,1.04903,0,2022-12-06 04:00:00
1670313600,1.04902,1.05223,1.04789,1.05166,0,2022-12-06 08:00:00
1670328000,1.05166,1.05326,1.04858,1.04987,0,2022-12-06 12:00:00
1670342400,1.04986,1.05288,1.04591,1.0463,0,2022-12-06 16:00:00
1670356800,1.04631,1.04716,1.04619,1.04671,0,2022-12-06 20:00:00
1670371200,1.04671,1.04763,1.04549,1.04669,0,2022-12-07 00:00:00
1670385600,1.04668,1.04708,1.04431,1.04595,0,2022-12-07 04:00:00
1670400000,1.04596,1.05069,1.04496,1.04892,0,2022-12-07 08:00:00
1670414400,1.04893,1.05496,1.0486,1.05039,0,2022-12-07 12:00:00
1670428800,1.05038,1.05284,1.04881,1.05142,0,2022-12-07 16:00:00
1670443200,1.0514,1.05167,1.05011,1.05117,0,2022-12-07 20:00:00
1670457600,1.05118,1.0515,1.04942,1.05037,0,2022-12-08 00:00:00
1670472000,1.05038,1.05309,1.04937,1.05259,0,2022-12-08 04:00:00
1670486400,1.05257,1.05271,1.04895,1.05081,0,2022-12-08 08:00:00
1670500800,1.0508,1.05491,1.05062,1.0545,0,2022-12-08 12:00:00
1670515200,1.05449,1.05647,1.05341,1.056,0,2022-12-08 16:00:00
1670529600,1.05597,1.05633,1.05529,1.05555,0,2022-12-08 20:00:00
1670544000,1.05554,1.05853,1.05517,1.05803,0,2022-12-09 00:00:00
1670558400,1.05809,1.05881,1.05666,1.05679,0,2022-12-09 04:00:00
1670572800,1.05679,1.05767,1.05466,1.05534,0,2022-12-09 08:00:00
1670587200,1.05535,1.05664,1.05027,1.05405,0,2022-12-09 12:00:00
1670601600,1.05405,1.05557,1.05318,1.05467,0,2022-12-09 16:00:00
1670616000,1.05467,1.05477,1.05288,1.05316,0,2022-12-09 20:00:00
1670788800,1.05264,1.05372,1.05179,1.05209,0,2022-12-11 20:00:00
1670803200,1.05209,1.0523,1.05057,1.05149,0,2022-12-12 00:00:00
1670817600,1.0515,1.05366,1.05079,1.05261,0,2022-12-12 04:00:00
1670832000,1.05261,1.05741,1.05199,1.05655,0,2022-12-12 08:00:00
1670846400,1.05655,1.058,1.05204,1.05235,0,2022-12-12 12:00:00
1670860800,1.05234,1.05494,1.05105,1.0522,0,2022-12-12 16:00:00
1670875200,1.05219,1.05422,1.05207,1.05413,0,2022-12-12 20:00:00
1670889600,1.05412,1.0554,1.05333,1.05345,0,2022-12-13 00:00:00
1670904000,1.05346,1.05603,1.05311,1.05512,0,2022-12-13 04:00:00
1670918400,1.05512,1.05606,1.05278,1.05354,0,2022-12-13 08:00:00
1670932800,1.05355,1.06731,1.05325,1.06362,0,2022-12-13 12:00:00
1670947200,1.06364,1.06587,1.06102,1.06359,0,2022-12-13 16:00:00
1670961600,1.06357,1.06381,1.06206,1.06242,0,2022-12-13 20:00:00
1670976000,1.06241,1.06389,1.06231,1.06261,0,2022-12-14 00:00:00
1670990400,1.0626,1.06422,1.06197,1.06295,0,2022-12-14 04:00:00
1671004800,1.06296,1.06718,1.06187,1.06516,0,2022-12-14 08:00:00
1671019200,1.06518,1.06614,1.06314,1.06467,0,2022-12-14 12:00:00
1671033600,1.06469,1.06845,1.06206,1.06636,0,2022-12-14 16:00:00
1671048000,1.06639,1.0695,1.06617,1.06757,0,2022-12-14 20:00:00
1671062400,1.06758,1.06827,1.06541,1.06546,0,2022-12-15 00:00:00
1671076800,1.06544,1.06606,1.06401,1.06409,0,2022-12-15 04:00:00
1671091200,1.0641,1.06467,1.06055,1.06242,0,2022-12-15 08:00:00
1671105600,1.06241,1.07361,1.06138,1.06482,0,2022-12-15 12:00:00
1671120000,1.06481,1.06564,1.05921,1.06306,0,2022-12-15 16:00:00
1671134400,1.06307,1.06388,1.06198,1.06385,0,2022-12-15 20:00:00
1671148800,1.06386,1.06624,1.06342,1.06477,0,2022-12-16 00:00:00
1671163200,1.06478,1.0663,1.06304,1.0631,0,2022-12-16 04:00:00
1671177600,1.06311,1.06604,1.06093,1.0635,0,2022-12-16 08:00:00
1671192000,1.0635,1.06487,1.06078,1.06167,0,2022-12-16 12:00:00
1671206400,1.06167,1.06245,1.05952,1.05993,0,2022-12-16 16:00:00
1671220800,1.05993,1.06062,1.05839,1.05839,0,2022-12-16 20:00:00
1671393600,1.05895,1.05959,1.05824,1.05842,0,2022-12-18 20:00:00
1671408000,1.05842,1.0613,1.0582,1.06084,0,2022-12-19 00:00:00
1671422400,1.06085,1.06378,1.06013,1.06241,0,2022-12-19 04:00:00
1671436800,1.06244,1.06578,1.06041,1.06059,0,2022-12-19 08:00:00
1671451200,1.06059,1.06154,1.05757,1.05795,0,2022-12-19 12:00:00
1671465600,1.05796,1.06309,1.05795,1.06041,0,2022-12-19 16:00:00
1671480000,1.06044,1.06127,1.06005,1.06121,0,2022-12-19 20:00:00
1671494400,1.0612,1.0652,1.05976,1.06081,0,2022-12-20 00:00:00
1671508800,1.06082,1.06157,1.05788,1.06111,0,2022-12-20 04:00:00
1671523200,1.06111,1.0646,1.06037,1.06428,0,2022-12-20 08:00:00
1671537600,1.06428,1.06584,1.05939,1.06399,0,2022-12-20 12:00:00
1671552000,1.06398,1.06419,1.0599,1.06215,0,2022-12-20 16:00:00
1671566400,1.06215,1.0629,1.06137,1.0625,0,2022-12-20 20:00:00
1671580800,1.0625,1.06263,1.06128,1.06164,0,2022-12-21 00:00:00
1671595200,1.06163,1.06345,1.06066,1.06315,0,2022-12-21 04:00:00
1671609600,1.06318,1.06373,1.06046,1.06055,0,2022-12-21 08:00:00
1671624000,1.06058,1.06455,1.05964,1.06152,0,2022-12-21 12:00:00
1671638400,1.06153,1.06199,1.05901,1.06144,0,2022-12-21 16:00:00
1671652800,1.06144,1.06163,1.0601,1.06077,0,2022-12-21 20:00:00
1671667200,1.06077,1.06443,1.06057,1.06431,0,2022-12-22 00:00:00
1671681600,1.06431,1.06495,1.06349,1.0639,0,2022-12-22 04:00:00
1671696000,1.06389,1.06593,1.06138,1.06153,0,2022-12-22 08:00:00
1671710400,1.06153,1.06389,1.05858,1.06018,0,2022-12-22 12:00:00
1671724800,1.06015,1.06059,1.0573,1.05926,0,2022-12-22 16:00:00
1671739200,1.05924,1.0603,1.05881,1.0601,0,2022-12-22 20:00:00
1671753600,1.0601,1.06122,1.05867,1.06075,0,2022-12-23 00:00:00
1671768000,1.06075,1.06305,1.06018,1.06282,0,2022-12-23 04:00:00
1671782400,1.06282,1.06282,1.05961,1.06135,0,2022-12-23 08:00:00
1671796800,1.06135,1.06328,1.05922,1.06134,0,2022-12-23 12:00:00
1671811200,1.06134,1.06299,1.06058,1.06203,0,2022-12-23 16:00:00
1671825600,1.06203,1.06211,1.06123,1.06172,0,2022-12-23 20:00:00
1671998400,1.06114,1.06237,1.06064,1.06191,0,2022-12-25 20:00:00
1672012800,1.06196,1.06344,1.05979,1.06188,0,2022-12-26 00:00:00
1672027200,1.06193,1.06317,1.06185,1.06269,0,2022-12-26 04:00:00
1672041600,1.06271,1.06279,1.06151,1.06246,0,2022-12-26 08:00:00
1672056000,1.06245,1.06329,1.06184,1.06272,0,2022-12-26 12:00:00
1672070400,1.0626,1.06328,1.06238,1.06286,0,2022-12-26 16:00:00
1672084800,1.06287,1.06459,1.06284,1.06397,0,2022-12-26 20:00:00
1672099200,1.06398,1.06604,1.06344,1.06399,0,2022-12-27 00:00:00
1672113600,1.06398,1.06678,1.06389,1.06452,0,2022-12-27 04:00:00
1672128000,1.06452,1.06694,1.06382,1.06542,0,2022-12-27 08:00:00
1672142400,1.0654,1.06573,1.06113,1.06495,0,2022-12-27 12:00:00
1672156800,1.06496,1.06602,1.06334,1.06412,0,2022-12-27 16:00:00
1672171200,1.06413,1.06467,1.06306,1.06369,0,2022-12-27 20:00:00
1672185600,1.06369,1.06429,1.06247,1.06376,0,2022-12-28 00:00:00
1672200000,1.06377,1.06545,1.0636,1.06456,0,2022-12-28 04:00:00
1672214400,1.06456,1.06519,1.06278,1.06463,0,2022-12-28 08:00:00
1672228800,1.06464,1.06742,1.06115,1.06189,0,2022-12-28 12:00:00
1672243200,1.06189,1.06355,1.06128,1.0617,0,2022-12-28 16:00:00
1672257600,1.0617,1.06292,1.06065,1.06288,0,2022-12-28 20:00:00
1672272000,1.06287,1.06372,1.06198,1.0623,0,2022-12-29 00:00:00
1672286400,1.06231,1.06289,1.06109,1.06232,0,2022-12-29 04:00:00
1672300800,1.06234,1.06581,1.06222,1.06379,0,2022-12-29 08:00:00
1672315200,1.06379,1.06698,1.06362,1.06667,0,2022-12-29 12:00:00
1672329600,1.06668,1.06902,1.06567,1.06778,0,2022-12-29 16:00:00
1672344000,1.06779,1.06779,1.0654,1.06601,0,2022-12-29 20:00:00
1672358400,1.06602,1.06692,1.06546,1.06588,0,2022-12-30 00:00:00
1672372800,1.06585,1.06593,1.06385,1.06509,0,2022-12-30 04:00:00
1672387200,1.06511,1.0699,1.06498,1.06759,0,2022-12-30 08:00:00
1672401600,1.06759,1.07011,1.0645,1.06722,0,2022-12-30 12:00:00
1672416000,1.06721,1.07131,1.0671,1.06996,0,2022-12-30 16:00:00
1672430400,1.06996,1.07082,1.06921,1.07054,0,2022-12-30 20:00:00
1672603200,1.0697,1.07066,1.06788,1.07005,0,2023-01-01 20:00:00
1672617600,1.07007,1.07087,1.06862,1.06899,0,2023-01-02 00:00:00
1672632000,1.06896,1.0702,1.06632,1.06786,0,2023-01-02 04:00:00
1672646400,1.06794,1.06994,1.06712,1.06842,0,2023-01-02 08:00:00
1672660800,1.06841,1.0687,1.0658,1.066,0,2023-01-02 12:00:00
1672675200,1.06598,1.06705,1.06499,1.06561,0,2023-01-02 16:00:00
1672689600,1.0656,1.06833,1.06499,1.06765,0,2023-01-02 20:00:00
1672704000,1.06764,1.06783,1.06503,1.06722,0,2023-01-03 00:00:00
1672718400,1.06722,1.06801,1.06199,1.06236,0,2023-01-03 04:00:00
1672732800,1.06237,1.06282,1.05194,1.05282,0,2023-01-03 08:00:00
1672747200,1.05281,1.05973,1.05238,1.05554,0,2023-01-03 12:00:00
1672761600,1.05554,1.05681,1.05371,1.05662,0,2023-01-03 16:00:00
1672776000,1.05664,1.05688,1.05403,1.05455,0,2023-01-03 20:00:00
1672790400,1.05453,1.05697,1.0545,1.05687,0,2023-01-04 00:00:00
1672804800,1.05688,1.06057,1.05594,1.05937,0,2023-01-04 04:00:00
1672819200,1.05938,1.06354,1.059,1.06043,0,2023-01-04 08:00:00
1672833600,1.06044,1.06282,1.0581,1.0603,0,2023-01-04 12:00:00
1672848000,1.0603,1.06205,1.0585,1.06053,0,2023-01-04 16:00:00
1672862400,1.06053,1.06112,1.05997,1.06061,0,2023-01-04 20:00:00
1672876800,1.06058,1.06314,1.06029,1.06069,0,2023-01-05 00:00:00
1672891200,1.0607,1.06199,1.05901,1.06052,0,2023-01-05 04:00:00
1672905600,1.06052,1.06288,1.0603,1.0611,0,2023-01-05 08:00:00
1672920000,1.06111,1.06173,1.05148,1.05181,0,2023-01-05 12:00:00
1672934400,1.05183,1.0543,1.05174,1.053,0,2023-01-05 16:00:00
1672948800,1.05299,1.05306,1.05155,1.05208,0,2023-01-05 20:00:00
1672963200,1.05209,1.05363,1.05188,1.05321,0,2023-01-06 00:00:00
1672977600,1.05319,1.05343,1.05069,1.05124,0,2023-01-06 04:00:00
1672992000,1.05126,1.05309,1.04922,1.0494,0,2023-01-06 08:00:00
1673006400,1.04942,1.06123,1.04823,1.06016,0,2023-01-06 12:00:00
1673020800,1.06018,1.06478,1.05967,1.06453,0,2023-01-06 16:00:00
1673035200,1.06453,1.0648,1.06413,1.06413,0,2023-01-06 20:00:00
1673208000,1.06406,1.06628,1.06381,1.06627,0,2023-01-08 20:00:00
1673222400,1.06628,1.06777,1.06513,1.06675,0,2023-01-09 00:00:00
1673236800,1.06674,1.06947,1.06666,1.0673,0,2023-01-09 04:00:00
1673251200,1.0673,1.06995,1.066,1.06843,0,2023-01-09 08:00:00
1673265600,1.06841,1.07491,1.06807,1.074,0,2023-01-09 12:00:00
1673280000,1.07402,1.07605,1.07374,1.07517,0,2023-01-09 16:00:00
1673294400,1.07517,1.07537,1.0727,1.07326,0,2023-01-09 20:00:00
1673308800,1.07324,1.07424,1.07205,1.07321,0,2023-01-10 00:00:00
1673323200,1.07323,1.0744,1.07219,1.07314,0,2023-01-10 04:00:00
1673337600,1.07316,1.07516,1.07293,1.07349,0,2023-01-10 08:00:00
1673352000,1.07349,1.07592,1.07119,1.07274,0,2023-01-10 12:00:00
1673366400,1.07275,1.07437,1.0724,1.07407,0,2023-01-10 16:00:00
1673380800,1.07409,1.0744,1.07304,1.07382,0,2023-01-10 20:00:00
1673395200,1.07383,1.07453,1.07255,1.07334,0,2023-01-11 00:00:00
1673409600,1.07335,1.07573,1.07318,1.07466,0,2023-01-11 04:00:00
1673424000,1.07465,1.0755,1.07254,1.07481,0,2023-01-11 08:00:00
1673438400,1.07483,1.07762,1.07279,1.07549,0,2023-01-11 12:00:00
1673452800,1.07549,1.0768,1.07348,1.0763,0,2023-01-11 16:00:00
1673467200,1.07629,1.07673,1.07485,1.07652,0,2023-01-11 20:00:00
1673481600,1.07652,1.07745,1.07601,1.07684,0,2023-01-12 00:00:00
1673496000,1.07685,1.0775,1.07555,1.07623,0,2023-01-12 04:00:00
1673510400,1.07626,1.07732,1.07426,1.07616,0,2023-01-12 08:00:00
1673524800,1.07615,1.08387,1.07297,1.08067,0,2023-01-12 12:00:00
1673539200,1.08066,1.08668,1.08023,1.08491,0,2023-01-12 16:00:00
1673553600,1.0849,1.08599,1.08411,1.08595,0,2023-01-12 20:00:00
1673568000,1.08595,1.08679,1.08315,1.08456,0,2023-01-13 00:00:00
1673582400,1.08454,1.08508,1.08315,1.08488,0,2023-01-13 04:00:00
1673596800,1.08487,1.0864,1.08083,1.0812,0,2023-01-13 08:00:00
1673611200,1.08119,1.08386,1.07803,1.08292,0,2023-01-13 12:00:00
1673625600,1.08292,1.08351,1.08009,1.08291,0,2023-01-13 16:00:00
1673640000,1.0829,1.08356,1.08268,1.08302,0,2023-01-13 20:00:00
1673812800,1.08288,1.0835,1.08201,1.08225,0,2023-01-15 20:00:00
1673827200,1.08224,1.08741,1.08211,1.08599,0,2023-01-16 00:00:00
1673841600,1.08599,1.08637,1.08264,1.08308,0,2023-01-16 04:00:00
1673856000,1.08307,1.08364,1.08013,1.08268,0,2023-01-16 08:00:00
1673870400,1.08267,1.0829,1.08058,1.08251,0,2023-01-16 12:00:00
1673884800,1.08251,1.08264,1.08107,1.08192,0,2023-01-16 16:00:00
1673899200,1.08193,1.08323,1.08165,1.08294,0,2023-01-16 20:00:00
1673913600,1.08294,1.08336,1.08061,1.08249,0,2023-01-17 00:00:00
1673928000,1.08249,1.08354,1.08118,1.08279,0,2023-01-17 04:00:00
1673942400,1.0828,1.08385,1.08088,1.08322,0,2023-01-17 08:00:00
1673956800,1.08323,1.08693,1.07949,1.08016,0,2023-01-17 12:00:00
1673971200,1.08016,1.08091,1.07744,1.07932,0,2023-01-17 16:00:00
1673985600,1.07932,1.07968,1.07853,1.07893,0,2023-01-17 20:00:00
1674000000,1.07891,1.07992,1.07661,1.07728,0,2023-01-18 00:00:00
1674014400,1.0773,1.08364,1.07672,1.08252,0,2023-01-18 04:00:00
1674028800,1.08252,1.08714,1.08115,1.0815,0,2023-01-18 08:00:00
1674043200,1.08151,1.08873,1.08149,1.0833,0,2023-01-18 12:00:00
1674057600,1.08332,1.08357,1.07866,1.07948,0,2023-01-18 16:00:00
1674072000,1.07947,1.07978,1.07872,1.07972,0,2023-01-18 20:00:00
1674086400,1.07974,1.08054,1.07821,1.08005,0,2023-01-19 00:00:00
1674100800,1.08005,1.08138,1.07825,1.08076,0,2023-01-19 04:00:00
1674115200,1.08078,1.0838,1.08031,1.08216,0,2023-01-19 08:00:00
1674129600,1.08216,1.0827,1.07837,1.0789,0,2023-01-19 12:00:00
1674144000,1.07892,1.08356,1.07872,1.08304,0,2023-01-19 16:00:00
1674158400,1.08303,1.08398,1.08265,1.08333,0,2023-01-19 20:00:00
1674172800,1.08332,1.0844,1.08279,1.08343,0,2023-01-20 00:00:00
1674187200,1.08343,1.08464,1.08207,1.08399,0,2023-01-20 04:00:00
1674201600,1.08401,1.08587,1.08243,1.08247,0,2023-01-20 08:00:00
1674216000,1.08248,1.08477,1.08022,1.08309,0,2023-01-20 12:00:00
1674230400,1.08309,1.08582,1.08272,1.08539,0,2023-01-20 16:00:00
1674244800,1.0854,1.08581,1.08519,1.08549,0,2023-01-20 20:00:00
1674417600,1.08678,1.08696,1.08611,1.08643,0,2023-01-22 20:00:00
1674432000,1.08639,1.09029,1.08639,1.08983,0,2023-01-23 00:00:00
1674446400,1.08986,1.09267,1.08871,1.09141,0,2023-01-23 04:00:00
1674460800,1.09141,1.09203,1.08787,1.08811,0,2023-01-23 08:00:00
1674475200,1.08811,1.08831,1.08461,1.08646,0,2023-01-23 12:00:00
1674489600,1.08645,1.08757,1.08474,1.08587,0,2023-01-23 16:00:00
1674504000,1.08588,1.08759,1.0857,1.08711,0,2023-01-23 20:00:00
1674518400,1.08711,1.08828,1.08674,1.08743,0,2023-01-24 00:00:00
1674532800,1.08742,1.08978,1.08692,1.08885,0,2023-01-24 04:00:00
1674547200,1.08886,1.08957,1.08517,1.08665,0,2023-01-24 08:00:00
1674561600,1.08665,1.08807,1.08349,1.0875,0,2023-01-24 12:00:00
1674576000,1.08751,1.08887,1.08669,1.08835,0,2023-01-24 16:00:00
1674590400,1.08836,1.08903,1.08789,1.08897,0,2023-01-24 20:00:00
1674604800,1.08899,1.09013,1.08807,1.08971,0,2023-01-25 00:00:00
1674619200,1.08971,1.0911,1.08784,1.08809,0,2023-01-25 04:00:00
1674633600,1.08808,1.08918,1.08571,1.08645,0,2023-01-25 08:00:00
1674648000,1.08646,1.09236,1.08585,1.09021,0,2023-01-25 12:00:00
1674662400,1.09018,1.0918,1.08741,1.09144,0,2023-01-25 16:00:00
1674676800,1.09145,1.09228,1.09063,1.09206,0,2023-01-25 20:00:00
1674691200,1.09206,1.09246,1.09069,1.09131,0,2023-01-26 00:00:00
1674705600,1.09129,1.09293,1.09064,1.09194,0,2023-01-26 04:00:00
1674720000,1.09195,1.09279,1.08924,1.09027,0,2023-01-26 08:00:00
1674734400,1.09028,1.09173,1.08508,1.08551,0,2023-01-26 12:00:00
1674748800,1.08551,1.08903,1.08505,1.0889,0,2023-01-26 16:00:00
1674763200,1.0889,1.08963,1.08862,1.0893,0,2023-01-26 20:00:00
1674777600,1.0893,1.09001,1.08704,1.08735,0,2023-01-27 00:00:00
1674792000,1.08735,1.08793,1.08654,1.08734,0,2023-01-27 04:00:00
1674806400,1.08738,1.08953,1.08654,1.08891,0,2023-01-27 08:00:00
1674820800,1.08789,1.08807,1.08377,1.08385,0,2023-01-27 12:00:00
1674835200,1.08385,1.08721,1.08381,1.08683,0,2023-01-27 16:00:00
1674849600,1.08684,1.08728,1.08639,1.08649,0,2023-01-27 20:00:00
1675022400,1.08643,1.08724,1.08595,1.08717,0,2023-01-29 20:00:00
1675036800,1.08718,1.08753,1.0861,1.08684,0,2023-01-30 00:00:00
1675051200,1.08684,1.08792,1.08528,1.08594,0,2023-01-30 04:00:00
1675065600,1.08595,1.09137,1.08595,1.08961,0,2023-01-30 08:00:00
1675080000,1.08962,1.0911,1.08674,1.08706,0,2023-01-30 12:00:00
1675094400,1.08707,1.08747,1.08389,1.08461,0,2023-01-30 16:00:00
1675108800,1.08459,1.08544,1.08439,1.08499,0,2023-01-30 20:00:00
1675123200,1.085,1.08599,1.0844,1.08444,0,2023-01-31 00:00:00
1675137600,1.08445,1.08496,1.08315,1.08438,0,2023-01-31 04:00:00
1675152000,1.08439,1.08446,1.08019,1.08357,0,2023-01-31 08:00:00
1675166400,1.0836,1.08642,1.08254,1.086,0,2023-01-31 12:00:00
1675180800,1.08598,1.08747,1.08504,1.08637,0,2023-01-31 16:00:00
1675195200,1.08639,1.08729,1.08597,1.08606,0,2023-01-31 20:00:00
1675209600,1.08605,1.08638,1.0852,1.08626,0,2023-02-01 00:00:00
1675224000,1.08625,1.08835,1.08624,1.08798,0,2023-02-01 04:00:00
1675238400,1.08801,1.08967,1.08695,1.08924,0,2023-02-01 08:00:00
1675252800,1.08924,1.09247,1.0888,1.09196,0,2023-02-01 12:00:00
1675267200,1.09195,1.09857,1.08885,1.09777,0,2023-02-01 16:00:00
1675281600,1.09778,1.10327,1.09693,1.10124,0,2023-02-01 20:00:00
1675296000,1.10123,1.10266,1.1006,1.10174,0,2023-02-02 00:00:00
1675310400,1.10174,1.10253,1.09913,1.09933,0,2023-02-02 04:00:00
1675324800,1.09933,1.10103,1.09803,1.0999,0,2023-02-02 08:00:00
1675339200,1.0999,1.10043,1.08851,1.09366,0,2023-02-02 12:00:00
1675353600,1.09366,1.09488,1.0905,1.09077,0,2023-02-02 16:00:00
1675368000,1.09077,1.09161,1.09043,1.09043,0,2023-02-02 20:00:00
1675382400,1.09044,1.0905,1.08878,1.08938,0,2023-02-03 00:00:00
1675396800,1.08937,1.09059,1.08818,1.08994,0,2023-02-03 04:00:00
1675411200,1.08995,1.09368,1.08845,1.0929,0,2023-02-03 08:00:00
1675425600,1.0929,1.09399,1.08092,1.08582,0,2023-02-03 12:00:00
1675440000,1.08582,1.08613,1.08017,1.08044,0,2023-02-03 16:00:00
1675454400,1.08046,1.08048,1.07924,1.07929,0,2023-02-03 20:00:00
1675627200,1.0782,1.07981,1.07817,1.07891,0,2023-02-05 20:00:00
1675641600,1.0789,1.07982,1.07813,1.079,0,2023-02-06 00:00:00
1675656000,1.079,1.07987,1.07799,1.07799,0,2023-02-06 04:00:00
1675670400,1.07798,1.0795,1.07565,1.07662,0,2023-02-06 08:00:00
1675684800,1.0766,1.0783,1.0722,1.07302,0,2023-02-06 12:00:00
1675699200,1.07301,1.07392,1.07092,1.07247,0,2023-02-06 16:00:00
1675713600,1.07244,1.07308,1.07185,1.07289,0,2023-02-06 20:00:00
1675728000,1.07288,1.07425,1.07279,1.0738,0,2023-02-07 00:00:00
1675742400,1.0738,1.07436,1.07229,1.07239,0,2023-02-07 04:00:00
1675756800,1.07242,1.07347,1.06968,1.07047,0,2023-02-07 08:00:00
1675771200,1.07049,1.07122,1.0669,1.06926,0,2023-02-07 12:00:00
1675785600,1.06926,1.07664,1.06872,1.07191,0,2023-02-07 16:00:00
1675800000,1.07192,1.07307,1.07081,1.07301,0,2023-02-07 20:00:00
1675814400,1.07303,1.07349,1.0723,1.07321,0,2023-02-08 00:00:00
1675828800,1.0732,1.07596,1.07238,1.07586,0,2023-02-08 04:00:00
1675843200,1.07586,1.07607,1.07327,1.07348,0,2023-02-08 08:00:00
1675857600,1.07348,1.0749,1.07137,1.07251,0,2023-02-08 12:00:00
1675872000,1.07251,1.074,1.07186,1.07229,0,2023-02-08 16:00:00
1675886400,1.07229,1.07244,1.07092,1.07151,0,2023-02-08 20:00:00
1675900800,1.07152,1.07326,1.07093,1.07293,0,2023-02-09 00:00:00
1675915200,1.07294,1.07446,1.07239,1.07329,0,2023-02-09 04:00:00
1675929600,1.0733,1.07783,1.07324,1.0763,0,2023-02-09 08:00:00
1675944000,1.0763,1.07907,1.0759,1.07626,0,2023-02-09 12:00:00
1675958400,1.07625,1.07631,1.07329,1.07372,0,2023-02-09 16:00:00
1675972800,1.07372,1.07412,1.07312,1.0739,0,2023-02-09 20:00:00
1675987200,1.07391,1.07395,1.07173,1.07205,0,2023-02-10 00:00:00
1676001600,1.07206,1.07445,1.07171,1.07408,0,2023-02-10 04:00:00
1676016000,1.0741,1.07525,1.06915,1.06983,0,2023-02-10 08:00:00
1676030400,1.06984,1.07067,1.06743,1.06767,0,2023-02-10 12:00:00
1676044800,1.06768,1.06868,1.06661,1.0673,0,2023-02-10 16:00:00
1676059200,1.06732,1.06807,1.06731,1.06754,0,2023-02-10 20:00:00
1676232000,1.06808,1.06821,1.06708,1.06771,0,2023-02-12 20:00:00
1676246400,1.06771,1.06787,1.06553,1.06604,0,2023-02-13 00:00:00
1676260800,1.06605,1.06897,1.06604,1.06828,0,2023-02-13 04:00:00
1676275200,1.06829,1.06854,1.0663,1.06757,0,2023-02-13 08:00:00
1676289600,1.06757,1.07272,1.06735,1.07195,0,2023-02-13 12:00:00
1676304000,1.07196,1.07297,1.07102,1.07171,0,2023-02-13 16:00:00
1676318400,1.07171,1.07322,1.07139,1.07308,0,2023-02-13 20:00:00
1676332800,1.07308,1.07367,1.07253,1.07342,0,2023-02-14 00:00:00
1676347200,1.07343,1.07463,1.07286,1.07316,0,2023-02-14 04:00:00
1676361600,1.07317,1.07668,1.07287,1.0755,0,2023-02-14 08:00:00
1676376000,1.07549,1.08044,1.07066,1.07156,0,2023-02-14 12:00:00
1676390400,1.07156,1.07454,1.07122,1.07393,0,2023-02-14 16:00:00
1676404800,1.07393,1.07421,1.07321,1.0735,0,2023-02-14 20:00:00
1676419200,1.07351,1.07443,1.0717,1.07179,0,2023-02-15 00:00:00
1676433600,1.07179,1.0721,1.06997,1.07079,0,2023-02-15 04:00:00
1676448000,1.0708,1.07327,1.07047,1.07108,0,2023-02-15 08:00:00
1676462400,1.07109,1.07179,1.06649,1.06758,0,2023-02-15 12:00:00
1676476800,1.06757,1.06875,1.06604,1.06808,0,2023-02-15 16:00:00
1676491200,1.0681,1.06922,1.06797,1.06912,0,2023-02-15 20:00:00
1676505600,1.06913,1.07147,1.06843,1.07093,0,2023-02-16 00:00:00
1676520000,1.07093,1.07104,1.0696,1.0709,0,2023-02-16 04:00:00
1676534400,1.07087,1.07222,1.06888,1.0705,0,2023-02-16 08:00:00
1676548800,1.0705,1.07086,1.06544,1.06729,0,2023-02-16 12:00:00
1676563200,1.06731,1.06973,1.06681,1.06902,0,2023-02-16 16:00:00
1676577600,1.06901,1.06907,1.06622,1.06653,0,2023-02-16 20:00:00
1676592000,1.06653,1.06654,1.06487,1.06525,0,2023-02-17 00:00:00
1676606400,1.06523,1.06529,1.06292,1.06437,0,2023-02-17 04:00:00
1676620800,1.06438,1.06611,1.06236,1.06256,0,2023-02-17 08:00:00
1676635200,1.06257,1.06819,1.06126,1.06619,0,2023-02-17 12:00:00
1676649600,1.0662,1.06967,1.06566,1.06961,0,2023-02-17 16:00:00
1676664000,1.06962,1.06982,1.06925,1.06929,0,2023-02-17 20:00:00
1676836800,1.06849,1.06933,1.06844,1.06905,0,2023-02-19 20:00:00
1676851200,1.0684,1.06864,1.06728,1.06816,0,2023-02-20 00:00:00
1676865600,1.06816,1.07035,1.06813,1.07015,0,2023-02-20 04:00:00
1676880000,1.07015,1.07044,1.0678,1.06881,0,2023-02-20 08:00:00
1676894400,1.06852,1.06913,1.06704,1.06886,0,2023-02-20 12:00:00
1676908800,1.06861,1.0689,1.06829,1.06832,0,2023-02-20 16:00:00
1676923200,1.06871,1.06874,1.06835,1.06848,0,2023-02-20 20:00:00
1676937600,1.06821,1.06849,1.0662,1.06665,0,2023-02-21 00:00:00
1676952000,1.06667,1.06739,1.06599,1.06696,0,2023-02-21 04:00:00
1676966400,1.06696,1.06883,1.06425,1.06571,0,2023-02-21 08:00:00
1676980800,1.06598,1.0698,1.06456,1.0685,0,2023-02-21 12:00:00
1676995200,1.06561,1.06626,1.06397,1.06484,0,2023-02-21 16:00:00
1677009600,1.06455,1.06534,1.0643,1.06512,0,2023-02-21 20:00:00
1677024000,1.06513,1.06638,1.06485,1.06596,0,2023-02-22 00:00:00
1677038400,1.06594,1.06632,1.0651,1.06534,0,2023-02-22 04:00:00
1677052800,1.06532,1.06576,1.06245,1.063,0,2023-02-22 08:00:00
1677067200,1.06477,1.06573,1.06249,1.06267,0,2023-02-22 12:00:00
1677081600,1.0628,1.06359,1.06219,1.06243,0,2023-02-22 16:00:00
1677096000,1.06009,1.06071,1.05989,1.06049,0,2023-02-22 20:00:00
1677110400,1.06053,1.06247,1.06052,1.06223,0,2023-02-23 00:00:00
1677124800,1.06222,1.06275,1.06102,1.06164,0,2023-02-23 04:00:00
1677139200,1.06163,1.06176,1.0587,1.05977,0,2023-02-23 08:00:00
1677153600,1.06037,1.0619,1.05949,1.06068,0,2023-02-23 12:00:00
1677168000,1.05969,1.05981,1.0579,1.05881,0,2023-02-23 16:00:00
1677182400,1.05955,1.06032,1.05927,1.05953,0,2023-02-23 20:00:00
1677196800,1.05973,1.06141,1.05932,1.05998,0,2023-02-24 00:00:00
1677211200,1.05998,1.06021,1.05883,1.05893,0,2023-02-24 04:00:00
1677225600,1.05893,1.05959,1.05797,1.05865,0,2023-02-24 08:00:00
1677240000,1.05794,1.05794,1.05359,1.05475,0,2023-02-24 12:00:00
1677254400,1.0542,1.05597,1.05399,1.05452,0,2023-02-24 16:00:00
1677268800,1.05505,1.05555,1.05462,1.05469,0,2023-02-24 20:00:00
1677441600,1.05451,1.05483,1.05439,1.05456,0,2023-02-26 20:00:00
1677456000,1.05533,1.05598,1.054,1.0544,0,2023-02-27 00:00:00
1677470400,1.05441,1.05528,1.05328,1.05476,0,2023-02-27 04:00:00
1677484800,1.05478,1.05677,1.05478,1.05675,0,2023-02-27 08:00:00
1677499200,1.0562,1.05938,1.05554,1.05895,0,2023-02-27 12:00:00
1677513600,1.06008,1.06075,1.05795,1.06065,0,2023-02-27 16:00:00
1677528000,1.06074,1.06095,1.06014,1.06057,0,2023-02-27 20:00:00
1677542400,1.06094,1.06148,1.05855,1.05923,0,2023-02-28 00:00:00
1677556800,1.05922,1.05966,1.05817,1.05932,0,2023-02-28 04:00:00
1677571200,1.05938,1.0626,1.05938,1.0616,0,2023-02-28 08:00:00
1677585600,1.0609,1.06406,1.06058,1.06342,0,2023-02-28 12:00:00
1677600000,1.06051,1.06169,1.0588,1.05912,0,2023-02-28 16:00:00
1677614400,1.05835,1.05838,1.05726,1.05788,0,2023-02-28 20:00:00
1677628800,1.05767,1.05955,1.05651,1.0593,0,2023-03-01 00:00:00
1677643200,1.0593,1.0645,1.05879,1.06415,0,2023-03-01 04:00:00
1677657600,1.06415,1.06739,1.06254,1.06695,0,2023-03-01 08:00:00
1677672000,1.06865,1.06913,1.06434,1.06721,0,2023-03-01 12:00:00
1677686400,1.0673,1.06779,1.06463,1.0657,0,2023-03-01 16:00:00
1677700800,1.06647,1.06723,1.06645,1.06684,0,2023-03-01 20:00:00
1677715200,1.06684,1.06726,1.06444,1.06456,0,2023-03-02 00:00:00
1677729600,1.06456,1.06507,1.06321,1.06361,0,2023-03-02 04:00:00
1677744000,1.06362,1.06429,1.06129,1.06138,0,2023-03-02 08:00:00
1677758400,1.06057,1.06145,1.05819,1.06086,0,2023-03-02 12:00:00
1677772800,1.05939,1.05948,1.05764,1.05927,0,2023-03-02 16:00:00
1677787200,1.06002,1.06003,1.05946,1.05977,0,2023-03-02 20:00:00
1677801600,1.05982,1.06148,1.05966,1.06061,0,2023-03-03 00:00:00
1677816000,1.06062,1.06231,1.06051,1.06097,0,2023-03-03 04:00:00
1677830400,1.06098,1.0629,1.06003,1.06165,0,2023-03-03 08:00:00
1677844800,1.06144,1.06294,1.06029,1.06135,0,2023-03-03 12:00:00
1677859200,1.05976,1.06273,1.05924,1.06242,0,2023-03-03 16:00:00
1677873600,1.06344,1.06384,1.06302,1.0635,0,2023-03-03 20:00:00
1678046400,1.06266,1.06288,1.06232,1.06254,0,2023-03-05 20:00:00
1678060800,1.06255,1.06498,1.0624,1.06456,0,2023-03-06 00:00:00
1678075200,1.06457,1.06568,1.0637,1.06482,0,2023-03-06 04:00:00
1678089600,1.0648,1.06572,1.06219,1.06393,0,2023-03-06 08:00:00
1678104000,1.06393,1.06894,1.06321,1.06785,0,2023-03-06 12:00:00
1678118400,1.06933,1.06942,1.06682,1.06754,0,2023-03-06 16:00:00
1678132800,1.0677,1.06868,1.06757,1.06854,0,2023-03-06 20:00:00
1678147200,1.06853,1.06925,1.06763,1.06909,0,2023-03-07 00:00:00
1678161600,1.06908,1.06943,1.06744,1.06854,0,2023-03-07 04:00:00
1678176000,1.06853,1.06862,1.06542,1.06607,0,2023-03-07 08:00:00
1678190400,1.06693,1.06719,1.06401,1.06477,0,2023-03-07 12:00:00
1678204800,1.05725,1.0588,1.0552,1.05558,0,2023-03-07 16:00:00
1678219200,1.05505,1.05534,1.05471,1.05506,0,2023-03-07 20:00:00
1678233600,1.05482,1.05504,1.05274,1.05292,0,2023-03-08 00:00:00
1678248000,1.05292,1.05469,1.05241,1.05434,0,2023-03-08 04:00:00
1678262400,1.05434,1.05484,1.0534,1.05377,0,2023-03-08 08:00:00
1678276800,1.05466,1.05614,1.05367,1.0556,0,2023-03-08 12:00:00
1678291200,1.05474,1.05519,1.05412,1.05456,0,2023-03-08 16:00:00
1678305600,1.05472,1.05475,1.05415,1.05424,0,2023-03-08 20:00:00
1678320000,1.05488,1.05532,1.05378,1.05491,0,2023-03-09 00:00:00
1678334400,1.05492,1.05596,1.05457,1.05562,0,2023-03-09 04:00:00
1678348800,1.05562,1.05812,1.0548,1.05709,0,2023-03-09 08:00:00
1678363200,1.05591,1.05862,1.05524,1.05773,0,2023-03-09 12:00:00
1678377600,1.05686,1.059,1.05635,1.05895,0,2023-03-09 16:00:00
1678392000,1.0579,1.05856,1.0575,1.05856,0,2023-03-09 20:00:00
1678406400,1.05855,1.05993,1.05791,1.05967,0,2023-03-10 00:00:00
1678420800,1.05967,1.06066,1.05809,1.05948,0,2023-03-10 04:00:00
1678435200,1.05946,1.06036,1.05738,1.05875,0,2023-03-10 08:00:00
1678449600,1.05896,1.06743,1.05806,1.06662,0,2023-03-10 12:00:00
1678464000,1.06873,1.06873,1.06396,1.06428,0,2023-03-10 16:00:00
1678478400,1.06434,1.06479,1.06364,1.06368,0,2023-03-10 20:00:00
1678651200,1.06808,1.06968,1.0674,1.0694,0,2023-03-12 20:00:00
1678665600,1.06811,1.07369,1.06637,1.07168,0,2023-03-13 00:00:00
1678680000,1.0717,1.07372,1.07131,1.07251,0,2023-03-13 04:00:00
1678694400,1.07253,1.07288,1.06602,1.06739,0,2023-03-13 08:00:00
1678708800,1.0664,1.07333,1.065,1.07332,0,2023-03-13 12:00:00
1678723200,1.07332,1.07423,1.07208,1.07295,0,2023-03-13 16:00:00
1678737600,1.07295,1.07328,1.07223,1.07228,0,2023-03-13 20:00:00
1678752000,1.07228,1.07241,1.06987,1.07025,0,2023-03-14 00:00:00
1678766400,1.07028,1.07153,1.06787,1.06895,0,2023-03-14 04:00:00
1678780800,1.06895,1.07282,1.06829,1.07217,0,2023-03-14 08:00:00
1678795200,1.07219,1.07486,1.06979,1.0708,0,2023-03-14 12:00:00
1678809600,1.0721,1.07431,1.07104,1.07414,0,2023-03-14 16:00:00
1678824000,1.0732,1.07349,1.07252,1.07267,0,2023-03-14 20:00:00
1678838400,1.07267,1.07597,1.0725,1.07508,0,2023-03-15 00:00:00
1678852800,1.07509,1.07537,1.07274,1.07371,0,2023-03-15 04:00:00
1678867200,1.07373,1.07435,1.06196,1.06269,0,2023-03-15 08:00:00
1678881600,1.05562,1.05583,1.05158,1.05338,0,2023-03-15 12:00:00
1678896000,1.0542,1.05923,1.05419,1.05801,0,2023-03-15 16:00:00
1678910400,1.0577,1.05816,1.05739,1.0578,0,2023-03-15 20:00:00
1678924800,1.05814,1.05991,1.05729,1.05985,0,2023-03-16 00:00:00
1678939200,1.05986,1.0628,1.05927,1.06247,0,2023-03-16 04:00:00
1678953600,1.0625,1.06353,1.05999,1.06159,0,2023-03-16 08:00:00
1678968000,1.0613,1.06201,1.05728,1.06003,0,2023-03-16 12:00:00
1678982400,1.06214,1.06251,1.05915,1.05921,0,2023-03-16 16:00:00
1678996800,1.06147,1.0617,1.06099,1.06122,0,2023-03-16 20:00:00
1679011200,1.06136,1.06447,1.06116,1.06402,0,2023-03-17 00:00:00
1679025600,1.06402,1.06693,1.06388,1.06625,0,2023-03-17 04:00:00
1679040000,1.06625,1.06699,1.06251,1.06331,0,2023-03-17 08:00:00
1679054400,1.06295,1.06442,1.06122,1.06334,0,2023-03-17 12:00:00
1679068800,1.06461,1.06852,1.06421,1.06806,0,2023-03-17 16:00:00
1679083200,1.06613,1.06666,1.06584,1.06647,0,2023-03-17 20:00:00
1679256000,1.06821,1.06885,1.06661,1.06699,0,2023-03-19 20:00:00
1679270400,1.06806,1.06898,1.06646,1.06692,0,2023-03-20 00:00:00
1679284800,1.06691,1.0681,1.06416,1.06554,0,2023-03-20 04:00:00
1679299200,1.06554,1.06994,1.06311,1.06959,0,2023-03-20 08:00:00
1679313600,1.07071,1.07295,1.07017,1.07267,0,2023-03-20 12:00:00
1679328000,1.07211,1.07256,1.07067,1.07242,0,2023-03-20 16:00:00
1679342400,1.07231,1.0724,1.07193,1.07224,0,2023-03-20 20:00:00
1679356800,1.07185,1.0726,1.0714,1.07157,0,2023-03-21 00:00:00
1679371200,1.07158,1.07219,1.07038,1.07189,0,2023-03-21 04:00:00
1679385600,1.0719,1.07644,1.07161,1.07633,0,2023-03-21 08:00:00
1679400000,1.07787,1.07825,1.07607,1.07741,0,2023-03-21 12:00:00
1679414400,1.07686,1.07783,1.07561,1.07647,0,2023-03-21 16:00:00
1679428800,1.07695,1.07719,1.07656,1.07697,0,2023-03-21 20:00:00
1679443200,1.07725,1.07767,1.07652,1.07698,0,2023-03-22 00:00:00
1679457600,1.07698,1.0775,1.0759,1.07657,0,2023-03-22 04:00:00
1679472000,1.07658,1.0798,1.0765,1.07972,0,2023-03-22 08:00:00
1679486400,1.07818,1.07957,1.07757,1.07912,0,2023-03-22 12:00:00
1679500800,1.07988,1.08925,1.07897,1.08653,0,2023-03-22 16:00:00
1679515200,1.08535,1.08717,1.08531,1.08688,0,2023-03-22 20:00:00
1679529600,1.08689,1.09056,1.08684,1.09008,0,2023-03-23 00:00:00
1679544000,1.09007,1.09296,1.08949,1.0906,0,2023-03-23 04:00:00
1679558400,1.09061,1.09104,1.08696,1.08759,0,2023-03-23 08:00:00
1679572800,1.08731,1.09079,1.08729,1.08898,0,2023-03-23 12:00:00
1679587200,1.08955,1.08955,1.0824,1.08397,0,2023-03-23 16:00:00
1679601600,1.08316,1.08356,1.08313,1.08345,0,2023-03-23 20:00:00
1679616000,1.08347,1.08351,1.08171,1.08286,0,2023-03-24 00:00:00
1679630400,1.08286,1.0837,1.08226,1.0828,0,2023-03-24 04:00:00
1679644800,1.08281,1.08309,1.07131,1.0738,0,2023-03-24 08:00:00
1679659200,1.0738,1.07638,1.07229,1.07611,0,2023-03-24 12:00:00
1679673600,1.0757,1.07675,1.07553,1.07589,0,2023-03-24 16:00:00
1679860800,1.07752,1.07798,1.07648,1.07774,0,2023-03-26 20:00:00
1679875200,1.07775,1.07775,1.07575,1.07697,0,2023-03-27 00:00:00
1679889600,1.07696,1.07747,1.0751,1.07632,0,2023-03-27 04:00:00
1679904000,1.07632,1.07821,1.07449,1.07677,0,2023-03-27 08:00:00
1679918400,1.07731,1.07948,1.07701,1.07815,0,2023-03-27 12:00:00
1679932800,1.07876,1.07965,1.07864,1.07957,0,2023-03-27 16:00:00
1679947200,1.07977,1.07977,1.07948,1.07967,0,2023-03-27 20:00:00
1679961600,1.07992,1.08194,1.07987,1.08138,0,2023-03-28 00:00:00
1679976000,1.08139,1.08189,1.0806,1.0808,0,2023-03-28 04:00:00
1679990400,1.08081,1.08339,1.08081,1.08161,0,2023-03-28 08:00:00
1680004800,1.08227,1.08392,1.08204,1.08242,0,2023-03-28 12:00:00
1680019200,1.0832,1.08459,1.08311,1.08376,0,2023-03-28 16:00:00
1680033600,1.08431,1.08485,1.08392,1.08399,0,2023-03-28 20:00:00
1680048000,1.08413,1.08494,1.08364,1.08378,0,2023-03-29 00:00:00
1680062400,1.08378,1.08438,1.08226,1.08226,0,2023-03-29 04:00:00
1680076800,1.08228,1.08627,1.08177,1.08597,0,2023-03-29 08:00:00
1680091200,1.08575,1.08713,1.08327,1.08465,0,2023-03-29 12:00:00
1680105600,1.08311,1.08481,1.08246,1.08464,0,2023-03-29 16:00:00
1680120000,1.08443,1.08468,1.08391,1.08407,0,2023-03-29 20:00:00
1680134400,1.08444,1.08458,1.08273,1.08304,0,2023-03-30 00:00:00
1680148800,1.08304,1.08504,1.08263,1.08463,0,2023-03-30 04:00:00
1680163200,1.08462,1.08793,1.08235,1.08605,0,2023-03-30 08:00:00
1680177600,1.08785,1.09262,1.08723,1.09169,0,2023-03-30 12:00:00
1680192000,1.09125,1.09132,1.0892,1.08998,0,2023-03-30 16:00:00
1680206400,1.09052,1.09077,1.09023,1.09046,0,2023-03-30 20:00:00
1680220800,1.09022,1.09257,1.09018,1.09073,0,2023-03-31 00:00:00
1680235200,1.09072,1.09094,1.08877,1.09038,0,2023-03-31 04:00:00
1680249600,1.09039,1.09107,1.08675,1.0869,0,2023-03-31 08:00:00
1680264000,1.08672,1.09018,1.08574,1.08668,0,2023-03-31 12:00:00
1680278400,1.08718,1.08723,1.08518,1.08554,0,2023-03-31 16:00:00
1680292800,1.08457,1.0846,1.08368,1.08386,0,2023-03-31 20:00:00
1680465600,1.08398,1.0844,1.08398,1.08418,0,2023-04-02 20:00:00
1680480000,1.08192,1.08229,1.0791,1.07937,0,2023-04-03 00:00:00
1680494400,1.07941,1.08161,1.07882,1.0815,0,2023-04-03 04:00:00
1680508800,1.08148,1.0872,1.08124,1.08702,0,2023-04-03 08:00:00
1680523200,1.08702,1.08777,1.08607,1.08765,0,2023-04-03 12:00:00
1680537600,1.08871,1.08939,1.08784,1.08886,0,2023-04-03 16:00:00
1680552000,1.08966,1.09082,1.08946,1.09,0,2023-04-03 20:00:00
1680566400,1.09036,1.09097,1.08884,1.08907,0,2023-04-04 00:00:00
1680580800,1.08908,1.09082,1.08828,1.0907,0,2023-04-04 04:00:00
1680595200,1.09072,1.0938,1.0902,1.09207,0,2023-04-04 08:00:00
1680609600,1.08974,1.09092,1.08867,1.08911,0,2023-04-04 12:00:00
1680624000,1.09693,1.09701,1.09432,1.09532,0,2023-04-04 16:00:00
1680638400,1.09572,1.09597,1.09522,1.09573,0,2023-04-04 20:00:00
1680652800,1.09576,1.09695,1.09564,1.09608,0,2023-04-05 00:00:00
1680667200,1.09607,1.09626,1.09466,1.09484,0,2023-04-05 04:00:00
1680681600,1.09485,1.09673,1.09408,1.09457,0,2023-04-05 08:00:00
1680696000,1.09578,1.09668,1.09027,1.09101,0,2023-04-05 12:00:00
1680710400,1.09173,1.09197,1.08962,1.09088,0,2023-04-05 16:00:00
1680724800,1.09035,1.09103,1.09011,1.09097,0,2023-04-05 20:00:00
1680739200,1.09099,1.09099,1.08845,1.08864,0,2023-04-06 00:00:00
1680753600,1.08865,1.09064,1.08859,1.09022,0,2023-04-06 04:00:00
1680768000,1.09022,1.0917,1.08923,1.08997,0,2023-04-06 08:00:00
1680782400,1.08997,1.09238,1.08858,1.09231,0,2023-04-06 12:00:00
1680796800,1.09231,1.09375,1.09195,1.0931,0,2023-04-06 16:00:00
1680811200,1.0931,1.09312,1.09156,1.09163,0,2023-04-06 20:00:00
1680825600,1.09162,1.09206,1.09161,1.09194,0,2023-04-07 00:00:00
1681070400,1.0898,1.09049,1.0898,1.08993,0,2023-04-09 20:00:00
1681084800,1.09094,1.09145,1.08972,1.08984,0,2023-04-10 00:00:00
1681099200,1.08985,1.09054,1.08908,1.09048,0,2023-04-10 04:00:00
1681113600,1.0905,1.09171,1.09042,1.09059,0,2023-04-10 08:00:00
1681128000,1.09061,1.09082,1.0847,1.08489,0,2023-04-10 12:00:00
1681142400,1.08382,1.08523,1.08373,1.08475,0,2023-04-10 16:00:00
1681156800,1.08591,1.08657,1.0855,1.08648,0,2023-04-10 20:00:00
1681171200,1.08687,1.08853,1.0867,1.08825,0,2023-04-11 00:00:00
1681185600,1.08824,1.08973,1.08794,1.08841,0,2023-04-11 04:00:00
1681200000,1.08842,1.09266,1.08835,1.09226,0,2023-04-11 08:00:00
1681214400,1.0905,1.09279,1.09022,1.09111,0,2023-04-11 12:00:00
1681228800,1.08988,1.09117,1.0896,1.09074,0,2023-04-11 16:00:00
1681243200,1.0914,1.09176,1.09112,1.09167,0,2023-04-11 20:00:00
1681257600,1.09163,1.09287,1.09147,1.0919,0,2023-04-12 00:00:00
1681272000,1.0919,1.09373,1.09159,1.09266,0,2023-04-12 04:00:00
1681286400,1.09265,1.09359,1.0918,1.09245,0,2023-04-12 08:00:00
1681300800,1.09225,1.09898,1.09196,1.09638,0,2023-04-12 12:00:00
1681315200,1.09759,1.09988,1.09702,1.09937,0,2023-04-12 16:00:00
1681329600,1.09946,1.09965,1.09865,1.0995,0,2023-04-12 20:00:00
1681344000,1.09967,1.10049,1.09878,1.09927,0,2023-04-13 00:00:00
1681358400,1.09924,1.09934,1.09767,1.0981,0,2023-04-13 04:00:00
1681372800,1.0981,1.10316,1.09809,1.10232,0,2023-04-13 08:00:00
1681387200,1.10141,1.10676,1.10084,1.10645,0,2023-04-13 12:00:00
1681401600,1.10469,1.10615,1.10461,1.10526,0,2023-04-13 16:00:00
1681416000,1.10484,1.10495,1.10443,1.10455,0,2023-04-13 20:00:00
1681430400,1.1048,1.10751,1.10479,1.10702,0,2023-04-14 00:00:00
1681444800,1.10701,1.10758,1.10619,1.10668,0,2023-04-14 04:00:00
1681459200,1.10668,1.10714,1.10539,1.10586,0,2023-04-14 08:00:00
1681473600,1.10344,1.10363,1.09962,1.10061,0,2023-04-14 12:00:00
1681488000,1.09775,1.09989,1.09752,1.09988,0,2023-04-14 16:00:00
1681502400,1.09964,1.09977,1.0992,1.09922,0,2023-04-14 20:00:00
1681675200,1.09888,1.09942,1.09885,1.09921,0,2023-04-16 20:00:00
1681689600,1.09868,1.09914,1.09615,1.09807,0,2023-04-17 00:00:00
1681704000,1.09806,1.09945,1.09756,1.09865,0,2023-04-17 04:00:00
1681718400,1.09865,1.09997,1.09644,1.09805,0,2023-04-17 08:00:00
1681732800,1.09816,1.09843,1.09298,1.0932,0,2023-04-17 12:00:00
1681747200,1.09142,1.09253,1.09116,1.09237,0,2023-04-17 16:00:00
1681761600,1.09259,1.09311,1.09249,1.09249,0,2023-04-17 20:00:00
1681776000,1.09239,1.0936,1.09222,1.09339,0,2023-04-18 00:00:00
1681790400,1.09339,1.09524,1.09332,1.09489,0,2023-04-18 04:00:00
1681804800,1.09488,1.09828,1.09468,1.09771,0,2023-04-18 08:00:00
1681819200,1.09662,1.09781,1.09532,1.09622,0,2023-04-18 12:00:00
1681833600,1.09573,1.09743,1.09547,1.09711,0,2023-04-18 16:00:00
1681848000,1.09707,1.09753,1.097,1.09737,0,2023-04-18 20:00:00
1681862400,1.09749,1.0984,1.09649,1.09739,0,2023-04-19 00:00:00
1681876800,1.09741,1.09753,1.09463,1.09561,0,2023-04-19 04:00:00
1681891200,1.09562,1.09722,1.0926,1.09337,0,2023-04-19 08:00:00
1681905600,1.09496,1.09793,1.09473,1.09571,0,2023-04-19 12:00:00
1681920000,1.09658,1.09667,1.09517,1.09526,0,2023-04-19 16:00:00
1681934400,1.09548,1.0957,1.09517,1.0954,0,2023-04-19 20:00:00
1681948800,1.09525,1.09614,1.0947,1.09539,0,2023-04-20 00:00:00
1681963200,1.09539,1.0973,1.0953,1.0967,0,2023-04-20 04:00:00
1681977600,1.09671,1.09783,1.09498,1.09616,0,2023-04-20 08:00:00
1681992000,1.0971,1.09849,1.09334,1.09775,0,2023-04-20 12:00:00
1682006400,1.09793,1.09805,1.09587,1.09649,0,2023-04-20 16:00:00
1682020800,1.09634,1.09708,1.09632,1.09671,0,2023-04-20 20:00:00
1682035200,1.09684,1.09731,1.09618,1.09652,0,2023-04-21 00:00:00
1682049600,1.09652,1.09664,1.0938,1.09417,0,2023-04-21 04:00:00
1682064000,1.09417,1.09719,1.09385,1.0965,0,2023-04-21 08:00:00
1682078400,1.0988,1.09936,1.09531,1.09556,0,2023-04-21 12:00:00
1682092800,1.09721,1.09878,1.09701,1.09765,0,2023-04-21 16:00:00
1682107200,1.09901,1.09929,1.09851,1.09874,0,2023-04-21 20:00:00
1682280000,1.09866,1.0993,1.09864,1.09922,0,2023-04-23 20:00:00
1682294400,1.09916,1.0995,1.09802,1.0981,0,2023-04-24 00:00:00
1682308800,1.09809,1.09864,1.09724,1.09747,0,2023-04-24 04:00:00
1682323200,1.09747,1.10204,1.09658,1.10003,0,2023-04-24 08:00:00
1682337600,1.10164,1.10313,1.09991,1.10238,0,2023-04-24 12:00:00
1682352000,1.10294,1.10483,1.10205,1.10439,0,2023-04-24 16:00:00
1682366400,1.10465,1.10478,1.10418,1.10455,0,2023-04-24 20:00:00
1682380800,1.10511,1.1067,1.10493,1.10539,0,2023-04-25 00:00:00
1682395200,1.10539,1.10588,1.1045,1.10516,0,2023-04-25 04:00:00
1682409600,1.10514,1.10515,1.10245,1.10303,0,2023-04-25 08:00:00
1682424000,1.10205,1.10237,1.09943,1.0999,0,2023-04-25 12:00:00
1682438400,1.09767,1.09874,1.09641,1.09685,0,2023-04-25 16:00:00
1682452800,1.09723,1.09759,1.09668,1.09741,0,2023-04-25 20:00:00
1682467200,1.09781,1.09804,1.09683,1.0977,0,2023-04-26 00:00:00
1682481600,1.09771,1.10115,1.0972,1.10066,0,2023-04-26 04:00:00
1682496000,1.10066,1.10626,1.10041,1.1045,0,2023-04-26 08:00:00
1682510400,1.1046,1.10858,1.10355,1.10433,0,2023-04-26 12:00:00
1682524800,1.10509,1.10528,1.10323,1.1039,0,2023-04-26 16:00:00
1682539200,1.10356,1.10443,1.1035,1.10396,0,2023-04-26 20:00:00
1682553600,1.1045,1.10536,1.10389,1.10528,0,2023-04-27 00:00:00
1682568000,1.1053,1.10634,1.10456,1.10558,0,2023-04-27 04:00:00
1682582400,1.10557,1.10593,1.1034,1.10378,0,2023-04-27 08:00:00
1682596800,1.10447,1.10497,1.0992,1.101,0,2023-04-27 12:00:00
1682611200,1.10107,1.10273,1.10055,1.10269,0,2023-04-27 16:00:00
1682625600,1.10241,1.10294,1.10233,1.10273,0,2023-04-27 20:00:00
1682640000,1.10267,1.10394,1.10154,1.1017,0,2023-04-28 00:00:00
1682654400,1.1017,1.10363,1.10056,1.10253,0,2023-04-28 04:00:00
1682668800,1.10253,1.10253,1.09766,1.09879,0,2023-04-28 08:00:00
1682683200,1.0984,1.10156,1.09723,1.09996,0,2023-04-28 12:00:00
1682697600,1.10367,1.10449,1.10219,1.10237,0,2023-04-28 16:00:00
1682712000,1.10172,1.10208,1.10119,1.10193,0,2023-04-28 20:00:00
1682884800,1.10191,1.1022,1.10106,1.10112,0,2023-04-30 20:00:00
1682899200,1.10106,1.10143,1.10007,1.10081,0,2023-05-01 00:00:00
1682913600,1.10081,1.10143,1.09947,1.09977,0,2023-05-01 04:00:00
1682928000,1.09978,1.10095,1.09882,1.10088,0,2023-05-01 08:00:00
1682942400,1.10328,1.10355,1.09778,1.09815,0,2023-05-01 12:00:00
1682956800,1.09674,1.09756,1.09653,1.09694,0,2023-05-01 16:00:00
1682971200,1.09741,1.0976,1.09721,1.09739,0,2023-05-01 20:00:00
1682985600,1.09687,1.09943,1.09685,1.09885,0,2023-05-02 00:00:00
1683000000,1.09885,1.09946,1.0979,1.09914,0,2023-05-02 04:00:00
1683014400,1.09915,1.10066,1.09492,1.09526,0,2023-05-02 08:00:00
1683028800,1.09569,1.09761,1.09422,1.09434,0,2023-05-02 12:00:00
1683043200,1.0979,1.10035,1.09776,1.09972,0,2023-05-02 16:00:00
1683057600,1.10012,1.10078,1.09989,1.10003,0,2023-05-02 20:00:00
1683072000,1.10063,1.10258,1.10048,1.10253,0,2023-05-03 00:00:00
1683086400,1.10252,1.10317,1.10142,1.10306,0,2023-05-03 04:00:00
1683100800,1.10303,1.10468,1.10259,1.10328,0,2023-05-03 08:00:00
1683115200,1.10396,1.10593,1.1022,1.10527,0,2023-05-03 12:00:00
1683129600,1.10478,1.10916,1.10371,1.10599,0,2023-05-03 16:00:00
1683144000,1.10544,1.1078,1.10515,1.10679,0,2023-05-03 20:00:00
1683158400,1.10686,1.10875,1.10686,1.1084,0,2023-05-04 00:00:00
1683172800,1.10841,1.10917,1.10727,1.10753,0,2023-05-04 04:00:00
1683187200,1.10754,1.10767,1.10364,1.10549,0,2023-05-04 08:00:00
1683201600,1.10604,1.10765,1.10026,1.10238,0,2023-05-04 12:00:00
1683216000,1.10007,1.10315,1.09952,1.10216,0,2023-05-04 16:00:00
1683230400,1.10157,1.10212,1.10095,1.10211,0,2023-05-04 20:00:00
1683244800,1.10229,1.10372,1.10188,1.10311,0,2023-05-05 00:00:00
1683259200,1.10311,1.10468,1.10299,1.10452,0,2023-05-05 04:00:00
1683273600,1.10453,1.10477,1.10213,1.10247,0,2023-05-05 08:00:00
1683288000,1.10092,1.10185,1.09667,1.10069,0,2023-05-05 12:00:00
1683302400,1.10246,1.10365,1.10106,1.10263,0,2023-05-05 16:00:00
1683316800,1.10183,1.10197,1.10154,1.10162,0,2023-05-05 20:00:00
1683489600,1.10213,1.10228,1.10143,1.1016,0,2023-05-07 20:00:00
1683504000,1.10182,1.1037,1.10167,1.1032,0,2023-05-08 00:00:00
1683518400,1.10321,1.10505,1.10313,1.10482,0,2023-05-08 04:00:00
1683532800,1.10481,1.10535,1.10227,1.10479,0,2023-05-08 08:00:00
1683547200,1.10349,1.1044,1.1013,1.10157,0,2023-05-08 12:00:00
1683561600,1.10197,1.1029,1.1005,1.10057,0,2023-05-08 16:00:00
1683576000,1.10016,1.10045,1.10001,1.10012,0,2023-05-08 20:00:00
1683590400,1.09962,1.09974,1.09849,1.09905,0,2023-05-09 00:00:00
1683604800,1.09905,1.10007,1.09845,1.0994,0,2023-05-09 04:00:00
1683619200,1.09941,1.10003,1.09727,1.09796,0,2023-05-09 08:00:00
1683633600,1.09635,1.09671,1.09498,1.09558,0,2023-05-09 12:00:00
1683648000,1.09527,1.09724,1.09492,1.09664,0,2023-05-09 16:00:00
1683662400,1.09627,1.09671,1.09545,1.09649,0,2023-05-09 20:00:00
1683676800,1.09644,1.09749,1.09644,1.09742,0,2023-05-10 00:00:00
1683691200,1.09744,1.09772,1.09623,1.09695,0,2023-05-10 04:00:00
1683705600,1.09693,1.09824,1.09478,1.09547,0,2023-05-10 08:00:00
1683720000,1.09489,1.10068,1.09414,1.09721,0,2023-05-10 12:00:00
1683734400,1.09652,1.09824,1.0965,1.09767,0,2023-05-10 16:00:00
1683748800,1.09823,1.09843,1.09794,1.09816,0,2023-05-10 20:00:00
1683763200,1.09861,1.09981,1.0975,1.09806,0,2023-05-11 00:00:00
1683777600,1.09805,1.09822,1.0929,1.09303,0,2023-05-11 04:00:00
1683792000,1.09303,1.09386,1.0918,1.09277,0,2023-05-11 08:00:00
1683806400,1.09223,1.09382,1.09,1.09175,0,2023-05-11 12:00:00
1683820800,1.09251,1.09257,1.09106,1.09185,0,2023-05-11 16:00:00
1683835200,1.09154,1.09199,1.0915,1.09161,0,2023-05-11 20:00:00
1683849600,1.09162,1.09252,1.09115,1.09185,0,2023-05-12 00:00:00
1683864000,1.09187,1.09343,1.09149,1.09288,0,2023-05-12 04:00:00
1683878400,1.09288,1.09354,1.08988,1.09107,0,2023-05-12 08:00:00
1683892800,1.09052,1.09057,1.08811,1.0887,0,2023-05-12 12:00:00
1683907200,1.08625,1.08648,1.08484,1.08516,0,2023-05-12 16:00:00
1683921600,1.08533,1.08549,1.08476,1.08477,0,2023-05-12 20:00:00
1684094400,1.0861,1.08618,1.08515,1.0854,0,2023-05-14 20:00:00
1684108800,1.085,1.08643,1.08478,1.08553,0,2023-05-15 00:00:00
1684123200,1.08552,1.08719,1.08549,1.08697,0,2023-05-15 04:00:00
1684137600,1.08696,1.08801,1.08554,1.08778,0,2023-05-15 08:00:00
1684152000,1.08775,1.08908,1.08645,1.08647,0,2023-05-15 12:00:00
1684166400,1.08788,1.08788,1.08736,1.08743,0,2023-05-15 16:00:00
1684180800,1.08731,1.08772,1.0873,1.08761,0,2023-05-15 20:00:00
1684195200,1.08759,1.08835,1.08682,1.08833,0,2023-05-16 00:00:00
1684209600,1.08834,1.08845,1.08628,1.08762,0,2023-05-16 04:00:00
1684224000,1.08762,1.09046,1.08717,1.08936,0,2023-05-16 08:00:00
1684238400,1.08949,1.08971,1.08735,1.08751,0,2023-05-16 12:00:00
1684252800,1.08662,1.0872,1.0855,1.08667,0,2023-05-16 16:00:00
1684267200,1.08675,1.08697,1.0858,1.08611,0,2023-05-16 20:00:00
1684281600,1.08625,1.08736,1.08606,1.08695,0,2023-05-17 00:00:00
1684296000,1.08696,1.08712,1.08501,1.08537,0,2023-05-17 04:00:00
1684310400,1.08537,1.08636,1.08205,1.08309,0,2023-05-17 08:00:00
1684324800,1.08302,1.08416,1.08147,1.08152,0,2023-05-17 12:00:00
1684339200,1.08207,1.0849,1.08176,1.08439,0,2023-05-17 16:00:00
1684353600,1.08375,1.08444,1.08369,1.08405,0,2023-05-17 20:00:00
1684368000,1.08384,1.08479,1.08347,1.08462,0,2023-05-18 00:00:00
1684382400,1.08462,1.08471,1.08233,1.08259,0,2023-05-18 04:00:00
1684396800,1.08259,1.08309,1.08073,1.08182,0,2023-05-18 08:00:00
1684411200,1.08151,1.08178,1.07669,1.07692,0,2023-05-18 12:00:00
1684425600,1.0763,1.0767,1.07624,1.07666,0,2023-05-18 16:00:00
1684440000,1.07669,1.07741,1.07659,1.07699,0,2023-05-18 20:00:00
1684454400,1.07761,1.078,1.076,1.0772,0,2023-05-19 00:00:00
1684468800,1.0772,1.0792,1.07605,1.07814,0,2023-05-19 04:00:00
1684483200,1.07813,1.08042,1.07709,1.07944,0,2023-05-19 08:00:00
1684497600,1.08086,1.08235,1.07842,1.07859,0,2023-05-19 12:00:00
1684512000,1.08189,1.08249,1.08079,1.08083,0,2023-05-19 16:00:00
1684526400,1.08059,1.08082,1.08012,1.08019,0,2023-05-19 20:00:00
1684699200,1.08062,1.08197,1.08062,1.08169,0,2023-05-21 20:00:00
1684713600,1.08219,1.08298,1.08165,1.08228,0,2023-05-22 00:00:00
1684728000,1.08227,1.08253,1.08072,1.08106,0,2023-05-22 04:00:00
1684742400,1.08106,1.08234,1.07955,1.08191,0,2023-05-22 08:00:00
1684756800,1.08218,1.08232,1.08085,1.08121,0,2023-05-22 12:00:00
1684771200,1.07984,1.08204,1.07961,1.08181,0,2023-05-22 16:00:00
1684785600,1.08191,1.08198,1.08104,1.08126,0,2023-05-22 20:00:00
1684800000,1.08105,1.08204,1.08025,1.08102,0,2023-05-23 00:00:00
1684814400,1.08102,1.08129,1.08002,1.08091,0,2023-05-23 04:00:00
1684828800,1.08091,1.08096,1.07802,1.07812,0,2023-05-23 08:00:00
1684843200,1.07776,1.07954,1.0763,1.07786,0,2023-05-23 12:00:00
1684857600,1.07707,1.07807,1.07601,1.07761,0,2023-05-23 16:00:00
1684872000,1.07761,1.07763,1.07664,1.07725,0,2023-05-23 20:00:00
1684886400,1.0769,1.07765,1.07676,1.07745,0,2023-05-24 00:00:00
1684900800,1.07745,1.07893,1.07725,1.07776,0,2023-05-24 04:00:00
1684915200,1.07776,1.07948,1.0748,1.07513,0,2023-05-24 08:00:00
1684929600,1.07807,1.08012,1.07581,1.07625,0,2023-05-24 12:00:00
1684944000,1.07584,1.07658,1.07494,1.07505,0,2023-05-24 16:00:00
1684958400,1.07494,1.07565,1.07421,1.0755,0,2023-05-24 20:00:00
1684972800,1.07556,1.07556,1.07401,1.07416,0,2023-05-25 00:00:00
1684987200,1.07416,1.07438,1.07281,1.07321,0,2023-05-25 04:00:00
1685001600,1.07322,1.0738,1.0714,1.07315,0,2023-05-25 08:00:00
1685016000,1.07226,1.07328,1.07073,1.07133,0,2023-05-25 12:00:00
1685030400,1.07284,1.07308,1.07118,1.07124,0,2023-05-25 16:00:00
1685044800,1.07211,1.07254,1.07151,1.07246,0,2023-05-25 20:00:00
1685059200,1.07259,1.07373,1.07189,1.07341,0,2023-05-26 00:00:00
1685073600,1.07341,1.07425,1.07286,1.07293,0,2023-05-26 04:00:00
1685088000,1.07292,1.07466,1.07252,1.07441,0,2023-05-26 08:00:00
1685102400,1.07525,1.07572,1.0729,1.07418,0,2023-05-26 12:00:00
1685116800,1.07052,1.07327,1.07018,1.07292,0,2023-05-26 16:00:00
1685304000,1.07219,1.07292,1.0718,1.07192,0,2023-05-28 20:00:00
1685318400,1.07214,1.07354,1.07172,1.07312,0,2023-05-29 00:00:00
1685332800,1.07312,1.07434,1.07292,1.07365,0,2023-05-29 04:00:00
1685347200,1.07365,1.07387,1.0712,1.07151,0,2023-05-29 08:00:00
1685361600,1.07148,1.07158,1.0708,1.07094,0,2023-05-29 12:00:00
1685376000,1.07086,1.07151,1.07081,1.07117,0,2023-05-29 16:00:00
1685390400,1.07105,1.07128,1.07076,1.07096,0,2023-05-29 20:00:00
1685404800,1.07067,1.07262,1.07041,1.07212,0,2023-05-30 00:00:00
1685419200,1.07212,1.07216,1.06812,1.06943,0,2023-05-30 04:00:00
1685433600,1.06943,1.07359,1.06725,1.07315,0,2023-05-30 08:00:00
1685448000,1.07439,1.07465,1.07204,1.07275,0,2023-05-30 12:00:00
1685462400,1.07217,1.0727,1.07161,1.07207,0,2023-05-30 16:00:00
1685476800,1.07194,1.07347,1.0718,1.0732,0,2023-05-30 20:00:00
1685491200,1.07316,1.07356,1.07026,1.07046,0,2023-05-31 00:00:00
1685505600,1.07047,1.0705,1.06793,1.06847,0,2023-05-31 04:00:00
1685520000,1.06847,1.06847,1.06585,1.06759,0,2023-05-31 08:00:00
1685534400,1.06762,1.07051,1.06747,1.06915,0,2023-05-31 12:00:00
1685548800,1.06611,1.06698,1.06355,1.0663,0,2023-05-31 16:00:00
1685563200,1.0674,1.06898,1.06704,1.06867,0,2023-05-31 20:00:00
1685577600,1.06929,1.0697,1.06802,1.06904,0,2023-06-01 00:00:00
1685592000,1.06904,1.06934,1.06732,1.06842,0,2023-06-01 04:00:00
1685606400,1.06842,1.07146,1.06617,1.07087,0,2023-06-01 08:00:00
1685620800,1.07059,1.07417,1.06845,1.07314,0,2023-06-01 12:00:00
1685635200,1.07507,1.07684,1.07476,1.07617,0,2023-06-01 16:00:00
1685649600,1.07625,1.07652,1.07578,1.07651,0,2023-06-01 20:00:00
1685664000,1.07603,1.0767,1.07581,1.07654,0,2023-06-02 00:00:00
1685678400,1.07655,1.07789,1.07619,1.07708,0,2023-06-02 04:00:00
1685692800,1.07709,1.0777,1.076,1.07673,0,2023-06-02 08:00:00
1685707200,1.07476,1.07709,1.07403,1.07421,0,2023-06-02 12:00:00
1685721600,1.07233,1.07297,1.07055,1.07122,0,2023-06-02 16:00:00
1685736000,1.07077,1.07086,1.0705,1.07063,0,2023-06-02 20:00:00
1685908800,1.07098,1.07107,1.0706,1.07063,0,2023-06-04 20:00:00
1685923200,1.0701,1.07045,1.06902,1.07001,0,2023-06-05 00:00:00
1685937600,1.07001,1.0704,1.06891,1.06936,0,2023-06-05 04:00:00
1685952000,1.06937,1.06994,1.06832,1.06928,0,2023-06-05 08:00:00
1685966400,1.06787,1.06913,1.06777,1.06802,0,2023-06-05 12:00:00
1685980800,1.07106,1.07207,1.07031,1.07128,0,2023-06-05 16:00:00
1685995200,1.07139,1.07174,1.07094,1.07134,0,2023-06-05 20:00:00
1686009600,1.07112,1.07246,1.07098,1.07183,0,2023-06-06 00:00:00
1686024000,1.07182,1.07328,1.07143,1.0724,0,2023-06-06 04:00:00
1686038400,1.07239,1.07275,1.06823,1.06977,0,2023-06-06 08:00:00
1686052800,1.06771,1.06838,1.06669,1.06705,0,2023-06-06 12:00:00
1686067200,1.06906,1.06967,1.06822,1.06858,0,2023-06-06 16:00:00
1686081600,1.06941,1.0696,1.06904,1.06949,0,2023-06-06 20:00:00
1686096000,1.06985,1.07043,1.06887,1.06928,0,2023-06-07 00:00:00
1686110400,1.06929,1.06956,1.06726,1.06764,0,2023-06-07 04:00:00
1686124800,1.06764,1.07186,1.06682,1.07148,0,2023-06-07 08:00:00
1686139200,1.07149,1.07396,1.0703,1.07075,0,2023-06-07 12:00:00
1686153600,1.07009,1.07065,1.06928,1.07022,0,2023-06-07 16:00:00
1686168000,1.06937,1.07017,1.06937,1.06991,0,2023-06-07 20:00:00
1686182400,1.06991,1.07114,1.06966,1.07067,0,2023-06-08 00:00:00
1686196800,1.07067,1.0719,1.07055,1.07111,0,2023-06-08 04:00:00
1686211200,1.07113,1.07338,1.07009,1.07287,0,2023-06-08 08:00:00
1686225600,1.07297,1.0759,1.07238,1.07468,0,2023-06-08 12:00:00
1686240000,1.07691,1.07856,1.0767,1.0778,0,2023-06-08 16:00:00
1686254400,1.07792,1.0784,1.07736,1.07815,0,2023-06-08 20:00:00
1686268800,1.07839,1.07851,1.07757,1.07768,0,2023-06-09 00:00:00
1686283200,1.07767,1.07839,1.07725,1.07786,0,2023-06-09 04:00:00
1686297600,1.07786,1.07796,1.0758,1.07584,0,2023-06-09 08:00:00
1686312000,1.07611,1.07841,1.07538,1.07566,0,2023-06-09 12:00:00
1686326400,1.07479,1.07523,1.07435,1.07482,0,2023-06-09 16:00:00
1686340800,1.07496,1.07506,1.07428,1.0744,0,2023-06-09 20:00:00
1686513600,1.07491,1.07492,1.07431,1.07446,0,2023-06-11 20:00:00
1686528000,1.07499,1.07503,1.0733,1.07384,0,2023-06-12 00:00:00
1686542400,1.07384,1.07536,1.07363,1.0749,0,2023-06-12 04:00:00
1686556800,1.0749,1.079,1.0744,1.07852,0,2023-06-12 08:00:00
1686571200,1.07726,1.07755,1.0743,1.0753,0,2023-06-12 12:00:00
1686585600,1.07473,1.07568,1.07443,1.07534,0,2023-06-12 16:00:00
1686600000,1.07559,1.07634,1.07546,1.07566,0,2023-06-12 20:00:00
1686614400,1.07598,1.07757,1.07591,1.07742,0,2023-06-13 00:00:00
1686628800,1.07743,1.07978,1.07741,1.07927,0,2023-06-13 04:00:00
1686643200,1.07924,1.08104,1.07924,1.07984,0,2023-06-13 08:00:00
1686657600,1.07941,1.08234,1.07781,1.08019,0,2023-06-13 12:00:00
1686672000,1.07912,1.08035,1.07828,1.07901,0,2023-06-13 16:00:00
1686686400,1.07918,1.07931,1.07881,1.07914,0,2023-06-13 20:00:00
1686700800,1.07896,1.0796,1.07856,1.07957,0,2023-06-14 00:00:00
1686715200,1.07957,1.0796,1.07739,1.07852,0,2023-06-14 04:00:00
1686729600,1.07853,1.08099,1.07853,1.08065,0,2023-06-14 08:00:00
1686744000,1.08033,1.08563,1.08033,1.08557,0,2023-06-14 12:00:00
1686758400,1.08577,1.0864,1.08013,1.08343,0,2023-06-14 16:00:00
1686772800,1.08265,1.08353,1.08247,1.08322,0,2023-06-14 20:00:00
1686787200,1.08427,1.08444,1.08081,1.08133,0,2023-06-15 00:00:00
1686801600,1.08132,1.08233,1.08036,1.08103,0,2023-06-15 04:00:00
1686816000,1.08104,1.08487,1.08057,1.08421,0,2023-06-15 08:00:00
1686830400,1.08178,1.09213,1.08144,1.09105,0,2023-06-15 12:00:00
1686844800,1.09326,1.09499,1.0932,1.09429,0,2023-06-15 16:00:00
1686859200,1.09476,1.09492,1.09437,1.09489,0,2023-06-15 20:00:00
1686873600,1.09455,1.09507,1.09354,1.09362,0,2023-06-16 00:00:00
1686888000,1.09362,1.09624,1.09362,1.0947,0,2023-06-16 04:00:00
1686902400,1.09471,1.09534,1.09339,1.09493,0,2023-06-16 08:00:00
1686916800,1.09443,1.09658,1.09424,1.09533,0,2023-06-16 12:00:00
1686931200,1.09252,1.09338,1.09217,1.09338,0,2023-06-16 16:00:00
1686945600,1.09444,1.09444,1.09346,1.09351,0,2023-06-16 20:00:00
1687132800,1.09426,1.09462,1.09335,1.09363,0,2023-06-19 00:00:00
1687147200,1.09363,1.09412,1.09275,1.09293,0,2023-06-19 04:00:00
1687161600,1.09295,1.09385,1.09099,1.09106,0,2023-06-19 08:00:00
1687176000,1.09196,1.09273,1.09168,1.09182,0,2023-06-19 12:00:00
1687190400,1.09227,1.09288,1.09158,1.09174,0,2023-06-19 16:00:00
1687204800,1.09191,1.09218,1.09182,1.09218,0,2023-06-19 20:00:00
1687219200,1.09225,1.09261,1.09106,1.09223,0,2023-06-20 00:00:00
1687233600,1.09221,1.09322,1.09116,1.09215,0,2023-06-20 04:00:00
1687248000,1.09215,1.09461,1.0915,1.09281,0,2023-06-20 08:00:00
1687262400,1.09192,1.09245,1.09062,1.09164,0,2023-06-20 12:00:00
1687276800,1.09013,1.09175,1.08996,1.09171,0,2023-06-20 16:00:00
1687291200,1.0917,1.09217,1.09167,1.0918,0,2023-06-20 20:00:00
1687305600,1.09196,1.09222,1.09117,1.09124,0,2023-06-21 00:00:00
1687320000,1.09125,1.09194,1.09058,1.091,0,2023-06-21 04:00:00
1687334400,1.09102,1.09336,1.0909,1.09183,0,2023-06-21 08:00:00
1687348800,1.09241,1.09639,1.09081,1.09546,0,2023-06-21 12:00:00
1687363200,1.09504,1.09899,1.09496,1.09847,0,2023-06-21 16:00:00
1687377600,1.09878,1.09909,1.09833,1.09905,0,2023-06-21 20:00:00
1687392000,1.09916,1.09949,1.09866,1.09935,0,2023-06-22 00:00:00
1687406400,1.09935,1.09943,1.09806,1.09826,0,2023-06-22 04:00:00
1687420800,1.09826,1.10081,1.09797,1.10044,0,2023-06-22 08:00:00
1687435200,1.09822,1.0985,1.0968,1.09811,0,2023-06-22 12:00:00
1687449600,1.09591,1.09666,1.095,1.09572,0,2023-06-22 16:00:00
1687464000,1.09591,1.09616,1.09529,1.09533,0,2023-06-22 20:00:00
1687478400,1.09555,1.09585,1.09321,1.09385,0,2023-06-23 00:00:00
1687492800,1.09385,1.09404,1.09205,1.09231,0,2023-06-23 04:00:00
1687507200,1.09231,1.09259,1.08443,1.08681,0,2023-06-23 08:00:00
1687521600,1.08762,1.08984,1.08761,1.08825,0,2023-06-23 12:00:00
1687536000,1.08862,1.0895,1.08827,1.0892,0,2023-06-23 16:00:00
1687723200,1.09042,1.09048,1.08978,1.09004,0,2023-06-25 20:00:00
1687737600,1.09063,1.09097,1.08988,1.09046,0,2023-06-26 00:00:00
1687752000,1.09046,1.09109,1.08977,1.09031,0,2023-06-26 04:00:00
1687766400,1.09032,1.09083,1.08873,1.08965,0,2023-06-26 08:00:00
1687780800,1.09043,1.09199,1.09029,1.09125,0,2023-06-26 12:00:00
1687795200,1.09082,1.09177,1.08999,1.09086,0,2023-06-26 16:00:00
1687809600,1.09148,1.09151,1.0904,1.09053,0,2023-06-26 20:00:00
1687824000,1.09108,1.0935,1.09021,1.09228,0,2023-06-27 00:00:00
1687838400,1.09228,1.09333,1.09161,1.0931,0,2023-06-27 04:00:00
1687852800,1.0931,1.09528,1.0926,1.09513,0,2023-06-27 08:00:00
1687867200,1.09653,1.09766,1.09616,1.09658,0,2023-06-27 12:00:00
1687881600,1.09489,1.09638,1.09458,1.09618,0,2023-06-27 16:00:00
1687896000,1.09597,1.09639,1.09592,1.09598,0,2023-06-27 20:00:00
1687910400,1.0957,1.09614,1.09421,1.09492,0,2023-06-28 00:00:00
1687924800,1.09492,1.09548,1.0936,1.09381,0,2023-06-28 04:00:00
1687939200,1.09383,1.09621,1.09383,1.09545,0,2023-06-28 08:00:00
1687953600,1.09405,1.09445,1.08968,1.08985,0,2023-06-28 12:00:00
1687968000,1.09033,1.09238,1.09029,1.09224,0,2023-06-28 16:00:00
1687982400,1.0916,1.09168,1.09111,1.09137,0,2023-06-28 20:00:00
1687996800,1.09151,1.09161,1.08932,1.08934,0,2023-06-29 00:00:00
1688011200,1.08934,1.09001,1.08807,1.08973,0,2023-06-29 04:00:00
1688025600,1.08977,1.09277,1.08976,1.09276,0,2023-06-29 08:00:00
1688040000,1.09384,1.09414,1.08689,1.08896,0,2023-06-29 12:00:00
1688054400,1.08803,1.08836,1.08655,1.08669,0,2023-06-29 16:00:00
1688068800,1.08623,1.08668,1.0861,1.08653,0,2023-06-29 20:00:00
1688083200,1.08673,1.08754,1.08602,1.08665,0,2023-06-30 00:00:00
1688097600,1.08664,1.08754,1.08566,1.08639,0,2023-06-30 04:00:00
1688112000,1.0864,1.08692,1.08352,1.08456,0,2023-06-30 08:00:00
1688126400,1.08532,1.09166,1.0849,1.09144,0,2023-06-30 12:00:00
1688140800,1.09101,1.09224,1.09065,1.09108,0,2023-06-30 16:00:00
1688155200,1.0913,1.09131,1.09079,1.09095,0,2023-06-30 20:00:00
1688328000,1.09089,1.0913,1.09084,1.09092,0,2023-07-02 20:00:00
1688342400,1.09075,1.09176,1.09004,1.09074,0,2023-07-03 00:00:00
1688356800,1.09074,1.09181,1.08881,1.08902,0,2023-07-03 04:00:00
1688371200,1.089,1.08917,1.08702,1.089,0,2023-07-03 08:00:00
1688385600,1.0892,1.09339,1.08871,1.09067,0,2023-07-03 12:00:00
1688400000,1.09158,1.09163,1.09083,1.09118,0,2023-07-03 16:00:00
1688414400,1.09092,1.09144,1.09088,1.09119,0,2023-07-03 20:00:00
1688428800,1.09124,1.09163,1.09024,1.09055,0,2023-07-04 00:00:00
1688443200,1.09054,1.09146,1.08939,1.09146,0,2023-07-04 04:00:00
1688457600,1.09146,1.09146,1.08921,1.08959,0,2023-07-04 08:00:00
1688472000,1.08982,1.09074,1.08936,1.09018,0,2023-07-04 12:00:00
1688486400,1.08944,1.08971,1.08869,1.08873,0,2023-07-04 16:00:00
1688500800,1.08779,1.08821,1.08773,1.08804,0,2023-07-04 20:00:00
1688515200,1.08827,1.08908,1.0875,1.08781,0,2023-07-05 00:00:00
1688529600,1.08782,1.08889,1.08677,1.08825,0,2023-07-05 04:00:00
1688544000,1.08826,1.09078,1.08662,1.08782,0,2023-07-05 08:00:00
1688558400,1.0879,1.09019,1.0867,1.08737,0,2023-07-05 12:00:00
1688572800,1.08608,1.08638,1.08582,1.08599,0,2023-07-05 16:00:00
1688587200,1.08535,1.08567,1.08525,1.08553,0,2023-07-05 20:00:00
1688601600,1.08529,1.08561,1.08428,1.0847,0,2023-07-06 00:00:00
1688616000,1.0847,1.08691,1.08337,1.08672,0,2023-07-06 04:00:00
1688630400,1.08673,1.08753,1.08454,1.08616,0,2023-07-06 08:00:00
1688644800,1.08867,1.08977,1.08671,1.08833,0,2023-07-06 12:00:00
1688659200,1.0868,1.08821,1.08583,1.0882,0,2023-07-06 16:00:00
1688673600,1.08813,1.08889,1.08813,1.08882,0,2023-07-06 20:00:00
1688688000,1.08912,1.08949,1.08823,1.08859,0,2023-07-07 00:00:00
1688702400,1.08859,1.09002,1.08812,1.08828,0,2023-07-07 04:00:00
1688716800,1.08828,1.0891,1.08669,1.08804,0,2023-07-07 08:00:00
1688731200,1.08922,1.09539,1.08744,1.09489,0,2023-07-07 12:00:00
1688745600,1.09489,1.09731,1.09446,1.09675,0,2023-07-07 16:00:00
1688932800,1.09593,1.09665,1.09563,1.09647,0,2023-07-09 20:00:00
1688947200,1.09663,1.09695,1.09565,1.09605,0,2023-07-10 00:00:00
1688961600,1.09606,1.09622,1.0945,1.09503,0,2023-07-10 04:00:00
1688976000,1.09504,1.09733,1.09483,1.09593,0,2023-07-10 08:00:00
1688990400,1.09541,1.09802,1.09434,1.09746,0,2023-07-10 12:00:00
1689004800,1.09899,1.09994,1.09825,1.0999,0,2023-07-10 16:00:00
1689019200,1.09982,1.10025,1.09968,1.1001,0,2023-07-10 20:00:00
1689033600,1.10053,1.102,1.10014,1.10188,0,2023-07-11 00:00:00
1689048000,1.10187,1.10269,1.10061,1.10213,0,2023-07-11 04:00:00
1689062400,1.10213,1.10228,1.09971,1.10059,0,2023-07-11 08:00:00
1689076800,1.09818,1.09936,1.09783,1.09899,0,2023-07-11 12:00:00
1689091200,1.10024,1.1009,1.10021,1.10067,0,2023-07-11 16:00:00
1689105600,1.09992,1.10084,1.0999,1.10065,0,2023-07-11 20:00:00
1689120000,1.1012,1.10334,1.10111,1.10311,0,2023-07-12 00:00:00
1689134400,1.10312,1.10368,1.10206,1.10227,0,2023-07-12 04:00:00
1689148800,1.10227,1.10304,1.10184,1.1022,0,2023-07-12 08:00:00
1689163200,1.10149,1.11233,1.10148,1.11202,0,2023-07-12 12:00:00
1689177600,1.11203,1.11325,1.11107,1.11297,0,2023-07-12 16:00:00
1689192000,1.1137,1.1138,1.11268,1.11287,0,2023-07-12 20:00:00
1689206400,1.11351,1.11474,1.11341,1.1146,0,2023-07-13 00:00:00
1689220800,1.1146,1.115,1.11298,1.11483,0,2023-07-13 04:00:00
1689235200,1.11482,1.11742,1.11361,1.11727,0,2023-07-13 08:00:00
1689249600,1.11713,1.11959,1.11684,1.11957,0,2023-07-13 12:00:00
1689264000,1.12056,1.12225,1.12023,1.12224,0,2023-07-13 16:00:00
1689278400,1.12262,1.12296,1.12228,1.12245,0,2023-07-13 20:00:00
1689292800,1.12235,1.12386,1.12134,1.12353,0,2023-07-14 00:00:00
1689307200,1.12353,1.12429,1.12055,1.121,0,2023-07-14 04:00:00
1689321600,1.121,1.12448,1.12041,1.12267,0,2023-07-14 08:00:00
1689336000,1.12204,1.1244,1.12175,1.12396,0,2023-07-14 12:00:00
1689350400,1.12418,1.12441,1.12265,1.1234,0,2023-07-14 16:00:00
1689364800,1.1234,1.1234,1.12258,1.12259,0,2023-07-14 20:00:00
1689537600,1.12273,1.12315,1.12245,1.12254,0,2023-07-16 20:00:00
1689552000,1.12271,1.12296,1.12147,1.12264,0,2023-07-17 00:00:00
1689566400,1.12265,1.124,1.1222,1.12333,0,2023-07-17 04:00:00
1689580800,1.12335,1.12487,1.12295,1.12311,0,2023-07-17 08:00:00
1689595200,1.12354,1.12357,1.12033,1.12213,0,2023-07-17 12:00:00
1689609600,1.1232,1.12382,1.12255,1.12329,0,2023-07-17 16:00:00
1689624000,1.12429,1.1246,1.12326,1.12394,0,2023-07-17 20:00:00
1689638400,1.12374,1.12559,1.12345,1.12476,0,2023-07-18 00:00:00
1689652800,1.12475,1.12639,1.12403,1.12561,0,2023-07-18 04:00:00
1689667200,1.12561,1.12756,1.12279,1.12488,0,2023-07-18 08:00:00
1689681600,1.12572,1.12578,1.12167,1.12368,0,2023-07-18 12:00:00
1689696000,1.12225,1.12309,1.12089,1.12289,0,2023-07-18 16:00:00
1689710400,1.12288,1.12327,1.12243,1.12316,0,2023-07-18 20:00:00
1689724800,1.12282,1.12327,1.12161,1.12216,0,2023-07-19 00:00:00
1689739200,1.12216,1.12356,1.11959,1.12129,0,2023-07-19 04:00:00
1689753600,1.12128,1.124,1.12124,1.12294,0,2023-07-19 08:00:00
1689768000,1.12159,1.12246,1.12099,1.12134,0,2023-07-19 12:00:00
1689782400,1.11907,1.11995,1.11895,1.1199,0,2023-07-19 16:00:00
1689796800,1.12017,1.12049,1.11961,1.12,0,2023-07-19 20:00:00
1689811200,1.12035,1.12291,1.12023,1.12252,0,2023-07-20 00:00:00
1689825600,1.12251,1.12272,1.12054,1.12107,0,2023-07-20 04:00:00
1689840000,1.12106,1.12209,1.1198,1.12118,0,2023-07-20 08:00:00
1689854400,1.1204,1.12125,1.11405,1.11467,0,2023-07-20 12:00:00
1689868800,1.11349,1.11386,1.11184,1.11262,0,2023-07-20 16:00:00
1689883200,1.11319,1.11367,1.11282,1.11348,0,2023-07-20 20:00:00
1689897600,1.11345,1.11417,1.11296,1.11394,0,2023-07-21 00:00:00
1689912000,1.11394,1.11449,1.11336,1.11428,0,2023-07-21 04:00:00
1689926400,1.11429,1.11446,1.11203,1.11254,0,2023-07-21 08:00:00
1689940800,1.11253,1.11313,1.11079,1.11131,0,2023-07-21 12:00:00
1689955200,1.11232,1.11288,1.11227,1.11258,0,2023-07-21 16:00:00
1689969600,1.11247,1.11254,1.11191,1.11254,0,2023-07-21 20:00:00
1690142400,1.11197,1.11321,1.11197,1.11306,0,2023-07-23 20:00:00
1690156800,1.11281,1.11327,1.11194,1.11263,0,2023-07-24 00:00:00
1690171200,1.11263,1.1141,1.11168,1.11357,0,2023-07-24 04:00:00
1690185600,1.11358,1.11469,1.10657,1.10915,0,2023-07-24 08:00:00
1690200000,1.10973,1.10998,1.10691,1.10791,0,2023-07-24 12:00:00
1690214400,1.10823,1.1083,1.10672,1.10706,0,2023-07-24 16:00:00
1690228800,1.10602,1.10661,1.10602,1.10624,0,2023-07-24 20:00:00
1690243200,1.1063,1.10815,1.10627,1.10806,0,2023-07-25 00:00:00
1690257600,1.10807,1.10868,1.10687,1.10797,0,2023-07-25 04:00:00
1690272000,1.10797,1.10846,1.10419,1.10423,0,2023-07-25 08:00:00
1690286400,1.1045,1.10499,1.10255,1.10385,0,2023-07-25 12:00:00
1690300800,1.10445,1.10533,1.10354,1.10393,0,2023-07-25 16:00:00
1690315200,1.10449,1.10552,1.10433,1.10531,0,2023-07-25 20:00:00
1690329600,1.10512,1.1053,1.10377,1.10457,0,2023-07-26 00:00:00
1690344000,1.10457,1.1071,1.10449,1.10633,0,2023-07-26 04:00:00
1690358400,1.10633,1.10861,1.10571,1.1082,0,2023-07-26 08:00:00
1690372800,1.10627,1.10714,1.10573,1.10635,0,2023-07-26 12:00:00
1690387200,1.10767,1.11047,1.10564,1.11035,0,2023-07-26 16:00:00
1690401600,1.10963,1.10965,1.10844,1.10848,0,2023-07-26 20:00:00
1690416000,1.10778,1.11178,1.10774,1.10992,0,2023-07-27 00:00:00
1690430400,1.10992,1.11077,1.10879,1.10999,0,2023-07-27 04:00:00
1690444800,1.10999,1.11439,1.10983,1.11394,0,2023-07-27 08:00:00
1690459200,1.11373,1.11411,1.09914,1.1008,0,2023-07-27 12:00:00
1690473600,1.09918,1.10032,1.09717,1.09732,0,2023-07-27 16:00:00
1690488000,1.09669,1.09835,1.09662,1.09827,0,2023-07-27 20:00:00
1690502400,1.0978,1.0986,1.09736,1.09827,0,2023-07-28 00:00:00
1690516800,1.09828,1.09911,1.09485,1.09709,0,2023-07-28 04:00:00
1690531200,1.09713,1.09965,1.09435,1.09935,0,2023-07-28 08:00:00
1690545600,1.10091,1.10475,1.10032,1.10356,0,2023-07-28 12:00:00
1690560000,1.10382,1.1043,1.10159,1.10233,0,2023-07-28 16:00:00
1690574400,1.10229,1.10235,1.10123,1.10125,0,2023-07-28 20:00:00
1690747200,1.10206,1.10276,1.10095,1.1027,0,2023-07-30 20:00:00
1690761600,1.10271,1.10282,1.10091,1.10153,0,2023-07-31 00:00:00
1690776000,1.10153,1.1018,1.10051,1.10108,0,2023-07-31 04:00:00
1690790400,1.10109,1.10401,1.10108,1.10365,0,2023-07-31 08:00:00
1690804800,1.10364,1.10458,1.10147,1.10251,0,2023-07-31 12:00:00
1690819200,1.1025,1.10296,1.09976,1.09986,0,2023-07-31 16:00:00
1690833600,1.09986,1.10028,1.09931,1.10009,0,2023-07-31 20:00:00
1690848000,1.1001,1.10015,1.09803,1.0985,0,2023-08-01 00:00:00
1690862400,1.09853,1.10002,1.09819,1.09946,0,2023-08-01 04:00:00
1690876800,1.09945,1.09947,1.09658,1.0982,0,2023-08-01 08:00:00
1690891200,1.09821,1.09892,1.09523,1.09782,0,2023-08-01 12:00:00
1690905600,1.09785,1.09848,1.09606,1.09737,0,2023-08-01 16:00:00
1690920000,1.09736,1.10192,1.09734,1.10092,0,2023-08-01 20:00:00
1690934400,1.10091,1.10166,1.09803,1.09843,0,2023-08-02 00:00:00
1690948800,1.09842,1.10006,1.09802,1.09896,0,2023-08-02 04:00:00
1690963200,1.09897,1.09972,1.09682,1.09788,0,2023-08-02 08:00:00
1690977600,1.09789,1.09871,1.09178,1.09272,0,2023-08-02 12:00:00
1690992000,1.0927,1.09575,1.0923,1.09429,0,2023-08-02 16:00:00
1691006400,1.09428,1.09456,1.09346,1.09444,0,2023-08-02 20:00:00
1691020800,1.09445,1.09492,1.09344,1.09349,0,2023-08-03 00:00:00
1691035200,1.0935,1.09432,1.0919,1.09217,0,2023-08-03 04:00:00
1691049600,1.09217,1.09383,1.09122,1.09342,0,2023-08-03 08:00:00
1691064000,1.09342,1.09561,1.09155,1.09318,0,2023-08-03 12:00:00
1691078400,1.0932,1.09628,1.09298,1.09431,0,2023-08-03 16:00:00
1691092800,1.09434,1.09522,1.09383,1.09516,0,2023-08-03 20:00:00
1691107200,1.09517,1.09615,1.09464,1.09557,0,2023-08-04 00:00:00
1691121600,1.09556,1.09602,1.09461,1.09481,0,2023-08-04 04:00:00
1691136000,1.0948,1.09543,1.09351,1.09442,0,2023-08-04 08:00:00
1691150400,1.09443,1.10299,1.09349,1.10233,0,2023-08-04 12:00:00
1691164800,1.10232,1.10419,1.10085,1.10091,0,2023-08-04 16:00:00
1691179200,1.10092,1.10115,1.10029,1.10029,0,2023-08-04 20:00:00
1691352000,1.10141,1.10151,1.10025,1.1005,0,2023-08-06 20:00:00
1691366400,1.1005,1.10117,1.09952,1.10004,0,2023-08-07 00:00:00
1691380800,1.10004,1.10021,1.09708,1.09801,0,2023-08-07 04:00:00
1691395200,1.09802,1.09947,1.09654,1.0973,0,2023-08-07 08:00:00
1691409600,1.09731,1.10116,1.09716,1.10017,0,2023-08-07 12:00:00
1691424000,1.10017,1.10101,1.09921,1.10067,0,2023-08-07 16:00:00
1691438400,1.10067,1.10079,1.0999,1.10017,0,2023-08-07 20:00:00
1691452800,1.10018,1.10054,1.09768,1.09883,0,2023-08-08 00:00:00
1691467200,1.09883,1.10111,1.098,1.09975,0,2023-08-08 04:00:00
1691481600,1.09975,1.09981,1.0952,1.09537,0,2023-08-08 08:00:00
1691496000,1.09537,1.0957,1.0929,1.09457,0,2023-08-08 12:00:00
1691510400,1.09456,1.09609,1.09414,1.09594,0,2023-08-08 16:00:00
1691524800,1.09594,1.09619,1.09519,1.0952,0,2023-08-08 20:00:00
1691539200,1.0952,1.09698,1.0952,1.09683,0,2023-08-09 00:00:00
1691553600,1.09683,1.09796,1.09633,1.09726,0,2023-08-09 04:00:00
1691568000,1.09727,1.09887,1.09706,1.09762,0,2023-08-09 08:00:00
1691582400,1.09761,1.09953,1.0962,1.09828,0,2023-08-09 12:00:00
1691596800,1.09827,1.09916,1.09732,1.09751,0,2023-08-09 16:00:00
1691611200,1.09752,1.0982,1.09712,1.09767,0,2023-08-09 20:00:00
1691625600,1.09767,1.09807,1.09673,1.09789,0,2023-08-10 00:00:00
1691640000,1.09789,1.09988,1.09778,1.09942,0,2023-08-10 04:00:00
1691654400,1.09942,1.10278,1.0993,1.10277,0,2023-08-10 08:00:00
1691668800,1.10278,1.1065,1.10076,1.10186,0,2023-08-10 12:00:00
1691683200,1.10187,1.1022,1.09761,1.09907,0,2023-08-10 16:00:00
1691697600,1.09907,1.09913,1.09777,1.09826,0,2023-08-10 20:00:00
1691712000,1.09827,1.09979,1.09797,1.09885,0,2023-08-11 00:00:00
1691726400,1.09885,1.1002,1.09838,1.09909,0,2023-08-11 04:00:00
1691740800,1.09909,1.10031,1.09763,1.09931,0,2023-08-11 08:00:00
1691755200,1.0993,1.10049,1.09548,1.09721,0,2023-08-11 12:00:00
1691769600,1.09721,1.09755,1.09429,1.09507,0,2023-08-11 16:00:00
1691784000,1.09508,1.0951,1.09432,1.09433,0,2023-08-11 20:00:00
1691956800,1.09493,1.09517,1.09401,1.0942,0,2023-08-13 20:00:00
1691971200,1.09419,1.09467,1.09301,1.09306,0,2023-08-14 00:00:00
1691985600,1.09305,1.09404,1.09261,1.09321,0,2023-08-14 04:00:00
1692000000,1.0932,1.096,1.09296,1.09451,0,2023-08-14 08:00:00
1692014400,1.0945,1.09459,1.08747,1.09031,0,2023-08-14 12:00:00
1692028800,1.09033,1.09359,1.09022,1.09045,0,2023-08-14 16:00:00
1692043200,1.09046,1.09129,1.0902,1.09073,0,2023-08-14 20:00:00
1692057600,1.09073,1.09174,1.09003,1.09095,0,2023-08-15 00:00:00
1692072000,1.09095,1.09263,1.09062,1.09234,0,2023-08-15 04:00:00
1692086400,1.09234,1.09448,1.09155,1.09348,0,2023-08-15 08:00:00
1692100800,1.09347,1.09524,1.08969,1.09411,0,2023-08-15 12:00:00
1692115200,1.0941,1.09444,1.09035,1.09043,0,2023-08-15 16:00:00
1692129600,1.09043,1.09064,1.0899,1.09028,0,2023-08-15 20:00:00
1692144000,1.09028,1.09117,1.08989,1.09045,0,2023-08-16 00:00:00
1692158400,1.09044,1.09271,1.0904,1.09192,0,2023-08-16 04:00:00
1692172800,1.09191,1.09345,1.09158,1.09182,0,2023-08-16 08:00:00
1692187200,1.09182,1.09233,1.08961,1.09066,0,2023-08-16 12:00:00
1692201600,1.09066,1.09123,1.08773,1.08807,0,2023-08-16 16:00:00
1692216000,1.08808,1.08832,1.08714,1.08791,0,2023-08-16 20:00:00
1692230400,1.08791,1.08798,1.08618,1.08659,0,2023-08-17 00:00:00
1692244800,1.0866,1.08866,1.08626,1.08834,0,2023-08-17 04:00:00
1692259200,1.08832,1.08876,1.08636,1.08835,0,2023-08-17 08:00:00
1692273600,1.08836,1.0918,1.08811,1.08894,0,2023-08-17 12:00:00
1692288000,1.08895,1.08902,1.08563,1.08569,0,2023-08-17 16:00:00
1692302400,1.08569,1.08744,1.08569,1.08734,0,2023-08-17 20:00:00
1692316800,1.08734,1.08938,1.08717,1.08884,0,2023-08-18 00:00:00
1692331200,1.08883,1.08889,1.08709,1.08719,0,2023-08-18 04:00:00
1692345600,1.08717,1.0878,1.08621,1.0863,0,2023-08-18 08:00:00
1692360000,1.08631,1.08813,1.0845,1.08721,0,2023-08-18 12:00:00
1692374400,1.0872,1.08811,1.08679,1.0878,0,2023-08-18 16:00:00
1692388800,1.0878,1.08788,1.08678,1.08678,0,2023-08-18 20:00:00
1692561600,1.08672,1.08785,1.08664,1.08741,0,2023-08-20 20:00:00
1692576000,1.08743,1.08841,1.08695,1.08813,0,2023-08-21 00:00:00
1692590400,1.08814,1.08871,1.08725,1.08774,0,2023-08-21 04:00:00
1692604800,1.08775,1.09047,1.08723,1.08988,0,2023-08-21 08:00:00
1692619200,1.08989,1.09136,1.08753,1.08873,0,2023-08-21 12:00:00
1692633600,1.08872,1.09042,1.08819,1.08984,0,2023-08-21 16:00:00
1692648000,1.08984,1.09015,1.08924,1.0896,0,2023-08-21 20:00:00
1692662400,1.08959,1.09128,1.08932,1.09076,0,2023-08-22 00:00:00
1692676800,1.09077,1.09208,1.09046,1.09179,0,2023-08-22 04:00:00
1692691200,1.09177,1.09303,1.08855,1.08868,0,2023-08-22 08:00:00
1692705600,1.08867,1.08906,1.08329,1.08511,0,2023-08-22 12:00:00
1692720000,1.08511,1.08557,1.08443,1.08522,0,2023-08-22 16:00:00
1692734400,1.08523,1.08524,1.08434,1.0846,0,2023-08-22 20:00:00
1692748800,1.0846,1.08575,1.08446,1.08544,0,2023-08-23 00:00:00
1692763200,1.08543,1.08646,1.08518,1.08613,0,2023-08-23 04:00:00
1692777600,1.08612,1.08713,1.08054,1.08075,0,2023-08-23 08:00:00
1692792000,1.08073,1.08538,1.08025,1.08455,0,2023-08-23 12:00:00
1692806400,1.08455,1.087,1.08446,1.08586,0,2023-08-23 16:00:00
1692820800,1.08586,1.08672,1.08584,1.08643,0,2023-08-23 20:00:00
1692835200,1.08643,1.0875,1.08583,1.0865,0,2023-08-24 00:00:00
1692849600,1.0865,1.08764,1.08563,1.08567,0,2023-08-24 04:00:00
1692864000,1.08568,1.08643,1.08465,1.08546,0,2023-08-24 08:00:00
1692878400,1.08546,1.08585,1.08142,1.08393,0,2023-08-24 12:00:00
1692892800,1.08392,1.08406,1.08087,1.08091,0,2023-08-24 16:00:00
1692907200,1.08091,1.08159,1.0805,1.08069,0,2023-08-24 20:00:00
1692921600,1.0807,1.0807,1.07827,1.0786,0,2023-08-25 00:00:00
1692936000,1.07859,1.07914,1.07768,1.07809,0,2023-08-25 04:00:00
1692950400,1.07808,1.08033,1.07661,1.08028,0,2023-08-25 08:00:00
1692964800,1.08029,1.08417,1.07658,1.07716,0,2023-08-25 12:00:00
1692979200,1.07716,1.08125,1.07681,1.08073,0,2023-08-25 16:00:00
1692993600,1.08073,1.08107,1.07906,1.07906,0,2023-08-25 20:00:00
1693166400,1.07957,1.08006,1.07941,1.07946,0,2023-08-27 20:00:00
1693180800,1.07947,1.08099,1.07933,1.08087,0,2023-08-28 00:00:00
1693195200,1.08086,1.0819,1.08052,1.0816,0,2023-08-28 04:00:00
1693209600,1.08159,1.08221,1.07993,1.08117,0,2023-08-28 08:00:00
1693224000,1.08116,1.08141,1.07989,1.08056,0,2023-08-28 12:00:00
1693238400,1.08055,1.08124,1.08027,1.08115,0,2023-08-28 16:00:00
1693252800,1.08116,1.0827,1.08089,1.08256,0,2023-08-28 20:00:00
1693267200,1.08256,1.08368,1.08213,1.08355,0,2023-08-29 00:00:00
1693281600,1.08355,1.08382,1.08083,1.08086,0,2023-08-29 04:00:00
1693296000,1.08086,1.08296,1.0804,1.08065,0,2023-08-29 08:00:00
1693310400,1.08065,1.08502,1.07822,1.08279,0,2023-08-29 12:00:00
1693324800,1.08279,1.08768,1.0826,1.08717,0,2023-08-29 16:00:00
1693339200,1.08718,1.08919,1.08694,1.08843,0,2023-08-29 20:00:00
1693353600,1.08845,1.08849,1.08636,1.08672,0,2023-08-30 00:00:00
1693368000,1.08672,1.08766,1.08556,1.08687,0,2023-08-30 04:00:00
1693382400,1.0869,1.08935,1.08551,1.08904,0,2023-08-30 08:00:00
1693396800,1.08904,1.09454,1.08746,1.09287,0,2023-08-30 12:00:00
1693411200,1.09286,1.09344,1.09168,1.09234,0,2023-08-30 16:00:00
1693425600,1.09234,1.09291,1.09189,1.09264,0,2023-08-30 20:00:00
1693440000,1.09264,1.09394,1.09209,1.09218,0,2023-08-31 00:00:00
1693454400,1.09217,1.09244,1.09067,1.09071,0,2023-08-31 04:00:00
1693468800,1.09072,1.09087,1.08628,1.08732,0,2023-08-31 08:00:00
1693483200,1.08733,1.08849,1.08401,1.08546,0,2023-08-31 12:00:00
1693497600,1.08546,1.0859,1.08351,1.08458,0,2023-08-31 16:00:00
1693512000,1.08457,1.08505,1.08347,1.08418,0,2023-08-31 20:00:00
1693526400,1.08417,1.08541,1.08363,1.0844,0,2023-09-01 00:00:00
1693540800,1.08439,1.08496,1.08284,1.08492,0,2023-09-01 04:00:00
1693555200,1.08494,1.08595,1.08436,1.08457,0,2023-09-01 08:00:00
1693569600,1.08456,1.08819,1.08042,1.08082,0,2023-09-01 12:00:00
1693584000,1.08082,1.08082,1.07751,1.07786,0,2023-09-01 16:00:00
1693598400,1.07787,1.07804,1.07716,1.07717,0,2023-09-01 20:00:00
1693771200,1.07748,1.07815,1.07718,1.07733,0,2023-09-03 20:00:00
1693785600,1.07731,1.07872,1.07716,1.07856,0,2023-09-04 00:00:00
1693800000,1.07857,1.07941,1.07811,1.07899,0,2023-09-04 04:00:00
1693814400,1.07901,1.08068,1.07886,1.08047,0,2023-09-04 08:00:00
1693828800,1.08047,1.08087,1.07832,1.07844,0,2023-09-04 12:00:00
1693843200,1.07845,1.08,1.07836,1.07953,0,2023-09-04 16:00:00
1693857600,1.07952,1.07977,1.07897,1.07945,0,2023-09-04 20:00:00
1693872000,1.07945,1.07982,1.07834,1.07873,0,2023-09-05 00:00:00
1693886400,1.07872,1.07938,1.07579,1.07666,0,2023-09-05 04:00:00
1693900800,1.07666,1.07716,1.07385,1.07395,0,2023-09-05 08:00:00
1693915200,1.07394,1.07486,1.07072,1.07082,0,2023-09-05 12:00:00
1693929600,1.07083,1.07323,1.07062,1.07215,0,2023-09-05 16:00:00
1693944000,1.07216,1.07272,1.0719,1.0726,0,2023-09-05 20:00:00
1693958400,1.07261,1.07341,1.07131,1.07339,0,2023-09-06 00:00:00
1693972800,1.07339,1.07394,1.07274,1.07313,0,2023-09-06 04:00:00
1693987200,1.07313,1.0748,1.07231,1.07385,0,2023-09-06 08:00:00
1694001600,1.07386,1.07488,1.07025,1.07089,0,2023-09-06 12:00:00
1694016000,1.07091,1.07295,1.0705,1.07257,0,2023-09-06 16:00:00
1694030400,1.07258,1.07281,1.07214,1.07251,0,2023-09-06 20:00:00
1694044800,1.0725,1.07308,1.0719,1.07278,0,2023-09-07 00:00:00
1694059200,1.07278,1.07317,1.07148,1.07165,0,2023-09-07 04:00:00
1694073600,1.07166,1.07196,1.0704,1.07061,0,2023-09-07 08:00:00
1694088000,1.07062,1.07134,1.06861,1.07031,0,2023-09-07 12:00:00
1694102400,1.07032,1.07096,1.06941,1.06941,0,2023-09-07 16:00:00
1694116800,1.06941,1.07013,1.06937,1.06955,0,2023-09-07 20:00:00
1694131200,1.06956,1.07232,1.06941,1.07177,0,2023-09-08 00:00:00
1694145600,1.07178,1.07279,1.07126,1.07153,0,2023-09-08 04:00:00
1694160000,1.07155,1.0719,1.06965,1.07003,0,2023-09-08 08:00:00
1694174400,1.07005,1.07438,1.06941,1.07152,0,2023-09-08 12:00:00
1694188800,1.07151,1.07172,1.06969,1.06978,0,2023-09-08 16:00:00
1694203200,1.06979,1.0703,1.06971,1.06974,0,2023-09-08 20:00:00
1694376000,1.07147,1.07198,1.07075,1.07114,0,2023-09-10 20:00:00
1694390400,1.07114,1.0728,1.07082,1.07239,0,2023-09-11 00:00:00
1694404800,1.07239,1.07412,1.07193,1.07331,0,2023-09-11 04:00:00
1694419200,1.07331,1.07374,1.07222,1.0732,0,2023-09-11 08:00:00
1694433600,1.0732,1.07593,1.07154,1.07457,0,2023-09-11 12:00:00
1694448000,1.07456,1.07578,1.0741,1.07451,0,2023-09-11 16:00:00
1694462400,1.07454,1.07533,1.07414,1.07497,0,2023-09-11 20:00:00
1694476800,1.07497,1.07692,1.07375,1.07509,0,2023-09-12 00:00:00
1694491200,1.0751,1.07512,1.07303,1.07324,0,2023-09-12 04:00:00
1694505600,1.07324,1.07347,1.07121,1.07161,0,2023-09-12 08:00:00
1694520000,1.07161,1.07208,1.07055,1.07138,0,2023-09-12 12:00:00
1694534400,1.07138,1.07375,1.07137,1.07321,0,2023-09-12 16:00:00
1694548800,1.07322,1.07648,1.07275,1.07558,0,2023-09-12 20:00:00
1694563200,1.07558,1.07648,1.07451,1.07465,0,2023-09-13 00:00:00
1694577600,1.07466,1.07545,1.07348,1.07383,0,2023-09-13 04:00:00
1694592000,1.07383,1.07488,1.07285,1.07377,0,2023-09-13 08:00:00
1694606400,1.07377,1.07614,1.0711,1.07362,0,2023-09-13 12:00:00
1694620800,1.07381,1.07491,1.07312,1.0732,0,2023-09-13 16:00:00
1694635200,1.07321,1.0734,1.07278,1.07328,0,2023-09-13 20:00:00
1694649600,1.07329,1.07432,1.07301,1.07404,0,2023-09-14 00:00:00
1694664000,1.07407,1.07521,1.07406,1.07427,0,2023-09-14 04:00:00
1694678400,1.07428,1.07432,1.07245,1.0735,0,2023-09-14 08:00:00
1694692800,1.0735,1.07476,1.06539,1.06675,0,2023-09-14 12:00:00
1694707200,1.06639,1.06755,1.06318,1.06346,0,2023-09-14 16:00:00
1694721600,1.06348,1.06468,1.06342,1.06423,0,2023-09-14 20:00:00
1694736000,1.06421,1.06483,1.06332,1.0643,0,2023-09-15 00:00:00
1694750400,1.06433,1.06674,1.06416,1.06606,0,2023-09-15 04:00:00
1694764800,1.06607,1.06692,1.06498,1.0656,0,2023-09-15 08:00:00
1694779200,1.0656,1.06877,1.06451,1.06642,0,2023-09-15 12:00:00
1694793600,1.06641,1.06802,1.06606,1.06607,0,2023-09-15 16:00:00
1694808000,1.06606,1.06637,1.06561,1.06576,0,2023-09-15 20:00:00
1694980800,1.06588,1.0669,1.06578,1.06638,0,2023-09-17 20:00:00
1694995200,1.06639,1.06736,1.06609,1.06653,0,2023-09-18 00:00:00
1695009600,1.06654,1.06777,1.06584,1.06584,0,2023-09-18 04:00:00
1695024000,1.06584,1.06747,1.06562,1.06697,0,2023-09-18 08:00:00
1695038400,1.06678,1.06752,1.06546,1.06722,0,2023-09-18 12:00:00
1695052800,1.0675,1.06986,1.06741,1.06782,0,2023-09-18 16:00:00
1695067200,1.06782,1.06936,1.06782,1.06912,0,2023-09-18 20:00:00
1695081600,1.06913,1.06965,1.06807,1.06845,0,2023-09-19 00:00:00
1695096000,1.06845,1.06856,1.06762,1.06785,0,2023-09-19 04:00:00
1695110400,1.06786,1.07095,1.0675,1.07004,0,2023-09-19 08:00:00
1695124800,1.07004,1.0718,1.06823,1.06895,0,2023-09-19 12:00:00
1695139200,1.06896,1.06928,1.06771,1.06776,0,2023-09-19 16:00:00
1695153600,1.06772,1.06828,1.06746,1.06819,0,2023-09-19 20:00:00
1695168000,1.0682,1.06897,1.06792,1.06829,0,2023-09-20 00:00:00
1695182400,1.06828,1.06929,1.06729,1.06818,0,2023-09-20 04:00:00
1695196800,1.06817,1.07049,1.06752,1.07031,0,2023-09-20 08:00:00
1695211200,1.07031,1.07271,1.06921,1.07196,0,2023-09-20 12:00:00
1695225600,1.07195,1.07368,1.06739,1.06866,0,2023-09-20 16:00:00
1695240000,1.06866,1.06889,1.06501,1.06551,0,2023-09-20 20:00:00
1695254400,1.06552,1.06552,1.06167,1.06271,0,2023-09-21 00:00:00
1695268800,1.06274,1.06546,1.06269,1.06503,0,2023-09-21 04:00:00
1695283200,1.06501,1.06645,1.06386,1.06505,0,2023-09-21 08:00:00
1695297600,1.06501,1.06734,1.06246,1.06599,0,2023-09-21 12:00:00
1695312000,1.06598,1.06708,1.06544,1.06616,0,2023-09-21 16:00:00
1695326400,1.06618,1.06668,1.06558,1.06613,0,2023-09-21 20:00:00
1695340800,1.06613,1.06626,1.06409,1.06479,0,2023-09-22 00:00:00
1695355200,1.06478,1.06598,1.06471,1.06594,0,2023-09-22 04:00:00
1695369600,1.06595,1.06678,1.0615,1.06354,0,2023-09-22 08:00:00
1695384000,1.06355,1.06716,1.06355,1.06581,0,2023-09-22 12:00:00
1695398400,1.0658,1.06653,1.06391,1.06469,0,2023-09-22 16:00:00
1695412800,1.06469,1.06512,1.06415,1.06419,0,2023-09-22 20:00:00
1695585600,1.06513,1.06517,1.06424,1.06489,0,2023-09-24 20:00:00
1695600000,1.06489,1.06555,1.0643,1.06489,0,2023-09-25 00:00:00
1695614400,1.06489,1.06531,1.06421,1.06462,0,2023-09-25 04:00:00
1695628800,1.06461,1.06528,1.06239,1.06362,0,2023-09-25 08:00:00
1695643200,1.06374,1.06435,1.05753,1.05773,0,2023-09-25 12:00:00
1695657600,1.05775,1.05986,1.0576,1.0587,0,2023-09-25 16:00:00
1695672000,1.0587,1.05966,1.05854,1.05938,0,2023-09-25 20:00:00
1695686400,1.05937,1.05952,1.05798,1.05799,0,2023-09-26 00:00:00
1695700800,1.058,1.05929,1.0571,1.05716,0,2023-09-26 04:00:00
1695715200,1.05715,1.0603,1.05699,1.0596,0,2023-09-26 08:00:00
1695729600,1.0596,1.0609,1.05781,1.05837,0,2023-09-26 12:00:00
1695744000,1.05837,1.05844,1.0562,1.05663,0,2023-09-26 16:00:00
1695758400,1.05664,1.05755,1.05645,1.05712,0,2023-09-26 20:00:00
1695772800,1.05712,1.05732,1.05559,1.05644,0,2023-09-27 00:00:00
1695787200,1.05644,1.05706,1.05548,1.05692,0,2023-09-27 04:00:00
1695801600,1.05692,1.0574,1.05525,1.05542,0,2023-09-27 08:00:00
1695816000,1.05541,1.05547,1.05084,1.05087,0,2023-09-27 12:00:00
1695830400,1.05087,1.05238,1.0488,1.05068,0,2023-09-27 16:00:00
1695844800,1.05069,1.05187,1.04985,1.05034,0,2023-09-27 20:00:00
1695859200,1.05032,1.0516,1.04987,1.04995,0,2023-09-28 00:00:00
1695873600,1.04995,1.05096,1.0491,1.04951,0,2023-09-28 04:00:00
1695888000,1.04952,1.05417,1.04943,1.05397,0,2023-09-28 08:00:00
1695902400,1.05398,1.05676,1.05176,1.05628,0,2023-09-28 12:00:00
1695916800,1.05628,1.05788,1.05498,1.05549,0,2023-09-28 16:00:00
1695931200,1.05551,1.05674,1.05525,1.05648,0,2023-09-28 20:00:00
1695945600,1.05647,1.05827,1.05579,1.05792,0,2023-09-29 00:00:00
1695960000,1.05792,1.05919,1.05743,1.05899,0,2023-09-29 04:00:00
1695974400,1.05898,1.06169,1.0588,1.06091,0,2023-09-29 08:00:00
1695988800,1.06092,1.0611,1.05698,1.05869,0,2023-09-29 12:00:00
1696003200,1.0587,1.05903,1.05638,1.05776,0,2023-09-29 16:00:00
1696017600,1.05774,1.05791,1.05684,1.05694,0,2023-09-29 20:00:00
1696190400,1.05672,1.05721,1.05578,1.0559,0,2023-10-01 20:00:00
1696204800,1.05591,1.05707,1.05578,1.0568,0,2023-10-02 00:00:00
1696219200,1.05679,1.05897,1.05601,1.05895,0,2023-10-02 04:00:00
1696233600,1.05896,1.05919,1.05337,1.05395,0,2023-10-02 08:00:00
1696248000,1.05396,1.05424,1.04922,1.04954,0,2023-10-02 12:00:00
1696262400,1.04955,1.05126,1.04883,1.04925,0,2023-10-02 16:00:00
1696276800,1.04925,1.0494,1.04764,1.04766,0,2023-10-02 20:00:00
1696291200,1.04767,1.04827,1.04638,1.04665,0,2023-10-03 00:00:00
1696305600,1.04665,1.04746,1.04598,1.04728,0,2023-10-03 04:00:00
1696320000,1.04729,1.04933,1.04689,1.04759,0,2023-10-03 08:00:00
1696334400,1.04758,1.04857,1.04497,1.04756,0,2023-10-03 12:00:00
1696348800,1.04756,1.04795,1.04483,1.04746,0,2023-10-03 16:00:00
1696363200,1.04748,1.04785,1.04637,1.04645,0,2023-10-03 20:00:00
1696377600,1.04646,1.04755,1.04598,1.04634,0,2023-10-04 00:00:00
1696392000,1.04632,1.04739,1.04542,1.04604,0,2023-10-04 04:00:00
1696406400,1.04604,1.05115,1.04514,1.05032,0,2023-10-04 08:00:00
1696420800,1.05033,1.05321,1.04829,1.04927,0,2023-10-04 12:00:00
1696435200,1.04927,1.05217,1.04901,1.05031,0,2023-10-04 16:00:00
1696449600,1.05032,1.05194,1.05017,1.05062,0,2023-10-04 20:00:00
1696464000,1.05063,1.05288,1.05022,1.05231,0,2023-10-05 00:00:00
1696478400,1.0523,1.05284,1.05047,1.0507,0,2023-10-05 04:00:00
1696492800,1.05069,1.0523,1.05014,1.0519,0,2023-10-05 08:00:00
1696507200,1.05189,1.05331,1.05,1.05301,0,2023-10-05 12:00:00
1696521600,1.05302,1.05515,1.05203,1.05508,0,2023-10-05 16:00:00
1696536000,1.05507,1.05518,1.05447,1.05481,0,2023-10-05 20:00:00
1696550400,1.0548,1.05484,1.05381,1.05448,0,2023-10-06 00:00:00
1696564800,1.05448,1.05463,1.05314,1.05346,0,2023-10-06 04:00:00
1696579200,1.05345,1.05633,1.0534,1.05547,0,2023-10-06 08:00:00
1696593600,1.05545,1.05684,1.04824,1.05376,0,2023-10-06 12:00:00
1696608000,1.05377,1.05999,1.0536,1.05933,0,2023-10-06 16:00:00
1696622400,1.05934,1.05961,1.05823,1.05828,0,2023-10-06 20:00:00
1696795200,1.05529,1.0563,1.05494,1.0558,0,2023-10-08 20:00:00
1696809600,1.05581,1.05742,1.05568,1.05614,0,2023-10-09 00:00:00
1696824000,1.05612,1.05613,1.05315,1.0537,0,2023-10-09 04:00:00
1696838400,1.05371,1.0545,1.05194,1.0528,0,2023-10-09 08:00:00
1696852800,1.05281,1.05576,1.05224,1.05453,0,2023-10-09 12:00:00
1696867200,1.05452,1.05674,1.05344,1.05642,0,2023-10-09 16:00:00
1696881600,1.05641,1.05722,1.05606,1.05686,0,2023-10-09 20:00:00
1696896000,1.05686,1.05836,1.05665,1.0567,0,2023-10-10 00:00:00
1696910400,1.05669,1.05703,1.05546,1.05613,0,2023-10-10 04:00:00
1696924800,1.05612,1.0611,1.05542,1.05921,0,2023-10-10 08:00:00
1696939200,1.05922,1.06064,1.05718,1.05972,0,2023-10-10 12:00:00
1696953600,1.0597,1.06198,1.05924,1.05986,0,2023-10-10 16:00:00
1696968000,1.05986,1.06068,1.05938,1.06052,0,2023-10-10 20:00:00
1696982400,1.06052,1.06142,1.06012,1.06077,0,2023-10-11 00:00:00
1696996800,1.06077,1.06145,1.05991,1.06102,0,2023-10-11 04:00:00
1697011200,1.06102,1.06283,1.05933,1.06018,0,2023-10-11 08:00:00
1697025600,1.06019,1.06346,1.05806,1.06241,0,2023-10-11 12:00:00
1697040000,1.06242,1.06245,1.05849,1.06071,0,2023-10-11 16:00:00
1697054400,1.06071,1.06218,1.0607,1.0619,0,2023-10-11 20:00:00
1697068800,1.06191,1.06279,1.06187,1.06238,0,2023-10-12 00:00:00
1697083200,1.06238,1.06397,1.06208,1.06356,0,2023-10-12 04:00:00
1697097600,1.06355,1.06361,1.0616,1.06185,0,2023-10-12 08:00:00
1697112000,1.06186,1.06271,1.05444,1.05555,0,2023-10-12 12:00:00
1697126400,1.05556,1.05608,1.05257,1.05266,0,2023-10-12 16:00:00
1697140800,1.05267,1.05339,1.05265,1.05314,0,2023-10-12 20:00:00
1697155200,1.05314,1.05466,1.05307,1.0546,0,2023-10-13 00:00:00
1697169600,1.0546,1.05508,1.05333,1.05365,0,2023-10-13 04:00:00
1697184000,1.05364,1.05584,1.05156,1.05179,0,2023-10-13 08:00:00
1697198400,1.05178,1.05473,1.04995,1.05032,0,2023-10-13 12:00:00
1697212800,1.05033,1.0515,1.04954,1.0511,0,2023-10-13 16:00:00
1697227200,1.0511,1.05158,1.05056,1.05073,0,2023-10-13 20:00:00
1697400000,1.05083,1.05253,1.05025,1.05213,0,2023-10-15 20:00:00
1697414400,1.05212,1.05257,1.05156,1.05216,0,2023-10-16 00:00:00
1697428800,1.05218,1.05382,1.05199,1.05348,0,2023-10-16 04:00:00
1697443200,1.05348,1.05428,1.05235,1.05323,0,2023-10-16 08:00:00
1697457600,1.05322,1.05554,1.05256,1.05497,0,2023-10-16 12:00:00
1697472000,1.05497,1.05565,1.05394,1.05541,0,2023-10-16 16:00:00
1697486400,1.0554,1.05627,1.05526,1.05561,0,2023-10-16 20:00:00
1697500800,1.05561,1.05607,1.05462,1.05499,0,2023-10-17 00:00:00
1697515200,1.055,1.05541,1.0534,1.0537,0,2023-10-17 04:00:00
1697529600,1.0537,1.05625,1.05328,1.05533,0,2023-10-17 08:00:00
1697544000,1.05534,1.05869,1.05383,1.05751,0,2023-10-17 12:00:00
1697558400,1.05752,1.05948,1.05641,1.05689,0,2023-10-17 16:00:00
1697572800,1.0569,1.0581,1.0569,1.05757,0,2023-10-17 20:00:00
1697587200,1.05758,1.05789,1.05604,1.05754,0,2023-10-18 00:00:00
1697601600,1.05753,1.05941,1.05723,1.05788,0,2023-10-18 04:00:00
1697616000,1.05788,1.05867,1.05542,1.05559,0,2023-10-18 08:00:00
1697630400,1.05559,1.05744,1.05322,1.05375,0,2023-10-18 12:00:00
1697644800,1.05375,1.05536,1.05231,1.05356,0,2023-10-18 16:00:00
1697659200,1.05357,1.05396,1.05315,1.05369,0,2023-10-18 20:00:00
1697673600,1.0537,1.05418,1.05323,1.0535,0,2023-10-19 00:00:00
1697688000,1.0535,1.05421,1.05282,1.05401,0,2023-10-19 04:00:00
1697702400,1.05402,1.05523,1.05294,1.0551,0,2023-10-19 08:00:00
1697716800,1.05512,1.05816,1.05512,1.05688,0,2023-10-19 12:00:00
1697731200,1.05688,1.06163,1.05561,1.05807,0,2023-10-19 16:00:00
1697745600,1.05807,1.05901,1.05781,1.05809,0,2023-10-19 20:00:00
1697760000,1.05802,1.05865,1.05683,1.0578,0,2023-10-20 00:00:00
1697774400,1.0578,1.058,1.05649,1.0574,0,2023-10-20 04:00:00
1697788800,1.05742,1.05953,1.05683,1.05852,0,2023-10-20 08:00:00
1697803200,1.05851,1.06008,1.05653,1.05876,0,2023-10-20 12:00:00
1697817600,1.05877,1.06035,1.05812,1.05924,0,2023-10-20 16:00:00
1697832000,1.05925,1.05955,1.05882,1.05927,0,2023-10-20 20:00:00
1698004800,1.0595,1.05968,1.05883,1.05913,0,2023-10-22 20:00:00
1698019200,1.05913,1.05934,1.05733,1.05736,0,2023-10-23 00:00:00
1698033600,1.05735,1.05864,1.05714,1.05824,0,2023-10-23 04:00:00
1698048000,1.05826,1.06147,1.05765,1.06042,0,2023-10-23 08:00:00
1698062400,1.06044,1.06318,1.0591,1.06287,0,2023-10-23 12:00:00
1698076800,1.06286,1.06779,1.0628,1.06741,0,2023-10-23 16:00:00
1698091200,1.06742,1.06747,1.06603,1.06678,0,2023-10-23 20:00:00
1698105600,1.06678,1.06871,1.06668,1.06814,0,2023-10-24 00:00:00
1698120000,1.06815,1.06865,1.06769,1.06853,0,2023-10-24 04:00:00
1698134400,1.06852,1.06942,1.06217,1.06253,0,2023-10-24 08:00:00
1698148800,1.06253,1.06415,1.05905,1.05996,0,2023-10-24 12:00:00
1698163200,1.05996,1.06021,1.0583,1.05884,0,2023-10-24 16:00:00
1698177600,1.05883,1.05943,1.0587,1.05934,0,2023-10-24 20:00:00
1698192000,1.05932,1.06044,1.05897,1.06036,0,2023-10-25 00:00:00
1698206400,1.06037,1.06067,1.05925,1.05925,0,2023-10-25 04:00:00
1698220800,1.05923,1.05968,1.05658,1.05743,0,2023-10-25 08:00:00
1698235200,1.05744,1.05913,1.05668,1.05851,0,2023-10-25 12:00:00
1698249600,1.05852,1.05956,1.05658,1.05664,0,2023-10-25 16:00:00
1698264000,1.05665,1.05699,1.0564,1.05653,0,2023-10-25 20:00:00
1698278400,1.05652,1.05691,1.05436,1.05452,0,2023-10-26 00:00:00
1698292800,1.05452,1.05491,1.0533,1.05385,0,2023-10-26 04:00:00
1698307200,1.05385,1.05525,1.0535,1.05372,0,2023-10-26 08:00:00
1698321600,1.05372,1.05603,1.05221,1.05427,0,2023-10-26 12:00:00
1698336000,1.05428,1.05645,1.05249,1.05609,0,2023-10-26 16:00:00
1698350400,1.05608,1.05649,1.05483,1.05642,0,2023-10-26 20:00:00
1698364800,1.05644,1.05666,1.05525,1.05644,0,2023-10-27 00:00:00
1698379200,1.05645,1.05698,1.05547,1.05559,0,2023-10-27 04:00:00
1698393600,1.05558,1.05671,1.0552,1.05557,0,2023-10-27 08:00:00
1698408000,1.05557,1.05947,1.05354,1.05781,0,2023-10-27 12:00:00
1698422400,1.05782,1.0597,1.05573,1.05678,0,2023-10-27 16:00:00
1698436800,1.05677,1.05708,1.05605,1.05605,0,2023-10-27 20:00:00
1698609600,1.05644,1.05749,1.05588,1.05618,0,2023-10-29 20:00:00
1698624000,1.05618,1.05658,1.05551,1.05604,0,2023-10-30 00:00:00
1698638400,1.05603,1.05674,1.0553,1.05566,0,2023-10-30 04:00:00
1698652800,1.05565,1.05962,1.05471,1.05851,0,2023-10-30 08:00:00
1698667200,1.05852,1.0625,1.05819,1.06191,0,2023-10-30 12:00:00
1698681600,1.06189,1.06215,1.06002,1.06169,0,2023-10-30 16:00:00
1698696000,1.06169,1.06174,1.06117,1.06138,0,2023-10-30 20:00:00
1698710400,1.06139,1.06143,1.05906,1.05943,0,2023-10-31 00:00:00
1698724800,1.05943,1.06258,1.05907,1.06212,0,2023-10-31 04:00:00
1698739200,1.06212,1.06748,1.06154,1.06557,0,2023-10-31 08:00:00
1698753600,1.06556,1.06609,1.05662,1.05669,0,2023-10-31 12:00:00
1698768000,1.05672,1.05856,1.05574,1.05807,0,2023-10-31 16:00:00
1698782400,1.05809,1.05835,1.0572,1.0578,0,2023-10-31 20:00:00
1698796800,1.05778,1.05806,1.05664,1.05705,0,2023-11-01 00:00:00
1698811200,1.05704,1.05774,1.0559,1.05646,0,2023-11-01 04:00:00
1698825600,1.05646,1.0568,1.05408,1.05428,0,2023-11-01 08:00:00
1698840000,1.05429,1.05708,1.05216,1.05372,0,2023-11-01 12:00:00
1698854400,1.05372,1.05706,1.05167,1.05672,0,2023-11-01 16:00:00
1698868800,1.05671,1.05867,1.05667,1.05866,0,2023-11-01 20:00:00
1698883200,1.05866,1.06021,1.05837,1.05998,0,2023-11-02 00:00:00
1698897600,1.05999,1.061,1.05936,1.06033,0,2023-11-02 04:00:00
1698912000,1.06032,1.06388,1.0591,1.06337,0,2023-11-02 08:00:00
1698926400,1.06338,1.06675,1.06168,1.06173,0,2023-11-02 12:00:00
1698940800,1.06172,1.06323,1.06105,1.06231,0,2023-11-02 16:00:00
1698955200,1.06231,1.06244,1.06154,1.06155,0,2023-11-02 20:00:00
1698969600,1.06158,1.06287,1.06146,1.06253,0,2023-11-03 00:00:00
1698984000,1.06254,1.06338,1.06248,1.06292,0,2023-11-03 04:00:00
1698998400,1.06291,1.06526,1.06197,1.06467,0,2023-11-03 08:00:00
1699012800,1.06469,1.07353,1.06454,1.07321,0,2023-11-03 12:00:00
1699027200,1.0732,1.07467,1.07224,1.07247,0,2023-11-03 16:00:00
1699041600,1.07248,1.07325,1.07247,1.07295,0,2023-11-03 20:00:00
1699214400,1.07232,1.07334,1.07207,1.07313,0,2023-11-05 20:00:00
1699228800,1.07316,1.07343,1.07222,1.07343,0,2023-11-06 00:00:00
1699243200,1.07343,1.07437,1.07318,1.0733,0,2023-11-06 04:00:00
1699257600,1.07333,1.07562,1.07315,1.07514,0,2023-11-06 08:00:00
1699272000,1.07513,1.07541,1.07261,1.07436,0,2023-11-06 12:00:00
1699286400,1.07437,1.07492,1.0722,1.07242,0,2023-11-06 16:00:00
1699300800,1.07238,1.0724,1.07149,1.07182,0,2023-11-06 20:00:00
1699315200,1.07184,1.07193,1.07058,1.07089,0,2023-11-07 00:00:00
1699329600,1.07089,1.07116,1.06918,1.06968,0,2023-11-07 04:00:00
1699344000,1.06966,1.07063,1.06655,1.06738,0,2023-11-07 08:00:00
1699358400,1.0674,1.06898,1.0664,1.06849,0,2023-11-07 12:00:00
1699372800,1.06849,1.07047,1.06724,1.06952,0,2023-11-07 16:00:00
1699387200,1.06951,1.07008,1.06894,1.06956,0,2023-11-07 20:00:00
1699401600,1.06956,1.06992,1.06863,1.06898,0,2023-11-08 00:00:00
1699416000,1.06899,1.06928,1.06755,1.06803,0,2023-11-08 04:00:00
1699430400,1.06804,1.06827,1.06593,1.0677,0,2023-11-08 08:00:00
1699444800,1.06771,1.07077,1.06601,1.07051,0,2023-11-08 12:00:00
1699459200,1.07052,1.0716,1.07011,1.07021,0,2023-11-08 16:00:00
1699473600,1.07022,1.07112,1.06999,1.07112,0,2023-11-08 20:00:00
1699488000,1.07113,1.07156,1.07024,1.07078,0,2023-11-09 00:00:00
1699502400,1.07079,1.07117,1.07014,1.07052,0,2023-11-09 04:00:00
1699516800,1.07052,1.07098,1.06804,1.06882,0,2023-11-09 08:00:00
1699531200,1.06882,1.07254,1.06865,1.0715,0,2023-11-09 12:00:00
1699545600,1.0715,1.0717,1.06601,1.06672,0,2023-11-09 16:00:00
1699560000,1.06673,1.06755,1.06624,1.06669,0,2023-11-09 20:00:00
1699574400,1.06671,1.0675,1.06629,1.06699,0,2023-11-10 00:00:00
1699588800,1.067,1.06719,1.0656,1.06629,0,2023-11-10 04:00:00
1699603200,1.0663,1.06889,1.0663,1.06768,0,2023-11-10 08:00:00
1699617600,1.06769,1.06927,1.06624,1.06698,0,2023-11-10 12:00:00
1699632000,1.067,1.06875,1.0663,1.06796,0,2023-11-10 16:00:00
1699646400,1.06795,1.06874,1.0677,1.06848,0,2023-11-10 20:00:00
1699819200,1.06818,1.06906,1.06799,1.06905,0,2023-11-12 20:00:00
1699833600,1.06902,1.06905,1.0681,1.06856,0,2023-11-13 00:00:00
1699848000,1.06856,1.06974,1.06835,1.06927,0,2023-11-13 04:00:00
1699862400,1.06924,1.07013,1.0685,1.06871,0,2023-11-13 08:00:00
1699876800,1.06872,1.06927,1.0665,1.06887,0,2023-11-13 12:00:00
1699891200,1.06887,1.07061,1.06852,1.0702,0,2023-11-13 16:00:00
1699905600,1.07019,1.07042,1.06975,1.07012,0,2023-11-13 20:00:00
1699920000,1.07013,1.07023,1.06945,1.06965,0,2023-11-14 00:00:00
1699934400,1.06964,1.07096,1.06928,1.07061,0,2023-11-14 04:00:00
1699948800,1.07061,1.07305,1.0696,1.07193,0,2023-11-14 08:00:00
1699963200,1.07193,1.08423,1.07049,1.08376,0,2023-11-14 12:00:00
1699977600,1.08373,1.08826,1.08364,1.08814,0,2023-11-14 16:00:00
1699992000,1.08813,1.08875,1.08727,1.08777,0,2023-11-14 20:00:00
1700006400,1.08776,1.08827,1.08656,1.0882,0,2023-11-15 00:00:00
1700020800,1.08824,1.08836,1.08647,1.08727,0,2023-11-15 04:00:00
1700035200,1.08728,1.08794,1.08439,1.08661,0,2023-11-15 08:00:00
1700049600,1.08662,1.08858,1.08315,1.08651,0,2023-11-15 12:00:00
1700064000,1.08652,1.08687,1.0841,1.08462,0,2023-11-15 16:00:00
1700078400,1.08463,1.08541,1.08423,1.08541,0,2023-11-15 20:00:00
1700092800,1.08542,1.08558,1.083,1.08324,0,2023-11-16 00:00:00
1700107200,1.08326,1.08458,1.08322,1.08409,0,2023-11-16 04:00:00
1700121600,1.08407,1.08607,1.08383,1.08522,0,2023-11-16 08:00:00
1700136000,1.08521,1.08955,1.0839,1.08781,0,2023-11-16 12:00:00
1700150400,1.08782,1.08828,1.08463,1.08556,0,2023-11-16 16:00:00
1700164800,1.08557,1.08581,1.08434,1.08529,0,2023-11-16 20:00:00
1700179200,1.0853,1.08569,1.08487,1.08539,0,2023-11-17 00:00:00
1700193600,1.0854,1.08563,1.08351,1.08383,0,2023-11-17 04:00:00
1700208000,1.08385,1.08746,1.08247,1.08662,0,2023-11-17 08:00:00
1700222400,1.0866,1.08933,1.08573,1.08867,0,2023-11-17 12:00:00
1700236800,1.08868,1.09045,1.08748,1.08996,0,2023-11-17 16:00:00
1700251200,1.08997,1.09148,1.08972,1.09138,0,2023-11-17 20:00:00
1700424000,1.09095,1.0911,1.09054,1.09055,0,2023-11-19 20:00:00
1700438400,1.09054,1.09249,1.08974,1.09238,0,2023-11-20 00:00:00
1700452800,1.09238,1.09358,1.09129,1.0916,0,2023-11-20 04:00:00
1700467200,1.0916,1.09401,1.09152,1.09228,0,2023-11-20 08:00:00
1700481600,1.09228,1.09457,1.09187,1.09382,0,2023-11-20 12:00:00
1700496000,1.09381,1.09517,1.09351,1.09464,0,2023-11-20 16:00:00
1700510400,1.09463,1.09475,1.09379,1.09446,0,2023-11-20 20:00:00
1700524800,1.09447,1.09641,1.09421,1.09635,0,2023-11-21 00:00:00
1700539200,1.09633,1.09651,1.09507,1.09538,0,2023-11-21 04:00:00
1700553600,1.09538,1.09639,1.0939,1.09392,0,2023-11-21 08:00:00
1700568000,1.09393,1.09612,1.09313,1.09341,0,2023-11-21 12:00:00
1700582400,1.09342,1.09437,1.09001,1.09151,0,2023-11-21 16:00:00
1700596800,1.09152,1.09185,1.09098,1.09169,0,2023-11-21 20:00:00
1700611200,1.0917,1.09229,1.09088,1.09142,0,2023-11-22 00:00:00
1700625600,1.09142,1.09166,1.08956,1.09145,0,2023-11-22 04:00:00
1700640000,1.09145,1.09197,1.08826,1.08999,0,2023-11-22 08:00:00
1700654400,1.09,1.09177,1.08522,1.08657,0,2023-11-22 12:00:00
1700668800,1.08657,1.08878,1.08614,1.08838,0,2023-11-22 16:00:00
1700683200,1.08838,1.08893,1.08817,1.08878,0,2023-11-22 20:00:00
1700697600,1.0888,1.09057,1.08878,1.09049,0,2023-11-23 00:00:00
1700712000,1.0905,1.09176,1.09009,1.09138,0,2023-11-23 04:00:00
1700726400,1.09137,1.09303,1.08955,1.09146,0,2023-11-23 08:00:00
1700740800,1.09146,1.09151,1.0887,1.09097,0,2023-11-23 12:00:00
1700755200,1.09096,1.09099,1.09024,1.09036,0,2023-11-23 16:00:00
1700769600,1.09037,1.0907,1.09021,1.09038,0,2023-11-23 20:00:00
1700784000,1.09037,1.09102,1.08949,1.0899,0,2023-11-24 00:00:00
1700798400,1.08992,1.09119,1.08973,1.09079,0,2023-11-24 04:00:00
1700812800,1.09079,1.09207,1.09014,1.09141,0,2023-11-24 08:00:00
1700827200,1.09141,1.09452,1.09068,1.09398,0,2023-11-24 12:00:00
1700841600,1.09397,1.09486,1.09282,1.09459,0,2023-11-24 16:00:00
1700856000,1.09458,1.09475,1.09341,1.09341,0,2023-11-24 20:00:00
1701028800,1.09438,1.09474,1.09384,1.09396,0,2023-11-26 20:00:00
1701043200,1.09397,1.09496,1.09267,1.09452,0,2023-11-27 00:00:00
1701057600,1.09453,1.09592,1.09419,1.09475,0,2023-11-27 04:00:00
1701072000,1.09474,1.09564,1.09392,1.09536,0,2023-11-27 08:00:00
1701086400,1.09537,1.09551,1.09251,1.09326,0,2023-11-27 12:00:00
1701100800,1.09327,1.09566,1.09278,1.09562,0,2023-11-27 16:00:00
1701115200,1.09562,1.09591,1.095,1.09589,0,2023-11-27 20:00:00
1701129600,1.09589,1.09628,1.09533,1.0955,0,2023-11-28 00:00:00
1701144000,1.0955,1.09552,1.09344,1.09358,0,2023-11-28 04:00:00
1701158400,1.09358,1.09575,1.09358,1.09499,0,2023-11-28 08:00:00
1701172800,1.09499,1.10019,1.09454,1.09809,0,2023-11-28 12:00:00
1701187200,1.09809,1.10088,1.09732,1.09911,0,2023-11-28 16:00:00
1701201600,1.0991,1.10055,1.09759,1.10039,0,2023-11-28 20:00:00
1701216000,1.10041,1.10171,1.09975,1.09984,0,2023-11-29 00:00:00
1701230400,1.09983,1.10045,1.09819,1.09845,0,2023-11-29 04:00:00
1701244800,1.09845,1.09983,1.09691,1.09847,0,2023-11-29 08:00:00
1701259200,1.09845,1.09948,1.09601,1.09747,0,2023-11-29 12:00:00
1701273600,1.09746,1.09947,1.09615,1.09831,0,2023-11-29 16:00:00
1701288000,1.0983,1.09838,1.09678,1.09732,0,2023-11-29 20:00:00
1701302400,1.09731,1.09838,1.09672,1.09742,0,2023-11-30 00:00:00
1701316800,1.09742,1.09817,1.09404,1.09514,0,2023-11-30 04:00:00
1701331200,1.09515,1.09592,1.0909,1.09157,0,2023-11-30 08:00:00
1701345600,1.09157,1.09496,1.08924,1.0911,0,2023-11-30 12:00:00
1701360000,1.0911,1.09168,1.08836,1.08901,0,2023-11-30 16:00:00
1701374400,1.089,1.08946,1.08794,1.08916,0,2023-11-30 20:00:00
1701388800,1.08917,1.09127,1.08916,1.09006,0,2023-12-01 00:00:00
1701403200,1.09005,1.09122,1.08944,1.08946,0,2023-12-01 04:00:00
1701417600,1.08949,1.09046,1.08826,1.08973,0,2023-12-01 08:00:00
1701432000,1.08974,1.0901,1.08327,1.08378,0,2023-12-01 12:00:00
1701446400,1.08377,1.08928,1.08287,1.08719,0,2023-12-01 16:00:00
1701460800,1.08721,1.08846,1.08707,1.08788,0,2023-12-01 20:00:00
1701633600,1.08771,1.08948,1.08766,1.08857,0,2023-12-03 20:00:00
1701648000,1.08858,1.08865,1.08665,1.08801,0,2023-12-04 00:00:00
1701662400,1.088,1.08805,1.08498,1.08538,0,2023-12-04 04:00:00
1701676800,1.08538,1.08807,1.08538,1.0869,0,2023-12-04 08:00:00
1701691200,1.0869,1.08759,1.0804,1.08147,0,2023-12-04 12:00:00
1701705600,1.08148,1.0829,1.08116,1.08276,0,2023-12-04 16:00:00
1701720000,1.08276,1.08377,1.08276,1.08373,0,2023-12-04 20:00:00
1701734400,1.08373,1.08461,1.08345,1.08404,0,2023-12-05 00:00:00
1701748800,1.08403,1.08474,1.0804,1.08071,0,2023-12-05 04:00:00
1701763200,1.08071,1.08425,1.08059,1.08187,0,2023-12-05 08:00:00
1701777600,1.08187,1.08388,1.0799,1.08055,0,2023-12-05 12:00:00
1701792000,1.08055,1.08132,1.07781,1.07838,0,2023-12-05 16:00:00
1701806400,1.07839,1.07987,1.07818,1.07932,0,2023-12-05 20:00:00
1701820800,1.07933,1.07985,1.07879,1.07966,0,2023-12-06 00:00:00
1701835200,1.07965,1.08017,1.0778,1.07901,0,2023-12-06 04:00:00
1701849600,1.07898,1.07977,1.0775,1.07798,0,2023-12-06 08:00:00
1701864000,1.07798,1.08047,1.07725,1.079,0,2023-12-06 12:00:00
1701878400,1.07899,1.08002,1.07671,1.07684,0,2023-12-06 16:00:00
1701892800,1.07683,1.07695,1.07586,1.07661,0,2023-12-06 20:00:00
1701907200,1.07664,1.07721,1.07593,1.07596,0,2023-12-07 00:00:00
1701921600,1.07595,1.07811,1.07552,1.07807,0,2023-12-07 04:00:00
1701936000,1.07808,1.07845,1.07636,1.07707,0,2023-12-07 08:00:00
1701950400,1.07706,1.07979,1.07593,1.07839,0,2023-12-07 12:00:00
1701964800,1.07839,1.08175,1.07839,1.07981,0,2023-12-07 16:00:00
1701979200,1.07982,1.08037,1.07894,1.07895,0,2023-12-07 20:00:00
1701993600,1.07896,1.08005,1.07836,1.07919,0,2023-12-08 00:00:00
1702008000,1.07917,1.07919,1.0773,1.07791,0,2023-12-08 04:00:00
1702022400,1.07792,1.07911,1.07723,1.07827,0,2023-12-08 08:00:00
1702036800,1.07827,1.07859,1.07236,1.07682,0,2023-12-08 12:00:00
1702051200,1.07683,1.07703,1.07402,1.07587,0,2023-12-08 16:00:00
1702065600,1.07587,1.07664,1.07569,1.07592,0,2023-12-08 20:00:00
1702238400,1.07592,1.07676,1.07556,1.07651,0,2023-12-10 20:00:00
1702252800,1.07653,1.07739,1.07635,1.07649,0,2023-12-11 00:00:00
1702267200,1.07648,1.07709,1.0753,1.07557,0,2023-12-11 04:00:00
1702281600,1.07557,1.07789,1.07513,1.07682,0,2023-12-11 08:00:00
1702296000,1.07681,1.07704,1.07417,1.07441,0,2023-12-11 12:00:00
1702310400,1.07442,1.07696,1.07415,1.07612,0,2023-12-11 16:00:00
1702324800,1.07612,1.07654,1.07586,1.07653,0,2023-12-11 20:00:00
1702339200,1.07653,1.07703,1.07612,1.07682,0,2023-12-12 00:00:00
1702353600,1.07682,1.07832,1.07641,1.07777,0,2023-12-12 04:00:00
1702368000,1.07777,1.08072,1.07731,1.07963,0,2023-12-12 08:00:00
1702382400,1.07963,1.08279,1.07671,1.07842,0,2023-12-12 12:00:00
1702396800,1.07846,1.07986,1.0781,1.07902,0,2023-12-12 16:00:00
1702411200,1.07901,1.07992,1.07891,1.07982,0,2023-12-12 20:00:00
1702425600,1.07983,1.07998,1.07842,1.07873,0,2023-12-13 00:00:00
1702440000,1.07872,1.07922,1.07801,1.07853,0,2023-12-13 04:00:00
1702454400,1.07851,1.07928,1.07731,1.07836,0,2023-12-13 08:00:00
1702468800,1.07836,1.08093,1.0781,1.07944,0,2023-12-13 12:00:00
1702483200,1.07945,1.08914,1.07799,1.08878,0,2023-12-13 16:00:00
1702497600,1.08881,1.08965,1.08648,1.08825,0,2023-12-13 20:00:00
1702512000,1.08826,1.09153,1.08791,1.09058,0,2023-12-14 00:00:00
1702526400,1.09058,1.09095,1.08808,1.08809,0,2023-12-14 04:00:00
1702540800,1.08811,1.09317,1.088,1.09296,0,2023-12-14 08:00:00
1702555200,1.09295,1.09972,1.09062,1.09935,0,2023-12-14 12:00:00
1702569600,1.09936,1.10092,1.09795,1.0992,0,2023-12-14 16:00:00
1702584000,1.09922,1.09968,1.09879,1.09932,0,2023-12-14 20:00:00
1702598400,1.09934,1.10007,1.09768,1.09989,0,2023-12-15 00:00:00
1702612800,1.09991,1.10036,1.09806,1.09938,0,2023-12-15 04:00:00
1702627200,1.09938,1.09992,1.0946,1.09683,0,2023-12-15 08:00:00
1702641600,1.09684,1.09694,1.09041,1.09157,0,2023-12-15 12:00:00
1702656000,1.09157,1.09166,1.08885,1.08995,0,2023-12-15 16:00:00
1702670400,1.08995,1.0909,1.0892,1.08922,0,2023-12-15 20:00:00
1702843200,1.08973,1.0898,1.0892,1.08948,0,2023-12-17 20:00:00
1702857600,1.08948,1.09136,1.08939,1.09109,0,2023-12-18 00:00:00
1702872000,1.09109,1.09299,1.09089,1.09216,0,2023-12-18 04:00:00
1702886400,1.09215,1.09282,1.09071,1.09127,0,2023-12-18 08:00:00
1702900800,1.09129,1.09311,1.0909,1.09141,0,2023-12-18 12:00:00
1702915200,1.0914,1.09279,1.09131,1.09166,0,2023-12-18 16:00:00
1702929600,1.09167,1.09243,1.09137,1.09231,0,2023-12-18 20:00:00
1702944000,1.09231,1.09289,1.09148,1.09254,0,2023-12-19 00:00:00
1702958400,1.09255,1.09412,1.09201,1.09283,0,2023-12-19 04:00:00
1702972800,1.09285,1.09493,1.09272,1.09372,0,2023-12-19 08:00:00
1702987200,1.09371,1.09873,1.09371,1.09858,0,2023-12-19 12:00:00
1703001600,1.09858,1.09862,1.09693,1.09761,0,2023-12-19 16:00:00
1703016000,1.09763,1.09843,1.0972,1.09792,0,2023-12-19 20:00:00
1703030400,1.09793,1.09793,1.09672,1.09698,0,2023-12-20 00:00:00
1703044800,1.09698,1.09708,1.09506,1.09668,0,2023-12-20 04:00:00
1703059200,1.09665,1.09713,1.09356,1.09374,0,2023-12-20 08:00:00
1703073600,1.09375,1.09748,1.09339,1.09738,0,2023-12-20 12:00:00
1703088000,1.09739,1.09756,1.09427,1.09465,0,2023-12-20 16:00:00
1703102400,1.09464,1.09486,1.09298,1.09432,0,2023-12-20 20:00:00
1703116800,1.09433,1.09542,1.0941,1.0949,0,2023-12-21 00:00:00
1703131200,1.0949,1.09558,1.09424,1.09469,0,2023-12-21 04:00:00
1703145600,1.09471,1.09848,1.09352,1.09798,0,2023-12-21 08:00:00
1703160000,1.09799,1.10023,1.09724,1.09896,0,2023-12-21 12:00:00
1703174400,1.09897,1.10008,1.0978,1.09991,0,2023-12-21 16:00:00
1703188800,1.0999,1.10125,1.09927,1.10056,0,2023-12-21 20:00:00
1703203200,1.10057,1.10096,1.09954,1.09977,0,2023-12-22 00:00:00
1703217600,1.09977,1.10076,1.09938,1.10002,0,2023-12-22 04:00:00
1703232000,1.10002,1.10298,1.09992,1.10257,0,2023-12-22 08:00:00
1703246400,1.10258,1.10401,1.10016,1.10113,0,2023-12-22 12:00:00
1703260800,1.10112,1.10236,1.1,1.10156,0,2023-12-22 16:00:00
1703275200,1.10155,1.10157,1.10077,1.10135,0,2023-12-22 20:00:00
1703448000,1.10108,1.10159,1.10108,1.10149,0,2023-12-24 20:00:00
1703462400,1.10149,1.10149,1.09933,1.10012,0,2023-12-25 00:00:00
1703476800,1.10012,1.10202,1.09974,1.10097,0,2023-12-25 04:00:00
1703534400,1.10009,1.1023,1.10009,1.10186,0,2023-12-25 20:00:00
1703548800,1.10187,1.10286,1.10156,1.10277,0,2023-12-26 00:00:00
1703563200,1.10275,1.10277,1.10209,1.10223,0,2023-12-26 04:00:00
1703577600,1.10226,1.10265,1.10096,1.10137,0,2023-12-26 08:00:00
1703592000,1.10137,1.10324,1.10085,1.10249,0,2023-12-26 12:00:00
1703606400,1.10249,1.10448,1.10242,1.10443,0,2023-12-26 16:00:00
1703620800,1.10444,1.1045,1.10402,1.10422,0,2023-12-26 20:00:00
1703635200,1.10422,1.10424,1.10286,1.10362,0,2023-12-27 00:00:00
1703649600,1.10362,1.10491,1.10362,1.10412,0,2023-12-27 04:00:00
1703664000,1.10411,1.10594,1.10379,1.10589,0,2023-12-27 08:00:00
1703678400,1.10589,1.11156,1.10485,1.11072,0,2023-12-27 12:00:00
1703692800,1.11071,1.11226,1.10988,1.11014,0,2023-12-27 16:00:00
1703707200,1.11015,1.11096,1.10968,1.11082,0,2023-12-27 20:00:00
1703721600,1.11081,1.11224,1.1108,1.11184,0,2023-12-28 00:00:00
1703736000,1.11183,1.11255,1.11048,1.11167,0,2023-12-28 04:00:00
1703750400,1.11167,1.11394,1.11042,1.112,0,2023-12-28 08:00:00
1703764800,1.11199,1.112,1.10722,1.11066,0,2023-12-28 12:00:00
1703779200,1.11067,1.11067,1.10552,1.10645,0,2023-12-28 16:00:00
1703793600,1.10645,1.10706,1.10588,1.10677,0,2023-12-28 20:00:00
1703808000,1.10678,1.10842,1.10637,1.10651,0,2023-12-29 00:00:00
1703822400,1.10652,1.10762,1.10608,1.10658,0,2023-12-29 04:00:00
1703836800,1.10655,1.10774,1.10442,1.10763,0,2023-12-29 08:00:00
1703851200,1.10764,1.10806,1.10425,1.10471,0,2023-12-29 12:00:00
1703865600,1.10472,1.10667,1.10381,1.10407,0,2023-12-29 16:00:00
1703880000,1.10409,1.10507,1.10339,1.10361,0,2023-12-29 20:00:00
1704139200,1.10427,1.10447,1.10356,1.10365,0,2024-01-01 20:00:00
1704153600,1.10366,1.10432,1.10176,1.10245,0,2024-01-02 00:00:00
1704168000,1.10245,1.1038,1.10151,1.10153,0,2024-01-02 04:00:00
1704182400,1.10156,1.10387,1.09665,1.0969,0,2024-01-02 08:00:00
1704196800,1.09691,1.09717,1.0941,1.09435,0,2024-01-02 12:00:00
1704211200,1.09436,1.09616,1.09408,1.09465,0,2024-01-02 16:00:00
1704225600,1.09465,1.09511,1.09375,1.09416,0,2024-01-02 20:00:00
1704240000,1.09416,1.09622,1.09412,1.09608,0,2024-01-03 00:00:00
1704254400,1.09607,1.09627,1.09511,1.09603,0,2024-01-03 04:00:00
1704268800,1.09602,1.09654,1.09154,1.09195,0,2024-01-03 08:00:00
1704283200,1.09195,1.09385,1.0898,1.09044,0,2024-01-03 12:00:00
1704297600,1.09045,1.09257,1.08929,1.09176,0,2024-01-03 16:00:00
1704312000,1.09177,1.09275,1.0915,1.09258,0,2024-01-03 20:00:00
1704326400,1.09259,1.09306,1.0916,1.09261,0,2024-01-04 00:00:00
1704340800,1.09261,1.09436,1.09208,1.09375,0,2024-01-04 04:00:00
1704355200,1.09375,1.09721,1.09345,1.09479,0,2024-01-04 08:00:00
1704369600,1.09477,1.09652,1.09327,1.0955,0,2024-01-04 12:00:00
1704384000,1.09551,1.09639,1.09418,1.0947,0,2024-01-04 16:00:00
1704398400,1.09469,1.095,1.0943,1.09462,0,2024-01-04 20:00:00
1704412800,1.09461,1.09558,1.09391,1.09392,0,2024-01-05 00:00:00
1704427200,1.09392,1.09411,1.09226,1.09231,0,2024-01-05 04:00:00
1704441600,1.09231,1.09305,1.09028,1.09142,0,2024-01-05 08:00:00
1704456000,1.09142,1.09984,1.08767,1.09781,0,2024-01-05 12:00:00
1704470400,1.09782,1.09805,1.09352,1.09452,0,2024-01-05 16:00:00
1704484800,1.09452,1.09471,1.09357,1.09392,0,2024-01-05 20:00:00
1704657600,1.09386,1.09456,1.09349,1.09415,0,2024-01-07 20:00:00
1704672000,1.09413,1.0953,1.09313,1.09329,0,2024-01-08 00:00:00
1704686400,1.09329,1.09522,1.09306,1.09451,0,2024-01-08 04:00:00
1704700800,1.09454,1.09506,1.09226,1.09379,0,2024-01-08 08:00:00
1704715200,1.09378,1.09745,1.09372,1.09697,0,2024-01-08 12:00:00
1704729600,1.09696,1.09788,1.09488,1.09609,0,2024-01-08 16:00:00
1704744000,1.0961,1.0961,1.09493,1.09497,0,2024-01-08 20:00:00
1704758400,1.09497,1.09663,1.09492,1.09627,0,2024-01-09 00:00:00
1704772800,1.09628,1.09629,1.09461,1.09566,0,2024-01-09 04:00:00
1704787200,1.09566,1.09566,1.09287,1.09314,0,2024-01-09 08:00:00
1704801600,1.09313,1.09513,1.09175,1.09178,0,2024-01-09 12:00:00
1704816000,1.09178,1.094,1.09103,1.09252,0,2024-01-09 16:00:00
1704830400,1.09252,1.09326,1.0925,1.09317,0,2024-01-09 20:00:00
1704844800,1.09316,1.09363,1.09261,1.09292,0,2024-01-10 00:00:00
1704859200,1.09292,1.09453,1.09235,1.0926,0,2024-01-10 04:00:00
1704873600,1.09261,1.09553,1.09228,1.09459,0,2024-01-10 08:00:00
1704888000,1.09459,1.0969,1.0932,1.09673,0,2024-01-10 12:00:00
1704902400,1.09674,1.09707,1.09523,1.09703,0,2024-01-10 16:00:00
1704916800,1.09703,1.09747,1.09615,1.0974,0,2024-01-10 20:00:00
1704931200,1.09742,1.09847,1.0973,1.09803,0,2024-01-11 00:00:00
1704945600,1.09802,1.09885,1.09744,1.09788,0,2024-01-11 04:00:00
1704960000,1.0979,1.09824,1.09585,1.09785,0,2024-01-11 08:00:00
1704974400,1.09786,1.1,1.09302,1.09464,0,2024-01-11 12:00:00
1704988800,1.09466,1.09829,1.09366,1.09819,0,2024-01-11 16:00:00
1705003200,1.0982,1.09825,1.09561,1.09824,0,2024-01-11 20:00:00
1705017600,1.09823,1.09853,1.09725,1.09776,0,2024-01-12 00:00:00
1705032000,1.09774,1.09803,1.09608,1.09666,0,2024-01-12 04:00:00
1705046400,1.09666,1.09827,1.09465,1.09496,0,2024-01-12 08:00:00
1705060800,1.09495,1.09868,1.09359,1.09661,0,2024-01-12 12:00:00
1705075200,1.09662,1.09738,1.0947,1.09559,0,2024-01-12 16:00:00
1705089600,1.09559,1.09563,1.09481,1.09483,0,2024-01-12 20:00:00
1705262400,1.0948,1.09502,1.0944,1.09451,0,2024-01-14 20:00:00
1705276800,1.09451,1.09675,1.09407,1.09643,0,2024-01-15 00:00:00
1705291200,1.09642,1.09666,1.09515,1.09533,0,2024-01-15 04:00:00
1705305600,1.09535,1.09649,1.09335,1.09453,0,2024-01-15 08:00:00
1705320000,1.09453,1.09589,1.09381,1.09496,0,2024-01-15 12:00:00
1705334400,1.09497,1.09528,1.0946,1.09528,0,2024-01-15 16:00:00
1705348800,1.09506,1.09517,1.09447,1.09449,0,2024-01-15 20:00:00
1705363200,1.09447,1.09461,1.09154,1.09189,0,2024-01-16 00:00:00
1705377600,1.09187,1.09265,1.09086,1.09184,0,2024-01-16 04:00:00
1705392000,1.09184,1.09233,1.08739,1.08922,0,2024-01-16 08:00:00
1705406400,1.08923,1.08979,1.08656,1.08857,0,2024-01-16 12:00:00
1705420800,1.08856,1.08946,1.0862,1.08736,0,2024-01-16 16:00:00
1705435200,1.08737,1.08756,1.087,1.08714,0,2024-01-16 20:00:00
1705449600,1.08786,1.08844,1.08651,1.08663,0,2024-01-17 00:00:00
1705464000,1.08662,1.08737,1.08554,1.08701,0,2024-01-17 04:00:00
1705478400,1.08701,1.08839,1.08609,1.08785,0,2024-01-17 08:00:00
1705492800,1.08785,1.08813,1.08445,1.0849,0,2024-01-17 12:00:00
1705507200,1.08489,1.08787,1.08476,1.08738,0,2024-01-17 16:00:00
1705521600,1.08737,1.0886,1.08702,1.0886,0,2024-01-17 20:00:00
1705536000,1.08861,1.09028,1.08802,1.08954,0,2024-01-18 00:00:00
1705550400,1.08953,1.09067,1.08863,1.08881,0,2024-01-18 04:00:00
1705564800,1.08878,1.08995,1.08766,1.08891,0,2024-01-18 08:00:00
1705579200,1.0889,1.08939,1.08466,1.08521,0,2024-01-18 12:00:00
1705593600,1.08519,1.08701,1.08501,1.08617,0,2024-01-18 16:00:00
1705608000,1.08617,1.08804,1.08607,1.08799,0,2024-01-18 20:00:00
1705622400,1.088,1.08896,1.08762,1.08889,0,2024-01-19 00:00:00
1705636800,1.0889,1.08894,1.08745,1.08794,0,2024-01-19 04:00:00
1705651200,1.08793,1.0893,1.08681,1.08873,0,2024-01-19 08:00:00
1705665600,1.08873,1.089,1.08656,1.08825,0,2024-01-19 12:00:00
1705680000,1.08824,1.08963,1.088,1.08922,0,2024-01-19 16:00:00
1705694400,1.08924,1.08983,1.08899,1.0896,0,2024-01-19 20:00:00
1705867200,1.08906,1.08976,1.08878,1.0892,0,2024-01-21 20:00:00
1705881600,1.0892,1.09091,1.08912,1.09019,0,2024-01-22 00:00:00
1705896000,1.09021,1.09094,1.08972,1.08977,0,2024-01-22 04:00:00
1705910400,1.08975,1.09023,1.08815,1.08898,0,2024-01-22 08:00:00
1705924800,1.08899,1.08995,1.088,1.08852,0,2024-01-22 12:00:00
1705939200,1.08851,1.09,1.08803,1.08847,0,2024-01-22 16:00:00
1705953600,1.08849,1.08854,1.08768,1.08772,0,2024-01-22 20:00:00
1705968000,1.08776,1.08949,1.08756,1.08927,0,2024-01-23 00:00:00
1705982400,1.08928,1.09162,1.08916,1.09083,0,2024-01-23 04:00:00
1705996800,1.09084,1.09105,1.086,1.08663,0,2024-01-23 08:00:00
1706011200,1.08663,1.08758,1.08215,1.08308,0,2024-01-23 12:00:00
1706025600,1.0831,1.08477,1.08244,1.08451,0,2024-01-23 16:00:00
1706040000,1.08452,1.08593,1.08435,1.08572,0,2024-01-23 20:00:00
1706054400,1.08573,1.08614,1.08514,1.08589,0,2024-01-24 00:00:00
1706068800,1.08592,1.08794,1.08581,1.08732,0,2024-01-24 04:00:00
1706083200,1.08733,1.09077,1.08625,1.08927,0,2024-01-24 08:00:00
1706097600,1.08928,1.09323,1.08874,1.09007,0,2024-01-24 12:00:00
1706112000,1.09007,1.09086,1.08813,1.08883,0,2024-01-24 16:00:00
1706126400,1.08882,1.08905,1.08776,1.0881,0,2024-01-24 20:00:00
1706140800,1.08811,1.08818,1.08702,1.08778,0,2024-01-25 00:00:00
1706155200,1.08777,1.08913,1.08744,1.08878,0,2024-01-25 04:00:00
1706169600,1.08877,1.08996,1.08828,1.08948,0,2024-01-25 08:00:00
1706184000,1.08949,1.09018,1.08293,1.08317,0,2024-01-25 12:00:00
1706198400,1.08316,1.08519,1.08216,1.08359,0,2024-01-25 16:00:00
1706212800,1.08358,1.08479,1.08334,1.08454,0,2024-01-25 20:00:00
1706227200,1.08455,1.08488,1.08373,1.08449,0,2024-01-26 00:00:00
1706241600,1.08449,1.08449,1.08128,1.08194,0,2024-01-26 04:00:00
1706256000,1.08193,1.08761,1.08173,1.08745,0,2024-01-26 08:00:00
1706270400,1.08745,1.08854,1.0855,1.08641,0,2024-01-26 12:00:00
1706284800,1.0864,1.08704,1.08537,1.08581,0,2024-01-26 16:00:00
1706299200,1.08582,1.08622,1.08502,1.08504,0,2024-01-26 20:00:00
1706472000,1.08468,1.0849,1.08414,1.08422,0,2024-01-28 20:00:00
1706486400,1.08423,1.08489,1.08393,1.08451,0,2024-01-29 00:00:00
1706500800,1.08452,1.085,1.08349,1.08371,0,2024-01-29 04:00:00
1706515200,1.0837,1.08418,1.08139,1.08228,0,2024-01-29 08:00:00
1706529600,1.08228,1.08368,1.07962,1.07972,0,2024-01-29 12:00:00
1706544000,1.07974,1.08199,1.07958,1.08189,0,2024-01-29 16:00:00
1706558400,1.08189,1.08404,1.08189,1.08336,0,2024-01-29 20:00:00
1706572800,1.08336,1.08422,1.08299,1.08305,0,2024-01-30 00:00:00
1706587200,1.08307,1.08335,1.08119,1.08227,0,2024-01-30 04:00:00
1706601600,1.08228,1.08481,1.08162,1.08419,0,2024-01-30 08:00:00
1706616000,1.08418,1.08573,1.08281,1.08369,0,2024-01-30 12:00:00
1706630400,1.08368,1.08471,1.08315,1.08459,0,2024-01-30 16:00:00
1706644800,1.0846,1.08485,1.08399,1.08428,0,2024-01-30 20:00:00
1706659200,1.08429,1.08481,1.08159,1.08186,0,2024-01-31 00:00:00
1706673600,1.08185,1.08222,1.0806,1.0816,0,2024-01-31 04:00:00
1706688000,1.08159,1.08404,1.08092,1.08389,0,2024-01-31 08:00:00
1706702400,1.0839,1.08874,1.08335,1.08613,0,2024-01-31 12:00:00
1706716800,1.08611,1.08678,1.08157,1.08403,0,2024-01-31 16:00:00
1706731200,1.08402,1.08417,1.07949,1.08039,0,2024-01-31 20:00:00
1706745600,1.08039,1.08217,1.08016,1.08116,0,2024-02-01 00:00:00
1706760000,1.08117,1.08135,1.07838,1.07932,0,2024-02-01 04:00:00
1706774400,1.07932,1.08132,1.07799,1.08083,0,2024-02-01 08:00:00
1706788800,1.08084,1.08318,1.08056,1.08264,0,2024-02-01 12:00:00
1706803200,1.08263,1.08748,1.08263,1.08718,0,2024-02-01 16:00:00
1706817600,1.08719,1.08761,1.08668,1.08742,0,2024-02-01 20:00:00
1706832000,1.08741,1.08796,1.08701,1.08767,0,2024-02-02 00:00:00
1706846400,1.08765,1.08869,1.08719,1.08808,0,2024-02-02 04:00:00
1706860800,1.08809,1.08974,1.08735,1.08835,0,2024-02-02 08:00:00
1706875200,1.08837,1.0886,1.07832,1.08023,0,2024-02-02 12:00:00
1706889600,1.08024,1.08037,1.07804,1.07925,0,2024-02-02 16:00:00
1706904000,1.07926,1.07974,1.07849,1.07849,0,2024-02-02 20:00:00
1707076800,1.07854,1.07858,1.07698,1.07796,0,2024-02-04 20:00:00
1707091200,1.07796,1.07831,1.07673,1.07791,0,2024-02-05 00:00:00
1707105600,1.0779,1.07847,1.07726,1.07802,0,2024-02-05 04:00:00
1707120000,1.07802,1.07861,1.07469,1.07548,0,2024-02-05 08:00:00
1707134400,1.07551,1.07575,1.07231,1.07252,0,2024-02-05 12:00:00
1707148800,1.07252,1.07465,1.07246,1.07429,0,2024-02-05 16:00:00
1707163200,1.07429,1.0744,1.07367,1.0741,0,2024-02-05 20:00:00
1707177600,1.07409,1.0749,1.07409,1.07439,0,2024-02-06 00:00:00
1707192000,1.07439,1.07623,1.07434,1.07517,0,2024-02-06 04:00:00
1707206400,1.07517,1.076,1.07242,1.07385,0,2024-02-06 08:00:00
1707220800,1.07384,1.07483,1.07225,1.07432,0,2024-02-06 12:00:00
1707235200,1.07431,1.07556,1.0739,1.07493,0,2024-02-06 16:00:00
1707249600,1.07494,1.07574,1.07492,1.07566,0,2024-02-06 20:00:00
1707264000,1.07569,1.07665,1.07559,1.07588,0,2024-02-07 00:00:00
1707278400,1.07587,1.07728,1.07566,1.07725,0,2024-02-07 04:00:00
1707292800,1.07725,1.07739,1.07578,1.07709,0,2024-02-07 08:00:00
1707307200,1.07709,1.07838,1.07556,1.07566,0,2024-02-07 12:00:00
1707321600,1.07567,1.07753,1.07562,1.07719,0,2024-02-07 16:00:00
1707336000,1.07718,1.0777,1.07679,1.07754,0,2024-02-07 20:00:00
1707350400,1.07754,1.07848,1.07744,1.07823,0,2024-02-08 00:00:00
1707364800,1.07822,1.07889,1.07767,1.078,0,2024-02-08 04:00:00
1707379200,1.07801,1.07855,1.0761,1.07629,0,2024-02-08 08:00:00
1707393600,1.0763,1.07675,1.07416,1.07611,0,2024-02-08 12:00:00
1707408000,1.07611,1.07827,1.07601,1.07747,0,2024-02-08 16:00:00
1707422400,1.07748,1.07799,1.07738,1.07776,0,2024-02-08 20:00:00
1707436800,1.07775,1.07786,1.07701,1.07708,0,2024-02-09 00:00:00
1707451200,1.07709,1.07827,1.07693,1.07801,0,2024-02-09 04:00:00
1707465600,1.07803,1.07847,1.07621,1.07716,0,2024-02-09 08:00:00
1707480000,1.07717,1.07951,1.0763,1.07863,0,2024-02-09 12:00:00
1707494400,1.07864,1.07908,1.07792,1.07825,0,2024-02-09 16:00:00
1707508800,1.07824,1.07885,1.07797,1.07821,0,2024-02-09 20:00:00
1707681600,1.07767,1.07983,1.07766,1.07979,0,2024-02-11 20:00:00
1707696000,1.0798,1.07997,1.07911,1.07918,0,2024-02-12 00:00:00
1707710400,1.07918,1.08055,1.07893,1.08031,0,2024-02-12 04:00:00
1707724800,1.0803,1.0803,1.0763,1.07693,0,2024-02-12 08:00:00
1707739200,1.07695,1.07741,1.07559,1.07674,0,2024-02-12 12:00:00
1707753600,1.07673,1.0786,1.07652,1.07693,0,2024-02-12 16:00:00
1707768000,1.07693,1.07751,1.07693,1.07717,0,2024-02-12 20:00:00
1707782400,1.07718,1.07744,1.07606,1.07617,0,2024-02-13 00:00:00
1707796800,1.07616,1.07776,1.07612,1.07712,0,2024-02-13 04:00:00
1707811200,1.07711,1.07818,1.07567,1.07778,0,2024-02-13 08:00:00
1707825600,1.07777,1.07985,1.07006,1.07166,0,2024-02-13 12:00:00
1707840000,1.07166,1.0722,1.07005,1.07012,0,2024-02-13 16:00:00
1707854400,1.07012,1.07116,1.07005,1.07083,0,2024-02-13 20:00:00
1707868800,1.07083,1.07144,1.07032,1.07126,0,2024-02-14 00:00:00
1707883200,1.07124,1.07186,1.0705,1.07075,0,2024-02-14 04:00:00
1707897600,1.07074,1.07103,1.06949,1.07078,0,2024-02-14 08:00:00
1707912000,1.07079,1.07252,1.0701,1.07212,0,2024-02-14 12:00:00
1707926400,1.07211,1.07344,1.07191,1.07281,0,2024-02-14 16:00:00
1707940800,1.07282,1.07322,1.07246,1.07319,0,2024-02-14 20:00:00
1707955200,1.07321,1.07354,1.0725,1.07256,0,2024-02-15 00:00:00
1707969600,1.07255,1.07413,1.07246,1.07328,0,2024-02-15 04:00:00
1707984000,1.07328,1.074,1.07279,1.07353,0,2024-02-15 08:00:00
1707998400,1.07354,1.07847,1.07353,1.07611,0,2024-02-15 12:00:00
1708012800,1.07611,1.07723,1.07552,1.07687,0,2024-02-15 16:00:00
1708027200,1.07687,1.07768,1.0768,1.07726,0,2024-02-15 20:00:00
1708041600,1.07726,1.07736,1.0759,1.07598,0,2024-02-16 00:00:00
1708056000,1.07599,1.07678,1.07573,1.07606,0,2024-02-16 04:00:00
1708070400,1.07607,1.078,1.07595,1.07775,0,2024-02-16 08:00:00
1708084800,1.07773,1.0778,1.07319,1.07707,0,2024-02-16 12:00:00
1708099200,1.0771,1.07874,1.07626,1.0777,0,2024-02-16 16:00:00
1708113600,1.0777,1.07778,1.07729,1.07749,0,2024-02-16 20:00:00
1708286400,1.07718,1.0785,1.07718,1.0784,0,2024-02-18 20:00:00
1708300800,1.07838,1.07889,1.0775,1.07754,0,2024-02-19 00:00:00
1708315200,1.07753,1.07894,1.07748,1.07826,0,2024-02-19 04:00:00
1708329600,1.0783,1.07873,1.07721,1.0777,0,2024-02-19 08:00:00
1708344000,1.07769,1.07794,1.07621,1.07674,0,2024-02-19 12:00:00
1708358400,1.07673,1.07836,1.07626,1.07783,0,2024-02-19 16:00:00
1708372800,1.07786,1.07823,1.07737,1.07754,0,2024-02-19 20:00:00
1708387200,1.07753,1.07769,1.07615,1.07678,0,2024-02-20 00:00:00
1708401600,1.07678,1.07748,1.07651,1.07697,0,2024-02-20 04:00:00
1708416000,1.07695,1.08094,1.07688,1.07983,0,2024-02-20 08:00:00
1708430400,1.07984,1.08387,1.07954,1.08226,0,2024-02-20 12:00:00
1708444800,1.08227,1.08248,1.08064,1.08064,0,2024-02-20 16:00:00
1708459200,1.08063,1.08126,1.08043,1.08098,0,2024-02-20 20:00:00
1708473600,1.081,1.08189,1.08055,1.08178,0,2024-02-21 00:00:00
1708488000,1.08179,1.08191,1.08064,1.08107,0,2024-02-21 04:00:00
1708502400,1.08106,1.08146,1.07899,1.0799,0,2024-02-21 08:00:00
1708516800,1.0799,1.08199,1.07964,1.08051,0,2024-02-21 12:00:00
1708531200,1.08051,1.08243,1.07999,1.08165,0,2024-02-21 16:00:00
1708545600,1.08164,1.08226,1.08124,1.08202,0,2024-02-21 20:00:00
1708560000,1.08201,1.08321,1.0819,1.08257,0,2024-02-22 00:00:00
1708574400,1.08258,1.08538,1.08252,1.08531,0,2024-02-22 04:00:00
1708588800,1.08531,1.08882,1.08448,1.08573,0,2024-02-22 08:00:00
1708603200,1.08572,1.08586,1.08026,1.08102,0,2024-02-22 12:00:00
1708617600,1.08101,1.08261,1.08088,1.08223,0,2024-02-22 16:00:00
1708632000,1.08224,1.08258,1.08174,1.08253,0,2024-02-22 20:00:00
1708646400,1.08253,1.08318,1.08149,1.08252,0,2024-02-23 00:00:00
1708660800,1.08253,1.08318,1.08213,1.08294,0,2024-02-23 04:00:00
1708675200,1.08295,1.08324,1.0814,1.08271,0,2024-02-23 08:00:00
1708689600,1.08271,1.08395,1.08117,1.08206,0,2024-02-23 12:00:00
1708704000,1.08206,1.08296,1.08149,1.08229,0,2024-02-23 16:00:00
1708718400,1.08229,1.08245,1.08174,1.08174,0,2024-02-23 20:00:00
1708891200,1.08318,1.08322,1.08182,1.0819,0,2024-02-25 20:00:00
1708905600,1.08188,1.08202,1.08126,1.08185,0,2024-02-26 00:00:00
1708920000,1.08185,1.08366,1.08175,1.08321,0,2024-02-26 04:00:00
1708934400,1.08322,1.0854,1.0827,1.08519,0,2024-02-26 08:00:00
1708948800,1.0852,1.08597,1.08386,1.08509,0,2024-02-26 12:00:00
1708963200,1.08509,1.08555,1.08397,1.08462,0,2024-02-26 16:00:00
1708977600,1.08462,1.08525,1.08461,1.08503,0,2024-02-26 20:00:00
1708992000,1.08504,1.08534,1.08454,1.08528,0,2024-02-27 00:00:00
1709006400,1.08529,1.08626,1.0847,1.0856,0,2024-02-27 04:00:00
1709020800,1.08558,1.08659,1.08418,1.08576,0,2024-02-27 08:00:00
1709035200,1.08576,1.0863,1.0833,1.08469,0,2024-02-27 12:00:00
1709049600,1.08469,1.08577,1.08408,1.08442,0,2024-02-27 16:00:00
1709064000,1.08441,1.08475,1.0841,1.0841,0,2024-02-27 20:00:00
1709078400,1.08411,1.08455,1.08328,1.08343,0,2024-02-28 00:00:00
1709092800,1.08344,1.08357,1.08164,1.08232,0,2024-02-28 04:00:00
1709107200,1.08233,1.08241,1.07966,1.08154,0,2024-02-28 08:00:00
1709121600,1.08154,1.08379,1.08067,1.08343,0,2024-02-28 12:00:00
1709136000,1.08342,1.08458,1.08312,1.08336,0,2024-02-28 16:00:00
1709150400,1.08336,1.08401,1.0833,1.08383,0,2024-02-28 20:00:00
1709164800,1.08384,1.08403,1.0828,1.08369,0,2024-02-29 00:00:00
1709179200,1.08368,1.08393,1.08259,1.08288,0,2024-02-29 04:00:00
1709193600,1.08288,1.08542,1.08285,1.08343,0,2024-02-29 08:00:00
1709208000,1.08343,1.08558,1.0819,1.08224,0,2024-02-29 12:00:00
1709222400,1.08223,1.0825,1.07958,1.08025,0,2024-02-29 16:00:00
1709236800,1.08025,1.08095,1.07998,1.08055,0,2024-02-29 20:00:00
1709251200,1.08055,1.08218,1.08052,1.08168,0,2024-03-01 00:00:00
1709265600,1.08169,1.08174,1.08082,1.08125,0,2024-03-01 04:00:00
1709280000,1.08127,1.08227,1.07984,1.08187,0,2024-03-01 08:00:00
1709294400,1.08187,1.08416,1.07981,1.0835,0,2024-03-01 12:00:00
1709308800,1.08349,1.08432,1.08233,1.08412,0,2024-03-01 16:00:00
1709323200,1.08412,1.08412,1.08333,1.08368,0,2024-03-01 20:00:00
1709496000,1.08359,1.0844,1.0835,1.08416,0,2024-03-03 20:00:00
1709510400,1.08417,1.0848,1.08385,1.08438,0,2024-03-04 00:00:00
1709524800,1.0844,1.08539,1.08428,1.08537,0,2024-03-04 04:00:00
1709539200,1.08537,1.08578,1.08377,1.08562,0,2024-03-04 08:00:00
1709553600,1.08562,1.08636,1.08401,1.08632,0,2024-03-04 12:00:00
1709568000,1.08633,1.08667,1.08553,1.08565,0,2024-03-04 16:00:00
1709582400,1.08565,1.08594,1.08526,1.08541,0,2024-03-04 20:00:00
1709596800,1.0854,1.08552,1.08475,1.08541,0,2024-03-05 00:00:00
1709611200,1.08542,1.08542,1.08414,1.08463,0,2024-03-05 04:00:00
1709625600,1.08464,1.08558,1.0843,1.08498,0,2024-03-05 08:00:00
1709640000,1.08498,1.0876,1.08403,1.08714,0,2024-03-05 12:00:00
1709654400,1.08715,1.08719,1.08513,1.08528,0,2024-03-05 16:00:00
1709668800,1.08528,1.08589,1.08489,1.08555,0,2024-03-05 20:00:00
1709683200,1.08554,1.08556,1.08421,1.08507,0,2024-03-06 00:00:00
1709697600,1.08507,1.08663,1.08495,1.08619,0,2024-03-06 04:00:00
1709712000,1.08619,1.08795,1.08592,1.08757,0,2024-03-06 08:00:00
1709726400,1.08757,1.09087,1.08675,1.09052,0,2024-03-06 12:00:00
1709740800,1.09053,1.09153,1.08933,1.08968,0,2024-03-06 16:00:00
1709755200,1.08967,1.09013,1.08928,1.08995,0,2024-03-06 20:00:00
1709769600,1.08994,1.09073,1.08936,1.09006,0,2024-03-07 00:00:00
1709784000,1.09005,1.09055,1.08912,1.08937,0,2024-03-07 04:00:00
1709798400,1.08938,1.09027,1.08876,1.08939,0,2024-03-07 08:00:00
1709812800,1.08939,1.09309,1.08678,1.09299,0,2024-03-07 12:00:00
1709827200,1.09299,1.09487,1.09247,1.09468,0,2024-03-07 16:00:00
1709841600,1.09469,1.09513,1.09426,1.09509,0,2024-03-07 20:00:00
1709856000,1.0951,1.09556,1.09442,1.09473,0,2024-03-08 00:00:00
1709870400,1.09476,1.0951,1.09318,1.09336,0,2024-03-08 04:00:00
1709884800,1.09336,1.0939,1.09261,1.09345,0,2024-03-08 08:00:00
1709899200,1.09346,1.09812,1.09183,1.09609,0,2024-03-08 12:00:00
1709913600,1.09609,1.09613,1.09334,1.09416,0,2024-03-08 16:00:00
1709928000,1.09417,1.09438,1.09345,1.09348,0,2024-03-08 20:00:00
1710100800,1.09411,1.09436,1.09359,1.09426,0,2024-03-10 20:00:00
1710115200,1.09427,1.09465,1.09373,1.09412,0,2024-03-11 00:00:00
1710129600,1.09411,1.09473,1.09353,1.09421,0,2024-03-11 04:00:00
1710144000,1.09419,1.0948,1.09329,1.09429,0,2024-03-11 08:00:00
1710158400,1.09427,1.09432,1.09145,1.09272,0,2024-03-11 12:00:00
1710172800,1.09273,1.09302,1.09182,1.09261,0,2024-03-11 16:00:00
1710187200,1.09262,1.09309,1.09195,1.09304,0,2024-03-11 20:00:00
1710201600,1.09306,1.09381,1.09267,1.09363,0,2024-03-12 00:00:00
1710216000,1.09362,1.09393,1.09315,1.09319,0,2024-03-12 04:00:00
1710230400,1.09318,1.09353,1.09212,1.09335,0,2024-03-12 08:00:00
1710244800,1.09334,1.09438,1.09023,1.09176,0,2024-03-12 12:00:00
1710259200,1.09176,1.09259,1.09127,1.09257,0,2024-03-12 16:00:00
1710273600,1.09257,1.09289,1.0925,1.09267,0,2024-03-12 20:00:00
1710288000,1.09268,1.09306,1.09233,1.09278,0,2024-03-13 00:00:00
1710302400,1.09278,1.09318,1.09207,1.09267,0,2024-03-13 04:00:00
1710316800,1.09267,1.09457,1.09201,1.0942,0,2024-03-13 08:00:00
1710331200,1.09421,1.09473,1.09313,1.09435,0,2024-03-13 12:00:00
1710345600,1.09434,1.09638,1.094,1.09472,0,2024-03-13 16:00:00
1710360000,1.09472,1.0953,1.0947,1.0953,0,2024-03-13 20:00:00
1710374400,1.09529,1.09547,1.09413,1.09422,0,2024-03-14 00:00:00
1710388800,1.09421,1.0943,1.09317,1.09352,0,2024-03-14 04:00:00
1710403200,1.09352,1.09454,1.09351,1.09414,0,2024-03-14 08:00:00
1710417600,1.09415,1.09447,1.08829,1.08876,0,2024-03-14 12:00:00
1710432000,1.08876,1.08926,1.08806,1.0891,0,2024-03-14 16:00:00
1710446400,1.0891,1.08918,1.08817,1.08827,0,2024-03-14 20:00:00
1710460800,1.08828,1.08845,1.0873,1.08769,0,2024-03-15 00:00:00
1710475200,1.08768,1.08847,1.08732,1.08808,0,2024-03-15 04:00:00
1710489600,1.08807,1.08996,1.0878,1.08935,0,2024-03-15 08:00:00
1710504000,1.08935,1.08948,1.08814,1.08876,0,2024-03-15 12:00:00
1710518400,1.08876,1.08913,1.08834,1.08892,0,2024-03-15 16:00:00
1710532800,1.08892,1.08899,1.08861,1.08869,0,2024-03-15 20:00:00
1710705600,1.08905,1.08911,1.08817,1.08835,0,2024-03-17 20:00:00
1710720000,1.08836,1.08917,1.08805,1.08854,0,2024-03-18 00:00:00
1710734400,1.08853,1.08965,1.08852,1.08924,0,2024-03-18 04:00:00
1710748800,1.08922,1.09061,1.08908,1.09024,0,2024-03-18 08:00:00
1710763200,1.09023,1.09049,1.0881,1.08853,0,2024-03-18 12:00:00
1710777600,1.08853,1.08853,1.08661,1.08693,0,2024-03-18 16:00:00
1710792000,1.08692,1.08739,1.08691,1.08732,0,2024-03-18 20:00:00
1710806400,1.08732,1.08763,1.08667,1.08738,0,2024-03-19 00:00:00
1710820800,1.08739,1.08765,1.08516,1.08547,0,2024-03-19 04:00:00
1710835200,1.08546,1.08561,1.08347,1.08503,0,2024-03-19 08:00:00
1710849600,1.08504,1.08654,1.08457,1.08584,0,2024-03-19 12:00:00
1710864000,1.08584,1.08676,1.08545,1.08648,0,2024-03-19 16:00:00
1710878400,1.08647,1.0867,1.08616,1.08616,0,2024-03-19 20:00:00
1710892800,1.08617,1.08711,1.08582,1.08699,0,2024-03-20 00:00:00
1710907200,1.08699,1.0872,1.08648,1.08655,0,2024-03-20 04:00:00
1710921600,1.08654,1.08654,1.08364,1.08425,0,2024-03-20 08:00:00
1710936000,1.08427,1.08561,1.08373,1.08546,0,2024-03-20 12:00:00
1710950400,1.08546,1.09227,1.08535,1.09209,0,2024-03-20 16:00:00
1710964800,1.09209,1.09374,1.09179,1.09373,0,2024-03-20 20:00:00
1710979200,1.09373,1.09389,1.09307,1.0935,0,2024-03-21 00:00:00
1710993600,1.09349,1.09426,1.09256,1.09287,0,2024-03-21 04:00:00
1711008000,1.09283,1.09284,1.08872,1.09096,0,2024-03-21 08:00:00
1711022400,1.09097,1.0917,1.08556,1.08604,0,2024-03-21 12:00:00
1711036800,1.08603,1.08661,1.08554,1.08567,0,2024-03-21 16:00:00
1711051200,1.08567,1.08628,1.08566,1.08618,0,2024-03-21 20:00:00
1711065600,1.08622,1.08679,1.08359,1.08379,0,2024-03-22 00:00:00
1711080000,1.08379,1.08419,1.08209,1.08246,0,2024-03-22 04:00:00
1711094400,1.08246,1.08294,1.08081,1.0816,0,2024-03-22 08:00:00
1711108800,1.08162,1.08317,1.08104,1.08158,0,2024-03-22 12:00:00
1711123200,1.08157,1.0817,1.08017,1.08056,0,2024-03-22 16:00:00
1711137600,1.08056,1.08096,1.08049,1.08065,0,2024-03-22 20:00:00
1711310400,1.08068,1.08104,1.08046,1.08071,0,2024-03-24 20:00:00
1711324800,1.08071,1.0822,1.08021,1.08135,0,2024-03-25 00:00:00
1711339200,1.08134,1.08228,1.08106,1.08137,0,2024-03-25 04:00:00
1711353600,1.08138,1.08295,1.08071,1.08284,0,2024-03-25 08:00:00
1711368000,1.08282,1.08424,1.08279,1.08366,0,2024-03-25 12:00:00
1711382400,1.08366,1.08399,1.0833,1.08391,0,2024-03-25 16:00:00
1711396800,1.08393,1.08409,1.08347,1.0837,0,2024-03-25 20:00:00
1711411200,1.0837,1.08454,1.08358,1.08367,0,2024-03-26 00:00:00
1711425600,1.08368,1.08529,1.08364,1.08422,0,2024-03-26 04:00:00
1711440000,1.08421,1.08643,1.08386,1.08568,0,2024-03-26 08:00:00
1711454400,1.08569,1.08593,1.08252,1.08281,0,2024-03-26 12:00:00
1711468800,1.0828,1.08357,1.08242,1.08286,0,2024-03-26 16:00:00
1711483200,1.08287,1.08331,1.08284,1.08325,0,2024-03-26 20:00:00
1711497600,1.08326,1.08327,1.08205,1.08261,0,2024-03-27 00:00:00
1711512000,1.08262,1.08337,1.08229,1.08262,0,2024-03-27 04:00:00
1711526400,1.08262,1.0839,1.0818,1.08209,0,2024-03-27 08:00:00
1711540800,1.08209,1.08224,1.08108,1.08203,0,2024-03-27 12:00:00
1711555200,1.08202,1.08275,1.08174,1.0827,0,2024-03-27 16:00:00
1711569600,1.0827,1.0829,1.08101,1.08123,0,2024-03-27 20:00:00
1711584000,1.08123,1.0826,1.0808,1.08216,0,2024-03-28 00:00:00
1711598400,1.08215,1.08265,1.08003,1.08007,0,2024-03-28 04:00:00
1711612800,1.08008,1.0802,1.07751,1.07839,0,2024-03-28 08:00:00
1711627200,1.07839,1.08188,1.07835,1.08013,0,2024-03-28 12:00:00
1711641600,1.08012,1.08052,1.07846,1.07879,0,2024-03-28 16:00:00
1711656000,1.07878,1.07935,1.07849,1.07911,0,2024-03-28 20:00:00
1711670400,1.07912,1.07913,1.07736,1.07743,0,2024-03-29 00:00:00
1711684800,1.07743,1.07815,1.07678,1.0768,0,2024-03-29 04:00:00
1711699200,1.0768,1.07916,1.07679,1.07867,0,2024-03-29 08:00:00
1711713600,1.07868,1.08051,1.07796,1.07919,0,2024-03-29 12:00:00
1711728000,1.0792,1.07931,1.07867,1.07904,0,2024-03-29 16:00:00
1711742400,1.07904,1.07951,1.07898,1.07898,0,2024-03-29 20:00:00
1711915200,1.07882,1.07965,1.07848,1.07865,0,2024-03-31 20:00:00
1711929600,1.07932,1.07987,1.07848,1.07877,0,2024-04-01 00:00:00
1711944000,1.07878,1.07913,1.07827,1.07865,0,2024-04-01 04:00:00
1711958400,1.07865,1.07921,1.07796,1.07813,0,2024-04-01 08:00:00
1711972800,1.07813,1.07875,1.07394,1.07444,0,2024-04-01 12:00:00
1711987200,1.07443,1.07454,1.07309,1.07376,0,2024-04-01 16:00:00
1712001600,1.07376,1.07446,1.07374,1.07398,0,2024-04-01 20:00:00
1712016000,1.07398,1.07398,1.07295,1.07348,0,2024-04-02 00:00:00
1712030400,1.07349,1.07362,1.07246,1.07286,0,2024-04-02 04:00:00
1712044800,1.07286,1.07457,1.0726,1.07451,0,2024-04-02 08:00:00
1712059200,1.07451,1.0779,1.07429,1.07657,0,2024-04-02 12:00:00
1712073600,1.07658,1.07718,1.07622,1.07632,0,2024-04-02 16:00:00
1712088000,1.07635,1.07734,1.07601,1.07682,0,2024-04-02 20:00:00
1712102400,1.07682,1.07748,1.07658,1.07742,0,2024-04-03 00:00:00
1712116800,1.07742,1.07793,1.07671,1.07692,0,2024-04-03 04:00:00
1712131200,1.07693,1.07773,1.0764,1.07755,0,2024-04-03 08:00:00
1712145600,1.07756,1.0824,1.0773,1.08228,0,2024-04-03 12:00:00
1712160000,1.08228,1.08368,1.08193,1.08348,0,2024-04-03 16:00:00
1712174400,1.08347,1.08382,1.08292,1.08376,0,2024-04-03 20:00:00
1712188800,1.08376,1.08444,1.08347,1.08428,0,2024-04-04 00:00:00
1712203200,1.08428,1.08464,1.08389,1.08398,0,2024-04-04 04:00:00
1712217600,1.08399,1.08654,1.08391,1.08597,0,2024-04-04 08:00:00
1712232000,1.08597,1.08765,1.08507,1.08676,0,2024-04-04 12:00:00
1712246400,1.08675,1.08688,1.08465,1.085,0,2024-04-04 16:00:00
1712260800,1.085,1.08507,1.08317,1.08363,0,2024-04-04 20:00:00
1712275200,1.08365,1.08439,1.08233,1.08252,0,2024-04-05 00:00:00
1712289600,1.08253,1.0833,1.08224,1.08303,0,2024-04-05 04:00:00
1712304000,1.08303,1.08463,1.08302,1.08345,0,2024-04-05 08:00:00
1712318400,1.08344,1.08479,1.07913,1.08186,0,2024-04-05 12:00:00
1712332800,1.08184,1.08444,1.0816,1.08348,0,2024-04-05 16:00:00
1712347200,1.08348,1.08376,1.0832,1.08352,0,2024-04-05 20:00:00
1712520000,1.08347,1.08379,1.08272,1.0828,0,2024-04-07 20:00:00
1712534400,1.08279,1.08432,1.0823,1.08406,0,2024-04-08 00:00:00
1712548800,1.08406,1.08415,1.08297,1.08339,0,2024-04-08 04:00:00
1712563200,1.08339,1.08377,1.08208,1.08323,0,2024-04-08 08:00:00
1712577600,1.08324,1.08562,1.08215,1.08532,0,2024-04-08 12:00:00
1712592000,1.08533,1.08621,1.08467,1.08572,0,2024-04-08 16:00:00
1712606400,1.08571,1.08619,1.08528,1.08604,0,2024-04-08 20:00:00
1712620800,1.08604,1.08635,1.08557,1.08569,0,2024-04-09 00:00:00
1712635200,1.08569,1.08626,1.08512,1.08521,0,2024-04-09 04:00:00
1712649600,1.08521,1.08707,1.0849,1.08689,0,2024-04-09 08:00:00
1712664000,1.0869,1.0885,1.0853,1.08572,0,2024-04-09 12:00:00
1712678400,1.08572,1.086,1.085,1.08529,0,2024-04-09 16:00:00
1712692800,1.08529,1.08593,1.08477,1.08586,0,2024-04-09 20:00:00
1712707200,1.08585,1.08597,1.08509,1.08534,0,2024-04-10 00:00:00
1712721600,1.08534,1.08556,1.08477,1.08531,0,2024-04-10 04:00:00
1712736000,1.08532,1.08658,1.08508,1.08644,0,2024-04-10 08:00:00
1712750400,1.08643,1.08665,1.07456,1.07532,0,2024-04-10 12:00:00
1712764800,1.07533,1.07547,1.07288,1.07363,0,2024-04-10 16:00:00
1712779200,1.07362,1.07456,1.07357,1.07431,0,2024-04-10 20:00:00
1712793600,1.0743,1.07469,1.07383,1.07454,0,2024-04-11 00:00:00
1712808000,1.07454,1.07489,1.07265,1.07283,0,2024-04-11 04:00:00
1712822400,1.07282,1.07498,1.07261,1.07298,0,2024-04-11 08:00:00
1712836800,1.07296,1.07564,1.06992,1.07051,0,2024-04-11 12:00:00
1712851200,1.07052,1.07345,1.07019,1.07255,0,2024-04-11 16:00:00
1712865600,1.07254,1.0732,1.07252,1.07281,0,2024-04-11 20:00:00
1712880000,1.0728,1.07282,1.07224,1.07266,0,2024-04-12 00:00:00
1712894400,1.07266,1.07266,1.0681,1.06828,0,2024-04-12 04:00:00
1712908800,1.06831,1.06874,1.06439,1.06469,0,2024-04-12 08:00:00
1712923200,1.06468,1.06591,1.06226,1.06298,0,2024-04-12 12:00:00
1712937600,1.06298,1.0651,1.06292,1.0639,0,2024-04-12 16:00:00
1712952000,1.0639,1.06442,1.06371,1.06385,0,2024-04-12 20:00:00
1713124800,1.06352,1.06514,1.06309,1.06497,0,2024-04-14 20:00:00
1713139200,1.06497,1.06549,1.06391,1.06506,0,2024-04-15 00:00:00
1713153600,1.06507,1.06648,1.0647,1.06544,0,2024-04-15 04:00:00
1713168000,1.06543,1.06624,1.06499,1.06576,0,2024-04-15 08:00:00
1713182400,1.06576,1.06651,1.06218,1.06267,0,2024-04-15 12:00:00
1713196800,1.06268,1.06474,1.06226,1.0625,0,2024-04-15 16:00:00
1713211200,1.06251,1.06278,1.06202,1.06269,0,2024-04-15 20:00:00
1713225600,1.06268,1.06284,1.06061,1.06099,0,2024-04-16 00:00:00
1713240000,1.06098,1.06205,1.06023,1.06103,0,2024-04-16 04:00:00
1713254400,1.06102,1.06349,1.06102,1.06261,0,2024-04-16 08:00:00
1713268800,1.06263,1.06535,1.06258,1.06317,0,2024-04-16 12:00:00
1713283200,1.06318,1.06393,1.0601,1.0631,0,2024-04-16 16:00:00
1713297600,1.06308,1.06317,1.06126,1.06194,0,2024-04-16 20:00:00
1713312000,1.06195,1.06355,1.06171,1.06341,0,2024-04-17 00:00:00
1713326400,1.06341,1.06378,1.0606,1.06346,0,2024-04-17 04:00:00
1713340800,1.06345,1.06489,1.0624,1.06392,0,2024-04-17 08:00:00
1713355200,1.0639,1.06528,1.063,1.06355,0,2024-04-17 12:00:00
1713369600,1.06355,1.06796,1.06355,1.06703,0,2024-04-17 16:00:00
1713384000,1.06703,1.06751,1.06643,1.06725,0,2024-04-17 20:00:00
1713398400,1.06727,1.0679,1.06643,1.06778,0,2024-04-18 00:00:00
1713412800,1.06778,1.069,1.06749,1.06853,0,2024-04-18 04:00:00
1713427200,1.06852,1.0688,1.06699,1.06758,0,2024-04-18 08:00:00
1713441600,1.06757,1.06796,1.06464,1.06538,0,2024-04-18 12:00:00
1713456000,1.06537,1.06647,1.06419,1.0645,0,2024-04-18 16:00:00
1713470400,1.06451,1.06481,1.06404,1.06404,0,2024-04-18 20:00:00
1713484800,1.06405,1.06446,1.06104,1.06181,0,2024-04-19 00:00:00
1713499200,1.06177,1.06492,1.06152,1.06448,0,2024-04-19 04:00:00
1713513600,1.06449,1.06621,1.0643,1.06473,0,2024-04-19 08:00:00
1713528000,1.06472,1.06775,1.06431,1.06695,0,2024-04-19 12:00:00
1713542400,1.06694,1.06718,1.06401,1.06506,0,2024-04-19 16:00:00
1713556800,1.06506,1.06578,1.06497,1.06526,0,2024-04-19 20:00:00
1713729600,1.06495,1.06614,1.06456,1.06587,0,2024-04-21 20:00:00
1713744000,1.0659,1.06706,1.06527,1.0664,0,2024-04-22 00:00:00
1713758400,1.06639,1.06691,1.06604,1.0664,0,2024-04-22 04:00:00
1713772800,1.06639,1.06677,1.06473,1.06505,0,2024-04-22 08:00:00
1713787200,1.06505,1.06508,1.06239,1.0645,0,2024-04-22 12:00:00
1713801600,1.06449,1.06607,1.06406,1.06585,0,2024-04-22 16:00:00
1713816000,1.06585,1.06585,1.06504,1.06542,0,2024-04-22 20:00:00
1713830400,1.06542,1.06605,1.06524,1.06583,0,2024-04-23 00:00:00
1713844800,1.06586,1.06589,1.06385,1.06451,0,2024-04-23 04:00:00
1713859200,1.06451,1.0695,1.06436,1.06549,0,2024-04-23 08:00:00
1713873600,1.06549,1.07112,1.06547,1.06984,0,2024-04-23 12:00:00
1713888000,1.06984,1.07076,1.06899,1.07038,0,2024-04-23 16:00:00
1713902400,1.0704,1.07055,1.06997,1.0703,0,2024-04-23 20:00:00
1713916800,1.07031,1.07142,1.06995,1.07101,0,2024-04-24 00:00:00
1713931200,1.07101,1.07109,1.0692,1.06945,0,2024-04-24 04:00:00
1713945600,1.06944,1.06959,1.06808,1.06883,0,2024-04-24 08:00:00
1713960000,1.06883,1.07025,1.06779,1.0688,0,2024-04-24 12:00:00
1713974400,1.0688,1.06975,1.06809,1.06932,0,2024-04-24 16:00:00
1713988800,1.06931,1.07065,1.06921,1.06972,0,2024-04-24 20:00:00
1714003200,1.06973,1.07087,1.06966,1.07073,0,2024-04-25 00:00:00
1714017600,1.07072,1.07277,1.07035,1.07204,0,2024-04-25 04:00:00
1714032000,1.07204,1.07297,1.07113,1.07247,0,2024-04-25 08:00:00
1714046400,1.07247,1.07402,1.06783,1.07119,0,2024-04-25 12:00:00
1714060800,1.07117,1.07387,1.07076,1.07273,0,2024-04-25 16:00:00
1714075200,1.07273,1.07346,1.0727,1.07289,0,2024-04-25 20:00:00
1714089600,1.07289,1.07302,1.07185,1.07229,0,2024-04-26 00:00:00
1714104000,1.07229,1.07387,1.07186,1.07353,0,2024-04-26 04:00:00
1714118400,1.07353,1.07527,1.07259,1.0728,0,2024-04-26 08:00:00
1714132800,1.07278,1.07416,1.06761,1.06798,0,2024-04-26 12:00:00
1714147200,1.06798,1.07056,1.06738,1.07054,0,2024-04-26 16:00:00
1714161600,1.07054,1.07072,1.06908,1.06911,0,2024-04-26 20:00:00
1714334400,1.06898,1.07037,1.06898,1.07018,0,2024-04-28 20:00:00
1714348800,1.07018,1.07199,1.07003,1.07175,0,2024-04-29 00:00:00
1714363200,1.07175,1.07337,1.07146,1.07154,0,2024-04-29 04:00:00
1714377600,1.07154,1.07254,1.06973,1.07174,0,2024-04-29 08:00:00
1714392000,1.07174,1.07271,1.06902,1.07127,0,2024-04-29 12:00:00
1714406400,1.07128,1.07295,1.0712,1.07245,0,2024-04-29 16:00:00
1714420800,1.07244,1.07244,1.07151,1.07173,0,2024-04-29 20:00:00
1714435200,1.07173,1.07191,1.07031,1.07065,0,2024-04-30 00:00:00
1714449600,1.07066,1.07073,1.06899,1.07047,0,2024-04-30 04:00:00
1714464000,1.07048,1.07353,1.06929,1.07281,0,2024-04-30 08:00:00
1714478400,1.0728,1.07281,1.0687,1.06909,0,2024-04-30 12:00:00
1714492800,1.0691,1.0699,1.06752,1.06779,0,2024-04-30 16:00:00
1714507200,1.06781,1.06806,1.06635,1.06674,0,2024-04-30 20:00:00
1714521600,1.06674,1.06675,1.06572,1.06588,0,2024-05-01 00:00:00
1714536000,1.06587,1.0659,1.06494,1.06516,0,2024-05-01 04:00:00
1714550400,1.06515,1.06732,1.06515,1.06689,0,2024-05-01 08:00:00
1714564800,1.06688,1.06913,1.06671,1.0683,0,2024-05-01 12:00:00
1714579200,1.06832,1.07326,1.06707,1.07283,0,2024-05-01 16:00:00
1714593600,1.07282,1.07302,1.06867,1.07165,0,2024-05-01 20:00:00
1714608000,1.07164,1.07207,1.07069,1.07186,0,2024-05-02 00:00:00
1714622400,1.07188,1.07273,1.07122,1.07175,0,2024-05-02 04:00:00
1714636800,1.07175,1.07281,1.06957,1.07038,0,2024-05-02 08:00:00
1714651200,1.0704,1.07122,1.06742,1.06882,0,2024-05-02 12:00:00
1714665600,1.06882,1.07302,1.06858,1.07302,0,2024-05-02 16:00:00
1714680000,1.07302,1.07302,1.07227,1.07287,0,2024-05-02 20:00:00
1714694400,1.07287,1.07393,1.07243,1.07333,0,2024-05-03 00:00:00
1714708800,1.07332,1.0738,1.07296,1.07298,0,2024-05-03 04:00:00
1714723200,1.07298,1.07477,1.07244,1.07431,0,2024-05-03 08:00:00
1714737600,1.07431,1.08124,1.07425,1.07657,0,2024-05-03 12:00:00
1714752000,1.07658,1.078,1.07592,1.07673,0,2024-05-03 16:00:00
1714766400,1.07673,1.07693,1.07594,1.07594,0,2024-05-03 20:00:00
1714939200,1.076,1.07646,1.076,1.07623,0,2024-05-05 20:00:00
1714953600,1.07623,1.07715,1.07553,1.07653,0,2024-05-06 00:00:00
1714968000,1.07653,1.07668,1.07593,1.07623,0,2024-05-06 04:00:00
1714982400,1.07624,1.07761,1.07576,1.07721,0,2024-05-06 08:00:00
1714996800,1.07719,1.07907,1.07688,1.07802,0,2024-05-06 12:00:00
1715011200,1.07801,1.07801,1.07712,1.07745,0,2024-05-06 16:00:00
1715025600,1.07746,1.07748,1.07656,1.07685,0,2024-05-06 20:00:00
1715040000,1.07686,1.07768,1.07607,1.07637,0,2024-05-07 00:00:00
1715054400,1.07636,1.07694,1.07542,1.07636,0,2024-05-07 04:00:00
1715068800,1.07637,1.07696,1.07552,1.07688,0,2024-05-07 08:00:00
1715083200,1.07691,1.07873,1.07626,1.07778,0,2024-05-07 12:00:00
1715097600,1.07777,1.07828,1.07478,1.07513,0,2024-05-07 16:00:00
1715112000,1.07513,1.07576,1.07507,1.0751,0,2024-05-07 20:00:00
1715126400,1.07511,1.07541,1.0738,1.07412,0,2024-05-08 00:00:00
1715140800,1.07412,1.0749,1.07386,1.07447,0,2024-05-08 04:00:00
1715155200,1.07447,1.07533,1.0735,1.07488,0,2024-05-08 08:00:00
1715169600,1.07489,1.07548,1.07397,1.07491,0,2024-05-08 12:00:00
1715184000,1.07491,1.07574,1.07409,1.07452,0,2024-05-08 16:00:00
1715198400,1.07451,1.07505,1.07431,1.07488,0,2024-05-08 20:00:00
1715212800,1.07492,1.07494,1.07423,1.07474,0,2024-05-09 00:00:00
1715227200,1.07474,1.07515,1.0736,1.07374,0,2024-05-09 04:00:00
1715241600,1.07373,1.07412,1.0726,1.07347,0,2024-05-09 08:00:00
1715256000,1.07346,1.07801,1.07239,1.07756,0,2024-05-09 12:00:00
1715270400,1.07757,1.07826,1.07691,1.07818,0,2024-05-09 16:00:00
1715284800,1.07816,1.07858,1.078,1.07844,0,2024-05-09 20:00:00
1715299200,1.07848,1.07852,1.07731,1.0774,0,2024-05-10 00:00:00
1715313600,1.07742,1.07832,1.07715,1.07768,0,2024-05-10 04:00:00
1715328000,1.07769,1.07866,1.07754,1.07784,0,2024-05-10 08:00:00
1715342400,1.07784,1.079,1.07603,1.07639,0,2024-05-10 12:00:00
1715356800,1.0764,1.07793,1.07624,1.07736,0,2024-05-10 16:00:00
1715371200,1.07735,1.07757,1.07684,1.07694,0,2024-05-10 20:00:00
1715544000,1.07721,1.07731,1.07663,1.07728,0,2024-05-12 20:00:00
1715558400,1.07729,1.07752,1.07658,1.07712,0,2024-05-13 00:00:00
1715572800,1.07713,1.07757,1.07687,1.077,0,2024-05-13 04:00:00
1715587200,1.077,1.07888,1.07691,1.07817,0,2024-05-13 08:00:00
1715601600,1.07816,1.08068,1.07812,1.08038,0,2024-05-13 12:00:00
1715616000,1.08038,1.08042,1.07869,1.07896,0,2024-05-13 16:00:00
1715630400,1.07895,1.07906,1.07859,1.07898,0,2024-05-13 20:00:00
1715644800,1.07899,1.07935,1.07843,1.07867,0,2024-05-14 00:00:00
1715659200,1.07867,1.07893,1.07828,1.07876,0,2024-05-14 04:00:00
1715673600,1.07877,1.07987,1.07753,1.07962,0,2024-05-14 08:00:00
1715688000,1.07964,1.08256,1.07669,1.08246,0,2024-05-14 12:00:00
1715702400,1.08248,1.0825,1.08137,1.08198,0,2024-05-14 16:00:00
1715716800,1.08199,1.08217,1.0816,1.08166,0,2024-05-14 20:00:00
1715731200,1.08166,1.08266,1.0813,1.08252,0,2024-05-15 00:00:00
1715745600,1.08253,1.08307,1.08205,1.08304,0,2024-05-15 04:00:00
1715760000,1.08305,1.08345,1.08234,1.08246,0,2024-05-15 08:00:00
1715774400,1.08245,1.08695,1.08218,1.08575,0,2024-05-15 12:00:00
1715788800,1.08575,1.08805,1.08557,1.08783,0,2024-05-15 16:00:00
1715803200,1.08782,1.08899,1.08776,1.0889,0,2024-05-15 20:00:00
1715817600,1.08894,1.08949,1.08814,1.08871,0,2024-05-16 00:00:00
1715832000,1.0887,1.08892,1.08745,1.08763,0,2024-05-16 04:00:00
1715846400,1.08764,1.08818,1.08662,1.08722,0,2024-05-16 08:00:00
1715860800,1.08723,1.08747,1.08544,1.08701,0,2024-05-16 12:00:00
1715875200,1.08701,1.08757,1.08658,1.08709,0,2024-05-16 16:00:00
1715889600,1.08708,1.08708,1.08637,1.08676,0,2024-05-16 20:00:00
1715904000,1.08676,1.08688,1.08543,1.0857,0,2024-05-17 00:00:00
1715918400,1.08571,1.08667,1.08554,1.08626,0,2024-05-17 04:00:00
1715932800,1.08626,1.08683,1.0836,1.08383,0,2024-05-17 08:00:00
1715947200,1.08382,1.08772,1.08356,1.08764,0,2024-05-17 12:00:00
1715961600,1.08764,1.08784,1.08651,1.08756,0,2024-05-17 16:00:00
1715976000,1.08755,1.08762,1.08674,1.08674,0,2024-05-17 20:00:00
1716148800,1.08664,1.08729,1.0864,1.08704,0,2024-05-19 20:00:00
1716163200,1.08707,1.08771,1.08689,1.0874,0,2024-05-20 00:00:00
1716177600,1.08741,1.08844,1.08727,1.08781,0,2024-05-20 04:00:00
1716192000,1.08781,1.08808,1.08664,1.08706,0,2024-05-20 08:00:00
1716206400,1.08707,1.08716,1.0854,1.08649,0,2024-05-20 12:00:00
1716220800,1.08649,1.08706,1.08579,1.0865,0,2024-05-20 16:00:00
1716235200,1.08649,1.0865,1.08553,1.08588,0,2024-05-20 20:00:00
1716249600,1.08587,1.08618,1.08509,1.08555,0,2024-05-21 00:00:00
1716264000,1.08554,1.08635,1.08539,1.08614,0,2024-05-21 04:00:00
1716278400,1.08616,1.08747,1.08593,1.08666,0,2024-05-21 08:00:00
1716292800,1.08667,1.08706,1.08425,1.08593,0,2024-05-21 12:00:00
1716307200,1.08594,1.08611,1.08463,1.08519,0,2024-05-21 16:00:00
1716321600,1.0852,1.08574,1.08508,1.08571,0,2024-05-21 20:00:00
1716336000,1.08572,1.08633,1.08538,1.08589,0,2024-05-22 00:00:00
1716350400,1.0859,1.08632,1.0852,1.08612,0,2024-05-22 04:00:00
1716364800,1.08613,1.08633,1.08368,1.08375,0,2024-05-22 08:00:00
1716379200,1.08375,1.08408,1.08219,1.08334,0,2024-05-22 12:00:00
1716393600,1.08335,1.08469,1.08177,1.08213,0,2024-05-22 16:00:00
1716408000,1.08213,1.0826,1.08174,1.08251,0,2024-05-22 20:00:00
1716422400,1.08251,1.083,1.08219,1.08283,0,2024-05-23 00:00:00
1716436800,1.08284,1.08323,1.08214,1.08269,0,2024-05-23 04:00:00
1716451200,1.08269,1.08483,1.08124,1.08452,0,2024-05-23 08:00:00
1716465600,1.08454,1.0861,1.08232,1.08244,0,2024-05-23 12:00:00
1716480000,1.08246,1.08311,1.08048,1.08053,0,2024-05-23 16:00:00
1716494400,1.08052,1.08158,1.08048,1.08131,0,2024-05-23 20:00:00
1716508800,1.08131,1.08149,1.0807,1.08088,0,2024-05-24 00:00:00
1716523200,1.08088,1.0818,1.08054,1.08128,0,2024-05-24 04:00:00
1716537600,1.08129,1.08441,1.08129,1.08402,0,2024-05-24 08:00:00
1716552000,1.08401,1.08537,1.08344,1.0846,0,2024-05-24 12:00:00
1716566400,1.08459,1.08578,1.08456,1.08496,0,2024-05-24 16:00:00
1716580800,1.08495,1.085,1.08442,1.0846,0,2024-05-24 20:00:00
1716753600,1.0845,1.08513,1.0843,1.08504,0,2024-05-26 20:00:00
1716768000,1.08503,1.08519,1.0846,1.08499,0,2024-05-27 00:00:00
1716782400,1.08499,1.08517,1.08442,1.08512,0,2024-05-27 04:00:00
1716796800,1.08511,1.08674,1.0845,1.08628,0,2024-05-27 08:00:00
1716811200,1.08626,1.08641,1.08405,1.08583,0,2024-05-27 12:00:00
1716825600,1.08582,1.08619,1.08562,1.08574,0,2024-05-27 16:00:00
1716840000,1.08573,1.08607,1.08521,1.08596,0,2024-05-27 20:00:00
1716854400,1.08596,1.08768,1.08588,1.08758,0,2024-05-28 00:00:00
1716868800,1.08758,1.088,1.08726,1.08754,0,2024-05-28 04:00:00
1716883200,1.08753,1.08797,1.0867,1.08782,0,2024-05-28 08:00:00
1716897600,1.08783,1.0889,1.08578,1.08749,0,2024-05-28 12:00:00
1716912000,1.08749,1.08796,1.08551,1.08583,0,2024-05-28 16:00:00
1716926400,1.08584,1.08619,1.08541,1.08564,0,2024-05-28 20:00:00
1716940800,1.08565,1.08569,1.08459,1.08462,0,2024-05-29 00:00:00
1716955200,1.08462,1.08555,1.08439,1.08521,0,2024-05-29 04:00:00
1716969600,1.08521,1.08588,1.08291,1.08467,0,2024-05-29 08:00:00
1716984000,1.08466,1.08585,1.08111,1.08146,0,2024-05-29 12:00:00
1716998400,1.08145,1.08173,1.08048,1.08059,0,2024-05-29 16:00:00
1717012800,1.0806,1.08062,1.07999,1.08009,0,2024-05-29 20:00:00
1717027200,1.0801,1.08044,1.07938,1.07974,0,2024-05-30 00:00:00
1717041600,1.07974,1.07988,1.07883,1.07955,0,2024-05-30 04:00:00
1717056000,1.07956,1.08198,1.07931,1.08174,0,2024-05-30 08:00:00
1717070400,1.08175,1.08443,1.08129,1.08407,0,2024-05-30 12:00:00
1717084800,1.08407,1.08451,1.08352,1.08368,0,2024-05-30 16:00:00
1717099200,1.08367,1.08367,1.08268,1.08334,0,2024-05-30 20:00:00
1717113600,1.08333,1.08335,1.08114,1.08114,0,2024-05-31 00:00:00
1717128000,1.08113,1.08255,1.08112,1.0824,0,2024-05-31 04:00:00
1717142400,1.08238,1.08515,1.08167,1.08497,0,2024-05-31 08:00:00
1717156800,1.08497,1.08822,1.08481,1.08555,0,2024-05-31 12:00:00
1717171200,1.08556,1.08589,1.08397,1.08425,0,2024-05-31 16:00:00
1717185600,1.08424,1.08521,1.08405,1.0845,0,2024-05-31 20:00:00
1717358400,1.08462,1.08544,1.08453,1.08511,0,2024-06-02 20:00:00
1717372800,1.08512,1.08587,1.08502,1.08539,0,2024-06-03 00:00:00
1717387200,1.08539,1.08586,1.08467,1.08564,0,2024-06-03 04:00:00
1717401600,1.08563,1.08587,1.08278,1.0837,0,2024-06-03 08:00:00
1717416000,1.0837,1.08825,1.0837,1.08699,0,2024-06-03 12:00:00
1717430400,1.087,1.08976,1.08696,1.08972,0,2024-06-03 16:00:00
1717444800,1.08971,1.09098,1.0896,1.09071,0,2024-06-03 20:00:00
1717459200,1.0907,1.0916,1.09051,1.09076,0,2024-06-04 00:00:00
1717473600,1.09076,1.09108,1.08963,1.08971,0,2024-06-04 04:00:00
1717488000,1.0897,1.08985,1.08631,1.08663,0,2024-06-04 08:00:00
1717502400,1.08662,1.08822,1.0859,1.08802,0,2024-06-04 12:00:00
1717516800,1.08802,1.08877,1.08749,1.08821,0,2024-06-04 16:00:00
1717531200,1.0882,1.08826,1.08778,1.08795,0,2024-06-04 20:00:00
1717545600,1.08795,1.0886,1.08783,1.08832,0,2024-06-05 00:00:00
1717560000,1.08833,1.08836,1.08721,1.08759,0,2024-06-05 04:00:00
1717574400,1.08758,1.08794,1.08649,1.08685,0,2024-06-05 08:00:00
1717588800,1.08683,1.08915,1.08599,1.08662,0,2024-06-05 12:00:00
1717603200,1.08663,1.08773,1.08544,1.08756,0,2024-06-05 16:00:00
1717617600,1.08756,1.08765,1.08679,1.08728,0,2024-06-05 20:00:00
1717632000,1.08727,1.08957,1.08726,1.08919,0,2024-06-06 00:00:00
1717646400,1.08918,1.08934,1.0877,1.08839,0,2024-06-06 04:00:00
1717660800,1.08839,1.08882,1.08711,1.08762,0,2024-06-06 08:00:00
1717675200,1.08764,1.0902,1.08619,1.0878,0,2024-06-06 12:00:00
1717689600,1.0878,1.08942,1.08775,1.08929,0,2024-06-06 16:00:00
1717704000,1.0893,1.08941,1.08873,1.08918,0,2024-06-06 20:00:00
1717718400,1.08921,1.08978,1.08867,1.08969,0,2024-06-07 00:00:00
1717732800,1.08969,1.08977,1.0888,1.08922,0,2024-06-07 04:00:00
1717747200,1.08921,1.08983,1.08831,1.08886,0,2024-06-07 08:00:00
1717761600,1.08886,1.09018,1.08103,1.08125,0,2024-06-07 12:00:00
1717776000,1.08125,1.08129,1.08008,1.08054,0,2024-06-07 16:00:00
1717790400,1.08053,1.08071,1.07993,1.08017,0,2024-06-07 20:00:00
1717963200,1.07783,1.07789,1.07644,1.07771,0,2024-06-09 20:00:00
1717977600,1.07773,1.07814,1.07667,1.07675,0,2024-06-10 00:00:00
1717992000,1.07675,1.07683,1.07479,1.07518,0,2024-06-10 04:00:00
1718006400,1.07517,1.07681,1.07327,1.07369,0,2024-06-10 08:00:00
1718020800,1.07368,1.07603,1.07337,1.07337,0,2024-06-10 12:00:00
1718035200,1.07337,1.07623,1.07332,1.07616,0,2024-06-10 16:00:00
1718049600,1.07616,1.07681,1.07594,1.07652,0,2024-06-10 20:00:00
1718064000,1.07652,1.07688,1.07612,1.07678,0,2024-06-11 00:00:00
1718078400,1.07678,1.07734,1.07642,1.07681,0,2024-06-11 04:00:00
1718092800,1.0768,1.07694,1.07365,1.07409,0,2024-06-11 08:00:00
1718107200,1.07411,1.07415,1.07194,1.07224,0,2024-06-11 12:00:00
1718121600,1.07223,1.07452,1.0722,1.07436,0,2024-06-11 16:00:00
1718136000,1.07435,1.07493,1.0739,1.07407,0,2024-06-11 20:00:00
1718150400,1.07408,1.07426,1.07346,1.07418,0,2024-06-12 00:00:00
1718164800,1.07418,1.0747,1.0736,1.07414,0,2024-06-12 04:00:00
1718179200,1.07415,1.07601,1.07355,1.07586,0,2024-06-12 08:00:00
1718193600,1.07587,1.08495,1.07572,1.0848,0,2024-06-12 12:00:00
1718208000,1.0848,1.08521,1.08076,1.08117,0,2024-06-12 16:00:00
1718222400,1.08116,1.08181,1.08036,1.08109,0,2024-06-12 20:00:00
1718236800,1.08108,1.08157,1.08038,1.0808,0,2024-06-13 00:00:00
1718251200,1.08079,1.08091,1.08004,1.08021,0,2024-06-13 04:00:00
1718265600,1.0802,1.08163,1.07931,1.07942,0,2024-06-13 08:00:00
1718280000,1.07941,1.08162,1.0763,1.07714,0,2024-06-13 12:00:00
1718294400,1.07714,1.07722,1.07328,1.07393,0,2024-06-13 16:00:00
1718308800,1.07392,1.07432,1.07335,1.07386,0,2024-06-13 20:00:00
1718323200,1.07387,1.07436,1.07353,1.0743,0,2024-06-14 00:00:00
1718337600,1.07428,1.07449,1.07157,1.07249,0,2024-06-14 04:00:00
1718352000,1.07248,1.07271,1.06717,1.06978,0,2024-06-14 08:00:00
1718366400,1.06978,1.07058,1.06676,1.0687,0,2024-06-14 12:00:00
1718380800,1.0687,1.07045,1.06834,1.06995,0,2024-06-14 16:00:00
1718395200,1.06995,1.07075,1.06975,1.07025,0,2024-06-14 20:00:00
1718568000,1.07028,1.07089,1.06995,1.07065,0,2024-06-16 20:00:00
1718582400,1.07067,1.07073,1.06989,1.0704,0,2024-06-17 00:00:00
1718596800,1.07039,1.07054,1.06863,1.06976,0,2024-06-17 04:00:00
1718611200,1.06977,1.07146,1.06921,1.07101,0,2024-06-17 08:00:00
1718625600,1.071,1.07207,1.0707,1.07161,0,2024-06-17 12:00:00
1718640000,1.07159,1.07378,1.07152,1.07361,0,2024-06-17 16:00:00
1718654400,1.07362,1.074,1.07302,1.07376,0,2024-06-17 20:00:00
1718668800,1.07376,1.0741,1.07241,1.07243,0,2024-06-18 00:00:00
1718683200,1.07242,1.07336,1.07182,1.07331,0,2024-06-18 04:00:00
1718697600,1.0733,1.07351,1.07149,1.07178,0,2024-06-18 08:00:00
1718712000,1.0718,1.07615,1.07099,1.07382,0,2024-06-18 12:00:00
1718726400,1.07383,1.07433,1.07321,1.07397,0,2024-06-18 16:00:00
1718740800,1.07395,1.07411,1.07359,1.07406,0,2024-06-18 20:00:00
1718755200,1.07408,1.07423,1.07353,1.07386,0,2024-06-19 00:00:00
1718769600,1.07386,1.07414,1.07276,1.07312,0,2024-06-19 04:00:00
1718784000,1.0731,1.07522,1.07248,1.075,0,2024-06-19 08:00:00
1718798400,1.07502,1.07533,1.07408,1.07481,0,2024-06-19 12:00:00
1718812800,1.07482,1.07494,1.07412,1.07431,0,2024-06-19 16:00:00
1718827200,1.07431,1.07466,1.07412,1.07458,0,2024-06-19 20:00:00
1718841600,1.07458,1.07487,1.07388,1.07394,0,2024-06-20 00:00:00
1718856000,1.07394,1.07449,1.07305,1.07327,0,2024-06-20 04:00:00
1718870400,1.07326,1.07362,1.07126,1.07285,0,2024-06-20 08:00:00
1718884800,1.07287,1.07321,1.07128,1.07217,0,2024-06-20 12:00:00
1718899200,1.07217,1.07225,1.07033,1.07103,0,2024-06-20 16:00:00
1718913600,1.07103,1.07111,1.07012,1.07023,0,2024-06-20 20:00:00
1718928000,1.07023,1.07175,1.07019,1.07168,0,2024-06-21 00:00:00
1718942400,1.07167,1.07205,1.07083,1.07099,0,2024-06-21 04:00:00
1718956800,1.071,1.07102,1.0671,1.06808,0,2024-06-21 08:00:00
1718971200,1.06809,1.06977,1.06779,1.06814,0,2024-06-21 12:00:00
1718985600,1.06815,1.06967,1.06804,1.06948,0,2024-06-21 16:00:00
1719000000,1.06947,1.06968,1.06909,1.06918,0,2024-06-21 20:00:00
1719172800,1.06849,1.06937,1.06849,1.06937,0,2024-06-23 20:00:00
1719187200,1.06938,1.06955,1.06837,1.06892,0,2024-06-24 00:00:00
1719201600,1.06893,1.07072,1.06891,1.07032,0,2024-06-24 04:00:00
1719216000,1.07031,1.07307,1.07023,1.07301,0,2024-06-24 08:00:00
1719230400,1.073,1.07463,1.07262,1.07299,0,2024-06-24 12:00:00
1719244800,1.073,1.07375,1.0722,1.07355,0,2024-06-24 16:00:00
1719259200,1.07355,1.07382,1.07313,1.07328,0,2024-06-24 20:00:00
1719273600,1.07329,1.07369,1.07308,1.07369,0,2024-06-25 00:00:00
1719288000,1.07369,1.07441,1.07313,1.07318,0,2024-06-25 04:00:00
1719302400,1.07317,1.07358,1.07208,1.07233,0,2024-06-25 08:00:00
1719316800,1.07232,1.07242,1.06906,1.07005,0,2024-06-25 12:00:00
1719331200,1.07006,1.07172,1.07005,1.0716,0,2024-06-25 16:00:00
1719345600,1.0716,1.07175,1.07072,1.07123,0,2024-06-25 20:00:00
1719360000,1.07124,1.07179,1.07061,1.071,0,2024-06-26 00:00:00
1719374400,1.07099,1.07125,1.06937,1.06948,0,2024-06-26 04:00:00
1719388800,1.06948,1.06998,1.0682,1.06849,0,2024-06-26 08:00:00
1719403200,1.06849,1.06958,1.0666,1.06801,0,2024-06-26 12:00:00
1719417600,1.068,1.06908,1.06743,1.06799,0,2024-06-26 16:00:00
1719432000,1.06798,1.0682,1.0675,1.06804,0,2024-06-26 20:00:00
1719446400,1.06806,1.06915,1.0677,1.06892,0,2024-06-27 00:00:00
1719460800,1.06892,1.06989,1.06881,1.0693,0,2024-06-27 04:00:00
1719475200,1.06929,1.07043,1.06805,1.07036,0,2024-06-27 08:00:00
1719489600,1.07037,1.07264,1.06926,1.07125,0,2024-06-27 12:00:00
1719504000,1.07125,1.0713,1.07003,1.07055,0,2024-06-27 16:00:00
1719518400,1.07057,1.07072,1.07012,1.07038,0,2024-06-27 20:00:00
1719532800,1.07039,1.07108,1.06852,1.06939,0,2024-06-28 00:00:00
1719547200,1.06939,1.06982,1.06856,1.06968,0,2024-06-28 04:00:00
1719561600,1.06968,1.07102,1.06917,1.07094,0,2024-06-28 08:00:00
1719576000,1.07092,1.07221,1.0692,1.07183,0,2024-06-28 12:00:00
1719590400,1.07184,1.07246,1.07095,1.07117,0,2024-06-28 16:00:00
1719604800,1.07119,1.07145,1.07061,1.07119,0,2024-06-28 20:00:00
1719777600,1.07438,1.07455,1.0732,1.07367,0,2024-06-30 20:00:00
1719792000,1.0737,1.07615,1.07339,1.07549,0,2024-07-01 00:00:00
1719806400,1.07549,1.07763,1.07515,1.07697,0,2024-07-01 04:00:00
1719820800,1.07699,1.07725,1.07473,1.07485,0,2024-07-01 08:00:00
1719835200,1.07487,1.07697,1.07284,1.07301,0,2024-07-01 12:00:00
1719849600,1.07302,1.07333,1.07197,1.07295,0,2024-07-01 16:00:00
1719864000,1.07295,1.07426,1.07293,1.07372,0,2024-07-01 20:00:00
1719878400,1.07371,1.07385,1.07318,1.07351,0,2024-07-02 00:00:00
1719892800,1.0735,1.07357,1.07249,1.0725,0,2024-07-02 04:00:00
1719907200,1.07249,1.07281,1.071,1.07171,0,2024-07-02 08:00:00
1719921600,1.07172,1.07469,1.07149,1.07432,0,2024-07-02 12:00:00
1719936000,1.07432,1.07446,1.07306,1.07421,0,2024-07-02 16:00:00
1719950400,1.0742,1.07489,1.07408,1.07488,0,2024-07-02 20:00:00
1719964800,1.07488,1.07542,1.07404,1.07439,0,2024-07-03 00:00:00
1719979200,1.07436,1.07482,1.07363,1.07469,0,2024-07-03 04:00:00
1719993600,1.0747,1.07635,1.07468,1.07583,0,2024-07-03 08:00:00
1720008000,1.07583,1.08168,1.07549,1.08059,0,2024-07-03 12:00:00
1720022400,1.08058,1.08091,1.07781,1.07801,0,2024-07-03 16:00:00
1720036800,1.07804,1.07901,1.07797,1.07895,0,2024-07-03 20:00:00
1720051200,1.07896,1.07949,1.07863,1.07863,0,2024-07-04 00:00:00
1720065600,1.07864,1.07935,1.07836,1.07926,0,2024-07-04 04:00:00
1720080000,1.07925,1.0803,1.07889,1.0801,0,2024-07-04 08:00:00
1720094400,1.08009,1.08092,1.07948,1.08083,0,2024-07-04 12:00:00
1720108800,1.08083,1.08138,1.08069,1.0812,0,2024-07-04 16:00:00
1720123200,1.08119,1.0814,1.081,1.08116,0,2024-07-04 20:00:00
1720137600,1.08117,1.0818,1.08093,1.08179,0,2024-07-05 00:00:00
1720152000,1.08179,1.08258,1.08179,1.08192,0,2024-07-05 04:00:00
1720166400,1.08191,1.08319,1.08164,1.08246,0,2024-07-05 08:00:00
1720180800,1.08247,1.08423,1.07993,1.08241,0,2024-07-05 12:00:00
1720195200,1.08241,1.08374,1.08193,1.0837,0,2024-07-05 16:00:00
1720209600,1.08369,1.08426,1.08363,1.0837,0,2024-07-05 20:00:00
1720382400,1.08014,1.08329,1.07998,1.08244,0,2024-07-07 20:00:00
1720396800,1.08245,1.083,1.0819,1.08259,0,2024-07-08 00:00:00
1720411200,1.0826,1.08363,1.08146,1.08216,0,2024-07-08 04:00:00
1720425600,1.08218,1.0843,1.08208,1.08298,0,2024-07-08 08:00:00
1720440000,1.08297,1.0845,1.08267,1.08347,0,2024-07-08 12:00:00
1720454400,1.08347,1.08361,1.08234,1.08259,0,2024-07-08 16:00:00
1720468800,1.0826,1.08265,1.08223,1.08256,0,2024-07-08 20:00:00
1720483200,1.08258,1.08333,1.08192,1.08264,0,2024-07-09 00:00:00
1720497600,1.08264,1.08311,1.08239,1.08247,0,2024-07-09 04:00:00
1720512000,1.08247,1.08298,1.08151,1.08222,0,2024-07-09 08:00:00
1720526400,1.08221,1.08282,1.08093,1.08156,0,2024-07-09 12:00:00
1720540800,1.08156,1.08192,1.08054,1.08133,0,2024-07-09 16:00:00
1720555200,1.08134,1.08165,1.08109,1.08144,0,2024-07-09 20:00:00
1720569600,1.08144,1.08168,1.08108,1.08167,0,2024-07-10 00:00:00
1720584000,1.08168,1.08233,1.08147,1.0822,0,2024-07-10 04:00:00
1720598400,1.08219,1.08251,1.08118,1.08216,0,2024-07-10 08:00:00
1720612800,1.08217,1.08288,1.08198,1.08232,0,2024-07-10 12:00:00
1720627200,1.08233,1.08285,1.08173,1.0825,0,2024-07-10 16:00:00
1720641600,1.08249,1.08332,1.08237,1.08327,0,2024-07-10 20:00:00
1720656000,1.08328,1.084,1.0831,1.08371,0,2024-07-11 00:00:00
1720670400,1.08372,1.08396,1.08322,1.0834,0,2024-07-11 04:00:00
1720684800,1.0834,1.08526,1.08324,1.08487,0,2024-07-11 08:00:00
1720699200,1.08486,1.08999,1.08443,1.08784,0,2024-07-11 12:00:00
1720713600,1.08784,1.08807,1.08597,1.08679,0,2024-07-11 16:00:00
1720728000,1.0868,1.08698,1.08614,1.08662,0,2024-07-11 20:00:00
1720742400,1.08663,1.08744,1.08634,1.08657,0,2024-07-12 00:00:00
1720756800,1.08656,1.08724,1.08632,1.08649,0,2024-07-12 04:00:00
1720771200,1.0865,1.08919,1.08617,1.08899,0,2024-07-12 08:00:00
1720785600,1.08899,1.09094,1.08734,1.09092,0,2024-07-12 12:00:00
1720800000,1.09092,1.09109,1.09005,1.09061,0,2024-07-12 16:00:00
1720814400,1.0906,1.09113,1.09039,1.09054,0,2024-07-12 20:00:00
1720987200,1.08852,1.0895,1.08818,1.08869,0,2024-07-14 20:00:00
1721001600,1.0887,1.08918,1.08832,1.08917,0,2024-07-15 00:00:00
1721016000,1.08917,1.0896,1.08862,1.08894,0,2024-07-15 04:00:00
1721030400,1.08895,1.09203,1.08837,1.09097,0,2024-07-15 08:00:00
1721044800,1.09097,1.09177,1.0902,1.0917,0,2024-07-15 12:00:00
1721059200,1.09171,1.09222,1.08932,1.09014,0,2024-07-15 16:00:00
1721073600,1.09013,1.09013,1.08935,1.08944,0,2024-07-15 20:00:00
1721088000,1.08943,1.08985,1.08887,1.08909,0,2024-07-16 00:00:00
1721102400,1.08908,1.08945,1.08836,1.08885,0,2024-07-16 04:00:00
1721116800,1.08884,1.09041,1.08884,1.08989,0,2024-07-16 08:00:00
1721131200,1.0899,1.09054,1.08715,1.08785,0,2024-07-16 12:00:00
1721145600,1.08786,1.08973,1.08783,1.08959,0,2024-07-16 16:00:00
1721160000,1.08959,1.09029,1.08953,1.09019,0,2024-07-16 20:00:00
1721174400,1.0902,1.09068,1.08955,1.09042,0,2024-07-17 00:00:00
1721188800,1.09043,1.09068,1.08975,1.08975,0,2024-07-17 04:00:00
1721203200,1.08974,1.0945,1.0895,1.09307,0,2024-07-17 08:00:00
1721217600,1.09306,1.0948,1.09289,1.09325,0,2024-07-17 12:00:00
1721232000,1.09323,1.09394,1.09237,1.09368,0,2024-07-17 16:00:00
1721246400,1.09367,1.09401,1.09347,1.09395,0,2024-07-17 20:00:00
1721260800,1.09394,1.0941,1.09321,1.0935,0,2024-07-18 00:00:00
1721275200,1.0935,1.09382,1.09275,1.09311,0,2024-07-18 04:00:00
1721289600,1.09311,1.09388,1.09261,1.0933,0,2024-07-18 08:00:00
1721304000,1.09329,1.09369,1.0905,1.09148,0,2024-07-18 12:00:00
1721318400,1.09147,1.09183,1.08956,1.08989,0,2024-07-18 16:00:00
1721332800,1.08988,1.09001,1.08935,1.08974,0,2024-07-18 20:00:00
1721347200,1.08976,1.09017,1.08863,1.0892,0,2024-07-19 00:00:00
1721361600,1.0892,1.08922,1.08833,1.08851,0,2024-07-19 04:00:00
1721376000,1.08849,1.08905,1.08761,1.08841,0,2024-07-19 08:00:00
1721390400,1.08841,1.08941,1.08792,1.08896,0,2024-07-19 12:00:00
1721404800,1.08897,1.08911,1.08756,1.08786,0,2024-07-19 16:00:00
1721419200,1.08786,1.08836,1.08769,1.08779,0,2024-07-19 20:00:00
1721592000,1.08861,1.09001,1.08807,1.08997,0,2024-07-21 20:00:00
1721606400,1.08997,1.09027,1.08846,1.08927,0,2024-07-22 00:00:00
1721620800,1.08926,1.08937,1.08788,1.08809,0,2024-07-22 04:00:00
1721635200,1.0881,1.08953,1.08804,1.08894,0,2024-07-22 08:00:00
1721649600,1.08894,1.08911,1.0873,1.08845,0,2024-07-22 12:00:00
1721664000,1.08846,1.08917,1.08766,1.08894,0,2024-07-22 16:00:00
1721678400,1.08896,1.08933,1.08858,1.08909,0,2024-07-22 20:00:00
1721692800,1.08909,1.08939,1.0887,1.08919,0,2024-07-23 00:00:00
1721707200,1.08919,1.08967,1.08793,1.08848,0,2024-07-23 04:00:00
1721721600,1.08848,1.08886,1.08564,1.08614,0,2024-07-23 08:00:00
1721736000,1.08614,1.08684,1.08438,1.08447,0,2024-07-23 12:00:00
1721750400,1.08447,1.08578,1.08446,1.08522,0,2024-07-23 16:00:00
1721764800,1.08522,1.08563,1.08491,1.08508,0,2024-07-23 20:00:00
1721779200,1.08509,1.0852,1.08416,1.08428,0,2024-07-24 00:00:00
1721793600,1.08429,1.08532,1.08424,1.08432,0,2024-07-24 04:00:00
1721808000,1.0843,1.08537,1.08256,1.08426,0,2024-07-24 08:00:00
1721822400,1.08425,1.08664,1.08385,1.08536,0,2024-07-24 12:00:00
1721836800,1.08539,1.08576,1.08367,1.08375,0,2024-07-24 16:00:00
1721851200,1.08374,1.08425,1.08359,1.08393,0,2024-07-24 20:00:00
1721865600,1.08394,1.08428,1.08349,1.08395,0,2024-07-25 00:00:00
1721880000,1.08394,1.08454,1.08334,1.08347,0,2024-07-25 04:00:00
1721894400,1.08348,1.08588,1.08282,1.08512,0,2024-07-25 08:00:00
1721908800,1.08513,1.08568,1.08302,1.08545,0,2024-07-25 12:00:00
1721923200,1.08546,1.08699,1.08478,1.08479,0,2024-07-25 16:00:00
1721937600,1.08478,1.08536,1.08434,1.08469,0,2024-07-25 20:00:00
1721952000,1.08471,1.08604,1.08468,1.08551,0,2024-07-26 00:00:00
1721966400,1.08552,1.08607,1.08505,1.08522,0,2024-07-26 04:00:00
1721980800,1.08522,1.08586,1.0842,1.08562,0,2024-07-26 08:00:00
1721995200,1.08561,1.08681,1.08484,1.08557,0,2024-07-26 12:00:00
1722009600,1.08558,1.08669,1.08525,1.08566,0,2024-07-26 16:00:00
1722024000,1.08567,1.08591,1.08547,1.08547,0,2024-07-26 20:00:00
1722196800,1.08553,1.08599,1.08527,1.08559,0,2024-07-28 20:00:00
1722211200,1.0856,1.087,1.08508,1.08642,0,2024-07-29 00:00:00
1722225600,1.08641,1.08657,1.0855,1.0858,0,2024-07-29 04:00:00
1722240000,1.0858,1.08597,1.08266,1.08358,0,2024-07-29 08:00:00
1722254400,1.08358,1.08358,1.08028,1.08153,0,2024-07-29 12:00:00
1722268800,1.08154,1.08259,1.08149,1.08215,0,2024-07-29 16:00:00
1722283200,1.08216,1.08255,1.08197,1.08222,0,2024-07-29 20:00:00
1722297600,1.08222,1.08222,1.08142,1.08179,0,2024-07-30 00:00:00
1722312000,1.0818,1.08251,1.08175,1.08226,0,2024-07-30 04:00:00
1722326400,1.08223,1.08356,1.0816,1.08332,0,2024-07-30 08:00:00
1722340800,1.08333,1.08334,1.07982,1.0805,0,2024-07-30 12:00:00
1722355200,1.08051,1.08176,1.07989,1.08111,0,2024-07-30 16:00:00
1722369600,1.08111,1.08164,1.08085,1.08148,0,2024-07-30 20:00:00
1722384000,1.08148,1.08282,1.08127,1.08265,0,2024-07-31 00:00:00
1722398400,1.08265,1.08302,1.08156,1.08252,0,2024-07-31 04:00:00
1722412800,1.08252,1.08352,1.08065,1.08331,0,2024-07-31 08:00:00
1722427200,1.08331,1.08493,1.08172,1.08215,0,2024-07-31 12:00:00
1722441600,1.08216,1.08292,1.08019,1.08268,0,2024-07-31 16:00:00
1722456000,1.08266,1.08329,1.08169,1.08243,0,2024-07-31 20:00:00
1722470400,1.08246,1.08336,1.08217,1.08261,0,2024-08-01 00:00:00
1722484800,1.08261,1.08354,1.0811,1.0816,0,2024-08-01 04:00:00
1722499200,1.08161,1.08199,1.07774,1.07842,0,2024-08-01 08:00:00
1722513600,1.07844,1.08182,1.07805,1.07921,0,2024-08-01 12:00:00
1722528000,1.07922,1.07967,1.07802,1.07837,0,2024-08-01 16:00:00
1722542400,1.07838,1.07954,1.07825,1.07884,0,2024-08-01 20:00:00
1722556800,1.07885,1.07937,1.07818,1.07902,0,2024-08-02 00:00:00
1722571200,1.07901,1.08087,1.07901,1.07963,0,2024-08-02 04:00:00
1722585600,1.07961,1.08248,1.07861,1.0823,0,2024-08-02 08:00:00
1722600000,1.08229,1.09265,1.08229,1.09223,0,2024-08-02 12:00:00
1722614400,1.09224,1.09247,1.09032,1.09129,0,2024-08-02 16:00:00
1722628800,1.09128,1.09165,1.0908,1.09098,0,2024-08-02 20:00:00
1722801600,1.09225,1.09234,1.09028,1.0906,0,2024-08-04 20:00:00
1722816000,1.09064,1.09238,1.09043,1.09216,0,2024-08-05 00:00:00
1722830400,1.09217,1.09396,1.08923,1.09051,0,2024-08-05 04:00:00
1722844800,1.09051,1.09748,1.09034,1.09483,0,2024-08-05 08:00:00
1722859200,1.09483,1.10088,1.09434,1.09793,0,2024-08-05 12:00:00
1722873600,1.09793,1.09862,1.09472,1.0951,0,2024-08-05 16:00:00
1722888000,1.0951,1.09619,1.09462,1.09547,0,2024-08-05 20:00:00
1722902400,1.09548,1.09631,1.09437,1.09519,0,2024-08-06 00:00:00
1722916800,1.09518,1.0956,1.09344,1.09389,0,2024-08-06 04:00:00
1722931200,1.09389,1.09408,1.09041,1.09083,0,2024-08-06 08:00:00
1722945600,1.09084,1.09348,1.09037,1.09337,0,2024-08-06 12:00:00
1722960000,1.09338,1.09341,1.09207,1.09285,0,2024-08-06 16:00:00
1722974400,1.09285,1.09321,1.09226,1.09294,0,2024-08-06 20:00:00
1722988800,1.09296,1.09305,1.09109,1.09162,0,2024-08-07 00:00:00
1723003200,1.09163,1.09174,1.09053,1.0915,0,2024-08-07 04:00:00
1723017600,1.09151,1.09279,1.09085,1.09179,0,2024-08-07 08:00:00
1723032000,1.09178,1.0934,1.09124,1.09318,0,2024-08-07 12:00:00
1723046400,1.09318,1.09366,1.09174,1.09221,0,2024-08-07 16:00:00
1723060800,1.09221,1.09269,1.09173,1.09266,0,2024-08-07 20:00:00
1723075200,1.09267,1.09351,1.09235,1.09336,0,2024-08-08 00:00:00
1723089600,1.09337,1.09447,1.09298,1.09428,0,2024-08-08 04:00:00
1723104000,1.0943,1.09451,1.09208,1.09252,0,2024-08-08 08:00:00
1723118400,1.09252,1.09332,1.08814,1.09063,0,2024-08-08 12:00:00
1723132800,1.09062,1.09188,1.0905,1.09183,0,2024-08-08 16:00:00
1723147200,1.09182,1.0919,1.091,1.09182,0,2024-08-08 20:00:00
1723161600,1.09183,1.09243,1.09114,1.09212,0,2024-08-09 00:00:00
1723176000,1.09211,1.09281,1.09175,1.09273,0,2024-08-09 04:00:00
1723190400,1.09272,1.0929,1.09129,1.09174,0,2024-08-09 08:00:00
1723204800,1.09175,1.09313,1.0909,1.09231,0,2024-08-09 12:00:00
1723219200,1.09231,1.09276,1.09151,1.09195,0,2024-08-09 16:00:00
1723233600,1.09195,1.09211,1.09148,1.09167,0,2024-08-09 20:00:00
1723406400,1.09142,1.09196,1.091,1.09128,0,2024-08-11 20:00:00
1723420800,1.09128,1.0923,1.09116,1.09178,0,2024-08-12 00:00:00
1723435200,1.09177,1.09235,1.09126,1.09211,0,2024-08-12 04:00:00
1723449600,1.09211,1.09299,1.0916,1.09265,0,2024-08-12 08:00:00
1723464000,1.09265,1.09333,1.09152,1.09312,0,2024-08-12 12:00:00
1723478400,1.09312,1.09393,1.09218,1.09304,0,2024-08-12 16:00:00
1723492800,1.09304,1.09334,1.09249,1.09323,0,2024-08-12 20:00:00
1723507200,1.09324,1.09375,1.09292,1.09353,0,2024-08-13 00:00:00
1723521600,1.09353,1.09411,1.09325,1.09333,0,2024-08-13 04:00:00
1723536000,1.09333,1.09347,1.09137,1.09231,0,2024-08-13 08:00:00
1723550400,1.0923,1.09623,1.09225,1.09559,0,2024-08-13 12:00:00
1723564800,1.0956,1.09994,1.0948,1.09991,0,2024-08-13 16:00:00
1723579200,1.09991,1.09996,1.09754,1.09965,0,2024-08-13 20:00:00
1723593600,1.09966,1.09984,1.09902,1.09914,0,2024-08-14 00:00:00
1723608000,1.09915,1.10018,1.09863,1.09999,0,2024-08-14 04:00:00
1723622400,1.09999,1.10286,1.09961,1.10219,0,2024-08-14 08:00:00
1723636800,1.1022,1.10473,1.10039,1.10355,0,2024-08-14 12:00:00
1723651200,1.10356,1.10361,1.10108,1.1016,0,2024-08-14 16:00:00
1723665600,1.1016,1.10165,1.10108,1.1013,0,2024-08-14 20:00:00
1723680000,1.10134,1.10142,1.1003,1.10085,0,2024-08-15 00:00:00
1723694400,1.10085,1.10153,1.10075,1.10145,0,2024-08-15 04:00:00
1723708800,1.10146,1.10154,1.10033,1.10101,0,2024-08-15 08:00:00
1723723200,1.10101,1.10142,1.09495,1.09831,0,2024-08-15 12:00:00
1723737600,1.0983,1.09894,1.09715,1.09782,0,2024-08-15 16:00:00
1723752000,1.09781,1.09799,1.09703,1.09712,0,2024-08-15 20:00:00
1723766400,1.09714,1.09825,1.09711,1.09812,0,2024-08-16 00:00:00
1723780800,1.09812,1.09866,1.0976,1.09815,0,2024-08-16 04:00:00
1723795200,1.09814,1.09949,1.09767,1.09939,0,2024-08-16 08:00:00
1723809600,1.09938,1.10044,1.09826,1.09904,0,2024-08-16 12:00:00
1723824000,1.09903,1.10214,1.09903,1.10205,0,2024-08-16 16:00:00
1723838400,1.10206,1.10296,1.1018,1.10211,0,2024-08-16 20:00:00
1724011200,1.10265,1.1034,1.10231,1.10249,0,2024-08-18 20:00:00
1724025600,1.10252,1.1036,1.10227,1.10307,0,2024-08-19 00:00:00
1724040000,1.10306,1.10501,1.10301,1.1042,0,2024-08-19 04:00:00
1724054400,1.10419,1.10504,1.10308,1.10368,0,2024-08-19 08:00:00
1724068800,1.10366,1.10735,1.10301,1.10655,0,2024-08-19 12:00:00
1724083200,1.10654,1.10849,1.10597,1.10815,0,2024-08-19 16:00:00
1724097600,1.10814,1.10875,1.10789,1.10851,0,2024-08-19 20:00:00
1724112000,1.10852,1.10871,1.1075,1.10761,0,2024-08-20 00:00:00
1724126400,1.10762,1.1082,1.10729,1.1081,0,2024-08-20 04:00:00
1724140800,1.1081,1.10888,1.10719,1.10819,0,2024-08-20 08:00:00
1724155200,1.10821,1.11168,1.10766,1.11117,0,2024-08-20 12:00:00
1724169600,1.11116,1.11225,1.10996,1.11206,0,2024-08-20 16:00:00
1724184000,1.11206,1.11304,1.11193,1.11285,0,2024-08-20 20:00:00
1724198400,1.11284,1.11325,1.1119,1.11217,0,2024-08-21 00:00:00
1724212800,1.11218,1.11224,1.11131,1.11178,0,2024-08-21 04:00:00
1724227200,1.11179,1.11287,1.11103,1.11248,0,2024-08-21 08:00:00
1724241600,1.11247,1.11299,1.10992,1.11247,0,2024-08-21 12:00:00
1724256000,1.11245,1.1174,1.11244,1.11617,0,2024-08-21 16:00:00
1724270400,1.11616,1.11617,1.11468,1.11562,0,2024-08-21 20:00:00
1724284800,1.11562,1.1158,1.11404,1.1143,0,2024-08-22 00:00:00
1724299200,1.11432,1.11497,1.11401,1.11494,0,2024-08-22 04:00:00
1724313600,1.11494,1.11646,1.11272,1.11453,0,2024-08-22 08:00:00
1724328000,1.11453,1.11453,1.1098,1.11148,0,2024-08-22 12:00:00
1724342400,1.11148,1.11175,1.10987,1.11104,0,2024-08-22 16:00:00
1724356800,1.11103,1.11162,1.11046,1.11135,0,2024-08-22 20:00:00
1724371200,1.11137,1.11286,1.11129,1.1125,0,2024-08-23 00:00:00
1724385600,1.11251,1.11304,1.11202,1.11283,0,2024-08-23 04:00:00
1724400000,1.11284,1.11318,1.11124,1.11196,0,2024-08-23 08:00:00
1724414400,1.11194,1.11848,1.11055,1.11749,0,2024-08-23 12:00:00
1724428800,1.11747,1.12008,1.11642,1.11872,0,2024-08-23 16:00:00
1724443200,1.11872,1.11955,1.11855,1.1191,0,2024-08-23 20:00:00
1724616000,1.11854,1.11948,1.11854,1.1191,0,2024-08-25 20:00:00
1724630400,1.11911,1.12015,1.11856,1.11867,0,2024-08-26 00:00:00
1724644800,1.11866,1.11892,1.11775,1.11813,0,2024-08-26 04:00:00
1724659200,1.11813,1.11848,1.11691,1.11714,0,2024-08-26 08:00:00
1724673600,1.11715,1.11788,1.115,1.11765,0,2024-08-26 12:00:00
1724688000,1.11765,1.11768,1.11594,1.11635,0,2024-08-26 16:00:00
1724702400,1.11635,1.11655,1.11575,1.11627,0,2024-08-26 20:00:00
1724716800,1.11629,1.11706,1.11595,1.11682,0,2024-08-27 00:00:00
1724731200,1.11682,1.11722,1.11612,1.11617,0,2024-08-27 04:00:00
1724745600,1.11616,1.11786,1.11616,1.11659,0,2024-08-27 08:00:00
1724760000,1.11659,1.11718,1.11501,1.11661,0,2024-08-27 12:00:00
1724774400,1.11661,1.11905,1.11587,1.11857,0,2024-08-27 16:00:00
1724788800,1.11857,1.11858,1.11784,1.11836,0,2024-08-27 20:00:00
1724803200,1.11837,1.11845,1.11665,1.11665,0,2024-08-28 00:00:00
1724817600,1.11668,1.11691,1.11351,1.11477,0,2024-08-28 04:00:00
1724832000,1.11478,1.11593,1.1122,1.11252,0,2024-08-28 08:00:00
1724846400,1.11253,1.11377,1.1105,1.11301,0,2024-08-28 12:00:00
1724860800,1.11301,1.11311,1.11053,1.11157,0,2024-08-28 16:00:00
1724875200,1.11158,1.11242,1.11123,1.11239,0,2024-08-28 20:00:00
1724889600,1.11239,1.11338,1.11227,1.11315,0,2024-08-29 00:00:00
1724904000,1.11315,1.11399,1.11255,1.11281,0,2024-08-29 04:00:00
1724918400,1.11281,1.11314,1.10719,1.10973,0,2024-08-29 08:00:00
1724932800,1.10974,1.10997,1.10556,1.10698,0,2024-08-29 12:00:00
1724947200,1.10699,1.10879,1.10668,1.1079,0,2024-08-29 16:00:00
1724961600,1.1079,1.10813,1.10743,1.10799,0,2024-08-29 20:00:00
1724976000,1.10799,1.1083,1.10697,1.1072,0,2024-08-30 00:00:00
1724990400,1.10719,1.10856,1.10711,1.10848,0,2024-08-30 04:00:00
1725004800,1.10849,1.1095,1.10735,1.10793,0,2024-08-30 08:00:00
1725019200,1.10792,1.10881,1.10538,1.10686,0,2024-08-30 12:00:00
1725033600,1.10685,1.1072,1.10438,1.10521,0,2024-08-30 16:00:00
1725048000,1.1052,1.10551,1.10453,1.10456,0,2024-08-30 20:00:00
1725220800,1.10462,1.10496,1.1044,1.10458,0,2024-09-01 20:00:00
1725235200,1.10458,1.10556,1.10419,1.10514,0,2024-09-02 00:00:00
1725249600,1.10515,1.10702,1.10439,1.10657,0,2024-09-02 04:00:00
1725264000,1.10656,1.10773,1.10559,1.10663,0,2024-09-02 08:00:00
1725278400,1.10663,1.10718,1.10585,1.1069,0,2024-09-02 12:00:00
1725292800,1.10688,1.10714,1.10623,1.10709,0,2024-09-02 16:00:00
1725307200,1.10708,1.10727,1.10613,1.10663,0,2024-09-02 20:00:00
1725321600,1.10664,1.10702,1.10589,1.10636,0,2024-09-03 00:00:00
1725336000,1.10636,1.10636,1.1051,1.10614,0,2024-09-03 04:00:00
1725350400,1.10615,1.10676,1.1033,1.10357,0,2024-09-03 08:00:00
1725364800,1.10355,1.1069,1.10335,1.10421,0,2024-09-03 12:00:00
1725379200,1.10422,1.1047,1.10263,1.1038,0,2024-09-03 16:00:00
1725393600,1.10381,1.10468,1.10363,1.10456,0,2024-09-03 20:00:00
1725408000,1.10456,1.10562,1.1045,1.10525,0,2024-09-04 00:00:00
1725422400,1.10524,1.10598,1.10473,1.10532,0,2024-09-04 04:00:00
1725436800,1.10534,1.10628,1.10468,1.1053,0,2024-09-04 08:00:00
1725451200,1.1053,1.10951,1.104,1.10898,0,2024-09-04 12:00:00
1725465600,1.10897,1.10917,1.10653,1.1076,0,2024-09-04 16:00:00
1725480000,1.1076,1.10863,1.1075,1.10848,0,2024-09-04 20:00:00
1725494400,1.1085,1.10854,1.10756,1.10797,0,2024-09-05 00:00:00
1725508800,1.10796,1.10881,1.10746,1.10837,0,2024-09-05 04:00:00
1725523200,1.10837,1.11004,1.10798,1.10989,0,2024-09-05 08:00:00
1725537600,1.10988,1.11197,1.10762,1.10795,0,2024-09-05 12:00:00
1725552000,1.10796,1.11132,1.10781,1.11041,0,2024-09-05 16:00:00
1725566400,1.1104,1.11115,1.11027,1.11095,0,2024-09-05 20:00:00
1725580800,1.11096,1.11145,1.11085,1.11111,0,2024-09-06 00:00:00
1725595200,1.11111,1.11208,1.11109,1.11206,0,2024-09-06 04:00:00
1725609600,1.11205,1.11207,1.11068,1.11073,0,2024-09-06 08:00:00
1725624000,1.11072,1.11556,1.10656,1.11018,0,2024-09-06 12:00:00
1725638400,1.1102,1.1135,1.10695,1.10861,0,2024-09-06 16:00:00
1725652800,1.10862,1.10895,1.10822,1.10825,0,2024-09-06 20:00:00
1725825600,1.10781,1.10904,1.10781,1.10867,0,2024-09-08 20:00:00
1725840000,1.10867,1.1091,1.10804,1.10806,0,2024-09-09 00:00:00
1725854400,1.10806,1.10817,1.10606,1.10645,0,2024-09-09 04:00:00
1725868800,1.10644,1.1066,1.10368,1.10401,0,2024-09-09 08:00:00
1725883200,1.10401,1.1052,1.1034,1.10421,0,2024-09-09 12:00:00
1725897600,1.1042,1.10536,1.10354,1.10429,0,2024-09-09 16:00:00
1725912000,1.10428,1.10429,1.10331,1.10375,0,2024-09-09 20:00:00
1725926400,1.10376,1.10381,1.10283,1.10347,0,2024-09-10 00:00:00
1725940800,1.10348,1.10496,1.10337,1.10496,0,2024-09-10 04:00:00
1725955200,1.10494,1.10494,1.10323,1.10403,0,2024-09-10 08:00:00
1725969600,1.10404,1.10438,1.10151,1.10185,0,2024-09-10 12:00:00
1725984000,1.10185,1.10288,1.10174,1.10245,0,2024-09-10 16:00:00
1725998400,1.10244,1.10276,1.10182,1.10197,0,2024-09-10 20:00:00
1726012800,1.10198,1.10443,1.10166,1.10331,0,2024-09-11 00:00:00
1726027200,1.1033,1.10514,1.10316,1.10451,0,2024-09-11 04:00:00
1726041600,1.10451,1.1052,1.10366,1.10486,0,2024-09-11 08:00:00
1726056000,1.10487,1.10549,1.10019,1.10102,0,2024-09-11 12:00:00
1726070400,1.10102,1.10226,1.10077,1.10181,0,2024-09-11 16:00:00
1726084800,1.10181,1.10265,1.10104,1.10121,0,2024-09-11 20:00:00
1726099200,1.10122,1.10128,1.10059,1.10097,0,2024-09-12 00:00:00
1726113600,1.10096,1.10238,1.10077,1.1008,0,2024-09-12 04:00:00
1726128000,1.1008,1.10234,1.10055,1.10217,0,2024-09-12 08:00:00
1726142400,1.10217,1.10471,1.10089,1.10398,0,2024-09-12 12:00:00
1726156800,1.10398,1.10622,1.10307,1.10607,0,2024-09-12 16:00:00
1726171200,1.10607,1.1075,1.10599,1.10717,0,2024-09-12 20:00:00
1726185600,1.10716,1.10898,1.10715,1.10867,0,2024-09-13 00:00:00
1726200000,1.10867,1.10902,1.10745,1.10789,0,2024-09-13 04:00:00
1726214400,1.10789,1.11007,1.1073,1.10904,0,2024-09-13 08:00:00
1726228800,1.10904,1.11017,1.10791,1.10889,0,2024-09-13 12:00:00
1726243200,1.10891,1.10918,1.10766,1.1078,0,2024-09-13 16:00:00
1726257600,1.10779,1.10813,1.10721,1.10732,0,2024-09-13 20:00:00
1726430400,1.10757,1.10873,1.10743,1.10868,0,2024-09-15 20:00:00
1726444800,1.10868,1.10924,1.10848,1.1089,0,2024-09-16 00:00:00
1726459200,1.1089,1.11157,1.1088,1.11145,0,2024-09-16 04:00:00
1726473600,1.11143,1.11293,1.11095,1.11219,0,2024-09-16 08:00:00
1726488000,1.1122,1.11374,1.11159,1.11238,0,2024-09-16 12:00:00
1726502400,1.11238,1.113,1.1116,1.11208,0,2024-09-16 16:00:00
1726516800,1.11207,1.11332,1.11186,1.11272,0,2024-09-16 20:00:00
1726531200,1.11275,1.11311,1.11219,1.11271,0,2024-09-17 00:00:00
1726545600,1.1127,1.11334,1.11208,1.11208,0,2024-09-17 04:00:00
1726560000,1.11208,1.11461,1.11156,1.11343,0,2024-09-17 08:00:00
1726574400,1.11342,1.11436,1.11117,1.11245,0,2024-09-17 12:00:00
1726588800,1.11246,1.11262,1.11109,1.11223,0,2024-09-17 16:00:00
1726603200,1.11223,1.11235,1.11124,1.11179,0,2024-09-17 20:00:00
1726617600,1.1118,1.11303,1.11179,1.11279,0,2024-09-18 00:00:00
1726632000,1.1128,1.11285,1.11152,1.11186,0,2024-09-18 04:00:00
1726646400,1.11186,1.11398,1.11174,1.11299,0,2024-09-18 08:00:00
1726660800,1.11298,1.11398,1.11082,1.1118,0,2024-09-18 12:00:00
1726675200,1.11181,1.11891,1.11119,1.11492,0,2024-09-18 16:00:00
1726689600,1.11489,1.1149,1.10966,1.11218,0,2024-09-18 20:00:00
1726704000,1.11219,1.11219,1.10683,1.11019,0,2024-09-19 00:00:00
1726718400,1.11019,1.11451,1.10994,1.11451,0,2024-09-19 04:00:00
1726732800,1.11453,1.11787,1.11401,1.11702,0,2024-09-19 08:00:00
1726747200,1.11705,1.1176,1.11164,1.11292,0,2024-09-19 12:00:00
1726761600,1.11293,1.11678,1.11255,1.11654,0,2024-09-19 16:00:00
1726776000,1.11654,1.11666,1.11588,1.11607,0,2024-09-19 20:00:00
1726790400,1.11608,1.1164,1.11571,1.11614,0,2024-09-20 00:00:00
1726804800,1.11613,1.11785,1.1161,1.11764,0,2024-09-20 04:00:00
1726819200,1.11763,1.11818,1.11523,1.11592,0,2024-09-20 08:00:00
1726833600,1.11593,1.11768,1.11379,1.11437,0,2024-09-20 12:00:00
1726848000,1.11437,1.11757,1.1136,1.1165,0,2024-09-20 16:00:00
1726862400,1.1165,1.11659,1.11561,1.11626,0,2024-09-20 20:00:00
1727035200,1.1158,1.11647,1.1158,1.11621,0,2024-09-22 20:00:00
1727049600,1.11622,1.1164,1.11558,1.11622,0,2024-09-23 00:00:00
1727064000,1.11622,1.11672,1.11551,1.11588,0,2024-09-23 04:00:00
1727078400,1.11587,1.11595,1.10831,1.11129,0,2024-09-23 08:00:00
1727092800,1.11131,1.11433,1.11085,1.11323,0,2024-09-23 12:00:00
1727107200,1.11325,1.11371,1.11159,1.11167,0,2024-09-23 16:00:00
1727121600,1.11166,1.11176,1.11097,1.11109,0,2024-09-23 20:00:00
1727136000,1.11111,1.11137,1.11033,1.11055,0,2024-09-24 00:00:00
1727150400,1.11055,1.11194,1.11042,1.1115,0,2024-09-24 04:00:00
1727164800,1.11149,1.11459,1.11125,1.1128,0,2024-09-24 08:00:00
1727179200,1.1128,1.11635,1.11221,1.11507,0,2024-09-24 12:00:00
1727193600,1.11506,1.11669,1.11467,1.11662,0,2024-09-24 16:00:00
1727208000,1.11663,1.11888,1.1165,1.11886,0,2024-09-24 20:00:00
1727222400,1.11885,1.11961,1.11833,1.11947,0,2024-09-25 00:00:00
1727236800,1.11948,1.11987,1.11869,1.11905,0,2024-09-25 04:00:00
1727251200,1.11906,1.11964,1.11782,1.11871,0,2024-09-25 08:00:00
1727265600,1.11872,1.1214,1.11652,1.11726,0,2024-09-25 12:00:00
1727280000,1.11727,1.11752,1.11215,1.11342,0,2024-09-25 16:00:00
1727294400,1.11342,1.11358,1.11249,1.11316,0,2024-09-25 20:00:00
1727308800,1.11316,1.11419,1.1129,1.1141,0,2024-09-26 00:00:00
1727323200,1.1141,1.11566,1.11377,1.11534,0,2024-09-26 04:00:00
1727337600,1.11534,1.11579,1.11257,1.11538,0,2024-09-26 08:00:00
1727352000,1.11539,1.11747,1.11257,1.11648,0,2024-09-26 12:00:00
1727366400,1.11647,1.11893,1.11642,1.11795,0,2024-09-26 16:00:00
1727380800,1.11796,1.11841,1.11739,1.1176,0,2024-09-26 20:00:00
1727395200,1.11761,1.11776,1.11624,1.11689,0,2024-09-27 00:00:00
1727409600,1.1169,1.1176,1.11402,1.11509,0,2024-09-27 04:00:00
1727424000,1.11506,1.11709,1.11248,1.11633,0,2024-09-27 08:00:00
1727438400,1.11632,1.1203,1.11541,1.11784,0,2024-09-27 12:00:00
1727452800,1.11785,1.11785,1.11463,1.11677,0,2024-09-27 16:00:00
1727467200,1.11676,1.11678,1.11589,1.11619,0,2024-09-27 20:00:00
1727640000,1.11582,1.11723,1.11526,1.11707,0,2024-09-29 20:00:00
1727654400,1.11707,1.11739,1.11564,1.11603,0,2024-09-30 00:00:00
1727668800,1.11604,1.11692,1.1156,1.11681,0,2024-09-30 04:00:00
1727683200,1.1168,1.12089,1.11593,1.11899,0,2024-09-30 08:00:00
1727697600,1.119,1.12029,1.11409,1.11583,0,2024-09-30 12:00:00
1727712000,1.11582,1.11642,1.11136,1.11322,0,2024-09-30 16:00:00
1727726400,1.11322,1.11419,1.11215,1.11415,0,2024-09-30 20:00:00
1727740800,1.11417,1.11433,1.11271,1.11388,0,2024-10-01 00:00:00
1727755200,1.11389,1.11439,1.11309,1.11345,0,2024-10-01 04:00:00
1727769600,1.11345,1.11369,1.10839,1.10869,0,2024-10-01 08:00:00
1727784000,1.1087,1.10998,1.10565,1.10764,0,2024-10-01 12:00:00
1727798400,1.10765,1.10778,1.10458,1.10715,0,2024-10-01 16:00:00
1727812800,1.10716,1.10773,1.10656,1.10672,0,2024-10-01 20:00:00
1727827200,1.10671,1.10739,1.10633,1.10664,0,2024-10-02 00:00:00
1727841600,1.10664,1.10737,1.10541,1.10664,0,2024-10-02 04:00:00
1727856000,1.10667,1.10828,1.10612,1.10666,0,2024-10-02 08:00:00
1727870400,1.10668,1.10773,1.10353,1.10361,0,2024-10-02 12:00:00
1727884800,1.10361,1.10548,1.10325,1.10382,0,2024-10-02 16:00:00
1727899200,1.10382,1.10533,1.10367,1.10461,0,2024-10-02 20:00:00
1727913600,1.10462,1.10477,1.10351,1.10359,0,2024-10-03 00:00:00
1727928000,1.10359,1.10421,1.10248,1.10378,0,2024-10-03 04:00:00
1727942400,1.10377,1.10465,1.10275,1.10427,0,2024-10-03 08:00:00
1727956800,1.10428,1.10468,1.10082,1.1017,0,2024-10-03 12:00:00
1727971200,1.10169,1.10361,1.1012,1.1026,0,2024-10-03 16:00:00
1727985600,1.10261,1.1035,1.10249,1.10342,0,2024-10-03 20:00:00
1728000000,1.10342,1.10395,1.10279,1.10305,0,2024-10-04 00:00:00
1728014400,1.10307,1.10352,1.10251,1.1032,0,2024-10-04 04:00:00
1728028800,1.10319,1.10355,1.10201,1.10275,0,2024-10-04 08:00:00
1728043200,1.10275,1.10367,1.09588,1.09694,0,2024-10-04 12:00:00
1728057600,1.09694,1.0974,1.09512,1.09726,0,2024-10-04 16:00:00
1728072000,1.09725,1.09777,1.09707,1.09739,0,2024-10-04 20:00:00
1728244800,1.0962,1.09717,1.0962,1.09693,0,2024-10-06 20:00:00
1728259200,1.09694,1.09775,1.09679,1.09713,0,2024-10-07 00:00:00
1728273600,1.09713,1.09735,1.09634,1.09712,0,2024-10-07 04:00:00
1728288000,1.09712,1.09788,1.09542,1.09651,0,2024-10-07 08:00:00
1728302400,1.09651,1.09848,1.09622,1.09747,0,2024-10-07 12:00:00
1728316800,1.09745,1.09868,1.09682,1.0969,0,2024-10-07 16:00:00
1728331200,1.0969,1.09789,1.09657,1.09777,0,2024-10-07 20:00:00
1728345600,1.09781,1.09848,1.09727,1.09815,0,2024-10-08 00:00:00
1728360000,1.09816,1.09888,1.09813,1.09836,0,2024-10-08 04:00:00
1728374400,1.09836,1.09971,1.09785,1.09852,0,2024-10-08 08:00:00
1728388800,1.09852,1.09898,1.09663,1.09708,0,2024-10-08 12:00:00
1728403200,1.09708,1.09777,1.09608,1.09722,0,2024-10-08 16:00:00
1728417600,1.09722,1.09807,1.09694,1.09807,0,2024-10-08 20:00:00
1728432000,1.09808,1.09809,1.09686,1.09706,0,2024-10-09 00:00:00
1728446400,1.09707,1.0976,1.0962,1.09629,0,2024-10-09 04:00:00
1728460800,1.09626,1.09707,1.0951,1.09656,0,2024-10-09 08:00:00
1728475200,1.09656,1.09669,1.09396,1.09479,0,2024-10-09 12:00:00
1728489600,1.09478,1.09561,1.09362,1.09365,0,2024-10-09 16:00:00
1728504000,1.09366,1.09426,1.09365,1.09407,0,2024-10-09 20:00:00
1728518400,1.09406,1.09459,1.09388,1.09419,0,2024-10-10 00:00:00
1728532800,1.09418,1.09458,1.09364,1.09368,0,2024-10-10 04:00:00
1728547200,1.09369,1.0943,1.09278,1.0939,0,2024-10-10 08:00:00
1728561600,1.09391,1.09548,1.09088,1.09222,0,2024-10-10 12:00:00
1728576000,1.09222,1.09297,1.09,1.0922,0,2024-10-10 16:00:00
1728590400,1.0922,1.09376,1.09116,1.09337,0,2024-10-10 20:00:00
1728604800,1.09337,1.09379,1.09294,1.09368,0,2024-10-11 00:00:00
1728619200,1.09368,1.09407,1.09323,1.09401,0,2024-10-11 04:00:00
1728633600,1.094,1.09537,1.0931,1.0935,0,2024-10-11 08:00:00
1728648000,1.09351,1.09506,1.0926,1.09429,0,2024-10-11 12:00:00
1728662400,1.09428,1.09524,1.09389,1.0939,0,2024-10-11 16:00:00
1728676800,1.09391,1.09393,1.09324,1.09353,0,2024-10-11 20:00:00
1728849600,1.0931,1.09335,1.0927,1.09271,0,2024-10-13 20:00:00
1728864000,1.09273,1.09283,1.09153,1.09246,0,2024-10-14 00:00:00
1728878400,1.09247,1.09304,1.09223,1.0925,0,2024-10-14 04:00:00
1728892800,1.0925,1.09366,1.0922,1.09228,0,2024-10-14 08:00:00
1728907200,1.09228,1.09272,1.09047,1.09148,0,2024-10-14 12:00:00
1728921600,1.09148,1.09163,1.08949,1.08971,0,2024-10-14 16:00:00
1728936000,1.08972,1.09095,1.08881,1.09084,0,2024-10-14 20:00:00
1728950400,1.09085,1.09103,1.09005,1.0902,0,2024-10-15 00:00:00
1728964800,1.09019,1.0903,1.08849,1.08924,0,2024-10-15 04:00:00
1728979200,1.08924,1.09161,1.0885,1.09027,0,2024-10-15 08:00:00
1728993600,1.09026,1.09167,1.08973,1.09026,0,2024-10-15 12:00:00
1729008000,1.09027,1.09071,1.08819,1.08872,0,2024-10-15 16:00:00
1729022400,1.08874,1.08927,1.08857,1.08895,0,2024-10-15 20:00:00
1729036800,1.08896,1.08932,1.08821,1.08925,0,2024-10-16 00:00:00
1729051200,1.08926,1.08956,1.08762,1.08776,0,2024-10-16 04:00:00
1729065600,1.08776,1.08972,1.08752,1.08899,0,2024-10-16 08:00:00
1729080000,1.08897,1.09014,1.08714,1.08797,0,2024-10-16 12:00:00
1729094400,1.08797,1.08801,1.08553,1.08556,0,2024-10-16 16:00:00
1729108800,1.08557,1.08705,1.08532,1.08585,0,2024-10-16 20:00:00
1729123200,1.08585,1.0865,1.08562,1.08619,0,2024-10-17 00:00:00
1729137600,1.08617,1.0862,1.08498,1.08506,0,2024-10-17 04:00:00
1729152000,1.08505,1.08649,1.0849,1.0864,0,2024-10-17 08:00:00
1729166400,1.08641,1.08737,1.0811,1.08286,0,2024-10-17 12:00:00
1729180800,1.08288,1.08408,1.0821,1.08249,0,2024-10-17 16:00:00
1729195200,1.0825,1.08331,1.08234,1.08289,0,2024-10-17 20:00:00
1729209600,1.0829,1.08396,1.08252,1.08389,0,2024-10-18 00:00:00
1729224000,1.08387,1.08486,1.0837,1.08443,0,2024-10-18 04:00:00
1729238400,1.08442,1.08488,1.08341,1.0845,0,2024-10-18 08:00:00
1729252800,1.0845,1.08645,1.08417,1.08571,0,2024-10-18 12:00:00
1729267200,1.08571,1.08682,1.08528,1.08653,0,2024-10-18 16:00:00
1729281600,1.08653,1.08694,1.08622,1.08655,0,2024-10-18 20:00:00
1729454400,1.08605,1.08717,1.08605,1.0869,0,2024-10-20 20:00:00
1729468800,1.08691,1.08696,1.08636,1.08644,0,2024-10-21 00:00:00
1729483200,1.08643,1.08678,1.08495,1.08522,0,2024-10-21 04:00:00
1729497600,1.08522,1.08582,1.08447,1.08474,0,2024-10-21 08:00:00
1729512000,1.08475,1.0859,1.08331,1.08348,0,2024-10-21 12:00:00
1729526400,1.08348,1.08349,1.08111,1.08114,0,2024-10-21 16:00:00
1729540800,1.08116,1.08176,1.08111,1.08154,0,2024-10-21 20:00:00
1729555200,1.08154,1.08213,1.0814,1.08156,0,2024-10-22 00:00:00
1729569600,1.08156,1.08288,1.08149,1.08255,0,2024-10-22 04:00:00
1729584000,1.08254,1.0838,1.08143,1.08285,0,2024-10-22 08:00:00
1729598400,1.08286,1.08289,1.08009,1.08096,0,2024-10-22 12:00:00
1729612800,1.08097,1.08154,1.07998,1.07999,0,2024-10-22 16:00:00
1729627200,1.07999,1.08017,1.07926,1.07984,0,2024-10-22 20:00:00
1729641600,1.07983,1.08053,1.07922,1.08045,0,2024-10-23 00:00:00
1729656000,1.08046,1.08066,1.07924,1.07924,0,2024-10-23 04:00:00
1729670400,1.07924,1.07924,1.07774,1.07774,0,2024-10-23 08:00:00
1729684800,1.07775,1.07831,1.07612,1.07745,0,2024-10-23 12:00:00
1729699200,1.07745,1.07862,1.07672,1.07805,0,2024-10-23 16:00:00
1729713600,1.07805,1.07865,1.07794,1.07822,0,2024-10-23 20:00:00
1729728000,1.07823,1.07898,1.07794,1.07875,0,2024-10-24 00:00:00
1729742400,1.07876,1.07935,1.07816,1.07833,0,2024-10-24 04:00:00
1729756800,1.07833,1.0808,1.07706,1.07989,0,2024-10-24 08:00:00
1729771200,1.07989,1.08113,1.07881,1.07978,0,2024-10-24 12:00:00
1729785600,1.07979,1.08259,1.07963,1.08229,0,2024-10-24 16:00:00
1729800000,1.08228,1.08298,1.08212,1.08241,0,2024-10-24 20:00:00
1729814400,1.08241,1.08275,1.082,1.08259,0,2024-10-25 00:00:00
1729828800,1.08258,1.08258,1.08145,1.08155,0,2024-10-25 04:00:00
1729843200,1.08155,1.08372,1.08136,1.08241,0,2024-10-25 08:00:00
1729857600,1.08241,1.08392,1.0821,1.08307,0,2024-10-25 12:00:00
1729872000,1.08307,1.08347,1.07988,1.08029,0,2024-10-25 16:00:00
1729886400,1.08028,1.08029,1.0793,1.07945,0,2024-10-25 20:00:00
1730059200,1.07938,1.08015,1.07866,1.0796,0,2024-10-27 20:00:00
1730073600,1.0796,1.08012,1.0782,1.07828,0,2024-10-28 00:00:00
1730088000,1.07829,1.08056,1.07819,1.08042,0,2024-10-28 04:00:00
1730102400,1.08042,1.08213,1.08009,1.08194,0,2024-10-28 08:00:00
1730116800,1.08194,1.08276,1.08131,1.08188,0,2024-10-28 12:00:00
1730131200,1.08187,1.08262,1.08099,1.08152,0,2024-10-28 16:00:00
1730145600,1.08153,1.08178,1.08107,1.08176,0,2024-10-28 20:00:00
1730160000,1.08175,1.08192,1.08061,1.0808,0,2024-10-29 00:00:00
1730174400,1.0808,1.08161,1.08054,1.08095,0,2024-10-29 04:00:00
1730188800,1.08094,1.08263,1.07967,1.07992,0,2024-10-29 08:00:00
1730203200,1.07991,1.08121,1.07688,1.07975,0,2024-10-29 12:00:00
1730217600,1.07974,1.08163,1.07923,1.08139,0,2024-10-29 16:00:00
1730232000,1.08139,1.08217,1.08121,1.08197,0,2024-10-29 20:00:00
1730246400,1.08196,1.08259,1.08136,1.08141,0,2024-10-30 00:00:00
1730260800,1.08141,1.08263,1.0813,1.08191,0,2024-10-30 04:00:00
1730275200,1.0819,1.08593,1.0819,1.08242,0,2024-10-30 08:00:00
1730289600,1.08242,1.08668,1.08079,1.08637,0,2024-10-30 12:00:00
1730304000,1.08636,1.08713,1.08537,1.08604,0,2024-10-30 16:00:00
1730318400,1.08605,1.08618,1.08538,1.08582,0,2024-10-30 20:00:00
1730332800,1.08581,1.08592,1.08441,1.08498,0,2024-10-31 00:00:00
1730347200,1.08497,1.08635,1.0845,1.08589,0,2024-10-31 04:00:00
1730361600,1.0859,1.08753,1.08511,1.0868,0,2024-10-31 08:00:00
1730376000,1.08682,1.08881,1.08461,1.08554,0,2024-10-31 12:00:00
1730390400,1.08554,1.08783,1.08536,1.08773,0,2024-10-31 16:00:00
1730404800,1.08775,1.08863,1.08772,1.08839,0,2024-10-31 20:00:00
1730419200,1.08838,1.08885,1.08751,1.08763,0,2024-11-01 00:00:00
1730433600,1.08762,1.08789,1.08679,1.08679,0,2024-11-01 04:00:00
1730448000,1.08679,1.08693,1.08524,1.08679,0,2024-11-01 08:00:00
1730462400,1.0868,1.09057,1.08472,1.08484,0,2024-11-01 12:00:00
1730476800,1.08485,1.08543,1.0834,1.08358,0,2024-11-01 16:00:00
1730491200,1.08359,1.0837,1.08317,1.08327,0,2024-11-01 20:00:00
1730664000,1.08778,1.08811,1.08719,1.08727,0,2024-11-03 20:00:00
1730678400,1.08728,1.09049,1.08699,1.09015,0,2024-11-04 00:00:00
1730692800,1.09015,1.0903,1.08871,1.08912,0,2024-11-04 04:00:00
1730707200,1.08913,1.0914,1.08892,1.09134,0,2024-11-04 08:00:00
1730721600,1.09133,1.09147,1.08933,1.08992,0,2024-11-04 12:00:00
1730736000,1.08992,1.09009,1.08777,1.08788,0,2024-11-04 16:00:00
1730750400,1.08788,1.08814,1.08733,1.08735,0,2024-11-04 20:00:00
1730764800,1.08736,1.08797,1.08724,1.08757,0,2024-11-05 00:00:00
1730779200,1.08757,1.08907,1.08743,1.08886,0,2024-11-05 04:00:00
1730793600,1.08888,1.09017,1.08842,1.08994,0,2024-11-05 08:00:00
1730808000,1.08994,1.09122,1.08894,1.0902,0,2024-11-05 12:00:00
1730822400,1.09021,1.09365,1.09011,1.0931,0,2024-11-05 16:00:00
1730836800,1.09311,1.09369,1.09118,1.09339,0,2024-11-05 20:00:00
1730851200,1.09338,1.09339,1.0719,1.07464,0,2024-11-06 00:00:00
1730865600,1.07463,1.07944,1.07027,1.07342,0,2024-11-06 04:00:00
1730880000,1.07342,1.07812,1.07011,1.0708,0,2024-11-06 08:00:00
1730894400,1.07081,1.07397,1.06824,1.07383,0,2024-11-06 12:00:00
1730908800,1.07383,1.0758,1.07257,1.07351,0,2024-11-06 16:00:00
1730923200,1.07352,1.07384,1.07249,1.07315,0,2024-11-06 20:00:00
1730937600,1.07316,1.07413,1.07129,1.07398,0,2024-11-07 00:00:00
1730952000,1.07398,1.07701,1.07341,1.0752,0,2024-11-07 04:00:00
1730966400,1.07522,1.07716,1.07459,1.07589,0,2024-11-07 08:00:00
1730980800,1.0759,1.08247,1.07566,1.0811,0,2024-11-07 12:00:00
1730995200,1.0811,1.08149,1.07669,1.07817,0,2024-11-07 16:00:00
1731009600,1.07819,1.08094,1.078,1.07954,0,2024-11-07 20:00:00
1731024000,1.07954,1.07973,1.07769,1.07781,0,2024-11-08 00:00:00
1731038400,1.07781,1.07863,1.07727,1.07796,0,2024-11-08 04:00:00
1731052800,1.07796,1.07974,1.07609,1.07829,0,2024-11-08 08:00:00
1731067200,1.07831,1.07843,1.07402,1.07483,0,2024-11-08 12:00:00
1731081600,1.07483,1.07502,1.06868,1.07136,0,2024-11-08 16:00:00
1731096000,1.07136,1.07214,1.07103,1.07182,0,2024-11-08 20:00:00
1731268800,1.07093,1.07169,1.07075,1.07132,0,2024-11-10 20:00:00
1731283200,1.07131,1.07277,1.07087,1.07167,0,2024-11-11 00:00:00
1731297600,1.07167,1.07221,1.06858,1.06899,0,2024-11-11 04:00:00
1731312000,1.069,1.06942,1.06557,1.06624,0,2024-11-11 08:00:00
1731326400,1.06628,1.06645,1.06286,1.06473,0,2024-11-11 12:00:00
1731340800,1.06473,1.06573,1.06448,1.06511,0,2024-11-11 16:00:00
1731355200,1.06512,1.06631,1.06512,1.06631,0,2024-11-11 20:00:00
1731369600,1.0663,1.06631,1.0638,1.06382,0,2024-11-12 00:00:00
1731384000,1.06382,1.06457,1.06214,1.0632,0,2024-11-12 04:00:00
1731398400,1.06319,1.06341,1.06111,1.06188,0,2024-11-12 08:00:00
1731412800,1.06188,1.06272,1.06019,1.06089,0,2024-11-12 12:00:00
1731427200,1.0609,1.06185,1.05951,1.06124,0,2024-11-12 16:00:00
1731441600,1.06124,1.06266,1.06094,1.06166,0,2024-11-12 20:00:00
1731456000,1.06166,1.06294,1.06109,1.06191,0,2024-11-13 00:00:00
1731470400,1.0619,1.06225,1.06024,1.0603,0,2024-11-13 04:00:00
1731484800,1.06029,1.0638,1.05933,1.06375,0,2024-11-13 08:00:00
1731499200,1.06375,1.0654,1.05556,1.05886,0,2024-11-13 12:00:00
1731513600,1.05887,1.0592,1.05564,1.05655,0,2024-11-13 16:00:00
1731528000,1.05655,1.05688,1.05577,1.05657,0,2024-11-13 20:00:00
1731542400,1.05656,1.05686,1.05454,1.05477,0,2024-11-14 00:00:00
1731556800,1.05477,1.05546,1.05339,1.0551,0,2024-11-14 04:00:00
1731571200,1.0551,1.05579,1.0496,1.05288,0,2024-11-14 08:00:00
1731585600,1.0529,1.05777,1.05134,1.05748,0,2024-11-14 12:00:00
1731600000,1.05747,1.05825,1.05433,1.05477,0,2024-11-14 16:00:00
1731614400,1.05478,1.05489,1.05119,1.05295,0,2024-11-14 20:00:00
1731628800,1.05295,1.05459,1.05236,1.05402,0,2024-11-15 00:00:00
1731643200,1.05402,1.05639,1.05336,1.05565,0,2024-11-15 04:00:00
1731657600,1.05566,1.05799,1.05523,1.05772,0,2024-11-15 08:00:00
1731672000,1.05771,1.0593,1.05231,1.05352,0,2024-11-15 12:00:00
1731686400,1.05351,1.056,1.0533,1.05371,0,2024-11-15 16:00:00
1731700800,1.05371,1.05404,1.05163,1.05394,0,2024-11-15 20:00:00
1731873600,1.0528,1.05384,1.0528,1.05362,0,2024-11-17 20:00:00
1731888000,1.05362,1.05505,1.05302,1.05341,0,2024-11-18 00:00:00
1731902400,1.0534,1.05482,1.05334,1.05472,0,2024-11-18 04:00:00
1731916800,1.05472,1.05711,1.05325,1.05423,0,2024-11-18 08:00:00
1731931200,1.05424,1.05754,1.05346,1.05736,0,2024-11-18 12:00:00
1731945600,1.05735,1.06071,1.05652,1.05908,0,2024-11-18 16:00:00
1731960000,1.05907,1.06004,1.0589,1.05945,0,2024-11-18 20:00:00
1731974400,1.05945,1.06007,1.05871,1.05967,0,2024-11-19 00:00:00
1731988800,1.05969,1.06007,1.05744,1.05775,0,2024-11-19 04:00:00
1732003200,1.05774,1.0588,1.05233,1.05619,0,2024-11-19 08:00:00
1732017600,1.0562,1.0601,1.05595,1.05866,0,2024-11-19 12:00:00
1732032000,1.05867,1.05952,1.05708,1.05936,0,2024-11-19 16:00:00
1732046400,1.05935,1.0608,1.05859,1.0607,0,2024-11-19 20:00:00
1732060800,1.0607,1.06097,1.05883,1.05897,0,2024-11-20 00:00:00
1732075200,1.05896,1.05954,1.05765,1.05783,0,2024-11-20 04:00:00
1732089600,1.05782,1.0579,1.05421,1.05543,0,2024-11-20 08:00:00
1732104000,1.05545,1.05679,1.05159,1.05214,0,2024-11-20 12:00:00
1732118400,1.05215,1.05423,1.05068,1.05395,0,2024-11-20 16:00:00
1732132800,1.05393,1.05459,1.05362,1.05456,0,2024-11-20 20:00:00
1732147200,1.05457,1.05531,1.05424,1.0553,0,2024-11-21 00:00:00
1732161600,1.05531,1.05548,1.05295,1.05364,0,2024-11-21 04:00:00
1732176000,1.05365,1.05432,1.05138,1.052,0,2024-11-21 08:00:00
1732190400,1.052,1.05447,1.05089,1.05103,0,2024-11-21 12:00:00
1732204800,1.05103,1.05146,1.04622,1.04844,0,2024-11-21 16:00:00
1732219200,1.04843,1.04867,1.04676,1.0469,0,2024-11-21 20:00:00
1732233600,1.04689,1.04782,1.04663,1.0475,0,2024-11-22 00:00:00
1732248000,1.0475,1.04892,1.04615,1.04861,0,2024-11-22 04:00:00
1732262400,1.04861,1.04981,1.03325,1.04165,0,2024-11-22 08:00:00
1732276800,1.04167,1.04346,1.03951,1.04106,0,2024-11-22 12:00:00
1732291200,1.04107,1.04254,1.03919,1.04109,0,2024-11-22 16:00:00
1732305600,1.04108,1.04201,1.0408,1.04193,0,2024-11-22 20:00:00
1732478400,1.04806,1.05013,1.04618,1.04793,0,2024-11-24 20:00:00
1732492800,1.04792,1.049,1.04735,1.04778,0,2024-11-25 00:00:00
1732507200,1.04778,1.04895,1.04498,1.04504,0,2024-11-25 04:00:00
1732521600,1.04505,1.0497,1.0449,1.04793,0,2024-11-25 08:00:00
1732536000,1.04794,1.05303,1.0474,1.04884,0,2024-11-25 12:00:00
1732550400,1.04884,1.05107,1.04667,1.05055,0,2024-11-25 16:00:00
1732564800,1.05052,1.05093,1.04428,1.04437,0,2024-11-25 20:00:00
1732579200,1.04437,1.04801,1.0425,1.04779,0,2024-11-26 00:00:00
1732593600,1.04779,1.04904,1.0472,1.0472,0,2024-11-26 04:00:00
1732608000,1.0472,1.05209,1.047,1.05132,0,2024-11-26 08:00:00
1732622400,1.05132,1.05447,1.04786,1.04796,0,2024-11-26 12:00:00
1732636800,1.04796,1.04862,1.04571,1.04727,0,2024-11-26 16:00:00
1732651200,1.04727,1.0492,1.04717,1.04918,0,2024-11-26 20:00:00
1732665600,1.04918,1.04964,1.04777,1.04829,0,2024-11-27 00:00:00
1732680000,1.04829,1.05052,1.04744,1.04982,0,2024-11-27 04:00:00
1732694400,1.04982,1.05402,1.04961,1.05261,0,2024-11-27 08:00:00
1732708800,1.05261,1.05797,1.05199,1.05706,0,2024-11-27 12:00:00
1732723200,1.05706,1.05876,1.05549,1.05628,0,2024-11-27 16:00:00
1732737600,1.05628,1.05692,1.05593,1.05619,0,2024-11-27 20:00:00
1732752000,1.05619,1.05627,1.05473,1.05522,0,2024-11-28 00:00:00
1732766400,1.05524,1.0558,1.05319,1.05415,0,2024-11-28 04:00:00
1732780800,1.05414,1.05563,1.05275,1.055,0,2024-11-28 08:00:00
1732795200,1.05498,1.0557,1.05302,1.05525,0,2024-11-28 12:00:00
1732809600,1.05524,1.05568,1.05475,1.05566,0,2024-11-28 16:00:00
1732824000,1.05566,1.05621,1.05502,1.056,0,2024-11-28 20:00:00
1732838400,1.05601,1.0576,1.05564,1.05736,0,2024-11-29 00:00:00
1732852800,1.05736,1.05971,1.05652,1.05795,0,2024-11-29 04:00:00
1732867200,1.05794,1.0582,1.05518,1.05625,0,2024-11-29 08:00:00
1732881600,1.05626,1.05684,1.05454,1.05612,0,2024-11-29 12:00:00
1732896000,1.05612,1.058,1.05414,1.05795,0,2024-11-29 16:00:00
1732910400,1.05796,1.05843,1.05747,1.05748,0,2024-11-29 20:00:00
1733083200,1.05711,1.05733,1.05336,1.05439,0,2024-12-01 20:00:00
1733097600,1.05439,1.05463,1.052,1.05235,0,2024-12-02 00:00:00
1733112000,1.05235,1.0537,1.05018,1.05027,0,2024-12-02 04:00:00
1733126400,1.05027,1.05288,1.04959,1.05229,0,2024-12-02 08:00:00
1733140800,1.05229,1.05382,1.0462,1.0469,0,2024-12-02 12:00:00
1733155200,1.04691,1.04989,1.04607,1.04903,0,2024-12-02 16:00:00
1733169600,1.04902,1.05158,1.04887,1.05008,0,2024-12-02 20:00:00
1733184000,1.05008,1.05014,1.04823,1.04903,0,2024-12-03 00:00:00
1733198400,1.04903,1.05115,1.04807,1.0498,0,2024-12-03 04:00:00
1733212800,1.04981,1.05307,1.04972,1.05226,0,2024-12-03 08:00:00
1733227200,1.05225,1.0529,1.0492,1.05166,0,2024-12-03 12:00:00
1733241600,1.05165,1.0535,1.05031,1.05045,0,2024-12-03 16:00:00
1733256000,1.05045,1.05126,1.05028,1.05099,0,2024-12-03 20:00:00
1733270400,1.05098,1.05125,1.04879,1.04936,0,2024-12-04 00:00:00
1733284800,1.04936,1.05289,1.04908,1.0509,0,2024-12-04 04:00:00
1733299200,1.0509,1.05148,1.04825,1.05048,0,2024-12-04 08:00:00
1733313600,1.05047,1.05439,1.04723,1.05294,0,2024-12-04 12:00:00
1733328000,1.05293,1.05425,1.05072,1.05138,0,2024-12-04 16:00:00
1733342400,1.05138,1.05173,1.05049,1.05123,0,2024-12-04 20:00:00
1733356800,1.05124,1.05232,1.05081,1.05229,0,2024-12-05 00:00:00
1733371200,1.05228,1.05386,1.05171,1.05353,0,2024-12-05 04:00:00
1733385600,1.05352,1.05463,1.05213,1.05364,0,2024-12-05 08:00:00
1733400000,1.05364,1.05896,1.05237,1.05722,0,2024-12-05 12:00:00
1733414400,1.05721,1.05886,1.0557,1.05873,0,2024-12-05 16:00:00
1733428800,1.05873,1.05883,1.0581,1.05865,0,2024-12-05 20:00:00
1733443200,1.05864,1.05864,1.05659,1.05759,0,2024-12-06 00:00:00
1733457600,1.05759,1.05845,1.05674,1.05836,0,2024-12-06 04:00:00
1733472000,1.05837,1.0594,1.05713,1.05869,0,2024-12-06 08:00:00
1733486400,1.05869,1.06298,1.05441,1.05633,0,2024-12-06 12:00:00
1733500800,1.05633,1.05754,1.05423,1.05543,0,2024-12-06 16:00:00
1733515200,1.05544,1.05694,1.0554,1.05673,0,2024-12-06 20:00:00
1733688000,1.05544,1.05692,1.05544,1.05656,0,2024-12-08 20:00:00
1733702400,1.05657,1.05659,1.05366,1.05372,0,2024-12-09 00:00:00
1733716800,1.05373,1.05664,1.0532,1.05642,0,2024-12-09 04:00:00
1733731200,1.05641,1.05853,1.05566,1.05688,0,2024-12-09 08:00:00
1733745600,1.05688,1.05928,1.05578,1.05911,0,2024-12-09 12:00:00
1733760000,1.05912,1.05944,1.05516,1.05552,0,2024-12-09 16:00:00
1733774400,1.05552,1.05576,1.05471,1.05541,0,2024-12-09 20:00:00
1733788800,1.05542,1.05614,1.05452,1.05564,0,2024-12-10 00:00:00
1733803200,1.05566,1.0568,1.05469,1.05488,0,2024-12-10 04:00:00
1733817600,1.05487,1.05515,1.0523,1.05312,0,2024-12-10 08:00:00
1733832000,1.05313,1.05337,1.04984,1.05037,0,2024-12-10 12:00:00
1733846400,1.05039,1.05312,1.04997,1.05268,0,2024-12-10 16:00:00
1733860800,1.05267,1.05318,1.05236,1.05311,0,2024-12-10 20:00:00
1733875200,1.05312,1.05393,1.05276,1.05282,0,2024-12-11 00:00:00
1733889600,1.05281,1.05303,1.0488,1.04899,0,2024-12-11 04:00:00
1733904000,1.049,1.05124,1.0487,1.05033,0,2024-12-11 08:00:00
1733918400,1.05033,1.05373,1.04802,1.04906,0,2024-12-11 12:00:00
1733932800,1.04907,1.05119,1.04816,1.04911,0,2024-12-11 16:00:00
1733947200,1.04912,1.05064,1.04882,1.05061,0,2024-12-11 20:00:00
1733961600,1.05059,1.05087,1.05009,1.05053,0,2024-12-12 00:00:00
1733976000,1.05052,1.05308,1.05034,1.05163,0,2024-12-12 04:00:00
1733990400,1.05162,1.05207,1.04942,1.05025,0,2024-12-12 08:00:00
1734004800,1.05025,1.05209,1.04637,1.04728,0,2024-12-12 12:00:00
1734019200,1.04727,1.05174,1.04718,1.04726,0,2024-12-12 16:00:00
1734033600,1.04725,1.04746,1.04641,1.04736,0,2024-12-12 20:00:00
1734048000,1.04736,1.04808,1.04595,1.04602,0,2024-12-13 00:00:00
1734062400,1.04602,1.04661,1.04531,1.04592,0,2024-12-13 04:00:00
1734076800,1.04592,1.04958,1.04562,1.04887,0,2024-12-13 08:00:00
1734091200,1.04887,1.05241,1.04822,1.0489,0,2024-12-13 12:00:00
1734105600,1.0489,1.0506,1.04868,1.04946,0,2024-12-13 16:00:00
1734120000,1.04949,1.05045,1.04927,1.05017,0,2024-12-13 20:00:00
1734292800,1.04854,1.05107,1.04847,1.05096,0,2024-12-15 20:00:00
1734307200,1.05095,1.05228,1.05091,1.05117,0,2024-12-16 00:00:00
1734321600,1.05119,1.05214,1.05043,1.05048,0,2024-12-16 04:00:00
1734336000,1.05048,1.05247,1.04833,1.04906,0,2024-12-16 08:00:00
1734350400,1.04906,1.05127,1.04745,1.05065,0,2024-12-16 12:00:00
1734364800,1.05066,1.05226,1.04951,1.05099,0,2024-12-16 16:00:00
1734379200,1.05099,1.05185,1.05066,1.0517,0,2024-12-16 20:00:00
1734393600,1.0517,1.05343,1.05113,1.05122,0,2024-12-17 00:00:00
1734408000,1.05123,1.05125,1.04956,1.04975,0,2024-12-17 04:00:00
1734422400,1.04974,1.05003,1.0479,1.04913,0,2024-12-17 08:00:00
1734436800,1.04913,1.05115,1.04882,1.04989,0,2024-12-17 12:00:00
1734451200,1.04989,1.05159,1.04879,1.04883,0,2024-12-17 16:00:00
1734465600,1.04883,1.04952,1.04851,1.04944,0,2024-12-17 20:00:00
1734480000,1.04943,1.05037,1.04928,1.0499,0,2024-12-18 00:00:00
1734494400,1.04989,1.05127,1.04935,1.04968,0,2024-12-18 04:00:00
1734508800,1.04967,1.05034,1.04874,1.04966,0,2024-12-18 08:00:00
1734523200,1.04966,1.05032,1.047,1.04738,0,2024-12-18 12:00:00
1734537600,1.04738,1.04924,1.03732,1.03774,0,2024-12-18 16:00:00
1734552000,1.03774,1.03803,1.03439,1.03506,0,2024-12-18 20:00:00
1734566400,1.03506,1.03909,1.03504,1.03782,0,2024-12-19 00:00:00
1734580800,1.03781,1.04094,1.03749,1.03949,0,2024-12-19 04:00:00
1734595200,1.03949,1.04222,1.03904,1.04034,0,2024-12-19 08:00:00
1734609600,1.04035,1.04139,1.03767,1.03799,0,2024-12-19 12:00:00
1734624000,1.03798,1.03843,1.03545,1.03613,0,2024-12-19 16:00:00
1734638400,1.03614,1.03691,1.03586,1.03643,0,2024-12-19 20:00:00
1734652800,1.03644,1.03692,1.03587,1.03618,0,2024-12-20 00:00:00
1734667200,1.03619,1.03853,1.03429,1.03828,0,2024-12-20 04:00:00
1734681600,1.03828,1.03983,1.03759,1.03915,0,2024-12-20 08:00:00
1734696000,1.03916,1.0419,1.0386,1.03967,0,2024-12-20 12:00:00
1734710400,1.03967,1.04474,1.03959,1.04447,0,2024-12-20 16:00:00
1734724800,1.04446,1.04471,1.04219,1.04254,0,2024-12-20 20:00:00
1734897600,1.04308,1.04451,1.04279,1.04336,0,2024-12-22 20:00:00
1734912000,1.04335,1.04431,1.04268,1.04392,0,2024-12-23 00:00:00
1734926400,1.04391,1.04452,1.04112,1.04127,0,2024-12-23 04:00:00
1734940800,1.04126,1.04195,1.03867,1.03999,0,2024-12-23 08:00:00
1734955200,1.03999,1.04084,1.03842,1.03908,0,2024-12-23 12:00:00
1734969600,1.03908,1.04179,1.03893,1.04114,0,2024-12-23 16:00:00
1734984000,1.04113,1.04141,1.0403,1.0404,0,2024-12-23 20:00:00
1734998400,1.04041,1.04086,1.03887,1.03908,0,2024-12-24 00:00:00
1735012800,1.03909,1.03985,1.03903,1.03904,0,2024-12-24 04:00:00
1735027200,1.03906,1.04055,1.03891,1.03947,0,2024-12-24 08:00:00
1735041600,1.03949,1.04098,1.0389,1.03917,0,2024-12-24 12:00:00
1735056000,1.03916,1.03977,1.03835,1.0393,0,2024-12-24 16:00:00
1735070400,1.03934,1.04031,1.0386,1.03952,0,2024-12-24 20:00:00
1735084800,1.03952,1.04106,1.03952,1.0405,0,2024-12-25 00:00:00
1735099200,1.04051,1.04083,1.0397,1.04004,0,2024-12-25 04:00:00
1735156800,1.04012,1.04055,1.03951,1.03991,0,2024-12-25 20:00:00
1735171200,1.0399,1.04042,1.0393,1.04009,0,2024-12-26 00:00:00
1735185600,1.04007,1.04027,1.03905,1.03976,0,2024-12-26 04:00:00
1735200000,1.03975,1.0403,1.03914,1.04012,0,2024-12-26 08:00:00
1735214400,1.04011,1.04151,1.03926,1.04089,0,2024-12-26 12:00:00
1735228800,1.04089,1.04301,1.04063,1.04175,0,2024-12-26 16:00:00
1735243200,1.04175,1.04241,1.04146,1.04216,0,2024-12-26 20:00:00
1735257600,1.04216,1.04237,1.04065,1.04125,0,2024-12-27 00:00:00
1735272000,1.04126,1.04248,1.04049,1.04218,0,2024-12-27 04:00:00
1735286400,1.04217,1.04407,1.0409,1.04386,0,2024-12-27 08:00:00
1735300800,1.04387,1.0444,1.04157,1.04219,0,2024-12-27 12:00:00
1735315200,1.04219,1.04324,1.04144,1.04282,0,2024-12-27 16:00:00
1735329600,1.04283,1.04283,1.04216,1.04225,0,2024-12-27 20:00:00
1735502400,1.04247,1.04346,1.04247,1.04292,0,2024-12-29 20:00:00
1735516800,1.04297,1.04311,1.04208,1.04245,0,2024-12-30 00:00:00
1735531200,1.04245,1.04314,1.04209,1.04267,0,2024-12-30 04:00:00
1735545600,1.04266,1.04521,1.04093,1.04479,0,2024-12-30 08:00:00
1735560000,1.0448,1.04583,1.03717,1.03804,0,2024-12-30 12:00:00
1735574400,1.03803,1.0407,1.03747,1.03965,0,2024-12-30 16:00:00
1735588800,1.03966,1.04071,1.03951,1.04056,0,2024-12-30 20:00:00
1735603200,1.04057,1.04148,1.03969,1.04085,0,2024-12-31 00:00:00
1735617600,1.04084,1.04129,1.03996,1.04118,0,2024-12-31 04:00:00
1735632000,1.0412,1.04243,1.04051,1.04103,0,2024-12-31 08:00:00
1735646400,1.04103,1.04143,1.03525,1.03547,0,2024-12-31 12:00:00
1735660800,1.03548,1.03646,1.0344,1.03547,0,2024-12-31 16:00:00
1735675200,1.03547,1.0363,1.03529,1.03531,0,2024-12-31 20:00:00
1735761600,1.03503,1.03577,1.03462,1.03507,0,2025-01-01 20:00:00
1735776000,1.03508,1.0374,1.03442,1.03715,0,2025-01-02 00:00:00
1735790400,1.03716,1.03756,1.03599,1.03627,0,2025-01-02 04:00:00
1735804800,1.03628,1.03709,1.03135,1.03321,0,2025-01-02 08:00:00
1735819200,1.03321,1.03342,1.02725,1.02741,0,2025-01-02 12:00:00
1735833600,1.0274,1.02762,1.02237,1.0251,0,2025-01-02 16:00:00
1735848000,1.02511,1.02687,1.02506,1.02678,0,2025-01-02 20:00:00
1735862400,1.02679,1.02745,1.02659,1.02707,0,2025-01-03 00:00:00
1735876800,1.02706,1.02847,1.02646,1.02807,0,2025-01-03 04:00:00
1735891200,1.02806,1.03028,1.02729,1.02972,0,2025-01-03 08:00:00
1735905600,1.02971,1.03057,1.02729,1.02891,0,2025-01-03 12:00:00
1735920000,1.02891,1.03059,1.02835,1.03012,0,2025-01-03 16:00:00
1735934400,1.03011,1.03099,1.02987,1.03066,0,2025-01-03 20:00:00
1736107200,1.03015,1.0308,1.02932,1.03051,0,2025-01-05 20:00:00
1736121600,1.03051,1.03182,1.02955,1.03163,0,2025-01-06 00:00:00
1736136000,1.03162,1.03284,1.03076,1.03272,0,2025-01-06 04:00:00
1736150400,1.03274,1.04325,1.03267,1.04217,0,2025-01-06 08:00:00
1736164800,1.04218,1.04367,1.03527,1.03935,0,2025-01-06 12:00:00
1736179200,1.03936,1.04027,1.0377,1.03882,0,2025-01-06 16:00:00
1736193600,1.03883,1.03921,1.03816,1.03831,0,2025-01-06 20:00:00
1736208000,1.03831,1.03929,1.03761,1.03927,0,2025-01-07 00:00:00
1736222400,1.03927,1.04244,1.03905,1.04145,0,2025-01-07 04:00:00
1736236800,1.04147,1.04343,1.04031,1.04133,0,2025-01-07 08:00:00
1736251200,1.04134,1.04168,1.03551,1.03727,0,2025-01-07 12:00:00
1736265600,1.03727,1.03811,1.03493,1.03551,0,2025-01-07 16:00:00
1736280000,1.0355,1.0356,1.03388,1.03415,0,2025-01-07 20:00:00
1736294400,1.03416,1.03547,1.03416,1.03477,0,2025-01-08 00:00:00
1736308800,1.03476,1.03575,1.03285,1.03324,0,2025-01-08 04:00:00
1736323200,1.03324,1.03397,1.02731,1.02976,0,2025-01-08 08:00:00
1736337600,1.02975,1.03098,1.02808,1.03016,0,2025-01-08 12:00:00
1736352000,1.03017,1.03242,1.02944,1.0309,0,2025-01-08 16:00:00
1736366400,1.03091,1.03196,1.03079,1.03132,0,2025-01-08 20:00:00
1736380800,1.03133,1.03214,1.03049,1.0311,0,2025-01-09 00:00:00
1736395200,1.03109,1.03125,1.02877,1.02909,0,2025-01-09 04:00:00
1736409600,1.0291,1.03175,1.02836,1.03011,0,2025-01-09 08:00:00
1736424000,1.03011,1.0319,1.02947,1.02992,0,2025-01-09 12:00:00
1736438400,1.02993,1.03024,1.0291,1.02979,0,2025-01-09 16:00:00
1736452800,1.0298,1.03035,1.02956,1.02964,0,2025-01-09 20:00:00
1736467200,1.02965,1.03044,1.0292,1.02985,0,2025-01-10 00:00:00
1736481600,1.02983,1.02998,1.02811,1.0297,0,2025-01-10 04:00:00
1736496000,1.02971,1.03118,1.02927,1.03016,0,2025-01-10 08:00:00
1736510400,1.03016,1.03118,1.02127,1.02503,0,2025-01-10 12:00:00
1736524800,1.02503,1.02511,1.02275,1.02454,0,2025-01-10 16:00:00
1736539200,1.02454,1.02488,1.0237,1.024,0,2025-01-10 20:00:00
1736712000,1.02357,1.02468,1.02357,1.02429,0,2025-01-12 20:00:00
1736726400,1.0243,1.02499,1.02128,1.02153,0,2025-01-13 00:00:00
1736740800,1.02154,1.02248,1.02074,1.02152,0,2025-01-13 04:00:00
1736755200,1.02151,1.02312,1.01772,1.01958,0,2025-01-13 08:00:00
1736769600,1.01958,1.02207,1.01878,1.01968,0,2025-01-13 12:00:00
1736784000,1.01969,1.02213,1.01916,1.02071,0,2025-01-13 16:00:00
1736798400,1.02071,1.02774,1.02069,1.02639,0,2025-01-13 20:00:00
1736812800,1.02637,1.02637,1.02384,1.02486,0,2025-01-14 00:00:00
1736827200,1.02485,1.0266,1.02422,1.02543,0,2025-01-14 04:00:00
1736841600,1.02544,1.02748,1.02519,1.0254,0,2025-01-14 08:00:00
1736856000,1.0254,1.02958,1.02394,1.02949,0,2025-01-14 12:00:00
1736870400,1.02948,1.03054,1.0279,1.02981,0,2025-01-14 16:00:00
1736884800,1.02981,1.03086,1.02965,1.03062,0,2025-01-14 20:00:00
1736899200,1.03061,1.03061,1.02953,1.03019,0,2025-01-15 00:00:00
1736913600,1.03019,1.03081,1.02866,1.03058,0,2025-01-15 04:00:00
1736928000,1.03058,1.03171,1.02942,1.03011,0,2025-01-15 08:00:00
1736942400,1.0301,1.03544,1.02934,1.03061,0,2025-01-15 12:00:00
1736956800,1.0306,1.03077,1.0259,1.02932,0,2025-01-15 16:00:00
1736971200,1.02931,1.02988,1.0288,1.0295,0,2025-01-15 20:00:00
1736985600,1.0295,1.02998,1.02845,1.02888,0,2025-01-16 00:00:00
1737000000,1.02888,1.03014,1.02809,1.02975,0,2025-01-16 04:00:00
1737014400,1.02976,1.02999,1.02816,1.02901,0,2025-01-16 08:00:00
1737028800,1.029,1.03056,1.02604,1.03008,0,2025-01-16 12:00:00
1737043200,1.03009,1.03149,1.02861,1.03019,0,2025-01-16 16:00:00
1737057600,1.03017,1.03042,1.02966,1.03014,0,2025-01-16 20:00:00
1737072000,1.03012,1.03093,1.02979,1.03005,0,2025-01-17 00:00:00
1737086400,1.03005,1.03009,1.02776,1.02844,0,2025-01-17 04:00:00
1737100800,1.02844,1.031,1.02844,1.03045,0,2025-01-17 08:00:00
1737115200,1.03045,1.03306,1.02652,1.02989,0,2025-01-17 12:00:00
1737129600,1.02988,1.03003,1.02727,1.02761,0,2025-01-17 16:00:00
1737144000,1.02762,1.02815,1.02681,1.0271,0,2025-01-17 20:00:00
1737316800,1.02792,1.02812,1.02663,1.02804,0,2025-01-19 20:00:00
1737331200,1.02805,1.03064,1.02782,1.03062,0,2025-01-20 00:00:00
1737345600,1.03063,1.03188,1.02994,1.03167,0,2025-01-20 04:00:00
1737360000,1.03167,1.03263,1.0305,1.0326,0,2025-01-20 08:00:00
1737374400,1.03261,1.043,1.03077,1.04003,0,2025-01-20 12:00:00
1737388800,1.04005,1.0423,1.03534,1.04207,0,2025-01-20 16:00:00
1737403200,1.04206,1.04342,1.04097,1.04208,0,2025-01-20 20:00:00
1737417600,1.04209,1.04343,1.03528,1.03874,0,2025-01-21 00:00:00
1737432000,1.03874,1.03989,1.03651,1.03734,0,2025-01-21 04:00:00
1737446400,1.03734,1.03734,1.0342,1.03533,0,2025-01-21 08:00:00
1737460800,1.03532,1.04104,1.03456,1.04006,0,2025-01-21 12:00:00
1737475200,1.04005,1.04353,1.03984,1.04179,0,2025-01-21 16:00:00
1737489600,1.04178,1.04334,1.03921,1.04057,0,2025-01-21 20:00:00
1737504000,1.04057,1.04245,1.04057,1.04119,0,2025-01-22 00:00:00
1737518400,1.04119,1.04213,1.03998,1.04117,0,2025-01-22 04:00:00
1737532800,1.04117,1.04573,1.04095,1.04427,0,2025-01-22 08:00:00
1737547200,1.04426,1.04457,1.04141,1.04199,0,2025-01-22 12:00:00
1737561600,1.04198,1.04227,1.04117,1.04201,0,2025-01-22 16:00:00
1737576000,1.042,1.04228,1.04052,1.04077,0,2025-01-22 20:00:00
1737590400,1.04076,1.04158,1.03967,1.04088,0,2025-01-23 00:00:00
1737604800,1.04086,1.04127,1.03899,1.04,0,2025-01-23 04:00:00
1737619200,1.03999,1.04203,1.03902,1.04031,0,2025-01-23 08:00:00
1737633600,1.04032,1.04179,1.03869,1.03972,0,2025-01-23 12:00:00
1737648000,1.03973,1.04378,1.03719,1.04227,0,2025-01-23 16:00:00
1737662400,1.04227,1.04289,1.04126,1.04156,0,2025-01-23 20:00:00
1737676800,1.04155,1.04537,1.04115,1.0446,0,2025-01-24 00:00:00
1737691200,1.04459,1.04708,1.04434,1.04608,0,2025-01-24 04:00:00
1737705600,1.04608,1.0515,1.04577,1.04859,0,2025-01-24 08:00:00
1737720000,1.04858,1.05206,1.04636,1.05162,0,2025-01-24 12:00:00
1737734400,1.05162,1.05213,1.0492,1.04952,0,2025-01-24 16:00:00
1737748800,1.04952,1.04972,1.04881,1.04919,0,2025-01-24 20:00:00
1737921600,1.04763,1.04851,1.04651,1.04673,0,2025-01-26 20:00:00
1737936000,1.04673,1.04787,1.04588,1.04684,0,2025-01-27 00:00:00
1737950400,1.04685,1.04711,1.04539,1.0457,0,2025-01-27 04:00:00
1737964800,1.04568,1.0518,1.04543,1.05129,0,2025-01-27 08:00:00
1737979200,1.05129,1.0533,1.04938,1.04989,0,2025-01-27 12:00:00
1737993600,1.04989,1.05076,1.04791,1.04925,0,2025-01-27 16:00:00
1738008000,1.04926,1.04942,1.04283,1.04369,0,2025-01-27 20:00:00
1738022400,1.04369,1.04564,1.04244,1.04292,0,2025-01-28 00:00:00
1738036800,1.04291,1.04442,1.04254,1.04341,0,2025-01-28 04:00:00
1738051200,1.04341,1.04441,1.04194,1.04232,0,2025-01-28 08:00:00
1738065600,1.04235,1.04409,1.04137,1.0424,0,2025-01-28 12:00:00
1738080000,1.04241,1.04381,1.04224,1.04348,0,2025-01-28 16:00:00
1738094400,1.04349,1.04354,1.04237,1.04271,0,2025-01-28 20:00:00
1738108800,1.04272,1.0439,1.04256,1.04372,0,2025-01-29 00:00:00
1738123200,1.04373,1.04434,1.04131,1.04158,0,2025-01-29 04:00:00
1738137600,1.04168,1.04303,1.03947,1.04014,0,2025-01-29 08:00:00
1738152000,1.04014,1.0427,1.03822,1.04193,0,2025-01-29 12:00:00
1738166400,1.04193,1.04288,1.03883,1.0416,0,2025-01-29 16:00:00
1738180800,1.04157,1.04271,1.04048,1.04245,0,2025-01-29 20:00:00
1738195200,1.04244,1.04288,1.04188,1.04252,0,2025-01-30 00:00:00
1738209600,1.04251,1.04276,1.04093,1.04236,0,2025-01-30 04:00:00
1738224000,1.04237,1.04288,1.03911,1.03917,0,2025-01-30 08:00:00
1738238400,1.03917,1.04677,1.03901,1.04311,0,2025-01-30 12:00:00
1738252800,1.04313,1.04346,1.04093,1.0428,0,2025-01-30 16:00:00
1738267200,1.04281,1.04322,1.0385,1.03966,0,2025-01-30 20:00:00
1738281600,1.03968,1.04022,1.03768,1.03848,0,2025-01-31 00:00:00
1738296000,1.03848,1.04125,1.03826,1.0404,0,2025-01-31 04:00:00
1738310400,1.04039,1.04066,1.03652,1.03757,0,2025-01-31 08:00:00
1738324800,1.03758,1.04006,1.03601,1.03962,0,2025-01-31 12:00:00
1738339200,1.03964,1.0434,1.03614,1.03763,0,2025-01-31 16:00:00
1738353600,1.03763,1.0387,1.03496,1.03602,0,2025-01-31 20:00:00
1738526400,1.02327,1.02698,1.02324,1.02467,0,2025-02-02 20:00:00
1738540800,1.02467,1.02671,1.02103,1.02211,0,2025-02-03 00:00:00
1738555200,1.02211,1.02515,1.02203,1.02247,0,2025-02-03 04:00:00
1738569600,1.02248,1.02557,1.02126,1.02522,0,2025-02-03 08:00:00
1738584000,1.02521,1.03351,1.02434,1.03161,0,2025-02-03 12:00:00
1738598400,1.03162,1.03212,1.02699,1.02851,0,2025-02-03 16:00:00
1738612800,1.02844,1.03503,1.02826,1.03279,0,2025-02-03 20:00:00
1738627200,1.03279,1.03309,1.03083,1.03146,0,2025-02-04 00:00:00
1738641600,1.03148,1.03171,1.02721,1.0311,0,2025-02-04 04:00:00
1738656000,1.03111,1.03494,1.03087,1.03221,0,2025-02-04 08:00:00
1738670400,1.0322,1.03857,1.03201,1.03799,0,2025-02-04 12:00:00
1738684800,1.038,1.03872,1.03656,1.03816,0,2025-02-04 16:00:00
1738699200,1.03817,1.03874,1.03707,1.03712,0,2025-02-04 20:00:00
1738713600,1.03712,1.03864,1.03696,1.03794,0,2025-02-05 00:00:00
1738728000,1.03795,1.04096,1.03732,1.04025,0,2025-02-05 04:00:00
1738742400,1.04024,1.04304,1.03899,1.04147,0,2025-02-05 08:00:00
1738756800,1.04144,1.04424,1.04013,1.04221,0,2025-02-05 12:00:00
1738771200,1.0422,1.04245,1.04044,1.04069,0,2025-02-05 16:00:00
1738785600,1.04068,1.04069,1.03959,1.03985,0,2025-02-05 20:00:00
1738800000,1.03985,1.04053,1.03895,1.03918,0,2025-02-06 00:00:00
1738814400,1.03918,1.03937,1.03779,1.03799,0,2025-02-06 04:00:00
1738828800,1.03798,1.03808,1.03557,1.03617,0,2025-02-06 08:00:00
1738843200,1.03619,1.03762,1.03523,1.03692,0,2025-02-06 12:00:00
1738857600,1.03692,1.03964,1.03657,1.03845,0,2025-02-06 16:00:00
1738872000,1.03844,1.03906,1.03815,1.0385,0,2025-02-06 20:00:00
1738886400,1.03849,1.03909,1.03741,1.03796,0,2025-02-07 00:00:00
1738900800,1.03796,1.03899,1.03724,1.03891,0,2025-02-07 04:00:00
1738915200,1.0389,1.03997,1.03773,1.03822,0,2025-02-07 08:00:00
1738929600,1.03822,1.04124,1.03271,1.03551,0,2025-02-07 12:00:00
1738944000,1.0355,1.03608,1.03049,1.03322,0,2025-02-07 16:00:00
1738958400,1.03322,1.03381,1.03214,1.0326,0,2025-02-07 20:00:00
1739131200,1.02918,1.03134,1.02839,1.03095,0,2025-02-09 20:00:00
1739145600,1.03096,1.03183,1.02985,1.03114,0,2025-02-10 00:00:00
1739160000,1.03114,1.03253,1.03098,1.03128,0,2025-02-10 04:00:00
1739174400,1.03129,1.03363,1.03064,1.03205,0,2025-02-10 08:00:00
1739188800,1.03205,1.03262,1.03041,1.0315,0,2025-02-10 12:00:00
1739203200,1.0315,1.03181,1.03043,1.03066,0,2025-02-10 16:00:00
1739217600,1.03067,1.03089,1.02982,1.03005,0,2025-02-10 20:00:00
1739232000,1.03006,1.03065,1.02919,1.02981,0,2025-02-11 00:00:00
1739246400,1.02979,1.03103,1.02974,1.0303,0,2025-02-11 04:00:00
1739260800,1.0303,1.03251,1.02998,1.03218,0,2025-02-11 08:00:00
1739275200,1.03216,1.03432,1.03164,1.03398,0,2025-02-11 12:00:00
1739289600,1.03397,1.03813,1.03388,1.03578,0,2025-02-11 16:00:00
1739304000,1.0358,1.03674,1.03574,1.0363,0,2025-02-11 20:00:00
1739318400,1.03638,1.03677,1.03537,1.03621,0,2025-02-12 00:00:00
1739332800,1.03619,1.03791,1.03547,1.03757,0,2025-02-12 04:00:00
1739347200,1.03758,1.03856,1.03646,1.0375,0,2025-02-12 08:00:00
1739361600,1.0375,1.03825,1.03168,1.03743,0,2025-02-12 12:00:00
1739376000,1.03743,1.04298,1.03501,1.0391,0,2025-02-12 16:00:00
1739390400,1.03908,1.03973,1.03804,1.0392,0,2025-02-12 20:00:00
1739404800,1.0392,1.04217,1.03871,1.04189,0,2025-02-13 00:00:00
1739419200,1.04189,1.04398,1.04186,1.04253,0,2025-02-13 04:00:00
1739433600,1.04256,1.04289,1.03924,1.04029,0,2025-02-13 08:00:00
1739448000,1.04029,1.0438,1.03756,1.04332,0,2025-02-13 12:00:00
1739462400,1.04332,1.04451,1.03727,1.0437,0,2025-02-13 16:00:00
1739476800,1.0437,1.04685,1.04353,1.04614,0,2025-02-13 20:00:00
1739491200,1.04614,1.04668,1.04536,1.04586,0,2025-02-14 00:00:00
1739505600,1.04587,1.0472,1.0447,1.04645,0,2025-02-14 04:00:00
1739520000,1.04645,1.04875,1.04628,1.04674,0,2025-02-14 08:00:00
1739534400,1.04674,1.0514,1.04567,1.05083,0,2025-02-14 12:00:00
1739548800,1.05081,1.051,1.0494,1.04984,0,2025-02-14 16:00:00
1739563200,1.04981,1.04981,1.04882,1.04913,0,2025-02-14 20:00:00
1739736000,1.04858,1.04938,1.04847,1.04883,0,2025-02-16 20:00:00
1739750400,1.04886,1.05062,1.04853,1.04945,0,2025-02-17 00:00:00
1739764800,1.04944,1.04981,1.04803,1.04824,0,2025-02-17 04:00:00
1739779200,1.04825,1.04891,1.04708,1.04818,0,2025-02-17 08:00:00
1739793600,1.04819,1.04848,1.04667,1.04796,0,2025-02-17 12:00:00
1739808000,1.04796,1.04847,1.04767,1.04815,0,2025-02-17 16:00:00
1739822400,1.04815,1.04856,1.04698,1.04848,0,2025-02-17 20:00:00
1739836800,1.04847,1.04862,1.04619,1.0463,0,2025-02-18 00:00:00
1739851200,1.04628,1.04691,1.04521,1.04635,0,2025-02-18 04:00:00
1739865600,1.04634,1.04691,1.04547,1.04626,0,2025-02-18 08:00:00
1739880000,1.04628,1.04669,1.04414,1.04662,0,2025-02-18 12:00:00
1739894400,1.04662,1.04692,1.0435,1.04451,0,2025-02-18 16:00:00
1739908800,1.04449,1.04517,1.0441,1.04479,0,2025-02-18 20:00:00
1739923200,1.0448,1.04521,1.04409,1.0451,0,2025-02-19 00:00:00
1739937600,1.0451,1.04613,1.0448,1.04511,0,2025-02-19 04:00:00
1739952000,1.04514,1.0456,1.04188,1.04244,0,2025-02-19 08:00:00
1739966400,1.04243,1.04412,1.04215,1.0424,0,2025-02-19 12:00:00
1739980800,1.04239,1.04324,1.04009,1.04256,0,2025-02-19 16:00:00
1739995200,1.04255,1.04264,1.04163,1.04206,0,2025-02-19 20:00:00
1740009600,1.04205,1.04375,1.04185,1.04311,0,2025-02-20 00:00:00
1740024000,1.04309,1.04343,1.04233,1.04313,0,2025-02-20 04:00:00
1740038400,1.04313,1.04461,1.04284,1.04383,0,2025-02-20 08:00:00
1740052800,1.04384,1.04752,1.04331,1.04739,0,2025-02-20 12:00:00
1740067200,1.04736,1.05031,1.0464,1.05014,0,2025-02-20 16:00:00
1740081600,1.05015,1.05054,1.04951,1.05001,0,2025-02-20 20:00:00
1740096000,1.04999,1.05045,1.04843,1.05023,0,2025-02-21 00:00:00
1740110400,1.05023,1.05047,1.04876,1.04919,0,2025-02-21 04:00:00
1740124800,1.0492,1.04939,1.04629,1.0469,0,2025-02-21 08:00:00
1740139200,1.0469,1.04923,1.04525,1.04539,0,2025-02-21 12:00:00
1740153600,1.04538,1.04678,1.04492,1.0462,0,2025-02-21 16:00:00
1740168000,1.04619,1.04643,1.0455,1.0457,0,2025-02-21 20:00:00
1740340800,1.04706,1.04846,1.04618,1.04736,0,2025-02-23 20:00:00
1740355200,1.04738,1.05282,1.04716,1.05192,0,2025-02-24 00:00:00
1740369600,1.05194,1.05206,1.04865,1.04909,0,2025-02-24 04:00:00
1740384000,1.04912,1.04925,1.04637,1.04683,0,2025-02-24 08:00:00
1740398400,1.04683,1.04753,1.04527,1.04689,0,2025-02-24 12:00:00
1740412800,1.04688,1.04856,1.04655,1.04749,0,2025-02-24 16:00:00
1740427200,1.0475,1.04792,1.04602,1.04611,0,2025-02-24 20:00:00
1740441600,1.04611,1.04761,1.04596,1.0473,0,2025-02-25 00:00:00
1740456000,1.04731,1.04799,1.04633,1.0464,0,2025-02-25 04:00:00
1740470400,1.04642,1.04896,1.0456,1.04891,0,2025-02-25 08:00:00
1740484800,1.04893,1.05191,1.04882,1.04984,0,2025-02-25 12:00:00
1740499200,1.04983,1.05179,1.04837,1.05104,0,2025-02-25 16:00:00
1740513600,1.05103,1.05227,1.0509,1.05204,0,2025-02-25 20:00:00
1740528000,1.05205,1.0525,1.05011,1.05043,0,2025-02-26 00:00:00
1740542400,1.05043,1.05054,1.04868,1.04938,0,2025-02-26 04:00:00
1740556800,1.04938,1.05113,1.04865,1.04914,0,2025-02-26 08:00:00
1740571200,1.04914,1.0509,1.04747,1.05058,0,2025-02-26 12:00:00
1740585600,1.05061,1.05287,1.04819,1.04908,0,2025-02-26 16:00:00
1740600000,1.04908,1.04922,1.04782,1.04876,0,2025-02-26 20:00:00
1740614400,1.04877,1.04878,1.04647,1.04656,0,2025-02-27 00:00:00
1740628800,1.04656,1.048,1.04589,1.0475,0,2025-02-27 04:00:00
1740643200,1.04752,1.04871,1.04702,1.04757,0,2025-02-27 08:00:00
1740657600,1.04756,1.04893,1.04093,1.04148,0,2025-02-27 12:00:00
1740672000,1.04149,1.04179,1.04001,1.04042,0,2025-02-27 16:00:00
1740686400,1.04043,1.04082,1.03882,1.03936,0,2025-02-27 20:00:00
1740700800,1.03936,1.04042,1.03802,1.03882,0,2025-02-28 00:00:00
1740715200,1.03882,1.04005,1.03825,1.03959,0,2025-02-28 04:00:00
1740729600,1.03959,1.04078,1.03922,1.03986,0,2025-02-28 08:00:00
1740744000,1.03985,1.04198,1.03932,1.03998,0,2025-02-28 12:00:00
1740758400,1.03998,1.04114,1.03597,1.03677,0,2025-02-28 16:00:00
1740772800,1.03676,1.03769,1.0362,1.03747,0,2025-02-28 20:00:00
1740945600,1.04032,1.04208,1.03992,1.04119,0,2025-03-02 20:00:00
1740960000,1.04119,1.04231,1.04021,1.04168,0,2025-03-03 00:00:00
1740974400,1.04167,1.04203,1.04018,1.04054,0,2025-03-03 04:00:00
1740988800,1.04053,1.04579,1.03883,1.04524,0,2025-03-03 08:00:00
1741003200,1.04525,1.05036,1.04525,1.04845,0,2025-03-03 12:00:00
1741017600,1.04844,1.05032,1.04721,1.04728,0,2025-03-03 16:00:00
1741032000,1.04727,1.04925,1.04665,1.04851,0,2025-03-03 20:00:00
1741046400,1.04851,1.04959,1.04747,1.04771,0,2025-03-04 00:00:00
1741060800,1.0477,1.05003,1.04708,1.04927,0,2025-03-04 04:00:00
1741075200,1.04928,1.05443,1.04861,1.05439,0,2025-03-04 08:00:00
1741089600,1.0544,1.05596,1.04962,1.05263,0,2025-03-04 12:00:00
1741104000,1.0526,1.06019,1.05151,1.06006,0,2025-03-04 16:00:00
1741118400,1.06005,1.06369,1.06004,1.0623,0,2025-03-04 20:00:00
1741132800,1.0623,1.06274,1.06018,1.0618,0,2025-03-05 00:00:00
1741147200,1.06181,1.06763,1.06152,1.06745,0,2025-03-05 04:00:00
1741161600,1.06743,1.0722,1.06585,1.06787,0,2025-03-05 08:00:00
1741176000,1.06787,1.07769,1.06784,1.07649,0,2025-03-05 12:00:00
1741190400,1.07651,1.07907,1.0761,1.079,0,2025-03-05 16:00:00
1741204800,1.079,1.07965,1.07853,1.07941,0,2025-03-05 20:00:00
1741219200,1.07942,1.082,1.07871,1.07893,0,2025-03-06 00:00:00
1741233600,1.07894,1.08221,1.0784,1.07989,0,2025-03-06 04:00:00
1741248000,1.07989,1.08167,1.07802,1.0799,0,2025-03-06 08:00:00
1741262400,1.0799,1.08534,1.0788,1.0817,0,2025-03-06 12:00:00
1741276800,1.08172,1.08381,1.07655,1.08014,0,2025-03-06 16:00:00
1741291200,1.08013,1.08032,1.07748,1.07871,0,2025-03-06 20:00:00
1741305600,1.07872,1.08146,1.0781,1.08057,0,2025-03-07 00:00:00
1741320000,1.08055,1.08406,1.08027,1.08295,0,2025-03-07 04:00:00
1741334400,1.08298,1.08714,1.08259,1.08492,0,2025-03-07 08:00:00
1741348800,1.08491,1.08884,1.08352,1.08699,0,2025-03-07 12:00:00
1741363200,1.08699,1.08725,1.08254,1.08425,0,2025-03-07 16:00:00
1741377600,1.08424,1.08511,1.08292,1.08292,0,2025-03-07 20:00:00
1741550400,1.08312,1.08653,1.08269,1.086,0,2025-03-09 20:00:00
1741564800,1.08602,1.08711,1.08301,1.08314,0,2025-03-10 00:00:00
1741579200,1.08313,1.08446,1.08107,1.08224,0,2025-03-10 04:00:00
1741593600,1.08227,1.08744,1.08051,1.08505,0,2025-03-10 08:00:00
1741608000,1.08505,1.08599,1.08206,1.08369,0,2025-03-10 12:00:00
1741622400,1.08368,1.08456,1.08175,1.08315,0,2025-03-10 16:00:00
1741636800,1.08316,1.08432,1.08254,1.0839,0,2025-03-10 20:00:00
1741651200,1.0839,1.08604,1.08389,1.08542,0,2025-03-11 00:00:00
1741665600,1.0854,1.09014,1.08354,1.08906,0,2025-03-11 04:00:00
1741680000,1.08906,1.09207,1.0881,1.09044,0,2025-03-11 08:00:00
1741694400,1.09044,1.09306,1.08949,1.0927,0,2025-03-11 12:00:00
1741708800,1.09269,1.09471,1.09177,1.09196,0,2025-03-11 16:00:00
1741723200,1.09199,1.09209,1.09068,1.09136,0,2025-03-11 20:00:00
1741737600,1.09137,1.09157,1.08959,1.0897,0,2025-03-12 00:00:00
1741752000,1.0897,1.09086,1.08872,1.09013,0,2025-03-12 04:00:00
1741766400,1.09012,1.09263,1.08975,1.09007,0,2025-03-12 08:00:00
1741780800,1.09007,1.09314,1.08755,1.09241,0,2025-03-12 12:00:00
1741795200,1.09242,1.09277,1.08795,1.089,0,2025-03-12 16:00:00
1741809600,1.08901,1.08934,1.08831,1.08852,0,2025-03-12 20:00:00
1741824000,1.08852,1.0897,1.08823,1.08849,0,2025-03-13 00:00:00
1741838400,1.08848,1.08933,1.08596,1.08652,0,2025-03-13 04:00:00
1741852800,1.08654,1.08852,1.08451,1.0856,0,2025-03-13 08:00:00
1741867200,1.08559,1.08773,1.08222,1.08585,0,2025-03-13 12:00:00
1741881600,1.08584,1.08781,1.08475,1.08482,0,2025-03-13 16:00:00
1741896000,1.08482,1.08556,1.0844,1.08548,0,2025-03-13 20:00:00
1741910400,1.08543,1.08583,1.08341,1.08454,0,2025-03-14 00:00:00
1741924800,1.08452,1.08513,1.08304,1.08388,0,2025-03-14 04:00:00
1741939200,1.0839,1.09125,1.08351,1.08964,0,2025-03-14 08:00:00
1741953600,1.08963,1.09112,1.08652,1.08715,0,2025-03-14 12:00:00
1741968000,1.08716,1.08898,1.08703,1.08829,0,2025-03-14 16:00:00
1741982400,1.08828,1.08855,1.08742,1.08765,0,2025-03-14 20:00:00
1742155200,1.08766,1.0885,1.08744,1.08792,0,2025-03-16 20:00:00
1742169600,1.08794,1.08901,1.08741,1.08833,0,2025-03-17 00:00:00
1742184000,1.08831,1.08936,1.08685,1.0876,0,2025-03-17 04:00:00
1742198400,1.08762,1.09119,1.08703,1.09019,0,2025-03-17 08:00:00
1742212800,1.09019,1.09297,1.0887,1.09214,0,2025-03-17 12:00:00
1742227200,1.09214,1.09264,1.09114,1.09204,0,2025-03-17 16:00:00
1742241600,1.09208,1.09276,1.09125,1.0918,0,2025-03-17 20:00:00
1742256000,1.0918,1.09209,1.09062,1.09081,0,2025-03-18 00:00:00
1742270400,1.09082,1.09366,1.09033,1.09349,0,2025-03-18 04:00:00
1742284800,1.09351,1.09545,1.0914,1.09162,0,2025-03-18 08:00:00
1742299200,1.09162,1.09341,1.08924,1.09264,0,2025-03-18 12:00:00
1742313600,1.09264,1.09517,1.09234,1.09461,0,2025-03-18 16:00:00
1742328000,1.09461,1.09485,1.09375,1.09385,0,2025-03-18 20:00:00
1742342400,1.09386,1.09449,1.09316,1.09381,0,2025-03-19 00:00:00
1742356800,1.09378,1.09378,1.08731,1.08924,0,2025-03-19 04:00:00
1742371200,1.08928,1.09129,1.08912,1.09082,0,2025-03-19 08:00:00
1742385600,1.09085,1.09174,1.08753,1.08766,0,2025-03-19 12:00:00
1742400000,1.08769,1.0913,1.08603,1.08986,0,2025-03-19 16:00:00
1742414400,1.08986,1.09129,1.08955,1.09115,0,2025-03-19 20:00:00
1742428800,1.09116,1.09171,1.09034,1.09096,0,2025-03-20 00:00:00
1742443200,1.09095,1.09104,1.08647,1.08791,0,2025-03-20 04:00:00
1742457600,1.08795,1.08857,1.08332,1.08493,0,2025-03-20 08:00:00
1742472000,1.08494,1.08559,1.08145,1.08472,0,2025-03-20 12:00:00
1742486400,1.0847,1.08541,1.08389,1.08529,0,2025-03-20 16:00:00
1742500800,1.08529,1.08589,1.084,1.08532,0,2025-03-20 20:00:00
1742515200,1.08535,1.08586,1.08331,1.08345,0,2025-03-21 00:00:00
1742529600,1.08345,1.08416,1.08197,1.08386,0,2025-03-21 04:00:00
1742544000,1.08386,1.08512,1.08239,1.08506,0,2025-03-21 08:00:00
1742558400,1.08505,1.08611,1.0797,1.08062,0,2025-03-21 12:00:00
1742572800,1.0806,1.08266,1.08042,1.08175,0,2025-03-21 16:00:00
1742587200,1.08174,1.08174,1.08115,1.08121,0,2025-03-21 20:00:00
1742760000,1.0813,1.08367,1.08115,1.08358,0,2025-03-23 20:00:00
1742774400,1.08358,1.08398,1.08199,1.08202,0,2025-03-24 00:00:00
1742788800,1.08201,1.08499,1.08169,1.08379,0,2025-03-24 04:00:00
1742803200,1.08381,1.08579,1.08283,1.08323,0,2025-03-24 08:00:00
1742817600,1.08323,1.08344,1.07903,1.07936,0,2025-03-24 12:00:00
1742832000,1.07939,1.0813,1.07813,1.08021,0,2025-03-24 16:00:00
1742846400,1.0802,1.0806,1.07946,1.08022,0,2025-03-24 20:00:00
1742860800,1.08022,1.08084,1.0794,1.08029,0,2025-03-25 00:00:00
1742875200,1.08031,1.08087,1.07849,1.07871,0,2025-03-25 04:00:00
1742889600,1.07873,1.08275,1.07767,1.08176,0,2025-03-25 08:00:00
1742904000,1.08178,1.083,1.0797,1.0803,0,2025-03-25 12:00:00
1742918400,1.0803,1.08167,1.07906,1.07952,0,2025-03-25 16:00:00
1742932800,1.07951,1.07956,1.07852,1.07888,0,2025-03-25 20:00:00
1742947200,1.07889,1.0797,1.07777,1.07857,0,2025-03-26 00:00:00
1742961600,1.07858,1.07913,1.07777,1.0786,0,2025-03-26 04:00:00
1742976000,1.07859,1.08025,1.07851,1.07922,0,2025-03-26 08:00:00
1742990400,1.07922,1.07951,1.07673,1.07807,0,2025-03-26 12:00:00
1743004800,1.07807,1.07915,1.07437,1.07512,0,2025-03-26 16:00:00
1743019200,1.07512,1.07565,1.07328,1.07409,0,2025-03-26 20:00:00
1743033600,1.07411,1.07798,1.07407,1.0778,0,2025-03-27 00:00:00
1743048000,1.07782,1.07869,1.0754,1.07644,0,2025-03-27 04:00:00
1743062400,1.07646,1.07995,1.07554,1.07868,0,2025-03-27 08:00:00
1743076800,1.07868,1.0821,1.07762,1.07995,0,2025-03-27 12:00:00
1743091200,1.07995,1.08085,1.07881,1.07947,0,2025-03-27 16:00:00
1743105600,1.07945,1.0802,1.07936,1.08006,0,2025-03-27 20:00:00
1743120000,1.08005,1.08005,1.07879,1.07917,0,2025-03-28 00:00:00
1743134400,1.07917,1.07998,1.07815,1.0787,0,2025-03-28 04:00:00
1743148800,1.07867,1.07964,1.07644,1.07716,0,2025-03-28 08:00:00
1743163200,1.07717,1.08447,1.07651,1.08248,0,2025-03-28 12:00:00
1743177600,1.08249,1.0833,1.0812,1.08255,0,2025-03-28 16:00:00
1743192000,1.08254,1.08359,1.08237,1.08237,0,2025-03-28 20:00:00
1743364800,1.08228,1.0828,1.08049,1.08205,0,2025-03-30 20:00:00
1743379200,1.08235,1.08458,1.0823,1.08404,0,2025-03-31 00:00:00
1743393600,1.08404,1.08447,1.08247,1.08371,0,2025-03-31 04:00:00
1743408000,1.08371,1.08492,1.08054,1.08182,0,2025-03-31 08:00:00
1743422400,1.08183,1.08291,1.07838,1.0802,0,2025-03-31 12:00:00
1743436800,1.08018,1.08177,1.07852,1.08145,0,2025-03-31 16:00:00
1743451200,1.08146,1.08197,1.08093,1.08179,0,2025-03-31 20:00:00
1743465600,1.08179,1.08281,1.08137,1.08239,0,2025-04-01 00:00:00
1743480000,1.0824,1.08299,1.07986,1.0808,0,2025-04-01 04:00:00
1743494400,1.08079,1.08291,1.079,1.0798,0,2025-04-01 08:00:00
1743508800,1.07979,1.08122,1.07782,1.08073,0,2025-04-01 12:00:00
1743523200,1.08074,1.08122,1.07851,1.07869,0,2025-04-01 16:00:00
1743537600,1.07871,1.08079,1.0785,1.07986,0,2025-04-01 20:00:00
1743552000,1.07988,1.08017,1.07869,1.07942,0,2025-04-02 00:00:00
1743566400,1.07944,1.07997,1.0786,1.07925,0,2025-04-02 04:00:00
1743580800,1.07925,1.08081,1.078,1.07946,0,2025-04-02 08:00:00
1743595200,1.07946,1.08614,1.07909,1.08582,0,2025-04-02 12:00:00
1743609600,1.08583,1.0873,1.08468,1.08538,0,2025-04-02 16:00:00
1743624000,1.08538,1.09242,1.08047,1.08384,0,2025-04-02 20:00:00
1743638400,1.08386,1.09244,1.08373,1.09122,0,2025-04-03 00:00:00
1743652800,1.09122,1.09898,1.09053,1.09892,0,2025-04-03 04:00:00
1743667200,1.09895,1.11462,1.09426,1.10524,0,2025-04-03 08:00:00
1743681600,1.10526,1.11349,1.10386,1.11182,0,2025-04-03 12:00:00
1743696000,1.11183,1.1119,1.10178,1.10372,0,2025-04-03 16:00:00
1743710400,1.1037,1.10714,1.10157,1.10639,0,2025-04-03 20:00:00
1743724800,1.10639,1.10794,1.10364,1.10631,0,2025-04-04 00:00:00
1743739200,1.10633,1.11076,1.10497,1.10505,0,2025-04-04 04:00:00
1743753600,1.10504,1.10669,1.09642,1.10305,0,2025-04-04 08:00:00
1743768000,1.10303,1.10898,1.09599,1.09859,0,2025-04-04 12:00:00
1743782400,1.09861,1.10196,1.09242,1.09443,0,2025-04-04 16:00:00
1743796800,1.09442,1.0966,1.09272,1.09573,0,2025-04-04 20:00:00
1743969600,1.08894,1.09943,1.08792,1.09821,0,2025-04-06 20:00:00
1743984000,1.09822,1.10006,1.09198,1.09347,0,2025-04-07 00:00:00
1743998400,1.09348,1.10229,1.09297,1.10027,0,2025-04-07 04:00:00
1744012800,1.10026,1.10498,1.09498,1.09587,0,2025-04-07 08:00:00
1744027200,1.09587,1.09912,1.09167,1.09219,0,2025-04-07 12:00:00
1744041600,1.0922,1.09524,1.09007,1.09334,0,2025-04-07 16:00:00
1744056000,1.09334,1.09478,1.09013,1.09166,0,2025-04-07 20:00:00
1744070400,1.09164,1.09802,1.09074,1.09709,0,2025-04-08 00:00:00
1744084800,1.0971,1.09916,1.09538,1.09765,0,2025-04-08 04:00:00
1744099200,1.09769,1.09803,1.0911,1.09273,0,2025-04-08 08:00:00
1744113600,1.09271,1.09684,1.08886,1.09099,0,2025-04-08 12:00:00
1744128000,1.091,1.09693,1.08956,1.0952,0,2025-04-08 16:00:00
1744142400,1.09518,1.09778,1.09388,1.09677,0,2025-04-08 20:00:00
1744156800,1.09678,1.10397,1.09662,1.10196,0,2025-04-09 00:00:00
1744171200,1.10197,1.10897,1.10125,1.10734,0,2025-04-09 04:00:00
1744185600,1.10727,1.10795,1.09976,1.1033,0,2025-04-09 08:00:00
1744200000,1.10329,1.10948,1.10213,1.10404,0,2025-04-09 12:00:00
1744214400,1.10404,1.10691,1.09132,1.09636,0,2025-04-09 16:00:00
1744228800,1.09637,1.09765,1.09285,1.09599,0,2025-04-09 20:00:00
1744243200,1.09601,1.09875,1.09427,1.09715,0,2025-04-10 00:00:00
1744257600,1.09716,1.09954,1.09624,1.09829,0,2025-04-10 04:00:00
1744272000,1.0983,1.10808,1.09672,1.10796,0,2025-04-10 08:00:00
1744286400,1.10794,1.11863,1.10669,1.11852,0,2025-04-10 12:00:00
1744300800,1.11854,1.12414,1.11534,1.12153,0,2025-04-10 16:00:00
1744315200,1.12153,1.12346,1.11584,1.1234,0,2025-04-10 20:00:00
1744329600,1.12346,1.13852,1.1213,1.13022,0,2025-04-11 00:00:00
1744344000,1.13021,1.13541,1.12466,1.12868,0,2025-04-11 04:00:00
1744358400,1.12864,1.14736,1.12839,1.13365,0,2025-04-11 08:00:00
1744372800,1.13364,1.14121,1.13231,1.13401,0,2025-04-11 12:00:00
1744387200,1.13401,1.13497,1.12763,1.13123,0,2025-04-11 16:00:00
1744401600,1.13124,1.13617,1.1309,1.13554,0,2025-04-11 20:00:00
1744574400,1.13108,1.13546,1.13108,1.13338,0,2025-04-13 20:00:00
1744588800,1.13339,1.14087,1.13236,1.13719,0,2025-04-14 00:00:00
1744603200,1.1372,1.14236,1.13526,1.14165,0,2025-04-14 04:00:00
1744617600,1.14166,1.14244,1.13714,1.13871,0,2025-04-14 08:00:00
1744632000,1.13871,1.14057,1.12956,1.13674,0,2025-04-14 12:00:00
1744646400,1.13673,1.13816,1.13282,1.13542,0,2025-04-14 16:00:00
1744660800,1.1354,1.13695,1.13423,1.13534,0,2025-04-14 20:00:00
1744675200,1.13533,1.1354,1.13157,1.13493,0,2025-04-15 00:00:00
1744689600,1.13492,1.13677,1.13277,1.13318,0,2025-04-15 04:00:00
1744704000,1.1332,1.13789,1.13203,1.13441,0,2025-04-15 08:00:00
1744718400,1.1344,1.13441,1.12853,1.13288,0,2025-04-15 12:00:00
1744732800,1.13288,1.13289,1.12639,1.12733,0,2025-04-15 16:00:00
1744747200,1.12732,1.1299,1.12714,1.12953,0,2025-04-15 20:00:00
1744761600,1.12954,1.13317,1.12831,1.13275,0,2025-04-16 00:00:00
1744776000,1.13281,1.13853,1.13243,1.13605,0,2025-04-16 04:00:00
1744790400,1.13605,1.1392,1.13379,1.13579,0,2025-04-16 08:00:00
1744804800,1.13575,1.13841,1.13403,1.13837,0,2025-04-16 12:00:00
1744819200,1.13837,1.13898,1.1357,1.13863,0,2025-04-16 16:00:00
1744833600,1.13861,1.14127,1.13816,1.13991,0,2025-04-16 20:00:00
1744848000,1.13991,1.1409,1.13551,1.1378,0,2025-04-17 00:00:00
1744862400,1.13781,1.13806,1.13433,1.13586,0,2025-04-17 04:00:00
1744876800,1.13587,1.13884,1.13528,1.13595,0,2025-04-17 08:00:00
1744891200,1.13598,1.13855,1.13349,1.13494,0,2025-04-17 12:00:00
1744905600,1.13493,1.13765,1.13399,1.13733,0,2025-04-17 16:00:00
1744920000,1.13732,1.13765,1.1358,1.13665,0,2025-04-17 20:00:00
1744934400,1.13665,1.13853,1.13637,1.13724,0,2025-04-18 00:00:00
1744948800,1.13724,1.13763,1.13614,1.13615,0,2025-04-18 04:00:00
1744963200,1.13615,1.13756,1.13578,1.13741,0,2025-04-18 08:00:00
1744977600,1.13741,1.13972,1.13715,1.1396,0,2025-04-18 12:00:00
1744992000,1.1396,1.13963,1.13868,1.13939,0,2025-04-18 16:00:00
1745006400,1.13936,1.13965,1.13898,1.13901,0,2025-04-18 20:00:00
1745179200,1.13946,1.14381,1.13925,1.14323,0,2025-04-20 20:00:00
1745193600,1.14326,1.15319,1.14324,1.15045,0,2025-04-21 00:00:00
1745208000,1.15043,1.15344,1.14987,1.15155,0,2025-04-21 04:00:00
1745222400,1.15154,1.15729,1.15093,1.15233,0,2025-04-21 08:00:00
1745236800,1.15233,1.15498,1.14896,1.14975,0,2025-04-21 12:00:00
1745251200,1.14977,1.15252,1.14815,1.1522,0,2025-04-21 16:00:00
1745265600,1.1522,1.15267,1.15043,1.15228,0,2025-04-21 20:00:00
1745280000,1.15233,1.15235,1.14818,1.15203,0,2025-04-22 00:00:00
1745294400,1.15203,1.1547,1.14959,1.15006,0,2025-04-22 04:00:00
1745308800,1.15007,1.15151,1.14831,1.14883,0,2025-04-22 08:00:00
1745323200,1.14882,1.15006,1.14558,1.1478,0,2025-04-22 12:00:00
1745337600,1.14779,1.14855,1.14226,1.14268,0,2025-04-22 16:00:00
1745352000,1.14269,1.14339,1.13077,1.13368,0,2025-04-22 20:00:00
1745366400,1.13372,1.14152,1.1329,1.14045,0,2025-04-23 00:00:00
1745380800,1.14044,1.14049,1.13705,1.13848,0,2025-04-23 04:00:00
1745395200,1.13849,1.14399,1.13784,1.14018,0,2025-04-23 08:00:00
1745409600,1.14018,1.14195,1.13277,1.1353,0,2025-04-23 12:00:00
1745424000,1.13532,1.13831,1.13151,1.13236,0,2025-04-23 16:00:00
1745438400,1.13233,1.13468,1.13102,1.13319,0,2025-04-23 20:00:00
1745452800,1.13318,1.13574,1.13212,1.1355,0,2025-04-24 00:00:00
1745467200,1.13551,1.13558,1.13304,1.1352,0,2025-04-24 04:00:00
1745481600,1.1352,1.13944,1.13515,1.13791,0,2025-04-24 08:00:00
1745496000,1.1379,1.13902,1.13577,1.13726,0,2025-04-24 12:00:00
1745510400,1.13725,1.13855,1.13475,1.13777,0,2025-04-24 16:00:00
1745524800,1.13778,1.13975,1.13774,1.1386,0,2025-04-24 20:00:00
1745539200,1.13865,1.13879,1.1341,1.13479,0,2025-04-25 00:00:00
1745553600,1.13478,1.13593,1.13155,1.13416,0,2025-04-25 04:00:00
1745568000,1.13416,1.1368,1.13339,1.13558,0,2025-04-25 08:00:00
1745582400,1.13559,1.13805,1.13327,1.13683,0,2025-04-25 12:00:00
1745596800,1.13684,1.13885,1.13577,1.13794,0,2025-04-25 16:00:00
1745611200,1.13794,1.13809,1.13568,1.13628,0,2025-04-25 20:00:00
1745784000,1.13636,1.13644,1.13398,1.13498,0,2025-04-27 20:00:00
1745798400,1.13498,1.13664,1.1341,1.13532,0,2025-04-28 00:00:00
1745812800,1.13531,1.13805,1.13292,1.13315,0,2025-04-28 04:00:00
1745827200,1.13314,1.13617,1.13307,1.13504,0,2025-04-28 08:00:00
1745841600,1.13505,1.14137,1.13393,1.13784,0,2025-04-28 12:00:00
1745856000,1.13784,1.14221,1.13708,1.14132,0,2025-04-28 16:00:00
1745870400,1.14134,1.14248,1.14117,1.14124,0,2025-04-28 20:00:00
1745884800,1.14128,1.14217,1.13872,1.1398,0,2025-04-29 00:00:00
1745899200,1.13982,1.13998,1.13738,1.13893,0,2025-04-29 04:00:00
1745913600,1.13899,1.1412,1.13729,1.13776,0,2025-04-29 08:00:00
1745928000,1.13777,1.14173,1.137,1.13827,0,2025-04-29 12:00:00
1745942400,1.13829,1.14186,1.13758,1.13822,0,2025-04-29 16:00:00
1745956800,1.1382,1.13955,1.13759,1.13914,0,2025-04-29 20:00:00
1745971200,1.13921,1.13951,1.13547,1.13702,0,2025-04-30 00:00:00
1745985600,1.13704,1.13994,1.13657,1.13898,0,2025-04-30 04:00:00
1746000000,1.13897,1.13903,1.13599,1.13618,0,2025-04-30 08:00:00
1746014400,1.13617,1.13884,1.13497,1.13668,0,2025-04-30 12:00:00
1746028800,1.13668,1.13749,1.1323,1.13487,0,2025-04-30 16:00:00
1746043200,1.13486,1.13533,1.1317,1.13252,0,2025-04-30 20:00:00
1746057600,1.13254,1.13291,1.13027,1.1315,0,2025-05-01 00:00:00
1746072000,1.1315,1.13184,1.12878,1.13023,0,2025-05-01 04:00:00
1746086400,1.13022,1.1334,1.12874,1.1332,0,2025-05-01 08:00:00
1746100800,1.13321,1.13409,1.12702,1.12815,0,2025-05-01 12:00:00
1746115200,1.12815,1.12933,1.12657,1.12853,0,2025-05-01 16:00:00
1746129600,1.12853,1.12988,1.12809,1.12946,0,2025-05-01 20:00:00
1746144000,1.12948,1.13033,1.1274,1.12939,0,2025-05-02 00:00:00
1746158400,1.12938,1.1329,1.12938,1.13257,0,2025-05-02 04:00:00
1746172800,1.13257,1.1355,1.13159,1.13309,0,2025-05-02 08:00:00
1746187200,1.13307,1.13808,1.1304,1.13682,0,2025-05-02 12:00:00
1746201600,1.13683,1.13683,1.12922,1.12995,0,2025-05-02 16:00:00
1746216000,1.12994,1.13087,1.12934,1.12946,0,2025-05-02 20:00:00
1746388800,1.12987,1.13145,1.12905,1.13054,0,2025-05-04 20:00:00
1746403200,1.13058,1.13466,1.13017,1.1342,0,2025-05-05 00:00:00
1746417600,1.13422,1.13473,1.13178,1.1326,0,2025-05-05 04:00:00
1746432000,1.13259,1.13453,1.13111,1.13444,0,2025-05-05 08:00:00
1746446400,1.13441,1.13646,1.13304,1.13382,0,2025-05-05 12:00:00
1746460800,1.13382,1.13409,1.12969,1.13129,0,2025-05-05 16:00:00
1746475200,1.13129,1.13208,1.13105,1.13141,0,2025-05-05 20:00:00
1746489600,1.13142,1.13161,1.12797,1.1307,0,2025-05-06 00:00:00
1746504000,1.13071,1.13352,1.13032,1.13259,0,2025-05-06 04:00:00
1746518400,1.13259,1.13494,1.13051,1.13256,0,2025-05-06 08:00:00
1746532800,1.13255,1.13694,1.13167,1.1341,0,2025-05-06 12:00:00
1746547200,1.1341,1.13721,1.13306,1.13713,0,2025-05-06 16:00:00
1746561600,1.13712,1.13808,1.13258,1.13423,0,2025-05-06 20:00:00
1746576000,1.13423,1.13514,1.13248,1.13406,0,2025-05-07 00:00:00
1746590400,1.13409,1.1378,1.13363,1.13737,0,2025-05-07 04:00:00
1746604800,1.13737,1.13737,1.13469,1.13655,0,2025-05-07 08:00:00
1746619200,1.13658,1.13727,1.13527,1.13671,0,2025-05-07 12:00:00
1746633600,1.13668,1.13695,1.132,1.13336,0,2025-05-07 16:00:00
1746648000,1.13338,1.13344,1.12917,1.13008,0,2025-05-07 20:00:00
1746662400,1.1301,1.13352,1.1301,1.13225,0,2025-05-08 00:00:00
1746676800,1.13227,1.13361,1.12766,1.12821,0,2025-05-08 04:00:00
1746691200,1.12823,1.13029,1.12701,1.1287,0,2025-05-08 08:00:00
1746705600,1.12871,1.13202,1.12758,1.1278,0,2025-05-08 12:00:00
1746720000,1.12783,1.12895,1.12123,1.12245,0,2025-05-08 16:00:00
1746734400,1.12243,1.12328,1.12118,1.12315,0,2025-05-08 20:00:00
1746748800,1.12317,1.12332,1.11964,1.1218,0,2025-05-09 00:00:00
1746763200,1.1218,1.12474,1.12179,1.124,0,2025-05-09 04:00:00
1746777600,1.12399,1.12596,1.12368,1.12454,0,2025-05-09 08:00:00
1746792000,1.12452,1.12928,1.12435,1.12675,0,2025-05-09 12:00:00
1746806400,1.12675,1.12752,1.12526,1.12589,0,2025-05-09 16:00:00
1746820800,1.12588,1.12599,1.12456,1.1246,0,2025-05-09 20:00:00
1746993600,1.119,1.12312,1.119,1.1225,0,2025-05-11 20:00:00
1747008000,1.12249,1.12426,1.12223,1.12282,0,2025-05-12 00:00:00
1747022400,1.12281,1.12355,1.12136,1.12179,0,2025-05-12 04:00:00
1747036800,1.12179,1.1219,1.10718,1.10794,0,2025-05-12 08:00:00
1747051200,1.10794,1.11346,1.10768,1.11114,0,2025-05-12 12:00:00
1747065600,1.11114,1.11237,1.10651,1.10892,0,2025-05-12 16:00:00
1747080000,1.10891,1.10965,1.10822,1.10933,0,2025-05-12 20:00:00
1747094400,1.10939,1.11112,1.10892,1.11024,0,2025-05-13 00:00:00
1747108800,1.11025,1.11195,1.10988,1.11113,0,2025-05-13 04:00:00
1747123200,1.11111,1.11242,1.10968,1.11045,0,2025-05-13 08:00:00
1747137600,1.11045,1.11641,1.1103,1.11612,0,2025-05-13 12:00:00
1747152000,1.11614,1.11859,1.11567,1.11847,0,2025-05-13 16:00:00
1747166400,1.11849,1.11971,1.11813,1.1197,0,2025-05-13 20:00:00
1747180800,1.11969,1.11976,1.1182,1.11885,0,2025-05-14 00:00:00
1747195200,1.11886,1.12006,1.11798,1.11879,0,2025-05-14 04:00:00
1747209600,1.11879,1.12655,1.11814,1.12308,0,2025-05-14 08:00:00
1747224000,1.12306,1.12352,1.12025,1.12119,0,2025-05-14 12:00:00
1747238400,1.12118,1.12147,1.11719,1.11781,0,2025-05-14 16:00:00
1747252800,1.1178,1.11841,1.11645,1.11824,0,2025-05-14 20:00:00
1747267200,1.11827,1.11994,1.11758,1.11945,0,2025-05-15 00:00:00
1747281600,1.11944,1.12279,1.11853,1.12269,0,2025-05-15 04:00:00
1747296000,1.1227,1.12278,1.11913,1.12002,0,2025-05-15 08:00:00
1747310400,1.12001,1.12236,1.11756,1.1186,0,2025-05-15 12:00:00
1747324800,1.1186,1.11969,1.117,1.11767,0,2025-05-15 16:00:00
1747339200,1.11769,1.11928,1.11724,1.11915,0,2025-05-15 20:00:00
1747353600,1.11916,1.12086,1.11893,1.1202,0,2025-05-16 00:00:00
1747368000,1.12018,1.12195,1.11961,1.12121,0,2025-05-16 04:00:00
1747382400,1.1212,1.12169,1.11878,1.11996,0,2025-05-16 08:00:00
1747396800,1.11995,1.12078,1.11514,1.11544,0,2025-05-16 12:00:00
1747411200,1.11544,1.11585,1.11308,1.11523,0,2025-05-16 16:00:00
1747425600,1.11524,1.11657,1.11446,1.11612,0,2025-05-16 20:00:00
1747598400,1.11749,1.11938,1.11711,1.11901,0,2025-05-18 20:00:00
1747612800,1.11899,1.11988,1.11721,1.1182,0,2025-05-19 00:00:00
1747627200,1.11821,1.12123,1.11761,1.12091,0,2025-05-19 04:00:00
1747641600,1.12091,1.12879,1.12055,1.12781,0,2025-05-19 08:00:00
1747656000,1.12782,1.12799,1.12413,1.12534,0,2025-05-19 12:00:00
1747670400,1.12536,1.12596,1.12239,1.12347,0,2025-05-19 16:00:00
1747684800,1.12347,1.12447,1.12327,1.12351,0,2025-05-19 20:00:00
1747699200,1.12352,1.12512,1.12178,1.12319,0,2025-05-20 00:00:00
1747713600,1.12316,1.12622,1.12291,1.12574,0,2025-05-20 04:00:00
1747728000,1.12573,1.12778,1.12429,1.12443,0,2025-05-20 08:00:00
1747742400,1.12446,1.12692,1.12235,1.12684,0,2025-05-20 12:00:00
1747756800,1.12684,1.12801,1.1245,1.12723,0,2025-05-20 16:00:00
1747771200,1.12724,1.1287,1.12718,1.12809,0,2025-05-20 20:00:00
1747785600,1.12808,1.13259,1.12804,1.13219,0,2025-05-21 00:00:00
1747800000,1.13218,1.1353,1.13187,1.13326,0,2025-05-21 04:00:00
1747814400,1.13324,1.1362,1.13121,1.13386,0,2025-05-21 08:00:00
1747828800,1.13385,1.13543,1.13172,1.13406,0,2025-05-21 12:00:00
1747843200,1.13407,1.13628,1.13315,1.1333,0,2025-05-21 16:00:00
1747857600,1.1333,1.13391,1.1315,1.1315,0,2025-05-21 20:00:00
1747872000,1.13149,1.13448,1.13107,1.13385,0,2025-05-22 00:00:00
1747886400,1.13387,1.13419,1.13173,1.13225,0,2025-05-22 04:00:00
1747900800,1.13224,1.13347,1.12902,1.1292,0,2025-05-22 08:00:00
1747915200,1.12921,1.13148,1.12749,1.12773,0,2025-05-22 12:00:00
1747929600,1.12774,1.12883,1.12558,1.12779,0,2025-05-22 16:00:00
1747944000,1.12781,1.12871,1.12768,1.12861,0,2025-05-22 20:00:00
1747958400,1.12862,1.13186,1.12787,1.13148,0,2025-05-23 00:00:00
1747972800,1.13146,1.13266,1.13077,1.13119,0,2025-05-23 04:00:00
1747987200,1.13121,1.13576,1.13094,1.13486,0,2025-05-23 08:00:00
1748001600,1.13488,1.13754,1.12973,1.13449,0,2025-05-23 12:00:00
1748016000,1.13447,1.13691,1.13315,1.13592,0,2025-05-23 16:00:00
1748030400,1.13593,1.13681,1.13552,1.13592,0,2025-05-23 20:00:00
1748203200,1.13617,1.13793,1.13585,1.13738,0,2025-05-25 20:00:00
1748217600,1.13741,1.14185,1.13696,1.14094,0,2025-05-26 00:00:00
1748232000,1.14095,1.14183,1.14004,1.1409,0,2025-05-26 04:00:00
1748246400,1.14087,1.14121,1.13757,1.1384,0,2025-05-26 08:00:00
1748260800,1.13841,1.13868,1.13688,1.1384,0,2025-05-26 12:00:00
1748275200,1.1384,1.13854,1.13757,1.13806,0,2025-05-26 16:00:00
1748289600,1.13807,1.13946,1.13786,1.139,0,2025-05-26 20:00:00
1748304000,1.13898,1.14071,1.13868,1.13924,0,2025-05-27 00:00:00
1748318400,1.13924,1.14009,1.13639,1.1365,0,2025-05-27 04:00:00
1748332800,1.1365,1.13709,1.1337,1.13437,0,2025-05-27 08:00:00
1748347200,1.13436,1.13753,1.1338,1.13411,0,2025-05-27 12:00:00
1748361600,1.13411,1.13412,1.1323,1.1337,0,2025-05-27 16:00:00
1748376000,1.13369,1.13386,1.13242,1.13362,0,2025-05-27 20:00:00
1748390400,1.13362,1.13454,1.13005,1.13052,0,2025-05-28 00:00:00
1748404800,1.13053,1.13167,1.12953,1.13044,0,2025-05-28 04:00:00
1748419200,1.13043,1.13406,1.13029,1.13257,0,2025-05-28 08:00:00
1748433600,1.13256,1.13286,1.12969,1.13021,0,2025-05-28 12:00:00
1748448000,1.13022,1.13086,1.12837,1.12934,0,2025-05-28 16:00:00
1748462400,1.12933,1.12969,1.12875,1.12912,0,2025-05-28 20:00:00
1748476800,1.12916,1.12919,1.12103,1.12457,0,2025-05-29 00:00:00
1748491200,1.12456,1.12737,1.12309,1.12711,0,2025-05-29 04:00:00
1748505600,1.12711,1.12911,1.12619,1.12863,0,2025-05-29 08:00:00
1748520000,1.12862,1.13692,1.12679,1.13499,0,2025-05-29 12:00:00
1748534400,1.13499,1.13843,1.13486,1.13749,0,2025-05-29 16:00:00
1748548800,1.13748,1.13781,1.13606,1.13706,0,2025-05-29 20:00:00
1748563200,1.13711,1.13897,1.13482,1.13492,0,2025-05-30 00:00:00
1748577600,1.1349,1.13568,1.1336,1.13463,0,2025-05-30 04:00:00
1748592000,1.13462,1.13478,1.13231,1.13273,0,2025-05-30 08:00:00
1748606400,1.13274,1.13584,1.13123,1.1352,0,2025-05-30 12:00:00
1748620800,1.13521,1.13669,1.13433,1.13585,0,2025-05-30 16:00:00
1748635200,1.13584,1.13604,1.13447,1.13453,0,2025-05-30 20:00:00
1748808000,1.13439,1.13572,1.13435,1.13547,0,2025-06-01 20:00:00
1748822400,1.13551,1.13819,1.13506,1.13642,0,2025-06-02 00:00:00
1748836800,1.13641,1.14067,1.13541,1.14012,0,2025-06-02 04:00:00
1748851200,1.14011,1.14368,1.13985,1.14151,0,2025-06-02 08:00:00
1748865600,1.14152,1.14498,1.14042,1.14347,0,2025-06-02 12:00:00
1748880000,1.14347,1.14424,1.14116,1.14414,0,2025-06-02 16:00:00
1748894400,1.14414,1.14463,1.14335,1.14447,0,2025-06-02 20:00:00
1748908800,1.14448,1.14544,1.14186,1.14255,0,2025-06-03 00:00:00
1748923200,1.14253,1.14312,1.14119,1.14286,0,2025-06-03 04:00:00
1748937600,1.14285,1.14322,1.13962,1.13976,0,2025-06-03 08:00:00
1748952000,1.13977,1.13991,1.13639,1.13918,0,2025-06-03 12:00:00
1748966400,1.13916,1.1393,1.13674,1.13746,0,2025-06-03 16:00:00
1748980800,1.13746,1.13765,1.13675,1.1374,0,2025-06-03 20:00:00
1748995200,1.13741,1.13931,1.13714,1.13759,0,2025-06-04 00:00:00
1749009600,1.13757,1.13808,1.13568,1.13777,0,2025-06-04 04:00:00
1749024000,1.13777,1.14039,1.13747,1.13819,0,2025-06-04 08:00:00
1749038400,1.13819,1.14344,1.13769,1.14326,0,2025-06-04 12:00:00
1749052800,1.14325,1.14343,1.14168,1.14203,0,2025-06-04 16:00:00
1749067200,1.14202,1.14228,1.14101,1.14196,0,2025-06-04 20:00:00
1749081600,1.14197,1.14347,1.14102,1.14176,0,2025-06-05 00:00:00
1749096000,1.14176,1.14225,1.14045,1.14089,0,2025-06-05 04:00:00
1749110400,1.1409,1.14326,1.14068,1.1424,0,2025-06-05 08:00:00
1749124800,1.14242,1.14948,1.14129,1.14578,0,2025-06-05 12:00:00
1749139200,1.14577,1.14589,1.1431,1.1442,0,2025-06-05 16:00:00
1749153600,1.14419,1.14517,1.14336,1.14514,0,2025-06-05 20:00:00
1749168000,1.14515,1.14572,1.14328,1.14376,0,2025-06-06 00:00:00
1749182400,1.14375,1.14437,1.14245,1.14354,0,2025-06-06 04:00:00
1749196800,1.14353,1.14367,1.14108,1.14226,0,2025-06-06 08:00:00
1749211200,1.14227,1.14312,1.13715,1.13893,0,2025-06-06 12:00:00
1749225600,1.13893,1.14022,1.1381,1.13969,0,2025-06-06 16:00:00
1749240000,1.1397,1.14019,1.13907,1.13935,0,2025-06-06 20:00:00
1749412800,1.13952,1.14067,1.13903,1.14063,0,2025-06-08 20:00:00
1749427200,1.14065,1.14253,1.13927,1.14171,0,2025-06-09 00:00:00
1749441600,1.14169,1.14295,1.14108,1.14271,0,2025-06-09 04:00:00
1749456000,1.1427,1.14391,1.14159,1.14194,0,2025-06-09 08:00:00
1749470400,1.14193,1.1423,1.13864,1.14078,0,2025-06-09 12:00:00
1749484800,1.14079,1.14307,1.14076,1.14278,0,2025-06-09 16:00:00
1749499200,1.14277,1.14292,1.14171,1.14228,0,2025-06-09 20:00:00
1749513600,1.14226,1.14355,1.13859,1.13989,0,2025-06-10 00:00:00
1749528000,1.13988,1.14146,1.13913,1.13944,0,2025-06-10 04:00:00
1749542400,1.13944,1.1425,1.13729,1.14235,0,2025-06-10 08:00:00
1749556800,1.14234,1.14475,1.14192,1.14257,0,2025-06-10 12:00:00
1749571200,1.14257,1.14287,1.14156,1.14201,0,2025-06-10 16:00:00
1749585600,1.14201,1.14364,1.14189,1.14283,0,2025-06-10 20:00:00
1749600000,1.14284,1.14393,1.14061,1.14152,0,2025-06-11 00:00:00
1749614400,1.14152,1.14233,1.1407,1.14098,0,2025-06-11 04:00:00
1749628800,1.14101,1.14457,1.14052,1.14382,0,2025-06-11 08:00:00
1749643200,1.14383,1.14893,1.14264,1.14816,0,2025-06-11 12:00:00
1749657600,1.14816,1.14994,1.14745,1.14862,0,2025-06-11 16:00:00
1749672000,1.1486,1.15084,1.14792,1.15055,0,2025-06-11 20:00:00
1749686400,1.15057,1.15291,1.15017,1.15112,0,2025-06-12 00:00:00
1749700800,1.15111,1.15326,1.15103,1.15222,0,2025-06-12 04:00:00
1749715200,1.15223,1.16105,1.15056,1.15929,0,2025-06-12 08:00:00
1749729600,1.15928,1.16311,1.15788,1.15819,0,2025-06-12 12:00:00
1749744000,1.15818,1.15849,1.15636,1.15775,0,2025-06-12 16:00:00
1749758400,1.15777,1.15926,1.15746,1.15895,0,2025-06-12 20:00:00
1749772800,1.15898,1.16143,1.15369,1.15449,0,2025-06-13 00:00:00
1749787200,1.15448,1.15462,1.15117,1.15419,0,2025-06-13 04:00:00
1749801600,1.15418,1.15603,1.1489,1.15046,0,2025-06-13 08:00:00
1749816000,1.15047,1.15462,1.14907,1.15444,0,2025-06-13 12:00:00
1749830400,1.15442,1.15694,1.15334,1.15412,0,2025-06-13 16:00:00
1749844800,1.15408,1.15529,1.15366,1.15457,0,2025-06-13 20:00:00
1750017600,1.15309,1.15469,1.15256,1.15404,0,2025-06-15 20:00:00
1750032000,1.15405,1.15463,1.15261,1.15303,0,2025-06-16 00:00:00
1750046400,1.15302,1.15758,1.15238,1.15734,0,2025-06-16 04:00:00
1750060800,1.15735,1.15865,1.15669,1.15751,0,2025-06-16 08:00:00
1750075200,1.15751,1.16147,1.15696,1.15911,0,2025-06-16 12:00:00
1750089600,1.15914,1.15949,1.15723,1.15796,0,2025-06-16 16:00:00
1750104000,1.15795,1.15797,1.15532,1.15556,0,2025-06-16 20:00:00
1750118400,1.15556,1.15618,1.15423,1.15586,0,2025-06-17 00:00:00
1750132800,1.15583,1.15723,1.15523,1.15622,0,2025-06-17 04:00:00
1750147200,1.1562,1.15686,1.15453,1.1568,0,2025-06-17 08:00:00
1750161600,1.15674,1.15796,1.15105,1.15265,0,2025-06-17 12:00:00
1750176000,1.15267,1.15391,1.14749,1.14795,0,2025-06-17 16:00:00
1750190400,1.14792,1.14886,1.14743,1.14745,0,2025-06-17 20:00:00
1750204800,1.1475,1.15011,1.14749,1.14975,0,2025-06-18 00:00:00
1750219200,1.14975,1.15151,1.14959,1.15102,0,2025-06-18 04:00:00
1750233600,1.15104,1.15234,1.14917,1.14935,0,2025-06-18 08:00:00
1750248000,1.14933,1.1523,1.1484,1.15072,0,2025-06-18 12:00:00
1750262400,1.15073,1.153,1.14737,1.14749,0,2025-06-18 16:00:00
1750276800,1.1475,1.14887,1.14608,1.148,0,2025-06-18 20:00:00
1750291200,1.14802,1.14835,1.14502,1.1455,0,2025-06-19 00:00:00
1750305600,1.1455,1.14692,1.14461,1.14666,0,2025-06-19 04:00:00
1750320000,1.14667,1.14797,1.14564,1.14733,0,2025-06-19 08:00:00
1750334400,1.14735,1.14874,1.14617,1.14684,0,2025-06-19 12:00:00
1750348800,1.14685,1.14868,1.14545,1.14848,0,2025-06-19 16:00:00
1750363200,1.14849,1.15001,1.14841,1.14972,0,2025-06-19 20:00:00
1750377600,1.14978,1.15238,1.14966,1.15179,0,2025-06-20 00:00:00
1750392000,1.1518,1.15323,1.15138,1.15164,0,2025-06-20 04:00:00
1750406400,1.15165,1.15349,1.15099,1.1524,0,2025-06-20 08:00:00
1750420800,1.1524,1.15267,1.1495,1.15135,0,2025-06-20 12:00:00
1750435200,1.15136,1.15439,1.1511,1.15286,0,2025-06-20 16:00:00
1750449600,1.15285,1.15316,1.15137,1.15189,0,2025-06-20 20:00:00
1750622400,1.14602,1.14943,1.14544,1.14885,0,2025-06-22 20:00:00
1750636800,1.14892,1.15073,1.1472,1.14994,0,2025-06-23 00:00:00
1750651200,1.14996,1.15211,1.1485,1.15071,0,2025-06-23 04:00:00
1750665600,1.1507,1.1516,1.14533,1.14624,0,2025-06-23 08:00:00
1750680000,1.14622,1.15404,1.1457,1.15307,0,2025-06-23 12:00:00
1750694400,1.15308,1.15778,1.15177,1.15741,0,2025-06-23 16:00:00
1750708800,1.15739,1.16023,1.15702,1.15921,0,2025-06-23 20:00:00
1750723200,1.15928,1.16088,1.15864,1.16,0,2025-06-24 00:00:00
1750737600,1.16004,1.16221,1.15998,1.16051,0,2025-06-24 04:00:00
1750752000,1.1605,1.16178,1.15798,1.15966,0,2025-06-24 08:00:00
1750766400,1.15967,1.16417,1.1582,1.16167,0,2025-06-24 12:00:00
1750780800,1.16165,1.16365,1.16049,1.16234,0,2025-06-24 16:00:00
1750795200,1.16234,1.16248,1.16042,1.16074,0,2025-06-24 20:00:00
1750809600,1.16077,1.16314,1.16073,1.16205,0,2025-06-25 00:00:00
1750824000,1.16203,1.16231,1.16034,1.16071,0,2025-06-25 04:00:00
1750838400,1.16071,1.16112,1.15898,1.16035,0,2025-06-25 08:00:00
1750852800,1.16035,1.16234,1.15901,1.1621,0,2025-06-25 12:00:00
1750867200,1.16209,1.16611,1.16166,1.16608,0,2025-06-25 16:00:00
1750881600,1.1661,1.1665,1.16509,1.1659,0,2025-06-25 20:00:00
1750896000,1.16594,1.1695,1.16591,1.16902,0,2025-06-26 00:00:00
1750910400,1.16905,1.17174,1.16716,1.16993,0,2025-06-26 04:00:00
1750924800,1.16993,1.17449,1.16913,1.17148,0,2025-06-26 08:00:00
1750939200,1.17148,1.17209,1.16898,1.17081,0,2025-06-26 12:00:00
1750953600,1.17082,1.17401,1.16903,1.17204,0,2025-06-26 16:00:00
1750968000,1.17205,1.17205,1.16806,1.16829,0,2025-06-26 20:00:00
1750982400,1.16828,1.17055,1.16828,1.16996,0,2025-06-27 00:00:00
1750996800,1.16999,1.17188,1.16837,1.17186,0,2025-06-27 04:00:00
1751011200,1.17184,1.17269,1.17011,1.17137,0,2025-06-27 08:00:00
1751025600,1.17138,1.17539,1.17029,1.17182,0,2025-06-27 12:00:00
1751040000,1.17183,1.17321,1.16879,1.16995,0,2025-06-27 16:00:00
1751054400,1.16995,1.17205,1.16989,1.17162,0,2025-06-27 20:00:00
1751227200,1.17287,1.17325,1.17215,1.17296,0,2025-06-29 20:00:00
1751241600,1.17297,1.17385,1.17149,1.17191,0,2025-06-30 00:00:00
1751256000,1.17189,1.17506,1.17115,1.17432,0,2025-06-30 04:00:00
1751270400,1.17431,1.17431,1.17135,1.17245,0,2025-06-30 08:00:00
1751284800,1.17245,1.17509,1.17075,1.17385,0,2025-06-30 12:00:00
1751299200,1.17385,1.178,1.17334,1.17757,0,2025-06-30 16:00:00
1751313600,1.17755,1.17907,1.17723,1.17857,0,2025-06-30 20:00:00
1751328000,1.17855,1.18076,1.17776,1.17879,0,2025-07-01 00:00:00
1751342400,1.17878,1.17938,1.17758,1.17793,0,2025-07-01 04:00:00
1751356800,1.17793,1.18298,1.17673,1.18112,0,2025-07-01 08:00:00
1751371200,1.18113,1.18192,1.17751,1.17796,0,2025-07-01 12:00:00
1751385600,1.17794,1.17836,1.17611,1.17807,0,2025-07-01 16:00:00
1751400000,1.17806,1.18068,1.17792,1.18025,0,2025-07-01 20:00:00
1751414400,1.18026,1.18098,1.1788,1.18002,0,2025-07-02 00:00:00
1751428800,1.18001,1.18027,1.17734,1.17813,0,2025-07-02 04:00:00
1751443200,1.17812,1.17834,1.17645,1.17673,0,2025-07-02 08:00:00
1751457600,1.17673,1.17883,1.17467,1.17674,0,2025-07-02 12:00:00
1751472000,1.17672,1.18,1.17658,1.17994,0,2025-07-02 16:00:00
1751486400,1.17992,1.18031,1.17869,1.17979,0,2025-07-02 20:00:00
1751500800,1.1798,1.181,1.17945,1.17977,0,2025-07-03 00:00:00
1751515200,1.17977,1.18027,1.17868,1.18021,0,2025-07-03 04:00:00
1751529600,1.18021,1.18099,1.17869,1.1793,0,2025-07-03 08:00:00
1751544000,1.1793,1.17967,1.17169,1.17532,0,2025-07-03 12:00:00
1751558400,1.17531,1.17661,1.17399,1.17486,0,2025-07-03 16:00:00
1751572800,1.17486,1.17595,1.17442,1.17593,0,2025-07-03 20:00:00
1751587200,1.17593,1.17712,1.17557,1.17652,0,2025-07-04 00:00:00
1751601600,1.17652,1.17854,1.17645,1.1781,0,2025-07-04 04:00:00
1751616000,1.1781,1.17826,1.17675,1.17776,0,2025-07-04 08:00:00
1751630400,1.17777,1.17873,1.17636,1.17784,0,2025-07-04 12:00:00
1751644800,1.17782,1.17843,1.17718,1.17788,0,2025-07-04 16:00:00
1751659200,1.17788,1.17829,1.17719,1.17719,0,2025-07-04 20:00:00
1751832000,1.17793,1.17825,1.17732,1.17796,0,2025-07-06 20:00:00
1751846400,1.178,1.17901,1.17644,1.17673,0,2025-07-07 00:00:00
1751860800,1.17671,1.17741,1.17499,1.17557,0,2025-07-07 04:00:00
1751875200,1.17559,1.17585,1.1722,1.17275,0,2025-07-07 08:00:00
1751889600,1.17274,1.17453,1.17179,1.17386,0,2025-07-07 12:00:00
1751904000,1.17387,1.17403,1.16868,1.17187,0,2025-07-07 16:00:00
1751918400,1.17186,1.17374,1.17063,1.1735,0,2025-07-07 20:00:00
1751932800,1.17352,1.17484,1.17305,1.17381,0,2025-07-08 00:00:00
1751947200,1.17382,1.175,1.17315,1.17417,0,2025-07-08 04:00:00
1751961600,1.17419,1.1765,1.17232,1.17278,0,2025-07-08 08:00:00
1751976000,1.17278,1.17383,1.16825,1.1692,0,2025-07-08 12:00:00
1751990400,1.1692,1.17285,1.16895,1.17252,0,2025-07-08 16:00:00
1752004800,1.17255,1.17296,1.17135,1.17284,0,2025-07-08 20:00:00
1752019200,1.17288,1.17288,1.17047,1.17111,0,2025-07-09 00:00:00
1752033600,1.17111,1.17284,1.17015,1.17258,0,2025-07-09 04:00:00
1752048000,1.1726,1.17283,1.17015,1.17018,0,2025-07-09 08:00:00
1752062400,1.17017,1.17245,1.16895,1.17147,0,2025-07-09 12:00:00
1752076800,1.17146,1.17178,1.17007,1.17132,0,2025-07-09 16:00:00
1752091200,1.17133,1.17249,1.17117,1.17243,0,2025-07-09 20:00:00
1752105600,1.17244,1.17494,1.17228,1.17389,0,2025-07-10 00:00:00
1752120000,1.1739,1.17433,1.17292,1.17327,0,2025-07-10 04:00:00
1752134400,1.17325,1.17378,1.17259,1.17282,0,2025-07-10 08:00:00
1752148800,1.17282,1.17293,1.16623,1.16796,0,2025-07-10 12:00:00
1752163200,1.16796,1.16947,1.16739,1.1692,0,2025-07-10 16:00:00
1752177600,1.16919,1.17071,1.16897,1.17055,0,2025-07-10 20:00:00
1752192000,1.17055,1.1706,1.16645,1.1671,0,2025-07-11 00:00:00
1752206400,1.16711,1.16846,1.16691,1.16747,0,2025-07-11 04:00:00
1752220800,1.16745,1.16967,1.16745,1.16924,0,2025-07-11 08:00:00
1752235200,1.16924,1.17138,1.16741,1.16919,0,2025-07-11 12:00:00
1752249600,1.16919,1.1704,1.16863,1.16883,0,2025-07-11 16:00:00
1752264000,1.16885,1.16936,1.16787,1.16852,0,2025-07-11 20:00:00
1752436800,1.16658,1.16843,1.16611,1.16644,0,2025-07-13 20:00:00
1752451200,1.16643,1.16978,1.1663,1.16744,0,2025-07-14 00:00:00
1752465600,1.16745,1.16847,1.16541,1.16635,0,2025-07-14 04:00:00
1752480000,1.16635,1.1695,1.16628,1.16946,0,2025-07-14 08:00:00
1752494400,1.16948,1.1697,1.16746,1.16833,0,2025-07-14 12:00:00
1752508800,1.16835,1.16958,1.1659,1.16701,0,2025-07-14 16:00:00
1752523200,1.16698,1.16718,1.166,1.16663,0,2025-07-14 20:00:00
1752537600,1.16663,1.16772,1.16602,1.16742,0,2025-07-15 00:00:00
1752552000,1.16743,1.16879,1.16729,1.16777,0,2025-07-15 04:00:00
1752566400,1.16775,1.16925,1.16716,1.16838,0,2025-07-15 08:00:00
1752580800,1.16837,1.1691,1.16151,1.16183,0,2025-07-15 12:00:00
1752595200,1.16185,1.16203,1.15927,1.1603,0,2025-07-15 16:00:00
1752609600,1.1603,1.16042,1.1597,1.16042,0,2025-07-15 20:00:00
1752624000,1.16039,1.16152,1.16023,1.16101,0,2025-07-16 00:00:00
1752638400,1.16105,1.16277,1.16058,1.16274,0,2025-07-16 04:00:00
1752652800,1.16274,1.16281,1.1609,1.16169,0,2025-07-16 08:00:00
1752667200,1.1617,1.16209,1.15623,1.15925,0,2025-07-16 12:00:00
1752681600,1.15923,1.17212,1.15921,1.16279,0,2025-07-16 16:00:00
1752696000,1.16282,1.16425,1.16203,1.16362,0,2025-07-16 20:00:00
1752710400,1.16363,1.16398,1.16136,1.1618,0,2025-07-17 00:00:00
1752724800,1.16182,1.16271,1.15733,1.15829,0,2025-07-17 04:00:00
1752739200,1.15833,1.16052,1.15739,1.15858,0,2025-07-17 08:00:00
1752753600,1.15859,1.15983,1.15566,1.15878,0,2025-07-17 12:00:00
1752768000,1.15877,1.16024,1.15799,1.15843,0,2025-07-17 16:00:00
1752782400,1.15842,1.16191,1.15842,1.16167,0,2025-07-17 20:00:00
1752796800,1.1617,1.1634,1.16143,1.16291,0,2025-07-18 00:00:00
1752811200,1.16291,1.16317,1.16119,1.16203,0,2025-07-18 04:00:00
1752825600,1.16204,1.16456,1.16199,1.164,0,2025-07-18 08:00:00
1752840000,1.16399,1.16716,1.16395,1.16478,0,2025-07-18 12:00:00
1752854400,1.16478,1.16576,1.16177,1.16216,0,2025-07-18 16:00:00
1752868800,1.16217,1.1628,1.1617,1.16207,0,2025-07-18 20:00:00
1753041600,1.16236,1.1634,1.16221,1.16259,0,2025-07-20 20:00:00
1753056000,1.1626,1.16362,1.16145,1.16215,0,2025-07-21 00:00:00
1753070400,1.16216,1.16427,1.16199,1.16411,0,2025-07-21 04:00:00
1753084800,1.16413,1.16522,1.16336,1.16456,0,2025-07-21 08:00:00
1753099200,1.16455,1.16984,1.16444,1.16965,0,2025-07-21 12:00:00
1753113600,1.16963,1.17166,1.16858,1.16935,0,2025-07-21 16:00:00
1753128000,1.16936,1.16966,1.16881,1.16942,0,2025-07-21 20:00:00
1753142400,1.16942,1.16957,1.16823,1.16906,0,2025-07-22 00:00:00
1753156800,1.1691,1.16944,1.1683,1.16907,0,2025-07-22 04:00:00
1753171200,1.16907,1.17092,1.16815,1.17017,0,2025-07-22 08:00:00
1753185600,1.17019,1.17265,1.16788,1.17224,0,2025-07-22 12:00:00
1753200000,1.17222,1.17607,1.17144,1.17477,0,2025-07-22 16:00:00
1753214400,1.17477,1.17547,1.17448,1.17479,0,2025-07-22 20:00:00
1753228800,1.17482,1.17559,1.17303,1.17347,0,2025-07-23 00:00:00
1753243200,1.17346,1.1746,1.17273,1.17422,0,2025-07-23 04:00:00
1753257600,1.17421,1.17527,1.17229,1.17259,0,2025-07-23 08:00:00
1753272000,1.17257,1.17376,1.17109,1.17335,0,2025-07-23 12:00:00
1753286400,1.17335,1.17737,1.17214,1.17712,0,2025-07-23 16:00:00
1753300800,1.17714,1.17751,1.17662,1.17731,0,2025-07-23 20:00:00
1753315200,1.17734,1.17793,1.17621,1.17765,0,2025-07-24 00:00:00
1753329600,1.17765,1.178,1.1757,1.1757,0,2025-07-24 04:00:00
1753344000,1.1757,1.17693,1.17433,1.1749,0,2025-07-24 08:00:00
1753358400,1.17491,1.17887,1.17303,1.17658,0,2025-07-24 12:00:00
1753372800,1.17662,1.17782,1.17552,1.17658,0,2025-07-24 16:00:00
1753387200,1.17659,1.177,1.1735,1.17517,0,2025-07-24 20:00:00
1753401600,1.17517,1.17585,1.17339,1.17391,0,2025-07-25 00:00:00
1753416000,1.17389,1.17609,1.17344,1.17476,0,2025-07-25 04:00:00
1753430400,1.17476,1.17592,1.17244,1.17283,0,2025-07-25 08:00:00
1753444800,1.17279,1.17353,1.17028,1.17294,0,2025-07-25 12:00:00
1753459200,1.17292,1.17466,1.17202,1.17454,0,2025-07-25 16:00:00
1753473600,1.17453,1.17469,1.17374,1.17396,0,2025-07-25 20:00:00
1753646400,1.17552,1.17686,1.17507,1.17549,0,2025-07-27 20:00:00
1753660800,1.1755,1.177,1.17463,1.17548,0,2025-07-28 00:00:00
1753675200,1.17547,1.17579,1.1711,1.17211,0,2025-07-28 04:00:00
1753689600,1.17212,1.17238,1.16549,1.16579,0,2025-07-28 08:00:00
1753704000,1.1658,1.16649,1.16256,1.16371,0,2025-07-28 12:00:00
1753718400,1.1637,1.16389,1.15851,1.15947,0,2025-07-28 16:00:00
1753732800,1.15945,1.1596,1.1585,1.15935,0,2025-07-28 20:00:00
1753747200,1.15936,1.15989,1.15841,1.15971,0,2025-07-29 00:00:00
1753761600,1.15969,1.15983,1.15314,1.15336,0,2025-07-29 04:00:00
1753776000,1.15338,1.15884,1.15265,1.1574,0,2025-07-29 08:00:00
1753790400,1.15741,1.15749,1.15188,1.15228,0,2025-07-29 12:00:00
1753804800,1.15229,1.15605,1.15217,1.15503,0,2025-07-29 16:00:00
1753819200,1.15503,1.15574,1.15438,1.15495,0,2025-07-29 20:00:00
1753833600,1.15494,1.15725,1.15465,1.15638,0,2025-07-30 00:00:00
1753848000,1.15639,1.15705,1.15399,1.15562,0,2025-07-30 04:00:00
1753862400,1.15564,1.15685,1.15321,1.15393,0,2025-07-30 08:00:00
1753876800,1.15393,1.15406,1.1458,1.14804,0,2025-07-30 12:00:00
1753891200,1.14802,1.15031,1.1424,1.14242,0,2025-07-30 16:00:00
1753905600,1.14239,1.14359,1.14008,1.14226,0,2025-07-30 20:00:00
1753920000,1.14227,1.14379,1.14193,1.14289,0,2025-07-31 00:00:00
1753934400,1.14291,1.14606,1.14073,1.14583,0,2025-07-31 04:00:00
1753948800,1.14582,1.14582,1.14207,1.14395,0,2025-07-31 08:00:00
1753963200,1.14398,1.1451,1.14058,1.14449,0,2025-07-31 12:00:00
1753977600,1.14445,1.14497,1.14151,1.14265,0,2025-07-31 16:00:00
1753992000,1.14262,1.14317,1.14093,1.14176,0,2025-07-31 20:00:00
1754006400,1.14173,1.14288,1.14047,1.1411,0,2025-08-01 00:00:00
1754020800,1.14109,1.1438,1.14102,1.14292,0,2025-08-01 04:00:00
1754035200,1.14293,1.1434,1.13929,1.14119,0,2025-08-01 08:00:00
1754049600,1.14119,1.15879,1.13915,1.15559,0,2025-08-01 12:00:00
1754064000,1.15557,1.15649,1.15163,1.15256,0,2025-08-01 16:00:00
1754078400,1.15258,1.15969,1.15236,1.1583,0,2025-08-01 20:00:00
1754251200,1.1591,1.15963,1.15781,1.15834,0,2025-08-03 20:00:00
1754265600,1.15836,1.15899,1.15501,1.15755,0,2025-08-04 00:00:00
1754280000,1.15759,1.15858,1.15632,1.15716,0,2025-08-04 04:00:00
1754294400,1.15716,1.15785,1.15497,1.15739,0,2025-08-04 08:00:00
1754308800,1.15737,1.15885,1.15568,1.15639,0,2025-08-04 12:00:00
1754323200,1.15638,1.15776,1.15567,1.15652,0,2025-08-04 16:00:00
1754337600,1.1565,1.15813,1.15627,1.15792,0,2025-08-04 20:00:00
1754352000,1.15793,1.15876,1.15556,1.15602,0,2025-08-05 00:00:00
1754366400,1.15602,1.15613,1.15428,1.15509,0,2025-08-05 04:00:00
1754380800,1.15509,1.15621,1.15298,1.15442,0,2025-08-05 08:00:00
1754395200,1.1544,1.15662,1.15277,1.1565,0,2025-08-05 12:00:00
1754409600,1.15651,1.1586,1.15629,1.15735,0,2025-08-05 16:00:00
1754424000,1.15735,1.15775,1.15661,1.1576,0,2025-08-05 20:00:00
1754438400,1.15758,1.15852,1.15642,1.15691,0,2025-08-06 00:00:00
1754452800,1.15692,1.15882,1.15692,1.15785,0,2025-08-06 04:00:00
1754467200,1.15784,1.16107,1.15705,1.16069,0,2025-08-06 08:00:00
1754481600,1.1607,1.16375,1.15977,1.16272,0,2025-08-06 12:00:00
1754496000,1.16271,1.16683,1.16224,1.16622,0,2025-08-06 16:00:00
1754510400,1.16623,1.16658,1.165,1.16635,0,2025-08-06 20:00:00
1754524800,1.16633,1.16651,1.16495,1.16572,0,2025-08-07 00:00:00
1754539200,1.16573,1.16796,1.16531,1.16758,0,2025-08-07 04:00:00
1754553600,1.16761,1.16986,1.16615,1.167,0,2025-08-07 08:00:00
1754568000,1.16702,1.16766,1.1614,1.16241,0,2025-08-07 12:00:00
1754582400,1.16242,1.16446,1.16108,1.16219,0,2025-08-07 16:00:00
1754596800,1.16222,1.16745,1.16189,1.16724,0,2025-08-07 20:00:00
1754611200,1.16729,1.16792,1.16549,1.16607,0,2025-08-08 00:00:00
1754625600,1.16605,1.16634,1.16388,1.165,0,2025-08-08 04:00:00
1754640000,1.16501,1.16644,1.16287,1.16356,0,2025-08-08 08:00:00
1754654400,1.16356,1.16627,1.1635,1.16559,0,2025-08-08 12:00:00
1754668800,1.16558,1.16677,1.16479,1.16559,0,2025-08-08 16:00:00
1754683200,1.16557,1.1656,1.16363,1.16368,0,2025-08-08 20:00:00
1754856000,1.16444,1.16508,1.16426,1.16466,0,2025-08-10 20:00:00
1754870400,1.16466,1.16682,1.16417,1.16656,0,2025-08-11 00:00:00
1754884800,1.16656,1.16754,1.16629,1.16642,0,2025-08-11 04:00:00
1754899200,1.16639,1.16657,1.16383,1.16468,0,2025-08-11 08:00:00
1754913600,1.16467,1.16469,1.15901,1.15957,0,2025-08-11 12:00:00
1754928000,1.15959,1.16141,1.159,1.16122,0,2025-08-11 16:00:00
1754942400,1.16124,1.16194,1.1602,1.16127,0,2025-08-11 20:00:00
1754956800,1.1613,1.16254,1.16116,1.16228,0,2025-08-12 00:00:00
1754971200,1.1623,1.1629,1.16079,1.16092,0,2025-08-12 04:00:00
1754985600,1.16092,1.16239,1.16003,1.161,0,2025-08-12 08:00:00
1755000000,1.16101,1.16675,1.15986,1.16579,0,2025-08-12 12:00:00
1755014400,1.16577,1.16971,1.16559,1.16686,0,2025-08-12 16:00:00
1755028800,1.16686,1.16776,1.16644,1.16763,0,2025-08-12 20:00:00
1755043200,1.16763,1.16862,1.16703,1.16816,0,2025-08-13 00:00:00
1755057600,1.16816,1.16969,1.16766,1.1692,0,2025-08-13 04:00:00
1755072000,1.1692,1.17301,1.16918,1.17164,0,2025-08-13 08:00:00
1755086400,1.17164,1.17234,1.16928,1.17198,0,2025-08-13 12:00:00
1755100800,1.17198,1.17225,1.16957,1.17004,0,2025-08-13 16:00:00
1755115200,1.17002,1.17081,1.16973,1.17081,0,2025-08-13 20:00:00
1755129600,1.1708,1.1715,1.16988,1.17047,0,2025-08-14 00:00:00
1755144000,1.17047,1.17064,1.16847,1.16848,0,2025-08-14 04:00:00
1755158400,1.1685,1.16972,1.16678,1.16952,0,2025-08-14 08:00:00
1755172800,1.16951,1.16963,1.16376,1.16607,0,2025-08-14 12:00:00
1755187200,1.16609,1.1662,1.16309,1.16413,0,2025-08-14 16:00:00
1755201600,1.16416,1.16528,1.16415,1.16499,0,2025-08-14 20:00:00
1755216000,1.16499,1.16579,1.16458,1.16566,0,2025-08-15 00:00:00
1755230400,1.16568,1.16746,1.16564,1.16717,0,2025-08-15 04:00:00
1755244800,1.16715,1.16912,1.16715,1.16856,0,2025-08-15 08:00:00
1755259200,1.16856,1.17151,1.16732,1.17117,0,2025-08-15 12:00:00
1755273600,1.17114,1.1715,1.16984,1.17024,0,2025-08-15 16:00:00
1755288000,1.17023,1.17079,1.16998,1.17026,0,2025-08-15 20:00:00
1755460800,1.17101,1.17157,1.17092,1.17131,0,2025-08-17 20:00:00
1755475200,1.17135,1.17143,1.16935,1.17012,0,2025-08-18 00:00:00
1755489600,1.17012,1.17102,1.16933,1.16964,0,2025-08-18 04:00:00
1755504000,1.16967,1.17033,1.1671,1.16808,0,2025-08-18 08:00:00
1755518400,1.16807,1.16882,1.16604,1.16641,0,2025-08-18 12:00:00
1755532800,1.16639,1.16744,1.16561,1.16599,0,2025-08-18 16:00:00
1755547200,1.16598,1.16746,1.16575,1.16694,0,2025-08-18 20:00:00
1755561600,1.16695,1.16699,1.1639,1.16528,0,2025-08-19 00:00:00
1755576000,1.1653,1.16745,1.16504,1.16742,0,2025-08-19 04:00:00
1755590400,1.16743,1.16919,1.16715,1.16887,0,2025-08-19 08:00:00
1755604800,1.16886,1.16928,1.16637,1.16719,0,2025-08-19 12:00:00
1755619200,1.16719,1.16753,1.16421,1.16472,0,2025-08-19 16:00:00
1755633600,1.16473,1.16493,1.16424,1.16484,0,2025-08-19 20:00:00
1755648000,1.16485,1.16485,1.16221,1.16262,0,2025-08-20 00:00:00
1755662400,1.16262,1.16424,1.16231,1.16335,0,2025-08-20 04:00:00
1755676800,1.16336,1.16575,1.16314,1.16467,0,2025-08-20 08:00:00
1755691200,1.16469,1.16736,1.164,1.1663,0,2025-08-20 12:00:00
1755705600,1.16631,1.16723,1.16462,1.16547,0,2025-08-20 16:00:00
1755720000,1.16547,1.16583,1.16469,1.16525,0,2025-08-20 20:00:00
1755734400,1.16522,1.16534,1.16409,1.16465,0,2025-08-21 00:00:00
1755748800,1.16465,1.16497,1.16258,1.16297,0,2025-08-21 04:00:00
1755763200,1.16298,1.16626,1.16249,1.16491,0,2025-08-21 08:00:00
1755777600,1.16492,1.16572,1.16061,1.16156,0,2025-08-21 12:00:00
1755792000,1.16154,1.16256,1.1601,1.16096,0,2025-08-21 16:00:00
1755806400,1.16097,1.16134,1.16032,1.16129,0,2025-08-21 20:00:00
1755820800,1.16132,1.16164,1.16038,1.16087,0,2025-08-22 00:00:00
1755835200,1.16086,1.16087,1.15828,1.15884,0,2025-08-22 04:00:00
1755849600,1.15886,1.16023,1.15882,1.15959,0,2025-08-22 08:00:00
1755864000,1.15961,1.17199,1.15948,1.1718,0,2025-08-22 12:00:00
1755878400,1.1718,1.17425,1.17118,1.17212,0,2025-08-22 16:00:00
1755892800,1.17214,1.17268,1.17147,1.17148,0,2025-08-22 20:00:00
1756065600,1.17203,1.17259,1.17107,1.17127,0,2025-08-24 20:00:00
1756080000,1.17125,1.17142,1.16935,1.16971,0,2025-08-25 00:00:00
1756094400,1.1697,1.17204,1.1697,1.17147,0,2025-08-25 04:00:00
1756108800,1.17148,1.17179,1.16851,1.16876,0,2025-08-25 08:00:00
1756123200,1.16878,1.17089,1.16873,1.169,0,2025-08-25 12:00:00
1756137600,1.16901,1.16915,1.16189,1.16204,0,2025-08-25 16:00:00
1756152000,1.16204,1.16255,1.16028,1.16204,0,2025-08-25 20:00:00
1756166400,1.16204,1.166,1.161,1.16364,0,2025-08-26 00:00:00
1756180800,1.16364,1.16443,1.16132,1.16223,0,2025-08-26 04:00:00
1756195200,1.16221,1.16474,1.16021,1.16449,0,2025-08-26 08:00:00
1756209600,1.16449,1.16652,1.1637,1.16545,0,2025-08-26 12:00:00
1756224000,1.16545,1.16636,1.16333,1.16435,0,2025-08-26 16:00:00
1756238400,1.16436,1.16485,1.16333,1.16428,0,2025-08-26 20:00:00
1756252800,1.16428,1.16436,1.16247,1.16311,0,2025-08-27 00:00:00
1756267200,1.16312,1.16328,1.16119,1.16207,0,2025-08-27 04:00:00
1756281600,1.16208,1.16219,1.15771,1.15794,0,2025-08-27 08:00:00
1756296000,1.15792,1.16037,1.1574,1.15922,0,2025-08-27 12:00:00
1756310400,1.15922,1.16428,1.1592,1.16305,0,2025-08-27 16:00:00
1756324800,1.16304,1.16438,1.1629,1.16431,0,2025-08-27 20:00:00
1756339200,1.16432,1.16546,1.16414,1.16525,0,2025-08-28 00:00:00
1756353600,1.16527,1.16542,1.16337,1.16428,0,2025-08-28 04:00:00
1756368000,1.16429,1.16746,1.16289,1.16714,0,2025-08-28 08:00:00
1756382400,1.16712,1.16869,1.16584,1.16703,0,2025-08-28 12:00:00
1756396800,1.16704,1.16972,1.16613,1.16889,0,2025-08-28 16:00:00
1756411200,1.16891,1.16901,1.16732,1.16738,0,2025-08-28 20:00:00
1756425600,1.16737,1.16821,1.1656,1.16617,0,2025-08-29 00:00:00
1756440000,1.16619,1.16704,1.16583,1.16672,0,2025-08-29 04:00:00
1756454400,1.16673,1.16901,1.16627,1.16677,0,2025-08-29 08:00:00
1756468800,1.16676,1.1705,1.16507,1.17044,0,2025-08-29 12:00:00
1756483200,1.17044,1.17089,1.16932,1.16984,0,2025-08-29 16:00:00
1756497600,1.16983,1.17005,1.16805,1.16826,0,2025-08-29 20:00:00
1756670400,1.16935,1.16959,1.16845,1.16885,0,2025-08-31 20:00:00
1756684800,1.16886,1.17136,1.16867,1.17116,0,2025-09-01 00:00:00
1756699200,1.17117,1.17333,1.17043,1.17251,0,2025-09-01 04:00:00
1756713600,1.1725,1.17362,1.17151,1.17195,0,2025-09-01 08:00:00
1756728000,1.17196,1.1729,1.17051,1.17109,0,2025-09-01 12:00:00
1756742400,1.17108,1.17113,1.16964,1.17073,0,2025-09-01 16:00:00
1756756800,1.17073,1.17136,1.1706,1.17107,0,2025-09-01 20:00:00
1756771200,1.17108,1.1718,1.1692,1.16982,0,2025-09-02 00:00:00
1756785600,1.16983,1.17061,1.1687,1.17031,0,2025-09-02 04:00:00
1756800000,1.17031,1.17064,1.16237,1.16318,0,2025-09-02 08:00:00
1756814400,1.16316,1.16825,1.16127,1.16623,0,2025-09-02 12:00:00
1756828800,1.16622,1.16684,1.16294,1.16334,0,2025-09-02 16:00:00
1756843200,1.16335,1.16438,1.16319,1.1637,0,2025-09-02 20:00:00
1756857600,1.16372,1.16378,1.16247,1.16272,0,2025-09-03 00:00:00
1756872000,1.16274,1.16429,1.16218,1.1633,0,2025-09-03 04:00:00
1756886400,1.16328,1.16646,1.16081,1.16433,0,2025-09-03 08:00:00
1756900800,1.16432,1.16801,1.16384,1.16636,0,2025-09-03 12:00:00
1756915200,1.16636,1.1682,1.1658,1.16617,0,2025-09-03 16:00:00
1756929600,1.16616,1.16643,1.16556,1.166,0,2025-09-03 20:00:00
1756944000,1.16601,1.16694,1.16509,1.16528,0,2025-09-04 00:00:00
1756958400,1.16529,1.16612,1.16485,1.16518,0,2025-09-04 04:00:00
1756972800,1.16517,1.16596,1.16395,1.16527,0,2025-09-04 08:00:00
1756987200,1.16525,1.16582,1.16298,1.16346,0,2025-09-04 12:00:00
1757001600,1.16347,1.16499,1.16311,1.16438,0,2025-09-04 16:00:00
1757016000,1.16438,1.16531,1.16437,1.16488,0,2025-09-04 20:00:00
1757030400,1.16493,1.16745,1.16485,1.16683,0,2025-09-05 00:00:00
1757044800,1.16679,1.16775,1.16648,1.1669,0,2025-09-05 04:00:00
1757059200,1.16691,1.16963,1.16663,1.16914,0,2025-09-05 08:00:00
1757073600,1.16913,1.17592,1.16775,1.17365,0,2025-09-05 12:00:00
1757088000,1.17363,1.17593,1.17144,1.17169,0,2025-09-05 16:00:00
1757102400,1.17169,1.1723,1.17129,1.17141,0,2025-09-05 20:00:00
1757275200,1.17111,1.17197,1.17036,1.17057,0,2025-09-07 20:00:00
1757289600,1.17059,1.17173,1.17046,1.1715,0,2025-09-08 00:00:00
1757304000,1.17149,1.17277,1.17059,1.17267,0,2025-09-08 04:00:00
1757318400,1.17268,1.17427,1.17198,1.17257,0,2025-09-08 08:00:00
1757332800,1.17256,1.17561,1.17228,1.17452,0,2025-09-08 12:00:00
1757347200,1.17454,1.17624,1.17348,1.17611,0,2025-09-08 16:00:00
1757361600,1.1761,1.17654,1.17585,1.17619,0,2025-09-08 20:00:00
1757376000,1.17622,1.17779,1.17622,1.17685,0,2025-09-09 00:00:00
1757390400,1.17687,1.17799,1.1756,1.17647,0,2025-09-09 04:00:00
1757404800,1.17648,1.17722,1.17441,1.17538,0,2025-09-09 08:00:00
1757419200,1.17542,1.17626,1.17227,1.17307,0,2025-09-09 12:00:00
1757433600,1.17308,1.17315,1.17041,1.17062,0,2025-09-09 16:00:00
1757448000,1.17063,1.17134,1.17036,1.17118,0,2025-09-09 20:00:00
1757462400,1.17115,1.17119,1.16891,1.17069,0,2025-09-10 00:00:00
1757476800,1.17072,1.17184,1.16916,1.16976,0,2025-09-10 04:00:00
1757491200,1.16977,1.1717,1.16824,1.17002,0,2025-09-10 08:00:00
1757505600,1.17001,1.17306,1.1691,1.17277,0,2025-09-10 12:00:00
1757520000,1.17276,1.173,1.17015,1.17047,0,2025-09-10 16:00:00
1757534400,1.17044,1.17046,1.16932,1.17028,0,2025-09-10 20:00:00
1757548800,1.17028,1.17067,1.16927,1.16964,0,2025-09-11 00:00:00
1757563200,1.16963,1.17001,1.16836,1.16905,0,2025-09-11 04:00:00
1757577600,1.16906,1.16963,1.16772,1.1683,0,2025-09-11 08:00:00
1757592000,1.16827,1.17442,1.16589,1.17278,0,2025-09-11 12:00:00
1757606400,1.17277,1.1746,1.1726,1.17355,0,2025-09-11 16:00:00
1757620800,1.17355,1.17405,1.17306,1.17386,0,2025-09-11 20:00:00
1757635200,1.17389,1.17398,1.17237,1.17266,0,2025-09-12 00:00:00
1757649600,1.17266,1.17404,1.17206,1.17392,0,2025-09-12 04:00:00
1757664000,1.17394,1.17475,1.17125,1.17337,0,2025-09-12 08:00:00
1757678400,1.17337,1.17354,1.17013,1.1725,0,2025-09-12 12:00:00
1757692800,1.17252,1.17416,1.17099,1.17409,0,2025-09-12 16:00:00
1757707200,1.17411,1.17414,1.17286,1.17301,0,2025-09-12 20:00:00
1757880000,1.17303,1.17344,1.17276,1.1728,0,2025-09-14 20:00:00
1757894400,1.1728,1.1731,1.17218,1.17274,0,2025-09-15 00:00:00
1757908800,1.17275,1.17353,1.1716,1.1725,0,2025-09-15 04:00:00
1757923200,1.17249,1.17626,1.17241,1.17528,0,2025-09-15 08:00:00
1757937600,1.17527,1.17731,1.17508,1.17577,0,2025-09-15 12:00:00
1757952000,1.17578,1.17744,1.17563,1.17693,0,2025-09-15 16:00:00
1757966400,1.17694,1.17719,1.17598,1.17627,0,2025-09-15 20:00:00
1757980800,1.1763,1.17773,1.17572,1.17764,0,2025-09-16 00:00:00
1757995200,1.17765,1.17912,1.17735,1.17871,0,2025-09-16 04:00:00
1758009600,1.17871,1.18179,1.17862,1.18082,0,2025-09-16 08:00:00
1758024000,1.18083,1.18531,1.17902,1.18516,0,2025-09-16 12:00:00
1758038400,1.18516,1.18783,1.18349,1.18665,0,2025-09-16 16:00:00
1758052800,1.18664,1.18688,1.18568,1.18657,0,2025-09-16 20:00:00
1758067200,1.1866,1.18727,1.18511,1.18553,0,2025-09-17 00:00:00
1758081600,1.18554,1.18598,1.18511,1.1856,0,2025-09-17 04:00:00
1758096000,1.18559,1.1856,1.18326,1.18363,0,2025-09-17 08:00:00
1758110400,1.18363,1.1859,1.18338,1.18494,0,2025-09-17 12:00:00
1758124800,1.18493,1.19186,1.18187,1.18341,0,2025-09-17 16:00:00
1758139200,1.18344,1.18566,1.18077,1.18189,0,2025-09-17 20:00:00
1758153600,1.18193,1.18287,1.18074,1.18194,0,2025-09-18 00:00:00
1758168000,1.18192,1.18226,1.17802,1.17943,0,2025-09-18 04:00:00
1758182400,1.17942,1.18482,1.17935,1.18365,0,2025-09-18 08:00:00
1758196800,1.18366,1.18369,1.175,1.17754,0,2025-09-18 12:00:00
1758211200,1.17754,1.17937,1.17693,1.17877,0,2025-09-18 16:00:00
1758225600,1.17876,1.17911,1.17811,1.17866,0,2025-09-18 20:00:00
1758240000,1.17866,1.17906,1.17719,1.17795,0,2025-09-19 00:00:00
1758254400,1.17796,1.17925,1.17632,1.17663,0,2025-09-19 04:00:00
1758268800,1.17665,1.17781,1.17509,1.1761,0,2025-09-19 08:00:00
1758283200,1.17612,1.17679,1.17286,1.1757,0,2025-09-19 12:00:00
1758297600,1.1757,1.17589,1.17371,1.17482,0,2025-09-19 16:00:00
1758312000,1.17482,1.17508,1.17405,1.17405,0,2025-09-19 20:00:00
1758484800,1.17449,1.17477,1.17376,1.17405,0,2025-09-21 20:00:00
1758499200,1.17405,1.17415,1.17262,1.1728,0,2025-09-22 00:00:00
1758513600,1.17278,1.17484,1.17263,1.17432,0,2025-09-22 04:00:00
1758528000,1.17434,1.17858,1.1739,1.17739,0,2025-09-22 08:00:00
1758542400,1.17739,1.17877,1.17626,1.17696,0,2025-09-22 12:00:00
1758556800,1.17695,1.1799,1.17641,1.17962,0,2025-09-22 16:00:00
1758571200,1.17964,1.18037,1.17932,1.18008,0,2025-09-22 20:00:00
1758585600,1.1801,1.18199,1.17966,1.18042,0,2025-09-23 00:00:00
1758600000,1.18041,1.18079,1.17899,1.17948,0,2025-09-23 04:00:00
1758614400,1.17947,1.18124,1.17787,1.17959,0,2025-09-23 08:00:00
1758628800,1.17961,1.18052,1.17841,1.17952,0,2025-09-23 12:00:00
1758643200,1.17953,1.18177,1.1788,1.18109,0,2025-09-23 16:00:00
1758657600,1.18109,1.1819,1.18068,1.18143,0,2025-09-23 20:00:00
1758672000,1.18143,1.18173,1.1796,1.17967,0,2025-09-24 00:00:00
1758686400,1.17964,1.18049,1.1786,1.17873,0,2025-09-24 04:00:00
1758700800,1.17875,1.17946,1.17507,1.17517,0,2025-09-24 08:00:00
1758715200,1.17518,1.1758,1.1728,1.17428,0,2025-09-24 12:00:00
1758729600,1.1743,1.17458,1.17299,1.17365,0,2025-09-24 16:00:00
1758744000,1.17366,1.17449,1.17319,1.17445,0,2025-09-24 20:00:00
1758758400,1.17444,1.17517,1.17405,1.17495,0,2025-09-25 00:00:00
1758772800,1.17496,1.17535,1.17381,1.17458,0,2025-09-25 04:00:00
1758787200,1.17457,1.17538,1.17305,1.17468,0,2025-09-25 08:00:00
1758801600,1.17468,1.17471,1.16736,1.16761,0,2025-09-25 12:00:00
1758816000,1.16761,1.16831,1.16454,1.16522,0,2025-09-25 16:00:00
1758830400,1.16522,1.16688,1.16517,1.1668,0,2025-09-25 20:00:00
1758844800,1.16681,1.16793,1.16579,1.1677,0,2025-09-26 00:00:00
1758859200,1.16769,1.16837,1.16718,1.16796,0,2025-09-26 04:00:00
1758873600,1.16795,1.16877,1.16615,1.1663,0,2025-09-26 08:00:00
1758888000,1.16631,1.17044,1.16624,1.16912,0,2025-09-26 12:00:00
1758902400,1.16909,1.17056,1.16864,1.17038,0,2025-09-26 16:00:00
1758916800,1.17038,1.17072,1.16983,1.17005,0,2025-09-26 20:00:00
1759089600,1.16986,1.17057,1.16986,1.17042,0,2025-09-28 20:00:00
1759104000,1.17041,1.17282,1.17037,1.1726,0,2025-09-29 00:00:00
1759118400,1.17259,1.17332,1.17179,1.17195,0,2025-09-29 04:00:00
1759132800,1.17196,1.17329,1.17075,1.17198,0,2025-09-29 08:00:00
1759147200,1.17199,1.17544,1.17091,1.17301,0,2025-09-29 12:00:00
1759161600,1.17299,1.1734,1.17199,1.17314,0,2025-09-29 16:00:00
1759176000,1.17311,1.17315,1.17228,1.17272,0,2025-09-29 20:00:00
1759190400,1.17273,1.17322,1.17119,1.17223,0,2025-09-30 00:00:00
1759204800,1.17222,1.17437,1.17185,1.17374,0,2025-09-30 04:00:00
1759219200,1.17372,1.17615,1.17362,1.17456,0,2025-09-30 08:00:00
1759233600,1.17457,1.17522,1.17164,1.17497,0,2025-09-30 12:00:00
1759248000,1.17496,1.17614,1.17255,1.17406,0,2025-09-30 16:00:00
1759262400,1.17404,1.17421,1.17325,1.1734,0,2025-09-30 20:00:00
1759276800,1.1734,1.17424,1.17296,1.17378,0,2025-10-01 00:00:00
1759291200,1.17378,1.17748,1.17338,1.17678,0,2025-10-01 04:00:00
1759305600,1.17676,1.17785,1.17157,1.17251,0,2025-10-01 08:00:00
1759320000,1.17252,1.17688,1.17222,1.17465,0,2025-10-01 12:00:00
1759334400,1.17463,1.17492,1.17154,1.17347,0,2025-10-01 16:00:00
1759348800,1.17347,1.17372,1.17261,1.17335,0,2025-10-01 20:00:00
1759363200,1.17336,1.17418,1.17237,1.17371,0,2025-10-02 00:00:00
1759377600,1.17373,1.17448,1.17293,1.17426,0,2025-10-02 04:00:00
1759392000,1.17427,1.17582,1.17407,1.17519,0,2025-10-02 08:00:00
1759406400,1.17519,1.17583,1.1705,1.17134,0,2025-10-02 12:00:00
1759420800,1.17131,1.17222,1.16829,1.17209,0,2025-10-02 16:00:00
1759435200,1.17209,1.17265,1.1713,1.17188,0,2025-10-02 20:00:00
1759449600,1.1719,1.17292,1.17161,1.17246,0,2025-10-03 00:00:00
1759464000,1.17243,1.17289,1.17146,1.17203,0,2025-10-03 04:00:00
1759478400,1.17204,1.17444,1.17204,1.17362,0,2025-10-03 08:00:00
1759492800,1.17362,1.17591,1.17268,1.17407,0,2025-10-03 12:00:00
1759507200,1.17408,1.17487,1.17265,1.17396,0,2025-10-03 16:00:00
1759521600,1.17395,1.17443,1.1737,1.17382,0,2025-10-03 20:00:00
1759694400,1.17209,1.17275,1.17156,1.1716,0,2025-10-05 20:00:00
1759708800,1.1716,1.17307,1.1706,1.17269,0,2025-10-06 00:00:00
1759723200,1.17269,1.173,1.16901,1.16936,0,2025-10-06 04:00:00
1759737600,1.16936,1.17119,1.16516,1.16632,0,2025-10-06 08:00:00
1759752000,1.16632,1.17177,1.16574,1.17164,0,2025-10-06 12:00:00
1759766400,1.17164,1.17211,1.17029,1.17125,0,2025-10-06 16:00:00
1759780800,1.17126,1.17168,1.1706,1.17095,0,2025-10-06 20:00:00
1759795200,1.17097,1.17142,1.16963,1.17014,0,2025-10-07 00:00:00
1759809600,1.17016,1.17072,1.16829,1.16866,0,2025-10-07 04:00:00
1759824000,1.16864,1.16878,1.16604,1.16741,0,2025-10-07 08:00:00
1759838400,1.16739,1.16742,1.16538,1.16629,0,2025-10-07 12:00:00
1759852800,1.16631,1.1681,1.16567,1.16576,0,2025-10-07 16:00:00
1759867200,1.16577,1.1661,1.16474,1.1659,0,2025-10-07 20:00:00
1759881600,1.16591,1.16591,1.16168,1.16238,0,2025-10-08 00:00:00
1759896000,1.16236,1.16251,1.16068,1.16163,0,2025-10-08 04:00:00
1759910400,1.16166,1.16361,1.16059,1.16336,0,2025-10-08 08:00:00
1759924800,1.16335,1.16447,1.16203,1.16215,0,2025-10-08 12:00:00
1759939200,1.16216,1.1622,1.15983,1.16198,0,2025-10-08 16:00:00
1759953600,1.16201,1.16348,1.16201,1.16333,0,2025-10-08 20:00:00
1759968000,1.16333,1.16476,1.1628,1.16439,0,2025-10-09 00:00:00
1759982400,1.16437,1.1648,1.16113,1.16153,0,2025-10-09 04:00:00
1759996800,1.16156,1.16271,1.1603,1.16184,0,2025-10-09 08:00:00
1760011200,1.16184,1.16231,1.15763,1.15808,0,2025-10-09 12:00:00
1760025600,1.15808,1.15817,1.1542,1.15463,0,2025-10-09 16:00:00
1760040000,1.15463,1.15667,1.15463,1.15646,0,2025-10-09 20:00:00
1760054400,1.15645,1.15729,1.15567,1.15695,0,2025-10-10 00:00:00
1760068800,1.15693,1.15778,1.15609,1.15701,0,2025-10-10 04:00:00
1760083200,1.15701,1.15895,1.15638,1.15714,0,2025-10-10 08:00:00
1760097600,1.15715,1.15822,1.1559,1.15782,0,2025-10-10 12:00:00
1760112000,1.15784,1.16305,1.15777,1.16085,0,2025-10-10 16:00:00
1760126400,1.16084,1.16285,1.16036,1.16149,0,2025-10-10 20:00:00
1760299200,1.16138,1.1615,1.15918,1.1603,0,2025-10-12 20:00:00
1760313600,1.16032,1.16275,1.16,1.16194,0,2025-10-13 00:00:00
1760328000,1.16195,1.16297,1.16106,1.16139,0,2025-10-13 04:00:00
1760342400,1.1614,1.16158,1.15814,1.15833,0,2025-10-13 08:00:00
1760356800,1.15834,1.15941,1.15574,1.15612,0,2025-10-13 12:00:00
1760371200,1.15612,1.15792,1.156,1.15683,0,2025-10-13 16:00:00
1760385600,1.15684,1.15738,1.1565,1.15677,0,2025-10-13 20:00:00
1760400000,1.15679,1.15761,1.15549,1.15737,0,2025-10-14 00:00:00
1760414400,1.15737,1.15935,1.15629,1.157,0,2025-10-14 04:00:00
1760428800,1.15699,1.15744,1.15423,1.15533,0,2025-10-14 08:00:00
1760443200,1.15533,1.15972,1.15463,1.15941,0,2025-10-14 12:00:00
1760457600,1.15942,1.16148,1.15865,1.16049,0,2025-10-14 16:00:00
1760472000,1.16049,1.16113,1.15997,1.16034,0,2025-10-14 20:00:00
1760486400,1.16035,1.16258,1.16017,1.16229,0,2025-10-15 00:00:00
1760500800,1.16229,1.16384,1.16168,1.16339,0,2025-10-15 04:00:00
1760515200,1.16341,1.16453,1.16204,1.16242,0,2025-10-15 08:00:00
1760529600,1.16243,1.16321,1.16103,1.16245,0,2025-10-15 12:00:00
1760544000,1.16246,1.16472,1.16183,1.16332,0,2025-10-15 16:00:00
1760558400,1.16331,1.16519,1.16329,1.1646,0,2025-10-15 20:00:00
1760572800,1.16463,1.16754,1.16425,1.16659,0,2025-10-16 00:00:00
1760587200,1.16658,1.16678,1.16521,1.16538,0,2025-10-16 04:00:00
1760601600,1.16538,1.16637,1.16429,1.16552,0,2025-10-16 08:00:00
1760616000,1.16556,1.16779,1.16462,1.16769,0,2025-10-16 12:00:00
1760630400,1.16769,1.16935,1.16611,1.16892,0,2025-10-16 16:00:00
1760644800,1.16892,1.16957,1.16816,1.16942,0,2025-10-16 20:00:00
1760659200,1.16943,1.17114,1.16928,1.1705,0,2025-10-17 00:00:00
1760673600,1.17052,1.17283,1.17045,1.17105,0,2025-10-17 04:00:00
1760688000,1.17103,1.1716,1.16873,1.16894,0,2025-10-17 08:00:00
1760702400,1.16894,1.16968,1.16563,1.16668,0,2025-10-17 12:00:00
1760716800,1.16668,1.16793,1.16607,1.16678,0,2025-10-17 16:00:00
1760731200,1.16678,1.1671,1.16496,1.16509,0,2025-10-17 20:00:00
1760904000,1.16646,1.16655,1.16515,1.1656,0,2025-10-19 20:00:00
1760918400,1.1656,1.16706,1.16543,1.16658,0,2025-10-20 00:00:00
1760932800,1.16656,1.16753,1.16566,1.16583,0,2025-10-20 04:00:00
1760947200,1.16584,1.1668,1.16512,1.16532,0,2025-10-20 08:00:00
1760961600,1.16533,1.16643,1.16443,1.16535,0,2025-10-20 12:00:00
1760976000,1.16535,1.16644,1.16382,1.16462,0,2025-10-20 16:00:00
1760990400,1.16466,1.16491,1.1639,1.16428,0,2025-10-20 20:00:00
1761004800,1.1643,1.1655,1.16326,1.1634,0,2025-10-21 00:00:00
1761019200,1.1634,1.16374,1.16185,1.16317,0,2025-10-21 04:00:00
1761033600,1.16319,1.16353,1.16063,1.16178,0,2025-10-21 08:00:00
1761048000,1.16179,1.16257,1.15975,1.16044,0,2025-10-21 12:00:00
1761062400,1.16045,1.16244,1.16014,1.16049,0,2025-10-21 16:00:00
1761076800,1.16048,1.16075,1.1598,1.16,0,2025-10-21 20:00:00
1761091200,1.16,1.16107,1.15987,1.16083,0,2025-10-22 00:00:00
1761105600,1.16081,1.16156,1.16041,1.16093,0,2025-10-22 04:00:00
1761120000,1.16095,1.16127,1.15827,1.15857,0,2025-10-22 08:00:00
1761134400,1.15857,1.16114,1.15767,1.1611,0,2025-10-22 12:00:00
1761148800,1.1611,1.16224,1.16073,1.1609,0,2025-10-22 16:00:00
1761163200,1.16089,1.16143,1.16047,1.16121,0,2025-10-22 20:00:00
1761177600,1.16126,1.16126,1.1595,1.15965,0,2025-10-23 00:00:00
1761192000,1.15964,1.16041,1.15905,1.15944,0,2025-10-23 04:00:00
1761206400,1.15943,1.16061,1.15856,1.15878,0,2025-10-23 08:00:00
1761220800,1.15877,1.16197,1.15853,1.16129,0,2025-10-23 12:00:00
1761235200,1.1613,1.16179,1.16043,1.16174,0,2025-10-23 16:00:00
1761249600,1.16174,1.16213,1.16135,1.16179,0,2025-10-23 20:00:00
1761264000,1.16179,1.16215,1.16076,1.16079,0,2025-10-24 00:00:00
1761278400,1.16078,1.16139,1.16008,1.16134,0,2025-10-24 04:00:00
1761292800,1.16133,1.16278,1.16017,1.16127,0,2025-10-24 08:00:00
1761307200,1.16125,1.1649,1.16069,1.16259,0,2025-10-24 12:00:00
1761321600,1.16257,1.16354,1.1621,1.16259,0,2025-10-24 16:00:00
1761336000,1.1626,1.16357,1.16207,1.16266,0,2025-10-24 20:00:00
1761508800,1.16346,1.16362,1.16253,1.1631,0,2025-10-26 20:00:00
1761523200,1.16308,1.16475,1.1627,1.16278,0,2025-10-27 00:00:00
1761537600,1.16276,1.16321,1.16197,1.16197,0,2025-10-27 04:00:00
1761552000,1.16198,1.16472,1.16176,1.16459,0,2025-10-27 08:00:00
1761566400,1.16461,1.16514,1.16313,1.16346,0,2025-10-27 12:00:00
1761580800,1.16351,1.1652,1.16324,1.16475,0,2025-10-27 16:00:00
1761595200,1.16473,1.16547,1.16433,1.16508,0,2025-10-27 20:00:00
1761609600,1.16508,1.16639,1.16462,1.16598,0,2025-10-28 00:00:00
1761624000,1.166,1.16679,1.16509,1.1655,0,2025-10-28 04:00:00
1761638400,1.16549,1.16648,1.16451,1.16592,0,2025-10-28 08:00:00
1761652800,1.16592,1.16672,1.16255,1.16587,0,2025-10-28 12:00:00
1761667200,1.16588,1.16686,1.16517,1.16522,0,2025-10-28 16:00:00
1761681600,1.16523,1.16574,1.16483,1.16568,0,2025-10-28 20:00:00
1761696000,1.16568,1.16606,1.16369,1.16369,0,2025-10-29 00:00:00
1761710400,1.16369,1.16377,1.16248,1.16323,0,2025-10-29 04:00:00
1761724800,1.16323,1.16487,1.16185,1.16395,0,2025-10-29 08:00:00
1761739200,1.16397,1.16645,1.16273,1.16637,0,2025-10-29 12:00:00
1761753600,1.16636,1.1666,1.15773,1.15992,0,2025-10-29 16:00:00
1761768000,1.15993,1.16072,1.15907,1.16028,0,2025-10-29 20:00:00
1761782400,1.16027,1.16198,1.15967,1.16153,0,2025-10-30 00:00:00
1761796800,1.16154,1.16374,1.16095,1.16182,0,2025-10-30 04:00:00
1761811200,1.16187,1.16283,1.15962,1.15979,0,2025-10-30 08:00:00
1761825600,1.1598,1.1599,1.1547,1.15635,0,2025-10-30 12:00:00
1761840000,1.15637,1.15715,1.15592,1.15641,0,2025-10-30 16:00:00
1761854400,1.15644,1.15731,1.15631,1.15714,0,2025-10-30 20:00:00
1761868800,1.15714,1.15775,1.15649,1.15671,0,2025-10-31 00:00:00
1761883200,1.15674,1.15733,1.15548,1.15648,0,2025-10-31 04:00:00
1761897600,1.15648,1.15767,1.15578,1.15667,0,2025-10-31 08:00:00
1761912000,1.15666,1.15666,1.1522,1.15409,0,2025-10-31 12:00:00
1761926400,1.15406,1.15433,1.15214,1.15254,0,2025-10-31 16:00:00
1761940800,1.15253,1.15395,1.15252,1.1537,0,2025-10-31 20:00:00
1762113600,1.15294,1.15383,1.1525,1.15274,0,2025-11-02 20:00:00
1762128000,1.15273,1.15343,1.15215,1.15336,0,2025-11-03 00:00:00
1762142400,1.15336,1.15413,1.15318,1.15399,0,2025-11-03 04:00:00
1762156800,1.15398,1.154,1.15078,1.15152,0,2025-11-03 08:00:00
1762171200,1.15152,1.15252,1.1505,1.15252,0,2025-11-03 12:00:00
1762185600,1.15251,1.15378,1.15165,1.15194,0,2025-11-03 16:00:00
1762200000,1.15195,1.15232,1.15159,1.15184,0,2025-11-03 20:00:00
1762214400,1.15183,1.15183,1.1498,1.15132,0,2025-11-04 00:00:00
1762228800,1.15132,1.15334,1.15073,1.15271,0,2025-11-04 04:00:00
1762243200,1.15269,1.15287,1.14891,1.14898,0,2025-11-04 08:00:00
1762257600,1.14899,1.14967,1.14729,1.14916,0,2025-11-04 12:00:00
1762272000,1.14916,1.14966,1.14788,1.14789,0,2025-11-04 16:00:00
1762286400,1.1479,1.14857,1.1475,1.1485,0,2025-11-04 20:00:00
1762300800,1.14849,1.14978,1.14797,1.14885,0,2025-11-05 00:00:00
1762315200,1.14885,1.14941,1.14833,1.14869,0,2025-11-05 04:00:00
1762329600,1.1487,1.14952,1.14758,1.14881,0,2025-11-05 08:00:00
1762344000,1.14882,1.14934,1.14687,1.14791,0,2025-11-05 12:00:00
1762358400,1.14791,1.14875,1.14698,1.14858,0,2025-11-05 16:00:00
1762372800,1.14859,1.14969,1.14859,1.14957,0,2025-11-05 20:00:00
1762387200,1.14956,1.15089,1.1493,1.15068,0,2025-11-06 00:00:00
1762401600,1.15069,1.15137,1.15035,1.1508,0,2025-11-06 04:00:00
1762416000,1.15082,1.15237,1.15058,1.15202,0,2025-11-06 08:00:00
1762430400,1.15201,1.15438,1.1514,1.15395,0,2025-11-06 12:00:00
1762444800,1.15392,1.15522,1.15297,1.15441,0,2025-11-06 16:00:00
1762459200,1.15443,1.15514,1.15416,1.15485,0,2025-11-06 20:00:00
1762473600,1.15485,1.15489,1.15347,1.15377,0,2025-11-07 00:00:00
1762488000,1.15378,1.15384,1.15294,1.15325,0,2025-11-07 04:00:00
1762502400,1.15325,1.15609,1.15294,1.15578,0,2025-11-07 08:00:00
1762516800,1.15582,1.1591,1.15538,1.15716,0,2025-11-07 12:00:00
1762531200,1.15717,1.15834,1.15555,1.15595,0,2025-11-07 16:00:00
1762545600,1.15594,1.15666,1.15575,1.15656,0,2025-11-07 20:00:00
1762718400,1.15562,1.15582,1.15413,1.15433,0,2025-11-09 20:00:00
1762732800,1.15434,1.15606,1.15429,1.15545,0,2025-11-10 00:00:00
1762747200,1.15547,1.15718,1.15513,1.15675,0,2025-11-10 04:00:00
1762761600,1.15675,1.15829,1.15538,1.15632,0,2025-11-10 08:00:00
1762776000,1.15629,1.15778,1.1545,1.15455,0,2025-11-10 12:00:00
1762790400,1.15454,1.15647,1.15409,1.15608,0,2025-11-10 16:00:00
1762804800,1.15607,1.15646,1.15534,1.15565,0,2025-11-10 20:00:00
1762819200,1.15566,1.15593,1.15468,1.15563,0,2025-11-11 00:00:00
1762833600,1.15563,1.1565,1.15495,1.15599,0,2025-11-11 04:00:00
1762848000,1.156,1.15777,1.15533,1.1572,0,2025-11-11 08:00:00
1762862400,1.15717,1.16057,1.15684,1.15948,0,2025-11-11 12:00:00
1762876800,1.15948,1.15996,1.15834,1.15843,0,2025-11-11 16:00:00
1762891200,1.15844,1.1589,1.15805,1.15867,0,2025-11-11 20:00:00
1762905600,1.15865,1.15866,1.15744,1.15775,0,2025-11-12 00:00:00
1762920000,1.15773,1.15882,1.157,1.15837,0,2025-11-12 04:00:00
1762934400,1.15837,1.15876,1.15648,1.15779,0,2025-11-12 08:00:00
1762948800,1.15779,1.15957,1.15627,1.15939,0,2025-11-12 12:00:00
1762963200,1.15938,1.15977,1.15838,1.15866,0,2025-11-12 16:00:00
1762977600,1.15866,1.15945,1.15849,1.15915,0,2025-11-12 20:00:00
1762992000,1.15915,1.15928,1.15789,1.15897,0,2025-11-13 00:00:00
1763006400,1.15897,1.16121,1.158,1.16111,0,2025-11-13 04:00:00
1763020800,1.16113,1.16347,1.16046,1.16063,0,2025-11-13 08:00:00
1763035200,1.16063,1.1643,1.16056,1.16391,0,2025-11-13 12:00:00
1763049600,1.1639,1.16559,1.1635,1.16355,0,2025-11-13 16:00:00
1763064000,1.16354,1.16393,1.16233,1.163,0,2025-11-13 20:00:00
1763078400,1.163,1.16448,1.16269,1.16383,0,2025-11-14 00:00:00
1763092800,1.16382,1.16485,1.16316,1.16327,0,2025-11-14 04:00:00
1763107200,1.16327,1.16371,1.16088,1.16193,0,2025-11-14 08:00:00
1763121600,1.16193,1.16536,1.1606,1.1613,0,2025-11-14 12:00:00
1763136000,1.1613,1.16225,1.16078,1.16178,0,2025-11-14 16:00:00
1763150400,1.16179,1.16235,1.16161,1.16172,0,2025-11-14 20:00:00
1763323200,1.16143,1.16244,1.16114,1.16147,0,2025-11-16 20:00:00
1763337600,1.16147,1.16147,1.15961,1.15984,0,2025-11-17 00:00:00
1763352000,1.15983,1.16149,1.15949,1.16133,0,2025-11-17 04:00:00
1763366400,1.16132,1.16149,1.15948,1.16011,0,2025-11-17 08:00:00
1763380800,1.16012,1.16046,1.15818,1.15975,0,2025-11-17 12:00:00
1763395200,1.15974,1.16018,1.15827,1.15839,0,2025-11-17 16:00:00
1763409600,1.15837,1.15941,1.15824,1.15899,0,2025-11-17 20:00:00
1763424000,1.15898,1.15958,1.15845,1.15923,0,2025-11-18 00:00:00
1763438400,1.15922,1.16036,1.15888,1.1591,0,2025-11-18 04:00:00
1763452800,1.15908,1.16062,1.15793,1.15847,0,2025-11-18 08:00:00
1763467200,1.15847,1.16076,1.15815,1.1582,0,2025-11-18 12:00:00
1763481600,1.15819,1.15869,1.15713,1.15854,0,2025-11-18 16:00:00
1763496000,1.15855,1.15868,1.15752,1.158,0,2025-11-18 20:00:00
1763510400,1.158,1.15849,1.15723,1.15836,0,2025-11-19 00:00:00
1763524800,1.15839,1.15971,1.15772,1.15812,0,2025-11-19 04:00:00
1763539200,1.15814,1.15889,1.15657,1.15862,0,2025-11-19 08:00:00
1763553600,1.15864,1.15909,1.15402,1.15467,0,2025-11-19 12:00:00
1763568000,1.15464,1.15476,1.15178,1.15209,0,2025-11-19 16:00:00
1763582400,1.1521,1.1542,1.15201,1.15392,0,2025-11-19 20:00:00
1763596800,1.15392,1.15393,1.15101,1.1514,0,2025-11-20 00:00:00
1763611200,1.1514,1.15231,1.1513,1.15197,0,2025-11-20 04:00:00
1763625600,1.15196,1.15295,1.15113,1.15142,0,2025-11-20 08:00:00
1763640000,1.15141,1.15499,1.15013,1.15274,0,2025-11-20 12:00:00
1763654400,1.15275,1.15411,1.15248,1.15379,0,2025-11-20 16:00:00
1763668800,1.1538,1.15385,1.15233,1.15334,0,2025-11-20 20:00:00
1763683200,1.15338,1.15389,1.1528,1.15361,0,2025-11-21 00:00:00
1763697600,1.15362,1.15477,1.15345,1.15411,0,2025-11-21 04:00:00
1763712000,1.15412,1.15524,1.15043,1.15058,0,2025-11-21 08:00:00
1763726400,1.15056,1.15268,1.14965,1.15029,0,2025-11-21 12:00:00
1763740800,1.15028,1.15177,1.14909,1.15131,0,2025-11-21 16:00:00
1763755200,1.15131,1.15208,1.1509,1.15155,0,2025-11-21 20:00:00
1763928000,1.15128,1.15143,1.15058,1.15073,0,2025-11-23 20:00:00
1763942400,1.15074,1.15189,1.15018,1.1516,0,2025-11-24 00:00:00
1763956800,1.1516,1.15281,1.15111,1.15118,0,2025-11-24 04:00:00
1763971200,1.1512,1.1547,1.15097,1.15453,0,2025-11-24 08:00:00
1763985600,1.15452,1.15503,1.15167,1.1529,0,2025-11-24 12:00:00
1764000000,1.15289,1.15308,1.15114,1.15274,0,2025-11-24 16:00:00
1764014400,1.15276,1.15283,1.15184,1.152,0,2025-11-24 20:00:00
1764028800,1.15201,1.15301,1.15169,1.15178,0,2025-11-25 00:00:00
1764043200,1.15177,1.15302,1.15114,1.15226,0,2025-11-25 04:00:00
1764057600,1.15228,1.1541,1.15205,1.15265,0,2025-11-25 08:00:00
1764072000,1.15264,1.15839,1.15252,1.15623,0,2025-11-25 12:00:00
1764086400,1.15623,1.15859,1.155,1.15837,0,2025-11-25 16:00:00
1764100800,1.15838,1.15843,1.1558,1.15648,0,2025-11-25 20:00:00
1764115200,1.15648,1.15915,1.15632,1.15906,0,2025-11-26 00:00:00
1764129600,1.15903,1.15958,1.1575,1.15792,0,2025-11-26 04:00:00
1764144000,1.15792,1.15809,1.15656,1.15741,0,2025-11-26 08:00:00
1764158400,1.15739,1.15948,1.1547,1.15894,0,2025-11-26 12:00:00
1764172800,1.15894,1.16008,1.1585,1.15936,0,2025-11-26 16:00:00
1764187200,1.15936,1.16021,1.15882,1.16017,0,2025-11-26 20:00:00
1764201600,1.16018,1.16132,1.15997,1.16019,0,2025-11-27 00:00:00
1764216000,1.16021,1.16062,1.15858,1.15916,0,2025-11-27 04:00:00
1764230400,1.15919,1.15954,1.15763,1.15859,0,2025-11-27 08:00:00
1764244800,1.1586,1.15994,1.15818,1.1594,0,2025-11-27 12:00:00
1764259200,1.15941,1.16015,1.15911,1.15952,0,2025-11-27 16:00:00
1764273600,1.15952,1.16015,1.15927,1.15996,0,2025-11-27 20:00:00
1764288000,1.15995,1.16018,1.158,1.15869,0,2025-11-28 00:00:00
1764302400,1.15869,1.15931,1.15773,1.15787,0,2025-11-28 04:00:00
1764316800,1.15794,1.15813,1.1555,1.15675,0,2025-11-28 08:00:00
1764331200,1.15676,1.16075,1.15608,1.16074,0,2025-11-28 12:00:00
1764345600,1.16072,1.16074,1.15927,1.16021,0,2025-11-28 16:00:00
1764360000,1.16021,1.16042,1.15954,1.15973,0,2025-11-28 20:00:00
1764532800,1.1594,1.16078,1.15912,1.1601,0,2025-11-30 20:00:00
1764547200,1.16011,1.16158,1.15893,1.15968,0,2025-12-01 00:00:00
1764561600,1.15969,1.16128,1.15903,1.16068,0,2025-12-01 04:00:00
1764576000,1.16067,1.16321,1.1604,1.16277,0,2025-12-01 08:00:00
1764590400,1.16276,1.16522,1.16226,1.16287,0,2025-12-01 12:00:00
1764604800,1.16289,1.16342,1.1607,1.16083,0,2025-12-01 16:00:00
1764619200,1.16085,1.16108,1.16063,1.16066,0,2025-12-01 20:00:00
1764633600,1.16069,1.16127,1.16037,1.1612,0,2025-12-02 00:00:00
1764648000,1.1612,1.16162,1.16047,1.16125,0,2025-12-02 04:00:00
1764662400,1.16125,1.16161,1.15983,1.16116,0,2025-12-02 08:00:00
1764676800,1.16117,1.1623,1.15932,1.16061,0,2025-12-02 12:00:00
1764691200,1.16061,1.16248,1.1591,1.16206,0,2025-12-02 16:00:00
1764705600,1.16204,1.1629,1.16196,1.1628,0,2025-12-02 20:00:00
1764720000,1.1628,1.16389,1.16277,1.16376,0,2025-12-03 00:00:00
1764734400,1.16378,1.16526,1.16361,1.16412,0,2025-12-03 04:00:00
1764748800,1.16412,1.16657,1.16356,1.16655,0,2025-12-03 08:00:00
1764763200,1.16654,1.16752,1.16543,1.16595,0,2025-12-03 12:00:00
1764777600,1.16595,1.16775,1.16574,1.16727,0,2025-12-03 16:00:00
1764792000,1.16725,1.16743,1.16633,1.16661,0,2025-12-03 20:00:00
1764806400,1.16662,1.16673,1.16533,1.16558,0,2025-12-04 00:00:00
1764820800,1.16556,1.16652,1.16529,1.16652,0,2025-12-04 04:00:00
1764835200,1.16652,1.16819,1.16632,1.16802,0,2025-12-04 08:00:00
1764849600,1.16801,1.16808,1.16517,1.16731,0,2025-12-04 12:00:00
1764864000,1.16731,1.16734,1.165,1.16525,0,2025-12-04 16:00:00
1764878400,1.16524,1.16524,1.16409,1.16431,0,2025-12-04 20:00:00
1764892800,1.16433,1.16543,1.16433,1.16489,0,2025-12-05 00:00:00
1764907200,1.16489,1.16717,1.16486,1.16627,0,2025-12-05 04:00:00
1764921600,1.1663,1.1664,1.16415,1.16464,0,2025-12-05 08:00:00
1764936000,1.16464,1.166,1.16433,1.16481,0,2025-12-05 12:00:00
1764950400,1.16481,1.1649,1.16279,1.1643,0,2025-12-05 16:00:00
1764964800,1.16429,1.16471,1.16388,1.16388,0,2025-12-05 20:00:00
1765137600,1.16373,1.16461,1.16341,1.16404,0,2025-12-07 20:00:00
1765152000,1.16406,1.16554,1.16394,1.165,0,2025-12-08 00:00:00
1765166400,1.16501,1.16718,1.16496,1.16579,0,2025-12-08 04:00:00
1765180800,1.16581,1.16623,1.16467,1.16502,0,2025-12-08 08:00:00
1765195200,1.16502,1.16573,1.16169,1.16249,0,2025-12-08 12:00:00
1765209600,1.16248,1.16419,1.16163,1.16393,0,2025-12-08 16:00:00
1765224000,1.16394,1.16418,1.16315,1.16407,0,2025-12-08 20:00:00
1765238400,1.16405,1.16486,1.16358,1.16454,0,2025-12-09 00:00:00
1765252800,1.16453,1.16502,1.16379,1.16398,0,2025-12-09 04:00:00
1765267200,1.16399,1.16571,1.16334,1.16434,0,2025-12-09 08:00:00
1765281600,1.16434,1.16442,1.16149,1.16287,0,2025-12-09 12:00:00
1765296000,1.16288,1.1641,1.16168,1.16287,0,2025-12-09 16:00:00
1765310400,1.16286,1.1632,1.16234,1.16278,0,2025-12-09 20:00:00
1765324800,1.1628,1.16288,1.16214,1.16263,0,2025-12-10 00:00:00
1765339200,1.16264,1.16493,1.16249,1.1648,0,2025-12-10 04:00:00
1765353600,1.16482,1.16576,1.16274,1.1635,0,2025-12-10 08:00:00
1765368000,1.1635,1.16512,1.16276,1.16418,0,2025-12-10 12:00:00
1765382400,1.16419,1.1681,1.16372,1.16782,0,2025-12-10 16:00:00
1765396800,1.16781,1.17027,1.16737,1.17013,0,2025-12-10 20:00:00
1765411200,1.17013,1.17072,1.16899,1.16906,0,2025-12-11 00:00:00
1765425600,1.16907,1.1701,1.16821,1.16934,0,2025-12-11 04:00:00
1765440000,1.16935,1.17178,1.1687,1.1713,0,2025-12-11 08:00:00
1765454400,1.17128,1.1757,1.17098,1.17563,0,2025-12-11 12:00:00
1765468800,1.17564,1.17627,1.17405,1.17409,0,2025-12-11 16:00:00
1765483200,1.17409,1.17457,1.1736,1.17407,0,2025-12-11 20:00:00
1765497600,1.17407,1.17461,1.17311,1.17342,0,2025-12-12 00:00:00
1765512000,1.17342,1.17432,1.1731,1.17377,0,2025-12-12 04:00:00
1765526400,1.17377,1.17421,1.17221,1.17268,0,2025-12-12 08:00:00
1765540800,1.17266,1.17449,1.17195,1.17381,0,2025-12-12 12:00:00
1765555200,1.1738,1.17497,1.17261,1.17404,0,2025-12-12 16:00:00
1765569600,1.17402,1.17465,1.17368,1.17396,0,2025-12-12 20:00:00
1765742400,1.17358,1.17406,1.17277,1.17369,0,2025-12-14 20:00:00
1765756800,1.1737,1.17447,1.17283,1.17341,0,2025-12-15 00:00:00
1765771200,1.1734,1.1738,1.17277,1.17282,0,2025-12-15 04:00:00
1765785600,1.17283,1.175,1.17264,1.17486,0,2025-12-15 08:00:00
1765800000,1.17486,1.17688,1.17439,1.17628,0,2025-12-15 12:00:00
1765814400,1.17629,1.17647,1.17382,1.17487,0,2025-12-15 16:00:00
1765828800,1.17488,1.17557,1.17474,1.17533,0,2025-12-15 20:00:00
1765843200,1.17535,1.1759,1.17467,1.17517,0,2025-12-16 00:00:00
1765857600,1.17519,1.17541,1.17442,1.17521,0,2025-12-16 04:00:00
1765872000,1.17523,1.17639,1.17464,1.1763,0,2025-12-16 08:00:00
1765886400,1.1763,1.1804,1.17568,1.177,0,2025-12-16 12:00:00
1765900800,1.17702,1.17778,1.1735,1.17576,0,2025-12-16 16:00:00
1765915200,1.17574,1.17629,1.1745,1.17492,0,2025-12-16 20:00:00
1765929600,1.1749,1.17523,1.17369,1.17389,0,2025-12-17 00:00:00
1765944000,1.1739,1.17397,1.1703,1.17128,0,2025-12-17 04:00:00
1765958400,1.17128,1.17273,1.17059,1.1709,0,2025-12-17 08:00:00
1765972800,1.1709,1.1758,1.17083,1.17527,0,2025-12-17 12:00:00
1765987200,1.17526,1.17561,1.17413,1.17449,0,2025-12-17 16:00:00
1766001600,1.17449,1.17461,1.17383,1.17414,0,2025-12-17 20:00:00
1766016000,1.17415,1.17456,1.1735,1.17392,0,2025-12-18 00:00:00
1766030400,1.17391,1.17496,1.17333,1.17337,0,2025-12-18 04:00:00
1766044800,1.17336,1.17369,1.17171,1.17206,0,2025-12-18 08:00:00
1766059200,1.17204,1.17627,1.17123,1.1727,0,2025-12-18 12:00:00
1766073600,1.17269,1.17459,1.1715,1.1725,0,2025-12-18 16:00:00
1766088000,1.1725,1.17277,1.17159,1.17246,0,2025-12-18 20:00:00
1766102400,1.17247,1.17285,1.17182,1.1721,0,2025-12-19 00:00:00
1766116800,1.17209,1.17225,1.17031,1.17075,0,2025-12-19 04:00:00
1766131200,1.17077,1.17177,1.17062,1.17113,0,2025-12-19 08:00:00
1766145600,1.17111,1.17377,1.17021,1.17094,0,2025-12-19 12:00:00
1766160000,1.17096,1.17271,1.17082,1.17235,0,2025-12-19 16:00:00
1766174400,1.17235,1.17255,1.17059,1.17103,0,2025-12-19 20:00:00
1766347200,1.17149,1.17169,1.17058,1.17103,0,2025-12-21 20:00:00
1766361600,1.17098,1.17193,1.17093,1.17174,0,2025-12-22 00:00:00
1766376000,1.17173,1.1731,1.17127,1.17289,0,2025-12-22 04:00:00
1766390400,1.17288,1.17381,1.17231,1.17333,0,2025-12-22 08:00:00
1766404800,1.17332,1.17693,1.17332,1.17637,0,2025-12-22 12:00:00
1766419200,1.17638,1.17643,1.17481,1.17553,0,2025-12-22 16:00:00
1766433600,1.17553,1.17654,1.1752,1.17634,0,2025-12-22 20:00:00
1766448000,1.17635,1.17803,1.17628,1.17763,0,2025-12-23 00:00:00
1766462400,1.17766,1.17813,1.17684,1.17786,0,2025-12-23 04:00:00
1766476800,1.17783,1.18003,1.17751,1.17955,0,2025-12-23 08:00:00
1766491200,1.17958,1.18021,1.17637,1.17742,0,2025-12-23 12:00:00
1766505600,1.17742,1.17912,1.17689,1.17899,0,2025-12-23 16:00:00
1766520000,1.179,1.1797,1.17868,1.17946,0,2025-12-23 20:00:00
1766534400,1.17946,1.18079,1.17868,1.17875,0,2025-12-24 00:00:00
1766548800,1.17874,1.18038,1.17857,1.17889,0,2025-12-24 04:00:00
1766563200,1.17889,1.18008,1.17797,1.17927,0,2025-12-24 08:00:00
1766577600,1.17928,1.1793,1.17753,1.1778,0,2025-12-24 12:00:00
1766592000,1.17781,1.1783,1.17726,1.17816,0,2025-12-24 16:00:00
1766606400,1.17815,1.17822,1.17695,1.17714,0,2025-12-24 20:00:00
1766620800,1.17708,1.17835,1.17707,1.1775,0,2025-12-25 00:00:00
1766635200,1.17743,1.17819,1.17663,1.17752,0,2025-12-25 04:00:00
1766692800,1.17755,1.17843,1.17755,1.17833,0,2025-12-25 20:00:00
1766707200,1.17839,1.17934,1.17767,1.17843,0,2025-12-26 00:00:00
1766721600,1.17839,1.17877,1.177,1.17728,0,2025-12-26 04:00:00
1766736000,1.17728,1.17822,1.17662,1.17773,0,2025-12-26 08:00:00
1766750400,1.17774,1.17966,1.17713,1.1777,0,2025-12-26 12:00:00
1766764800,1.17771,1.17796,1.17615,1.17763,0,2025-12-26 16:00:00
1766779200,1.17765,1.17814,1.17655,1.1768,0,2025-12-26 20:00:00
1766952000,1.17631,1.17777,1.17631,1.17722,0,2025-12-28 20:00:00
1766966400,1.17723,1.17862,1.17709,1.17732,0,2025-12-29 00:00:00
1766980800,1.17734,1.17789,1.17537,1.17769,0,2025-12-29 04:00:00
1766995200,1.17769,1.1789,1.17576,1.17656,0,2025-12-29 08:00:00
1767009600,1.17658,1.17886,1.17555,1.17677,0,2025-12-29 12:00:00
1767024000,1.17677,1.17681,1.17493,1.17672,0,2025-12-29 16:00:00
1767038400,1.1767,1.17745,1.17644,1.17722,0,2025-12-29 20:00:00
1767052800,1.17721,1.17763,1.17695,1.17723,0,2025-12-30 00:00:00
1767067200,1.17724,1.17797,1.17662,1.17702,0,2025-12-30 04:00:00
1767081600,1.17703,1.17777,1.17641,1.17665,0,2025-12-30 08:00:00
1767096000,1.17666,1.17678,1.17453,1.17597,0,2025-12-30 12:00:00
1767110400,1.17597,1.17665,1.1745,1.17466,0,2025-12-30 16:00:00
1767124800,1.17469,1.17501,1.17431,1.17456,0,2025-12-30 20:00:00
1767139200,1.17455,1.17489,1.17388,1.17426,0,2025-12-31 00:00:00
1767153600,1.17424,1.17427,1.17297,1.17369,0,2025-12-31 04:00:00
1767168000,1.1737,1.17478,1.17199,1.17471,0,2025-12-31 08:00:00
1767182400,1.17472,1.17592,1.17202,1.17439,0,2025-12-31 12:00:00
1767196800,1.17441,1.17488,1.17285,1.17407,0,2025-12-31 16:00:00
1767211200,1.17405,1.17528,1.174,1.17455,0,2025-12-31 20:00:00
1767297600,1.17387,1.17507,1.17387,1.17506,0,2026-01-01 20:00:00
1767312000,1.17509,1.17649,1.17498,1.17644,0,2026-01-02 00:00:00
1767326400,1.17645,1.17647,1.1732,1.17347,0,2026-01-02 04:00:00
1767340800,1.17344,1.17382,1.17132,1.17219,0,2026-01-02 08:00:00
1767355200,1.17218,1.1752,1.17158,1.17504,0,2026-01-02 12:00:00
1767369600,1.17505,1.17542,1.17141,1.17231,0,2026-01-02 16:00:00
1767384000,1.17234,1.17236,1.17152,1.17199,0,2026-01-02 20:00:00
1767556800,1.17203,1.17219,1.16999,1.1705,0,2026-01-04 20:00:00
1767571200,1.1705,1.1711,1.16721,1.16752,0,2026-01-05 00:00:00
1767585600,1.1675,1.1692,1.16731,1.16862,0,2026-01-05 04:00:00
1767600000,1.1686,1.16948,1.16736,1.16813,0,2026-01-05 08:00:00
1767614400,1.16814,1.17045,1.16588,1.17045,0,2026-01-05 12:00:00
1767628800,1.17045,1.17286,1.1704,1.17271,0,2026-01-05 16:00:00
1767643200,1.17269,1.17286,1.17128,1.17144,0,2026-01-05 20:00:00
1767657600,1.17144,1.17382,1.17106,1.17343,0,2026-01-06 00:00:00
1767672000,1.17343,1.17428,1.17257,1.17289,0,2026-01-06 04:00:00
1767686400,1.17288,1.17388,1.17049,1.17061,0,2026-01-06 08:00:00
1767700800,1.17063,1.17174,1.16838,1.16952,0,2026-01-06 12:00:00
1767715200,1.16952,1.1702,1.16837,1.16896,0,2026-01-06 16:00:00
1767729600,1.16897,1.16931,1.16844,1.16868,0,2026-01-06 20:00:00
1767744000,1.1687,1.17025,1.16851,1.16983,0,2026-01-07 00:00:00
1767758400,1.16985,1.17019,1.16784,1.16827,0,2026-01-07 04:00:00
1767772800,1.16825,1.16939,1.16728,1.16892,0,2026-01-07 08:00:00
1767787200,1.16892,1.16985,1.16797,1.16901,0,2026-01-07 12:00:00
1767801600,1.169,1.16948,1.16786,1.16823,0,2026-01-07 16:00:00
1767816000,1.16825,1.16838,1.16727,1.16767,0,2026-01-07 20:00:00
1767830400,1.16768,1.16828,1.16724,1.16799,0,2026-01-08 00:00:00
1767844800,1.16797,1.16828,1.16747,1.16778,0,2026-01-08 04:00:00
1767859200,1.16779,1.16817,1.16687,1.16775,0,2026-01-08 08:00:00
1767873600,1.16774,1.16777,1.16561,1.16664,0,2026-01-08 12:00:00
1767888000,1.16662,1.16673,1.16425,1.16501,0,2026-01-08 16:00:00
1767902400,1.165,1.16624,1.16496,1.16578,0,2026-01-08 20:00:00
1767916800,1.16579,1.1659,1.16459,1.16561,0,2026-01-09 00:00:00
1767931200,1.16559,1.16569,1.16399,1.16506,0,2026-01-09 04:00:00
1767945600,1.16508,1.16529,1.16367,1.1646,0,2026-01-09 08:00:00
1767960000,1.1646,1.16604,1.16179,1.16405,0,2026-01-09 12:00:00
1767974400,1.16405,1.16431,1.16276,1.16346,0,2026-01-09 16:00:00
1767988800,1.16348,1.16377,1.16292,1.16298,0,2026-01-09 20:00:00
1768161600,1.16296,1.16348,1.1623,1.16235,0,2026-01-11 20:00:00
1768176000,1.16237,1.16713,1.16216,1.16551,0,2026-01-12 00:00:00
1768190400,1.16549,1.16876,1.16528,1.16849,0,2026-01-12 04:00:00
1768204800,1.16847,1.16957,1.16755,1.16784,0,2026-01-12 08:00:00
1768219200,1.16785,1.16984,1.16728,1.16811,0,2026-01-12 12:00:00
1768233600,1.16812,1.1682,1.16651,1.1672,0,2026-01-12 16:00:00
1768248000,1.1672,1.1673,1.16628,1.16673,0,2026-01-12 20:00:00
1768262400,1.16673,1.16673,1.16561,1.16586,0,2026-01-13 00:00:00
1768276800,1.16584,1.16674,1.16537,1.1664,0,2026-01-13 04:00:00
1768291200,1.16639,1.16742,1.16586,1.16685,0,2026-01-13 08:00:00
1768305600,1.16685,1.16776,1.1644,1.16518,0,2026-01-13 12:00:00
1768320000,1.16519,1.16545,1.1634,1.1649,0,2026-01-13 16:00:00
1768334400,1.16489,1.16498,1.16408,1.1642,0,2026-01-13 20:00:00
1768348800,1.16421,1.16487,1.16359,1.16469,0,2026-01-14 00:00:00
1768363200,1.16467,1.16519,1.16413,1.16459,0,2026-01-14 04:00:00
1768377600,1.16461,1.16578,1.1641,1.16467,0,2026-01-14 08:00:00
1768392000,1.16469,1.16606,1.16447,1.16599,0,2026-01-14 12:00:00
1768406400,1.16599,1.16615,1.16354,1.16362,0,2026-01-14 16:00:00
1768420800,1.16362,1.16472,1.16362,1.16449,0,2026-01-14 20:00:00
1768435200,1.1645,1.16455,1.16329,1.16387,0,2026-01-15 00:00:00
1768449600,1.1639,1.16393,1.16259,1.16287,0,2026-01-15 04:00:00
1768464000,1.16287,1.16409,1.16267,1.16308,0,2026-01-15 08:00:00
1768478400,1.16307,1.16349,1.1593,1.16021,0,2026-01-15 12:00:00
1768492800,1.16021,1.16174,1.15981,1.16136,0,2026-01-15 16:00:00
1768507200,1.16137,1.16155,1.16025,1.16088,0,2026-01-15 20:00:00
1768521600,1.16087,1.16141,1.16023,1.1612,0,2026-01-16 00:00:00
1768536000,1.1612,1.16147,1.16042,1.1612,0,2026-01-16 04:00:00
1768550400,1.16121,1.16233,1.16079,1.16191,0,2026-01-16 08:00:00
1768564800,1.1619,1.16273,1.15843,1.15935,0,2026-01-16 12:00:00
1768579200,1.15933,1.16058,1.15893,1.15963,0,2026-01-16 16:00:00
1768593600,1.15964,1.16022,1.1595,1.1595,0,2026-01-16 20:00:00
1768766400,1.15815,1.16268,1.15777,1.16241,0,2026-01-18 20:00:00
1768780800,1.1624,1.16378,1.16043,1.16245,0,2026-01-19 00:00:00
1768795200,1.16244,1.16412,1.16229,1.16259,0,2026-01-19 04:00:00
1768809600,1.1626,1.16297,1.1611,1.16277,0,2026-01-19 08:00:00
1768824000,1.16277,1.16433,1.1625,1.16398,0,2026-01-19 12:00:00
1768838400,1.16398,1.16487,1.16376,1.16431,0,2026-01-19 16:00:00
1768852800,1.16431,1.16473,1.16383,1.16393,0,2026-01-19 20:00:00
1768867200,1.16395,1.16586,1.16324,1.16565,0,2026-01-20 00:00:00
1768881600,1.16566,1.16936,1.16559,1.16885,0,2026-01-20 04:00:00
1768896000,1.16885,1.17388,1.16873,1.17348,0,2026-01-20 08:00:00
1768910400,1.17347,1.17688,1.17151,1.17269,0,2026-01-20 12:00:00
1768924800,1.17268,1.17426,1.17114,1.17122,0,2026-01-20 16:00:00
1768939200,1.17122,1.17289,1.17106,1.1727,0,2026-01-20 20:00:00
1768953600,1.1727,1.17342,1.17104,1.17188,0,2026-01-21 00:00:00
1768968000,1.17188,1.17253,1.17097,1.1717,0,2026-01-21 04:00:00
1768982400,1.17167,1.17202,1.17012,1.17141,0,2026-01-21 08:00:00
1768996800,1.17141,1.1743,1.17005,1.17019,0,2026-01-21 12:00:00
1769011200,1.17018,1.17115,1.16768,1.16914,0,2026-01-21 16:00:00
1769025600,1.16915,1.16919,1.16697,1.16728,0,2026-01-21 20:00:00
1769040000,1.16727,1.16935,1.16727,1.16888,0,2026-01-22 00:00:00
1769054400,1.1689,1.16972,1.16841,1.16905,0,2026-01-22 04:00:00
1769068800,1.16903,1.17041,1.16841,1.17022,0,2026-01-22 08:00:00
1769083200,1.17022,1.1734,1.16999,1.17338,0,2026-01-22 12:00:00
1769097600,1.17338,1.17505,1.17266,1.17439,0,2026-01-22 16:00:00
1769112000,1.1744,1.17591,1.17419,1.17538,0,2026-01-22 20:00:00
1769126400,1.17537,1.17537,1.17435,1.17435,0,2026-01-23 00:00:00
1769140800,1.17436,1.17539,1.1735,1.17358,0,2026-01-23 04:00:00
1769155200,1.1736,1.17452,1.17283,1.17374,0,2026-01-23 08:00:00
1769169600,1.17373,1.17612,1.17318,1.17579,0,2026-01-23 12:00:00
1769184000,1.17579,1.18148,1.17463,1.18116,0,2026-01-23 16:00:00
1769198400,1.18117,1.18336,1.181,1.1828,0,2026-01-23 20:00:00
1769371200,1.18661,1.18976,1.18506,1.18602,0,2026-01-25 20:00:00
1769385600,1.18601,1.18764,1.18443,1.18623,0,2026-01-26 00:00:00
1769400000,1.18624,1.18697,1.18364,1.18386,0,2026-01-26 04:00:00
1769414400,1.18386,1.18674,1.18381,1.18557,0,2026-01-26 08:00:00
1769428800,1.18557,1.18969,1.18347,1.18953,0,2026-01-26 12:00:00
1769443200,1.18952,1.19069,1.18705,1.18792,0,2026-01-26 16:00:00
1769457600,1.1879,1.18862,1.18716,1.18738,0,2026-01-26 20:00:00
1769472000,1.18736,1.18993,1.18724,1.18795,0,2026-01-27 00:00:00
1769486400,1.18797,1.18823,1.18608,1.18637,0,2026-01-27 04:00:00
1769500800,1.18634,1.18971,1.18502,1.18954,0,2026-01-27 08:00:00
1769515200,1.18953,1.19724,1.18941,1.19508,0,2026-01-27 12:00:00
1769529600,1.19506,1.199,1.19495,1.19771,0,2026-01-27 16:00:00
1769544000,1.1977,1.20822,1.19716,1.20227,0,2026-01-27 20:00:00
1769558400,1.20227,1.20235,1.1987,1.19969,0,2026-01-28 00:00:00
1769572800,1.1997,1.20257,1.19748,1.19912,0,2026-01-28 04:00:00
1769587200,1.19913,1.20047,1.19617,1.19679,0,2026-01-28 08:00:00
1769601600,1.19678,1.19834,1.19231,1.19434,0,2026-01-28 12:00:00
1769616000,1.19432,1.19526,1.18957,1.19403,0,2026-01-28 16:00:00
1769630400,1.19402,1.19808,1.19293,1.19808,0,2026-01-28 20:00:00
1769644800,1.19807,1.19868,1.19532,1.19864,0,2026-01-29 00:00:00
1769659200,1.19863,1.19964,1.19671,1.1974,0,2026-01-29 04:00:00
1769673600,1.19738,1.19856,1.19379,1.19468,0,2026-01-29 08:00:00
1769688000,1.19471,1.19725,1.19059,1.19294,0,2026-01-29 12:00:00
1769702400,1.19292,1.19648,1.19273,1.19513,0,2026-01-29 16:00:00
1769716800,1.19512,1.19745,1.19457,1.19674,0,2026-01-29 20:00:00
1769731200,1.19673,1.19729,1.18948,1.19197,0,2026-01-30 00:00:00
1769745600,1.19197,1.19423,1.19138,1.19377,0,2026-01-30 04:00:00
1769760000,1.19377,1.19505,1.18981,1.1949,0,2026-01-30 08:00:00
1769774400,1.19489,1.19546,1.18831,1.18951,0,2026-01-30 12:00:00
1769788800,1.18954,1.18975,1.18544,1.18693,0,2026-01-30 16:00:00
1769803200,1.18693,1.18693,1.18498,1.185,0,2026-01-30 20:00:00
1769976000,1.18492,1.18569,1.18395,1.18461,0,2026-02-01 20:00:00
1769990400,1.18464,1.18747,1.18463,1.18641,0,2026-02-02 00:00:00
1770004800,1.18641,1.18725,1.18409,1.18532,0,2026-02-02 04:00:00
1770019200,1.18533,1.18712,1.18435,1.18646,0,2026-02-02 08:00:00
1770033600,1.18645,1.18698,1.17902,1.17923,0,2026-02-02 12:00:00
1770048000,1.17922,1.18124,1.17758,1.17886,0,2026-02-02 16:00:00
1770062400,1.17888,1.17989,1.17802,1.17987,0,2026-02-02 20:00:00
1770076800,1.17986,1.18149,1.17979,1.18093,0,2026-02-03 00:00:00
1770091200,1.18092,1.18243,1.18048,1.18149,0,2026-02-03 04:00:00
1770105600,1.1815,1.18193,1.17825,1.17871,0,2026-02-03 08:00:00
1770120000,1.17872,1.18135,1.178,1.18129,0,2026-02-03 12:00:00
1770134400,1.18131,1.18288,1.18058,1.18133,0,2026-02-03 16:00:00
1770148800,1.18135,1.18253,1.18094,1.18155,0,2026-02-03 20:00:00
1770163200,1.18155,1.18317,1.18086,1.18268,0,2026-02-04 00:00:00
1770177600,1.18268,1.18361,1.18241,1.1832,0,2026-02-04 04:00:00
1770192000,1.18317,1.18379,1.18046,1.18103,0,2026-02-04 08:00:00
1770206400,1.18102,1.18268,1.17933,1.17961,0,2026-02-04 12:00:00
1770220800,1.17962,1.1815,1.17903,1.18091,0,2026-02-04 16:00:00
1770235200,1.18088,1.18096,1.18002,1.18015,0,2026-02-04 20:00:00
1770249600,1.18014,1.18082,1.17826,1.17892,0,2026-02-05 00:00:00
1770264000,1.17893,1.18033,1.17841,1.17989,0,2026-02-05 04:00:00
1770278400,1.17987,1.18088,1.17802,1.17935,0,2026-02-05 08:00:00
1770292800,1.17935,1.18218,1.17818,1.17911,0,2026-02-05 12:00:00
1770307200,1.17913,1.18041,1.1785,1.17941,0,2026-02-05 16:00:00
1770321600,1.17939,1.17947,1.17749,1.17764,0,2026-02-05 20:00:00
1770336000,1.17763,1.17916,1.17654,1.17874,0,2026-02-06 00:00:00
1770350400,1.17878,1.18016,1.17872,1.17913,0,2026-02-06 04:00:00
1770364800,1.17913,1.17997,1.17855,1.179,0,2026-02-06 08:00:00
1770379200,1.17899,1.1826,1.17881,1.18193,0,2026-02-06 12:00:00
1770393600,1.18192,1.18228,1.18099,1.1819,0,2026-02-06 16:00:00
1770408000,1.18191,1.18239,1.18113,1.18115,0,2026-02-06 20:00:00
1770580800,1.18106,1.18277,1.18097,1.18266,0,2026-02-08 20:00:00
1770595200,1.18267,1.18335,1.18159,1.18187,0,2026-02-09 00:00:00
1770609600,1.18188,1.18598,1.18188,1.18558,0,2026-02-09 04:00:00
1770624000,1.18558,1.1872,1.18517,1.18691,0,2026-02-09 08:00:00
1770638400,1.18691,1.19266,1.18691,1.1912,0,2026-02-09 12:00:00
1770652800,1.19122,1.19222,1.18929,1.19202,0,2026-02-09 16:00:00
1770667200,1.19201,1.1921,1.19016,1.19036,0,2026-02-09 20:00:00
1770681600,1.19035,1.19169,1.18965,1.19114,0,2026-02-10 00:00:00
1770696000,1.19113,1.19131,1.18993,1.19086,0,2026-02-10 04:00:00
1770710400,1.19084,1.19198,1.18996,1.19037,0,2026-02-10 08:00:00
1770724800,1.19039,1.19285,1.18885,1.19139,0,2026-02-10 12:00:00
1770739200,1.1914,1.19149,1.18866,1.19022,0,2026-02-10 16:00:00
1770753600,1.19021,1.19033,1.18866,1.18876,0,2026-02-10 20:00:00
1770768000,1.18877,1.19137,1.18862,1.19115,0,2026-02-11 00:00:00
1770782400,1.19114,1.19256,1.19066,1.19178,0,2026-02-11 04:00:00
1770796800,1.19175,1.19272,1.19049,1.19081,0,2026-02-11 08:00:00
1770811200,1.19081,1.19092,1.18331,1.18591,0,2026-02-11 12:00:00
1770825600,1.1859,1.18934,1.18531,1.18798,0,2026-02-11 16:00:00
1770840000,1.18796,1.18809,1.18685,1.18746,0,2026-02-11 20:00:00
1770854400,1.18747,1.18846,1.18652,1.18695,0,2026-02-12 00:00:00
1770868800,1.18695,1.18751,1.18522,1.18728,0,2026-02-12 04:00:00
1770883200,1.1873,1.18878,1.18712,1.18844,0,2026-02-12 08:00:00
1770897600,1.18844,1.18883,1.18669,1.18856,0,2026-02-12 12:00:00
1770912000,1.18858,1.18899,1.18561,1.18699,0,2026-02-12 16:00:00
1770926400,1.18699,1.18725,1.18636,1.18691,0,2026-02-12 20:00:00
1770940800,1.18689,1.18734,1.18628,1.18667,0,2026-02-13 00:00:00
1770955200,1.1867,1.18677,1.18469,1.18585,0,2026-02-13 04:00:00
1770969600,1.18584,1.18666,1.18529,1.18585,0,2026-02-13 08:00:00
1770984000,1.18587,1.18846,1.18475,1.18483,0,2026-02-13 12:00:00
1770998400,1.18483,1.18827,1.18482,1.18665,0,2026-02-13 16:00:00
1771012800,1.18663,1.18764,1.18643,1.18655,0,2026-02-13 20:00:00
1771185600,1.18751,1.18755,1.18631,1.18667,0,2026-02-15 20:00:00
1771200000,1.18667,1.1869,1.18589,1.18671,0,2026-02-16 00:00:00
1771214400,1.18671,1.18701,1.18602,1.18626,0,2026-02-16 04:00:00
1771228800,1.18626,1.18703,1.18571,1.18611,0,2026-02-16 08:00:00
1771243200,1.1861,1.18634,1.18489,1.18538,0,2026-02-16 12:00:00
1771257600,1.18539,1.18567,1.18462,1.18541,0,2026-02-16 16:00:00
1771272000,1.1854,1.1855,1.18465,1.18503,0,2026-02-16 20:00:00
1771286400,1.18505,1.18519,1.18378,1.18416,0,2026-02-17 00:00:00
1771300800,1.18414,1.18457,1.18286,1.18327,0,2026-02-17 04:00:00
1771315200,1.18326,1.18497,1.1824,1.18308,0,2026-02-17 08:00:00
1771329600,1.18307,1.18358,1.18049,1.18105,0,2026-02-17 12:00:00
1771344000,1.18106,1.18531,1.18106,1.1848,0,2026-02-17 16:00:00
1771358400,1.18478,1.18573,1.18468,1.18507,0,2026-02-17 20:00:00
1771372800,1.18507,1.18535,1.1841,1.18411,0,2026-02-18 00:00:00
1771387200,1.18411,1.18464,1.18329,1.18347,0,2026-02-18 04:00:00
1771401600,1.18346,1.18408,1.18284,1.18345,0,2026-02-18 08:00:00
1771416000,1.18347,1.18485,1.18118,1.18226,0,2026-02-18 12:00:00
1771430400,1.18226,1.1826,1.17836,1.17873,0,2026-02-18 16:00:00
1771444800,1.17872,1.17904,1.17818,1.17885,0,2026-02-18 20:00:00
1771459200,1.17884,1.17955,1.17852,1.17906,0,2026-02-19 00:00:00
1771473600,1.17906,1.18035,1.17847,1.18006,0,2026-02-19 04:00:00
1771488000,1.18006,1.18075,1.17765,1.17807,0,2026-02-19 08:00:00
1771502400,1.17805,1.17807,1.17418,1.17629,0,2026-02-19 12:00:00
1771516800,1.1763,1.17741,1.1756,1.17637,0,2026-02-19 16:00:00
1771531200,1.17638,1.1778,1.17632,1.17682,0,2026-02-19 20:00:00
1771545600,1.17683,1.17722,1.17536,1.17566,0,2026-02-20 00:00:00
1771560000,1.17568,1.17625,1.17496,1.17512,0,2026-02-20 04:00:00
1771574400,1.1751,1.1769,1.17432,1.17673,0,2026-02-20 08:00:00
1771588800,1.17672,1.18074,1.17551,1.1788,0,2026-02-20 12:00:00
1771603200,1.17881,1.1799,1.17654,1.17806,0,2026-02-20 16:00:00
1771617600,1.17806,1.17914,1.17772,1.17814,0,2026-02-20 20:00:00
1771790400,1.17906,1.18346,1.17901,1.18333,0,2026-02-22 20:00:00
1771804800,1.18333,1.18344,1.18165,1.18233,0,2026-02-23 00:00:00
1771819200,1.18235,1.18338,1.1815,1.18232,0,2026-02-23 04:00:00
1771833600,1.18233,1.18249,1.17809,1.17859,0,2026-02-23 08:00:00
1771848000,1.17858,1.18098,1.17744,1.17947,0,2026-02-23 12:00:00
1771862400,1.17945,1.18087,1.1788,1.17915,0,2026-02-23 16:00:00
1771876800,1.17917,1.17953,1.1784,1.17929,0,2026-02-23 20:00:00
1771891200,1.17928,1.17963,1.17715,1.1775,0,2026-02-24 00:00:00
1771905600,1.17752,1.17823,1.17679,1.17791,0,2026-02-24 04:00:00
1771920000,1.17792,1.1793,1.17733,1.17804,0,2026-02-24 08:00:00
1771934400,1.17803,1.17835,1.1766,1.17727,0,2026-02-24 12:00:00
1771948800,1.17727,1.179,1.1772,1.17788,0,2026-02-24 16:00:00
1771963200,1.17786,1.17833,1.17715,1.17738,0,2026-02-24 20:00:00
1771977600,1.17738,1.17943,1.17732,1.17894,0,2026-02-25 00:00:00
1771992000,1.17894,1.18078,1.17876,1.17969,0,2026-02-25 04:00:00
1772006400,1.17969,1.17999,1.17709,1.17749,0,2026-02-25 08:00:00
1772020800,1.17748,1.18024,1.17729,1.1801,0,2026-02-25 12:00:00
1772035200,1.18011,1.18142,1.17986,1.18054,0,2026-02-25 16:00:00
1772049600,1.18054,1.18163,1.18031,1.1815,0,2026-02-25 20:00:00
1772064000,1.18149,1.18288,1.18117,1.18168,0,2026-02-26 00:00:00
1772078400,1.18169,1.18226,1.18087,1.18157,0,2026-02-26 04:00:00
1772092800,1.18158,1.18158,1.17931,1.18003,0,2026-02-26 08:00:00
1772107200,1.18004,1.18167,1.17809,1.17988,0,2026-02-26 12:00:00
1772121600,1.17989,1.17993,1.17737,1.17967,0,2026-02-26 16:00:00
1772136000,1.17968,1.18036,1.17887,1.18031,0,2026-02-26 20:00:00
1772150400,1.1803,1.18057,1.17887,1.18035,0,2026-02-27 00:00:00
1772164800,1.18034,1.18193,1.1797,1.18148,0,2026-02-27 04:00:00
1772179200,1.18151,1.18216,1.17927,1.18002,0,2026-02-27 08:00:00
1772193600,1.18002,1.18171,1.17903,1.1807,0,2026-02-27 12:00:00
1772208000,1.18071,1.18268,1.18056,1.18191,0,2026-02-27 16:00:00
1772222400,1.18195,1.18259,1.18108,1.18167,0,2026-02-27 20:00:00
1772395200,1.17751,1.17876,1.17568,1.1759,0,2026-03-01 20:00:00
1772409600,1.1759,1.17958,1.17559,1.17886,0,2026-03-02 00:00:00
1772424000,1.17888,1.17901,1.17034,1.17161,0,2026-03-02 04:00:00
1772438400,1.17161,1.17472,1.1698,1.17331,0,2026-03-02 08:00:00
1772452800,1.1733,1.17338,1.16797,1.16799,0,2026-03-02 12:00:00
1772467200,1.168,1.17134,1.16717,1.17111,0,2026-03-02 16:00:00
1772481600,1.17112,1.17131,1.16784,1.16944,0,2026-03-02 20:00:00
1772496000,1.16945,1.17067,1.16858,1.16902,0,2026-03-03 00:00:00
1772510400,1.16902,1.16935,1.16426,1.16437,0,2026-03-03 04:00:00
1772524800,1.16438,1.16461,1.15818,1.15972,0,2026-03-03 08:00:00
1772539200,1.15971,1.16153,1.153,1.15726,0,2026-03-03 12:00:00
1772553600,1.15727,1.16257,1.15692,1.16124,0,2026-03-03 16:00:00
1772568000,1.16126,1.16244,1.16083,1.16104,0,2026-03-03 20:00:00
1772582400,1.16106,1.1611,1.15745,1.16082,0,2026-03-04 00:00:00
1772596800,1.16084,1.1628,1.1587,1.16158,0,2026-03-04 04:00:00
1772611200,1.16157,1.16546,1.15921,1.1635,0,2026-03-04 08:00:00
1772625600,1.1635,1.16521,1.16167,1.164,0,2026-03-04 12:00:00
1772640000,1.16401,1.1646,1.16233,1.16395,0,2026-03-04 16:00:00
1772654400,1.16396,1.16437,1.16255,1.16346,0,2026-03-04 20:00:00
1772668800,1.16346,1.16473,1.16097,1.16129,0,2026-03-05 00:00:00
1772683200,1.16129,1.16161,1.15875,1.16048,0,2026-03-05 04:00:00
1772697600,1.16048,1.16445,1.15815,1.16112,0,2026-03-05 08:00:00
1772712000,1.16113,1.16247,1.15691,1.15828,0,2026-03-05 12:00:00
1772726400,1.15829,1.15918,1.15587,1.15728,0,2026-03-05 16:00:00
1772740800,1.15728,1.16104,1.15701,1.16064,0,2026-03-05 20:00:00
1772755200,1.16064,1.16205,1.16051,1.162,0,2026-03-06 00:00:00
1772769600,1.162,1.16211,1.16017,1.16144,0,2026-03-06 04:00:00
1772784000,1.16145,1.16145,1.1561,1.15624,0,2026-03-06 08:00:00
1772798400,1.15625,1.15928,1.15457,1.15796,0,2026-03-06 12:00:00
1772812800,1.15794,1.16213,1.15788,1.16012,0,2026-03-06 16:00:00
1772827200,1.16013,1.16182,1.15957,1.1617,0,2026-03-06 20:00:00
1773000000,1.15442,1.15573,1.1521,1.15243,0,2026-03-08 20:00:00
1773014400,1.15241,1.15313,1.15069,1.15164,0,2026-03-09 00:00:00
1773028800,1.15168,1.15713,1.15157,1.15633,0,2026-03-09 04:00:00
1773043200,1.15634,1.15732,1.15152,1.15612,0,2026-03-09 08:00:00
1773057600,1.15612,1.15937,1.15476,1.15914,0,2026-03-09 12:00:00
1773072000,1.15914,1.16335,1.15753,1.16087,0,2026-03-09 16:00:00
1773086400,1.16087,1.16454,1.16084,1.16163,0,2026-03-09 20:00:00
1773100800,1.16163,1.16355,1.16078,1.16095,0,2026-03-10 00:00:00
1773115200,1.16095,1.16635,1.16069,1.16604,0,2026-03-10 04:00:00
1773129600,1.16603,1.16618,1.16203,1.16384,0,2026-03-10 08:00:00
1773144000,1.16386,1.1655,1.16212,1.16475,0,2026-03-10 12:00:00
1773158400,1.16476,1.16672,1.16057,1.16142,0,2026-03-10 16:00:00
1773172800,1.16144,1.16153,1.16027,1.16111,0,2026-03-10 20:00:00
1773187200,1.16115,1.16317,1.16055,1.16302,0,2026-03-11 00:00:00
1773201600,1.16301,1.16453,1.16133,1.16167,0,2026-03-11 04:00:00
1773216000,1.16168,1.16212,1.159,1.15944,0,2026-03-11 08:00:00
1773230400,1.15943,1.16126,1.15654,1.15661,0,2026-03-11 12:00:00
1773244800,1.15661,1.15766,1.15607,1.15729,0,2026-03-11 16:00:00
1773259200,1.1573,1.15738,1.15396,1.15425,0,2026-03-11 20:00:00
1773273600,1.15424,1.15554,1.15322,1.15381,0,2026-03-12 00:00:00
1773288000,1.15381,1.15527,1.15317,1.15511,0,2026-03-12 04:00:00
1773302400,1.15511,1.15662,1.15432,1.15562,0,2026-03-12 08:00:00
1773316800,1.15565,1.15572,1.15108,1.15217,0,2026-03-12 12:00:00
1773331200,1.15217,1.15325,1.15105,1.1515,0,2026-03-12 16:00:00
1773345600,1.15151,1.1523,1.15096,1.15207,0,2026-03-12 20:00:00
1773360000,1.15208,1.15296,1.15048,1.15091,0,2026-03-13 00:00:00
1773374400,1.1509,1.15091,1.14541,1.14577,0,2026-03-13 04:00:00
1773388800,1.14576,1.1472,1.14328,1.14684,0,2026-03-13 08:00:00
1773403200,1.14683,1.14901,1.14344,1.1443,0,2026-03-13 12:00:00
1773417600,1.14429,1.14505,1.14197,1.14222,0,2026-03-13 16:00:00
1773432000,1.14223,1.14226,1.14108,1.14161,0,2026-03-13 20:00:00
1773604800,1.14218,1.14391,1.14156,1.14353,0,2026-03-15 20:00:00
1773619200,1.14354,1.14564,1.1435,1.14504,0,2026-03-16 00:00:00
1773633600,1.14504,1.14514,1.14139,1.14258,0,2026-03-16 04:00:00
1773648000,1.1426,1.14871,1.14258,1.14793,0,2026-03-16 08:00:00
1773662400,1.14793,1.15021,1.14721,1.14867,0,2026-03-16 12:00:00
1773676800,1.14867,1.15248,1.14775,1.15079,0,2026-03-16 16:00:00
1773691200,1.15076,1.15104,1.14947,1.14983,0,2026-03-16 20:00:00
1773705600,1.14984,1.15028,1.14863,1.14919,0,2026-03-17 00:00:00
1773720000,1.14918,1.15001,1.14658,1.14947,0,2026-03-17 04:00:00
1773734400,1.14949,1.15247,1.14876,1.15074,0,2026-03-17 08:00:00
1773748800,1.15074,1.15435,1.15043,1.15249,0,2026-03-17 12:00:00
1773763200,1.15248,1.15471,1.15181,1.15356,0,2026-03-17 16:00:00
1773777600,1.15358,1.15445,1.1534,1.15387,0,2026-03-17 20:00:00
1773792000,1.15389,1.15439,1.15319,1.15359,0,2026-03-18 00:00:00
1773806400,1.1536,1.15492,1.15233,1.15263,0,2026-03-18 04:00:00
1773820800,1.15261,1.15551,1.15176,1.15466,0,2026-03-18 08:00:00
1773835200,1.15466,1.15481,1.14905,1.15128,0,2026-03-18 12:00:00
1773849600,1.15127,1.15249,1.14685,1.14692,0,2026-03-18 16:00:00
1773864000,1.14691,1.14707,1.14496,1.14632,0,2026-03-18 20:00:00
1773878400,1.14631,1.14912,1.1462,1.14747,0,2026-03-19 00:00:00
1773892800,1.14743,1.14767,1.14506,1.14524,0,2026-03-19 04:00:00
1773907200,1.14522,1.14881,1.14429,1.14795,0,2026-03-19 08:00:00
1773921600,1.14796,1.15388,1.14625,1.1514,0,2026-03-19 12:00:00
1773936000,1.1514,1.16161,1.15117,1.15846,0,2026-03-19 16:00:00
1773950400,1.15847,1.15948,1.15743,1.15763,0,2026-03-19 20:00:00
1773964800,1.1576,1.158,1.1556,1.15565,0,2026-03-20 00:00:00
1773979200,1.15566,1.15751,1.15523,1.15729,0,2026-03-20 04:00:00
1773993600,1.15732,1.15805,1.1535,1.15714,0,2026-03-20 08:00:00
1774008000,1.15714,1.15797,1.15245,1.1542,0,2026-03-20 12:00:00
1774022400,1.1542,1.15716,1.15412,1.15583,0,2026-03-20 16:00:00
1774036800,1.15581,1.15718,1.15572,1.15694,0,2026-03-20 20:00:00
1774209600,1.15385,1.15647,1.1535,1.15618,0,2026-03-22 20:00:00
1774224000,1.1562,1.15642,1.15384,1.1547,0,2026-03-23 00:00:00
1774238400,1.15472,1.15523,1.15203,1.1527,0,2026-03-23 04:00:00
1774252800,1.15271,1.16196,1.14843,1.15563,0,2026-03-23 08:00:00
1774267200,1.15561,1.16397,1.15462,1.15859,0,2026-03-23 12:00:00
1774281600,1.15859,1.16372,1.15763,1.16132,0,2026-03-23 16:00:00
1774296000,1.16132,1.16175,1.16059,1.1608,0,2026-03-23 20:00:00
1774310400,1.16079,1.16085,1.15783,1.15828,0,2026-03-24 00:00:00
1774324800,1.1583,1.16176,1.15756,1.16085,0,2026-03-24 04:00:00
1774339200,1.16085,1.16092,1.15786,1.15891,0,2026-03-24 08:00:00
1774353600,1.15892,1.16069,1.15671,1.15777,0,2026-03-24 12:00:00
1774368000,1.15776,1.15928,1.15569,1.15854,0,2026-03-24 16:00:00
1774382400,1.15854,1.16282,1.15827,1.16136,0,2026-03-24 20:00:00
1774396800,1.16137,1.16305,1.16005,1.16035,0,2026-03-25 00:00:00
1774411200,1.16036,1.1605,1.15867,1.15975,0,2026-03-25 04:00:00
1774425600,1.15977,1.16165,1.15906,1.16053,0,2026-03-25 08:00:00
1774440000,1.16053,1.16135,1.15629,1.15696,0,2026-03-25 12:00:00
1774454400,1.15695,1.15836,1.15552,1.15631,0,2026-03-25 16:00:00
1774468800,1.1563,1.15634,1.15558,1.15614,0,2026-03-25 20:00:00
1774483200,1.15613,1.15695,1.15539,1.15685,0,2026-03-26 00:00:00
1774497600,1.15685,1.15722,1.15505,1.15535,0,2026-03-26 04:00:00
1774512000,1.15536,1.15649,1.15232,1.15241,0,2026-03-26 08:00:00
1774526400,1.15241,1.1555,1.15223,1.15414,0,2026-03-26 12:00:00
1774540800,1.15413,1.15431,1.15216,1.15218,0,2026-03-26 16:00:00
1774555200,1.15217,1.15588,1.15196,1.15343,0,2026-03-26 20:00:00
1774569600,1.15341,1.15425,1.15242,1.1539,0,2026-03-27 00:00:00
1774584000,1.15389,1.1546,1.15167,1.15187,0,2026-03-27 04:00:00
1774598400,1.15185,1.1526,1.15046,1.15075,0,2026-03-27 08:00:00
1774612800,1.15073,1.15476,1.15018,1.15193,0,2026-03-27 12:00:00
1774627200,1.15193,1.1529,1.15063,1.15171,0,2026-03-27 16:00:00
1774641600,1.15171,1.15207,1.15052,1.15059,0,2026-03-27 20:00:00
1774814400,1.15047,1.15047,1.14877,1.14882,0,2026-03-29 20:00:00
1774828800,1.14917,1.1515,1.14895,1.15111,0,2026-03-30 00:00:00
1774843200,1.15112,1.15211,1.15094,1.15125,0,2026-03-30 04:00:00
1774857600,1.15124,1.15127,1.14839,1.1489,0,2026-03-30 08:00:00
1774872000,1.14891,1.15004,1.14546,1.14649,0,2026-03-30 12:00:00
1774886400,1.1465,1.1466,1.1443,1.14609,0,2026-03-30 16:00:00
1774900800,1.14608,1.14674,1.14538,1.14593,0,2026-03-30 20:00:00
1774915200,1.14592,1.14906,1.14471,1.14757,0,2026-03-31 00:00:00
1774929600,1.14756,1.14762,1.14607,1.14719,0,2026-03-31 04:00:00
1774944000,1.14718,1.14757,1.1458,1.14589,0,2026-03-31 08:00:00
1774958400,1.14586,1.15405,1.14574,1.15199,0,2026-03-31 12:00:00
1774972800,1.15202,1.15595,1.15116,1.15446,0,2026-03-31 16:00:00
1774987200,1.15444,1.15634,1.15386,1.15584,0,2026-03-31 20:00:00
1775001600,1.15586,1.15787,1.15547,1.15687,0,2026-04-01 00:00:00
1775016000,1.15685,1.15927,1.1559,1.15911,0,2026-04-01 04:00:00
1775030400,1.15912,1.16106,1.15769,1.15995,0,2026-04-01 08:00:00
1775044800,1.15997,1.16268,1.15938,1.16226,0,2026-04-01 12:00:00
1775059200,1.16227,1.16271,1.15772,1.15787,0,2026-04-01 16:00:00
1775073600,1.15788,1.15942,1.15763,1.15907,0,2026-04-01 20:00:00
1775088000,1.15909,1.16055,1.15438,1.15467,0,2026-04-02 00:00:00
1775102400,1.15466,1.15489,1.1515,1.15344,0,2026-04-02 04:00:00
1775116800,1.15347,1.15377,1.1511,1.15122,0,2026-04-02 08:00:00
1775131200,1.15125,1.15638,1.1509,1.15511,0,2026-04-02 12:00:00
1775145600,1.15512,1.15585,1.1533,1.1536,0,2026-04-02 16:00:00
1775160000,1.15363,1.15437,1.15315,1.15398,0,2026-04-02 20:00:00
1775174400,1.15398,1.15449,1.1532,1.1536,0,2026-04-03 00:00:00
1775188800,1.1536,1.15405,1.15293,1.15395,0,2026-04-03 04:00:00
1775203200,1.15394,1.15489,1.15394,1.15447,0,2026-04-03 08:00:00
1775217600,1.15447,1.15465,1.15177,1.15209,0,2026-04-03 12:00:00
1775232000,1.15208,1.15277,1.1514,1.15143,0,2026-04-03 16:00:00
1775246400,1.15143,1.15298,1.15105,1.15105,0,2026-04-03 20:00:00
1775419200,1.15216,1.15233,1.15048,1.15148,0,2026-04-05 20:00:00
1775433600,1.15146,1.15286,1.15062,1.15206,0,2026-04-06 00:00:00
1775448000,1.15205,1.15374,1.15173,1.15329,0,2026-04-06 04:00:00
1775462400,1.15328,1.15686,1.15252,1.15479,0,2026-04-06 08:00:00
1775476800,1.15481,1.15713,1.15402,1.1543,0,2026-04-06 12:00:00
1775491200,1.1543,1.15524,1.15341,1.15456,0,2026-04-06 16:00:00
1775505600,1.15458,1.15474,1.15368,1.15422,0,2026-04-06 20:00:00
1775520000,1.15423,1.15438,1.15239,1.15297,0,2026-04-07 00:00:00
1775534400,1.15296,1.15454,1.15286,1.15445,0,2026-04-07 04:00:00
1775548800,1.15446,1.15756,1.15366,1.15541,0,2026-04-07 08:00:00
1775563200,1.15541,1.15835,1.1548,1.15718,0,2026-04-07 12:00:00
1775577600,1.15718,1.1583,1.15658,1.15747,0,2026-04-07 16:00:00
1775592000,1.15746,1.16693,1.15728,1.1668,0,2026-04-07 20:00:00
1775606400,1.16678,1.16968,1.16611,1.16736,0,2026-04-08 00:00:00
1775620800,1.16736,1.17085,1.16658,1.16961,0,2026-04-08 04:00:00
1775635200,1.16961,1.16999,1.16688,1.16902,0,2026-04-08 08:00:00
1775649600,1.16899,1.17217,1.16853,1.16942,0,2026-04-08 12:00:00
1775664000,1.16941,1.16964,1.16498,1.16502,0,2026-04-08 16:00:00
1775678400,1.165,1.16703,1.16433,1.16621,0,2026-04-08 20:00:00
1775692800,1.16621,1.16673,1.16503,1.16652,0,2026-04-09 00:00:00
1775707200,1.16651,1.1671,1.16541,1.16642,0,2026-04-09 04:00:00
1775721600,1.16642,1.16795,1.16554,1.1671,0,2026-04-09 08:00:00
1775736000,1.16708,1.16952,1.16693,1.16846,0,2026-04-09 12:00:00
1775750400,1.16845,1.17234,1.16775,1.16991,0,2026-04-09 16:00:00
1775764800,1.16991,1.17084,1.16923,1.16939,0,2026-04-09 20:00:00
1775779200,1.16937,1.1696,1.16853,1.16908,0,2026-04-10 00:00:00
1775793600,1.16905,1.16966,1.16831,1.16842,0,2026-04-10 04:00:00
1775808000,1.16843,1.17158,1.16773,1.17127,0,2026-04-10 08:00:00
1775822400,1.17128,1.17381,1.17095,1.17277,0,2026-04-10 12:00:00
1775836800,1.17276,1.17392,1.17136,1.17315,0,2026-04-10 16:00:00
1775851200,1.17315,1.17325,1.1722,1.17244,0,2026-04-10 20:00:00
