ts,open,high,low,close,volume,datetime_utc
1774213200,1.15378,1.15378,1.15378,1.15378,1.0,2026-03-22 21:00:00
1774213500,1.15374,1.15378,1.15374,1.15378,2.0,2026-03-22 21:05:00
1774213800,1.15374,1.15378,1.15374,1.15378,4.0,2026-03-22 21:10:00
1774214100,1.15379,1.15398,1.15379,1.15398,22.0,2026-03-22 21:15:00
1774214400,1.15398,1.15398,1.15384,1.15386,20.0,2026-03-22 21:20:00
1774214700,1.15384,1.15388,1.15378,1.15386,58.0,2026-03-22 21:25:00
1774215000,1.15384,1.15392,1.15372,1.15375,26.0,2026-03-22 21:30:00
1774215300,1.15376,1.15394,1.15376,1.15387,17.0,2026-03-22 21:35:00
1774215600,1.15386,1.15394,1.15376,1.15385,33.0,2026-03-22 21:40:00
1774215900,1.15386,1.15392,1.15385,1.15392,16.0,2026-03-22 21:45:00
1774216200,1.15393,1.15393,1.1538,1.15382,42.0,2026-03-22 21:50:00
1774216500,1.15381,1.1547,1.15381,1.1542,96.0,2026-03-22 21:55:00
1774216800,1.15422,1.15504,1.15412,1.155,233.0,2026-03-22 22:00:00
1774217100,1.15499,1.15547,1.1548,1.15547,216.0,2026-03-22 22:05:00
1774217400,1.1555,1.15565,1.15481,1.15483,389.0,2026-03-22 22:10:00
1774217700,1.15485,1.15522,1.15459,1.15497,353.0,2026-03-22 22:15:00
1774218000,1.15498,1.1559,1.15498,1.15574,494.0,2026-03-22 22:20:00
1774218300,1.15573,1.15623,1.15557,1.15591,428.0,2026-03-22 22:25:00
1774218600,1.15592,1.15628,1.15583,1.15596,454.0,2026-03-22 22:30:00
1774218900,1.15595,1.15602,1.15548,1.1557,288.0,2026-03-22 22:35:00
1774219200,1.15572,1.15586,1.15539,1.15554,317.0,2026-03-22 22:40:00
1774219500,1.15555,1.15592,1.15555,1.15585,222.0,2026-03-22 22:45:00
1774219800,1.15586,1.15595,1.15574,1.15591,207.0,2026-03-22 22:50:00
1774220100,1.15592,1.15597,1.15572,1.15583,202.0,2026-03-22 22:55:00
1774220400,1.15584,1.15606,1.15574,1.15602,532.0,2026-03-22 23:00:00
1774220700,1.15602,1.15622,1.15592,1.15615,437.0,2026-03-22 23:05:00
1774221000,1.15616,1.15624,1.15598,1.15616,323.0,2026-03-22 23:10:00
1774221300,1.15616,1.15628,1.156,1.1561,325.0,2026-03-22 23:15:00
1774221600,1.15609,1.1564,1.15606,1.15638,356.0,2026-03-22 23:20:00
1774221900,1.15638,1.15638,1.15606,1.15638,344.0,2026-03-22 23:25:00
1774222200,1.15638,1.15648,1.15605,1.15616,337.0,2026-03-22 23:30:00
1774222500,1.15616,1.15616,1.15598,1.15598,216.0,2026-03-22 23:35:00
1774222800,1.15599,1.15637,1.15598,1.15633,325.0,2026-03-22 23:40:00
1774223100,1.15634,1.15645,1.15617,1.15631,516.0,2026-03-22 23:45:00
1774223400,1.1563,1.15643,1.15598,1.15598,368.0,2026-03-22 23:50:00
1774223700,1.156,1.15622,1.15589,1.15621,444.0,2026-03-22 23:55:00
1774224000,1.15622,1.15637,1.15568,1.15592,850.0,2026-03-23 00:00:00
1774224300,1.15593,1.15634,1.15544,1.15606,961.0,2026-03-23 00:05:00
1774224600,1.15605,1.15644,1.15603,1.15616,675.0,2026-03-23 00:10:00
1774224900,1.15617,1.15622,1.15578,1.15582,664.0,2026-03-23 00:15:00
1774225200,1.15583,1.15634,1.15578,1.15593,591.0,2026-03-23 00:20:00
1774225500,1.15594,1.15607,1.1557,1.15579,490.0,2026-03-23 00:25:00
1774225800,1.15581,1.15584,1.15521,1.15524,592.0,2026-03-23 00:30:00
1774226100,1.15524,1.15524,1.15433,1.15445,1181.0,2026-03-23 00:35:00
1774226400,1.15446,1.15446,1.15386,1.15409,934.0,2026-03-23 00:40:00
1774226700,1.1541,1.15461,1.15403,1.15446,837.0,2026-03-23 00:45:00
1774227000,1.15446,1.15468,1.15409,1.15414,1012.0,2026-03-23 00:50:00
1774227300,1.15412,1.15476,1.15407,1.15444,1130.0,2026-03-23 00:55:00
1774227600,1.15443,1.1552,1.15443,1.15516,1235.0,2026-03-23 01:00:00
1774227900,1.15516,1.15582,1.1549,1.15551,861.0,2026-03-23 01:05:00
1774228200,1.1555,1.15589,1.1554,1.15586,746.0,2026-03-23 01:10:00
1774228500,1.15587,1.1561,1.1558,1.15598,896.0,2026-03-23 01:15:00
1774228800,1.15598,1.156,1.15569,1.15573,839.0,2026-03-23 01:20:00
1774229100,1.15574,1.15576,1.15552,1.15568,832.0,2026-03-23 01:25:00
1774229400,1.15569,1.15594,1.15528,1.15578,1286.0,2026-03-23 01:30:00
1774229700,1.15578,1.15617,1.15552,1.15594,911.0,2026-03-23 01:35:00
1774230000,1.15596,1.15598,1.15564,1.15598,833.0,2026-03-23 01:40:00
1774230300,1.15598,1.15598,1.15561,1.15583,766.0,2026-03-23 01:45:00
1774230600,1.15582,1.15596,1.15549,1.15566,684.0,2026-03-23 01:50:00
1774230900,1.15568,1.15574,1.1553,1.15544,608.0,2026-03-23 01:55:00
1774231200,1.15546,1.15573,1.15537,1.15556,749.0,2026-03-23 02:00:00
1774231500,1.15555,1.15574,1.15531,1.15542,725.0,2026-03-23 02:05:00
1774231800,1.15543,1.15544,1.1549,1.15504,770.0,2026-03-23 02:10:00
1774232100,1.15504,1.15538,1.15503,1.15532,434.0,2026-03-23 02:15:00
1774232400,1.1553,1.15546,1.15506,1.15506,485.0,2026-03-23 02:20:00
1774232700,1.15507,1.15538,1.15502,1.1551,565.0,2026-03-23 02:25:00
1774233000,1.15511,1.15512,1.15444,1.15456,591.0,2026-03-23 02:30:00
1774233300,1.15455,1.1547,1.1543,1.15448,491.0,2026-03-23 02:35:00
1774233600,1.1545,1.15484,1.15442,1.15478,457.0,2026-03-23 02:40:00
1774233900,1.15478,1.1548,1.15452,1.15454,376.0,2026-03-23 02:45:00
1774234200,1.15455,1.15474,1.15432,1.1547,434.0,2026-03-23 02:50:00
1774234500,1.15472,1.15486,1.1546,1.15467,474.0,2026-03-23 02:55:00
1774234800,1.15468,1.1549,1.15456,1.15486,439.0,2026-03-23 03:00:00
1774235100,1.15488,1.1549,1.15446,1.1545,326.0,2026-03-23 03:05:00
1774235400,1.15448,1.15451,1.15426,1.1545,412.0,2026-03-23 03:10:00
1774235700,1.15452,1.15474,1.15446,1.15468,413.0,2026-03-23 03:15:00
1774236000,1.15468,1.15484,1.15468,1.15474,347.0,2026-03-23 03:20:00
1774236300,1.15474,1.1549,1.15468,1.15479,299.0,2026-03-23 03:25:00
1774236600,1.15478,1.15488,1.15468,1.15486,386.0,2026-03-23 03:30:00
1774236900,1.15486,1.15486,1.15466,1.15474,300.0,2026-03-23 03:35:00
1774237200,1.15475,1.15498,1.1547,1.15491,347.0,2026-03-23 03:40:00
1774237500,1.15492,1.15504,1.15479,1.15498,254.0,2026-03-23 03:45:00
1774237800,1.15498,1.15502,1.15486,1.15487,446.0,2026-03-23 03:50:00
1774238100,1.15488,1.15498,1.15468,1.15472,365.0,2026-03-23 03:55:00
1774238400,1.15474,1.15509,1.15464,1.15472,443.0,2026-03-23 04:00:00
1774238700,1.15474,1.15504,1.15474,1.15496,266.0,2026-03-23 04:05:00
1774239000,1.15496,1.15506,1.15482,1.15496,328.0,2026-03-23 04:10:00
1774239300,1.15496,1.15516,1.15486,1.15504,249.0,2026-03-23 04:15:00
1774239600,1.15505,1.15508,1.15494,1.15508,214.0,2026-03-23 04:20:00
1774239900,1.15508,1.15509,1.15484,1.15484,208.0,2026-03-23 04:25:00
1774240200,1.15484,1.15484,1.15458,1.15479,259.0,2026-03-23 04:30:00
1774240500,1.1548,1.15495,1.1547,1.15478,244.0,2026-03-23 04:35:00
1774240800,1.15478,1.15482,1.15468,1.15473,231.0,2026-03-23 04:40:00
1774241100,1.15474,1.1548,1.15466,1.15466,203.0,2026-03-23 04:45:00
1774241400,1.15468,1.1549,1.15467,1.1549,332.0,2026-03-23 04:50:00
1774241700,1.1549,1.15508,1.15482,1.15506,258.0,2026-03-23 04:55:00
1774242000,1.15504,1.1552,1.1549,1.15511,382.0,2026-03-23 05:00:00
1774242300,1.1551,1.15525,1.15499,1.15501,394.0,2026-03-23 05:05:00
1774242600,1.155,1.15504,1.15486,1.15492,343.0,2026-03-23 05:10:00
1774242900,1.1549,1.1549,1.15424,1.15426,293.0,2026-03-23 05:15:00
1774243200,1.15424,1.15432,1.15394,1.15412,424.0,2026-03-23 05:20:00
1774243500,1.15413,1.15424,1.1541,1.15418,339.0,2026-03-23 05:25:00
1774243800,1.15417,1.15418,1.15368,1.15372,581.0,2026-03-23 05:30:00
1774244100,1.15372,1.15424,1.1537,1.15401,565.0,2026-03-23 05:35:00
1774244400,1.154,1.15401,1.1537,1.15375,376.0,2026-03-23 05:40:00
1774244700,1.15374,1.15374,1.15352,1.1536,399.0,2026-03-23 05:45:00
1774245000,1.15362,1.15382,1.15344,1.15378,491.0,2026-03-23 05:50:00
1774245300,1.15377,1.1538,1.15342,1.15342,598.0,2026-03-23 05:55:00
1774245600,1.15342,1.15344,1.153,1.1531,675.0,2026-03-23 06:00:00
1774245900,1.15308,1.15324,1.15285,1.15289,703.0,2026-03-23 06:05:00
1774246200,1.1529,1.15296,1.15249,1.15292,666.0,2026-03-23 06:10:00
1774246500,1.15294,1.15305,1.15239,1.15239,717.0,2026-03-23 06:15:00
1774246800,1.15238,1.15266,1.15226,1.15254,622.0,2026-03-23 06:20:00
1774247100,1.15254,1.15274,1.15243,1.1526,721.0,2026-03-23 06:25:00
1774247400,1.15262,1.15274,1.15238,1.15256,878.0,2026-03-23 06:30:00
1774247700,1.15255,1.1528,1.1524,1.15257,747.0,2026-03-23 06:35:00
1774248000,1.15256,1.15268,1.15206,1.15212,569.0,2026-03-23 06:40:00
1774248300,1.15212,1.15265,1.15205,1.15265,684.0,2026-03-23 06:45:00
1774248600,1.15264,1.15292,1.15258,1.15283,622.0,2026-03-23 06:50:00
1774248900,1.15284,1.15317,1.15282,1.15306,870.0,2026-03-23 06:55:00
1774249200,1.15306,1.15346,1.15302,1.15335,892.0,2026-03-23 07:00:00
1774249500,1.15334,1.15354,1.1531,1.15329,764.0,2026-03-23 07:05:00
1774249800,1.15328,1.15373,1.15322,1.1533,756.0,2026-03-23 07:10:00
1774250100,1.15329,1.15329,1.15283,1.15302,1021.0,2026-03-23 07:15:00
1774250400,1.15303,1.15328,1.15277,1.15286,964.0,2026-03-23 07:20:00
1774250700,1.15285,1.15308,1.15237,1.15244,1004.0,2026-03-23 07:25:00
1774251000,1.15242,1.15324,1.15238,1.15324,1048.0,2026-03-23 07:30:00
1774251300,1.15322,1.15404,1.15295,1.15369,849.0,2026-03-23 07:35:00
1774251600,1.1537,1.15384,1.15346,1.15384,818.0,2026-03-23 07:40:00
1774251900,1.15381,1.1539,1.15358,1.15359,797.0,2026-03-23 07:45:00
1774252200,1.15358,1.15376,1.15286,1.15297,971.0,2026-03-23 07:50:00
1774252500,1.15296,1.15305,1.15262,1.15272,972.0,2026-03-23 07:55:00
1774252800,1.15274,1.153,1.1526,1.15284,1533.0,2026-03-23 08:00:00
1774253100,1.15284,1.15349,1.15271,1.15337,1355.0,2026-03-23 08:05:00
1774253400,1.1534,1.15376,1.15308,1.15362,1130.0,2026-03-23 08:10:00
1774253700,1.15362,1.15373,1.15314,1.15369,1179.0,2026-03-23 08:15:00
1774254000,1.1537,1.15438,1.15353,1.15418,1349.0,2026-03-23 08:20:00
1774254300,1.15419,1.15454,1.15418,1.15434,1162.0,2026-03-23 08:25:00
1774254600,1.15434,1.15462,1.15391,1.15396,1215.0,2026-03-23 08:30:00
1774254900,1.15396,1.15396,1.1533,1.15366,892.0,2026-03-23 08:35:00
1774255200,1.15363,1.15376,1.15296,1.15322,1147.0,2026-03-23 08:40:00
1774255500,1.15322,1.1536,1.15305,1.15328,1174.0,2026-03-23 08:45:00
1774255800,1.15327,1.15356,1.15319,1.15338,874.0,2026-03-23 08:50:00
1774256100,1.15338,1.15348,1.15294,1.15297,955.0,2026-03-23 08:55:00
1774256400,1.15301,1.15344,1.15255,1.15262,1312.0,2026-03-23 09:00:00
1774256700,1.15262,1.15298,1.15232,1.15264,933.0,2026-03-23 09:05:00
1774257000,1.15262,1.15282,1.15242,1.15253,764.0,2026-03-23 09:10:00
1774257300,1.15252,1.15252,1.15186,1.15186,800.0,2026-03-23 09:15:00
1774257600,1.15187,1.15194,1.15148,1.1515,1039.0,2026-03-23 09:20:00
1774257900,1.15149,1.15156,1.15116,1.15152,888.0,2026-03-23 09:25:00
1774258200,1.15155,1.15172,1.151,1.151,804.0,2026-03-23 09:30:00
1774258500,1.151,1.15105,1.15058,1.15077,812.0,2026-03-23 09:35:00
1774258800,1.15076,1.15076,1.14982,1.14991,964.0,2026-03-23 09:40:00
1774259100,1.14992,1.15016,1.14942,1.14949,1051.0,2026-03-23 09:45:00
1774259400,1.14948,1.1499,1.14912,1.14916,1022.0,2026-03-23 09:50:00
1774259700,1.14918,1.14958,1.14911,1.1495,968.0,2026-03-23 09:55:00
1774260000,1.14948,1.1496,1.14894,1.14924,1018.0,2026-03-23 10:00:00
1774260300,1.14924,1.14942,1.14876,1.14926,1046.0,2026-03-23 10:05:00
1774260600,1.14925,1.14935,1.14875,1.14885,637.0,2026-03-23 10:10:00
1774260900,1.14886,1.14934,1.14868,1.14912,720.0,2026-03-23 10:15:00
1774261200,1.1491,1.14925,1.14888,1.14908,612.0,2026-03-23 10:20:00
1774261500,1.14908,1.14921,1.14853,1.1488,699.0,2026-03-23 10:25:00
1774261800,1.14881,1.14945,1.1487,1.14894,842.0,2026-03-23 10:30:00
1774262100,1.14894,1.14922,1.14865,1.14883,937.0,2026-03-23 10:35:00
1774262400,1.14884,1.14921,1.14869,1.14906,922.0,2026-03-23 10:40:00
1774262700,1.14906,1.14906,1.1486,1.14898,730.0,2026-03-23 10:45:00
1774263000,1.14895,1.15014,1.14886,1.14887,1915.0,2026-03-23 10:50:00
1774263300,1.14888,1.14892,1.14846,1.14858,881.0,2026-03-23 10:55:00
1774263600,1.14862,1.14936,1.1486,1.14871,1203.0,2026-03-23 11:00:00
1774263900,1.14872,1.162,1.1487,1.1574,11768.0,2026-03-23 11:05:00
1774264200,1.1574,1.16002,1.15578,1.15657,8980.0,2026-03-23 11:10:00
1774264500,1.15656,1.15892,1.156,1.15665,7887.0,2026-03-23 11:15:00
1774264800,1.15666,1.15677,1.15253,1.1553,6909.0,2026-03-23 11:20:00
1774265100,1.15536,1.1565,1.15428,1.1561,6383.0,2026-03-23 11:25:00
1774265400,1.15612,1.1592,1.15591,1.1588,4984.0,2026-03-23 11:30:00
1774265700,1.15882,1.15964,1.15786,1.15802,5325.0,2026-03-23 11:35:00
1774266000,1.15802,1.15878,1.15738,1.15804,3592.0,2026-03-23 11:40:00
1774266300,1.15803,1.15874,1.15583,1.1572,5131.0,2026-03-23 11:45:00
1774266600,1.15721,1.1577,1.15584,1.15734,4056.0,2026-03-23 11:50:00
1774266900,1.15735,1.15736,1.15511,1.15564,4301.0,2026-03-23 11:55:00
1774267200,1.15564,1.15636,1.15488,1.15606,4138.0,2026-03-23 12:00:00
1774267500,1.15605,1.15666,1.15464,1.15666,3462.0,2026-03-23 12:05:00
1774267800,1.15666,1.15694,1.15558,1.15558,3611.0,2026-03-23 12:10:00
1774268100,1.15559,1.15755,1.15558,1.15727,3151.0,2026-03-23 12:15:00
1774268400,1.15728,1.15796,1.15666,1.15684,2986.0,2026-03-23 12:20:00
1774268700,1.15684,1.15742,1.1567,1.15724,1878.0,2026-03-23 12:25:00
1774269000,1.15724,1.15724,1.15591,1.15707,2375.0,2026-03-23 12:30:00
1774269300,1.1571,1.15824,1.15704,1.15776,2852.0,2026-03-23 12:35:00
1774269600,1.15777,1.16014,1.15728,1.16,5476.0,2026-03-23 12:40:00
1774269900,1.16002,1.1602,1.15912,1.15988,4634.0,2026-03-23 12:45:00
1774270200,1.15989,1.1608,1.1598,1.1607,3556.0,2026-03-23 12:50:00
1774270500,1.16072,1.16144,1.16052,1.16127,2885.0,2026-03-23 12:55:00
1774270800,1.1613,1.16156,1.15981,1.16043,4557.0,2026-03-23 13:00:00
1774271100,1.16042,1.16052,1.15926,1.15956,3380.0,2026-03-23 13:05:00
1774271400,1.15955,1.15958,1.15878,1.15914,2729.0,2026-03-23 13:10:00
1774271700,1.15914,1.15931,1.15832,1.15836,2175.0,2026-03-23 13:15:00
1774272000,1.15836,1.15882,1.158,1.15836,1923.0,2026-03-23 13:20:00
1774272300,1.15835,1.15928,1.158,1.15873,1929.0,2026-03-23 13:25:00
1774272600,1.15875,1.15926,1.15828,1.1585,4717.0,2026-03-23 13:30:00
1774272900,1.15851,1.15984,1.15802,1.15976,3502.0,2026-03-23 13:35:00
1774273200,1.15976,1.16078,1.15905,1.1591,4381.0,2026-03-23 13:40:00
1774273500,1.15908,1.16018,1.15891,1.16014,4524.0,2026-03-23 13:45:00
1774273800,1.16014,1.16073,1.15953,1.15954,2987.0,2026-03-23 13:50:00
1774274100,1.15952,1.15999,1.159,1.15998,2748.0,2026-03-23 13:55:00
1774274400,1.15997,1.16112,1.1593,1.16022,3634.0,2026-03-23 14:00:00
1774274700,1.16022,1.16037,1.15952,1.16014,4011.0,2026-03-23 14:05:00
1774275000,1.16014,1.16056,1.15952,1.1601,3146.0,2026-03-23 14:10:00
1774275300,1.16012,1.1619,1.15986,1.16174,2587.0,2026-03-23 14:15:00
1774275600,1.16174,1.16298,1.16166,1.16272,2762.0,2026-03-23 14:20:00
1774275900,1.16272,1.16314,1.16188,1.16264,3108.0,2026-03-23 14:25:00
1774276200,1.16264,1.16384,1.16212,1.16346,2877.0,2026-03-23 14:30:00
1774276500,1.16345,1.16399,1.16335,1.16346,2402.0,2026-03-23 14:35:00
1774276800,1.16345,1.16345,1.162,1.16257,3469.0,2026-03-23 14:40:00
1774277100,1.16258,1.16295,1.16182,1.1627,3441.0,2026-03-23 14:45:00
1774277400,1.1627,1.1627,1.16152,1.1617,2597.0,2026-03-23 14:50:00
1774277700,1.1617,1.16228,1.16153,1.16153,1687.0,2026-03-23 14:55:00
1774278000,1.16152,1.16296,1.16148,1.1627,1921.0,2026-03-23 15:00:00
1774278300,1.1627,1.16312,1.16236,1.16272,2603.0,2026-03-23 15:05:00
1774278600,1.1627,1.16287,1.16174,1.16225,2662.0,2026-03-23 15:10:00
1774278900,1.16226,1.16236,1.16147,1.16156,1997.0,2026-03-23 15:15:00
1774279200,1.16156,1.16217,1.16106,1.16201,2654.0,2026-03-23 15:20:00
1774279500,1.162,1.16208,1.16074,1.16092,2361.0,2026-03-23 15:25:00
1774279800,1.16091,1.16117,1.16062,1.16066,2270.0,2026-03-23 15:30:00
1774280100,1.16065,1.16068,1.16001,1.16006,2241.0,2026-03-23 15:35:00
1774280400,1.16006,1.16076,1.15985,1.16006,2089.0,2026-03-23 15:40:00
1774280700,1.16004,1.16016,1.15947,1.1599,1902.0,2026-03-23 15:45:00
1774281000,1.15987,1.1601,1.1582,1.15854,3546.0,2026-03-23 15:50:00
1774281300,1.15857,1.15926,1.1583,1.15862,2971.0,2026-03-23 15:55:00
1774281600,1.15859,1.15922,1.158,1.15814,2661.0,2026-03-23 16:00:00
1774281900,1.15815,1.15902,1.15776,1.15847,2194.0,2026-03-23 16:05:00
1774282200,1.15846,1.15898,1.15814,1.15858,2332.0,2026-03-23 16:10:00
1774282500,1.15857,1.15857,1.15764,1.15794,2049.0,2026-03-23 16:15:00
1774282800,1.15796,1.15832,1.1577,1.15828,2229.0,2026-03-23 16:20:00
1774283100,1.15828,1.15832,1.1577,1.15788,1946.0,2026-03-23 16:25:00
1774283400,1.15789,1.15896,1.1578,1.15894,1871.0,2026-03-23 16:30:00
1774283700,1.15894,1.1592,1.15867,1.1587,1691.0,2026-03-23 16:35:00
1774284000,1.15868,1.15938,1.15858,1.15934,1879.0,2026-03-23 16:40:00
1774284300,1.15935,1.15981,1.15916,1.15974,2018.0,2026-03-23 16:45:00
1774284600,1.15976,1.16008,1.15964,1.15989,1693.0,2026-03-23 16:50:00
1774284900,1.1599,1.15999,1.15876,1.15911,1468.0,2026-03-23 16:55:00
1774285200,1.15912,1.15954,1.15867,1.15902,1681.0,2026-03-23 17:00:00
1774285500,1.15906,1.15999,1.15881,1.1599,1809.0,2026-03-23 17:05:00
1774285800,1.1599,1.16,1.15942,1.15953,1437.0,2026-03-23 17:10:00
1774286100,1.15955,1.16006,1.15932,1.15958,1914.0,2026-03-23 17:15:00
1774286400,1.15957,1.15966,1.15903,1.15941,1446.0,2026-03-23 17:20:00
1774286700,1.1594,1.16014,1.15938,1.15997,1139.0,2026-03-23 17:25:00
1774287000,1.15996,1.16034,1.15986,1.16034,1286.0,2026-03-23 17:30:00
1774287300,1.16034,1.16098,1.16034,1.16067,1378.0,2026-03-23 17:35:00
1774287600,1.16066,1.16082,1.15982,1.15984,1431.0,2026-03-23 17:40:00
1774287900,1.15986,1.15992,1.1593,1.15954,880.0,2026-03-23 17:45:00
1774288200,1.15952,1.16003,1.15944,1.15998,918.0,2026-03-23 17:50:00
1774288500,1.15997,1.16046,1.15987,1.16018,921.0,2026-03-23 17:55:00
1774288800,1.16018,1.16055,1.16004,1.16055,901.0,2026-03-23 18:00:00
1774289100,1.16056,1.1606,1.15918,1.16011,2558.0,2026-03-23 18:05:00
1774289400,1.16012,1.16084,1.1601,1.16057,1425.0,2026-03-23 18:10:00
1774289700,1.16056,1.16064,1.16006,1.16038,1218.0,2026-03-23 18:15:00
1774290000,1.16038,1.16092,1.16026,1.16088,901.0,2026-03-23 18:20:00
1774290300,1.16086,1.1613,1.16078,1.16126,907.0,2026-03-23 18:25:00
1774290600,1.16125,1.1627,1.16124,1.16265,911.0,2026-03-23 18:30:00
1774290900,1.16266,1.16348,1.16266,1.16272,1865.0,2026-03-23 18:35:00
1774291200,1.16273,1.16296,1.16246,1.16286,1327.0,2026-03-23 18:40:00
1774291500,1.16285,1.16328,1.16267,1.16328,1072.0,2026-03-23 18:45:00
1774291800,1.16329,1.16361,1.16292,1.16355,1147.0,2026-03-23 18:50:00
1774292100,1.16355,1.16374,1.16322,1.1635,1313.0,2026-03-23 18:55:00
1774292400,1.16348,1.16354,1.16266,1.16271,1247.0,2026-03-23 19:00:00
1774292700,1.1627,1.16299,1.1626,1.1629,660.0,2026-03-23 19:05:00
1774293000,1.1629,1.16302,1.16246,1.16252,784.0,2026-03-23 19:10:00
1774293300,1.16253,1.16261,1.16206,1.16254,733.0,2026-03-23 19:15:00
1774293600,1.16254,1.16256,1.16217,1.1624,629.0,2026-03-23 19:20:00
1774293900,1.16238,1.16244,1.16169,1.16174,808.0,2026-03-23 19:25:00
1774294200,1.16172,1.1618,1.16133,1.1617,642.0,2026-03-23 19:30:00
1774294500,1.16172,1.16193,1.16156,1.16158,476.0,2026-03-23 19:35:00
1774294800,1.16159,1.16174,1.16128,1.16164,351.0,2026-03-23 19:40:00
1774295100,1.16165,1.1618,1.16152,1.1616,601.0,2026-03-23 19:45:00
1774295400,1.16161,1.1617,1.16134,1.16134,537.0,2026-03-23 19:50:00
1774295700,1.16136,1.1615,1.16128,1.16133,624.0,2026-03-23 19:55:00
1774296000,1.16132,1.16145,1.16106,1.16122,455.0,2026-03-23 20:00:00
1774296300,1.16119,1.16153,1.16115,1.1615,230.0,2026-03-23 20:05:00
1774296600,1.1615,1.1615,1.1613,1.16146,187.0,2026-03-23 20:10:00
1774296900,1.16146,1.1615,1.16134,1.16134,185.0,2026-03-23 20:15:00
1774297200,1.16134,1.1614,1.16118,1.16121,152.0,2026-03-23 20:20:00
1774297500,1.1612,1.16124,1.16102,1.16105,204.0,2026-03-23 20:25:00
1774297800,1.16104,1.16124,1.16097,1.1612,258.0,2026-03-23 20:30:00
1774298100,1.16118,1.16123,1.16102,1.16123,121.0,2026-03-23 20:35:00
1774298400,1.16124,1.16129,1.16108,1.16128,156.0,2026-03-23 20:40:00
1774298700,1.16128,1.16136,1.16118,1.16118,164.0,2026-03-23 20:45:00
1774299000,1.16118,1.16128,1.16096,1.16099,174.0,2026-03-23 20:50:00
1774299300,1.161,1.16118,1.16096,1.16112,220.0,2026-03-23 20:55:00
1774299600,1.16138,1.16138,1.16138,1.16138,1.0,2026-03-23 21:00:00
1774299900,1.16136,1.1614,1.16129,1.16134,38.0,2026-03-23 21:05:00
1774300200,1.16136,1.16143,1.16124,1.16138,39.0,2026-03-23 21:10:00
1774300500,1.16136,1.16142,1.16133,1.16138,50.0,2026-03-23 21:15:00
1774300800,1.16138,1.16148,1.16135,1.16148,42.0,2026-03-23 21:20:00
1774301100,1.16146,1.16151,1.16134,1.16142,38.0,2026-03-23 21:25:00
1774301400,1.16144,1.16144,1.16132,1.16138,58.0,2026-03-23 21:30:00
1774301700,1.16136,1.16142,1.16131,1.16142,39.0,2026-03-23 21:35:00
1774302000,1.16144,1.16147,1.16142,1.16146,52.0,2026-03-23 21:40:00
1774302300,1.16148,1.16152,1.16134,1.1614,79.0,2026-03-23 21:45:00
1774302600,1.16142,1.1615,1.16142,1.16148,41.0,2026-03-23 21:50:00
1774302900,1.1615,1.16154,1.16146,1.16148,77.0,2026-03-23 21:55:00
1774303200,1.16148,1.16155,1.16082,1.16105,220.0,2026-03-23 22:00:00
1774303500,1.16108,1.16155,1.16105,1.16141,230.0,2026-03-23 22:05:00
1774303800,1.1614,1.16154,1.16128,1.16149,178.0,2026-03-23 22:10:00
1774304100,1.16149,1.16153,1.16118,1.16128,190.0,2026-03-23 22:15:00
1774304400,1.16126,1.16152,1.16126,1.16142,217.0,2026-03-23 22:20:00
1774304700,1.16144,1.16156,1.16138,1.16154,175.0,2026-03-23 22:25:00
1774305000,1.16154,1.16154,1.1613,1.16138,148.0,2026-03-23 22:30:00
1774305300,1.16136,1.1615,1.16136,1.16136,200.0,2026-03-23 22:35:00
1774305600,1.16134,1.16134,1.16112,1.16113,165.0,2026-03-23 22:40:00
1774305900,1.16114,1.16125,1.16102,1.16124,225.0,2026-03-23 22:45:00
1774306200,1.16124,1.16172,1.16107,1.16162,465.0,2026-03-23 22:50:00
1774306500,1.16161,1.16178,1.16148,1.16148,250.0,2026-03-23 22:55:00
1774306800,1.16148,1.16159,1.16134,1.16138,405.0,2026-03-23 23:00:00
1774307100,1.16138,1.16152,1.16122,1.1613,276.0,2026-03-23 23:05:00
1774307400,1.1613,1.16131,1.1611,1.16118,298.0,2026-03-23 23:10:00
1774307700,1.16117,1.16143,1.16112,1.16128,286.0,2026-03-23 23:15:00
1774308000,1.16127,1.16141,1.16115,1.16141,236.0,2026-03-23 23:20:00
1774308300,1.16139,1.16143,1.1612,1.16122,155.0,2026-03-23 23:25:00
1774308600,1.1612,1.16124,1.16104,1.1611,217.0,2026-03-23 23:30:00
1774308900,1.16111,1.16114,1.16095,1.16104,206.0,2026-03-23 23:35:00
1774309200,1.16105,1.16114,1.16086,1.16113,236.0,2026-03-23 23:40:00
1774309500,1.16115,1.16116,1.16064,1.16079,562.0,2026-03-23 23:45:00
1774309800,1.16078,1.16084,1.16064,1.16071,387.0,2026-03-23 23:50:00
1774310100,1.16072,1.16082,1.1606,1.1608,331.0,2026-03-23 23:55:00
1774310400,1.1608,1.16088,1.1601,1.16011,971.0,2026-03-24 00:00:00
1774310700,1.16012,1.16025,1.16,1.16007,490.0,2026-03-24 00:05:00
1774311000,1.16008,1.16016,1.15938,1.15938,566.0,2026-03-24 00:10:00
1774311300,1.15939,1.1594,1.15895,1.15934,922.0,2026-03-24 00:15:00
1774311600,1.15934,1.1597,1.15904,1.15963,811.0,2026-03-24 00:20:00
1774311900,1.15964,1.15976,1.15938,1.15944,591.0,2026-03-24 00:25:00
1774312200,1.15945,1.15964,1.15926,1.15957,719.0,2026-03-24 00:30:00
1774312500,1.15956,1.15957,1.15812,1.15853,1651.0,2026-03-24 00:35:00
1774312800,1.15852,1.15883,1.1583,1.15844,1969.0,2026-03-24 00:40:00
1774313100,1.15846,1.15872,1.15842,1.15855,904.0,2026-03-24 00:45:00
1774313400,1.15858,1.15922,1.15858,1.15916,1021.0,2026-03-24 00:50:00
1774313700,1.15915,1.15932,1.15881,1.15884,1147.0,2026-03-24 00:55:00
1774314000,1.15886,1.15914,1.15866,1.15906,1184.0,2026-03-24 01:00:00
1774314300,1.15905,1.15932,1.15892,1.15926,1032.0,2026-03-24 01:05:00
1774314600,1.15926,1.1596,1.15922,1.15945,1106.0,2026-03-24 01:10:00
1774314900,1.15944,1.15946,1.15868,1.15904,1247.0,2026-03-24 01:15:00
1774315200,1.15904,1.15926,1.15885,1.15893,899.0,2026-03-24 01:20:00
1774315500,1.15892,1.15918,1.1588,1.15887,546.0,2026-03-24 01:25:00
1774315800,1.15886,1.15897,1.15845,1.15864,959.0,2026-03-24 01:30:00
1774316100,1.15864,1.15864,1.15815,1.15821,890.0,2026-03-24 01:35:00
1774316400,1.15822,1.15831,1.15805,1.15808,783.0,2026-03-24 01:40:00
1774316700,1.15808,1.15826,1.15786,1.15803,711.0,2026-03-24 01:45:00
1774317000,1.15805,1.15862,1.15805,1.15826,643.0,2026-03-24 01:50:00
1774317300,1.15826,1.15864,1.15826,1.15846,721.0,2026-03-24 01:55:00
1774317600,1.15845,1.15869,1.15838,1.15866,815.0,2026-03-24 02:00:00
1774317900,1.15865,1.15868,1.15845,1.15866,693.0,2026-03-24 02:05:00
1774318200,1.15865,1.15865,1.15828,1.15843,642.0,2026-03-24 02:10:00
1774318500,1.15841,1.15867,1.15829,1.15854,615.0,2026-03-24 02:15:00
1774318800,1.15856,1.15894,1.15854,1.15881,604.0,2026-03-24 02:20:00
1774319100,1.15882,1.1591,1.15864,1.15908,758.0,2026-03-24 02:25:00
1774319400,1.15909,1.15924,1.15896,1.15908,825.0,2026-03-24 02:30:00
1774319700,1.15909,1.15913,1.15882,1.15882,589.0,2026-03-24 02:35:00
1774320000,1.15883,1.15902,1.15878,1.159,410.0,2026-03-24 02:40:00
1774320300,1.159,1.15916,1.15873,1.15873,538.0,2026-03-24 02:45:00
1774320600,1.15874,1.15874,1.15828,1.15864,806.0,2026-03-24 02:50:00
1774320900,1.15864,1.15872,1.15848,1.15859,668.0,2026-03-24 02:55:00
1774321200,1.1586,1.1587,1.15814,1.1582,689.0,2026-03-24 03:00:00
1774321500,1.1582,1.15851,1.1582,1.15848,519.0,2026-03-24 03:05:00
1774321800,1.15847,1.15878,1.15846,1.15865,488.0,2026-03-24 03:10:00
1774322100,1.15864,1.15894,1.15864,1.15886,321.0,2026-03-24 03:15:00
1774322400,1.15888,1.15893,1.15872,1.15872,280.0,2026-03-24 03:20:00
1774322700,1.15873,1.15892,1.15867,1.15886,411.0,2026-03-24 03:25:00
1774323000,1.15887,1.15887,1.15837,1.15846,535.0,2026-03-24 03:30:00
1774323300,1.15846,1.15854,1.15822,1.15834,527.0,2026-03-24 03:35:00
1774323600,1.15834,1.15857,1.15834,1.15841,215.0,2026-03-24 03:40:00
1774323900,1.15839,1.15853,1.15824,1.15834,309.0,2026-03-24 03:45:00
1774324200,1.15833,1.1584,1.15823,1.15828,257.0,2026-03-24 03:50:00
1774324500,1.15829,1.15848,1.15816,1.1583,478.0,2026-03-24 03:55:00
1774324800,1.15832,1.15836,1.15809,1.15816,437.0,2026-03-24 04:00:00
1774325100,1.15815,1.15823,1.15794,1.15804,354.0,2026-03-24 04:05:00
1774325400,1.15805,1.15812,1.15777,1.15786,347.0,2026-03-24 04:10:00
1774325700,1.15786,1.15786,1.15762,1.15767,385.0,2026-03-24 04:15:00
1774326000,1.15768,1.15788,1.15768,1.15774,332.0,2026-03-24 04:20:00
1774326300,1.15772,1.15778,1.15758,1.15772,364.0,2026-03-24 04:25:00
1774326600,1.15773,1.15778,1.1576,1.15777,358.0,2026-03-24 04:30:00
1774326900,1.15776,1.15796,1.15771,1.15788,337.0,2026-03-24 04:35:00
1774327200,1.15789,1.158,1.15788,1.15793,262.0,2026-03-24 04:40:00
1774327500,1.15795,1.15828,1.15793,1.15823,212.0,2026-03-24 04:45:00
1774327800,1.15825,1.15826,1.15812,1.15815,196.0,2026-03-24 04:50:00
1774328100,1.15816,1.15818,1.15792,1.15802,413.0,2026-03-24 04:55:00
1774328400,1.15803,1.15808,1.15772,1.15772,572.0,2026-03-24 05:00:00
1774328700,1.15772,1.15776,1.15758,1.15771,543.0,2026-03-24 05:05:00
1774329000,1.1577,1.15814,1.15764,1.15791,553.0,2026-03-24 05:10:00
1774329300,1.15792,1.15848,1.1579,1.1581,870.0,2026-03-24 05:15:00
1774329600,1.15811,1.15838,1.15798,1.15828,654.0,2026-03-24 05:20:00
1774329900,1.15829,1.15838,1.15812,1.15814,492.0,2026-03-24 05:25:00
1774330200,1.15816,1.15822,1.15803,1.15817,701.0,2026-03-24 05:30:00
1774330500,1.15818,1.15832,1.1581,1.15828,451.0,2026-03-24 05:35:00
1774330800,1.15827,1.15874,1.15826,1.15868,705.0,2026-03-24 05:40:00
1774331100,1.15868,1.15892,1.15859,1.15878,594.0,2026-03-24 05:45:00
1774331400,1.15876,1.15893,1.15858,1.15858,511.0,2026-03-24 05:50:00
1774331700,1.15856,1.15856,1.15829,1.15838,517.0,2026-03-24 05:55:00
1774332000,1.15837,1.15881,1.15814,1.15862,1078.0,2026-03-24 06:00:00
1774332300,1.15861,1.15888,1.15855,1.15883,656.0,2026-03-24 06:05:00
1774332600,1.15884,1.15884,1.15792,1.15816,825.0,2026-03-24 06:10:00
1774332900,1.15816,1.15844,1.15802,1.15806,700.0,2026-03-24 06:15:00
1774333200,1.15806,1.15832,1.15794,1.15818,578.0,2026-03-24 06:20:00
1774333500,1.15817,1.15864,1.15817,1.15831,710.0,2026-03-24 06:25:00
1774333800,1.15829,1.15844,1.15811,1.15818,824.0,2026-03-24 06:30:00
1774334100,1.15817,1.1584,1.15803,1.15823,857.0,2026-03-24 06:35:00
1774334400,1.15825,1.15844,1.1582,1.1583,743.0,2026-03-24 06:40:00
1774334700,1.1583,1.15862,1.15802,1.15832,822.0,2026-03-24 06:45:00
1774335000,1.15834,1.15892,1.15826,1.15891,752.0,2026-03-24 06:50:00
1774335300,1.15892,1.15925,1.15888,1.15919,811.0,2026-03-24 06:55:00
1774335600,1.15918,1.15988,1.15892,1.15974,1162.0,2026-03-24 07:00:00
1774335900,1.15972,1.1604,1.15963,1.16034,1045.0,2026-03-24 07:05:00
1774336200,1.16032,1.1618,1.16032,1.16152,1696.0,2026-03-24 07:10:00
1774336500,1.16152,1.16152,1.16058,1.16068,1431.0,2026-03-24 07:15:00
1774336800,1.16068,1.16112,1.16044,1.161,1038.0,2026-03-24 07:20:00
1774337100,1.16098,1.16102,1.16032,1.16032,845.0,2026-03-24 07:25:00
1774337400,1.16033,1.16048,1.15965,1.16014,1419.0,2026-03-24 07:30:00
1774337700,1.16012,1.1606,1.15982,1.16038,1295.0,2026-03-24 07:35:00
1774338000,1.16038,1.16097,1.1603,1.16082,1053.0,2026-03-24 07:40:00
1774338300,1.1608,1.16081,1.16011,1.16024,1023.0,2026-03-24 07:45:00
1774338600,1.16023,1.16059,1.16006,1.16058,1106.0,2026-03-24 07:50:00
1774338900,1.16058,1.1609,1.16029,1.16086,902.0,2026-03-24 07:55:00
1774339200,1.16086,1.16086,1.16008,1.16064,1526.0,2026-03-24 08:00:00
1774339500,1.16064,1.16094,1.16024,1.16071,1688.0,2026-03-24 08:05:00
1774339800,1.16072,1.16078,1.15996,1.16006,1127.0,2026-03-24 08:10:00
1774340100,1.15994,1.16048,1.15945,1.15945,1541.0,2026-03-24 08:15:00
1774340400,1.15944,1.15974,1.15933,1.15958,1172.0,2026-03-24 08:20:00
1774340700,1.15958,1.1596,1.1591,1.15923,1076.0,2026-03-24 08:25:00
1774341000,1.15924,1.15955,1.15912,1.15924,1010.0,2026-03-24 08:30:00
1774341300,1.15921,1.15974,1.15913,1.15923,1013.0,2026-03-24 08:35:00
1774341600,1.15925,1.15968,1.15913,1.15956,854.0,2026-03-24 08:40:00
1774341900,1.15956,1.15986,1.15932,1.15936,889.0,2026-03-24 08:45:00
1774342200,1.15937,1.15949,1.15816,1.15896,1896.0,2026-03-24 08:50:00
1774342500,1.15894,1.15928,1.15855,1.15884,1176.0,2026-03-24 08:55:00
1774342800,1.15886,1.1593,1.15864,1.15924,1353.0,2026-03-24 09:00:00
1774343100,1.15923,1.1594,1.15836,1.15874,1139.0,2026-03-24 09:05:00
1774343400,1.15875,1.159,1.15815,1.15828,1089.0,2026-03-24 09:10:00
1774343700,1.15824,1.15856,1.15788,1.15848,1051.0,2026-03-24 09:15:00
1774344000,1.15848,1.1585,1.15792,1.1583,747.0,2026-03-24 09:20:00
1774344300,1.1583,1.15874,1.15828,1.15848,627.0,2026-03-24 09:25:00
1774344600,1.15847,1.15916,1.15838,1.15897,910.0,2026-03-24 09:30:00
1774344900,1.15898,1.15916,1.15872,1.15915,764.0,2026-03-24 09:35:00
1774345200,1.15916,1.15956,1.15914,1.15944,707.0,2026-03-24 09:40:00
1774345500,1.15946,1.15951,1.15918,1.15934,657.0,2026-03-24 09:45:00
1774345800,1.15935,1.15935,1.15906,1.15925,682.0,2026-03-24 09:50:00
1774346100,1.15926,1.1597,1.15926,1.15948,629.0,2026-03-24 09:55:00
1774346400,1.15948,1.15964,1.15894,1.15925,804.0,2026-03-24 10:00:00
1774346700,1.15924,1.15948,1.15908,1.1594,589.0,2026-03-24 10:05:00
1774347000,1.15942,1.15948,1.15915,1.15929,602.0,2026-03-24 10:10:00
1774347300,1.1593,1.15958,1.15912,1.15946,662.0,2026-03-24 10:15:00
1774347600,1.15946,1.15946,1.15914,1.15919,594.0,2026-03-24 10:20:00
1774347900,1.1592,1.15926,1.15872,1.15888,605.0,2026-03-24 10:25:00
1774348200,1.15888,1.159,1.15851,1.15852,702.0,2026-03-24 10:30:00
1774348500,1.15853,1.15898,1.15845,1.15888,597.0,2026-03-24 10:35:00
1774348800,1.1589,1.15894,1.15858,1.15892,748.0,2026-03-24 10:40:00
1774349100,1.15892,1.15902,1.15833,1.1584,703.0,2026-03-24 10:45:00
1774349400,1.15842,1.15888,1.15842,1.15872,749.0,2026-03-24 10:50:00
1774349700,1.1587,1.15922,1.15854,1.15922,691.0,2026-03-24 10:55:00
1774350000,1.1592,1.1594,1.15875,1.15916,1285.0,2026-03-24 11:00:00
1774350300,1.15916,1.15992,1.15914,1.15989,817.0,2026-03-24 11:05:00
1774350600,1.1599,1.16008,1.15958,1.15971,674.0,2026-03-24 11:10:00
1774350900,1.15972,1.15972,1.15902,1.15936,752.0,2026-03-24 11:15:00
1774351200,1.15938,1.15954,1.15936,1.1595,464.0,2026-03-24 11:20:00
1774351500,1.15949,1.1596,1.15914,1.15942,597.0,2026-03-24 11:25:00
1774351800,1.15941,1.15952,1.15918,1.15928,721.0,2026-03-24 11:30:00
1774352100,1.15928,1.15944,1.15907,1.15931,674.0,2026-03-24 11:35:00
1774352400,1.1593,1.15975,1.15922,1.15952,731.0,2026-03-24 11:40:00
1774352700,1.15952,1.15961,1.15922,1.15936,742.0,2026-03-24 11:45:00
1774353000,1.15936,1.15936,1.15789,1.15844,1445.0,2026-03-24 11:50:00
1774353300,1.15846,1.15904,1.15835,1.15893,1053.0,2026-03-24 11:55:00
1774353600,1.15894,1.15938,1.15894,1.1592,1064.0,2026-03-24 12:00:00
1774353900,1.15919,1.15919,1.1587,1.15894,883.0,2026-03-24 12:05:00
1774354200,1.15894,1.15906,1.15866,1.1589,660.0,2026-03-24 12:10:00
1774354500,1.1589,1.1589,1.15852,1.15856,731.0,2026-03-24 12:15:00
1774354800,1.15858,1.159,1.15841,1.15888,857.0,2026-03-24 12:20:00
1774355100,1.15888,1.15943,1.1588,1.15928,898.0,2026-03-24 12:25:00
1774355400,1.15926,1.15938,1.15828,1.15848,1139.0,2026-03-24 12:30:00
1774355700,1.1585,1.15876,1.15824,1.15824,989.0,2026-03-24 12:35:00
1774356000,1.15826,1.15853,1.1581,1.15818,851.0,2026-03-24 12:40:00
1774356300,1.15819,1.15896,1.15819,1.15882,876.0,2026-03-24 12:45:00
1774356600,1.15882,1.15994,1.15857,1.15934,1818.0,2026-03-24 12:50:00
1774356900,1.15934,1.15944,1.15838,1.15846,1250.0,2026-03-24 12:55:00
1774357200,1.15848,1.15907,1.15824,1.15882,1391.0,2026-03-24 13:00:00
1774357500,1.15884,1.15902,1.15681,1.15716,2666.0,2026-03-24 13:05:00
1774357800,1.15716,1.15798,1.1569,1.1577,2347.0,2026-03-24 13:10:00
1774358100,1.15772,1.15795,1.1573,1.15744,1577.0,2026-03-24 13:15:00
1774358400,1.15744,1.15793,1.15736,1.15742,1216.0,2026-03-24 13:20:00
1774358700,1.15742,1.15794,1.157,1.15706,1356.0,2026-03-24 13:25:00
1774359000,1.15705,1.15754,1.15678,1.15732,2552.0,2026-03-24 13:30:00
1774359300,1.15734,1.15753,1.15693,1.15718,2257.0,2026-03-24 13:35:00
1774359600,1.15718,1.15748,1.1569,1.1569,1436.0,2026-03-24 13:40:00
1774359900,1.1569,1.1573,1.15672,1.15704,1626.0,2026-03-24 13:45:00
1774360200,1.15704,1.15755,1.15694,1.15744,1596.0,2026-03-24 13:50:00
1774360500,1.15744,1.15784,1.1573,1.15776,1513.0,2026-03-24 13:55:00
1774360800,1.15775,1.15862,1.15773,1.1586,1715.0,2026-03-24 14:00:00
1774361100,1.15856,1.15904,1.1581,1.15898,1781.0,2026-03-24 14:05:00
1774361400,1.159,1.15928,1.15845,1.15886,1567.0,2026-03-24 14:10:00
1774361700,1.15885,1.15932,1.15868,1.15916,1451.0,2026-03-24 14:15:00
1774362000,1.15916,1.15936,1.15894,1.15928,1213.0,2026-03-24 14:20:00
1774362300,1.15928,1.15962,1.15904,1.15937,1428.0,2026-03-24 14:25:00
1774362600,1.15937,1.1596,1.15901,1.15912,1403.0,2026-03-24 14:30:00
1774362900,1.15913,1.15928,1.15876,1.15908,1149.0,2026-03-24 14:35:00
1774363200,1.15908,1.15949,1.1589,1.15921,1309.0,2026-03-24 14:40:00
1774363500,1.15922,1.15922,1.15854,1.15854,1782.0,2026-03-24 14:45:00
1774363800,1.15856,1.1607,1.15834,1.15977,4441.0,2026-03-24 14:50:00
1774364100,1.15977,1.16023,1.15802,1.15896,3749.0,2026-03-24 14:55:00
1774364400,1.15894,1.15955,1.15888,1.15906,4031.0,2026-03-24 15:00:00
1774364700,1.15904,1.15908,1.15854,1.15866,2184.0,2026-03-24 15:05:00
1774365000,1.15866,1.15887,1.15845,1.15887,1536.0,2026-03-24 15:10:00
1774365300,1.15888,1.1589,1.15846,1.15874,1386.0,2026-03-24 15:15:00
1774365600,1.15874,1.15922,1.1584,1.15915,1372.0,2026-03-24 15:20:00
1774365900,1.15916,1.15962,1.15914,1.15936,1386.0,2026-03-24 15:25:00
1774366200,1.15938,1.15974,1.15871,1.15882,1534.0,2026-03-24 15:30:00
1774366500,1.15881,1.1591,1.15872,1.15876,1043.0,2026-03-24 15:35:00
1774366800,1.15874,1.15908,1.15865,1.15883,995.0,2026-03-24 15:40:00
1774367100,1.15882,1.15882,1.1582,1.15824,909.0,2026-03-24 15:45:00
1774367400,1.15824,1.1584,1.15789,1.15792,1081.0,2026-03-24 15:50:00
1774367700,1.15791,1.15817,1.15759,1.15778,1722.0,2026-03-24 15:55:00
1774368000,1.15778,1.15802,1.15741,1.15793,1515.0,2026-03-24 16:00:00
1774368300,1.15794,1.1583,1.15778,1.15818,882.0,2026-03-24 16:05:00
1774368600,1.15818,1.15856,1.15798,1.15848,930.0,2026-03-24 16:10:00
1774368900,1.15848,1.15875,1.15847,1.15864,826.0,2026-03-24 16:15:00
1774369200,1.15864,1.15881,1.15849,1.15868,695.0,2026-03-24 16:20:00
1774369500,1.15868,1.15922,1.15862,1.15908,870.0,2026-03-24 16:25:00
1774369800,1.15908,1.15924,1.15875,1.1588,667.0,2026-03-24 16:30:00
1774370100,1.1588,1.15886,1.15818,1.15818,858.0,2026-03-24 16:35:00
1774370400,1.15817,1.1587,1.15816,1.1587,713.0,2026-03-24 16:40:00
1774370700,1.15869,1.15888,1.1584,1.15863,780.0,2026-03-24 16:45:00
1774371000,1.15864,1.15888,1.15854,1.15856,689.0,2026-03-24 16:50:00
1774371300,1.15856,1.1587,1.15826,1.15827,794.0,2026-03-24 16:55:00
1774371600,1.15826,1.15832,1.15702,1.15704,1128.0,2026-03-24 17:00:00
1774371900,1.15705,1.15705,1.1557,1.15596,3499.0,2026-03-24 17:05:00
1774372200,1.15597,1.15651,1.15582,1.15637,1929.0,2026-03-24 17:10:00
1774372500,1.15638,1.15688,1.15628,1.15672,1957.0,2026-03-24 17:15:00
1774372800,1.15672,1.15724,1.15666,1.157,1436.0,2026-03-24 17:20:00
1774373100,1.157,1.15717,1.15668,1.1571,1130.0,2026-03-24 17:25:00
1774373400,1.15708,1.1575,1.15674,1.15678,1137.0,2026-03-24 17:30:00
1774373700,1.15677,1.15732,1.15674,1.1571,793.0,2026-03-24 17:35:00
1774374000,1.15711,1.15732,1.15668,1.1568,801.0,2026-03-24 17:40:00
1774374300,1.15677,1.15688,1.15652,1.1567,968.0,2026-03-24 17:45:00
1774374600,1.15668,1.1571,1.15651,1.15672,1281.0,2026-03-24 17:50:00
1774374900,1.15668,1.15843,1.1566,1.15762,3785.0,2026-03-24 17:55:00
1774375200,1.15762,1.15808,1.15718,1.15745,1734.0,2026-03-24 18:00:00
1774375500,1.15744,1.15751,1.15678,1.15682,899.0,2026-03-24 18:05:00
1774375800,1.15682,1.15736,1.15679,1.15721,838.0,2026-03-24 18:10:00
1774376100,1.15723,1.15762,1.15694,1.15746,1139.0,2026-03-24 18:15:00
1774376400,1.15746,1.15792,1.15722,1.15756,1298.0,2026-03-24 18:20:00
1774376700,1.15756,1.15794,1.15748,1.15792,1199.0,2026-03-24 18:25:00
1774377000,1.15792,1.15846,1.15773,1.15831,1113.0,2026-03-24 18:30:00
1774377300,1.1583,1.15922,1.1583,1.15913,1025.0,2026-03-24 18:35:00
1774377600,1.15912,1.15925,1.1585,1.15859,1477.0,2026-03-24 18:40:00
1774377900,1.1586,1.15866,1.15821,1.15834,964.0,2026-03-24 18:45:00
1774378200,1.15834,1.15866,1.15822,1.15852,829.0,2026-03-24 18:50:00
1774378500,1.1585,1.1585,1.15788,1.15822,939.0,2026-03-24 18:55:00
1774378800,1.15822,1.1587,1.15822,1.15868,634.0,2026-03-24 19:00:00
1774379100,1.15867,1.15918,1.15854,1.15916,761.0,2026-03-24 19:05:00
1774379400,1.15914,1.15928,1.159,1.15908,837.0,2026-03-24 19:10:00
1774379700,1.15908,1.1591,1.1589,1.15906,479.0,2026-03-24 19:15:00
1774380000,1.15908,1.15914,1.15888,1.15906,647.0,2026-03-24 19:20:00
1774380300,1.15908,1.15911,1.15875,1.15878,542.0,2026-03-24 19:25:00
1774380600,1.15879,1.1588,1.15843,1.15848,659.0,2026-03-24 19:30:00
1774380900,1.1585,1.15862,1.1584,1.15848,471.0,2026-03-24 19:35:00
1774381200,1.15848,1.15872,1.15842,1.15862,436.0,2026-03-24 19:40:00
1774381500,1.15861,1.15882,1.15857,1.15876,435.0,2026-03-24 19:45:00
1774381800,1.15877,1.1588,1.15852,1.15864,593.0,2026-03-24 19:50:00
1774382100,1.15866,1.15868,1.15845,1.15856,489.0,2026-03-24 19:55:00
1774382400,1.15854,1.15864,1.15836,1.15836,352.0,2026-03-24 20:00:00
1774382700,1.15836,1.15845,1.15829,1.15842,140.0,2026-03-24 20:05:00
1774383000,1.15841,1.15847,1.1583,1.15837,141.0,2026-03-24 20:10:00
1774383300,1.15838,1.15876,1.15837,1.15872,267.0,2026-03-24 20:15:00
1774383600,1.15874,1.16199,1.15874,1.16187,3103.0,2026-03-24 20:20:00
1774383900,1.16186,1.16284,1.16044,1.16065,3907.0,2026-03-24 20:25:00
1774384200,1.16064,1.16108,1.1601,1.16046,2205.0,2026-03-24 20:30:00
1774384500,1.16046,1.16156,1.16023,1.16147,1759.0,2026-03-24 20:35:00
1774384800,1.16149,1.16152,1.16006,1.16052,2172.0,2026-03-24 20:40:00
1774385100,1.16054,1.1608,1.15994,1.1606,1434.0,2026-03-24 20:45:00
1774385400,1.1606,1.16079,1.16032,1.16065,566.0,2026-03-24 20:50:00
1774385700,1.16064,1.16099,1.16062,1.16076,566.0,2026-03-24 20:55:00
1774386000,1.16064,1.16064,1.16064,1.16064,1.0,2026-03-24 21:00:00
1774386300,1.16064,1.16096,1.16048,1.16094,66.0,2026-03-24 21:05:00
1774386600,1.16094,1.16099,1.16034,1.16034,134.0,2026-03-24 21:10:00
1774386900,1.16035,1.16066,1.16018,1.1605,112.0,2026-03-24 21:15:00
1774387200,1.16052,1.16068,1.16038,1.16065,66.0,2026-03-24 21:20:00
1774387500,1.16066,1.16072,1.1606,1.16072,66.0,2026-03-24 21:25:00
1774387800,1.16068,1.16076,1.16044,1.16061,317.0,2026-03-24 21:30:00
1774388100,1.16062,1.1608,1.16052,1.16054,189.0,2026-03-24 21:35:00
1774388400,1.16053,1.16082,1.16051,1.16079,222.0,2026-03-24 21:40:00
1774388700,1.16078,1.16102,1.16078,1.16093,295.0,2026-03-24 21:45:00
1774389000,1.16094,1.16106,1.1609,1.16099,158.0,2026-03-24 21:50:00
1774389300,1.16098,1.16134,1.16092,1.1612,161.0,2026-03-24 21:55:00
1774389600,1.1611,1.16155,1.16104,1.1615,371.0,2026-03-24 22:00:00
1774389900,1.16148,1.16192,1.16132,1.16161,402.0,2026-03-24 22:05:00
1774390200,1.16162,1.16168,1.16108,1.1612,360.0,2026-03-24 22:10:00
1774390500,1.16118,1.16123,1.1606,1.16121,386.0,2026-03-24 22:15:00
1774390800,1.16122,1.16126,1.16102,1.16102,205.0,2026-03-24 22:20:00
1774391100,1.16103,1.16114,1.16045,1.16114,504.0,2026-03-24 22:25:00
1774391400,1.16112,1.16142,1.16109,1.16125,543.0,2026-03-24 22:30:00
1774391700,1.16126,1.16136,1.161,1.16112,263.0,2026-03-24 22:35:00
1774392000,1.16114,1.16136,1.16107,1.16133,189.0,2026-03-24 22:40:00
1774392300,1.16134,1.1615,1.16126,1.1614,239.0,2026-03-24 22:45:00
1774392600,1.1614,1.16152,1.16123,1.1613,186.0,2026-03-24 22:50:00
1774392900,1.16133,1.16157,1.1613,1.16142,266.0,2026-03-24 22:55:00
1774393200,1.16142,1.16156,1.16084,1.16098,578.0,2026-03-24 23:00:00
1774393500,1.16097,1.16121,1.16089,1.16116,376.0,2026-03-24 23:05:00
1774393800,1.16118,1.16128,1.1611,1.16126,293.0,2026-03-24 23:10:00
1774394100,1.16126,1.16146,1.16098,1.16122,306.0,2026-03-24 23:15:00
1774394400,1.16122,1.16166,1.16113,1.1616,370.0,2026-03-24 23:20:00
1774394700,1.16161,1.16182,1.16156,1.16178,328.0,2026-03-24 23:25:00
1774395000,1.16178,1.16178,1.1615,1.16166,377.0,2026-03-24 23:30:00
1774395300,1.16167,1.16174,1.16146,1.16168,301.0,2026-03-24 23:35:00
1774395600,1.16168,1.16168,1.16118,1.16118,348.0,2026-03-24 23:40:00
1774395900,1.1612,1.16138,1.16108,1.16134,337.0,2026-03-24 23:45:00
1774396200,1.16133,1.16134,1.16118,1.16132,202.0,2026-03-24 23:50:00
1774396500,1.16134,1.16153,1.16134,1.16138,236.0,2026-03-24 23:55:00
1774396800,1.16138,1.1618,1.16126,1.16163,881.0,2026-03-25 00:00:00
1774397100,1.16165,1.16234,1.16144,1.16226,869.0,2026-03-25 00:05:00
1774397400,1.16226,1.16274,1.16226,1.16246,880.0,2026-03-25 00:10:00
1774397700,1.16243,1.16252,1.1618,1.16194,912.0,2026-03-25 00:15:00
1774398000,1.16196,1.16214,1.1617,1.16204,771.0,2026-03-25 00:20:00
1774398300,1.16203,1.16214,1.16193,1.16205,548.0,2026-03-25 00:25:00
1774398600,1.16202,1.16266,1.16134,1.16261,1374.0,2026-03-25 00:30:00
1774398900,1.1626,1.16307,1.16256,1.16284,695.0,2026-03-25 00:35:00
1774399200,1.16284,1.16302,1.16271,1.16282,597.0,2026-03-25 00:40:00
1774399500,1.16282,1.16298,1.16274,1.16283,439.0,2026-03-25 00:45:00
1774399800,1.16282,1.16294,1.16248,1.16284,850.0,2026-03-25 00:50:00
1774400100,1.16283,1.16288,1.1623,1.16234,746.0,2026-03-25 00:55:00
1774400400,1.16232,1.16238,1.16178,1.16198,1342.0,2026-03-25 01:00:00
1774400700,1.16197,1.16224,1.16184,1.16223,918.0,2026-03-25 01:05:00
1774401000,1.16222,1.16242,1.1618,1.16183,771.0,2026-03-25 01:10:00
1774401300,1.16183,1.16221,1.16183,1.16208,715.0,2026-03-25 01:15:00
1774401600,1.1621,1.16245,1.16208,1.16222,642.0,2026-03-25 01:20:00
1774401900,1.16221,1.16222,1.1619,1.16199,557.0,2026-03-25 01:25:00
1774402200,1.16198,1.16202,1.16168,1.16188,516.0,2026-03-25 01:30:00
1774402500,1.16187,1.16216,1.16178,1.16202,572.0,2026-03-25 01:35:00
1774402800,1.16203,1.16237,1.16168,1.16186,883.0,2026-03-25 01:40:00
1774403100,1.16186,1.16204,1.16164,1.16174,667.0,2026-03-25 01:45:00
1774403400,1.16175,1.16178,1.1614,1.16146,498.0,2026-03-25 01:50:00
1774403700,1.16146,1.16148,1.16118,1.16121,487.0,2026-03-25 01:55:00
1774404000,1.16122,1.16131,1.16096,1.16098,565.0,2026-03-25 02:00:00
1774404300,1.16098,1.16114,1.16078,1.16082,392.0,2026-03-25 02:05:00
1774404600,1.16081,1.16081,1.16044,1.16062,528.0,2026-03-25 02:10:00
1774404900,1.16064,1.1609,1.16048,1.16089,479.0,2026-03-25 02:15:00
1774405200,1.16087,1.16088,1.16046,1.16061,472.0,2026-03-25 02:20:00
1774405500,1.16058,1.1608,1.16057,1.16075,350.0,2026-03-25 02:25:00
1774405800,1.16076,1.16078,1.16042,1.16062,405.0,2026-03-25 02:30:00
1774406100,1.16061,1.1608,1.16054,1.16068,324.0,2026-03-25 02:35:00
1774406400,1.16068,1.16072,1.16052,1.16067,287.0,2026-03-25 02:40:00
1774406700,1.16066,1.16084,1.16043,1.16046,474.0,2026-03-25 02:45:00
1774407000,1.16046,1.16054,1.16014,1.16025,396.0,2026-03-25 02:50:00
1774407300,1.16026,1.16049,1.16012,1.16042,418.0,2026-03-25 02:55:00
1774407600,1.16042,1.16048,1.16028,1.16038,302.0,2026-03-25 03:00:00
1774407900,1.16035,1.1605,1.16024,1.1604,351.0,2026-03-25 03:05:00
1774408200,1.1604,1.16057,1.16018,1.1603,387.0,2026-03-25 03:10:00
1774408500,1.16029,1.16058,1.16024,1.16044,240.0,2026-03-25 03:15:00
1774408800,1.16044,1.16046,1.16023,1.16038,308.0,2026-03-25 03:20:00
1774409100,1.16037,1.16037,1.16018,1.16024,268.0,2026-03-25 03:25:00
1774409400,1.16024,1.16028,1.16008,1.16027,267.0,2026-03-25 03:30:00
1774409700,1.16028,1.16048,1.16026,1.16042,304.0,2026-03-25 03:35:00
1774410000,1.16044,1.16044,1.16026,1.16037,248.0,2026-03-25 03:40:00
1774410300,1.16038,1.16042,1.16028,1.16032,178.0,2026-03-25 03:45:00
1774410600,1.16032,1.1604,1.16026,1.16032,202.0,2026-03-25 03:50:00
1774410900,1.16031,1.16046,1.1603,1.16039,332.0,2026-03-25 03:55:00
1774411200,1.16038,1.16038,1.16022,1.16035,300.0,2026-03-25 04:00:00
1774411500,1.16034,1.16037,1.15981,1.15997,365.0,2026-03-25 04:05:00
1774411800,1.15996,1.16004,1.1599,1.16004,226.0,2026-03-25 04:10:00
1774412100,1.16006,1.16022,1.15999,1.1602,168.0,2026-03-25 04:15:00
1774412400,1.16021,1.16038,1.16018,1.16038,176.0,2026-03-25 04:20:00
1774412700,1.1604,1.16042,1.16024,1.16027,239.0,2026-03-25 04:25:00
1774413000,1.16028,1.16038,1.16,1.16006,370.0,2026-03-25 04:30:00
1774413300,1.16008,1.1602,1.16004,1.16013,248.0,2026-03-25 04:35:00
1774413600,1.16014,1.16014,1.1599,1.15992,254.0,2026-03-25 04:40:00
1774413900,1.15993,1.15994,1.1598,1.15986,220.0,2026-03-25 04:45:00
1774414200,1.15987,1.15993,1.15975,1.15976,252.0,2026-03-25 04:50:00
1774414500,1.15978,1.15994,1.15977,1.15979,240.0,2026-03-25 04:55:00
1774414800,1.15978,1.15979,1.15948,1.1595,291.0,2026-03-25 05:00:00
1774415100,1.1595,1.1596,1.15942,1.15951,254.0,2026-03-25 05:05:00
1774415400,1.15952,1.1597,1.1595,1.15962,301.0,2026-03-25 05:10:00
1774415700,1.15962,1.15962,1.15944,1.15946,397.0,2026-03-25 05:15:00
1774416000,1.15948,1.15952,1.15932,1.15935,278.0,2026-03-25 05:20:00
1774416300,1.15934,1.15949,1.15923,1.15946,276.0,2026-03-25 05:25:00
1774416600,1.15948,1.15978,1.15947,1.15972,537.0,2026-03-25 05:30:00
1774416900,1.15972,1.15982,1.15964,1.15967,423.0,2026-03-25 05:35:00
1774417200,1.15966,1.15974,1.15954,1.15959,292.0,2026-03-25 05:40:00
1774417500,1.15958,1.15959,1.15916,1.15921,331.0,2026-03-25 05:45:00
1774417800,1.15922,1.15922,1.15902,1.15902,252.0,2026-03-25 05:50:00
1774418100,1.15902,1.15925,1.1589,1.15922,559.0,2026-03-25 05:55:00
1774418400,1.15922,1.15943,1.15896,1.15938,691.0,2026-03-25 06:00:00
1774418700,1.15938,1.15946,1.1587,1.15876,364.0,2026-03-25 06:05:00
1774419000,1.15878,1.15914,1.15873,1.15892,454.0,2026-03-25 06:10:00
1774419300,1.15892,1.15926,1.15889,1.15916,385.0,2026-03-25 06:15:00
1774419600,1.15915,1.15937,1.15914,1.1593,452.0,2026-03-25 06:20:00
1774419900,1.15931,1.15936,1.15906,1.15912,567.0,2026-03-25 06:25:00
1774420200,1.15912,1.15938,1.15912,1.15933,332.0,2026-03-25 06:30:00
1774420500,1.15934,1.1595,1.15932,1.15947,260.0,2026-03-25 06:35:00
1774420800,1.15948,1.15966,1.15941,1.15944,350.0,2026-03-25 06:40:00
1774421100,1.15942,1.15974,1.15922,1.15968,417.0,2026-03-25 06:45:00
1774421400,1.15967,1.15998,1.15952,1.15952,389.0,2026-03-25 06:50:00
1774421700,1.15952,1.15977,1.15942,1.15964,303.0,2026-03-25 06:55:00
1774422000,1.15961,1.15996,1.15953,1.15987,750.0,2026-03-25 07:00:00
1774422300,1.15986,1.1601,1.15966,1.15966,528.0,2026-03-25 07:05:00
1774422600,1.15969,1.16027,1.15969,1.16016,589.0,2026-03-25 07:10:00
1774422900,1.16016,1.1603,1.16,1.16028,511.0,2026-03-25 07:15:00
1774423200,1.16027,1.16053,1.15982,1.1599,729.0,2026-03-25 07:20:00
1774423500,1.15992,1.16024,1.15972,1.1601,901.0,2026-03-25 07:25:00
1774423800,1.16008,1.16014,1.15926,1.1593,729.0,2026-03-25 07:30:00
1774424100,1.15931,1.1594,1.15884,1.15916,696.0,2026-03-25 07:35:00
1774424400,1.15919,1.15978,1.15919,1.15951,595.0,2026-03-25 07:40:00
1774424700,1.15952,1.15993,1.15952,1.15988,691.0,2026-03-25 07:45:00
1774425000,1.15988,1.16016,1.15964,1.15987,779.0,2026-03-25 07:50:00
1774425300,1.15988,1.16034,1.1596,1.15976,846.0,2026-03-25 07:55:00
1774425600,1.15977,1.15981,1.15906,1.15946,1185.0,2026-03-25 08:00:00
1774425900,1.15946,1.16036,1.15916,1.16021,1577.0,2026-03-25 08:05:00
1774426200,1.16022,1.16085,1.16009,1.16066,1154.0,2026-03-25 08:10:00
1774426500,1.16067,1.16108,1.16042,1.16085,886.0,2026-03-25 08:15:00
1774426800,1.16084,1.16144,1.16084,1.16142,871.0,2026-03-25 08:20:00
1774427100,1.16142,1.16161,1.16118,1.1614,987.0,2026-03-25 08:25:00
1774427400,1.16141,1.16166,1.16114,1.1616,789.0,2026-03-25 08:30:00
1774427700,1.16157,1.16157,1.1606,1.1611,2036.0,2026-03-25 08:35:00
1774428000,1.16108,1.16146,1.16108,1.16118,727.0,2026-03-25 08:40:00
1774428300,1.16119,1.16149,1.16093,1.16114,1052.0,2026-03-25 08:45:00
1774428600,1.16112,1.16112,1.16047,1.1605,813.0,2026-03-25 08:50:00
1774428900,1.16049,1.16056,1.16018,1.16027,546.0,2026-03-25 08:55:00
1774429200,1.16028,1.16093,1.16012,1.16056,839.0,2026-03-25 09:00:00
1774429500,1.16056,1.16088,1.16034,1.16036,704.0,2026-03-25 09:05:00
1774429800,1.16035,1.16059,1.16028,1.16044,649.0,2026-03-25 09:10:00
1774430100,1.16043,1.16048,1.15994,1.16024,623.0,2026-03-25 09:15:00
1774430400,1.16024,1.16038,1.15981,1.15992,541.0,2026-03-25 09:20:00
1774430700,1.15992,1.15998,1.1596,1.1597,742.0,2026-03-25 09:25:00
1774431000,1.15972,1.15975,1.15936,1.15948,544.0,2026-03-25 09:30:00
1774431300,1.15949,1.15962,1.15914,1.1594,642.0,2026-03-25 09:35:00
1774431600,1.1594,1.1599,1.15938,1.15962,647.0,2026-03-25 09:40:00
1774431900,1.15962,1.15973,1.15914,1.15947,615.0,2026-03-25 09:45:00
1774432200,1.15944,1.15976,1.15936,1.1597,560.0,2026-03-25 09:50:00
1774432500,1.15971,1.16018,1.15951,1.15992,1333.0,2026-03-25 09:55:00
1774432800,1.15993,1.16057,1.15992,1.16038,1159.0,2026-03-25 10:00:00
1774433100,1.16036,1.16044,1.1602,1.16043,668.0,2026-03-25 10:05:00
1774433400,1.16042,1.16043,1.16002,1.16012,449.0,2026-03-25 10:10:00
1774433700,1.16012,1.16031,1.15996,1.1602,636.0,2026-03-25 10:15:00
1774434000,1.16019,1.16036,1.15979,1.15995,523.0,2026-03-25 10:20:00
1774434300,1.15996,1.15998,1.15968,1.15971,498.0,2026-03-25 10:25:00
1774434600,1.15971,1.15986,1.15958,1.1597,506.0,2026-03-25 10:30:00
1774434900,1.15972,1.16004,1.15972,1.15992,458.0,2026-03-25 10:35:00
1774435200,1.15992,1.16027,1.15961,1.15968,401.0,2026-03-25 10:40:00
1774435500,1.15966,1.16054,1.15966,1.16036,690.0,2026-03-25 10:45:00
1774435800,1.16036,1.16048,1.16018,1.16048,615.0,2026-03-25 10:50:00
1774436100,1.16048,1.16054,1.1603,1.16044,421.0,2026-03-25 10:55:00
1774436400,1.16044,1.16114,1.16042,1.16106,566.0,2026-03-25 11:00:00
1774436700,1.16108,1.16111,1.16068,1.1608,570.0,2026-03-25 11:05:00
1774437000,1.16077,1.16077,1.16043,1.16051,408.0,2026-03-25 11:10:00
1774437300,1.16052,1.1606,1.16025,1.1604,380.0,2026-03-25 11:15:00
1774437600,1.16042,1.16084,1.16041,1.16082,458.0,2026-03-25 11:20:00
1774437900,1.16082,1.16092,1.1605,1.1606,519.0,2026-03-25 11:25:00
1774438200,1.1606,1.16068,1.16032,1.1604,392.0,2026-03-25 11:30:00
1774438500,1.16039,1.16043,1.16022,1.16032,378.0,2026-03-25 11:35:00
1774438800,1.1603,1.16067,1.16022,1.16064,383.0,2026-03-25 11:40:00
1774439100,1.16064,1.16074,1.15942,1.16008,1899.0,2026-03-25 11:45:00
1774439400,1.1601,1.1603,1.15974,1.16029,1139.0,2026-03-25 11:50:00
1774439700,1.16028,1.16058,1.16022,1.16055,837.0,2026-03-25 11:55:00
1774440000,1.16056,1.16096,1.16056,1.16072,1030.0,2026-03-25 12:00:00
1774440300,1.16072,1.16132,1.1606,1.16126,810.0,2026-03-25 12:05:00
1774440600,1.16125,1.16138,1.16099,1.16104,878.0,2026-03-25 12:10:00
1774440900,1.16106,1.1611,1.15958,1.15968,1998.0,2026-03-25 12:15:00
1774441200,1.15968,1.15998,1.15877,1.1594,2438.0,2026-03-25 12:20:00
1774441500,1.15941,1.15982,1.15934,1.15955,1459.0,2026-03-25 12:25:00
1774441800,1.15954,1.15954,1.15908,1.15932,1574.0,2026-03-25 12:30:00
1774442100,1.15934,1.15982,1.15924,1.15968,1242.0,2026-03-25 12:35:00
1774442400,1.15969,1.15974,1.15907,1.15919,1070.0,2026-03-25 12:40:00
1774442700,1.1592,1.1592,1.15864,1.1588,945.0,2026-03-25 12:45:00
1774443000,1.1588,1.15921,1.15874,1.1592,727.0,2026-03-25 12:50:00
1774443300,1.1592,1.15926,1.15898,1.15914,826.0,2026-03-25 12:55:00
1774443600,1.15915,1.15984,1.1588,1.15973,1899.0,2026-03-25 13:00:00
1774443900,1.15974,1.1599,1.15914,1.15918,1015.0,2026-03-25 13:05:00
1774444200,1.15918,1.15956,1.1587,1.159,981.0,2026-03-25 13:10:00
1774444500,1.15901,1.15904,1.15868,1.15902,874.0,2026-03-25 13:15:00
1774444800,1.15903,1.15906,1.15854,1.15898,794.0,2026-03-25 13:20:00
1774445100,1.15898,1.15901,1.15842,1.15842,672.0,2026-03-25 13:25:00
1774445400,1.15844,1.15886,1.15811,1.15828,1503.0,2026-03-25 13:30:00
1774445700,1.15828,1.15853,1.15788,1.1579,1436.0,2026-03-25 13:35:00
1774446000,1.15792,1.1583,1.15788,1.15803,1235.0,2026-03-25 13:40:00
1774446300,1.15804,1.15814,1.15732,1.15736,1009.0,2026-03-25 13:45:00
1774446600,1.15736,1.15765,1.15728,1.15736,1360.0,2026-03-25 13:50:00
1774446900,1.15736,1.1577,1.15716,1.15729,1255.0,2026-03-25 13:55:00
1774447200,1.1573,1.1574,1.15664,1.15667,1546.0,2026-03-25 14:00:00
1774447500,1.15668,1.15756,1.15666,1.15744,1580.0,2026-03-25 14:05:00
1774447800,1.15746,1.15765,1.15706,1.15765,1296.0,2026-03-25 14:10:00
1774448100,1.15764,1.15828,1.15761,1.15815,1035.0,2026-03-25 14:15:00
1774448400,1.15813,1.15831,1.15721,1.15732,1387.0,2026-03-25 14:20:00
1774448700,1.15733,1.15823,1.15728,1.15816,1985.0,2026-03-25 14:25:00
1774449000,1.15818,1.15856,1.15812,1.15826,1212.0,2026-03-25 14:30:00
1774449300,1.15827,1.15834,1.15774,1.15793,875.0,2026-03-25 14:35:00
1774449600,1.15792,1.15817,1.15774,1.15781,942.0,2026-03-25 14:40:00
1774449900,1.15782,1.15858,1.15778,1.15845,1025.0,2026-03-25 14:45:00
1774450200,1.15842,1.15878,1.1584,1.15857,814.0,2026-03-25 14:50:00
1774450500,1.15858,1.15875,1.15842,1.15861,765.0,2026-03-25 14:55:00
1774450800,1.1586,1.15894,1.15852,1.15866,1023.0,2026-03-25 15:00:00
1774451100,1.15866,1.15872,1.15775,1.1578,1152.0,2026-03-25 15:05:00
1774451400,1.15782,1.15796,1.15748,1.15753,1032.0,2026-03-25 15:10:00
1774451700,1.15752,1.15769,1.15658,1.15679,1863.0,2026-03-25 15:15:00
1774452000,1.15678,1.15744,1.1567,1.157,1625.0,2026-03-25 15:20:00
1774452300,1.15698,1.1575,1.15688,1.1575,1319.0,2026-03-25 15:25:00
1774452600,1.15748,1.1578,1.15742,1.15779,1185.0,2026-03-25 15:30:00
1774452900,1.15778,1.1578,1.15717,1.15721,995.0,2026-03-25 15:35:00
1774453200,1.15723,1.15739,1.15653,1.1568,976.0,2026-03-25 15:40:00
1774453500,1.1568,1.15688,1.15653,1.1567,868.0,2026-03-25 15:45:00
1774453800,1.15672,1.1569,1.1563,1.1564,1192.0,2026-03-25 15:50:00
1774454100,1.15642,1.15707,1.15642,1.157,1320.0,2026-03-25 15:55:00
1774454400,1.15698,1.15734,1.15661,1.15665,1387.0,2026-03-25 16:00:00
1774454700,1.15666,1.15668,1.15582,1.1559,1179.0,2026-03-25 16:05:00
1774455000,1.15589,1.15618,1.15554,1.15617,1119.0,2026-03-25 16:10:00
1774455300,1.15618,1.15634,1.15584,1.15618,1103.0,2026-03-25 16:15:00
1774455600,1.15618,1.15721,1.15617,1.15719,927.0,2026-03-25 16:20:00
1774455900,1.15718,1.15766,1.1568,1.15716,2152.0,2026-03-25 16:25:00
1774456200,1.15714,1.15726,1.15689,1.15716,1209.0,2026-03-25 16:30:00
1774456500,1.15718,1.15726,1.15688,1.15691,810.0,2026-03-25 16:35:00
1774456800,1.15692,1.15724,1.15683,1.15708,844.0,2026-03-25 16:40:00
1774457100,1.15706,1.15714,1.15682,1.1569,589.0,2026-03-25 16:45:00
1774457400,1.15691,1.15728,1.1568,1.15716,587.0,2026-03-25 16:50:00
1774457700,1.15714,1.15721,1.15672,1.15676,562.0,2026-03-25 16:55:00
1774458000,1.15674,1.15696,1.15648,1.15676,852.0,2026-03-25 17:00:00
1774458300,1.15678,1.1568,1.15654,1.15666,833.0,2026-03-25 17:05:00
1774458600,1.15666,1.15729,1.15662,1.15704,843.0,2026-03-25 17:10:00
1774458900,1.15704,1.15734,1.15682,1.15718,700.0,2026-03-25 17:15:00
1774459200,1.15718,1.15752,1.15706,1.15736,649.0,2026-03-25 17:20:00
1774459500,1.15736,1.15767,1.15736,1.1576,525.0,2026-03-25 17:25:00
1774459800,1.15761,1.158,1.15742,1.15796,538.0,2026-03-25 17:30:00
1774460100,1.15796,1.15822,1.15794,1.15804,585.0,2026-03-25 17:35:00
1774460400,1.15803,1.15838,1.15788,1.15808,851.0,2026-03-25 17:40:00
1774460700,1.15809,1.15816,1.15788,1.1581,568.0,2026-03-25 17:45:00
1774461000,1.1581,1.15836,1.15764,1.15771,1008.0,2026-03-25 17:50:00
1774461300,1.1577,1.15824,1.15748,1.15784,897.0,2026-03-25 17:55:00
1774461600,1.15783,1.15804,1.15756,1.15779,741.0,2026-03-25 18:00:00
1774461900,1.1578,1.15812,1.1578,1.15784,492.0,2026-03-25 18:05:00
1774462200,1.15782,1.15802,1.1577,1.15785,578.0,2026-03-25 18:10:00
1774462500,1.15786,1.15806,1.15776,1.15782,513.0,2026-03-25 18:15:00
1774462800,1.15782,1.15808,1.15778,1.15806,530.0,2026-03-25 18:20:00
1774463100,1.15807,1.1581,1.1578,1.15786,486.0,2026-03-25 18:25:00
1774463400,1.15786,1.158,1.1577,1.15775,490.0,2026-03-25 18:30:00
1774463700,1.15774,1.15776,1.15736,1.15742,388.0,2026-03-25 18:35:00
1774464000,1.15742,1.15748,1.15704,1.15706,555.0,2026-03-25 18:40:00
1774464300,1.15704,1.15713,1.15698,1.157,455.0,2026-03-25 18:45:00
1774464600,1.15702,1.15704,1.15686,1.15694,372.0,2026-03-25 18:50:00
1774464900,1.15694,1.15696,1.1561,1.15666,1608.0,2026-03-25 18:55:00
1774465200,1.15665,1.15665,1.15614,1.1563,954.0,2026-03-25 19:00:00
1774465500,1.1563,1.15638,1.15601,1.15607,413.0,2026-03-25 19:05:00
1774465800,1.15608,1.15617,1.15592,1.15608,467.0,2026-03-25 19:10:00
1774466100,1.15606,1.15658,1.15605,1.15654,587.0,2026-03-25 19:15:00
1774466400,1.15654,1.15663,1.15634,1.15648,568.0,2026-03-25 19:20:00
1774466700,1.15648,1.15655,1.15622,1.15632,419.0,2026-03-25 19:25:00
1774467000,1.15633,1.15641,1.15617,1.15626,458.0,2026-03-25 19:30:00
1774467300,1.15626,1.15644,1.15622,1.15636,438.0,2026-03-25 19:35:00
1774467600,1.15634,1.15666,1.15633,1.15647,360.0,2026-03-25 19:40:00
1774467900,1.15646,1.15652,1.15626,1.15638,419.0,2026-03-25 19:45:00
1774468200,1.1564,1.15648,1.15633,1.15644,454.0,2026-03-25 19:50:00
1774468500,1.15646,1.1565,1.15618,1.15633,602.0,2026-03-25 19:55:00
1774468800,1.15632,1.15636,1.15604,1.15607,350.0,2026-03-25 20:00:00
1774469100,1.15606,1.15622,1.15594,1.15608,219.0,2026-03-25 20:05:00
1774469400,1.15608,1.15614,1.156,1.15601,159.0,2026-03-25 20:10:00
1774469700,1.156,1.15602,1.1559,1.15591,132.0,2026-03-25 20:15:00
1774470000,1.1559,1.15596,1.15589,1.15593,104.0,2026-03-25 20:20:00
1774470300,1.15593,1.15594,1.15572,1.15572,120.0,2026-03-25 20:25:00
1774470600,1.15572,1.15576,1.1556,1.15576,145.0,2026-03-25 20:30:00
1774470900,1.15576,1.15587,1.15572,1.15584,173.0,2026-03-25 20:35:00
1774471200,1.15585,1.15596,1.1558,1.15586,176.0,2026-03-25 20:40:00
1774471500,1.15586,1.15586,1.1556,1.1557,249.0,2026-03-25 20:45:00
1774471800,1.1557,1.15584,1.1557,1.15584,127.0,2026-03-25 20:50:00
1774472100,1.15583,1.15603,1.15579,1.15592,131.0,2026-03-25 20:55:00
1774472400,1.1559,1.1559,1.1559,1.1559,1.0,2026-03-25 21:00:00
1774472700,1.1559,1.15597,1.1559,1.15597,29.0,2026-03-25 21:05:00
1774473000,1.15598,1.15612,1.15598,1.1561,42.0,2026-03-25 21:10:00
1774473300,1.15611,1.15619,1.15611,1.15616,46.0,2026-03-25 21:15:00
1774473600,1.15616,1.15618,1.15611,1.15612,25.0,2026-03-25 21:20:00
1774473900,1.15609,1.15614,1.15609,1.15611,16.0,2026-03-25 21:25:00
1774474200,1.15612,1.15618,1.1561,1.15614,29.0,2026-03-25 21:30:00
1774474500,1.15612,1.15613,1.15608,1.15608,27.0,2026-03-25 21:35:00
1774474800,1.1561,1.15614,1.1561,1.15612,56.0,2026-03-25 21:40:00
1774475100,1.15612,1.15622,1.15602,1.1561,98.0,2026-03-25 21:45:00
1774475400,1.15612,1.15612,1.15606,1.15606,60.0,2026-03-25 21:50:00
1774475700,1.15605,1.15614,1.15604,1.15608,98.0,2026-03-25 21:55:00
1774476000,1.1561,1.1561,1.15588,1.15596,107.0,2026-03-25 22:00:00
1774476300,1.15592,1.1561,1.15589,1.15589,162.0,2026-03-25 22:05:00
1774476600,1.15588,1.15588,1.15579,1.15579,91.0,2026-03-25 22:10:00
1774476900,1.1558,1.15581,1.1556,1.15566,157.0,2026-03-25 22:15:00
1774477200,1.15566,1.15578,1.15566,1.15574,67.0,2026-03-25 22:20:00
1774477500,1.15574,1.15583,1.15572,1.15583,72.0,2026-03-25 22:25:00
1774477800,1.15582,1.15599,1.15582,1.15598,131.0,2026-03-25 22:30:00
1774478100,1.15598,1.15598,1.15593,1.15594,36.0,2026-03-25 22:35:00
1774478400,1.15595,1.15622,1.15594,1.1562,102.0,2026-03-25 22:40:00
1774478700,1.1562,1.15624,1.15619,1.15622,76.0,2026-03-25 22:45:00
1774479000,1.15622,1.15626,1.15605,1.15606,104.0,2026-03-25 22:50:00
1774479300,1.15606,1.15609,1.156,1.15604,97.0,2026-03-25 22:55:00
1774479600,1.15605,1.15612,1.15598,1.15606,218.0,2026-03-25 23:00:00
1774479900,1.15604,1.15613,1.15597,1.15606,200.0,2026-03-25 23:05:00
1774480200,1.15606,1.15616,1.15602,1.15611,136.0,2026-03-25 23:10:00
1774480500,1.1561,1.15612,1.15596,1.15596,147.0,2026-03-25 23:15:00
1774480800,1.15596,1.1561,1.15596,1.15604,114.0,2026-03-25 23:20:00
1774481100,1.15604,1.15618,1.15603,1.15617,105.0,2026-03-25 23:25:00
1774481400,1.15618,1.15618,1.15589,1.15592,117.0,2026-03-25 23:30:00
1774481700,1.1559,1.15606,1.1559,1.15603,144.0,2026-03-25 23:35:00
1774482000,1.15604,1.15604,1.15593,1.15597,147.0,2026-03-25 23:40:00
1774482300,1.15596,1.15608,1.15591,1.15606,201.0,2026-03-25 23:45:00
1774482600,1.15608,1.15618,1.15602,1.15608,92.0,2026-03-25 23:50:00
1774482900,1.15608,1.15621,1.15602,1.15614,192.0,2026-03-25 23:55:00
1774483200,1.15614,1.15628,1.1561,1.1561,511.0,2026-03-26 00:00:00
1774483500,1.15609,1.15645,1.15609,1.15635,363.0,2026-03-26 00:05:00
1774483800,1.15634,1.15647,1.15626,1.1564,342.0,2026-03-26 00:10:00
1774484100,1.15638,1.15638,1.15613,1.15622,428.0,2026-03-26 00:15:00
1774484400,1.1562,1.15648,1.15613,1.15636,313.0,2026-03-26 00:20:00
1774484700,1.15636,1.15636,1.15604,1.15606,301.0,2026-03-26 00:25:00
1774485000,1.15604,1.15613,1.1558,1.15582,240.0,2026-03-26 00:30:00
1774485300,1.15582,1.15592,1.15566,1.15567,286.0,2026-03-26 00:35:00
1774485600,1.1557,1.15584,1.15548,1.15548,271.0,2026-03-26 00:40:00
1774485900,1.15546,1.15562,1.1554,1.1556,271.0,2026-03-26 00:45:00
1774486200,1.15558,1.15573,1.15556,1.15558,370.0,2026-03-26 00:50:00
1774486500,1.1556,1.1559,1.15556,1.15583,410.0,2026-03-26 00:55:00
1774486800,1.15581,1.15658,1.15581,1.1564,683.0,2026-03-26 01:00:00
1774487100,1.15639,1.15644,1.15599,1.15624,365.0,2026-03-26 01:05:00
1774487400,1.15626,1.15638,1.1561,1.15634,252.0,2026-03-26 01:10:00
1774487700,1.15633,1.15642,1.15608,1.15608,304.0,2026-03-26 01:15:00
1774488000,1.15611,1.1563,1.1561,1.15624,286.0,2026-03-26 01:20:00
1774488300,1.15622,1.15648,1.15612,1.15646,287.0,2026-03-26 01:25:00
1774488600,1.15643,1.15664,1.15639,1.15649,368.0,2026-03-26 01:30:00
1774488900,1.1565,1.15669,1.1565,1.1566,416.0,2026-03-26 01:35:00
1774489200,1.15658,1.1567,1.15654,1.15655,379.0,2026-03-26 01:40:00
1774489500,1.15655,1.1567,1.15637,1.15638,351.0,2026-03-26 01:45:00
1774489800,1.1564,1.15646,1.15628,1.1563,247.0,2026-03-26 01:50:00
1774490100,1.15632,1.15652,1.15632,1.15644,220.0,2026-03-26 01:55:00
1774490400,1.15643,1.15648,1.15635,1.15644,243.0,2026-03-26 02:00:00
1774490700,1.15644,1.15654,1.15623,1.15626,199.0,2026-03-26 02:05:00
1774491000,1.15626,1.15638,1.15624,1.15624,174.0,2026-03-26 02:10:00
1774491300,1.15624,1.1564,1.15622,1.1563,229.0,2026-03-26 02:15:00
1774491600,1.15632,1.15658,1.1563,1.15634,266.0,2026-03-26 02:20:00
1774491900,1.15634,1.15638,1.15626,1.1563,171.0,2026-03-26 02:25:00
1774492200,1.15628,1.15632,1.15588,1.15592,356.0,2026-03-26 02:30:00
1774492500,1.15592,1.15598,1.15548,1.1556,520.0,2026-03-26 02:35:00
1774492800,1.1556,1.15594,1.15559,1.15584,325.0,2026-03-26 02:40:00
1774493100,1.15584,1.15603,1.1558,1.156,360.0,2026-03-26 02:45:00
1774493400,1.156,1.1561,1.15594,1.15596,238.0,2026-03-26 02:50:00
1774493700,1.15595,1.15596,1.15584,1.15589,343.0,2026-03-26 02:55:00
1774494000,1.15586,1.15597,1.15579,1.15592,373.0,2026-03-26 03:00:00
1774494300,1.1559,1.15598,1.15584,1.15588,141.0,2026-03-26 03:05:00
1774494600,1.15588,1.15636,1.15585,1.15634,248.0,2026-03-26 03:10:00
1774494900,1.15633,1.15636,1.1562,1.15626,330.0,2026-03-26 03:15:00
1774495200,1.15628,1.15654,1.15628,1.15648,247.0,2026-03-26 03:20:00
1774495500,1.15649,1.1568,1.15644,1.15676,326.0,2026-03-26 03:25:00
1774495800,1.15676,1.15698,1.15674,1.15696,333.0,2026-03-26 03:30:00
1774496100,1.15696,1.15696,1.15678,1.15682,214.0,2026-03-26 03:35:00
1774496400,1.1568,1.1569,1.15675,1.15676,156.0,2026-03-26 03:40:00
1774496700,1.15673,1.1568,1.15667,1.15674,158.0,2026-03-26 03:45:00
1774497000,1.15674,1.15684,1.15668,1.1568,208.0,2026-03-26 03:50:00
1774497300,1.1568,1.15688,1.15676,1.15688,187.0,2026-03-26 03:55:00
1774497600,1.15688,1.15692,1.15674,1.15676,236.0,2026-03-26 04:00:00
1774497900,1.15678,1.15687,1.15678,1.15684,202.0,2026-03-26 04:05:00
1774498200,1.15685,1.15696,1.15681,1.1569,210.0,2026-03-26 04:10:00
1774498500,1.15692,1.15698,1.1569,1.15695,192.0,2026-03-26 04:15:00
1774498800,1.15694,1.15704,1.15694,1.15699,185.0,2026-03-26 04:20:00
1774499100,1.157,1.15711,1.15699,1.1571,317.0,2026-03-26 04:25:00
1774499400,1.1571,1.15724,1.1571,1.15718,206.0,2026-03-26 04:30:00
1774499700,1.15718,1.15718,1.15698,1.15698,125.0,2026-03-26 04:35:00
1774500000,1.15699,1.1571,1.15698,1.15708,95.0,2026-03-26 04:40:00
1774500300,1.15709,1.15717,1.15698,1.15702,245.0,2026-03-26 04:45:00
1774500600,1.15704,1.15704,1.15692,1.15704,176.0,2026-03-26 04:50:00
1774500900,1.15703,1.15705,1.15687,1.15694,299.0,2026-03-26 04:55:00
1774501200,1.15696,1.15699,1.15684,1.15692,373.0,2026-03-26 05:00:00
1774501500,1.15692,1.15699,1.15683,1.15696,178.0,2026-03-26 05:05:00
1774501800,1.15696,1.15698,1.15684,1.1569,218.0,2026-03-26 05:10:00
1774502100,1.15689,1.1569,1.1567,1.15672,143.0,2026-03-26 05:15:00
1774502400,1.15673,1.15675,1.15662,1.15668,217.0,2026-03-26 05:20:00
1774502700,1.15668,1.15671,1.15616,1.15652,381.0,2026-03-26 05:25:00
1774503000,1.15654,1.15658,1.15634,1.1565,362.0,2026-03-26 05:30:00
1774503300,1.15652,1.15657,1.15634,1.15638,318.0,2026-03-26 05:35:00
1774503600,1.15638,1.15664,1.15628,1.1564,446.0,2026-03-26 05:40:00
1774503900,1.15638,1.15638,1.15608,1.15613,326.0,2026-03-26 05:45:00
1774504200,1.1561,1.15618,1.15594,1.15598,413.0,2026-03-26 05:50:00
1774504500,1.15599,1.1561,1.15578,1.15579,342.0,2026-03-26 05:55:00
1774504800,1.15578,1.15598,1.15574,1.15594,397.0,2026-03-26 06:00:00
1774505100,1.15596,1.15599,1.15566,1.15596,481.0,2026-03-26 06:05:00
1774505400,1.15597,1.15605,1.15546,1.15546,364.0,2026-03-26 06:10:00
1774505700,1.15546,1.15576,1.15533,1.15548,422.0,2026-03-26 06:15:00
1774506000,1.15548,1.15555,1.15538,1.15554,605.0,2026-03-26 06:20:00
1774506300,1.15555,1.15604,1.15553,1.15592,455.0,2026-03-26 06:25:00
1774506600,1.15592,1.1561,1.15585,1.15585,466.0,2026-03-26 06:30:00
1774506900,1.15584,1.15598,1.15568,1.15578,395.0,2026-03-26 06:35:00
1774507200,1.15578,1.1558,1.15519,1.15549,377.0,2026-03-26 06:40:00
1774507500,1.1555,1.15583,1.1555,1.15583,335.0,2026-03-26 06:45:00
1774507800,1.15585,1.1563,1.15575,1.15628,390.0,2026-03-26 06:50:00
1774508100,1.1563,1.15671,1.15626,1.15666,719.0,2026-03-26 06:55:00
1774508400,1.15668,1.15668,1.15584,1.15584,680.0,2026-03-26 07:00:00
1774508700,1.15584,1.1559,1.15545,1.15589,547.0,2026-03-26 07:05:00
1774509000,1.15586,1.15604,1.15564,1.1559,430.0,2026-03-26 07:10:00
1774509300,1.1559,1.15601,1.15568,1.1559,417.0,2026-03-26 07:15:00
1774509600,1.15588,1.15624,1.15546,1.15599,859.0,2026-03-26 07:20:00
1774509900,1.15598,1.15611,1.15574,1.15584,388.0,2026-03-26 07:25:00
1774510200,1.15584,1.156,1.15541,1.15555,573.0,2026-03-26 07:30:00
1774510500,1.15555,1.15584,1.15528,1.15584,398.0,2026-03-26 07:35:00
1774510800,1.15585,1.15591,1.15534,1.15547,404.0,2026-03-26 07:40:00
1774511100,1.15546,1.15563,1.15538,1.15548,375.0,2026-03-26 07:45:00
1774511400,1.15548,1.15554,1.15506,1.15532,498.0,2026-03-26 07:50:00
1774511700,1.15534,1.15566,1.1553,1.15539,667.0,2026-03-26 07:55:00
1774512000,1.15538,1.1554,1.15476,1.155,1176.0,2026-03-26 08:00:00
1774512300,1.155,1.15506,1.15478,1.155,702.0,2026-03-26 08:05:00
1774512600,1.155,1.15535,1.15498,1.1553,672.0,2026-03-26 08:10:00
1774512900,1.15533,1.15594,1.15524,1.15578,707.0,2026-03-26 08:15:00
1774513200,1.15577,1.15584,1.15564,1.15584,535.0,2026-03-26 08:20:00
1774513500,1.15585,1.15594,1.15531,1.15532,681.0,2026-03-26 08:25:00
1774513800,1.15531,1.15606,1.1552,1.1559,785.0,2026-03-26 08:30:00
1774514100,1.15589,1.15592,1.15544,1.15585,680.0,2026-03-26 08:35:00
1774514400,1.15584,1.15602,1.1556,1.15564,526.0,2026-03-26 08:40:00
1774514700,1.15564,1.15606,1.15564,1.15579,538.0,2026-03-26 08:45:00
1774515000,1.1558,1.15588,1.15566,1.15582,473.0,2026-03-26 08:50:00
1774515300,1.1558,1.15611,1.15576,1.15598,416.0,2026-03-26 08:55:00
1774515600,1.15597,1.15625,1.15568,1.15624,879.0,2026-03-26 09:00:00
1774515900,1.15623,1.15638,1.15589,1.15608,643.0,2026-03-26 09:05:00
1774516200,1.15608,1.1565,1.15602,1.15606,617.0,2026-03-26 09:10:00
1774516500,1.15604,1.15609,1.1553,1.15552,622.0,2026-03-26 09:15:00
1774516800,1.15552,1.15578,1.15526,1.15576,486.0,2026-03-26 09:20:00
1774517100,1.15576,1.15585,1.15553,1.15576,430.0,2026-03-26 09:25:00
1774517400,1.15575,1.15604,1.15554,1.15574,817.0,2026-03-26 09:30:00
1774517700,1.15572,1.15584,1.15548,1.15564,595.0,2026-03-26 09:35:00
1774518000,1.15566,1.1557,1.15532,1.15544,697.0,2026-03-26 09:40:00
1774518300,1.15547,1.15581,1.15538,1.15539,397.0,2026-03-26 09:45:00
1774518600,1.1554,1.1559,1.15538,1.15587,424.0,2026-03-26 09:50:00
1774518900,1.15586,1.15604,1.15571,1.15596,556.0,2026-03-26 09:55:00
1774519200,1.15596,1.15603,1.15562,1.15574,606.0,2026-03-26 10:00:00
1774519500,1.15574,1.15652,1.15574,1.15618,762.0,2026-03-26 10:05:00
1774519800,1.15618,1.15642,1.15607,1.1563,515.0,2026-03-26 10:10:00
1774520100,1.1563,1.15646,1.15614,1.15623,527.0,2026-03-26 10:15:00
1774520400,1.15622,1.15628,1.15611,1.15616,352.0,2026-03-26 10:20:00
1774520700,1.15618,1.1564,1.15616,1.15616,416.0,2026-03-26 10:25:00
1774521000,1.15616,1.15628,1.15601,1.15621,383.0,2026-03-26 10:30:00
1774521300,1.15622,1.15638,1.15588,1.15594,545.0,2026-03-26 10:35:00
1774521600,1.15592,1.15622,1.15584,1.1559,768.0,2026-03-26 10:40:00
1774521900,1.1559,1.15605,1.15546,1.15577,643.0,2026-03-26 10:45:00
1774522200,1.15578,1.15591,1.15573,1.15574,472.0,2026-03-26 10:50:00
1774522500,1.15575,1.15578,1.15566,1.15573,475.0,2026-03-26 10:55:00
1774522800,1.15572,1.15588,1.15552,1.15555,607.0,2026-03-26 11:00:00
1774523100,1.15554,1.15576,1.15548,1.15572,477.0,2026-03-26 11:05:00
1774523400,1.1557,1.1557,1.15511,1.15514,403.0,2026-03-26 11:10:00
1774523700,1.15514,1.15527,1.15506,1.15507,335.0,2026-03-26 11:15:00
1774524000,1.15506,1.15506,1.15468,1.15473,381.0,2026-03-26 11:20:00
1774524300,1.15472,1.15472,1.15431,1.15437,471.0,2026-03-26 11:25:00
1774524600,1.15438,1.15446,1.15412,1.15418,450.0,2026-03-26 11:30:00
1774524900,1.1542,1.15422,1.15386,1.15395,359.0,2026-03-26 11:35:00
1774525200,1.15394,1.15394,1.15324,1.15334,684.0,2026-03-26 11:40:00
1774525500,1.15336,1.15342,1.1528,1.15284,682.0,2026-03-26 11:45:00
1774525800,1.15284,1.15305,1.1527,1.15286,671.0,2026-03-26 11:50:00
1774526100,1.15288,1.15288,1.15234,1.15243,695.0,2026-03-26 11:55:00
1774526400,1.15244,1.15272,1.15226,1.15254,1031.0,2026-03-26 12:00:00
1774526700,1.15255,1.1532,1.15247,1.15288,783.0,2026-03-26 12:05:00
1774527000,1.15286,1.1534,1.15281,1.15318,718.0,2026-03-26 12:10:00
1774527300,1.15318,1.15346,1.15307,1.15315,622.0,2026-03-26 12:15:00
1774527600,1.15316,1.15342,1.153,1.1533,595.0,2026-03-26 12:20:00
1774527900,1.1533,1.15352,1.1533,1.15338,470.0,2026-03-26 12:25:00
1774528200,1.15338,1.15352,1.15276,1.15277,866.0,2026-03-26 12:30:00
1774528500,1.15276,1.15336,1.1527,1.15332,886.0,2026-03-26 12:35:00
1774528800,1.15331,1.15331,1.1527,1.15274,800.0,2026-03-26 12:40:00
1774529100,1.15275,1.15328,1.15274,1.15326,729.0,2026-03-26 12:45:00
1774529400,1.15325,1.15325,1.15293,1.15306,641.0,2026-03-26 12:50:00
1774529700,1.15307,1.15355,1.15302,1.15351,815.0,2026-03-26 12:55:00
1774530000,1.15352,1.15392,1.15351,1.15378,945.0,2026-03-26 13:00:00
1774530300,1.15376,1.1541,1.15376,1.15386,759.0,2026-03-26 13:05:00
1774530600,1.15384,1.15412,1.15356,1.15402,674.0,2026-03-26 13:10:00
1774530900,1.15402,1.15446,1.15396,1.15414,726.0,2026-03-26 13:15:00
1774531200,1.15412,1.15437,1.15412,1.15421,576.0,2026-03-26 13:20:00
1774531500,1.15422,1.15444,1.15408,1.15426,542.0,2026-03-26 13:25:00
1774531800,1.15426,1.1544,1.15372,1.15408,1032.0,2026-03-26 13:30:00
1774532100,1.15407,1.15429,1.15382,1.154,1131.0,2026-03-26 13:35:00
1774532400,1.15399,1.15498,1.1538,1.15496,1284.0,2026-03-26 13:40:00
1774532700,1.15495,1.15526,1.15446,1.15448,1403.0,2026-03-26 13:45:00
1774533000,1.15448,1.155,1.15444,1.15466,1251.0,2026-03-26 13:50:00
1774533300,1.15466,1.1547,1.15359,1.15424,1748.0,2026-03-26 13:55:00
1774533600,1.15423,1.15444,1.15393,1.15406,1475.0,2026-03-26 14:00:00
1774533900,1.15406,1.15436,1.15369,1.15412,1223.0,2026-03-26 14:05:00
1774534200,1.15413,1.1543,1.15372,1.15428,1132.0,2026-03-26 14:10:00
1774534500,1.15428,1.15498,1.15398,1.15478,1140.0,2026-03-26 14:15:00
1774534800,1.15478,1.15513,1.15453,1.15481,951.0,2026-03-26 14:20:00
1774535100,1.15482,1.15506,1.15464,1.15482,902.0,2026-03-26 14:25:00
1774535400,1.15482,1.15542,1.15482,1.15542,884.0,2026-03-26 14:30:00
1774535700,1.15542,1.1555,1.15492,1.15515,1119.0,2026-03-26 14:35:00
1774536000,1.15514,1.1555,1.15412,1.15432,2927.0,2026-03-26 14:40:00
1774536300,1.1543,1.15502,1.15422,1.15462,1829.0,2026-03-26 14:45:00
1774536600,1.15458,1.15518,1.15421,1.15422,1587.0,2026-03-26 14:50:00
1774536900,1.15423,1.15486,1.15408,1.15476,1570.0,2026-03-26 14:55:00
1774537200,1.15476,1.155,1.15451,1.15452,1294.0,2026-03-26 15:00:00
1774537500,1.15451,1.15512,1.15442,1.15464,1483.0,2026-03-26 15:05:00
1774537800,1.15464,1.1551,1.15464,1.15472,904.0,2026-03-26 15:10:00
1774538100,1.15472,1.15492,1.15428,1.15452,994.0,2026-03-26 15:15:00
1774538400,1.15451,1.15482,1.15442,1.15469,939.0,2026-03-26 15:20:00
1774538700,1.15472,1.15486,1.15436,1.15439,1009.0,2026-03-26 15:25:00
1774539000,1.15438,1.15447,1.15402,1.15414,1024.0,2026-03-26 15:30:00
1774539300,1.15414,1.15422,1.15372,1.1538,998.0,2026-03-26 15:35:00
1774539600,1.15379,1.15382,1.15314,1.1533,917.0,2026-03-26 15:40:00
1774539900,1.15331,1.15409,1.15326,1.15384,1922.0,2026-03-26 15:45:00
1774540200,1.15384,1.15423,1.15378,1.15393,1271.0,2026-03-26 15:50:00
1774540500,1.15396,1.15431,1.1539,1.15414,1544.0,2026-03-26 15:55:00
1774540800,1.15415,1.15429,1.15394,1.1542,901.0,2026-03-26 16:00:00
1774541100,1.1542,1.15428,1.1537,1.1541,709.0,2026-03-26 16:05:00
1774541400,1.15409,1.15432,1.15372,1.15423,727.0,2026-03-26 16:10:00
1774541700,1.15424,1.15425,1.15352,1.15364,1086.0,2026-03-26 16:15:00
1774542000,1.15363,1.15363,1.15309,1.15336,683.0,2026-03-26 16:20:00
1774542300,1.15336,1.15352,1.15315,1.15351,683.0,2026-03-26 16:25:00
1774542600,1.1535,1.15356,1.15314,1.1535,677.0,2026-03-26 16:30:00
1774542900,1.15351,1.15352,1.15324,1.15332,598.0,2026-03-26 16:35:00
1774543200,1.15331,1.15376,1.1532,1.1537,631.0,2026-03-26 16:40:00
1774543500,1.1537,1.15391,1.1536,1.1538,577.0,2026-03-26 16:45:00
1774543800,1.1538,1.15394,1.15356,1.1539,650.0,2026-03-26 16:50:00
1774544100,1.15389,1.1539,1.15354,1.15357,455.0,2026-03-26 16:55:00
1774544400,1.15356,1.1536,1.15324,1.15336,649.0,2026-03-26 17:00:00
1774544700,1.15337,1.1537,1.15336,1.1535,618.0,2026-03-26 17:05:00
1774545000,1.15349,1.15352,1.15326,1.15338,617.0,2026-03-26 17:10:00
1774545300,1.1534,1.15346,1.15312,1.1534,558.0,2026-03-26 17:15:00
1774545600,1.15338,1.1536,1.15318,1.1535,567.0,2026-03-26 17:20:00
1774545900,1.15351,1.15352,1.15326,1.15342,463.0,2026-03-26 17:25:00
1774546200,1.15344,1.15362,1.15328,1.15358,932.0,2026-03-26 17:30:00
1774546500,1.15358,1.15378,1.1532,1.15321,583.0,2026-03-26 17:35:00
1774546800,1.15322,1.15322,1.15272,1.15286,680.0,2026-03-26 17:40:00
1774547100,1.15284,1.15288,1.15268,1.15281,376.0,2026-03-26 17:45:00
1774547400,1.1528,1.1528,1.15262,1.15266,452.0,2026-03-26 17:50:00
1774547700,1.15268,1.15284,1.15255,1.15258,523.0,2026-03-26 17:55:00
1774548000,1.15256,1.15291,1.15252,1.15286,489.0,2026-03-26 18:00:00
1774548300,1.15286,1.1531,1.15286,1.1531,409.0,2026-03-26 18:05:00
1774548600,1.15312,1.15318,1.15294,1.15307,477.0,2026-03-26 18:10:00
1774548900,1.15308,1.15312,1.15292,1.15294,440.0,2026-03-26 18:15:00
1774549200,1.15294,1.15297,1.15274,1.15292,434.0,2026-03-26 18:20:00
1774549500,1.15292,1.153,1.15268,1.15278,310.0,2026-03-26 18:25:00
1774549800,1.15277,1.15305,1.15275,1.15298,307.0,2026-03-26 18:30:00
1774550100,1.15297,1.15328,1.15295,1.15322,315.0,2026-03-26 18:35:00
1774550400,1.15322,1.15331,1.1531,1.1533,294.0,2026-03-26 18:40:00
1774550700,1.15328,1.15337,1.15318,1.15332,286.0,2026-03-26 18:45:00
1774551000,1.1533,1.15336,1.15314,1.15329,336.0,2026-03-26 18:50:00
1774551300,1.1533,1.1534,1.15324,1.1534,387.0,2026-03-26 18:55:00
1774551600,1.15342,1.15346,1.15299,1.15303,470.0,2026-03-26 19:00:00
1774551900,1.15304,1.15313,1.15274,1.15276,335.0,2026-03-26 19:05:00
1774552200,1.15276,1.15276,1.15236,1.15246,455.0,2026-03-26 19:10:00
1774552500,1.15246,1.15272,1.15244,1.15259,334.0,2026-03-26 19:15:00
1774552800,1.15258,1.15276,1.15257,1.1526,264.0,2026-03-26 19:20:00
1774553100,1.1526,1.15264,1.15228,1.15237,324.0,2026-03-26 19:25:00
1774553400,1.15238,1.15257,1.1523,1.15254,381.0,2026-03-26 19:30:00
1774553700,1.15254,1.15286,1.1525,1.15268,350.0,2026-03-26 19:35:00
1774554000,1.15268,1.15268,1.15236,1.15238,300.0,2026-03-26 19:40:00
1774554300,1.15238,1.15244,1.15222,1.15232,286.0,2026-03-26 19:45:00
1774554600,1.15232,1.15246,1.15224,1.15236,513.0,2026-03-26 19:50:00
1774554900,1.15237,1.15248,1.15216,1.15219,498.0,2026-03-26 19:55:00
1774555200,1.1522,1.15222,1.15202,1.15219,332.0,2026-03-26 20:00:00
1774555500,1.15218,1.15222,1.15196,1.15196,246.0,2026-03-26 20:05:00
1774555800,1.15197,1.15591,1.15197,1.15472,4931.0,2026-03-26 20:10:00
1774556100,1.15471,1.15489,1.1539,1.154,2615.0,2026-03-26 20:15:00
1774556400,1.15398,1.15439,1.15344,1.15352,1708.0,2026-03-26 20:20:00
1774556700,1.15353,1.15376,1.15301,1.15336,1193.0,2026-03-26 20:25:00
1774557000,1.15338,1.15376,1.15328,1.15364,994.0,2026-03-26 20:30:00
1774557300,1.15362,1.15386,1.15356,1.15385,514.0,2026-03-26 20:35:00
1774557600,1.15383,1.15383,1.15326,1.15328,564.0,2026-03-26 20:40:00
1774557900,1.15329,1.15338,1.15292,1.15301,419.0,2026-03-26 20:45:00
1774558200,1.15302,1.15304,1.15278,1.15292,334.0,2026-03-26 20:50:00
1774558500,1.15292,1.15317,1.1529,1.15294,482.0,2026-03-26 20:55:00
1774558800,1.15322,1.15331,1.15322,1.15331,3.0,2026-03-26 21:00:00
1774559100,1.15312,1.15332,1.15312,1.15322,85.0,2026-03-26 21:05:00
1774559400,1.15324,1.15341,1.1532,1.15341,233.0,2026-03-26 21:10:00
1774559700,1.1534,1.15352,1.153,1.153,485.0,2026-03-26 21:15:00
1774560000,1.153,1.1532,1.153,1.15318,81.0,2026-03-26 21:20:00
1774560300,1.15317,1.15324,1.15317,1.15324,20.0,2026-03-26 21:25:00
1774560600,1.15325,1.15354,1.1532,1.15352,62.0,2026-03-26 21:30:00
1774560900,1.15351,1.15376,1.15351,1.15374,150.0,2026-03-26 21:35:00
1774561200,1.15374,1.1538,1.15348,1.15354,332.0,2026-03-26 21:40:00
1774561500,1.15352,1.1536,1.1535,1.15354,87.0,2026-03-26 21:45:00
1774561800,1.15352,1.15368,1.15351,1.15368,98.0,2026-03-26 21:50:00
1774562100,1.15367,1.15367,1.15342,1.15342,94.0,2026-03-26 21:55:00
1774562400,1.15342,1.15382,1.15329,1.15376,259.0,2026-03-26 22:00:00
1774562700,1.15378,1.15406,1.15348,1.1537,201.0,2026-03-26 22:05:00
1774563000,1.1537,1.15384,1.15366,1.15367,195.0,2026-03-26 22:10:00
1774563300,1.15368,1.15386,1.15366,1.15386,118.0,2026-03-26 22:15:00
1774563600,1.15387,1.15387,1.15362,1.15362,104.0,2026-03-26 22:20:00
1774563900,1.15362,1.15366,1.15356,1.15364,50.0,2026-03-26 22:25:00
1774564200,1.15364,1.15387,1.15362,1.15387,184.0,2026-03-26 22:30:00
1774564500,1.15388,1.15392,1.1538,1.15382,74.0,2026-03-26 22:35:00
1774564800,1.15381,1.15392,1.15377,1.1539,92.0,2026-03-26 22:40:00
1774565100,1.1539,1.15398,1.15386,1.15396,228.0,2026-03-26 22:45:00
1774565400,1.15396,1.15396,1.15386,1.15391,145.0,2026-03-26 22:50:00
1774565700,1.15389,1.15391,1.1538,1.15386,171.0,2026-03-26 22:55:00
1774566000,1.15386,1.15395,1.15382,1.15384,162.0,2026-03-26 23:00:00
1774566300,1.15385,1.15392,1.15374,1.15386,180.0,2026-03-26 23:05:00
1774566600,1.15386,1.15386,1.15375,1.15376,163.0,2026-03-26 23:10:00
1774566900,1.15377,1.15389,1.15376,1.15388,141.0,2026-03-26 23:15:00
1774567200,1.15386,1.15387,1.15375,1.15386,151.0,2026-03-26 23:20:00
1774567500,1.15385,1.15385,1.15375,1.1538,122.0,2026-03-26 23:25:00
1774567800,1.15382,1.15394,1.15375,1.15394,121.0,2026-03-26 23:30:00
1774568100,1.15392,1.15399,1.15384,1.15384,91.0,2026-03-26 23:35:00
1774568400,1.15385,1.15386,1.15356,1.15363,123.0,2026-03-26 23:40:00
1774568700,1.15362,1.1537,1.15346,1.15356,204.0,2026-03-26 23:45:00
1774569000,1.15357,1.15365,1.1535,1.15352,121.0,2026-03-26 23:50:00
1774569300,1.15352,1.15352,1.1534,1.15344,139.0,2026-03-26 23:55:00
1774569600,1.15343,1.15381,1.15336,1.1537,487.0,2026-03-27 00:00:00
1774569900,1.1537,1.15378,1.15347,1.15364,341.0,2026-03-27 00:05:00
1774570200,1.15366,1.15366,1.15324,1.15326,354.0,2026-03-27 00:10:00
1774570500,1.15325,1.15344,1.15289,1.15294,444.0,2026-03-27 00:15:00
1774570800,1.15295,1.15299,1.15244,1.15284,1005.0,2026-03-27 00:20:00
1774571100,1.15284,1.15287,1.15262,1.1527,639.0,2026-03-27 00:25:00
1774571400,1.15273,1.15302,1.15264,1.15286,629.0,2026-03-27 00:30:00
1774571700,1.15284,1.15288,1.15269,1.15285,375.0,2026-03-27 00:35:00
1774572000,1.15284,1.15297,1.15275,1.15284,405.0,2026-03-27 00:40:00
1774572300,1.15282,1.15283,1.15244,1.15262,538.0,2026-03-27 00:45:00
1774572600,1.15261,1.15288,1.15244,1.15283,606.0,2026-03-27 00:50:00
1774572900,1.15287,1.15315,1.15282,1.15305,628.0,2026-03-27 00:55:00
1774573200,1.15304,1.15326,1.15297,1.15301,739.0,2026-03-27 01:00:00
1774573500,1.153,1.15322,1.153,1.15313,564.0,2026-03-27 01:05:00
1774573800,1.15312,1.15346,1.15312,1.15333,502.0,2026-03-27 01:10:00
1774574100,1.15335,1.15356,1.15325,1.15347,507.0,2026-03-27 01:15:00
1774574400,1.15347,1.15366,1.15338,1.15364,380.0,2026-03-27 01:20:00
1774574700,1.15364,1.15367,1.1535,1.15364,380.0,2026-03-27 01:25:00
1774575000,1.15364,1.154,1.15362,1.15387,496.0,2026-03-27 01:30:00
1774575300,1.15386,1.15405,1.15386,1.15395,405.0,2026-03-27 01:35:00
1774575600,1.15396,1.15402,1.15381,1.15382,337.0,2026-03-27 01:40:00
1774575900,1.15383,1.15391,1.15362,1.15386,373.0,2026-03-27 01:45:00
1774576200,1.15384,1.15384,1.15362,1.15368,439.0,2026-03-27 01:50:00
1774576500,1.15367,1.15409,1.15366,1.15404,396.0,2026-03-27 01:55:00
1774576800,1.15406,1.15427,1.15406,1.1541,518.0,2026-03-27 02:00:00
1774577100,1.15408,1.15411,1.15382,1.15391,330.0,2026-03-27 02:05:00
1774577400,1.1539,1.15392,1.15376,1.15384,269.0,2026-03-27 02:10:00
1774577700,1.15382,1.15394,1.15375,1.15383,287.0,2026-03-27 02:15:00
1774578000,1.15384,1.1539,1.15362,1.15378,338.0,2026-03-27 02:20:00
1774578300,1.15378,1.1539,1.1537,1.1539,315.0,2026-03-27 02:25:00
1774578600,1.1539,1.15412,1.15381,1.15408,295.0,2026-03-27 02:30:00
1774578900,1.15409,1.1541,1.15392,1.15403,276.0,2026-03-27 02:35:00
1774579200,1.15404,1.15414,1.15398,1.15407,176.0,2026-03-27 02:40:00
1774579500,1.15408,1.1542,1.15389,1.15394,245.0,2026-03-27 02:45:00
1774579800,1.15394,1.15396,1.15381,1.15388,254.0,2026-03-27 02:50:00
1774580100,1.15389,1.15396,1.15382,1.15384,232.0,2026-03-27 02:55:00
1774580400,1.15385,1.15403,1.15382,1.15383,264.0,2026-03-27 03:00:00
1774580700,1.15382,1.15382,1.1535,1.15358,284.0,2026-03-27 03:05:00
1774581000,1.1536,1.15372,1.1535,1.15361,198.0,2026-03-27 03:10:00
1774581300,1.15362,1.15362,1.15346,1.15352,202.0,2026-03-27 03:15:00
1774581600,1.15352,1.15352,1.15338,1.15339,178.0,2026-03-27 03:20:00
1774581900,1.1534,1.15357,1.1534,1.15352,252.0,2026-03-27 03:25:00
1774582200,1.15352,1.15378,1.15352,1.1537,280.0,2026-03-27 03:30:00
1774582500,1.1537,1.15392,1.15366,1.15392,291.0,2026-03-27 03:35:00
1774582800,1.15392,1.15398,1.15384,1.15387,250.0,2026-03-27 03:40:00
1774583100,1.15388,1.15389,1.15376,1.1538,281.0,2026-03-27 03:45:00
1774583400,1.15378,1.15392,1.15372,1.15378,204.0,2026-03-27 03:50:00
1774583700,1.15379,1.15392,1.15372,1.15392,291.0,2026-03-27 03:55:00
1774584000,1.15392,1.15398,1.15371,1.15398,327.0,2026-03-27 04:00:00
1774584300,1.15398,1.15402,1.15386,1.15387,154.0,2026-03-27 04:05:00
1774584600,1.15388,1.15398,1.15384,1.15394,239.0,2026-03-27 04:10:00
1774584900,1.15393,1.15394,1.15386,1.1539,138.0,2026-03-27 04:15:00
1774585200,1.15389,1.15408,1.15389,1.15401,277.0,2026-03-27 04:20:00
1774585500,1.154,1.15404,1.1539,1.15398,315.0,2026-03-27 04:25:00
1774585800,1.15396,1.15403,1.1539,1.15401,188.0,2026-03-27 04:30:00
1774586100,1.15402,1.15423,1.15398,1.15422,189.0,2026-03-27 04:35:00
1774586400,1.15422,1.15427,1.15416,1.15427,105.0,2026-03-27 04:40:00
1774586700,1.15426,1.15432,1.15418,1.1542,232.0,2026-03-27 04:45:00
1774587000,1.1542,1.15422,1.15414,1.1542,136.0,2026-03-27 04:50:00
1774587300,1.15418,1.15438,1.15416,1.15428,202.0,2026-03-27 04:55:00
1774587600,1.15429,1.15429,1.15413,1.15422,370.0,2026-03-27 05:00:00
1774587900,1.15423,1.15451,1.1542,1.15443,464.0,2026-03-27 05:05:00
1774588200,1.15442,1.15457,1.15431,1.15456,291.0,2026-03-27 05:10:00
1774588500,1.15455,1.15455,1.15444,1.15446,324.0,2026-03-27 05:15:00
1774588800,1.15446,1.15447,1.15412,1.15412,403.0,2026-03-27 05:20:00
1774589100,1.15412,1.15418,1.15402,1.15406,361.0,2026-03-27 05:25:00
1774589400,1.15407,1.1541,1.15372,1.15392,448.0,2026-03-27 05:30:00
1774589700,1.15392,1.15415,1.15391,1.15414,298.0,2026-03-27 05:35:00
1774590000,1.15414,1.15432,1.15406,1.15432,423.0,2026-03-27 05:40:00
1774590300,1.15431,1.15463,1.15431,1.15442,343.0,2026-03-27 05:45:00
1774590600,1.15442,1.15453,1.15438,1.1545,219.0,2026-03-27 05:50:00
1774590900,1.1545,1.15452,1.15402,1.15412,450.0,2026-03-27 05:55:00
1774591200,1.1541,1.1542,1.15396,1.15414,559.0,2026-03-27 06:00:00
1774591500,1.15413,1.15428,1.1539,1.15427,450.0,2026-03-27 06:05:00
1774591800,1.15426,1.15439,1.15402,1.15434,304.0,2026-03-27 06:10:00
1774592100,1.15432,1.15438,1.15394,1.15394,295.0,2026-03-27 06:15:00
1774592400,1.15395,1.15402,1.15385,1.15395,316.0,2026-03-27 06:20:00
1774592700,1.15396,1.15397,1.1538,1.15394,228.0,2026-03-27 06:25:00
1774593000,1.15395,1.154,1.1536,1.15376,279.0,2026-03-27 06:30:00
1774593300,1.15376,1.15384,1.15374,1.1538,202.0,2026-03-27 06:35:00
1774593600,1.1538,1.15386,1.15375,1.15382,116.0,2026-03-27 06:40:00
1774593900,1.15382,1.15383,1.15356,1.15368,337.0,2026-03-27 06:45:00
1774594200,1.15367,1.15373,1.1535,1.15362,267.0,2026-03-27 06:50:00
1774594500,1.15363,1.15376,1.1534,1.15345,329.0,2026-03-27 06:55:00
1774594800,1.15344,1.1535,1.15316,1.15348,535.0,2026-03-27 07:00:00
1774595100,1.15347,1.15347,1.15314,1.15331,410.0,2026-03-27 07:05:00
1774595400,1.1533,1.15346,1.15298,1.15308,382.0,2026-03-27 07:10:00
1774595700,1.15308,1.15312,1.15277,1.15281,446.0,2026-03-27 07:15:00
1774596000,1.1528,1.15292,1.1527,1.15282,492.0,2026-03-27 07:20:00
1774596300,1.15282,1.15282,1.15226,1.15233,540.0,2026-03-27 07:25:00
1774596600,1.15232,1.15248,1.15214,1.15238,578.0,2026-03-27 07:30:00
1774596900,1.15236,1.1525,1.15222,1.15242,518.0,2026-03-27 07:35:00
1774597200,1.1524,1.1524,1.1521,1.15215,620.0,2026-03-27 07:40:00
1774597500,1.15212,1.15264,1.1521,1.15254,524.0,2026-03-27 07:45:00
1774597800,1.15252,1.15254,1.1523,1.15232,479.0,2026-03-27 07:50:00
1774598100,1.15231,1.15237,1.15168,1.1519,449.0,2026-03-27 07:55:00
1774598400,1.15187,1.15226,1.15172,1.15179,1282.0,2026-03-27 08:00:00
1774598700,1.15177,1.15192,1.15158,1.15182,788.0,2026-03-27 08:05:00
1774599000,1.15181,1.15208,1.1516,1.15204,559.0,2026-03-27 08:10:00
1774599300,1.15204,1.15216,1.15182,1.15186,655.0,2026-03-27 08:15:00
1774599600,1.15186,1.15206,1.1517,1.15186,603.0,2026-03-27 08:20:00
1774599900,1.15186,1.15228,1.15185,1.15223,669.0,2026-03-27 08:25:00
1774600200,1.15222,1.15246,1.15207,1.15214,668.0,2026-03-27 08:30:00
1774600500,1.15214,1.15227,1.15186,1.15206,512.0,2026-03-27 08:35:00
1774600800,1.15205,1.15254,1.15198,1.15234,541.0,2026-03-27 08:40:00
1774601100,1.15234,1.15242,1.15208,1.1522,480.0,2026-03-27 08:45:00
1774601400,1.15219,1.15226,1.15198,1.15215,510.0,2026-03-27 08:50:00
1774601700,1.15214,1.1522,1.152,1.15207,459.0,2026-03-27 08:55:00
1774602000,1.15202,1.15222,1.15172,1.15172,484.0,2026-03-27 09:00:00
1774602300,1.1517,1.15188,1.15145,1.15156,685.0,2026-03-27 09:05:00
1774602600,1.15156,1.15214,1.15147,1.15186,577.0,2026-03-27 09:10:00
1774602900,1.15186,1.15215,1.15178,1.15194,523.0,2026-03-27 09:15:00
1774603200,1.15194,1.15233,1.15185,1.15214,615.0,2026-03-27 09:20:00
1774603500,1.15213,1.15244,1.15213,1.15226,529.0,2026-03-27 09:25:00
1774603800,1.15226,1.15262,1.15208,1.15254,588.0,2026-03-27 09:30:00
1774604100,1.15254,1.1526,1.15232,1.15238,427.0,2026-03-27 09:35:00
1774604400,1.15236,1.15238,1.15196,1.15214,382.0,2026-03-27 09:40:00
1774604700,1.15212,1.15216,1.15186,1.15202,457.0,2026-03-27 09:45:00
1774605000,1.152,1.15212,1.15186,1.15206,412.0,2026-03-27 09:50:00
1774605300,1.15205,1.1521,1.15176,1.15193,575.0,2026-03-27 09:55:00
1774605600,1.15192,1.15234,1.15185,1.15222,515.0,2026-03-27 10:00:00
1774605900,1.1522,1.15242,1.15208,1.15212,625.0,2026-03-27 10:05:00
1774606200,1.15212,1.15222,1.15185,1.15204,595.0,2026-03-27 10:10:00
1774606500,1.15203,1.1521,1.15183,1.15208,444.0,2026-03-27 10:15:00
1774606800,1.15208,1.1521,1.15184,1.15202,405.0,2026-03-27 10:20:00
1774607100,1.15202,1.1526,1.15202,1.15254,438.0,2026-03-27 10:25:00
1774607400,1.15254,1.15258,1.15207,1.15224,573.0,2026-03-27 10:30:00
1774607700,1.15223,1.15223,1.15156,1.15162,465.0,2026-03-27 10:35:00
1774608000,1.15164,1.15165,1.15134,1.15143,486.0,2026-03-27 10:40:00
1774608300,1.15144,1.15156,1.15133,1.15154,393.0,2026-03-27 10:45:00
1774608600,1.15153,1.15166,1.15143,1.15149,408.0,2026-03-27 10:50:00
1774608900,1.15148,1.15148,1.15102,1.15109,547.0,2026-03-27 10:55:00
1774609200,1.1511,1.15133,1.15096,1.15124,624.0,2026-03-27 11:00:00
1774609500,1.15124,1.15136,1.15093,1.15107,440.0,2026-03-27 11:05:00
1774609800,1.15107,1.1513,1.15105,1.15116,484.0,2026-03-27 11:10:00
1774610100,1.15116,1.15136,1.15111,1.15129,573.0,2026-03-27 11:15:00
1774610400,1.15128,1.15141,1.15092,1.15115,414.0,2026-03-27 11:20:00
1774610700,1.15114,1.15122,1.15092,1.1512,401.0,2026-03-27 11:25:00
1774611000,1.15119,1.15134,1.15102,1.15134,383.0,2026-03-27 11:30:00
1774611300,1.15133,1.15134,1.15094,1.15107,526.0,2026-03-27 11:35:00
1774611600,1.15106,1.15122,1.151,1.15118,461.0,2026-03-27 11:40:00
1774611900,1.1512,1.1512,1.1507,1.15074,497.0,2026-03-27 11:45:00
1774612200,1.15073,1.15096,1.15048,1.15084,474.0,2026-03-27 11:50:00
1774612500,1.15084,1.15105,1.1507,1.15077,415.0,2026-03-27 11:55:00
1774612800,1.15076,1.1508,1.15028,1.15034,732.0,2026-03-27 12:00:00
1774613100,1.15034,1.15046,1.1502,1.1503,566.0,2026-03-27 12:05:00
1774613400,1.1503,1.15062,1.15023,1.15032,584.0,2026-03-27 12:10:00
1774613700,1.15032,1.15075,1.15018,1.15068,665.0,2026-03-27 12:15:00
1774614000,1.15068,1.15091,1.15042,1.1509,632.0,2026-03-27 12:20:00
1774614300,1.15091,1.1512,1.15084,1.15098,678.0,2026-03-27 12:25:00
1774614600,1.15099,1.15108,1.15062,1.15072,546.0,2026-03-27 12:30:00
1774614900,1.15072,1.15106,1.15068,1.15102,572.0,2026-03-27 12:35:00
1774615200,1.15101,1.15156,1.15097,1.15156,684.0,2026-03-27 12:40:00
1774615500,1.15156,1.15181,1.15144,1.15153,836.0,2026-03-27 12:45:00
1774615800,1.15153,1.15174,1.15144,1.15153,689.0,2026-03-27 12:50:00
1774616100,1.15152,1.15174,1.15148,1.15151,643.0,2026-03-27 12:55:00
1774616400,1.15152,1.15168,1.15148,1.15168,759.0,2026-03-27 13:00:00
1774616700,1.15168,1.15195,1.15153,1.15166,819.0,2026-03-27 13:05:00
1774617000,1.15167,1.15169,1.15141,1.1516,662.0,2026-03-27 13:10:00
1774617300,1.15162,1.15216,1.15156,1.15202,813.0,2026-03-27 13:15:00
1774617600,1.15203,1.1527,1.15202,1.15262,999.0,2026-03-27 13:20:00
1774617900,1.15263,1.15277,1.1522,1.1525,875.0,2026-03-27 13:25:00
1774618200,1.1525,1.15256,1.1519,1.15192,1124.0,2026-03-27 13:30:00
1774618500,1.15193,1.15278,1.15183,1.15272,1161.0,2026-03-27 13:35:00
1774618800,1.15272,1.15317,1.15244,1.15306,1422.0,2026-03-27 13:40:00
1774619100,1.15304,1.1533,1.15283,1.15315,1270.0,2026-03-27 13:45:00
1774619400,1.15316,1.1532,1.1525,1.15252,938.0,2026-03-27 13:50:00
1774619700,1.15251,1.15262,1.15226,1.15242,723.0,2026-03-27 13:55:00
1774620000,1.1524,1.15312,1.15232,1.15306,1331.0,2026-03-27 14:00:00
1774620300,1.15308,1.15326,1.15266,1.15277,1321.0,2026-03-27 14:05:00
1774620600,1.15276,1.15316,1.15262,1.15306,1202.0,2026-03-27 14:10:00
1774620900,1.15304,1.15343,1.1528,1.15332,957.0,2026-03-27 14:15:00
1774621200,1.15332,1.15342,1.153,1.15339,947.0,2026-03-27 14:20:00
1774621500,1.1534,1.15358,1.15276,1.15277,1045.0,2026-03-27 14:25:00
1774621800,1.15276,1.15324,1.15255,1.15323,1029.0,2026-03-27 14:30:00
1774622100,1.15324,1.15324,1.15276,1.15302,1003.0,2026-03-27 14:35:00
1774622400,1.15302,1.1531,1.15278,1.15284,765.0,2026-03-27 14:40:00
1774622700,1.15283,1.15314,1.15277,1.15311,847.0,2026-03-27 14:45:00
1774623000,1.1531,1.15335,1.15295,1.15298,913.0,2026-03-27 14:50:00
1774623300,1.15298,1.15332,1.15288,1.15288,803.0,2026-03-27 14:55:00
1774623600,1.15288,1.15333,1.15286,1.15318,1032.0,2026-03-27 15:00:00
1774623900,1.15318,1.15324,1.15266,1.1531,1084.0,2026-03-27 15:05:00
1774624200,1.1531,1.15338,1.153,1.15314,869.0,2026-03-27 15:10:00
1774624500,1.15313,1.15324,1.15257,1.15274,1364.0,2026-03-27 15:15:00
1774624800,1.15276,1.15452,1.15256,1.15346,1833.0,2026-03-27 15:20:00
1774625100,1.15347,1.15384,1.15333,1.1537,1697.0,2026-03-27 15:25:00
1774625400,1.15368,1.1548,1.1536,1.15454,1365.0,2026-03-27 15:30:00
1774625700,1.15454,1.15464,1.15384,1.1539,1267.0,2026-03-27 15:35:00
1774626000,1.15388,1.15402,1.1535,1.15368,855.0,2026-03-27 15:40:00
1774626300,1.15368,1.15382,1.15316,1.15324,919.0,2026-03-27 15:45:00
1774626600,1.15324,1.15328,1.15266,1.15298,892.0,2026-03-27 15:50:00
1774626900,1.15297,1.15297,1.1518,1.15194,1769.0,2026-03-27 15:55:00
1774627200,1.15194,1.15274,1.15192,1.15252,1665.0,2026-03-27 16:00:00
1774627500,1.15253,1.15261,1.1521,1.15232,1106.0,2026-03-27 16:05:00
1774627800,1.15232,1.15232,1.15181,1.152,801.0,2026-03-27 16:10:00
1774628100,1.15201,1.1521,1.15184,1.15198,625.0,2026-03-27 16:15:00
1774628400,1.152,1.15234,1.15198,1.15198,781.0,2026-03-27 16:20:00
1774628700,1.152,1.15234,1.1519,1.15222,938.0,2026-03-27 16:25:00
1774629000,1.15222,1.15229,1.15184,1.15186,914.0,2026-03-27 16:30:00
1774629300,1.15186,1.15198,1.15152,1.15156,723.0,2026-03-27 16:35:00
1774629600,1.15156,1.15218,1.15148,1.15204,851.0,2026-03-27 16:40:00
1774629900,1.15205,1.15236,1.15185,1.15228,288.0,2026-03-27 16:45:00
1774630200,1.15228,1.15244,1.15203,1.15216,253.0,2026-03-27 16:50:00
1774630500,1.15214,1.15226,1.15188,1.15192,270.0,2026-03-27 16:55:00
1774630800,1.1519,1.152,1.15162,1.15175,304.0,2026-03-27 17:00:00
1774631100,1.15176,1.15292,1.15163,1.15188,1591.0,2026-03-27 17:05:00
1774631400,1.15186,1.15196,1.15142,1.15148,1001.0,2026-03-27 17:10:00
1774631700,1.15149,1.15154,1.1511,1.15116,694.0,2026-03-27 17:15:00
1774632000,1.15114,1.15122,1.15105,1.1511,476.0,2026-03-27 17:20:00
1774632300,1.15112,1.15116,1.15094,1.15096,438.0,2026-03-27 17:25:00
1774632600,1.15094,1.151,1.15072,1.15094,644.0,2026-03-27 17:30:00
1774632900,1.15094,1.15098,1.15079,1.15084,410.0,2026-03-27 17:35:00
1774633200,1.15082,1.15092,1.15063,1.15091,447.0,2026-03-27 17:40:00
1774633500,1.1509,1.15126,1.15086,1.15112,474.0,2026-03-27 17:45:00
1774633800,1.15111,1.15147,1.15108,1.15127,419.0,2026-03-27 17:50:00
1774634100,1.15126,1.15128,1.15102,1.15126,507.0,2026-03-27 17:55:00
1774634400,1.15124,1.15146,1.15118,1.15125,483.0,2026-03-27 18:00:00
1774634700,1.15124,1.15128,1.15094,1.15106,596.0,2026-03-27 18:05:00
1774635000,1.15106,1.15108,1.15074,1.15083,491.0,2026-03-27 18:10:00
1774635300,1.15084,1.15116,1.1507,1.15114,546.0,2026-03-27 18:15:00
1774635600,1.15115,1.15126,1.1509,1.15098,544.0,2026-03-27 18:20:00
1774635900,1.15098,1.15139,1.15086,1.15124,525.0,2026-03-27 18:25:00
1774636200,1.15123,1.15143,1.1512,1.15127,328.0,2026-03-27 18:30:00
1774636500,1.15128,1.15145,1.15122,1.1514,375.0,2026-03-27 18:35:00
1774636800,1.15141,1.152,1.15127,1.15164,656.0,2026-03-27 18:40:00
1774637100,1.15166,1.1517,1.15132,1.15138,457.0,2026-03-27 18:45:00
1774637400,1.15139,1.15156,1.15132,1.15145,522.0,2026-03-27 18:50:00
1774637700,1.15146,1.15146,1.15129,1.15136,440.0,2026-03-27 18:55:00
1774638000,1.15135,1.15138,1.15099,1.15108,353.0,2026-03-27 19:00:00
1774638300,1.15108,1.15117,1.151,1.15117,313.0,2026-03-27 19:05:00
1774638600,1.15116,1.15149,1.15114,1.15135,469.0,2026-03-27 19:10:00
1774638900,1.15134,1.15136,1.15117,1.15136,370.0,2026-03-27 19:15:00
1774639200,1.15136,1.1514,1.1512,1.1513,258.0,2026-03-27 19:20:00
1774639500,1.15128,1.15136,1.15122,1.15133,253.0,2026-03-27 19:25:00
1774639800,1.15134,1.15142,1.15128,1.15141,351.0,2026-03-27 19:30:00
1774640100,1.15142,1.15142,1.15128,1.1513,266.0,2026-03-27 19:35:00
1774640400,1.1513,1.15136,1.15106,1.15132,481.0,2026-03-27 19:40:00
1774640700,1.15133,1.15144,1.15126,1.15143,346.0,2026-03-27 19:45:00
1774641000,1.15141,1.15164,1.15132,1.15152,482.0,2026-03-27 19:50:00
1774641300,1.15154,1.1518,1.15154,1.15172,582.0,2026-03-27 19:55:00
1774641600,1.15172,1.15208,1.15144,1.1518,1000.0,2026-03-27 20:00:00
1774641900,1.15179,1.15181,1.1515,1.15172,264.0,2026-03-27 20:05:00
1774642200,1.15172,1.15175,1.15162,1.15172,292.0,2026-03-27 20:10:00
1774642500,1.15173,1.15186,1.15167,1.15167,550.0,2026-03-27 20:15:00
1774642800,1.15168,1.15168,1.15148,1.15155,333.0,2026-03-27 20:20:00
1774643100,1.15156,1.1516,1.15135,1.15141,251.0,2026-03-27 20:25:00
1774643400,1.15141,1.15145,1.15094,1.15099,292.0,2026-03-27 20:30:00
1774643700,1.15102,1.15114,1.15094,1.15096,207.0,2026-03-27 20:35:00
1774644000,1.15096,1.15152,1.15096,1.15136,478.0,2026-03-27 20:40:00
1774644300,1.15133,1.15144,1.15128,1.15136,403.0,2026-03-27 20:45:00
1774644600,1.15134,1.15142,1.15112,1.15124,281.0,2026-03-27 20:50:00
1774644900,1.15124,1.15156,1.15101,1.15114,814.0,2026-03-27 20:55:00
1774818000,1.15029,1.15029,1.15029,1.15029,1.0,2026-03-29 21:00:00
1774818300,1.1503,1.15032,1.1502,1.1502,33.0,2026-03-29 21:05:00
1774818600,1.15024,1.15024,1.15012,1.15019,28.0,2026-03-29 21:10:00
1774818900,1.1502,1.1502,1.15011,1.15012,18.0,2026-03-29 21:15:00
1774819200,1.15014,1.15019,1.15004,1.15019,60.0,2026-03-29 21:20:00
1774819500,1.15018,1.1502,1.15017,1.15019,12.0,2026-03-29 21:25:00
1774819800,1.15018,1.15019,1.15009,1.15017,15.0,2026-03-29 21:30:00
1774820100,1.15016,1.1502,1.15015,1.15017,14.0,2026-03-29 21:35:00
1774820400,1.15018,1.1502,1.15012,1.15016,20.0,2026-03-29 21:40:00
1774820700,1.15015,1.15015,1.15013,1.15014,19.0,2026-03-29 21:45:00
1774821000,1.15014,1.15018,1.15008,1.15018,113.0,2026-03-29 21:50:00
1774821300,1.15024,1.15024,1.14996,1.15,49.0,2026-03-29 21:55:00
1774821600,1.15004,1.15026,1.14998,1.1501,360.0,2026-03-29 22:00:00
1774821900,1.15011,1.15022,1.14924,1.14944,523.0,2026-03-29 22:05:00
1774822200,1.14944,1.15003,1.14927,1.14972,590.0,2026-03-29 22:10:00
1774822500,1.14972,1.14974,1.1494,1.14958,526.0,2026-03-29 22:15:00
1774822800,1.14959,1.14998,1.14943,1.14946,438.0,2026-03-29 22:20:00
1774823100,1.14948,1.14948,1.1491,1.14911,335.0,2026-03-29 22:25:00
1774823400,1.14912,1.14938,1.14904,1.14926,440.0,2026-03-29 22:30:00
1774823700,1.14926,1.14938,1.14896,1.14907,340.0,2026-03-29 22:35:00
1774824000,1.14908,1.14912,1.14883,1.14891,282.0,2026-03-29 22:40:00
1774824300,1.14892,1.1491,1.14889,1.14902,255.0,2026-03-29 22:45:00
1774824600,1.14901,1.14901,1.14891,1.14897,198.0,2026-03-29 22:50:00
1774824900,1.14898,1.1492,1.14881,1.14886,362.0,2026-03-29 22:55:00
1774825200,1.14886,1.14943,1.14886,1.14928,422.0,2026-03-29 23:00:00
1774825500,1.14928,1.14941,1.14894,1.149,422.0,2026-03-29 23:05:00
1774825800,1.14901,1.1492,1.14892,1.14895,301.0,2026-03-29 23:10:00
1774826100,1.14894,1.14934,1.14894,1.14928,287.0,2026-03-29 23:15:00
1774826400,1.14928,1.14947,1.14928,1.14936,279.0,2026-03-29 23:20:00
1774826700,1.14939,1.14941,1.14918,1.14926,182.0,2026-03-29 23:25:00
1774827000,1.14926,1.14936,1.14911,1.14914,320.0,2026-03-29 23:30:00
1774827300,1.14915,1.14924,1.14904,1.14914,382.0,2026-03-29 23:35:00
1774827600,1.14915,1.14918,1.149,1.14908,240.0,2026-03-29 23:40:00
1774827900,1.14908,1.14923,1.14876,1.14914,805.0,2026-03-29 23:45:00
1774828200,1.14915,1.1492,1.14897,1.14907,601.0,2026-03-29 23:50:00
1774828500,1.1491,1.1492,1.1488,1.14918,644.0,2026-03-29 23:55:00
1774828800,1.1492,1.14928,1.14896,1.14924,1094.0,2026-03-30 00:00:00
1774829100,1.14925,1.14976,1.14925,1.14948,825.0,2026-03-30 00:05:00
1774829400,1.14948,1.14954,1.14938,1.14942,604.0,2026-03-30 00:10:00
1774829700,1.14942,1.15059,1.14928,1.15056,1558.0,2026-03-30 00:15:00
1774830000,1.15057,1.15092,1.15048,1.15072,1758.0,2026-03-30 00:20:00
1774830300,1.15072,1.15108,1.15057,1.15074,1228.0,2026-03-30 00:25:00
1774830600,1.15072,1.15128,1.15072,1.15118,830.0,2026-03-30 00:30:00
1774830900,1.15118,1.1512,1.15084,1.1509,639.0,2026-03-30 00:35:00
1774831200,1.15089,1.15102,1.1508,1.15082,670.0,2026-03-30 00:40:00
1774831500,1.15082,1.15088,1.15072,1.15074,443.0,2026-03-30 00:45:00
1774831800,1.15076,1.15078,1.15048,1.15057,543.0,2026-03-30 00:50:00
1774832100,1.15058,1.15072,1.15052,1.15068,474.0,2026-03-30 00:55:00
1774832400,1.15068,1.1511,1.15068,1.15071,660.0,2026-03-30 01:00:00
1774832700,1.15073,1.15092,1.15064,1.15083,514.0,2026-03-30 01:05:00
1774833000,1.15084,1.151,1.15071,1.15083,475.0,2026-03-30 01:10:00
1774833300,1.15082,1.15086,1.15052,1.15062,614.0,2026-03-30 01:15:00
1774833600,1.15062,1.15065,1.15034,1.15034,422.0,2026-03-30 01:20:00
1774833900,1.15034,1.15066,1.15029,1.15064,448.0,2026-03-30 01:25:00
1774834200,1.15064,1.15084,1.15055,1.15084,563.0,2026-03-30 01:30:00
1774834500,1.15084,1.1509,1.15062,1.15065,392.0,2026-03-30 01:35:00
1774834800,1.15066,1.15066,1.1504,1.15056,423.0,2026-03-30 01:40:00
1774835100,1.15058,1.15068,1.15046,1.15048,429.0,2026-03-30 01:45:00
1774835400,1.15048,1.15055,1.1504,1.15048,485.0,2026-03-30 01:50:00
1774835700,1.15048,1.15058,1.15044,1.15051,402.0,2026-03-30 01:55:00
1774836000,1.1505,1.1505,1.15016,1.15016,416.0,2026-03-30 02:00:00
1774836300,1.15014,1.15044,1.15014,1.15035,425.0,2026-03-30 02:05:00
1774836600,1.15036,1.15088,1.15034,1.15086,316.0,2026-03-30 02:10:00
1774836900,1.15086,1.15087,1.15059,1.1506,380.0,2026-03-30 02:15:00
1774837200,1.15058,1.15066,1.1505,1.15056,403.0,2026-03-30 02:20:00
1774837500,1.15056,1.15066,1.15042,1.15062,441.0,2026-03-30 02:25:00
1774837800,1.15063,1.151,1.15063,1.15092,563.0,2026-03-30 02:30:00
1774838100,1.15093,1.15109,1.15092,1.15105,326.0,2026-03-30 02:35:00
1774838400,1.15106,1.15133,1.15106,1.15128,389.0,2026-03-30 02:40:00
1774838700,1.15128,1.15142,1.1512,1.15138,315.0,2026-03-30 02:45:00
1774839000,1.15138,1.15153,1.15098,1.15102,423.0,2026-03-30 02:50:00
1774839300,1.15104,1.15118,1.15104,1.15114,381.0,2026-03-30 02:55:00
1774839600,1.15114,1.15129,1.15103,1.15124,415.0,2026-03-30 03:00:00
1774839900,1.15123,1.1516,1.15123,1.15159,441.0,2026-03-30 03:05:00
1774840200,1.15158,1.15169,1.15153,1.15159,382.0,2026-03-30 03:10:00
1774840500,1.15158,1.15179,1.15146,1.15179,278.0,2026-03-30 03:15:00
1774840800,1.1518,1.15188,1.15174,1.15176,330.0,2026-03-30 03:20:00
1774841100,1.15178,1.15184,1.15167,1.15174,170.0,2026-03-30 03:25:00
1774841400,1.15174,1.15176,1.15156,1.15166,255.0,2026-03-30 03:30:00
1774841700,1.15165,1.15168,1.15152,1.15157,295.0,2026-03-30 03:35:00
1774842000,1.15158,1.15173,1.15154,1.15169,193.0,2026-03-30 03:40:00
1774842300,1.15168,1.15168,1.1514,1.15156,288.0,2026-03-30 03:45:00
1774842600,1.15154,1.1517,1.15152,1.15169,207.0,2026-03-30 03:50:00
1774842900,1.15168,1.15168,1.15154,1.15158,178.0,2026-03-30 03:55:00
1774843200,1.15158,1.15171,1.15152,1.15152,319.0,2026-03-30 04:00:00
1774843500,1.15152,1.15165,1.15149,1.15156,235.0,2026-03-30 04:05:00
1774843800,1.15156,1.15168,1.15152,1.15167,178.0,2026-03-30 04:10:00
1774844100,1.15168,1.15172,1.15162,1.15163,108.0,2026-03-30 04:15:00
1774844400,1.15162,1.15178,1.15162,1.15174,187.0,2026-03-30 04:20:00
1774844700,1.15176,1.15213,1.15175,1.15189,279.0,2026-03-30 04:25:00
1774845000,1.15189,1.15192,1.15176,1.15188,161.0,2026-03-30 04:30:00
1774845300,1.15186,1.15187,1.15174,1.1518,203.0,2026-03-30 04:35:00
1774845600,1.1518,1.15198,1.15173,1.15198,181.0,2026-03-30 04:40:00
1774845900,1.15196,1.15199,1.1516,1.15162,183.0,2026-03-30 04:45:00
1774846200,1.15162,1.15164,1.15145,1.15146,197.0,2026-03-30 04:50:00
1774846500,1.15147,1.15151,1.15136,1.15136,137.0,2026-03-30 04:55:00
1774846800,1.15136,1.15143,1.15128,1.15134,366.0,2026-03-30 05:00:00
1774847100,1.15136,1.15148,1.15122,1.15148,218.0,2026-03-30 05:05:00
1774847400,1.15148,1.15157,1.15134,1.15138,282.0,2026-03-30 05:10:00
1774847700,1.1514,1.15151,1.15136,1.15142,195.0,2026-03-30 05:15:00
1774848000,1.15144,1.15149,1.1514,1.15148,246.0,2026-03-30 05:20:00
1774848300,1.15148,1.15148,1.15122,1.15124,363.0,2026-03-30 05:25:00
1774848600,1.15124,1.15136,1.15122,1.15126,318.0,2026-03-30 05:30:00
1774848900,1.15127,1.15131,1.15097,1.151,332.0,2026-03-30 05:35:00
1774849200,1.15099,1.15126,1.15098,1.15124,353.0,2026-03-30 05:40:00
1774849500,1.15125,1.15156,1.15121,1.15154,284.0,2026-03-30 05:45:00
1774849800,1.15154,1.15168,1.15144,1.15164,282.0,2026-03-30 05:50:00
1774850100,1.15162,1.15182,1.15154,1.15158,357.0,2026-03-30 05:55:00
1774850400,1.15157,1.15182,1.15148,1.15182,482.0,2026-03-30 06:00:00
1774850700,1.15182,1.15196,1.15171,1.15181,388.0,2026-03-30 06:05:00
1774851000,1.15181,1.15181,1.15156,1.15164,502.0,2026-03-30 06:10:00
1774851300,1.15163,1.15178,1.15131,1.15132,459.0,2026-03-30 06:15:00
1774851600,1.15132,1.15152,1.15116,1.15136,443.0,2026-03-30 06:20:00
1774851900,1.15136,1.15162,1.15136,1.15144,527.0,2026-03-30 06:25:00
1774852200,1.15145,1.15159,1.15123,1.15136,474.0,2026-03-30 06:30:00
1774852500,1.15136,1.15154,1.15123,1.15154,379.0,2026-03-30 06:35:00
1774852800,1.15153,1.15194,1.1514,1.15193,516.0,2026-03-30 06:40:00
1774853100,1.15192,1.15202,1.15173,1.15174,467.0,2026-03-30 06:45:00
1774853400,1.15176,1.15176,1.15123,1.1513,487.0,2026-03-30 06:50:00
1774853700,1.15129,1.15134,1.15118,1.15128,391.0,2026-03-30 06:55:00
1774854000,1.15126,1.15128,1.15053,1.15058,654.0,2026-03-30 07:00:00
1774854300,1.15058,1.15078,1.15028,1.15078,712.0,2026-03-30 07:05:00
1774854600,1.15078,1.1508,1.15053,1.15058,491.0,2026-03-30 07:10:00
1774854900,1.15058,1.1506,1.15016,1.15018,485.0,2026-03-30 07:15:00
1774855200,1.15021,1.1505,1.15004,1.15034,559.0,2026-03-30 07:20:00
1774855500,1.15034,1.15036,1.15004,1.15012,456.0,2026-03-30 07:25:00
1774855800,1.15012,1.15021,1.14958,1.14962,602.0,2026-03-30 07:30:00
1774856100,1.14962,1.14978,1.14948,1.14949,532.0,2026-03-30 07:35:00
1774856400,1.14948,1.14996,1.14942,1.14986,620.0,2026-03-30 07:40:00
1774856700,1.14988,1.14996,1.1494,1.14946,497.0,2026-03-30 07:45:00
1774857000,1.1495,1.14992,1.1495,1.14987,522.0,2026-03-30 07:50:00
1774857300,1.14988,1.14988,1.14964,1.14979,539.0,2026-03-30 07:55:00
1774857600,1.14978,1.14982,1.14922,1.1496,826.0,2026-03-30 08:00:00
1774857900,1.1496,1.14966,1.14925,1.14937,610.0,2026-03-30 08:05:00
1774858200,1.14936,1.14958,1.1493,1.1495,533.0,2026-03-30 08:10:00
1774858500,1.1495,1.1495,1.14929,1.14942,396.0,2026-03-30 08:15:00
1774858800,1.14939,1.14946,1.14907,1.14927,426.0,2026-03-30 08:20:00
1774859100,1.14926,1.14948,1.14918,1.14948,463.0,2026-03-30 08:25:00
1774859400,1.14947,1.14988,1.14935,1.14946,580.0,2026-03-30 08:30:00
1774859700,1.14944,1.1497,1.1493,1.14957,494.0,2026-03-30 08:35:00
1774860000,1.14956,1.14963,1.14932,1.14939,482.0,2026-03-30 08:40:00
1774860300,1.14938,1.14972,1.14928,1.14968,476.0,2026-03-30 08:45:00
1774860600,1.14966,1.14988,1.14948,1.14953,584.0,2026-03-30 08:50:00
1774860900,1.14952,1.14973,1.14941,1.14962,593.0,2026-03-30 08:55:00
1774861200,1.14963,1.14984,1.14946,1.14962,634.0,2026-03-30 09:00:00
1774861500,1.14962,1.14978,1.14922,1.14928,459.0,2026-03-30 09:05:00
1774861800,1.14928,1.1493,1.14874,1.14876,454.0,2026-03-30 09:10:00
1774862100,1.14874,1.149,1.1484,1.1489,867.0,2026-03-30 09:15:00
1774862400,1.1489,1.14946,1.14886,1.1494,677.0,2026-03-30 09:20:00
1774862700,1.14941,1.14941,1.1489,1.1489,472.0,2026-03-30 09:25:00
1774863000,1.14892,1.14898,1.14852,1.14858,458.0,2026-03-30 09:30:00
1774863300,1.1486,1.14907,1.14847,1.14906,407.0,2026-03-30 09:35:00
1774863600,1.14904,1.14947,1.14897,1.14942,462.0,2026-03-30 09:40:00
1774863900,1.14942,1.14952,1.14928,1.14944,372.0,2026-03-30 09:45:00
1774864200,1.14944,1.14968,1.14936,1.14936,491.0,2026-03-30 09:50:00
1774864500,1.14936,1.14961,1.14932,1.14945,548.0,2026-03-30 09:55:00
1774864800,1.14946,1.14946,1.14916,1.14916,486.0,2026-03-30 10:00:00
1774865100,1.14915,1.14966,1.1491,1.14962,389.0,2026-03-30 10:05:00
1774865400,1.14962,1.14966,1.14936,1.14948,474.0,2026-03-30 10:10:00
1774865700,1.14946,1.14966,1.14936,1.14966,429.0,2026-03-30 10:15:00
1774866000,1.14966,1.14974,1.14934,1.14945,498.0,2026-03-30 10:20:00
1774866300,1.14944,1.14946,1.14912,1.1492,359.0,2026-03-30 10:25:00
1774866600,1.1492,1.1492,1.1488,1.14898,461.0,2026-03-30 10:30:00
1774866900,1.149,1.14928,1.149,1.14918,347.0,2026-03-30 10:35:00
1774867200,1.14916,1.14944,1.14912,1.14934,425.0,2026-03-30 10:40:00
1774867500,1.14936,1.14953,1.14924,1.14924,471.0,2026-03-30 10:45:00
1774867800,1.14922,1.14938,1.14914,1.14928,424.0,2026-03-30 10:50:00
1774868100,1.14926,1.14926,1.14888,1.14892,393.0,2026-03-30 10:55:00
1774868400,1.14893,1.14907,1.14878,1.14907,466.0,2026-03-30 11:00:00
1774868700,1.14908,1.14919,1.1488,1.14911,433.0,2026-03-30 11:05:00
1774869000,1.14912,1.14922,1.1489,1.14918,402.0,2026-03-30 11:10:00
1774869300,1.14918,1.14924,1.14884,1.1491,410.0,2026-03-30 11:15:00
1774869600,1.14912,1.14934,1.14902,1.14926,475.0,2026-03-30 11:20:00
1774869900,1.14926,1.15004,1.14876,1.14925,3115.0,2026-03-30 11:25:00
1774870200,1.14926,1.1495,1.14898,1.14906,1837.0,2026-03-30 11:30:00
1774870500,1.14907,1.14917,1.14868,1.14897,773.0,2026-03-30 11:35:00
1774870800,1.14896,1.14904,1.14872,1.14889,603.0,2026-03-30 11:40:00
1774871100,1.14888,1.14896,1.14876,1.14885,588.0,2026-03-30 11:45:00
1774871400,1.14886,1.14913,1.14882,1.149,740.0,2026-03-30 11:50:00
1774871700,1.14902,1.14908,1.1484,1.14849,476.0,2026-03-30 11:55:00
1774872000,1.1485,1.14851,1.1481,1.14831,602.0,2026-03-30 12:00:00
1774872300,1.14832,1.1486,1.14826,1.14835,560.0,2026-03-30 12:05:00
1774872600,1.14834,1.14834,1.14753,1.1476,596.0,2026-03-30 12:10:00
1774872900,1.1476,1.14823,1.1473,1.14813,712.0,2026-03-30 12:15:00
1774873200,1.14812,1.14828,1.14784,1.14825,691.0,2026-03-30 12:20:00
1774873500,1.14824,1.14854,1.14784,1.14789,810.0,2026-03-30 12:25:00
1774873800,1.14788,1.14823,1.14778,1.14818,930.0,2026-03-30 12:30:00
1774874100,1.14819,1.14866,1.14819,1.1485,802.0,2026-03-30 12:35:00
1774874400,1.14848,1.14854,1.14806,1.14818,840.0,2026-03-30 12:40:00
1774874700,1.14816,1.1489,1.1478,1.14872,1233.0,2026-03-30 12:45:00
1774875000,1.14872,1.14872,1.1482,1.14852,1019.0,2026-03-30 12:50:00
1774875300,1.1485,1.14855,1.14818,1.14828,1035.0,2026-03-30 12:55:00
1774875600,1.14827,1.1488,1.14822,1.14822,1502.0,2026-03-30 13:00:00
1774875900,1.14823,1.14838,1.14794,1.14824,874.0,2026-03-30 13:05:00
1774876200,1.14823,1.14871,1.1482,1.14863,845.0,2026-03-30 13:10:00
1774876500,1.14862,1.1488,1.14849,1.14858,700.0,2026-03-30 13:15:00
1774876800,1.14857,1.14862,1.14818,1.14818,586.0,2026-03-30 13:20:00
1774877100,1.14818,1.14818,1.14781,1.1479,660.0,2026-03-30 13:25:00
1774877400,1.1479,1.14808,1.14754,1.14759,1260.0,2026-03-30 13:30:00
1774877700,1.14758,1.14764,1.14732,1.14757,1042.0,2026-03-30 13:35:00
1774878000,1.14755,1.14755,1.14674,1.1469,1244.0,2026-03-30 13:40:00
1774878300,1.1469,1.1469,1.14658,1.14667,982.0,2026-03-30 13:45:00
1774878600,1.14666,1.1468,1.1463,1.14632,929.0,2026-03-30 13:50:00
1774878900,1.14632,1.14656,1.14622,1.14642,1102.0,2026-03-30 13:55:00
1774879200,1.14644,1.14668,1.14628,1.14652,1122.0,2026-03-30 14:00:00
1774879500,1.14654,1.14656,1.146,1.14621,1143.0,2026-03-30 14:05:00
1774879800,1.14622,1.14639,1.14602,1.1463,1095.0,2026-03-30 14:10:00
1774880100,1.14628,1.14632,1.14582,1.14588,1002.0,2026-03-30 14:15:00
1774880400,1.14587,1.14592,1.14548,1.1459,864.0,2026-03-30 14:20:00
1774880700,1.1459,1.14595,1.14558,1.14574,930.0,2026-03-30 14:25:00
1774881000,1.14572,1.14634,1.14566,1.14616,1049.0,2026-03-30 14:30:00
1774881300,1.14619,1.14649,1.146,1.14631,932.0,2026-03-30 14:35:00
1774881600,1.14632,1.14658,1.14627,1.14652,930.0,2026-03-30 14:40:00
1774881900,1.14653,1.14706,1.14626,1.1464,2021.0,2026-03-30 14:45:00
1774882200,1.14641,1.14687,1.1464,1.14682,1708.0,2026-03-30 14:50:00
1774882500,1.14679,1.1469,1.14644,1.1465,1127.0,2026-03-30 14:55:00
1774882800,1.14651,1.14659,1.1461,1.14623,1045.0,2026-03-30 15:00:00
1774883100,1.14624,1.14632,1.14532,1.14541,1091.0,2026-03-30 15:05:00
1774883400,1.14538,1.14542,1.1446,1.1446,979.0,2026-03-30 15:10:00
1774883700,1.1446,1.14518,1.14432,1.14517,1146.0,2026-03-30 15:15:00
1774884000,1.14517,1.14532,1.14492,1.14527,703.0,2026-03-30 15:20:00
1774884300,1.14527,1.14546,1.14488,1.145,968.0,2026-03-30 15:25:00
1774884600,1.14499,1.14536,1.1449,1.1453,855.0,2026-03-30 15:30:00
1774884900,1.14532,1.14562,1.14516,1.14552,763.0,2026-03-30 15:35:00
1774885200,1.14553,1.14588,1.14546,1.14576,753.0,2026-03-30 15:40:00
1774885500,1.14576,1.14582,1.14524,1.14564,790.0,2026-03-30 15:45:00
1774885800,1.14564,1.14576,1.14534,1.14538,683.0,2026-03-30 15:50:00
1774886100,1.14538,1.14556,1.14532,1.14538,565.0,2026-03-30 15:55:00
1774886400,1.14536,1.14546,1.14505,1.14518,674.0,2026-03-30 16:00:00
1774886700,1.14518,1.1455,1.14511,1.14522,890.0,2026-03-30 16:05:00
1774887000,1.14522,1.1454,1.14514,1.14522,634.0,2026-03-30 16:10:00
1774887300,1.14522,1.14525,1.14504,1.14511,517.0,2026-03-30 16:15:00
1774887600,1.14514,1.14526,1.14502,1.14516,454.0,2026-03-30 16:20:00
1774887900,1.14515,1.1455,1.14506,1.14508,481.0,2026-03-30 16:25:00
1774888200,1.14506,1.14539,1.14475,1.14511,507.0,2026-03-30 16:30:00
1774888500,1.14512,1.14543,1.14512,1.1453,461.0,2026-03-30 16:35:00
1774888800,1.14531,1.14578,1.14525,1.14578,427.0,2026-03-30 16:40:00
1774889100,1.14576,1.14592,1.14572,1.14588,326.0,2026-03-30 16:45:00
1774889400,1.14584,1.1459,1.14568,1.14569,321.0,2026-03-30 16:50:00
1774889700,1.14568,1.14613,1.14552,1.14602,759.0,2026-03-30 16:55:00
1774890000,1.14602,1.1463,1.14596,1.14619,700.0,2026-03-30 17:00:00
1774890300,1.1462,1.14641,1.14608,1.14624,421.0,2026-03-30 17:05:00
1774890600,1.14624,1.14628,1.14564,1.14574,495.0,2026-03-30 17:10:00
1774890900,1.14574,1.14602,1.14557,1.14588,466.0,2026-03-30 17:15:00
1774891200,1.14586,1.14606,1.14564,1.14606,497.0,2026-03-30 17:20:00
1774891500,1.14606,1.14634,1.14606,1.14606,489.0,2026-03-30 17:25:00
1774891800,1.14606,1.14612,1.14589,1.1459,454.0,2026-03-30 17:30:00
1774892100,1.1459,1.14618,1.14579,1.14611,544.0,2026-03-30 17:35:00
1774892400,1.14612,1.1463,1.14602,1.14628,471.0,2026-03-30 17:40:00
1774892700,1.14629,1.14654,1.14589,1.14596,704.0,2026-03-30 17:45:00
1774893000,1.14596,1.1461,1.14593,1.14594,378.0,2026-03-30 17:50:00
1774893300,1.14596,1.14596,1.14562,1.14577,539.0,2026-03-30 17:55:00
1774893600,1.14578,1.14636,1.1457,1.14611,630.0,2026-03-30 18:00:00
1774893900,1.14612,1.14626,1.14606,1.14619,365.0,2026-03-30 18:05:00
1774894200,1.1462,1.14634,1.14618,1.14629,362.0,2026-03-30 18:10:00
1774894500,1.1463,1.14644,1.1461,1.14636,358.0,2026-03-30 18:15:00
1774894800,1.14634,1.14648,1.14626,1.14629,314.0,2026-03-30 18:20:00
1774895100,1.14628,1.14634,1.14622,1.14634,331.0,2026-03-30 18:25:00
1774895400,1.14636,1.1465,1.14634,1.14636,267.0,2026-03-30 18:30:00
1774895700,1.14636,1.14662,1.14629,1.14629,336.0,2026-03-30 18:35:00
1774896000,1.14629,1.14648,1.14629,1.1464,312.0,2026-03-30 18:40:00
1774896300,1.1464,1.14662,1.14638,1.14652,298.0,2026-03-30 18:45:00
1774896600,1.1465,1.14652,1.14626,1.14644,519.0,2026-03-30 18:50:00
1774896900,1.14645,1.14652,1.14602,1.14609,570.0,2026-03-30 18:55:00
1774897200,1.1461,1.14624,1.14589,1.14598,445.0,2026-03-30 19:00:00
1774897500,1.14597,1.14603,1.14569,1.1458,448.0,2026-03-30 19:05:00
1774897800,1.14579,1.1458,1.14538,1.14556,627.0,2026-03-30 19:10:00
1774898100,1.14558,1.14564,1.14548,1.1456,334.0,2026-03-30 19:15:00
1774898400,1.14562,1.14574,1.14553,1.14564,333.0,2026-03-30 19:20:00
1774898700,1.14565,1.14567,1.14552,1.14563,327.0,2026-03-30 19:25:00
1774899000,1.14564,1.14578,1.1456,1.14572,362.0,2026-03-30 19:30:00
1774899300,1.14572,1.14597,1.14572,1.1459,327.0,2026-03-30 19:35:00
1774899600,1.14591,1.14597,1.1458,1.14592,268.0,2026-03-30 19:40:00
1774899900,1.14594,1.14604,1.14582,1.14583,257.0,2026-03-30 19:45:00
1774900200,1.14584,1.146,1.1458,1.14599,247.0,2026-03-30 19:50:00
1774900500,1.14596,1.14608,1.14578,1.14598,359.0,2026-03-30 19:55:00
1774900800,1.14597,1.14616,1.14588,1.14614,286.0,2026-03-30 20:00:00
1774901100,1.14614,1.14629,1.14614,1.14629,146.0,2026-03-30 20:05:00
1774901400,1.14628,1.14628,1.14599,1.14604,279.0,2026-03-30 20:10:00
1774901700,1.14604,1.14608,1.14593,1.14598,255.0,2026-03-30 20:15:00
1774902000,1.14597,1.14602,1.14579,1.14583,109.0,2026-03-30 20:20:00
1774902300,1.14583,1.14584,1.14572,1.1458,126.0,2026-03-30 20:25:00
1774902600,1.1458,1.14597,1.14574,1.14594,128.0,2026-03-30 20:30:00
1774902900,1.14594,1.14596,1.14586,1.14594,150.0,2026-03-30 20:35:00
1774903200,1.14594,1.14598,1.14573,1.14593,221.0,2026-03-30 20:40:00
1774903500,1.14592,1.14592,1.14576,1.14578,170.0,2026-03-30 20:45:00
1774903800,1.14578,1.14604,1.14578,1.14596,159.0,2026-03-30 20:50:00
1774904100,1.14598,1.1463,1.14598,1.14618,314.0,2026-03-30 20:55:00
1774904400,1.14587,1.14596,1.14587,1.1459,4.0,2026-03-30 21:00:00
1774904700,1.14587,1.14616,1.14586,1.14599,376.0,2026-03-30 21:05:00
1774905000,1.14598,1.146,1.14586,1.14597,64.0,2026-03-30 21:10:00
1774905300,1.14596,1.146,1.14594,1.146,54.0,2026-03-30 21:15:00
1774905600,1.14598,1.14602,1.14598,1.14602,60.0,2026-03-30 21:20:00
1774905900,1.14602,1.14604,1.146,1.146,32.0,2026-03-30 21:25:00
1774906200,1.14602,1.14608,1.14596,1.14608,55.0,2026-03-30 21:30:00
1774906500,1.14609,1.14666,1.14609,1.14664,235.0,2026-03-30 21:35:00
1774906800,1.14664,1.14678,1.14655,1.14662,54.0,2026-03-30 21:40:00
1774907100,1.14664,1.14667,1.14644,1.14646,144.0,2026-03-30 21:45:00
1774907400,1.14652,1.14655,1.14647,1.14648,73.0,2026-03-30 21:50:00
1774907700,1.14649,1.14651,1.14626,1.14634,139.0,2026-03-30 21:55:00
1774908000,1.14634,1.14657,1.14628,1.1465,169.0,2026-03-30 22:00:00
1774908300,1.1465,1.1465,1.14639,1.14642,63.0,2026-03-30 22:05:00
1774908600,1.1464,1.1464,1.14622,1.14626,114.0,2026-03-30 22:10:00
1774908900,1.14627,1.14642,1.14622,1.14622,94.0,2026-03-30 22:15:00
1774909200,1.14622,1.14628,1.14615,1.14623,91.0,2026-03-30 22:20:00
1774909500,1.14624,1.14635,1.14618,1.14628,111.0,2026-03-30 22:25:00
1774909800,1.14626,1.14627,1.14613,1.14618,100.0,2026-03-30 22:30:00
1774910100,1.14619,1.14628,1.14618,1.14622,72.0,2026-03-30 22:35:00
1774910400,1.1462,1.14622,1.14614,1.14614,75.0,2026-03-30 22:40:00
1774910700,1.14615,1.1462,1.14614,1.14618,67.0,2026-03-30 22:45:00
1774911000,1.1462,1.14622,1.14608,1.14613,82.0,2026-03-30 22:50:00
1774911300,1.14612,1.14612,1.14594,1.14596,217.0,2026-03-30 22:55:00
1774911600,1.14594,1.14594,1.1454,1.14548,381.0,2026-03-30 23:00:00
1774911900,1.14546,1.14553,1.14534,1.14535,306.0,2026-03-30 23:05:00
1774912200,1.14534,1.14554,1.14524,1.14526,276.0,2026-03-30 23:10:00
1774912500,1.14526,1.1455,1.14526,1.1454,132.0,2026-03-30 23:15:00
1774912800,1.1454,1.14555,1.14536,1.14554,200.0,2026-03-30 23:20:00
1774913100,1.14554,1.14554,1.14543,1.1455,69.0,2026-03-30 23:25:00
1774913400,1.1455,1.1455,1.14536,1.14538,136.0,2026-03-30 23:30:00
1774913700,1.14539,1.1456,1.14538,1.14554,125.0,2026-03-30 23:35:00
1774914000,1.14552,1.14571,1.14549,1.14571,113.0,2026-03-30 23:40:00
1774914300,1.1457,1.1457,1.14561,1.1457,140.0,2026-03-30 23:45:00
1774914600,1.14569,1.14569,1.14546,1.1455,155.0,2026-03-30 23:50:00
1774914900,1.1455,1.14567,1.14546,1.14566,145.0,2026-03-30 23:55:00
1774915200,1.14567,1.14594,1.14546,1.14556,748.0,2026-03-31 00:00:00
1774915500,1.14558,1.1456,1.14544,1.1455,543.0,2026-03-31 00:05:00
1774915800,1.1455,1.14555,1.14514,1.14518,538.0,2026-03-31 00:10:00
1774916100,1.14518,1.14522,1.14504,1.14515,433.0,2026-03-31 00:15:00
1774916400,1.14515,1.14522,1.14471,1.14504,512.0,2026-03-31 00:20:00
1774916700,1.14506,1.14536,1.14498,1.1453,373.0,2026-03-31 00:25:00
1774917000,1.1453,1.14536,1.14503,1.14509,367.0,2026-03-31 00:30:00
1774917300,1.1451,1.14624,1.1451,1.14585,1563.0,2026-03-31 00:35:00
1774917600,1.14586,1.14642,1.1456,1.14634,1393.0,2026-03-31 00:40:00
1774917900,1.14635,1.1474,1.14634,1.14712,1794.0,2026-03-31 00:45:00
1774918200,1.14711,1.14744,1.1471,1.14718,1353.0,2026-03-31 00:50:00
1774918500,1.14718,1.14763,1.14714,1.14748,1089.0,2026-03-31 00:55:00
1774918800,1.14747,1.14768,1.14734,1.1475,1055.0,2026-03-31 01:00:00
1774919100,1.1475,1.14756,1.14734,1.14754,799.0,2026-03-31 01:05:00
1774919400,1.14752,1.14776,1.14752,1.14775,671.0,2026-03-31 01:10:00
1774919700,1.14774,1.14818,1.1477,1.14816,588.0,2026-03-31 01:15:00
1774920000,1.14814,1.14861,1.148,1.1486,808.0,2026-03-31 01:20:00
1774920300,1.14858,1.14899,1.14855,1.14893,887.0,2026-03-31 01:25:00
1774920600,1.14894,1.14908,1.14859,1.1487,1052.0,2026-03-31 01:30:00
1774920900,1.1487,1.14878,1.1484,1.14863,992.0,2026-03-31 01:35:00
1774921200,1.14864,1.14866,1.14834,1.14839,879.0,2026-03-31 01:40:00
1774921500,1.14841,1.14846,1.148,1.148,736.0,2026-03-31 01:45:00
1774921800,1.14801,1.14819,1.14786,1.14798,683.0,2026-03-31 01:50:00
1774922100,1.14799,1.148,1.14754,1.1476,613.0,2026-03-31 01:55:00
1774922400,1.14762,1.14762,1.14735,1.14753,552.0,2026-03-31 02:00:00
1774922700,1.14752,1.14776,1.14752,1.14768,608.0,2026-03-31 02:05:00
1774923000,1.14768,1.14768,1.14752,1.14762,319.0,2026-03-31 02:10:00
1774923300,1.14762,1.14779,1.14753,1.14764,384.0,2026-03-31 02:15:00
1774923600,1.14762,1.1478,1.14756,1.14764,390.0,2026-03-31 02:20:00
1774923900,1.14767,1.14776,1.1476,1.14767,407.0,2026-03-31 02:25:00
1774924200,1.14766,1.14769,1.14732,1.1474,380.0,2026-03-31 02:30:00
1774924500,1.14741,1.1476,1.14738,1.14748,377.0,2026-03-31 02:35:00
1774924800,1.14747,1.14756,1.14734,1.14752,314.0,2026-03-31 02:40:00
1774925100,1.14753,1.14764,1.14746,1.14762,325.0,2026-03-31 02:45:00
1774925400,1.14764,1.14796,1.14764,1.1478,507.0,2026-03-31 02:50:00
1774925700,1.1478,1.1478,1.14758,1.14758,376.0,2026-03-31 02:55:00
1774926000,1.14759,1.14762,1.14736,1.14738,335.0,2026-03-31 03:00:00
1774926300,1.14739,1.14761,1.14737,1.1475,357.0,2026-03-31 03:05:00
1774926600,1.1475,1.14763,1.1474,1.1474,220.0,2026-03-31 03:10:00
1774926900,1.1474,1.14742,1.14709,1.1471,300.0,2026-03-31 03:15:00
1774927200,1.1471,1.14731,1.14708,1.14714,378.0,2026-03-31 03:20:00
1774927500,1.14714,1.14732,1.1471,1.14725,302.0,2026-03-31 03:25:00
1774927800,1.14726,1.14736,1.14721,1.14726,221.0,2026-03-31 03:30:00
1774928100,1.14725,1.14726,1.14714,1.14716,269.0,2026-03-31 03:35:00
1774928400,1.14716,1.14716,1.14704,1.14708,256.0,2026-03-31 03:40:00
1774928700,1.14707,1.1471,1.14664,1.14675,352.0,2026-03-31 03:45:00
1774929000,1.14676,1.14696,1.14676,1.14686,233.0,2026-03-31 03:50:00
1774929300,1.14684,1.14698,1.14683,1.14698,232.0,2026-03-31 03:55:00
1774929600,1.14697,1.14709,1.14696,1.14708,227.0,2026-03-31 04:00:00
1774929900,1.14708,1.14714,1.14703,1.1471,239.0,2026-03-31 04:05:00
1774930200,1.14711,1.14714,1.14701,1.14706,191.0,2026-03-31 04:10:00
1774930500,1.14705,1.14711,1.14702,1.1471,139.0,2026-03-31 04:15:00
1774930800,1.14709,1.14714,1.14702,1.14708,152.0,2026-03-31 04:20:00
1774931100,1.14708,1.14722,1.14705,1.14714,216.0,2026-03-31 04:25:00
1774931400,1.14713,1.14728,1.14712,1.1472,190.0,2026-03-31 04:30:00
1774931700,1.1472,1.14728,1.14716,1.14721,167.0,2026-03-31 04:35:00
1774932000,1.14718,1.1472,1.14704,1.14707,172.0,2026-03-31 04:40:00
1774932300,1.14708,1.14708,1.1469,1.14692,247.0,2026-03-31 04:45:00
1774932600,1.14692,1.14716,1.14692,1.14712,161.0,2026-03-31 04:50:00
1774932900,1.14711,1.14714,1.14691,1.14692,206.0,2026-03-31 04:55:00
1774933200,1.14692,1.14714,1.14687,1.14711,234.0,2026-03-31 05:00:00
1774933500,1.14708,1.14713,1.1469,1.14696,258.0,2026-03-31 05:05:00
1774933800,1.14696,1.14696,1.1463,1.14632,447.0,2026-03-31 05:10:00
1774934100,1.1463,1.14669,1.14628,1.14665,372.0,2026-03-31 05:15:00
1774934400,1.14664,1.14689,1.1466,1.14682,275.0,2026-03-31 05:20:00
1774934700,1.14681,1.14696,1.14676,1.1468,267.0,2026-03-31 05:25:00
1774935000,1.14681,1.14696,1.1467,1.14694,436.0,2026-03-31 05:30:00
1774935300,1.14695,1.147,1.1468,1.14688,224.0,2026-03-31 05:35:00
1774935600,1.14688,1.14688,1.1466,1.14665,278.0,2026-03-31 05:40:00
1774935900,1.14664,1.147,1.14656,1.147,380.0,2026-03-31 05:45:00
1774936200,1.147,1.14706,1.14672,1.14676,653.0,2026-03-31 05:50:00
1774936500,1.14674,1.14675,1.14624,1.14646,529.0,2026-03-31 05:55:00
1774936800,1.14646,1.14646,1.1461,1.14632,570.0,2026-03-31 06:00:00
1774937100,1.14632,1.14642,1.14608,1.14628,525.0,2026-03-31 06:05:00
1774937400,1.14629,1.14663,1.14626,1.1465,602.0,2026-03-31 06:10:00
1774937700,1.14648,1.14656,1.14634,1.14638,436.0,2026-03-31 06:15:00
1774938000,1.14637,1.14656,1.14626,1.14646,423.0,2026-03-31 06:20:00
1774938300,1.14646,1.14716,1.14646,1.14702,621.0,2026-03-31 06:25:00
1774938600,1.14703,1.14716,1.14692,1.14707,598.0,2026-03-31 06:30:00
1774938900,1.14706,1.14711,1.14686,1.14698,445.0,2026-03-31 06:35:00
1774939200,1.14696,1.14701,1.14656,1.14672,531.0,2026-03-31 06:40:00
1774939500,1.14672,1.14677,1.14654,1.14666,401.0,2026-03-31 06:45:00
1774939800,1.14666,1.14712,1.1466,1.1471,468.0,2026-03-31 06:50:00
1774940100,1.14709,1.14744,1.14708,1.1472,660.0,2026-03-31 06:55:00
1774940400,1.14718,1.14728,1.14684,1.1471,917.0,2026-03-31 07:00:00
1774940700,1.14711,1.14743,1.14706,1.1471,734.0,2026-03-31 07:05:00
1774941000,1.14709,1.14716,1.14666,1.14666,594.0,2026-03-31 07:10:00
1774941300,1.14664,1.14684,1.1463,1.14647,631.0,2026-03-31 07:15:00
1774941600,1.14648,1.14684,1.14646,1.1466,713.0,2026-03-31 07:20:00
1774941900,1.1466,1.14688,1.14648,1.1467,541.0,2026-03-31 07:25:00
1774942200,1.14672,1.14704,1.14672,1.14682,571.0,2026-03-31 07:30:00
1774942500,1.14681,1.14705,1.14681,1.14686,456.0,2026-03-31 07:35:00
1774942800,1.14686,1.14706,1.14674,1.14692,563.0,2026-03-31 07:40:00
1774943100,1.14694,1.14715,1.14672,1.14698,573.0,2026-03-31 07:45:00
1774943400,1.14697,1.14698,1.14674,1.14676,544.0,2026-03-31 07:50:00
1774943700,1.14676,1.14725,1.14674,1.14724,855.0,2026-03-31 07:55:00
1774944000,1.14724,1.1474,1.14708,1.14737,975.0,2026-03-31 08:00:00
1774944300,1.14738,1.14738,1.14707,1.1471,626.0,2026-03-31 08:05:00
1774944600,1.14708,1.14712,1.14666,1.14672,599.0,2026-03-31 08:10:00
1774944900,1.14672,1.1468,1.1465,1.1465,552.0,2026-03-31 08:15:00
1774945200,1.14646,1.14675,1.14645,1.14664,593.0,2026-03-31 08:20:00
1774945500,1.14664,1.14684,1.14641,1.14681,638.0,2026-03-31 08:25:00
1774945800,1.1468,1.14708,1.14668,1.14669,556.0,2026-03-31 08:30:00
1774946100,1.14671,1.14706,1.14671,1.14689,654.0,2026-03-31 08:35:00
1774946400,1.1469,1.14732,1.14687,1.14728,540.0,2026-03-31 08:40:00
1774946700,1.14729,1.14746,1.14714,1.1474,414.0,2026-03-31 08:45:00
1774947000,1.14738,1.14758,1.14696,1.14707,693.0,2026-03-31 08:50:00
1774947300,1.14708,1.1471,1.14666,1.14672,547.0,2026-03-31 08:55:00
1774947600,1.14672,1.1468,1.14621,1.14672,955.0,2026-03-31 09:00:00
1774947900,1.14672,1.14688,1.14653,1.14654,659.0,2026-03-31 09:05:00
1774948200,1.14656,1.1469,1.14656,1.14686,588.0,2026-03-31 09:10:00
1774948500,1.14685,1.14693,1.14656,1.14692,700.0,2026-03-31 09:15:00
1774948800,1.1469,1.1473,1.14684,1.14726,652.0,2026-03-31 09:20:00
1774949100,1.14725,1.14736,1.14712,1.14722,513.0,2026-03-31 09:25:00
1774949400,1.14724,1.14724,1.14686,1.14694,594.0,2026-03-31 09:30:00
1774949700,1.14695,1.14713,1.14679,1.14682,453.0,2026-03-31 09:35:00
1774950000,1.14682,1.14694,1.14672,1.1469,443.0,2026-03-31 09:40:00
1774950300,1.14689,1.1469,1.14662,1.1467,345.0,2026-03-31 09:45:00
1774950600,1.1467,1.14684,1.14662,1.14677,307.0,2026-03-31 09:50:00
1774950900,1.14676,1.14684,1.14657,1.14681,374.0,2026-03-31 09:55:00
1774951200,1.14682,1.147,1.14668,1.14678,440.0,2026-03-31 10:00:00
1774951500,1.14677,1.14692,1.14674,1.14678,291.0,2026-03-31 10:05:00
1774951800,1.14678,1.14686,1.14656,1.14656,230.0,2026-03-31 10:10:00
1774952100,1.14656,1.14668,1.14636,1.14646,413.0,2026-03-31 10:15:00
1774952400,1.14645,1.14659,1.14636,1.14653,359.0,2026-03-31 10:20:00
1774952700,1.14653,1.14672,1.14646,1.14671,267.0,2026-03-31 10:25:00
1774953000,1.1467,1.14684,1.14666,1.14676,374.0,2026-03-31 10:30:00
1774953300,1.14676,1.14676,1.14646,1.14652,454.0,2026-03-31 10:35:00
1774953600,1.14653,1.14661,1.14646,1.14648,441.0,2026-03-31 10:40:00
1774953900,1.14646,1.14647,1.14594,1.14594,306.0,2026-03-31 10:45:00
1774954200,1.14593,1.14636,1.14584,1.1462,387.0,2026-03-31 10:50:00
1774954500,1.14622,1.14632,1.14582,1.1459,487.0,2026-03-31 10:55:00
1774954800,1.1459,1.14598,1.14576,1.14594,446.0,2026-03-31 11:00:00
1774955100,1.14594,1.14602,1.1458,1.14588,345.0,2026-03-31 11:05:00
1774955400,1.14588,1.14716,1.14586,1.14616,2770.0,2026-03-31 11:10:00
1774955700,1.14616,1.14665,1.14606,1.14642,1459.0,2026-03-31 11:15:00
1774956000,1.14643,1.14694,1.14629,1.14694,1128.0,2026-03-31 11:20:00
1774956300,1.14694,1.14852,1.14692,1.14746,1389.0,2026-03-31 11:25:00
1774956600,1.14745,1.14758,1.1472,1.14743,766.0,2026-03-31 11:30:00
1774956900,1.14744,1.14804,1.14736,1.14796,727.0,2026-03-31 11:35:00
1774957200,1.14794,1.14866,1.1479,1.14866,934.0,2026-03-31 11:40:00
1774957500,1.14864,1.14892,1.14838,1.14869,1023.0,2026-03-31 11:45:00
1774957800,1.14868,1.14888,1.14826,1.14868,1150.0,2026-03-31 11:50:00
1774958100,1.14868,1.14912,1.14868,1.14911,860.0,2026-03-31 11:55:00
1774958400,1.14912,1.14978,1.14912,1.14967,1365.0,2026-03-31 12:00:00
1774958700,1.14966,1.15018,1.14953,1.14981,977.0,2026-03-31 12:05:00
1774959000,1.14983,1.14984,1.1487,1.1492,2409.0,2026-03-31 12:10:00
1774959300,1.1492,1.15008,1.14896,1.15004,1917.0,2026-03-31 12:15:00
1774959600,1.15002,1.15004,1.14951,1.14954,1328.0,2026-03-31 12:20:00
1774959900,1.14957,1.15042,1.14957,1.15041,1278.0,2026-03-31 12:25:00
1774960200,1.1504,1.15078,1.15022,1.15066,1324.0,2026-03-31 12:30:00
1774960500,1.15066,1.15099,1.15054,1.15062,1221.0,2026-03-31 12:35:00
1774960800,1.15061,1.15078,1.15026,1.15078,813.0,2026-03-31 12:40:00
1774961100,1.15078,1.15096,1.1504,1.15052,972.0,2026-03-31 12:45:00
1774961400,1.15052,1.15086,1.15031,1.15069,814.0,2026-03-31 12:50:00
1774961700,1.1507,1.15076,1.15022,1.1503,651.0,2026-03-31 12:55:00
1774962000,1.15031,1.15041,1.15018,1.1502,796.0,2026-03-31 13:00:00
1774962300,1.1502,1.15126,1.15006,1.15126,881.0,2026-03-31 13:05:00
1774962600,1.15126,1.15137,1.15078,1.15096,787.0,2026-03-31 13:10:00
1774962900,1.15097,1.15166,1.15092,1.15166,797.0,2026-03-31 13:15:00
1774963200,1.15166,1.15194,1.15133,1.15134,927.0,2026-03-31 13:20:00
1774963500,1.15133,1.15162,1.15114,1.15144,957.0,2026-03-31 13:25:00
1774963800,1.15143,1.15186,1.15102,1.15148,1805.0,2026-03-31 13:30:00
1774964100,1.15148,1.15163,1.1513,1.15151,1171.0,2026-03-31 13:35:00
1774964400,1.15152,1.15172,1.15144,1.15166,614.0,2026-03-31 13:40:00
1774964700,1.15166,1.15206,1.15145,1.15184,1373.0,2026-03-31 13:45:00
1774965000,1.15182,1.15326,1.15174,1.15306,1540.0,2026-03-31 13:50:00
1774965300,1.15306,1.15326,1.15282,1.15323,1372.0,2026-03-31 13:55:00
1774965600,1.15324,1.15336,1.15263,1.15268,2058.0,2026-03-31 14:00:00
1774965900,1.15269,1.1527,1.15212,1.15225,1916.0,2026-03-31 14:05:00
1774966200,1.15224,1.1527,1.15206,1.15254,1505.0,2026-03-31 14:10:00
1774966500,1.15254,1.1529,1.15242,1.1529,1703.0,2026-03-31 14:15:00
1774966800,1.1529,1.15292,1.15234,1.15279,1424.0,2026-03-31 14:20:00
1774967100,1.15278,1.15346,1.15252,1.15346,1025.0,2026-03-31 14:25:00
1774967400,1.15345,1.15407,1.15338,1.15375,1071.0,2026-03-31 14:30:00
1774967700,1.15376,1.15388,1.15232,1.15236,1521.0,2026-03-31 14:35:00
1774968000,1.15236,1.15268,1.15182,1.1519,1443.0,2026-03-31 14:40:00
1774968300,1.1519,1.15258,1.15171,1.15216,1461.0,2026-03-31 14:45:00
1774968600,1.15215,1.15296,1.15191,1.152,3116.0,2026-03-31 14:50:00
1774968900,1.15198,1.15231,1.15111,1.15202,5513.0,2026-03-31 14:55:00
1774969200,1.15202,1.15247,1.15166,1.15208,4266.0,2026-03-31 15:00:00
1774969500,1.15206,1.15266,1.15182,1.15257,2287.0,2026-03-31 15:05:00
1774969800,1.15256,1.15322,1.15248,1.15308,1922.0,2026-03-31 15:10:00
1774970100,1.15308,1.15331,1.15292,1.15327,1668.0,2026-03-31 15:15:00
1774970400,1.15326,1.15326,1.15237,1.15304,1709.0,2026-03-31 15:20:00
1774970700,1.15302,1.15318,1.15237,1.15247,1556.0,2026-03-31 15:25:00
1774971000,1.15248,1.15255,1.15162,1.15184,1313.0,2026-03-31 15:30:00
1774971300,1.15182,1.15224,1.15172,1.15216,1330.0,2026-03-31 15:35:00
1774971600,1.15218,1.15218,1.15154,1.15158,1065.0,2026-03-31 15:40:00
1774971900,1.15156,1.15226,1.1514,1.15224,1101.0,2026-03-31 15:45:00
1774972200,1.15223,1.15244,1.15176,1.1518,1156.0,2026-03-31 15:50:00
1774972500,1.15179,1.15182,1.15118,1.15173,947.0,2026-03-31 15:55:00
1774972800,1.15174,1.1526,1.1516,1.15254,1180.0,2026-03-31 16:00:00
1774973100,1.15254,1.15258,1.15188,1.15195,983.0,2026-03-31 16:05:00
1774973400,1.15196,1.15214,1.15167,1.15202,873.0,2026-03-31 16:10:00
1774973700,1.152,1.15214,1.15154,1.15158,994.0,2026-03-31 16:15:00
1774974000,1.15158,1.15218,1.1514,1.15218,641.0,2026-03-31 16:20:00
1774974300,1.15218,1.1523,1.15206,1.15226,640.0,2026-03-31 16:25:00
1774974600,1.15228,1.15296,1.15226,1.15272,974.0,2026-03-31 16:30:00
1774974900,1.15271,1.15362,1.15236,1.1536,1622.0,2026-03-31 16:35:00
1774975200,1.15359,1.15598,1.15357,1.1547,6257.0,2026-03-31 16:40:00
1774975500,1.15468,1.15488,1.15332,1.15386,3469.0,2026-03-31 16:45:00
1774975800,1.15386,1.15474,1.15356,1.15389,3971.0,2026-03-31 16:50:00
1774976100,1.15388,1.15428,1.15362,1.15404,2541.0,2026-03-31 16:55:00
1774976400,1.15404,1.1554,1.15398,1.15484,2152.0,2026-03-31 17:00:00
1774976700,1.15486,1.1554,1.15442,1.15469,2516.0,2026-03-31 17:05:00
1774977000,1.15468,1.15529,1.15439,1.15518,2883.0,2026-03-31 17:10:00
1774977300,1.15518,1.15536,1.15468,1.15503,1692.0,2026-03-31 17:15:00
1774977600,1.15502,1.15556,1.15484,1.15548,1519.0,2026-03-31 17:20:00
1774977900,1.1555,1.15556,1.15473,1.1548,1491.0,2026-03-31 17:25:00
1774978200,1.15482,1.15532,1.15466,1.1553,1432.0,2026-03-31 17:30:00
1774978500,1.1553,1.15536,1.15436,1.15492,2850.0,2026-03-31 17:35:00
1774978800,1.15492,1.15534,1.15484,1.15528,1789.0,2026-03-31 17:40:00
1774979100,1.15528,1.15566,1.15504,1.1553,1376.0,2026-03-31 17:45:00
1774979400,1.15531,1.15546,1.15501,1.1551,1047.0,2026-03-31 17:50:00
1774979700,1.1551,1.1551,1.15389,1.154,1252.0,2026-03-31 17:55:00
1774980000,1.15401,1.1544,1.15386,1.1542,1109.0,2026-03-31 18:00:00
1774980300,1.15423,1.15485,1.15418,1.15467,842.0,2026-03-31 18:05:00
1774980600,1.15468,1.15492,1.15438,1.15484,920.0,2026-03-31 18:10:00
1774980900,1.15482,1.1551,1.15476,1.15483,693.0,2026-03-31 18:15:00
1774981200,1.15484,1.15491,1.15445,1.15446,704.0,2026-03-31 18:20:00
1774981500,1.15448,1.15492,1.15423,1.15476,1187.0,2026-03-31 18:25:00
1774981800,1.15476,1.15484,1.15416,1.15422,1021.0,2026-03-31 18:30:00
1774982100,1.15421,1.15468,1.15414,1.15436,1042.0,2026-03-31 18:35:00
1774982400,1.15435,1.15442,1.15406,1.15441,673.0,2026-03-31 18:40:00
1774982700,1.1544,1.15466,1.15384,1.154,650.0,2026-03-31 18:45:00
1774983000,1.15399,1.15442,1.15399,1.15438,619.0,2026-03-31 18:50:00
1774983300,1.15438,1.15482,1.15431,1.15447,785.0,2026-03-31 18:55:00
1774983600,1.15446,1.15466,1.15425,1.1544,860.0,2026-03-31 19:00:00
1774983900,1.1544,1.15441,1.15388,1.15391,710.0,2026-03-31 19:05:00
1774984200,1.1539,1.1543,1.1539,1.1543,540.0,2026-03-31 19:10:00
1774984500,1.1543,1.15444,1.15416,1.15424,595.0,2026-03-31 19:15:00
1774984800,1.15426,1.1545,1.1542,1.1542,548.0,2026-03-31 19:20:00
1774985100,1.15423,1.15434,1.15416,1.15431,445.0,2026-03-31 19:25:00
1774985400,1.15432,1.15486,1.1543,1.1548,438.0,2026-03-31 19:30:00
1774985700,1.15479,1.1555,1.15478,1.15546,534.0,2026-03-31 19:35:00
1774986000,1.15546,1.15548,1.15504,1.15516,577.0,2026-03-31 19:40:00
1774986300,1.15516,1.15566,1.1551,1.15558,478.0,2026-03-31 19:45:00
1774986600,1.15559,1.15588,1.15551,1.15586,716.0,2026-03-31 19:50:00
1774986900,1.15586,1.15599,1.15573,1.15592,817.0,2026-03-31 19:55:00
1774987200,1.15591,1.15627,1.15588,1.15617,542.0,2026-03-31 20:00:00
1774987500,1.15616,1.15634,1.15608,1.15614,496.0,2026-03-31 20:05:00
1774987800,1.15613,1.15614,1.15574,1.15586,440.0,2026-03-31 20:10:00
1774988100,1.15587,1.15595,1.15576,1.15578,314.0,2026-03-31 20:15:00
1774988400,1.1558,1.15596,1.15576,1.15592,846.0,2026-03-31 20:20:00
1774988700,1.15591,1.15592,1.15565,1.15572,242.0,2026-03-31 20:25:00
1774989000,1.15572,1.15581,1.15538,1.1556,454.0,2026-03-31 20:30:00
1774989300,1.1556,1.1557,1.15551,1.15552,187.0,2026-03-31 20:35:00
1774989600,1.1555,1.15556,1.15548,1.15552,190.0,2026-03-31 20:40:00
1774989900,1.15552,1.15552,1.1553,1.15536,188.0,2026-03-31 20:45:00
1774990200,1.15536,1.15546,1.1553,1.15538,159.0,2026-03-31 20:50:00
1774990500,1.15538,1.15544,1.15524,1.15532,256.0,2026-03-31 20:55:00
1774990800,1.1554,1.1554,1.1554,1.1554,1.0,2026-03-31 21:00:00
1774991100,1.15539,1.1556,1.15539,1.15558,44.0,2026-03-31 21:05:00
1774991400,1.1556,1.15564,1.15556,1.1556,38.0,2026-03-31 21:10:00
1774991700,1.1556,1.15561,1.15555,1.15555,25.0,2026-03-31 21:15:00
1774992000,1.15556,1.15561,1.15556,1.15558,39.0,2026-03-31 21:20:00
1774992300,1.1556,1.1556,1.1554,1.15543,73.0,2026-03-31 21:25:00
1774992600,1.15542,1.1555,1.15542,1.15548,72.0,2026-03-31 21:30:00
1774992900,1.15546,1.15558,1.15538,1.15542,112.0,2026-03-31 21:35:00
1774993200,1.15542,1.15549,1.15535,1.15542,212.0,2026-03-31 21:40:00
1774993500,1.15542,1.15546,1.15542,1.15544,74.0,2026-03-31 21:45:00
1774993800,1.15544,1.15556,1.15538,1.15553,128.0,2026-03-31 21:50:00
1774994100,1.15556,1.15572,1.1555,1.15566,322.0,2026-03-31 21:55:00
1774994400,1.15564,1.15602,1.15547,1.15562,302.0,2026-03-31 22:00:00
1774994700,1.15558,1.15572,1.15528,1.15535,222.0,2026-03-31 22:05:00
1774995000,1.15534,1.1555,1.15532,1.1555,134.0,2026-03-31 22:10:00
1774995300,1.15553,1.15568,1.15552,1.15558,91.0,2026-03-31 22:15:00
1774995600,1.15558,1.15562,1.15534,1.1554,128.0,2026-03-31 22:20:00
1774995900,1.15542,1.15558,1.15535,1.15553,113.0,2026-03-31 22:25:00
1774996200,1.15552,1.1557,1.15548,1.15554,167.0,2026-03-31 22:30:00
1774996500,1.15553,1.1558,1.15546,1.1558,148.0,2026-03-31 22:35:00
1774996800,1.1558,1.15582,1.15569,1.1557,121.0,2026-03-31 22:40:00
1774997100,1.15572,1.15586,1.1556,1.15584,214.0,2026-03-31 22:45:00
1774997400,1.15582,1.15584,1.15577,1.15582,53.0,2026-03-31 22:50:00
1774997700,1.15583,1.15594,1.15579,1.15588,102.0,2026-03-31 22:55:00
1774998000,1.15587,1.1559,1.15571,1.15576,295.0,2026-03-31 23:00:00
1774998300,1.15576,1.15602,1.15572,1.15598,124.0,2026-03-31 23:05:00
1774998600,1.15598,1.1561,1.15586,1.15608,107.0,2026-03-31 23:10:00
1774998900,1.15606,1.15636,1.15604,1.15631,194.0,2026-03-31 23:15:00
1774999200,1.1563,1.15648,1.15628,1.15646,247.0,2026-03-31 23:20:00
1774999500,1.15646,1.15678,1.15646,1.15664,232.0,2026-03-31 23:25:00
1774999800,1.15663,1.15668,1.15648,1.15668,223.0,2026-03-31 23:30:00
1775000100,1.15667,1.15668,1.15653,1.15664,176.0,2026-03-31 23:35:00
1775000400,1.15664,1.15666,1.15652,1.1566,129.0,2026-03-31 23:40:00
1775000700,1.1566,1.1568,1.15652,1.15678,230.0,2026-03-31 23:45:00
1775001000,1.15681,1.15706,1.15681,1.15704,505.0,2026-03-31 23:50:00
1775001300,1.15706,1.15746,1.15704,1.1574,300.0,2026-03-31 23:55:00
1775001600,1.1574,1.1574,1.15696,1.15734,969.0,2026-04-01 00:00:00
1775001900,1.15734,1.15745,1.15724,1.1573,447.0,2026-04-01 00:05:00
1775002200,1.15728,1.1574,1.15714,1.15738,398.0,2026-04-01 00:10:00
1775002500,1.15738,1.1579,1.15736,1.15774,647.0,2026-04-01 00:15:00
1775002800,1.15773,1.1578,1.15754,1.15764,427.0,2026-04-01 00:20:00
1775003100,1.15763,1.15768,1.15744,1.15766,494.0,2026-04-01 00:25:00
1775003400,1.15766,1.15778,1.15758,1.15765,467.0,2026-04-01 00:30:00
1775003700,1.15764,1.1577,1.15746,1.15769,364.0,2026-04-01 00:35:00
1775004000,1.1577,1.15778,1.15762,1.15764,285.0,2026-04-01 00:40:00
1775004300,1.15764,1.15764,1.15726,1.15728,367.0,2026-04-01 00:45:00
1775004600,1.15728,1.15747,1.15712,1.15745,590.0,2026-04-01 00:50:00
1775004900,1.15746,1.15754,1.15722,1.15745,499.0,2026-04-01 00:55:00
1775005200,1.15744,1.15756,1.15622,1.15624,1358.0,2026-04-01 01:00:00
1775005500,1.15623,1.15632,1.15568,1.15628,1189.0,2026-04-01 01:05:00
1775005800,1.15628,1.15657,1.15618,1.15656,704.0,2026-04-01 01:10:00
1775006100,1.15655,1.15657,1.15612,1.15616,768.0,2026-04-01 01:15:00
1775006400,1.15616,1.15636,1.15578,1.15586,732.0,2026-04-01 01:20:00
1775006700,1.15588,1.15641,1.15588,1.15638,578.0,2026-04-01 01:25:00
1775007000,1.15638,1.15654,1.15604,1.15606,797.0,2026-04-01 01:30:00
1775007300,1.15606,1.1561,1.15564,1.15575,581.0,2026-04-01 01:35:00
1775007600,1.15574,1.15575,1.15554,1.15569,334.0,2026-04-01 01:40:00
1775007900,1.15568,1.15587,1.15549,1.15571,368.0,2026-04-01 01:45:00
1775008200,1.15572,1.1561,1.15565,1.1561,382.0,2026-04-01 01:50:00
1775008500,1.1561,1.15622,1.15602,1.15618,302.0,2026-04-01 01:55:00
1775008800,1.15618,1.15652,1.15608,1.15651,359.0,2026-04-01 02:00:00
1775009100,1.15652,1.15665,1.15652,1.15659,304.0,2026-04-01 02:05:00
1775009400,1.1566,1.15662,1.1564,1.1565,260.0,2026-04-01 02:10:00
1775009700,1.1565,1.15666,1.1565,1.1566,285.0,2026-04-01 02:15:00
1775010000,1.1566,1.15668,1.15648,1.15666,194.0,2026-04-01 02:20:00
1775010300,1.15668,1.1567,1.15648,1.1565,352.0,2026-04-01 02:25:00
1775010600,1.15651,1.15656,1.15632,1.15644,358.0,2026-04-01 02:30:00
1775010900,1.15644,1.15657,1.15628,1.15643,349.0,2026-04-01 02:35:00
1775011200,1.15642,1.15674,1.1563,1.15664,316.0,2026-04-01 02:40:00
1775011500,1.15667,1.15685,1.15667,1.15675,220.0,2026-04-01 02:45:00
1775011800,1.15676,1.15704,1.15676,1.15698,215.0,2026-04-01 02:50:00
1775012100,1.15699,1.15711,1.15684,1.15688,287.0,2026-04-01 02:55:00
1775012400,1.15688,1.15688,1.1565,1.15656,483.0,2026-04-01 03:00:00
1775012700,1.15656,1.15668,1.1565,1.15665,230.0,2026-04-01 03:05:00
1775013000,1.15666,1.15679,1.15665,1.15672,164.0,2026-04-01 03:10:00
1775013300,1.15672,1.15682,1.1565,1.15676,231.0,2026-04-01 03:15:00
1775013600,1.15676,1.15678,1.15656,1.15657,170.0,2026-04-01 03:20:00
1775013900,1.15656,1.15663,1.1565,1.15654,283.0,2026-04-01 03:25:00
1775014200,1.15653,1.15658,1.15628,1.15629,332.0,2026-04-01 03:30:00
1775014500,1.1563,1.15634,1.15618,1.15632,286.0,2026-04-01 03:35:00
1775014800,1.15631,1.15631,1.15622,1.15623,159.0,2026-04-01 03:40:00
1775015100,1.15624,1.15626,1.156,1.15602,302.0,2026-04-01 03:45:00
1775015400,1.15604,1.15614,1.1559,1.15614,317.0,2026-04-01 03:50:00
1775015700,1.15614,1.1562,1.15602,1.15608,187.0,2026-04-01 03:55:00
1775016000,1.15606,1.15614,1.15597,1.1561,201.0,2026-04-01 04:00:00
1775016300,1.1561,1.1563,1.15607,1.1562,153.0,2026-04-01 04:05:00
1775016600,1.15619,1.1562,1.15606,1.15612,192.0,2026-04-01 04:10:00
1775016900,1.15612,1.15614,1.15596,1.15604,235.0,2026-04-01 04:15:00
1775017200,1.15604,1.1562,1.15598,1.1562,264.0,2026-04-01 04:20:00
1775017500,1.15619,1.15624,1.15612,1.15624,123.0,2026-04-01 04:25:00
1775017800,1.15623,1.1563,1.15612,1.15622,198.0,2026-04-01 04:30:00
1775018100,1.1562,1.15636,1.15614,1.15624,143.0,2026-04-01 04:35:00
1775018400,1.15623,1.15644,1.15621,1.15644,126.0,2026-04-01 04:40:00
1775018700,1.15644,1.15654,1.15636,1.15653,205.0,2026-04-01 04:45:00
1775019000,1.15654,1.15666,1.15648,1.15655,193.0,2026-04-01 04:50:00
1775019300,1.15653,1.15654,1.15634,1.15654,310.0,2026-04-01 04:55:00
1775019600,1.15654,1.15668,1.15648,1.15649,330.0,2026-04-01 05:00:00
1775019900,1.1565,1.1568,1.15648,1.15675,279.0,2026-04-01 05:05:00
1775020200,1.15676,1.15676,1.15658,1.15664,374.0,2026-04-01 05:10:00
1775020500,1.15662,1.15676,1.15658,1.15672,271.0,2026-04-01 05:15:00
1775020800,1.15671,1.15695,1.1566,1.15695,227.0,2026-04-01 05:20:00
1775021100,1.15696,1.15729,1.15694,1.15728,557.0,2026-04-01 05:25:00
1775021400,1.15729,1.15742,1.15729,1.15731,367.0,2026-04-01 05:30:00
1775021700,1.15732,1.15746,1.1572,1.15746,332.0,2026-04-01 05:35:00
1775022000,1.15746,1.1576,1.1574,1.15759,254.0,2026-04-01 05:40:00
1775022300,1.1576,1.15764,1.15744,1.1576,267.0,2026-04-01 05:45:00
1775022600,1.15759,1.1576,1.15729,1.1573,406.0,2026-04-01 05:50:00
1775022900,1.15731,1.15735,1.15678,1.15678,663.0,2026-04-01 05:55:00
1775023200,1.15678,1.15706,1.15654,1.15654,1091.0,2026-04-01 06:00:00
1775023500,1.15655,1.15662,1.1562,1.15653,853.0,2026-04-01 06:05:00
1775023800,1.15654,1.1569,1.15653,1.15666,689.0,2026-04-01 06:10:00
1775024100,1.1567,1.15702,1.15664,1.15699,919.0,2026-04-01 06:15:00
1775024400,1.15698,1.15788,1.15687,1.15787,1032.0,2026-04-01 06:20:00
1775024700,1.15786,1.15894,1.15776,1.15868,1406.0,2026-04-01 06:25:00
1775025000,1.15869,1.15928,1.15868,1.15878,1431.0,2026-04-01 06:30:00
1775025300,1.15876,1.15877,1.15805,1.15808,1403.0,2026-04-01 06:35:00
1775025600,1.1581,1.1588,1.15792,1.15875,1317.0,2026-04-01 06:40:00
1775025900,1.15874,1.15898,1.15836,1.15841,1352.0,2026-04-01 06:45:00
1775026200,1.15842,1.1588,1.15802,1.15866,1175.0,2026-04-01 06:50:00
1775026500,1.15866,1.15924,1.15862,1.15913,1234.0,2026-04-01 06:55:00
1775026800,1.15914,1.15946,1.15846,1.15872,1672.0,2026-04-01 07:00:00
1775027100,1.15869,1.15878,1.15824,1.15854,1301.0,2026-04-01 07:05:00
1775027400,1.15855,1.15872,1.15826,1.15872,1175.0,2026-04-01 07:10:00
1775027700,1.15871,1.15904,1.15856,1.15889,1009.0,2026-04-01 07:15:00
1775028000,1.1589,1.15935,1.15875,1.15876,1015.0,2026-04-01 07:20:00
1775028300,1.15877,1.15904,1.15866,1.15896,917.0,2026-04-01 07:25:00
1775028600,1.15895,1.15916,1.15879,1.1589,758.0,2026-04-01 07:30:00
1775028900,1.15888,1.15925,1.15846,1.15876,1127.0,2026-04-01 07:35:00
1775029200,1.15874,1.15905,1.15826,1.15901,1212.0,2026-04-01 07:40:00
1775029500,1.159,1.15988,1.15772,1.15792,2137.0,2026-04-01 07:45:00
1775029800,1.15792,1.15842,1.15778,1.1582,1640.0,2026-04-01 07:50:00
1775030100,1.1582,1.15858,1.15811,1.15821,1385.0,2026-04-01 07:55:00
1775030400,1.1582,1.1591,1.15774,1.15892,1893.0,2026-04-01 08:00:00
1775030700,1.15892,1.15912,1.15854,1.15866,1170.0,2026-04-01 08:05:00
1775031000,1.15866,1.15866,1.15818,1.1585,872.0,2026-04-01 08:10:00
1775031300,1.15849,1.15908,1.15832,1.15892,1085.0,2026-04-01 08:15:00
1775031600,1.15891,1.15943,1.1589,1.15942,770.0,2026-04-01 08:20:00
1775031900,1.15942,1.15998,1.15938,1.15997,796.0,2026-04-01 08:25:00
1775032200,1.15998,1.1609,1.15994,1.16068,1062.0,2026-04-01 08:30:00
1775032500,1.16067,1.16088,1.16034,1.16086,915.0,2026-04-01 08:35:00
1775032800,1.16088,1.16105,1.16052,1.16104,818.0,2026-04-01 08:40:00
1775033100,1.16105,1.16108,1.1603,1.16044,620.0,2026-04-01 08:45:00
1775033400,1.16043,1.16065,1.15975,1.1602,1338.0,2026-04-01 08:50:00
1775033700,1.1602,1.16039,1.15942,1.15964,1782.0,2026-04-01 08:55:00
1775034000,1.15966,1.16027,1.15956,1.16016,1176.0,2026-04-01 09:00:00
1775034300,1.16016,1.16028,1.15934,1.15938,1012.0,2026-04-01 09:05:00
1775034600,1.15938,1.15962,1.15914,1.15922,1067.0,2026-04-01 09:10:00
1775034900,1.15922,1.15925,1.15869,1.15884,1050.0,2026-04-01 09:15:00
1775035200,1.15885,1.15899,1.15858,1.15867,794.0,2026-04-01 09:20:00
1775035500,1.15866,1.1587,1.15815,1.15847,1385.0,2026-04-01 09:25:00
1775035800,1.15846,1.15866,1.15809,1.15827,961.0,2026-04-01 09:30:00
1775036100,1.15828,1.15855,1.15818,1.15846,666.0,2026-04-01 09:35:00
1775036400,1.15847,1.15871,1.15828,1.1584,759.0,2026-04-01 09:40:00
1775036700,1.15838,1.15906,1.15834,1.15906,684.0,2026-04-01 09:45:00
1775037000,1.15906,1.15948,1.15904,1.15936,881.0,2026-04-01 09:50:00
1775037300,1.1594,1.15974,1.15916,1.15952,847.0,2026-04-01 09:55:00
1775037600,1.15955,1.15974,1.15933,1.15962,693.0,2026-04-01 10:00:00
1775037900,1.15963,1.16006,1.15954,1.15954,748.0,2026-04-01 10:05:00
1775038200,1.15955,1.15995,1.1595,1.15968,782.0,2026-04-01 10:10:00
1775038500,1.15966,1.15976,1.15954,1.15974,529.0,2026-04-01 10:15:00
1775038800,1.15973,1.16002,1.15964,1.15975,735.0,2026-04-01 10:20:00
1775039100,1.15976,1.15977,1.15946,1.15966,763.0,2026-04-01 10:25:00
1775039400,1.15968,1.16,1.15965,1.15976,517.0,2026-04-01 10:30:00
1775039700,1.15976,1.15988,1.1596,1.15973,498.0,2026-04-01 10:35:00
1775040000,1.15972,1.16004,1.15972,1.15998,578.0,2026-04-01 10:40:00
1775040300,1.15998,1.16038,1.15998,1.1603,837.0,2026-04-01 10:45:00
1775040600,1.1603,1.16038,1.15994,1.1601,655.0,2026-04-01 10:50:00
1775040900,1.16009,1.16009,1.15954,1.15997,859.0,2026-04-01 10:55:00
1775041200,1.15998,1.16027,1.1598,1.16017,780.0,2026-04-01 11:00:00
1775041500,1.16016,1.16041,1.15994,1.16036,643.0,2026-04-01 11:05:00
1775041800,1.16035,1.16058,1.16007,1.16055,594.0,2026-04-01 11:10:00
1775042100,1.16056,1.16058,1.16011,1.16044,507.0,2026-04-01 11:15:00
1775042400,1.16043,1.16044,1.15986,1.16,512.0,2026-04-01 11:20:00
1775042700,1.15998,1.16022,1.15984,1.15993,507.0,2026-04-01 11:25:00
1775043000,1.15995,1.16016,1.1598,1.1599,558.0,2026-04-01 11:30:00
1775043300,1.1599,1.16028,1.1599,1.16024,539.0,2026-04-01 11:35:00
1775043600,1.16024,1.16029,1.1601,1.16024,526.0,2026-04-01 11:40:00
1775043900,1.16024,1.16068,1.16022,1.16064,469.0,2026-04-01 11:45:00
1775044200,1.16065,1.16074,1.16044,1.16072,434.0,2026-04-01 11:50:00
1775044500,1.1607,1.16101,1.16063,1.16074,523.0,2026-04-01 11:55:00
1775044800,1.16075,1.16105,1.16072,1.1608,733.0,2026-04-01 12:00:00
1775045100,1.1608,1.16082,1.1602,1.16046,789.0,2026-04-01 12:05:00
1775045400,1.16047,1.16065,1.16039,1.16044,557.0,2026-04-01 12:10:00
1775045700,1.16038,1.16052,1.15995,1.1601,1043.0,2026-04-01 12:15:00
1775046000,1.1601,1.16027,1.15972,1.16,816.0,2026-04-01 12:20:00
1775046300,1.16,1.16,1.15948,1.15961,793.0,2026-04-01 12:25:00
1775046600,1.15962,1.16022,1.15938,1.1602,1176.0,2026-04-01 12:30:00
1775046900,1.1602,1.1604,1.15976,1.16017,1273.0,2026-04-01 12:35:00
1775047200,1.16018,1.1617,1.16013,1.16146,1222.0,2026-04-01 12:40:00
1775047500,1.16146,1.16238,1.16041,1.16059,5385.0,2026-04-01 12:45:00
1775047800,1.16058,1.1608,1.16026,1.16062,2132.0,2026-04-01 12:50:00
1775048100,1.16062,1.16076,1.16018,1.16047,1426.0,2026-04-01 12:55:00
1775048400,1.16048,1.16061,1.15995,1.16005,1752.0,2026-04-01 13:00:00
1775048700,1.16004,1.16046,1.15986,1.16038,1474.0,2026-04-01 13:05:00
1775049000,1.16038,1.16117,1.16034,1.1611,1434.0,2026-04-01 13:10:00
1775049300,1.16109,1.1612,1.16076,1.16114,1283.0,2026-04-01 13:15:00
1775049600,1.16116,1.16146,1.1607,1.16126,1372.0,2026-04-01 13:20:00
1775049900,1.16128,1.1614,1.16078,1.16089,986.0,2026-04-01 13:25:00
1775050200,1.16088,1.16236,1.16077,1.16208,2055.0,2026-04-01 13:30:00
1775050500,1.1621,1.16238,1.16189,1.16229,1487.0,2026-04-01 13:35:00
1775050800,1.1623,1.1623,1.1606,1.16154,2294.0,2026-04-01 13:40:00
1775051100,1.16154,1.16174,1.16128,1.16144,2057.0,2026-04-01 13:45:00
1775051400,1.16142,1.16188,1.1611,1.1613,1977.0,2026-04-01 13:50:00
1775051700,1.16128,1.16148,1.16104,1.16119,1281.0,2026-04-01 13:55:00
1775052000,1.16107,1.16108,1.1606,1.16072,2143.0,2026-04-01 14:00:00
1775052300,1.16074,1.16119,1.16047,1.16092,1776.0,2026-04-01 14:05:00
1775052600,1.16092,1.16112,1.16057,1.16102,1336.0,2026-04-01 14:10:00
1775052900,1.16102,1.16144,1.16096,1.16132,1153.0,2026-04-01 14:15:00
1775053200,1.16132,1.16188,1.16108,1.16142,1382.0,2026-04-01 14:20:00
1775053500,1.16143,1.16162,1.1612,1.1614,1015.0,2026-04-01 14:25:00
1775053800,1.16142,1.16152,1.16094,1.16111,1133.0,2026-04-01 14:30:00
1775054100,1.16112,1.16188,1.16072,1.1617,1873.0,2026-04-01 14:35:00
1775054400,1.16169,1.1621,1.16094,1.16165,2258.0,2026-04-01 14:40:00
1775054700,1.16166,1.16246,1.16129,1.16241,1473.0,2026-04-01 14:45:00
1775055000,1.16242,1.16266,1.16204,1.16234,1734.0,2026-04-01 14:50:00
1775055300,1.16234,1.1627,1.16226,1.16226,1324.0,2026-04-01 14:55:00
1775055600,1.16228,1.16272,1.16228,1.1623,1158.0,2026-04-01 15:00:00
1775055900,1.16228,1.16228,1.1617,1.1617,948.0,2026-04-01 15:05:00
1775056200,1.1617,1.1618,1.16144,1.16154,748.0,2026-04-01 15:10:00
1775056500,1.16156,1.16172,1.1613,1.16171,704.0,2026-04-01 15:15:00
1775056800,1.16172,1.16172,1.16102,1.16113,799.0,2026-04-01 15:20:00
1775057100,1.16115,1.16132,1.1606,1.16062,1072.0,2026-04-01 15:25:00
1775057400,1.16062,1.16097,1.16053,1.16096,967.0,2026-04-01 15:30:00
1775057700,1.16094,1.16116,1.16075,1.16114,849.0,2026-04-01 15:35:00
1775058000,1.16112,1.16118,1.16091,1.16109,630.0,2026-04-01 15:40:00
1775058300,1.1611,1.16122,1.16092,1.16102,715.0,2026-04-01 15:45:00
1775058600,1.16102,1.16148,1.161,1.16134,733.0,2026-04-01 15:50:00
1775058900,1.16134,1.16172,1.1613,1.16138,660.0,2026-04-01 15:55:00
1775059200,1.16136,1.16156,1.16086,1.16101,899.0,2026-04-01 16:00:00
1775059500,1.16102,1.16132,1.16096,1.16122,442.0,2026-04-01 16:05:00
1775059800,1.16122,1.16124,1.1606,1.16066,777.0,2026-04-01 16:10:00
1775060100,1.16066,1.16092,1.16048,1.16085,679.0,2026-04-01 16:15:00
1775060400,1.16084,1.16096,1.16077,1.16086,549.0,2026-04-01 16:20:00
1775060700,1.16087,1.16098,1.16062,1.16077,706.0,2026-04-01 16:25:00
1775061000,1.16078,1.16099,1.16062,1.16086,824.0,2026-04-01 16:30:00
1775061300,1.16085,1.16098,1.1607,1.16076,626.0,2026-04-01 16:35:00
1775061600,1.16075,1.16078,1.1605,1.1607,504.0,2026-04-01 16:40:00
1775061900,1.16068,1.1613,1.16066,1.1613,375.0,2026-04-01 16:45:00
1775062200,1.1613,1.16159,1.1613,1.16156,442.0,2026-04-01 16:50:00
1775062500,1.16155,1.16192,1.16141,1.1619,396.0,2026-04-01 16:55:00
1775062800,1.16192,1.16208,1.16182,1.162,630.0,2026-04-01 17:00:00
1775063100,1.162,1.16234,1.16134,1.1614,828.0,2026-04-01 17:05:00
1775063400,1.1614,1.16178,1.16139,1.1616,508.0,2026-04-01 17:10:00
1775063700,1.16158,1.16162,1.1613,1.1613,515.0,2026-04-01 17:15:00
1775064000,1.16133,1.16162,1.16097,1.16098,514.0,2026-04-01 17:20:00
1775064300,1.16098,1.16098,1.16073,1.1608,406.0,2026-04-01 17:25:00
1775064600,1.16079,1.16079,1.15981,1.15998,687.0,2026-04-01 17:30:00
1775064900,1.15999,1.16038,1.15978,1.16036,655.0,2026-04-01 17:35:00
1775065200,1.16037,1.16074,1.16036,1.16056,372.0,2026-04-01 17:40:00
1775065500,1.16055,1.16055,1.16026,1.16027,395.0,2026-04-01 17:45:00
1775065800,1.16024,1.16027,1.15962,1.15972,673.0,2026-04-01 17:50:00
1775066100,1.15973,1.15984,1.15938,1.1594,756.0,2026-04-01 17:55:00
1775066400,1.15939,1.15944,1.15882,1.15903,1155.0,2026-04-01 18:00:00
1775066700,1.15904,1.15944,1.15902,1.15916,742.0,2026-04-01 18:05:00
1775067000,1.15916,1.15932,1.15884,1.15884,390.0,2026-04-01 18:10:00
1775067300,1.15884,1.15902,1.15852,1.15874,603.0,2026-04-01 18:15:00
1775067600,1.15874,1.15875,1.15842,1.15854,790.0,2026-04-01 18:20:00
1775067900,1.15854,1.15862,1.15833,1.15846,680.0,2026-04-01 18:25:00
1775068200,1.15846,1.15855,1.15812,1.15815,578.0,2026-04-01 18:30:00
1775068500,1.15816,1.15819,1.15769,1.15805,755.0,2026-04-01 18:35:00
1775068800,1.15804,1.15876,1.15804,1.15855,586.0,2026-04-01 18:40:00
1775069100,1.15856,1.15877,1.15822,1.15852,591.0,2026-04-01 18:45:00
1775069400,1.15853,1.1587,1.15838,1.15842,668.0,2026-04-01 18:50:00
1775069700,1.15841,1.15852,1.15782,1.1579,695.0,2026-04-01 18:55:00
1775070000,1.15791,1.15808,1.15763,1.15792,794.0,2026-04-01 19:00:00
1775070300,1.15792,1.15839,1.15789,1.1583,524.0,2026-04-01 19:05:00
1775070600,1.1583,1.15847,1.15817,1.15832,409.0,2026-04-01 19:10:00
1775070900,1.15834,1.15838,1.15817,1.15818,331.0,2026-04-01 19:15:00
1775071200,1.1582,1.15832,1.15788,1.15791,304.0,2026-04-01 19:20:00
1775071500,1.15792,1.15832,1.15792,1.15832,329.0,2026-04-01 19:25:00
1775071800,1.15834,1.15848,1.15818,1.15848,424.0,2026-04-01 19:30:00
1775072100,1.15848,1.15858,1.15834,1.15855,377.0,2026-04-01 19:35:00
1775072400,1.15858,1.15872,1.15854,1.15862,358.0,2026-04-01 19:40:00
1775072700,1.15862,1.15872,1.15854,1.15857,309.0,2026-04-01 19:45:00
1775073000,1.15858,1.15858,1.15812,1.15816,577.0,2026-04-01 19:50:00
1775073300,1.15816,1.15851,1.15814,1.15838,739.0,2026-04-01 19:55:00
1775073600,1.15838,1.15858,1.15837,1.15846,374.0,2026-04-01 20:00:00
1775073900,1.15846,1.15878,1.15845,1.15876,299.0,2026-04-01 20:05:00
1775074200,1.15875,1.15878,1.15846,1.15865,233.0,2026-04-01 20:10:00
1775074500,1.15866,1.15871,1.1585,1.15862,131.0,2026-04-01 20:15:00
1775074800,1.15861,1.15862,1.15846,1.15846,237.0,2026-04-01 20:20:00
1775075100,1.15846,1.15875,1.15846,1.15871,169.0,2026-04-01 20:25:00
1775075400,1.1587,1.15892,1.1587,1.15886,137.0,2026-04-01 20:30:00
1775075700,1.15888,1.15902,1.15878,1.15902,266.0,2026-04-01 20:35:00
1775076000,1.15902,1.15912,1.15902,1.15912,140.0,2026-04-01 20:40:00
1775076300,1.15912,1.15917,1.1591,1.15916,180.0,2026-04-01 20:45:00
1775076600,1.15917,1.1592,1.15896,1.15902,104.0,2026-04-01 20:50:00
1775076900,1.15902,1.15908,1.15895,1.15908,177.0,2026-04-01 20:55:00
1775077200,1.15888,1.15888,1.15888,1.15888,1.0,2026-04-01 21:00:00
1775077500,1.15896,1.159,1.15876,1.15882,33.0,2026-04-01 21:05:00
1775077800,1.15879,1.15884,1.15873,1.15874,72.0,2026-04-01 21:10:00
1775078100,1.15876,1.15886,1.15852,1.15882,70.0,2026-04-01 21:15:00
1775078400,1.15882,1.15891,1.15854,1.15891,62.0,2026-04-01 21:20:00
1775078700,1.15892,1.15898,1.15887,1.15896,150.0,2026-04-01 21:25:00
1775079000,1.15894,1.15897,1.15859,1.15876,539.0,2026-04-01 21:30:00
1775079300,1.15876,1.1588,1.15868,1.15879,693.0,2026-04-01 21:35:00
1775079600,1.1588,1.15906,1.15875,1.159,471.0,2026-04-01 21:40:00
1775079900,1.15905,1.15916,1.1589,1.15914,444.0,2026-04-01 21:45:00
1775080200,1.15912,1.15918,1.15904,1.15906,132.0,2026-04-01 21:50:00
1775080500,1.15907,1.15907,1.15903,1.15906,105.0,2026-04-01 21:55:00
1775080800,1.15905,1.15909,1.15898,1.15906,123.0,2026-04-01 22:00:00
1775081100,1.15909,1.15934,1.15905,1.15931,179.0,2026-04-01 22:05:00
1775081400,1.15932,1.15934,1.15916,1.15922,147.0,2026-04-01 22:10:00
1775081700,1.1592,1.15922,1.15917,1.15918,61.0,2026-04-01 22:15:00
1775082000,1.15919,1.15919,1.15908,1.15914,64.0,2026-04-01 22:20:00
1775082300,1.15914,1.15936,1.15914,1.15936,104.0,2026-04-01 22:25:00
1775082600,1.15934,1.15934,1.15917,1.15918,111.0,2026-04-01 22:30:00
1775082900,1.15916,1.15923,1.15912,1.15917,68.0,2026-04-01 22:35:00
1775083200,1.15916,1.15926,1.1591,1.15924,143.0,2026-04-01 22:40:00
1775083500,1.15925,1.15945,1.15925,1.15937,157.0,2026-04-01 22:45:00
1775083800,1.15936,1.15938,1.15918,1.15924,204.0,2026-04-01 22:50:00
1775084100,1.15922,1.15922,1.15903,1.15912,157.0,2026-04-01 22:55:00
1775084400,1.15913,1.15928,1.15913,1.15928,228.0,2026-04-01 23:00:00
1775084700,1.15926,1.15938,1.15926,1.15936,93.0,2026-04-01 23:05:00
1775085000,1.15938,1.15946,1.15936,1.15938,91.0,2026-04-01 23:10:00
1775085300,1.15938,1.15938,1.15927,1.1593,126.0,2026-04-01 23:15:00
1775085600,1.15932,1.15932,1.15918,1.15918,132.0,2026-04-01 23:20:00
1775085900,1.15919,1.15924,1.15913,1.15918,140.0,2026-04-01 23:25:00
1775086200,1.15918,1.15923,1.15912,1.15914,228.0,2026-04-01 23:30:00
1775086500,1.15914,1.15922,1.15908,1.1592,144.0,2026-04-01 23:35:00
1775086800,1.15919,1.15932,1.15914,1.15922,132.0,2026-04-01 23:40:00
1775087100,1.1592,1.1592,1.15907,1.1591,141.0,2026-04-01 23:45:00
1775087400,1.1591,1.15914,1.15891,1.15908,282.0,2026-04-01 23:50:00
1775087700,1.15908,1.15908,1.15897,1.15898,111.0,2026-04-01 23:55:00
1775088000,1.15896,1.15934,1.15884,1.15926,691.0,2026-04-02 00:00:00
1775088300,1.15926,1.15947,1.1592,1.15942,538.0,2026-04-02 00:05:00
1775088600,1.15939,1.15959,1.15922,1.15928,507.0,2026-04-02 00:10:00
1775088900,1.15928,1.15939,1.15914,1.15919,345.0,2026-04-02 00:15:00
1775089200,1.1592,1.15922,1.15886,1.15888,352.0,2026-04-02 00:20:00
1775089500,1.15888,1.15892,1.1587,1.15876,355.0,2026-04-02 00:25:00
1775089800,1.15875,1.15896,1.15874,1.1589,365.0,2026-04-02 00:30:00
1775090100,1.15891,1.1591,1.15884,1.15908,471.0,2026-04-02 00:35:00
1775090400,1.15908,1.15955,1.15902,1.15945,576.0,2026-04-02 00:40:00
1775090700,1.15943,1.15961,1.15942,1.15945,555.0,2026-04-02 00:45:00
1775091000,1.15944,1.15976,1.1593,1.15966,625.0,2026-04-02 00:50:00
1775091300,1.15965,1.1598,1.15949,1.15957,605.0,2026-04-02 00:55:00
1775091600,1.15954,1.15968,1.15827,1.15898,2693.0,2026-04-02 01:00:00
1775091900,1.15898,1.15898,1.15794,1.1588,3667.0,2026-04-02 01:05:00
1775092200,1.15882,1.16058,1.15878,1.15912,4130.0,2026-04-02 01:10:00
1775092500,1.15913,1.15951,1.15636,1.1566,4872.0,2026-04-02 01:15:00
1775092800,1.1566,1.15783,1.15644,1.15664,4106.0,2026-04-02 01:20:00
1775093100,1.15666,1.15692,1.15602,1.15634,3081.0,2026-04-02 01:25:00
1775093400,1.15634,1.15638,1.15472,1.15532,3779.0,2026-04-02 01:30:00
1775093700,1.1553,1.15586,1.15489,1.15579,2417.0,2026-04-02 01:35:00
1775094000,1.1558,1.15604,1.1553,1.15534,1943.0,2026-04-02 01:40:00
1775094300,1.15532,1.1554,1.15457,1.15497,1584.0,2026-04-02 01:45:00
1775094600,1.15498,1.15556,1.15497,1.15541,1581.0,2026-04-02 01:50:00
1775094900,1.15542,1.15556,1.15508,1.15526,1499.0,2026-04-02 01:55:00
1775095200,1.15526,1.15562,1.15517,1.1556,1363.0,2026-04-02 02:00:00
1775095500,1.1556,1.15604,1.15544,1.15558,1191.0,2026-04-02 02:05:00
1775095800,1.1556,1.15572,1.15534,1.1555,1073.0,2026-04-02 02:10:00
1775096100,1.15549,1.15592,1.15548,1.15576,1057.0,2026-04-02 02:15:00
1775096400,1.15576,1.15588,1.15488,1.15531,1095.0,2026-04-02 02:20:00
1775096700,1.15532,1.15541,1.15481,1.15481,990.0,2026-04-02 02:25:00
1775097000,1.1548,1.15494,1.15464,1.15467,753.0,2026-04-02 02:30:00
1775097300,1.15466,1.15476,1.15442,1.15449,790.0,2026-04-02 02:35:00
1775097600,1.1545,1.15474,1.15447,1.15466,583.0,2026-04-02 02:40:00
1775097900,1.15466,1.1549,1.15464,1.1548,511.0,2026-04-02 02:45:00
1775098200,1.15478,1.1549,1.15468,1.15474,458.0,2026-04-02 02:50:00
1775098500,1.15474,1.15492,1.15468,1.15468,555.0,2026-04-02 02:55:00
1775098800,1.1547,1.1547,1.1544,1.15444,544.0,2026-04-02 03:00:00
1775099100,1.15443,1.15471,1.15441,1.15454,353.0,2026-04-02 03:05:00
1775099400,1.15456,1.15485,1.15456,1.15474,422.0,2026-04-02 03:10:00
1775099700,1.15475,1.15485,1.15453,1.15456,494.0,2026-04-02 03:15:00
1775100000,1.15455,1.15472,1.15446,1.15465,368.0,2026-04-02 03:20:00
1775100300,1.15466,1.15467,1.15446,1.15461,659.0,2026-04-02 03:25:00
1775100600,1.15462,1.15488,1.1546,1.15483,473.0,2026-04-02 03:30:00
1775100900,1.15482,1.15488,1.15461,1.15478,478.0,2026-04-02 03:35:00
1775101200,1.15478,1.1549,1.15466,1.1549,334.0,2026-04-02 03:40:00
1775101500,1.1549,1.1549,1.15448,1.15448,367.0,2026-04-02 03:45:00
1775101800,1.15449,1.15463,1.15413,1.15419,379.0,2026-04-02 03:50:00
1775102100,1.15419,1.15424,1.15378,1.15399,655.0,2026-04-02 03:55:00
1775102400,1.15401,1.15421,1.15382,1.15418,666.0,2026-04-02 04:00:00
1775102700,1.15418,1.15419,1.15379,1.15386,674.0,2026-04-02 04:05:00
1775103000,1.15386,1.15411,1.15378,1.15383,572.0,2026-04-02 04:10:00
1775103300,1.15384,1.154,1.15371,1.15373,371.0,2026-04-02 04:15:00
1775103600,1.15374,1.15378,1.15353,1.15368,309.0,2026-04-02 04:20:00
1775103900,1.15366,1.15369,1.1535,1.15352,350.0,2026-04-02 04:25:00
1775104200,1.15353,1.15366,1.15343,1.15346,394.0,2026-04-02 04:30:00
1775104500,1.15346,1.15352,1.15329,1.1534,338.0,2026-04-02 04:35:00
1775104800,1.1534,1.15349,1.15335,1.15346,313.0,2026-04-02 04:40:00
1775105100,1.15346,1.15354,1.15322,1.1534,371.0,2026-04-02 04:45:00
1775105400,1.15341,1.15366,1.15338,1.15346,348.0,2026-04-02 04:50:00
1775105700,1.15346,1.1537,1.15341,1.1537,243.0,2026-04-02 04:55:00
1775106000,1.15372,1.1539,1.15366,1.15366,462.0,2026-04-02 05:00:00
1775106300,1.15368,1.15372,1.15354,1.15364,265.0,2026-04-02 05:05:00
1775106600,1.15365,1.15377,1.1534,1.15342,479.0,2026-04-02 05:10:00
1775106900,1.15342,1.15353,1.15319,1.15319,471.0,2026-04-02 05:15:00
1775107200,1.15318,1.15333,1.15316,1.15323,313.0,2026-04-02 05:20:00
1775107500,1.15322,1.15336,1.15314,1.15326,326.0,2026-04-02 05:25:00
1775107800,1.15326,1.15349,1.15318,1.15328,485.0,2026-04-02 05:30:00
1775108100,1.15328,1.15348,1.1532,1.15344,332.0,2026-04-02 05:35:00
1775108400,1.15342,1.1537,1.15337,1.15354,439.0,2026-04-02 05:40:00
1775108700,1.15354,1.15354,1.15256,1.15262,716.0,2026-04-02 05:45:00
1775109000,1.1526,1.15322,1.15254,1.15274,761.0,2026-04-02 05:50:00
1775109300,1.15274,1.15276,1.1525,1.15254,656.0,2026-04-02 05:55:00
1775109600,1.15256,1.15291,1.15256,1.15274,1047.0,2026-04-02 06:00:00
1775109900,1.15274,1.15276,1.15258,1.15268,582.0,2026-04-02 06:05:00
1775110200,1.15268,1.15268,1.15168,1.15174,797.0,2026-04-02 06:10:00
1775110500,1.15173,1.15214,1.15152,1.15206,914.0,2026-04-02 06:15:00
1775110800,1.15206,1.15234,1.15206,1.15224,829.0,2026-04-02 06:20:00
1775111100,1.15226,1.15269,1.15217,1.15247,800.0,2026-04-02 06:25:00
1775111400,1.15245,1.15286,1.15235,1.15259,738.0,2026-04-02 06:30:00
1775111700,1.15258,1.15299,1.15246,1.15298,756.0,2026-04-02 06:35:00
1775112000,1.15298,1.15314,1.15286,1.1531,432.0,2026-04-02 06:40:00
1775112300,1.1531,1.1534,1.15291,1.15338,515.0,2026-04-02 06:45:00
1775112600,1.15336,1.1535,1.15306,1.15307,598.0,2026-04-02 06:50:00
1775112900,1.15308,1.15356,1.15298,1.15345,679.0,2026-04-02 06:55:00
1775113200,1.15346,1.1537,1.1533,1.15334,742.0,2026-04-02 07:00:00
1775113500,1.15334,1.15334,1.15268,1.15304,834.0,2026-04-02 07:05:00
1775113800,1.15302,1.1531,1.15264,1.15273,745.0,2026-04-02 07:10:00
1775114100,1.1527,1.1535,1.15269,1.15321,796.0,2026-04-02 07:15:00
1775114400,1.1532,1.15354,1.15311,1.15354,588.0,2026-04-02 07:20:00
1775114700,1.15352,1.1538,1.15282,1.15292,1066.0,2026-04-02 07:25:00
1775115000,1.1529,1.15322,1.15206,1.15214,981.0,2026-04-02 07:30:00
1775115300,1.15215,1.15242,1.15211,1.15216,812.0,2026-04-02 07:35:00
1775115600,1.15216,1.15247,1.15188,1.15238,770.0,2026-04-02 07:40:00
1775115900,1.15238,1.15308,1.15238,1.15307,670.0,2026-04-02 07:45:00
1775116200,1.15306,1.15317,1.15292,1.15298,718.0,2026-04-02 07:50:00
1775116500,1.15298,1.15332,1.15292,1.15324,705.0,2026-04-02 07:55:00
1775116800,1.15325,1.15343,1.15299,1.15308,933.0,2026-04-02 08:00:00
1775117100,1.15308,1.15334,1.15281,1.1533,762.0,2026-04-02 08:05:00
1775117400,1.1533,1.15352,1.15322,1.15342,551.0,2026-04-02 08:10:00
1775117700,1.1534,1.15358,1.15334,1.15343,468.0,2026-04-02 08:15:00
1775118000,1.15344,1.15344,1.1525,1.15257,615.0,2026-04-02 08:20:00
1775118300,1.15256,1.15285,1.15256,1.15277,562.0,2026-04-02 08:25:00
1775118600,1.15277,1.15309,1.15274,1.15285,663.0,2026-04-02 08:30:00
1775118900,1.15284,1.15288,1.15246,1.15276,549.0,2026-04-02 08:35:00
1775119200,1.15277,1.15296,1.15246,1.1527,573.0,2026-04-02 08:40:00
1775119500,1.1527,1.15294,1.15262,1.15279,431.0,2026-04-02 08:45:00
1775119800,1.15278,1.15278,1.15246,1.15262,359.0,2026-04-02 08:50:00
1775120100,1.15262,1.1527,1.15244,1.15254,526.0,2026-04-02 08:55:00
1775120400,1.15254,1.15278,1.1525,1.15264,569.0,2026-04-02 09:00:00
1775120700,1.15263,1.15276,1.15236,1.15244,430.0,2026-04-02 09:05:00
1775121000,1.15245,1.15266,1.15232,1.15237,292.0,2026-04-02 09:10:00
1775121300,1.15238,1.15268,1.15234,1.15234,450.0,2026-04-02 09:15:00
1775121600,1.15234,1.15248,1.15217,1.15248,332.0,2026-04-02 09:20:00
1775121900,1.15248,1.15286,1.15248,1.15266,458.0,2026-04-02 09:25:00
1775122200,1.15266,1.1532,1.15258,1.15304,564.0,2026-04-02 09:30:00
1775122500,1.15302,1.15312,1.15284,1.15302,416.0,2026-04-02 09:35:00
1775122800,1.15303,1.15304,1.1526,1.15265,350.0,2026-04-02 09:40:00
1775123100,1.15264,1.15284,1.1525,1.15252,476.0,2026-04-02 09:45:00
1775123400,1.15252,1.15278,1.15248,1.15264,542.0,2026-04-02 09:50:00
1775123700,1.15264,1.15274,1.15236,1.15264,530.0,2026-04-02 09:55:00
1775124000,1.15264,1.15269,1.15223,1.15231,481.0,2026-04-02 10:00:00
1775124300,1.15233,1.15234,1.15192,1.15205,652.0,2026-04-02 10:05:00
1775124600,1.15205,1.15218,1.15156,1.15158,473.0,2026-04-02 10:10:00
1775124900,1.15159,1.15168,1.15137,1.15166,449.0,2026-04-02 10:15:00
1775125200,1.15165,1.1517,1.15152,1.1516,319.0,2026-04-02 10:20:00
1775125500,1.15161,1.15197,1.15157,1.15195,492.0,2026-04-02 10:25:00
1775125800,1.15194,1.15205,1.1518,1.15186,596.0,2026-04-02 10:30:00
1775126100,1.15184,1.1519,1.15156,1.15158,511.0,2026-04-02 10:35:00
1775126400,1.15158,1.15182,1.15136,1.15172,740.0,2026-04-02 10:40:00
1775126700,1.15173,1.15188,1.1512,1.15124,574.0,2026-04-02 10:45:00
1775127000,1.15123,1.15132,1.15112,1.15119,435.0,2026-04-02 10:50:00
1775127300,1.1512,1.15136,1.15114,1.15123,464.0,2026-04-02 10:55:00
1775127600,1.15124,1.15136,1.15092,1.15116,556.0,2026-04-02 11:00:00
1775127900,1.15116,1.1513,1.15094,1.15116,680.0,2026-04-02 11:05:00
1775128200,1.15116,1.15116,1.15092,1.15114,450.0,2026-04-02 11:10:00
1775128500,1.15112,1.15116,1.15094,1.15114,391.0,2026-04-02 11:15:00
1775128800,1.15114,1.15132,1.1511,1.15128,425.0,2026-04-02 11:20:00
1775129100,1.15128,1.15142,1.1511,1.15115,576.0,2026-04-02 11:25:00
1775129400,1.15116,1.15179,1.15106,1.15177,585.0,2026-04-02 11:30:00
1775129700,1.15176,1.15185,1.15162,1.15166,423.0,2026-04-02 11:35:00
1775130000,1.15166,1.15195,1.15144,1.15144,482.0,2026-04-02 11:40:00
1775130300,1.15144,1.1516,1.15123,1.15144,545.0,2026-04-02 11:45:00
1775130600,1.15143,1.15184,1.15127,1.15169,660.0,2026-04-02 11:50:00
1775130900,1.15167,1.1519,1.15128,1.15176,714.0,2026-04-02 11:55:00
1775131200,1.15176,1.15258,1.15171,1.15252,1089.0,2026-04-02 12:00:00
1775131500,1.15252,1.15292,1.15247,1.15254,841.0,2026-04-02 12:05:00
1775131800,1.15252,1.15275,1.15238,1.1526,645.0,2026-04-02 12:10:00
1775132100,1.15262,1.15264,1.15218,1.15223,765.0,2026-04-02 12:15:00
1775132400,1.15222,1.15266,1.1521,1.15264,1005.0,2026-04-02 12:20:00
1775132700,1.15264,1.15284,1.15241,1.15273,494.0,2026-04-02 12:25:00
1775133000,1.15272,1.15278,1.15236,1.15268,795.0,2026-04-02 12:30:00
1775133300,1.15268,1.15288,1.15246,1.15282,757.0,2026-04-02 12:35:00
1775133600,1.15281,1.15282,1.15252,1.15254,678.0,2026-04-02 12:40:00
1775133900,1.15254,1.15304,1.1525,1.15288,948.0,2026-04-02 12:45:00
1775134200,1.15288,1.15312,1.15266,1.1527,769.0,2026-04-02 12:50:00
1775134500,1.1527,1.15286,1.15227,1.15248,800.0,2026-04-02 12:55:00
1775134800,1.15248,1.15299,1.1523,1.15275,1507.0,2026-04-02 13:00:00
1775135100,1.15274,1.15299,1.15266,1.15266,823.0,2026-04-02 13:05:00
1775135400,1.15266,1.15268,1.15204,1.15214,1005.0,2026-04-02 13:10:00
1775135700,1.15214,1.15262,1.15208,1.15244,944.0,2026-04-02 13:15:00
1775136000,1.15243,1.15275,1.1523,1.1525,758.0,2026-04-02 13:20:00
1775136300,1.15248,1.15286,1.15246,1.15272,793.0,2026-04-02 13:25:00
1775136600,1.15272,1.15302,1.15254,1.1526,1569.0,2026-04-02 13:30:00
1775136900,1.1526,1.15266,1.15212,1.15214,1315.0,2026-04-02 13:35:00
1775137200,1.15214,1.15246,1.15204,1.15224,1041.0,2026-04-02 13:40:00
1775137500,1.15226,1.1531,1.1522,1.15298,1315.0,2026-04-02 13:45:00
1775137800,1.153,1.15326,1.15278,1.15285,1331.0,2026-04-02 13:50:00
1775138100,1.15284,1.15318,1.1527,1.15313,1141.0,2026-04-02 13:55:00
1775138400,1.15314,1.15328,1.15274,1.1531,1225.0,2026-04-02 14:00:00
1775138700,1.15309,1.15346,1.15297,1.15325,1093.0,2026-04-02 14:05:00
1775139000,1.15324,1.1533,1.15288,1.15307,1046.0,2026-04-02 14:10:00
1775139300,1.15308,1.15366,1.15307,1.15344,974.0,2026-04-02 14:15:00
1775139600,1.15344,1.15355,1.15304,1.1533,950.0,2026-04-02 14:20:00
1775139900,1.15328,1.15333,1.15288,1.15299,910.0,2026-04-02 14:25:00
1775140200,1.15298,1.15322,1.15266,1.15299,1221.0,2026-04-02 14:30:00
1775140500,1.15298,1.15639,1.15296,1.15547,6731.0,2026-04-02 14:35:00
1775140800,1.15546,1.15558,1.15426,1.15521,5294.0,2026-04-02 14:40:00
1775141100,1.15522,1.15534,1.15442,1.15461,3080.0,2026-04-02 14:45:00
1775141400,1.15462,1.15492,1.15424,1.15459,2461.0,2026-04-02 14:50:00
1775141700,1.15458,1.15528,1.15452,1.15512,2165.0,2026-04-02 14:55:00
1775142000,1.15513,1.15581,1.15484,1.15581,2589.0,2026-04-02 15:00:00
1775142300,1.15579,1.15586,1.15506,1.15524,1921.0,2026-04-02 15:05:00
1775142600,1.15525,1.15558,1.15501,1.15558,1504.0,2026-04-02 15:10:00
1775142900,1.15557,1.15587,1.1551,1.1551,1520.0,2026-04-02 15:15:00
1775143200,1.15509,1.15509,1.15434,1.15447,1565.0,2026-04-02 15:20:00
1775143500,1.15446,1.15527,1.15416,1.15504,1377.0,2026-04-02 15:25:00
1775143800,1.15504,1.15519,1.15481,1.15512,1327.0,2026-04-02 15:30:00
1775144100,1.15512,1.15527,1.15488,1.15499,1191.0,2026-04-02 15:35:00
1775144400,1.15498,1.15508,1.15468,1.15498,978.0,2026-04-02 15:40:00
1775144700,1.15498,1.15498,1.15436,1.15443,927.0,2026-04-02 15:45:00
1775145000,1.15442,1.15456,1.15428,1.15444,988.0,2026-04-02 15:50:00
1775145300,1.15444,1.15458,1.15436,1.15451,774.0,2026-04-02 15:55:00
1775145600,1.1545,1.15476,1.15442,1.15446,780.0,2026-04-02 16:00:00
1775145900,1.15445,1.15472,1.154,1.15427,806.0,2026-04-02 16:05:00
1775146200,1.15426,1.15438,1.15397,1.15422,780.0,2026-04-02 16:10:00
1775146500,1.15422,1.15468,1.15402,1.1541,736.0,2026-04-02 16:15:00
1775146800,1.1541,1.15424,1.15392,1.1541,720.0,2026-04-02 16:20:00
1775147100,1.1541,1.15427,1.15406,1.1541,670.0,2026-04-02 16:25:00
1775147400,1.1541,1.15469,1.154,1.15421,1040.0,2026-04-02 16:30:00
1775147700,1.15422,1.15448,1.15406,1.1544,1002.0,2026-04-02 16:35:00
1775148000,1.1544,1.15476,1.15418,1.15462,980.0,2026-04-02 16:40:00
1775148300,1.1546,1.15482,1.15426,1.1544,752.0,2026-04-02 16:45:00
1775148600,1.15441,1.15466,1.15419,1.15444,841.0,2026-04-02 16:50:00
1775148900,1.15444,1.15448,1.15392,1.15394,568.0,2026-04-02 16:55:00
1775149200,1.15393,1.15424,1.15374,1.15423,728.0,2026-04-02 17:00:00
1775149500,1.15422,1.15438,1.15408,1.15426,530.0,2026-04-02 17:05:00
1775149800,1.15423,1.15464,1.1541,1.15458,576.0,2026-04-02 17:10:00
1775150100,1.1546,1.15492,1.15452,1.15457,661.0,2026-04-02 17:15:00
1775150400,1.15456,1.15492,1.15454,1.15484,416.0,2026-04-02 17:20:00
1775150700,1.15483,1.15483,1.15442,1.1545,417.0,2026-04-02 17:25:00
1775151000,1.1545,1.15451,1.15431,1.15434,332.0,2026-04-02 17:30:00
1775151300,1.15433,1.15434,1.15414,1.15432,356.0,2026-04-02 17:35:00
1775151600,1.15433,1.15439,1.15416,1.15436,439.0,2026-04-02 17:40:00
1775151900,1.15437,1.15439,1.15394,1.15401,387.0,2026-04-02 17:45:00
1775152200,1.15399,1.15412,1.1539,1.15403,474.0,2026-04-02 17:50:00
1775152500,1.15404,1.1541,1.15364,1.15378,499.0,2026-04-02 17:55:00
1775152800,1.15378,1.154,1.15366,1.15376,576.0,2026-04-02 18:00:00
1775153100,1.15376,1.15397,1.15369,1.15371,454.0,2026-04-02 18:05:00
1775153400,1.15372,1.1538,1.15352,1.15374,319.0,2026-04-02 18:10:00
1775153700,1.15375,1.15382,1.15364,1.15378,321.0,2026-04-02 18:15:00
1775154000,1.1538,1.15382,1.15344,1.15344,311.0,2026-04-02 18:20:00
1775154300,1.15342,1.15362,1.15331,1.15336,535.0,2026-04-02 18:25:00
1775154600,1.15334,1.15346,1.15331,1.15342,305.0,2026-04-02 18:30:00
1775154900,1.15344,1.15356,1.15335,1.15342,404.0,2026-04-02 18:35:00
1775155200,1.1534,1.15382,1.1534,1.15373,420.0,2026-04-02 18:40:00
1775155500,1.15372,1.15398,1.15367,1.15379,284.0,2026-04-02 18:45:00
1775155800,1.1538,1.15398,1.15366,1.15388,579.0,2026-04-02 18:50:00
1775156100,1.15388,1.15394,1.15362,1.15362,384.0,2026-04-02 18:55:00
1775156400,1.15362,1.15396,1.15362,1.15372,454.0,2026-04-02 19:00:00
1775156700,1.15373,1.154,1.15373,1.15387,402.0,2026-04-02 19:05:00
1775157000,1.15386,1.15397,1.15371,1.15373,333.0,2026-04-02 19:10:00
1775157300,1.15372,1.15378,1.15354,1.15378,286.0,2026-04-02 19:15:00
1775157600,1.15376,1.15438,1.15371,1.15403,702.0,2026-04-02 19:20:00
1775157900,1.15402,1.15412,1.15386,1.15395,434.0,2026-04-02 19:25:00
1775158200,1.15394,1.15407,1.15384,1.15392,350.0,2026-04-02 19:30:00
1775158500,1.15392,1.15402,1.1538,1.15392,277.0,2026-04-02 19:35:00
1775158800,1.15392,1.154,1.15372,1.15374,286.0,2026-04-02 19:40:00
1775159100,1.15375,1.1538,1.15364,1.15366,286.0,2026-04-02 19:45:00
1775159400,1.15369,1.15376,1.15364,1.1537,320.0,2026-04-02 19:50:00
1775159700,1.1537,1.15386,1.15334,1.15346,607.0,2026-04-02 19:55:00
1775160000,1.15348,1.1535,1.15322,1.15344,548.0,2026-04-02 20:00:00
1775160300,1.15343,1.15352,1.15343,1.15348,144.0,2026-04-02 20:05:00
1775160600,1.15349,1.15374,1.15348,1.15374,174.0,2026-04-02 20:10:00
1775160900,1.15374,1.15384,1.15366,1.15379,156.0,2026-04-02 20:15:00
1775161200,1.15378,1.15384,1.15377,1.15382,127.0,2026-04-02 20:20:00
1775161500,1.1538,1.1538,1.15372,1.1538,87.0,2026-04-02 20:25:00
1775161800,1.15381,1.15382,1.15369,1.15376,131.0,2026-04-02 20:30:00
1775162100,1.15376,1.15384,1.15374,1.15374,72.0,2026-04-02 20:35:00
1775162400,1.15374,1.15374,1.15366,1.15372,84.0,2026-04-02 20:40:00
1775162700,1.15371,1.1539,1.1537,1.15388,123.0,2026-04-02 20:45:00
1775163000,1.15386,1.15395,1.15383,1.15392,126.0,2026-04-02 20:50:00
1775163300,1.15391,1.154,1.15386,1.154,145.0,2026-04-02 20:55:00
1775163600,1.15385,1.15385,1.15385,1.15385,1.0,2026-04-02 21:00:00
1775163900,1.15389,1.15404,1.15389,1.15397,20.0,2026-04-02 21:05:00
1775164200,1.15396,1.15407,1.15396,1.15406,12.0,2026-04-02 21:10:00
1775164500,1.15403,1.15406,1.15397,1.154,115.0,2026-04-02 21:15:00
1775164800,1.15403,1.15404,1.15389,1.154,62.0,2026-04-02 21:20:00
1775165100,1.154,1.15405,1.15398,1.154,47.0,2026-04-02 21:25:00
1775165400,1.15404,1.15408,1.15394,1.15408,69.0,2026-04-02 21:30:00
1775165700,1.15404,1.15412,1.15403,1.15412,92.0,2026-04-02 21:35:00
1775166000,1.15412,1.1542,1.15402,1.15402,73.0,2026-04-02 21:40:00
1775166300,1.15408,1.15418,1.15402,1.15418,96.0,2026-04-02 21:45:00
1775166600,1.15418,1.1543,1.15414,1.15418,32.0,2026-04-02 21:50:00
1775166900,1.15418,1.1543,1.15414,1.1542,148.0,2026-04-02 21:55:00
1775167200,1.1542,1.1544,1.15381,1.15386,138.0,2026-04-02 22:00:00
1775167500,1.15387,1.15398,1.15386,1.15394,112.0,2026-04-02 22:05:00
1775167800,1.15394,1.15394,1.15388,1.15392,50.0,2026-04-02 22:10:00
1775168100,1.15392,1.15403,1.1539,1.15402,104.0,2026-04-02 22:15:00
1775168400,1.15402,1.15409,1.15395,1.15404,88.0,2026-04-02 22:20:00
1775168700,1.15404,1.15404,1.15394,1.15395,52.0,2026-04-02 22:25:00
1775169000,1.15394,1.15405,1.15394,1.15401,122.0,2026-04-02 22:30:00
1775169300,1.154,1.15404,1.15392,1.15398,84.0,2026-04-02 22:35:00
1775169600,1.15396,1.15402,1.15396,1.154,83.0,2026-04-02 22:40:00
1775169900,1.15399,1.15401,1.15392,1.15396,64.0,2026-04-02 22:45:00
1775170200,1.15396,1.15406,1.15396,1.15401,64.0,2026-04-02 22:50:00
1775170500,1.15398,1.15401,1.15394,1.154,77.0,2026-04-02 22:55:00
1775170800,1.15401,1.15409,1.15396,1.15409,76.0,2026-04-02 23:00:00
1775171100,1.15408,1.15409,1.15405,1.15406,46.0,2026-04-02 23:05:00
1775171400,1.15406,1.15408,1.15399,1.15406,61.0,2026-04-02 23:10:00
1775171700,1.15404,1.15406,1.154,1.15405,41.0,2026-04-02 23:15:00
1775172000,1.15406,1.15415,1.15402,1.15414,348.0,2026-04-02 23:20:00
1775172300,1.15415,1.15416,1.15411,1.15415,62.0,2026-04-02 23:25:00
1775172600,1.15416,1.15424,1.15416,1.15424,65.0,2026-04-02 23:30:00
1775172900,1.15423,1.1543,1.15415,1.15422,80.0,2026-04-02 23:35:00
1775173200,1.15422,1.15424,1.15412,1.15414,63.0,2026-04-02 23:40:00
1775173500,1.15414,1.15416,1.1541,1.15414,81.0,2026-04-02 23:45:00
1775173800,1.15416,1.15418,1.15414,1.15416,49.0,2026-04-02 23:50:00
1775174100,1.15416,1.15419,1.15414,1.15416,30.0,2026-04-02 23:55:00
1775174400,1.15416,1.15452,1.15416,1.15434,237.0,2026-04-03 00:00:00
1775174700,1.15434,1.15434,1.15423,1.15423,108.0,2026-04-03 00:05:00
1775175000,1.15422,1.15424,1.15412,1.1542,133.0,2026-04-03 00:10:00
1775175300,1.15421,1.15422,1.15412,1.15416,129.0,2026-04-03 00:15:00
1775175600,1.15414,1.15422,1.15406,1.15418,185.0,2026-04-03 00:20:00
1775175900,1.15418,1.15423,1.1541,1.15422,89.0,2026-04-03 00:25:00
1775176200,1.15421,1.15442,1.15418,1.15434,273.0,2026-04-03 00:30:00
1775176500,1.15435,1.15438,1.15418,1.15426,139.0,2026-04-03 00:35:00
1775176800,1.15427,1.15432,1.1542,1.15431,293.0,2026-04-03 00:40:00
1775177100,1.1543,1.15434,1.15424,1.15426,113.0,2026-04-03 00:45:00
1775177400,1.15427,1.15431,1.15385,1.15388,282.0,2026-04-03 00:50:00
1775177700,1.15386,1.154,1.15382,1.15382,295.0,2026-04-03 00:55:00
1775178000,1.15382,1.15392,1.15374,1.15388,447.0,2026-04-03 01:00:00
1775178300,1.15388,1.154,1.15388,1.15396,540.0,2026-04-03 01:05:00
1775178600,1.15397,1.15398,1.15384,1.15386,200.0,2026-04-03 01:10:00
1775178900,1.15386,1.15393,1.1538,1.15392,156.0,2026-04-03 01:15:00
1775179200,1.15394,1.15397,1.15383,1.15388,290.0,2026-04-03 01:20:00
1775179500,1.1539,1.15393,1.15386,1.15387,55.0,2026-04-03 01:25:00
1775179800,1.15386,1.15392,1.15374,1.15376,145.0,2026-04-03 01:30:00
1775180100,1.15376,1.1538,1.15369,1.15369,139.0,2026-04-03 01:35:00
1775180400,1.1537,1.1537,1.15355,1.15356,73.0,2026-04-03 01:40:00
1775180700,1.15355,1.1536,1.15348,1.1536,67.0,2026-04-03 01:45:00
1775181000,1.15359,1.15366,1.15358,1.15359,95.0,2026-04-03 01:50:00
1775181300,1.1536,1.1536,1.15338,1.1535,173.0,2026-04-03 01:55:00
1775181600,1.15351,1.15357,1.15345,1.15356,114.0,2026-04-03 02:00:00
1775181900,1.15356,1.15374,1.15356,1.15374,134.0,2026-04-03 02:05:00
1775182200,1.15374,1.15384,1.15365,1.1537,409.0,2026-04-03 02:10:00
1775182500,1.1537,1.15371,1.15346,1.15346,145.0,2026-04-03 02:15:00
1775182800,1.15346,1.15346,1.15324,1.15326,182.0,2026-04-03 02:20:00
1775183100,1.15326,1.15332,1.15322,1.15322,198.0,2026-04-03 02:25:00
1775183400,1.15324,1.15342,1.15323,1.15342,173.0,2026-04-03 02:30:00
1775183700,1.15342,1.15347,1.1534,1.15343,80.0,2026-04-03 02:35:00
1775184000,1.15342,1.15354,1.15341,1.15343,271.0,2026-04-03 02:40:00
1775184300,1.15344,1.1535,1.15342,1.15346,91.0,2026-04-03 02:45:00
1775184600,1.15348,1.1536,1.15348,1.15353,130.0,2026-04-03 02:50:00
1775184900,1.15354,1.15372,1.15354,1.15362,118.0,2026-04-03 02:55:00
1775185200,1.15362,1.15364,1.1536,1.15362,77.0,2026-04-03 03:00:00
1775185500,1.15364,1.15374,1.15362,1.15368,151.0,2026-04-03 03:05:00
1775185800,1.15367,1.15371,1.15366,1.15371,61.0,2026-04-03 03:10:00
1775186100,1.15372,1.15373,1.15361,1.15361,40.0,2026-04-03 03:15:00
1775186400,1.15361,1.15362,1.15354,1.15356,50.0,2026-04-03 03:20:00
1775186700,1.15356,1.15363,1.15355,1.15362,44.0,2026-04-03 03:25:00
1775187000,1.15362,1.15362,1.1536,1.15361,26.0,2026-04-03 03:30:00
1775187300,1.15362,1.15366,1.15358,1.1536,96.0,2026-04-03 03:35:00
1775187600,1.1536,1.15362,1.15356,1.15361,32.0,2026-04-03 03:40:00
1775187900,1.15364,1.15364,1.15356,1.15358,113.0,2026-04-03 03:45:00
1775188200,1.15358,1.15358,1.15342,1.15345,52.0,2026-04-03 03:50:00
1775188500,1.15344,1.15368,1.15344,1.15364,98.0,2026-04-03 03:55:00
1775188800,1.15364,1.15364,1.15356,1.15358,78.0,2026-04-03 04:00:00
1775189100,1.15358,1.15358,1.15344,1.1535,140.0,2026-04-03 04:05:00
1775189400,1.1535,1.15352,1.15348,1.15348,84.0,2026-04-03 04:10:00
1775189700,1.15349,1.15352,1.15346,1.15352,62.0,2026-04-03 04:15:00
1775190000,1.15352,1.15358,1.1535,1.15358,52.0,2026-04-03 04:20:00
1775190300,1.15356,1.15362,1.1535,1.1535,121.0,2026-04-03 04:25:00
1775190600,1.15351,1.15356,1.15346,1.15354,437.0,2026-04-03 04:30:00
1775190900,1.15353,1.15357,1.15344,1.15346,222.0,2026-04-03 04:35:00
1775191200,1.15345,1.1535,1.15344,1.15346,83.0,2026-04-03 04:40:00
1775191500,1.15346,1.15352,1.15344,1.15348,137.0,2026-04-03 04:45:00
1775191800,1.15349,1.15352,1.15339,1.15343,96.0,2026-04-03 04:50:00
1775192100,1.15344,1.15351,1.15338,1.15338,127.0,2026-04-03 04:55:00
1775192400,1.15338,1.1534,1.15332,1.1534,42.0,2026-04-03 05:00:00
1775192700,1.1534,1.15346,1.1534,1.15344,37.0,2026-04-03 05:05:00
1775193000,1.15344,1.15344,1.15328,1.15328,73.0,2026-04-03 05:10:00
1775193300,1.15329,1.15329,1.15304,1.15304,182.0,2026-04-03 05:15:00
1775193600,1.15304,1.15306,1.15294,1.153,128.0,2026-04-03 05:20:00
1775193900,1.153,1.15309,1.15298,1.15308,99.0,2026-04-03 05:25:00
1775194200,1.15308,1.15319,1.15308,1.15318,153.0,2026-04-03 05:30:00
1775194500,1.15318,1.15328,1.15312,1.15326,113.0,2026-04-03 05:35:00
1775194800,1.15326,1.1536,1.15326,1.1536,118.0,2026-04-03 05:40:00
1775195100,1.1536,1.15364,1.15354,1.15359,81.0,2026-04-03 05:45:00
1775195400,1.15358,1.15371,1.15354,1.1537,79.0,2026-04-03 05:50:00
1775195700,1.15369,1.15383,1.15364,1.1538,109.0,2026-04-03 05:55:00
1775196000,1.15379,1.15381,1.15374,1.15375,98.0,2026-04-03 06:00:00
1775196300,1.15376,1.15386,1.15369,1.15385,110.0,2026-04-03 06:05:00
1775196600,1.15387,1.15387,1.15384,1.15384,29.0,2026-04-03 06:10:00
1775196900,1.15384,1.15386,1.15378,1.15385,72.0,2026-04-03 06:15:00
1775197200,1.15386,1.15392,1.15384,1.15385,104.0,2026-04-03 06:20:00
1775197500,1.15386,1.15386,1.15355,1.15356,93.0,2026-04-03 06:25:00
1775197800,1.15355,1.15366,1.15354,1.1536,79.0,2026-04-03 06:30:00
1775198100,1.1536,1.15362,1.15352,1.15361,94.0,2026-04-03 06:35:00
1775198400,1.15362,1.15392,1.15362,1.15392,206.0,2026-04-03 06:40:00
1775198700,1.1539,1.15398,1.15379,1.15398,147.0,2026-04-03 06:45:00
1775199000,1.15399,1.15408,1.15388,1.15389,83.0,2026-04-03 06:50:00
1775199300,1.1539,1.15403,1.15384,1.15398,136.0,2026-04-03 06:55:00
1775199600,1.15397,1.15411,1.15395,1.15406,97.0,2026-04-03 07:00:00
1775199900,1.15407,1.15416,1.15405,1.1541,95.0,2026-04-03 07:05:00
1775200200,1.1541,1.15417,1.15402,1.15416,84.0,2026-04-03 07:10:00
1775200500,1.15414,1.15418,1.1541,1.15412,92.0,2026-04-03 07:15:00
1775200800,1.15412,1.15451,1.15412,1.15451,124.0,2026-04-03 07:20:00
1775201100,1.1545,1.15464,1.1543,1.15441,240.0,2026-04-03 07:25:00
1775201400,1.1544,1.1544,1.15426,1.1543,154.0,2026-04-03 07:30:00
1775201700,1.15429,1.15452,1.15426,1.1545,227.0,2026-04-03 07:35:00
1775202000,1.15451,1.15463,1.15446,1.15446,143.0,2026-04-03 07:40:00
1775202300,1.15447,1.15452,1.1544,1.15446,185.0,2026-04-03 07:45:00
1775202600,1.15446,1.15448,1.15441,1.15446,74.0,2026-04-03 07:50:00
1775202900,1.15447,1.15452,1.15427,1.15429,150.0,2026-04-03 07:55:00
1775203200,1.15428,1.15442,1.1542,1.15436,193.0,2026-04-03 08:00:00
1775203500,1.15436,1.15437,1.15416,1.15418,227.0,2026-04-03 08:05:00
1775203800,1.15419,1.1542,1.15412,1.15412,117.0,2026-04-03 08:10:00
1775204100,1.15413,1.15416,1.15403,1.1541,89.0,2026-04-03 08:15:00
1775204400,1.15411,1.15424,1.15409,1.15421,126.0,2026-04-03 08:20:00
1775204700,1.15422,1.15429,1.15416,1.15428,102.0,2026-04-03 08:25:00
1775205000,1.15428,1.15434,1.15426,1.15432,154.0,2026-04-03 08:30:00
1775205300,1.15432,1.15438,1.15428,1.15432,54.0,2026-04-03 08:35:00
1775205600,1.15433,1.15448,1.15432,1.15446,75.0,2026-04-03 08:40:00
1775205900,1.15446,1.15454,1.15444,1.15448,93.0,2026-04-03 08:45:00
1775206200,1.15448,1.15448,1.15416,1.15427,156.0,2026-04-03 08:50:00
1775206500,1.15426,1.15437,1.15426,1.1543,104.0,2026-04-03 08:55:00
1775206800,1.1543,1.1544,1.15423,1.15425,111.0,2026-04-03 09:00:00
1775207100,1.15424,1.15453,1.1542,1.15453,157.0,2026-04-03 09:05:00
1775207400,1.15452,1.15458,1.15436,1.15441,141.0,2026-04-03 09:10:00
1775207700,1.15442,1.15452,1.15438,1.15447,210.0,2026-04-03 09:15:00
1775208000,1.15446,1.15446,1.15432,1.15438,74.0,2026-04-03 09:20:00
1775208300,1.15438,1.15452,1.15436,1.15452,123.0,2026-04-03 09:25:00
1775208600,1.15451,1.15451,1.1543,1.15439,92.0,2026-04-03 09:30:00
1775208900,1.15439,1.1544,1.15428,1.15431,78.0,2026-04-03 09:35:00
1775209200,1.1543,1.15436,1.15426,1.15427,49.0,2026-04-03 09:40:00
1775209500,1.15426,1.15426,1.15408,1.15412,119.0,2026-04-03 09:45:00
1775209800,1.15412,1.15438,1.15412,1.15432,216.0,2026-04-03 09:50:00
1775210100,1.15431,1.15432,1.15418,1.15432,121.0,2026-04-03 09:55:00
1775210400,1.15432,1.15436,1.15426,1.15432,82.0,2026-04-03 10:00:00
1775210700,1.15432,1.15443,1.15432,1.15442,55.0,2026-04-03 10:05:00
1775211000,1.15442,1.15446,1.15434,1.15442,121.0,2026-04-03 10:10:00
1775211300,1.15439,1.15442,1.1543,1.15434,106.0,2026-04-03 10:15:00
1775211600,1.15434,1.15448,1.15434,1.15448,113.0,2026-04-03 10:20:00
1775211900,1.15447,1.15452,1.15444,1.15447,98.0,2026-04-03 10:25:00
1775212200,1.15448,1.15448,1.15432,1.15438,109.0,2026-04-03 10:30:00
1775212500,1.15438,1.1544,1.15432,1.15432,96.0,2026-04-03 10:35:00
1775212800,1.15433,1.15433,1.1542,1.15424,77.0,2026-04-03 10:40:00
1775213100,1.15424,1.15462,1.15424,1.15448,115.0,2026-04-03 10:45:00
1775213400,1.15448,1.15492,1.15448,1.15485,230.0,2026-04-03 10:50:00
1775213700,1.15484,1.15488,1.15449,1.15449,166.0,2026-04-03 10:55:00
1775214000,1.1545,1.15458,1.1545,1.15456,113.0,2026-04-03 11:00:00
1775214300,1.15457,1.15464,1.15454,1.15464,129.0,2026-04-03 11:05:00
1775214600,1.15466,1.15468,1.15442,1.15444,109.0,2026-04-03 11:10:00
1775214900,1.15444,1.15444,1.15433,1.1544,113.0,2026-04-03 11:15:00
1775215200,1.15442,1.15454,1.15434,1.15441,140.0,2026-04-03 11:20:00
1775215500,1.1544,1.1544,1.15422,1.15432,173.0,2026-04-03 11:25:00
1775215800,1.15432,1.15444,1.15421,1.15422,232.0,2026-04-03 11:30:00
1775216100,1.1542,1.15428,1.15409,1.15409,131.0,2026-04-03 11:35:00
1775216400,1.1541,1.1543,1.1541,1.15426,112.0,2026-04-03 11:40:00
1775216700,1.1543,1.15446,1.1543,1.15432,158.0,2026-04-03 11:45:00
1775217000,1.15432,1.1545,1.15432,1.15442,124.0,2026-04-03 11:50:00
1775217300,1.15443,1.15454,1.15436,1.15443,124.0,2026-04-03 11:55:00
1775217600,1.15444,1.15453,1.15438,1.15446,234.0,2026-04-03 12:00:00
1775217900,1.15447,1.15447,1.15411,1.15425,152.0,2026-04-03 12:05:00
1775218200,1.15426,1.1544,1.15416,1.15435,220.0,2026-04-03 12:10:00
1775218500,1.15434,1.15435,1.15415,1.15426,181.0,2026-04-03 12:15:00
1775218800,1.15424,1.15448,1.1542,1.1544,428.0,2026-04-03 12:20:00
1775219100,1.1544,1.1546,1.15417,1.15432,474.0,2026-04-03 12:25:00
1775219400,1.1543,1.15431,1.15177,1.15285,3105.0,2026-04-03 12:30:00
1775219700,1.15284,1.15314,1.15256,1.15313,923.0,2026-04-03 12:35:00
1775220000,1.15312,1.15334,1.15298,1.15322,904.0,2026-04-03 12:40:00
1775220300,1.1532,1.1534,1.15286,1.15313,542.0,2026-04-03 12:45:00
1775220600,1.15312,1.15326,1.15294,1.15324,453.0,2026-04-03 12:50:00
1775220900,1.15324,1.15326,1.15302,1.1531,238.0,2026-04-03 12:55:00
1775221200,1.15308,1.15334,1.15294,1.15323,365.0,2026-04-03 13:00:00
1775221500,1.15325,1.15336,1.15314,1.15316,280.0,2026-04-03 13:05:00
1775221800,1.15316,1.15384,1.15316,1.15372,451.0,2026-04-03 13:10:00
1775222100,1.1537,1.15386,1.1536,1.15362,194.0,2026-04-03 13:15:00
1775222400,1.15362,1.15366,1.1532,1.15331,172.0,2026-04-03 13:20:00
1775222700,1.15329,1.1533,1.15308,1.15311,215.0,2026-04-03 13:25:00
1775223000,1.15312,1.15328,1.15306,1.15315,233.0,2026-04-03 13:30:00
1775223300,1.15314,1.15327,1.1528,1.15282,232.0,2026-04-03 13:35:00
1775223600,1.15281,1.1531,1.15281,1.1531,250.0,2026-04-03 13:40:00
1775223900,1.1531,1.1534,1.15309,1.15322,307.0,2026-04-03 13:45:00
1775224200,1.15322,1.15326,1.15308,1.15308,143.0,2026-04-03 13:50:00
1775224500,1.15308,1.15357,1.15307,1.1535,274.0,2026-04-03 13:55:00
1775224800,1.15352,1.15366,1.15295,1.15295,400.0,2026-04-03 14:00:00
1775225100,1.15296,1.15316,1.15288,1.15294,278.0,2026-04-03 14:05:00
1775225400,1.15294,1.15294,1.15266,1.15276,299.0,2026-04-03 14:10:00
1775225700,1.15274,1.15284,1.15266,1.15276,221.0,2026-04-03 14:15:00
1775226000,1.15277,1.15282,1.15264,1.15266,152.0,2026-04-03 14:20:00
1775226300,1.15264,1.1527,1.15244,1.15264,269.0,2026-04-03 14:25:00
1775226600,1.15266,1.15278,1.1526,1.1526,196.0,2026-04-03 14:30:00
1775226900,1.1526,1.15264,1.15249,1.15252,160.0,2026-04-03 14:35:00
1775227200,1.15252,1.15271,1.1525,1.1526,160.0,2026-04-03 14:40:00
1775227500,1.1526,1.15263,1.1524,1.15246,196.0,2026-04-03 14:45:00
1775227800,1.15245,1.15251,1.15226,1.15226,133.0,2026-04-03 14:50:00
1775228100,1.15224,1.15228,1.15209,1.15212,188.0,2026-04-03 14:55:00
1775228400,1.15213,1.15242,1.1521,1.15241,261.0,2026-04-03 15:00:00
1775228700,1.15242,1.15242,1.15226,1.15228,133.0,2026-04-03 15:05:00
1775229000,1.15228,1.15258,1.15222,1.15254,257.0,2026-04-03 15:10:00
1775229300,1.15252,1.15279,1.1525,1.15263,667.0,2026-04-03 15:15:00
1775229600,1.15265,1.15278,1.15246,1.15252,856.0,2026-04-03 15:20:00
1775229900,1.15252,1.15254,1.15244,1.15251,684.0,2026-04-03 15:25:00
1775230200,1.1525,1.15256,1.15244,1.15252,366.0,2026-04-03 15:30:00
1775230500,1.15251,1.15252,1.15227,1.15237,454.0,2026-04-03 15:35:00
1775230800,1.15236,1.15244,1.15225,1.15228,206.0,2026-04-03 15:40:00
1775231100,1.15227,1.1524,1.15224,1.15228,233.0,2026-04-03 15:45:00
1775231400,1.15229,1.15243,1.15226,1.1524,146.0,2026-04-03 15:50:00
1775231700,1.15238,1.1524,1.15201,1.15222,432.0,2026-04-03 15:55:00
1775232000,1.15222,1.15225,1.15205,1.15208,453.0,2026-04-03 16:00:00
1775232300,1.1521,1.1521,1.15202,1.15203,171.0,2026-04-03 16:05:00
1775232600,1.15204,1.15218,1.1519,1.1521,772.0,2026-04-03 16:10:00
1775232900,1.1521,1.15217,1.15198,1.152,412.0,2026-04-03 16:15:00
1775233200,1.152,1.1521,1.1519,1.15196,235.0,2026-04-03 16:20:00
1775233500,1.15194,1.15206,1.15192,1.15204,65.0,2026-04-03 16:25:00
1775233800,1.15204,1.15213,1.15195,1.15205,409.0,2026-04-03 16:30:00
1775234100,1.15204,1.15216,1.15201,1.15203,594.0,2026-04-03 16:35:00
1775234400,1.15202,1.15208,1.152,1.15205,416.0,2026-04-03 16:40:00
1775234700,1.15206,1.15218,1.15204,1.15215,224.0,2026-04-03 16:45:00
1775235000,1.15214,1.15217,1.15206,1.1521,85.0,2026-04-03 16:50:00
1775235300,1.1521,1.15212,1.1519,1.1519,231.0,2026-04-03 16:55:00
1775235600,1.1519,1.15203,1.1519,1.15199,254.0,2026-04-03 17:00:00
1775235900,1.15198,1.1521,1.1519,1.15202,428.0,2026-04-03 17:05:00
1775236200,1.15204,1.1521,1.1519,1.15192,278.0,2026-04-03 17:10:00
1775236500,1.15195,1.15207,1.1519,1.15192,746.0,2026-04-03 17:15:00
1775236800,1.15191,1.15204,1.15188,1.15198,345.0,2026-04-03 17:20:00
1775237100,1.15198,1.152,1.15188,1.1519,111.0,2026-04-03 17:25:00
1775237400,1.1519,1.15198,1.15186,1.15188,190.0,2026-04-03 17:30:00
1775237700,1.1519,1.15215,1.1519,1.15214,320.0,2026-04-03 17:35:00
1775238000,1.15216,1.15219,1.15192,1.15206,196.0,2026-04-03 17:40:00
1775238300,1.15208,1.15209,1.15186,1.15202,261.0,2026-04-03 17:45:00
1775238600,1.15202,1.15202,1.15192,1.15198,588.0,2026-04-03 17:50:00
1775238900,1.15198,1.15204,1.15196,1.15202,109.0,2026-04-03 17:55:00
1775239200,1.15202,1.15213,1.15198,1.1521,418.0,2026-04-03 18:00:00
1775239500,1.15211,1.15212,1.15186,1.15196,196.0,2026-04-03 18:05:00
1775239800,1.15197,1.15201,1.15194,1.15198,163.0,2026-04-03 18:10:00
1775240100,1.15199,1.15202,1.15196,1.15199,182.0,2026-04-03 18:15:00
1775240400,1.152,1.15202,1.15194,1.15194,102.0,2026-04-03 18:20:00
1775240700,1.15194,1.15196,1.1519,1.15194,241.0,2026-04-03 18:25:00
1775241000,1.15195,1.15196,1.1519,1.15192,186.0,2026-04-03 18:30:00
1775241300,1.1519,1.15194,1.15146,1.15147,301.0,2026-04-03 18:35:00
1775241600,1.15148,1.1517,1.15144,1.1515,373.0,2026-04-03 18:40:00
1775241900,1.15148,1.15152,1.15145,1.15146,72.0,2026-04-03 18:45:00
1775242200,1.15146,1.1517,1.15142,1.1516,160.0,2026-04-03 18:50:00
1775242500,1.1516,1.15164,1.15144,1.15146,154.0,2026-04-03 18:55:00
1775242800,1.15145,1.15149,1.15143,1.15148,35.0,2026-04-03 19:00:00
1775243100,1.15148,1.15149,1.15148,1.15148,29.0,2026-04-03 19:05:00
1775243400,1.15148,1.15161,1.15148,1.15158,50.0,2026-04-03 19:10:00
1775243700,1.15156,1.15158,1.15147,1.15148,63.0,2026-04-03 19:15:00
1775244000,1.15148,1.1515,1.15148,1.15148,48.0,2026-04-03 19:20:00
1775244300,1.15148,1.15148,1.15148,1.15148,11.0,2026-04-03 19:25:00
1775244600,1.15148,1.15148,1.15148,1.15148,2.0,2026-04-03 19:30:00
1775244900,1.15148,1.15151,1.15148,1.15151,9.0,2026-04-03 19:35:00
1775245200,1.1515,1.15152,1.15147,1.15149,15.0,2026-04-03 19:40:00
1775245500,1.15146,1.15146,1.15142,1.15144,28.0,2026-04-03 19:45:00
1775245800,1.15142,1.15146,1.15142,1.15146,23.0,2026-04-03 19:50:00
1775246100,1.15147,1.15148,1.15144,1.15146,39.0,2026-04-03 19:55:00
1775246400,1.15147,1.1515,1.15144,1.15146,62.0,2026-04-03 20:00:00
1775246700,1.15146,1.15192,1.15146,1.15188,103.0,2026-04-03 20:05:00
1775247000,1.15187,1.15348,1.15178,1.15204,647.0,2026-04-03 20:10:00
1775247300,1.152,1.15205,1.15153,1.15174,164.0,2026-04-03 20:15:00
1775247600,1.15173,1.15198,1.15148,1.15192,189.0,2026-04-03 20:20:00
1775247900,1.15192,1.15196,1.15168,1.15196,58.0,2026-04-03 20:25:00
1775248200,1.15195,1.152,1.1519,1.1519,22.0,2026-04-03 20:30:00
1775248500,1.15199,1.15199,1.15164,1.1517,100.0,2026-04-03 20:35:00
1775248800,1.15156,1.15186,1.15134,1.15177,51.0,2026-04-03 20:40:00
1775249100,1.15182,1.15203,1.15182,1.15184,11.0,2026-04-03 20:45:00
1775249400,1.152,1.15217,1.15148,1.15159,39.0,2026-04-03 20:50:00
1775249700,1.15188,1.15222,1.15188,1.15222,17.0,2026-04-03 20:55:00
1775422800,1.15238,1.15238,1.15238,1.15238,1.0,2026-04-05 21:00:00
1775423100,1.15238,1.15238,1.15236,1.15238,10.0,2026-04-05 21:05:00
1775423400,1.15236,1.15236,1.15231,1.15232,16.0,2026-04-05 21:10:00
1775423700,1.15232,1.1524,1.15232,1.15238,41.0,2026-04-05 21:15:00
1775424000,1.15238,1.1524,1.15236,1.1524,19.0,2026-04-05 21:20:00
1775424300,1.15239,1.1524,1.15227,1.15228,25.0,2026-04-05 21:25:00
1775424600,1.15228,1.15234,1.15226,1.15233,36.0,2026-04-05 21:30:00
1775424900,1.1523,1.15232,1.15206,1.15206,227.0,2026-04-05 21:35:00
1775425200,1.15205,1.15206,1.15204,1.15206,9.0,2026-04-05 21:40:00
1775425500,1.15206,1.15208,1.15206,1.15206,9.0,2026-04-05 21:45:00
1775425800,1.15207,1.15209,1.15202,1.15208,10.0,2026-04-05 21:50:00
1775426100,1.15208,1.15218,1.15208,1.15213,10.0,2026-04-05 21:55:00
1775426400,1.15212,1.15218,1.15105,1.15108,423.0,2026-04-05 22:00:00
1775426700,1.15108,1.15127,1.15068,1.1508,469.0,2026-04-05 22:05:00
1775427000,1.15078,1.15118,1.15053,1.15106,1109.0,2026-04-05 22:10:00
1775427300,1.15105,1.1513,1.15083,1.15112,1124.0,2026-04-05 22:15:00
1775427600,1.1511,1.1513,1.15091,1.15114,847.0,2026-04-05 22:20:00
1775427900,1.15116,1.15122,1.15097,1.15114,474.0,2026-04-05 22:25:00
1775428200,1.15111,1.15128,1.15103,1.1511,781.0,2026-04-05 22:30:00
1775428500,1.1511,1.15134,1.15097,1.15128,807.0,2026-04-05 22:35:00
1775428800,1.15125,1.15129,1.15108,1.15114,400.0,2026-04-05 22:40:00
1775429100,1.15114,1.1515,1.15114,1.15145,398.0,2026-04-05 22:45:00
1775429400,1.15148,1.15156,1.15135,1.15138,223.0,2026-04-05 22:50:00
1775429700,1.1514,1.15165,1.15135,1.1515,238.0,2026-04-05 22:55:00
1775430000,1.15149,1.15156,1.15122,1.15124,399.0,2026-04-05 23:00:00
1775430300,1.15125,1.15168,1.15124,1.15126,406.0,2026-04-05 23:05:00
1775430600,1.15128,1.15135,1.15116,1.15124,249.0,2026-04-05 23:10:00
1775430900,1.15124,1.15138,1.15114,1.15119,216.0,2026-04-05 23:15:00
1775431200,1.15122,1.15126,1.15108,1.15109,264.0,2026-04-05 23:20:00
1775431500,1.15108,1.15114,1.15092,1.15094,268.0,2026-04-05 23:25:00
1775431800,1.15094,1.15114,1.15092,1.1511,364.0,2026-04-05 23:30:00
1775432100,1.15112,1.15119,1.15095,1.15104,201.0,2026-04-05 23:35:00
1775432400,1.15102,1.15102,1.15086,1.15094,211.0,2026-04-05 23:40:00
1775432700,1.15094,1.15118,1.15092,1.15107,291.0,2026-04-05 23:45:00
1775433000,1.15109,1.15109,1.15096,1.15103,297.0,2026-04-05 23:50:00
1775433300,1.15106,1.15114,1.15092,1.15098,384.0,2026-04-05 23:55:00
1775433600,1.15098,1.15139,1.15094,1.15139,852.0,2026-04-06 00:00:00
1775433900,1.15138,1.15166,1.15132,1.1514,704.0,2026-04-06 00:05:00
1775434200,1.15138,1.15158,1.15134,1.15156,347.0,2026-04-06 00:10:00
1775434500,1.15156,1.15156,1.1514,1.15152,444.0,2026-04-06 00:15:00
1775434800,1.15151,1.15184,1.15151,1.15176,421.0,2026-04-06 00:20:00
1775435100,1.15175,1.15175,1.15148,1.1515,353.0,2026-04-06 00:25:00
1775435400,1.1515,1.15166,1.15148,1.15164,368.0,2026-04-06 00:30:00
1775435700,1.15163,1.15173,1.15142,1.15144,354.0,2026-04-06 00:35:00
1775436000,1.15142,1.1517,1.1514,1.15164,383.0,2026-04-06 00:40:00
1775436300,1.15164,1.15164,1.15128,1.15128,258.0,2026-04-06 00:45:00
1775436600,1.15128,1.15135,1.15118,1.15122,432.0,2026-04-06 00:50:00
1775436900,1.15124,1.1513,1.15108,1.15118,356.0,2026-04-06 00:55:00
1775437200,1.15118,1.15144,1.151,1.15102,606.0,2026-04-06 01:00:00
1775437500,1.15101,1.1511,1.15088,1.15094,464.0,2026-04-06 01:05:00
1775437800,1.15094,1.15104,1.1508,1.15084,340.0,2026-04-06 01:10:00
1775438100,1.15084,1.151,1.1508,1.15094,301.0,2026-04-06 01:15:00
1775438400,1.15094,1.1512,1.15086,1.15094,293.0,2026-04-06 01:20:00
1775438700,1.15094,1.15116,1.15094,1.15105,544.0,2026-04-06 01:25:00
1775439000,1.15106,1.15112,1.15082,1.15084,343.0,2026-04-06 01:30:00
1775439300,1.15084,1.15095,1.15081,1.15086,298.0,2026-04-06 01:35:00
1775439600,1.15085,1.15094,1.15082,1.15089,267.0,2026-04-06 01:40:00
1775439900,1.1509,1.1509,1.15082,1.15089,129.0,2026-04-06 01:45:00
1775440200,1.1509,1.15097,1.15079,1.1508,232.0,2026-04-06 01:50:00
1775440500,1.15078,1.1508,1.15064,1.1507,212.0,2026-04-06 01:55:00
1775440800,1.15071,1.15132,1.1507,1.15126,542.0,2026-04-06 02:00:00
1775441100,1.15126,1.15176,1.15114,1.15172,458.0,2026-04-06 02:05:00
1775441400,1.1517,1.15234,1.15164,1.15194,1307.0,2026-04-06 02:10:00
1775441700,1.15194,1.15256,1.15184,1.15248,811.0,2026-04-06 02:15:00
1775442000,1.15247,1.15288,1.15237,1.1526,908.0,2026-04-06 02:20:00
1775442300,1.15261,1.15268,1.15232,1.15244,779.0,2026-04-06 02:25:00
1775442600,1.15244,1.1526,1.15226,1.15233,555.0,2026-04-06 02:30:00
1775442900,1.15234,1.15238,1.15206,1.15207,335.0,2026-04-06 02:35:00
1775443200,1.15206,1.15221,1.15203,1.1521,428.0,2026-04-06 02:40:00
1775443500,1.1521,1.15229,1.15204,1.15214,482.0,2026-04-06 02:45:00
1775443800,1.15215,1.15224,1.15206,1.15214,444.0,2026-04-06 02:50:00
1775444100,1.15214,1.15224,1.15204,1.15206,351.0,2026-04-06 02:55:00
1775444400,1.15207,1.15228,1.15202,1.15212,349.0,2026-04-06 03:00:00
1775444700,1.15214,1.15215,1.15208,1.1521,220.0,2026-04-06 03:05:00
1775445000,1.15209,1.15218,1.15202,1.15214,208.0,2026-04-06 03:10:00
1775445300,1.15216,1.15226,1.15173,1.15188,510.0,2026-04-06 03:15:00
1775445600,1.15186,1.15226,1.15182,1.15225,709.0,2026-04-06 03:20:00
1775445900,1.15226,1.15232,1.15214,1.15217,349.0,2026-04-06 03:25:00
1775446200,1.15219,1.15219,1.152,1.15206,452.0,2026-04-06 03:30:00
1775446500,1.15205,1.15216,1.15204,1.15206,237.0,2026-04-06 03:35:00
1775446800,1.15206,1.15206,1.1519,1.15202,266.0,2026-04-06 03:40:00
1775447100,1.152,1.15202,1.15175,1.15178,185.0,2026-04-06 03:45:00
1775447400,1.1518,1.1519,1.15175,1.15182,189.0,2026-04-06 03:50:00
1775447700,1.15181,1.15197,1.1518,1.1519,169.0,2026-04-06 03:55:00
1775448000,1.15192,1.15207,1.15186,1.15204,286.0,2026-04-06 04:00:00
1775448300,1.15204,1.15206,1.1519,1.15198,202.0,2026-04-06 04:05:00
1775448600,1.15198,1.15206,1.1519,1.15202,180.0,2026-04-06 04:10:00
1775448900,1.15203,1.15206,1.15192,1.15195,194.0,2026-04-06 04:15:00
1775449200,1.15196,1.15206,1.15196,1.15202,211.0,2026-04-06 04:20:00
1775449500,1.15203,1.15214,1.15196,1.15197,167.0,2026-04-06 04:25:00
1775449800,1.15196,1.15225,1.15196,1.15222,229.0,2026-04-06 04:30:00
1775450100,1.15222,1.15238,1.15222,1.15224,138.0,2026-04-06 04:35:00
1775450400,1.15224,1.1523,1.15216,1.15226,219.0,2026-04-06 04:40:00
1775450700,1.15226,1.1524,1.15218,1.1524,159.0,2026-04-06 04:45:00
1775451000,1.15239,1.15251,1.15239,1.15247,160.0,2026-04-06 04:50:00
1775451300,1.15248,1.1525,1.15234,1.15244,160.0,2026-04-06 04:55:00
1775451600,1.15244,1.15247,1.1523,1.15244,223.0,2026-04-06 05:00:00
1775451900,1.15244,1.15256,1.15238,1.15256,200.0,2026-04-06 05:05:00
1775452200,1.15255,1.15262,1.15252,1.15261,199.0,2026-04-06 05:10:00
1775452500,1.15262,1.15287,1.15262,1.15276,221.0,2026-04-06 05:15:00
1775452800,1.15278,1.15297,1.15264,1.15294,362.0,2026-04-06 05:20:00
1775453100,1.15294,1.15294,1.15272,1.15272,243.0,2026-04-06 05:25:00
1775453400,1.15272,1.15274,1.1525,1.1526,340.0,2026-04-06 05:30:00
1775453700,1.1526,1.15276,1.1526,1.15268,310.0,2026-04-06 05:35:00
1775454000,1.15267,1.15267,1.1525,1.15252,282.0,2026-04-06 05:40:00
1775454300,1.1525,1.1526,1.15242,1.15252,328.0,2026-04-06 05:45:00
1775454600,1.15252,1.15272,1.15251,1.1527,339.0,2026-04-06 05:50:00
1775454900,1.15271,1.15271,1.15251,1.15255,242.0,2026-04-06 05:55:00
1775455200,1.15254,1.15258,1.15242,1.15254,323.0,2026-04-06 06:00:00
1775455500,1.15254,1.15278,1.15246,1.1527,415.0,2026-04-06 06:05:00
1775455800,1.1527,1.15276,1.15264,1.15267,371.0,2026-04-06 06:10:00
1775456100,1.15264,1.1527,1.15256,1.15261,284.0,2026-04-06 06:15:00
1775456400,1.1526,1.1526,1.15246,1.15248,326.0,2026-04-06 06:20:00
1775456700,1.15249,1.15251,1.1523,1.15236,281.0,2026-04-06 06:25:00
1775457000,1.15236,1.15238,1.1522,1.15236,254.0,2026-04-06 06:30:00
1775457300,1.15236,1.15237,1.15222,1.15232,311.0,2026-04-06 06:35:00
1775457600,1.15232,1.15268,1.15228,1.15265,294.0,2026-04-06 06:40:00
1775457900,1.15264,1.15267,1.15236,1.1526,342.0,2026-04-06 06:45:00
1775458200,1.1526,1.15378,1.15252,1.15327,2313.0,2026-04-06 06:50:00
1775458500,1.15327,1.15333,1.15295,1.15333,941.0,2026-04-06 06:55:00
1775458800,1.15332,1.15346,1.15298,1.153,679.0,2026-04-06 07:00:00
1775459100,1.15299,1.153,1.15258,1.15258,513.0,2026-04-06 07:05:00
1775459400,1.15258,1.15304,1.15253,1.15303,644.0,2026-04-06 07:10:00
1775459700,1.15304,1.15337,1.15301,1.15329,595.0,2026-04-06 07:15:00
1775460000,1.15331,1.1534,1.15303,1.15312,509.0,2026-04-06 07:20:00
1775460300,1.15314,1.15346,1.1531,1.15346,670.0,2026-04-06 07:25:00
1775460600,1.15346,1.15406,1.15346,1.15404,529.0,2026-04-06 07:30:00
1775460900,1.15403,1.1546,1.15401,1.15453,745.0,2026-04-06 07:35:00
1775461200,1.15452,1.15536,1.15438,1.15522,1166.0,2026-04-06 07:40:00
1775461500,1.15522,1.156,1.15519,1.15598,936.0,2026-04-06 07:45:00
1775461800,1.15598,1.15667,1.15596,1.15631,1522.0,2026-04-06 07:50:00
1775462100,1.1563,1.15688,1.1563,1.15645,1034.0,2026-04-06 07:55:00
1775462400,1.15646,1.15688,1.15646,1.15656,1251.0,2026-04-06 08:00:00
1775462700,1.15657,1.15657,1.15568,1.15579,1165.0,2026-04-06 08:05:00
1775463000,1.15578,1.15604,1.15555,1.1559,745.0,2026-04-06 08:10:00
1775463300,1.1559,1.15593,1.15566,1.1557,563.0,2026-04-06 08:15:00
1775463600,1.15569,1.15612,1.15568,1.15607,559.0,2026-04-06 08:20:00
1775463900,1.15608,1.1563,1.15578,1.1559,641.0,2026-04-06 08:25:00
1775464200,1.1559,1.15614,1.15588,1.15611,708.0,2026-04-06 08:30:00
1775464500,1.15612,1.15622,1.15591,1.15594,325.0,2026-04-06 08:35:00
1775464800,1.15594,1.15604,1.15573,1.15576,379.0,2026-04-06 08:40:00
1775465100,1.15574,1.15578,1.15557,1.15568,326.0,2026-04-06 08:45:00
1775465400,1.15568,1.1557,1.15538,1.15548,363.0,2026-04-06 08:50:00
1775465700,1.15548,1.15588,1.15543,1.15553,314.0,2026-04-06 08:55:00
1775466000,1.15556,1.1557,1.1555,1.15558,491.0,2026-04-06 09:00:00
1775466300,1.15559,1.15582,1.15558,1.15582,367.0,2026-04-06 09:05:00
1775466600,1.15583,1.15584,1.15552,1.15554,318.0,2026-04-06 09:10:00
1775466900,1.15557,1.1556,1.15538,1.15554,480.0,2026-04-06 09:15:00
1775467200,1.15554,1.15578,1.15548,1.15568,391.0,2026-04-06 09:20:00
1775467500,1.15568,1.15574,1.15558,1.15558,253.0,2026-04-06 09:25:00
1775467800,1.15558,1.15568,1.1555,1.1555,316.0,2026-04-06 09:30:00
1775468100,1.15548,1.15576,1.15542,1.15564,414.0,2026-04-06 09:35:00
1775468400,1.15564,1.15574,1.1555,1.15554,366.0,2026-04-06 09:40:00
1775468700,1.15555,1.15588,1.15554,1.1558,419.0,2026-04-06 09:45:00
1775469000,1.1558,1.15606,1.15508,1.15512,1099.0,2026-04-06 09:50:00
1775469300,1.15511,1.15516,1.15475,1.15506,934.0,2026-04-06 09:55:00
1775469600,1.15506,1.15526,1.15495,1.15524,1015.0,2026-04-06 10:00:00
1775469900,1.15523,1.15534,1.1551,1.15532,408.0,2026-04-06 10:05:00
1775470200,1.15531,1.15544,1.15504,1.15514,504.0,2026-04-06 10:10:00
1775470500,1.15514,1.15517,1.15484,1.15495,498.0,2026-04-06 10:15:00
1775470800,1.15494,1.15516,1.15491,1.15505,207.0,2026-04-06 10:20:00
1775471100,1.15506,1.15506,1.15474,1.1548,238.0,2026-04-06 10:25:00
1775471400,1.1548,1.15492,1.15464,1.1549,349.0,2026-04-06 10:30:00
1775471700,1.1549,1.15502,1.15484,1.15491,368.0,2026-04-06 10:35:00
1775472000,1.1549,1.15518,1.1549,1.15511,352.0,2026-04-06 10:40:00
1775472300,1.15512,1.15513,1.15377,1.155,2106.0,2026-04-06 10:45:00
1775472600,1.15502,1.15508,1.15477,1.15478,789.0,2026-04-06 10:50:00
1775472900,1.15478,1.15504,1.15477,1.15481,501.0,2026-04-06 10:55:00
1775473200,1.15482,1.15501,1.1547,1.15495,536.0,2026-04-06 11:00:00
1775473500,1.15494,1.15497,1.15476,1.15485,461.0,2026-04-06 11:05:00
1775473800,1.15486,1.15488,1.15424,1.15431,508.0,2026-04-06 11:10:00
1775474100,1.1543,1.1545,1.15426,1.1543,652.0,2026-04-06 11:15:00
1775474400,1.1543,1.1544,1.15406,1.1541,605.0,2026-04-06 11:20:00
1775474700,1.1541,1.15432,1.15403,1.15432,352.0,2026-04-06 11:25:00
1775475000,1.15435,1.15442,1.15426,1.15434,321.0,2026-04-06 11:30:00
1775475300,1.15432,1.15446,1.15418,1.15446,321.0,2026-04-06 11:35:00
1775475600,1.15447,1.1546,1.15432,1.15438,301.0,2026-04-06 11:40:00
1775475900,1.15437,1.15478,1.15437,1.15471,432.0,2026-04-06 11:45:00
1775476200,1.15472,1.1548,1.15454,1.15462,271.0,2026-04-06 11:50:00
1775476500,1.15461,1.15466,1.15452,1.15458,331.0,2026-04-06 11:55:00
1775476800,1.15458,1.15482,1.15448,1.15461,480.0,2026-04-06 12:00:00
1775477100,1.15462,1.15485,1.15458,1.15471,280.0,2026-04-06 12:05:00
1775477400,1.1547,1.1547,1.15444,1.15456,382.0,2026-04-06 12:10:00
1775477700,1.15457,1.15465,1.15445,1.15448,470.0,2026-04-06 12:15:00
1775478000,1.15449,1.1545,1.15426,1.15448,494.0,2026-04-06 12:20:00
1775478300,1.15447,1.15468,1.15441,1.15462,343.0,2026-04-06 12:25:00
1775478600,1.1546,1.1549,1.1546,1.15488,444.0,2026-04-06 12:30:00
1775478900,1.15488,1.15528,1.15481,1.1552,431.0,2026-04-06 12:35:00
1775479200,1.15522,1.15522,1.15502,1.15514,351.0,2026-04-06 12:40:00
1775479500,1.15514,1.1554,1.15514,1.15526,522.0,2026-04-06 12:45:00
1775479800,1.15525,1.15546,1.15514,1.15546,505.0,2026-04-06 12:50:00
1775480100,1.15544,1.15546,1.15528,1.15534,444.0,2026-04-06 12:55:00
1775480400,1.15536,1.15542,1.15516,1.15521,556.0,2026-04-06 13:00:00
1775480700,1.1552,1.1555,1.15494,1.15548,661.0,2026-04-06 13:05:00
1775481000,1.15544,1.15562,1.15536,1.15556,399.0,2026-04-06 13:10:00
1775481300,1.15554,1.15556,1.15541,1.15542,384.0,2026-04-06 13:15:00
1775481600,1.15542,1.1556,1.1554,1.15556,424.0,2026-04-06 13:20:00
1775481900,1.15556,1.15574,1.15548,1.15574,382.0,2026-04-06 13:25:00
1775482200,1.15573,1.15602,1.15564,1.15577,1008.0,2026-04-06 13:30:00
1775482500,1.15578,1.15592,1.15561,1.15566,911.0,2026-04-06 13:35:00
1775482800,1.15565,1.1558,1.15558,1.15562,661.0,2026-04-06 13:40:00
1775483100,1.1556,1.15588,1.15552,1.15559,615.0,2026-04-06 13:45:00
1775483400,1.15559,1.15604,1.15554,1.15598,642.0,2026-04-06 13:50:00
1775483700,1.15598,1.15614,1.15577,1.15597,669.0,2026-04-06 13:55:00
1775484000,1.156,1.15663,1.15566,1.15568,1717.0,2026-04-06 14:00:00
1775484300,1.15568,1.15583,1.15545,1.15557,1122.0,2026-04-06 14:05:00
1775484600,1.15556,1.1559,1.15545,1.15586,1084.0,2026-04-06 14:10:00
1775484900,1.15586,1.15631,1.15581,1.15622,1143.0,2026-04-06 14:15:00
1775485200,1.15623,1.15658,1.15606,1.15646,1022.0,2026-04-06 14:20:00
1775485500,1.15646,1.15672,1.15634,1.15656,898.0,2026-04-06 14:25:00
1775485800,1.15657,1.15694,1.15652,1.15692,706.0,2026-04-06 14:30:00
1775486100,1.15691,1.15716,1.15533,1.15631,2501.0,2026-04-06 14:35:00
1775486400,1.1563,1.15673,1.15622,1.15622,1690.0,2026-04-06 14:40:00
1775486700,1.1562,1.15627,1.1555,1.15562,1528.0,2026-04-06 14:45:00
1775487000,1.15562,1.15583,1.15482,1.15494,1561.0,2026-04-06 14:50:00
1775487300,1.1549,1.15501,1.15426,1.15432,2702.0,2026-04-06 14:55:00
1775487600,1.15432,1.15438,1.15386,1.15407,1757.0,2026-04-06 15:00:00
1775487900,1.15406,1.15426,1.15394,1.15422,926.0,2026-04-06 15:05:00
1775488200,1.15423,1.15428,1.15375,1.15379,1355.0,2026-04-06 15:10:00
1775488500,1.15378,1.15401,1.15356,1.15388,974.0,2026-04-06 15:15:00
1775488800,1.15388,1.15421,1.15386,1.15415,786.0,2026-04-06 15:20:00
1775489100,1.15413,1.15413,1.15396,1.15401,653.0,2026-04-06 15:25:00
1775489400,1.15402,1.15404,1.15366,1.1539,570.0,2026-04-06 15:30:00
1775489700,1.1539,1.15418,1.1539,1.15413,648.0,2026-04-06 15:35:00
1775490000,1.15412,1.15419,1.15398,1.15406,562.0,2026-04-06 15:40:00
1775490300,1.15406,1.15426,1.15386,1.15404,672.0,2026-04-06 15:45:00
1775490600,1.15404,1.15422,1.15392,1.1542,582.0,2026-04-06 15:50:00
1775490900,1.1542,1.15446,1.15416,1.15444,594.0,2026-04-06 15:55:00
1775491200,1.15443,1.15469,1.15441,1.15458,578.0,2026-04-06 16:00:00
1775491500,1.15458,1.15464,1.15446,1.15458,404.0,2026-04-06 16:05:00
1775491800,1.15458,1.15478,1.15456,1.1547,500.0,2026-04-06 16:10:00
1775492100,1.15468,1.15471,1.15454,1.15458,303.0,2026-04-06 16:15:00
1775492400,1.15458,1.15458,1.15424,1.1543,310.0,2026-04-06 16:20:00
1775492700,1.15432,1.15464,1.15432,1.15464,279.0,2026-04-06 16:25:00
1775493000,1.15464,1.15464,1.15439,1.1545,359.0,2026-04-06 16:30:00
1775493300,1.15452,1.15476,1.15446,1.15464,303.0,2026-04-06 16:35:00
1775493600,1.15464,1.15482,1.15455,1.15466,359.0,2026-04-06 16:40:00
1775493900,1.15467,1.15468,1.15448,1.15464,408.0,2026-04-06 16:45:00
1775494200,1.15463,1.15478,1.15446,1.1545,505.0,2026-04-06 16:50:00
1775494500,1.1545,1.15457,1.15426,1.1545,1038.0,2026-04-06 16:55:00
1775494800,1.15451,1.15451,1.15386,1.15392,1007.0,2026-04-06 17:00:00
1775495100,1.15392,1.15404,1.15362,1.15372,609.0,2026-04-06 17:05:00
1775495400,1.15373,1.1539,1.15352,1.15366,1435.0,2026-04-06 17:10:00
1775495700,1.15368,1.15384,1.15342,1.15384,1099.0,2026-04-06 17:15:00
1775496000,1.15384,1.15436,1.15376,1.15425,1030.0,2026-04-06 17:20:00
1775496300,1.15425,1.15444,1.1542,1.15438,695.0,2026-04-06 17:25:00
1775496600,1.1544,1.15488,1.15432,1.15464,694.0,2026-04-06 17:30:00
1775496900,1.15463,1.15464,1.15437,1.15446,650.0,2026-04-06 17:35:00
1775497200,1.15444,1.15446,1.15408,1.15426,471.0,2026-04-06 17:40:00
1775497500,1.15424,1.15433,1.15402,1.15412,418.0,2026-04-06 17:45:00
1775497800,1.15412,1.15434,1.15409,1.15432,409.0,2026-04-06 17:50:00
1775498100,1.15434,1.15442,1.15414,1.15416,469.0,2026-04-06 17:55:00
1775498400,1.15416,1.15441,1.15396,1.15424,847.0,2026-04-06 18:00:00
1775498700,1.15424,1.15444,1.15417,1.15444,674.0,2026-04-06 18:05:00
1775499000,1.15444,1.15514,1.15444,1.15484,2002.0,2026-04-06 18:10:00
1775499300,1.15484,1.15518,1.1548,1.1551,1018.0,2026-04-06 18:15:00
1775499600,1.15506,1.15528,1.15498,1.15502,786.0,2026-04-06 18:20:00
1775499900,1.15502,1.1552,1.15487,1.15506,1004.0,2026-04-06 18:25:00
1775500200,1.15506,1.15521,1.15474,1.15486,667.0,2026-04-06 18:30:00
1775500500,1.15488,1.15499,1.15451,1.15451,571.0,2026-04-06 18:35:00
1775500800,1.15452,1.15468,1.15446,1.15448,544.0,2026-04-06 18:40:00
1775501100,1.15448,1.15462,1.15438,1.15454,486.0,2026-04-06 18:45:00
1775501400,1.15454,1.15468,1.15454,1.15458,363.0,2026-04-06 18:50:00
1775501700,1.15458,1.15468,1.15448,1.15457,542.0,2026-04-06 18:55:00
1775502000,1.15458,1.15462,1.15434,1.15454,384.0,2026-04-06 19:00:00
1775502300,1.15453,1.15469,1.15444,1.15448,344.0,2026-04-06 19:05:00
1775502600,1.15445,1.15451,1.1544,1.1545,372.0,2026-04-06 19:10:00
1775502900,1.15448,1.15456,1.15432,1.15434,213.0,2026-04-06 19:15:00
1775503200,1.15434,1.15438,1.15422,1.15422,187.0,2026-04-06 19:20:00
1775503500,1.15423,1.15429,1.15418,1.15424,155.0,2026-04-06 19:25:00
1775503800,1.15423,1.15434,1.15407,1.15418,268.0,2026-04-06 19:30:00
1775504100,1.15419,1.15432,1.15417,1.15431,183.0,2026-04-06 19:35:00
1775504400,1.15432,1.1544,1.15429,1.1544,142.0,2026-04-06 19:40:00
1775504700,1.15439,1.15458,1.15436,1.15456,237.0,2026-04-06 19:45:00
1775505000,1.15458,1.15468,1.15436,1.15438,405.0,2026-04-06 19:50:00
1775505300,1.1544,1.15457,1.15428,1.15429,220.0,2026-04-06 19:55:00
1775505600,1.1543,1.15437,1.15422,1.15424,248.0,2026-04-06 20:00:00
1775505900,1.15424,1.15428,1.15416,1.15417,159.0,2026-04-06 20:05:00
1775506200,1.15418,1.1542,1.15408,1.15419,217.0,2026-04-06 20:10:00
1775506500,1.15418,1.15434,1.15416,1.15434,275.0,2026-04-06 20:15:00
1775506800,1.15434,1.15444,1.15433,1.15444,113.0,2026-04-06 20:20:00
1775507100,1.15442,1.15445,1.15428,1.15432,134.0,2026-04-06 20:25:00
1775507400,1.15434,1.1544,1.1543,1.15432,94.0,2026-04-06 20:30:00
1775507700,1.15433,1.15436,1.15422,1.15427,120.0,2026-04-06 20:35:00
1775508000,1.15428,1.15436,1.15428,1.15434,111.0,2026-04-06 20:40:00
1775508300,1.15433,1.1544,1.1543,1.15432,183.0,2026-04-06 20:45:00
1775508600,1.15434,1.15438,1.15422,1.15423,209.0,2026-04-06 20:50:00
1775508900,1.15424,1.15436,1.15421,1.15433,234.0,2026-04-06 20:55:00
1775509200,1.15414,1.15414,1.15414,1.15414,1.0,2026-04-06 21:00:00
1775509500,1.15417,1.15422,1.15409,1.15416,84.0,2026-04-06 21:05:00
1775509800,1.15416,1.1543,1.15416,1.15428,144.0,2026-04-06 21:10:00
1775510100,1.15428,1.15432,1.15424,1.15428,84.0,2026-04-06 21:15:00
1775510400,1.1543,1.15436,1.15426,1.15426,107.0,2026-04-06 21:20:00
1775510700,1.15425,1.15426,1.15417,1.15417,148.0,2026-04-06 21:25:00
1775511000,1.15416,1.15438,1.15416,1.15434,94.0,2026-04-06 21:30:00
1775511300,1.15434,1.15441,1.15434,1.15441,104.0,2026-04-06 21:35:00
1775511600,1.15439,1.15448,1.15439,1.15445,92.0,2026-04-06 21:40:00
1775511900,1.15444,1.15447,1.15428,1.1543,129.0,2026-04-06 21:45:00
1775512200,1.1543,1.1543,1.15415,1.15418,169.0,2026-04-06 21:50:00
1775512500,1.1542,1.15436,1.15419,1.15432,165.0,2026-04-06 21:55:00
1775512800,1.15432,1.15478,1.15429,1.15476,199.0,2026-04-06 22:00:00
1775513100,1.15476,1.1548,1.15463,1.15465,70.0,2026-04-06 22:05:00
1775513400,1.15466,1.15469,1.1545,1.15454,89.0,2026-04-06 22:10:00
1775513700,1.15454,1.15467,1.15448,1.15462,114.0,2026-04-06 22:15:00
1775514000,1.15462,1.15464,1.1543,1.15442,354.0,2026-04-06 22:20:00
1775514300,1.1544,1.15446,1.15438,1.15444,54.0,2026-04-06 22:25:00
1775514600,1.15446,1.15452,1.15435,1.15442,1324.0,2026-04-06 22:30:00
1775514900,1.15442,1.15448,1.15438,1.15444,395.0,2026-04-06 22:35:00
1775515200,1.15444,1.15446,1.15434,1.15434,217.0,2026-04-06 22:40:00
1775515500,1.15434,1.15444,1.15432,1.15436,132.0,2026-04-06 22:45:00
1775515800,1.15438,1.15444,1.15432,1.15434,115.0,2026-04-06 22:50:00
1775516100,1.15434,1.15434,1.15423,1.15428,87.0,2026-04-06 22:55:00
1775516400,1.15428,1.15436,1.15424,1.15434,133.0,2026-04-06 23:00:00
1775516700,1.15433,1.15436,1.15424,1.1543,112.0,2026-04-06 23:05:00
1775517000,1.15431,1.15434,1.15428,1.15432,71.0,2026-04-06 23:10:00
1775517300,1.15432,1.15434,1.15426,1.15428,62.0,2026-04-06 23:15:00
1775517600,1.15428,1.1543,1.15418,1.1542,75.0,2026-04-06 23:20:00
1775517900,1.15421,1.15422,1.15406,1.15407,68.0,2026-04-06 23:25:00
1775518200,1.15405,1.15411,1.15404,1.15405,68.0,2026-04-06 23:30:00
1775518500,1.15404,1.15408,1.154,1.15406,63.0,2026-04-06 23:35:00
1775518800,1.15408,1.1541,1.1539,1.15405,128.0,2026-04-06 23:40:00
1775519100,1.15406,1.15421,1.15406,1.15414,176.0,2026-04-06 23:45:00
1775519400,1.15413,1.15426,1.15409,1.15414,204.0,2026-04-06 23:50:00
1775519700,1.15413,1.15415,1.15408,1.15409,68.0,2026-04-06 23:55:00
1775520000,1.15408,1.1541,1.1538,1.1539,453.0,2026-04-07 00:00:00
1775520300,1.15389,1.15406,1.15384,1.15405,439.0,2026-04-07 00:05:00
1775520600,1.15404,1.1542,1.15395,1.15418,494.0,2026-04-07 00:10:00
1775520900,1.1542,1.15439,1.15417,1.15417,672.0,2026-04-07 00:15:00
1775521200,1.15416,1.15428,1.15403,1.15404,422.0,2026-04-07 00:20:00
1775521500,1.15404,1.15415,1.154,1.15403,333.0,2026-04-07 00:25:00
1775521800,1.15402,1.15409,1.1539,1.15398,365.0,2026-04-07 00:30:00
1775522100,1.154,1.15404,1.15366,1.1537,299.0,2026-04-07 00:35:00
1775522400,1.1537,1.15392,1.1537,1.1538,348.0,2026-04-07 00:40:00
1775522700,1.1538,1.15392,1.1538,1.15392,315.0,2026-04-07 00:45:00
1775523000,1.15392,1.154,1.15384,1.1539,375.0,2026-04-07 00:50:00
1775523300,1.15391,1.15395,1.15374,1.15376,280.0,2026-04-07 00:55:00
1775523600,1.15376,1.15403,1.15358,1.15402,792.0,2026-04-07 01:00:00
1775523900,1.15401,1.15403,1.1536,1.15364,578.0,2026-04-07 01:05:00
1775524200,1.15363,1.15371,1.15352,1.1536,527.0,2026-04-07 01:10:00
1775524500,1.1536,1.15376,1.15358,1.15372,425.0,2026-04-07 01:15:00
1775524800,1.1537,1.15373,1.15354,1.15358,351.0,2026-04-07 01:20:00
1775525100,1.15359,1.15365,1.15348,1.15364,286.0,2026-04-07 01:25:00
1775525400,1.15364,1.15369,1.15354,1.15358,294.0,2026-04-07 01:30:00
1775525700,1.1536,1.15363,1.15305,1.15316,526.0,2026-04-07 01:35:00
1775526000,1.15315,1.15318,1.153,1.15306,448.0,2026-04-07 01:40:00
1775526300,1.15307,1.15314,1.15298,1.15298,389.0,2026-04-07 01:45:00
1775526600,1.15299,1.15302,1.15272,1.15279,442.0,2026-04-07 01:50:00
1775526900,1.15278,1.15302,1.15274,1.15302,359.0,2026-04-07 01:55:00
1775527200,1.15302,1.15304,1.15288,1.15288,398.0,2026-04-07 02:00:00
1775527500,1.15289,1.15296,1.15242,1.1527,608.0,2026-04-07 02:05:00
1775527800,1.1527,1.15286,1.15264,1.15271,305.0,2026-04-07 02:10:00
1775528100,1.15272,1.15272,1.15258,1.15264,289.0,2026-04-07 02:15:00
1775528400,1.15264,1.15296,1.15259,1.15284,276.0,2026-04-07 02:20:00
1775528700,1.15284,1.15297,1.1528,1.15294,241.0,2026-04-07 02:25:00
1775529000,1.15294,1.15298,1.15284,1.15296,274.0,2026-04-07 02:30:00
1775529300,1.15294,1.15304,1.15292,1.15304,137.0,2026-04-07 02:35:00
1775529600,1.15304,1.15308,1.153,1.15304,131.0,2026-04-07 02:40:00
1775529900,1.15305,1.1532,1.153,1.15318,196.0,2026-04-07 02:45:00
1775530200,1.15318,1.1532,1.15297,1.15298,144.0,2026-04-07 02:50:00
1775530500,1.15298,1.15303,1.1529,1.15298,150.0,2026-04-07 02:55:00
1775530800,1.15298,1.15319,1.15298,1.15312,187.0,2026-04-07 03:00:00
1775531100,1.1531,1.15314,1.15298,1.15308,229.0,2026-04-07 03:05:00
1775531400,1.15309,1.15322,1.15305,1.15306,154.0,2026-04-07 03:10:00
1775531700,1.15305,1.1531,1.15288,1.1529,239.0,2026-04-07 03:15:00
1775532000,1.1529,1.15308,1.15289,1.15304,267.0,2026-04-07 03:20:00
1775532300,1.15304,1.15312,1.15294,1.1531,231.0,2026-04-07 03:25:00
1775532600,1.15309,1.15316,1.15308,1.15314,214.0,2026-04-07 03:30:00
1775532900,1.15313,1.15326,1.15305,1.15326,167.0,2026-04-07 03:35:00
1775533200,1.15325,1.15342,1.15324,1.15342,209.0,2026-04-07 03:40:00
1775533500,1.15341,1.15346,1.1534,1.15343,151.0,2026-04-07 03:45:00
1775533800,1.15342,1.15347,1.15334,1.15336,179.0,2026-04-07 03:50:00
1775534100,1.15336,1.15349,1.15336,1.15346,120.0,2026-04-07 03:55:00
1775534400,1.15346,1.15361,1.15341,1.15346,238.0,2026-04-07 04:00:00
1775534700,1.15346,1.15346,1.1533,1.15338,278.0,2026-04-07 04:05:00
1775535000,1.15338,1.15352,1.15334,1.15336,179.0,2026-04-07 04:10:00
1775535300,1.15337,1.15344,1.15334,1.15339,182.0,2026-04-07 04:15:00
1775535600,1.1534,1.15346,1.15335,1.15344,150.0,2026-04-07 04:20:00
1775535900,1.15342,1.1535,1.1534,1.15346,209.0,2026-04-07 04:25:00
1775536200,1.15346,1.15364,1.15346,1.15362,287.0,2026-04-07 04:30:00
1775536500,1.15363,1.15363,1.15343,1.15344,167.0,2026-04-07 04:35:00
1775536800,1.15344,1.1536,1.15344,1.15359,133.0,2026-04-07 04:40:00
1775537100,1.15358,1.15383,1.15356,1.15378,227.0,2026-04-07 04:45:00
1775537400,1.15382,1.15389,1.15372,1.15378,149.0,2026-04-07 04:50:00
1775537700,1.1538,1.15389,1.15378,1.15383,185.0,2026-04-07 04:55:00
1775538000,1.15385,1.15398,1.1537,1.15384,273.0,2026-04-07 05:00:00
1775538300,1.15384,1.15394,1.15374,1.15376,235.0,2026-04-07 05:05:00
1775538600,1.15376,1.15384,1.15374,1.15374,195.0,2026-04-07 05:10:00
1775538900,1.15373,1.15384,1.15372,1.15382,182.0,2026-04-07 05:15:00
1775539200,1.15384,1.15396,1.15362,1.15364,327.0,2026-04-07 05:20:00
1775539500,1.15364,1.15376,1.15354,1.15364,427.0,2026-04-07 05:25:00
1775539800,1.15364,1.1537,1.15344,1.15358,547.0,2026-04-07 05:30:00
1775540100,1.15356,1.15378,1.15355,1.15377,287.0,2026-04-07 05:35:00
1775540400,1.15376,1.15377,1.15305,1.15306,538.0,2026-04-07 05:40:00
1775540700,1.15304,1.15322,1.15302,1.15314,393.0,2026-04-07 05:45:00
1775541000,1.15314,1.15335,1.15314,1.15331,379.0,2026-04-07 05:50:00
1775541300,1.1533,1.15358,1.15328,1.15354,303.0,2026-04-07 05:55:00
1775541600,1.15355,1.1537,1.15341,1.15364,643.0,2026-04-07 06:00:00
1775541900,1.15363,1.15381,1.1536,1.15365,327.0,2026-04-07 06:05:00
1775542200,1.15363,1.15366,1.15344,1.15352,385.0,2026-04-07 06:10:00
1775542500,1.15351,1.15352,1.15331,1.15334,380.0,2026-04-07 06:15:00
1775542800,1.15333,1.1534,1.15328,1.15338,398.0,2026-04-07 06:20:00
1775543100,1.15339,1.15394,1.15338,1.15374,577.0,2026-04-07 06:25:00
1775543400,1.15376,1.15394,1.15368,1.1539,593.0,2026-04-07 06:30:00
1775543700,1.15389,1.15422,1.15387,1.15416,607.0,2026-04-07 06:35:00
1775544000,1.15418,1.15456,1.15416,1.15444,642.0,2026-04-07 06:40:00
1775544300,1.15442,1.15444,1.15411,1.15424,715.0,2026-04-07 06:45:00
1775544600,1.15424,1.15444,1.15418,1.15424,554.0,2026-04-07 06:50:00
1775544900,1.15424,1.15449,1.1541,1.15447,465.0,2026-04-07 06:55:00
1775545200,1.15448,1.15456,1.15422,1.15428,738.0,2026-04-07 07:00:00
1775545500,1.15427,1.15427,1.15368,1.154,614.0,2026-04-07 07:05:00
1775545800,1.15401,1.15414,1.15378,1.15414,469.0,2026-04-07 07:10:00
1775546100,1.15413,1.15438,1.15398,1.15422,597.0,2026-04-07 07:15:00
1775546400,1.15423,1.15438,1.15407,1.15436,475.0,2026-04-07 07:20:00
1775546700,1.15437,1.15444,1.15386,1.15387,448.0,2026-04-07 07:25:00
1775547000,1.15388,1.1542,1.15388,1.15412,474.0,2026-04-07 07:30:00
1775547300,1.15414,1.15448,1.15414,1.15448,394.0,2026-04-07 07:35:00
1775547600,1.15446,1.15448,1.15421,1.15446,387.0,2026-04-07 07:40:00
1775547900,1.15445,1.1546,1.15434,1.15447,490.0,2026-04-07 07:45:00
1775548200,1.15446,1.15448,1.15416,1.15416,397.0,2026-04-07 07:50:00
1775548500,1.15414,1.15435,1.154,1.15428,463.0,2026-04-07 07:55:00
1775548800,1.15425,1.15671,1.1542,1.15501,2919.0,2026-04-07 08:00:00
1775549100,1.155,1.15566,1.15484,1.15546,1471.0,2026-04-07 08:05:00
1775549400,1.15546,1.1568,1.15536,1.1566,1763.0,2026-04-07 08:10:00
1775549700,1.1566,1.1566,1.1559,1.15623,1317.0,2026-04-07 08:15:00
1775550000,1.15622,1.1566,1.15604,1.15614,1304.0,2026-04-07 08:20:00
1775550300,1.15614,1.15624,1.15574,1.15613,1040.0,2026-04-07 08:25:00
1775550600,1.15614,1.1566,1.15594,1.15633,1050.0,2026-04-07 08:30:00
1775550900,1.15634,1.15662,1.1563,1.15655,1143.0,2026-04-07 08:35:00
1775551200,1.15654,1.15686,1.15616,1.15675,996.0,2026-04-07 08:40:00
1775551500,1.15674,1.15705,1.15646,1.15656,1053.0,2026-04-07 08:45:00
1775551800,1.15654,1.15702,1.15651,1.15696,736.0,2026-04-07 08:50:00
1775552100,1.15695,1.15756,1.15689,1.15737,986.0,2026-04-07 08:55:00
1775552400,1.15735,1.15756,1.1571,1.15712,756.0,2026-04-07 09:00:00
1775552700,1.15712,1.15727,1.15697,1.1571,735.0,2026-04-07 09:05:00
1775553000,1.15709,1.1572,1.15694,1.15695,525.0,2026-04-07 09:10:00
1775553300,1.15694,1.1572,1.15676,1.1572,778.0,2026-04-07 09:15:00
1775553600,1.1572,1.15737,1.15702,1.15716,563.0,2026-04-07 09:20:00
1775553900,1.15716,1.15719,1.15656,1.15688,972.0,2026-04-07 09:25:00
1775554200,1.15688,1.15729,1.1568,1.15726,708.0,2026-04-07 09:30:00
1775554500,1.15726,1.15728,1.15692,1.15693,624.0,2026-04-07 09:35:00
1775554800,1.15693,1.15694,1.1566,1.1566,672.0,2026-04-07 09:40:00
1775555100,1.15661,1.15661,1.15635,1.15645,662.0,2026-04-07 09:45:00
1775555400,1.15647,1.15654,1.15632,1.15638,488.0,2026-04-07 09:50:00
1775555700,1.15638,1.15645,1.15623,1.15629,416.0,2026-04-07 09:55:00
1775556000,1.15628,1.15638,1.15602,1.15619,603.0,2026-04-07 10:00:00
1775556300,1.15617,1.15634,1.15512,1.15584,1600.0,2026-04-07 10:05:00
1775556600,1.15582,1.15616,1.15548,1.15608,1867.0,2026-04-07 10:10:00
1775556900,1.15608,1.15628,1.15584,1.15594,807.0,2026-04-07 10:15:00
1775557200,1.15594,1.15594,1.15544,1.15548,775.0,2026-04-07 10:20:00
1775557500,1.15548,1.15564,1.15458,1.15552,2859.0,2026-04-07 10:25:00
1775557800,1.15552,1.15568,1.15544,1.15568,934.0,2026-04-07 10:30:00
1775558100,1.15569,1.15588,1.15542,1.15552,982.0,2026-04-07 10:35:00
1775558400,1.1555,1.15555,1.15472,1.1553,1564.0,2026-04-07 10:40:00
1775558700,1.1553,1.15534,1.15494,1.15494,1095.0,2026-04-07 10:45:00
1775559000,1.15495,1.15516,1.15482,1.15492,819.0,2026-04-07 10:50:00
1775559300,1.15491,1.15546,1.15491,1.15543,944.0,2026-04-07 10:55:00
1775559600,1.15543,1.15543,1.15506,1.15506,729.0,2026-04-07 11:00:00
1775559900,1.15508,1.15522,1.15488,1.15498,620.0,2026-04-07 11:05:00
1775560200,1.15497,1.155,1.15482,1.1549,492.0,2026-04-07 11:10:00
1775560500,1.1549,1.15524,1.1549,1.15518,579.0,2026-04-07 11:15:00
1775560800,1.15519,1.15546,1.15509,1.15528,628.0,2026-04-07 11:20:00
1775561100,1.15529,1.15567,1.15528,1.15541,566.0,2026-04-07 11:25:00
1775561400,1.1554,1.1554,1.15508,1.15525,395.0,2026-04-07 11:30:00
1775561700,1.15526,1.15598,1.15521,1.1556,1134.0,2026-04-07 11:35:00
1775562000,1.1556,1.15621,1.15546,1.1562,657.0,2026-04-07 11:40:00
1775562300,1.1562,1.1562,1.15584,1.15585,475.0,2026-04-07 11:45:00
1775562600,1.15584,1.15584,1.15572,1.15575,514.0,2026-04-07 11:50:00
1775562900,1.15574,1.15602,1.15567,1.15602,441.0,2026-04-07 11:55:00
1775563200,1.15602,1.15619,1.15592,1.15607,409.0,2026-04-07 12:00:00
1775563500,1.15608,1.15662,1.15542,1.15566,2308.0,2026-04-07 12:05:00
1775563800,1.15567,1.15578,1.15543,1.15561,1028.0,2026-04-07 12:10:00
1775564100,1.1556,1.15616,1.1554,1.15601,1248.0,2026-04-07 12:15:00
1775564400,1.156,1.15646,1.15596,1.15598,1290.0,2026-04-07 12:20:00
1775564700,1.15597,1.15624,1.15597,1.15612,464.0,2026-04-07 12:25:00
1775565000,1.15612,1.15643,1.15602,1.1563,564.0,2026-04-07 12:30:00
1775565300,1.15628,1.15664,1.15616,1.1566,608.0,2026-04-07 12:35:00
1775565600,1.15658,1.15672,1.1564,1.15646,543.0,2026-04-07 12:40:00
1775565900,1.15646,1.15651,1.15592,1.15593,478.0,2026-04-07 12:45:00
1775566200,1.15592,1.1565,1.15576,1.15635,626.0,2026-04-07 12:50:00
1775566500,1.15634,1.15698,1.15603,1.15606,1436.0,2026-04-07 12:55:00
1775566800,1.15604,1.15644,1.15594,1.15631,838.0,2026-04-07 13:00:00
1775567100,1.1563,1.15648,1.15614,1.15618,908.0,2026-04-07 13:05:00
1775567400,1.15618,1.15634,1.15596,1.1563,1160.0,2026-04-07 13:10:00
1775567700,1.15631,1.15644,1.15606,1.1563,849.0,2026-04-07 13:15:00
1775568000,1.15631,1.15648,1.15626,1.15642,574.0,2026-04-07 13:20:00
1775568300,1.15642,1.1565,1.15592,1.15597,838.0,2026-04-07 13:25:00
1775568600,1.15598,1.1562,1.1556,1.15588,1356.0,2026-04-07 13:30:00
1775568900,1.15588,1.1564,1.15578,1.15586,1264.0,2026-04-07 13:35:00
1775569200,1.15584,1.15613,1.15572,1.15602,969.0,2026-04-07 13:40:00
1775569500,1.15603,1.15648,1.15596,1.15644,702.0,2026-04-07 13:45:00
1775569800,1.15643,1.15648,1.15616,1.15642,886.0,2026-04-07 13:50:00
1775570100,1.15642,1.1565,1.15628,1.15638,761.0,2026-04-07 13:55:00
1775570400,1.15637,1.1565,1.1559,1.156,1107.0,2026-04-07 14:00:00
1775570700,1.15599,1.15666,1.15596,1.15632,1111.0,2026-04-07 14:05:00
1775571000,1.15632,1.15644,1.15602,1.15621,828.0,2026-04-07 14:10:00
1775571300,1.15622,1.15628,1.15584,1.15626,874.0,2026-04-07 14:15:00
1775571600,1.15627,1.1573,1.15624,1.15706,1341.0,2026-04-07 14:20:00
1775571900,1.15706,1.15734,1.15695,1.15726,1069.0,2026-04-07 14:25:00
1775572200,1.15726,1.15786,1.15713,1.15776,1164.0,2026-04-07 14:30:00
1775572500,1.15776,1.15813,1.15734,1.1578,1600.0,2026-04-07 14:35:00
1775572800,1.1578,1.158,1.15768,1.15786,978.0,2026-04-07 14:40:00
1775573100,1.15786,1.15836,1.1575,1.15779,1783.0,2026-04-07 14:45:00
1775573400,1.1578,1.15796,1.1575,1.1575,1062.0,2026-04-07 14:50:00
1775573700,1.15751,1.15763,1.15711,1.1572,1365.0,2026-04-07 14:55:00
1775574000,1.1572,1.15735,1.15698,1.15717,1317.0,2026-04-07 15:00:00
1775574300,1.15716,1.15716,1.1566,1.15664,1115.0,2026-04-07 15:05:00
1775574600,1.15664,1.1571,1.1566,1.15705,961.0,2026-04-07 15:10:00
1775574900,1.15704,1.15786,1.15694,1.15748,1880.0,2026-04-07 15:15:00
1775575200,1.15748,1.15748,1.15702,1.15719,956.0,2026-04-07 15:20:00
1775575500,1.1572,1.15758,1.15719,1.15742,1049.0,2026-04-07 15:25:00
1775575800,1.15743,1.15751,1.15718,1.15724,765.0,2026-04-07 15:30:00
1775576100,1.15723,1.15752,1.15722,1.15728,688.0,2026-04-07 15:35:00
1775576400,1.15727,1.15734,1.15678,1.15682,619.0,2026-04-07 15:40:00
1775576700,1.15684,1.15709,1.1568,1.15704,577.0,2026-04-07 15:45:00
1775577000,1.15704,1.15753,1.15692,1.15738,723.0,2026-04-07 15:50:00
1775577300,1.15736,1.15783,1.1571,1.1571,1373.0,2026-04-07 15:55:00
1775577600,1.15713,1.15797,1.15708,1.15768,2089.0,2026-04-07 16:00:00
1775577900,1.15768,1.15784,1.15751,1.15753,1112.0,2026-04-07 16:05:00
1775578200,1.15752,1.15758,1.15732,1.15752,800.0,2026-04-07 16:10:00
1775578500,1.15751,1.15756,1.15716,1.15729,698.0,2026-04-07 16:15:00
1775578800,1.15728,1.15786,1.15712,1.15737,1601.0,2026-04-07 16:20:00
1775579100,1.15737,1.15767,1.1572,1.15754,1456.0,2026-04-07 16:25:00
1775579400,1.15753,1.15776,1.15748,1.15764,848.0,2026-04-07 16:30:00
1775579700,1.15764,1.15774,1.15737,1.15747,537.0,2026-04-07 16:35:00
1775580000,1.15747,1.15759,1.15738,1.1575,451.0,2026-04-07 16:40:00
1775580300,1.1575,1.1577,1.1575,1.15752,421.0,2026-04-07 16:45:00
1775580600,1.15754,1.15754,1.157,1.15704,651.0,2026-04-07 16:50:00
1775580900,1.15702,1.15718,1.15698,1.15716,533.0,2026-04-07 16:55:00
1775581200,1.15716,1.15754,1.1571,1.15747,763.0,2026-04-07 17:00:00
1775581500,1.15748,1.15751,1.15698,1.15698,573.0,2026-04-07 17:05:00
1775581800,1.15698,1.15708,1.15679,1.15704,472.0,2026-04-07 17:10:00
1775582100,1.15702,1.15704,1.15675,1.1568,401.0,2026-04-07 17:15:00
1775582400,1.1568,1.15684,1.15664,1.15682,446.0,2026-04-07 17:20:00
1775582700,1.15681,1.15688,1.15666,1.15686,403.0,2026-04-07 17:25:00
1775583000,1.15686,1.15734,1.15686,1.15731,690.0,2026-04-07 17:30:00
1775583300,1.15732,1.15796,1.15731,1.1577,1490.0,2026-04-07 17:35:00
1775583600,1.15768,1.15774,1.15754,1.15758,686.0,2026-04-07 17:40:00
1775583900,1.15759,1.15764,1.15734,1.15759,672.0,2026-04-07 17:45:00
1775584200,1.1576,1.15792,1.15756,1.15778,408.0,2026-04-07 17:50:00
1775584500,1.1578,1.15782,1.15757,1.15776,442.0,2026-04-07 17:55:00
1775584800,1.15777,1.15798,1.15773,1.15776,651.0,2026-04-07 18:00:00
1775585100,1.15776,1.15785,1.15771,1.15778,400.0,2026-04-07 18:05:00
1775585400,1.15779,1.15796,1.15774,1.15795,382.0,2026-04-07 18:10:00
1775585700,1.15793,1.15798,1.15784,1.15797,337.0,2026-04-07 18:15:00
1775586000,1.15798,1.1583,1.15797,1.15822,602.0,2026-04-07 18:20:00
1775586300,1.15821,1.15826,1.15806,1.15822,546.0,2026-04-07 18:25:00
1775586600,1.15822,1.15831,1.1581,1.15824,419.0,2026-04-07 18:30:00
1775586900,1.15824,1.15828,1.15788,1.1579,385.0,2026-04-07 18:35:00
1775587200,1.15789,1.1579,1.15767,1.15778,376.0,2026-04-07 18:40:00
1775587500,1.15776,1.15777,1.15754,1.1577,448.0,2026-04-07 18:45:00
1775587800,1.15771,1.15771,1.15744,1.15744,396.0,2026-04-07 18:50:00
1775588100,1.15744,1.1576,1.15716,1.15748,706.0,2026-04-07 18:55:00
1775588400,1.15747,1.15764,1.15734,1.15752,550.0,2026-04-07 19:00:00
1775588700,1.15752,1.15796,1.15731,1.1575,1115.0,2026-04-07 19:05:00
1775589000,1.1575,1.1578,1.1575,1.15768,619.0,2026-04-07 19:10:00
1775589300,1.15769,1.15899,1.15765,1.15886,2137.0,2026-04-07 19:15:00
1775589600,1.15884,1.15908,1.15839,1.15854,2120.0,2026-04-07 19:20:00
1775589900,1.15854,1.15855,1.15829,1.15844,1185.0,2026-04-07 19:25:00
1775590200,1.15844,1.1585,1.15829,1.15845,641.0,2026-04-07 19:30:00
1775590500,1.15844,1.15856,1.15835,1.15852,583.0,2026-04-07 19:35:00
1775590800,1.1585,1.15902,1.1584,1.15863,829.0,2026-04-07 19:40:00
1775591100,1.15862,1.16018,1.15856,1.1595,4298.0,2026-04-07 19:45:00
1775591400,1.15952,1.15999,1.15948,1.15984,2026.0,2026-04-07 19:50:00
1775591700,1.15986,1.16004,1.15944,1.15952,1002.0,2026-04-07 19:55:00
1775592000,1.15952,1.1597,1.15925,1.15968,808.0,2026-04-07 20:00:00
1775592300,1.15971,1.15993,1.1595,1.15992,670.0,2026-04-07 20:05:00
1775592600,1.1599,1.1602,1.15989,1.16017,476.0,2026-04-07 20:10:00
1775592900,1.16018,1.16052,1.16,1.16034,855.0,2026-04-07 20:15:00
1775593200,1.16034,1.16039,1.16018,1.16027,347.0,2026-04-07 20:20:00
1775593500,1.16026,1.16027,1.15992,1.15994,541.0,2026-04-07 20:25:00
1775593800,1.15994,1.16008,1.1599,1.15993,518.0,2026-04-07 20:30:00
1775594100,1.15994,1.16,1.15969,1.15985,457.0,2026-04-07 20:35:00
1775594400,1.15984,1.16029,1.15974,1.1598,1170.0,2026-04-07 20:40:00
1775594700,1.1598,1.15984,1.15953,1.15956,477.0,2026-04-07 20:45:00
1775595000,1.15956,1.1597,1.15942,1.15964,518.0,2026-04-07 20:50:00
1775595300,1.15966,1.15994,1.15962,1.15976,724.0,2026-04-07 20:55:00
1775595600,1.15962,1.15962,1.15962,1.15962,1.0,2026-04-07 21:00:00
1775595900,1.15964,1.16033,1.15956,1.15996,124.0,2026-04-07 21:05:00
1775596200,1.15992,1.16005,1.15978,1.15996,165.0,2026-04-07 21:10:00
1775596500,1.15993,1.15999,1.1598,1.15984,164.0,2026-04-07 21:15:00
1775596800,1.15982,1.16011,1.1598,1.15995,103.0,2026-04-07 21:20:00
1775597100,1.15994,1.16009,1.15994,1.16009,57.0,2026-04-07 21:25:00
1775597400,1.1601,1.16024,1.15995,1.16013,92.0,2026-04-07 21:30:00
1775597700,1.16012,1.16024,1.1599,1.1599,81.0,2026-04-07 21:35:00
1775598000,1.1599,1.16008,1.15988,1.1599,60.0,2026-04-07 21:40:00
1775598300,1.1599,1.16012,1.1599,1.16007,83.0,2026-04-07 21:45:00
1775598600,1.16008,1.16014,1.15978,1.15979,115.0,2026-04-07 21:50:00
1775598900,1.15978,1.16008,1.15978,1.16,250.0,2026-04-07 21:55:00
1775599200,1.16002,1.16168,1.15992,1.16162,854.0,2026-04-07 22:00:00
1775599500,1.1616,1.16196,1.16154,1.16182,949.0,2026-04-07 22:05:00
1775599800,1.1618,1.16183,1.16122,1.16124,553.0,2026-04-07 22:10:00
1775600100,1.16123,1.16126,1.16098,1.16113,405.0,2026-04-07 22:15:00
1775600400,1.16112,1.16134,1.16095,1.16123,381.0,2026-04-07 22:20:00
1775600700,1.16123,1.16135,1.16111,1.16131,425.0,2026-04-07 22:25:00
1775601000,1.1613,1.16306,1.15889,1.16274,3782.0,2026-04-07 22:30:00
1775601300,1.16271,1.16502,1.16267,1.16496,3560.0,2026-04-07 22:35:00
1775601600,1.16496,1.16531,1.16374,1.16433,2894.0,2026-04-07 22:40:00
1775601900,1.16433,1.16485,1.16382,1.16448,2029.0,2026-04-07 22:45:00
1775602200,1.16448,1.16584,1.16428,1.16542,2552.0,2026-04-07 22:50:00
1775602500,1.16542,1.16698,1.16542,1.1668,3094.0,2026-04-07 22:55:00
1775602800,1.16682,1.16756,1.16626,1.16733,3338.0,2026-04-07 23:00:00
1775603100,1.16732,1.16734,1.16632,1.16662,3108.0,2026-04-07 23:05:00
1775603400,1.16662,1.16723,1.16614,1.16695,2437.0,2026-04-07 23:10:00
1775603700,1.16696,1.16809,1.16666,1.16788,2137.0,2026-04-07 23:15:00
1775604000,1.16788,1.16876,1.16782,1.16831,2624.0,2026-04-07 23:20:00
1775604300,1.1683,1.1688,1.16744,1.16762,2813.0,2026-04-07 23:25:00
1775604600,1.16764,1.16828,1.16737,1.16748,2209.0,2026-04-07 23:30:00
1775604900,1.16748,1.16817,1.16715,1.16816,1961.0,2026-04-07 23:35:00
1775605200,1.16816,1.16869,1.16788,1.1686,1722.0,2026-04-07 23:40:00
1775605500,1.1686,1.16903,1.16837,1.16866,1515.0,2026-04-07 23:45:00
1775605800,1.16866,1.16897,1.16842,1.16846,1940.0,2026-04-07 23:50:00
1775606100,1.16846,1.16872,1.16818,1.16862,2041.0,2026-04-07 23:55:00
1775606400,1.16863,1.1697,1.16838,1.16856,4467.0,2026-04-08 00:00:00
1775606700,1.16856,1.16885,1.16755,1.16794,3911.0,2026-04-08 00:05:00
1775607000,1.16793,1.16876,1.1677,1.1679,3203.0,2026-04-08 00:10:00
1775607300,1.16792,1.16797,1.16701,1.16718,3191.0,2026-04-08 00:15:00
1775607600,1.16719,1.16782,1.16706,1.16746,2501.0,2026-04-08 00:20:00
1775607900,1.16746,1.1678,1.16732,1.1675,2416.0,2026-04-08 00:25:00
1775608200,1.16751,1.16771,1.16694,1.16708,2575.0,2026-04-08 00:30:00
1775608500,1.16707,1.16732,1.16662,1.16695,2381.0,2026-04-08 00:35:00
1775608800,1.16696,1.1671,1.16667,1.16668,1847.0,2026-04-08 00:40:00
1775609100,1.16668,1.16764,1.16661,1.16737,1858.0,2026-04-08 00:45:00
1775609400,1.16738,1.16764,1.16696,1.16698,1627.0,2026-04-08 00:50:00
1775609700,1.16698,1.16734,1.16686,1.16718,1222.0,2026-04-08 00:55:00
1775610000,1.16718,1.16776,1.16712,1.16756,1936.0,2026-04-08 01:00:00
1775610300,1.16756,1.16798,1.16734,1.16775,1633.0,2026-04-08 01:05:00
1775610600,1.16778,1.16838,1.16766,1.16782,1832.0,2026-04-08 01:10:00
1775610900,1.16781,1.1682,1.16755,1.16812,2068.0,2026-04-08 01:15:00
1775611200,1.16812,1.16844,1.16788,1.16832,1333.0,2026-04-08 01:20:00
1775611500,1.16834,1.16884,1.16834,1.16866,1401.0,2026-04-08 01:25:00
1775611800,1.16866,1.16868,1.16769,1.1679,1690.0,2026-04-08 01:30:00
1775612100,1.1679,1.16806,1.1675,1.16784,1297.0,2026-04-08 01:35:00
1775612400,1.16785,1.16812,1.16761,1.16807,1140.0,2026-04-08 01:40:00
1775612700,1.16808,1.16828,1.16794,1.16821,1032.0,2026-04-08 01:45:00
1775613000,1.16822,1.16846,1.1678,1.16794,993.0,2026-04-08 01:50:00
1775613300,1.16794,1.16796,1.16747,1.16754,594.0,2026-04-08 01:55:00
1775613600,1.16754,1.16824,1.16754,1.16804,1376.0,2026-04-08 02:00:00
1775613900,1.16804,1.16821,1.16765,1.16779,1007.0,2026-04-08 02:05:00
1775614200,1.16778,1.16788,1.16754,1.16765,870.0,2026-04-08 02:10:00
1775614500,1.16763,1.1677,1.16737,1.1674,512.0,2026-04-08 02:15:00
1775614800,1.16739,1.1675,1.16692,1.167,724.0,2026-04-08 02:20:00
1775615100,1.16698,1.1674,1.16688,1.16738,810.0,2026-04-08 02:25:00
1775615400,1.16738,1.16754,1.16708,1.16724,799.0,2026-04-08 02:30:00
1775615700,1.16725,1.16734,1.16709,1.16714,661.0,2026-04-08 02:35:00
1775616000,1.16714,1.16728,1.16708,1.16716,493.0,2026-04-08 02:40:00
1775616300,1.16716,1.16719,1.167,1.16706,567.0,2026-04-08 02:45:00
1775616600,1.16704,1.16728,1.16697,1.16703,421.0,2026-04-08 02:50:00
1775616900,1.16702,1.16739,1.16696,1.16737,619.0,2026-04-08 02:55:00
1775617200,1.16739,1.16746,1.16708,1.16713,655.0,2026-04-08 03:00:00
1775617500,1.16713,1.16734,1.16705,1.16717,519.0,2026-04-08 03:05:00
1775617800,1.16718,1.16749,1.16718,1.16742,467.0,2026-04-08 03:10:00
1775618100,1.16743,1.1676,1.16726,1.16726,443.0,2026-04-08 03:15:00
1775618400,1.16725,1.16726,1.16676,1.1669,504.0,2026-04-08 03:20:00
1775618700,1.1669,1.16695,1.16672,1.16692,555.0,2026-04-08 03:25:00
1775619000,1.16691,1.16706,1.16672,1.16686,478.0,2026-04-08 03:30:00
1775619300,1.16686,1.16712,1.16662,1.16683,464.0,2026-04-08 03:35:00
1775619600,1.16683,1.16724,1.16682,1.16703,644.0,2026-04-08 03:40:00
1775619900,1.16702,1.16712,1.16688,1.16711,445.0,2026-04-08 03:45:00
1775620200,1.16712,1.16724,1.16694,1.16702,498.0,2026-04-08 03:50:00
1775620500,1.16704,1.16716,1.1669,1.16707,560.0,2026-04-08 03:55:00
1775620800,1.16708,1.16759,1.16708,1.1675,699.0,2026-04-08 04:00:00
1775621100,1.16751,1.16782,1.1675,1.16782,378.0,2026-04-08 04:05:00
1775621400,1.16781,1.16788,1.16768,1.16785,657.0,2026-04-08 04:10:00
1775621700,1.16786,1.1681,1.16782,1.16803,578.0,2026-04-08 04:15:00
1775622000,1.168,1.168,1.1675,1.16763,748.0,2026-04-08 04:20:00
1775622300,1.16762,1.16784,1.16758,1.16779,515.0,2026-04-08 04:25:00
1775622600,1.1678,1.16805,1.16778,1.16801,535.0,2026-04-08 04:30:00
1775622900,1.168,1.16807,1.16783,1.1679,413.0,2026-04-08 04:35:00
1775623200,1.1679,1.16798,1.16754,1.16775,462.0,2026-04-08 04:40:00
1775623500,1.16776,1.16792,1.16768,1.16772,493.0,2026-04-08 04:45:00
1775623800,1.16772,1.16775,1.16754,1.16764,668.0,2026-04-08 04:50:00
1775624100,1.16766,1.16774,1.1674,1.16763,636.0,2026-04-08 04:55:00
1775624400,1.16764,1.16783,1.16742,1.16759,820.0,2026-04-08 05:00:00
1775624700,1.1676,1.16794,1.16758,1.16769,878.0,2026-04-08 05:05:00
1775625000,1.1677,1.16786,1.16721,1.16774,835.0,2026-04-08 05:10:00
1775625300,1.16774,1.16812,1.1676,1.1681,657.0,2026-04-08 05:15:00
1775625600,1.1681,1.16872,1.16803,1.16868,687.0,2026-04-08 05:20:00
1775625900,1.16867,1.16877,1.16844,1.16858,762.0,2026-04-08 05:25:00
1775626200,1.16857,1.16881,1.16839,1.16872,787.0,2026-04-08 05:30:00
1775626500,1.16871,1.16888,1.16854,1.1688,765.0,2026-04-08 05:35:00
1775626800,1.16879,1.16915,1.16878,1.16893,600.0,2026-04-08 05:40:00
1775627100,1.1689,1.16954,1.16876,1.16954,730.0,2026-04-08 05:45:00
1775627400,1.16954,1.17086,1.16952,1.17006,1659.0,2026-04-08 05:50:00
1775627700,1.17007,1.17011,1.1691,1.16916,1241.0,2026-04-08 05:55:00
1775628000,1.16915,1.16918,1.16846,1.1687,1256.0,2026-04-08 06:00:00
1775628300,1.1687,1.16898,1.16852,1.16859,1123.0,2026-04-08 06:05:00
1775628600,1.16858,1.16897,1.16856,1.16896,1131.0,2026-04-08 06:10:00
1775628900,1.16894,1.1692,1.16888,1.16908,1110.0,2026-04-08 06:15:00
1775629200,1.16908,1.16936,1.1686,1.16928,1061.0,2026-04-08 06:20:00
1775629500,1.16928,1.17048,1.16928,1.1703,1506.0,2026-04-08 06:25:00
1775629800,1.17031,1.17032,1.16971,1.16976,1552.0,2026-04-08 06:30:00
1775630100,1.16978,1.17068,1.16972,1.17065,1107.0,2026-04-08 06:35:00
1775630400,1.17066,1.17085,1.17025,1.17046,1123.0,2026-04-08 06:40:00
1775630700,1.17046,1.17078,1.17016,1.17016,1172.0,2026-04-08 06:45:00
1775631000,1.17017,1.17018,1.16904,1.16928,1267.0,2026-04-08 06:50:00
1775631300,1.16928,1.1699,1.16927,1.16962,1026.0,2026-04-08 06:55:00
1775631600,1.16965,1.16972,1.16881,1.16888,1545.0,2026-04-08 07:00:00
1775631900,1.1689,1.16916,1.16838,1.16856,1436.0,2026-04-08 07:05:00
1775632200,1.16855,1.16857,1.1679,1.16816,1401.0,2026-04-08 07:10:00
1775632500,1.16816,1.16892,1.16797,1.16892,909.0,2026-04-08 07:15:00
1775632800,1.16891,1.16934,1.16888,1.16923,1051.0,2026-04-08 07:20:00
1775633100,1.16922,1.1697,1.16914,1.16952,740.0,2026-04-08 07:25:00
1775633400,1.16952,1.16952,1.16902,1.16922,966.0,2026-04-08 07:30:00
1775633700,1.16921,1.16948,1.1689,1.16895,950.0,2026-04-08 07:35:00
1775634000,1.16896,1.16948,1.16887,1.16947,1056.0,2026-04-08 07:40:00
1775634300,1.16948,1.16998,1.16934,1.16966,1053.0,2026-04-08 07:45:00
1775634600,1.16966,1.17003,1.1695,1.1699,879.0,2026-04-08 07:50:00
1775634900,1.16991,1.17,1.16946,1.16956,778.0,2026-04-08 07:55:00
1775635200,1.16956,1.16968,1.16917,1.16956,1099.0,2026-04-08 08:00:00
1775635500,1.16955,1.16993,1.16891,1.16891,870.0,2026-04-08 08:05:00
1775635800,1.16892,1.16898,1.16852,1.1687,1210.0,2026-04-08 08:10:00
1775636100,1.16868,1.16896,1.1686,1.16877,830.0,2026-04-08 08:15:00
1775636400,1.16878,1.16888,1.16844,1.16861,752.0,2026-04-08 08:20:00
1775636700,1.16862,1.16912,1.16816,1.1685,965.0,2026-04-08 08:25:00
1775637000,1.1685,1.16866,1.1682,1.1683,770.0,2026-04-08 08:30:00
1775637300,1.1683,1.16865,1.16815,1.16849,1796.0,2026-04-08 08:35:00
1775637600,1.16854,1.16856,1.16689,1.16776,1850.0,2026-04-08 08:40:00
1775637900,1.16777,1.16818,1.16768,1.16796,1050.0,2026-04-08 08:45:00
1775638200,1.16796,1.16844,1.16796,1.16801,935.0,2026-04-08 08:50:00
1775638500,1.16799,1.16834,1.16794,1.16812,554.0,2026-04-08 08:55:00
1775638800,1.16814,1.16853,1.16801,1.16848,997.0,2026-04-08 09:00:00
1775639100,1.16846,1.16868,1.1682,1.16862,834.0,2026-04-08 09:05:00
1775639400,1.16861,1.16874,1.16828,1.16845,629.0,2026-04-08 09:10:00
1775639700,1.16846,1.16894,1.1683,1.16882,840.0,2026-04-08 09:15:00
1775640000,1.16881,1.16883,1.16802,1.16814,868.0,2026-04-08 09:20:00
1775640300,1.16816,1.16829,1.16794,1.16822,664.0,2026-04-08 09:25:00
1775640600,1.16823,1.16848,1.16808,1.16818,722.0,2026-04-08 09:30:00
1775640900,1.1682,1.16857,1.16805,1.16856,851.0,2026-04-08 09:35:00
1775641200,1.16857,1.16858,1.16781,1.16785,959.0,2026-04-08 09:40:00
1775641500,1.16786,1.16838,1.1678,1.16838,807.0,2026-04-08 09:45:00
1775641800,1.16839,1.16868,1.1681,1.16846,937.0,2026-04-08 09:50:00
1775642100,1.16846,1.16848,1.16786,1.16796,901.0,2026-04-08 09:55:00
1775642400,1.16795,1.1681,1.16786,1.16802,874.0,2026-04-08 10:00:00
1775642700,1.16802,1.16824,1.16776,1.16815,703.0,2026-04-08 10:05:00
1775643000,1.16814,1.16864,1.16808,1.16863,651.0,2026-04-08 10:10:00
1775643300,1.16862,1.16869,1.16834,1.16851,850.0,2026-04-08 10:15:00
1775643600,1.1685,1.16868,1.16834,1.16852,601.0,2026-04-08 10:20:00
1775643900,1.16851,1.16864,1.1685,1.16857,401.0,2026-04-08 10:25:00
1775644200,1.16858,1.16886,1.16853,1.16876,449.0,2026-04-08 10:30:00
1775644500,1.16878,1.16894,1.16846,1.16864,646.0,2026-04-08 10:35:00
1775644800,1.16862,1.16881,1.16843,1.16881,712.0,2026-04-08 10:40:00
1775645100,1.1688,1.16896,1.16858,1.16858,628.0,2026-04-08 10:45:00
1775645400,1.16858,1.16875,1.16847,1.16866,483.0,2026-04-08 10:50:00
1775645700,1.16866,1.16925,1.16863,1.16903,644.0,2026-04-08 10:55:00
1775646000,1.16902,1.16914,1.16854,1.16911,813.0,2026-04-08 11:00:00
1775646300,1.16913,1.16928,1.16888,1.16928,718.0,2026-04-08 11:05:00
1775646600,1.16928,1.16969,1.16928,1.1696,515.0,2026-04-08 11:10:00
1775646900,1.16959,1.17,1.1695,1.16998,430.0,2026-04-08 11:15:00
1775647200,1.17,1.17038,1.16979,1.1703,959.0,2026-04-08 11:20:00
1775647500,1.17031,1.17104,1.17029,1.17074,1156.0,2026-04-08 11:25:00
1775647800,1.17071,1.17077,1.17046,1.17058,1405.0,2026-04-08 11:30:00
1775648100,1.17057,1.17057,1.16944,1.16964,984.0,2026-04-08 11:35:00
1775648400,1.16962,1.17001,1.16962,1.16998,1049.0,2026-04-08 11:40:00
1775648700,1.16999,1.17048,1.16988,1.17034,664.0,2026-04-08 11:45:00
1775649000,1.17034,1.17046,1.17016,1.17016,701.0,2026-04-08 11:50:00
1775649300,1.17017,1.17036,1.16995,1.17002,853.0,2026-04-08 11:55:00
1775649600,1.17004,1.17035,1.16998,1.1703,802.0,2026-04-08 12:00:00
1775649900,1.17031,1.17106,1.17026,1.17062,1035.0,2026-04-08 12:05:00
1775650200,1.17062,1.1709,1.17052,1.17068,1264.0,2026-04-08 12:10:00
1775650500,1.17069,1.17078,1.1699,1.16998,1411.0,2026-04-08 12:15:00
1775650800,1.16996,1.17015,1.16881,1.16942,4144.0,2026-04-08 12:20:00
1775651100,1.16944,1.17014,1.16918,1.17006,2079.0,2026-04-08 12:25:00
1775651400,1.17004,1.17065,1.17004,1.17056,937.0,2026-04-08 12:30:00
1775651700,1.17056,1.17101,1.1704,1.17086,909.0,2026-04-08 12:35:00
1775652000,1.17084,1.1715,1.17074,1.17146,1023.0,2026-04-08 12:40:00
1775652300,1.17145,1.17167,1.17133,1.17158,928.0,2026-04-08 12:45:00
1775652600,1.17156,1.17172,1.17134,1.17167,802.0,2026-04-08 12:50:00
1775652900,1.1717,1.17182,1.17131,1.17141,779.0,2026-04-08 12:55:00
1775653200,1.1714,1.17218,1.17124,1.17179,1068.0,2026-04-08 13:00:00
1775653500,1.17178,1.17208,1.17135,1.17178,1226.0,2026-04-08 13:05:00
1775653800,1.1718,1.1718,1.17101,1.17121,988.0,2026-04-08 13:10:00
1775654100,1.17121,1.17153,1.17108,1.17128,999.0,2026-04-08 13:15:00
1775654400,1.17126,1.1715,1.1707,1.1714,1051.0,2026-04-08 13:20:00
1775654700,1.17143,1.17148,1.17027,1.17038,1178.0,2026-04-08 13:25:00
1775655000,1.17037,1.17052,1.1696,1.16967,2028.0,2026-04-08 13:30:00
1775655300,1.16968,1.16972,1.1687,1.16914,2424.0,2026-04-08 13:35:00
1775655600,1.16914,1.16942,1.16883,1.16932,2106.0,2026-04-08 13:40:00
1775655900,1.16932,1.1699,1.1692,1.16976,1665.0,2026-04-08 13:45:00
1775656200,1.16974,1.16974,1.16886,1.16905,2047.0,2026-04-08 13:50:00
1775656500,1.16904,1.16959,1.16894,1.16942,1548.0,2026-04-08 13:55:00
1775656800,1.16941,1.16998,1.1694,1.16978,1354.0,2026-04-08 14:00:00
1775657100,1.16979,1.1701,1.16906,1.16976,2083.0,2026-04-08 14:05:00
1775657400,1.16978,1.17014,1.16959,1.16964,1337.0,2026-04-08 14:10:00
1775657700,1.16962,1.16982,1.16932,1.16956,1519.0,2026-04-08 14:15:00
1775658000,1.16958,1.17008,1.16949,1.17001,1617.0,2026-04-08 14:20:00
1775658300,1.17004,1.17034,1.16968,1.1697,1359.0,2026-04-08 14:25:00
1775658600,1.1697,1.16976,1.16901,1.16956,1968.0,2026-04-08 14:30:00
1775658900,1.16955,1.1697,1.16914,1.16954,1350.0,2026-04-08 14:35:00
1775659200,1.16956,1.1698,1.16948,1.16974,1245.0,2026-04-08 14:40:00
1775659500,1.16974,1.17022,1.16947,1.16997,1577.0,2026-04-08 14:45:00
1775659800,1.16999,1.1702,1.16958,1.16988,1594.0,2026-04-08 14:50:00
1775660100,1.1699,1.16994,1.16894,1.16944,2468.0,2026-04-08 14:55:00
1775660400,1.16946,1.16964,1.1692,1.16954,1507.0,2026-04-08 15:00:00
1775660700,1.16955,1.1696,1.16878,1.1688,1157.0,2026-04-08 15:05:00
1775661000,1.16876,1.16881,1.16842,1.16868,1176.0,2026-04-08 15:10:00
1775661300,1.16868,1.16929,1.16854,1.16929,1192.0,2026-04-08 15:15:00
1775661600,1.1693,1.16942,1.16914,1.16932,917.0,2026-04-08 15:20:00
1775661900,1.16934,1.16938,1.1688,1.16882,985.0,2026-04-08 15:25:00
1775662200,1.16883,1.16932,1.16873,1.16922,1159.0,2026-04-08 15:30:00
1775662500,1.16922,1.16964,1.1689,1.16958,1120.0,2026-04-08 15:35:00
1775662800,1.16958,1.16966,1.16902,1.16908,699.0,2026-04-08 15:40:00
1775663100,1.16908,1.16924,1.169,1.16919,671.0,2026-04-08 15:45:00
1775663400,1.1692,1.16929,1.1691,1.16918,604.0,2026-04-08 15:50:00
1775663700,1.16919,1.16925,1.16857,1.16862,778.0,2026-04-08 15:55:00
1775664000,1.16863,1.16887,1.16812,1.16828,1175.0,2026-04-08 16:00:00
1775664300,1.16826,1.16842,1.16807,1.16828,1183.0,2026-04-08 16:05:00
1775664600,1.16829,1.16855,1.16819,1.16835,779.0,2026-04-08 16:10:00
1775664900,1.16836,1.16843,1.1679,1.16812,945.0,2026-04-08 16:15:00
1775665200,1.16812,1.1682,1.16788,1.16818,878.0,2026-04-08 16:20:00
1775665500,1.16819,1.16822,1.16788,1.168,1093.0,2026-04-08 16:25:00
1775665800,1.16802,1.1682,1.16784,1.16811,899.0,2026-04-08 16:30:00
1775666100,1.16812,1.16819,1.16795,1.16813,754.0,2026-04-08 16:35:00
1775666400,1.16812,1.16822,1.1677,1.16791,608.0,2026-04-08 16:40:00
1775666700,1.1679,1.1681,1.16778,1.168,678.0,2026-04-08 16:45:00
1775667000,1.168,1.16818,1.16796,1.16808,401.0,2026-04-08 16:50:00
1775667300,1.1681,1.16829,1.1681,1.16818,515.0,2026-04-08 16:55:00
1775667600,1.16817,1.16848,1.16812,1.16812,534.0,2026-04-08 17:00:00
1775667900,1.16811,1.16819,1.16786,1.16817,381.0,2026-04-08 17:05:00
1775668200,1.16816,1.16853,1.16814,1.16851,576.0,2026-04-08 17:10:00
1775668500,1.16852,1.16854,1.16772,1.16776,477.0,2026-04-08 17:15:00
1775668800,1.16774,1.16778,1.16712,1.16726,1261.0,2026-04-08 17:20:00
1775669100,1.16728,1.16759,1.1671,1.16758,993.0,2026-04-08 17:25:00
1775669400,1.16756,1.16768,1.1673,1.16738,876.0,2026-04-08 17:30:00
1775669700,1.16737,1.16737,1.1669,1.16704,1088.0,2026-04-08 17:35:00
1775670000,1.16704,1.16744,1.16692,1.16742,1088.0,2026-04-08 17:40:00
1775670300,1.16742,1.16746,1.1672,1.16727,596.0,2026-04-08 17:45:00
1775670600,1.16726,1.16744,1.16711,1.1672,394.0,2026-04-08 17:50:00
1775670900,1.1672,1.1675,1.16708,1.1675,300.0,2026-04-08 17:55:00
1775671200,1.1675,1.1676,1.16716,1.16746,763.0,2026-04-08 18:00:00
1775671500,1.16746,1.16783,1.16742,1.16777,535.0,2026-04-08 18:05:00
1775671800,1.16777,1.16789,1.16756,1.16786,686.0,2026-04-08 18:10:00
1775672100,1.16788,1.16802,1.16652,1.16684,1830.0,2026-04-08 18:15:00
1775672400,1.16682,1.16694,1.1665,1.1666,2175.0,2026-04-08 18:20:00
1775672700,1.1666,1.16682,1.16648,1.16658,1319.0,2026-04-08 18:25:00
1775673000,1.16658,1.16685,1.16646,1.16678,825.0,2026-04-08 18:30:00
1775673300,1.1668,1.16684,1.16583,1.16606,1029.0,2026-04-08 18:35:00
1775673600,1.16606,1.16613,1.1657,1.16582,1173.0,2026-04-08 18:40:00
1775673900,1.1658,1.1658,1.16527,1.1653,805.0,2026-04-08 18:45:00
1775674200,1.16532,1.1654,1.16516,1.16526,947.0,2026-04-08 18:50:00
1775674500,1.16527,1.16528,1.165,1.16504,851.0,2026-04-08 18:55:00
1775674800,1.16502,1.16502,1.16434,1.1648,1493.0,2026-04-08 19:00:00
1775675100,1.1648,1.16516,1.16469,1.165,959.0,2026-04-08 19:05:00
1775675400,1.16501,1.16529,1.16498,1.16528,756.0,2026-04-08 19:10:00
1775675700,1.16528,1.16539,1.16478,1.1649,920.0,2026-04-08 19:15:00
1775676000,1.1649,1.16525,1.16484,1.16518,838.0,2026-04-08 19:20:00
1775676300,1.16518,1.1654,1.1651,1.16526,746.0,2026-04-08 19:25:00
1775676600,1.16522,1.16572,1.16522,1.1657,564.0,2026-04-08 19:30:00
1775676900,1.16573,1.16644,1.16564,1.16636,1186.0,2026-04-08 19:35:00
1775677200,1.16638,1.16638,1.1659,1.16602,648.0,2026-04-08 19:40:00
1775677500,1.16602,1.16632,1.16602,1.16616,677.0,2026-04-08 19:45:00
1775677800,1.16616,1.16664,1.16616,1.16655,645.0,2026-04-08 19:50:00
1775678100,1.16656,1.16706,1.16652,1.1668,645.0,2026-04-08 19:55:00
1775678400,1.1668,1.16695,1.16662,1.16662,536.0,2026-04-08 20:00:00
1775678700,1.16661,1.16673,1.16626,1.16672,483.0,2026-04-08 20:05:00
1775679000,1.16673,1.16684,1.16638,1.16641,278.0,2026-04-08 20:10:00
1775679300,1.1664,1.16644,1.16616,1.16618,154.0,2026-04-08 20:15:00
1775679600,1.16617,1.16627,1.16606,1.16614,218.0,2026-04-08 20:20:00
1775679900,1.16614,1.16626,1.16608,1.16625,253.0,2026-04-08 20:25:00
1775680200,1.16623,1.16635,1.16618,1.16634,262.0,2026-04-08 20:30:00
1775680500,1.16636,1.16644,1.1662,1.1663,214.0,2026-04-08 20:35:00
1775680800,1.16632,1.1664,1.1663,1.1663,159.0,2026-04-08 20:40:00
1775681100,1.16631,1.16637,1.16626,1.16637,215.0,2026-04-08 20:45:00
1775681400,1.16636,1.16649,1.16614,1.16614,246.0,2026-04-08 20:50:00
1775681700,1.16619,1.16642,1.16618,1.16622,494.0,2026-04-08 20:55:00
1775682000,1.16615,1.16615,1.16615,1.16615,1.0,2026-04-08 21:00:00
1775682300,1.16611,1.1666,1.16601,1.16654,52.0,2026-04-08 21:05:00
1775682600,1.16652,1.16654,1.16638,1.16638,19.0,2026-04-08 21:10:00
1775682900,1.16638,1.1665,1.16638,1.16649,49.0,2026-04-08 21:15:00
1775683200,1.1665,1.16655,1.1664,1.1664,57.0,2026-04-08 21:20:00
1775683500,1.1664,1.1664,1.16638,1.1664,7.0,2026-04-08 21:25:00
1775683800,1.16638,1.16639,1.16625,1.16632,36.0,2026-04-08 21:30:00
1775684100,1.16632,1.16642,1.16625,1.16638,45.0,2026-04-08 21:35:00
1775684400,1.16639,1.1664,1.16622,1.16623,71.0,2026-04-08 21:40:00
1775684700,1.16623,1.16633,1.16622,1.16631,68.0,2026-04-08 21:45:00
1775685000,1.16632,1.16661,1.16626,1.1666,344.0,2026-04-08 21:50:00
1775685300,1.1666,1.16672,1.16648,1.16662,570.0,2026-04-08 21:55:00
1775685600,1.1666,1.16674,1.16644,1.16668,231.0,2026-04-08 22:00:00
1775685900,1.16669,1.16678,1.16652,1.16662,173.0,2026-04-08 22:05:00
1775686200,1.16664,1.16666,1.16643,1.16644,112.0,2026-04-08 22:10:00
1775686500,1.16644,1.16648,1.16616,1.16621,133.0,2026-04-08 22:15:00
1775686800,1.16622,1.16622,1.166,1.16611,237.0,2026-04-08 22:20:00
1775687100,1.1661,1.16632,1.1661,1.16631,190.0,2026-04-08 22:25:00
1775687400,1.1663,1.1664,1.1661,1.16638,160.0,2026-04-08 22:30:00
1775687700,1.16637,1.16646,1.1663,1.16634,216.0,2026-04-08 22:35:00
1775688000,1.16634,1.16657,1.1662,1.1663,221.0,2026-04-08 22:40:00
1775688300,1.16631,1.16631,1.16622,1.16624,117.0,2026-04-08 22:45:00
1775688600,1.16625,1.16631,1.16622,1.16626,107.0,2026-04-08 22:50:00
1775688900,1.16626,1.16633,1.16621,1.16622,85.0,2026-04-08 22:55:00
1775689200,1.16623,1.16628,1.16614,1.16622,189.0,2026-04-08 23:00:00
1775689500,1.16623,1.16634,1.16622,1.16626,137.0,2026-04-08 23:05:00
1775689800,1.16626,1.1663,1.16611,1.16615,156.0,2026-04-08 23:10:00
1775690100,1.16614,1.16621,1.16608,1.16612,93.0,2026-04-08 23:15:00
1775690400,1.1661,1.16616,1.166,1.16602,100.0,2026-04-08 23:20:00
1775690700,1.16602,1.16602,1.16598,1.166,188.0,2026-04-08 23:25:00
1775691000,1.166,1.16601,1.16582,1.16592,160.0,2026-04-08 23:30:00
1775691300,1.16592,1.16604,1.16592,1.16594,141.0,2026-04-08 23:35:00
1775691600,1.16594,1.16604,1.16592,1.16595,118.0,2026-04-08 23:40:00
1775691900,1.16596,1.16603,1.16588,1.16603,160.0,2026-04-08 23:45:00
1775692200,1.16603,1.1661,1.16585,1.16586,155.0,2026-04-08 23:50:00
1775692500,1.16586,1.16593,1.16576,1.16592,208.0,2026-04-08 23:55:00
1775692800,1.16593,1.16594,1.16548,1.16564,800.0,2026-04-09 00:00:00
1775693100,1.16562,1.16566,1.16534,1.16548,612.0,2026-04-09 00:05:00
1775693400,1.16548,1.16561,1.1653,1.16556,486.0,2026-04-09 00:10:00
1775693700,1.16556,1.16575,1.1655,1.16573,492.0,2026-04-09 00:15:00
1775694000,1.16574,1.16596,1.16568,1.16586,406.0,2026-04-09 00:20:00
1775694300,1.16586,1.16588,1.16566,1.1657,394.0,2026-04-09 00:25:00
1775694600,1.1657,1.16611,1.16568,1.16575,457.0,2026-04-09 00:30:00
1775694900,1.16576,1.16582,1.16568,1.16577,273.0,2026-04-09 00:35:00
1775695200,1.16578,1.16578,1.16568,1.1657,266.0,2026-04-09 00:40:00
1775695500,1.16572,1.16576,1.1656,1.16569,330.0,2026-04-09 00:45:00
1775695800,1.1657,1.16588,1.16569,1.16573,503.0,2026-04-09 00:50:00
1775696100,1.16572,1.16587,1.16561,1.16572,374.0,2026-04-09 00:55:00
1775696400,1.16572,1.16588,1.16552,1.16586,603.0,2026-04-09 01:00:00
1775696700,1.16586,1.16588,1.16546,1.16569,448.0,2026-04-09 01:05:00
1775697000,1.1657,1.16571,1.1654,1.16544,449.0,2026-04-09 01:10:00
1775697300,1.16544,1.16552,1.16518,1.16518,483.0,2026-04-09 01:15:00
1775697600,1.1652,1.16522,1.16504,1.16511,424.0,2026-04-09 01:20:00
1775697900,1.1651,1.16532,1.16505,1.16526,435.0,2026-04-09 01:25:00
1775698200,1.16528,1.16587,1.16526,1.16586,531.0,2026-04-09 01:30:00
1775698500,1.16586,1.16589,1.16577,1.1658,430.0,2026-04-09 01:35:00
1775698800,1.16582,1.16588,1.1656,1.16579,350.0,2026-04-09 01:40:00
1775699100,1.1658,1.16584,1.16556,1.16582,340.0,2026-04-09 01:45:00
1775699400,1.16582,1.16608,1.16582,1.16602,391.0,2026-04-09 01:50:00
1775699700,1.16602,1.16636,1.166,1.16618,377.0,2026-04-09 01:55:00
1775700000,1.16618,1.16644,1.16596,1.16602,486.0,2026-04-09 02:00:00
1775700300,1.16602,1.16627,1.16598,1.1661,319.0,2026-04-09 02:05:00
1775700600,1.16609,1.16616,1.16592,1.16606,224.0,2026-04-09 02:10:00
1775700900,1.16607,1.16646,1.16606,1.16643,265.0,2026-04-09 02:15:00
1775701200,1.16642,1.16646,1.1663,1.16634,255.0,2026-04-09 02:20:00
1775701500,1.16634,1.16646,1.16624,1.16642,253.0,2026-04-09 02:25:00
1775701800,1.16642,1.16666,1.16641,1.16666,274.0,2026-04-09 02:30:00
1775702100,1.16668,1.16674,1.16656,1.16658,240.0,2026-04-09 02:35:00
1775702400,1.16657,1.16666,1.16648,1.16663,214.0,2026-04-09 02:40:00
1775702700,1.16662,1.16666,1.16646,1.16655,212.0,2026-04-09 02:45:00
1775703000,1.16656,1.16667,1.1665,1.16658,172.0,2026-04-09 02:50:00
1775703300,1.1666,1.16667,1.1665,1.16653,298.0,2026-04-09 02:55:00
1775703600,1.16654,1.1666,1.16638,1.16656,336.0,2026-04-09 03:00:00
1775703900,1.16656,1.16666,1.16634,1.16662,254.0,2026-04-09 03:05:00
1775704200,1.1666,1.16662,1.16642,1.16646,231.0,2026-04-09 03:10:00
1775704500,1.16645,1.16652,1.16638,1.1664,206.0,2026-04-09 03:15:00
1775704800,1.16641,1.16643,1.16626,1.16636,192.0,2026-04-09 03:20:00
1775705100,1.16638,1.16646,1.16632,1.16636,280.0,2026-04-09 03:25:00
1775705400,1.16636,1.16654,1.16634,1.16652,207.0,2026-04-09 03:30:00
1775705700,1.16653,1.16667,1.16652,1.16666,194.0,2026-04-09 03:35:00
1775706000,1.16667,1.1667,1.16648,1.16664,239.0,2026-04-09 03:40:00
1775706300,1.16662,1.16662,1.16606,1.16616,737.0,2026-04-09 03:45:00
1775706600,1.16618,1.16639,1.16618,1.1663,333.0,2026-04-09 03:50:00
1775706900,1.16628,1.16636,1.16622,1.16624,210.0,2026-04-09 03:55:00
1775707200,1.16624,1.16655,1.16619,1.16652,218.0,2026-04-09 04:00:00
1775707500,1.16652,1.16694,1.16651,1.16682,265.0,2026-04-09 04:05:00
1775707800,1.16684,1.16699,1.1668,1.16698,228.0,2026-04-09 04:10:00
1775708100,1.16698,1.167,1.16673,1.16688,172.0,2026-04-09 04:15:00
1775708400,1.16688,1.16698,1.16682,1.16688,162.0,2026-04-09 04:20:00
1775708700,1.16688,1.16688,1.16676,1.16682,115.0,2026-04-09 04:25:00
1775709000,1.16682,1.16697,1.16676,1.16695,138.0,2026-04-09 04:30:00
1775709300,1.16696,1.16712,1.16694,1.16702,158.0,2026-04-09 04:35:00
1775709600,1.16701,1.16707,1.16693,1.16693,122.0,2026-04-09 04:40:00
1775709900,1.16693,1.16697,1.1668,1.16697,191.0,2026-04-09 04:45:00
1775710200,1.16695,1.16695,1.16672,1.16678,198.0,2026-04-09 04:50:00
1775710500,1.16678,1.16678,1.16664,1.16664,220.0,2026-04-09 04:55:00
1775710800,1.16665,1.16678,1.16652,1.16656,405.0,2026-04-09 05:00:00
1775711100,1.16656,1.1666,1.16642,1.16652,294.0,2026-04-09 05:05:00
1775711400,1.16652,1.16652,1.16622,1.16626,310.0,2026-04-09 05:10:00
1775711700,1.16625,1.16654,1.16622,1.16654,275.0,2026-04-09 05:15:00
1775712000,1.16653,1.16662,1.16636,1.16638,369.0,2026-04-09 05:20:00
1775712300,1.16638,1.16644,1.1663,1.16636,222.0,2026-04-09 05:25:00
1775712600,1.16636,1.16641,1.16625,1.1663,214.0,2026-04-09 05:30:00
1775712900,1.1663,1.16636,1.16616,1.16624,276.0,2026-04-09 05:35:00
1775713200,1.16622,1.16636,1.16618,1.16629,324.0,2026-04-09 05:40:00
1775713500,1.16628,1.16629,1.16612,1.16616,261.0,2026-04-09 05:45:00
1775713800,1.16616,1.16617,1.16592,1.16606,389.0,2026-04-09 05:50:00
1775714100,1.16607,1.16622,1.16602,1.1661,388.0,2026-04-09 05:55:00
1775714400,1.1661,1.16632,1.16602,1.16624,492.0,2026-04-09 06:00:00
1775714700,1.16626,1.16632,1.16607,1.1661,291.0,2026-04-09 06:05:00
1775715000,1.16608,1.1661,1.16594,1.16595,412.0,2026-04-09 06:10:00
1775715300,1.16595,1.16602,1.16576,1.16592,317.0,2026-04-09 06:15:00
1775715600,1.16592,1.16594,1.16556,1.16563,366.0,2026-04-09 06:20:00
1775715900,1.16564,1.1658,1.16544,1.16579,412.0,2026-04-09 06:25:00
1775716200,1.1658,1.16594,1.16566,1.16588,489.0,2026-04-09 06:30:00
1775716500,1.16588,1.16588,1.1657,1.16582,443.0,2026-04-09 06:35:00
1775716800,1.1658,1.16598,1.1657,1.16595,409.0,2026-04-09 06:40:00
1775717100,1.16594,1.16622,1.16581,1.16595,558.0,2026-04-09 06:45:00
1775717400,1.16596,1.16642,1.16585,1.16603,741.0,2026-04-09 06:50:00
1775717700,1.16602,1.16644,1.16602,1.16643,492.0,2026-04-09 06:55:00
1775718000,1.16645,1.16686,1.16638,1.16674,773.0,2026-04-09 07:00:00
1775718300,1.16673,1.16692,1.1666,1.16676,495.0,2026-04-09 07:05:00
1775718600,1.16676,1.16677,1.16646,1.16654,487.0,2026-04-09 07:10:00
1775718900,1.16652,1.16653,1.16582,1.16586,693.0,2026-04-09 07:15:00
1775719200,1.16585,1.16638,1.16574,1.1663,855.0,2026-04-09 07:20:00
1775719500,1.1663,1.16631,1.16601,1.16606,550.0,2026-04-09 07:25:00
1775719800,1.16607,1.1661,1.16554,1.16586,804.0,2026-04-09 07:30:00
1775720100,1.16586,1.16614,1.16585,1.16612,504.0,2026-04-09 07:35:00
1775720400,1.16612,1.16612,1.16582,1.1661,473.0,2026-04-09 07:40:00
1775720700,1.1661,1.16624,1.16592,1.16618,555.0,2026-04-09 07:45:00
1775721000,1.16616,1.16646,1.16609,1.16636,512.0,2026-04-09 07:50:00
1775721300,1.16636,1.16647,1.16624,1.1663,444.0,2026-04-09 07:55:00
1775721600,1.1663,1.16668,1.16612,1.16663,594.0,2026-04-09 08:00:00
1775721900,1.16663,1.16663,1.16624,1.1663,408.0,2026-04-09 08:05:00
1775722200,1.1663,1.1663,1.16597,1.16612,362.0,2026-04-09 08:10:00
1775722500,1.16612,1.16617,1.16598,1.16614,328.0,2026-04-09 08:15:00
1775722800,1.16616,1.16647,1.16616,1.16641,350.0,2026-04-09 08:20:00
1775723100,1.1664,1.1665,1.16617,1.1663,414.0,2026-04-09 08:25:00
1775723400,1.16629,1.16682,1.16625,1.16666,411.0,2026-04-09 08:30:00
1775723700,1.16664,1.16668,1.16637,1.16664,449.0,2026-04-09 08:35:00
1775724000,1.16662,1.16682,1.16638,1.16678,472.0,2026-04-09 08:40:00
1775724300,1.16677,1.16684,1.16666,1.1667,485.0,2026-04-09 08:45:00
1775724600,1.16669,1.16744,1.16662,1.16744,531.0,2026-04-09 08:50:00
1775724900,1.16742,1.1675,1.16713,1.1672,565.0,2026-04-09 08:55:00
1775725200,1.16721,1.16726,1.16686,1.16718,648.0,2026-04-09 09:00:00
1775725500,1.16719,1.16759,1.16716,1.16752,619.0,2026-04-09 09:05:00
1775725800,1.16752,1.16766,1.16748,1.16762,417.0,2026-04-09 09:10:00
1775726100,1.16764,1.16773,1.16741,1.16764,475.0,2026-04-09 09:15:00
1775726400,1.16765,1.16793,1.16758,1.16776,510.0,2026-04-09 09:20:00
1775726700,1.16776,1.16786,1.16765,1.16768,461.0,2026-04-09 09:25:00
1775727000,1.16768,1.16778,1.16754,1.16764,458.0,2026-04-09 09:30:00
1775727300,1.16764,1.16783,1.16758,1.16778,334.0,2026-04-09 09:35:00
1775727600,1.16776,1.16776,1.16755,1.16766,336.0,2026-04-09 09:40:00
1775727900,1.16766,1.16769,1.16738,1.1675,320.0,2026-04-09 09:45:00
1775728200,1.16748,1.16754,1.16736,1.16752,410.0,2026-04-09 09:50:00
1775728500,1.16752,1.16752,1.16724,1.16746,602.0,2026-04-09 09:55:00
1775728800,1.16746,1.16796,1.16742,1.16786,483.0,2026-04-09 10:00:00
1775729100,1.16786,1.16794,1.1676,1.16768,511.0,2026-04-09 10:05:00
1775729400,1.16768,1.1678,1.1676,1.16768,333.0,2026-04-09 10:10:00
1775729700,1.16769,1.1677,1.16748,1.16758,366.0,2026-04-09 10:15:00
1775730000,1.16758,1.16784,1.16748,1.16774,448.0,2026-04-09 10:20:00
1775730300,1.16774,1.16794,1.16773,1.16776,308.0,2026-04-09 10:25:00
1775730600,1.16776,1.16778,1.16758,1.16764,300.0,2026-04-09 10:30:00
1775730900,1.16764,1.16766,1.1675,1.16762,367.0,2026-04-09 10:35:00
1775731200,1.16761,1.16761,1.16747,1.16752,287.0,2026-04-09 10:40:00
1775731500,1.16752,1.16768,1.16748,1.16763,405.0,2026-04-09 10:45:00
1775731800,1.16762,1.16763,1.16738,1.1675,601.0,2026-04-09 10:50:00
1775732100,1.16751,1.16752,1.16711,1.16711,590.0,2026-04-09 10:55:00
1775732400,1.1671,1.16746,1.16696,1.16742,661.0,2026-04-09 11:00:00
1775732700,1.16742,1.16759,1.16726,1.16758,410.0,2026-04-09 11:05:00
1775733000,1.16758,1.16768,1.16751,1.16756,391.0,2026-04-09 11:10:00
1775733300,1.16756,1.16808,1.16756,1.16802,290.0,2026-04-09 11:15:00
1775733600,1.16802,1.16814,1.16796,1.16807,505.0,2026-04-09 11:20:00
1775733900,1.16806,1.16814,1.16798,1.16812,350.0,2026-04-09 11:25:00
1775734200,1.16813,1.16828,1.16802,1.16823,379.0,2026-04-09 11:30:00
1775734500,1.16824,1.16843,1.16812,1.16837,324.0,2026-04-09 11:35:00
1775734800,1.16836,1.16888,1.16831,1.16883,628.0,2026-04-09 11:40:00
1775735100,1.16884,1.16893,1.16873,1.16892,446.0,2026-04-09 11:45:00
1775735400,1.16892,1.16896,1.16852,1.16859,420.0,2026-04-09 11:50:00
1775735700,1.1686,1.1689,1.16851,1.16884,482.0,2026-04-09 11:55:00
1775736000,1.16885,1.16892,1.16866,1.16872,428.0,2026-04-09 12:00:00
1775736300,1.16872,1.16877,1.16832,1.16848,438.0,2026-04-09 12:05:00
1775736600,1.16848,1.16868,1.16838,1.16846,460.0,2026-04-09 12:10:00
1775736900,1.16848,1.16857,1.16831,1.1684,479.0,2026-04-09 12:15:00
1775737200,1.16841,1.16841,1.16802,1.16829,395.0,2026-04-09 12:20:00
1775737500,1.1683,1.1685,1.16822,1.1685,298.0,2026-04-09 12:25:00
1775737800,1.16848,1.16878,1.16801,1.16805,1007.0,2026-04-09 12:30:00
1775738100,1.16806,1.16844,1.16791,1.1683,803.0,2026-04-09 12:35:00
1775738400,1.1683,1.169,1.16816,1.1682,1197.0,2026-04-09 12:40:00
1775738700,1.16822,1.16846,1.1679,1.16844,700.0,2026-04-09 12:45:00
1775739000,1.16844,1.16848,1.16826,1.16834,465.0,2026-04-09 12:50:00
1775739300,1.16834,1.16862,1.16831,1.1686,617.0,2026-04-09 12:55:00
1775739600,1.16861,1.16874,1.16832,1.1684,1102.0,2026-04-09 13:00:00
1775739900,1.16841,1.16862,1.16834,1.16836,667.0,2026-04-09 13:05:00
1775740200,1.16836,1.16874,1.16834,1.16862,504.0,2026-04-09 13:10:00
1775740500,1.16863,1.16925,1.1686,1.16902,478.0,2026-04-09 13:15:00
1775740800,1.16902,1.1691,1.16886,1.16902,642.0,2026-04-09 13:20:00
1775741100,1.16902,1.1691,1.16876,1.16881,559.0,2026-04-09 13:25:00
1775741400,1.16882,1.16925,1.16879,1.16924,931.0,2026-04-09 13:30:00
1775741700,1.16924,1.16953,1.16916,1.1693,719.0,2026-04-09 13:35:00
1775742000,1.16928,1.1694,1.16908,1.16917,648.0,2026-04-09 13:40:00
1775742300,1.16918,1.16932,1.16893,1.1691,887.0,2026-04-09 13:45:00
1775742600,1.16911,1.16911,1.16838,1.16847,1246.0,2026-04-09 13:50:00
1775742900,1.16848,1.16868,1.16812,1.16818,1132.0,2026-04-09 13:55:00
1775743200,1.16818,1.16864,1.16806,1.16844,1172.0,2026-04-09 14:00:00
1775743500,1.16844,1.16876,1.16834,1.1687,964.0,2026-04-09 14:05:00
1775743800,1.16869,1.16877,1.16829,1.16846,929.0,2026-04-09 14:10:00
1775744100,1.16845,1.16845,1.16806,1.16822,597.0,2026-04-09 14:15:00
1775744400,1.16822,1.16874,1.16814,1.1687,912.0,2026-04-09 14:20:00
1775744700,1.16869,1.16881,1.16848,1.16864,893.0,2026-04-09 14:25:00
1775745000,1.16861,1.16861,1.16792,1.16794,852.0,2026-04-09 14:30:00
1775745300,1.16796,1.16798,1.16742,1.16794,803.0,2026-04-09 14:35:00
1775745600,1.16796,1.16804,1.16758,1.16758,583.0,2026-04-09 14:40:00
1775745900,1.16757,1.16792,1.16748,1.16754,841.0,2026-04-09 14:45:00
1775746200,1.16754,1.16778,1.16744,1.16769,915.0,2026-04-09 14:50:00
1775746500,1.16768,1.16852,1.16768,1.16847,1545.0,2026-04-09 14:55:00
1775746800,1.16846,1.16866,1.16792,1.16819,1067.0,2026-04-09 15:00:00
1775747100,1.1682,1.16839,1.16788,1.16788,591.0,2026-04-09 15:05:00
1775747400,1.16786,1.16846,1.16776,1.16844,856.0,2026-04-09 15:10:00
1775747700,1.16843,1.1693,1.16843,1.1693,2122.0,2026-04-09 15:15:00
1775748000,1.16932,1.17001,1.1693,1.16988,1827.0,2026-04-09 15:20:00
1775748300,1.16987,1.16989,1.16941,1.16948,1303.0,2026-04-09 15:25:00
1775748600,1.16951,1.17052,1.16942,1.17045,2106.0,2026-04-09 15:30:00
1775748900,1.17044,1.17068,1.17004,1.17024,2284.0,2026-04-09 15:35:00
1775749200,1.17022,1.17032,1.16976,1.16998,1221.0,2026-04-09 15:40:00
1775749500,1.16998,1.17048,1.16976,1.17002,1400.0,2026-04-09 15:45:00
1775749800,1.17002,1.1706,1.16998,1.17047,1104.0,2026-04-09 15:50:00
1775750100,1.17046,1.17072,1.17032,1.17056,839.0,2026-04-09 15:55:00
1775750400,1.17054,1.17083,1.17024,1.17076,1105.0,2026-04-09 16:00:00
1775750700,1.17076,1.17105,1.17062,1.17072,803.0,2026-04-09 16:05:00
1775751000,1.17074,1.17112,1.17073,1.17081,1053.0,2026-04-09 16:10:00
1775751300,1.17082,1.1714,1.17078,1.17137,1031.0,2026-04-09 16:15:00
1775751600,1.17137,1.1714,1.17114,1.17128,655.0,2026-04-09 16:20:00
1775751900,1.1713,1.17142,1.17106,1.17138,637.0,2026-04-09 16:25:00
1775752200,1.17139,1.1714,1.17078,1.17114,866.0,2026-04-09 16:30:00
1775752500,1.17114,1.17122,1.17106,1.17118,518.0,2026-04-09 16:35:00
1775752800,1.17117,1.17121,1.17092,1.17114,554.0,2026-04-09 16:40:00
1775753100,1.17114,1.17116,1.17094,1.17096,478.0,2026-04-09 16:45:00
1775753400,1.17097,1.1713,1.17094,1.17109,463.0,2026-04-09 16:50:00
1775753700,1.17108,1.1712,1.17086,1.17106,625.0,2026-04-09 16:55:00
1775754000,1.17107,1.17133,1.17101,1.17133,540.0,2026-04-09 17:00:00
1775754300,1.17132,1.17186,1.1713,1.17162,819.0,2026-04-09 17:05:00
1775754600,1.1716,1.17176,1.17148,1.17164,633.0,2026-04-09 17:10:00
1775754900,1.17163,1.17186,1.17161,1.17177,546.0,2026-04-09 17:15:00
1775755200,1.17177,1.17194,1.17167,1.17192,520.0,2026-04-09 17:20:00
1775755500,1.17192,1.17218,1.17188,1.17198,469.0,2026-04-09 17:25:00
1775755800,1.17198,1.17205,1.17164,1.17201,699.0,2026-04-09 17:30:00
1775756100,1.17201,1.17234,1.17198,1.1722,684.0,2026-04-09 17:35:00
1775756400,1.1722,1.17232,1.17174,1.17178,501.0,2026-04-09 17:40:00
1775756700,1.17178,1.172,1.17171,1.17176,549.0,2026-04-09 17:45:00
1775757000,1.17176,1.17178,1.1713,1.17132,498.0,2026-04-09 17:50:00
1775757300,1.17132,1.17146,1.17124,1.17142,386.0,2026-04-09 17:55:00
1775757600,1.17142,1.17149,1.17062,1.17082,1337.0,2026-04-09 18:00:00
1775757900,1.17083,1.1712,1.17076,1.1708,1071.0,2026-04-09 18:05:00
1775758200,1.1708,1.1709,1.17024,1.17041,778.0,2026-04-09 18:10:00
1775758500,1.17039,1.17052,1.17021,1.17032,884.0,2026-04-09 18:15:00
1775758800,1.17031,1.17046,1.17006,1.17016,871.0,2026-04-09 18:20:00
1775759100,1.17016,1.17022,1.16985,1.17012,1059.0,2026-04-09 18:25:00
1775759400,1.17012,1.17019,1.16975,1.16995,746.0,2026-04-09 18:30:00
1775759700,1.16992,1.17007,1.16983,1.16998,476.0,2026-04-09 18:35:00
1775760000,1.16998,1.17006,1.16985,1.1699,492.0,2026-04-09 18:40:00
1775760300,1.1699,1.17,1.16984,1.16997,417.0,2026-04-09 18:45:00
1775760600,1.16996,1.17022,1.16994,1.17016,520.0,2026-04-09 18:50:00
1775760900,1.17017,1.17021,1.16984,1.16992,474.0,2026-04-09 18:55:00
1775761200,1.16991,1.1701,1.1698,1.17008,463.0,2026-04-09 19:00:00
1775761500,1.17008,1.17042,1.17007,1.17042,389.0,2026-04-09 19:05:00
1775761800,1.17043,1.17058,1.17034,1.17058,444.0,2026-04-09 19:10:00
1775762100,1.17057,1.17062,1.1701,1.17012,325.0,2026-04-09 19:15:00
1775762400,1.17012,1.17017,1.16995,1.17014,495.0,2026-04-09 19:20:00
1775762700,1.17016,1.1704,1.17012,1.1703,413.0,2026-04-09 19:25:00
1775763000,1.1703,1.17086,1.1703,1.17064,533.0,2026-04-09 19:30:00
1775763300,1.17063,1.1707,1.17058,1.17066,419.0,2026-04-09 19:35:00
1775763600,1.17066,1.17084,1.17062,1.17073,423.0,2026-04-09 19:40:00
1775763900,1.17072,1.17078,1.17058,1.17076,384.0,2026-04-09 19:45:00
1775764200,1.17075,1.17084,1.17042,1.17046,425.0,2026-04-09 19:50:00
1775764500,1.17043,1.17043,1.16998,1.17006,643.0,2026-04-09 19:55:00
1775764800,1.17008,1.17008,1.1698,1.16982,361.0,2026-04-09 20:00:00
1775765100,1.16982,1.16998,1.16972,1.16998,262.0,2026-04-09 20:05:00
1775765400,1.16998,1.17004,1.16978,1.16987,116.0,2026-04-09 20:10:00
1775765700,1.16987,1.1699,1.16969,1.16978,180.0,2026-04-09 20:15:00
1775766000,1.16978,1.16988,1.16972,1.16987,117.0,2026-04-09 20:20:00
1775766300,1.16986,1.16988,1.1697,1.16981,267.0,2026-04-09 20:25:00
1775766600,1.1698,1.16988,1.16978,1.16982,134.0,2026-04-09 20:30:00
1775766900,1.16982,1.16984,1.1696,1.1696,165.0,2026-04-09 20:35:00
1775767200,1.16961,1.16966,1.16954,1.16962,113.0,2026-04-09 20:40:00
1775767500,1.16961,1.16966,1.16956,1.16958,115.0,2026-04-09 20:45:00
1775767800,1.16958,1.16988,1.16958,1.16985,226.0,2026-04-09 20:50:00
1775768100,1.16986,1.16992,1.16974,1.1699,231.0,2026-04-09 20:55:00
1775768400,1.17021,1.17021,1.17021,1.17021,1.0,2026-04-09 21:00:00
1775768700,1.17016,1.17022,1.17013,1.17018,34.0,2026-04-09 21:05:00
1775769000,1.17011,1.17016,1.16983,1.16986,132.0,2026-04-09 21:10:00
1775769300,1.16986,1.16995,1.16978,1.16981,54.0,2026-04-09 21:15:00
1775769600,1.1698,1.16981,1.16973,1.16975,44.0,2026-04-09 21:20:00
1775769900,1.16972,1.16991,1.1697,1.16972,89.0,2026-04-09 21:25:00
1775770200,1.16972,1.17006,1.16968,1.16992,2277.0,2026-04-09 21:30:00
1775770500,1.16992,1.16998,1.16974,1.16976,82.0,2026-04-09 21:35:00
1775770800,1.16975,1.16976,1.16974,1.16975,32.0,2026-04-09 21:40:00
1775771100,1.16976,1.16992,1.16954,1.16988,174.0,2026-04-09 21:45:00
1775771400,1.16992,1.17012,1.16986,1.17011,122.0,2026-04-09 21:50:00
1775771700,1.17012,1.17022,1.1701,1.17015,172.0,2026-04-09 21:55:00
1775772000,1.17015,1.17026,1.17005,1.17019,147.0,2026-04-09 22:00:00
1775772300,1.17018,1.1702,1.17016,1.17017,84.0,2026-04-09 22:05:00
1775772600,1.17017,1.17017,1.1701,1.17012,55.0,2026-04-09 22:10:00
1775772900,1.17012,1.17013,1.17005,1.1701,86.0,2026-04-09 22:15:00
1775773200,1.1701,1.17024,1.17008,1.17017,97.0,2026-04-09 22:20:00
1775773500,1.17016,1.17017,1.16967,1.16968,285.0,2026-04-09 22:25:00
1775773800,1.16968,1.16992,1.16962,1.16966,380.0,2026-04-09 22:30:00
1775774100,1.16966,1.16967,1.16946,1.16947,197.0,2026-04-09 22:35:00
1775774400,1.16948,1.1695,1.16936,1.1694,197.0,2026-04-09 22:40:00
1775774700,1.16942,1.16944,1.16926,1.16932,163.0,2026-04-09 22:45:00
1775775000,1.16932,1.16936,1.16929,1.16932,90.0,2026-04-09 22:50:00
1775775300,1.16934,1.16942,1.16927,1.16941,182.0,2026-04-09 22:55:00
1775775600,1.16942,1.16955,1.16938,1.1695,111.0,2026-04-09 23:00:00
1775775900,1.16951,1.16963,1.16944,1.16956,103.0,2026-04-09 23:05:00
1775776200,1.16956,1.16956,1.16942,1.16943,93.0,2026-04-09 23:10:00
1775776500,1.16943,1.16944,1.16933,1.16937,73.0,2026-04-09 23:15:00
1775776800,1.16934,1.16946,1.16932,1.16945,90.0,2026-04-09 23:20:00
1775777100,1.16946,1.16952,1.16938,1.16944,136.0,2026-04-09 23:25:00
1775777400,1.16944,1.16958,1.16942,1.16956,152.0,2026-04-09 23:30:00
1775777700,1.16956,1.16956,1.16932,1.16936,68.0,2026-04-09 23:35:00
1775778000,1.16938,1.16939,1.16926,1.16927,75.0,2026-04-09 23:40:00
1775778300,1.16927,1.16932,1.16923,1.1693,90.0,2026-04-09 23:45:00
1775778600,1.16928,1.16937,1.1691,1.1691,148.0,2026-04-09 23:50:00
1775778900,1.16911,1.16917,1.16904,1.16917,194.0,2026-04-09 23:55:00
1775779200,1.16918,1.16918,1.16882,1.16896,473.0,2026-04-10 00:00:00
1775779500,1.16897,1.16898,1.1687,1.16884,261.0,2026-04-10 00:05:00
1775779800,1.16884,1.1689,1.1687,1.16882,187.0,2026-04-10 00:10:00
1775780100,1.16882,1.16891,1.1688,1.16882,158.0,2026-04-10 00:15:00
1775780400,1.16884,1.16892,1.16882,1.16887,197.0,2026-04-10 00:20:00
1775780700,1.16886,1.1689,1.16862,1.1687,312.0,2026-04-10 00:25:00
1775781000,1.16868,1.16886,1.16866,1.16879,310.0,2026-04-10 00:30:00
1775781300,1.1688,1.1689,1.16877,1.16884,263.0,2026-04-10 00:35:00
1775781600,1.16886,1.16892,1.16876,1.16876,228.0,2026-04-10 00:40:00
1775781900,1.16877,1.16878,1.16864,1.16872,236.0,2026-04-10 00:45:00
1775782200,1.16872,1.1688,1.16856,1.16876,396.0,2026-04-10 00:50:00
1775782500,1.16875,1.16886,1.16854,1.16879,394.0,2026-04-10 00:55:00
1775782800,1.1688,1.16884,1.16864,1.16876,521.0,2026-04-10 01:00:00
1775783100,1.16878,1.16884,1.16866,1.16882,224.0,2026-04-10 01:05:00
1775783400,1.16882,1.16888,1.16878,1.16883,223.0,2026-04-10 01:10:00
1775783700,1.16884,1.16892,1.16872,1.16874,289.0,2026-04-10 01:15:00
1775784000,1.16875,1.16884,1.16862,1.16873,199.0,2026-04-10 01:20:00
1775784300,1.16874,1.16886,1.16873,1.16884,166.0,2026-04-10 01:25:00
1775784600,1.16883,1.16919,1.16876,1.16914,381.0,2026-04-10 01:30:00
1775784900,1.16914,1.16938,1.16914,1.16919,290.0,2026-04-10 01:35:00
1775785200,1.16918,1.16919,1.16904,1.16914,230.0,2026-04-10 01:40:00
1775785500,1.16914,1.1693,1.16906,1.16928,222.0,2026-04-10 01:45:00
1775785800,1.16928,1.16946,1.16924,1.16946,283.0,2026-04-10 01:50:00
1775786100,1.16948,1.16948,1.16912,1.16922,294.0,2026-04-10 01:55:00
1775786400,1.16925,1.16934,1.16908,1.16913,360.0,2026-04-10 02:00:00
1775786700,1.16912,1.16943,1.16908,1.16924,358.0,2026-04-10 02:05:00
1775787000,1.16924,1.16924,1.16892,1.16894,244.0,2026-04-10 02:10:00
1775787300,1.16894,1.16905,1.16893,1.16894,173.0,2026-04-10 02:15:00
1775787600,1.16895,1.16898,1.16875,1.16888,233.0,2026-04-10 02:20:00
1775787900,1.16888,1.16893,1.16867,1.16868,238.0,2026-04-10 02:25:00
1775788200,1.16868,1.16908,1.16868,1.16897,214.0,2026-04-10 02:30:00
1775788500,1.16898,1.16898,1.16883,1.1689,194.0,2026-04-10 02:35:00
1775788800,1.16888,1.16915,1.16888,1.16914,244.0,2026-04-10 02:40:00
1775789100,1.16914,1.16928,1.16912,1.16924,122.0,2026-04-10 02:45:00
1775789400,1.16924,1.16929,1.16906,1.16913,181.0,2026-04-10 02:50:00
1775789700,1.16912,1.16915,1.16902,1.1691,185.0,2026-04-10 02:55:00
1775790000,1.16907,1.16916,1.16903,1.16913,137.0,2026-04-10 03:00:00
1775790300,1.16914,1.16918,1.1691,1.16912,92.0,2026-04-10 03:05:00
1775790600,1.1691,1.16916,1.16899,1.16914,150.0,2026-04-10 03:10:00
1775790900,1.16914,1.16934,1.16913,1.16931,115.0,2026-04-10 03:15:00
1775791200,1.16932,1.16944,1.1693,1.16943,94.0,2026-04-10 03:20:00
1775791500,1.16942,1.1695,1.16942,1.16946,117.0,2026-04-10 03:25:00
1775791800,1.16946,1.16964,1.16945,1.1695,189.0,2026-04-10 03:30:00
1775792100,1.1695,1.16956,1.16946,1.16948,96.0,2026-04-10 03:35:00
1775792400,1.16947,1.16948,1.16928,1.16937,90.0,2026-04-10 03:40:00
1775792700,1.16938,1.1695,1.16934,1.16947,188.0,2026-04-10 03:45:00
1775793000,1.16946,1.1695,1.16936,1.16949,141.0,2026-04-10 03:50:00
1775793300,1.1695,1.1697,1.16944,1.16958,178.0,2026-04-10 03:55:00
1775793600,1.16956,1.16966,1.16956,1.16964,162.0,2026-04-10 04:00:00
1775793900,1.16963,1.16963,1.16952,1.16957,168.0,2026-04-10 04:05:00
1775794200,1.16957,1.1696,1.1693,1.16946,177.0,2026-04-10 04:10:00
1775794500,1.16945,1.16954,1.16942,1.16954,162.0,2026-04-10 04:15:00
1775794800,1.16955,1.16956,1.1695,1.16955,95.0,2026-04-10 04:20:00
1775795100,1.16956,1.1696,1.16944,1.16944,107.0,2026-04-10 04:25:00
1775795400,1.16945,1.1695,1.16935,1.16941,136.0,2026-04-10 04:30:00
1775795700,1.1694,1.16952,1.16936,1.16938,147.0,2026-04-10 04:35:00
1775796000,1.16938,1.16944,1.16928,1.16928,181.0,2026-04-10 04:40:00
1775796300,1.16926,1.16939,1.16926,1.16932,118.0,2026-04-10 04:45:00
1775796600,1.16932,1.16936,1.1693,1.16932,173.0,2026-04-10 04:50:00
1775796900,1.16931,1.16932,1.16912,1.1692,192.0,2026-04-10 04:55:00
1775797200,1.16922,1.16928,1.16914,1.16918,248.0,2026-04-10 05:00:00
1775797500,1.16918,1.16924,1.16907,1.16915,168.0,2026-04-10 05:05:00
1775797800,1.16916,1.16916,1.16892,1.16898,184.0,2026-04-10 05:10:00
1775798100,1.16897,1.16908,1.16892,1.16905,167.0,2026-04-10 05:15:00
1775798400,1.16906,1.16912,1.16888,1.1689,128.0,2026-04-10 05:20:00
1775798700,1.1689,1.16894,1.16876,1.16878,154.0,2026-04-10 05:25:00
1775799000,1.16879,1.16902,1.16877,1.16898,210.0,2026-04-10 05:30:00
1775799300,1.16898,1.16912,1.16886,1.16908,314.0,2026-04-10 05:35:00
1775799600,1.16908,1.16918,1.16894,1.169,319.0,2026-04-10 05:40:00
1775799900,1.16901,1.16911,1.16896,1.16896,188.0,2026-04-10 05:45:00
1775800200,1.16895,1.16909,1.16894,1.16906,158.0,2026-04-10 05:50:00
1775800500,1.16906,1.1691,1.16898,1.169,157.0,2026-04-10 05:55:00
1775800800,1.169,1.16936,1.16892,1.16912,313.0,2026-04-10 06:00:00
1775801100,1.16912,1.16912,1.16874,1.16882,329.0,2026-04-10 06:05:00
1775801400,1.16881,1.16894,1.16878,1.16883,274.0,2026-04-10 06:10:00
1775801700,1.16884,1.16884,1.16852,1.16858,399.0,2026-04-10 06:15:00
1775802000,1.16859,1.16864,1.16842,1.16856,387.0,2026-04-10 06:20:00
1775802300,1.16856,1.16866,1.16844,1.16844,295.0,2026-04-10 06:25:00
1775802600,1.16844,1.16888,1.16832,1.16883,552.0,2026-04-10 06:30:00
1775802900,1.16884,1.16904,1.16877,1.16878,446.0,2026-04-10 06:35:00
1775803200,1.16878,1.16878,1.16854,1.16864,303.0,2026-04-10 06:40:00
1775803500,1.16864,1.16866,1.16852,1.16862,311.0,2026-04-10 06:45:00
1775803800,1.16862,1.1687,1.16856,1.16867,321.0,2026-04-10 06:50:00
1775804100,1.16868,1.16898,1.16842,1.16842,459.0,2026-04-10 06:55:00
1775804400,1.16841,1.16884,1.16823,1.16884,643.0,2026-04-10 07:00:00
1775804700,1.16882,1.16887,1.16856,1.16884,418.0,2026-04-10 07:05:00
1775805000,1.16884,1.1689,1.16851,1.16858,446.0,2026-04-10 07:10:00
1775805300,1.16857,1.16878,1.16834,1.16874,579.0,2026-04-10 07:15:00
1775805600,1.16874,1.16896,1.16846,1.16878,442.0,2026-04-10 07:20:00
1775805900,1.16876,1.16892,1.16857,1.16868,476.0,2026-04-10 07:25:00
1775806200,1.16868,1.16868,1.16842,1.16854,366.0,2026-04-10 07:30:00
1775806500,1.16852,1.16868,1.16848,1.1686,305.0,2026-04-10 07:35:00
1775806800,1.16862,1.16864,1.16816,1.16842,506.0,2026-04-10 07:40:00
1775807100,1.16844,1.16858,1.16828,1.16856,456.0,2026-04-10 07:45:00
1775807400,1.16856,1.16858,1.16832,1.16836,391.0,2026-04-10 07:50:00
1775807700,1.16836,1.16848,1.1679,1.16797,499.0,2026-04-10 07:55:00
1775808000,1.16795,1.16798,1.16774,1.16785,416.0,2026-04-10 08:00:00
1775808300,1.16786,1.16849,1.16784,1.16849,558.0,2026-04-10 08:05:00
1775808600,1.16848,1.16858,1.16839,1.16855,469.0,2026-04-10 08:10:00
1775808900,1.16856,1.16859,1.16834,1.16846,317.0,2026-04-10 08:15:00
1775809200,1.16845,1.16876,1.16844,1.16874,519.0,2026-04-10 08:20:00
1775809500,1.16874,1.16884,1.16853,1.16857,353.0,2026-04-10 08:25:00
1775809800,1.16858,1.16898,1.16858,1.16884,492.0,2026-04-10 08:30:00
1775810100,1.16886,1.16889,1.16874,1.16886,318.0,2026-04-10 08:35:00
1775810400,1.16886,1.16898,1.16874,1.16878,293.0,2026-04-10 08:40:00
1775810700,1.16878,1.1688,1.1685,1.16868,362.0,2026-04-10 08:45:00
1775811000,1.16868,1.16868,1.16842,1.16844,412.0,2026-04-10 08:50:00
1775811300,1.16844,1.16865,1.16843,1.16859,339.0,2026-04-10 08:55:00
1775811600,1.16858,1.16888,1.16858,1.16886,569.0,2026-04-10 09:00:00
1775811900,1.16886,1.16888,1.16847,1.1686,362.0,2026-04-10 09:05:00
1775812200,1.1686,1.16863,1.16848,1.16852,312.0,2026-04-10 09:10:00
1775812500,1.16852,1.17107,1.16848,1.17092,2018.0,2026-04-10 09:15:00
1775812800,1.1709,1.1709,1.16983,1.17009,2664.0,2026-04-10 09:20:00
1775813100,1.1701,1.17025,1.16958,1.16973,1091.0,2026-04-10 09:25:00
1775813400,1.16972,1.16996,1.16958,1.16988,860.0,2026-04-10 09:30:00
1775813700,1.16992,1.1702,1.16978,1.17,761.0,2026-04-10 09:35:00
1775814000,1.17,1.17024,1.16994,1.17024,480.0,2026-04-10 09:40:00
1775814300,1.17022,1.17034,1.17,1.17034,604.0,2026-04-10 09:45:00
1775814600,1.17034,1.17088,1.1703,1.17078,734.0,2026-04-10 09:50:00
1775814900,1.17078,1.1711,1.1707,1.17103,779.0,2026-04-10 09:55:00
1775815200,1.17104,1.17129,1.17089,1.17093,838.0,2026-04-10 10:00:00
1775815500,1.17096,1.1711,1.17085,1.17093,388.0,2026-04-10 10:05:00
1775815800,1.1709,1.17104,1.17077,1.17077,339.0,2026-04-10 10:10:00
1775816100,1.17075,1.17104,1.17058,1.17086,430.0,2026-04-10 10:15:00
1775816400,1.17088,1.17118,1.17083,1.17118,372.0,2026-04-10 10:20:00
1775816700,1.17118,1.17134,1.17112,1.1712,430.0,2026-04-10 10:25:00
1775817000,1.17121,1.17122,1.17102,1.17118,511.0,2026-04-10 10:30:00
1775817300,1.17119,1.17147,1.17112,1.17138,335.0,2026-04-10 10:35:00
1775817600,1.1714,1.17154,1.17135,1.17137,391.0,2026-04-10 10:40:00
1775817900,1.17138,1.1716,1.17136,1.17149,352.0,2026-04-10 10:45:00
1775818200,1.1715,1.17152,1.17122,1.1714,384.0,2026-04-10 10:50:00
1775818500,1.17139,1.17143,1.17126,1.1713,358.0,2026-04-10 10:55:00
1775818800,1.17129,1.1716,1.17123,1.1716,373.0,2026-04-10 11:00:00
1775819100,1.1716,1.1718,1.17156,1.17179,319.0,2026-04-10 11:05:00
1775819400,1.17178,1.17189,1.17157,1.1717,367.0,2026-04-10 11:10:00
1775819700,1.1717,1.17179,1.1716,1.17168,282.0,2026-04-10 11:15:00
1775820000,1.17168,1.1717,1.17138,1.17153,364.0,2026-04-10 11:20:00
1775820300,1.17154,1.17156,1.17121,1.1713,352.0,2026-04-10 11:25:00
1775820600,1.17128,1.17144,1.17113,1.17118,423.0,2026-04-10 11:30:00
1775820900,1.1712,1.17126,1.17108,1.17114,228.0,2026-04-10 11:35:00
1775821200,1.17115,1.17167,1.17111,1.17166,311.0,2026-04-10 11:40:00
1775821500,1.17166,1.17172,1.17158,1.17162,323.0,2026-04-10 11:45:00
1775821800,1.17164,1.17168,1.1715,1.17152,270.0,2026-04-10 11:50:00
1775822100,1.17151,1.17156,1.17128,1.17141,558.0,2026-04-10 11:55:00
1775822400,1.17142,1.17158,1.17135,1.17152,540.0,2026-04-10 12:00:00
1775822700,1.17153,1.17156,1.17114,1.17114,363.0,2026-04-10 12:05:00
1775823000,1.17114,1.17154,1.17108,1.17146,543.0,2026-04-10 12:10:00
1775823300,1.17146,1.1715,1.17118,1.17122,577.0,2026-04-10 12:15:00
1775823600,1.17121,1.1713,1.17095,1.17108,603.0,2026-04-10 12:20:00
1775823900,1.17107,1.17148,1.17102,1.17142,574.0,2026-04-10 12:25:00
1775824200,1.17143,1.17241,1.17143,1.17212,2406.0,2026-04-10 12:30:00
1775824500,1.17212,1.17258,1.17198,1.1721,1451.0,2026-04-10 12:35:00
1775824800,1.17212,1.17213,1.17155,1.17174,1173.0,2026-04-10 12:40:00
1775825100,1.17176,1.17176,1.17126,1.17153,974.0,2026-04-10 12:45:00
1775825400,1.17155,1.1718,1.1714,1.17168,682.0,2026-04-10 12:50:00
1775825700,1.17168,1.17214,1.17168,1.17209,871.0,2026-04-10 12:55:00
1775826000,1.17206,1.17235,1.17186,1.17217,800.0,2026-04-10 13:00:00
1775826300,1.17216,1.17252,1.17202,1.17222,859.0,2026-04-10 13:05:00
1775826600,1.17221,1.17258,1.17216,1.17234,806.0,2026-04-10 13:10:00
1775826900,1.17233,1.17244,1.17216,1.1724,588.0,2026-04-10 13:15:00
1775827200,1.17241,1.17298,1.17237,1.17285,844.0,2026-04-10 13:20:00
1775827500,1.17286,1.17348,1.17284,1.17334,957.0,2026-04-10 13:25:00
1775827800,1.17334,1.17348,1.17263,1.17264,1145.0,2026-04-10 13:30:00
1775828100,1.17263,1.17298,1.17246,1.17282,962.0,2026-04-10 13:35:00
1775828400,1.17282,1.17296,1.17262,1.17286,846.0,2026-04-10 13:40:00
1775828700,1.17286,1.17316,1.17272,1.17286,942.0,2026-04-10 13:45:00
1775829000,1.17287,1.17302,1.1725,1.17277,944.0,2026-04-10 13:50:00
1775829300,1.17276,1.173,1.17256,1.17278,769.0,2026-04-10 13:55:00
1775829600,1.17276,1.17356,1.17267,1.17321,993.0,2026-04-10 14:00:00
1775829900,1.1732,1.17332,1.17301,1.17308,860.0,2026-04-10 14:05:00
1775830200,1.17309,1.17342,1.17273,1.17342,947.0,2026-04-10 14:10:00
1775830500,1.17341,1.17364,1.1732,1.1736,922.0,2026-04-10 14:15:00
1775830800,1.1736,1.17377,1.17348,1.1737,610.0,2026-04-10 14:20:00
1775831100,1.17372,1.17384,1.17351,1.17352,845.0,2026-04-10 14:25:00
1775831400,1.17352,1.17371,1.17326,1.17331,662.0,2026-04-10 14:30:00
1775831700,1.17332,1.17341,1.17306,1.17336,801.0,2026-04-10 14:35:00
1775832000,1.17336,1.17346,1.17258,1.17281,1511.0,2026-04-10 14:40:00
1775832300,1.17282,1.17294,1.17244,1.17262,1423.0,2026-04-10 14:45:00
1775832600,1.17264,1.17299,1.17228,1.17236,1639.0,2026-04-10 14:50:00
1775832900,1.17236,1.1729,1.17202,1.17278,2122.0,2026-04-10 14:55:00
1775833200,1.17278,1.17314,1.17274,1.17286,1117.0,2026-04-10 15:00:00
1775833500,1.17286,1.17328,1.17266,1.17327,751.0,2026-04-10 15:05:00
1775833800,1.17328,1.17354,1.17316,1.17348,649.0,2026-04-10 15:10:00
1775834100,1.17348,1.17368,1.17338,1.17346,757.0,2026-04-10 15:15:00
1775834400,1.17346,1.17396,1.17346,1.17386,875.0,2026-04-10 15:20:00
1775834700,1.17386,1.17386,1.1732,1.1732,1180.0,2026-04-10 15:25:00
1775835000,1.17321,1.17348,1.173,1.17311,1119.0,2026-04-10 15:30:00
1775835300,1.17312,1.17314,1.17295,1.17301,971.0,2026-04-10 15:35:00
1775835600,1.17302,1.17302,1.17267,1.17272,1052.0,2026-04-10 15:40:00
1775835900,1.17273,1.17278,1.17226,1.17231,946.0,2026-04-10 15:45:00
1775836200,1.17232,1.17252,1.17222,1.17233,595.0,2026-04-10 15:50:00
1775836500,1.17234,1.17242,1.17218,1.17224,435.0,2026-04-10 15:55:00
1775836800,1.17224,1.17245,1.17202,1.17242,610.0,2026-04-10 16:00:00
1775837100,1.17242,1.17242,1.17211,1.17218,514.0,2026-04-10 16:05:00
1775837400,1.17218,1.17254,1.17218,1.17248,520.0,2026-04-10 16:10:00
1775837700,1.17248,1.17248,1.17232,1.17238,326.0,2026-04-10 16:15:00
1775838000,1.17239,1.1724,1.17218,1.17237,465.0,2026-04-10 16:20:00
1775838300,1.17238,1.17239,1.17209,1.1721,498.0,2026-04-10 16:25:00
1775838600,1.1721,1.17213,1.17166,1.17174,644.0,2026-04-10 16:30:00
1775838900,1.17174,1.17193,1.17165,1.17176,789.0,2026-04-10 16:35:00
1775839200,1.17175,1.17176,1.17138,1.17141,648.0,2026-04-10 16:40:00
1775839500,1.1714,1.17176,1.17139,1.17147,548.0,2026-04-10 16:45:00
1775839800,1.17146,1.17198,1.17146,1.17195,512.0,2026-04-10 16:50:00
1775840100,1.17193,1.17216,1.17184,1.17204,559.0,2026-04-10 16:55:00
1775840400,1.17205,1.17207,1.1719,1.17206,431.0,2026-04-10 17:00:00
1775840700,1.17206,1.17226,1.17201,1.1722,415.0,2026-04-10 17:05:00
1775841000,1.17219,1.17246,1.17216,1.17232,370.0,2026-04-10 17:10:00
1775841300,1.17234,1.17244,1.17213,1.17214,404.0,2026-04-10 17:15:00
1775841600,1.17214,1.17224,1.17206,1.17216,298.0,2026-04-10 17:20:00
1775841900,1.17214,1.17231,1.17209,1.1723,300.0,2026-04-10 17:25:00
1775842200,1.17229,1.17234,1.17216,1.17224,356.0,2026-04-10 17:30:00
1775842500,1.17223,1.17234,1.17213,1.17234,362.0,2026-04-10 17:35:00
1775842800,1.17233,1.17252,1.17232,1.17244,394.0,2026-04-10 17:40:00
1775843100,1.17244,1.17257,1.17236,1.17242,389.0,2026-04-10 17:45:00
1775843400,1.17242,1.17262,1.17221,1.17221,327.0,2026-04-10 17:50:00
1775843700,1.17219,1.17238,1.17218,1.17234,289.0,2026-04-10 17:55:00
1775844000,1.17234,1.17234,1.1719,1.17194,456.0,2026-04-10 18:00:00
1775844300,1.17194,1.17214,1.17189,1.17204,362.0,2026-04-10 18:05:00
1775844600,1.17204,1.17241,1.17203,1.17234,440.0,2026-04-10 18:10:00
1775844900,1.17234,1.17264,1.17229,1.1726,429.0,2026-04-10 18:15:00
1775845200,1.1726,1.17284,1.17254,1.17266,684.0,2026-04-10 18:20:00
1775845500,1.17268,1.17296,1.1726,1.1729,470.0,2026-04-10 18:25:00
1775845800,1.17292,1.17331,1.17292,1.17329,575.0,2026-04-10 18:30:00
1775846100,1.17328,1.17354,1.17324,1.17345,545.0,2026-04-10 18:35:00
1775846400,1.17344,1.1735,1.17322,1.17324,491.0,2026-04-10 18:40:00
1775846700,1.17325,1.17328,1.17288,1.17295,360.0,2026-04-10 18:45:00
1775847000,1.17296,1.17314,1.17294,1.17314,340.0,2026-04-10 18:50:00
1775847300,1.17314,1.17318,1.17296,1.17316,365.0,2026-04-10 18:55:00
1775847600,1.17316,1.17326,1.17296,1.173,419.0,2026-04-10 19:00:00
1775847900,1.173,1.17304,1.1728,1.1728,365.0,2026-04-10 19:05:00
1775848200,1.17281,1.17298,1.17278,1.17282,303.0,2026-04-10 19:10:00
1775848500,1.17283,1.173,1.1728,1.17295,199.0,2026-04-10 19:15:00
1775848800,1.17297,1.17309,1.17288,1.17299,366.0,2026-04-10 19:20:00
1775849100,1.173,1.17312,1.17278,1.17282,327.0,2026-04-10 19:25:00
1775849400,1.17283,1.17296,1.17274,1.1729,270.0,2026-04-10 19:30:00
1775849700,1.1729,1.17304,1.17288,1.1729,195.0,2026-04-10 19:35:00
1775850000,1.1729,1.17296,1.17279,1.17293,304.0,2026-04-10 19:40:00
1775850300,1.17292,1.17297,1.17284,1.17287,151.0,2026-04-10 19:45:00
1775850600,1.17288,1.17298,1.17276,1.17287,283.0,2026-04-10 19:50:00
1775850900,1.17288,1.17288,1.17273,1.17274,434.0,2026-04-10 19:55:00
1775851200,1.17274,1.17292,1.17269,1.17283,310.0,2026-04-10 20:00:00
1775851500,1.17284,1.17288,1.17276,1.17288,124.0,2026-04-10 20:05:00
1775851800,1.17287,1.17298,1.17287,1.17288,224.0,2026-04-10 20:10:00
1775852100,1.1729,1.17296,1.17286,1.17293,208.0,2026-04-10 20:15:00
1775852400,1.17294,1.17294,1.17284,1.17284,215.0,2026-04-10 20:20:00
1775852700,1.17285,1.1729,1.17282,1.17286,621.0,2026-04-10 20:25:00
1775853000,1.17287,1.17298,1.17284,1.17292,609.0,2026-04-10 20:30:00
1775853300,1.17292,1.17302,1.17282,1.17294,320.0,2026-04-10 20:35:00
1775853600,1.17296,1.17304,1.17289,1.17294,170.0,2026-04-10 20:40:00
1775853900,1.17294,1.17311,1.17293,1.17304,219.0,2026-04-10 20:45:00
1775854200,1.17304,1.17309,1.17286,1.17302,473.0,2026-04-10 20:50:00
1775854500,1.17302,1.17304,1.17208,1.1725,899.0,2026-04-10 20:55:00
1776027600,1.16666,1.16674,1.16664,1.16664,13.0,2026-04-12 21:00:00
1776027900,1.16666,1.16682,1.16664,1.16674,469.0,2026-04-12 21:05:00
1776028200,1.16675,1.1671,1.16669,1.16709,267.0,2026-04-12 21:10:00
1776028500,1.16706,1.16748,1.167,1.16736,136.0,2026-04-12 21:15:00
1776028800,1.16734,1.16758,1.16734,1.16748,63.0,2026-04-12 21:20:00
1776029100,1.16747,1.16818,1.16744,1.16814,149.0,2026-04-12 21:25:00
1776029400,1.16813,1.16817,1.16794,1.1681,143.0,2026-04-12 21:30:00
1776029700,1.16806,1.16816,1.16783,1.16806,354.0,2026-04-12 21:35:00
1776030000,1.1681,1.16812,1.16786,1.16786,102.0,2026-04-12 21:40:00
1776030300,1.16785,1.16794,1.16784,1.16791,42.0,2026-04-12 21:45:00
1776030600,1.16792,1.16792,1.16776,1.16776,36.0,2026-04-12 21:50:00
1776030900,1.16782,1.16796,1.1673,1.16736,147.0,2026-04-12 21:55:00
1776031200,1.16735,1.16796,1.16701,1.16736,971.0,2026-04-12 22:00:00
1776031500,1.16737,1.16776,1.16695,1.16772,584.0,2026-04-12 22:05:00
1776031800,1.16772,1.16792,1.16746,1.16754,610.0,2026-04-12 22:10:00
1776032100,1.16754,1.16766,1.1672,1.16725,790.0,2026-04-12 22:15:00
1776032400,1.16722,1.16732,1.16682,1.16682,687.0,2026-04-12 22:20:00
1776032700,1.16682,1.16694,1.16661,1.1668,789.0,2026-04-12 22:25:00
1776033000,1.16682,1.16699,1.16658,1.16698,1278.0,2026-04-12 22:30:00
1776033300,1.16696,1.16708,1.16683,1.16703,802.0,2026-04-12 22:35:00
1776033600,1.16702,1.16719,1.16688,1.16718,713.0,2026-04-12 22:40:00
1776033900,1.16716,1.16735,1.16712,1.16714,564.0,2026-04-12 22:45:00
1776034200,1.16712,1.16722,1.16694,1.16701,346.0,2026-04-12 22:50:00
1776034500,1.167,1.16734,1.16694,1.16724,314.0,2026-04-12 22:55:00
1776034800,1.16724,1.1674,1.16718,1.16722,551.0,2026-04-12 23:00:00
1776035100,1.16723,1.16724,1.16696,1.16708,456.0,2026-04-12 23:05:00
1776035400,1.16706,1.16726,1.167,1.16707,291.0,2026-04-12 23:10:00
1776035700,1.16708,1.16708,1.16666,1.1667,310.0,2026-04-12 23:15:00
1776036000,1.16669,1.16672,1.1664,1.1664,400.0,2026-04-12 23:20:00
1776036300,1.16641,1.16684,1.16641,1.16682,371.0,2026-04-12 23:25:00
1776036600,1.16682,1.1671,1.16672,1.16702,284.0,2026-04-12 23:30:00
1776036900,1.16702,1.16724,1.167,1.16718,236.0,2026-04-12 23:35:00
1776037200,1.16718,1.16719,1.16694,1.16709,298.0,2026-04-12 23:40:00
1776037500,1.16708,1.16739,1.16708,1.16738,581.0,2026-04-12 23:45:00
1776037800,1.16738,1.16756,1.16732,1.16737,461.0,2026-04-12 23:50:00
1776038100,1.16738,1.1675,1.16719,1.1675,335.0,2026-04-12 23:55:00
1776038400,1.16752,1.1676,1.1671,1.1675,1091.0,2026-04-13 00:00:00
1776038700,1.16749,1.16776,1.1674,1.16774,705.0,2026-04-13 00:05:00
1776039000,1.16772,1.16796,1.16762,1.16786,640.0,2026-04-13 00:10:00
1776039300,1.16782,1.16801,1.16777,1.16786,725.0,2026-04-13 00:15:00
1776039600,1.16786,1.16817,1.16784,1.16813,481.0,2026-04-13 00:20:00
1776039900,1.16812,1.16837,1.16808,1.16808,331.0,2026-04-13 00:25:00
1776040200,1.16808,1.16854,1.16806,1.16848,397.0,2026-04-13 00:30:00
1776040500,1.16848,1.16854,1.16842,1.16846,299.0,2026-04-13 00:35:00
1776040800,1.16846,1.16862,1.16846,1.16846,250.0,2026-04-13 00:40:00
1776041100,1.16847,1.16861,1.16843,1.16853,301.0,2026-04-13 00:45:00
1776041400,1.16855,1.16862,1.16841,1.16861,491.0,2026-04-13 00:50:00
1776041700,1.1686,1.16876,1.16843,1.16876,533.0,2026-04-13 00:55:00
1776042000,1.16878,1.16892,1.16845,1.16851,740.0,2026-04-13 01:00:00
1776042300,1.16852,1.16888,1.16838,1.16884,535.0,2026-04-13 01:05:00
1776042600,1.16884,1.16898,1.16876,1.16882,431.0,2026-04-13 01:10:00
1776042900,1.16883,1.16888,1.16872,1.16882,386.0,2026-04-13 01:15:00
1776043200,1.16883,1.16888,1.16856,1.16857,395.0,2026-04-13 01:20:00
1776043500,1.16857,1.16868,1.16835,1.16842,480.0,2026-04-13 01:25:00
1776043800,1.1684,1.16842,1.16818,1.16836,474.0,2026-04-13 01:30:00
1776044100,1.16837,1.16842,1.16821,1.16822,271.0,2026-04-13 01:35:00
1776044400,1.16822,1.16829,1.16804,1.1682,388.0,2026-04-13 01:40:00
1776044700,1.1682,1.16846,1.16808,1.16836,447.0,2026-04-13 01:45:00
1776045000,1.16836,1.16864,1.16836,1.16862,318.0,2026-04-13 01:50:00
1776045300,1.16862,1.16874,1.16846,1.16862,494.0,2026-04-13 01:55:00
1776045600,1.16863,1.16874,1.16855,1.1687,239.0,2026-04-13 02:00:00
1776045900,1.1687,1.16878,1.16856,1.16878,278.0,2026-04-13 02:05:00
1776046200,1.16878,1.16881,1.16868,1.16874,149.0,2026-04-13 02:10:00
1776046500,1.16875,1.16876,1.16868,1.16874,196.0,2026-04-13 02:15:00
1776046800,1.16873,1.16888,1.16871,1.16882,174.0,2026-04-13 02:20:00
1776047100,1.16882,1.16884,1.16872,1.16874,157.0,2026-04-13 02:25:00
1776047400,1.16875,1.16902,1.16872,1.16872,286.0,2026-04-13 02:30:00
1776047700,1.16872,1.16876,1.16861,1.16865,164.0,2026-04-13 02:35:00
1776048000,1.16865,1.16877,1.16862,1.16866,168.0,2026-04-13 02:40:00
1776048300,1.16867,1.16878,1.16853,1.16856,242.0,2026-04-13 02:45:00
1776048600,1.16855,1.16886,1.16855,1.16885,187.0,2026-04-13 02:50:00
1776048900,1.16884,1.16891,1.16876,1.16885,214.0,2026-04-13 02:55:00
1776049200,1.16886,1.16894,1.1687,1.16873,202.0,2026-04-13 03:00:00
1776049500,1.16874,1.16876,1.16866,1.1687,213.0,2026-04-13 03:05:00
1776049800,1.1687,1.16872,1.16863,1.16866,157.0,2026-04-13 03:10:00
1776050100,1.16867,1.16878,1.1686,1.16872,162.0,2026-04-13 03:15:00
1776050400,1.16872,1.16876,1.16862,1.16862,104.0,2026-04-13 03:20:00
1776050700,1.16862,1.16878,1.16862,1.16866,153.0,2026-04-13 03:25:00
1776051000,1.16867,1.16876,1.16867,1.1687,152.0,2026-04-13 03:30:00
1776051300,1.1687,1.16872,1.16863,1.16866,161.0,2026-04-13 03:35:00
1776051600,1.16866,1.16888,1.16866,1.16884,198.0,2026-04-13 03:40:00
1776051900,1.16884,1.16886,1.16869,1.16885,204.0,2026-04-13 03:45:00
1776052200,1.16886,1.16886,1.16876,1.16879,131.0,2026-04-13 03:50:00
1776052500,1.16878,1.16886,1.16874,1.16882,148.0,2026-04-13 03:55:00
1776052800,1.16883,1.16884,1.1687,1.1688,163.0,2026-04-13 04:00:00
1776053100,1.16878,1.16901,1.16875,1.16898,144.0,2026-04-13 04:05:00
1776053400,1.16899,1.16901,1.16892,1.16898,144.0,2026-04-13 04:10:00
1776053700,1.16898,1.16902,1.1689,1.16894,138.0,2026-04-13 04:15:00
1776054000,1.16892,1.16892,1.16878,1.16882,162.0,2026-04-13 04:20:00
1776054300,1.16884,1.16896,1.16884,1.16888,124.0,2026-04-13 04:25:00
1776054600,1.16889,1.16898,1.16878,1.16878,155.0,2026-04-13 04:30:00
1776054900,1.16878,1.16878,1.16864,1.16866,168.0,2026-04-13 04:35:00
1776055200,1.16866,1.16878,1.16866,1.16874,257.0,2026-04-13 04:40:00
1776055500,1.16875,1.1688,1.16868,1.16873,123.0,2026-04-13 04:45:00
1776055800,1.16874,1.16878,1.16872,1.16877,130.0,2026-04-13 04:50:00
1776056100,1.16878,1.16888,1.16858,1.16862,308.0,2026-04-13 04:55:00
1776056400,1.16862,1.16868,1.16852,1.16856,356.0,2026-04-13 05:00:00
1776056700,1.16857,1.16865,1.16833,1.16841,231.0,2026-04-13 05:05:00
1776057000,1.16842,1.16848,1.16836,1.16846,173.0,2026-04-13 05:10:00
1776057300,1.16847,1.16866,1.16844,1.16845,270.0,2026-04-13 05:15:00
1776057600,1.16845,1.16861,1.16843,1.16856,243.0,2026-04-13 05:20:00
1776057900,1.16856,1.16873,1.16852,1.16868,188.0,2026-04-13 05:25:00
1776058200,1.16869,1.16872,1.16863,1.16872,189.0,2026-04-13 05:30:00
1776058500,1.16873,1.16887,1.16872,1.16878,358.0,2026-04-13 05:35:00
1776058800,1.1688,1.16886,1.16872,1.16878,288.0,2026-04-13 05:40:00
1776059100,1.16878,1.16891,1.16875,1.16876,387.0,2026-04-13 05:45:00
1776059400,1.16878,1.16884,1.1687,1.16875,284.0,2026-04-13 05:50:00
1776059700,1.16876,1.16886,1.16864,1.16878,382.0,2026-04-13 05:55:00
1776060000,1.1688,1.1691,1.16877,1.16904,939.0,2026-04-13 06:00:00
1776060300,1.16905,1.16946,1.16882,1.16941,614.0,2026-04-13 06:05:00
1776060600,1.16942,1.1695,1.1689,1.1689,527.0,2026-04-13 06:10:00
1776060900,1.1689,1.16918,1.16876,1.16886,533.0,2026-04-13 06:15:00
1776061200,1.16886,1.16912,1.16875,1.16906,380.0,2026-04-13 06:20:00
1776061500,1.16905,1.16922,1.16888,1.16888,485.0,2026-04-13 06:25:00
1776061800,1.1689,1.16906,1.1687,1.16876,382.0,2026-04-13 06:30:00
1776062100,1.16878,1.16883,1.16832,1.16832,534.0,2026-04-13 06:35:00
1776062400,1.16834,1.16845,1.1678,1.16792,720.0,2026-04-13 06:40:00
1776062700,1.16792,1.16802,1.1678,1.16792,687.0,2026-04-13 06:45:00
1776063000,1.16795,1.16826,1.16795,1.16822,759.0,2026-04-13 06:50:00
1776063300,1.16822,1.16863,1.16812,1.16857,637.0,2026-04-13 06:55:00
1776063600,1.16856,1.1692,1.16856,1.16888,877.0,2026-04-13 07:00:00
1776063900,1.16887,1.16898,1.16866,1.16868,635.0,2026-04-13 07:05:00
1776064200,1.16868,1.16903,1.16868,1.16885,493.0,2026-04-13 07:10:00
1776064500,1.16884,1.16898,1.16876,1.16892,412.0,2026-04-13 07:15:00
1776064800,1.16895,1.16934,1.16884,1.16924,525.0,2026-04-13 07:20:00
1776065100,1.16924,1.16969,1.16911,1.16969,564.0,2026-04-13 07:25:00
1776065400,1.16968,1.16999,1.16962,1.16992,538.0,2026-04-13 07:30:00
1776065700,1.16994,1.17002,1.16968,1.16978,448.0,2026-04-13 07:35:00
1776066000,1.16978,1.16983,1.16952,1.16957,470.0,2026-04-13 07:40:00
1776066300,1.16957,1.16971,1.16935,1.16936,450.0,2026-04-13 07:45:00
1776066600,1.16936,1.16958,1.16932,1.1695,319.0,2026-04-13 07:50:00
1776066900,1.1695,1.16984,1.16944,1.16971,543.0,2026-04-13 07:55:00
1776067200,1.16968,1.16971,1.1694,1.16942,601.0,2026-04-13 08:00:00
1776067500,1.16941,1.16949,1.16906,1.1694,523.0,2026-04-13 08:05:00
1776067800,1.16938,1.16948,1.16918,1.16921,406.0,2026-04-13 08:10:00
1776068100,1.1692,1.16932,1.16904,1.16926,451.0,2026-04-13 08:15:00
1776068400,1.16926,1.16942,1.16913,1.16932,420.0,2026-04-13 08:20:00
1776068700,1.16932,1.16936,1.16906,1.16918,378.0,2026-04-13 08:25:00
1776069000,1.16919,1.16931,1.16907,1.16916,372.0,2026-04-13 08:30:00
1776069300,1.16914,1.16924,1.16888,1.16892,315.0,2026-04-13 08:35:00
1776069600,1.16892,1.16893,1.16855,1.16869,481.0,2026-04-13 08:40:00
1776069900,1.16872,1.1688,1.16851,1.16856,386.0,2026-04-13 08:45:00
1776070200,1.16856,1.16859,1.16834,1.16846,478.0,2026-04-13 08:50:00
1776070500,1.16847,1.16865,1.16837,1.1686,480.0,2026-04-13 08:55:00
1776070800,1.16861,1.16901,1.16861,1.16874,725.0,2026-04-13 09:00:00
1776071100,1.16874,1.16877,1.16846,1.16851,398.0,2026-04-13 09:05:00
1776071400,1.1685,1.16857,1.1684,1.16845,337.0,2026-04-13 09:10:00
1776071700,1.16844,1.16882,1.16838,1.1688,411.0,2026-04-13 09:15:00
1776072000,1.1688,1.16886,1.16862,1.16862,332.0,2026-04-13 09:20:00
1776072300,1.1686,1.1688,1.16841,1.16878,339.0,2026-04-13 09:25:00
1776072600,1.16878,1.16905,1.16874,1.16898,353.0,2026-04-13 09:30:00
1776072900,1.16898,1.16928,1.16896,1.16905,532.0,2026-04-13 09:35:00
1776073200,1.16904,1.16906,1.16872,1.16884,387.0,2026-04-13 09:40:00
1776073500,1.16883,1.16886,1.16866,1.16868,274.0,2026-04-13 09:45:00
1776073800,1.16866,1.16876,1.16862,1.16876,250.0,2026-04-13 09:50:00
1776074100,1.16878,1.1689,1.1686,1.16862,322.0,2026-04-13 09:55:00
1776074400,1.16864,1.1688,1.16854,1.16858,444.0,2026-04-13 10:00:00
1776074700,1.16858,1.16864,1.16843,1.16861,367.0,2026-04-13 10:05:00
1776075000,1.16862,1.16868,1.16843,1.16858,411.0,2026-04-13 10:10:00
1776075300,1.16858,1.1686,1.16836,1.16836,390.0,2026-04-13 10:15:00
1776075600,1.16837,1.16858,1.16826,1.16848,443.0,2026-04-13 10:20:00
1776075900,1.16848,1.16862,1.1684,1.16856,287.0,2026-04-13 10:25:00
1776076200,1.16857,1.16868,1.1684,1.16868,314.0,2026-04-13 10:30:00
1776076500,1.16868,1.16885,1.16858,1.16884,310.0,2026-04-13 10:35:00
1776076800,1.16883,1.1689,1.16876,1.16881,258.0,2026-04-13 10:40:00
1776077100,1.16882,1.16924,1.16882,1.16922,303.0,2026-04-13 10:45:00
1776077400,1.16922,1.16951,1.16907,1.16948,433.0,2026-04-13 10:50:00
1776077700,1.16947,1.16948,1.16927,1.16936,360.0,2026-04-13 10:55:00
1776078000,1.16938,1.1699,1.16936,1.16978,1033.0,2026-04-13 11:00:00
1776078300,1.16976,1.16997,1.16972,1.16993,404.0,2026-04-13 11:05:00
1776078600,1.16992,1.16998,1.16976,1.16983,337.0,2026-04-13 11:10:00
1776078900,1.16982,1.16989,1.16978,1.16987,244.0,2026-04-13 11:15:00
1776079200,1.16986,1.1699,1.16972,1.16978,430.0,2026-04-13 11:20:00
1776079500,1.16979,1.16981,1.16961,1.16974,371.0,2026-04-13 11:25:00
1776079800,1.16974,1.16984,1.1697,1.16975,300.0,2026-04-13 11:30:00
1776080100,1.16976,1.16978,1.16904,1.16916,721.0,2026-04-13 11:35:00
1776080400,1.16916,1.16935,1.16902,1.16926,582.0,2026-04-13 11:40:00
1776080700,1.16926,1.16934,1.16901,1.16904,589.0,2026-04-13 11:45:00
1776081000,1.16904,1.16906,1.16864,1.16872,679.0,2026-04-13 11:50:00
1776081300,1.1687,1.16871,1.1681,1.16818,910.0,2026-04-13 11:55:00
1776081600,1.16818,1.16882,1.16808,1.16824,1177.0,2026-04-13 12:00:00
1776081900,1.16826,1.16849,1.16806,1.1684,852.0,2026-04-13 12:05:00
1776082200,1.1684,1.16875,1.16834,1.16868,549.0,2026-04-13 12:10:00
1776082500,1.16869,1.16878,1.16853,1.16878,486.0,2026-04-13 12:15:00
1776082800,1.16878,1.16878,1.16839,1.16848,480.0,2026-04-13 12:20:00
1776083100,1.16848,1.16876,1.16848,1.16855,488.0,2026-04-13 12:25:00
1776083400,1.16854,1.169,1.16846,1.16885,559.0,2026-04-13 12:30:00
1776083700,1.16886,1.16892,1.16842,1.16858,594.0,2026-04-13 12:35:00
1776084000,1.16859,1.16904,1.16859,1.169,600.0,2026-04-13 12:40:00
1776084300,1.169,1.16952,1.169,1.16943,641.0,2026-04-13 12:45:00
1776084600,1.16944,1.16988,1.1694,1.1698,785.0,2026-04-13 12:50:00
1776084900,1.1698,1.16992,1.16971,1.16984,509.0,2026-04-13 12:55:00
1776085200,1.16986,1.16996,1.16965,1.16986,672.0,2026-04-13 13:00:00
1776085500,1.16987,1.16993,1.16965,1.16968,547.0,2026-04-13 13:05:00
1776085800,1.16969,1.16994,1.16966,1.16991,500.0,2026-04-13 13:10:00
1776086100,1.16991,1.17,1.16964,1.16991,668.0,2026-04-13 13:15:00
1776086400,1.1699,1.17016,1.16978,1.16989,565.0,2026-04-13 13:20:00
1776086700,1.16988,1.16994,1.16966,1.16986,666.0,2026-04-13 13:25:00
1776087000,1.16986,1.17005,1.16972,1.16987,798.0,2026-04-13 13:30:00
1776087300,1.16988,1.17001,1.16978,1.16991,637.0,2026-04-13 13:35:00
1776087600,1.1699,1.17044,1.16986,1.17004,814.0,2026-04-13 13:40:00
1776087900,1.17004,1.17095,1.16989,1.17078,1788.0,2026-04-13 13:45:00
1776088200,1.17078,1.17124,1.17033,1.17076,2851.0,2026-04-13 13:50:00
1776088500,1.17076,1.1708,1.17025,1.17054,1493.0,2026-04-13 13:55:00
1776088800,1.17054,1.17075,1.17026,1.17044,1495.0,2026-04-13 14:00:00
1776089100,1.17044,1.17044,1.17004,1.17033,1025.0,2026-04-13 14:05:00
1776089400,1.17031,1.17086,1.1703,1.17075,1077.0,2026-04-13 14:10:00
1776089700,1.17074,1.17088,1.17052,1.17074,866.0,2026-04-13 14:15:00
1776090000,1.17073,1.17102,1.17008,1.17097,1693.0,2026-04-13 14:20:00
1776090300,1.17096,1.17135,1.17084,1.17131,1282.0,2026-04-13 14:25:00
1776090600,1.17132,1.17155,1.17114,1.17154,1006.0,2026-04-13 14:30:00
1776090900,1.17152,1.17157,1.1713,1.1715,829.0,2026-04-13 14:35:00
1776091200,1.17151,1.17186,1.17148,1.17182,636.0,2026-04-13 14:40:00
1776091500,1.17182,1.17209,1.17138,1.1714,871.0,2026-04-13 14:45:00
1776091800,1.17141,1.17145,1.1711,1.17144,816.0,2026-04-13 14:50:00
1776092100,1.17144,1.17149,1.17098,1.17102,841.0,2026-04-13 14:55:00
1776092400,1.17102,1.17118,1.1706,1.17066,1156.0,2026-04-13 15:00:00
1776092700,1.17067,1.17102,1.1705,1.17054,1124.0,2026-04-13 15:05:00
1776093000,1.17054,1.1708,1.17042,1.17078,629.0,2026-04-13 15:10:00
1776093300,1.1708,1.17092,1.17047,1.1705,712.0,2026-04-13 15:15:00
1776093600,1.17049,1.17074,1.17044,1.1706,578.0,2026-04-13 15:20:00
1776093900,1.17058,1.17076,1.1705,1.17056,584.0,2026-04-13 15:25:00
1776094200,1.17055,1.17058,1.17026,1.17058,740.0,2026-04-13 15:30:00
1776094500,1.17058,1.17126,1.17056,1.17096,889.0,2026-04-13 15:35:00
1776094800,1.17099,1.17114,1.17086,1.17096,744.0,2026-04-13 15:40:00
1776095100,1.17096,1.1712,1.1709,1.17119,508.0,2026-04-13 15:45:00
1776095400,1.1712,1.17121,1.17085,1.17086,459.0,2026-04-13 15:50:00
1776095700,1.17086,1.171,1.1708,1.17096,363.0,2026-04-13 15:55:00
1776096000,1.17098,1.1711,1.17071,1.17084,460.0,2026-04-13 16:00:00
1776096300,1.17084,1.17166,1.17072,1.17106,1694.0,2026-04-13 16:05:00
1776096600,1.17104,1.17124,1.1709,1.17106,713.0,2026-04-13 16:10:00
1776096900,1.17105,1.17117,1.17086,1.1709,511.0,2026-04-13 16:15:00
1776097200,1.1709,1.17144,1.17084,1.17097,888.0,2026-04-13 16:20:00
1776097500,1.17098,1.17146,1.17093,1.17133,600.0,2026-04-13 16:25:00
1776097800,1.17134,1.17217,1.17132,1.17168,1026.0,2026-04-13 16:30:00
1776098100,1.17168,1.17228,1.17164,1.17202,1220.0,2026-04-13 16:35:00
1776098400,1.17204,1.17264,1.17182,1.17261,1288.0,2026-04-13 16:40:00
1776098700,1.17259,1.17314,1.17254,1.17258,975.0,2026-04-13 16:45:00
1776099000,1.17259,1.17304,1.17246,1.17254,800.0,2026-04-13 16:50:00
1776099300,1.17255,1.17262,1.17244,1.1725,542.0,2026-04-13 16:55:00
1776099600,1.1725,1.17282,1.17246,1.17273,542.0,2026-04-13 17:00:00
1776099900,1.17272,1.1728,1.17256,1.1728,367.0,2026-04-13 17:05:00
1776100200,1.17279,1.1732,1.17279,1.17318,367.0,2026-04-13 17:10:00
1776100500,1.17321,1.17379,1.17315,1.17355,579.0,2026-04-13 17:15:00
1776100800,1.17352,1.17368,1.17328,1.17355,383.0,2026-04-13 17:20:00
1776101100,1.17354,1.17374,1.17346,1.1737,398.0,2026-04-13 17:25:00
1776101400,1.1737,1.17377,1.17348,1.17354,458.0,2026-04-13 17:30:00
1776101700,1.17352,1.17377,1.17342,1.17368,344.0,2026-04-13 17:35:00
1776102000,1.17371,1.17372,1.1734,1.17354,321.0,2026-04-13 17:40:00
1776102300,1.17353,1.17358,1.1733,1.17348,230.0,2026-04-13 17:45:00
1776102600,1.1735,1.17354,1.17332,1.17343,289.0,2026-04-13 17:50:00
1776102900,1.17344,1.17348,1.17328,1.17335,364.0,2026-04-13 17:55:00
1776103200,1.17337,1.17374,1.17336,1.17369,365.0,2026-04-13 18:00:00
1776103500,1.17368,1.17372,1.17354,1.17358,239.0,2026-04-13 18:05:00
1776103800,1.1736,1.17382,1.1736,1.1737,258.0,2026-04-13 18:10:00
1776104100,1.17371,1.17377,1.17364,1.17368,193.0,2026-04-13 18:15:00
1776104400,1.17369,1.17374,1.17354,1.17368,300.0,2026-04-13 18:20:00
1776104700,1.17367,1.17374,1.17354,1.1737,444.0,2026-04-13 18:25:00
1776105000,1.17368,1.17496,1.17366,1.17494,1353.0,2026-04-13 18:30:00
1776105300,1.17492,1.17505,1.17462,1.17496,903.0,2026-04-13 18:35:00
1776105600,1.17496,1.17506,1.17478,1.17502,443.0,2026-04-13 18:40:00
1776105900,1.17502,1.17554,1.17492,1.1754,561.0,2026-04-13 18:45:00
1776106200,1.17542,1.17584,1.17538,1.17584,768.0,2026-04-13 18:50:00
1776106500,1.17582,1.1766,1.17576,1.17645,1285.0,2026-04-13 18:55:00
1776106800,1.17643,1.1765,1.17568,1.1757,685.0,2026-04-13 19:00:00
1776107100,1.1757,1.17582,1.1754,1.17568,473.0,2026-04-13 19:05:00
1776107400,1.1757,1.17586,1.17562,1.17572,302.0,2026-04-13 19:10:00
1776107700,1.17571,1.17584,1.17568,1.17574,235.0,2026-04-13 19:15:00
1776108000,1.17572,1.17586,1.17561,1.17582,191.0,2026-04-13 19:20:00
1776108300,1.17583,1.17614,1.17582,1.17606,257.0,2026-04-13 19:25:00
1776108600,1.17608,1.17616,1.17596,1.17598,378.0,2026-04-13 19:30:00
1776108900,1.17598,1.17613,1.17595,1.17608,324.0,2026-04-13 19:35:00
1776109200,1.17607,1.1761,1.17585,1.17598,342.0,2026-04-13 19:40:00
1776109500,1.17596,1.17596,1.17579,1.17595,321.0,2026-04-13 19:45:00
1776109800,1.17596,1.17626,1.17596,1.17604,760.0,2026-04-13 19:50:00
1776110100,1.17608,1.17616,1.17596,1.17602,462.0,2026-04-13 19:55:00
1776110400,1.17602,1.17629,1.17601,1.17626,233.0,2026-04-13 20:00:00
1776110700,1.17626,1.17628,1.17612,1.17628,214.0,2026-04-13 20:05:00
1776111000,1.1763,1.17632,1.17612,1.17616,208.0,2026-04-13 20:10:00
1776111300,1.17616,1.17628,1.17614,1.1762,118.0,2026-04-13 20:15:00
1776111600,1.1762,1.17622,1.17596,1.17605,143.0,2026-04-13 20:20:00
1776111900,1.17607,1.17607,1.17584,1.17594,229.0,2026-04-13 20:25:00
1776112200,1.17595,1.17596,1.17586,1.17595,143.0,2026-04-13 20:30:00
1776112500,1.17596,1.17598,1.1759,1.17595,158.0,2026-04-13 20:35:00
1776112800,1.17596,1.17603,1.17594,1.17594,100.0,2026-04-13 20:40:00
1776113100,1.17594,1.17597,1.17575,1.1758,270.0,2026-04-13 20:45:00
1776113400,1.1758,1.17592,1.17567,1.17589,215.0,2026-04-13 20:50:00
1776113700,1.1759,1.17599,1.17582,1.17588,417.0,2026-04-13 20:55:00
1776114000,1.17576,1.17576,1.17576,1.17576,1.0,2026-04-13 21:00:00
1776114300,1.17574,1.17594,1.17562,1.17565,34.0,2026-04-13 21:05:00
1776114600,1.17566,1.17576,1.1756,1.17567,55.0,2026-04-13 21:10:00
1776114900,1.17566,1.17573,1.17564,1.17573,49.0,2026-04-13 21:15:00
1776115200,1.1757,1.17588,1.1757,1.17584,76.0,2026-04-13 21:20:00
1776115500,1.1759,1.17598,1.17589,1.17592,50.0,2026-04-13 21:25:00
1776115800,1.17591,1.17593,1.17587,1.17587,34.0,2026-04-13 21:30:00
1776116100,1.17588,1.1759,1.17568,1.17573,51.0,2026-04-13 21:35:00
1776116400,1.17572,1.17576,1.17567,1.1757,187.0,2026-04-13 21:40:00
1776116700,1.1757,1.17593,1.1757,1.1759,187.0,2026-04-13 21:45:00
1776117000,1.17592,1.17592,1.17554,1.17576,440.0,2026-04-13 21:50:00
1776117300,1.17576,1.17584,1.1756,1.17579,340.0,2026-04-13 21:55:00
1776117600,1.17581,1.17651,1.17576,1.17634,367.0,2026-04-13 22:00:00
1776117900,1.17633,1.17638,1.17616,1.17628,129.0,2026-04-13 22:05:00
1776118200,1.17628,1.17632,1.17615,1.17616,149.0,2026-04-13 22:10:00
1776118500,1.17618,1.17618,1.17594,1.17595,95.0,2026-04-13 22:15:00
1776118800,1.17594,1.17606,1.17586,1.17601,131.0,2026-04-13 22:20:00
1776119100,1.17603,1.17616,1.17601,1.17604,94.0,2026-04-13 22:25:00
1776119400,1.17603,1.17614,1.176,1.17602,183.0,2026-04-13 22:30:00
1776119700,1.17602,1.17604,1.17592,1.17598,118.0,2026-04-13 22:35:00
1776120000,1.17596,1.17602,1.17594,1.17602,72.0,2026-04-13 22:40:00
1776120300,1.17603,1.1761,1.176,1.17608,109.0,2026-04-13 22:45:00
1776120600,1.17609,1.17613,1.17606,1.17608,96.0,2026-04-13 22:50:00
1776120900,1.17607,1.17618,1.17605,1.17616,139.0,2026-04-13 22:55:00
1776121200,1.17616,1.17638,1.1761,1.17637,175.0,2026-04-13 23:00:00
1776121500,1.17636,1.17645,1.1763,1.17644,171.0,2026-04-13 23:05:00
1776121800,1.17642,1.17649,1.17632,1.17632,143.0,2026-04-13 23:10:00
1776122100,1.17633,1.17646,1.1763,1.17646,187.0,2026-04-13 23:15:00
1776122400,1.17647,1.17657,1.17644,1.17653,166.0,2026-04-13 23:20:00
1776122700,1.17652,1.17654,1.17647,1.17648,97.0,2026-04-13 23:25:00
1776123000,1.17648,1.17654,1.17644,1.17648,141.0,2026-04-13 23:30:00
1776123300,1.17648,1.17656,1.17646,1.17654,137.0,2026-04-13 23:35:00
1776123600,1.17652,1.17658,1.17646,1.17648,185.0,2026-04-13 23:40:00
1776123900,1.17648,1.17664,1.17648,1.17654,166.0,2026-04-13 23:45:00
1776124200,1.17654,1.17662,1.17646,1.17658,197.0,2026-04-13 23:50:00
1776124500,1.17658,1.1767,1.17653,1.17669,188.0,2026-04-13 23:55:00
1776124800,1.1767,1.17672,1.1763,1.17632,867.0,2026-04-14 00:00:00
1776125100,1.1763,1.17636,1.17612,1.17625,451.0,2026-04-14 00:05:00
1776125400,1.17624,1.17642,1.17621,1.17642,308.0,2026-04-14 00:10:00
1776125700,1.17642,1.1767,1.17642,1.17663,360.0,2026-04-14 00:15:00
1776126000,1.17662,1.17681,1.17658,1.17665,307.0,2026-04-14 00:20:00
1776126300,1.17664,1.17664,1.17642,1.17652,341.0,2026-04-14 00:25:00
1776126600,1.17653,1.17672,1.17646,1.1765,239.0,2026-04-14 00:30:00
1776126900,1.1765,1.1765,1.17638,1.17646,175.0,2026-04-14 00:35:00
1776127200,1.17646,1.17656,1.17638,1.17651,192.0,2026-04-14 00:40:00
1776127500,1.1765,1.17654,1.17632,1.17644,262.0,2026-04-14 00:45:00
1776127800,1.17644,1.1766,1.17637,1.17654,272.0,2026-04-14 00:50:00
1776128100,1.17654,1.17666,1.17643,1.17664,243.0,2026-04-14 00:55:00
1776128400,1.17664,1.17664,1.17643,1.17645,215.0,2026-04-14 01:00:00
1776128700,1.17646,1.17678,1.17646,1.17662,324.0,2026-04-14 01:05:00
1776129000,1.17661,1.17668,1.17648,1.17654,268.0,2026-04-14 01:10:00
1776129300,1.17656,1.17656,1.17629,1.17629,286.0,2026-04-14 01:15:00
1776129600,1.17628,1.17639,1.1762,1.17624,196.0,2026-04-14 01:20:00
1776129900,1.17624,1.1765,1.17624,1.17648,240.0,2026-04-14 01:25:00
1776130200,1.17647,1.17647,1.1763,1.17638,231.0,2026-04-14 01:30:00
1776130500,1.17638,1.17641,1.17623,1.1764,281.0,2026-04-14 01:35:00
1776130800,1.17641,1.17656,1.17624,1.17641,369.0,2026-04-14 01:40:00
1776131100,1.1764,1.1764,1.17622,1.17627,243.0,2026-04-14 01:45:00
1776131400,1.17626,1.17634,1.17616,1.17617,299.0,2026-04-14 01:50:00
1776131700,1.17618,1.17619,1.17595,1.17602,318.0,2026-04-14 01:55:00
1776132000,1.17602,1.17614,1.17592,1.17612,242.0,2026-04-14 02:00:00
1776132300,1.17613,1.1762,1.17608,1.17612,266.0,2026-04-14 02:05:00
1776132600,1.17612,1.17622,1.17592,1.17596,181.0,2026-04-14 02:10:00
1776132900,1.17596,1.17599,1.17592,1.17592,153.0,2026-04-14 02:15:00
1776133200,1.17592,1.17592,1.17573,1.17586,131.0,2026-04-14 02:20:00
1776133500,1.17584,1.17588,1.17582,1.17582,89.0,2026-04-14 02:25:00
1776133800,1.17582,1.17582,1.17566,1.17572,134.0,2026-04-14 02:30:00
1776134100,1.17572,1.17584,1.17563,1.17584,186.0,2026-04-14 02:35:00
1776134400,1.17585,1.17604,1.17585,1.17598,197.0,2026-04-14 02:40:00
1776134700,1.176,1.17604,1.17594,1.17594,94.0,2026-04-14 02:45:00
1776135000,1.17594,1.176,1.17584,1.17585,141.0,2026-04-14 02:50:00
1776135300,1.17586,1.1761,1.17582,1.17608,313.0,2026-04-14 02:55:00
1776135600,1.17607,1.17612,1.17599,1.17603,260.0,2026-04-14 03:00:00
1776135900,1.17604,1.17605,1.17592,1.17593,119.0,2026-04-14 03:05:00
1776136200,1.17594,1.17598,1.1759,1.17592,121.0,2026-04-14 03:10:00
1776136500,1.17594,1.17614,1.17593,1.17603,247.0,2026-04-14 03:15:00
1776136800,1.17604,1.17616,1.17598,1.17603,159.0,2026-04-14 03:20:00
1776137100,1.17604,1.17607,1.17598,1.17605,149.0,2026-04-14 03:25:00
1776137400,1.17604,1.17628,1.17604,1.17624,225.0,2026-04-14 03:30:00
1776137700,1.17624,1.1763,1.17614,1.17629,103.0,2026-04-14 03:35:00
1776138000,1.17628,1.17654,1.17628,1.17638,136.0,2026-04-14 03:40:00
1776138300,1.17639,1.17658,1.17638,1.17658,157.0,2026-04-14 03:45:00
1776138600,1.17655,1.17681,1.17653,1.17679,140.0,2026-04-14 03:50:00
1776138900,1.1768,1.17684,1.1767,1.1767,109.0,2026-04-14 03:55:00
1776139200,1.17668,1.17672,1.17667,1.17668,55.0,2026-04-14 04:00:00
1776139500,1.17668,1.17668,1.17662,1.17667,84.0,2026-04-14 04:05:00
1776139800,1.17666,1.17666,1.17657,1.17658,68.0,2026-04-14 04:10:00
1776140100,1.17658,1.17671,1.17646,1.17667,137.0,2026-04-14 04:15:00
1776140400,1.17667,1.17681,1.17666,1.17678,95.0,2026-04-14 04:20:00
1776140700,1.17677,1.17694,1.17676,1.17682,128.0,2026-04-14 04:25:00
1776141000,1.17682,1.17682,1.17672,1.17673,91.0,2026-04-14 04:30:00
1776141300,1.17674,1.17678,1.17668,1.17669,94.0,2026-04-14 04:35:00
1776141600,1.17669,1.17675,1.17666,1.17674,81.0,2026-04-14 04:40:00
1776141900,1.17674,1.17688,1.17673,1.17684,110.0,2026-04-14 04:45:00
1776142200,1.17684,1.177,1.1768,1.17694,122.0,2026-04-14 04:50:00
1776142500,1.17695,1.17696,1.17669,1.17669,188.0,2026-04-14 04:55:00
1776142800,1.17668,1.17696,1.17663,1.17689,301.0,2026-04-14 05:00:00
1776143100,1.1769,1.17696,1.17672,1.17677,296.0,2026-04-14 05:05:00
1776143400,1.17676,1.17676,1.17646,1.17652,215.0,2026-04-14 05:10:00
1776143700,1.17653,1.17658,1.17638,1.17642,159.0,2026-04-14 05:15:00
1776144000,1.17644,1.17647,1.17632,1.17632,116.0,2026-04-14 05:20:00
1776144300,1.17631,1.17632,1.17606,1.17614,218.0,2026-04-14 05:25:00
1776144600,1.17614,1.17617,1.17595,1.17612,242.0,2026-04-14 05:30:00
1776144900,1.17612,1.1764,1.17596,1.17638,201.0,2026-04-14 05:35:00
1776145200,1.17638,1.17658,1.17638,1.17658,226.0,2026-04-14 05:40:00
1776145500,1.17657,1.17664,1.17636,1.17638,213.0,2026-04-14 05:45:00
1776145800,1.17638,1.17652,1.17628,1.17637,275.0,2026-04-14 05:50:00
1776146100,1.17637,1.17648,1.17628,1.17642,307.0,2026-04-14 05:55:00
1776146400,1.17642,1.17711,1.17642,1.17646,816.0,2026-04-14 06:00:00
1776146700,1.17646,1.1765,1.17628,1.17628,378.0,2026-04-14 06:05:00
1776147000,1.17629,1.1764,1.1761,1.17613,324.0,2026-04-14 06:10:00
1776147300,1.17612,1.1762,1.17588,1.17588,372.0,2026-04-14 06:15:00
1776147600,1.17588,1.17598,1.17582,1.17596,398.0,2026-04-14 06:20:00
1776147900,1.17596,1.1764,1.17585,1.17636,428.0,2026-04-14 06:25:00
1776148200,1.17636,1.1766,1.1763,1.1766,396.0,2026-04-14 06:30:00
1776148500,1.17658,1.17662,1.17628,1.17633,350.0,2026-04-14 06:35:00
1776148800,1.17632,1.17678,1.17629,1.17676,404.0,2026-04-14 06:40:00
1776149100,1.17674,1.1773,1.17672,1.17707,655.0,2026-04-14 06:45:00
1776149400,1.17705,1.1775,1.177,1.17736,442.0,2026-04-14 06:50:00
1776149700,1.17735,1.17784,1.17728,1.17781,784.0,2026-04-14 06:55:00
1776150000,1.17782,1.17914,1.17774,1.17888,1562.0,2026-04-14 07:00:00
1776150300,1.17888,1.17966,1.17888,1.17933,1522.0,2026-04-14 07:05:00
1776150600,1.17932,1.17933,1.17842,1.17858,1055.0,2026-04-14 07:10:00
1776150900,1.17858,1.17868,1.17794,1.17794,778.0,2026-04-14 07:15:00
1776151200,1.17794,1.17834,1.17794,1.178,713.0,2026-04-14 07:20:00
1776151500,1.17802,1.17837,1.17802,1.17832,530.0,2026-04-14 07:25:00
1776151800,1.17832,1.17888,1.17829,1.17886,778.0,2026-04-14 07:30:00
1776152100,1.17887,1.17914,1.17862,1.17912,592.0,2026-04-14 07:35:00
1776152400,1.17914,1.17922,1.17864,1.17876,550.0,2026-04-14 07:40:00
1776152700,1.17878,1.17915,1.1786,1.1786,501.0,2026-04-14 07:45:00
1776153000,1.17858,1.17874,1.17798,1.17816,760.0,2026-04-14 07:50:00
1776153300,1.17816,1.17828,1.178,1.178,647.0,2026-04-14 07:55:00
1776153600,1.178,1.17814,1.1779,1.17802,905.0,2026-04-14 08:00:00
1776153900,1.178,1.17804,1.17776,1.17778,665.0,2026-04-14 08:05:00
1776154200,1.1778,1.17794,1.17762,1.1777,821.0,2026-04-14 08:10:00
1776154500,1.17772,1.17782,1.17754,1.17757,636.0,2026-04-14 08:15:00
1776154800,1.17756,1.17776,1.17752,1.17764,404.0,2026-04-14 08:20:00
1776155100,1.17764,1.17797,1.17764,1.17792,576.0,2026-04-14 08:25:00
1776155400,1.17792,1.17817,1.17772,1.17784,732.0,2026-04-14 08:30:00
1776155700,1.17785,1.17824,1.17778,1.17821,678.0,2026-04-14 08:35:00
1776156000,1.17821,1.17846,1.17804,1.17839,426.0,2026-04-14 08:40:00
1776156300,1.1784,1.1784,1.17819,1.17828,389.0,2026-04-14 08:45:00
1776156600,1.17827,1.17839,1.1782,1.17826,331.0,2026-04-14 08:50:00
1776156900,1.17824,1.1783,1.17805,1.17827,313.0,2026-04-14 08:55:00
1776157200,1.17828,1.17886,1.17826,1.17886,481.0,2026-04-14 09:00:00
1776157500,1.17888,1.1789,1.17858,1.1788,427.0,2026-04-14 09:05:00
1776157800,1.17881,1.17905,1.17874,1.17878,576.0,2026-04-14 09:10:00
1776158100,1.17878,1.17892,1.17876,1.1788,384.0,2026-04-14 09:15:00
1776158400,1.1788,1.17892,1.17864,1.17875,318.0,2026-04-14 09:20:00
1776158700,1.17874,1.17875,1.17844,1.17844,275.0,2026-04-14 09:25:00
1776159000,1.17844,1.17846,1.17819,1.1784,348.0,2026-04-14 09:30:00
1776159300,1.17839,1.17916,1.17839,1.17914,426.0,2026-04-14 09:35:00
1776159600,1.17913,1.17926,1.17898,1.179,375.0,2026-04-14 09:40:00
1776159900,1.179,1.179,1.17866,1.17876,327.0,2026-04-14 09:45:00
1776160200,1.17876,1.17888,1.17866,1.1788,393.0,2026-04-14 09:50:00
1776160500,1.17882,1.17889,1.17864,1.17888,407.0,2026-04-14 09:55:00
1776160800,1.17889,1.17906,1.17883,1.17903,405.0,2026-04-14 10:00:00
1776161100,1.17904,1.17968,1.17904,1.17961,671.0,2026-04-14 10:05:00
1776161400,1.17962,1.17988,1.17962,1.1798,476.0,2026-04-14 10:10:00
1776161700,1.1798,1.1798,1.17948,1.17966,425.0,2026-04-14 10:15:00
1776162000,1.17967,1.17967,1.17936,1.17952,503.0,2026-04-14 10:20:00
1776162300,1.17952,1.1796,1.17925,1.17928,395.0,2026-04-14 10:25:00
1776162600,1.17926,1.17964,1.17916,1.17949,420.0,2026-04-14 10:30:00
1776162900,1.17948,1.17956,1.17922,1.17935,401.0,2026-04-14 10:35:00
1776163200,1.17936,1.17944,1.17923,1.17936,372.0,2026-04-14 10:40:00
1776163500,1.17936,1.17966,1.17932,1.17956,346.0,2026-04-14 10:45:00
1776163800,1.17956,1.17966,1.17951,1.17958,341.0,2026-04-14 10:50:00
1776164100,1.17959,1.17982,1.17958,1.17966,418.0,2026-04-14 10:55:00
1776164400,1.17966,1.1798,1.17958,1.17975,487.0,2026-04-14 11:00:00
1776164700,1.17976,1.18004,1.1797,1.17981,447.0,2026-04-14 11:05:00
1776165000,1.17983,1.18005,1.17978,1.17996,475.0,2026-04-14 11:10:00
1776165300,1.17995,1.18017,1.17989,1.18008,371.0,2026-04-14 11:15:00
1776165600,1.18006,1.18008,1.17995,1.18006,299.0,2026-04-14 11:20:00
1776165900,1.18006,1.1802,1.17994,1.18014,313.0,2026-04-14 11:25:00
1776166200,1.18016,1.1802,1.17959,1.1796,446.0,2026-04-14 11:30:00
1776166500,1.1796,1.17986,1.17954,1.17982,421.0,2026-04-14 11:35:00
1776166800,1.17982,1.18012,1.17982,1.17991,439.0,2026-04-14 11:40:00
1776167100,1.17992,1.18021,1.17989,1.18016,350.0,2026-04-14 11:45:00
1776167400,1.18017,1.18025,1.1799,1.17998,499.0,2026-04-14 11:50:00
1776167700,1.17997,1.18064,1.17964,1.17996,1586.0,2026-04-14 11:55:00
1776168000,1.17996,1.18006,1.17928,1.17937,1265.0,2026-04-14 12:00:00
1776168300,1.17936,1.17954,1.17929,1.1793,749.0,2026-04-14 12:05:00
1776168600,1.17932,1.17974,1.17932,1.17966,716.0,2026-04-14 12:10:00
1776168900,1.17968,1.17979,1.17938,1.17975,818.0,2026-04-14 12:15:00
1776169200,1.17975,1.17978,1.17952,1.17966,595.0,2026-04-14 12:20:00
1776169500,1.17968,1.18029,1.17958,1.18006,1150.0,2026-04-14 12:25:00
1776169800,1.18009,1.1806,1.17982,1.17992,1591.0,2026-04-14 12:30:00
1776170100,1.17992,1.18018,1.17986,1.17988,777.0,2026-04-14 12:35:00
1776170400,1.17987,1.18006,1.1795,1.17964,694.0,2026-04-14 12:40:00
1776170700,1.17964,1.18023,1.17962,1.18022,860.0,2026-04-14 12:45:00
1776171000,1.18022,1.18033,1.17999,1.18017,698.0,2026-04-14 12:50:00
1776171300,1.18019,1.1805,1.18016,1.18046,753.0,2026-04-14 12:55:00
1776171600,1.18046,1.18071,1.18036,1.18048,842.0,2026-04-14 13:00:00
1776171900,1.18047,1.18062,1.18018,1.1806,702.0,2026-04-14 13:05:00
1776172200,1.18061,1.18078,1.18034,1.18054,761.0,2026-04-14 13:10:00
1776172500,1.18054,1.18054,1.17982,1.18016,920.0,2026-04-14 13:15:00
1776172800,1.18016,1.18023,1.17982,1.18,651.0,2026-04-14 13:20:00
1776173100,1.18,1.1801,1.17955,1.17962,668.0,2026-04-14 13:25:00
1776173400,1.17962,1.17986,1.17936,1.17982,1305.0,2026-04-14 13:30:00
1776173700,1.1798,1.18039,1.17979,1.18025,1157.0,2026-04-14 13:35:00
1776174000,1.18024,1.18053,1.18008,1.18036,722.0,2026-04-14 13:40:00
1776174300,1.18035,1.18037,1.18007,1.18032,675.0,2026-04-14 13:45:00
1776174600,1.18032,1.18037,1.18007,1.1802,710.0,2026-04-14 13:50:00
1776174900,1.18019,1.18019,1.17978,1.17994,855.0,2026-04-14 13:55:00
1776175200,1.17992,1.18026,1.17984,1.18002,1019.0,2026-04-14 14:00:00
1776175500,1.18002,1.18012,1.17934,1.17982,1243.0,2026-04-14 14:05:00
1776175800,1.17982,1.18014,1.17958,1.1801,1062.0,2026-04-14 14:10:00
1776176100,1.1801,1.18052,1.18006,1.18046,902.0,2026-04-14 14:15:00
1776176400,1.18046,1.18068,1.18015,1.18018,785.0,2026-04-14 14:20:00
1776176700,1.1802,1.18044,1.18012,1.1803,969.0,2026-04-14 14:25:00
1776177000,1.18028,1.18054,1.18016,1.1805,732.0,2026-04-14 14:30:00
1776177300,1.1805,1.18082,1.1804,1.18053,673.0,2026-04-14 14:35:00
1776177600,1.18054,1.18076,1.18042,1.1807,465.0,2026-04-14 14:40:00
1776177900,1.18071,1.18083,1.1805,1.18074,480.0,2026-04-14 14:45:00
1776178200,1.18074,1.18098,1.18024,1.18096,771.0,2026-04-14 14:50:00
1776178500,1.18096,1.18112,1.18072,1.18088,1675.0,2026-04-14 14:55:00
1776178800,1.18086,1.18086,1.18018,1.1802,1206.0,2026-04-14 15:00:00
1776179100,1.18022,1.18047,1.18,1.18018,1002.0,2026-04-14 15:05:00
1776179400,1.1802,1.18028,1.1799,1.17992,729.0,2026-04-14 15:10:00
1776179700,1.17992,1.17995,1.17944,1.1798,1010.0,2026-04-14 15:15:00
1776180000,1.1798,1.18018,1.17964,1.17992,1623.0,2026-04-14 15:20:00
1776180300,1.17992,1.17996,1.17961,1.17975,1052.0,2026-04-14 15:25:00
1776180600,1.17976,1.18029,1.17976,1.18,1194.0,2026-04-14 15:30:00
1776180900,1.18,1.18007,1.17961,1.17962,1056.0,2026-04-14 15:35:00
1776181200,1.17962,1.17964,1.17925,1.17925,852.0,2026-04-14 15:40:00
1776181500,1.17926,1.1793,1.17875,1.17878,913.0,2026-04-14 15:45:00
1776181800,1.17879,1.17902,1.17878,1.1789,615.0,2026-04-14 15:50:00
1776182100,1.1789,1.17922,1.1789,1.17905,644.0,2026-04-14 15:55:00
1776182400,1.17905,1.17925,1.17894,1.17908,647.0,2026-04-14 16:00:00
1776182700,1.17909,1.1791,1.17882,1.17896,475.0,2026-04-14 16:05:00
1776183000,1.17895,1.17924,1.17886,1.17922,499.0,2026-04-14 16:10:00
1776183300,1.17921,1.17946,1.1792,1.17935,735.0,2026-04-14 16:15:00
1776183600,1.17936,1.17942,1.17918,1.17928,468.0,2026-04-14 16:20:00
1776183900,1.17928,1.1796,1.17928,1.17956,488.0,2026-04-14 16:25:00
1776184200,1.17955,1.17956,1.17938,1.1795,558.0,2026-04-14 16:30:00
1776184500,1.17951,1.17956,1.1793,1.17956,268.0,2026-04-14 16:35:00
1776184800,1.17958,1.17971,1.17949,1.17958,401.0,2026-04-14 16:40:00
1776185100,1.17957,1.17958,1.17934,1.17945,356.0,2026-04-14 16:45:00
1776185400,1.17946,1.17952,1.17928,1.1795,277.0,2026-04-14 16:50:00
1776185700,1.17952,1.17955,1.17941,1.17942,368.0,2026-04-14 16:55:00
1776186000,1.17942,1.1795,1.17926,1.17931,416.0,2026-04-14 17:00:00
1776186300,1.1793,1.17951,1.17918,1.1795,389.0,2026-04-14 17:05:00
1776186600,1.17951,1.17957,1.1794,1.17948,280.0,2026-04-14 17:10:00
1776186900,1.17947,1.17979,1.17944,1.17979,297.0,2026-04-14 17:15:00
1776187200,1.17978,1.17992,1.17971,1.17992,330.0,2026-04-14 17:20:00
1776187500,1.17992,1.17996,1.17979,1.17979,243.0,2026-04-14 17:25:00
1776187800,1.17978,1.17984,1.17952,1.1796,386.0,2026-04-14 17:30:00
1776188100,1.17959,1.17976,1.17958,1.17974,269.0,2026-04-14 17:35:00
1776188400,1.17976,1.17994,1.17972,1.17988,265.0,2026-04-14 17:40:00
1776188700,1.17988,1.17992,1.17973,1.17979,260.0,2026-04-14 17:45:00
1776189000,1.1798,1.1798,1.1796,1.17974,204.0,2026-04-14 17:50:00
1776189300,1.17974,1.17976,1.17947,1.17958,301.0,2026-04-14 17:55:00
1776189600,1.1796,1.17969,1.17947,1.17949,332.0,2026-04-14 18:00:00
1776189900,1.17948,1.17966,1.17944,1.17966,498.0,2026-04-14 18:05:00
1776190200,1.17966,1.17969,1.1795,1.17961,421.0,2026-04-14 18:10:00
1776190500,1.1796,1.17962,1.17938,1.17946,359.0,2026-04-14 18:15:00
1776190800,1.17946,1.17953,1.17927,1.17932,491.0,2026-04-14 18:20:00
1776191100,1.17934,1.17953,1.17925,1.17928,508.0,2026-04-14 18:25:00
1776191400,1.17928,1.17939,1.17914,1.17922,478.0,2026-04-14 18:30:00
1776191700,1.17924,1.17949,1.17923,1.17942,723.0,2026-04-14 18:35:00
1776192000,1.1794,1.17948,1.17922,1.17924,648.0,2026-04-14 18:40:00
1776192300,1.17922,1.17922,1.17905,1.17908,242.0,2026-04-14 18:45:00
1776192600,1.17907,1.17938,1.17906,1.17932,270.0,2026-04-14 18:50:00
1776192900,1.17932,1.17948,1.17926,1.1793,394.0,2026-04-14 18:55:00
1776193200,1.1793,1.17946,1.17912,1.1794,424.0,2026-04-14 19:00:00
1776193500,1.17941,1.17955,1.1794,1.1795,181.0,2026-04-14 19:05:00
1776193800,1.17948,1.1795,1.17934,1.17934,186.0,2026-04-14 19:10:00
1776194100,1.17935,1.17936,1.1792,1.17926,145.0,2026-04-14 19:15:00
1776194400,1.17925,1.17941,1.17925,1.17928,183.0,2026-04-14 19:20:00
1776194700,1.17928,1.1793,1.17922,1.17928,149.0,2026-04-14 19:25:00
1776195000,1.17928,1.17938,1.17913,1.1792,234.0,2026-04-14 19:30:00
1776195300,1.17918,1.17924,1.17906,1.17922,177.0,2026-04-14 19:35:00
1776195600,1.17921,1.17922,1.17912,1.17919,144.0,2026-04-14 19:40:00
1776195900,1.17918,1.17932,1.17912,1.17918,210.0,2026-04-14 19:45:00
1776196200,1.17919,1.17934,1.17918,1.17922,325.0,2026-04-14 19:50:00
1776196500,1.17923,1.1793,1.17911,1.17919,372.0,2026-04-14 19:55:00
1776196800,1.1792,1.17932,1.17914,1.17932,268.0,2026-04-14 20:00:00
1776197100,1.17932,1.17951,1.17932,1.17944,136.0,2026-04-14 20:05:00
1776197400,1.17945,1.17946,1.17936,1.17946,93.0,2026-04-14 20:10:00
1776197700,1.17948,1.17948,1.17934,1.17934,114.0,2026-04-14 20:15:00
1776198000,1.17935,1.17951,1.17934,1.17944,93.0,2026-04-14 20:20:00
1776198300,1.17944,1.17952,1.1794,1.17952,114.0,2026-04-14 20:25:00
1776198600,1.1795,1.17952,1.17941,1.17942,85.0,2026-04-14 20:30:00
1776198900,1.17942,1.17944,1.17936,1.17944,106.0,2026-04-14 20:35:00
1776199200,1.17942,1.17951,1.17936,1.17936,110.0,2026-04-14 20:40:00
1776199500,1.17937,1.1795,1.17932,1.17948,203.0,2026-04-14 20:45:00
1776199800,1.17947,1.17958,1.17942,1.17948,139.0,2026-04-14 20:50:00
1776200100,1.1795,1.17962,1.17934,1.1796,240.0,2026-04-14 20:55:00
1776200400,1.17966,1.17966,1.17966,1.17966,1.0,2026-04-14 21:00:00
1776200700,1.1796,1.1796,1.17942,1.17942,53.0,2026-04-14 21:05:00
1776201000,1.17944,1.17949,1.17944,1.17944,28.0,2026-04-14 21:10:00
1776201300,1.17944,1.17952,1.17932,1.17941,41.0,2026-04-14 21:15:00
1776201600,1.17938,1.17939,1.17914,1.17914,40.0,2026-04-14 21:20:00
1776201900,1.17918,1.17928,1.17916,1.17916,17.0,2026-04-14 21:25:00
1776202200,1.17915,1.1792,1.17906,1.17914,92.0,2026-04-14 21:30:00
1776202500,1.17915,1.1792,1.17904,1.17914,64.0,2026-04-14 21:35:00
1776202800,1.17916,1.1792,1.17907,1.17912,136.0,2026-04-14 21:40:00
1776203100,1.17912,1.17927,1.17908,1.1792,172.0,2026-04-14 21:45:00
1776203400,1.17921,1.17927,1.17917,1.17923,120.0,2026-04-14 21:50:00
1776203700,1.17924,1.17928,1.17918,1.17922,85.0,2026-04-14 21:55:00
1776204000,1.1792,1.17953,1.17918,1.1795,271.0,2026-04-14 22:00:00
1776204300,1.17952,1.17956,1.17938,1.17952,289.0,2026-04-14 22:05:00
1776204600,1.17952,1.17958,1.17941,1.17956,177.0,2026-04-14 22:10:00
1776204900,1.17956,1.17996,1.17956,1.17964,222.0,2026-04-14 22:15:00
1776205200,1.17966,1.1797,1.17961,1.17967,100.0,2026-04-14 22:20:00
1776205500,1.17965,1.17966,1.17952,1.17958,98.0,2026-04-14 22:25:00
1776205800,1.17958,1.17958,1.1794,1.1794,90.0,2026-04-14 22:30:00
1776206100,1.17941,1.17955,1.17937,1.17954,121.0,2026-04-14 22:35:00
1776206400,1.17955,1.17956,1.1794,1.17946,125.0,2026-04-14 22:40:00
1776206700,1.17946,1.17951,1.17936,1.17946,196.0,2026-04-14 22:45:00
1776207000,1.17945,1.17952,1.17944,1.17947,65.0,2026-04-14 22:50:00
1776207300,1.17947,1.17956,1.17946,1.17953,130.0,2026-04-14 22:55:00
1776207600,1.1795,1.17962,1.17945,1.17956,157.0,2026-04-14 23:00:00
1776207900,1.17955,1.17958,1.17952,1.17956,66.0,2026-04-14 23:05:00
1776208200,1.17956,1.17958,1.17948,1.1795,94.0,2026-04-14 23:10:00
1776208500,1.17948,1.17966,1.17948,1.17964,100.0,2026-04-14 23:15:00
1776208800,1.17964,1.1797,1.17963,1.17969,61.0,2026-04-14 23:20:00
1776209100,1.1797,1.17976,1.17965,1.17975,106.0,2026-04-14 23:25:00
1776209400,1.17974,1.18006,1.1797,1.18004,212.0,2026-04-14 23:30:00
1776209700,1.18004,1.18019,1.1797,1.1798,761.0,2026-04-14 23:35:00
1776210000,1.17979,1.18001,1.1797,1.18001,365.0,2026-04-14 23:40:00
1776210300,1.18002,1.1802,1.1799,1.18,509.0,2026-04-14 23:45:00
1776210600,1.18,1.18002,1.17976,1.17989,233.0,2026-04-14 23:50:00
1776210900,1.17988,1.17992,1.17978,1.17984,268.0,2026-04-14 23:55:00
1776211200,1.17983,1.17987,1.1792,1.17932,655.0,2026-04-15 00:00:00
1776211500,1.17934,1.17952,1.17925,1.17939,471.0,2026-04-15 00:05:00
1776211800,1.17938,1.1794,1.17921,1.17923,446.0,2026-04-15 00:10:00
1776212100,1.17924,1.17945,1.17922,1.17944,291.0,2026-04-15 00:15:00
1776212400,1.17944,1.17952,1.17932,1.17952,312.0,2026-04-15 00:20:00
1776212700,1.17952,1.17953,1.17934,1.17948,232.0,2026-04-15 00:25:00
1776213000,1.17949,1.17952,1.17926,1.17934,336.0,2026-04-15 00:30:00
1776213300,1.17934,1.17934,1.17904,1.17904,295.0,2026-04-15 00:35:00
1776213600,1.17906,1.17911,1.17894,1.17909,330.0,2026-04-15 00:40:00
1776213900,1.17908,1.17916,1.17898,1.17907,289.0,2026-04-15 00:45:00
1776214200,1.17908,1.17921,1.179,1.1792,448.0,2026-04-15 00:50:00
1776214500,1.1792,1.17948,1.17914,1.17941,500.0,2026-04-15 00:55:00
1776214800,1.17938,1.17946,1.17902,1.17911,740.0,2026-04-15 01:00:00
1776215100,1.17912,1.1794,1.179,1.1794,395.0,2026-04-15 01:05:00
1776215400,1.17938,1.17969,1.17935,1.1795,470.0,2026-04-15 01:10:00
1776215700,1.1795,1.1795,1.1793,1.17941,377.0,2026-04-15 01:15:00
1776216000,1.17942,1.17952,1.17914,1.17927,365.0,2026-04-15 01:20:00
1776216300,1.17928,1.17936,1.17922,1.17929,259.0,2026-04-15 01:25:00
1776216600,1.1793,1.17935,1.1792,1.17924,288.0,2026-04-15 01:30:00
1776216900,1.17924,1.1793,1.17906,1.1791,200.0,2026-04-15 01:35:00
1776217200,1.1791,1.17922,1.179,1.17904,262.0,2026-04-15 01:40:00
1776217500,1.17904,1.17914,1.17898,1.17914,294.0,2026-04-15 01:45:00
1776217800,1.17916,1.17925,1.17906,1.17922,310.0,2026-04-15 01:50:00
1776218100,1.17922,1.17928,1.17898,1.17908,300.0,2026-04-15 01:55:00
1776218400,1.17908,1.17908,1.17892,1.17907,338.0,2026-04-15 02:00:00
1776218700,1.17906,1.17908,1.17893,1.17894,141.0,2026-04-15 02:05:00
1776219000,1.17894,1.17894,1.1786,1.17864,176.0,2026-04-15 02:10:00
1776219300,1.17865,1.17871,1.17842,1.17857,260.0,2026-04-15 02:15:00
1776219600,1.17856,1.17857,1.17842,1.17844,257.0,2026-04-15 02:20:00
1776219900,1.17844,1.17848,1.17824,1.17826,180.0,2026-04-15 02:25:00
1776220200,1.17827,1.1783,1.1779,1.178,380.0,2026-04-15 02:30:00
1776220500,1.178,1.17824,1.1779,1.1782,282.0,2026-04-15 02:35:00
1776220800,1.1782,1.17838,1.1781,1.17835,238.0,2026-04-15 02:40:00
1776221100,1.17836,1.17841,1.1782,1.17836,248.0,2026-04-15 02:45:00
1776221400,1.17836,1.1784,1.1783,1.1783,138.0,2026-04-15 02:50:00
1776221700,1.1783,1.17837,1.17824,1.17835,267.0,2026-04-15 02:55:00
1776222000,1.17836,1.17836,1.17804,1.17804,210.0,2026-04-15 03:00:00
1776222300,1.17805,1.17834,1.17804,1.17828,211.0,2026-04-15 03:05:00
1776222600,1.17828,1.1784,1.17827,1.17836,150.0,2026-04-15 03:10:00
1776222900,1.17834,1.17849,1.17834,1.17847,145.0,2026-04-15 03:15:00
1776223200,1.17848,1.1786,1.1784,1.17856,180.0,2026-04-15 03:20:00
1776223500,1.17856,1.17877,1.17854,1.17877,167.0,2026-04-15 03:25:00
1776223800,1.17876,1.1788,1.17864,1.17866,210.0,2026-04-15 03:30:00
1776224100,1.17866,1.17872,1.17856,1.1787,134.0,2026-04-15 03:35:00
1776224400,1.1787,1.17872,1.17864,1.17872,89.0,2026-04-15 03:40:00
1776224700,1.17871,1.17892,1.1787,1.17887,193.0,2026-04-15 03:45:00
1776225000,1.17886,1.17892,1.17876,1.17886,132.0,2026-04-15 03:50:00
1776225300,1.17887,1.17892,1.1787,1.17872,177.0,2026-04-15 03:55:00
1776225600,1.1787,1.17888,1.17864,1.17883,224.0,2026-04-15 04:00:00
1776225900,1.17884,1.17889,1.17872,1.17886,151.0,2026-04-15 04:05:00
1776226200,1.17886,1.17892,1.1788,1.17882,155.0,2026-04-15 04:10:00
1776226500,1.17881,1.17885,1.17875,1.17876,113.0,2026-04-15 04:15:00
1776226800,1.17876,1.17884,1.1787,1.1788,160.0,2026-04-15 04:20:00
1776227100,1.17879,1.17884,1.17874,1.17881,92.0,2026-04-15 04:25:00
1776227400,1.17882,1.1789,1.17875,1.1789,105.0,2026-04-15 04:30:00
1776227700,1.17891,1.17896,1.17876,1.17878,84.0,2026-04-15 04:35:00
1776228000,1.17877,1.17882,1.17869,1.17881,117.0,2026-04-15 04:40:00
1776228300,1.1788,1.17888,1.17877,1.17886,128.0,2026-04-15 04:45:00
1776228600,1.17886,1.17892,1.17884,1.17885,101.0,2026-04-15 04:50:00
1776228900,1.17885,1.17888,1.17882,1.17886,88.0,2026-04-15 04:55:00
1776229200,1.17886,1.17924,1.17884,1.179,700.0,2026-04-15 05:00:00
1776229500,1.17899,1.17926,1.17896,1.17921,361.0,2026-04-15 05:05:00
1776229800,1.17922,1.17936,1.17916,1.1793,324.0,2026-04-15 05:10:00
1776230100,1.17932,1.17983,1.1793,1.17977,377.0,2026-04-15 05:15:00
1776230400,1.17976,1.17976,1.17937,1.17939,277.0,2026-04-15 05:20:00
1776230700,1.1794,1.1795,1.17918,1.17927,328.0,2026-04-15 05:25:00
1776231000,1.17928,1.17928,1.1791,1.17911,292.0,2026-04-15 05:30:00
1776231300,1.1791,1.17921,1.17893,1.1792,337.0,2026-04-15 05:35:00
1776231600,1.17921,1.17921,1.17901,1.17914,240.0,2026-04-15 05:40:00
1776231900,1.17914,1.17926,1.1791,1.17912,328.0,2026-04-15 05:45:00
1776232200,1.17911,1.17914,1.17896,1.1791,317.0,2026-04-15 05:50:00
1776232500,1.1791,1.17935,1.17909,1.1792,457.0,2026-04-15 05:55:00
1776232800,1.1792,1.17952,1.17916,1.17944,583.0,2026-04-15 06:00:00
1776233100,1.17944,1.17993,1.17942,1.1799,392.0,2026-04-15 06:05:00
1776233400,1.17989,1.17989,1.17928,1.17932,586.0,2026-04-15 06:10:00
1776233700,1.17932,1.17933,1.17893,1.17905,544.0,2026-04-15 06:15:00
1776234000,1.17904,1.17924,1.17886,1.17924,440.0,2026-04-15 06:20:00
1776234300,1.17924,1.17938,1.17914,1.17916,281.0,2026-04-15 06:25:00
1776234600,1.17916,1.17924,1.1788,1.17886,449.0,2026-04-15 06:30:00
1776234900,1.17886,1.17911,1.17884,1.17888,365.0,2026-04-15 06:35:00
1776235200,1.17889,1.1789,1.17854,1.17865,479.0,2026-04-15 06:40:00
1776235500,1.17867,1.17875,1.17848,1.17858,447.0,2026-04-15 06:45:00
1776235800,1.17858,1.17871,1.17846,1.17854,400.0,2026-04-15 06:50:00
1776236100,1.17854,1.17871,1.17838,1.17843,476.0,2026-04-15 06:55:00
1776236400,1.17842,1.1788,1.17836,1.17876,823.0,2026-04-15 07:00:00
1776236700,1.17876,1.17884,1.17852,1.17855,663.0,2026-04-15 07:05:00
1776237000,1.17856,1.17875,1.17851,1.1786,572.0,2026-04-15 07:10:00
1776237300,1.17861,1.17868,1.17828,1.17854,600.0,2026-04-15 07:15:00
1776237600,1.17857,1.17877,1.17853,1.17872,585.0,2026-04-15 07:20:00
1776237900,1.17871,1.17879,1.17854,1.17877,406.0,2026-04-15 07:25:00
1776238200,1.17878,1.17904,1.17854,1.17893,545.0,2026-04-15 07:30:00
1776238500,1.17894,1.17906,1.17885,1.17888,468.0,2026-04-15 07:35:00
1776238800,1.17888,1.17898,1.1787,1.1789,354.0,2026-04-15 07:40:00
1776239100,1.1789,1.17896,1.17864,1.1789,512.0,2026-04-15 07:45:00
1776239400,1.1789,1.17897,1.1786,1.1786,471.0,2026-04-15 07:50:00
1776239700,1.1786,1.1787,1.17844,1.17858,589.0,2026-04-15 07:55:00
1776240000,1.17857,1.17898,1.17854,1.17898,562.0,2026-04-15 08:00:00
1776240300,1.17897,1.17906,1.17888,1.17894,438.0,2026-04-15 08:05:00
1776240600,1.17894,1.17906,1.17882,1.17902,486.0,2026-04-15 08:10:00
1776240900,1.17902,1.17946,1.17899,1.17946,438.0,2026-04-15 08:15:00
1776241200,1.17944,1.17954,1.17927,1.17933,436.0,2026-04-15 08:20:00
1776241500,1.17934,1.17944,1.17914,1.1792,574.0,2026-04-15 08:25:00
1776241800,1.17921,1.17921,1.17888,1.179,580.0,2026-04-15 08:30:00
1776242100,1.17903,1.17904,1.17872,1.17879,405.0,2026-04-15 08:35:00
1776242400,1.17878,1.17905,1.17876,1.17895,359.0,2026-04-15 08:40:00
1776242700,1.17894,1.17895,1.17861,1.1787,361.0,2026-04-15 08:45:00
1776243000,1.1787,1.17884,1.17862,1.17883,297.0,2026-04-15 08:50:00
1776243300,1.17884,1.17906,1.17877,1.17894,320.0,2026-04-15 08:55:00
1776243600,1.17895,1.17916,1.17806,1.17844,1652.0,2026-04-15 09:00:00
1776243900,1.17845,1.17896,1.17808,1.1781,1313.0,2026-04-15 09:05:00
1776244200,1.17812,1.17832,1.17754,1.1782,1522.0,2026-04-15 09:10:00
1776244500,1.1782,1.17858,1.17816,1.17858,742.0,2026-04-15 09:15:00
1776244800,1.17857,1.1787,1.17846,1.17852,598.0,2026-04-15 09:20:00
1776245100,1.17852,1.17867,1.1784,1.17846,660.0,2026-04-15 09:25:00
1776245400,1.17846,1.17852,1.17822,1.17826,495.0,2026-04-15 09:30:00
1776245700,1.17826,1.17828,1.17794,1.17796,579.0,2026-04-15 09:35:00
1776246000,1.17798,1.17823,1.17795,1.1782,490.0,2026-04-15 09:40:00
1776246300,1.17819,1.17836,1.17794,1.1781,460.0,2026-04-15 09:45:00
1776246600,1.1781,1.17813,1.17784,1.17805,544.0,2026-04-15 09:50:00
1776246900,1.17804,1.1782,1.17788,1.17816,429.0,2026-04-15 09:55:00
1776247200,1.17816,1.17821,1.1779,1.1779,654.0,2026-04-15 10:00:00
1776247500,1.1779,1.17854,1.17786,1.1785,658.0,2026-04-15 10:05:00
1776247800,1.1785,1.17866,1.17842,1.1785,507.0,2026-04-15 10:10:00
1776248100,1.1785,1.17852,1.17788,1.178,1406.0,2026-04-15 10:15:00
1776248400,1.178,1.17835,1.1777,1.17778,833.0,2026-04-15 10:20:00
1776248700,1.17778,1.1779,1.1773,1.17756,875.0,2026-04-15 10:25:00
1776249000,1.17756,1.1777,1.17734,1.17746,596.0,2026-04-15 10:30:00
1776249300,1.17745,1.17752,1.1772,1.17738,600.0,2026-04-15 10:35:00
1776249600,1.17739,1.17812,1.17734,1.17791,1264.0,2026-04-15 10:40:00
1776249900,1.17792,1.17837,1.1779,1.17809,964.0,2026-04-15 10:45:00
1776250200,1.17808,1.17812,1.1777,1.17792,613.0,2026-04-15 10:50:00
1776250500,1.17793,1.17794,1.17768,1.1777,537.0,2026-04-15 10:55:00
1776250800,1.1777,1.17786,1.1775,1.17781,544.0,2026-04-15 11:00:00
1776251100,1.1778,1.17796,1.17778,1.1778,486.0,2026-04-15 11:05:00
1776251400,1.17779,1.17792,1.1777,1.17776,401.0,2026-04-15 11:10:00
1776251700,1.17776,1.17786,1.17754,1.17777,527.0,2026-04-15 11:15:00
1776252000,1.17776,1.17792,1.1776,1.17788,553.0,2026-04-15 11:20:00
1776252300,1.17786,1.17794,1.17764,1.17767,517.0,2026-04-15 11:25:00
1776252600,1.17768,1.17802,1.17762,1.1777,690.0,2026-04-15 11:30:00
1776252900,1.17769,1.17778,1.17755,1.17776,343.0,2026-04-15 11:35:00
1776253200,1.17777,1.17781,1.1776,1.17772,392.0,2026-04-15 11:40:00
1776253500,1.17772,1.17846,1.17732,1.17786,1509.0,2026-04-15 11:45:00
1776253800,1.17785,1.1784,1.17782,1.17837,803.0,2026-04-15 11:50:00
1776254100,1.17836,1.17843,1.17807,1.1783,737.0,2026-04-15 11:55:00
1776254400,1.1783,1.17845,1.17814,1.17825,895.0,2026-04-15 12:00:00
1776254700,1.17823,1.17825,1.17786,1.17798,916.0,2026-04-15 12:05:00
1776255000,1.17797,1.17802,1.17772,1.17786,603.0,2026-04-15 12:10:00
1776255300,1.17785,1.17842,1.17782,1.17836,575.0,2026-04-15 12:15:00
1776255600,1.17836,1.17844,1.17808,1.17837,550.0,2026-04-15 12:20:00
1776255900,1.17836,1.17846,1.17823,1.17841,521.0,2026-04-15 12:25:00
1776256200,1.1784,1.17882,1.17839,1.17866,495.0,2026-04-15 12:30:00
1776256500,1.17866,1.17871,1.17834,1.17839,425.0,2026-04-15 12:35:00
1776256800,1.17838,1.1784,1.17798,1.17812,429.0,2026-04-15 12:40:00
1776257100,1.17812,1.1786,1.1779,1.17859,572.0,2026-04-15 12:45:00
1776257400,1.1786,1.17883,1.17838,1.17882,562.0,2026-04-15 12:50:00
1776257700,1.17882,1.1793,1.17878,1.17882,892.0,2026-04-15 12:55:00
1776258000,1.17881,1.17911,1.17874,1.17907,650.0,2026-04-15 13:00:00
1776258300,1.17906,1.17909,1.17875,1.17885,622.0,2026-04-15 13:05:00
1776258600,1.17883,1.17884,1.17854,1.17877,645.0,2026-04-15 13:10:00
1776258900,1.17876,1.17889,1.17865,1.17883,546.0,2026-04-15 13:15:00
1776259200,1.17884,1.17936,1.17884,1.17928,848.0,2026-04-15 13:20:00
1776259500,1.17927,1.17968,1.17921,1.17962,673.0,2026-04-15 13:25:00
1776259800,1.17962,1.17975,1.17928,1.17936,914.0,2026-04-15 13:30:00
1776260100,1.17936,1.17952,1.17906,1.17918,1014.0,2026-04-15 13:35:00
1776260400,1.17918,1.17919,1.17844,1.17849,887.0,2026-04-15 13:40:00
1776260700,1.17848,1.17886,1.17842,1.17881,769.0,2026-04-15 13:45:00
1776261000,1.17882,1.17892,1.17846,1.17854,839.0,2026-04-15 13:50:00
1776261300,1.17856,1.17886,1.17856,1.1788,626.0,2026-04-15 13:55:00
1776261600,1.17881,1.17902,1.17844,1.179,990.0,2026-04-15 14:00:00
1776261900,1.17901,1.17926,1.17894,1.17906,804.0,2026-04-15 14:05:00
1776262200,1.17907,1.17922,1.17892,1.17912,693.0,2026-04-15 14:10:00
1776262500,1.17912,1.17944,1.17905,1.1794,658.0,2026-04-15 14:15:00
1776262800,1.1794,1.17964,1.1793,1.17942,866.0,2026-04-15 14:20:00
1776263100,1.17942,1.17995,1.1794,1.17995,967.0,2026-04-15 14:25:00
1776263400,1.17996,1.18003,1.17944,1.17944,849.0,2026-04-15 14:30:00
1776263700,1.17944,1.17954,1.17921,1.17925,770.0,2026-04-15 14:35:00
1776264000,1.17926,1.17962,1.17925,1.17961,718.0,2026-04-15 14:40:00
1776264300,1.17962,1.17976,1.1794,1.17972,717.0,2026-04-15 14:45:00
1776264600,1.17974,1.17984,1.17938,1.17944,1017.0,2026-04-15 14:50:00
1776264900,1.17943,1.17988,1.17942,1.17967,1107.0,2026-04-15 14:55:00
1776265200,1.17966,1.17978,1.17946,1.17956,887.0,2026-04-15 15:00:00
1776265500,1.17955,1.18008,1.17954,1.17992,827.0,2026-04-15 15:05:00
1776265800,1.17991,1.18028,1.17978,1.18016,1168.0,2026-04-15 15:10:00
1776266100,1.18015,1.18047,1.17992,1.18042,903.0,2026-04-15 15:15:00
1776266400,1.18041,1.18062,1.18038,1.18055,763.0,2026-04-15 15:20:00
1776266700,1.18054,1.1808,1.18041,1.18041,488.0,2026-04-15 15:25:00
1776267000,1.1804,1.1804,1.1798,1.17994,946.0,2026-04-15 15:30:00
1776267300,1.17996,1.18,1.17995,1.18,36.0,2026-04-15 15:35:00
