ts,open,high,low,close,volume,datetime_utc
1735768800,1.0355,1.03586,1.03512,1.03568,1363.0,2025-01-01 22:00:00
1735772400,1.03568,1.03582,1.03465,1.03509,1985.0,2025-01-01 23:00:00
1735776000,1.0351,1.03566,1.03474,1.03522,2345.0,2025-01-02 00:00:00
1735779600,1.03522,1.0361,1.03439,1.03579,5114.0,2025-01-02 01:00:00
1735783200,1.0358,1.03714,1.03577,1.0371,2031.0,2025-01-02 02:00:00
1735786800,1.03712,1.03742,1.03682,1.03718,2150.0,2025-01-02 03:00:00
1735790400,1.03718,1.03759,1.03665,1.03693,1944.0,2025-01-02 04:00:00
1735794000,1.03694,1.03708,1.03618,1.03639,1681.0,2025-01-02 05:00:00
1735797600,1.03638,1.03652,1.036,1.03638,2804.0,2025-01-02 06:00:00
1735801200,1.03638,1.03724,1.03624,1.03629,5324.0,2025-01-02 07:00:00
1735804800,1.0363,1.0371,1.03464,1.0363,9983.0,2025-01-02 08:00:00
1735808400,1.0363,1.03706,1.03494,1.03518,7285.0,2025-01-02 09:00:00
1735812000,1.03516,1.0357,1.03138,1.03168,11329.0,2025-01-02 10:00:00
1735815600,1.03168,1.03342,1.03149,1.03324,8499.0,2025-01-02 11:00:00
1735819200,1.03323,1.03344,1.03148,1.03183,7852.0,2025-01-02 12:00:00
1735822800,1.03182,1.03298,1.03114,1.03135,14218.0,2025-01-02 13:00:00
1735826400,1.03134,1.0324,1.03022,1.03038,11598.0,2025-01-02 14:00:00
1735830000,1.03039,1.03089,1.02726,1.02742,16423.0,2025-01-02 15:00:00
1735833600,1.02742,1.02764,1.02241,1.02612,23372.0,2025-01-02 16:00:00
1735837200,1.02613,1.02682,1.02514,1.0265,10274.0,2025-01-02 17:00:00
1735840800,1.02652,1.02664,1.02558,1.02565,5835.0,2025-01-02 18:00:00
1735844400,1.02566,1.02596,1.02479,1.02512,4634.0,2025-01-02 19:00:00
1735848000,1.02513,1.02646,1.02508,1.02615,3261.0,2025-01-02 20:00:00
1735851600,1.02614,1.02688,1.02614,1.0267,1691.0,2025-01-02 21:00:00
1735855200,1.026,1.02672,1.026,1.02658,2221.0,2025-01-02 22:00:00
1735858800,1.0266,1.02682,1.02648,1.02677,1341.0,2025-01-02 23:00:00
1735862400,1.02678,1.02736,1.02659,1.0273,2002.0,2025-01-03 00:00:00
1735866000,1.0273,1.0273,1.02666,1.02675,3092.0,2025-01-03 01:00:00
1735869600,1.02674,1.02748,1.02668,1.02724,2878.0,2025-01-03 02:00:00
1735873200,1.02724,1.02745,1.02689,1.02708,2067.0,2025-01-03 03:00:00
1735876800,1.02707,1.0271,1.02672,1.02696,1736.0,2025-01-03 04:00:00
1735880400,1.02698,1.02736,1.02646,1.02718,2351.0,2025-01-03 05:00:00
1735884000,1.02719,1.02794,1.02716,1.02792,2136.0,2025-01-03 06:00:00
1735887600,1.02791,1.02849,1.02686,1.02809,9171.0,2025-01-03 07:00:00
1735891200,1.02808,1.02882,1.02728,1.02805,8066.0,2025-01-03 08:00:00
1735894800,1.02806,1.03001,1.02803,1.02903,7007.0,2025-01-03 09:00:00
1735898400,1.02902,1.02938,1.02792,1.02814,4884.0,2025-01-03 10:00:00
1735902000,1.02817,1.0303,1.02814,1.02974,5013.0,2025-01-03 11:00:00
1735905600,1.02973,1.0301,1.02942,1.02956,5582.0,2025-01-03 12:00:00
1735909200,1.02958,1.03002,1.02915,1.02932,6319.0,2025-01-03 13:00:00
1735912800,1.02931,1.03026,1.02879,1.03004,7491.0,2025-01-03 14:00:00
1735916400,1.03005,1.03059,1.02729,1.02892,14675.0,2025-01-03 15:00:00
1735920000,1.02891,1.02999,1.02835,1.02908,6922.0,2025-01-03 16:00:00
1735923600,1.02911,1.03058,1.0291,1.0298,6136.0,2025-01-03 17:00:00
1735927200,1.0298,1.03022,1.02926,1.02974,5098.0,2025-01-03 18:00:00
1735930800,1.02972,1.03062,1.02938,1.03013,4105.0,2025-01-03 19:00:00
1735934400,1.03012,1.03077,1.02988,1.0306,4087.0,2025-01-03 20:00:00
1735938000,1.03058,1.031,1.03048,1.0309,1568.0,2025-01-03 21:00:00
1736114400,1.03057,1.03074,1.02973,1.03022,876.0,2025-01-05 22:00:00
1736118000,1.03022,1.0308,1.03015,1.03052,1685.0,2025-01-05 23:00:00
1736121600,1.03054,1.03054,1.02956,1.03031,3527.0,2025-01-06 00:00:00
1736125200,1.0303,1.03136,1.03013,1.03124,4060.0,2025-01-06 01:00:00
1736128800,1.03123,1.0318,1.0311,1.03161,3621.0,2025-01-06 02:00:00
1736132400,1.03161,1.03184,1.03132,1.03165,2412.0,2025-01-06 03:00:00
1736136000,1.03162,1.03176,1.03129,1.03152,1539.0,2025-01-06 04:00:00
1736139600,1.03151,1.03182,1.03085,1.0309,2631.0,2025-01-06 05:00:00
1736143200,1.03089,1.03166,1.03078,1.03126,3308.0,2025-01-06 06:00:00
1736146800,1.03128,1.03284,1.03099,1.03274,5248.0,2025-01-06 07:00:00
1736150400,1.03275,1.03526,1.03266,1.03502,9566.0,2025-01-06 08:00:00
1736154000,1.03503,1.0369,1.03402,1.03555,12874.0,2025-01-06 09:00:00
1736157600,1.03556,1.03581,1.03351,1.03352,5971.0,2025-01-06 10:00:00
1736161200,1.0335,1.04328,1.03286,1.0422,26525.0,2025-01-06 11:00:00
1736164800,1.0422,1.04306,1.03922,1.04112,13787.0,2025-01-06 12:00:00
1736168400,1.04114,1.0437,1.04044,1.04168,17349.0,2025-01-06 13:00:00
1736172000,1.04168,1.04239,1.03525,1.03926,30348.0,2025-01-06 14:00:00
1736175600,1.03927,1.0399,1.03713,1.03936,19186.0,2025-01-06 15:00:00
1736179200,1.03937,1.0403,1.03854,1.03968,11091.0,2025-01-06 16:00:00
1736182800,1.03968,1.03969,1.03793,1.03875,6459.0,2025-01-06 17:00:00
1736186400,1.03877,1.03894,1.03772,1.0382,5777.0,2025-01-06 18:00:00
1736190000,1.0382,1.03918,1.0379,1.03885,5388.0,2025-01-06 19:00:00
1736193600,1.03884,1.03921,1.03859,1.03878,4196.0,2025-01-06 20:00:00
1736197200,1.0388,1.03924,1.03862,1.03901,2037.0,2025-01-06 21:00:00
1736200800,1.0385,1.03973,1.03843,1.039,1332.0,2025-01-06 22:00:00
1736204400,1.03899,1.0391,1.03818,1.03832,1182.0,2025-01-06 23:00:00
1736208000,1.03834,1.03855,1.03772,1.03844,3611.0,2025-01-07 00:00:00
1736211600,1.03842,1.03849,1.03762,1.03812,4721.0,2025-01-07 01:00:00
1736215200,1.03811,1.03854,1.038,1.03824,2726.0,2025-01-07 02:00:00
1736218800,1.03822,1.03931,1.03801,1.03929,2626.0,2025-01-07 03:00:00
1736222400,1.03928,1.03944,1.03904,1.03918,1787.0,2025-01-07 04:00:00
1736226000,1.03919,1.04034,1.0391,1.03968,2757.0,2025-01-07 05:00:00
1736229600,1.03968,1.04043,1.03963,1.03975,3894.0,2025-01-07 06:00:00
1736233200,1.03978,1.04246,1.03978,1.04148,9114.0,2025-01-07 07:00:00
1736236800,1.04146,1.04255,1.04032,1.04254,10759.0,2025-01-07 08:00:00
1736240400,1.04254,1.04345,1.04242,1.04278,7964.0,2025-01-07 09:00:00
1736244000,1.04276,1.04345,1.04166,1.0428,8224.0,2025-01-07 10:00:00
1736247600,1.0428,1.04284,1.0405,1.04136,6718.0,2025-01-07 11:00:00
1736251200,1.04136,1.04172,1.03874,1.03892,9565.0,2025-01-07 12:00:00
1736254800,1.03893,1.04053,1.03868,1.03966,9038.0,2025-01-07 13:00:00
1736258400,1.03966,1.03976,1.03894,1.03941,8717.0,2025-01-07 14:00:00
1736262000,1.03942,1.03942,1.03552,1.0373,20615.0,2025-01-07 15:00:00
1736265600,1.03728,1.03816,1.03626,1.03684,16026.0,2025-01-07 16:00:00
1736269200,1.03684,1.03739,1.03538,1.03671,10651.0,2025-01-07 17:00:00
1736272800,1.0367,1.03695,1.03494,1.03545,7136.0,2025-01-07 18:00:00
1736276400,1.03544,1.03598,1.03522,1.03552,4719.0,2025-01-07 19:00:00
1736280000,1.0355,1.03563,1.0344,1.03444,3830.0,2025-01-07 20:00:00
1736283600,1.0344,1.03443,1.03396,1.03404,1987.0,2025-01-07 21:00:00
1736287200,1.03425,1.03438,1.03398,1.03426,1044.0,2025-01-07 22:00:00
1736290800,1.03424,1.03452,1.03392,1.03416,1400.0,2025-01-07 23:00:00
1736294400,1.03417,1.03494,1.03417,1.03468,3567.0,2025-01-08 00:00:00
1736298000,1.03468,1.03531,1.03454,1.0353,3163.0,2025-01-08 01:00:00
1736301600,1.0353,1.03548,1.03514,1.03541,2119.0,2025-01-08 02:00:00
1736305200,1.0354,1.0354,1.03464,1.03478,1998.0,2025-01-08 03:00:00
1736308800,1.03476,1.0352,1.03475,1.03514,1791.0,2025-01-08 04:00:00
1736312400,1.03514,1.0356,1.03496,1.0355,2127.0,2025-01-08 05:00:00
1736316000,1.03551,1.03577,1.03462,1.03515,2689.0,2025-01-08 06:00:00
1736319600,1.03512,1.03517,1.03284,1.03324,8468.0,2025-01-08 07:00:00
1736323200,1.03324,1.03398,1.0318,1.03188,10592.0,2025-01-08 08:00:00
1736326800,1.03188,1.03264,1.03153,1.03196,9100.0,2025-01-08 09:00:00
1736330400,1.03195,1.03214,1.03102,1.0319,7504.0,2025-01-08 10:00:00
1736334000,1.03189,1.03199,1.02732,1.02978,17514.0,2025-01-08 11:00:00
1736337600,1.02978,1.03003,1.02808,1.02828,11695.0,2025-01-08 12:00:00
1736341200,1.02826,1.03045,1.02808,1.03035,20955.0,2025-01-08 13:00:00
1736344800,1.03036,1.03076,1.02891,1.02917,13192.0,2025-01-08 14:00:00
1736348400,1.02915,1.031,1.02915,1.03016,12573.0,2025-01-08 15:00:00
1736352000,1.03018,1.03146,1.02946,1.03126,10280.0,2025-01-08 16:00:00
1736355600,1.03126,1.03134,1.02983,1.03056,7222.0,2025-01-08 17:00:00
1736359200,1.03055,1.03159,1.03054,1.03127,6857.0,2025-01-08 18:00:00
1736362800,1.03129,1.03244,1.0308,1.03091,7163.0,2025-01-08 19:00:00
1736366400,1.0309,1.03168,1.0308,1.03162,3757.0,2025-01-08 20:00:00
1736370000,1.03162,1.03197,1.03146,1.03188,1672.0,2025-01-08 21:00:00
1736373600,1.03166,1.03186,1.03166,1.03182,579.0,2025-01-08 22:00:00
1736377200,1.03184,1.0319,1.03132,1.03132,1038.0,2025-01-08 23:00:00
1736380800,1.03136,1.03149,1.03048,1.03133,3156.0,2025-01-09 00:00:00
1736384400,1.03132,1.03176,1.03114,1.03144,3328.0,2025-01-09 01:00:00
1736388000,1.03144,1.03201,1.03142,1.03166,2260.0,2025-01-09 02:00:00
1736391600,1.03165,1.03216,1.03108,1.0311,2605.0,2025-01-09 03:00:00
1736395200,1.0311,1.03123,1.03056,1.03092,2338.0,2025-01-09 04:00:00
1736398800,1.0309,1.03127,1.03054,1.03066,2749.0,2025-01-09 05:00:00
1736402400,1.03067,1.03084,1.02971,1.03002,5125.0,2025-01-09 06:00:00
1736406000,1.03002,1.03084,1.02878,1.0291,8453.0,2025-01-09 07:00:00
1736409600,1.0291,1.03078,1.02836,1.03078,10974.0,2025-01-09 08:00:00
1736413200,1.0308,1.03178,1.03031,1.03059,8719.0,2025-01-09 09:00:00
1736416800,1.03058,1.03126,1.02997,1.0303,7331.0,2025-01-09 10:00:00
1736420400,1.0303,1.03045,1.02969,1.03012,7714.0,2025-01-09 11:00:00
1736424000,1.03011,1.0305,1.0296,1.03034,5906.0,2025-01-09 12:00:00
1736427600,1.03033,1.03192,1.03008,1.0308,8515.0,2025-01-09 13:00:00
1736431200,1.0308,1.03148,1.03052,1.03074,6544.0,2025-01-09 14:00:00
1736434800,1.03076,1.03099,1.02949,1.02993,6681.0,2025-01-09 15:00:00
1736438400,1.02994,1.03012,1.02912,1.02973,5158.0,2025-01-09 16:00:00
1736442000,1.02974,1.0302,1.02938,1.02974,4049.0,2025-01-09 17:00:00
1736445600,1.02972,1.03026,1.02941,1.03002,2290.0,2025-01-09 18:00:00
1736449200,1.03003,1.03022,1.02978,1.0298,1710.0,2025-01-09 19:00:00
1736452800,1.02982,1.03038,1.02982,1.03012,1614.0,2025-01-09 20:00:00
1736456400,1.0301,1.03011,1.02991,1.02998,1062.0,2025-01-09 21:00:00
1736460000,1.03008,1.0302,1.02976,1.03017,933.0,2025-01-09 22:00:00
1736463600,1.03016,1.0302,1.02957,1.02967,1098.0,2025-01-09 23:00:00
1736467200,1.02968,1.03006,1.02922,1.02956,3198.0,2025-01-10 00:00:00
1736470800,1.02956,1.03046,1.02936,1.0302,3870.0,2025-01-10 01:00:00
1736474400,1.0302,1.03039,1.02983,1.03016,2800.0,2025-01-10 02:00:00
1736478000,1.03018,1.03034,1.02979,1.02986,1931.0,2025-01-10 03:00:00
1736481600,1.02986,1.03,1.02936,1.02951,1821.0,2025-01-10 04:00:00
1736485200,1.02952,1.02976,1.02847,1.02858,2853.0,2025-01-10 05:00:00
1736488800,1.02858,1.02884,1.02814,1.02818,3034.0,2025-01-10 06:00:00
1736492400,1.02817,1.02974,1.02812,1.02973,5076.0,2025-01-10 07:00:00
1736496000,1.02974,1.0312,1.02928,1.03028,8447.0,2025-01-10 08:00:00
1736499600,1.03026,1.0306,1.0299,1.03,5599.0,2025-01-10 09:00:00
1736503200,1.03,1.0306,1.02998,1.03022,4945.0,2025-01-10 10:00:00
1736506800,1.03022,1.03054,1.02988,1.03018,4672.0,2025-01-10 11:00:00
1736510400,1.03017,1.03096,1.02992,1.03056,5559.0,2025-01-10 12:00:00
1736514000,1.03054,1.03118,1.02128,1.02566,30084.0,2025-01-10 13:00:00
1736517600,1.02564,1.02728,1.02444,1.02528,25734.0,2025-01-10 14:00:00
1736521200,1.02513,1.02786,1.02362,1.02504,22615.0,2025-01-10 15:00:00
1736524800,1.02504,1.02514,1.02276,1.02376,14885.0,2025-01-10 16:00:00
1736528400,1.02376,1.02507,1.02329,1.02445,9193.0,2025-01-10 17:00:00
1736532000,1.02444,1.02462,1.0236,1.02416,6693.0,2025-01-10 18:00:00
1736535600,1.02416,1.0249,1.02348,1.02455,6673.0,2025-01-10 19:00:00
1736539200,1.02456,1.0246,1.02372,1.02446,4631.0,2025-01-10 20:00:00
1736542800,1.02445,1.0249,1.0242,1.02442,2467.0,2025-01-10 21:00:00
1736719200,1.02404,1.0247,1.02391,1.02467,1288.0,2025-01-12 22:00:00
1736722800,1.02468,1.0247,1.02388,1.02429,1913.0,2025-01-12 23:00:00
1736726400,1.0243,1.02452,1.02365,1.02424,2864.0,2025-01-13 00:00:00
1736730000,1.02423,1.02501,1.02393,1.02419,5120.0,2025-01-13 01:00:00
1736733600,1.02418,1.02453,1.02384,1.02402,3597.0,2025-01-13 02:00:00
1736737200,1.02402,1.02405,1.02128,1.02154,4189.0,2025-01-13 03:00:00
1736740800,1.02154,1.02201,1.02075,1.02118,3477.0,2025-01-13 04:00:00
1736744400,1.02118,1.02206,1.02102,1.02195,3272.0,2025-01-13 05:00:00
1736748000,1.02196,1.0225,1.02144,1.02174,4349.0,2025-01-13 06:00:00
1736751600,1.02173,1.02238,1.0207,1.02154,9242.0,2025-01-13 07:00:00
1736755200,1.02154,1.02315,1.02137,1.02216,12491.0,2025-01-13 08:00:00
1736758800,1.02216,1.02241,1.01779,1.01934,16125.0,2025-01-13 09:00:00
1736762400,1.01934,1.02076,1.01927,1.0202,9387.0,2025-01-13 10:00:00
1736766000,1.0202,1.02041,1.01861,1.01958,9069.0,2025-01-13 11:00:00
1736769600,1.01959,1.02065,1.01879,1.02028,9928.0,2025-01-13 12:00:00
1736773200,1.02029,1.02209,1.01965,1.02084,10728.0,2025-01-13 13:00:00
1736776800,1.02084,1.02128,1.02003,1.02082,11405.0,2025-01-13 14:00:00
1736780400,1.02083,1.0209,1.01957,1.0197,12319.0,2025-01-13 15:00:00
1736784000,1.01969,1.02175,1.01918,1.02082,9010.0,2025-01-13 16:00:00
1736787600,1.02082,1.02196,1.0207,1.0218,6861.0,2025-01-13 17:00:00
1736791200,1.0218,1.02214,1.02123,1.02162,4814.0,2025-01-13 18:00:00
1736794800,1.02161,1.02162,1.0207,1.02072,3515.0,2025-01-13 19:00:00
1736798400,1.0207,1.02176,1.0207,1.02168,3197.0,2025-01-13 20:00:00
1736802000,1.0217,1.02473,1.02164,1.02434,4154.0,2025-01-13 21:00:00
1736805600,1.02448,1.02735,1.02422,1.02596,2153.0,2025-01-13 22:00:00
1736809200,1.02598,1.02778,1.0251,1.02639,5060.0,2025-01-13 23:00:00
1736812800,1.0264,1.0264,1.02456,1.0248,4792.0,2025-01-14 00:00:00
1736816400,1.0248,1.02503,1.02414,1.02492,6167.0,2025-01-14 01:00:00
1736820000,1.0249,1.02504,1.02385,1.02448,4068.0,2025-01-14 02:00:00
1736823600,1.02446,1.02554,1.02439,1.02484,3158.0,2025-01-14 03:00:00
1736827200,1.02485,1.02552,1.02453,1.02503,2016.0,2025-01-14 04:00:00
1736830800,1.02502,1.02518,1.02424,1.0245,2930.0,2025-01-14 05:00:00
1736834400,1.02452,1.02535,1.02452,1.02527,4569.0,2025-01-14 06:00:00
1736838000,1.02528,1.02663,1.025,1.02544,10587.0,2025-01-14 07:00:00
1736841600,1.02546,1.0275,1.0253,1.02616,12260.0,2025-01-14 08:00:00
1736845200,1.02615,1.02666,1.02536,1.02596,9441.0,2025-01-14 09:00:00
1736848800,1.02595,1.02638,1.0252,1.02601,7630.0,2025-01-14 10:00:00
1736852400,1.026,1.02632,1.02525,1.02541,6121.0,2025-01-14 11:00:00
1736856000,1.02542,1.02552,1.02395,1.0248,7957.0,2025-01-14 12:00:00
1736859600,1.0248,1.0273,1.02422,1.02532,20807.0,2025-01-14 13:00:00
1736863200,1.02532,1.02749,1.02436,1.02681,15669.0,2025-01-14 14:00:00
1736866800,1.0268,1.02958,1.0263,1.0295,14133.0,2025-01-14 15:00:00
1736870400,1.02949,1.03044,1.02829,1.02916,12406.0,2025-01-14 16:00:00
1736874000,1.02913,1.02913,1.02791,1.02882,5138.0,2025-01-14 17:00:00
1736877600,1.02882,1.03003,1.02867,1.02992,4193.0,2025-01-14 18:00:00
1736881200,1.02994,1.03056,1.02964,1.02982,3435.0,2025-01-14 19:00:00
1736884800,1.02982,1.03086,1.02964,1.0302,4289.0,2025-01-14 20:00:00
1736888400,1.0302,1.03084,1.03008,1.03082,2388.0,2025-01-14 21:00:00
1736892000,1.03048,1.03086,1.03042,1.03072,871.0,2025-01-14 22:00:00
1736895600,1.0307,1.03084,1.03025,1.03062,1091.0,2025-01-14 23:00:00
1736899200,1.03059,1.03059,1.02997,1.03012,2616.0,2025-01-15 00:00:00
1736902800,1.03012,1.03049,1.0298,1.03002,3054.0,2025-01-15 01:00:00
1736906400,1.03003,1.03015,1.02953,1.0297,2662.0,2025-01-15 02:00:00
1736910000,1.02971,1.03023,1.02964,1.03018,1761.0,2025-01-15 03:00:00
1736913600,1.03019,1.03026,1.02976,1.03024,1785.0,2025-01-15 04:00:00
1736917200,1.03023,1.03054,1.02926,1.02932,3004.0,2025-01-15 05:00:00
1736920800,1.02932,1.02988,1.02918,1.02963,2515.0,2025-01-15 06:00:00
1736924400,1.02965,1.03082,1.02867,1.0306,10552.0,2025-01-15 07:00:00
1736928000,1.03056,1.03174,1.02943,1.02966,9836.0,2025-01-15 08:00:00
1736931600,1.02966,1.03132,1.02962,1.03098,7304.0,2025-01-15 09:00:00
1736935200,1.03098,1.03142,1.03008,1.03076,6383.0,2025-01-15 10:00:00
1736938800,1.03076,1.03125,1.02996,1.03012,5855.0,2025-01-15 11:00:00
1736942400,1.03011,1.03066,1.02935,1.02998,6630.0,2025-01-15 12:00:00
1736946000,1.02998,1.03548,1.02961,1.03445,23310.0,2025-01-15 13:00:00
1736949600,1.03446,1.03456,1.03252,1.03271,17708.0,2025-01-15 14:00:00
1736953200,1.0327,1.0331,1.02989,1.03062,14761.0,2025-01-15 15:00:00
1736956800,1.03061,1.03079,1.02583,1.02812,13604.0,2025-01-15 16:00:00
1736960400,1.02813,1.02933,1.0281,1.02857,7224.0,2025-01-15 17:00:00
1736964000,1.02859,1.02932,1.02844,1.02922,5170.0,2025-01-15 18:00:00
1736967600,1.02922,1.02946,1.02893,1.02933,2994.0,2025-01-15 19:00:00
1736971200,1.02932,1.02991,1.02904,1.0296,3310.0,2025-01-15 20:00:00
1736974800,1.02962,1.02963,1.02882,1.02904,1527.0,2025-01-15 21:00:00
1736978400,1.02875,1.02953,1.02875,1.02934,1356.0,2025-01-15 22:00:00
1736982000,1.02934,1.02956,1.02908,1.02952,1213.0,2025-01-15 23:00:00
1736985600,1.0295,1.03,1.02847,1.0299,4432.0,2025-01-16 00:00:00
1736989200,1.02991,1.02997,1.02876,1.02896,5901.0,2025-01-16 01:00:00
1736992800,1.02894,1.02932,1.02848,1.02869,4727.0,2025-01-16 02:00:00
1736996400,1.0287,1.0289,1.02847,1.0289,2637.0,2025-01-16 03:00:00
1737000000,1.02892,1.0294,1.02854,1.02872,2114.0,2025-01-16 04:00:00
1737003600,1.02872,1.02873,1.02809,1.02824,2724.0,2025-01-16 05:00:00
1737007200,1.02824,1.02898,1.02823,1.02892,3589.0,2025-01-16 06:00:00
1737010800,1.0289,1.03016,1.02861,1.02976,7334.0,2025-01-16 07:00:00
1737014400,1.02978,1.02998,1.0288,1.0296,7827.0,2025-01-16 08:00:00
1737018000,1.0296,1.0299,1.02817,1.02862,7162.0,2025-01-16 09:00:00
1737021600,1.02862,1.02963,1.02828,1.02856,5346.0,2025-01-16 10:00:00
1737025200,1.02858,1.0292,1.0284,1.02902,5208.0,2025-01-16 11:00:00
1737028800,1.02902,1.02902,1.02641,1.02718,8383.0,2025-01-16 12:00:00
1737032400,1.02721,1.02852,1.02608,1.02816,17364.0,2025-01-16 13:00:00
1737036000,1.02814,1.0284,1.02679,1.02794,11598.0,2025-01-16 14:00:00
1737039600,1.02792,1.03059,1.02743,1.03009,20467.0,2025-01-16 15:00:00
1737043200,1.0301,1.03117,1.0286,1.03022,16064.0,2025-01-16 16:00:00
1737046800,1.03023,1.03152,1.02944,1.02966,9765.0,2025-01-16 17:00:00
1737050400,1.02966,1.03029,1.02934,1.03002,4909.0,2025-01-16 18:00:00
1737054000,1.03003,1.03078,1.02976,1.03019,4914.0,2025-01-16 19:00:00
1737057600,1.03018,1.03039,1.02972,1.03002,3263.0,2025-01-16 20:00:00
1737061200,1.03003,1.03036,1.02968,1.0302,1887.0,2025-01-16 21:00:00
1737064800,1.02978,1.03038,1.02969,1.03016,983.0,2025-01-16 22:00:00
1737068400,1.03016,1.03044,1.03004,1.03014,948.0,2025-01-16 23:00:00
1737072000,1.03013,1.0307,1.02981,1.03048,2596.0,2025-01-17 00:00:00
1737075600,1.03049,1.03096,1.03015,1.03051,3087.0,2025-01-17 01:00:00
1737079200,1.03053,1.03092,1.0303,1.03032,3237.0,2025-01-17 02:00:00
1737082800,1.03032,1.0305,1.03,1.03006,1931.0,2025-01-17 03:00:00
1737086400,1.03006,1.0301,1.02919,1.02938,1892.0,2025-01-17 04:00:00
1737090000,1.02938,1.02952,1.02875,1.02932,2514.0,2025-01-17 05:00:00
1737093600,1.02933,1.0294,1.02852,1.02904,2689.0,2025-01-17 06:00:00
1737097200,1.02902,1.02912,1.02774,1.02846,8028.0,2025-01-17 07:00:00
1737100800,1.02845,1.02988,1.02845,1.0297,7475.0,2025-01-17 08:00:00
1737104400,1.02971,1.03042,1.02892,1.02968,7672.0,2025-01-17 09:00:00
1737108000,1.02967,1.03062,1.02966,1.03039,5385.0,2025-01-17 10:00:00
1737111600,1.0304,1.03102,1.02991,1.03046,5797.0,2025-01-17 11:00:00
1737115200,1.03045,1.03067,1.02903,1.02929,7915.0,2025-01-17 12:00:00
1737118800,1.02931,1.02997,1.02854,1.02902,10820.0,2025-01-17 13:00:00
1737122400,1.02902,1.03024,1.02653,1.02986,17762.0,2025-01-17 14:00:00
1737126000,1.02984,1.03308,1.02954,1.0299,19008.0,2025-01-17 15:00:00
1737129600,1.0299,1.03002,1.02818,1.02862,9430.0,2025-01-17 16:00:00
1737133200,1.02862,1.02912,1.02786,1.0281,6927.0,2025-01-17 17:00:00
1737136800,1.02808,1.02922,1.02791,1.0281,5034.0,2025-01-17 18:00:00
1737140400,1.0281,1.02844,1.02728,1.02764,3766.0,2025-01-17 19:00:00
1737144000,1.02764,1.02816,1.02737,1.02755,4446.0,2025-01-17 20:00:00
1737147600,1.02753,1.02753,1.02692,1.02718,1878.0,2025-01-17 21:00:00
1737324000,1.02825,1.02864,1.02752,1.02801,1631.0,2025-01-19 22:00:00
1737327600,1.02798,1.02808,1.02664,1.02807,2188.0,2025-01-19 23:00:00
1737331200,1.02806,1.02902,1.02782,1.02864,3366.0,2025-01-20 00:00:00
1737334800,1.02864,1.0293,1.0279,1.02909,4144.0,2025-01-20 01:00:00
1737338400,1.02907,1.02924,1.0287,1.02912,3119.0,2025-01-20 02:00:00
1737342000,1.02911,1.03065,1.0291,1.03062,3244.0,2025-01-20 03:00:00
1737345600,1.03063,1.03072,1.03018,1.03044,2007.0,2025-01-20 04:00:00
1737349200,1.03044,1.03065,1.03018,1.03026,1923.0,2025-01-20 05:00:00
1737352800,1.03026,1.0319,1.02995,1.03105,4358.0,2025-01-20 06:00:00
1737356400,1.03105,1.03184,1.03058,1.03168,5914.0,2025-01-20 07:00:00
1737360000,1.0317,1.03176,1.03068,1.03098,7765.0,2025-01-20 08:00:00
1737363600,1.03099,1.0317,1.0305,1.03062,7712.0,2025-01-20 09:00:00
1737367200,1.03063,1.03224,1.03063,1.0315,6043.0,2025-01-20 10:00:00
1737370800,1.03152,1.03264,1.03131,1.0326,5379.0,2025-01-20 11:00:00
1737374400,1.03262,1.03265,1.03151,1.03204,5654.0,2025-01-20 12:00:00
1737378000,1.03202,1.04002,1.03082,1.03982,34938.0,2025-01-20 13:00:00
1737381600,1.03982,1.04301,1.03794,1.04151,26384.0,2025-01-20 14:00:00
1737385200,1.0415,1.04301,1.03848,1.04006,19012.0,2025-01-20 15:00:00
1737388800,1.04006,1.04058,1.03906,1.03984,8867.0,2025-01-20 16:00:00
1737392400,1.03984,1.04026,1.03535,1.03856,17268.0,2025-01-20 17:00:00
1737396000,1.03857,1.03966,1.03832,1.03966,3224.0,2025-01-20 18:00:00
1737399600,1.03967,1.04235,1.03907,1.04208,4304.0,2025-01-20 19:00:00
1737403200,1.04206,1.04345,1.0412,1.04162,5931.0,2025-01-20 20:00:00
1737406800,1.04163,1.04196,1.041,1.0417,3097.0,2025-01-20 21:00:00
1737410400,1.04131,1.04217,1.04131,1.04156,835.0,2025-01-20 22:00:00
1737414000,1.04161,1.04259,1.0411,1.0421,5416.0,2025-01-20 23:00:00
1737417600,1.04211,1.04346,1.03522,1.03624,23553.0,2025-01-21 00:00:00
1737421200,1.03622,1.0398,1.03558,1.03702,23268.0,2025-01-21 01:00:00
1737424800,1.03702,1.03905,1.03692,1.03876,9584.0,2025-01-21 02:00:00
1737428400,1.03876,1.04011,1.03853,1.03875,6433.0,2025-01-21 03:00:00
1737432000,1.03876,1.03992,1.03849,1.03898,4346.0,2025-01-21 04:00:00
1737435600,1.03898,1.03923,1.03776,1.03789,3120.0,2025-01-21 05:00:00
1737439200,1.0379,1.03816,1.03664,1.0369,5419.0,2025-01-21 06:00:00
1737442800,1.03688,1.03862,1.03651,1.03734,8111.0,2025-01-21 07:00:00
1737446400,1.03734,1.03734,1.035,1.03608,9878.0,2025-01-21 08:00:00
1737450000,1.03608,1.03638,1.03417,1.03536,11412.0,2025-01-21 09:00:00
1737453600,1.03528,1.03595,1.03432,1.0353,10547.0,2025-01-21 10:00:00
1737457200,1.0353,1.03581,1.0343,1.03535,8010.0,2025-01-21 11:00:00
1737460800,1.03534,1.03582,1.03456,1.03541,10858.0,2025-01-21 12:00:00
1737464400,1.03542,1.0378,1.03528,1.03779,11160.0,2025-01-21 13:00:00
1737468000,1.03782,1.03985,1.03729,1.03869,13566.0,2025-01-21 14:00:00
1737471600,1.0387,1.04106,1.03786,1.04008,15691.0,2025-01-21 15:00:00
1737475200,1.04006,1.04229,1.03983,1.04226,10534.0,2025-01-21 16:00:00
1737478800,1.04225,1.04302,1.04212,1.04213,7390.0,2025-01-21 17:00:00
1737482400,1.04212,1.04356,1.04198,1.04291,5390.0,2025-01-21 18:00:00
1737486000,1.0429,1.04306,1.04162,1.0418,4605.0,2025-01-21 19:00:00
1737489600,1.04179,1.04217,1.04158,1.04202,3488.0,2025-01-21 20:00:00
1737493200,1.042,1.043,1.04188,1.0429,2317.0,2025-01-21 21:00:00
1737496800,1.04274,1.04341,1.04248,1.04272,1188.0,2025-01-21 22:00:00
1737500400,1.04272,1.04276,1.03922,1.04058,8774.0,2025-01-21 23:00:00
1737504000,1.04057,1.04246,1.04057,1.04232,5130.0,2025-01-22 00:00:00
1737507600,1.04231,1.04232,1.04076,1.04096,4564.0,2025-01-22 01:00:00
1737511200,1.04096,1.04164,1.04061,1.04137,4029.0,2025-01-22 02:00:00
1737514800,1.04138,1.04159,1.04102,1.0412,2736.0,2025-01-22 03:00:00
1737518400,1.04119,1.04214,1.04114,1.04172,2400.0,2025-01-22 04:00:00
1737522000,1.04172,1.04182,1.04085,1.04157,3132.0,2025-01-22 05:00:00
1737525600,1.04156,1.04185,1.03998,1.04038,5206.0,2025-01-22 06:00:00
1737529200,1.04041,1.04198,1.04032,1.04118,8004.0,2025-01-22 07:00:00
1737532800,1.04118,1.0424,1.04096,1.04231,11989.0,2025-01-22 08:00:00
1737536400,1.04232,1.04474,1.04199,1.04467,10370.0,2025-01-22 09:00:00
1737540000,1.04468,1.04574,1.04427,1.045,8725.0,2025-01-22 10:00:00
1737543600,1.045,1.04564,1.04405,1.0443,5958.0,2025-01-22 11:00:00
1737547200,1.04428,1.04429,1.04312,1.0438,6995.0,2025-01-22 12:00:00
1737550800,1.04382,1.0446,1.04223,1.04317,9806.0,2025-01-22 13:00:00
1737554400,1.04315,1.04322,1.04143,1.04246,12365.0,2025-01-22 14:00:00
1737558000,1.04248,1.04251,1.04146,1.042,11799.0,2025-01-22 15:00:00
1737561600,1.04199,1.04229,1.04122,1.04196,7357.0,2025-01-22 16:00:00
1737565200,1.04195,1.04206,1.0412,1.04171,5413.0,2025-01-22 17:00:00
1737568800,1.0417,1.04214,1.04119,1.04162,4182.0,2025-01-22 18:00:00
1737572400,1.04162,1.04228,1.04155,1.04203,2896.0,2025-01-22 19:00:00
1737576000,1.04202,1.04231,1.04112,1.04122,3532.0,2025-01-22 20:00:00
1737579600,1.04123,1.04132,1.0408,1.04102,1584.0,2025-01-22 21:00:00
1737583200,1.04125,1.04125,1.0408,1.04088,426.0,2025-01-22 22:00:00
1737586800,1.04086,1.04094,1.04054,1.04079,1535.0,2025-01-22 23:00:00
1737590400,1.04078,1.0412,1.04069,1.04104,3358.0,2025-01-23 00:00:00
1737594000,1.04104,1.04161,1.0402,1.04036,7094.0,2025-01-23 01:00:00
1737597600,1.04036,1.04062,1.0397,1.04038,4647.0,2025-01-23 02:00:00
1737601200,1.04038,1.04092,1.04032,1.0409,2710.0,2025-01-23 03:00:00
1737604800,1.0409,1.04128,1.04089,1.04108,3792.0,2025-01-23 04:00:00
1737608400,1.04109,1.04118,1.04044,1.04053,3786.0,2025-01-23 05:00:00
1737612000,1.04051,1.04123,1.0403,1.04034,4370.0,2025-01-23 06:00:00
1737615600,1.04032,1.04057,1.03899,1.04002,8983.0,2025-01-23 07:00:00
1737619200,1.04003,1.04024,1.03903,1.03942,7679.0,2025-01-23 08:00:00
1737622800,1.03942,1.0415,1.03933,1.04117,8502.0,2025-01-23 09:00:00
1737626400,1.04116,1.04204,1.041,1.04114,6433.0,2025-01-23 10:00:00
1737630000,1.04114,1.04141,1.04012,1.04032,6736.0,2025-01-23 11:00:00
1737633600,1.04032,1.04062,1.03942,1.04038,7577.0,2025-01-23 12:00:00
1737637200,1.04037,1.0415,1.03974,1.04108,12588.0,2025-01-23 13:00:00
1737640800,1.04108,1.04181,1.04058,1.04088,9915.0,2025-01-23 14:00:00
1737644400,1.0409,1.04098,1.0387,1.03974,11321.0,2025-01-23 15:00:00
1737648000,1.03976,1.04294,1.03721,1.04196,27913.0,2025-01-23 16:00:00
1737651600,1.04196,1.0438,1.04139,1.04354,9012.0,2025-01-23 17:00:00
1737655200,1.04355,1.0437,1.0422,1.0424,5472.0,2025-01-23 18:00:00
1737658800,1.0424,1.04268,1.042,1.04231,4988.0,2025-01-23 19:00:00
1737662400,1.04232,1.04292,1.04159,1.04176,4683.0,2025-01-23 20:00:00
1737666000,1.04177,1.04194,1.04129,1.04156,1858.0,2025-01-23 21:00:00
1737669600,1.04169,1.04191,1.04138,1.0417,1258.0,2025-01-23 22:00:00
1737673200,1.04168,1.04178,1.04146,1.04158,890.0,2025-01-23 23:00:00
1737676800,1.04158,1.04232,1.04135,1.04193,3443.0,2025-01-24 00:00:00
1737680400,1.04194,1.04204,1.04116,1.04158,3451.0,2025-01-24 01:00:00
1737684000,1.0416,1.04495,1.04159,1.04488,10553.0,2025-01-24 02:00:00
1737687600,1.04487,1.0454,1.04364,1.04462,8814.0,2025-01-24 03:00:00
1737691200,1.0446,1.04516,1.04433,1.04474,4854.0,2025-01-24 04:00:00
1737694800,1.04478,1.0454,1.04438,1.04515,4078.0,2025-01-24 05:00:00
1737698400,1.04514,1.04707,1.04494,1.04574,10153.0,2025-01-24 06:00:00
1737702000,1.04574,1.04651,1.04474,1.04612,10718.0,2025-01-24 07:00:00
1737705600,1.04612,1.04954,1.0458,1.04936,16961.0,2025-01-24 08:00:00
1737709200,1.04933,1.05152,1.04908,1.04946,12945.0,2025-01-24 09:00:00
1737712800,1.04946,1.04979,1.04862,1.04892,7591.0,2025-01-24 10:00:00
1737716400,1.04892,1.04933,1.04811,1.04862,6357.0,2025-01-24 11:00:00
1737720000,1.04861,1.04878,1.04734,1.04736,6463.0,2025-01-24 12:00:00
1737723600,1.04737,1.048,1.04637,1.04687,8141.0,2025-01-24 13:00:00
1737727200,1.04686,1.04942,1.04673,1.0492,12332.0,2025-01-24 14:00:00
1737730800,1.0492,1.05208,1.04897,1.05162,16378.0,2025-01-24 15:00:00
1737734400,1.05162,1.05204,1.0505,1.05146,10020.0,2025-01-24 16:00:00
1737738000,1.05145,1.05215,1.051,1.05112,6300.0,2025-01-24 17:00:00
1737741600,1.0511,1.05119,1.0494,1.04952,4373.0,2025-01-24 18:00:00
1737745200,1.04952,1.04987,1.04921,1.04955,3629.0,2025-01-24 19:00:00
1737748800,1.04954,1.04964,1.04882,1.04947,3024.0,2025-01-24 20:00:00
1737752400,1.04948,1.04975,1.049,1.04953,2121.0,2025-01-24 21:00:00
1737928800,1.04808,1.0485,1.04807,1.04836,1040.0,2025-01-26 22:00:00
1737932400,1.04836,1.04863,1.04652,1.04676,3173.0,2025-01-26 23:00:00
1737936000,1.04675,1.04764,1.04654,1.04728,4172.0,2025-01-27 00:00:00
1737939600,1.04727,1.0479,1.04614,1.04627,6735.0,2025-01-27 01:00:00
1737943200,1.04628,1.04666,1.0459,1.04661,3656.0,2025-01-27 02:00:00
1737946800,1.04662,1.04778,1.04633,1.04686,4879.0,2025-01-27 03:00:00
1737950400,1.04686,1.04691,1.04599,1.04634,3150.0,2025-01-27 04:00:00
1737954000,1.04632,1.04648,1.04559,1.0463,3170.0,2025-01-27 05:00:00
1737957600,1.04632,1.04654,1.0457,1.04592,4207.0,2025-01-27 06:00:00
1737961200,1.04594,1.04713,1.04539,1.04572,8629.0,2025-01-27 07:00:00
1737964800,1.04571,1.04888,1.04544,1.0488,12378.0,2025-01-27 08:00:00
1737968400,1.0488,1.04938,1.04752,1.04888,13612.0,2025-01-27 09:00:00
1737972000,1.04888,1.05092,1.04888,1.05054,13028.0,2025-01-27 10:00:00
1737975600,1.05055,1.05184,1.05045,1.05131,11467.0,2025-01-27 11:00:00
1737979200,1.05132,1.05282,1.0509,1.05214,10627.0,2025-01-27 12:00:00
1737982800,1.05214,1.05333,1.05098,1.052,14436.0,2025-01-27 13:00:00
1737986400,1.05198,1.05246,1.05078,1.05092,13167.0,2025-01-27 14:00:00
1737990000,1.05092,1.05099,1.0494,1.04992,11249.0,2025-01-27 15:00:00
1737993600,1.04992,1.05077,1.04894,1.04908,10284.0,2025-01-27 16:00:00
1737997200,1.04911,1.04949,1.04849,1.04888,7665.0,2025-01-27 17:00:00
1738000800,1.04888,1.04943,1.04818,1.0485,6530.0,2025-01-27 18:00:00
1738004400,1.04852,1.04929,1.04792,1.04927,5288.0,2025-01-27 19:00:00
1738008000,1.04929,1.04944,1.04874,1.04881,4262.0,2025-01-27 20:00:00
1738011600,1.0488,1.04925,1.04859,1.04921,1766.0,2025-01-27 21:00:00
1738015200,1.04929,1.0494,1.04884,1.04892,745.0,2025-01-27 22:00:00
1738018800,1.04892,1.04895,1.04282,1.04372,12395.0,2025-01-27 23:00:00
1738022400,1.04372,1.0452,1.04324,1.04454,9323.0,2025-01-28 00:00:00
1738026000,1.04455,1.04567,1.04298,1.0438,7856.0,2025-01-28 01:00:00
1738029600,1.04378,1.04418,1.04244,1.04337,9323.0,2025-01-28 02:00:00
1738033200,1.04336,1.04394,1.0429,1.04291,4556.0,2025-01-28 03:00:00
1738036800,1.04292,1.04347,1.04256,1.04338,3294.0,2025-01-28 04:00:00
1738040400,1.04339,1.04393,1.04335,1.04364,2776.0,2025-01-28 05:00:00
1738044000,1.04366,1.04442,1.04338,1.04377,3609.0,2025-01-28 06:00:00
1738047600,1.04376,1.04431,1.04282,1.04344,8708.0,2025-01-28 07:00:00
1738051200,1.04345,1.0436,1.04192,1.04254,11203.0,2025-01-28 08:00:00
1738054800,1.04253,1.04443,1.04226,1.04352,9758.0,2025-01-28 09:00:00
1738058400,1.04352,1.04374,1.04249,1.0425,7164.0,2025-01-28 10:00:00
1738062000,1.04249,1.04328,1.04226,1.04234,5836.0,2025-01-28 11:00:00
1738065600,1.04234,1.04256,1.04138,1.04204,8334.0,2025-01-28 12:00:00
1738069200,1.04203,1.04314,1.04174,1.04247,10026.0,2025-01-28 13:00:00
1738072800,1.04246,1.04414,1.04241,1.04316,10575.0,2025-01-28 14:00:00
1738076400,1.04316,1.04397,1.04209,1.04242,10034.0,2025-01-28 15:00:00
1738080000,1.04242,1.0433,1.04226,1.04262,8832.0,2025-01-28 16:00:00
1738083600,1.04262,1.04348,1.04246,1.04279,5362.0,2025-01-28 17:00:00
1738087200,1.0428,1.04383,1.04232,1.04265,6625.0,2025-01-28 18:00:00
1738090800,1.04264,1.04368,1.04226,1.0435,4265.0,2025-01-28 19:00:00
1738094400,1.04348,1.04354,1.04296,1.04316,4486.0,2025-01-28 20:00:00
1738098000,1.04315,1.04342,1.043,1.04307,1634.0,2025-01-28 21:00:00
1738101600,1.04288,1.04299,1.04278,1.0429,538.0,2025-01-28 22:00:00
1738105200,1.04288,1.04301,1.04267,1.04273,937.0,2025-01-28 23:00:00
1738108800,1.04274,1.04345,1.0427,1.04304,3457.0,2025-01-29 00:00:00
1738112400,1.04302,1.04342,1.04272,1.04272,2829.0,2025-01-29 01:00:00
1738116000,1.04272,1.04358,1.04258,1.04338,2998.0,2025-01-29 02:00:00
1738119600,1.0434,1.04392,1.04314,1.04376,3057.0,2025-01-29 03:00:00
1738123200,1.04375,1.04427,1.04375,1.04386,2156.0,2025-01-29 04:00:00
1738126800,1.04386,1.04412,1.04356,1.04404,2284.0,2025-01-29 05:00:00
1738130400,1.04404,1.04438,1.04366,1.04374,3875.0,2025-01-29 06:00:00
1738134000,1.04372,1.0438,1.04132,1.04161,7470.0,2025-01-29 07:00:00
1738137600,1.04162,1.04306,1.04162,1.04244,8097.0,2025-01-29 08:00:00
1738141200,1.04244,1.04248,1.04021,1.04038,8848.0,2025-01-29 09:00:00
1738144800,1.04038,1.04086,1.03948,1.04038,8247.0,2025-01-29 10:00:00
1738148400,1.04039,1.04083,1.03971,1.04016,6240.0,2025-01-29 11:00:00
1738152000,1.04017,1.04049,1.03936,1.04041,7680.0,2025-01-29 12:00:00
1738155600,1.04042,1.04058,1.03824,1.03878,11741.0,2025-01-29 13:00:00
1738159200,1.03878,1.04016,1.03864,1.04014,9872.0,2025-01-29 14:00:00
1738162800,1.04014,1.04272,1.03948,1.04195,12282.0,2025-01-29 15:00:00
1738166400,1.04196,1.04241,1.04114,1.04158,10552.0,2025-01-29 16:00:00
1738170000,1.04156,1.04285,1.04154,1.04214,7796.0,2025-01-29 17:00:00
1738173600,1.04214,1.04246,1.04153,1.0421,5906.0,2025-01-29 18:00:00
1738177200,1.04211,1.0429,1.03882,1.0416,30277.0,2025-01-29 19:00:00
1738180800,1.04162,1.04258,1.0406,1.04105,14229.0,2025-01-29 20:00:00
1738184400,1.04104,1.04218,1.0409,1.042,2544.0,2025-01-29 21:00:00
1738188000,1.04197,1.04222,1.04184,1.04216,856.0,2025-01-29 22:00:00
1738191600,1.04218,1.04274,1.04185,1.04247,2287.0,2025-01-29 23:00:00
1738195200,1.04246,1.0429,1.0424,1.04261,3000.0,2025-01-30 00:00:00
1738198800,1.0426,1.04263,1.0419,1.04201,3051.0,2025-01-30 01:00:00
1738202400,1.042,1.04269,1.042,1.0423,2595.0,2025-01-30 02:00:00
1738206000,1.04232,1.04266,1.04222,1.04252,2450.0,2025-01-30 03:00:00
1738209600,1.04252,1.04278,1.04177,1.0419,2651.0,2025-01-30 04:00:00
1738213200,1.04191,1.04222,1.04177,1.04219,2354.0,2025-01-30 05:00:00
1738216800,1.0422,1.04228,1.04109,1.0414,3171.0,2025-01-30 06:00:00
1738220400,1.0414,1.0424,1.04096,1.04238,5740.0,2025-01-30 07:00:00
1738224000,1.04242,1.0429,1.04162,1.04218,8867.0,2025-01-30 08:00:00
1738227600,1.04219,1.04228,1.04022,1.04078,9764.0,2025-01-30 09:00:00
1738231200,1.04076,1.04122,1.03959,1.04008,7801.0,2025-01-30 10:00:00
1738234800,1.04008,1.04008,1.03913,1.03918,6518.0,2025-01-30 11:00:00
1738238400,1.03917,1.04059,1.03904,1.04034,7091.0,2025-01-30 12:00:00
1738242000,1.04034,1.04599,1.04014,1.04562,19056.0,2025-01-30 13:00:00
1738245600,1.04563,1.04678,1.04194,1.04282,20586.0,2025-01-30 14:00:00
1738249200,1.04286,1.04425,1.0427,1.04313,12999.0,2025-01-30 15:00:00
1738252800,1.04314,1.04348,1.0417,1.04196,8326.0,2025-01-30 16:00:00
1738256400,1.04193,1.04236,1.04094,1.04172,6903.0,2025-01-30 17:00:00
1738260000,1.04172,1.04256,1.04158,1.04252,3953.0,2025-01-30 18:00:00
1738263600,1.04252,1.04303,1.04231,1.04282,2926.0,2025-01-30 19:00:00
1738267200,1.04283,1.04324,1.03862,1.04074,18272.0,2025-01-30 20:00:00
1738270800,1.04073,1.04144,1.03873,1.03923,8426.0,2025-01-30 21:00:00
1738274400,1.03954,1.03957,1.03864,1.03882,1223.0,2025-01-30 22:00:00
1738278000,1.03876,1.03984,1.03851,1.0397,2409.0,2025-01-30 23:00:00
1738281600,1.0397,1.04026,1.0385,1.03868,3723.0,2025-01-31 00:00:00
1738285200,1.03866,1.03926,1.0377,1.03888,6965.0,2025-01-31 01:00:00
1738288800,1.03889,1.03952,1.03868,1.03898,4299.0,2025-01-31 02:00:00
1738292400,1.03897,1.03916,1.03838,1.0385,3232.0,2025-01-31 03:00:00
1738296000,1.03852,1.03899,1.03828,1.03875,2437.0,2025-01-31 04:00:00
1738299600,1.03873,1.03908,1.03847,1.03889,3209.0,2025-01-31 05:00:00
1738303200,1.03888,1.03955,1.03874,1.03948,3461.0,2025-01-31 06:00:00
1738306800,1.03945,1.04129,1.03913,1.0404,8837.0,2025-01-31 07:00:00
1738310400,1.04042,1.04069,1.03808,1.03844,9042.0,2025-01-31 08:00:00
1738314000,1.03838,1.0385,1.03653,1.03836,13851.0,2025-01-31 09:00:00
1738317600,1.03836,1.03841,1.03737,1.03764,8407.0,2025-01-31 10:00:00
1738321200,1.03764,1.03802,1.0372,1.03758,6675.0,2025-01-31 11:00:00
1738324800,1.03759,1.03858,1.03746,1.03826,6918.0,2025-01-31 12:00:00
1738328400,1.03826,1.03953,1.03768,1.03822,13402.0,2025-01-31 13:00:00
1738332000,1.03824,1.03827,1.03664,1.03687,12227.0,2025-01-31 14:00:00
1738335600,1.03692,1.04007,1.03604,1.03964,12472.0,2025-01-31 15:00:00
1738339200,1.03965,1.04077,1.03861,1.03998,10354.0,2025-01-31 16:00:00
1738342800,1.03996,1.0434,1.03905,1.04202,21469.0,2025-01-31 17:00:00
1738346400,1.04201,1.04218,1.03615,1.03698,23693.0,2025-01-31 18:00:00
1738350000,1.03698,1.03792,1.03646,1.03766,12102.0,2025-01-31 19:00:00
1738353600,1.03766,1.03822,1.0363,1.03738,12474.0,2025-01-31 20:00:00
1738357200,1.03739,1.03874,1.035,1.0361,14492.0,2025-01-31 21:00:00
1738533600,1.02454,1.02577,1.02428,1.02508,2903.0,2025-02-02 22:00:00
1738537200,1.02508,1.02702,1.02347,1.02471,16020.0,2025-02-02 23:00:00
1738540800,1.02468,1.02674,1.02105,1.02321,24019.0,2025-02-03 00:00:00
1738544400,1.0232,1.02524,1.0222,1.02378,14614.0,2025-02-03 01:00:00
1738548000,1.02378,1.0238,1.02208,1.02236,11274.0,2025-02-03 02:00:00
1738551600,1.02237,1.0225,1.02123,1.02216,6752.0,2025-02-03 03:00:00
1738555200,1.02216,1.024,1.02207,1.02268,10475.0,2025-02-03 04:00:00
1738558800,1.0227,1.02436,1.02259,1.02405,6821.0,2025-02-03 05:00:00
1738562400,1.02404,1.02517,1.02396,1.02432,8236.0,2025-02-03 06:00:00
1738566000,1.02433,1.02496,1.0222,1.0225,12882.0,2025-02-03 07:00:00
1738569600,1.02252,1.02514,1.02129,1.02435,15431.0,2025-02-03 08:00:00
1738573200,1.02438,1.02544,1.02256,1.02306,9816.0,2025-02-03 09:00:00
1738576800,1.02306,1.02447,1.02302,1.02438,8568.0,2025-02-03 10:00:00
1738580400,1.02438,1.0256,1.02364,1.02524,7932.0,2025-02-03 11:00:00
1738584000,1.02523,1.02783,1.02514,1.02578,13644.0,2025-02-03 12:00:00
1738587600,1.02576,1.02878,1.02576,1.02639,16646.0,2025-02-03 13:00:00
1738591200,1.0264,1.02662,1.0247,1.02514,16074.0,2025-02-03 14:00:00
1738594800,1.02493,1.0336,1.0243,1.03164,45169.0,2025-02-03 15:00:00
1738598400,1.03164,1.03217,1.02728,1.0276,28501.0,2025-02-03 16:00:00
1738602000,1.02762,1.03032,1.02716,1.02798,19407.0,2025-02-03 17:00:00
1738605600,1.02795,1.0288,1.027,1.02785,12840.0,2025-02-03 18:00:00
1738609200,1.02785,1.02972,1.02785,1.02846,6274.0,2025-02-03 19:00:00
1738612800,1.02848,1.02995,1.02827,1.02956,5199.0,2025-02-03 20:00:00
1738616400,1.02954,1.03502,1.02928,1.03428,13310.0,2025-02-03 21:00:00
1738620000,1.0338,1.03482,1.03353,1.03433,1533.0,2025-02-03 22:00:00
1738623600,1.03427,1.03521,1.03265,1.03281,5470.0,2025-02-03 23:00:00
1738627200,1.03284,1.03312,1.03162,1.03179,4523.0,2025-02-04 00:00:00
1738630800,1.03178,1.03228,1.03085,1.0322,6341.0,2025-02-04 01:00:00
1738634400,1.0322,1.0324,1.03166,1.03222,5452.0,2025-02-04 02:00:00
1738638000,1.03221,1.03241,1.03118,1.03148,4104.0,2025-02-04 03:00:00
1738641600,1.03146,1.03152,1.03058,1.0306,3451.0,2025-02-04 04:00:00
1738645200,1.0306,1.0306,1.02719,1.02931,15122.0,2025-02-04 05:00:00
1738648800,1.02933,1.03078,1.02922,1.03068,6572.0,2025-02-04 06:00:00
1738652400,1.03067,1.03172,1.03,1.03116,7566.0,2025-02-04 07:00:00
1738656000,1.03114,1.03358,1.0309,1.03344,13444.0,2025-02-04 08:00:00
1738659600,1.03344,1.03496,1.03324,1.03388,8514.0,2025-02-04 09:00:00
1738663200,1.03387,1.03434,1.03255,1.03352,6535.0,2025-02-04 10:00:00
1738666800,1.03352,1.03353,1.03222,1.03222,5640.0,2025-02-04 11:00:00
1738670400,1.03223,1.03285,1.03201,1.03253,6622.0,2025-02-04 12:00:00
1738674000,1.03252,1.03407,1.03238,1.03406,8242.0,2025-02-04 13:00:00
1738677600,1.03406,1.03664,1.03402,1.03601,12266.0,2025-02-04 14:00:00
1738681200,1.03602,1.03861,1.03576,1.03801,19185.0,2025-02-04 15:00:00
1738684800,1.038,1.03874,1.03734,1.03784,10020.0,2025-02-04 16:00:00
1738688400,1.03783,1.03788,1.03656,1.03768,9804.0,2025-02-04 17:00:00
1738692000,1.03767,1.03864,1.03746,1.03812,5285.0,2025-02-04 18:00:00
1738695600,1.03812,1.03856,1.03772,1.03819,5527.0,2025-02-04 19:00:00
1738699200,1.0382,1.0386,1.03794,1.03854,4466.0,2025-02-04 20:00:00
1738702800,1.03855,1.03877,1.03778,1.03788,2581.0,2025-02-04 21:00:00
1738706400,1.03758,1.03806,1.03742,1.03786,1699.0,2025-02-04 22:00:00
1738710000,1.03786,1.03806,1.0371,1.03716,2134.0,2025-02-04 23:00:00
1738713600,1.03716,1.0382,1.03696,1.03787,3819.0,2025-02-05 00:00:00
1738717200,1.03788,1.03868,1.03724,1.03734,6807.0,2025-02-05 01:00:00
1738720800,1.03735,1.03852,1.0373,1.03846,4494.0,2025-02-05 02:00:00
1738724400,1.03848,1.03862,1.03794,1.03796,3731.0,2025-02-05 03:00:00
1738728000,1.03796,1.03824,1.03764,1.03787,2674.0,2025-02-05 04:00:00
1738731600,1.03788,1.03788,1.03733,1.03779,3281.0,2025-02-05 05:00:00
1738735200,1.03778,1.03941,1.03742,1.0385,4779.0,2025-02-05 06:00:00
1738738800,1.0385,1.04096,1.03822,1.04026,9316.0,2025-02-05 07:00:00
1738742400,1.04024,1.04086,1.03902,1.0404,11151.0,2025-02-05 08:00:00
1738746000,1.04038,1.04178,1.04016,1.04039,10128.0,2025-02-05 09:00:00
1738749600,1.0404,1.04307,1.04018,1.04252,8010.0,2025-02-05 10:00:00
1738753200,1.04253,1.04254,1.04117,1.04147,5740.0,2025-02-05 11:00:00
1738756800,1.04148,1.04221,1.04108,1.04192,6215.0,2025-02-05 12:00:00
1738760400,1.0419,1.04258,1.04016,1.04078,12600.0,2025-02-05 13:00:00
1738764000,1.0408,1.04264,1.04062,1.0424,11777.0,2025-02-05 14:00:00
1738767600,1.04266,1.04432,1.04152,1.04223,17836.0,2025-02-05 15:00:00
1738771200,1.04222,1.04249,1.04104,1.04182,8900.0,2025-02-05 16:00:00
1738774800,1.04182,1.04244,1.04104,1.04199,5760.0,2025-02-05 17:00:00
1738778400,1.04198,1.04216,1.04143,1.04156,4327.0,2025-02-05 18:00:00
1738782000,1.04156,1.0417,1.04048,1.04072,4996.0,2025-02-05 19:00:00
1738785600,1.04072,1.04072,1.0401,1.04049,4246.0,2025-02-05 20:00:00
1738789200,1.04048,1.04068,1.0397,1.04028,2493.0,2025-02-05 21:00:00
1738792800,1.04049,1.04052,1.04017,1.04042,715.0,2025-02-05 22:00:00
1738796400,1.04044,1.0406,1.03974,1.03987,1843.0,2025-02-05 23:00:00
1738800000,1.03988,1.04024,1.03948,1.03976,3333.0,2025-02-06 00:00:00
1738803600,1.03978,1.04047,1.03953,1.04025,5516.0,2025-02-06 01:00:00
1738807200,1.04024,1.04056,1.0391,1.03952,4424.0,2025-02-06 02:00:00
1738810800,1.03952,1.03964,1.03896,1.0392,2960.0,2025-02-06 03:00:00
1738814400,1.03921,1.03938,1.03852,1.0387,2263.0,2025-02-06 04:00:00
1738818000,1.03872,1.03904,1.03861,1.03864,2854.0,2025-02-06 05:00:00
1738821600,1.03864,1.03926,1.03856,1.03903,3073.0,2025-02-06 06:00:00
1738825200,1.03904,1.03916,1.0378,1.03801,6219.0,2025-02-06 07:00:00
1738828800,1.038,1.03808,1.03562,1.03651,9475.0,2025-02-06 08:00:00
1738832400,1.03652,1.03679,1.03563,1.03594,7216.0,2025-02-06 09:00:00
1738836000,1.03594,1.03664,1.03558,1.03626,5814.0,2025-02-06 10:00:00
1738839600,1.03625,1.03677,1.03581,1.0362,6123.0,2025-02-06 11:00:00
1738843200,1.03619,1.0364,1.03526,1.0362,12560.0,2025-02-06 12:00:00
1738846800,1.03618,1.03677,1.03535,1.03603,11807.0,2025-02-06 13:00:00
1738850400,1.03604,1.03748,1.03598,1.03623,9159.0,2025-02-06 14:00:00
1738854000,1.03624,1.03765,1.03613,1.03695,11380.0,2025-02-06 15:00:00
1738857600,1.03694,1.03766,1.03668,1.0367,6890.0,2025-02-06 16:00:00
1738861200,1.03668,1.03806,1.03658,1.03792,5132.0,2025-02-06 17:00:00
1738864800,1.03794,1.03968,1.03738,1.03896,8393.0,2025-02-06 18:00:00
1738868400,1.03896,1.03914,1.03803,1.03848,4517.0,2025-02-06 19:00:00
1738872000,1.03848,1.03911,1.03839,1.03886,3519.0,2025-02-06 20:00:00
1738875600,1.03885,1.03894,1.03828,1.0383,1518.0,2025-02-06 21:00:00
1738879200,1.03858,1.03858,1.0382,1.03836,765.0,2025-02-06 22:00:00
1738882800,1.03836,1.03868,1.0383,1.03852,1286.0,2025-02-06 23:00:00
1738886400,1.03852,1.03911,1.03773,1.03778,2896.0,2025-02-07 00:00:00
1738890000,1.03781,1.03871,1.03744,1.0384,5174.0,2025-02-07 01:00:00
1738893600,1.03839,1.03862,1.0381,1.03842,4316.0,2025-02-07 02:00:00
1738897200,1.03842,1.0385,1.03773,1.03798,2984.0,2025-02-07 03:00:00
1738900800,1.03799,1.03835,1.03758,1.03812,2685.0,2025-02-07 04:00:00
1738904400,1.03812,1.03816,1.03739,1.03752,3348.0,2025-02-07 05:00:00
1738908000,1.03752,1.03773,1.03728,1.03763,3656.0,2025-02-07 06:00:00
1738911600,1.03762,1.03902,1.03743,1.03894,4892.0,2025-02-07 07:00:00
1738915200,1.03892,1.04,1.03856,1.03978,6242.0,2025-02-07 08:00:00
1738918800,1.03978,1.03992,1.039,1.03913,5426.0,2025-02-07 09:00:00
1738922400,1.03912,1.03916,1.03791,1.03815,5081.0,2025-02-07 10:00:00
1738926000,1.03814,1.03842,1.03774,1.03825,3959.0,2025-02-07 11:00:00
1738929600,1.03826,1.03826,1.03683,1.03744,5390.0,2025-02-07 12:00:00
1738933200,1.03744,1.04134,1.03493,1.03636,23921.0,2025-02-07 13:00:00
1738936800,1.03637,1.0389,1.03609,1.03858,13554.0,2025-02-07 14:00:00
1738940400,1.03857,1.03878,1.03274,1.03554,21504.0,2025-02-07 15:00:00
1738944000,1.03554,1.03554,1.03221,1.0328,23928.0,2025-02-07 16:00:00
1738947600,1.03281,1.03612,1.03052,1.03218,22437.0,2025-02-07 17:00:00
1738951200,1.03218,1.0336,1.0321,1.03252,5945.0,2025-02-07 18:00:00
1738954800,1.03253,1.03371,1.03239,1.03324,5321.0,2025-02-07 19:00:00
1738958400,1.03326,1.03385,1.03214,1.03278,4538.0,2025-02-07 20:00:00
1738962000,1.03279,1.03326,1.03252,1.0327,3871.0,2025-02-07 21:00:00
1739138400,1.02925,1.03029,1.02838,1.02914,2230.0,2025-02-09 22:00:00
1739142000,1.02916,1.03136,1.02916,1.03096,3843.0,2025-02-09 23:00:00
1739145600,1.03096,1.03185,1.03093,1.03102,4103.0,2025-02-10 00:00:00
1739149200,1.03102,1.03148,1.03,1.03032,5448.0,2025-02-10 01:00:00
1739152800,1.03032,1.0307,1.02988,1.02998,3566.0,2025-02-10 02:00:00
1739156400,1.02998,1.03117,1.02998,1.03116,2673.0,2025-02-10 03:00:00
1739160000,1.03116,1.0316,1.03112,1.03133,2048.0,2025-02-10 04:00:00
1739163600,1.03132,1.03216,1.03132,1.03162,2198.0,2025-02-10 05:00:00
1739167200,1.03163,1.032,1.03121,1.0319,3277.0,2025-02-10 06:00:00
1739170800,1.03189,1.03258,1.031,1.03129,6686.0,2025-02-10 07:00:00
1739174400,1.0313,1.03232,1.03068,1.03222,8274.0,2025-02-10 08:00:00
1739178000,1.0322,1.03349,1.0321,1.03269,6660.0,2025-02-10 09:00:00
1739181600,1.03267,1.03338,1.03234,1.03301,4995.0,2025-02-10 10:00:00
1739185200,1.03302,1.03366,1.03202,1.03206,5378.0,2025-02-10 11:00:00
1739188800,1.03206,1.03222,1.03086,1.03138,7272.0,2025-02-10 12:00:00
1739192400,1.03137,1.03265,1.03136,1.03216,6709.0,2025-02-10 13:00:00
1739196000,1.03216,1.03238,1.03044,1.03114,8542.0,2025-02-10 14:00:00
1739199600,1.03115,1.03198,1.03108,1.03152,7252.0,2025-02-10 15:00:00
1739203200,1.03152,1.03181,1.03046,1.03116,6631.0,2025-02-10 16:00:00
1739206800,1.03117,1.03148,1.03068,1.03124,5047.0,2025-02-10 17:00:00
1739210400,1.03124,1.03162,1.03059,1.03073,3791.0,2025-02-10 18:00:00
1739214000,1.03071,1.03109,1.03052,1.0307,2854.0,2025-02-10 19:00:00
1739217600,1.03069,1.03085,1.0305,1.03069,2421.0,2025-02-10 20:00:00
1739221200,1.03068,1.03085,1.03052,1.0307,1025.0,2025-02-10 21:00:00
1739224800,1.03092,1.03103,1.03042,1.0307,1024.0,2025-02-10 22:00:00
1739228400,1.03065,1.03081,1.02984,1.03006,2532.0,2025-02-10 23:00:00
1739232000,1.03007,1.03068,1.02997,1.03048,2174.0,2025-02-11 00:00:00
1739235600,1.03048,1.03048,1.03001,1.0302,3912.0,2025-02-11 01:00:00
1739239200,1.0302,1.0303,1.02923,1.0293,3609.0,2025-02-11 02:00:00
1739242800,1.02932,1.03006,1.02922,1.02983,2891.0,2025-02-11 03:00:00
1739246400,1.02982,1.03044,1.02976,1.03043,3066.0,2025-02-11 04:00:00
1739250000,1.03044,1.0306,1.03022,1.03047,2909.0,2025-02-11 05:00:00
1739253600,1.03047,1.03106,1.03042,1.03052,4101.0,2025-02-11 06:00:00
1739257200,1.03052,1.0308,1.0301,1.03033,5672.0,2025-02-11 07:00:00
1739260800,1.03032,1.03199,1.02998,1.03183,7539.0,2025-02-11 08:00:00
1739264400,1.03182,1.03221,1.03126,1.0318,7066.0,2025-02-11 09:00:00
1739268000,1.0318,1.03252,1.03144,1.03162,5800.0,2025-02-11 10:00:00
1739271600,1.03162,1.03228,1.03158,1.0322,4505.0,2025-02-11 11:00:00
1739275200,1.03218,1.03288,1.03204,1.03221,5786.0,2025-02-11 12:00:00
1739278800,1.03222,1.03262,1.03166,1.03225,6741.0,2025-02-11 13:00:00
1739282400,1.03226,1.03375,1.03218,1.03326,7036.0,2025-02-11 14:00:00
1739286000,1.03328,1.03434,1.03284,1.034,10127.0,2025-02-11 15:00:00
1739289600,1.034,1.03514,1.0339,1.03458,7460.0,2025-02-11 16:00:00
1739293200,1.03457,1.03487,1.03434,1.03456,4366.0,2025-02-11 17:00:00
1739296800,1.03456,1.03515,1.03446,1.03454,3629.0,2025-02-11 18:00:00
1739300400,1.03454,1.03816,1.03421,1.03582,8520.0,2025-02-11 19:00:00
1739304000,1.0358,1.03676,1.03576,1.0363,6265.0,2025-02-11 20:00:00
1739307600,1.03628,1.03642,1.03589,1.03612,2543.0,2025-02-11 21:00:00
1739311200,1.03621,1.03647,1.03603,1.03622,590.0,2025-02-11 22:00:00
1739314800,1.03622,1.03678,1.0361,1.03633,1573.0,2025-02-11 23:00:00
1739318400,1.03638,1.03644,1.03564,1.03575,2375.0,2025-02-12 00:00:00
1739322000,1.03574,1.03641,1.0354,1.03606,3978.0,2025-02-12 01:00:00
1739325600,1.03606,1.03678,1.03606,1.03626,3260.0,2025-02-12 02:00:00
1739329200,1.03626,1.03655,1.03587,1.03622,3294.0,2025-02-12 03:00:00
1739332800,1.03622,1.03636,1.03562,1.03562,2853.0,2025-02-12 04:00:00
1739336400,1.03563,1.03594,1.03549,1.03586,2169.0,2025-02-12 05:00:00
1739340000,1.03586,1.03602,1.0357,1.0359,2830.0,2025-02-12 06:00:00
1739343600,1.0359,1.03792,1.03589,1.0376,6212.0,2025-02-12 07:00:00
1739347200,1.03759,1.03799,1.0368,1.03712,8296.0,2025-02-12 08:00:00
1739350800,1.03711,1.0374,1.03648,1.03736,5606.0,2025-02-12 09:00:00
1739354400,1.03738,1.03773,1.03702,1.03756,5375.0,2025-02-12 10:00:00
1739358000,1.03756,1.03858,1.03738,1.03752,5392.0,2025-02-12 11:00:00
1739361600,1.0375,1.0379,1.0372,1.0373,5518.0,2025-02-12 12:00:00
1739365200,1.0373,1.03762,1.0317,1.03332,22063.0,2025-02-12 13:00:00
1739368800,1.03331,1.03538,1.03253,1.03504,14378.0,2025-02-12 14:00:00
1739372400,1.03503,1.03829,1.03381,1.03746,21412.0,2025-02-12 15:00:00
1739376000,1.03744,1.03959,1.03504,1.03914,13196.0,2025-02-12 16:00:00
1739379600,1.03913,1.04275,1.03908,1.04262,17715.0,2025-02-12 17:00:00
1739383200,1.04262,1.04299,1.03874,1.03894,11424.0,2025-02-12 18:00:00
1739386800,1.03894,1.03935,1.03848,1.03912,5209.0,2025-02-12 19:00:00
1739390400,1.03908,1.03976,1.03881,1.03917,4568.0,2025-02-12 20:00:00
1739394000,1.03918,1.03967,1.03808,1.03824,3548.0,2025-02-12 21:00:00
1739397600,1.03848,1.03872,1.0384,1.0384,1617.0,2025-02-12 22:00:00
1739401200,1.0384,1.03924,1.03829,1.03924,1941.0,2025-02-12 23:00:00
1739404800,1.03926,1.04006,1.03882,1.03896,3241.0,2025-02-13 00:00:00
1739408400,1.03897,1.0402,1.03873,1.03999,5391.0,2025-02-13 01:00:00
1739412000,1.03998,1.04078,1.03967,1.04041,4490.0,2025-02-13 02:00:00
1739415600,1.04042,1.04219,1.04035,1.04192,4360.0,2025-02-13 03:00:00
1739419200,1.04192,1.04355,1.04188,1.04346,5205.0,2025-02-13 04:00:00
1739422800,1.04347,1.04384,1.04306,1.0435,4615.0,2025-02-13 05:00:00
1739426400,1.0435,1.044,1.04287,1.0431,6134.0,2025-02-13 06:00:00
1739430000,1.04311,1.04367,1.04226,1.04256,9570.0,2025-02-13 07:00:00
1739433600,1.04258,1.04265,1.041,1.04136,9160.0,2025-02-13 08:00:00
1739437200,1.04137,1.04265,1.04111,1.04232,7413.0,2025-02-13 09:00:00
1739440800,1.04232,1.04291,1.04132,1.04158,5711.0,2025-02-13 10:00:00
1739444400,1.04158,1.04276,1.03926,1.04031,10559.0,2025-02-13 11:00:00
1739448000,1.04029,1.04036,1.03858,1.039,8767.0,2025-02-13 12:00:00
1739451600,1.03899,1.04072,1.03752,1.03926,17060.0,2025-02-13 13:00:00
1739455200,1.03926,1.04014,1.03818,1.03996,12222.0,2025-02-13 14:00:00
1739458800,1.03998,1.04384,1.03998,1.04334,20509.0,2025-02-13 15:00:00
1739462400,1.04332,1.04454,1.04244,1.04274,8994.0,2025-02-13 16:00:00
1739466000,1.04273,1.0439,1.04251,1.04255,6054.0,2025-02-13 17:00:00
1739469600,1.04254,1.04318,1.03732,1.04095,22655.0,2025-02-13 18:00:00
1739473200,1.04094,1.04428,1.04086,1.04372,10451.0,2025-02-13 19:00:00
1739476800,1.04372,1.0466,1.04356,1.04616,6142.0,2025-02-13 20:00:00
1739480400,1.04618,1.04674,1.04571,1.04648,2625.0,2025-02-13 21:00:00
1739484000,1.04639,1.04692,1.04634,1.0467,954.0,2025-02-13 22:00:00
1739487600,1.04674,1.04676,1.04561,1.04616,2472.0,2025-02-13 23:00:00
1739491200,1.04616,1.0467,1.04579,1.04608,3807.0,2025-02-14 00:00:00
1739494800,1.04608,1.0467,1.04583,1.04592,5163.0,2025-02-14 01:00:00
1739498400,1.04592,1.0461,1.04551,1.04568,3767.0,2025-02-14 02:00:00
1739502000,1.04569,1.04618,1.0454,1.04589,2806.0,2025-02-14 03:00:00
1739505600,1.0459,1.0464,1.04548,1.04548,2727.0,2025-02-14 04:00:00
1739509200,1.0455,1.0456,1.04471,1.04528,3204.0,2025-02-14 05:00:00
1739512800,1.04526,1.0461,1.0452,1.04586,4522.0,2025-02-14 06:00:00
1739516400,1.04586,1.04724,1.04585,1.04649,8262.0,2025-02-14 07:00:00
1739520000,1.04648,1.04864,1.04636,1.04768,9706.0,2025-02-14 08:00:00
1739523600,1.04767,1.04878,1.04758,1.04814,7036.0,2025-02-14 09:00:00
1739527200,1.04812,1.0483,1.04645,1.04672,6094.0,2025-02-14 10:00:00
1739530800,1.04672,1.04695,1.0463,1.04676,5230.0,2025-02-14 11:00:00
1739534400,1.04675,1.04751,1.04571,1.04718,6371.0,2025-02-14 12:00:00
1739538000,1.04718,1.0498,1.04712,1.04882,14457.0,2025-02-14 13:00:00
1739541600,1.04883,1.05144,1.04873,1.05087,11031.0,2025-02-14 14:00:00
1739545200,1.05088,1.05128,1.0491,1.05084,11551.0,2025-02-14 15:00:00
1739548800,1.05084,1.05104,1.0497,1.04975,7502.0,2025-02-14 16:00:00
1739552400,1.04976,1.05089,1.04941,1.05073,5391.0,2025-02-14 17:00:00
1739556000,1.05072,1.05082,1.04996,1.05045,3797.0,2025-02-14 18:00:00
1739559600,1.05046,1.05053,1.04949,1.04986,3891.0,2025-02-14 19:00:00
1739563200,1.04984,1.04984,1.04912,1.04922,3507.0,2025-02-14 20:00:00
1739566800,1.04923,1.04948,1.04884,1.0492,3801.0,2025-02-14 21:00:00
1739743200,1.04862,1.04908,1.04861,1.04897,663.0,2025-02-16 22:00:00
1739746800,1.04892,1.04944,1.04848,1.04888,2781.0,2025-02-16 23:00:00
1739750400,1.04888,1.04934,1.04856,1.04924,2945.0,2025-02-17 00:00:00
1739754000,1.04924,1.05065,1.04898,1.05054,3972.0,2025-02-17 01:00:00
1739757600,1.05054,1.05055,1.04958,1.05014,3678.0,2025-02-17 02:00:00
1739761200,1.05012,1.05037,1.04943,1.04948,3478.0,2025-02-17 03:00:00
1739764800,1.04945,1.04974,1.04894,1.04956,2636.0,2025-02-17 04:00:00
1739768400,1.04956,1.04982,1.04848,1.04899,4433.0,2025-02-17 05:00:00
1739772000,1.04896,1.04934,1.04879,1.04918,4230.0,2025-02-17 06:00:00
1739775600,1.04918,1.04956,1.04805,1.04826,7378.0,2025-02-17 07:00:00
1739779200,1.04826,1.0485,1.04711,1.04744,8761.0,2025-02-17 08:00:00
1739782800,1.04745,1.04815,1.04712,1.04742,6123.0,2025-02-17 09:00:00
1739786400,1.04742,1.04892,1.04734,1.04889,5142.0,2025-02-17 10:00:00
1739790000,1.0489,1.04892,1.04778,1.04819,4643.0,2025-02-17 11:00:00
1739793600,1.0482,1.0485,1.04685,1.04722,5963.0,2025-02-17 12:00:00
1739797200,1.04722,1.04766,1.04672,1.04742,4283.0,2025-02-17 13:00:00
1739800800,1.04745,1.04795,1.04714,1.04784,4009.0,2025-02-17 14:00:00
1739804400,1.04786,1.04842,1.04742,1.04797,4128.0,2025-02-17 15:00:00
1739808000,1.04798,1.04832,1.04768,1.04787,3159.0,2025-02-17 16:00:00
1739811600,1.04788,1.04848,1.04779,1.04826,1791.0,2025-02-17 17:00:00
1739815200,1.04826,1.04826,1.04793,1.04822,937.0,2025-02-17 18:00:00
1739818800,1.04822,1.04839,1.04796,1.04816,1419.0,2025-02-17 19:00:00
1739822400,1.04815,1.04838,1.04808,1.04835,1355.0,2025-02-17 20:00:00
1739826000,1.04836,1.04854,1.04826,1.04833,1051.0,2025-02-17 21:00:00
1739829600,1.04798,1.04848,1.04794,1.0481,1115.0,2025-02-17 22:00:00
1739833200,1.04812,1.04858,1.04774,1.0485,1190.0,2025-02-17 23:00:00
1739836800,1.0485,1.04864,1.04728,1.04752,3091.0,2025-02-18 00:00:00
1739840400,1.04752,1.04756,1.04624,1.04662,5139.0,2025-02-18 01:00:00
1739844000,1.04662,1.04708,1.04657,1.04677,3435.0,2025-02-18 02:00:00
1739847600,1.04676,1.04726,1.04619,1.04632,4581.0,2025-02-18 03:00:00
1739851200,1.04633,1.0464,1.04554,1.04572,3159.0,2025-02-18 04:00:00
1739854800,1.04571,1.04591,1.04523,1.04552,3287.0,2025-02-18 05:00:00
1739858400,1.04552,1.04636,1.04548,1.04616,4346.0,2025-02-18 06:00:00
1739862000,1.04616,1.04692,1.04587,1.04636,6281.0,2025-02-18 07:00:00
1739865600,1.04636,1.04694,1.04548,1.0457,7765.0,2025-02-18 08:00:00
1739869200,1.04569,1.04652,1.04558,1.0464,5935.0,2025-02-18 09:00:00
1739872800,1.04638,1.04672,1.0459,1.04624,5023.0,2025-02-18 10:00:00
1739876400,1.04624,1.0465,1.04613,1.04629,3673.0,2025-02-18 11:00:00
1739880000,1.0463,1.0467,1.04529,1.04552,5348.0,2025-02-18 12:00:00
1739883600,1.04554,1.0457,1.04418,1.04448,7723.0,2025-02-18 13:00:00
1739887200,1.04448,1.0455,1.04416,1.04524,8441.0,2025-02-18 14:00:00
1739890800,1.04525,1.04672,1.04516,1.04664,9501.0,2025-02-18 15:00:00
1739894400,1.04664,1.04699,1.04539,1.04567,6433.0,2025-02-18 16:00:00
1739898000,1.04566,1.04567,1.04392,1.0446,5313.0,2025-02-18 17:00:00
1739901600,1.0446,1.04479,1.04352,1.04441,5392.0,2025-02-18 18:00:00
1739905200,1.0444,1.04498,1.04406,1.04454,4136.0,2025-02-18 19:00:00
1739908800,1.04451,1.0448,1.04412,1.04478,3043.0,2025-02-18 20:00:00
1739912400,1.04477,1.04496,1.04446,1.0446,2367.0,2025-02-18 21:00:00
1739916000,1.04465,1.0452,1.04452,1.04512,1254.0,2025-02-18 22:00:00
1739919600,1.04514,1.04514,1.0445,1.04482,1119.0,2025-02-18 23:00:00
1739923200,1.04482,1.04494,1.0444,1.04458,2775.0,2025-02-19 00:00:00
1739926800,1.0446,1.0448,1.04411,1.04466,5144.0,2025-02-19 01:00:00
1739930400,1.04466,1.04523,1.04448,1.04519,4448.0,2025-02-19 02:00:00
1739934000,1.0452,1.04522,1.04476,1.04514,2878.0,2025-02-19 03:00:00
1739937600,1.04515,1.04532,1.04484,1.04524,2212.0,2025-02-19 04:00:00
1739941200,1.04524,1.04564,1.04488,1.04564,2432.0,2025-02-19 05:00:00
1739944800,1.04562,1.04615,1.04544,1.04553,3694.0,2025-02-19 06:00:00
1739948400,1.04554,1.04594,1.04488,1.04512,6068.0,2025-02-19 07:00:00
1739952000,1.04513,1.04564,1.04386,1.04406,7315.0,2025-02-19 08:00:00
1739955600,1.04405,1.04438,1.04283,1.0429,6839.0,2025-02-19 09:00:00
1739959200,1.04291,1.04299,1.0419,1.0424,6102.0,2025-02-19 10:00:00
1739962800,1.04242,1.04333,1.04202,1.04248,8719.0,2025-02-19 11:00:00
1739966400,1.04246,1.0432,1.04218,1.04283,6672.0,2025-02-19 12:00:00
1739970000,1.04284,1.04354,1.04252,1.04341,6621.0,2025-02-19 13:00:00
1739973600,1.0434,1.04378,1.04275,1.04342,7068.0,2025-02-19 14:00:00
1739977200,1.04343,1.04414,1.04216,1.04242,10693.0,2025-02-19 15:00:00
1739980800,1.0424,1.0425,1.04042,1.04047,7592.0,2025-02-19 16:00:00
1739984400,1.04048,1.04133,1.04009,1.04098,5191.0,2025-02-19 17:00:00
1739988000,1.04101,1.04219,1.04086,1.04197,4739.0,2025-02-19 18:00:00
1739991600,1.04196,1.04326,1.04182,1.04258,6332.0,2025-02-19 19:00:00
1739995200,1.04256,1.04265,1.04208,1.04254,4031.0,2025-02-19 20:00:00
1739998800,1.04254,1.04264,1.04222,1.04225,1429.0,2025-02-19 21:00:00
1740002400,1.04248,1.04271,1.04218,1.04252,824.0,2025-02-19 22:00:00
1740006000,1.0425,1.04258,1.042,1.04208,1083.0,2025-02-19 23:00:00
1740009600,1.04208,1.04302,1.04198,1.04294,4758.0,2025-02-20 00:00:00
1740013200,1.04294,1.04328,1.04187,1.04214,5216.0,2025-02-20 01:00:00
1740016800,1.04214,1.04376,1.04203,1.04356,6724.0,2025-02-20 02:00:00
1740020400,1.04358,1.04362,1.0427,1.04313,4150.0,2025-02-20 03:00:00
1740024000,1.04316,1.04319,1.04241,1.04304,3257.0,2025-02-20 04:00:00
1740027600,1.04303,1.04344,1.0427,1.04276,3048.0,2025-02-20 05:00:00
1740031200,1.04278,1.04344,1.04244,1.0425,4032.0,2025-02-20 06:00:00
1740034800,1.04251,1.04336,1.04236,1.04316,5765.0,2025-02-20 07:00:00
1740038400,1.04315,1.04421,1.04296,1.04334,7046.0,2025-02-20 08:00:00
1740042000,1.04334,1.04384,1.04287,1.04372,5658.0,2025-02-20 09:00:00
1740045600,1.0437,1.04442,1.04343,1.04424,5373.0,2025-02-20 10:00:00
1740049200,1.04426,1.04464,1.04308,1.04384,4513.0,2025-02-20 11:00:00
1740052800,1.04385,1.04438,1.04333,1.04357,6878.0,2025-02-20 12:00:00
1740056400,1.04356,1.0455,1.04349,1.04482,8594.0,2025-02-20 13:00:00
1740060000,1.0448,1.04607,1.04422,1.04468,10338.0,2025-02-20 14:00:00
1740063600,1.04466,1.04756,1.04419,1.0474,12229.0,2025-02-20 15:00:00
1740067200,1.0474,1.04784,1.04642,1.0475,7959.0,2025-02-20 16:00:00
1740070800,1.0475,1.04946,1.04712,1.04893,6742.0,2025-02-20 17:00:00
1740074400,1.04891,1.04986,1.04854,1.0498,5280.0,2025-02-20 18:00:00
1740078000,1.04982,1.05036,1.04891,1.05016,5025.0,2025-02-20 19:00:00
1740081600,1.05016,1.05032,1.04953,1.05029,3392.0,2025-02-20 20:00:00
1740085200,1.05028,1.05035,1.05004,1.05014,1132.0,2025-02-20 21:00:00
1740088800,1.04976,1.05006,1.04972,1.0498,1565.0,2025-02-20 22:00:00
1740092400,1.04976,1.05059,1.04974,1.05004,1722.0,2025-02-20 23:00:00
1740096000,1.05002,1.05003,1.04892,1.04902,3172.0,2025-02-21 00:00:00
1740099600,1.04902,1.04934,1.04845,1.04868,5100.0,2025-02-21 01:00:00
1740103200,1.04869,1.05032,1.04864,1.05027,5163.0,2025-02-21 02:00:00
1740106800,1.05028,1.05047,1.04995,1.05026,3810.0,2025-02-21 03:00:00
1740110400,1.05028,1.0505,1.04974,1.04991,2339.0,2025-02-21 04:00:00
1740114000,1.0499,1.05008,1.04916,1.0493,3236.0,2025-02-21 05:00:00
1740117600,1.0493,1.04942,1.04878,1.04887,4056.0,2025-02-21 06:00:00
1740121200,1.04889,1.04997,1.04889,1.04922,6296.0,2025-02-21 07:00:00
1740124800,1.04922,1.04943,1.0468,1.04766,12086.0,2025-02-21 08:00:00
1740128400,1.04769,1.04812,1.04667,1.04692,7576.0,2025-02-21 09:00:00
1740132000,1.04694,1.04722,1.04647,1.04652,5437.0,2025-02-21 10:00:00
1740135600,1.04652,1.0474,1.04633,1.04693,4542.0,2025-02-21 11:00:00
1740139200,1.04692,1.04712,1.04594,1.04619,5804.0,2025-02-21 12:00:00
1740142800,1.0462,1.0478,1.04614,1.04752,6338.0,2025-02-21 13:00:00
1740146400,1.04753,1.04928,1.04702,1.0481,11628.0,2025-02-21 14:00:00
1740150000,1.04811,1.04862,1.04526,1.04541,12973.0,2025-02-21 15:00:00
1740153600,1.04542,1.04579,1.04494,1.04546,6442.0,2025-02-21 16:00:00
1740157200,1.04548,1.04646,1.0452,1.04631,5602.0,2025-02-21 17:00:00
1740160800,1.0463,1.0468,1.04509,1.04598,8236.0,2025-02-21 18:00:00
1740164400,1.04598,1.04666,1.04573,1.04622,5858.0,2025-02-21 19:00:00
1740168000,1.04619,1.04646,1.04574,1.04608,4937.0,2025-02-21 20:00:00
1740171600,1.04607,1.04634,1.04588,1.04608,2680.0,2025-02-21 21:00:00
1740348000,1.0469,1.04844,1.04618,1.04756,2516.0,2025-02-23 22:00:00
1740351600,1.04752,1.04849,1.04714,1.04741,3203.0,2025-02-23 23:00:00
1740355200,1.0474,1.05076,1.04718,1.05044,7482.0,2025-02-24 00:00:00
1740358800,1.05044,1.0521,1.05024,1.0518,10852.0,2025-02-24 01:00:00
1740362400,1.0518,1.05284,1.05156,1.05228,8669.0,2025-02-24 02:00:00
1740366000,1.05229,1.05258,1.05165,1.05196,4812.0,2025-02-24 03:00:00
1740369600,1.05196,1.05209,1.05113,1.05156,3299.0,2025-02-24 04:00:00
1740373200,1.05156,1.05198,1.05102,1.05164,5490.0,2025-02-24 05:00:00
1740376800,1.05164,1.05164,1.05011,1.0509,4895.0,2025-02-24 06:00:00
1740380400,1.0509,1.0515,1.04866,1.04912,9955.0,2025-02-24 07:00:00
1740384000,1.04912,1.04926,1.04698,1.048,10293.0,2025-02-24 08:00:00
1740387600,1.04799,1.04849,1.0469,1.0472,9001.0,2025-02-24 09:00:00
1740391200,1.0472,1.04806,1.0467,1.04802,7079.0,2025-02-24 10:00:00
1740394800,1.04803,1.04814,1.04638,1.04685,5299.0,2025-02-24 11:00:00
1740398400,1.04684,1.04726,1.04603,1.04689,5651.0,2025-02-24 12:00:00
1740402000,1.0469,1.04758,1.04649,1.0467,7235.0,2025-02-24 13:00:00
1740405600,1.04668,1.04698,1.04528,1.04607,9319.0,2025-02-24 14:00:00
1740409200,1.04606,1.04706,1.04602,1.04692,11359.0,2025-02-24 15:00:00
1740412800,1.04691,1.04802,1.04657,1.04777,7601.0,2025-02-24 16:00:00
1740416400,1.04778,1.04838,1.0468,1.04725,7880.0,2025-02-24 17:00:00
1740420000,1.04724,1.0486,1.04708,1.04806,6150.0,2025-02-24 18:00:00
1740423600,1.04805,1.04842,1.04729,1.04754,6457.0,2025-02-24 19:00:00
1740427200,1.04754,1.04795,1.04647,1.04652,8574.0,2025-02-24 20:00:00
1740430800,1.04652,1.04684,1.04619,1.04682,2279.0,2025-02-24 21:00:00
1740434400,1.0469,1.04706,1.0467,1.04693,755.0,2025-02-24 22:00:00
1740438000,1.04691,1.04692,1.04604,1.04616,1598.0,2025-02-24 23:00:00
1740441600,1.04617,1.04642,1.04596,1.04634,3264.0,2025-02-25 00:00:00
1740445200,1.04636,1.04658,1.04607,1.04652,4537.0,2025-02-25 01:00:00
1740448800,1.04652,1.0475,1.04652,1.04746,4948.0,2025-02-25 02:00:00
1740452400,1.04746,1.04764,1.04714,1.04733,3883.0,2025-02-25 03:00:00
1740456000,1.04732,1.04772,1.04726,1.04732,3104.0,2025-02-25 04:00:00
1740459600,1.04732,1.04782,1.04724,1.0477,3131.0,2025-02-25 05:00:00
1740463200,1.04769,1.04802,1.04728,1.0477,3742.0,2025-02-25 06:00:00
1740466800,1.0477,1.04778,1.04635,1.04644,9371.0,2025-02-25 07:00:00
1740470400,1.04644,1.04788,1.04563,1.04702,11186.0,2025-02-25 08:00:00
1740474000,1.04704,1.04789,1.04686,1.04732,7650.0,2025-02-25 09:00:00
1740477600,1.04732,1.04742,1.04653,1.04729,6215.0,2025-02-25 10:00:00
1740481200,1.04726,1.04897,1.04716,1.04894,6244.0,2025-02-25 11:00:00
1740484800,1.04896,1.05004,1.04884,1.04937,8368.0,2025-02-25 12:00:00
1740488400,1.04939,1.05098,1.04936,1.05003,7714.0,2025-02-25 13:00:00
1740492000,1.05004,1.0505,1.04919,1.05025,9656.0,2025-02-25 14:00:00
1740495600,1.05026,1.05194,1.04949,1.04986,14065.0,2025-02-25 15:00:00
1740499200,1.04986,1.05062,1.04947,1.04978,9877.0,2025-02-25 16:00:00
1740502800,1.04977,1.05025,1.0484,1.05024,7215.0,2025-02-25 17:00:00
1740506400,1.05024,1.05184,1.05023,1.05085,5852.0,2025-02-25 18:00:00
1740510000,1.05084,1.05128,1.05046,1.05106,5313.0,2025-02-25 19:00:00
1740513600,1.05106,1.05191,1.05092,1.05164,5419.0,2025-02-25 20:00:00
1740517200,1.05158,1.05178,1.0513,1.05149,2693.0,2025-02-25 21:00:00
1740520800,1.05157,1.05157,1.05128,1.0514,807.0,2025-02-25 22:00:00
1740524400,1.0514,1.05229,1.05135,1.05204,2970.0,2025-02-25 23:00:00
1740528000,1.05205,1.0525,1.05198,1.05228,3282.0,2025-02-26 00:00:00
1740531600,1.05228,1.05236,1.0514,1.05153,5551.0,2025-02-26 01:00:00
1740535200,1.05154,1.0517,1.05044,1.05065,5002.0,2025-02-26 02:00:00
1740538800,1.05068,1.05087,1.05012,1.05044,3863.0,2025-02-26 03:00:00
1740542400,1.05042,1.05054,1.04968,1.04972,2507.0,2025-02-26 04:00:00
1740546000,1.04972,1.04981,1.04904,1.04915,4014.0,2025-02-26 05:00:00
1740549600,1.04916,1.04964,1.04872,1.04944,4380.0,2025-02-26 06:00:00
1740553200,1.04946,1.05016,1.04926,1.04938,7367.0,2025-02-26 07:00:00
1740556800,1.04938,1.05117,1.04918,1.05026,8509.0,2025-02-26 08:00:00
1740560400,1.05028,1.05033,1.04948,1.04972,6553.0,2025-02-26 09:00:00
1740564000,1.04971,1.0501,1.04912,1.04977,6491.0,2025-02-26 10:00:00
1740567600,1.04976,1.05022,1.04867,1.04917,5647.0,2025-02-26 11:00:00
1740571200,1.04914,1.0495,1.0475,1.04768,6563.0,2025-02-26 12:00:00
1740574800,1.04767,1.04948,1.04766,1.04842,8282.0,2025-02-26 13:00:00
1740578400,1.04842,1.04927,1.04823,1.04898,11021.0,2025-02-26 14:00:00
1740582000,1.04899,1.05093,1.04795,1.0506,13206.0,2025-02-26 15:00:00
1740585600,1.05061,1.05157,1.0502,1.05138,9399.0,2025-02-26 16:00:00
1740589200,1.05137,1.0529,1.04832,1.04924,18766.0,2025-02-26 17:00:00
1740592800,1.04924,1.05004,1.0485,1.04882,10650.0,2025-02-26 18:00:00
1740596400,1.04884,1.04936,1.04819,1.04911,8004.0,2025-02-26 19:00:00
1740600000,1.0491,1.0491,1.04806,1.04863,5381.0,2025-02-26 20:00:00
1740603600,1.04862,1.04882,1.04784,1.0485,2414.0,2025-02-26 21:00:00
1740607200,1.04852,1.04888,1.0485,1.04876,321.0,2025-02-26 22:00:00
1740610800,1.04878,1.04926,1.04861,1.0488,1234.0,2025-02-26 23:00:00
1740614400,1.0488,1.0488,1.04768,1.04774,3197.0,2025-02-27 00:00:00
1740618000,1.04774,1.04835,1.04731,1.04785,5073.0,2025-02-27 01:00:00
1740621600,1.04784,1.04806,1.04704,1.0471,4704.0,2025-02-27 02:00:00
1740625200,1.04711,1.04745,1.04648,1.04656,3351.0,2025-02-27 03:00:00
1740628800,1.04658,1.04696,1.04591,1.04631,4183.0,2025-02-27 04:00:00
1740632400,1.0463,1.04657,1.04616,1.04651,3555.0,2025-02-27 05:00:00
1740636000,1.0465,1.04732,1.0464,1.04718,4377.0,2025-02-27 06:00:00
1740639600,1.04716,1.04802,1.04686,1.04754,6175.0,2025-02-27 07:00:00
1740643200,1.04756,1.04803,1.04704,1.04786,8400.0,2025-02-27 08:00:00
1740646800,1.04787,1.04852,1.04752,1.04843,6368.0,2025-02-27 09:00:00
1740650400,1.0484,1.04844,1.04739,1.04817,5765.0,2025-02-27 10:00:00
1740654000,1.04819,1.04874,1.0476,1.0476,5689.0,2025-02-27 11:00:00
1740657600,1.0476,1.04842,1.04732,1.04767,7334.0,2025-02-27 12:00:00
1740661200,1.04766,1.04898,1.04194,1.04235,20630.0,2025-02-27 13:00:00
1740664800,1.04234,1.04419,1.0414,1.04204,18655.0,2025-02-27 14:00:00
1740668400,1.04204,1.04278,1.04096,1.04152,14827.0,2025-02-27 15:00:00
1740672000,1.04152,1.04162,1.04032,1.04138,9129.0,2025-02-27 16:00:00
1740675600,1.04138,1.04182,1.04004,1.04074,7782.0,2025-02-27 17:00:00
1740679200,1.04076,1.04176,1.04076,1.04172,5207.0,2025-02-27 18:00:00
1740682800,1.04173,1.04179,1.04034,1.04046,6256.0,2025-02-27 19:00:00
1740686400,1.04046,1.04084,1.04016,1.04054,5259.0,2025-02-27 20:00:00
1740690000,1.04053,1.04054,1.03968,1.03989,2771.0,2025-02-27 21:00:00
1740693600,1.03998,1.04,1.03892,1.0395,857.0,2025-02-27 22:00:00
1740697200,1.0395,1.04006,1.03924,1.03938,1901.0,2025-02-27 23:00:00
1740700800,1.03939,1.04029,1.03939,1.04026,4286.0,2025-02-28 00:00:00
1740704400,1.04024,1.04043,1.03844,1.0385,6787.0,2025-02-28 01:00:00
1740708000,1.03848,1.03916,1.03802,1.03824,5914.0,2025-02-28 02:00:00
1740711600,1.03825,1.03896,1.03814,1.03884,4392.0,2025-02-28 03:00:00
1740715200,1.03883,1.0391,1.0386,1.03866,3393.0,2025-02-28 04:00:00
1740718800,1.03867,1.03903,1.03842,1.0389,3983.0,2025-02-28 05:00:00
1740722400,1.03888,1.03894,1.03827,1.03879,4913.0,2025-02-28 06:00:00
1740726000,1.03878,1.04008,1.03856,1.03962,7971.0,2025-02-28 07:00:00
1740729600,1.03961,1.04044,1.03952,1.04012,7823.0,2025-02-28 08:00:00
1740733200,1.04017,1.0408,1.03946,1.03954,7149.0,2025-02-28 09:00:00
1740736800,1.03954,1.04059,1.03924,1.03992,4787.0,2025-02-28 10:00:00
1740740400,1.03994,1.04013,1.03936,1.03988,4625.0,2025-02-28 11:00:00
1740744000,1.03986,1.0408,1.0398,1.0407,6215.0,2025-02-28 12:00:00
1740747600,1.04072,1.04163,1.04053,1.04068,10351.0,2025-02-28 13:00:00
1740751200,1.04069,1.04144,1.0401,1.041,10894.0,2025-02-28 14:00:00
1740754800,1.04101,1.042,1.03933,1.04002,13334.0,2025-02-28 15:00:00
1740758400,1.04,1.04116,1.0398,1.04017,12501.0,2025-02-28 16:00:00
1740762000,1.04018,1.04102,1.039,1.03966,10399.0,2025-02-28 17:00:00
1740765600,1.03964,1.03982,1.03628,1.03636,17330.0,2025-02-28 18:00:00
1740769200,1.03636,1.03738,1.036,1.03678,9055.0,2025-02-28 19:00:00
1740772800,1.03677,1.03772,1.03623,1.0375,8633.0,2025-02-28 20:00:00
1740776400,1.03749,1.03772,1.03686,1.03754,3371.0,2025-02-28 21:00:00
1740952800,1.04048,1.0405,1.03998,1.04038,945.0,2025-03-02 22:00:00
1740956400,1.04036,1.04212,1.04,1.04122,5125.0,2025-03-02 23:00:00
1740960000,1.04122,1.042,1.04024,1.04095,6654.0,2025-03-03 00:00:00
1740963600,1.04096,1.04233,1.04076,1.04199,7784.0,2025-03-03 01:00:00
1740967200,1.04198,1.04236,1.0415,1.042,5282.0,2025-03-03 02:00:00
1740970800,1.04198,1.04202,1.04101,1.0417,4752.0,2025-03-03 03:00:00
1740974400,1.04171,1.04205,1.04167,1.0418,2919.0,2025-03-03 04:00:00
1740978000,1.04179,1.04196,1.04126,1.04144,3180.0,2025-03-03 05:00:00
1740981600,1.04142,1.04165,1.04068,1.04084,5228.0,2025-03-03 06:00:00
1740985200,1.04082,1.04103,1.04019,1.04057,8247.0,2025-03-03 07:00:00
1740988800,1.04058,1.04068,1.03886,1.04012,9290.0,2025-03-03 08:00:00
1740992400,1.04012,1.0429,1.04012,1.04272,7243.0,2025-03-03 09:00:00
1740996000,1.04273,1.04448,1.04272,1.04422,10793.0,2025-03-03 10:00:00
1740999600,1.04422,1.0458,1.04406,1.04526,8920.0,2025-03-03 11:00:00
1741003200,1.04526,1.04763,1.04526,1.04705,10957.0,2025-03-03 12:00:00
1741006800,1.04706,1.04764,1.04595,1.04719,8145.0,2025-03-03 13:00:00
1741010400,1.0472,1.0491,1.04688,1.04824,10499.0,2025-03-03 14:00:00
1741014000,1.04815,1.05038,1.04773,1.04846,17392.0,2025-03-03 15:00:00
1741017600,1.04846,1.05015,1.0484,1.04962,9518.0,2025-03-03 16:00:00
1741021200,1.04962,1.04969,1.04866,1.04904,6571.0,2025-03-03 17:00:00
1741024800,1.04904,1.0504,1.0482,1.04872,9415.0,2025-03-03 18:00:00
1741028400,1.04871,1.04938,1.04724,1.0473,10304.0,2025-03-03 19:00:00
1741032000,1.0473,1.04853,1.04664,1.04823,15507.0,2025-03-03 20:00:00
1741035600,1.04824,1.04928,1.04804,1.04882,4544.0,2025-03-03 21:00:00
1741039200,1.04884,1.04888,1.04845,1.0488,896.0,2025-03-03 22:00:00
1741042800,1.0488,1.04925,1.04766,1.04856,2966.0,2025-03-03 23:00:00
1741046400,1.04856,1.04888,1.04767,1.04882,6343.0,2025-03-04 00:00:00
1741050000,1.04882,1.04962,1.04824,1.04884,9468.0,2025-03-04 01:00:00
1741053600,1.04885,1.049,1.04804,1.04808,5908.0,2025-03-04 02:00:00
1741057200,1.04808,1.04838,1.04749,1.04772,5782.0,2025-03-04 03:00:00
1741060800,1.04773,1.04806,1.04713,1.04782,5204.0,2025-03-04 04:00:00
1741064400,1.04781,1.04865,1.0471,1.04837,7274.0,2025-03-04 05:00:00
1741068000,1.04838,1.04898,1.04791,1.04861,5613.0,2025-03-04 06:00:00
1741071600,1.04865,1.05008,1.0481,1.0493,11355.0,2025-03-04 07:00:00
1741075200,1.0493,1.0524,1.04863,1.05188,14551.0,2025-03-04 08:00:00
1741078800,1.05188,1.05275,1.05094,1.05122,9979.0,2025-03-04 09:00:00
1741082400,1.0512,1.05196,1.05026,1.05114,8983.0,2025-03-04 10:00:00
1741086000,1.05113,1.05447,1.05096,1.05442,8806.0,2025-03-04 11:00:00
1741089600,1.05444,1.05571,1.05361,1.05532,10830.0,2025-03-04 12:00:00
1741093200,1.05533,1.05595,1.05308,1.05391,13979.0,2025-03-04 13:00:00
1741096800,1.0539,1.05486,1.05206,1.05214,16242.0,2025-03-04 14:00:00
1741100400,1.05214,1.05281,1.04964,1.05266,16785.0,2025-03-04 15:00:00
1741104000,1.05264,1.05398,1.05154,1.05338,13878.0,2025-03-04 16:00:00
1741107600,1.05338,1.0544,1.05306,1.05418,12991.0,2025-03-04 17:00:00
1741111200,1.05417,1.05912,1.05378,1.05907,16094.0,2025-03-04 18:00:00
1741114800,1.05906,1.06021,1.05865,1.06008,9626.0,2025-03-04 19:00:00
1741118400,1.06008,1.06241,1.06007,1.06085,11136.0,2025-03-04 20:00:00
1741122000,1.06087,1.06278,1.06082,1.06258,8352.0,2025-03-04 21:00:00
1741125600,1.06229,1.06262,1.06179,1.06202,1190.0,2025-03-04 22:00:00
1741129200,1.06196,1.06372,1.06196,1.06232,3883.0,2025-03-04 23:00:00
1741132800,1.06232,1.06275,1.06108,1.0621,7198.0,2025-03-05 00:00:00
1741136400,1.0621,1.06277,1.06085,1.06127,12993.0,2025-03-05 01:00:00
1741140000,1.06129,1.06158,1.0604,1.0604,8153.0,2025-03-05 02:00:00
1741143600,1.06038,1.06208,1.0602,1.06182,8546.0,2025-03-05 03:00:00
1741147200,1.06183,1.06262,1.06154,1.0619,5276.0,2025-03-05 04:00:00
1741150800,1.0619,1.06326,1.06189,1.06316,4906.0,2025-03-05 05:00:00
1741154400,1.06316,1.06392,1.06243,1.06324,7252.0,2025-03-05 06:00:00
1741158000,1.06324,1.06766,1.06298,1.06744,15828.0,2025-03-05 07:00:00
1741161600,1.06742,1.06998,1.06586,1.06981,18403.0,2025-03-05 08:00:00
1741165200,1.06984,1.07223,1.06956,1.0712,15337.0,2025-03-05 09:00:00
1741168800,1.07119,1.07152,1.06836,1.06972,10646.0,2025-03-05 10:00:00
1741172400,1.06972,1.06988,1.06764,1.06789,8827.0,2025-03-05 11:00:00
1741176000,1.0679,1.0714,1.06788,1.06958,13048.0,2025-03-05 12:00:00
1741179600,1.06958,1.0723,1.06869,1.07158,20291.0,2025-03-05 13:00:00
1741183200,1.07158,1.0777,1.07138,1.077,22898.0,2025-03-05 14:00:00
1741186800,1.07694,1.07712,1.07411,1.07652,25848.0,2025-03-05 15:00:00
1741190400,1.07652,1.0787,1.07612,1.07671,20538.0,2025-03-05 16:00:00
1741194000,1.0767,1.0788,1.07624,1.07851,14730.0,2025-03-05 17:00:00
1741197600,1.07853,1.0789,1.07638,1.07737,15808.0,2025-03-05 18:00:00
1741201200,1.07738,1.0791,1.077,1.07902,8563.0,2025-03-05 19:00:00
1741204800,1.07902,1.07968,1.07877,1.07922,5920.0,2025-03-05 20:00:00
1741208400,1.07921,1.07928,1.07855,1.07896,4768.0,2025-03-05 21:00:00
1741212000,1.07903,1.07932,1.07899,1.07908,492.0,2025-03-05 22:00:00
1741215600,1.07912,1.07952,1.07873,1.07942,1963.0,2025-03-05 23:00:00
1741219200,1.07943,1.0803,1.07874,1.07944,5812.0,2025-03-06 00:00:00
1741222800,1.07946,1.08204,1.07896,1.08152,8362.0,2025-03-06 01:00:00
1741226400,1.08153,1.08194,1.07979,1.08052,8296.0,2025-03-06 02:00:00
1741230000,1.08054,1.08054,1.07882,1.07896,6256.0,2025-03-06 03:00:00
1741233600,1.07896,1.08044,1.07842,1.08036,4671.0,2025-03-06 04:00:00
1741237200,1.08036,1.08118,1.08002,1.08104,5570.0,2025-03-06 05:00:00
1741240800,1.08104,1.08201,1.07992,1.08028,8005.0,2025-03-06 06:00:00
1741244400,1.08028,1.08222,1.0792,1.07992,15976.0,2025-03-06 07:00:00
1741248000,1.07992,1.0817,1.0793,1.08012,20904.0,2025-03-06 08:00:00
1741251600,1.08012,1.08068,1.07804,1.07999,14888.0,2025-03-06 09:00:00
1741255200,1.08,1.08038,1.07828,1.07919,9748.0,2025-03-06 10:00:00
1741258800,1.07918,1.08012,1.07832,1.07993,7790.0,2025-03-06 11:00:00
1741262400,1.07994,1.08073,1.07882,1.08002,8790.0,2025-03-06 12:00:00
1741266000,1.08002,1.08453,1.07912,1.08262,23346.0,2025-03-06 13:00:00
1741269600,1.08261,1.08414,1.08112,1.08372,27798.0,2025-03-06 14:00:00
1741273200,1.08372,1.08536,1.08114,1.08172,22516.0,2025-03-06 15:00:00
1741276800,1.08172,1.08375,1.08154,1.08175,19014.0,2025-03-06 16:00:00
1741280400,1.08176,1.08224,1.07914,1.07971,14555.0,2025-03-06 17:00:00
1741284000,1.07971,1.08019,1.07658,1.07838,10690.0,2025-03-06 18:00:00
1741287600,1.07838,1.08116,1.07828,1.08018,9063.0,2025-03-06 19:00:00
1741291200,1.08017,1.08034,1.07855,1.07868,6930.0,2025-03-06 20:00:00
1741294800,1.07869,1.07906,1.07751,1.07854,4237.0,2025-03-06 21:00:00
1741298400,1.07877,1.07933,1.07828,1.07917,1982.0,2025-03-06 22:00:00
1741302000,1.07924,1.07964,1.07846,1.07875,1940.0,2025-03-06 23:00:00
1741305600,1.07874,1.07956,1.07869,1.07876,4200.0,2025-03-07 00:00:00
1741309200,1.07878,1.07929,1.07814,1.079,5515.0,2025-03-07 01:00:00
1741312800,1.07902,1.07995,1.07847,1.07994,5070.0,2025-03-07 02:00:00
1741316400,1.07993,1.08148,1.07963,1.08058,4496.0,2025-03-07 03:00:00
1741320000,1.08057,1.08133,1.0803,1.0813,2493.0,2025-03-07 04:00:00
1741323600,1.08132,1.08178,1.08077,1.08134,3589.0,2025-03-07 05:00:00
1741327200,1.08133,1.08252,1.08081,1.08237,5733.0,2025-03-07 06:00:00
1741330800,1.08236,1.08408,1.08201,1.08299,10929.0,2025-03-07 07:00:00
1741334400,1.08299,1.08553,1.08262,1.08508,12546.0,2025-03-07 08:00:00
1741338000,1.08508,1.08714,1.08446,1.08614,11767.0,2025-03-07 09:00:00
1741341600,1.08614,1.08671,1.08575,1.08607,9181.0,2025-03-07 10:00:00
1741345200,1.08608,1.08608,1.08445,1.08495,8508.0,2025-03-07 11:00:00
1741348800,1.08487,1.08572,1.08412,1.08546,10542.0,2025-03-07 12:00:00
1741352400,1.08546,1.0889,1.0843,1.08445,27731.0,2025-03-07 13:00:00
1741356000,1.08446,1.08821,1.08442,1.08537,24095.0,2025-03-07 14:00:00
1741359600,1.08538,1.08872,1.08356,1.087,22103.0,2025-03-07 15:00:00
1741363200,1.08703,1.08728,1.08374,1.08588,13697.0,2025-03-07 16:00:00
1741366800,1.08589,1.08643,1.0832,1.08434,14896.0,2025-03-07 17:00:00
1741370400,1.08434,1.08446,1.08257,1.084,9106.0,2025-03-07 18:00:00
1741374000,1.08398,1.08443,1.08334,1.08426,7852.0,2025-03-07 19:00:00
1741377600,1.08424,1.08492,1.084,1.08474,4847.0,2025-03-07 20:00:00
1741381200,1.08474,1.08514,1.0832,1.08345,2966.0,2025-03-07 21:00:00
1741554000,1.08302,1.08404,1.08302,1.08404,422.0,2025-03-09 21:00:00
1741557600,1.08406,1.08598,1.084,1.08496,3695.0,2025-03-09 22:00:00
1741561200,1.08497,1.08655,1.08484,1.08602,4654.0,2025-03-09 23:00:00
1741564800,1.08602,1.08674,1.08528,1.08642,6315.0,2025-03-10 00:00:00
1741568400,1.08643,1.08714,1.08527,1.0853,7926.0,2025-03-10 01:00:00
1741572000,1.08529,1.08559,1.08359,1.0837,6045.0,2025-03-10 02:00:00
1741575600,1.0837,1.08386,1.08302,1.08317,4957.0,2025-03-10 03:00:00
1741579200,1.08316,1.08378,1.08304,1.08306,3225.0,2025-03-10 04:00:00
1741582800,1.08304,1.08358,1.0828,1.08351,5242.0,2025-03-10 05:00:00
1741586400,1.08352,1.08449,1.08346,1.08374,7021.0,2025-03-10 06:00:00
1741590000,1.08374,1.08443,1.0811,1.08228,11354.0,2025-03-10 07:00:00
1741593600,1.08228,1.08246,1.0805,1.081,15112.0,2025-03-10 08:00:00
1741597200,1.081,1.08568,1.08088,1.08512,13139.0,2025-03-10 09:00:00
1741600800,1.08512,1.08747,1.08506,1.08611,12121.0,2025-03-10 10:00:00
1741604400,1.08612,1.08646,1.08125,1.08507,17721.0,2025-03-10 11:00:00
1741608000,1.08509,1.08602,1.08421,1.08439,11060.0,2025-03-10 12:00:00
1741611600,1.0844,1.08508,1.08332,1.08352,10860.0,2025-03-10 13:00:00
1741615200,1.08352,1.08468,1.08316,1.08452,13198.0,2025-03-10 14:00:00
1741618800,1.08453,1.08481,1.08208,1.0837,12720.0,2025-03-10 15:00:00
1741622400,1.0837,1.0842,1.08279,1.08304,8703.0,2025-03-10 16:00:00
1741626000,1.08304,1.08458,1.08257,1.08298,7982.0,2025-03-10 17:00:00
1741629600,1.08298,1.08354,1.08178,1.08297,8112.0,2025-03-10 18:00:00
1741633200,1.08299,1.08328,1.08176,1.08318,6731.0,2025-03-10 19:00:00
1741636800,1.08319,1.08366,1.08258,1.08362,3275.0,2025-03-10 20:00:00
1741640400,1.08341,1.08364,1.08324,1.08353,251.0,2025-03-10 21:00:00
1741644000,1.08354,1.08417,1.08332,1.08348,1275.0,2025-03-10 22:00:00
1741647600,1.08352,1.08436,1.08352,1.08394,2758.0,2025-03-10 23:00:00
1741651200,1.08395,1.08537,1.08392,1.08515,6271.0,2025-03-11 00:00:00
1741654800,1.08516,1.08588,1.08436,1.08582,7247.0,2025-03-11 01:00:00
1741658400,1.08582,1.08606,1.08501,1.08559,6197.0,2025-03-11 02:00:00
1741662000,1.0856,1.08599,1.0849,1.08544,5579.0,2025-03-11 03:00:00
1741665600,1.08543,1.08617,1.08506,1.08545,3568.0,2025-03-11 04:00:00
1741669200,1.08546,1.08558,1.08356,1.08384,5184.0,2025-03-11 05:00:00
1741672800,1.08386,1.0876,1.08366,1.08566,10460.0,2025-03-11 06:00:00
1741676400,1.08566,1.09014,1.08554,1.08907,14875.0,2025-03-11 07:00:00
1741680000,1.08907,1.09192,1.08848,1.09172,14907.0,2025-03-11 08:00:00
1741683600,1.09172,1.0921,1.08961,1.09085,10748.0,2025-03-11 09:00:00
1741687200,1.09084,1.09084,1.08824,1.08906,8456.0,2025-03-11 10:00:00
1741690800,1.08906,1.09048,1.08812,1.09046,7527.0,2025-03-11 11:00:00
1741694400,1.09047,1.09206,1.09022,1.0918,10993.0,2025-03-11 12:00:00
1741698000,1.09181,1.09308,1.09116,1.09201,11823.0,2025-03-11 13:00:00
1741701600,1.09202,1.09204,1.0895,1.09194,20986.0,2025-03-11 14:00:00
1741705200,1.09194,1.09288,1.09123,1.09272,14404.0,2025-03-11 15:00:00
1741708800,1.09271,1.09297,1.0918,1.09252,8393.0,2025-03-11 16:00:00
1741712400,1.09252,1.0935,1.0924,1.09342,7495.0,2025-03-11 17:00:00
1741716000,1.09344,1.09472,1.09252,1.0931,12845.0,2025-03-11 18:00:00
1741719600,1.09311,1.09341,1.09196,1.092,8361.0,2025-03-11 19:00:00
1741723200,1.09202,1.0921,1.09102,1.09194,2961.0,2025-03-11 20:00:00
1741726800,1.09202,1.09208,1.09106,1.09116,1156.0,2025-03-11 21:00:00
1741730400,1.0911,1.0919,1.0911,1.09158,1360.0,2025-03-11 22:00:00
1741734000,1.09157,1.09178,1.09132,1.09142,1734.0,2025-03-11 23:00:00
1741737600,1.09142,1.09158,1.09057,1.09088,3809.0,2025-03-12 00:00:00
1741741200,1.09088,1.09154,1.09061,1.09066,5561.0,2025-03-12 01:00:00
1741744800,1.09066,1.09116,1.09032,1.09038,5367.0,2025-03-12 02:00:00
1741748400,1.09036,1.09049,1.08962,1.08974,3738.0,2025-03-12 03:00:00
1741752000,1.08973,1.09027,1.08958,1.08988,3318.0,2025-03-12 04:00:00
1741755600,1.0899,1.09044,1.08952,1.09036,4949.0,2025-03-12 05:00:00
1741759200,1.09036,1.0909,1.0892,1.08922,6543.0,2025-03-12 06:00:00
1741762800,1.08922,1.09032,1.08874,1.09017,9774.0,2025-03-12 07:00:00
1741766400,1.09016,1.09218,1.08978,1.09216,14748.0,2025-03-12 08:00:00
1741770000,1.09217,1.09266,1.09134,1.09145,11112.0,2025-03-12 09:00:00
1741773600,1.09144,1.0921,1.09046,1.09064,7315.0,2025-03-12 10:00:00
1741777200,1.09064,1.09129,1.08994,1.0901,8576.0,2025-03-12 11:00:00
1741780800,1.0901,1.09322,1.08762,1.0878,25369.0,2025-03-12 12:00:00
1741784400,1.08782,1.08964,1.08757,1.08824,20393.0,2025-03-12 13:00:00
1741788000,1.08822,1.09137,1.08812,1.0913,14390.0,2025-03-12 14:00:00
1741791600,1.09131,1.09244,1.091,1.09244,11984.0,2025-03-12 15:00:00
1741795200,1.09243,1.0928,1.09057,1.09058,10035.0,2025-03-12 16:00:00
1741798800,1.09058,1.09143,1.09034,1.0907,7777.0,2025-03-12 17:00:00
1741802400,1.0907,1.09096,1.08798,1.08846,7255.0,2025-03-12 18:00:00
1741806000,1.08848,1.08979,1.08832,1.08902,6918.0,2025-03-12 19:00:00
1741809600,1.08902,1.08936,1.08866,1.08875,2740.0,2025-03-12 20:00:00
1741813200,1.08899,1.08906,1.08868,1.0887,242.0,2025-03-12 21:00:00
1741816800,1.08872,1.089,1.08872,1.08892,762.0,2025-03-12 22:00:00
1741820400,1.08892,1.089,1.08834,1.08854,1368.0,2025-03-12 23:00:00
1741824000,1.08856,1.08919,1.08826,1.08916,2877.0,2025-03-13 00:00:00
1741827600,1.08916,1.08934,1.08864,1.08892,4653.0,2025-03-13 01:00:00
1741831200,1.08892,1.08973,1.0889,1.08956,4191.0,2025-03-13 02:00:00
1741834800,1.08956,1.08957,1.08851,1.08851,2541.0,2025-03-13 03:00:00
1741838400,1.0885,1.08936,1.08818,1.08935,2943.0,2025-03-13 04:00:00
1741842000,1.08936,1.08936,1.08794,1.08852,4423.0,2025-03-13 05:00:00
1741845600,1.08852,1.08856,1.08692,1.08746,6143.0,2025-03-13 06:00:00
1741849200,1.08746,1.08852,1.08598,1.08654,9901.0,2025-03-13 07:00:00
1741852800,1.08655,1.08842,1.08592,1.08732,14355.0,2025-03-13 08:00:00
1741856400,1.0873,1.08854,1.08688,1.08794,8502.0,2025-03-13 09:00:00
1741860000,1.08796,1.0883,1.08625,1.08702,8038.0,2025-03-13 10:00:00
1741863600,1.08702,1.0875,1.08444,1.08564,12254.0,2025-03-13 11:00:00
1741867200,1.08564,1.08786,1.08262,1.08349,19614.0,2025-03-13 12:00:00
1741870800,1.0835,1.08532,1.08226,1.08474,13444.0,2025-03-13 13:00:00
1741874400,1.08474,1.08698,1.08462,1.08652,13764.0,2025-03-13 14:00:00
1741878000,1.08653,1.0872,1.0854,1.08585,15107.0,2025-03-13 15:00:00
1741881600,1.08584,1.08782,1.08552,1.08726,10617.0,2025-03-13 16:00:00
1741885200,1.08726,1.08735,1.08544,1.08546,9404.0,2025-03-13 17:00:00
1741888800,1.08547,1.08581,1.08521,1.08536,7807.0,2025-03-13 18:00:00
1741892400,1.08538,1.0857,1.08478,1.08484,5951.0,2025-03-13 19:00:00
1741896000,1.08482,1.0856,1.08464,1.08524,2365.0,2025-03-13 20:00:00
1741899600,1.08502,1.0853,1.08489,1.08528,395.0,2025-03-13 21:00:00
1741903200,1.08529,1.08558,1.08513,1.08526,891.0,2025-03-13 22:00:00
1741906800,1.08527,1.08551,1.08502,1.0855,1721.0,2025-03-13 23:00:00
1741910400,1.08549,1.08586,1.08484,1.08492,4484.0,2025-03-14 00:00:00
1741914000,1.08492,1.08493,1.08407,1.08409,4805.0,2025-03-14 01:00:00
1741917600,1.08411,1.08432,1.08344,1.08402,3778.0,2025-03-14 02:00:00
1741921200,1.08404,1.0846,1.08378,1.08457,4020.0,2025-03-14 03:00:00
1741924800,1.08456,1.08462,1.08377,1.08411,2946.0,2025-03-14 04:00:00
1741928400,1.0841,1.08516,1.08408,1.08508,3563.0,2025-03-14 05:00:00
1741932000,1.08508,1.08508,1.08352,1.08387,4816.0,2025-03-14 06:00:00
1741935600,1.08386,1.08474,1.08306,1.08394,11067.0,2025-03-14 07:00:00
1741939200,1.08392,1.08569,1.08354,1.08538,10531.0,2025-03-14 08:00:00
1741942800,1.0854,1.08622,1.0847,1.08524,8375.0,2025-03-14 09:00:00
1741946400,1.08523,1.09127,1.08516,1.0895,18741.0,2025-03-14 10:00:00
1741950000,1.08949,1.09097,1.08877,1.08968,17340.0,2025-03-14 11:00:00
1741953600,1.08968,1.09115,1.08901,1.08947,10109.0,2025-03-14 12:00:00
1741957200,1.08946,1.08981,1.08703,1.08744,11753.0,2025-03-14 13:00:00
1741960800,1.08744,1.08866,1.08656,1.0878,14382.0,2025-03-14 14:00:00
1741964400,1.08779,1.08868,1.08669,1.08715,12119.0,2025-03-14 15:00:00
1741968000,1.08716,1.089,1.08704,1.08831,7436.0,2025-03-14 16:00:00
1741971600,1.08832,1.08881,1.08791,1.08824,5268.0,2025-03-14 17:00:00
1741975200,1.08823,1.08864,1.08734,1.08802,4777.0,2025-03-14 18:00:00
1741978800,1.08802,1.08846,1.08784,1.08831,3461.0,2025-03-14 19:00:00
1741982400,1.0883,1.08858,1.08772,1.08789,1794.0,2025-03-14 20:00:00
1742158800,1.08812,1.0882,1.08784,1.08812,627.0,2025-03-16 21:00:00
1742162400,1.08813,1.08855,1.08748,1.08816,1806.0,2025-03-16 22:00:00
1742166000,1.08818,1.08852,1.08793,1.08796,1865.0,2025-03-16 23:00:00
1742169600,1.08797,1.08829,1.08756,1.08796,2776.0,2025-03-17 00:00:00
1742173200,1.08796,1.08904,1.08743,1.0883,4497.0,2025-03-17 01:00:00
1742176800,1.08828,1.08859,1.08794,1.08814,3000.0,2025-03-17 02:00:00
1742180400,1.08812,1.08863,1.08769,1.08835,2561.0,2025-03-17 03:00:00
1742184000,1.08834,1.0894,1.08777,1.08822,3419.0,2025-03-17 04:00:00
1742187600,1.08822,1.08822,1.08738,1.08777,2947.0,2025-03-17 05:00:00
1742191200,1.08778,1.08844,1.08734,1.08778,3903.0,2025-03-17 06:00:00
1742194800,1.08777,1.08846,1.08686,1.08764,7368.0,2025-03-17 07:00:00
1742198400,1.08763,1.0887,1.08706,1.08838,9509.0,2025-03-17 08:00:00
1742202000,1.0884,1.09006,1.0877,1.09,7928.0,2025-03-17 09:00:00
1742205600,1.09,1.09098,1.08964,1.09078,6089.0,2025-03-17 10:00:00
1742209200,1.09079,1.0912,1.08962,1.09021,5482.0,2025-03-17 11:00:00
1742212800,1.09023,1.09094,1.08874,1.09019,13637.0,2025-03-17 12:00:00
1742216400,1.09019,1.09066,1.08972,1.09048,10731.0,2025-03-17 13:00:00
1742220000,1.09049,1.09188,1.09022,1.09162,10178.0,2025-03-17 14:00:00
1742223600,1.0916,1.09299,1.09158,1.09215,8579.0,2025-03-17 15:00:00
1742227200,1.09216,1.09264,1.09145,1.09212,6058.0,2025-03-17 16:00:00
1742230800,1.09212,1.0924,1.09116,1.0914,5347.0,2025-03-17 17:00:00
1742234400,1.0914,1.09266,1.09128,1.09254,5116.0,2025-03-17 18:00:00
1742238000,1.09255,1.09256,1.09184,1.09206,3919.0,2025-03-17 19:00:00
1742241600,1.09206,1.09277,1.09205,1.09226,1913.0,2025-03-17 20:00:00
1742245200,1.09224,1.09236,1.09186,1.09232,456.0,2025-03-17 21:00:00
1742248800,1.0923,1.09231,1.09192,1.09215,804.0,2025-03-17 22:00:00
1742252400,1.09216,1.09219,1.09182,1.09182,1149.0,2025-03-17 23:00:00
1742256000,1.09182,1.09212,1.0915,1.0916,2741.0,2025-03-18 00:00:00
1742259600,1.09159,1.09192,1.09122,1.09134,3326.0,2025-03-18 01:00:00
1742263200,1.09135,1.09162,1.0908,1.09088,3284.0,2025-03-18 02:00:00
1742266800,1.09087,1.09112,1.09064,1.09084,1930.0,2025-03-18 03:00:00
1742270400,1.09085,1.09116,1.09079,1.0911,1743.0,2025-03-18 04:00:00
1742274000,1.09112,1.09134,1.09074,1.0908,1978.0,2025-03-18 05:00:00
1742277600,1.09081,1.09214,1.09036,1.09209,4019.0,2025-03-18 06:00:00
1742281200,1.09208,1.09367,1.09162,1.09352,6856.0,2025-03-18 07:00:00
1742284800,1.09353,1.09548,1.0933,1.09516,8862.0,2025-03-18 08:00:00
1742288400,1.09518,1.09532,1.09396,1.09505,6553.0,2025-03-18 09:00:00
1742292000,1.09504,1.09525,1.09318,1.09342,8395.0,2025-03-18 10:00:00
1742295600,1.09342,1.09374,1.09142,1.09164,6994.0,2025-03-18 11:00:00
1742299200,1.09167,1.09238,1.08926,1.09116,7829.0,2025-03-18 12:00:00
1742302800,1.09116,1.09208,1.09016,1.09126,8788.0,2025-03-18 13:00:00
1742306400,1.09126,1.09196,1.0907,1.09168,8773.0,2025-03-18 14:00:00
1742310000,1.09169,1.09344,1.08966,1.09266,11970.0,2025-03-18 15:00:00
1742313600,1.09266,1.09401,1.09236,1.09387,7128.0,2025-03-18 16:00:00
1742317200,1.09386,1.0952,1.09386,1.09502,6857.0,2025-03-18 17:00:00
1742320800,1.09502,1.09514,1.09406,1.0944,3723.0,2025-03-18 18:00:00
1742324400,1.09441,1.09498,1.09415,1.09463,3357.0,2025-03-18 19:00:00
1742328000,1.09462,1.09488,1.0943,1.0944,1380.0,2025-03-18 20:00:00
1742331600,1.09446,1.09462,1.09421,1.0945,598.0,2025-03-18 21:00:00
1742335200,1.0945,1.09462,1.09405,1.0942,783.0,2025-03-18 22:00:00
1742338800,1.0942,1.09438,1.09376,1.09386,1183.0,2025-03-18 23:00:00
1742342400,1.09386,1.0939,1.0932,1.09346,2919.0,2025-03-19 00:00:00
1742346000,1.09348,1.09374,1.09336,1.09372,2149.0,2025-03-19 01:00:00
1742349600,1.09372,1.09452,1.09356,1.0941,2157.0,2025-03-19 02:00:00
1742353200,1.0941,1.09438,1.09329,1.09384,1932.0,2025-03-19 03:00:00
1742356800,1.0938,1.0938,1.09282,1.093,1578.0,2025-03-19 04:00:00
1742360400,1.093,1.09364,1.093,1.09312,2477.0,2025-03-19 05:00:00
1742364000,1.09313,1.09325,1.09206,1.09208,4196.0,2025-03-19 06:00:00
1742367600,1.09208,1.09232,1.08732,1.08928,13263.0,2025-03-19 07:00:00
1742371200,1.0893,1.09106,1.08922,1.09074,9879.0,2025-03-19 08:00:00
1742374800,1.09074,1.09104,1.08955,1.09025,6797.0,2025-03-19 09:00:00
1742378400,1.09026,1.09044,1.08914,1.09,5239.0,2025-03-19 10:00:00
1742382000,1.09,1.09134,1.08939,1.09084,5910.0,2025-03-19 11:00:00
1742385600,1.09086,1.09176,1.08992,1.09012,8720.0,2025-03-19 12:00:00
1742389200,1.09013,1.09038,1.08928,1.08944,9625.0,2025-03-19 13:00:00
1742392800,1.08944,1.09006,1.08818,1.08839,7366.0,2025-03-19 14:00:00
1742396400,1.0884,1.0888,1.08754,1.0877,7194.0,2025-03-19 15:00:00
1742400000,1.0877,1.08864,1.0876,1.08852,5594.0,2025-03-19 16:00:00
1742403600,1.08851,1.08854,1.08606,1.08704,7007.0,2025-03-19 17:00:00
1742407200,1.08699,1.09134,1.0865,1.09076,22483.0,2025-03-19 18:00:00
1742410800,1.09075,1.0913,1.0885,1.0899,12846.0,2025-03-19 19:00:00
1742414400,1.08987,1.09061,1.08959,1.09022,1984.0,2025-03-19 20:00:00
1742418000,1.09032,1.09061,1.0903,1.09061,246.0,2025-03-19 21:00:00
1742421600,1.09062,1.09132,1.09036,1.09086,1041.0,2025-03-19 22:00:00
1742425200,1.09087,1.0912,1.09053,1.09118,1702.0,2025-03-19 23:00:00
1742428800,1.09118,1.09166,1.09038,1.09124,4691.0,2025-03-20 00:00:00
1742432400,1.09124,1.09132,1.09035,1.0906,4529.0,2025-03-20 01:00:00
1742436000,1.09059,1.09174,1.09054,1.09092,4468.0,2025-03-20 02:00:00
1742439600,1.09092,1.09142,1.09071,1.09098,3024.0,2025-03-20 03:00:00
1742443200,1.09098,1.09106,1.09004,1.09033,2645.0,2025-03-20 04:00:00
1742446800,1.09032,1.09034,1.08908,1.08955,2906.0,2025-03-20 05:00:00
1742450400,1.08956,1.0899,1.08898,1.08934,4568.0,2025-03-20 06:00:00
1742454000,1.08932,1.08944,1.08647,1.08796,8165.0,2025-03-20 07:00:00
1742457600,1.08794,1.08858,1.08632,1.08654,10176.0,2025-03-20 08:00:00
1742461200,1.08652,1.08685,1.08384,1.08522,10089.0,2025-03-20 09:00:00
1742464800,1.08524,1.08548,1.08334,1.0846,10509.0,2025-03-20 10:00:00
1742468400,1.08463,1.08519,1.08394,1.08495,6542.0,2025-03-20 11:00:00
1742472000,1.08496,1.08559,1.0831,1.08338,9441.0,2025-03-20 12:00:00
1742475600,1.08336,1.08392,1.08146,1.08252,9720.0,2025-03-20 13:00:00
1742479200,1.0825,1.08387,1.08228,1.08294,9120.0,2025-03-20 14:00:00
1742482800,1.08294,1.08494,1.08235,1.08474,8689.0,2025-03-20 15:00:00
1742486400,1.08472,1.08524,1.08422,1.08488,6342.0,2025-03-20 16:00:00
1742490000,1.08489,1.08518,1.08392,1.08447,4181.0,2025-03-20 17:00:00
1742493600,1.08444,1.08498,1.0842,1.08485,3655.0,2025-03-20 18:00:00
1742497200,1.08484,1.08544,1.08472,1.08533,2811.0,2025-03-20 19:00:00
1742500800,1.08533,1.08592,1.08516,1.08534,1392.0,2025-03-20 20:00:00
1742504400,1.08525,1.08554,1.08518,1.08547,327.0,2025-03-20 21:00:00
1742508000,1.08551,1.08588,1.08538,1.08572,857.0,2025-03-20 22:00:00
1742511600,1.08574,1.08578,1.08532,1.08532,1494.0,2025-03-20 23:00:00
1742515200,1.08533,1.08588,1.08508,1.08532,2654.0,2025-03-21 00:00:00
1742518800,1.08531,1.08556,1.08485,1.08524,4053.0,2025-03-21 01:00:00
1742522400,1.08523,1.08552,1.08424,1.08442,3448.0,2025-03-21 02:00:00
1742526000,1.08443,1.08465,1.08334,1.08346,2508.0,2025-03-21 03:00:00
1742529600,1.08347,1.08366,1.08277,1.08302,2144.0,2025-03-21 04:00:00
1742533200,1.08302,1.08302,1.08199,1.08286,3767.0,2025-03-21 05:00:00
1742536800,1.08287,1.08375,1.08242,1.08342,4222.0,2025-03-21 06:00:00
1742540400,1.08341,1.08419,1.0827,1.0839,6192.0,2025-03-21 07:00:00
1742544000,1.0839,1.08456,1.0824,1.08362,7321.0,2025-03-21 08:00:00
1742547600,1.08362,1.0839,1.08248,1.08258,4499.0,2025-03-21 09:00:00
1742551200,1.08258,1.0839,1.08258,1.08371,4860.0,2025-03-21 10:00:00
1742554800,1.08372,1.08516,1.08352,1.0851,5438.0,2025-03-21 11:00:00
1742558400,1.08508,1.08614,1.08298,1.08322,9357.0,2025-03-21 12:00:00
1742562000,1.08322,1.0836,1.08252,1.08321,8851.0,2025-03-21 13:00:00
1742565600,1.08323,1.08357,1.08186,1.08237,7738.0,2025-03-21 14:00:00
1742569200,1.08239,1.08297,1.07969,1.08064,8906.0,2025-03-21 15:00:00
1742572800,1.08062,1.0825,1.08046,1.08183,10130.0,2025-03-21 16:00:00
1742576400,1.08182,1.08256,1.08052,1.08226,6236.0,2025-03-21 17:00:00
1742580000,1.08227,1.08268,1.08148,1.0821,5432.0,2025-03-21 18:00:00
1742583600,1.0821,1.08245,1.08153,1.08178,3555.0,2025-03-21 19:00:00
1742587200,1.08178,1.08178,1.08118,1.08155,2018.0,2025-03-21 20:00:00
1742763600,1.08156,1.08198,1.08141,1.08182,439.0,2025-03-23 21:00:00
1742767200,1.08183,1.08302,1.08167,1.08198,2056.0,2025-03-23 22:00:00
1742770800,1.082,1.08372,1.0819,1.0836,2542.0,2025-03-23 23:00:00
1742774400,1.08361,1.08401,1.08328,1.08372,3651.0,2025-03-24 00:00:00
1742778000,1.08372,1.08375,1.08228,1.08262,5184.0,2025-03-24 01:00:00
1742781600,1.08261,1.08322,1.08246,1.0825,3729.0,2025-03-24 02:00:00
1742785200,1.0825,1.08294,1.08202,1.08204,3284.0,2025-03-24 03:00:00
1742788800,1.08204,1.08244,1.08172,1.08228,2533.0,2025-03-24 04:00:00
1742792400,1.08227,1.08309,1.08184,1.08292,4036.0,2025-03-24 05:00:00
1742796000,1.08291,1.08448,1.0828,1.08397,5540.0,2025-03-24 06:00:00
1742799600,1.08396,1.085,1.08332,1.08382,7157.0,2025-03-24 07:00:00
1742803200,1.08383,1.08583,1.08376,1.0843,12413.0,2025-03-24 08:00:00
1742806800,1.08432,1.0845,1.08284,1.08392,9342.0,2025-03-24 09:00:00
1742810400,1.08394,1.08548,1.08366,1.08482,6425.0,2025-03-24 10:00:00
1742814000,1.08482,1.08495,1.08323,1.08326,5468.0,2025-03-24 11:00:00
1742817600,1.08325,1.08346,1.08216,1.08298,6695.0,2025-03-24 12:00:00
1742821200,1.083,1.08308,1.07926,1.07932,9767.0,2025-03-24 13:00:00
1742824800,1.07932,1.08204,1.07905,1.07996,11384.0,2025-03-24 14:00:00
1742828400,1.07996,1.08056,1.07906,1.0794,9562.0,2025-03-24 15:00:00
1742832000,1.0794,1.08073,1.07816,1.07918,7970.0,2025-03-24 16:00:00
1742835600,1.07918,1.07967,1.07848,1.07878,6135.0,2025-03-24 17:00:00
1742839200,1.07876,1.08133,1.0784,1.08052,6916.0,2025-03-24 18:00:00
1742842800,1.08053,1.08072,1.07972,1.08022,2274.0,2025-03-24 19:00:00
1742846400,1.0802,1.08062,1.08001,1.08012,1741.0,2025-03-24 20:00:00
1742850000,1.08013,1.08019,1.07973,1.08006,739.0,2025-03-24 21:00:00
1742853600,1.08006,1.0803,1.07952,1.08026,926.0,2025-03-24 22:00:00
1742857200,1.08027,1.08038,1.08006,1.08026,1056.0,2025-03-24 23:00:00
1742860800,1.08025,1.0803,1.07962,1.08002,2514.0,2025-03-25 00:00:00
1742864400,1.08002,1.08087,1.08,1.08022,3776.0,2025-03-25 01:00:00
1742868000,1.08023,1.08051,1.07944,1.07967,3174.0,2025-03-25 02:00:00
1742871600,1.07966,1.08037,1.0796,1.08031,2473.0,2025-03-25 03:00:00
1742875200,1.08032,1.0809,1.08026,1.08034,2388.0,2025-03-25 04:00:00
1742878800,1.08034,1.08072,1.08012,1.0803,1957.0,2025-03-25 05:00:00
1742882400,1.0803,1.08046,1.0793,1.07948,3427.0,2025-03-25 06:00:00
1742886000,1.07947,1.08022,1.07852,1.07874,6006.0,2025-03-25 07:00:00
1742889600,1.07875,1.07923,1.0777,1.07906,7852.0,2025-03-25 08:00:00
1742893200,1.07906,1.0804,1.07876,1.08006,6923.0,2025-03-25 09:00:00
1742896800,1.08006,1.08246,1.08,1.08202,7403.0,2025-03-25 10:00:00
1742900400,1.08203,1.08278,1.08109,1.0818,6849.0,2025-03-25 11:00:00
1742904000,1.08178,1.08302,1.08158,1.08253,6738.0,2025-03-25 12:00:00
1742907600,1.08254,1.0828,1.08139,1.08171,8283.0,2025-03-25 13:00:00
1742911200,1.0817,1.0822,1.0802,1.08126,11154.0,2025-03-25 14:00:00
1742914800,1.08127,1.08197,1.07974,1.08034,9011.0,2025-03-25 15:00:00
1742918400,1.08032,1.08132,1.0802,1.08066,7133.0,2025-03-25 16:00:00
1742922000,1.08068,1.08171,1.0806,1.08096,5231.0,2025-03-25 17:00:00
1742925600,1.08096,1.08096,1.07971,1.07986,4128.0,2025-03-25 18:00:00
1742929200,1.07987,1.0802,1.07909,1.07955,4366.0,2025-03-25 19:00:00
1742932800,1.07954,1.07958,1.07898,1.07918,1832.0,2025-03-25 20:00:00
1742936400,1.0794,1.07944,1.07904,1.07918,259.0,2025-03-25 21:00:00
1742940000,1.0792,1.07932,1.0788,1.07886,1018.0,2025-03-25 22:00:00
1742943600,1.07886,1.0789,1.07854,1.07888,1020.0,2025-03-25 23:00:00
1742947200,1.07889,1.07924,1.07836,1.07844,3128.0,2025-03-26 00:00:00
1742950800,1.07844,1.07956,1.07781,1.07938,5139.0,2025-03-26 01:00:00
1742954400,1.07938,1.07973,1.07903,1.07952,2655.0,2025-03-26 02:00:00
1742958000,1.07953,1.07964,1.07839,1.0786,2450.0,2025-03-26 03:00:00
1742961600,1.07862,1.07878,1.07811,1.07842,1867.0,2025-03-26 04:00:00
1742965200,1.0784,1.07872,1.0778,1.07854,2905.0,2025-03-26 05:00:00
1742968800,1.07852,1.07884,1.07822,1.0787,3787.0,2025-03-26 06:00:00
1742972400,1.07868,1.07915,1.07814,1.07862,7780.0,2025-03-26 07:00:00
1742976000,1.07862,1.07999,1.07854,1.07994,8681.0,2025-03-26 08:00:00
1742979600,1.07992,1.08029,1.0793,1.07958,5727.0,2025-03-26 09:00:00
1742983200,1.07958,1.08018,1.07868,1.07918,5021.0,2025-03-26 10:00:00
1742986800,1.07919,1.07979,1.07886,1.07922,4776.0,2025-03-26 11:00:00
1742990400,1.07923,1.07937,1.0782,1.07844,8949.0,2025-03-26 12:00:00
1742994000,1.07844,1.07908,1.07676,1.07748,9847.0,2025-03-26 13:00:00
1742997600,1.07747,1.07956,1.07731,1.07907,10667.0,2025-03-26 14:00:00
1743001200,1.07908,1.07946,1.07676,1.07808,8345.0,2025-03-26 15:00:00
1743004800,1.07809,1.0792,1.0777,1.07878,8151.0,2025-03-26 16:00:00
1743008400,1.07877,1.07894,1.0752,1.07568,10501.0,2025-03-26 17:00:00
1743012000,1.07566,1.07617,1.07532,1.07553,5822.0,2025-03-26 18:00:00
1743015600,1.07552,1.07559,1.07439,1.07516,3918.0,2025-03-26 19:00:00
1743019200,1.07518,1.07568,1.07506,1.07528,2289.0,2025-03-26 20:00:00
1743022800,1.07578,1.07578,1.07352,1.07371,1429.0,2025-03-26 21:00:00
1743026400,1.0737,1.07447,1.0733,1.07372,2950.0,2025-03-26 22:00:00
1743030000,1.0737,1.07446,1.07357,1.07411,2838.0,2025-03-26 23:00:00
1743033600,1.07412,1.07577,1.07408,1.07558,3593.0,2025-03-27 00:00:00
1743037200,1.07557,1.0769,1.07553,1.07653,4057.0,2025-03-27 01:00:00
1743040800,1.07654,1.07801,1.0765,1.0776,3233.0,2025-03-27 02:00:00
1743044400,1.0776,1.07798,1.07731,1.07782,1962.0,2025-03-27 03:00:00
1743048000,1.07783,1.0787,1.07772,1.07804,2355.0,2025-03-27 04:00:00
1743051600,1.07804,1.07814,1.07638,1.07692,3066.0,2025-03-27 05:00:00
1743055200,1.07691,1.07828,1.07682,1.07732,4693.0,2025-03-27 06:00:00
1743058800,1.0773,1.07744,1.07542,1.07648,9184.0,2025-03-27 07:00:00
1743062400,1.0765,1.07768,1.07556,1.07759,11738.0,2025-03-27 08:00:00
1743066000,1.07757,1.07792,1.07611,1.0771,7504.0,2025-03-27 09:00:00
1743069600,1.07709,1.07818,1.07665,1.07818,6546.0,2025-03-27 10:00:00
1743073200,1.07818,1.07995,1.07788,1.0787,6646.0,2025-03-27 11:00:00
1743076800,1.07872,1.07983,1.07833,1.07871,7412.0,2025-03-27 12:00:00
1743080400,1.07872,1.07973,1.07766,1.07803,9467.0,2025-03-27 13:00:00
1743084000,1.07803,1.07948,1.07772,1.07894,8651.0,2025-03-27 14:00:00
1743087600,1.07896,1.08212,1.07855,1.07997,12410.0,2025-03-27 15:00:00
1743091200,1.07996,1.08,1.07918,1.07991,7961.0,2025-03-27 16:00:00
1743094800,1.07993,1.08088,1.07895,1.07898,5702.0,2025-03-27 17:00:00
1743098400,1.07898,1.07984,1.07892,1.07909,4295.0,2025-03-27 18:00:00
1743102000,1.0791,1.07999,1.07884,1.07948,3005.0,2025-03-27 19:00:00
1743105600,1.07947,1.08026,1.07939,1.0802,1185.0,2025-03-27 20:00:00
1743109200,1.0799,1.08006,1.07964,1.07976,401.0,2025-03-27 21:00:00
1743112800,1.07976,1.07989,1.07956,1.07963,621.0,2025-03-27 22:00:00
1743116400,1.07962,1.08016,1.07962,1.08009,1127.0,2025-03-27 23:00:00
1743120000,1.08008,1.08008,1.07883,1.07949,3090.0,2025-03-28 00:00:00
1743123600,1.0795,1.07989,1.07916,1.07937,3473.0,2025-03-28 01:00:00
1743127200,1.07938,1.0797,1.07903,1.07948,2752.0,2025-03-28 02:00:00
1743130800,1.07948,1.07968,1.07909,1.0792,1923.0,2025-03-28 03:00:00
1743134400,1.0792,1.07932,1.07843,1.07886,2161.0,2025-03-28 04:00:00
1743138000,1.07885,1.07932,1.07866,1.0791,2299.0,2025-03-28 05:00:00
1743141600,1.0791,1.07923,1.07828,1.07852,2502.0,2025-03-28 06:00:00
1743145200,1.07856,1.08,1.07816,1.07874,5898.0,2025-03-28 07:00:00
1743148800,1.07869,1.07966,1.07751,1.07783,7353.0,2025-03-28 08:00:00
1743152400,1.07784,1.07805,1.0769,1.07738,5560.0,2025-03-28 09:00:00
1743156000,1.07738,1.07788,1.07673,1.07686,4596.0,2025-03-28 10:00:00
1743159600,1.07687,1.07748,1.07646,1.0772,4179.0,2025-03-28 11:00:00
1743163200,1.07719,1.0792,1.07656,1.07891,8355.0,2025-03-28 12:00:00
1743166800,1.0789,1.0817,1.07849,1.08112,13569.0,2025-03-28 13:00:00
1743170400,1.08114,1.08316,1.08096,1.08231,12334.0,2025-03-28 14:00:00
1743174000,1.08232,1.08448,1.08192,1.08252,10513.0,2025-03-28 15:00:00
1743177600,1.0825,1.08332,1.082,1.08217,6999.0,2025-03-28 16:00:00
1743181200,1.08216,1.0829,1.0812,1.08196,5542.0,2025-03-28 17:00:00
1743184800,1.08197,1.08279,1.08138,1.08246,5239.0,2025-03-28 18:00:00
1743188400,1.08245,1.08288,1.08232,1.08256,3800.0,2025-03-28 19:00:00
1743192000,1.08255,1.08362,1.08252,1.08308,2439.0,2025-03-28 20:00:00
1743368400,1.08281,1.08293,1.08155,1.08168,987.0,2025-03-30 21:00:00
1743372000,1.08169,1.08226,1.08055,1.0821,2938.0,2025-03-30 22:00:00
1743375600,1.08211,1.08294,1.08106,1.08238,4383.0,2025-03-30 23:00:00
1743379200,1.08238,1.08418,1.08232,1.08418,5155.0,2025-03-31 00:00:00
1743382800,1.08416,1.08455,1.08311,1.08328,4685.0,2025-03-31 01:00:00
1743386400,1.08326,1.08458,1.0829,1.08406,3113.0,2025-03-31 02:00:00
1743390000,1.08406,1.08416,1.08325,1.0833,2676.0,2025-03-31 03:00:00
1743393600,1.0833,1.0836,1.08312,1.08343,2140.0,2025-03-31 04:00:00
1743397200,1.08342,1.08432,1.08314,1.08345,3678.0,2025-03-31 05:00:00
1743400800,1.08346,1.0845,1.08248,1.08374,8869.0,2025-03-31 06:00:00
1743404400,1.08374,1.08495,1.08208,1.08318,11658.0,2025-03-31 07:00:00
1743408000,1.08318,1.08344,1.08118,1.08274,9217.0,2025-03-31 08:00:00
1743411600,1.08275,1.08305,1.08147,1.08161,6401.0,2025-03-31 09:00:00
1743415200,1.0816,1.0821,1.08054,1.08185,6090.0,2025-03-31 10:00:00
1743418800,1.08186,1.08294,1.08154,1.08198,7107.0,2025-03-31 11:00:00
1743422400,1.08198,1.08212,1.08011,1.08037,6796.0,2025-03-31 12:00:00
1743426000,1.08036,1.08216,1.08027,1.0808,9584.0,2025-03-31 13:00:00
1743429600,1.0808,1.08088,1.0784,1.0802,12262.0,2025-03-31 14:00:00
1743433200,1.08016,1.0817,1.07906,1.07942,13885.0,2025-03-31 15:00:00
1743436800,1.07943,1.08162,1.0785,1.08118,7606.0,2025-03-31 16:00:00
1743440400,1.08118,1.08177,1.08078,1.08148,4092.0,2025-03-31 17:00:00
1743444000,1.08148,1.0818,1.08072,1.08148,4109.0,2025-03-31 18:00:00
1743447600,1.08148,1.08199,1.08118,1.08142,3522.0,2025-03-31 19:00:00
1743451200,1.08142,1.0819,1.08094,1.08154,1902.0,2025-03-31 20:00:00
1743454800,1.08186,1.08203,1.08169,1.08194,371.0,2025-03-31 21:00:00
1743458400,1.08194,1.08196,1.08162,1.08187,890.0,2025-03-31 22:00:00
1743462000,1.08185,1.08197,1.08142,1.08176,1384.0,2025-03-31 23:00:00
1743465600,1.08177,1.08266,1.08176,1.08252,3977.0,2025-04-01 00:00:00
1743469200,1.08252,1.08268,1.08171,1.08206,4032.0,2025-04-01 01:00:00
1743472800,1.08204,1.08284,1.08202,1.08241,3235.0,2025-04-01 02:00:00
1743476400,1.08242,1.0828,1.08212,1.0827,2964.0,2025-04-01 03:00:00
1743480000,1.08269,1.083,1.08249,1.0825,2130.0,2025-04-01 04:00:00
1743483600,1.08252,1.08254,1.08066,1.08072,3835.0,2025-04-01 05:00:00
1743487200,1.08072,1.08105,1.07991,1.08084,6752.0,2025-04-01 06:00:00
1743490800,1.08083,1.08126,1.07993,1.08018,8842.0,2025-04-01 07:00:00
1743494400,1.08017,1.08182,1.08006,1.08178,5694.0,2025-04-01 08:00:00
1743498000,1.08176,1.08292,1.08148,1.08174,6022.0,2025-04-01 09:00:00
1743501600,1.08178,1.08186,1.07902,1.07982,9623.0,2025-04-01 10:00:00
1743505200,1.07982,1.07986,1.07783,1.07812,8808.0,2025-04-01 11:00:00
1743508800,1.07812,1.07953,1.07812,1.07873,7261.0,2025-04-01 12:00:00
1743512400,1.07874,1.07956,1.07794,1.07875,8707.0,2025-04-01 13:00:00
1743516000,1.07867,1.08125,1.07853,1.08076,15049.0,2025-04-01 14:00:00
1743519600,1.08076,1.08125,1.07985,1.07994,10034.0,2025-04-01 15:00:00
1743523200,1.07994,1.08032,1.07926,1.07998,6850.0,2025-04-01 16:00:00
1743526800,1.07999,1.08046,1.07913,1.0793,3990.0,2025-04-01 17:00:00
1743530400,1.0793,1.07949,1.07853,1.07872,4214.0,2025-04-01 18:00:00
1743534000,1.07872,1.0791,1.07856,1.079,2887.0,2025-04-01 19:00:00
1743537600,1.07897,1.0802,1.07887,1.07926,2441.0,2025-04-01 20:00:00
1743541200,1.07919,1.07965,1.07892,1.07936,798.0,2025-04-01 21:00:00
1743544800,1.07942,1.08081,1.0793,1.07992,1788.0,2025-04-01 22:00:00
1743548400,1.07994,1.07998,1.07942,1.07944,1352.0,2025-04-01 23:00:00
1743552000,1.07944,1.07951,1.07891,1.07904,3284.0,2025-04-02 00:00:00
1743555600,1.07906,1.0795,1.07872,1.0795,3205.0,2025-04-02 01:00:00
1743559200,1.07952,1.08018,1.07942,1.07945,2800.0,2025-04-02 02:00:00
1743562800,1.07944,1.08,1.07938,1.07958,1718.0,2025-04-02 03:00:00
1743566400,1.07956,1.07976,1.07926,1.07926,1440.0,2025-04-02 04:00:00
1743570000,1.07927,1.07927,1.07862,1.07896,2703.0,2025-04-02 05:00:00
1743573600,1.07897,1.07965,1.07875,1.0793,5340.0,2025-04-02 06:00:00
1743577200,1.07929,1.07949,1.07802,1.07918,6392.0,2025-04-02 07:00:00
1743580800,1.07918,1.08018,1.07906,1.07976,5457.0,2025-04-02 08:00:00
1743584400,1.07974,1.08083,1.07959,1.08061,5001.0,2025-04-02 09:00:00
1743588000,1.08062,1.08068,1.0786,1.07948,6720.0,2025-04-02 10:00:00
1743591600,1.07949,1.08063,1.07912,1.08026,5497.0,2025-04-02 11:00:00
1743595200,1.08026,1.08196,1.07965,1.08192,7996.0,2025-04-02 12:00:00
1743598800,1.08192,1.08292,1.08148,1.08266,8900.0,2025-04-02 13:00:00
1743602400,1.08266,1.08617,1.0819,1.08584,12640.0,2025-04-02 14:00:00
1743606000,1.08586,1.08734,1.0851,1.08674,11080.0,2025-04-02 15:00:00
1743609600,1.08675,1.08678,1.08469,1.08524,7197.0,2025-04-02 16:00:00
1743613200,1.0852,1.08596,1.085,1.08518,4728.0,2025-04-02 17:00:00
1743616800,1.08518,1.08592,1.08478,1.08542,4887.0,2025-04-02 18:00:00
1743620400,1.08542,1.08562,1.08469,1.085,4711.0,2025-04-02 19:00:00
1743624000,1.08496,1.09244,1.08107,1.08565,42108.0,2025-04-02 20:00:00
1743627600,1.08449,1.08569,1.08112,1.08282,1795.0,2025-04-02 21:00:00
1743631200,1.08281,1.08396,1.08052,1.08392,11512.0,2025-04-02 22:00:00
1743634800,1.08393,1.09112,1.08376,1.09045,19551.0,2025-04-02 23:00:00
1743638400,1.09043,1.09073,1.08799,1.08908,19351.0,2025-04-03 00:00:00
1743642000,1.08908,1.09232,1.08868,1.09134,13200.0,2025-04-03 01:00:00
1743645600,1.09133,1.09247,1.09092,1.09123,9023.0,2025-04-03 02:00:00
1743649200,1.09124,1.09212,1.09077,1.0915,7057.0,2025-04-03 03:00:00
1743652800,1.09152,1.09168,1.09058,1.0907,6066.0,2025-04-03 04:00:00
1743656400,1.09069,1.0952,1.09065,1.09444,9992.0,2025-04-03 05:00:00
1743660000,1.09443,1.09902,1.09348,1.09896,21164.0,2025-04-03 06:00:00
1743663600,1.09898,1.09903,1.09428,1.09708,19293.0,2025-04-03 07:00:00
1743667200,1.09709,1.10209,1.09706,1.10092,14828.0,2025-04-03 08:00:00
1743670800,1.10092,1.10475,1.10037,1.10308,16540.0,2025-04-03 09:00:00
1743674400,1.1031,1.11464,1.1028,1.10526,33323.0,2025-04-03 10:00:00
1743678000,1.10529,1.11012,1.10389,1.10876,20696.0,2025-04-03 11:00:00
1743681600,1.10877,1.11096,1.1073,1.1082,23852.0,2025-04-03 12:00:00
1743685200,1.10819,1.11352,1.10702,1.10815,29611.0,2025-04-03 13:00:00
1743688800,1.10846,1.11277,1.10798,1.11184,25771.0,2025-04-03 14:00:00
1743692400,1.11185,1.1119,1.10412,1.10506,20014.0,2025-04-03 15:00:00
1743696000,1.10509,1.10559,1.10328,1.10386,13964.0,2025-04-03 16:00:00
1743699600,1.10386,1.10398,1.1018,1.10245,9598.0,2025-04-03 17:00:00
1743703200,1.10245,1.10408,1.10194,1.10374,7525.0,2025-04-03 18:00:00
1743706800,1.10374,1.10375,1.1016,1.10273,6612.0,2025-04-03 19:00:00
1743710400,1.10271,1.10531,1.10222,1.10512,4019.0,2025-04-03 20:00:00
1743714000,1.10526,1.10532,1.1049,1.1052,449.0,2025-04-03 21:00:00
1743717600,1.10518,1.10716,1.10497,1.10643,3374.0,2025-04-03 22:00:00
1743721200,1.10645,1.10648,1.10422,1.10452,6084.0,2025-04-03 23:00:00
1743724800,1.10452,1.10644,1.10368,1.10608,8867.0,2025-04-04 00:00:00
1743728400,1.10606,1.10733,1.10572,1.10678,8162.0,2025-04-04 01:00:00
1743732000,1.10678,1.10796,1.10608,1.10632,7913.0,2025-04-04 02:00:00
1743735600,1.10633,1.10986,1.10574,1.10938,8835.0,2025-04-04 03:00:00
1743739200,1.10936,1.10984,1.1082,1.10875,7983.0,2025-04-04 04:00:00
1743742800,1.10874,1.11078,1.10785,1.10842,8569.0,2025-04-04 05:00:00
1743746400,1.10842,1.10863,1.105,1.10506,12699.0,2025-04-04 06:00:00
1743750000,1.10508,1.10671,1.09998,1.1004,18701.0,2025-04-04 07:00:00
1743753600,1.10038,1.10096,1.09754,1.09964,23395.0,2025-04-04 08:00:00
1743757200,1.09966,1.09976,1.09714,1.09844,17724.0,2025-04-04 09:00:00
1743760800,1.09845,1.10502,1.09645,1.10304,34143.0,2025-04-04 10:00:00
1743764400,1.10305,1.108,1.10222,1.10603,36687.0,2025-04-04 11:00:00
1743768000,1.10604,1.10898,1.10076,1.102,48459.0,2025-04-04 12:00:00
1743771600,1.10203,1.10481,1.10051,1.10058,41280.0,2025-04-04 13:00:00
1743775200,1.10057,1.1015,1.09602,1.09861,39670.0,2025-04-04 14:00:00
1743778800,1.09862,1.10169,1.09672,1.10138,45356.0,2025-04-04 15:00:00
1743782400,1.1014,1.10199,1.09616,1.09715,25946.0,2025-04-04 16:00:00
1743786000,1.09714,1.0977,1.09242,1.09473,26876.0,2025-04-04 17:00:00
1743789600,1.09472,1.09673,1.09393,1.09446,16591.0,2025-04-04 18:00:00
1743793200,1.09445,1.09648,1.09276,1.09434,13363.0,2025-04-04 19:00:00
1743796800,1.09433,1.09678,1.09326,1.09645,8096.0,2025-04-04 20:00:00
1743973200,1.08926,1.09242,1.08814,1.09168,1640.0,2025-04-06 21:00:00
1743976800,1.09164,1.09946,1.09164,1.09824,16004.0,2025-04-06 22:00:00
1743980400,1.09826,1.10017,1.09811,1.09832,22993.0,2025-04-06 23:00:00
1743984000,1.09834,1.09837,1.09453,1.09672,24406.0,2025-04-07 00:00:00
1743987600,1.09672,1.09802,1.09544,1.0968,23101.0,2025-04-07 01:00:00
1743991200,1.0968,1.0968,1.09198,1.09352,14585.0,2025-04-07 02:00:00
1743994800,1.09353,1.09546,1.09299,1.09503,8475.0,2025-04-07 03:00:00
1743998400,1.09502,1.09878,1.09481,1.0985,9011.0,2025-04-07 04:00:00
1744002000,1.09852,1.10208,1.0978,1.10186,17677.0,2025-04-07 05:00:00
1744005600,1.10182,1.10232,1.09938,1.10028,28096.0,2025-04-07 06:00:00
1744009200,1.10028,1.10502,1.09979,1.10008,35187.0,2025-04-07 07:00:00
1744012800,1.10014,1.1022,1.0968,1.0992,28569.0,2025-04-07 08:00:00
1744016400,1.09918,1.09965,1.095,1.09628,23702.0,2025-04-07 09:00:00
1744020000,1.09628,1.09908,1.09578,1.09588,24183.0,2025-04-07 10:00:00
1744023600,1.0959,1.09696,1.09351,1.09696,26239.0,2025-04-07 11:00:00
1744027200,1.09696,1.09915,1.09392,1.09738,31917.0,2025-04-07 12:00:00
1744030800,1.09738,1.09772,1.09372,1.09414,29664.0,2025-04-07 13:00:00
1744034400,1.09415,1.0983,1.09169,1.09218,46707.0,2025-04-07 14:00:00
1744038000,1.09219,1.09364,1.09006,1.09115,32879.0,2025-04-07 15:00:00
1744041600,1.09116,1.09328,1.0904,1.09324,13317.0,2025-04-07 16:00:00
1744045200,1.09326,1.09502,1.09296,1.0939,19127.0,2025-04-07 17:00:00
1744048800,1.09388,1.09527,1.09236,1.09336,14291.0,2025-04-07 18:00:00
1744052400,1.09338,1.09482,1.09137,1.09161,14145.0,2025-04-07 19:00:00
1744056000,1.09162,1.09198,1.09017,1.09066,6675.0,2025-04-07 20:00:00
1744059600,1.09068,1.09178,1.09064,1.09134,362.0,2025-04-07 21:00:00
1744063200,1.09136,1.09208,1.09084,1.09172,3059.0,2025-04-07 22:00:00
1744066800,1.09171,1.09192,1.09078,1.09148,5751.0,2025-04-07 23:00:00
1744070400,1.09149,1.09504,1.09148,1.094,11728.0,2025-04-08 00:00:00
1744074000,1.09398,1.09618,1.0938,1.096,14646.0,2025-04-08 01:00:00
1744077600,1.09598,1.09804,1.09598,1.09713,7887.0,2025-04-08 02:00:00
1744081200,1.09714,1.09721,1.09608,1.09635,6305.0,2025-04-08 03:00:00
1744084800,1.09634,1.09797,1.09621,1.09762,6474.0,2025-04-08 04:00:00
1744088400,1.09761,1.09761,1.0954,1.09684,8669.0,2025-04-08 05:00:00
1744092000,1.09681,1.0992,1.09614,1.09767,16180.0,2025-04-08 06:00:00
1744095600,1.09766,1.09808,1.09216,1.09236,22680.0,2025-04-08 07:00:00
1744099200,1.09236,1.09488,1.09229,1.09366,16438.0,2025-04-08 08:00:00
1744102800,1.09364,1.09374,1.09112,1.09198,16473.0,2025-04-08 09:00:00
1744106400,1.09196,1.09392,1.09135,1.09276,14596.0,2025-04-08 10:00:00
1744110000,1.09274,1.09448,1.0925,1.09342,16857.0,2025-04-08 11:00:00
1744113600,1.09342,1.09686,1.09342,1.09485,15995.0,2025-04-08 12:00:00
1744117200,1.09484,1.09558,1.0927,1.09358,24402.0,2025-04-08 13:00:00
1744120800,1.09359,1.09362,1.08883,1.09102,25305.0,2025-04-08 14:00:00
1744124400,1.09103,1.09194,1.08959,1.09118,17737.0,2025-04-08 15:00:00
1744128000,1.0912,1.09324,1.08986,1.09296,16436.0,2025-04-08 16:00:00
1744131600,1.09296,1.09488,1.09262,1.09338,20857.0,2025-04-08 17:00:00
1744135200,1.09338,1.09694,1.09298,1.09523,16304.0,2025-04-08 18:00:00
1744138800,1.09521,1.0978,1.09508,1.09542,13637.0,2025-04-08 19:00:00
1744142400,1.0954,1.09628,1.0939,1.09586,4833.0,2025-04-08 20:00:00
1744146000,1.09565,1.09598,1.09512,1.0959,341.0,2025-04-08 21:00:00
1744149600,1.09586,1.09777,1.09581,1.09684,4610.0,2025-04-08 22:00:00
1744153200,1.09684,1.09852,1.09666,1.09776,8061.0,2025-04-08 23:00:00
1744156800,1.09776,1.10168,1.09713,1.10149,19310.0,2025-04-09 00:00:00
1744160400,1.1015,1.104,1.10139,1.10202,24705.0,2025-04-09 01:00:00
1744164000,1.10203,1.1029,1.10096,1.10198,15355.0,2025-04-09 02:00:00
1744167600,1.10198,1.10361,1.10128,1.10198,14272.0,2025-04-09 03:00:00
1744171200,1.10197,1.1069,1.1019,1.10684,22434.0,2025-04-09 04:00:00
1744174800,1.10683,1.10683,1.1029,1.10616,20543.0,2025-04-09 05:00:00
1744178400,1.10617,1.109,1.10426,1.10729,35774.0,2025-04-09 06:00:00
1744182000,1.10728,1.10798,1.10096,1.10154,40739.0,2025-04-09 07:00:00
1744185600,1.10154,1.10352,1.09982,1.10276,28061.0,2025-04-09 08:00:00
1744189200,1.10277,1.10503,1.10094,1.10441,21013.0,2025-04-09 09:00:00
1744192800,1.1044,1.1058,1.10251,1.10332,20105.0,2025-04-09 10:00:00
1744196400,1.1033,1.10571,1.10216,1.10356,37389.0,2025-04-09 11:00:00
1744200000,1.10355,1.10952,1.10348,1.10756,29008.0,2025-04-09 12:00:00
1744203600,1.10757,1.1082,1.10328,1.10451,32370.0,2025-04-09 13:00:00
1744207200,1.1045,1.10513,1.10261,1.10408,23538.0,2025-04-09 14:00:00
1744210800,1.10408,1.10695,1.10368,1.10383,17023.0,2025-04-09 15:00:00
1744214400,1.10385,1.10427,1.10136,1.10203,13223.0,2025-04-09 16:00:00
1744218000,1.10205,1.1064,1.0946,1.09772,54268.0,2025-04-09 17:00:00
1744221600,1.09772,1.0983,1.09134,1.09639,41641.0,2025-04-09 18:00:00
1744225200,1.09641,1.09768,1.09326,1.09353,24964.0,2025-04-09 19:00:00
1744228800,1.09355,1.09622,1.09287,1.09484,13759.0,2025-04-09 20:00:00
1744232400,1.09513,1.09545,1.09496,1.09518,406.0,2025-04-09 21:00:00
1744236000,1.0953,1.09628,1.09498,1.09608,6879.0,2025-04-09 22:00:00
1744239600,1.09608,1.09614,1.09432,1.0951,9429.0,2025-04-09 23:00:00
1744243200,1.09508,1.09868,1.09506,1.09864,16020.0,2025-04-10 00:00:00
1744246800,1.09865,1.09878,1.09694,1.0972,10904.0,2025-04-10 01:00:00
1744250400,1.0972,1.09793,1.09614,1.09719,9115.0,2025-04-10 02:00:00
1744254000,1.0972,1.09894,1.09705,1.09816,8177.0,2025-04-10 03:00:00
1744257600,1.09817,1.0985,1.09776,1.09828,7122.0,2025-04-10 04:00:00
1744261200,1.09828,1.09957,1.09777,1.09858,7599.0,2025-04-10 05:00:00
1744264800,1.09858,1.0989,1.09627,1.09831,16212.0,2025-04-10 06:00:00
1744268400,1.09832,1.10308,1.09672,1.10264,24300.0,2025-04-10 07:00:00
1744272000,1.10265,1.1048,1.10162,1.10377,19953.0,2025-04-10 08:00:00
1744275600,1.10378,1.10601,1.10338,1.10592,16002.0,2025-04-10 09:00:00
1744279200,1.10593,1.10811,1.10549,1.10798,16861.0,2025-04-10 10:00:00
1744282800,1.10796,1.10888,1.10672,1.10702,16411.0,2025-04-10 11:00:00
1744286400,1.107,1.11321,1.1068,1.10973,28309.0,2025-04-10 12:00:00
1744290000,1.10974,1.11344,1.1091,1.1127,22414.0,2025-04-10 13:00:00
1744293600,1.1127,1.11864,1.11245,1.11856,25695.0,2025-04-10 14:00:00
1744297200,1.11856,1.1229,1.11536,1.11908,34361.0,2025-04-10 15:00:00
1744300800,1.11906,1.12103,1.11774,1.11968,26914.0,2025-04-10 16:00:00
1744304400,1.11969,1.1211,1.11741,1.12099,21276.0,2025-04-10 17:00:00
1744308000,1.12103,1.12418,1.12012,1.12156,18796.0,2025-04-10 18:00:00
1744311600,1.12154,1.12198,1.11588,1.12058,20035.0,2025-04-10 19:00:00
1744315200,1.12059,1.1206,1.11815,1.12019,7906.0,2025-04-10 20:00:00
1744318800,1.11947,1.11995,1.11902,1.11955,615.0,2025-04-10 21:00:00
1744322400,1.1195,1.12354,1.11935,1.12347,7430.0,2025-04-10 22:00:00
1744326000,1.1235,1.12626,1.12134,1.12574,19738.0,2025-04-10 23:00:00
1744329600,1.12574,1.13856,1.12514,1.13102,44842.0,2025-04-11 00:00:00
1744333200,1.13102,1.1323,1.12754,1.13058,36250.0,2025-04-11 01:00:00
1744336800,1.13058,1.13232,1.12953,1.13027,22409.0,2025-04-11 02:00:00
1744340400,1.13028,1.13545,1.13022,1.13409,16729.0,2025-04-11 03:00:00
1744344000,1.13409,1.13413,1.13102,1.13226,12054.0,2025-04-11 04:00:00
1744347600,1.13226,1.13236,1.1271,1.12858,15403.0,2025-04-11 05:00:00
1744351200,1.12856,1.12906,1.12464,1.12868,27387.0,2025-04-11 06:00:00
1744354800,1.12867,1.13696,1.1284,1.13642,36811.0,2025-04-11 07:00:00
1744358400,1.13637,1.14739,1.13492,1.14272,48504.0,2025-04-11 08:00:00
1744362000,1.14272,1.14272,1.13848,1.13856,31558.0,2025-04-11 09:00:00
1744365600,1.13855,1.13855,1.13202,1.13368,30489.0,2025-04-11 10:00:00
1744369200,1.13366,1.13716,1.13236,1.1329,25328.0,2025-04-11 11:00:00
1744372800,1.13289,1.13989,1.13246,1.13956,33322.0,2025-04-11 12:00:00
1744376400,1.13956,1.14123,1.1324,1.13614,46299.0,2025-04-11 13:00:00
1744380000,1.13614,1.1382,1.13272,1.13402,43420.0,2025-04-11 14:00:00
1744383600,1.13402,1.135,1.13123,1.13247,27113.0,2025-04-11 15:00:00
1744387200,1.13246,1.13272,1.12766,1.1306,22532.0,2025-04-11 16:00:00
1744390800,1.13058,1.13272,1.12822,1.12855,16539.0,2025-04-11 17:00:00
1744394400,1.12854,1.13217,1.12844,1.13126,16023.0,2025-04-11 18:00:00
1744398000,1.13126,1.1344,1.13094,1.13419,10610.0,2025-04-11 19:00:00
1744401600,1.13418,1.13617,1.13365,1.13599,6863.0,2025-04-11 20:00:00
1744578000,1.13214,1.13245,1.13178,1.132,447.0,2025-04-13 21:00:00
1744581600,1.13204,1.13552,1.13193,1.1334,9049.0,2025-04-13 22:00:00
1744585200,1.13343,1.13493,1.1324,1.13422,10668.0,2025-04-13 23:00:00
1744588800,1.13423,1.13708,1.1341,1.13654,15973.0,2025-04-14 00:00:00
1744592400,1.13654,1.1409,1.13644,1.13856,18596.0,2025-04-14 01:00:00
1744596000,1.13851,1.14014,1.1371,1.13722,12821.0,2025-04-14 02:00:00
1744599600,1.13722,1.1384,1.13578,1.13716,11070.0,2025-04-14 03:00:00
1744603200,1.1372,1.13853,1.13656,1.13677,7438.0,2025-04-14 04:00:00
1744606800,1.13676,1.13881,1.1353,1.13853,9591.0,2025-04-14 05:00:00
1744610400,1.13854,1.1424,1.13765,1.1417,22593.0,2025-04-14 06:00:00
1744614000,1.1417,1.14247,1.13836,1.13898,22101.0,2025-04-14 07:00:00
1744617600,1.139,1.14099,1.13784,1.13878,18287.0,2025-04-14 08:00:00
1744621200,1.13877,1.1408,1.13866,1.13868,15650.0,2025-04-14 09:00:00
1744624800,1.13867,1.13923,1.13716,1.13874,12176.0,2025-04-14 10:00:00
1744628400,1.13874,1.1406,1.13726,1.1384,10640.0,2025-04-14 11:00:00
1744632000,1.1384,1.13888,1.13346,1.13389,17837.0,2025-04-14 12:00:00
1744635600,1.1339,1.13416,1.1296,1.13274,27133.0,2025-04-14 13:00:00
1744639200,1.13274,1.13683,1.13198,1.13676,17173.0,2025-04-14 14:00:00
1744642800,1.13677,1.1382,1.13527,1.13573,17605.0,2025-04-14 15:00:00
1744646400,1.13574,1.13706,1.133,1.13308,14399.0,2025-04-14 16:00:00
1744650000,1.13306,1.1348,1.13285,1.13386,11253.0,2025-04-14 17:00:00
1744653600,1.13388,1.13573,1.1338,1.13546,7572.0,2025-04-14 18:00:00
1744657200,1.13545,1.13699,1.13502,1.1355,6519.0,2025-04-14 19:00:00
1744660800,1.1355,1.13586,1.13432,1.13493,4372.0,2025-04-14 20:00:00
1744664400,1.13479,1.13576,1.13453,1.1355,622.0,2025-04-14 21:00:00
1744668000,1.13555,1.13614,1.13453,1.13539,2381.0,2025-04-14 22:00:00
1744671600,1.13538,1.13544,1.13337,1.13363,5008.0,2025-04-14 23:00:00
1744675200,1.13364,1.13391,1.13172,1.13288,9387.0,2025-04-15 00:00:00
1744678800,1.13287,1.13353,1.13159,1.13244,7356.0,2025-04-15 01:00:00
1744682400,1.13244,1.13525,1.13244,1.13498,6414.0,2025-04-15 02:00:00
1744686000,1.13498,1.13532,1.13434,1.13474,5334.0,2025-04-15 03:00:00
1744689600,1.13475,1.13634,1.13448,1.1357,6237.0,2025-04-15 04:00:00
1744693200,1.13571,1.13682,1.1349,1.13505,6859.0,2025-04-15 05:00:00
1744696800,1.13506,1.13646,1.1328,1.13324,14219.0,2025-04-15 06:00:00
1744700400,1.13326,1.13599,1.13208,1.13572,15155.0,2025-04-15 07:00:00
1744704000,1.13573,1.13792,1.13436,1.13468,15674.0,2025-04-15 08:00:00
1744707600,1.13469,1.1356,1.13331,1.13388,10496.0,2025-04-15 09:00:00
1744711200,1.13387,1.13494,1.13324,1.13444,8972.0,2025-04-15 10:00:00
1744714800,1.13444,1.13444,1.1314,1.13266,11913.0,2025-04-15 11:00:00
1744718400,1.13268,1.13416,1.13088,1.1313,17666.0,2025-04-15 12:00:00
1744722000,1.13128,1.13288,1.13051,1.13176,18897.0,2025-04-15 13:00:00
1744725600,1.13175,1.13296,1.12855,1.1329,25104.0,2025-04-15 14:00:00
1744729200,1.1329,1.13294,1.12823,1.12888,15714.0,2025-04-15 15:00:00
1744732800,1.12889,1.12922,1.1264,1.12743,12088.0,2025-04-15 16:00:00
1744736400,1.12744,1.12828,1.12668,1.12728,8978.0,2025-04-15 17:00:00
1744740000,1.12727,1.12769,1.12663,1.12736,6744.0,2025-04-15 18:00:00
1744743600,1.12735,1.12876,1.12716,1.12824,4286.0,2025-04-15 19:00:00
1744747200,1.12828,1.129,1.12798,1.1282,2736.0,2025-04-15 20:00:00
1744750800,1.12832,1.12859,1.1281,1.12829,523.0,2025-04-15 21:00:00
1744754400,1.1283,1.12996,1.12822,1.12956,2733.0,2025-04-15 22:00:00
1744758000,1.12957,1.1299,1.12834,1.12938,6343.0,2025-04-15 23:00:00
1744761600,1.12938,1.1322,1.1293,1.1317,12012.0,2025-04-16 00:00:00
1744765200,1.1317,1.1331,1.13163,1.13234,9188.0,2025-04-16 01:00:00
1744768800,1.13235,1.1332,1.13179,1.13276,8045.0,2025-04-16 02:00:00
1744772400,1.1328,1.13436,1.13243,1.13434,6135.0,2025-04-16 03:00:00
1744776000,1.13434,1.1348,1.13328,1.13462,6117.0,2025-04-16 04:00:00
1744779600,1.1346,1.13858,1.13413,1.1381,11054.0,2025-04-16 05:00:00
1744783200,1.13807,1.13828,1.13606,1.13608,13769.0,2025-04-16 06:00:00
1744786800,1.13609,1.13924,1.13592,1.13872,14301.0,2025-04-16 07:00:00
1744790400,1.13872,1.13882,1.13382,1.13698,24169.0,2025-04-16 08:00:00
1744794000,1.13698,1.1378,1.1356,1.136,16528.0,2025-04-16 09:00:00
1744797600,1.13602,1.13744,1.13522,1.13578,14708.0,2025-04-16 10:00:00
1744801200,1.1358,1.13741,1.1355,1.13632,13195.0,2025-04-16 11:00:00
1744804800,1.13634,1.13656,1.13404,1.13516,19542.0,2025-04-16 12:00:00
1744808400,1.13517,1.1374,1.13498,1.13677,20492.0,2025-04-16 13:00:00
1744812000,1.13677,1.13842,1.13542,1.1384,18773.0,2025-04-16 14:00:00
1744815600,1.13841,1.13868,1.13572,1.13816,13636.0,2025-04-16 15:00:00
1744819200,1.13817,1.1387,1.13702,1.1375,10567.0,2025-04-16 16:00:00
1744822800,1.13752,1.139,1.13592,1.13754,15308.0,2025-04-16 17:00:00
1744826400,1.13753,1.13886,1.1365,1.13865,14395.0,2025-04-16 18:00:00
1744830000,1.13866,1.1413,1.13848,1.13866,12879.0,2025-04-16 19:00:00
1744833600,1.13866,1.13998,1.13817,1.13986,5570.0,2025-04-16 20:00:00
1744837200,1.13994,1.14016,1.1397,1.13986,1677.0,2025-04-16 21:00:00
1744840800,1.13978,1.14007,1.13952,1.13998,2360.0,2025-04-16 22:00:00
1744844400,1.13996,1.14094,1.13942,1.13958,4853.0,2025-04-16 23:00:00
1744848000,1.13956,1.13971,1.1365,1.13681,12932.0,2025-04-17 00:00:00
1744851600,1.13682,1.13694,1.13554,1.13656,11973.0,2025-04-17 01:00:00
1744855200,1.13656,1.13819,1.1365,1.13784,7670.0,2025-04-17 02:00:00
1744858800,1.13788,1.1381,1.1364,1.13643,5590.0,2025-04-17 03:00:00
1744862400,1.13642,1.137,1.13604,1.13624,3946.0,2025-04-17 04:00:00
1744866000,1.13625,1.13712,1.13442,1.13525,7122.0,2025-04-17 05:00:00
1744869600,1.13526,1.13711,1.13432,1.1359,12525.0,2025-04-17 06:00:00
1744873200,1.1359,1.13793,1.1353,1.13768,14887.0,2025-04-17 07:00:00
1744876800,1.1377,1.13887,1.13683,1.13785,12537.0,2025-04-17 08:00:00
1744880400,1.13786,1.1381,1.13701,1.13726,10065.0,2025-04-17 09:00:00
1744884000,1.13727,1.13768,1.13575,1.13596,13072.0,2025-04-17 10:00:00
1744887600,1.13597,1.13704,1.1356,1.13566,10028.0,2025-04-17 11:00:00
1744891200,1.13566,1.13682,1.13352,1.13566,24255.0,2025-04-17 12:00:00
1744894800,1.13566,1.1378,1.13509,1.13614,24871.0,2025-04-17 13:00:00
1744898400,1.13616,1.1386,1.13386,1.13496,20627.0,2025-04-17 14:00:00
1744902000,1.13496,1.13767,1.13476,1.13632,14171.0,2025-04-17 15:00:00
1744905600,1.13635,1.13714,1.134,1.13506,14967.0,2025-04-17 16:00:00
1744909200,1.13507,1.1354,1.13412,1.13512,7945.0,2025-04-17 17:00:00
1744912800,1.13512,1.13754,1.13432,1.13735,8387.0,2025-04-17 18:00:00
1744916400,1.13735,1.13762,1.13684,1.13733,5249.0,2025-04-17 19:00:00
1744920000,1.13734,1.13766,1.13623,1.13646,3303.0,2025-04-17 20:00:00
1744923600,1.13673,1.137,1.13632,1.13694,548.0,2025-04-17 21:00:00
1744927200,1.13695,1.13721,1.13668,1.13703,7742.0,2025-04-17 22:00:00
1744930800,1.13702,1.13762,1.13694,1.13724,3404.0,2025-04-17 23:00:00
1744934400,1.13718,1.13864,1.13628,1.13752,9860.0,2025-04-18 00:00:00
1744938000,1.1375,1.13778,1.13684,1.13716,12991.0,2025-04-18 01:00:00
1744941600,1.13715,1.13788,1.137,1.13723,11861.0,2025-04-18 02:00:00
1744945200,1.13726,1.13765,1.137,1.13734,12298.0,2025-04-18 03:00:00
1744948800,1.13734,1.13746,1.13692,1.13698,9425.0,2025-04-18 04:00:00
1744952400,1.13696,1.13748,1.13622,1.13706,8767.0,2025-04-18 05:00:00
1744956000,1.13707,1.13763,1.13622,1.13623,13612.0,2025-04-18 06:00:00
1744959600,1.13621,1.13762,1.13592,1.13698,12385.0,2025-04-18 07:00:00
1744963200,1.137,1.1372,1.13672,1.13713,15601.0,2025-04-18 08:00:00
1744966800,1.13711,1.13729,1.13674,1.13694,12945.0,2025-04-18 09:00:00
1744970400,1.13698,1.13748,1.13688,1.13738,11550.0,2025-04-18 10:00:00
1744974000,1.1374,1.13834,1.13722,1.13812,11127.0,2025-04-18 11:00:00
1744977600,1.1381,1.13866,1.13807,1.13826,9031.0,2025-04-18 12:00:00
1744981200,1.13827,1.13827,1.1377,1.13796,6177.0,2025-04-18 13:00:00
1744984800,1.13796,1.13978,1.13788,1.13968,5933.0,2025-04-18 14:00:00
1744988400,1.13968,1.13972,1.13877,1.13919,6983.0,2025-04-18 15:00:00
1744992000,1.13918,1.13956,1.13871,1.13948,6936.0,2025-04-18 16:00:00
1744995600,1.1395,1.13952,1.13906,1.13926,4613.0,2025-04-18 17:00:00
1744999200,1.13925,1.13956,1.13904,1.13943,2867.0,2025-04-18 18:00:00
1745002800,1.13941,1.13978,1.13934,1.13952,1171.0,2025-04-18 19:00:00
1745006400,1.13954,1.13956,1.13912,1.1395,888.0,2025-04-18 20:00:00
1745182800,1.13973,1.14244,1.13968,1.1411,1538.0,2025-04-20 21:00:00
1745186400,1.14094,1.14387,1.13958,1.14332,6250.0,2025-04-20 22:00:00
1745190000,1.14333,1.14586,1.14333,1.14491,9409.0,2025-04-20 23:00:00
1745193600,1.1449,1.14866,1.1449,1.14664,16391.0,2025-04-21 00:00:00
1745197200,1.14665,1.14792,1.14652,1.14768,10913.0,2025-04-21 01:00:00
1745200800,1.14767,1.15327,1.14721,1.15046,14141.0,2025-04-21 02:00:00
1745204400,1.15047,1.1525,1.15047,1.15152,6939.0,2025-04-21 03:00:00
1745208000,1.15151,1.15174,1.1499,1.15174,6144.0,2025-04-21 04:00:00
1745211600,1.15174,1.15351,1.15149,1.15314,8164.0,2025-04-21 05:00:00
1745215200,1.15313,1.15348,1.1505,1.15156,10236.0,2025-04-21 06:00:00
1745218800,1.15154,1.1568,1.15097,1.15558,14293.0,2025-04-21 07:00:00
1745222400,1.15558,1.15648,1.15376,1.15584,14376.0,2025-04-21 08:00:00
1745226000,1.15582,1.15734,1.1545,1.1547,11757.0,2025-04-21 09:00:00
1745229600,1.1547,1.15485,1.15214,1.15235,9301.0,2025-04-21 10:00:00
1745233200,1.15238,1.15478,1.15132,1.15428,10971.0,2025-04-21 11:00:00
1745236800,1.1543,1.15499,1.15216,1.15427,12389.0,2025-04-21 12:00:00
1745240400,1.15424,1.1543,1.15016,1.15192,16038.0,2025-04-21 13:00:00
1745244000,1.15191,1.1525,1.14898,1.14978,16853.0,2025-04-21 14:00:00
1745247600,1.14978,1.15078,1.14817,1.15072,11893.0,2025-04-21 15:00:00
1745251200,1.15072,1.15136,1.15006,1.15094,8631.0,2025-04-21 16:00:00
1745254800,1.15094,1.15148,1.14936,1.1514,7012.0,2025-04-21 17:00:00
1745258400,1.15138,1.15254,1.15122,1.15224,6235.0,2025-04-21 18:00:00
1745262000,1.15223,1.1527,1.15126,1.15128,5305.0,2025-04-21 19:00:00
1745265600,1.1513,1.15161,1.1505,1.15127,3012.0,2025-04-21 20:00:00
1745269200,1.15135,1.1515,1.15106,1.15112,412.0,2025-04-21 21:00:00
1745272800,1.15116,1.15256,1.15068,1.15234,1879.0,2025-04-21 22:00:00
1745276400,1.15236,1.15241,1.15078,1.15142,5010.0,2025-04-21 23:00:00
1745280000,1.15143,1.15144,1.1482,1.14904,11828.0,2025-04-22 00:00:00
1745283600,1.14905,1.14986,1.14858,1.14947,10587.0,2025-04-22 01:00:00
1745287200,1.1495,1.15208,1.14939,1.15206,6829.0,2025-04-22 02:00:00
1745290800,1.15206,1.15409,1.1519,1.15348,10267.0,2025-04-22 03:00:00
1745294400,1.15348,1.15403,1.15273,1.15302,5829.0,2025-04-22 04:00:00
1745298000,1.15302,1.15475,1.15184,1.15422,12376.0,2025-04-22 05:00:00
1745301600,1.15424,1.1546,1.14962,1.15009,19152.0,2025-04-22 06:00:00
1745305200,1.15008,1.15092,1.14833,1.15058,18611.0,2025-04-22 07:00:00
1745308800,1.15058,1.15151,1.14946,1.14999,16454.0,2025-04-22 08:00:00
1745312400,1.15,1.15078,1.14879,1.14907,14261.0,2025-04-22 09:00:00
1745316000,1.14906,1.15008,1.1488,1.14886,12755.0,2025-04-22 10:00:00
1745319600,1.14886,1.15009,1.14839,1.14858,11155.0,2025-04-22 11:00:00
1745323200,1.1486,1.14905,1.14612,1.14704,17786.0,2025-04-22 12:00:00
1745326800,1.14704,1.14852,1.14561,1.14744,16528.0,2025-04-22 13:00:00
1745330400,1.14742,1.14923,1.14612,1.14781,16310.0,2025-04-22 14:00:00
1745334000,1.14782,1.14856,1.14636,1.1465,13682.0,2025-04-22 15:00:00
1745337600,1.14651,1.1469,1.14333,1.14339,16924.0,2025-04-22 16:00:00
1745341200,1.14341,1.14542,1.1431,1.14504,13240.0,2025-04-22 17:00:00
1745344800,1.14502,1.14502,1.14227,1.14273,7285.0,2025-04-22 18:00:00
1745348400,1.14274,1.14343,1.14198,1.1421,5839.0,2025-04-22 19:00:00
1745352000,1.1421,1.14304,1.14175,1.14209,2794.0,2025-04-22 20:00:00
1745355600,1.14234,1.14295,1.13627,1.13631,2193.0,2025-04-22 21:00:00
1745359200,1.1363,1.13703,1.1308,1.13379,16735.0,2025-04-22 22:00:00
1745362800,1.13382,1.13626,1.13298,1.13508,14725.0,2025-04-22 23:00:00
1745366400,1.13506,1.13982,1.13494,1.13975,17514.0,2025-04-23 00:00:00
1745370000,1.13976,1.14154,1.13844,1.14074,14605.0,2025-04-23 01:00:00
1745373600,1.14074,1.14108,1.13903,1.14047,9790.0,2025-04-23 02:00:00
1745377200,1.14049,1.14054,1.13732,1.13792,8144.0,2025-04-23 03:00:00
1745380800,1.13794,1.13918,1.1371,1.139,6322.0,2025-04-23 04:00:00
1745384400,1.139,1.13998,1.13713,1.13769,9319.0,2025-04-23 05:00:00
1745388000,1.13768,1.13966,1.13748,1.13851,18267.0,2025-04-23 06:00:00
1745391600,1.13852,1.14096,1.13785,1.13858,21283.0,2025-04-23 07:00:00
1745395200,1.13859,1.14154,1.13796,1.1413,14711.0,2025-04-23 08:00:00
1745398800,1.1413,1.14401,1.14128,1.14182,12455.0,2025-04-23 09:00:00
1745402400,1.14181,1.14196,1.139,1.14022,10534.0,2025-04-23 10:00:00
1745406000,1.1402,1.14162,1.13862,1.14111,10639.0,2025-04-23 11:00:00
1745409600,1.1411,1.142,1.14022,1.14055,11926.0,2025-04-23 12:00:00
1745413200,1.14056,1.14124,1.13332,1.13334,30401.0,2025-04-23 13:00:00
1745416800,1.13335,1.13818,1.13281,1.13534,35045.0,2025-04-23 14:00:00
1745420400,1.13536,1.13836,1.1344,1.13488,26464.0,2025-04-23 15:00:00
1745424000,1.13489,1.13658,1.13369,1.134,14812.0,2025-04-23 16:00:00
1745427600,1.134,1.13441,1.13251,1.13296,9124.0,2025-04-23 17:00:00
1745431200,1.13298,1.13302,1.13154,1.13238,7645.0,2025-04-23 18:00:00
1745434800,1.13238,1.13323,1.13182,1.13275,6158.0,2025-04-23 19:00:00
1745438400,1.13274,1.13284,1.13104,1.13151,3716.0,2025-04-23 20:00:00
1745442000,1.13192,1.13251,1.13166,1.13248,568.0,2025-04-23 21:00:00
1745445600,1.1326,1.13475,1.13226,1.13324,3839.0,2025-04-23 22:00:00
1745449200,1.13325,1.13387,1.13263,1.13296,6400.0,2025-04-23 23:00:00
1745452800,1.13298,1.13472,1.13216,1.13438,10779.0,2025-04-24 00:00:00
1745456400,1.13438,1.13576,1.13402,1.13498,12218.0,2025-04-24 01:00:00
1745460000,1.13498,1.13574,1.13464,1.13552,6518.0,2025-04-24 02:00:00
1745463600,1.13552,1.13562,1.13365,1.13382,4515.0,2025-04-24 03:00:00
1745467200,1.13384,1.13424,1.13325,1.13394,4216.0,2025-04-24 04:00:00
1745470800,1.13394,1.1346,1.13309,1.13364,7339.0,2025-04-24 05:00:00
1745474400,1.13364,1.13544,1.1336,1.13524,10369.0,2025-04-24 06:00:00
1745478000,1.13522,1.13808,1.13518,1.13798,13077.0,2025-04-24 07:00:00
1745481600,1.13798,1.1393,1.1363,1.13807,14453.0,2025-04-24 08:00:00
1745485200,1.13806,1.13914,1.13752,1.13846,8313.0,2025-04-24 09:00:00
1745488800,1.13844,1.13949,1.13762,1.13794,8132.0,2025-04-24 10:00:00
1745492400,1.13794,1.13904,1.13686,1.13728,9613.0,2025-04-24 11:00:00
1745496000,1.13727,1.13788,1.1358,1.13768,13498.0,2025-04-24 12:00:00
1745499600,1.13769,1.13841,1.13634,1.13762,12548.0,2025-04-24 13:00:00
1745503200,1.13764,1.13876,1.13631,1.13728,15339.0,2025-04-24 14:00:00
1745506800,1.13728,1.1376,1.13476,1.1361,12848.0,2025-04-24 15:00:00
1745510400,1.13612,1.13808,1.13579,1.138,9046.0,2025-04-24 16:00:00
1745514000,1.13802,1.13858,1.13674,1.13692,5599.0,2025-04-24 17:00:00
1745517600,1.13692,1.13797,1.13636,1.13781,4873.0,2025-04-24 18:00:00
1745521200,1.1378,1.13978,1.13778,1.13846,4856.0,2025-04-24 19:00:00
1745524800,1.13846,1.13982,1.13821,1.13892,3586.0,2025-04-24 20:00:00
1745528400,1.13864,1.1394,1.13858,1.13884,2493.0,2025-04-24 21:00:00
1745532000,1.13878,1.13918,1.13842,1.13866,1520.0,2025-04-24 22:00:00
1745535600,1.1387,1.13884,1.13708,1.13728,2780.0,2025-04-24 23:00:00
1745539200,1.13724,1.13725,1.13468,1.13474,7576.0,2025-04-25 00:00:00
1745542800,1.13475,1.13554,1.13426,1.13439,8283.0,2025-04-25 01:00:00
1745546400,1.1344,1.13518,1.13414,1.13482,5312.0,2025-04-25 02:00:00
1745550000,1.13482,1.13595,1.1325,1.13258,9972.0,2025-04-25 03:00:00
1745553600,1.13258,1.13362,1.13156,1.13352,7378.0,2025-04-25 04:00:00
1745557200,1.13351,1.13419,1.13254,1.13314,7653.0,2025-04-25 05:00:00
1745560800,1.13313,1.13576,1.13216,1.13419,10989.0,2025-04-25 06:00:00
1745564400,1.1342,1.13685,1.1342,1.136,14873.0,2025-04-25 07:00:00
1745568000,1.13599,1.13645,1.134,1.13506,9332.0,2025-04-25 08:00:00
1745571600,1.13505,1.13609,1.1345,1.13463,8698.0,2025-04-25 09:00:00
1745575200,1.13464,1.13596,1.13342,1.1356,9994.0,2025-04-25 10:00:00
1745578800,1.13561,1.13668,1.13458,1.13494,7351.0,2025-04-25 11:00:00
1745582400,1.13494,1.13604,1.13492,1.13525,7927.0,2025-04-25 12:00:00
1745586000,1.13524,1.13556,1.1333,1.13536,12929.0,2025-04-25 13:00:00
1745589600,1.13536,1.13807,1.13526,1.13684,13674.0,2025-04-25 14:00:00
1745593200,1.13685,1.13824,1.1358,1.13804,7902.0,2025-04-25 15:00:00
1745596800,1.13804,1.13888,1.13682,1.13686,5923.0,2025-04-25 16:00:00
1745600400,1.13688,1.13828,1.1365,1.13769,6831.0,2025-04-25 17:00:00
1745604000,1.13768,1.1381,1.13692,1.13798,4987.0,2025-04-25 18:00:00
1745607600,1.13798,1.13812,1.13588,1.13594,4128.0,2025-04-25 19:00:00
1745611200,1.13595,1.13648,1.13571,1.13636,2951.0,2025-04-25 20:00:00
1745787600,1.13658,1.13673,1.13592,1.13619,149.0,2025-04-27 21:00:00
1745791200,1.1361,1.13648,1.134,1.135,1732.0,2025-04-27 22:00:00
1745794800,1.13502,1.1355,1.13412,1.1345,3614.0,2025-04-27 23:00:00
1745798400,1.13451,1.13648,1.13448,1.1364,6650.0,2025-04-28 00:00:00
1745802000,1.1364,1.13666,1.13496,1.13514,6618.0,2025-04-28 01:00:00
1745805600,1.13512,1.13573,1.13434,1.13536,4546.0,2025-04-28 02:00:00
1745809200,1.13536,1.13604,1.13512,1.13562,3056.0,2025-04-28 03:00:00
1745812800,1.13562,1.13727,1.13527,1.13723,4141.0,2025-04-28 04:00:00
1745816400,1.13724,1.1381,1.13717,1.13746,4762.0,2025-04-28 05:00:00
1745820000,1.13744,1.13744,1.13296,1.13317,10585.0,2025-04-28 06:00:00
1745823600,1.13316,1.13618,1.1331,1.13485,10232.0,2025-04-28 07:00:00
1745827200,1.13484,1.13518,1.13353,1.13438,8810.0,2025-04-28 08:00:00
1745830800,1.13438,1.13589,1.13422,1.135,9026.0,2025-04-28 09:00:00
1745834400,1.13497,1.13607,1.13459,1.13506,6646.0,2025-04-28 10:00:00
1745838000,1.13506,1.13563,1.13411,1.13516,6860.0,2025-04-28 11:00:00
1745841600,1.13519,1.1373,1.13503,1.13512,9058.0,2025-04-28 12:00:00
1745845200,1.13514,1.13744,1.13396,1.13648,12542.0,2025-04-28 13:00:00
1745848800,1.13649,1.1414,1.13574,1.13787,17129.0,2025-04-28 14:00:00
1745852400,1.13787,1.13927,1.13711,1.13862,11719.0,2025-04-28 15:00:00
1745856000,1.13861,1.14226,1.1385,1.14115,10622.0,2025-04-28 16:00:00
1745859600,1.14116,1.14196,1.14003,1.1401,7840.0,2025-04-28 17:00:00
1745863200,1.14012,1.14142,1.14004,1.14136,5592.0,2025-04-28 18:00:00
1745866800,1.14136,1.1425,1.14132,1.1422,4676.0,2025-04-28 19:00:00
1745870400,1.1422,1.1425,1.14196,1.1422,2557.0,2025-04-28 20:00:00
1745874000,1.14221,1.14222,1.14191,1.1421,277.0,2025-04-28 21:00:00
1745877600,1.14213,1.14222,1.14118,1.14129,1635.0,2025-04-28 22:00:00
1745881200,1.14131,1.1422,1.14008,1.14078,4142.0,2025-04-28 23:00:00
1745884800,1.1408,1.14164,1.13992,1.13998,5389.0,2025-04-29 00:00:00
1745888400,1.13996,1.14089,1.13874,1.13926,6038.0,2025-04-29 01:00:00
1745892000,1.13924,1.14202,1.13923,1.13984,7617.0,2025-04-29 02:00:00
1745895600,1.13984,1.14002,1.13866,1.13908,5775.0,2025-04-29 03:00:00
1745899200,1.13908,1.13938,1.13742,1.13782,4537.0,2025-04-29 04:00:00
1745902800,1.13783,1.13884,1.13761,1.13872,5355.0,2025-04-29 05:00:00
1745906400,1.1387,1.13998,1.13834,1.13898,8781.0,2025-04-29 06:00:00
1745910000,1.13903,1.14123,1.13874,1.14036,13365.0,2025-04-29 07:00:00
1745913600,1.14043,1.14084,1.13814,1.13854,11348.0,2025-04-29 08:00:00
1745917200,1.13853,1.13978,1.13802,1.13805,8185.0,2025-04-29 09:00:00
1745920800,1.13804,1.13855,1.1373,1.13782,7419.0,2025-04-29 10:00:00
1745924400,1.13782,1.13871,1.1371,1.13746,7442.0,2025-04-29 11:00:00
1745928000,1.13748,1.14147,1.13704,1.14106,12128.0,2025-04-29 12:00:00
1745931600,1.14107,1.14174,1.139,1.1398,15299.0,2025-04-29 13:00:00
1745935200,1.13982,1.14178,1.13789,1.13832,18273.0,2025-04-29 14:00:00
1745938800,1.13832,1.14047,1.13823,1.1396,10849.0,2025-04-29 15:00:00
1745942400,1.13961,1.1419,1.13953,1.14035,8824.0,2025-04-29 16:00:00
1745946000,1.14036,1.14048,1.13836,1.1386,6409.0,2025-04-29 17:00:00
1745949600,1.13858,1.13933,1.13762,1.13825,5986.0,2025-04-29 18:00:00
1745953200,1.13824,1.13887,1.13761,1.13816,4063.0,2025-04-29 19:00:00
1745956800,1.13816,1.13922,1.13807,1.13846,2349.0,2025-04-29 20:00:00
1745960400,1.13881,1.13907,1.13801,1.1388,2343.0,2025-04-29 21:00:00
1745964000,1.13884,1.13958,1.1386,1.13918,1745.0,2025-04-29 22:00:00
1745967600,1.1392,1.13933,1.1386,1.13906,2231.0,2025-04-29 23:00:00
1745971200,1.13908,1.13954,1.1377,1.13826,5263.0,2025-04-30 00:00:00
1745974800,1.13826,1.13865,1.1357,1.13586,6035.0,2025-04-30 01:00:00
1745978400,1.13586,1.13726,1.1355,1.13707,5454.0,2025-04-30 02:00:00
1745982000,1.13708,1.13799,1.13668,1.13688,3978.0,2025-04-30 03:00:00
1745985600,1.13686,1.13782,1.13666,1.13734,3668.0,2025-04-30 04:00:00
1745989200,1.13732,1.13846,1.13717,1.13832,3313.0,2025-04-30 05:00:00
1745992800,1.1383,1.13998,1.13658,1.13902,8454.0,2025-04-30 06:00:00
1745996400,1.13901,1.13906,1.13736,1.1378,10112.0,2025-04-30 07:00:00
1746000000,1.13781,1.13854,1.13622,1.13716,10321.0,2025-04-30 08:00:00
1746003600,1.13717,1.13796,1.13602,1.13624,7731.0,2025-04-30 09:00:00
1746007200,1.13624,1.137,1.13609,1.1362,6470.0,2025-04-30 10:00:00
1746010800,1.1362,1.13808,1.1356,1.13733,8175.0,2025-04-30 11:00:00
1746014400,1.13734,1.13888,1.1365,1.13735,18821.0,2025-04-30 12:00:00
1746018000,1.13736,1.13778,1.13613,1.13691,13779.0,2025-04-30 13:00:00
1746021600,1.13692,1.13794,1.13497,1.13672,20785.0,2025-04-30 14:00:00
1746025200,1.13671,1.13753,1.13233,1.13482,21012.0,2025-04-30 15:00:00
1746028800,1.1348,1.13593,1.1345,1.13556,8335.0,2025-04-30 16:00:00
1746032400,1.13556,1.1365,1.13451,1.13458,6512.0,2025-04-30 17:00:00
1746036000,1.1346,1.13584,1.13431,1.1349,7978.0,2025-04-30 18:00:00
1746039600,1.13488,1.13535,1.13282,1.13298,5194.0,2025-04-30 19:00:00
1746043200,1.13298,1.13314,1.13172,1.13291,4709.0,2025-04-30 20:00:00
1746046800,1.13293,1.13322,1.13279,1.13286,624.0,2025-04-30 21:00:00
1746050400,1.13284,1.13314,1.13224,1.13256,2163.0,2025-04-30 22:00:00
1746054000,1.13257,1.13262,1.1319,1.13222,2636.0,2025-04-30 23:00:00
1746057600,1.13221,1.13296,1.13206,1.13218,5146.0,2025-05-01 00:00:00
1746061200,1.13218,1.13222,1.1303,1.13084,4281.0,2025-05-01 01:00:00
1746064800,1.13083,1.13163,1.13059,1.13154,2763.0,2025-05-01 02:00:00
1746068400,1.13154,1.13188,1.12996,1.13122,6146.0,2025-05-01 03:00:00
1746072000,1.13122,1.13144,1.13026,1.13026,3860.0,2025-05-01 04:00:00
1746075600,1.13027,1.13066,1.1288,1.12999,6313.0,2025-05-01 05:00:00
1746079200,1.12998,1.13126,1.12982,1.13027,8750.0,2025-05-01 06:00:00
1746082800,1.13025,1.13106,1.12876,1.13101,9161.0,2025-05-01 07:00:00
1746086400,1.131,1.1331,1.131,1.13198,6916.0,2025-05-01 08:00:00
1746090000,1.132,1.1325,1.13136,1.13144,5531.0,2025-05-01 09:00:00
1746093600,1.13144,1.13343,1.13117,1.13324,5626.0,2025-05-01 10:00:00
1746097200,1.13323,1.13412,1.13163,1.13202,7358.0,2025-05-01 11:00:00
1746100800,1.13201,1.1339,1.13082,1.13152,14621.0,2025-05-01 12:00:00
1746104400,1.1315,1.13276,1.1311,1.13198,11973.0,2025-05-01 13:00:00
1746108000,1.1319,1.1319,1.127,1.12818,18419.0,2025-05-01 14:00:00
1746111600,1.12817,1.12902,1.12658,1.12794,11592.0,2025-05-01 15:00:00
1746115200,1.12794,1.12923,1.12728,1.12908,7058.0,2025-05-01 16:00:00
1746118800,1.12908,1.12914,1.12798,1.1283,4606.0,2025-05-01 17:00:00
1746122400,1.12828,1.12936,1.1275,1.12858,6186.0,2025-05-01 18:00:00
1746126000,1.1286,1.12923,1.12814,1.12885,5107.0,2025-05-01 19:00:00
1746129600,1.12884,1.12944,1.12848,1.1291,3187.0,2025-05-01 20:00:00
1746133200,1.129,1.12904,1.12874,1.1288,283.0,2025-05-01 21:00:00
1746136800,1.12876,1.12994,1.12876,1.12954,1480.0,2025-05-01 22:00:00
1746140400,1.12954,1.12976,1.12912,1.12958,2348.0,2025-05-01 23:00:00
1746144000,1.12958,1.12993,1.12742,1.12822,7536.0,2025-05-02 00:00:00
1746147600,1.12822,1.12957,1.12786,1.12956,6972.0,2025-05-02 01:00:00
1746151200,1.12957,1.13034,1.1293,1.1294,4690.0,2025-05-02 02:00:00
1746154800,1.12941,1.13158,1.12939,1.1313,4469.0,2025-05-02 03:00:00
1746158400,1.1313,1.1314,1.13012,1.13042,6149.0,2025-05-02 04:00:00
1746162000,1.13042,1.13142,1.13023,1.13078,5080.0,2025-05-02 05:00:00
1746165600,1.13078,1.13292,1.1306,1.13258,9539.0,2025-05-02 06:00:00
1746169200,1.13259,1.1338,1.13176,1.13282,9389.0,2025-05-02 07:00:00
1746172800,1.13281,1.13349,1.13161,1.13328,9348.0,2025-05-02 08:00:00
1746176400,1.13332,1.13551,1.13254,1.13504,10175.0,2025-05-02 09:00:00
1746180000,1.13502,1.1352,1.13278,1.13312,7514.0,2025-05-02 10:00:00
1746183600,1.1331,1.13506,1.13244,1.13466,8943.0,2025-05-02 11:00:00
1746187200,1.13466,1.13474,1.13043,1.13188,24284.0,2025-05-02 12:00:00
1746190800,1.13188,1.138,1.13146,1.13728,22668.0,2025-05-02 13:00:00
1746194400,1.13727,1.13811,1.13576,1.13686,18570.0,2025-05-02 14:00:00
1746198000,1.13684,1.13684,1.13205,1.1329,13481.0,2025-05-02 15:00:00
1746201600,1.13294,1.13392,1.13172,1.13199,13569.0,2025-05-02 16:00:00
1746205200,1.132,1.13203,1.12984,1.13042,9246.0,2025-05-02 17:00:00
1746208800,1.13044,1.13087,1.12926,1.12998,7011.0,2025-05-02 18:00:00
1746212400,1.12998,1.13089,1.12998,1.13046,4292.0,2025-05-02 19:00:00
1746216000,1.13043,1.13053,1.12938,1.13005,2904.0,2025-05-02 20:00:00
1746392400,1.13062,1.13088,1.12962,1.13018,547.0,2025-05-04 21:00:00
1746396000,1.1302,1.1315,1.1298,1.1306,3699.0,2025-05-04 22:00:00
1746399600,1.13062,1.1328,1.13024,1.13213,3656.0,2025-05-04 23:00:00
1746403200,1.13214,1.13241,1.13144,1.13226,5189.0,2025-05-05 00:00:00
1746406800,1.13228,1.13401,1.13228,1.1335,8226.0,2025-05-05 01:00:00
1746410400,1.13352,1.13469,1.13318,1.13424,5407.0,2025-05-05 02:00:00
1746414000,1.13424,1.13426,1.13285,1.13323,3446.0,2025-05-05 03:00:00
1746417600,1.13324,1.13392,1.13287,1.13374,3851.0,2025-05-05 04:00:00
1746421200,1.13375,1.13476,1.13304,1.13334,7583.0,2025-05-05 05:00:00
1746424800,1.13333,1.13372,1.13182,1.13261,10033.0,2025-05-05 06:00:00
1746428400,1.1326,1.1331,1.1313,1.1313,8912.0,2025-05-05 07:00:00
1746432000,1.1313,1.13328,1.13114,1.13264,9366.0,2025-05-05 08:00:00
1746435600,1.13266,1.13443,1.13264,1.13414,9032.0,2025-05-05 09:00:00
1746439200,1.13416,1.13456,1.13329,1.13447,6874.0,2025-05-05 10:00:00
1746442800,1.13446,1.13582,1.134,1.13426,7756.0,2025-05-05 11:00:00
1746446400,1.13424,1.13634,1.13402,1.13599,11201.0,2025-05-05 12:00:00
1746450000,1.136,1.1365,1.13522,1.13545,9773.0,2025-05-05 13:00:00
1746453600,1.13532,1.13532,1.13306,1.13386,16378.0,2025-05-05 14:00:00
1746457200,1.13385,1.13413,1.13126,1.13144,9569.0,2025-05-05 15:00:00
1746460800,1.13144,1.13144,1.12992,1.13025,7254.0,2025-05-05 16:00:00
1746464400,1.13023,1.13114,1.12976,1.13002,4488.0,2025-05-05 17:00:00
1746468000,1.13,1.13155,1.12972,1.13132,4046.0,2025-05-05 18:00:00
1746471600,1.13131,1.13212,1.13109,1.13151,3860.0,2025-05-05 19:00:00
1746475200,1.1315,1.13204,1.1312,1.1315,1790.0,2025-05-05 20:00:00
1746478800,1.13146,1.13191,1.13146,1.13172,233.0,2025-05-05 21:00:00
1746482400,1.13177,1.132,1.13134,1.13146,1215.0,2025-05-05 22:00:00
1746486000,1.13148,1.13164,1.13098,1.13124,1637.0,2025-05-05 23:00:00
1746489600,1.13123,1.13125,1.12809,1.12864,6797.0,2025-05-06 00:00:00
1746493200,1.12864,1.12969,1.12798,1.12938,8536.0,2025-05-06 01:00:00
1746496800,1.12938,1.13141,1.12932,1.13072,6513.0,2025-05-06 02:00:00
1746500400,1.13074,1.13176,1.13033,1.13152,4560.0,2025-05-06 03:00:00
1746504000,1.13152,1.13276,1.13146,1.13246,3307.0,2025-05-06 04:00:00
1746507600,1.13246,1.13256,1.13134,1.13183,3650.0,2025-05-06 05:00:00
1746511200,1.13184,1.13357,1.13137,1.13262,7784.0,2025-05-06 06:00:00
1746514800,1.13262,1.13481,1.13222,1.13392,12131.0,2025-05-06 07:00:00
1746518400,1.1339,1.13497,1.13222,1.13274,13803.0,2025-05-06 08:00:00
1746522000,1.13274,1.13299,1.13054,1.13118,9435.0,2025-05-06 09:00:00
1746525600,1.13118,1.13276,1.13096,1.1326,8629.0,2025-05-06 10:00:00
1746529200,1.13258,1.13352,1.13224,1.13272,9233.0,2025-05-06 11:00:00
1746532800,1.13273,1.13438,1.13168,1.13404,9994.0,2025-05-06 12:00:00
1746536400,1.13404,1.13578,1.13262,1.13534,12108.0,2025-05-06 13:00:00
1746540000,1.13534,1.137,1.1341,1.1341,14514.0,2025-05-06 14:00:00
1746543600,1.1341,1.13501,1.13354,1.13438,9134.0,2025-05-06 15:00:00
1746547200,1.13439,1.1356,1.13308,1.13488,7987.0,2025-05-06 16:00:00
1746550800,1.1349,1.13706,1.1349,1.13645,6252.0,2025-05-06 17:00:00
1746554400,1.13644,1.13723,1.13548,1.13716,4616.0,2025-05-06 18:00:00
1746558000,1.13714,1.13813,1.13671,1.13727,3840.0,2025-05-06 19:00:00
1746561600,1.13726,1.13799,1.13658,1.13702,4775.0,2025-05-06 20:00:00
1746565200,1.13697,1.13737,1.13688,1.13726,496.0,2025-05-06 21:00:00
1746568800,1.1373,1.1375,1.1326,1.13428,8866.0,2025-05-06 22:00:00
1746572400,1.13429,1.13456,1.13331,1.13402,6863.0,2025-05-06 23:00:00
1746576000,1.13402,1.13516,1.13254,1.1341,13088.0,2025-05-07 00:00:00
1746579600,1.1341,1.1352,1.13264,1.1345,12290.0,2025-05-07 01:00:00
1746583200,1.13449,1.13496,1.13358,1.1341,8877.0,2025-05-07 02:00:00
1746586800,1.13409,1.13474,1.13368,1.1346,4936.0,2025-05-07 03:00:00
1746590400,1.13458,1.13516,1.1343,1.13439,3839.0,2025-05-07 04:00:00
1746594000,1.13438,1.13672,1.13432,1.13654,5631.0,2025-05-07 05:00:00
1746597600,1.13654,1.13784,1.13594,1.1374,8848.0,2025-05-07 06:00:00
1746601200,1.13738,1.13738,1.13551,1.13624,10513.0,2025-05-07 07:00:00
1746604800,1.13624,1.13738,1.13541,1.13584,9608.0,2025-05-07 08:00:00
1746608400,1.13583,1.13618,1.13472,1.13569,8146.0,2025-05-07 09:00:00
1746612000,1.13568,1.1367,1.1356,1.13655,6101.0,2025-05-07 10:00:00
1746615600,1.13657,1.13729,1.13562,1.13576,6890.0,2025-05-07 11:00:00
1746619200,1.13574,1.13668,1.13558,1.13591,8651.0,2025-05-07 12:00:00
1746622800,1.1359,1.13682,1.13531,1.13668,9243.0,2025-05-07 13:00:00
1746626400,1.13666,1.1371,1.13545,1.13672,9090.0,2025-05-07 14:00:00
1746630000,1.13671,1.13697,1.13416,1.13472,9120.0,2025-05-07 15:00:00
1746633600,1.13472,1.13543,1.1337,1.13489,5907.0,2025-05-07 16:00:00
1746637200,1.1349,1.13497,1.13348,1.13421,5400.0,2025-05-07 17:00:00
1746640800,1.13425,1.13655,1.13202,1.1334,24820.0,2025-05-07 18:00:00
1746644400,1.13339,1.13346,1.13008,1.13068,19209.0,2025-05-07 19:00:00
1746648000,1.13069,1.13085,1.12919,1.13023,4872.0,2025-05-07 20:00:00
1746651600,1.13082,1.13156,1.13065,1.13139,499.0,2025-05-07 21:00:00
1746655200,1.13146,1.13146,1.13,1.13014,2342.0,2025-05-07 22:00:00
1746658800,1.13014,1.13104,1.13014,1.1303,2455.0,2025-05-07 23:00:00
1746662400,1.13034,1.13226,1.13022,1.13103,6904.0,2025-05-08 00:00:00
1746666000,1.13102,1.1333,1.13081,1.13318,10723.0,2025-05-08 01:00:00
1746669600,1.13317,1.13356,1.13226,1.13227,6922.0,2025-05-08 02:00:00
1746673200,1.13228,1.13364,1.13226,1.13275,4997.0,2025-05-08 03:00:00
1746676800,1.13274,1.1331,1.13179,1.13182,3270.0,2025-05-08 04:00:00
1746680400,1.13182,1.13186,1.12968,1.13038,7883.0,2025-05-08 05:00:00
1746684000,1.13038,1.13078,1.12767,1.12824,12339.0,2025-05-08 06:00:00
1746687600,1.12824,1.12978,1.12702,1.12974,11947.0,2025-05-08 07:00:00
1746691200,1.12974,1.13032,1.12836,1.12879,10364.0,2025-05-08 08:00:00
1746694800,1.1288,1.12981,1.1283,1.12848,7807.0,2025-05-08 09:00:00
1746698400,1.12848,1.12997,1.12752,1.12876,7328.0,2025-05-08 10:00:00
1746702000,1.12877,1.1305,1.12852,1.1296,10422.0,2025-05-08 11:00:00
1746705600,1.1296,1.13204,1.1293,1.12996,13402.0,2025-05-08 12:00:00
1746709200,1.12998,1.13118,1.12954,1.13062,13086.0,2025-05-08 13:00:00
1746712800,1.13062,1.13164,1.12759,1.12783,16309.0,2025-05-08 14:00:00
1746716400,1.12785,1.12898,1.12343,1.1248,21561.0,2025-05-08 15:00:00
1746720000,1.1248,1.12495,1.12207,1.12262,14421.0,2025-05-08 16:00:00
1746723600,1.12261,1.12299,1.12126,1.12268,8225.0,2025-05-08 17:00:00
1746727200,1.12268,1.12308,1.12196,1.12246,5236.0,2025-05-08 18:00:00
1746730800,1.12244,1.12284,1.1212,1.12262,5717.0,2025-05-08 19:00:00
1746734400,1.12263,1.123,1.122,1.1229,3231.0,2025-05-08 20:00:00
1746738000,1.12252,1.12274,1.12239,1.12274,262.0,2025-05-08 21:00:00
1746741600,1.12272,1.1233,1.12262,1.1232,1326.0,2025-05-08 22:00:00
1746745200,1.12322,1.12326,1.12222,1.12271,2717.0,2025-05-08 23:00:00
1746748800,1.1227,1.12334,1.1213,1.12268,7265.0,2025-05-09 00:00:00
1746752400,1.12267,1.12292,1.12107,1.12122,7315.0,2025-05-09 01:00:00
1746756000,1.12122,1.12194,1.11967,1.12184,7441.0,2025-05-09 02:00:00
1746759600,1.12184,1.12278,1.12184,1.12228,6947.0,2025-05-09 03:00:00
1746763200,1.12229,1.123,1.12229,1.1228,4497.0,2025-05-09 04:00:00
1746766800,1.12279,1.12368,1.12186,1.1236,5173.0,2025-05-09 05:00:00
1746770400,1.1236,1.12476,1.12322,1.12404,7446.0,2025-05-09 06:00:00
1746774000,1.12405,1.12585,1.1237,1.12514,9781.0,2025-05-09 07:00:00
1746777600,1.12515,1.12592,1.12421,1.12566,7567.0,2025-05-09 08:00:00
1746781200,1.12564,1.12598,1.1245,1.12463,6064.0,2025-05-09 09:00:00
1746784800,1.12464,1.12514,1.12423,1.12457,6205.0,2025-05-09 10:00:00
1746788400,1.12456,1.12608,1.12435,1.12544,9539.0,2025-05-09 11:00:00
1746792000,1.12546,1.12569,1.12471,1.12541,7384.0,2025-05-09 12:00:00
1746795600,1.1254,1.12684,1.12531,1.12586,8333.0,2025-05-09 13:00:00
1746799200,1.12584,1.1293,1.12558,1.12678,12442.0,2025-05-09 14:00:00
1746802800,1.12677,1.12732,1.12602,1.12697,8959.0,2025-05-09 15:00:00
1746806400,1.12696,1.12755,1.12574,1.12586,5862.0,2025-05-09 16:00:00
1746810000,1.12584,1.12652,1.12529,1.12622,3534.0,2025-05-09 17:00:00
1746813600,1.1262,1.12664,1.12545,1.1259,2973.0,2025-05-09 18:00:00
1746817200,1.12589,1.126,1.12485,1.12574,2275.0,2025-05-09 19:00:00
1746820800,1.1257,1.12578,1.1247,1.12486,2444.0,2025-05-09 20:00:00
1746997200,1.12019,1.12241,1.11925,1.12138,863.0,2025-05-11 21:00:00
1747000800,1.12124,1.12318,1.12106,1.12254,4120.0,2025-05-11 22:00:00
1747004400,1.12254,1.12366,1.12231,1.1228,4416.0,2025-05-11 23:00:00
1747008000,1.1228,1.12394,1.12251,1.12387,8533.0,2025-05-12 00:00:00
1747011600,1.12386,1.12428,1.12224,1.1226,10256.0,2025-05-12 01:00:00
1747015200,1.12261,1.12382,1.12252,1.12284,6344.0,2025-05-12 02:00:00
1747018800,1.12283,1.12343,1.12251,1.12329,4999.0,2025-05-12 03:00:00
1747022400,1.12328,1.12348,1.12262,1.12275,3468.0,2025-05-12 04:00:00
1747026000,1.12276,1.123,1.12136,1.12223,5303.0,2025-05-12 05:00:00
1747029600,1.12224,1.12359,1.12162,1.12182,8924.0,2025-05-12 06:00:00
1747033200,1.12181,1.12189,1.10976,1.11052,41342.0,2025-05-12 07:00:00
1747036800,1.1105,1.11454,1.10823,1.11376,23513.0,2025-05-12 08:00:00
1747040400,1.11375,1.11418,1.11147,1.11186,13353.0,2025-05-12 09:00:00
1747044000,1.11186,1.11186,1.1072,1.10797,17045.0,2025-05-12 10:00:00
1747047600,1.10796,1.11179,1.1077,1.11113,16146.0,2025-05-12 11:00:00
1747051200,1.11112,1.11267,1.11007,1.11134,13288.0,2025-05-12 12:00:00
1747054800,1.11135,1.11347,1.111,1.11189,14991.0,2025-05-12 13:00:00
1747058400,1.11186,1.11344,1.11074,1.11115,18612.0,2025-05-12 14:00:00
1747062000,1.11116,1.1124,1.11003,1.11053,10268.0,2025-05-12 15:00:00
1747065600,1.11053,1.11112,1.10838,1.10846,7794.0,2025-05-12 16:00:00
1747069200,1.10848,1.10886,1.10726,1.10792,5951.0,2025-05-12 17:00:00
1747072800,1.10792,1.10914,1.10654,1.10895,6239.0,2025-05-12 18:00:00
1747076400,1.10894,1.10968,1.10823,1.10924,4605.0,2025-05-12 19:00:00
1747080000,1.10924,1.10948,1.10858,1.10876,2818.0,2025-05-12 20:00:00
1747083600,1.10918,1.10924,1.10876,1.109,494.0,2025-05-12 21:00:00
1747087200,1.10912,1.1095,1.1089,1.10936,2253.0,2025-05-12 22:00:00
1747090800,1.10939,1.11,1.10895,1.10956,3032.0,2025-05-12 23:00:00
1747094400,1.10958,1.11066,1.10951,1.11044,7432.0,2025-05-13 00:00:00
1747098000,1.11048,1.11094,1.10997,1.11067,9317.0,2025-05-13 01:00:00
1747101600,1.11066,1.11114,1.10994,1.1103,5463.0,2025-05-13 02:00:00
1747105200,1.11028,1.11171,1.10991,1.11164,4323.0,2025-05-13 03:00:00
1747108800,1.11166,1.11174,1.1109,1.1117,3846.0,2025-05-13 04:00:00
1747112400,1.1117,1.11197,1.1109,1.11104,5081.0,2025-05-13 05:00:00
1747116000,1.11104,1.11186,1.11016,1.11116,9280.0,2025-05-13 06:00:00
1747119600,1.11115,1.11246,1.11029,1.11159,11582.0,2025-05-13 07:00:00
1747123200,1.11161,1.11178,1.1103,1.1112,9297.0,2025-05-13 08:00:00
1747126800,1.1112,1.11154,1.11026,1.1107,7670.0,2025-05-13 09:00:00
1747130400,1.1107,1.11097,1.10972,1.1105,7002.0,2025-05-13 10:00:00
1747134000,1.11048,1.11124,1.11034,1.11071,5673.0,2025-05-13 11:00:00
1747137600,1.11073,1.11314,1.11068,1.11306,13495.0,2025-05-13 12:00:00
1747141200,1.11308,1.11488,1.11275,1.11356,15943.0,2025-05-13 13:00:00
1747144800,1.11355,1.11644,1.11302,1.11614,16191.0,2025-05-13 14:00:00
1747148400,1.11615,1.11778,1.11568,1.11751,11154.0,2025-05-13 15:00:00
1747152000,1.11752,1.1183,1.11646,1.11759,6344.0,2025-05-13 16:00:00
1747155600,1.11761,1.11798,1.11678,1.11772,4475.0,2025-05-13 17:00:00
1747159200,1.1177,1.11861,1.11754,1.11852,4206.0,2025-05-13 18:00:00
1747162800,1.11852,1.11918,1.11829,1.11899,3152.0,2025-05-13 19:00:00
1747166400,1.119,1.11949,1.11839,1.11848,1928.0,2025-05-13 20:00:00
1747170000,1.11866,1.11884,1.11842,1.1187,461.0,2025-05-13 21:00:00
1747173600,1.11871,1.11975,1.11871,1.11975,1732.0,2025-05-13 22:00:00
1747177200,1.11973,1.11975,1.11848,1.11859,3083.0,2025-05-13 23:00:00
1747180800,1.1186,1.11969,1.11823,1.11924,6541.0,2025-05-14 00:00:00
1747184400,1.11923,1.1198,1.11838,1.11886,9075.0,2025-05-14 01:00:00
1747188000,1.11886,1.11928,1.1183,1.11888,6298.0,2025-05-14 02:00:00
1747191600,1.1189,1.11964,1.11844,1.11956,4513.0,2025-05-14 03:00:00
1747195200,1.11958,1.12012,1.1188,1.11888,4696.0,2025-05-14 04:00:00
1747198800,1.11888,1.11926,1.11848,1.11866,4927.0,2025-05-14 05:00:00
1747202400,1.11866,1.11984,1.11802,1.1188,8535.0,2025-05-14 06:00:00
1747206000,1.11882,1.12167,1.11814,1.12152,11362.0,2025-05-14 07:00:00
1747209600,1.12152,1.12522,1.12126,1.12387,20873.0,2025-05-14 08:00:00
1747213200,1.12388,1.1266,1.12312,1.12524,15332.0,2025-05-14 09:00:00
1747216800,1.12522,1.1253,1.12274,1.1231,8868.0,2025-05-14 10:00:00
1747220400,1.1231,1.1235,1.12133,1.12176,8636.0,2025-05-14 11:00:00
1747224000,1.12176,1.12357,1.12095,1.12255,12427.0,2025-05-14 12:00:00
1747227600,1.12254,1.1235,1.12102,1.12202,13931.0,2025-05-14 13:00:00
1747231200,1.122,1.12238,1.12026,1.1212,14597.0,2025-05-14 14:00:00
1747234800,1.12119,1.1215,1.11976,1.12052,10918.0,2025-05-14 15:00:00
1747238400,1.12053,1.12133,1.11757,1.11891,12947.0,2025-05-14 16:00:00
1747242000,1.1189,1.11969,1.11813,1.11894,6549.0,2025-05-14 17:00:00
1747245600,1.11894,1.11898,1.11716,1.11784,6323.0,2025-05-14 18:00:00
1747249200,1.11782,1.11782,1.11656,1.11676,4719.0,2025-05-14 19:00:00
1747252800,1.11677,1.11758,1.11646,1.1173,2291.0,2025-05-14 20:00:00
1747256400,1.11799,1.11802,1.11742,1.11777,335.0,2025-05-14 21:00:00
1747260000,1.11776,1.11845,1.11772,1.11828,1422.0,2025-05-14 22:00:00
1747263600,1.11828,1.11882,1.11804,1.11816,3016.0,2025-05-14 23:00:00
1747267200,1.11814,1.11946,1.1176,1.11917,6062.0,2025-05-15 00:00:00
1747270800,1.11916,1.11998,1.11908,1.11934,6956.0,2025-05-15 01:00:00
1747274400,1.11935,1.11964,1.1189,1.11948,4638.0,2025-05-15 02:00:00
1747278000,1.11949,1.12016,1.11925,1.11968,4435.0,2025-05-15 03:00:00
1747281600,1.11968,1.11999,1.11918,1.1193,3065.0,2025-05-15 04:00:00
1747285200,1.1193,1.11993,1.11855,1.11934,4899.0,2025-05-15 05:00:00
1747288800,1.11936,1.12283,1.11896,1.12272,8666.0,2025-05-15 06:00:00
1747292400,1.12272,1.1228,1.11917,1.11974,11130.0,2025-05-15 07:00:00
1747296000,1.11974,1.12116,1.11924,1.12102,8140.0,2025-05-15 08:00:00
1747299600,1.12102,1.12132,1.12008,1.12024,6248.0,2025-05-15 09:00:00
1747303200,1.12024,1.12115,1.11982,1.12003,6182.0,2025-05-15 10:00:00
1747306800,1.12002,1.12032,1.11794,1.1183,7856.0,2025-05-15 11:00:00
1747310400,1.1183,1.12142,1.1182,1.121,15038.0,2025-05-15 12:00:00
1747314000,1.12102,1.12239,1.11951,1.12008,15352.0,2025-05-15 13:00:00
1747317600,1.12008,1.12109,1.11757,1.11864,13904.0,2025-05-15 14:00:00
1747321200,1.11865,1.11968,1.1173,1.11882,9756.0,2025-05-15 15:00:00
1747324800,1.11883,1.11908,1.11727,1.11808,5746.0,2025-05-15 16:00:00
1747328400,1.1181,1.11892,1.11703,1.11713,5615.0,2025-05-15 17:00:00
1747332000,1.11714,1.11797,1.1171,1.1177,3906.0,2025-05-15 18:00:00
1747335600,1.11772,1.11864,1.11728,1.11838,3724.0,2025-05-15 19:00:00
1747339200,1.11838,1.11878,1.11825,1.11863,1987.0,2025-05-15 20:00:00
1747342800,1.11904,1.11904,1.11827,1.11886,607.0,2025-05-15 21:00:00
1747346400,1.11888,1.11932,1.11854,1.11921,2138.0,2025-05-15 22:00:00
1747350000,1.11922,1.11941,1.11898,1.11922,2477.0,2025-05-15 23:00:00
1747353600,1.11921,1.12084,1.11907,1.12049,8106.0,2025-05-16 00:00:00
1747357200,1.1205,1.12088,1.11984,1.12034,5816.0,2025-05-16 01:00:00
1747360800,1.12034,1.12086,1.11995,1.12022,5085.0,2025-05-16 02:00:00
1747364400,1.12024,1.12059,1.1199,1.12006,4129.0,2025-05-16 03:00:00
1747368000,1.12006,1.12044,1.11964,1.12034,3357.0,2025-05-16 04:00:00
1747371600,1.12034,1.12189,1.12012,1.12158,4475.0,2025-05-16 05:00:00
1747375200,1.12158,1.12196,1.12072,1.12123,6950.0,2025-05-16 06:00:00
1747378800,1.12124,1.12173,1.12063,1.12088,9007.0,2025-05-16 07:00:00
1747382400,1.12088,1.12093,1.11972,1.11992,7752.0,2025-05-16 08:00:00
1747386000,1.1199,1.1209,1.11917,1.11946,6784.0,2025-05-16 09:00:00
1747389600,1.11944,1.12002,1.11882,1.12,6573.0,2025-05-16 10:00:00
1747393200,1.11999,1.12082,1.11903,1.11944,6713.0,2025-05-16 11:00:00
1747396800,1.11944,1.11991,1.11909,1.11972,7332.0,2025-05-16 12:00:00
1747400400,1.11973,1.1206,1.11882,1.12006,8671.0,2025-05-16 13:00:00
1747404000,1.12008,1.12025,1.11518,1.11547,17307.0,2025-05-16 14:00:00
1747407600,1.11546,1.11588,1.11402,1.11402,8313.0,2025-05-16 15:00:00
1747411200,1.11402,1.11477,1.11311,1.11451,6972.0,2025-05-16 16:00:00
1747414800,1.11452,1.1148,1.11396,1.1145,4088.0,2025-05-16 17:00:00
1747418400,1.1145,1.11553,1.11433,1.11526,4087.0,2025-05-16 18:00:00
1747422000,1.11526,1.11587,1.1148,1.11493,3934.0,2025-05-16 19:00:00
1747425600,1.1149,1.11675,1.11452,1.11654,4232.0,2025-05-16 20:00:00
1747602000,1.11788,1.1185,1.11728,1.11747,793.0,2025-05-18 21:00:00
1747605600,1.11739,1.11941,1.11714,1.11904,3490.0,2025-05-18 22:00:00
1747609200,1.11905,1.11941,1.1182,1.11889,4248.0,2025-05-18 23:00:00
1747612800,1.1189,1.11987,1.11802,1.11975,9850.0,2025-05-19 00:00:00
1747616400,1.11975,1.11992,1.11732,1.11762,8192.0,2025-05-19 01:00:00
1747620000,1.11762,1.11884,1.11724,1.11823,7106.0,2025-05-19 02:00:00
1747623600,1.11822,1.11856,1.11787,1.11812,4474.0,2025-05-19 03:00:00
1747627200,1.11812,1.11876,1.11771,1.1184,3741.0,2025-05-19 04:00:00
1747630800,1.1184,1.11883,1.11763,1.11851,4722.0,2025-05-19 05:00:00
1747634400,1.11852,1.12124,1.1182,1.12092,9874.0,2025-05-19 06:00:00
1747638000,1.12092,1.12452,1.12056,1.12382,13993.0,2025-05-19 07:00:00
1747641600,1.12385,1.12593,1.12359,1.12573,11439.0,2025-05-19 08:00:00
1747645200,1.12575,1.12808,1.12551,1.12799,12952.0,2025-05-19 09:00:00
1747648800,1.128,1.12884,1.12689,1.12784,10899.0,2025-05-19 10:00:00
1747652400,1.12782,1.12801,1.1262,1.12731,8920.0,2025-05-19 11:00:00
1747656000,1.1273,1.12736,1.12566,1.1257,9492.0,2025-05-19 12:00:00
1747659600,1.1257,1.12654,1.1247,1.12515,14042.0,2025-05-19 13:00:00
1747663200,1.12516,1.12582,1.12416,1.12537,11945.0,2025-05-19 14:00:00
1747666800,1.12538,1.12598,1.12336,1.12363,8841.0,2025-05-19 15:00:00
1747670400,1.12362,1.12398,1.12291,1.12354,6754.0,2025-05-19 16:00:00
1747674000,1.12354,1.1239,1.1224,1.12303,5180.0,2025-05-19 17:00:00
1747677600,1.12302,1.12368,1.12247,1.12349,4251.0,2025-05-19 18:00:00
1747681200,1.1235,1.1242,1.1233,1.12402,2368.0,2025-05-19 19:00:00
1747684800,1.124,1.1245,1.12392,1.1242,2554.0,2025-05-19 20:00:00
1747688400,1.1241,1.12446,1.12406,1.12436,473.0,2025-05-19 21:00:00
1747692000,1.12436,1.12442,1.12352,1.12355,1443.0,2025-05-19 22:00:00
1747695600,1.12356,1.12365,1.12317,1.12325,1738.0,2025-05-19 23:00:00
1747699200,1.12323,1.12324,1.1218,1.1228,5650.0,2025-05-20 00:00:00
1747702800,1.12284,1.12516,1.12284,1.12385,7530.0,2025-05-20 01:00:00
1747706400,1.12386,1.12464,1.12261,1.1232,5064.0,2025-05-20 02:00:00
1747710000,1.12318,1.12474,1.12294,1.1245,5038.0,2025-05-20 03:00:00
1747713600,1.12449,1.1251,1.12404,1.12424,4724.0,2025-05-20 04:00:00
1747717200,1.12421,1.12588,1.12418,1.12546,8622.0,2025-05-20 05:00:00
1747720800,1.12546,1.12626,1.12508,1.12577,9027.0,2025-05-20 06:00:00
1747724400,1.12574,1.12779,1.12532,1.12763,11097.0,2025-05-20 07:00:00
1747728000,1.12762,1.12763,1.12476,1.12585,8715.0,2025-05-20 08:00:00
1747731600,1.12587,1.12674,1.125,1.12554,7396.0,2025-05-20 09:00:00
1747735200,1.12554,1.12579,1.12432,1.12445,5886.0,2025-05-20 10:00:00
1747738800,1.12447,1.12518,1.12436,1.12461,6210.0,2025-05-20 11:00:00
1747742400,1.12459,1.12473,1.12236,1.12344,8861.0,2025-05-20 12:00:00
1747746000,1.12344,1.12497,1.12246,1.12461,11267.0,2025-05-20 13:00:00
1747749600,1.12459,1.12693,1.12457,1.12686,14895.0,2025-05-20 14:00:00
1747753200,1.12687,1.127,1.12495,1.12531,7871.0,2025-05-20 15:00:00
1747756800,1.12532,1.1258,1.12452,1.12569,5531.0,2025-05-20 16:00:00
1747760400,1.12568,1.12776,1.12549,1.12738,5442.0,2025-05-20 17:00:00
1747764000,1.12739,1.12804,1.12713,1.12725,5939.0,2025-05-20 18:00:00
1747767600,1.12726,1.12826,1.1272,1.12805,2851.0,2025-05-20 19:00:00
1747771200,1.12808,1.1286,1.12782,1.12837,2022.0,2025-05-20 20:00:00
1747774800,1.12828,1.12844,1.12809,1.12828,647.0,2025-05-20 21:00:00
1747778400,1.12826,1.12875,1.12804,1.1281,2335.0,2025-05-20 22:00:00
1747782000,1.12812,1.12902,1.12807,1.12883,2317.0,2025-05-20 23:00:00
1747785600,1.12884,1.13016,1.12878,1.12956,6293.0,2025-05-21 00:00:00
1747789200,1.12956,1.13028,1.1287,1.12984,6102.0,2025-05-21 01:00:00
1747792800,1.12982,1.13262,1.12972,1.13218,8769.0,2025-05-21 02:00:00
1747796400,1.13216,1.134,1.1319,1.13342,6191.0,2025-05-21 03:00:00
1747800000,1.1334,1.13368,1.13256,1.1329,4437.0,2025-05-21 04:00:00
1747803600,1.1329,1.1338,1.13266,1.1332,6355.0,2025-05-21 05:00:00
1747807200,1.13317,1.13533,1.1322,1.13328,13346.0,2025-05-21 06:00:00
1747810800,1.13328,1.13342,1.13142,1.13235,11667.0,2025-05-21 07:00:00
1747814400,1.13234,1.1334,1.13122,1.13228,8534.0,2025-05-21 08:00:00
1747818000,1.1323,1.1335,1.13148,1.13348,7036.0,2025-05-21 09:00:00
1747821600,1.13349,1.13622,1.13316,1.13388,11129.0,2025-05-21 10:00:00
1747825200,1.13388,1.13448,1.1319,1.13239,8202.0,2025-05-21 11:00:00
1747828800,1.13243,1.1335,1.13174,1.13349,11126.0,2025-05-21 12:00:00
1747832400,1.13348,1.13392,1.13232,1.13369,12720.0,2025-05-21 13:00:00
1747836000,1.13368,1.13546,1.13325,1.13408,14308.0,2025-05-21 14:00:00
1747839600,1.13408,1.13487,1.13326,1.13428,9764.0,2025-05-21 15:00:00
1747843200,1.13427,1.13524,1.1339,1.13405,5536.0,2025-05-21 16:00:00
1747846800,1.13406,1.13629,1.13376,1.13482,12008.0,2025-05-21 17:00:00
1747850400,1.13482,1.13489,1.13316,1.13334,6575.0,2025-05-21 18:00:00
1747854000,1.13332,1.13394,1.13184,1.1319,6271.0,2025-05-21 19:00:00
1747857600,1.13189,1.1332,1.13156,1.13312,2738.0,2025-05-21 20:00:00
1747861200,1.13299,1.13306,1.13287,1.13292,383.0,2025-05-21 21:00:00
1747864800,1.13292,1.13308,1.13154,1.13154,3745.0,2025-05-21 22:00:00
1747868400,1.13154,1.13326,1.1311,1.13322,3813.0,2025-05-21 23:00:00
1747872000,1.13323,1.13438,1.13262,1.13274,11421.0,2025-05-22 00:00:00
1747875600,1.13274,1.13408,1.13173,1.13378,9443.0,2025-05-22 01:00:00
1747879200,1.13376,1.1345,1.13284,1.1339,7743.0,2025-05-22 02:00:00
1747882800,1.1339,1.13423,1.13308,1.13332,5424.0,2025-05-22 03:00:00
1747886400,1.13332,1.13345,1.13248,1.13332,4292.0,2025-05-22 04:00:00
1747890000,1.13332,1.13356,1.1325,1.13336,5715.0,2025-05-22 05:00:00
1747893600,1.13337,1.13422,1.13173,1.13226,11447.0,2025-05-22 06:00:00
1747897200,1.13224,1.13248,1.12954,1.13214,15442.0,2025-05-22 07:00:00
1747900800,1.13213,1.1335,1.13013,1.13018,13787.0,2025-05-22 08:00:00
1747904400,1.13016,1.13035,1.12909,1.12945,10820.0,2025-05-22 09:00:00
1747908000,1.12944,1.12997,1.12903,1.12922,7552.0,2025-05-22 10:00:00
1747911600,1.12922,1.13131,1.12919,1.13088,9483.0,2025-05-22 11:00:00
1747915200,1.13088,1.1315,1.12849,1.12951,13274.0,2025-05-22 12:00:00
1747918800,1.12952,1.1309,1.12817,1.12832,14806.0,2025-05-22 13:00:00
1747922400,1.12834,1.1298,1.12748,1.12772,15059.0,2025-05-22 14:00:00
1747926000,1.12773,1.12885,1.12659,1.12803,11094.0,2025-05-22 15:00:00
1747929600,1.12805,1.1288,1.12684,1.12696,6898.0,2025-05-22 16:00:00
1747933200,1.12694,1.12708,1.12556,1.1268,6686.0,2025-05-22 17:00:00
1747936800,1.12682,1.12812,1.12674,1.1278,4109.0,2025-05-22 18:00:00
1747940400,1.12781,1.12859,1.1278,1.12787,2950.0,2025-05-22 19:00:00
1747944000,1.12788,1.12836,1.12776,1.12804,2241.0,2025-05-22 20:00:00
1747947600,1.12807,1.12822,1.12797,1.12812,320.0,2025-05-22 21:00:00
1747951200,1.12816,1.12874,1.1281,1.12864,1604.0,2025-05-22 22:00:00
1747954800,1.12867,1.12893,1.12812,1.12822,1895.0,2025-05-22 23:00:00
1747958400,1.12823,1.13001,1.1279,1.1297,6734.0,2025-05-23 00:00:00
1747962000,1.12972,1.13189,1.1295,1.1314,7000.0,2025-05-23 01:00:00
1747965600,1.13143,1.13178,1.13083,1.1315,4016.0,2025-05-23 02:00:00
1747969200,1.1315,1.13175,1.13112,1.13116,3137.0,2025-05-23 03:00:00
1747972800,1.13116,1.1321,1.13079,1.1318,3412.0,2025-05-23 04:00:00
1747976400,1.13177,1.13258,1.13082,1.13226,4170.0,2025-05-23 05:00:00
1747980000,1.13223,1.13268,1.13102,1.13122,7772.0,2025-05-23 06:00:00
1747983600,1.13124,1.13441,1.13094,1.13396,9446.0,2025-05-23 07:00:00
1747987200,1.13394,1.13448,1.13328,1.1342,6800.0,2025-05-23 08:00:00
1747990800,1.1342,1.13542,1.13383,1.13492,7493.0,2025-05-23 09:00:00
1747994400,1.13494,1.13578,1.13444,1.13488,6931.0,2025-05-23 10:00:00
1747998000,1.13489,1.13759,1.12982,1.13216,29152.0,2025-05-23 11:00:00
1748001600,1.13218,1.13504,1.12975,1.13335,27397.0,2025-05-23 12:00:00
1748005200,1.13336,1.1338,1.13132,1.13149,16794.0,2025-05-23 13:00:00
1748008800,1.13148,1.13462,1.13109,1.13451,13441.0,2025-05-23 14:00:00
1748012400,1.1345,1.13596,1.13316,1.13496,9743.0,2025-05-23 15:00:00
1748016000,1.13496,1.13598,1.13411,1.13584,7536.0,2025-05-23 16:00:00
1748019600,1.13583,1.13674,1.13518,1.13607,4892.0,2025-05-23 17:00:00
1748023200,1.13606,1.13694,1.13556,1.13596,5529.0,2025-05-23 18:00:00
1748026800,1.13598,1.13658,1.13554,1.13636,3689.0,2025-05-23 19:00:00
1748030400,1.13636,1.13684,1.13581,1.13649,3547.0,2025-05-23 20:00:00
1748206800,1.13672,1.13686,1.13627,1.13684,432.0,2025-05-25 21:00:00
1748210400,1.13682,1.13797,1.13624,1.13742,6805.0,2025-05-25 22:00:00
1748214000,1.13743,1.1382,1.137,1.1375,4413.0,2025-05-25 23:00:00
1748217600,1.13748,1.13978,1.13747,1.1397,8283.0,2025-05-26 00:00:00
1748221200,1.1397,1.1416,1.13882,1.14126,8571.0,2025-05-26 01:00:00
1748224800,1.14124,1.14189,1.14082,1.14096,7112.0,2025-05-26 02:00:00
1748228400,1.14095,1.14127,1.14051,1.14116,4957.0,2025-05-26 03:00:00
1748232000,1.14116,1.14132,1.1403,1.14094,3822.0,2025-05-26 04:00:00
1748235600,1.14094,1.14186,1.14003,1.14169,5264.0,2025-05-26 05:00:00
1748239200,1.14168,1.14187,1.1408,1.1409,8550.0,2025-05-26 06:00:00
1748242800,1.14089,1.14126,1.13884,1.1389,9606.0,2025-05-26 07:00:00
1748246400,1.13893,1.13955,1.1383,1.13848,6750.0,2025-05-26 08:00:00
1748250000,1.13847,1.13858,1.1376,1.13792,5165.0,2025-05-26 09:00:00
1748253600,1.13792,1.13864,1.13762,1.13842,4677.0,2025-05-26 10:00:00
1748257200,1.13843,1.1387,1.13742,1.13771,4087.0,2025-05-26 11:00:00
1748260800,1.1377,1.13824,1.13689,1.13753,5016.0,2025-05-26 12:00:00
1748264400,1.13752,1.13838,1.13732,1.13818,4540.0,2025-05-26 13:00:00
1748268000,1.13818,1.13851,1.13767,1.13844,4661.0,2025-05-26 14:00:00
1748271600,1.13846,1.13854,1.13772,1.13814,3350.0,2025-05-26 15:00:00
1748275200,1.13813,1.13834,1.1376,1.13834,1905.0,2025-05-26 16:00:00
1748278800,1.13835,1.1384,1.13786,1.13808,955.0,2025-05-26 17:00:00
1748282400,1.13806,1.13834,1.138,1.13808,903.0,2025-05-26 18:00:00
1748286000,1.13808,1.13858,1.13804,1.13854,463.0,2025-05-26 19:00:00
1748289600,1.13854,1.13885,1.1384,1.13878,1146.0,2025-05-26 20:00:00
1748293200,1.13856,1.13876,1.13844,1.13867,492.0,2025-05-26 21:00:00
1748296800,1.13862,1.13948,1.13854,1.13904,1649.0,2025-05-26 22:00:00
1748300400,1.13902,1.13914,1.1387,1.13887,1905.0,2025-05-26 23:00:00
1748304000,1.13888,1.1403,1.1388,1.14001,5642.0,2025-05-27 00:00:00
1748307600,1.14,1.14075,1.13912,1.13952,6065.0,2025-05-27 01:00:00
1748311200,1.13953,1.14032,1.13908,1.13928,4244.0,2025-05-27 02:00:00
1748314800,1.13928,1.14012,1.13903,1.13936,3252.0,2025-05-27 03:00:00
1748318400,1.13936,1.13978,1.13776,1.13782,4599.0,2025-05-27 04:00:00
1748322000,1.13785,1.13793,1.1367,1.13787,8665.0,2025-05-27 05:00:00
1748325600,1.13787,1.1393,1.13642,1.13651,10434.0,2025-05-27 06:00:00
1748329200,1.1365,1.13712,1.13371,1.1341,13897.0,2025-05-27 07:00:00
1748332800,1.13412,1.13578,1.13388,1.13488,9660.0,2025-05-27 08:00:00
1748336400,1.13486,1.1358,1.13447,1.13486,9725.0,2025-05-27 09:00:00
1748340000,1.13486,1.13521,1.13406,1.13439,8823.0,2025-05-27 10:00:00
1748343600,1.13438,1.13544,1.13412,1.13512,7689.0,2025-05-27 11:00:00
1748347200,1.13513,1.1368,1.13508,1.13668,8942.0,2025-05-27 12:00:00
1748350800,1.13668,1.13756,1.13555,1.13586,10581.0,2025-05-27 13:00:00
1748354400,1.13584,1.13614,1.1338,1.13412,14579.0,2025-05-27 14:00:00
1748358000,1.13414,1.13414,1.13233,1.13254,9269.0,2025-05-27 15:00:00
1748361600,1.13255,1.13355,1.13234,1.13318,5700.0,2025-05-27 16:00:00
1748365200,1.13318,1.13371,1.13304,1.13329,4203.0,2025-05-27 17:00:00
1748368800,1.13328,1.13388,1.13286,1.13373,3950.0,2025-05-27 18:00:00
1748372400,1.13372,1.13388,1.133,1.1331,3164.0,2025-05-27 19:00:00
1748376000,1.13308,1.13328,1.13266,1.13282,2986.0,2025-05-27 20:00:00
1748379600,1.13326,1.13334,1.13275,1.13321,961.0,2025-05-27 21:00:00
1748383200,1.13324,1.13372,1.13285,1.13367,863.0,2025-05-27 22:00:00
1748386800,1.13368,1.13382,1.13314,1.13368,2083.0,2025-05-27 23:00:00
1748390400,1.13371,1.13452,1.13341,1.13346,4760.0,2025-05-28 00:00:00
1748394000,1.13344,1.1339,1.13152,1.13175,9015.0,2025-05-28 01:00:00
1748397600,1.13174,1.13255,1.13008,1.13056,7760.0,2025-05-28 02:00:00
1748401200,1.13058,1.13132,1.13006,1.13075,6964.0,2025-05-28 03:00:00
1748404800,1.13074,1.13106,1.13028,1.13062,4624.0,2025-05-28 04:00:00
1748408400,1.13063,1.13149,1.12955,1.13148,6341.0,2025-05-28 05:00:00
1748412000,1.13147,1.1317,1.13037,1.13044,9415.0,2025-05-28 06:00:00
1748415600,1.13046,1.13312,1.1303,1.13268,9746.0,2025-05-28 07:00:00
1748419200,1.13273,1.13344,1.13182,1.13322,7955.0,2025-05-28 08:00:00
1748422800,1.13322,1.13407,1.13281,1.13335,7301.0,2025-05-28 09:00:00
1748426400,1.13336,1.13408,1.13242,1.13258,7065.0,2025-05-28 10:00:00
1748430000,1.13256,1.13287,1.13165,1.13178,7730.0,2025-05-28 11:00:00
1748433600,1.13178,1.13245,1.13076,1.13112,9171.0,2025-05-28 12:00:00
1748437200,1.13112,1.13138,1.1297,1.13088,13676.0,2025-05-28 13:00:00
1748440800,1.13089,1.1325,1.1301,1.13024,16558.0,2025-05-28 14:00:00
1748444400,1.13023,1.13088,1.12839,1.12846,10547.0,2025-05-28 15:00:00
1748448000,1.12847,1.12968,1.12842,1.1294,5898.0,2025-05-28 16:00:00
1748451600,1.12939,1.1301,1.12908,1.12916,5426.0,2025-05-28 17:00:00
1748455200,1.12922,1.12982,1.12844,1.12937,5232.0,2025-05-28 18:00:00
1748458800,1.12936,1.12958,1.12878,1.12896,3703.0,2025-05-28 19:00:00
1748462400,1.12895,1.1296,1.12893,1.12918,3429.0,2025-05-28 20:00:00
1748466000,1.12938,1.12966,1.12926,1.12956,466.0,2025-05-28 21:00:00
1748469600,1.12958,1.12974,1.12906,1.12918,1670.0,2025-05-28 22:00:00
1748473200,1.12919,1.12924,1.12105,1.12298,17909.0,2025-05-28 23:00:00
1748476800,1.12296,1.1251,1.12235,1.12346,18943.0,2025-05-29 00:00:00
1748480400,1.12346,1.12534,1.12236,1.12519,11591.0,2025-05-29 01:00:00
1748484000,1.1252,1.12571,1.12416,1.1246,8391.0,2025-05-29 02:00:00
1748487600,1.12458,1.12566,1.12428,1.12487,5733.0,2025-05-29 03:00:00
1748491200,1.12486,1.1255,1.12442,1.12479,4564.0,2025-05-29 04:00:00
1748494800,1.1248,1.12508,1.1231,1.12438,7002.0,2025-05-29 05:00:00
1748498400,1.12438,1.1274,1.12426,1.12714,11883.0,2025-05-29 06:00:00
1748502000,1.12713,1.12827,1.12712,1.12758,10662.0,2025-05-29 07:00:00
1748505600,1.12757,1.12792,1.1262,1.1272,8277.0,2025-05-29 08:00:00
1748509200,1.1272,1.1284,1.12714,1.1278,6729.0,2025-05-29 09:00:00
1748512800,1.1278,1.12915,1.12764,1.12865,7781.0,2025-05-29 10:00:00
1748516400,1.12864,1.12908,1.1268,1.12711,8101.0,2025-05-29 11:00:00
1748520000,1.1271,1.13499,1.1271,1.13494,19821.0,2025-05-29 12:00:00
1748523600,1.13495,1.136,1.13392,1.13515,17582.0,2025-05-29 13:00:00
1748527200,1.13516,1.13698,1.1343,1.135,14143.0,2025-05-29 14:00:00
1748530800,1.13499,1.13708,1.13488,1.13698,10081.0,2025-05-29 15:00:00
1748534400,1.13696,1.13801,1.13668,1.13714,7188.0,2025-05-29 16:00:00
1748538000,1.13715,1.13848,1.13618,1.13772,5774.0,2025-05-29 17:00:00
1748541600,1.13773,1.13845,1.13742,1.13752,4897.0,2025-05-29 18:00:00
1748545200,1.13751,1.13786,1.13662,1.13669,4991.0,2025-05-29 19:00:00
1748548800,1.13671,1.13704,1.13609,1.13666,2488.0,2025-05-29 20:00:00
1748552400,1.13718,1.13751,1.13679,1.13695,1012.0,2025-05-29 21:00:00
1748556000,1.13688,1.13773,1.13676,1.13712,3189.0,2025-05-29 22:00:00
1748559600,1.13714,1.13795,1.13694,1.13768,3061.0,2025-05-29 23:00:00
1748563200,1.1377,1.13848,1.13646,1.13725,8133.0,2025-05-30 00:00:00
1748566800,1.13724,1.139,1.13524,1.13548,11148.0,2025-05-30 01:00:00
1748570400,1.13546,1.13593,1.13486,1.13496,6793.0,2025-05-30 02:00:00
1748574000,1.13495,1.13572,1.13459,1.13497,4865.0,2025-05-30 03:00:00
1748577600,1.135,1.13538,1.13456,1.1346,4577.0,2025-05-30 04:00:00
1748581200,1.13461,1.13545,1.13429,1.13512,5334.0,2025-05-30 05:00:00
1748584800,1.13513,1.13521,1.1336,1.13465,8673.0,2025-05-30 06:00:00
1748588400,1.13466,1.13479,1.13278,1.13378,12452.0,2025-05-30 07:00:00
1748592000,1.1338,1.13448,1.13234,1.1324,9706.0,2025-05-30 08:00:00
1748595600,1.13241,1.13322,1.13231,1.13256,7422.0,2025-05-30 09:00:00
1748599200,1.13256,1.13348,1.13246,1.13276,6831.0,2025-05-30 10:00:00
1748602800,1.13274,1.13388,1.13232,1.13381,7345.0,2025-05-30 11:00:00
1748606400,1.13384,1.13586,1.13348,1.13461,18337.0,2025-05-30 12:00:00
1748610000,1.13462,1.13482,1.13126,1.13176,14127.0,2025-05-30 13:00:00
1748613600,1.13176,1.13548,1.13136,1.13522,22872.0,2025-05-30 14:00:00
1748617200,1.13518,1.13586,1.13436,1.13465,15664.0,2025-05-30 15:00:00
1748620800,1.13464,1.13552,1.13433,1.13504,8207.0,2025-05-30 16:00:00
1748624400,1.13505,1.13673,1.13499,1.13573,5906.0,2025-05-30 17:00:00
1748628000,1.13572,1.13652,1.1355,1.13588,6166.0,2025-05-30 18:00:00
1748631600,1.13586,1.13608,1.13494,1.13566,4363.0,2025-05-30 19:00:00
1748635200,1.13565,1.13566,1.13451,1.13478,2806.0,2025-05-30 20:00:00
1748811600,1.13491,1.13536,1.1347,1.13509,446.0,2025-06-01 21:00:00
1748815200,1.1351,1.1358,1.13483,1.13553,3397.0,2025-06-01 22:00:00
1748818800,1.13554,1.13604,1.1351,1.1353,3822.0,2025-06-01 23:00:00
1748822400,1.13532,1.13749,1.13526,1.13688,7277.0,2025-06-02 00:00:00
1748826000,1.13686,1.13822,1.13678,1.13702,8465.0,2025-06-02 01:00:00
1748829600,1.13702,1.13738,1.1362,1.13644,5261.0,2025-06-02 02:00:00
1748833200,1.13644,1.13661,1.13544,1.1362,4399.0,2025-06-02 03:00:00
1748836800,1.13625,1.1367,1.136,1.13656,3471.0,2025-06-02 04:00:00
1748840400,1.13656,1.13806,1.1364,1.13795,5138.0,2025-06-02 05:00:00
1748844000,1.13796,1.14072,1.13785,1.14013,8557.0,2025-06-02 06:00:00
1748847600,1.14012,1.14369,1.13989,1.14238,11267.0,2025-06-02 07:00:00
1748851200,1.14237,1.14278,1.14128,1.14202,10495.0,2025-06-02 08:00:00
1748854800,1.14203,1.1437,1.14194,1.14234,10215.0,2025-06-02 09:00:00
1748858400,1.14238,1.14282,1.14133,1.14153,7878.0,2025-06-02 10:00:00
1748862000,1.14154,1.14266,1.14091,1.14142,8527.0,2025-06-02 11:00:00
1748865600,1.14142,1.14291,1.14114,1.14184,9083.0,2025-06-02 12:00:00
1748869200,1.14186,1.1423,1.14041,1.14196,12573.0,2025-06-02 13:00:00
1748872800,1.1422,1.14499,1.1422,1.14349,17490.0,2025-06-02 14:00:00
1748876400,1.14348,1.14388,1.14241,1.14306,10569.0,2025-06-02 15:00:00
1748880000,1.14306,1.14321,1.14117,1.14186,7618.0,2025-06-02 16:00:00
1748883600,1.14184,1.14263,1.14162,1.14226,5627.0,2025-06-02 17:00:00
1748887200,1.14223,1.14426,1.1419,1.14414,5676.0,2025-06-02 18:00:00
1748890800,1.14414,1.14456,1.14336,1.14454,4164.0,2025-06-02 19:00:00
1748894400,1.14454,1.14465,1.144,1.14435,1898.0,2025-06-02 20:00:00
1748898000,1.14404,1.1442,1.14361,1.144,1620.0,2025-06-02 21:00:00
1748901600,1.14398,1.14462,1.14384,1.14453,1186.0,2025-06-02 22:00:00
1748905200,1.14456,1.14541,1.14448,1.14532,2546.0,2025-06-02 23:00:00
1748908800,1.1453,1.14548,1.1439,1.14434,5526.0,2025-06-03 00:00:00
1748912400,1.14432,1.14435,1.14269,1.1428,8232.0,2025-06-03 01:00:00
1748916000,1.14281,1.14306,1.14188,1.14256,5834.0,2025-06-03 02:00:00
1748919600,1.14255,1.14275,1.14161,1.14199,4575.0,2025-06-03 03:00:00
1748923200,1.142,1.14256,1.14171,1.14254,3806.0,2025-06-03 04:00:00
1748926800,1.14254,1.14276,1.14122,1.14221,5366.0,2025-06-03 05:00:00
1748930400,1.14222,1.14314,1.14155,1.14289,8163.0,2025-06-03 06:00:00
1748934000,1.14288,1.14325,1.14143,1.1416,9967.0,2025-06-03 07:00:00
1748937600,1.14158,1.14187,1.14054,1.14118,8797.0,2025-06-03 08:00:00
1748941200,1.14117,1.14182,1.14017,1.1412,8278.0,2025-06-03 09:00:00
1748944800,1.14118,1.14126,1.13962,1.13978,7764.0,2025-06-03 10:00:00
1748948400,1.13979,1.13992,1.13864,1.13906,8114.0,2025-06-03 11:00:00
1748952000,1.13906,1.13942,1.13772,1.1382,8554.0,2025-06-03 12:00:00
1748955600,1.13822,1.13951,1.13772,1.13883,11814.0,2025-06-03 13:00:00
1748959200,1.1388,1.13934,1.13641,1.13918,16710.0,2025-06-03 14:00:00
1748962800,1.13917,1.13931,1.13709,1.13723,9149.0,2025-06-03 15:00:00
1748966400,1.13724,1.13835,1.13675,1.13734,5846.0,2025-06-03 16:00:00
1748970000,1.13737,1.13818,1.13728,1.13781,4407.0,2025-06-03 17:00:00
1748973600,1.1378,1.1378,1.13692,1.1375,3431.0,2025-06-03 18:00:00
1748977200,1.13748,1.13764,1.13677,1.13688,2626.0,2025-06-03 19:00:00
1748980800,1.13687,1.13743,1.13682,1.13704,1838.0,2025-06-03 20:00:00
1748984400,1.13731,1.13778,1.13708,1.1377,705.0,2025-06-03 21:00:00
1748988000,1.13768,1.13772,1.1371,1.13743,1301.0,2025-06-03 22:00:00
1748991600,1.13744,1.13862,1.13744,1.13842,2678.0,2025-06-03 23:00:00
1748995200,1.13843,1.13893,1.13784,1.13828,7316.0,2025-06-04 00:00:00
1748998800,1.13828,1.13934,1.13713,1.13857,8781.0,2025-06-04 01:00:00
1749002400,1.13856,1.13879,1.13736,1.13762,4881.0,2025-06-04 02:00:00
1749006000,1.13764,1.13811,1.13656,1.13678,5079.0,2025-06-04 03:00:00
1749009600,1.13678,1.13792,1.1365,1.13668,5416.0,2025-06-04 04:00:00
1749013200,1.13669,1.13718,1.13572,1.13626,6416.0,2025-06-04 05:00:00
1749016800,1.13627,1.13783,1.13574,1.13778,10077.0,2025-06-04 06:00:00
1749020400,1.13779,1.13969,1.13757,1.13867,9063.0,2025-06-04 07:00:00
1749024000,1.13866,1.1404,1.13827,1.13995,8295.0,2025-06-04 08:00:00
1749027600,1.13994,1.13996,1.13815,1.13829,6854.0,2025-06-04 09:00:00
1749031200,1.13828,1.13856,1.13749,1.13822,6441.0,2025-06-04 10:00:00
1749034800,1.13822,1.13876,1.1377,1.13794,6127.0,2025-06-04 11:00:00
1749038400,1.13794,1.14112,1.13794,1.14096,16514.0,2025-06-04 12:00:00
1749042000,1.14095,1.1414,1.13928,1.14002,12099.0,2025-06-04 13:00:00
1749045600,1.14012,1.14346,1.14012,1.14326,17438.0,2025-06-04 14:00:00
1749049200,1.14324,1.14338,1.1417,1.14235,9435.0,2025-06-04 15:00:00
1749052800,1.14236,1.14345,1.14196,1.1433,6734.0,2025-06-04 16:00:00
1749056400,1.14334,1.14336,1.14234,1.14249,4474.0,2025-06-04 17:00:00
1749060000,1.14248,1.14283,1.14202,1.14206,3917.0,2025-06-04 18:00:00
1749063600,1.14205,1.14219,1.14122,1.14122,3242.0,2025-06-04 19:00:00
1749067200,1.14122,1.1423,1.14102,1.1418,2769.0,2025-06-04 20:00:00
1749070800,1.14171,1.14195,1.14164,1.14172,743.0,2025-06-04 21:00:00
1749074400,1.14171,1.1423,1.14171,1.14198,1425.0,2025-06-04 22:00:00
1749078000,1.142,1.14287,1.14188,1.1421,2478.0,2025-06-04 23:00:00
1749081600,1.14211,1.14296,1.14164,1.14292,7305.0,2025-06-05 00:00:00
1749085200,1.14294,1.1435,1.14136,1.14166,7172.0,2025-06-05 01:00:00
1749088800,1.14166,1.14196,1.14105,1.14178,4373.0,2025-06-05 02:00:00
1749092400,1.1418,1.14228,1.14089,1.14106,5680.0,2025-06-05 03:00:00
1749096000,1.14105,1.14145,1.1408,1.14104,5249.0,2025-06-05 04:00:00
1749099600,1.14105,1.14138,1.14046,1.14063,5516.0,2025-06-05 05:00:00
1749103200,1.14064,1.14172,1.14052,1.14092,7041.0,2025-06-05 06:00:00
1749106800,1.14092,1.14252,1.1407,1.1412,8335.0,2025-06-05 07:00:00
1749110400,1.1412,1.14196,1.1409,1.1413,7002.0,2025-06-05 08:00:00
1749114000,1.14128,1.14218,1.14096,1.14188,6961.0,2025-06-05 09:00:00
1749117600,1.14186,1.14328,1.14178,1.1424,6437.0,2025-06-05 10:00:00
1749121200,1.14242,1.14286,1.1416,1.1426,7142.0,2025-06-05 11:00:00
1749124800,1.14259,1.14489,1.14134,1.14296,22855.0,2025-06-05 12:00:00
1749128400,1.14294,1.14951,1.14185,1.14806,27377.0,2025-06-05 13:00:00
1749132000,1.14809,1.14825,1.14542,1.1458,19229.0,2025-06-05 14:00:00
1749135600,1.14578,1.1459,1.1435,1.14394,13009.0,2025-06-05 15:00:00
1749139200,1.14392,1.1448,1.14314,1.1448,8576.0,2025-06-05 16:00:00
1749142800,1.14478,1.14484,1.1432,1.1443,5352.0,2025-06-05 17:00:00
1749146400,1.14429,1.14442,1.14312,1.14422,5081.0,2025-06-05 18:00:00
1749150000,1.14424,1.14482,1.14337,1.1438,7486.0,2025-06-05 19:00:00
1749153600,1.1438,1.14452,1.14352,1.14444,2810.0,2025-06-05 20:00:00
1749157200,1.14456,1.14478,1.14433,1.1444,590.0,2025-06-05 21:00:00
1749160800,1.14439,1.14518,1.14437,1.14518,1532.0,2025-06-05 22:00:00
1749164400,1.1452,1.1454,1.1447,1.14536,2220.0,2025-06-05 23:00:00
1749168000,1.14537,1.14574,1.14499,1.14504,4831.0,2025-06-06 00:00:00
1749171600,1.14502,1.14524,1.14414,1.14426,5217.0,2025-06-06 01:00:00
1749175200,1.14426,1.14437,1.14332,1.14378,4635.0,2025-06-06 02:00:00
1749178800,1.14378,1.14438,1.14362,1.14403,3427.0,2025-06-06 03:00:00
1749182400,1.14402,1.14424,1.14374,1.14398,2606.0,2025-06-06 04:00:00
1749186000,1.14398,1.14403,1.14308,1.1436,3933.0,2025-06-06 05:00:00
1749189600,1.14359,1.14424,1.14248,1.14354,6484.0,2025-06-06 06:00:00
1749193200,1.14355,1.1437,1.14214,1.14271,8845.0,2025-06-06 07:00:00
1749196800,1.1427,1.14294,1.14114,1.14147,7485.0,2025-06-06 08:00:00
1749200400,1.14148,1.14216,1.1411,1.14194,5971.0,2025-06-06 09:00:00
1749204000,1.14197,1.14246,1.14173,1.14228,5197.0,2025-06-06 10:00:00
1749207600,1.14228,1.1429,1.1417,1.14179,5845.0,2025-06-06 11:00:00
1749211200,1.1418,1.14316,1.13865,1.13968,23872.0,2025-06-06 12:00:00
1749214800,1.13967,1.14026,1.13716,1.13907,20056.0,2025-06-06 13:00:00
1749218400,1.13908,1.14164,1.13809,1.13896,17134.0,2025-06-06 14:00:00
1749222000,1.13896,1.14024,1.13812,1.13966,11260.0,2025-06-06 15:00:00
1749225600,1.13966,1.14016,1.13861,1.13872,6882.0,2025-06-06 16:00:00
1749229200,1.13872,1.1398,1.13846,1.13932,5422.0,2025-06-06 17:00:00
1749232800,1.13933,1.13997,1.13928,1.13974,5057.0,2025-06-06 18:00:00
1749236400,1.13974,1.14021,1.13926,1.13962,3562.0,2025-06-06 19:00:00
1749240000,1.1396,1.13979,1.13914,1.13966,1923.0,2025-06-06 20:00:00
1749416400,1.13992,1.13994,1.13922,1.1395,473.0,2025-06-08 21:00:00
1749420000,1.13949,1.14071,1.13945,1.14068,1315.0,2025-06-08 22:00:00
1749423600,1.14068,1.14115,1.14039,1.14068,2268.0,2025-06-08 23:00:00
1749427200,1.14068,1.14092,1.13929,1.1394,3851.0,2025-06-09 00:00:00
1749430800,1.13942,1.14174,1.13941,1.14153,4708.0,2025-06-09 01:00:00
1749434400,1.14153,1.14254,1.14143,1.14172,4347.0,2025-06-09 02:00:00
1749438000,1.14172,1.14211,1.1412,1.14122,2749.0,2025-06-09 03:00:00
1749441600,1.14122,1.1419,1.14112,1.14185,2322.0,2025-06-09 04:00:00
1749445200,1.14188,1.14245,1.14122,1.1422,3135.0,2025-06-09 05:00:00
1749448800,1.1422,1.14298,1.14179,1.14275,5511.0,2025-06-09 06:00:00
1749452400,1.14274,1.14288,1.14197,1.14225,6349.0,2025-06-09 07:00:00
1749456000,1.14224,1.14362,1.14186,1.14284,6881.0,2025-06-09 08:00:00
1749459600,1.14284,1.14394,1.14258,1.14262,5476.0,2025-06-09 09:00:00
1749463200,1.14262,1.14291,1.14162,1.14196,4622.0,2025-06-09 10:00:00
1749466800,1.14196,1.14233,1.14058,1.14176,7406.0,2025-06-09 11:00:00
1749470400,1.14175,1.14182,1.13946,1.14004,7600.0,2025-06-09 12:00:00
1749474000,1.14003,1.14046,1.13865,1.1402,9223.0,2025-06-09 13:00:00
1749477600,1.14018,1.1409,1.13938,1.14079,8812.0,2025-06-09 14:00:00
1749481200,1.14082,1.14256,1.14077,1.14244,5490.0,2025-06-09 15:00:00
1749484800,1.14244,1.14258,1.14154,1.14246,3431.0,2025-06-09 16:00:00
1749488400,1.14248,1.14264,1.14196,1.14222,3298.0,2025-06-09 17:00:00
1749492000,1.1422,1.1431,1.14194,1.14279,3203.0,2025-06-09 18:00:00
1749495600,1.14278,1.14297,1.14225,1.14231,2942.0,2025-06-09 19:00:00
1749499200,1.14229,1.14271,1.14186,1.14208,1655.0,2025-06-09 20:00:00
1749502800,1.14224,1.14241,1.14201,1.1421,283.0,2025-06-09 21:00:00
1749506400,1.14218,1.14238,1.14203,1.14231,1004.0,2025-06-09 22:00:00
1749510000,1.14232,1.14286,1.14203,1.14264,1839.0,2025-06-09 23:00:00
1749513600,1.14264,1.14357,1.14218,1.14244,5864.0,2025-06-10 00:00:00
1749517200,1.14244,1.14283,1.13952,1.13969,7439.0,2025-06-10 01:00:00
1749520800,1.13968,1.14007,1.13862,1.1399,7874.0,2025-06-10 02:00:00
1749524400,1.13988,1.14053,1.13918,1.14032,4689.0,2025-06-10 03:00:00
1749528000,1.14034,1.14041,1.13917,1.13998,3636.0,2025-06-10 04:00:00
1749531600,1.13997,1.14138,1.1398,1.14052,8612.0,2025-06-10 05:00:00
1749535200,1.14052,1.14149,1.1392,1.13944,10266.0,2025-06-10 06:00:00
1749538800,1.13945,1.13998,1.13729,1.13922,11448.0,2025-06-10 07:00:00
1749542400,1.13922,1.14116,1.13915,1.14082,8723.0,2025-06-10 08:00:00
1749546000,1.14083,1.14186,1.14034,1.14166,6685.0,2025-06-10 09:00:00
1749549600,1.14167,1.14252,1.14112,1.14236,6053.0,2025-06-10 10:00:00
1749553200,1.14234,1.14344,1.14194,1.14293,7463.0,2025-06-10 11:00:00
1749556800,1.14292,1.14408,1.1425,1.14322,7818.0,2025-06-10 12:00:00
1749560400,1.1432,1.14478,1.14304,1.14428,10704.0,2025-06-10 13:00:00
1749564000,1.14429,1.1445,1.14204,1.14258,8835.0,2025-06-10 14:00:00
1749567600,1.14258,1.1428,1.14157,1.14227,7129.0,2025-06-10 15:00:00
1749571200,1.14226,1.14268,1.14158,1.14236,4764.0,2025-06-10 16:00:00
1749574800,1.14237,1.14288,1.14171,1.1423,3291.0,2025-06-10 17:00:00
1749578400,1.1423,1.14253,1.14166,1.14203,3961.0,2025-06-10 18:00:00
1749582000,1.14201,1.14366,1.14191,1.1426,3400.0,2025-06-10 19:00:00
1749585600,1.14259,1.14298,1.14194,1.14262,2189.0,2025-06-10 20:00:00
1749589200,1.14266,1.14276,1.14232,1.14249,2011.0,2025-06-10 21:00:00
1749592800,1.1425,1.14295,1.14238,1.14286,1170.0,2025-06-10 22:00:00
1749596400,1.14288,1.14396,1.14222,1.14376,4495.0,2025-06-10 23:00:00
1749600000,1.14377,1.14389,1.14204,1.1421,8433.0,2025-06-11 00:00:00
1749603600,1.1421,1.1427,1.14062,1.14086,6451.0,2025-06-11 01:00:00
1749607200,1.14087,1.1418,1.14074,1.14156,4769.0,2025-06-11 02:00:00
1749610800,1.14156,1.14177,1.14114,1.14163,3779.0,2025-06-11 03:00:00
1749614400,1.14164,1.1418,1.1412,1.14158,2939.0,2025-06-11 04:00:00
1749618000,1.14158,1.14232,1.14137,1.14224,3779.0,2025-06-11 05:00:00
1749621600,1.14222,1.14236,1.14072,1.141,6736.0,2025-06-11 06:00:00
1749625200,1.141,1.14239,1.14054,1.14195,7781.0,2025-06-11 07:00:00
1749628800,1.14194,1.14386,1.14185,1.14308,6502.0,2025-06-11 08:00:00
1749632400,1.14307,1.14458,1.14299,1.14349,6956.0,2025-06-11 09:00:00
1749636000,1.14352,1.14426,1.14332,1.14384,5174.0,2025-06-11 10:00:00
1749639600,1.14387,1.14406,1.14268,1.14328,6464.0,2025-06-11 11:00:00
1749643200,1.14328,1.14895,1.14275,1.14606,20812.0,2025-06-11 12:00:00
1749646800,1.14608,1.1474,1.1453,1.14704,14690.0,2025-06-11 13:00:00
1749650400,1.14702,1.14868,1.14672,1.14818,11559.0,2025-06-11 14:00:00
1749654000,1.14816,1.14904,1.14748,1.14894,9457.0,2025-06-11 15:00:00
1749657600,1.14893,1.14965,1.1482,1.14896,6224.0,2025-06-11 16:00:00
1749661200,1.14897,1.14992,1.14883,1.14975,4385.0,2025-06-11 17:00:00
1749664800,1.14976,1.14997,1.14835,1.14863,7220.0,2025-06-11 18:00:00
1749668400,1.14862,1.14866,1.14792,1.14831,4560.0,2025-06-11 19:00:00
1749672000,1.1483,1.14898,1.148,1.1488,3033.0,2025-06-11 20:00:00
1749675600,1.14861,1.1489,1.14854,1.14888,423.0,2025-06-11 21:00:00
1749679200,1.14892,1.15086,1.14888,1.15058,1984.0,2025-06-11 22:00:00
1749682800,1.15058,1.1513,1.15044,1.15102,4347.0,2025-06-11 23:00:00
1749686400,1.15102,1.15268,1.15018,1.15214,8305.0,2025-06-12 00:00:00
1749690000,1.15215,1.15292,1.15146,1.15188,9172.0,2025-06-12 01:00:00
1749693600,1.15186,1.1519,1.15066,1.15114,5911.0,2025-06-12 02:00:00
1749697200,1.15114,1.15224,1.15104,1.15198,5335.0,2025-06-12 03:00:00
1749700800,1.15198,1.15198,1.1512,1.15156,4077.0,2025-06-12 04:00:00
1749704400,1.15154,1.15328,1.15107,1.1528,5117.0,2025-06-12 05:00:00
1749708000,1.15278,1.1532,1.15114,1.15222,9656.0,2025-06-12 06:00:00
1749711600,1.15224,1.1528,1.15058,1.15264,10673.0,2025-06-12 07:00:00
1749715200,1.15262,1.15474,1.15229,1.15442,10612.0,2025-06-12 08:00:00
1749718800,1.1544,1.15887,1.15402,1.1572,11762.0,2025-06-12 09:00:00
1749722400,1.15722,1.16105,1.15668,1.15929,15978.0,2025-06-12 10:00:00
1749726000,1.15928,1.16068,1.15841,1.15896,12282.0,2025-06-12 11:00:00
1749729600,1.15898,1.16319,1.15883,1.16098,17708.0,2025-06-12 12:00:00
1749733200,1.16098,1.16175,1.15796,1.1585,14438.0,2025-06-12 13:00:00
1749736800,1.1585,1.15902,1.1579,1.1582,12590.0,2025-06-12 14:00:00
1749740400,1.1582,1.1585,1.15675,1.1577,12666.0,2025-06-12 15:00:00
1749744000,1.1577,1.15797,1.15669,1.15762,9317.0,2025-06-12 16:00:00
1749747600,1.15762,1.15782,1.15637,1.1575,6710.0,2025-06-12 17:00:00
1749751200,1.15748,1.15809,1.15701,1.15777,5181.0,2025-06-12 18:00:00
1749754800,1.15776,1.15808,1.15748,1.15762,3829.0,2025-06-12 19:00:00
1749758400,1.15764,1.15878,1.15756,1.1585,3123.0,2025-06-12 20:00:00
1749762000,1.15848,1.15892,1.15822,1.15892,947.0,2025-06-12 21:00:00
1749765600,1.15892,1.1593,1.15876,1.15898,1614.0,2025-06-12 22:00:00
1749769200,1.159,1.16096,1.15868,1.16088,2742.0,2025-06-12 23:00:00
1749772800,1.16084,1.16146,1.15396,1.1559,29271.0,2025-06-13 00:00:00
1749776400,1.15589,1.15604,1.15373,1.15486,18169.0,2025-06-13 01:00:00
1749780000,1.15486,1.15586,1.15373,1.15454,11044.0,2025-06-13 02:00:00
1749783600,1.15454,1.15464,1.15277,1.15374,10297.0,2025-06-13 03:00:00
1749787200,1.15374,1.15409,1.15142,1.15254,7413.0,2025-06-13 04:00:00
1749790800,1.15254,1.1537,1.15119,1.15294,8725.0,2025-06-13 05:00:00
1749794400,1.15296,1.15465,1.1524,1.15424,15099.0,2025-06-13 06:00:00
1749798000,1.15424,1.15608,1.15353,1.15356,14092.0,2025-06-13 07:00:00
1749801600,1.15355,1.15472,1.15255,1.15287,9774.0,2025-06-13 08:00:00
1749805200,1.15286,1.15358,1.15186,1.15236,11169.0,2025-06-13 09:00:00
1749808800,1.15234,1.15297,1.14889,1.1505,12251.0,2025-06-13 10:00:00
1749812400,1.1505,1.15112,1.14902,1.15102,11790.0,2025-06-13 11:00:00
1749816000,1.151,1.15228,1.15066,1.1516,9353.0,2025-06-13 12:00:00
1749819600,1.15162,1.15277,1.15013,1.15236,11360.0,2025-06-13 13:00:00
1749823200,1.15236,1.15462,1.1521,1.15446,12793.0,2025-06-13 14:00:00
1749826800,1.15444,1.15696,1.15381,1.15562,9958.0,2025-06-13 15:00:00
1749830400,1.15564,1.15662,1.15524,1.15545,7298.0,2025-06-13 16:00:00
1749834000,1.15546,1.15554,1.15374,1.15492,5983.0,2025-06-13 17:00:00
1749837600,1.15492,1.15508,1.15333,1.15412,7189.0,2025-06-13 18:00:00
1749841200,1.15411,1.1552,1.15366,1.15501,5082.0,2025-06-13 19:00:00
1749844800,1.155,1.15536,1.15378,1.1551,4283.0,2025-06-13 20:00:00
1750021200,1.15332,1.15376,1.15284,1.1534,907.0,2025-06-15 21:00:00
1750024800,1.15335,1.1548,1.15265,1.15414,9029.0,2025-06-15 22:00:00
1750028400,1.15415,1.15426,1.15277,1.15379,6485.0,2025-06-15 23:00:00
1750032000,1.15378,1.15468,1.15308,1.15344,9292.0,2025-06-16 00:00:00
1750035600,1.15341,1.15443,1.15321,1.15324,8586.0,2025-06-16 01:00:00
1750039200,1.15325,1.15363,1.15264,1.15306,7738.0,2025-06-16 02:00:00
1750042800,1.15304,1.1535,1.15237,1.15274,5893.0,2025-06-16 03:00:00
1750046400,1.15274,1.15372,1.15274,1.15359,5096.0,2025-06-16 04:00:00
1750050000,1.1536,1.15624,1.15359,1.1557,7810.0,2025-06-16 05:00:00
1750053600,1.15572,1.1576,1.15398,1.15737,11269.0,2025-06-16 06:00:00
1750057200,1.15736,1.15867,1.1567,1.15788,12184.0,2025-06-16 07:00:00
1750060800,1.15789,1.15848,1.15752,1.15787,7814.0,2025-06-16 08:00:00
1750064400,1.15786,1.15847,1.15762,1.15842,6793.0,2025-06-16 09:00:00
1750068000,1.15842,1.1586,1.15724,1.15753,6303.0,2025-06-16 10:00:00
1750071600,1.15752,1.15838,1.15698,1.1573,6763.0,2025-06-16 11:00:00
1750075200,1.15731,1.15848,1.15709,1.15842,8831.0,2025-06-16 12:00:00
1750078800,1.15842,1.16052,1.15842,1.16013,13382.0,2025-06-16 13:00:00
1750082400,1.16014,1.16148,1.15896,1.15914,13962.0,2025-06-16 14:00:00
1750086000,1.15914,1.15949,1.1579,1.15801,9247.0,2025-06-16 15:00:00
1750089600,1.15802,1.15862,1.15784,1.1584,6595.0,2025-06-16 16:00:00
1750093200,1.15842,1.15852,1.15725,1.15779,5004.0,2025-06-16 17:00:00
1750096800,1.15778,1.15815,1.15736,1.15798,5146.0,2025-06-16 18:00:00
1750100400,1.15796,1.15799,1.1555,1.15556,4713.0,2025-06-16 19:00:00
1750104000,1.15556,1.15639,1.15547,1.15609,2211.0,2025-06-16 20:00:00
1750107600,1.15653,1.1568,1.15608,1.15633,1629.0,2025-06-16 21:00:00
1750111200,1.1563,1.1563,1.15533,1.1556,3334.0,2025-06-16 22:00:00
1750114800,1.1556,1.15622,1.15493,1.15539,3850.0,2025-06-16 23:00:00
1750118400,1.1554,1.15546,1.15432,1.155,7924.0,2025-06-17 00:00:00
1750122000,1.15501,1.15606,1.15496,1.15542,6443.0,2025-06-17 01:00:00
1750125600,1.15542,1.1561,1.15458,1.15588,6639.0,2025-06-17 02:00:00
1750129200,1.15587,1.15642,1.1555,1.15622,7734.0,2025-06-17 03:00:00
1750132800,1.15623,1.15674,1.15596,1.15612,4456.0,2025-06-17 04:00:00
1750136400,1.15612,1.15658,1.15526,1.1558,5394.0,2025-06-17 05:00:00
1750140000,1.1558,1.15726,1.15528,1.15623,8579.0,2025-06-17 06:00:00
1750143600,1.15622,1.15638,1.15454,1.1558,10643.0,2025-06-17 07:00:00
1750147200,1.1558,1.15598,1.15502,1.15521,7691.0,2025-06-17 08:00:00
1750150800,1.1552,1.1561,1.15503,1.15567,7855.0,2025-06-17 09:00:00
1750154400,1.15568,1.15688,1.15552,1.15682,5887.0,2025-06-17 10:00:00
1750158000,1.15683,1.15737,1.15574,1.15617,6610.0,2025-06-17 11:00:00
1750161600,1.1562,1.15809,1.15478,1.15504,12804.0,2025-06-17 12:00:00
1750165200,1.15506,1.15696,1.15506,1.15588,10959.0,2025-06-17 13:00:00
1750168800,1.15587,1.1561,1.15107,1.15267,16114.0,2025-06-17 14:00:00
1750172400,1.15267,1.15356,1.15185,1.15342,11019.0,2025-06-17 15:00:00
1750176000,1.15341,1.15394,1.14986,1.15028,10167.0,2025-06-17 16:00:00
1750179600,1.1503,1.15086,1.14784,1.14866,14153.0,2025-06-17 17:00:00
1750183200,1.14862,1.14906,1.1475,1.14797,8768.0,2025-06-17 18:00:00
1750186800,1.14796,1.14888,1.1477,1.14847,5856.0,2025-06-17 19:00:00
1750190400,1.14847,1.14858,1.14748,1.14807,3930.0,2025-06-17 20:00:00
1750194000,1.14813,1.14883,1.14806,1.14822,503.0,2025-06-17 21:00:00
1750197600,1.14826,1.14838,1.14746,1.14751,1619.0,2025-06-17 22:00:00
1750201200,1.14752,1.14828,1.14751,1.1482,2673.0,2025-06-17 23:00:00
1750204800,1.1482,1.1497,1.14808,1.14923,9827.0,2025-06-18 00:00:00
1750208400,1.14924,1.1501,1.14894,1.1497,8119.0,2025-06-18 01:00:00
1750212000,1.1497,1.15012,1.14934,1.14978,6229.0,2025-06-18 02:00:00
1750215600,1.14976,1.15052,1.14962,1.15,4654.0,2025-06-18 03:00:00
1750219200,1.15,1.15082,1.14966,1.15056,4327.0,2025-06-18 04:00:00
1750222800,1.15057,1.15073,1.15004,1.15046,5150.0,2025-06-18 05:00:00
1750226400,1.15046,1.15154,1.15007,1.15105,9434.0,2025-06-18 06:00:00
1750230000,1.15106,1.15234,1.15093,1.15134,8976.0,2025-06-18 07:00:00
1750233600,1.15132,1.15163,1.14984,1.15023,7349.0,2025-06-18 08:00:00
1750237200,1.15023,1.15107,1.14972,1.15038,7091.0,2025-06-18 09:00:00
1750240800,1.15038,1.15108,1.14918,1.14934,6498.0,2025-06-18 10:00:00
1750244400,1.14936,1.15088,1.14922,1.15074,7692.0,2025-06-18 11:00:00
1750248000,1.15075,1.15168,1.1501,1.1506,9615.0,2025-06-18 12:00:00
1750251600,1.15058,1.15089,1.14881,1.14888,10946.0,2025-06-18 13:00:00
1750255200,1.14886,1.1523,1.14843,1.15076,19432.0,2025-06-18 14:00:00
1750258800,1.15074,1.15302,1.15059,1.15204,10261.0,2025-06-18 15:00:00
1750262400,1.15204,1.15252,1.15016,1.15032,6791.0,2025-06-18 16:00:00
1750266000,1.15032,1.15092,1.1488,1.14984,5150.0,2025-06-18 17:00:00
1750269600,1.14988,1.15295,1.14742,1.14753,29462.0,2025-06-18 18:00:00
1750273200,1.14756,1.14876,1.14608,1.14746,18513.0,2025-06-18 19:00:00
1750276800,1.14745,1.14844,1.14721,1.1481,4493.0,2025-06-18 20:00:00
1750280400,1.14794,1.14832,1.14783,1.14828,756.0,2025-06-18 21:00:00
1750284000,1.1483,1.14891,1.14751,1.148,1747.0,2025-06-18 22:00:00
1750287600,1.14801,1.14818,1.14711,1.1476,3852.0,2025-06-18 23:00:00
1750291200,1.1476,1.14838,1.14742,1.14812,8650.0,2025-06-19 00:00:00
1750294800,1.1481,1.14822,1.14522,1.14531,11609.0,2025-06-19 01:00:00
1750298400,1.14532,1.14582,1.14506,1.14552,5990.0,2025-06-19 02:00:00
1750302000,1.14552,1.14684,1.14536,1.14658,4262.0,2025-06-19 03:00:00
1750305600,1.14658,1.14694,1.14634,1.14692,4110.0,2025-06-19 04:00:00
1750309200,1.14693,1.14694,1.1451,1.14568,6042.0,2025-06-19 05:00:00
1750312800,1.14566,1.14678,1.14463,1.14668,9246.0,2025-06-19 06:00:00
1750316400,1.14666,1.1477,1.14603,1.14618,11256.0,2025-06-19 07:00:00
1750320000,1.14618,1.14794,1.14565,1.14766,10769.0,2025-06-19 08:00:00
1750323600,1.14768,1.14799,1.14695,1.14756,8368.0,2025-06-19 09:00:00
1750327200,1.14756,1.14794,1.14694,1.14738,7151.0,2025-06-19 10:00:00
1750330800,1.14739,1.14876,1.14676,1.14812,8377.0,2025-06-19 11:00:00
1750334400,1.1481,1.14864,1.14694,1.14776,8374.0,2025-06-19 12:00:00
1750338000,1.14774,1.14847,1.14714,1.1473,8510.0,2025-06-19 13:00:00
1750341600,1.14728,1.14808,1.1462,1.14684,8917.0,2025-06-19 14:00:00
1750345200,1.14685,1.14722,1.14586,1.14596,5728.0,2025-06-19 15:00:00
1750348800,1.14596,1.14616,1.14546,1.14566,3654.0,2025-06-19 16:00:00
1750352400,1.14565,1.14832,1.14554,1.1479,3511.0,2025-06-19 17:00:00
1750356000,1.1479,1.14872,1.14773,1.14853,2528.0,2025-06-19 18:00:00
1750359600,1.14854,1.15002,1.14845,1.14979,2870.0,2025-06-19 19:00:00
1750363200,1.14978,1.14996,1.14924,1.14966,1860.0,2025-06-19 20:00:00
1750366800,1.14941,1.14978,1.1494,1.14945,612.0,2025-06-19 21:00:00
1750370400,1.14944,1.15004,1.14916,1.14979,2456.0,2025-06-19 22:00:00
1750374000,1.1498,1.15128,1.14972,1.15118,3579.0,2025-06-19 23:00:00
1750377600,1.1512,1.15241,1.15109,1.15228,7409.0,2025-06-20 00:00:00
1750381200,1.15229,1.15233,1.1513,1.15134,6726.0,2025-06-20 01:00:00
1750384800,1.15134,1.15218,1.15111,1.15182,6414.0,2025-06-20 02:00:00
1750388400,1.15182,1.15304,1.15154,1.15295,6340.0,2025-06-20 03:00:00
1750392000,1.15294,1.15324,1.15246,1.15272,4148.0,2025-06-20 04:00:00
1750395600,1.15272,1.15292,1.1519,1.15274,5448.0,2025-06-20 05:00:00
1750399200,1.15272,1.15298,1.1514,1.15168,9518.0,2025-06-20 06:00:00
1750402800,1.15168,1.15195,1.15102,1.15165,7455.0,2025-06-20 07:00:00
1750406400,1.15164,1.15267,1.15116,1.15226,7412.0,2025-06-20 08:00:00
1750410000,1.15225,1.15285,1.15194,1.15268,6217.0,2025-06-20 09:00:00
1750413600,1.1527,1.1535,1.15226,1.15242,5253.0,2025-06-20 10:00:00
1750417200,1.15241,1.15262,1.1512,1.15211,7502.0,2025-06-20 11:00:00
1750420800,1.1521,1.1527,1.15055,1.15129,13412.0,2025-06-20 12:00:00
1750424400,1.1513,1.15214,1.15092,1.15184,10789.0,2025-06-20 13:00:00
1750428000,1.15182,1.15192,1.14952,1.15136,14586.0,2025-06-20 14:00:00
1750431600,1.15135,1.1529,1.15111,1.15196,10876.0,2025-06-20 15:00:00
1750435200,1.15197,1.15374,1.15192,1.15361,6675.0,2025-06-20 16:00:00
1750438800,1.15362,1.1544,1.1532,1.15324,5171.0,2025-06-20 17:00:00
1750442400,1.1532,1.15373,1.15273,1.15287,3733.0,2025-06-20 18:00:00
1750446000,1.15286,1.15318,1.15156,1.15158,3774.0,2025-06-20 19:00:00
1750449600,1.15159,1.15232,1.15138,1.15222,3556.0,2025-06-20 20:00:00
1750626000,1.1457,1.14752,1.1456,1.14742,1138.0,2025-06-22 21:00:00
1750629600,1.14754,1.14948,1.14743,1.14888,7800.0,2025-06-22 22:00:00
1750633200,1.14892,1.15076,1.1486,1.14996,6259.0,2025-06-22 23:00:00
1750636800,1.14997,1.15059,1.14808,1.14893,12026.0,2025-06-23 00:00:00
1750640400,1.14894,1.14926,1.14722,1.14923,9489.0,2025-06-23 01:00:00
1750644000,1.14923,1.15068,1.14922,1.14996,7440.0,2025-06-23 02:00:00
1750647600,1.14996,1.15034,1.14924,1.1494,7015.0,2025-06-23 03:00:00
1750651200,1.14939,1.14965,1.14856,1.14908,6358.0,2025-06-23 04:00:00
1750654800,1.14908,1.15146,1.14908,1.15132,8555.0,2025-06-23 05:00:00
1750658400,1.15133,1.15212,1.15035,1.15072,11221.0,2025-06-23 06:00:00
1750662000,1.15074,1.15162,1.14898,1.14988,13068.0,2025-06-23 07:00:00
1750665600,1.14988,1.1502,1.14802,1.14818,9595.0,2025-06-23 08:00:00
1750669200,1.14818,1.14832,1.14536,1.1472,11949.0,2025-06-23 09:00:00
1750672800,1.14719,1.14821,1.14596,1.14627,8064.0,2025-06-23 10:00:00
1750676400,1.14628,1.14749,1.14605,1.14728,8995.0,2025-06-23 11:00:00
1750680000,1.14727,1.1478,1.1457,1.14676,10270.0,2025-06-23 12:00:00
1750683600,1.14678,1.14942,1.14648,1.14897,13503.0,2025-06-23 13:00:00
1750687200,1.14898,1.15406,1.14894,1.15309,23141.0,2025-06-23 14:00:00
1750690800,1.1531,1.15522,1.15288,1.15374,13696.0,2025-06-23 15:00:00
1750694400,1.15374,1.15576,1.1518,1.1545,14198.0,2025-06-23 16:00:00
1750698000,1.15448,1.15736,1.15406,1.15693,13933.0,2025-06-23 17:00:00
1750701600,1.15692,1.15779,1.15662,1.15743,10189.0,2025-06-23 18:00:00
1750705200,1.15742,1.15789,1.15704,1.15786,5396.0,2025-06-23 19:00:00
1750708800,1.15786,1.15818,1.15748,1.15786,2533.0,2025-06-23 20:00:00
1750712400,1.15786,1.1579,1.15766,1.15779,266.0,2025-06-23 21:00:00
1750716000,1.1578,1.16026,1.15746,1.15926,5101.0,2025-06-23 22:00:00
1750719600,1.15928,1.16086,1.15868,1.15981,6666.0,2025-06-23 23:00:00
1750723200,1.15982,1.1609,1.15896,1.15992,12619.0,2025-06-24 00:00:00
1750726800,1.15994,1.16057,1.159,1.15908,8424.0,2025-06-24 01:00:00
1750730400,1.15908,1.16017,1.15866,1.16002,6839.0,2025-06-24 02:00:00
1750734000,1.16003,1.16098,1.16,1.16058,5061.0,2025-06-24 03:00:00
1750737600,1.16058,1.16143,1.16025,1.16063,4777.0,2025-06-24 04:00:00
1750741200,1.16062,1.1614,1.16014,1.1611,6581.0,2025-06-24 05:00:00
1750744800,1.16109,1.16224,1.16014,1.16053,14520.0,2025-06-24 06:00:00
1750748400,1.16052,1.16105,1.158,1.15914,16197.0,2025-06-24 07:00:00
1750752000,1.15914,1.15997,1.15856,1.15926,12050.0,2025-06-24 08:00:00
1750755600,1.15925,1.16181,1.1592,1.16098,10131.0,2025-06-24 09:00:00
1750759200,1.16096,1.16096,1.15942,1.15967,6883.0,2025-06-24 10:00:00
1750762800,1.15967,1.1615,1.15966,1.16084,8262.0,2025-06-24 11:00:00
1750766400,1.16084,1.16114,1.15936,1.16007,10781.0,2025-06-24 12:00:00
1750770000,1.16008,1.16032,1.15822,1.15921,12883.0,2025-06-24 13:00:00
1750773600,1.1592,1.16417,1.15908,1.16168,21978.0,2025-06-24 14:00:00
1750777200,1.16168,1.16366,1.16065,1.16072,13793.0,2025-06-24 15:00:00
1750780800,1.16073,1.1625,1.16052,1.1624,7854.0,2025-06-24 16:00:00
1750784400,1.16239,1.16328,1.16224,1.16261,5378.0,2025-06-24 17:00:00
1750788000,1.1626,1.16291,1.16198,1.16237,4474.0,2025-06-24 18:00:00
1750791600,1.16236,1.16251,1.16121,1.16127,3639.0,2025-06-24 19:00:00
1750795200,1.16126,1.16158,1.16084,1.16084,2959.0,2025-06-24 20:00:00
1750798800,1.16114,1.16146,1.16058,1.16104,825.0,2025-06-24 21:00:00
1750802400,1.16108,1.16116,1.16044,1.16076,1457.0,2025-06-24 22:00:00
1750806000,1.1608,1.16156,1.16077,1.16125,2593.0,2025-06-24 23:00:00
1750809600,1.16124,1.16272,1.16112,1.16252,7112.0,2025-06-25 00:00:00
1750813200,1.16252,1.16319,1.16178,1.16287,7612.0,2025-06-25 01:00:00
1750816800,1.16288,1.16296,1.16177,1.16206,5783.0,2025-06-25 02:00:00
1750820400,1.16206,1.16234,1.16114,1.16118,4300.0,2025-06-25 03:00:00
1750824000,1.16118,1.1618,1.16116,1.1614,3293.0,2025-06-25 04:00:00
1750827600,1.16139,1.16204,1.16094,1.16193,4214.0,2025-06-25 05:00:00
1750831200,1.16192,1.16227,1.16036,1.16074,8438.0,2025-06-25 06:00:00
1750834800,1.16073,1.16093,1.15901,1.1599,9961.0,2025-06-25 07:00:00
1750838400,1.15992,1.16114,1.15931,1.161,8150.0,2025-06-25 08:00:00
1750842000,1.161,1.16113,1.15922,1.16009,7511.0,2025-06-25 09:00:00
1750845600,1.16008,1.16082,1.15974,1.16037,5979.0,2025-06-25 10:00:00
1750849200,1.16036,1.16134,1.15968,1.15995,7316.0,2025-06-25 11:00:00
1750852800,1.15994,1.16052,1.15902,1.15928,9127.0,2025-06-25 12:00:00
1750856400,1.15929,1.16077,1.15902,1.1601,9590.0,2025-06-25 13:00:00
1750860000,1.16012,1.16236,1.16012,1.16211,12434.0,2025-06-25 14:00:00
1750863600,1.1621,1.16296,1.16168,1.16198,8839.0,2025-06-25 15:00:00
1750867200,1.16198,1.1636,1.16198,1.1631,6127.0,2025-06-25 16:00:00
1750870800,1.1631,1.16444,1.16272,1.16426,5513.0,2025-06-25 17:00:00
1750874400,1.16426,1.16616,1.16418,1.16611,5841.0,2025-06-25 18:00:00
1750878000,1.16612,1.16652,1.16564,1.16583,4306.0,2025-06-25 19:00:00
1750881600,1.16585,1.1661,1.16513,1.16598,3143.0,2025-06-25 20:00:00
1750885200,1.1658,1.16584,1.16544,1.16562,442.0,2025-06-25 21:00:00
1750888800,1.16564,1.16604,1.16558,1.16594,1220.0,2025-06-25 22:00:00
1750892400,1.16596,1.16848,1.16594,1.16834,5179.0,2025-06-25 23:00:00
1750896000,1.16836,1.16891,1.16798,1.16824,5447.0,2025-06-26 00:00:00
1750899600,1.16825,1.1688,1.16674,1.16862,6297.0,2025-06-26 01:00:00
1750903200,1.16864,1.16953,1.16824,1.16905,5746.0,2025-06-26 02:00:00
1750906800,1.16906,1.17176,1.16887,1.16946,8616.0,2025-06-26 03:00:00
1750910400,1.16946,1.16948,1.16789,1.168,4631.0,2025-06-26 04:00:00
1750914000,1.168,1.1686,1.16757,1.16853,5451.0,2025-06-26 05:00:00
1750917600,1.16852,1.17004,1.16717,1.16995,11449.0,2025-06-26 06:00:00
1750921200,1.16996,1.17134,1.16916,1.17103,12640.0,2025-06-26 07:00:00
1750924800,1.17104,1.17453,1.17068,1.17277,13864.0,2025-06-26 08:00:00
1750928400,1.17275,1.1729,1.17126,1.17252,9680.0,2025-06-26 09:00:00
1750932000,1.1725,1.17309,1.17135,1.1715,7626.0,2025-06-26 10:00:00
1750935600,1.17151,1.1716,1.16938,1.16948,9357.0,2025-06-26 11:00:00
1750939200,1.16948,1.1713,1.16898,1.17068,15724.0,2025-06-26 12:00:00
1750942800,1.17071,1.1721,1.16944,1.1717,15740.0,2025-06-26 13:00:00
1750946400,1.17174,1.17192,1.17062,1.17084,17108.0,2025-06-26 14:00:00
1750950000,1.17084,1.17176,1.16903,1.17169,11398.0,2025-06-26 15:00:00
1750953600,1.17168,1.17404,1.17098,1.17294,9059.0,2025-06-26 16:00:00
1750957200,1.17294,1.17322,1.17207,1.17248,6426.0,2025-06-26 17:00:00
1750960800,1.17246,1.17289,1.17179,1.17206,5343.0,2025-06-26 18:00:00
1750964400,1.17206,1.17206,1.17042,1.17044,5375.0,2025-06-26 19:00:00
1750968000,1.17046,1.17086,1.16942,1.17016,3991.0,2025-06-26 20:00:00
1750971600,1.16998,1.17072,1.16931,1.16988,1440.0,2025-06-26 21:00:00
1750975200,1.16985,1.16991,1.1681,1.16832,2341.0,2025-06-26 22:00:00
1750978800,1.16832,1.16985,1.16832,1.16933,3600.0,2025-06-26 23:00:00
1750982400,1.16934,1.1698,1.16882,1.16918,7080.0,2025-06-27 00:00:00
1750986000,1.16918,1.17042,1.1686,1.17016,7167.0,2025-06-27 01:00:00
1750989600,1.17017,1.17056,1.16859,1.16998,5042.0,2025-06-27 02:00:00
1750993200,1.16999,1.17097,1.16956,1.1696,4775.0,2025-06-27 03:00:00
1750996800,1.16959,1.16982,1.1685,1.16852,3822.0,2025-06-27 04:00:00
1751000400,1.16857,1.16936,1.16848,1.1689,5415.0,2025-06-27 05:00:00
1751004000,1.1689,1.1719,1.16836,1.1719,9374.0,2025-06-27 06:00:00
1751007600,1.1719,1.1727,1.17069,1.17146,9250.0,2025-06-27 07:00:00
1751011200,1.17148,1.17263,1.17087,1.17096,7090.0,2025-06-27 08:00:00
1751014800,1.17094,1.17114,1.17016,1.17096,5843.0,2025-06-27 09:00:00
1751018400,1.17095,1.17156,1.17013,1.1714,6031.0,2025-06-27 10:00:00
1751022000,1.17142,1.17203,1.17108,1.17141,5827.0,2025-06-27 11:00:00
1751025600,1.17142,1.17499,1.1703,1.1747,16626.0,2025-06-27 12:00:00
1751029200,1.1747,1.1754,1.17157,1.17282,15819.0,2025-06-27 13:00:00
1751032800,1.1728,1.17384,1.17054,1.17183,15224.0,2025-06-27 14:00:00
1751036400,1.17184,1.17302,1.17114,1.17236,9483.0,2025-06-27 15:00:00
1751040000,1.17236,1.17327,1.17176,1.17224,6778.0,2025-06-27 16:00:00
1751043600,1.17224,1.17241,1.16954,1.17022,10190.0,2025-06-27 17:00:00
1751047200,1.17022,1.17058,1.1688,1.16996,9831.0,2025-06-27 18:00:00
1751050800,1.16996,1.1709,1.1699,1.17068,5717.0,2025-06-27 19:00:00
1751054400,1.17068,1.17211,1.17062,1.17185,3760.0,2025-06-27 20:00:00
1751230800,1.1731,1.17322,1.17229,1.17311,437.0,2025-06-29 21:00:00
1751234400,1.17312,1.17332,1.17219,1.17303,2429.0,2025-06-29 22:00:00
1751238000,1.17307,1.17388,1.17263,1.17268,3624.0,2025-06-29 23:00:00
1751241600,1.17269,1.17286,1.17158,1.1718,5858.0,2025-06-30 00:00:00
1751245200,1.17181,1.17348,1.17152,1.17204,6019.0,2025-06-30 01:00:00
1751248800,1.17204,1.17317,1.17182,1.17192,5705.0,2025-06-30 02:00:00
1751252400,1.1719,1.17222,1.17118,1.17123,3816.0,2025-06-30 03:00:00
1751256000,1.17122,1.1732,1.17121,1.17304,4058.0,2025-06-30 04:00:00
1751259600,1.17304,1.17384,1.17234,1.17264,6733.0,2025-06-30 05:00:00
1751263200,1.17266,1.17509,1.17209,1.17434,9542.0,2025-06-30 06:00:00
1751266800,1.17433,1.17433,1.17247,1.17248,10400.0,2025-06-30 07:00:00
1751270400,1.17244,1.17306,1.17137,1.17296,11032.0,2025-06-30 08:00:00
1751274000,1.17294,1.17328,1.17174,1.17195,8619.0,2025-06-30 09:00:00
1751277600,1.17196,1.17248,1.17166,1.17246,6040.0,2025-06-30 10:00:00
1751281200,1.17247,1.17316,1.17228,1.17232,6363.0,2025-06-30 11:00:00
1751284800,1.17233,1.17253,1.1708,1.17133,7113.0,2025-06-30 12:00:00
1751288400,1.17134,1.17218,1.1712,1.17214,9296.0,2025-06-30 13:00:00
1751292000,1.17214,1.1751,1.17108,1.17386,16335.0,2025-06-30 14:00:00
1751295600,1.17387,1.17718,1.17334,1.17699,13875.0,2025-06-30 15:00:00
1751299200,1.17698,1.17701,1.17488,1.17628,8873.0,2025-06-30 16:00:00
1751302800,1.17627,1.17708,1.17606,1.17658,6756.0,2025-06-30 17:00:00
1751306400,1.1766,1.178,1.17646,1.17759,5664.0,2025-06-30 18:00:00
1751310000,1.17758,1.17806,1.17726,1.17798,4753.0,2025-06-30 19:00:00
1751313600,1.17798,1.17886,1.17774,1.1788,3122.0,2025-06-30 20:00:00
1751317200,1.17847,1.17864,1.17772,1.17814,2689.0,2025-06-30 21:00:00
1751320800,1.17814,1.17912,1.1779,1.17858,2234.0,2025-06-30 22:00:00
1751324400,1.17858,1.17878,1.17836,1.17864,2035.0,2025-06-30 23:00:00
1751328000,1.17865,1.1798,1.17864,1.17976,6305.0,2025-07-01 00:00:00
1751331600,1.17976,1.18078,1.17797,1.17804,7445.0,2025-07-01 01:00:00
1751335200,1.17803,1.17896,1.17782,1.17882,4512.0,2025-07-01 02:00:00
1751338800,1.17881,1.1794,1.17868,1.17894,3500.0,2025-07-01 03:00:00
1751342400,1.17894,1.17939,1.1783,1.17862,3844.0,2025-07-01 04:00:00
1751346000,1.17863,1.17896,1.17802,1.17864,4099.0,2025-07-01 05:00:00
1751349600,1.17862,1.17868,1.17761,1.17794,7342.0,2025-07-01 06:00:00
1751353200,1.17794,1.1788,1.17674,1.1786,10265.0,2025-07-01 07:00:00
1751356800,1.17857,1.18174,1.17747,1.18046,12486.0,2025-07-01 08:00:00
1751360400,1.18044,1.18299,1.1797,1.18136,10872.0,2025-07-01 09:00:00
1751364000,1.18138,1.18234,1.1811,1.18116,7700.0,2025-07-01 10:00:00
1751367600,1.18114,1.18194,1.18058,1.1814,7564.0,2025-07-01 11:00:00
1751371200,1.18138,1.18175,1.18022,1.18036,9547.0,2025-07-01 12:00:00
1751374800,1.18037,1.1812,1.1793,1.18041,12541.0,2025-07-01 13:00:00
1751378400,1.18043,1.18048,1.17752,1.17797,19966.0,2025-07-01 14:00:00
1751382000,1.17796,1.17797,1.17689,1.17758,12420.0,2025-07-01 15:00:00
1751385600,1.17759,1.17762,1.17614,1.17655,8505.0,2025-07-01 16:00:00
1751389200,1.17654,1.17837,1.17654,1.17829,6266.0,2025-07-01 17:00:00
1751392800,1.1783,1.17837,1.17752,1.1781,4941.0,2025-07-01 18:00:00
1751396400,1.17809,1.17916,1.17795,1.17911,5036.0,2025-07-01 19:00:00
1751400000,1.1791,1.18069,1.1791,1.18058,3039.0,2025-07-01 20:00:00
1751403600,1.18024,1.18049,1.18008,1.1804,875.0,2025-07-01 21:00:00
1751407200,1.18036,1.18067,1.18021,1.18027,1330.0,2025-07-01 22:00:00
1751410800,1.18029,1.18069,1.17994,1.18053,1988.0,2025-07-01 23:00:00
1751414400,1.1805,1.18082,1.17992,1.18076,5479.0,2025-07-02 00:00:00
1751418000,1.18077,1.181,1.1792,1.17934,5265.0,2025-07-02 01:00:00
1751421600,1.17935,1.18018,1.17883,1.18001,5110.0,2025-07-02 02:00:00
1751425200,1.18006,1.18031,1.17962,1.18003,3830.0,2025-07-02 03:00:00
1751428800,1.18004,1.18013,1.17956,1.17963,2728.0,2025-07-02 04:00:00
1751432400,1.17962,1.17984,1.17846,1.17873,4776.0,2025-07-02 05:00:00
1751436000,1.17874,1.17936,1.17734,1.17815,7218.0,2025-07-02 06:00:00
1751439600,1.17816,1.17836,1.17712,1.17742,8420.0,2025-07-02 07:00:00
1751443200,1.17742,1.17816,1.177,1.17758,7580.0,2025-07-02 08:00:00
1751446800,1.17756,1.17778,1.17672,1.17704,6720.0,2025-07-02 09:00:00
1751450400,1.17706,1.1781,1.17648,1.17676,5606.0,2025-07-02 10:00:00
1751454000,1.17676,1.17713,1.17468,1.17498,8735.0,2025-07-02 11:00:00
1751457600,1.17498,1.17883,1.17473,1.17566,23099.0,2025-07-02 12:00:00
1751461200,1.17564,1.17776,1.17548,1.17599,16445.0,2025-07-02 13:00:00
1751464800,1.17598,1.1771,1.17507,1.17675,14389.0,2025-07-02 14:00:00
1751468400,1.17673,1.17898,1.1766,1.17894,10907.0,2025-07-02 15:00:00
1751472000,1.17893,1.1794,1.17856,1.17885,7399.0,2025-07-02 16:00:00
1751475600,1.17884,1.18002,1.17884,1.17956,5149.0,2025-07-02 17:00:00
1751479200,1.17956,1.18001,1.17934,1.17996,4902.0,2025-07-02 18:00:00
1751482800,1.17996,1.18033,1.17955,1.18024,3903.0,2025-07-02 19:00:00
1751486400,1.18023,1.18024,1.17958,1.1799,2237.0,2025-07-02 20:00:00
1751490000,1.17967,1.1799,1.17886,1.17965,879.0,2025-07-02 21:00:00
1751493600,1.17958,1.18004,1.17954,1.17985,1051.0,2025-07-02 22:00:00
1751497200,1.17986,1.18024,1.17974,1.17988,1300.0,2025-07-02 23:00:00
1751500800,1.17985,1.18088,1.1798,1.18066,5666.0,2025-07-03 00:00:00
1751504400,1.18066,1.18101,1.18039,1.18045,3921.0,2025-07-03 01:00:00
1751508000,1.18044,1.18049,1.17946,1.17979,3621.0,2025-07-03 02:00:00
1751511600,1.17978,1.17996,1.17894,1.17918,2927.0,2025-07-03 03:00:00
1751515200,1.17917,1.17932,1.17874,1.17894,2148.0,2025-07-03 04:00:00
1751518800,1.17896,1.17962,1.17868,1.17961,3203.0,2025-07-03 05:00:00
1751522400,1.17962,1.1803,1.17916,1.18024,6262.0,2025-07-03 06:00:00
1751526000,1.18024,1.18101,1.17946,1.18014,7648.0,2025-07-03 07:00:00
1751529600,1.18014,1.18084,1.17958,1.1798,6316.0,2025-07-03 08:00:00
1751533200,1.17982,1.17982,1.17886,1.17924,6022.0,2025-07-03 09:00:00
1751536800,1.17923,1.18002,1.1787,1.17933,4808.0,2025-07-03 10:00:00
1751540400,1.17932,1.17969,1.17832,1.17848,5302.0,2025-07-03 11:00:00
1751544000,1.17849,1.17898,1.17174,1.17384,26562.0,2025-07-03 12:00:00
1751547600,1.17383,1.17794,1.17338,1.17745,18274.0,2025-07-03 13:00:00
1751551200,1.17744,1.17898,1.17512,1.17532,15155.0,2025-07-03 14:00:00
1751554800,1.17532,1.17664,1.17494,1.1757,9718.0,2025-07-03 15:00:00
1751558400,1.17572,1.17583,1.174,1.17522,7110.0,2025-07-03 16:00:00
1751562000,1.17522,1.17584,1.17504,1.17541,2660.0,2025-07-03 17:00:00
1751565600,1.1754,1.17566,1.17482,1.1749,2245.0,2025-07-03 18:00:00
1751569200,1.1749,1.17526,1.17445,1.17478,2026.0,2025-07-03 19:00:00
1751572800,1.17477,1.17598,1.17465,1.17574,2449.0,2025-07-03 20:00:00
1751576400,1.17596,1.17602,1.17534,1.17578,524.0,2025-07-03 21:00:00
1751580000,1.17578,1.17598,1.17538,1.17598,1168.0,2025-07-03 22:00:00
1751583600,1.17597,1.17716,1.17562,1.17692,2355.0,2025-07-03 23:00:00
1751587200,1.17691,1.17705,1.17636,1.1767,5908.0,2025-07-04 00:00:00
1751590800,1.1767,1.17698,1.1756,1.17596,4995.0,2025-07-04 01:00:00
1751594400,1.17596,1.17708,1.17594,1.17655,3909.0,2025-07-04 02:00:00
1751598000,1.17654,1.17726,1.17644,1.17702,3301.0,2025-07-04 03:00:00
1751601600,1.177,1.17802,1.17693,1.17802,3472.0,2025-07-04 04:00:00
1751605200,1.17802,1.17854,1.17798,1.17843,4240.0,2025-07-04 05:00:00
1751608800,1.17842,1.17852,1.17743,1.17812,7109.0,2025-07-04 06:00:00
1751612400,1.17812,1.17827,1.17676,1.17697,9807.0,2025-07-04 07:00:00
1751616000,1.17698,1.17776,1.17684,1.17746,7282.0,2025-07-04 08:00:00
1751619600,1.17744,1.17822,1.17722,1.17784,6083.0,2025-07-04 09:00:00
1751623200,1.17782,1.1781,1.1775,1.17778,5781.0,2025-07-04 10:00:00
1751626800,1.17778,1.17821,1.17683,1.1769,5564.0,2025-07-04 11:00:00
1751630400,1.17691,1.17718,1.17638,1.17667,5594.0,2025-07-04 12:00:00
1751634000,1.17666,1.1781,1.17664,1.17796,4888.0,2025-07-04 13:00:00
1751637600,1.17795,1.17876,1.17753,1.17783,6067.0,2025-07-04 14:00:00
1751641200,1.17782,1.17846,1.1776,1.17788,4365.0,2025-07-04 15:00:00
1751644800,1.17786,1.17818,1.17737,1.17744,3088.0,2025-07-04 16:00:00
1751648400,1.17746,1.1778,1.17721,1.1776,11049.0,2025-07-04 17:00:00
1751652000,1.17758,1.17798,1.17744,1.17792,7359.0,2025-07-04 18:00:00
1751655600,1.17792,1.178,1.17729,1.1775,8499.0,2025-07-04 19:00:00
1751659200,1.1775,1.17848,1.17728,1.17774,11808.0,2025-07-04 20:00:00
1751835600,1.17857,1.17858,1.17794,1.17806,372.0,2025-07-06 21:00:00
1751839200,1.17804,1.17818,1.17736,1.178,1445.0,2025-07-06 22:00:00
1751842800,1.17802,1.17823,1.17752,1.17802,2173.0,2025-07-06 23:00:00
1751846400,1.17804,1.17902,1.1779,1.17798,5862.0,2025-07-07 00:00:00
1751850000,1.17797,1.17808,1.17702,1.1772,5223.0,2025-07-07 01:00:00
1751853600,1.17721,1.17754,1.17648,1.17676,5023.0,2025-07-07 02:00:00
1751857200,1.17676,1.17744,1.17665,1.17692,3779.0,2025-07-07 03:00:00
1751860800,1.1769,1.17724,1.17641,1.17661,3506.0,2025-07-07 04:00:00
1751864400,1.1766,1.17738,1.17636,1.17716,4771.0,2025-07-07 05:00:00
1751868000,1.17714,1.17736,1.17501,1.1756,7419.0,2025-07-07 06:00:00
1751871600,1.17562,1.17587,1.17454,1.17456,9022.0,2025-07-07 07:00:00
1751875200,1.17456,1.17474,1.17234,1.17243,8609.0,2025-07-07 08:00:00
1751878800,1.17242,1.17348,1.17222,1.17341,6815.0,2025-07-07 09:00:00
1751882400,1.1734,1.17362,1.17232,1.17277,6039.0,2025-07-07 10:00:00
1751886000,1.17276,1.17342,1.17251,1.17296,5476.0,2025-07-07 11:00:00
1751889600,1.17298,1.17312,1.1718,1.17226,6481.0,2025-07-07 12:00:00
1751893200,1.17225,1.17408,1.17221,1.17351,8500.0,2025-07-07 13:00:00
1751896800,1.17352,1.17454,1.17328,1.17388,7596.0,2025-07-07 14:00:00
1751900400,1.17388,1.17406,1.17304,1.17333,6912.0,2025-07-07 15:00:00
1751904000,1.17332,1.17398,1.16876,1.16944,13434.0,2025-07-07 16:00:00
1751907600,1.16944,1.17137,1.16865,1.17068,10754.0,2025-07-07 17:00:00
1751911200,1.17066,1.17202,1.17,1.1719,6331.0,2025-07-07 18:00:00
1751914800,1.1719,1.17239,1.17163,1.17196,4032.0,2025-07-07 19:00:00
1751918400,1.17195,1.17214,1.17069,1.17086,2444.0,2025-07-07 20:00:00
1751922000,1.17096,1.17103,1.17086,1.1709,559.0,2025-07-07 21:00:00
1751925600,1.17092,1.17376,1.17092,1.17354,2267.0,2025-07-07 22:00:00
1751929200,1.17356,1.17387,1.17317,1.17368,2809.0,2025-07-07 23:00:00
1751932800,1.17368,1.17478,1.17368,1.17434,7354.0,2025-07-08 00:00:00
1751936400,1.17436,1.17447,1.17308,1.17384,6060.0,2025-07-08 01:00:00
1751940000,1.17384,1.17488,1.17362,1.17385,4678.0,2025-07-08 02:00:00
1751943600,1.17386,1.17488,1.17372,1.17468,4417.0,2025-07-08 03:00:00
1751947200,1.17467,1.175,1.17406,1.17416,5139.0,2025-07-08 04:00:00
1751950800,1.17414,1.17449,1.17338,1.17348,6392.0,2025-07-08 05:00:00
1751954400,1.17348,1.1745,1.17317,1.1742,8291.0,2025-07-08 06:00:00
1751958000,1.17418,1.17654,1.17418,1.17602,9066.0,2025-07-08 07:00:00
1751961600,1.176,1.17608,1.17476,1.1749,8005.0,2025-07-08 08:00:00
1751965200,1.17489,1.17506,1.1739,1.1742,6572.0,2025-07-08 09:00:00
1751968800,1.17422,1.17424,1.17234,1.17282,5968.0,2025-07-08 10:00:00
1751972400,1.17282,1.17386,1.17214,1.17218,6648.0,2025-07-08 11:00:00
1751976000,1.17218,1.17246,1.17139,1.1721,8162.0,2025-07-08 12:00:00
1751979600,1.1721,1.17223,1.16938,1.17052,10915.0,2025-07-08 13:00:00
1751983200,1.1705,1.17066,1.16824,1.16922,12614.0,2025-07-08 14:00:00
1751986800,1.16924,1.17126,1.16898,1.17068,9283.0,2025-07-08 15:00:00
1751990400,1.17067,1.1713,1.16964,1.17088,10337.0,2025-07-08 16:00:00
1751994000,1.17088,1.17261,1.17076,1.17244,8922.0,2025-07-08 17:00:00
1751997600,1.17244,1.17288,1.17181,1.17253,6004.0,2025-07-08 18:00:00
1752001200,1.17256,1.17298,1.17195,1.17242,4576.0,2025-07-08 19:00:00
1752004800,1.17242,1.1729,1.17226,1.17256,2841.0,2025-07-08 20:00:00
1752008400,1.17211,1.17242,1.17202,1.1723,1486.0,2025-07-08 21:00:00
1752012000,1.17222,1.17294,1.17222,1.17288,710.0,2025-07-08 22:00:00
1752015600,1.1729,1.17291,1.17219,1.17234,2106.0,2025-07-08 23:00:00
1752019200,1.17234,1.1726,1.17178,1.17246,5513.0,2025-07-09 00:00:00
1752022800,1.17246,1.17258,1.1717,1.17206,5675.0,2025-07-09 01:00:00
1752026400,1.17205,1.17254,1.17048,1.17116,5704.0,2025-07-09 02:00:00
1752030000,1.17114,1.17118,1.17032,1.17039,4994.0,2025-07-09 03:00:00
1752033600,1.1704,1.1714,1.17016,1.17126,4806.0,2025-07-09 04:00:00
1752037200,1.17126,1.17214,1.1711,1.17167,5556.0,2025-07-09 05:00:00
1752040800,1.17168,1.17286,1.17124,1.17259,6901.0,2025-07-09 06:00:00
1752044400,1.1726,1.17286,1.17044,1.17076,8994.0,2025-07-09 07:00:00
1752048000,1.17074,1.17204,1.17024,1.17134,8138.0,2025-07-09 08:00:00
1752051600,1.17134,1.17199,1.17074,1.17136,6305.0,2025-07-09 09:00:00
1752055200,1.17136,1.17178,1.17018,1.17021,5989.0,2025-07-09 10:00:00
1752058800,1.1702,1.17066,1.16897,1.16912,5503.0,2025-07-09 11:00:00
1752062400,1.16913,1.1717,1.16913,1.17154,10269.0,2025-07-09 12:00:00
1752066000,1.17154,1.17226,1.17005,1.17034,10742.0,2025-07-09 13:00:00
1752069600,1.17034,1.17246,1.17028,1.17148,10583.0,2025-07-09 14:00:00
1752073200,1.17148,1.17163,1.17051,1.17061,6124.0,2025-07-09 15:00:00
1752076800,1.17062,1.17091,1.17008,1.17051,3952.0,2025-07-09 16:00:00
1752080400,1.1705,1.1711,1.1704,1.17096,4584.0,2025-07-09 17:00:00
1752084000,1.1709,1.17179,1.17052,1.17134,4867.0,2025-07-09 18:00:00
1752087600,1.17136,1.17232,1.17128,1.1719,3726.0,2025-07-09 19:00:00
1752091200,1.17191,1.17238,1.17117,1.17218,3360.0,2025-07-09 20:00:00
1752094800,1.17188,1.17234,1.17173,1.1723,582.0,2025-07-09 21:00:00
1752098400,1.17232,1.17252,1.17228,1.17246,766.0,2025-07-09 22:00:00
1752102000,1.17246,1.174,1.1723,1.17381,1966.0,2025-07-09 23:00:00
1752105600,1.1738,1.17497,1.17358,1.17439,6887.0,2025-07-10 00:00:00
1752109200,1.17438,1.17445,1.17378,1.17408,4264.0,2025-07-10 01:00:00
1752112800,1.17409,1.17446,1.17374,1.17392,4326.0,2025-07-10 02:00:00
1752116400,1.1739,1.174,1.17338,1.1734,3156.0,2025-07-10 03:00:00
1752120000,1.17342,1.17359,1.17304,1.1735,2729.0,2025-07-10 04:00:00
1752123600,1.17348,1.17411,1.17348,1.17392,3626.0,2025-07-10 05:00:00
1752127200,1.17393,1.17435,1.17296,1.17328,6751.0,2025-07-10 06:00:00
1752130800,1.17328,1.1738,1.17262,1.17332,7016.0,2025-07-10 07:00:00
1752134400,1.17333,1.17344,1.17262,1.17276,4630.0,2025-07-10 08:00:00
1752138000,1.17277,1.17344,1.17277,1.17311,3615.0,2025-07-10 09:00:00
1752141600,1.17312,1.1734,1.17276,1.17284,3278.0,2025-07-10 10:00:00
1752145200,1.17284,1.17296,1.17081,1.1712,5216.0,2025-07-10 11:00:00
1752148800,1.1712,1.1714,1.17016,1.17067,8353.0,2025-07-10 12:00:00
1752152400,1.17066,1.17148,1.16866,1.16928,9479.0,2025-07-10 13:00:00
1752156000,1.16928,1.16938,1.16624,1.168,15108.0,2025-07-10 14:00:00
1752159600,1.16799,1.16886,1.1674,1.16874,8487.0,2025-07-10 15:00:00
1752163200,1.16874,1.16902,1.16824,1.16856,5567.0,2025-07-10 16:00:00
1752166800,1.16856,1.16914,1.16816,1.16892,3941.0,2025-07-10 17:00:00
1752170400,1.1689,1.1695,1.16879,1.16923,3927.0,2025-07-10 18:00:00
1752174000,1.16924,1.16992,1.169,1.16956,3440.0,2025-07-10 19:00:00
1752177600,1.16955,1.17007,1.16946,1.17006,2470.0,2025-07-10 20:00:00
1752181200,1.1699,1.17036,1.16984,1.17036,915.0,2025-07-10 21:00:00
1752184800,1.17036,1.17076,1.17024,1.17058,936.0,2025-07-10 22:00:00
1752188400,1.17059,1.17062,1.16994,1.17018,1504.0,2025-07-10 23:00:00
1752192000,1.1702,1.17049,1.16648,1.16748,13109.0,2025-07-11 00:00:00
1752195600,1.16747,1.1686,1.16686,1.16754,8312.0,2025-07-11 01:00:00
1752199200,1.16755,1.1678,1.16708,1.1671,5774.0,2025-07-11 02:00:00
1752202800,1.1671,1.16846,1.16704,1.16817,4118.0,2025-07-11 03:00:00
1752206400,1.16816,1.1683,1.16693,1.16764,4676.0,2025-07-11 04:00:00
1752210000,1.16762,1.16842,1.16751,1.16782,4637.0,2025-07-11 05:00:00
1752213600,1.16782,1.16848,1.16704,1.16749,7924.0,2025-07-11 06:00:00
1752217200,1.16752,1.16958,1.16752,1.16888,8296.0,2025-07-11 07:00:00
1752220800,1.1689,1.16922,1.16798,1.16822,6880.0,2025-07-11 08:00:00
1752224400,1.16822,1.16954,1.16812,1.1695,5763.0,2025-07-11 09:00:00
1752228000,1.1695,1.16969,1.16876,1.16927,5713.0,2025-07-11 10:00:00
1752231600,1.16928,1.17012,1.16863,1.1688,7159.0,2025-07-11 11:00:00
1752235200,1.16878,1.17004,1.16824,1.16886,9127.0,2025-07-11 12:00:00
1752238800,1.16886,1.17142,1.16862,1.16888,11113.0,2025-07-11 13:00:00
1752242400,1.16886,1.16944,1.16742,1.16922,11836.0,2025-07-11 14:00:00
1752246000,1.16921,1.17042,1.16892,1.16962,7688.0,2025-07-11 15:00:00
1752249600,1.16962,1.16982,1.16888,1.16916,7036.0,2025-07-11 16:00:00
1752253200,1.16917,1.16949,1.16866,1.16932,4127.0,2025-07-11 17:00:00
1752256800,1.16935,1.1696,1.16884,1.16885,5388.0,2025-07-11 18:00:00
1752260400,1.16887,1.16922,1.16858,1.1688,5139.0,2025-07-11 19:00:00
1752264000,1.1688,1.16943,1.16789,1.16911,4311.0,2025-07-11 20:00:00
1752440400,1.16702,1.16736,1.1662,1.16698,1151.0,2025-07-13 21:00:00
1752444000,1.16698,1.16848,1.16632,1.16649,3973.0,2025-07-13 22:00:00
1752447600,1.16649,1.1683,1.16637,1.16827,3918.0,2025-07-13 23:00:00
1752451200,1.16826,1.16942,1.16819,1.16935,5101.0,2025-07-14 00:00:00
1752454800,1.16936,1.16978,1.16842,1.16846,5011.0,2025-07-14 01:00:00
1752458400,1.16845,1.16902,1.16728,1.16746,4580.0,2025-07-14 02:00:00
1752462000,1.16747,1.16852,1.16734,1.16812,4210.0,2025-07-14 03:00:00
1752465600,1.1681,1.1682,1.16748,1.16748,3470.0,2025-07-14 04:00:00
1752469200,1.16748,1.16787,1.1665,1.16696,4726.0,2025-07-14 05:00:00
1752472800,1.16698,1.16704,1.16543,1.16636,5749.0,2025-07-14 06:00:00
1752476400,1.16636,1.16875,1.16629,1.16858,7341.0,2025-07-14 07:00:00
1752480000,1.16857,1.16889,1.168,1.16826,5920.0,2025-07-14 08:00:00
1752483600,1.16826,1.16922,1.16796,1.16913,5426.0,2025-07-14 09:00:00
1752487200,1.16913,1.16954,1.1688,1.16948,4411.0,2025-07-14 10:00:00
1752490800,1.16949,1.16972,1.16864,1.16888,5638.0,2025-07-14 11:00:00
1752494400,1.16888,1.1692,1.168,1.16857,5359.0,2025-07-14 12:00:00
1752498000,1.16856,1.16867,1.16746,1.16821,7072.0,2025-07-14 13:00:00
1752501600,1.1682,1.16942,1.16786,1.16834,7544.0,2025-07-14 14:00:00
1752505200,1.16835,1.1696,1.16672,1.16712,8401.0,2025-07-14 15:00:00
1752508800,1.16712,1.16762,1.16602,1.16624,7752.0,2025-07-14 16:00:00
1752512400,1.16624,1.1667,1.16592,1.16628,3584.0,2025-07-14 17:00:00
1752516000,1.16628,1.1673,1.16628,1.16702,4093.0,2025-07-14 18:00:00
1752519600,1.16702,1.16718,1.16646,1.16682,2742.0,2025-07-14 19:00:00
1752523200,1.16682,1.16692,1.16634,1.16656,1890.0,2025-07-14 20:00:00
1752526800,1.1665,1.16661,1.16616,1.16642,470.0,2025-07-14 21:00:00
1752530400,1.16644,1.16678,1.16642,1.16666,728.0,2025-07-14 22:00:00
1752534000,1.16666,1.1667,1.16605,1.16654,1611.0,2025-07-14 23:00:00
1752537600,1.16654,1.16772,1.1665,1.16722,4410.0,2025-07-15 00:00:00
1752541200,1.16724,1.16748,1.16661,1.1669,3903.0,2025-07-15 01:00:00
1752544800,1.16694,1.16751,1.16654,1.16746,3788.0,2025-07-15 02:00:00
1752548400,1.16746,1.16776,1.16732,1.16759,2613.0,2025-07-15 03:00:00
1752552000,1.16761,1.168,1.1674,1.1676,1852.0,2025-07-15 04:00:00
1752555600,1.1676,1.16864,1.16759,1.16858,2870.0,2025-07-15 05:00:00
1752559200,1.16856,1.16882,1.16744,1.1678,4620.0,2025-07-15 06:00:00
1752562800,1.16778,1.16928,1.16718,1.16905,6590.0,2025-07-15 07:00:00
1752566400,1.16904,1.16914,1.16819,1.1687,4819.0,2025-07-15 08:00:00
1752570000,1.1687,1.16911,1.16812,1.1685,4645.0,2025-07-15 09:00:00
1752573600,1.16851,1.16875,1.16764,1.16838,3512.0,2025-07-15 10:00:00
1752577200,1.16838,1.16842,1.16677,1.16697,4715.0,2025-07-15 11:00:00
1752580800,1.16696,1.16911,1.16624,1.16781,14160.0,2025-07-15 12:00:00
1752584400,1.1678,1.16792,1.16386,1.16432,16791.0,2025-07-15 13:00:00
1752588000,1.16432,1.16442,1.16153,1.16186,17148.0,2025-07-15 14:00:00
1752591600,1.16186,1.16186,1.16008,1.1618,10021.0,2025-07-15 15:00:00
1752595200,1.16182,1.16205,1.15938,1.15962,7533.0,2025-07-15 16:00:00
1752598800,1.15966,1.16014,1.15929,1.15967,4499.0,2025-07-15 17:00:00
1752602400,1.15966,1.16053,1.15954,1.16032,3889.0,2025-07-15 18:00:00
1752606000,1.1603,1.16036,1.15992,1.1601,2977.0,2025-07-15 19:00:00
1752609600,1.1601,1.16038,1.15994,1.16024,1662.0,2025-07-15 20:00:00
1752613200,1.15998,1.16014,1.15994,1.16011,391.0,2025-07-15 21:00:00
1752616800,1.16012,1.16046,1.1599,1.16044,882.0,2025-07-15 22:00:00
1752620400,1.16045,1.1608,1.16031,1.16074,1302.0,2025-07-15 23:00:00
1752624000,1.16074,1.16134,1.16024,1.1608,4743.0,2025-07-16 00:00:00
1752627600,1.16081,1.16156,1.16066,1.16137,4679.0,2025-07-16 01:00:00
1752631200,1.16136,1.16138,1.16072,1.16104,3327.0,2025-07-16 02:00:00
1752634800,1.16104,1.16156,1.16062,1.1611,3171.0,2025-07-16 03:00:00
1752638400,1.16112,1.162,1.16102,1.16198,2919.0,2025-07-16 04:00:00
1752642000,1.16198,1.16208,1.16146,1.16208,3558.0,2025-07-16 05:00:00
1752645600,1.16208,1.1628,1.16184,1.16278,6344.0,2025-07-16 06:00:00
1752649200,1.16278,1.16285,1.16128,1.16186,6499.0,2025-07-16 07:00:00
1752652800,1.16186,1.16258,1.16179,1.16256,5608.0,2025-07-16 08:00:00
1752656400,1.16256,1.16264,1.16132,1.16156,5580.0,2025-07-16 09:00:00
1752660000,1.16156,1.1619,1.16092,1.16174,4111.0,2025-07-16 10:00:00
1752663600,1.16172,1.16212,1.16008,1.16035,5509.0,2025-07-16 11:00:00
1752667200,1.16036,1.16137,1.1593,1.15986,12729.0,2025-07-16 12:00:00
1752670800,1.15986,1.1603,1.1563,1.15726,13721.0,2025-07-16 13:00:00
1752674400,1.15726,1.1606,1.15624,1.15928,16393.0,2025-07-16 14:00:00
1752678000,1.15926,1.17217,1.15923,1.1629,59067.0,2025-07-16 15:00:00
1752681600,1.1629,1.16564,1.16156,1.16392,25763.0,2025-07-16 16:00:00
1752685200,1.16392,1.16586,1.16365,1.16415,12091.0,2025-07-16 17:00:00
1752688800,1.16416,1.16445,1.16275,1.16282,6376.0,2025-07-16 18:00:00
1752692400,1.16281,1.16374,1.162,1.1636,5603.0,2025-07-16 19:00:00
1752696000,1.1636,1.16428,1.16334,1.16417,3629.0,2025-07-16 20:00:00
1752699600,1.16372,1.16426,1.16347,1.1636,928.0,2025-07-16 21:00:00
1752703200,1.16356,1.16424,1.16354,1.16363,1123.0,2025-07-16 22:00:00
1752706800,1.16364,1.16402,1.16334,1.16356,1845.0,2025-07-16 23:00:00
1752710400,1.16355,1.16364,1.16172,1.16239,4289.0,2025-07-17 00:00:00
1752714000,1.1624,1.16291,1.16136,1.16278,5497.0,2025-07-17 01:00:00
1752717600,1.1628,1.1628,1.16169,1.16181,3928.0,2025-07-17 02:00:00
1752721200,1.16182,1.16196,1.1614,1.16192,2948.0,2025-07-17 03:00:00
1752724800,1.16192,1.16246,1.16161,1.16244,1930.0,2025-07-17 04:00:00
1752728400,1.16244,1.16274,1.16166,1.16168,3239.0,2025-07-17 05:00:00
1752732000,1.16168,1.16176,1.15731,1.15832,11184.0,2025-07-17 06:00:00
1752735600,1.15831,1.15966,1.1574,1.15908,8887.0,2025-07-17 07:00:00
1752739200,1.15907,1.16053,1.15895,1.16016,5559.0,2025-07-17 08:00:00
1752742800,1.16017,1.16047,1.15881,1.15908,4013.0,2025-07-17 09:00:00
1752746400,1.15908,1.15914,1.15834,1.1586,3447.0,2025-07-17 10:00:00
1752750000,1.15861,1.159,1.15704,1.15746,4318.0,2025-07-17 11:00:00
1752753600,1.15745,1.15926,1.15569,1.15871,11669.0,2025-07-17 12:00:00
1752757200,1.15872,1.15986,1.15802,1.15864,10483.0,2025-07-17 13:00:00
1752760800,1.15864,1.15928,1.15778,1.1588,9148.0,2025-07-17 14:00:00
1752764400,1.15879,1.16027,1.15854,1.15964,7088.0,2025-07-17 15:00:00
1752768000,1.15966,1.1602,1.15835,1.15862,5405.0,2025-07-17 16:00:00
1752771600,1.15862,1.15906,1.15824,1.15851,4228.0,2025-07-17 17:00:00
1752775200,1.15852,1.15881,1.158,1.15844,3757.0,2025-07-17 18:00:00
1752778800,1.15844,1.15998,1.15843,1.15975,3442.0,2025-07-17 19:00:00
1752782400,1.15974,1.16004,1.15942,1.15976,2319.0,2025-07-17 20:00:00
1752786000,1.1594,1.15988,1.15938,1.1598,558.0,2025-07-17 21:00:00
1752789600,1.15982,1.16194,1.15978,1.16168,1837.0,2025-07-17 22:00:00
1752793200,1.16172,1.16197,1.16148,1.16151,1767.0,2025-07-17 23:00:00
1752796800,1.16152,1.16276,1.16145,1.16246,4542.0,2025-07-18 00:00:00
1752800400,1.16247,1.16344,1.16202,1.1629,4472.0,2025-07-18 01:00:00
1752804000,1.16289,1.16314,1.16243,1.16292,3231.0,2025-07-18 02:00:00
1752807600,1.16292,1.16319,1.16222,1.16238,2829.0,2025-07-18 03:00:00
1752811200,1.1624,1.1624,1.16184,1.16192,2078.0,2025-07-18 04:00:00
1752814800,1.16192,1.16205,1.16122,1.16171,3210.0,2025-07-18 05:00:00
1752818400,1.16171,1.16226,1.1612,1.16205,5331.0,2025-07-18 06:00:00
1752822000,1.16207,1.16312,1.162,1.1629,5579.0,2025-07-18 07:00:00
1752825600,1.1629,1.16458,1.16282,1.16355,6646.0,2025-07-18 08:00:00
1752829200,1.16356,1.1643,1.16332,1.16336,4783.0,2025-07-18 09:00:00
1752832800,1.16334,1.16422,1.16322,1.164,4541.0,2025-07-18 10:00:00
1752836400,1.16402,1.16481,1.16398,1.16444,5440.0,2025-07-18 11:00:00
1752840000,1.16444,1.16586,1.16431,1.16564,8501.0,2025-07-18 12:00:00
1752843600,1.16564,1.16678,1.16478,1.16667,9719.0,2025-07-18 13:00:00
1752847200,1.16671,1.16722,1.16446,1.16478,11261.0,2025-07-18 14:00:00
1752850800,1.1648,1.16579,1.16426,1.16446,7096.0,2025-07-18 15:00:00
1752854400,1.16447,1.16488,1.16264,1.16286,7686.0,2025-07-18 16:00:00
1752858000,1.16286,1.16299,1.1618,1.1627,4457.0,2025-07-18 17:00:00
1752861600,1.1627,1.16282,1.16195,1.16217,4014.0,2025-07-18 18:00:00
1752865200,1.16218,1.16232,1.16172,1.16226,3396.0,2025-07-18 19:00:00
1752868800,1.16223,1.16291,1.16194,1.16255,3518.0,2025-07-18 20:00:00
1753045200,1.16297,1.16354,1.16271,1.16352,1077.0,2025-07-20 21:00:00
1753048800,1.16352,1.16352,1.16226,1.16265,3468.0,2025-07-20 22:00:00
1753052400,1.16264,1.16319,1.16248,1.16298,2376.0,2025-07-20 23:00:00
1753056000,1.16297,1.16364,1.16189,1.16192,4312.0,2025-07-21 00:00:00
1753059600,1.1619,1.16254,1.16158,1.16174,4402.0,2025-07-21 01:00:00
1753063200,1.16172,1.16244,1.16147,1.16219,3220.0,2025-07-21 02:00:00
1753066800,1.1622,1.16258,1.16202,1.16254,2504.0,2025-07-21 03:00:00
1753070400,1.16254,1.16302,1.16232,1.16293,1928.0,2025-07-21 04:00:00
1753074000,1.16294,1.16354,1.16278,1.16336,3125.0,2025-07-21 05:00:00
1753077600,1.16335,1.16429,1.16292,1.16415,6393.0,2025-07-21 06:00:00
1753081200,1.16416,1.16476,1.16356,1.16435,7326.0,2025-07-21 07:00:00
1753084800,1.16434,1.16523,1.16365,1.16422,6376.0,2025-07-21 08:00:00
1753088400,1.16423,1.16486,1.16386,1.16449,4660.0,2025-07-21 09:00:00
1753092000,1.16447,1.16463,1.16336,1.16456,4453.0,2025-07-21 10:00:00
1753095600,1.16457,1.16698,1.16446,1.16677,6405.0,2025-07-21 11:00:00
1753099200,1.16676,1.16734,1.16626,1.16651,6314.0,2025-07-21 12:00:00
1753102800,1.1665,1.16656,1.16578,1.16649,5935.0,2025-07-21 13:00:00
1753106400,1.16648,1.16986,1.1664,1.16966,11024.0,2025-07-21 14:00:00
1753110000,1.16967,1.17168,1.16958,1.17048,8111.0,2025-07-21 15:00:00
1753113600,1.17048,1.17058,1.16955,1.17002,5982.0,2025-07-21 16:00:00
1753117200,1.17,1.17016,1.1686,1.16908,3979.0,2025-07-21 17:00:00
1753120800,1.16908,1.16954,1.16866,1.16938,3428.0,2025-07-21 18:00:00
1753124400,1.1694,1.16962,1.16894,1.16896,3278.0,2025-07-21 19:00:00
1753128000,1.16896,1.1697,1.16882,1.16956,2705.0,2025-07-21 20:00:00
1753131600,1.16928,1.16949,1.1692,1.16927,523.0,2025-07-21 21:00:00
1753135200,1.1693,1.1695,1.16915,1.16948,866.0,2025-07-21 22:00:00
1753138800,1.16944,1.1696,1.16906,1.1695,1120.0,2025-07-21 23:00:00
1753142400,1.1695,1.16956,1.16836,1.16885,3559.0,2025-07-22 00:00:00
1753146000,1.16886,1.16904,1.16826,1.16882,2785.0,2025-07-22 01:00:00
1753149600,1.16882,1.16956,1.16882,1.16907,2116.0,2025-07-22 02:00:00
1753153200,1.16906,1.16912,1.16852,1.16872,1989.0,2025-07-22 03:00:00
1753156800,1.16874,1.16946,1.16862,1.16884,2347.0,2025-07-22 04:00:00
1753160400,1.16884,1.16922,1.16831,1.1687,2994.0,2025-07-22 05:00:00
1753164000,1.16871,1.16924,1.16843,1.16908,4507.0,2025-07-22 06:00:00
1753167600,1.16907,1.16924,1.16818,1.1686,5386.0,2025-07-22 07:00:00
1753171200,1.1686,1.17035,1.1684,1.16985,5953.0,2025-07-22 08:00:00
1753174800,1.16986,1.1707,1.16934,1.17054,4339.0,2025-07-22 09:00:00
1753178400,1.17055,1.17094,1.16996,1.17018,3634.0,2025-07-22 10:00:00
1753182000,1.1702,1.17038,1.16944,1.17014,5038.0,2025-07-22 11:00:00
1753185600,1.17013,1.1705,1.16832,1.16906,6408.0,2025-07-22 12:00:00
1753189200,1.16906,1.17046,1.16788,1.17043,9344.0,2025-07-22 13:00:00
1753192800,1.17042,1.17267,1.1691,1.17222,12394.0,2025-07-22 14:00:00
1753196400,1.17223,1.17492,1.17146,1.1748,10584.0,2025-07-22 15:00:00
1753200000,1.17483,1.17608,1.17446,1.1755,7252.0,2025-07-22 16:00:00
1753203600,1.17552,1.17554,1.17433,1.17458,4440.0,2025-07-22 17:00:00
1753207200,1.17458,1.17484,1.1742,1.1748,2937.0,2025-07-22 18:00:00
1753210800,1.17479,1.17528,1.1745,1.17516,2514.0,2025-07-22 19:00:00
1753214400,1.17516,1.17548,1.17451,1.17544,2483.0,2025-07-22 20:00:00
1753218000,1.17544,1.17544,1.17488,1.17494,499.0,2025-07-22 21:00:00
1753221600,1.17492,1.17514,1.17466,1.17482,932.0,2025-07-22 22:00:00
1753225200,1.17484,1.17562,1.17362,1.1738,4423.0,2025-07-22 23:00:00
1753228800,1.1738,1.1748,1.17336,1.17472,6678.0,2025-07-23 00:00:00
1753232400,1.17472,1.17488,1.17306,1.17371,6364.0,2025-07-23 01:00:00
1753236000,1.17372,1.17421,1.17328,1.17348,6564.0,2025-07-23 02:00:00
1753239600,1.17351,1.17462,1.1734,1.1739,3988.0,2025-07-23 03:00:00
1753243200,1.17392,1.17398,1.17322,1.1735,2926.0,2025-07-23 04:00:00
1753246800,1.1735,1.17379,1.17272,1.17304,4318.0,2025-07-23 05:00:00
1753250400,1.17303,1.17427,1.173,1.17424,7223.0,2025-07-23 06:00:00
1753254000,1.17422,1.1753,1.1734,1.17418,7934.0,2025-07-23 07:00:00
1753257600,1.1742,1.17482,1.1731,1.17329,7095.0,2025-07-23 08:00:00
1753261200,1.17329,1.17396,1.17304,1.1736,5998.0,2025-07-23 09:00:00
1753264800,1.17358,1.17366,1.1723,1.1726,5699.0,2025-07-23 10:00:00
1753268400,1.1726,1.17314,1.17235,1.17257,6683.0,2025-07-23 11:00:00
1753272000,1.17258,1.17334,1.17202,1.1725,6677.0,2025-07-23 12:00:00
1753275600,1.17249,1.17305,1.1711,1.17262,9932.0,2025-07-23 13:00:00
1753279200,1.17262,1.17378,1.17234,1.17338,9030.0,2025-07-23 14:00:00
1753282800,1.17337,1.17584,1.17218,1.17468,11992.0,2025-07-23 15:00:00
1753286400,1.1747,1.1761,1.1743,1.17512,13837.0,2025-07-23 16:00:00
1753290000,1.17513,1.17652,1.17456,1.17598,8960.0,2025-07-23 17:00:00
1753293600,1.176,1.17741,1.17596,1.17714,5787.0,2025-07-23 18:00:00
1753297200,1.17716,1.17751,1.17679,1.17733,4216.0,2025-07-23 19:00:00
1753300800,1.17734,1.17752,1.17666,1.1773,4630.0,2025-07-23 20:00:00
1753304400,1.17702,1.17747,1.17694,1.17706,893.0,2025-07-23 21:00:00
1753308000,1.17705,1.1775,1.17703,1.17736,1507.0,2025-07-23 22:00:00
1753311600,1.17736,1.17792,1.17732,1.17736,1700.0,2025-07-23 23:00:00
1753315200,1.17735,1.17737,1.17622,1.17671,4418.0,2025-07-24 00:00:00
1753318800,1.1767,1.17798,1.17668,1.17751,6095.0,2025-07-24 01:00:00
1753322400,1.1775,1.17786,1.17711,1.17768,3853.0,2025-07-24 02:00:00
1753326000,1.17768,1.17802,1.17739,1.17752,3388.0,2025-07-24 03:00:00
1753329600,1.1775,1.1778,1.17729,1.17743,2544.0,2025-07-24 04:00:00
1753333200,1.17742,1.17782,1.17705,1.1771,4707.0,2025-07-24 05:00:00
1753336800,1.17709,1.1773,1.17571,1.17571,5893.0,2025-07-24 06:00:00
1753340400,1.17571,1.177,1.17551,1.17617,8049.0,2025-07-24 07:00:00
1753344000,1.17619,1.17683,1.17556,1.1758,6295.0,2025-07-24 08:00:00
1753347600,1.17582,1.17594,1.17466,1.17524,5182.0,2025-07-24 09:00:00
1753351200,1.17525,1.17548,1.17434,1.17491,4274.0,2025-07-24 10:00:00
1753354800,1.17492,1.17564,1.17458,1.1756,4994.0,2025-07-24 11:00:00
1753358400,1.1756,1.17588,1.1732,1.17361,10278.0,2025-07-24 12:00:00
1753362000,1.17362,1.1777,1.17306,1.17714,18144.0,2025-07-24 13:00:00
1753365600,1.17714,1.17888,1.17616,1.17662,13853.0,2025-07-24 14:00:00
1753369200,1.17664,1.17784,1.17554,1.17648,9986.0,2025-07-24 15:00:00
1753372800,1.17648,1.17726,1.17568,1.17628,6824.0,2025-07-24 16:00:00
1753376400,1.17628,1.17782,1.17604,1.177,4183.0,2025-07-24 17:00:00
1753380000,1.177,1.1771,1.17623,1.17659,3567.0,2025-07-24 18:00:00
1753383600,1.17658,1.17703,1.17582,1.17584,3642.0,2025-07-24 19:00:00
1753387200,1.17583,1.176,1.17454,1.1749,4438.0,2025-07-24 20:00:00
1753390800,1.17394,1.175,1.17392,1.17469,693.0,2025-07-24 21:00:00
1753394400,1.17466,1.17532,1.17446,1.1752,1262.0,2025-07-24 22:00:00
1753398000,1.17522,1.17575,1.17499,1.17548,1526.0,2025-07-24 23:00:00
1753401600,1.17548,1.1759,1.17488,1.17544,5044.0,2025-07-25 00:00:00
1753405200,1.17545,1.17586,1.17393,1.1743,5189.0,2025-07-25 01:00:00
1753408800,1.1743,1.17437,1.1734,1.17392,3333.0,2025-07-25 02:00:00
1753412400,1.17393,1.17453,1.17368,1.17426,3281.0,2025-07-25 03:00:00
1753416000,1.17424,1.17464,1.17344,1.17402,3935.0,2025-07-25 04:00:00
1753419600,1.17403,1.17492,1.17374,1.17468,4864.0,2025-07-25 05:00:00
1753423200,1.17466,1.1761,1.17416,1.1748,8437.0,2025-07-25 06:00:00
1753426800,1.1748,1.17594,1.1748,1.17532,8943.0,2025-07-25 07:00:00
1753430400,1.1753,1.17581,1.17415,1.17433,8760.0,2025-07-25 08:00:00
1753434000,1.17432,1.17436,1.17332,1.17351,6355.0,2025-07-25 09:00:00
1753437600,1.17352,1.17374,1.17247,1.17283,5270.0,2025-07-25 10:00:00
1753441200,1.17282,1.17309,1.17114,1.1721,6911.0,2025-07-25 11:00:00
1753444800,1.17211,1.17273,1.17117,1.17183,7541.0,2025-07-25 12:00:00
1753448400,1.17186,1.17307,1.1703,1.17218,22092.0,2025-07-25 13:00:00
1753452000,1.17218,1.17358,1.17216,1.17296,11700.0,2025-07-25 14:00:00
1753455600,1.17293,1.17387,1.17219,1.1729,8163.0,2025-07-25 15:00:00
1753459200,1.17292,1.17307,1.17202,1.1729,7291.0,2025-07-25 16:00:00
1753462800,1.17288,1.17396,1.17288,1.17364,4153.0,2025-07-25 17:00:00
1753466400,1.17366,1.17468,1.17358,1.17455,4479.0,2025-07-25 18:00:00
1753470000,1.17454,1.17472,1.17412,1.17438,3037.0,2025-07-25 19:00:00
1753473600,1.17438,1.1744,1.17376,1.17417,4463.0,2025-07-25 20:00:00
1753650000,1.17558,1.1765,1.17552,1.1762,1158.0,2025-07-27 21:00:00
1753653600,1.17616,1.17691,1.17512,1.17551,3043.0,2025-07-27 22:00:00
1753657200,1.17552,1.17606,1.17541,1.17556,2508.0,2025-07-27 23:00:00
1753660800,1.17556,1.17706,1.1755,1.17639,7745.0,2025-07-28 00:00:00
1753664400,1.1764,1.177,1.17477,1.17524,7108.0,2025-07-28 01:00:00
1753668000,1.17524,1.17574,1.17464,1.1755,4301.0,2025-07-28 02:00:00
1753671600,1.17549,1.17572,1.17512,1.17567,3755.0,2025-07-28 03:00:00
1753675200,1.17568,1.17583,1.17459,1.17475,3484.0,2025-07-28 04:00:00
1753678800,1.17473,1.17478,1.17399,1.17408,3515.0,2025-07-28 05:00:00
1753682400,1.17408,1.17447,1.17111,1.17213,10290.0,2025-07-28 06:00:00
1753686000,1.17212,1.1724,1.16706,1.1675,12579.0,2025-07-28 07:00:00
1753689600,1.16748,1.16902,1.1671,1.16791,10362.0,2025-07-28 08:00:00
1753693200,1.16788,1.16844,1.16582,1.1667,8185.0,2025-07-28 09:00:00
1753696800,1.16668,1.16722,1.16551,1.1658,8395.0,2025-07-28 10:00:00
1753700400,1.1658,1.16586,1.16438,1.16512,10401.0,2025-07-28 11:00:00
1753704000,1.16514,1.16652,1.16482,1.16581,13333.0,2025-07-28 12:00:00
1753707600,1.1658,1.16621,1.16258,1.16333,13095.0,2025-07-28 13:00:00
1753711200,1.16332,1.16476,1.16306,1.16372,11830.0,2025-07-28 14:00:00
1753714800,1.16372,1.16394,1.16082,1.16088,9788.0,2025-07-28 15:00:00
1753718400,1.1609,1.16108,1.15985,1.15992,6509.0,2025-07-28 16:00:00
1753722000,1.15991,1.16016,1.1589,1.15922,4909.0,2025-07-28 17:00:00
1753725600,1.15922,1.15948,1.15854,1.15948,4312.0,2025-07-28 18:00:00
1753729200,1.15946,1.15961,1.15892,1.15916,3043.0,2025-07-28 19:00:00
1753732800,1.15921,1.15942,1.15853,1.15887,2708.0,2025-07-28 20:00:00
1753736400,1.15912,1.15922,1.15893,1.15908,498.0,2025-07-28 21:00:00
1753740000,1.15909,1.15943,1.15874,1.15937,1563.0,2025-07-28 22:00:00
1753743600,1.15938,1.15968,1.15893,1.15966,1262.0,2025-07-28 23:00:00
1753747200,1.15966,1.15976,1.15846,1.15852,3985.0,2025-07-29 00:00:00
1753750800,1.15852,1.15986,1.1585,1.1591,4892.0,2025-07-29 01:00:00
1753754400,1.15911,1.15994,1.1591,1.15972,3544.0,2025-07-29 02:00:00
1753758000,1.1597,1.15984,1.15815,1.1583,2920.0,2025-07-29 03:00:00
1753761600,1.1583,1.1589,1.15746,1.15888,3690.0,2025-07-29 04:00:00
1753765200,1.15887,1.15905,1.15772,1.15789,3921.0,2025-07-29 05:00:00
1753768800,1.15788,1.15861,1.15318,1.1534,12912.0,2025-07-29 06:00:00
1753772400,1.15342,1.1555,1.1527,1.15549,15228.0,2025-07-29 07:00:00
1753776000,1.15547,1.15695,1.15526,1.15692,9480.0,2025-07-29 08:00:00
1753779600,1.15692,1.15849,1.1563,1.15767,8164.0,2025-07-29 09:00:00
1753783200,1.15766,1.15885,1.15725,1.1574,6277.0,2025-07-29 10:00:00
1753786800,1.15743,1.1575,1.15374,1.15401,9586.0,2025-07-29 11:00:00
1753790400,1.154,1.15422,1.15251,1.15251,9707.0,2025-07-29 12:00:00
1753794000,1.1525,1.1547,1.1519,1.15458,12567.0,2025-07-29 13:00:00
1753797600,1.15457,1.15519,1.15216,1.15228,18462.0,2025-07-29 14:00:00
1753801200,1.15228,1.1541,1.1522,1.15336,11072.0,2025-07-29 15:00:00
1753804800,1.15336,1.15496,1.15336,1.15416,7675.0,2025-07-29 16:00:00
1753808400,1.15416,1.15607,1.15402,1.15416,7487.0,2025-07-29 17:00:00
1753812000,1.15417,1.15506,1.15375,1.15504,5146.0,2025-07-29 18:00:00
1753815600,1.15505,1.15576,1.1549,1.155,4184.0,2025-07-29 19:00:00
1753819200,1.15502,1.15526,1.15443,1.15454,2498.0,2025-07-29 20:00:00
1753822800,1.15474,1.15492,1.15462,1.15488,406.0,2025-07-29 21:00:00
1753826400,1.15491,1.1551,1.15472,1.15498,995.0,2025-07-29 22:00:00
1753830000,1.15498,1.1551,1.15466,1.15508,1091.0,2025-07-29 23:00:00
1753833600,1.15509,1.15678,1.15507,1.15673,5380.0,2025-07-30 00:00:00
1753837200,1.15674,1.15728,1.15605,1.15644,6201.0,2025-07-30 01:00:00
1753840800,1.15641,1.15684,1.15606,1.15639,3289.0,2025-07-30 02:00:00
1753844400,1.15638,1.15707,1.15582,1.15618,3477.0,2025-07-30 03:00:00
1753848000,1.15619,1.1562,1.15506,1.15513,3148.0,2025-07-30 04:00:00
1753851600,1.15512,1.15598,1.15485,1.15501,4695.0,2025-07-30 05:00:00
1753855200,1.15502,1.15607,1.15402,1.15568,7414.0,2025-07-30 06:00:00
1753858800,1.15566,1.15688,1.15511,1.15536,7783.0,2025-07-30 07:00:00
1753862400,1.15536,1.15594,1.15488,1.15568,6910.0,2025-07-30 08:00:00
1753866000,1.15568,1.15606,1.15449,1.15518,6887.0,2025-07-30 09:00:00
1753869600,1.15518,1.1555,1.15324,1.15394,6019.0,2025-07-30 10:00:00
1753873200,1.15394,1.15409,1.15219,1.15312,6865.0,2025-07-30 11:00:00
1753876800,1.15314,1.15347,1.1469,1.1473,19375.0,2025-07-30 12:00:00
1753880400,1.1473,1.14811,1.14582,1.14694,16858.0,2025-07-30 13:00:00
1753884000,1.14695,1.14823,1.14652,1.14806,11641.0,2025-07-30 14:00:00
1753887600,1.14805,1.14853,1.14636,1.14686,8155.0,2025-07-30 15:00:00
1753891200,1.14688,1.14743,1.14648,1.1474,5827.0,2025-07-30 16:00:00
1753894800,1.1474,1.1484,1.1474,1.14827,5411.0,2025-07-30 17:00:00
1753898400,1.14827,1.15035,1.14244,1.14244,30096.0,2025-07-30 18:00:00
1753902000,1.14244,1.14362,1.14141,1.1424,15405.0,2025-07-30 19:00:00
1753905600,1.1424,1.14296,1.1401,1.14055,6031.0,2025-07-30 20:00:00
1753909200,1.14066,1.14098,1.14033,1.14092,933.0,2025-07-30 21:00:00
1753912800,1.14096,1.14246,1.14065,1.14228,1930.0,2025-07-30 22:00:00
1753916400,1.1423,1.14305,1.14194,1.14281,2274.0,2025-07-30 23:00:00
1753920000,1.14282,1.14376,1.1428,1.14343,5349.0,2025-07-31 00:00:00
1753923600,1.14342,1.14382,1.14236,1.14308,5615.0,2025-07-31 01:00:00
1753927200,1.14309,1.14318,1.14214,1.14292,4836.0,2025-07-31 02:00:00
1753930800,1.14294,1.14344,1.14076,1.14234,5121.0,2025-07-31 03:00:00
1753934400,1.14234,1.14364,1.14194,1.14358,3627.0,2025-07-31 04:00:00
1753938000,1.14355,1.1443,1.1431,1.14367,4615.0,2025-07-31 05:00:00
1753941600,1.14366,1.14608,1.14354,1.14586,9560.0,2025-07-31 06:00:00
1753945200,1.14584,1.14584,1.14331,1.14488,9299.0,2025-07-31 07:00:00
1753948800,1.14488,1.14551,1.14382,1.14502,7971.0,2025-07-31 08:00:00
1753952400,1.14502,1.14511,1.14325,1.14332,5921.0,2025-07-31 09:00:00
1753956000,1.14332,1.14416,1.14207,1.14397,6368.0,2025-07-31 10:00:00
1753959600,1.14398,1.1451,1.14362,1.14492,7525.0,2025-07-31 11:00:00
1753963200,1.14492,1.1451,1.14247,1.14286,11587.0,2025-07-31 12:00:00
1753966800,1.14287,1.14297,1.14057,1.14114,12469.0,2025-07-31 13:00:00
1753970400,1.14114,1.14498,1.14076,1.14448,14349.0,2025-07-31 14:00:00
1753974000,1.14448,1.145,1.14282,1.14302,10868.0,2025-07-31 15:00:00
1753977600,1.14301,1.1433,1.14216,1.14226,8213.0,2025-07-31 16:00:00
1753981200,1.14226,1.14247,1.14153,1.14196,5039.0,2025-07-31 17:00:00
1753984800,1.14196,1.1433,1.14157,1.14266,3943.0,2025-07-31 18:00:00
1753988400,1.14264,1.1432,1.14122,1.14125,4809.0,2025-07-31 19:00:00
1753992000,1.14124,1.14184,1.14096,1.14148,4080.0,2025-07-31 20:00:00
1753995600,1.14172,1.14195,1.1417,1.14172,329.0,2025-07-31 21:00:00
1753999200,1.1417,1.14229,1.14152,1.1418,1503.0,2025-07-31 22:00:00
1754002800,1.14181,1.14263,1.14118,1.14221,3499.0,2025-07-31 23:00:00
1754006400,1.14221,1.14289,1.14156,1.14243,5968.0,2025-08-01 00:00:00
1754010000,1.14243,1.14288,1.14049,1.14072,6471.0,2025-08-01 01:00:00
1754013600,1.14073,1.1415,1.14062,1.14112,5052.0,2025-08-01 02:00:00
1754017200,1.14112,1.14223,1.14104,1.14184,3477.0,2025-08-01 03:00:00
1754020800,1.14184,1.14216,1.14159,1.14192,2510.0,2025-08-01 04:00:00
1754024400,1.1419,1.14348,1.14162,1.14308,4008.0,2025-08-01 05:00:00
1754028000,1.14308,1.1438,1.14261,1.14293,6824.0,2025-08-01 06:00:00
1754031600,1.14294,1.14342,1.14128,1.14188,7456.0,2025-08-01 07:00:00
1754035200,1.14189,1.14206,1.14055,1.14066,6223.0,2025-08-01 08:00:00
1754038800,1.14066,1.14128,1.13932,1.14012,5501.0,2025-08-01 09:00:00
1754042400,1.14012,1.14177,1.14011,1.14122,6207.0,2025-08-01 10:00:00
1754046000,1.14119,1.14229,1.14044,1.14046,6123.0,2025-08-01 11:00:00
1754049600,1.14048,1.15587,1.13916,1.15454,38153.0,2025-08-01 12:00:00
1754053200,1.15455,1.15834,1.1537,1.15618,37966.0,2025-08-01 13:00:00
1754056800,1.15623,1.15884,1.15511,1.1556,36653.0,2025-08-01 14:00:00
1754060400,1.15559,1.15653,1.15361,1.15544,14876.0,2025-08-01 15:00:00
1754064000,1.15544,1.15648,1.15378,1.15394,8592.0,2025-08-01 16:00:00
1754067600,1.15393,1.15393,1.15165,1.15266,9255.0,2025-08-01 17:00:00
1754071200,1.15268,1.1548,1.15218,1.15258,7853.0,2025-08-01 18:00:00
1754074800,1.15261,1.15822,1.15238,1.15692,13540.0,2025-08-01 19:00:00
1754078400,1.15691,1.15971,1.15688,1.15874,7331.0,2025-08-01 20:00:00
1754254800,1.15924,1.15964,1.15896,1.15916,1081.0,2025-08-03 21:00:00
1754258400,1.15916,1.1597,1.15784,1.1584,3392.0,2025-08-03 22:00:00
1754262000,1.15842,1.15905,1.15782,1.15878,3872.0,2025-08-03 23:00:00
1754265600,1.15878,1.1589,1.15559,1.1558,7457.0,2025-08-04 00:00:00
1754269200,1.1558,1.15724,1.15502,1.15714,8196.0,2025-08-04 01:00:00
1754272800,1.15714,1.15782,1.15678,1.15758,5381.0,2025-08-04 02:00:00
1754276400,1.15758,1.1586,1.15758,1.15793,4590.0,2025-08-04 03:00:00
1754280000,1.15792,1.15856,1.15745,1.15746,3834.0,2025-08-04 04:00:00
1754283600,1.15748,1.15822,1.15672,1.15702,5201.0,2025-08-04 05:00:00
1754287200,1.15703,1.15834,1.15633,1.15718,9752.0,2025-08-04 06:00:00
1754290800,1.15718,1.15786,1.15508,1.15639,10540.0,2025-08-04 07:00:00
1754294400,1.1564,1.15653,1.15496,1.15582,8897.0,2025-08-04 08:00:00
1754298000,1.15582,1.15775,1.15556,1.15647,7959.0,2025-08-04 09:00:00
1754301600,1.15646,1.15774,1.15551,1.1574,7213.0,2025-08-04 10:00:00
1754305200,1.1574,1.15865,1.15646,1.15668,8633.0,2025-08-04 11:00:00
1754308800,1.1567,1.15884,1.15606,1.15753,10614.0,2025-08-04 12:00:00
1754312400,1.15755,1.15886,1.1573,1.15759,12053.0,2025-08-04 13:00:00
1754316000,1.1576,1.15874,1.1557,1.1564,15360.0,2025-08-04 14:00:00
1754319600,1.15639,1.15766,1.15612,1.1567,10660.0,2025-08-04 15:00:00
1754323200,1.15671,1.15754,1.1557,1.15721,6242.0,2025-08-04 16:00:00
1754326800,1.1572,1.15741,1.15643,1.1573,5186.0,2025-08-04 17:00:00
1754330400,1.1573,1.15776,1.1564,1.15654,5310.0,2025-08-04 18:00:00
1754334000,1.15653,1.15729,1.15631,1.15682,3951.0,2025-08-04 19:00:00
1754337600,1.15683,1.15762,1.15656,1.15726,2569.0,2025-08-04 20:00:00
1754341200,1.15704,1.1572,1.15682,1.15696,568.0,2025-08-04 21:00:00
1754344800,1.15692,1.15815,1.15691,1.15793,1435.0,2025-08-04 22:00:00
1754348400,1.15796,1.15855,1.15778,1.1584,3996.0,2025-08-04 23:00:00
1754352000,1.15842,1.1588,1.15708,1.15719,4279.0,2025-08-05 00:00:00
1754355600,1.15718,1.15742,1.15596,1.1564,4790.0,2025-08-05 01:00:00
1754359200,1.1564,1.15644,1.15558,1.15604,3986.0,2025-08-05 02:00:00
1754362800,1.15603,1.15614,1.15544,1.15554,2748.0,2025-08-05 03:00:00
1754366400,1.15554,1.15603,1.15542,1.15584,2568.0,2025-08-05 04:00:00
1754370000,1.15583,1.15583,1.15442,1.15482,3955.0,2025-08-05 05:00:00
1754373600,1.15481,1.15614,1.15426,1.15509,5766.0,2025-08-05 06:00:00
1754377200,1.1551,1.15624,1.15332,1.15464,8593.0,2025-08-05 07:00:00
1754380800,1.15463,1.15492,1.15315,1.15369,8612.0,2025-08-05 08:00:00
1754384400,1.15368,1.15466,1.153,1.15422,6471.0,2025-08-05 09:00:00
1754388000,1.15422,1.15458,1.15342,1.15444,5314.0,2025-08-05 10:00:00
1754391600,1.15444,1.15482,1.15278,1.15396,6183.0,2025-08-05 11:00:00
1754395200,1.15398,1.15485,1.15302,1.15373,11209.0,2025-08-05 12:00:00
1754398800,1.15374,1.15543,1.15322,1.15373,10457.0,2025-08-05 13:00:00
1754402400,1.15392,1.15662,1.15338,1.15652,19954.0,2025-08-05 14:00:00
1754406000,1.15654,1.15848,1.15628,1.15796,9378.0,2025-08-05 15:00:00
1754409600,1.15794,1.15861,1.15774,1.1583,5381.0,2025-08-05 16:00:00
1754413200,1.15831,1.15836,1.15756,1.15782,3907.0,2025-08-05 17:00:00
1754416800,1.15782,1.15796,1.15705,1.15736,3783.0,2025-08-05 18:00:00
1754420400,1.15736,1.15752,1.15664,1.15728,3425.0,2025-08-05 19:00:00
1754424000,1.15728,1.15776,1.15714,1.15752,2264.0,2025-08-05 20:00:00
1754427600,1.15742,1.1576,1.15734,1.15742,487.0,2025-08-05 21:00:00
1754431200,1.15744,1.15777,1.1571,1.15762,1398.0,2025-08-05 22:00:00
1754434800,1.15762,1.15814,1.15731,1.15786,1383.0,2025-08-05 23:00:00
1754438400,1.15785,1.15853,1.15729,1.15738,3571.0,2025-08-06 00:00:00
1754442000,1.15736,1.15737,1.15648,1.1567,4046.0,2025-08-06 01:00:00
1754445600,1.1567,1.1572,1.15643,1.15694,3325.0,2025-08-06 02:00:00
1754449200,1.15694,1.1582,1.15694,1.15802,2987.0,2025-08-06 03:00:00
1754452800,1.15802,1.15865,1.15778,1.1583,2879.0,2025-08-06 04:00:00
1754456400,1.15826,1.15834,1.15744,1.15789,3257.0,2025-08-06 05:00:00
1754460000,1.15786,1.15883,1.15766,1.15786,5241.0,2025-08-06 06:00:00
1754463600,1.15786,1.15822,1.15714,1.1581,6238.0,2025-08-06 07:00:00
1754467200,1.15812,1.15834,1.15704,1.15752,5441.0,2025-08-06 08:00:00
1754470800,1.1575,1.1588,1.15744,1.1585,4873.0,2025-08-06 09:00:00
1754474400,1.1585,1.16108,1.15842,1.16071,7632.0,2025-08-06 10:00:00
1754478000,1.16072,1.16152,1.15977,1.16043,5827.0,2025-08-06 11:00:00
1754481600,1.1604,1.16286,1.16004,1.16237,7337.0,2025-08-06 12:00:00
1754485200,1.16236,1.1636,1.16173,1.16358,10451.0,2025-08-06 13:00:00
1754488800,1.16359,1.16379,1.16224,1.16274,10937.0,2025-08-06 14:00:00
1754492400,1.16274,1.1647,1.16227,1.16462,12409.0,2025-08-06 15:00:00
1754496000,1.16463,1.16484,1.16308,1.16346,8214.0,2025-08-06 16:00:00
1754499600,1.16346,1.16552,1.16331,1.16492,6237.0,2025-08-06 17:00:00
1754503200,1.16494,1.16686,1.16481,1.16625,4943.0,2025-08-06 18:00:00
1754506800,1.16624,1.1664,1.16528,1.16566,2855.0,2025-08-06 19:00:00
1754510400,1.16566,1.16604,1.16504,1.16602,3552.0,2025-08-06 20:00:00
1754514000,1.16577,1.16599,1.16544,1.16584,858.0,2025-08-06 21:00:00
1754517600,1.16578,1.1666,1.16578,1.16638,1538.0,2025-08-06 22:00:00
1754521200,1.16638,1.1664,1.16595,1.1663,1570.0,2025-08-06 23:00:00
1754524800,1.16631,1.1664,1.1651,1.16524,4044.0,2025-08-07 00:00:00
1754528400,1.16525,1.16629,1.16495,1.16578,4184.0,2025-08-07 01:00:00
1754532000,1.16578,1.16652,1.16562,1.16575,3019.0,2025-08-07 02:00:00
1754535600,1.16574,1.16654,1.16534,1.16648,3018.0,2025-08-07 03:00:00
1754539200,1.16647,1.16766,1.1663,1.16714,3084.0,2025-08-07 04:00:00
1754542800,1.16714,1.16764,1.16685,1.16752,3090.0,2025-08-07 05:00:00
1754546400,1.16752,1.16798,1.1668,1.1676,5765.0,2025-08-07 06:00:00
1754550000,1.16759,1.16914,1.16734,1.16897,7260.0,2025-08-07 07:00:00
1754553600,1.16896,1.16988,1.16758,1.16828,9041.0,2025-08-07 08:00:00
1754557200,1.1683,1.16848,1.16705,1.16706,5291.0,2025-08-07 09:00:00
1754560800,1.16708,1.16718,1.16616,1.16703,6083.0,2025-08-07 10:00:00
1754564400,1.167,1.16767,1.1634,1.16446,12149.0,2025-08-07 11:00:00
1754568000,1.16444,1.16626,1.16376,1.1651,12604.0,2025-08-07 12:00:00
1754571600,1.16511,1.16586,1.1638,1.16428,13503.0,2025-08-07 13:00:00
1754575200,1.16429,1.16499,1.16142,1.16244,18281.0,2025-08-07 14:00:00
1754578800,1.16244,1.1642,1.1611,1.16399,9825.0,2025-08-07 15:00:00
1754582400,1.16399,1.16446,1.16353,1.16382,4486.0,2025-08-07 16:00:00
1754586000,1.16384,1.16398,1.16321,1.16331,4966.0,2025-08-07 17:00:00
1754589600,1.16333,1.16372,1.16214,1.16219,3994.0,2025-08-07 18:00:00
1754593200,1.16222,1.16569,1.16193,1.16546,8131.0,2025-08-07 19:00:00
1754596800,1.16545,1.16716,1.16545,1.1664,3947.0,2025-08-07 20:00:00
1754600400,1.16654,1.167,1.16614,1.16656,1078.0,2025-08-07 21:00:00
1754604000,1.16657,1.16747,1.16644,1.16724,1879.0,2025-08-07 22:00:00
1754607600,1.16726,1.16782,1.16702,1.16769,2345.0,2025-08-07 23:00:00
1754611200,1.1677,1.16794,1.16674,1.16726,5313.0,2025-08-08 00:00:00
1754614800,1.16728,1.16738,1.16552,1.16576,5690.0,2025-08-08 01:00:00
1754618400,1.16575,1.16651,1.16574,1.16608,3540.0,2025-08-08 02:00:00
1754622000,1.16609,1.16614,1.16553,1.16599,3096.0,2025-08-08 03:00:00
1754625600,1.16598,1.16635,1.16578,1.16584,2618.0,2025-08-08 04:00:00
1754629200,1.16582,1.166,1.1639,1.1641,4428.0,2025-08-08 05:00:00
1754632800,1.16412,1.16528,1.1641,1.16502,5100.0,2025-08-08 06:00:00
1754636400,1.16502,1.16646,1.16486,1.16592,7541.0,2025-08-08 07:00:00
1754640000,1.16592,1.1663,1.16346,1.16372,7362.0,2025-08-08 08:00:00
1754643600,1.16372,1.1644,1.16297,1.16418,7634.0,2025-08-08 09:00:00
1754647200,1.16416,1.16476,1.1629,1.16356,5636.0,2025-08-08 10:00:00
1754650800,1.16358,1.16494,1.1635,1.16438,5873.0,2025-08-08 11:00:00
1754654400,1.16437,1.16544,1.16378,1.16418,8298.0,2025-08-08 12:00:00
1754658000,1.16419,1.16554,1.16416,1.16488,8582.0,2025-08-08 13:00:00
1754661600,1.16487,1.16629,1.16459,1.16561,9754.0,2025-08-08 14:00:00
1754665200,1.16558,1.16679,1.16542,1.16598,6790.0,2025-08-08 15:00:00
1754668800,1.166,1.16632,1.16496,1.16564,5142.0,2025-08-08 16:00:00
1754672400,1.16564,1.1667,1.16536,1.1659,3808.0,2025-08-08 17:00:00
1754676000,1.16592,1.16628,1.16478,1.1656,5244.0,2025-08-08 18:00:00
1754679600,1.16559,1.16563,1.16364,1.16428,4722.0,2025-08-08 19:00:00
1754683200,1.16427,1.16438,1.16384,1.16416,3185.0,2025-08-08 20:00:00
1754859600,1.16496,1.16512,1.16442,1.16473,484.0,2025-08-10 21:00:00
1754863200,1.16475,1.16512,1.16437,1.1647,1360.0,2025-08-10 22:00:00
1754866800,1.16472,1.16506,1.16446,1.16476,1626.0,2025-08-10 23:00:00
1754870400,1.16474,1.16486,1.16419,1.16475,3428.0,2025-08-11 00:00:00
1754874000,1.16474,1.1659,1.16454,1.16589,4308.0,2025-08-11 01:00:00
1754877600,1.1659,1.16685,1.1659,1.1666,2918.0,2025-08-11 02:00:00
1754881200,1.16662,1.16754,1.16648,1.16714,3310.0,2025-08-11 03:00:00
1754884800,1.16714,1.16756,1.1671,1.1672,2118.0,2025-08-11 04:00:00
1754888400,1.1672,1.16726,1.16674,1.16692,3054.0,2025-08-11 05:00:00
1754892000,1.16694,1.16738,1.16631,1.16642,4535.0,2025-08-11 06:00:00
1754895600,1.1664,1.1666,1.16459,1.16472,6277.0,2025-08-11 07:00:00
1754899200,1.1647,1.16604,1.16441,1.16549,5782.0,2025-08-11 08:00:00
1754902800,1.16547,1.16582,1.16384,1.16413,5630.0,2025-08-11 09:00:00
1754906400,1.16414,1.16479,1.16406,1.1647,4526.0,2025-08-11 10:00:00
1754910000,1.16468,1.1647,1.16231,1.16287,6690.0,2025-08-11 11:00:00
1754913600,1.16288,1.16312,1.16141,1.16202,8389.0,2025-08-11 12:00:00
1754917200,1.16203,1.16278,1.1616,1.16195,8303.0,2025-08-11 13:00:00
1754920800,1.16196,1.16204,1.15904,1.15958,10082.0,2025-08-11 14:00:00
1754924400,1.15959,1.16071,1.15902,1.16065,7381.0,2025-08-11 15:00:00
1754928000,1.16066,1.16119,1.1602,1.16075,4355.0,2025-08-11 16:00:00
1754931600,1.16076,1.16124,1.15986,1.1611,3782.0,2025-08-11 17:00:00
1754935200,1.1611,1.16143,1.16072,1.16123,3670.0,2025-08-11 18:00:00
1754938800,1.16124,1.16128,1.16021,1.16051,3026.0,2025-08-11 19:00:00
1754942400,1.1605,1.16196,1.16044,1.1616,1927.0,2025-08-11 20:00:00
1754946000,1.16147,1.16166,1.16134,1.16154,1003.0,2025-08-11 21:00:00
1754949600,1.16158,1.16186,1.16105,1.16128,949.0,2025-08-11 22:00:00
1754953200,1.1613,1.16177,1.16126,1.16163,1181.0,2025-08-11 23:00:00
1754956800,1.16164,1.162,1.16119,1.16152,5246.0,2025-08-12 00:00:00
1754960400,1.16152,1.16256,1.16144,1.16193,4914.0,2025-08-12 01:00:00
1754964000,1.16193,1.16257,1.16176,1.16229,3558.0,2025-08-12 02:00:00
1754967600,1.1623,1.16245,1.16186,1.16208,2876.0,2025-08-12 03:00:00
1754971200,1.16207,1.16279,1.16158,1.16276,4081.0,2025-08-12 04:00:00
1754974800,1.16275,1.16292,1.16132,1.16139,6929.0,2025-08-12 05:00:00
1754978400,1.16137,1.16186,1.16082,1.16094,8138.0,2025-08-12 06:00:00
1754982000,1.16096,1.1624,1.1608,1.16203,8043.0,2025-08-12 07:00:00
1754985600,1.16204,1.16224,1.16118,1.16149,6383.0,2025-08-12 08:00:00
1754989200,1.16148,1.16185,1.16004,1.16064,6611.0,2025-08-12 09:00:00
1754992800,1.16064,1.16132,1.16058,1.16104,5125.0,2025-08-12 10:00:00
1754996400,1.16104,1.16113,1.15988,1.16052,5861.0,2025-08-12 11:00:00
1755000000,1.16052,1.16559,1.16013,1.16424,28014.0,2025-08-12 12:00:00
1755003600,1.16423,1.16683,1.16174,1.16522,29549.0,2025-08-12 13:00:00
1755007200,1.16522,1.16628,1.16418,1.1658,17670.0,2025-08-12 14:00:00
1755010800,1.16579,1.16974,1.16563,1.16721,13905.0,2025-08-12 15:00:00
1755014400,1.16722,1.16859,1.16656,1.16798,8940.0,2025-08-12 16:00:00
1755018000,1.16798,1.16806,1.16708,1.16732,6642.0,2025-08-12 17:00:00
1755021600,1.16732,1.16788,1.16647,1.16688,5251.0,2025-08-12 18:00:00
1755025200,1.16688,1.16757,1.16646,1.16746,3781.0,2025-08-12 19:00:00
1755028800,1.16746,1.16772,1.16718,1.16732,2791.0,2025-08-12 20:00:00
1755032400,1.16804,1.16804,1.16692,1.16741,872.0,2025-08-12 21:00:00
1755036000,1.16737,1.16776,1.16736,1.16768,1136.0,2025-08-12 22:00:00
1755039600,1.16763,1.16792,1.16752,1.16776,1216.0,2025-08-12 23:00:00
1755043200,1.16776,1.16808,1.1671,1.168,3909.0,2025-08-13 00:00:00
1755046800,1.16799,1.16866,1.16761,1.16771,4923.0,2025-08-13 01:00:00
1755050400,1.16771,1.1686,1.16706,1.16818,3846.0,2025-08-13 02:00:00
1755054000,1.16817,1.16877,1.16794,1.16838,2809.0,2025-08-13 03:00:00
1755057600,1.16836,1.16862,1.16816,1.16842,2638.0,2025-08-13 04:00:00
1755061200,1.16841,1.16852,1.16765,1.1679,3482.0,2025-08-13 05:00:00
1755064800,1.1679,1.1697,1.1679,1.16922,7413.0,2025-08-13 06:00:00
1755068400,1.16922,1.17128,1.16919,1.1708,8228.0,2025-08-13 07:00:00
1755072000,1.1708,1.17207,1.17072,1.17142,8082.0,2025-08-13 08:00:00
1755075600,1.17141,1.17303,1.17141,1.17294,6203.0,2025-08-13 09:00:00
1755079200,1.17292,1.17302,1.17163,1.17166,5717.0,2025-08-13 10:00:00
1755082800,1.17164,1.17193,1.1708,1.17192,5359.0,2025-08-13 11:00:00
1755086400,1.17192,1.17217,1.16972,1.1699,7802.0,2025-08-13 12:00:00
1755090000,1.1699,1.17073,1.1693,1.17046,9504.0,2025-08-13 13:00:00
1755093600,1.17046,1.17236,1.17028,1.172,11507.0,2025-08-13 14:00:00
1755097200,1.172,1.17227,1.17084,1.17137,8522.0,2025-08-13 15:00:00
1755100800,1.17138,1.17152,1.17064,1.17069,4791.0,2025-08-13 16:00:00
1755104400,1.1707,1.17108,1.17028,1.17041,3452.0,2025-08-13 17:00:00
1755108000,1.17042,1.17045,1.1696,1.17005,3546.0,2025-08-13 18:00:00
1755111600,1.17003,1.17043,1.16975,1.16996,2564.0,2025-08-13 19:00:00
1755115200,1.16994,1.17071,1.16994,1.17049,2060.0,2025-08-13 20:00:00
1755118800,1.17058,1.1708,1.17024,1.17058,1056.0,2025-08-13 21:00:00
1755122400,1.17056,1.17082,1.17048,1.17082,998.0,2025-08-13 22:00:00
1755126000,1.17082,1.17126,1.17076,1.17123,1103.0,2025-08-13 23:00:00
1755129600,1.17122,1.1715,1.17094,1.17114,4203.0,2025-08-14 00:00:00
1755133200,1.17113,1.17153,1.17092,1.17129,4941.0,2025-08-14 01:00:00
1755136800,1.17129,1.17129,1.1699,1.1705,3859.0,2025-08-14 02:00:00
1755140400,1.1705,1.17054,1.16997,1.17036,3401.0,2025-08-14 03:00:00
1755144000,1.17036,1.17068,1.17017,1.17039,2176.0,2025-08-14 04:00:00
1755147600,1.17038,1.1704,1.16972,1.17014,3313.0,2025-08-14 05:00:00
1755151200,1.17016,1.17066,1.16849,1.16852,7342.0,2025-08-14 06:00:00
1755154800,1.16853,1.16928,1.16779,1.168,9396.0,2025-08-14 07:00:00
1755158400,1.16799,1.16854,1.1668,1.16683,6364.0,2025-08-14 08:00:00
1755162000,1.16684,1.16872,1.16684,1.16819,6046.0,2025-08-14 09:00:00
1755165600,1.1682,1.16974,1.16814,1.16955,7386.0,2025-08-14 10:00:00
1755169200,1.16954,1.16964,1.16828,1.16884,6322.0,2025-08-14 11:00:00
1755172800,1.16886,1.16926,1.16496,1.16639,19113.0,2025-08-14 12:00:00
1755176400,1.1664,1.16716,1.1649,1.16502,14807.0,2025-08-14 13:00:00
1755180000,1.16502,1.16666,1.16376,1.16609,11940.0,2025-08-14 14:00:00
1755183600,1.1661,1.16622,1.16378,1.1643,10473.0,2025-08-14 15:00:00
1755187200,1.16431,1.16454,1.1631,1.16344,6893.0,2025-08-14 16:00:00
1755190800,1.16346,1.16437,1.16313,1.16368,4610.0,2025-08-14 17:00:00
1755194400,1.1637,1.16424,1.1633,1.16415,3892.0,2025-08-14 18:00:00
1755198000,1.16417,1.16504,1.16416,1.16483,2956.0,2025-08-14 19:00:00
1755201600,1.16484,1.16504,1.16448,1.16488,1916.0,2025-08-14 20:00:00
1755205200,1.16502,1.16516,1.1648,1.1651,586.0,2025-08-14 21:00:00
1755208800,1.1651,1.16531,1.16484,1.16502,790.0,2025-08-14 22:00:00
1755212400,1.16502,1.16532,1.16462,1.16506,1131.0,2025-08-14 23:00:00
1755216000,1.16508,1.16535,1.16469,1.16522,3219.0,2025-08-15 00:00:00
1755219600,1.16526,1.16583,1.16485,1.16529,3548.0,2025-08-15 01:00:00
1755223200,1.16528,1.16578,1.16496,1.16569,3306.0,2025-08-15 02:00:00
1755226800,1.16572,1.16648,1.16568,1.16602,2513.0,2025-08-15 03:00:00
1755230400,1.16602,1.16637,1.1659,1.1663,1673.0,2025-08-15 04:00:00
1755234000,1.16628,1.16714,1.16613,1.1671,2734.0,2025-08-15 05:00:00
1755237600,1.1671,1.16748,1.16653,1.16718,5017.0,2025-08-15 06:00:00
1755241200,1.16718,1.16843,1.16716,1.16828,6620.0,2025-08-15 07:00:00
1755244800,1.16827,1.16854,1.16766,1.16823,6744.0,2025-08-15 08:00:00
1755248400,1.16822,1.16899,1.16802,1.16877,5829.0,2025-08-15 09:00:00
1755252000,1.16876,1.16916,1.16806,1.16858,5103.0,2025-08-15 10:00:00
1755255600,1.16858,1.16919,1.16816,1.16877,4398.0,2025-08-15 11:00:00
1755259200,1.16875,1.17001,1.16735,1.16942,11976.0,2025-08-15 12:00:00
1755262800,1.16942,1.17084,1.16819,1.17038,12430.0,2025-08-15 13:00:00
1755266400,1.1704,1.17154,1.17009,1.17118,12342.0,2025-08-15 14:00:00
1755270000,1.17117,1.1715,1.17032,1.17068,7402.0,2025-08-15 15:00:00
1755273600,1.1707,1.17082,1.16996,1.17038,4423.0,2025-08-15 16:00:00
1755277200,1.17039,1.1706,1.16994,1.17044,3464.0,2025-08-15 17:00:00
1755280800,1.17044,1.17066,1.16986,1.17026,3371.0,2025-08-15 18:00:00
1755284400,1.17025,1.17036,1.17,1.17009,2081.0,2025-08-15 19:00:00
1755288000,1.17008,1.17082,1.17006,1.1705,1983.0,2025-08-15 20:00:00
1755464400,1.17133,1.17153,1.171,1.17145,359.0,2025-08-17 21:00:00
1755468000,1.17139,1.17162,1.171,1.17135,1397.0,2025-08-17 22:00:00
1755471600,1.17138,1.17144,1.17038,1.17064,1581.0,2025-08-17 23:00:00
1755475200,1.17064,1.17106,1.17001,1.17016,3568.0,2025-08-18 00:00:00
1755478800,1.17016,1.17046,1.16936,1.17032,3706.0,2025-08-18 01:00:00
1755482400,1.17034,1.17054,1.16974,1.17013,2488.0,2025-08-18 02:00:00
1755486000,1.17012,1.17048,1.17,1.17038,2607.0,2025-08-18 03:00:00
1755489600,1.17038,1.17104,1.17028,1.17086,3101.0,2025-08-18 04:00:00
1755493200,1.17084,1.17091,1.17014,1.1706,2715.0,2025-08-18 05:00:00
1755496800,1.17057,1.1708,1.16936,1.16965,5327.0,2025-08-18 06:00:00
1755500400,1.16966,1.17034,1.16801,1.16814,7175.0,2025-08-18 07:00:00
1755504000,1.16814,1.16876,1.1671,1.16819,8294.0,2025-08-18 08:00:00
1755507600,1.1682,1.16861,1.1673,1.16804,5441.0,2025-08-18 09:00:00
1755511200,1.16802,1.16831,1.16774,1.1681,4136.0,2025-08-18 10:00:00
1755514800,1.16811,1.16885,1.16718,1.1675,4950.0,2025-08-18 11:00:00
1755518400,1.16752,1.16792,1.16664,1.16766,6083.0,2025-08-18 12:00:00
1755522000,1.16766,1.16778,1.16698,1.16778,6245.0,2025-08-18 13:00:00
1755525600,1.16778,1.16846,1.16604,1.16642,8750.0,2025-08-18 14:00:00
1755529200,1.16642,1.16746,1.16607,1.16672,6325.0,2025-08-18 15:00:00
1755532800,1.1667,1.16674,1.1656,1.1658,5151.0,2025-08-18 16:00:00
1755536400,1.16578,1.16667,1.16568,1.16628,4001.0,2025-08-18 17:00:00
1755540000,1.16626,1.16679,1.16585,1.16602,3129.0,2025-08-18 18:00:00
1755543600,1.16602,1.16706,1.166,1.16672,2502.0,2025-08-18 19:00:00
1755547200,1.16672,1.16695,1.16608,1.16612,2065.0,2025-08-18 20:00:00
1755550800,1.16617,1.16622,1.16605,1.16618,210.0,2025-08-18 21:00:00
1755554400,1.16616,1.16752,1.16608,1.16698,1633.0,2025-08-18 22:00:00
1755558000,1.16698,1.16698,1.16622,1.16681,1368.0,2025-08-18 23:00:00
1755561600,1.16682,1.16703,1.16558,1.16586,3613.0,2025-08-19 00:00:00
1755565200,1.16586,1.16624,1.16392,1.16494,6115.0,2025-08-19 01:00:00
1755568800,1.16492,1.16562,1.16471,1.1653,3543.0,2025-08-19 02:00:00
1755572400,1.16532,1.1659,1.16504,1.1655,3319.0,2025-08-19 03:00:00
1755576000,1.1655,1.16619,1.16536,1.16608,2447.0,2025-08-19 04:00:00
1755579600,1.16608,1.16657,1.1654,1.16553,3456.0,2025-08-19 05:00:00
1755583200,1.16554,1.16748,1.16511,1.16744,5686.0,2025-08-19 06:00:00
1755586800,1.16746,1.16844,1.16736,1.16838,6953.0,2025-08-19 07:00:00
1755590400,1.16837,1.16844,1.16716,1.1675,5136.0,2025-08-19 08:00:00
1755594000,1.16751,1.16824,1.16726,1.16802,4127.0,2025-08-19 09:00:00
1755597600,1.16803,1.16922,1.16791,1.16888,4260.0,2025-08-19 10:00:00
1755601200,1.16886,1.16929,1.168,1.16856,3943.0,2025-08-19 11:00:00
1755604800,1.16857,1.16882,1.1673,1.16756,6947.0,2025-08-19 12:00:00
1755608400,1.16756,1.16783,1.16681,1.16764,7808.0,2025-08-19 13:00:00
1755612000,1.16763,1.16776,1.1664,1.16722,7221.0,2025-08-19 14:00:00
1755615600,1.16723,1.16754,1.16574,1.16587,6281.0,2025-08-19 15:00:00
1755619200,1.16589,1.16632,1.16544,1.16563,5049.0,2025-08-19 16:00:00
1755622800,1.16564,1.16608,1.16529,1.16547,3397.0,2025-08-19 17:00:00
1755626400,1.16546,1.16548,1.16423,1.16473,3420.0,2025-08-19 18:00:00
1755630000,1.16472,1.16482,1.16426,1.16465,2522.0,2025-08-19 19:00:00
1755633600,1.16464,1.16482,1.16448,1.16465,1807.0,2025-08-19 20:00:00
1755637200,1.16482,1.1651,1.16445,1.16478,1638.0,2025-08-19 21:00:00
1755640800,1.16475,1.16492,1.16446,1.16487,1037.0,2025-08-19 22:00:00
1755644400,1.16488,1.1649,1.1641,1.16415,1179.0,2025-08-19 23:00:00
1755648000,1.16416,1.16426,1.16315,1.16389,4279.0,2025-08-20 00:00:00
1755651600,1.16388,1.16423,1.16271,1.16274,4672.0,2025-08-20 01:00:00
1755655200,1.16276,1.16298,1.16222,1.16264,5317.0,2025-08-20 02:00:00
1755658800,1.16264,1.16364,1.16264,1.16332,3274.0,2025-08-20 03:00:00
1755662400,1.16331,1.16383,1.16325,1.16344,1831.0,2025-08-20 04:00:00
1755666000,1.16345,1.16404,1.16325,1.16395,2384.0,2025-08-20 05:00:00
1755669600,1.16394,1.16425,1.16232,1.16336,7975.0,2025-08-20 06:00:00
1755673200,1.16339,1.16469,1.16336,1.1645,7539.0,2025-08-20 07:00:00
1755676800,1.16447,1.16467,1.16316,1.16379,5720.0,2025-08-20 08:00:00
1755680400,1.16378,1.16463,1.16349,1.1645,4420.0,2025-08-20 09:00:00
1755684000,1.16451,1.16576,1.16436,1.1647,4720.0,2025-08-20 10:00:00
1755687600,1.16472,1.165,1.16402,1.1642,3989.0,2025-08-20 11:00:00
1755691200,1.16423,1.16739,1.16423,1.16711,8853.0,2025-08-20 12:00:00
1755694800,1.16712,1.1672,1.1656,1.16588,8857.0,2025-08-20 13:00:00
1755698400,1.16588,1.16692,1.16486,1.16632,10757.0,2025-08-20 14:00:00
1755702000,1.1663,1.16631,1.16462,1.16481,6725.0,2025-08-20 15:00:00
1755705600,1.16482,1.16618,1.1648,1.16598,4310.0,2025-08-20 16:00:00
1755709200,1.16598,1.16726,1.16593,1.16716,4161.0,2025-08-20 17:00:00
1755712800,1.16714,1.16714,1.16548,1.16551,4811.0,2025-08-20 18:00:00
1755716400,1.1655,1.16587,1.16525,1.16529,2701.0,2025-08-20 19:00:00
1755720000,1.1653,1.16531,1.16469,1.165,1704.0,2025-08-20 20:00:00
1755723600,1.16531,1.16558,1.165,1.16523,1419.0,2025-08-20 21:00:00
1755727200,1.16522,1.16558,1.16516,1.16526,910.0,2025-08-20 22:00:00
1755730800,1.16526,1.16535,1.16482,1.1651,1341.0,2025-08-20 23:00:00
1755734400,1.16508,1.16517,1.16414,1.16468,4244.0,2025-08-21 00:00:00
1755738000,1.1647,1.16507,1.16412,1.1646,4425.0,2025-08-21 01:00:00
1755741600,1.16459,1.16496,1.16436,1.16466,3608.0,2025-08-21 02:00:00
1755745200,1.16467,1.16488,1.16418,1.1646,2153.0,2025-08-21 03:00:00
1755748800,1.16461,1.16482,1.16429,1.16457,1977.0,2025-08-21 04:00:00
1755752400,1.16456,1.16498,1.16418,1.16494,3220.0,2025-08-21 05:00:00
1755756000,1.16497,1.16498,1.16258,1.16299,5946.0,2025-08-21 06:00:00
1755759600,1.16301,1.16614,1.1625,1.16586,8385.0,2025-08-21 07:00:00
1755763200,1.16583,1.16596,1.16502,1.16548,5778.0,2025-08-21 08:00:00
1755766800,1.16548,1.16629,1.16537,1.16548,4827.0,2025-08-21 09:00:00
1755770400,1.16548,1.16566,1.16484,1.16494,4237.0,2025-08-21 10:00:00
1755774000,1.16494,1.16575,1.16395,1.16404,5165.0,2025-08-21 11:00:00
1755777600,1.16405,1.16564,1.16366,1.16466,9197.0,2025-08-21 12:00:00
1755781200,1.16466,1.165,1.16156,1.1621,12284.0,2025-08-21 13:00:00
1755784800,1.1621,1.16295,1.1606,1.16157,12106.0,2025-08-21 14:00:00
1755788400,1.16156,1.1626,1.16012,1.16044,12738.0,2025-08-21 15:00:00
1755792000,1.16044,1.16118,1.16016,1.16112,4928.0,2025-08-21 16:00:00
1755795600,1.16112,1.16186,1.16112,1.1615,3895.0,2025-08-21 17:00:00
1755799200,1.16148,1.1617,1.1607,1.16098,3869.0,2025-08-21 18:00:00
1755802800,1.16098,1.16102,1.16039,1.1605,2123.0,2025-08-21 19:00:00
1755806400,1.1605,1.16086,1.16036,1.16064,1634.0,2025-08-21 20:00:00
1755810000,1.16066,1.16119,1.1605,1.16076,2241.0,2025-08-21 21:00:00
1755813600,1.16074,1.16137,1.16066,1.16134,821.0,2025-08-21 22:00:00
1755817200,1.16134,1.1615,1.16094,1.16126,1281.0,2025-08-21 23:00:00
1755820800,1.16125,1.16167,1.16106,1.1615,2979.0,2025-08-22 00:00:00
1755824400,1.16149,1.16158,1.1604,1.16081,3362.0,2025-08-22 01:00:00
1755828000,1.1608,1.16142,1.16051,1.16088,2846.0,2025-08-22 02:00:00
1755831600,1.16089,1.1609,1.1589,1.15898,3734.0,2025-08-22 03:00:00
1755835200,1.159,1.15942,1.1583,1.15845,2970.0,2025-08-22 04:00:00
1755838800,1.15844,1.15891,1.15833,1.15866,3013.0,2025-08-22 05:00:00
1755842400,1.15864,1.15952,1.15835,1.15886,5547.0,2025-08-22 06:00:00
1755846000,1.15886,1.1599,1.15884,1.15946,5264.0,2025-08-22 07:00:00
1755849600,1.15946,1.15996,1.15913,1.15995,4457.0,2025-08-22 08:00:00
1755853200,1.15995,1.16026,1.15954,1.15965,4349.0,2025-08-22 09:00:00
1755856800,1.15966,1.16,1.15936,1.1596,3803.0,2025-08-22 10:00:00
1755860400,1.1596,1.16065,1.15949,1.16046,5070.0,2025-08-22 11:00:00
1755864000,1.16047,1.16138,1.16046,1.1609,5303.0,2025-08-22 12:00:00
1755867600,1.16088,1.16193,1.15976,1.16006,7147.0,2025-08-22 13:00:00
1755871200,1.16006,1.17202,1.16006,1.17182,40567.0,2025-08-22 14:00:00
1755874800,1.17183,1.17322,1.17122,1.17122,14016.0,2025-08-22 15:00:00
1755878400,1.17122,1.17266,1.17119,1.17219,9161.0,2025-08-22 16:00:00
1755882000,1.17222,1.17428,1.17222,1.17369,7077.0,2025-08-22 17:00:00
1755885600,1.17367,1.17395,1.17211,1.17212,4715.0,2025-08-22 18:00:00
1755889200,1.17212,1.17226,1.1715,1.172,3529.0,2025-08-22 19:00:00
1755892800,1.172,1.1727,1.17182,1.17219,3500.0,2025-08-22 20:00:00
1756069200,1.17236,1.17284,1.17226,1.1723,421.0,2025-08-24 21:00:00
1756072800,1.17232,1.17236,1.17108,1.17128,1514.0,2025-08-24 22:00:00
1756076400,1.1713,1.17144,1.17074,1.17083,1945.0,2025-08-24 23:00:00
1756080000,1.17083,1.17084,1.16954,1.1698,3578.0,2025-08-25 00:00:00
1756083600,1.16982,1.17038,1.16937,1.16964,3844.0,2025-08-25 01:00:00
1756087200,1.16964,1.17002,1.1694,1.1697,2548.0,2025-08-25 02:00:00
1756090800,1.1697,1.17078,1.1697,1.17069,2223.0,2025-08-25 03:00:00
1756094400,1.17072,1.17079,1.17036,1.17059,1868.0,2025-08-25 04:00:00
1756098000,1.17058,1.17059,1.16983,1.17006,1996.0,2025-08-25 05:00:00
1756101600,1.17008,1.17205,1.17008,1.17147,5576.0,2025-08-25 06:00:00
1756105200,1.17149,1.17182,1.16946,1.16978,5173.0,2025-08-25 07:00:00
1756108800,1.16977,1.17109,1.16975,1.17041,4597.0,2025-08-25 08:00:00
1756112400,1.1704,1.17046,1.169,1.16932,3609.0,2025-08-25 09:00:00
1756116000,1.16933,1.16972,1.16853,1.16878,3900.0,2025-08-25 10:00:00
1756119600,1.16878,1.17031,1.16876,1.17028,4053.0,2025-08-25 11:00:00
1756123200,1.17029,1.17037,1.16936,1.16998,4699.0,2025-08-25 12:00:00
1756126800,1.16998,1.17092,1.16948,1.17031,6060.0,2025-08-25 13:00:00
1756130400,1.17032,1.17058,1.16892,1.16901,8567.0,2025-08-25 14:00:00
1756134000,1.16903,1.16918,1.16655,1.16693,8505.0,2025-08-25 15:00:00
1756137600,1.16694,1.16695,1.16514,1.16548,6242.0,2025-08-25 16:00:00
1756141200,1.1655,1.1656,1.16408,1.16468,5428.0,2025-08-25 17:00:00
1756144800,1.16466,1.16484,1.1619,1.16206,5719.0,2025-08-25 18:00:00
1756148400,1.16207,1.16215,1.16028,1.16097,5886.0,2025-08-25 19:00:00
1756152000,1.16096,1.16257,1.16094,1.16204,2810.0,2025-08-25 20:00:00
1756155600,1.16189,1.16206,1.16172,1.162,825.0,2025-08-25 21:00:00
1756159200,1.16204,1.16228,1.16182,1.16204,1260.0,2025-08-25 22:00:00
1756162800,1.16204,1.16212,1.16124,1.16146,1530.0,2025-08-25 23:00:00
1756166400,1.16148,1.16601,1.16102,1.16479,17264.0,2025-08-26 00:00:00
1756170000,1.16478,1.16502,1.16348,1.16419,6478.0,2025-08-26 01:00:00
1756173600,1.1642,1.16474,1.16325,1.16366,5073.0,2025-08-26 02:00:00
1756177200,1.16366,1.16366,1.1624,1.16257,4049.0,2025-08-26 03:00:00
1756180800,1.16256,1.16323,1.16238,1.1632,2797.0,2025-08-26 04:00:00
1756184400,1.16321,1.16444,1.16297,1.16412,4205.0,2025-08-26 05:00:00
1756188000,1.16413,1.16413,1.16135,1.16222,8996.0,2025-08-26 06:00:00
1756191600,1.1622,1.16286,1.16022,1.16218,11398.0,2025-08-26 07:00:00
1756195200,1.1622,1.1625,1.16058,1.1618,8250.0,2025-08-26 08:00:00
1756198800,1.1618,1.16438,1.16177,1.16426,6834.0,2025-08-26 09:00:00
1756202400,1.16428,1.16476,1.16372,1.1645,5062.0,2025-08-26 10:00:00
1756206000,1.16451,1.16608,1.16414,1.16539,5963.0,2025-08-26 11:00:00
1756209600,1.1654,1.166,1.16449,1.16462,8785.0,2025-08-26 12:00:00
1756213200,1.16463,1.16566,1.16371,1.16512,10221.0,2025-08-26 13:00:00
1756216800,1.1651,1.16654,1.16436,1.16547,10425.0,2025-08-26 14:00:00
1756220400,1.16548,1.1664,1.16488,1.16556,7494.0,2025-08-26 15:00:00
1756224000,1.16558,1.16616,1.16486,1.16488,4619.0,2025-08-26 16:00:00
1756227600,1.16488,1.16529,1.16376,1.16378,4482.0,2025-08-26 17:00:00
1756231200,1.16378,1.16475,1.16336,1.16436,4211.0,2025-08-26 18:00:00
1756234800,1.16437,1.16487,1.16396,1.16406,3573.0,2025-08-26 19:00:00
1756238400,1.16405,1.16432,1.16335,1.16408,2404.0,2025-08-26 20:00:00
1756242000,1.16457,1.16477,1.16435,1.16452,1273.0,2025-08-26 21:00:00
1756245600,1.16452,1.1648,1.1641,1.16432,1094.0,2025-08-26 22:00:00
1756249200,1.16431,1.1644,1.1637,1.16371,1455.0,2025-08-26 23:00:00
1756252800,1.16373,1.16418,1.16337,1.1637,3510.0,2025-08-27 00:00:00
1756256400,1.1637,1.16408,1.16307,1.16339,4036.0,2025-08-27 01:00:00
1756260000,1.16338,1.16343,1.16248,1.16314,2658.0,2025-08-27 02:00:00
1756263600,1.16314,1.1633,1.16218,1.16252,2253.0,2025-08-27 03:00:00
1756267200,1.16254,1.16254,1.16122,1.16143,2698.0,2025-08-27 04:00:00
1756270800,1.1614,1.16206,1.16136,1.16204,2872.0,2025-08-27 05:00:00
1756274400,1.16203,1.16239,1.16146,1.1621,5056.0,2025-08-27 06:00:00
1756278000,1.16211,1.1622,1.15962,1.16035,6588.0,2025-08-27 07:00:00
1756281600,1.16032,1.16037,1.1577,1.15888,7944.0,2025-08-27 08:00:00
1756285200,1.15888,1.1595,1.15864,1.15902,5130.0,2025-08-27 09:00:00
1756288800,1.15902,1.15926,1.15789,1.15795,4488.0,2025-08-27 10:00:00
1756292400,1.15792,1.15899,1.1574,1.1586,5723.0,2025-08-27 11:00:00
1756296000,1.15862,1.15984,1.15846,1.15865,7943.0,2025-08-27 12:00:00
1756299600,1.15864,1.16039,1.15844,1.1598,8748.0,2025-08-27 13:00:00
1756303200,1.15977,1.16029,1.15822,1.15924,9959.0,2025-08-27 14:00:00
1756306800,1.15924,1.16123,1.15922,1.16108,7645.0,2025-08-27 15:00:00
1756310400,1.16106,1.16409,1.16106,1.16382,6459.0,2025-08-27 16:00:00
1756314000,1.16382,1.16429,1.16326,1.16378,5041.0,2025-08-27 17:00:00
1756317600,1.16376,1.16382,1.1628,1.16307,3957.0,2025-08-27 18:00:00
1756321200,1.16306,1.16352,1.16292,1.16338,2979.0,2025-08-27 19:00:00
1756324800,1.16338,1.16384,1.16316,1.16376,2214.0,2025-08-27 20:00:00
1756328400,1.16376,1.1639,1.16364,1.16372,433.0,2025-08-27 21:00:00
1756332000,1.16372,1.1644,1.16372,1.16434,1324.0,2025-08-27 22:00:00
1756335600,1.16435,1.16478,1.16426,1.16476,1560.0,2025-08-27 23:00:00
1756339200,1.16476,1.16495,1.16426,1.16457,3014.0,2025-08-28 00:00:00
1756342800,1.16458,1.16506,1.16414,1.16453,3776.0,2025-08-28 01:00:00
1756346400,1.16454,1.16548,1.16448,1.16527,3044.0,2025-08-28 02:00:00
1756350000,1.16528,1.16544,1.16423,1.1643,2107.0,2025-08-28 03:00:00
1756353600,1.1643,1.16441,1.16388,1.16398,1785.0,2025-08-28 04:00:00
1756357200,1.16399,1.16408,1.16359,1.16375,2267.0,2025-08-28 05:00:00
1756360800,1.16376,1.16452,1.16339,1.1643,5434.0,2025-08-28 06:00:00
1756364400,1.16431,1.16498,1.16339,1.16438,6899.0,2025-08-28 07:00:00
1756368000,1.16438,1.16456,1.1629,1.16424,6406.0,2025-08-28 08:00:00
1756371600,1.16426,1.16546,1.16426,1.16488,4803.0,2025-08-28 09:00:00
1756375200,1.16487,1.1675,1.16482,1.16716,5501.0,2025-08-28 10:00:00
1756378800,1.16712,1.16736,1.16594,1.16667,5595.0,2025-08-28 11:00:00
1756382400,1.16668,1.16873,1.16625,1.16696,13038.0,2025-08-28 12:00:00
1756386000,1.16696,1.16773,1.16586,1.16723,11394.0,2025-08-28 13:00:00
1756389600,1.16724,1.16863,1.16662,1.16704,10841.0,2025-08-28 14:00:00
1756393200,1.16705,1.16755,1.16612,1.16722,7522.0,2025-08-28 15:00:00
1756396800,1.16721,1.16902,1.16718,1.16895,4371.0,2025-08-28 16:00:00
1756400400,1.16894,1.16975,1.16868,1.1688,4300.0,2025-08-28 17:00:00
1756404000,1.1688,1.16904,1.16848,1.1689,3148.0,2025-08-28 18:00:00
1756407600,1.16891,1.16902,1.16822,1.16826,2319.0,2025-08-28 19:00:00
1756411200,1.16826,1.16834,1.16779,1.16825,1791.0,2025-08-28 20:00:00
1756414800,1.16824,1.16828,1.16775,1.16794,1144.0,2025-08-28 21:00:00
1756418400,1.16788,1.16808,1.16734,1.16742,1950.0,2025-08-28 22:00:00
1756422000,1.16741,1.1682,1.16738,1.16786,1391.0,2025-08-28 23:00:00
1756425600,1.16788,1.16822,1.16726,1.16748,3849.0,2025-08-29 00:00:00
1756429200,1.16748,1.16764,1.16561,1.16588,5075.0,2025-08-29 01:00:00
1756432800,1.16588,1.16652,1.16588,1.16622,3645.0,2025-08-29 02:00:00
1756436400,1.16622,1.16648,1.16601,1.16626,2478.0,2025-08-29 03:00:00
1756440000,1.16628,1.1665,1.16586,1.16648,1995.0,2025-08-29 04:00:00
1756443600,1.16649,1.16703,1.16616,1.16699,2870.0,2025-08-29 05:00:00
1756447200,1.16696,1.16706,1.16612,1.16672,5075.0,2025-08-29 06:00:00
1756450800,1.16668,1.16772,1.16628,1.1676,6470.0,2025-08-29 07:00:00
1756454400,1.16762,1.16904,1.16698,1.16758,7283.0,2025-08-29 08:00:00
1756458000,1.1676,1.16828,1.1669,1.1673,5343.0,2025-08-29 09:00:00
1756461600,1.1673,1.16746,1.1665,1.16677,4376.0,2025-08-29 10:00:00
1756465200,1.16679,1.16683,1.16612,1.16632,4632.0,2025-08-29 11:00:00
1756468800,1.1663,1.16642,1.16508,1.16587,9392.0,2025-08-29 12:00:00
1756472400,1.16586,1.16731,1.16536,1.16686,9508.0,2025-08-29 13:00:00
1756476000,1.16688,1.17052,1.16688,1.17044,13976.0,2025-08-29 14:00:00
1756479600,1.17044,1.1709,1.16944,1.16944,9179.0,2025-08-29 15:00:00
1756483200,1.16944,1.17073,1.16936,1.17017,5999.0,2025-08-29 16:00:00
1756486800,1.17017,1.1703,1.16962,1.16964,3524.0,2025-08-29 17:00:00
1756490400,1.16965,1.16995,1.16934,1.16986,2731.0,2025-08-29 18:00:00
1756494000,1.16985,1.16996,1.1693,1.16982,2686.0,2025-08-29 19:00:00
1756497600,1.16985,1.17007,1.16811,1.16858,2601.0,2025-08-29 20:00:00
1756674000,1.1696,1.16976,1.16874,1.16892,733.0,2025-08-31 21:00:00
1756677600,1.16894,1.1691,1.16868,1.16888,1098.0,2025-08-31 22:00:00
1756681200,1.16889,1.16904,1.1687,1.16902,1191.0,2025-08-31 23:00:00
1756684800,1.16902,1.16982,1.16898,1.16972,2796.0,2025-09-01 00:00:00
1756688400,1.16974,1.16974,1.16881,1.16948,3775.0,2025-09-01 01:00:00
1756692000,1.16949,1.17139,1.16948,1.17119,4390.0,2025-09-01 02:00:00
1756695600,1.17121,1.17146,1.17046,1.17084,2960.0,2025-09-01 03:00:00
1756699200,1.17084,1.17102,1.17046,1.17084,1935.0,2025-09-01 04:00:00
1756702800,1.17084,1.17155,1.17081,1.17144,2701.0,2025-09-01 05:00:00
1756706400,1.17145,1.17335,1.17134,1.17252,6509.0,2025-09-01 06:00:00
1756710000,1.17252,1.17279,1.17152,1.17256,6376.0,2025-09-01 07:00:00
1756713600,1.17253,1.17365,1.17161,1.17352,6200.0,2025-09-01 08:00:00
1756717200,1.17353,1.17363,1.17186,1.17195,5516.0,2025-09-01 09:00:00
1756720800,1.17195,1.17264,1.17181,1.17196,4106.0,2025-09-01 10:00:00
1756724400,1.17196,1.17294,1.1713,1.17144,5101.0,2025-09-01 11:00:00
1756728000,1.17144,1.1718,1.17064,1.17075,5150.0,2025-09-01 12:00:00
1756731600,1.17075,1.17163,1.17051,1.17078,5683.0,2025-09-01 13:00:00
1756735200,1.17078,1.17145,1.17056,1.17109,5726.0,2025-09-01 14:00:00
1756738800,1.17106,1.17117,1.16994,1.16996,3768.0,2025-09-01 15:00:00
1756742400,1.16996,1.17048,1.16966,1.17048,2379.0,2025-09-01 16:00:00
1756746000,1.17048,1.17053,1.17014,1.17042,1274.0,2025-09-01 17:00:00
1756749600,1.17043,1.17077,1.1704,1.17076,938.0,2025-09-01 18:00:00
1756753200,1.17076,1.1714,1.17076,1.1713,1316.0,2025-09-01 19:00:00
1756756800,1.17129,1.17136,1.17108,1.17114,1075.0,2025-09-01 20:00:00
1756760400,1.17094,1.17104,1.1708,1.17088,843.0,2025-09-01 21:00:00
1756764000,1.1709,1.17136,1.17081,1.17112,812.0,2025-09-01 22:00:00
1756767600,1.17114,1.17183,1.1711,1.1715,1210.0,2025-09-01 23:00:00
1756771200,1.1715,1.17159,1.17032,1.17046,4511.0,2025-09-02 00:00:00
1756774800,1.17045,1.17071,1.16995,1.17037,6277.0,2025-09-02 01:00:00
1756778400,1.17038,1.17043,1.16922,1.16985,4323.0,2025-09-02 02:00:00
1756782000,1.16982,1.16994,1.1693,1.16952,3235.0,2025-09-02 03:00:00
1756785600,1.16952,1.16961,1.16896,1.16934,2634.0,2025-09-02 04:00:00
1756789200,1.16934,1.16972,1.16873,1.16944,3477.0,2025-09-02 05:00:00
1756792800,1.16946,1.17066,1.16946,1.1703,5869.0,2025-09-02 06:00:00
1756796400,1.17031,1.17066,1.1643,1.16462,16485.0,2025-09-02 07:00:00
1756800000,1.16466,1.16558,1.16338,1.1645,15748.0,2025-09-02 08:00:00
1756803600,1.16452,1.16484,1.1624,1.16376,11279.0,2025-09-02 09:00:00
1756807200,1.16377,1.1642,1.16268,1.1632,8806.0,2025-09-02 10:00:00
1756810800,1.16318,1.16498,1.1628,1.16466,9379.0,2025-09-02 11:00:00
1756814400,1.16468,1.16532,1.1613,1.16172,13534.0,2025-09-02 12:00:00
1756818000,1.16172,1.16514,1.1615,1.165,13097.0,2025-09-02 13:00:00
1756821600,1.16504,1.16826,1.16504,1.16624,17221.0,2025-09-02 14:00:00
1756825200,1.16626,1.16685,1.16494,1.16526,9917.0,2025-09-02 15:00:00
1756828800,1.16528,1.16548,1.1643,1.1644,5575.0,2025-09-02 16:00:00
1756832400,1.1644,1.16484,1.16414,1.16424,3834.0,2025-09-02 17:00:00
1756836000,1.16423,1.16436,1.16297,1.16334,4819.0,2025-09-02 18:00:00
1756839600,1.16336,1.16414,1.1632,1.16414,3132.0,2025-09-02 19:00:00
1756843200,1.16416,1.16436,1.16388,1.16424,1762.0,2025-09-02 20:00:00
1756846800,1.16422,1.16455,1.16395,1.16419,750.0,2025-09-02 21:00:00
1756850400,1.16418,1.16443,1.16366,1.1637,877.0,2025-09-02 22:00:00
1756854000,1.16372,1.1638,1.16327,1.1633,1298.0,2025-09-02 23:00:00
1756857600,1.16328,1.16364,1.16289,1.1633,3479.0,2025-09-03 00:00:00
1756861200,1.16331,1.16354,1.16265,1.16304,4619.0,2025-09-03 01:00:00
1756864800,1.16304,1.16355,1.16248,1.16273,3528.0,2025-09-03 02:00:00
1756868400,1.16274,1.16304,1.1623,1.16234,2954.0,2025-09-03 03:00:00
1756872000,1.16235,1.16318,1.1622,1.16318,2543.0,2025-09-03 04:00:00
1756875600,1.16317,1.16348,1.16265,1.163,3013.0,2025-09-03 05:00:00
1756879200,1.163,1.1643,1.16285,1.1633,5609.0,2025-09-03 06:00:00
1756882800,1.1633,1.16361,1.16082,1.16358,10248.0,2025-09-03 07:00:00
1756886400,1.16358,1.16578,1.16356,1.16566,8435.0,2025-09-03 08:00:00
1756890000,1.16566,1.1665,1.16518,1.16564,6772.0,2025-09-03 09:00:00
1756893600,1.16564,1.16578,1.16397,1.16436,5758.0,2025-09-03 10:00:00
1756897200,1.16436,1.16547,1.164,1.16516,5749.0,2025-09-03 11:00:00
1756900800,1.16515,1.1659,1.16446,1.16482,7957.0,2025-09-03 12:00:00
1756904400,1.16484,1.16542,1.16386,1.16511,11452.0,2025-09-03 13:00:00
1756908000,1.1651,1.16805,1.16506,1.16637,16301.0,2025-09-03 14:00:00
1756911600,1.16638,1.16822,1.16631,1.1675,8384.0,2025-09-03 15:00:00
1756915200,1.16752,1.16776,1.16667,1.16753,4738.0,2025-09-03 16:00:00
1756918800,1.16754,1.16772,1.16588,1.16611,4143.0,2025-09-03 17:00:00
1756922400,1.1661,1.16679,1.16582,1.16618,4245.0,2025-09-03 18:00:00
1756926000,1.16618,1.16628,1.16558,1.16584,2782.0,2025-09-03 19:00:00
1756929600,1.16583,1.16647,1.16558,1.16612,1736.0,2025-09-03 20:00:00
1756933200,1.16618,1.1663,1.16596,1.16612,1787.0,2025-09-03 21:00:00
1756936800,1.16613,1.16634,1.16596,1.16603,760.0,2025-09-03 22:00:00
1756940400,1.16604,1.16624,1.16568,1.16611,1305.0,2025-09-03 23:00:00
1756944000,1.16613,1.16624,1.16548,1.16588,4498.0,2025-09-04 00:00:00
1756947600,1.16588,1.16696,1.16524,1.16584,4758.0,2025-09-04 01:00:00
1756951200,1.16583,1.16589,1.1651,1.1653,3720.0,2025-09-04 02:00:00
1756954800,1.16531,1.16558,1.16504,1.16532,2591.0,2025-09-04 03:00:00
1756958400,1.1653,1.1655,1.16506,1.16518,2170.0,2025-09-04 04:00:00
1756962000,1.16516,1.16557,1.16484,1.16554,2775.0,2025-09-04 05:00:00
1756965600,1.16555,1.16614,1.165,1.1652,5480.0,2025-09-04 06:00:00
1756969200,1.16518,1.16586,1.1644,1.16507,6642.0,2025-09-04 07:00:00
1756972800,1.16506,1.16594,1.16482,1.16578,6334.0,2025-09-04 08:00:00
1756976400,1.16576,1.16598,1.16396,1.16432,6345.0,2025-09-04 09:00:00
1756980000,1.16433,1.16598,1.1643,1.16528,5650.0,2025-09-04 10:00:00
1756983600,1.16524,1.1653,1.16393,1.16428,5297.0,2025-09-04 11:00:00
1756987200,1.1643,1.1659,1.163,1.16458,12435.0,2025-09-04 12:00:00
1756990800,1.16458,1.16558,1.16374,1.16492,10324.0,2025-09-04 13:00:00
1756994400,1.16454,1.16517,1.16317,1.16347,13450.0,2025-09-04 14:00:00
1756998000,1.16348,1.165,1.16314,1.16477,6102.0,2025-09-04 15:00:00
1757001600,1.16478,1.16483,1.16339,1.16395,4265.0,2025-09-04 16:00:00
1757005200,1.16395,1.16402,1.16345,1.16375,3379.0,2025-09-04 17:00:00
1757008800,1.16375,1.16478,1.16367,1.16438,3115.0,2025-09-04 18:00:00
1757012400,1.1644,1.1652,1.1644,1.1651,2537.0,2025-09-04 19:00:00
1757016000,1.16509,1.16525,1.16484,1.16507,1395.0,2025-09-04 20:00:00
1757019600,1.16494,1.16504,1.1648,1.16496,638.0,2025-09-04 21:00:00
1757023200,1.1649,1.16534,1.16489,1.1649,748.0,2025-09-04 22:00:00
1757026800,1.16491,1.1658,1.16488,1.16568,1669.0,2025-09-04 23:00:00
1757030400,1.16569,1.1661,1.16524,1.16598,4559.0,2025-09-05 00:00:00
1757034000,1.16598,1.1672,1.16597,1.16707,4059.0,2025-09-05 01:00:00
1757037600,1.16708,1.16746,1.16682,1.16682,2680.0,2025-09-05 02:00:00
1757041200,1.16683,1.16732,1.16661,1.16712,2446.0,2025-09-05 03:00:00
1757044800,1.16713,1.16719,1.1665,1.16669,2035.0,2025-09-05 04:00:00
1757048400,1.1667,1.16778,1.16666,1.16769,2515.0,2025-09-05 05:00:00
1757052000,1.16769,1.16776,1.1665,1.16692,5617.0,2025-09-05 06:00:00
1757055600,1.16694,1.16789,1.16664,1.1678,6408.0,2025-09-05 07:00:00
1757059200,1.16778,1.16846,1.16752,1.16834,4331.0,2025-09-05 08:00:00
1757062800,1.16834,1.16924,1.16814,1.16879,4174.0,2025-09-05 09:00:00
1757066400,1.1688,1.16968,1.16868,1.16914,4097.0,2025-09-05 10:00:00
1757070000,1.16913,1.16916,1.16779,1.16873,5746.0,2025-09-05 11:00:00
1757073600,1.16874,1.17506,1.16862,1.17344,27642.0,2025-09-05 12:00:00
1757077200,1.17344,1.17504,1.1714,1.17489,22597.0,2025-09-05 13:00:00
1757080800,1.1749,1.17595,1.17232,1.17366,17847.0,2025-09-05 14:00:00
1757084400,1.17367,1.17595,1.17348,1.17584,10115.0,2025-09-05 15:00:00
1757088000,1.17584,1.17596,1.17366,1.1739,6362.0,2025-09-05 16:00:00
1757091600,1.1739,1.17393,1.17248,1.1726,5868.0,2025-09-05 17:00:00
1757095200,1.17259,1.17264,1.17146,1.17172,4189.0,2025-09-05 18:00:00
1757098800,1.1717,1.17232,1.17131,1.1718,3056.0,2025-09-05 19:00:00
1757102400,1.17178,1.1722,1.1715,1.1718,2060.0,2025-09-05 20:00:00
1757278800,1.1714,1.17198,1.17124,1.17189,356.0,2025-09-07 21:00:00
1757282400,1.17188,1.17226,1.17036,1.1706,3079.0,2025-09-07 22:00:00
1757286000,1.17063,1.1716,1.1706,1.17122,2990.0,2025-09-07 23:00:00
1757289600,1.17124,1.17132,1.17049,1.17131,5993.0,2025-09-08 00:00:00
1757293200,1.17132,1.17176,1.17076,1.1713,6654.0,2025-09-08 01:00:00
1757296800,1.1713,1.17164,1.17104,1.1715,5790.0,2025-09-08 02:00:00
1757300400,1.17149,1.17158,1.17083,1.17096,4002.0,2025-09-08 03:00:00
1757304000,1.17094,1.17144,1.17062,1.17131,2735.0,2025-09-08 04:00:00
1757307600,1.1713,1.17211,1.17122,1.17152,3391.0,2025-09-08 05:00:00
1757311200,1.17152,1.17278,1.17118,1.1727,7358.0,2025-09-08 06:00:00
1757314800,1.1727,1.1734,1.17205,1.1733,7312.0,2025-09-08 07:00:00
1757318400,1.17328,1.1743,1.1726,1.17314,6882.0,2025-09-08 08:00:00
1757322000,1.17313,1.17316,1.17208,1.17237,4572.0,2025-09-08 09:00:00
1757325600,1.17236,1.17288,1.172,1.1726,4629.0,2025-09-08 10:00:00
1757329200,1.17258,1.17319,1.17246,1.17291,4548.0,2025-09-08 11:00:00
1757332800,1.17289,1.17416,1.17229,1.17377,7997.0,2025-09-08 12:00:00
1757336400,1.17376,1.17564,1.17364,1.17513,9480.0,2025-09-08 13:00:00
1757340000,1.17512,1.17547,1.17399,1.17454,9363.0,2025-09-08 14:00:00
1757343600,1.17456,1.17523,1.17431,1.17504,6617.0,2025-09-08 15:00:00
1757347200,1.17501,1.1752,1.17351,1.17406,4687.0,2025-09-08 16:00:00
1757350800,1.17407,1.1747,1.1735,1.17396,4026.0,2025-09-08 17:00:00
1757354400,1.17396,1.17628,1.17396,1.17612,3882.0,2025-09-08 18:00:00
1757358000,1.17612,1.17658,1.17594,1.17626,3316.0,2025-09-08 19:00:00
1757361600,1.17624,1.17638,1.17594,1.17633,2132.0,2025-09-08 20:00:00
1757365200,1.17619,1.17628,1.17586,1.17612,912.0,2025-09-08 21:00:00
1757368800,1.17616,1.17652,1.17612,1.17622,1206.0,2025-09-08 22:00:00
1757372400,1.17623,1.17728,1.17623,1.17686,2130.0,2025-09-08 23:00:00
1757376000,1.17686,1.17745,1.17656,1.17715,3306.0,2025-09-09 00:00:00
1757379600,1.17714,1.1778,1.1766,1.17752,3506.0,2025-09-09 01:00:00
1757383200,1.17751,1.17769,1.1768,1.1769,3000.0,2025-09-09 02:00:00
1757386800,1.1769,1.177,1.17634,1.1764,2158.0,2025-09-09 03:00:00
1757390400,1.1764,1.1776,1.17638,1.17728,2540.0,2025-09-09 04:00:00
1757394000,1.17728,1.17801,1.17713,1.17788,3676.0,2025-09-09 05:00:00
1757397600,1.17788,1.17799,1.17563,1.1765,7293.0,2025-09-09 06:00:00
1757401200,1.17649,1.17686,1.17478,1.17526,8574.0,2025-09-09 07:00:00
1757404800,1.17526,1.17624,1.17442,1.17595,11919.0,2025-09-09 08:00:00
1757408400,1.17596,1.17724,1.17594,1.17676,7592.0,2025-09-09 09:00:00
1757412000,1.17674,1.17712,1.17526,1.17542,6177.0,2025-09-09 10:00:00
1757415600,1.17541,1.17546,1.17412,1.17421,5120.0,2025-09-09 11:00:00
1757419200,1.1742,1.1745,1.17277,1.17376,7930.0,2025-09-09 12:00:00
1757422800,1.17374,1.17488,1.1734,1.17421,9660.0,2025-09-09 13:00:00
1757426400,1.17422,1.17628,1.17226,1.17308,22999.0,2025-09-09 14:00:00
1757430000,1.17308,1.17318,1.17156,1.17222,9687.0,2025-09-09 15:00:00
1757433600,1.17222,1.17298,1.17188,1.17189,5884.0,2025-09-09 16:00:00
1757437200,1.1719,1.17236,1.17084,1.17094,6022.0,2025-09-09 17:00:00
1757440800,1.17097,1.17146,1.17043,1.17064,4898.0,2025-09-09 18:00:00
1757444400,1.17064,1.17091,1.17039,1.17066,3161.0,2025-09-09 19:00:00
1757448000,1.17067,1.17116,1.17044,1.1711,2139.0,2025-09-09 20:00:00
1757451600,1.17096,1.17122,1.17068,1.17121,1569.0,2025-09-09 21:00:00
1757455200,1.1712,1.1714,1.17088,1.1712,875.0,2025-09-09 22:00:00
1757458800,1.17118,1.17122,1.16974,1.17024,2480.0,2025-09-09 23:00:00
1757462400,1.17023,1.17024,1.16962,1.1697,4497.0,2025-09-10 00:00:00
1757466000,1.16971,1.17028,1.16892,1.16996,6745.0,2025-09-10 01:00:00
1757469600,1.16996,1.17084,1.16994,1.17072,4741.0,2025-09-10 02:00:00
1757473200,1.17073,1.17102,1.17068,1.17082,3027.0,2025-09-10 03:00:00
1757476800,1.17084,1.17157,1.17076,1.17151,2657.0,2025-09-10 04:00:00
1757480400,1.1715,1.1716,1.17052,1.17086,3932.0,2025-09-10 05:00:00
1757484000,1.17085,1.17186,1.16916,1.16981,7761.0,2025-09-10 06:00:00
1757487600,1.16979,1.17079,1.16825,1.17028,10114.0,2025-09-10 07:00:00
1757491200,1.17028,1.17038,1.16911,1.17,7245.0,2025-09-10 08:00:00
1757494800,1.16999,1.17172,1.16984,1.17134,5946.0,2025-09-10 09:00:00
1757498400,1.17131,1.17146,1.16963,1.17004,5077.0,2025-09-10 10:00:00
1757502000,1.17002,1.1707,1.16954,1.17046,5590.0,2025-09-10 11:00:00
1757505600,1.17047,1.17276,1.16912,1.17006,18934.0,2025-09-10 12:00:00
1757509200,1.17007,1.17246,1.1696,1.17201,14463.0,2025-09-10 13:00:00
1757512800,1.172,1.1731,1.1715,1.17278,12239.0,2025-09-10 14:00:00
1757516400,1.17278,1.17301,1.17132,1.17146,6998.0,2025-09-10 15:00:00
1757520000,1.17144,1.17162,1.17028,1.17056,5005.0,2025-09-10 16:00:00
1757523600,1.17056,1.17112,1.17018,1.1706,4276.0,2025-09-10 17:00:00
1757527200,1.17058,1.17122,1.17026,1.17046,4007.0,2025-09-10 18:00:00
1757530800,1.17047,1.17047,1.16935,1.17002,3044.0,2025-09-10 19:00:00
1757534400,1.17002,1.17014,1.16939,1.16943,1946.0,2025-09-10 20:00:00
1757538000,1.16954,1.17006,1.16951,1.16996,1411.0,2025-09-10 21:00:00
1757541600,1.16998,1.17034,1.16986,1.17032,1116.0,2025-09-10 22:00:00
1757545200,1.17032,1.17068,1.17012,1.17026,1151.0,2025-09-10 23:00:00
1757548800,1.17026,1.17027,1.16936,1.1694,2998.0,2025-09-11 00:00:00
1757552400,1.16938,1.17028,1.1693,1.16974,3151.0,2025-09-11 01:00:00
1757556000,1.16972,1.16989,1.16936,1.16967,2361.0,2025-09-11 02:00:00
1757559600,1.16964,1.17004,1.16948,1.16959,2043.0,2025-09-11 03:00:00
1757563200,1.16958,1.16995,1.16942,1.16994,1601.0,2025-09-11 04:00:00
1757566800,1.16996,1.16996,1.16892,1.169,3189.0,2025-09-11 05:00:00
1757570400,1.169,1.16968,1.16838,1.16908,7614.0,2025-09-11 06:00:00
1757574000,1.16907,1.16964,1.16868,1.16926,8613.0,2025-09-11 07:00:00
1757577600,1.16926,1.16954,1.16886,1.16921,6011.0,2025-09-11 08:00:00
1757581200,1.1692,1.16932,1.16774,1.16859,6395.0,2025-09-11 09:00:00
1757584800,1.16858,1.16885,1.16801,1.16832,5786.0,2025-09-11 10:00:00
1757588400,1.16832,1.16912,1.16781,1.16838,6670.0,2025-09-11 11:00:00
1757592000,1.16839,1.1721,1.16606,1.17152,28392.0,2025-09-11 12:00:00
1757595600,1.17152,1.1741,1.1714,1.17392,22796.0,2025-09-11 13:00:00
1757599200,1.17392,1.17444,1.17256,1.1728,13457.0,2025-09-11 14:00:00
1757602800,1.17279,1.17461,1.17262,1.17314,8612.0,2025-09-11 15:00:00
1757606400,1.17315,1.17399,1.17306,1.17365,5795.0,2025-09-11 16:00:00
1757610000,1.17366,1.17392,1.17278,1.17317,5597.0,2025-09-11 17:00:00
1757613600,1.17316,1.17384,1.17306,1.17356,3560.0,2025-09-11 18:00:00
1757617200,1.17356,1.1739,1.17337,1.17368,3030.0,2025-09-11 19:00:00
1757620800,1.17368,1.17398,1.17354,1.17354,2701.0,2025-09-11 20:00:00
1757624400,1.17333,1.17361,1.17333,1.1735,1165.0,2025-09-11 21:00:00
1757628000,1.17352,1.17406,1.17352,1.1739,1144.0,2025-09-11 22:00:00
1757631600,1.17392,1.17402,1.1733,1.17332,1947.0,2025-09-11 23:00:00
1757635200,1.17332,1.17344,1.17273,1.1733,4669.0,2025-09-12 00:00:00
1757638800,1.17331,1.17345,1.17254,1.17256,3776.0,2025-09-12 01:00:00
1757642400,1.17258,1.17292,1.17238,1.17268,2913.0,2025-09-12 02:00:00
1757646000,1.17268,1.17273,1.17229,1.17252,2669.0,2025-09-12 03:00:00
1757649600,1.17252,1.17272,1.1721,1.17257,2704.0,2025-09-12 04:00:00
1757653200,1.17258,1.17336,1.17242,1.17307,2674.0,2025-09-12 05:00:00
1757656800,1.17308,1.17404,1.17221,1.17396,6270.0,2025-09-12 06:00:00
1757660400,1.17397,1.17478,1.17371,1.17408,7488.0,2025-09-12 07:00:00
1757664000,1.17406,1.17412,1.17158,1.17174,8222.0,2025-09-12 08:00:00
1757667600,1.17174,1.17254,1.17126,1.17222,6718.0,2025-09-12 09:00:00
1757671200,1.17222,1.17349,1.1722,1.17341,5118.0,2025-09-12 10:00:00
1757674800,1.17339,1.17359,1.17208,1.17213,6013.0,2025-09-12 11:00:00
1757678400,1.17214,1.1723,1.1701,1.17123,10914.0,2025-09-12 12:00:00
1757682000,1.17124,1.17166,1.17034,1.1713,9406.0,2025-09-12 13:00:00
1757685600,1.17129,1.17283,1.17124,1.1725,11696.0,2025-09-12 14:00:00
1757689200,1.17251,1.17278,1.17134,1.1714,6812.0,2025-09-12 15:00:00
1757692800,1.1714,1.17318,1.171,1.1727,4589.0,2025-09-12 16:00:00
1757696400,1.1727,1.17379,1.17269,1.17322,4166.0,2025-09-12 17:00:00
1757700000,1.17323,1.17417,1.17322,1.17412,3573.0,2025-09-12 18:00:00
1757703600,1.17412,1.17416,1.1734,1.17362,2867.0,2025-09-12 19:00:00
1757707200,1.17364,1.17369,1.17288,1.17352,2779.0,2025-09-12 20:00:00
1757883600,1.17331,1.17356,1.17298,1.17307,316.0,2025-09-14 21:00:00
1757887200,1.17312,1.17348,1.17278,1.17285,1280.0,2025-09-14 22:00:00
1757890800,1.17284,1.17314,1.1725,1.17256,1407.0,2025-09-14 23:00:00
1757894400,1.17256,1.17278,1.17219,1.17268,2653.0,2025-09-15 00:00:00
1757898000,1.17268,1.17297,1.17229,1.17276,3978.0,2025-09-15 01:00:00
1757901600,1.17277,1.17294,1.17246,1.17276,2109.0,2025-09-15 02:00:00
1757905200,1.17277,1.17343,1.17274,1.17313,1940.0,2025-09-15 03:00:00
1757908800,1.17314,1.17355,1.17309,1.17342,1734.0,2025-09-15 04:00:00
1757912400,1.17342,1.17345,1.17277,1.17283,1784.0,2025-09-15 05:00:00
1757916000,1.17284,1.173,1.17162,1.1725,6117.0,2025-09-15 06:00:00
1757919600,1.17248,1.17444,1.17241,1.17336,7597.0,2025-09-15 07:00:00
1757923200,1.17336,1.17438,1.173,1.17372,6445.0,2025-09-15 08:00:00
1757926800,1.17373,1.17518,1.17364,1.17463,6108.0,2025-09-15 09:00:00
1757930400,1.17464,1.17628,1.17463,1.17528,5992.0,2025-09-15 10:00:00
1757934000,1.17528,1.17633,1.17528,1.17611,5275.0,2025-09-15 11:00:00
1757937600,1.17612,1.1771,1.17612,1.17696,7395.0,2025-09-15 12:00:00
1757941200,1.17696,1.17734,1.17576,1.1759,8326.0,2025-09-15 13:00:00
1757944800,1.17588,1.17606,1.17509,1.17578,8923.0,2025-09-15 14:00:00
1757948400,1.17579,1.17724,1.17564,1.17714,5797.0,2025-09-15 15:00:00
1757952000,1.17714,1.17746,1.17562,1.17583,5221.0,2025-09-15 16:00:00
1757955600,1.17582,1.17729,1.17581,1.17711,3659.0,2025-09-15 17:00:00
1757959200,1.17712,1.17724,1.17663,1.17695,3671.0,2025-09-15 18:00:00
1757962800,1.17696,1.17722,1.17644,1.17656,2952.0,2025-09-15 19:00:00
1757966400,1.17656,1.17687,1.17602,1.17609,1746.0,2025-09-15 20:00:00
1757970000,1.17634,1.17666,1.17634,1.17658,640.0,2025-09-15 21:00:00
1757973600,1.17659,1.1766,1.17619,1.17631,1032.0,2025-09-15 22:00:00
1757977200,1.17634,1.17662,1.1763,1.17631,1563.0,2025-09-15 23:00:00
1757980800,1.1763,1.17663,1.17574,1.1762,4081.0,2025-09-16 00:00:00
1757984400,1.17621,1.17694,1.17582,1.17677,4769.0,2025-09-16 01:00:00
1757988000,1.17678,1.17775,1.17674,1.17766,4153.0,2025-09-16 02:00:00
1757991600,1.17768,1.1787,1.17742,1.17802,3989.0,2025-09-16 03:00:00
1757995200,1.17803,1.17804,1.1774,1.1777,3380.0,2025-09-16 04:00:00
1757998800,1.17771,1.17803,1.17736,1.17781,3638.0,2025-09-16 05:00:00
1758002400,1.17783,1.17914,1.17777,1.17874,7663.0,2025-09-16 06:00:00
1758006000,1.17874,1.1802,1.17864,1.17944,8239.0,2025-09-16 07:00:00
1758009600,1.17942,1.18038,1.17902,1.1795,7218.0,2025-09-16 08:00:00
1758013200,1.17952,1.18182,1.17951,1.18141,8589.0,2025-09-16 09:00:00
1758016800,1.18142,1.18157,1.18042,1.18082,6971.0,2025-09-16 10:00:00
1758020400,1.18084,1.18214,1.18013,1.18141,8066.0,2025-09-16 11:00:00
1758024000,1.18142,1.18155,1.179,1.18049,13762.0,2025-09-16 12:00:00
1758027600,1.18048,1.18272,1.18042,1.18239,12684.0,2025-09-16 13:00:00
1758031200,1.1824,1.18532,1.18212,1.18518,16108.0,2025-09-16 14:00:00
1758034800,1.18518,1.18534,1.18351,1.18472,10008.0,2025-09-16 15:00:00
1758038400,1.18472,1.18719,1.18464,1.18645,8056.0,2025-09-16 16:00:00
1758042000,1.18644,1.18784,1.18636,1.1866,7375.0,2025-09-16 17:00:00
1758045600,1.1866,1.18711,1.18614,1.18668,5351.0,2025-09-16 18:00:00
1758049200,1.18666,1.1869,1.18579,1.18602,4348.0,2025-09-16 19:00:00
1758052800,1.186,1.18688,1.18583,1.18668,3293.0,2025-09-16 20:00:00
1758056400,1.18606,1.18644,1.18602,1.1864,796.0,2025-09-16 21:00:00
1758060000,1.18635,1.18684,1.18633,1.1866,1042.0,2025-09-16 22:00:00
1758063600,1.18662,1.1873,1.1866,1.1871,1384.0,2025-09-16 23:00:00
1758067200,1.18711,1.18729,1.18578,1.18582,4517.0,2025-09-17 00:00:00
1758070800,1.18581,1.18594,1.18522,1.18561,4367.0,2025-09-17 01:00:00
1758074400,1.1856,1.1858,1.18513,1.18556,3308.0,2025-09-17 02:00:00
1758078000,1.18554,1.18577,1.18514,1.18521,2145.0,2025-09-17 03:00:00
1758081600,1.1852,1.18553,1.18514,1.1854,1971.0,2025-09-17 04:00:00
1758085200,1.1854,1.18597,1.1854,1.1858,2655.0,2025-09-17 05:00:00
1758088800,1.18582,1.186,1.18514,1.1856,6114.0,2025-09-17 06:00:00
1758092400,1.18559,1.18561,1.1838,1.18405,7272.0,2025-09-17 07:00:00
1758096000,1.18404,1.18513,1.18396,1.18482,5495.0,2025-09-17 08:00:00
1758099600,1.18484,1.18498,1.18412,1.18457,5558.0,2025-09-17 09:00:00
1758103200,1.18456,1.18469,1.18328,1.18362,5709.0,2025-09-17 10:00:00
1758106800,1.18362,1.18462,1.18348,1.18392,6274.0,2025-09-17 11:00:00
1758110400,1.18392,1.1845,1.18342,1.18436,6015.0,2025-09-17 12:00:00
1758114000,1.18436,1.1853,1.18424,1.185,7318.0,2025-09-17 13:00:00
1758117600,1.185,1.18593,1.1846,1.18496,8097.0,2025-09-17 14:00:00
1758121200,1.18496,1.18527,1.18436,1.18446,5421.0,2025-09-17 15:00:00
1758124800,1.18446,1.18563,1.18423,1.18532,5429.0,2025-09-17 16:00:00
1758128400,1.18531,1.18552,1.18469,1.18542,4784.0,2025-09-17 17:00:00
1758132000,1.18542,1.19188,1.18191,1.18343,58129.0,2025-09-17 18:00:00
1758135600,1.18344,1.1857,1.18206,1.18246,26220.0,2025-09-17 19:00:00
1758139200,1.18246,1.18276,1.18078,1.18126,5847.0,2025-09-17 20:00:00
1758142800,1.18127,1.18168,1.18124,1.18162,581.0,2025-09-17 21:00:00
1758146400,1.1816,1.18224,1.18124,1.18192,2232.0,2025-09-17 22:00:00
1758150000,1.18192,1.1829,1.1818,1.18253,3040.0,2025-09-17 23:00:00
1758153600,1.18254,1.18284,1.18152,1.18254,7546.0,2025-09-18 00:00:00
1758157200,1.18253,1.18288,1.18076,1.18139,8740.0,2025-09-18 01:00:00
1758160800,1.1814,1.18226,1.18126,1.18195,4153.0,2025-09-18 02:00:00
1758164400,1.18196,1.18229,1.18116,1.18123,3270.0,2025-09-18 03:00:00
1758168000,1.18124,1.18137,1.17938,1.1795,3934.0,2025-09-18 04:00:00
1758171600,1.17951,1.18004,1.17856,1.17909,5360.0,2025-09-18 05:00:00
1758175200,1.1791,1.17996,1.17804,1.17945,9018.0,2025-09-18 06:00:00
1758178800,1.17944,1.18386,1.17938,1.18316,11901.0,2025-09-18 07:00:00
1758182400,1.18316,1.18342,1.1821,1.18277,9887.0,2025-09-18 08:00:00
1758186000,1.18278,1.18484,1.18272,1.1838,8499.0,2025-09-18 09:00:00
1758189600,1.1838,1.18403,1.1831,1.18368,6171.0,2025-09-18 10:00:00
1758193200,1.18369,1.18372,1.18199,1.18254,9613.0,2025-09-18 11:00:00
1758196800,1.18253,1.18262,1.17954,1.17956,14210.0,2025-09-18 12:00:00
1758200400,1.17956,1.17964,1.17501,1.17672,19662.0,2025-09-18 13:00:00
1758204000,1.17672,1.1782,1.1763,1.17755,16796.0,2025-09-18 14:00:00
1758207600,1.17757,1.17877,1.17695,1.17796,11240.0,2025-09-18 15:00:00
1758211200,1.17795,1.1788,1.17722,1.17871,7749.0,2025-09-18 16:00:00
1758214800,1.1787,1.1794,1.17856,1.17878,5900.0,2025-09-18 17:00:00
1758218400,1.17876,1.17896,1.1782,1.17878,4818.0,2025-09-18 18:00:00
1758222000,1.17878,1.17912,1.17826,1.17849,4120.0,2025-09-18 19:00:00
1758225600,1.1785,1.17862,1.17815,1.17861,2674.0,2025-09-18 20:00:00
1758229200,1.17889,1.179,1.17853,1.17876,1266.0,2025-09-18 21:00:00
1758232800,1.17876,1.17896,1.17844,1.17872,3418.0,2025-09-18 22:00:00
1758236400,1.17872,1.17907,1.17868,1.1789,1328.0,2025-09-18 23:00:00
1758240000,1.1789,1.17907,1.17754,1.17867,4703.0,2025-09-19 00:00:00
1758243600,1.17866,1.1787,1.17746,1.17754,5269.0,2025-09-19 01:00:00
1758247200,1.17754,1.1781,1.17721,1.17796,3981.0,2025-09-19 02:00:00
1758250800,1.17797,1.17928,1.17797,1.17816,7684.0,2025-09-19 03:00:00
1758254400,1.17818,1.17898,1.17704,1.1774,6933.0,2025-09-19 04:00:00
1758258000,1.1774,1.1778,1.17709,1.17731,4894.0,2025-09-19 05:00:00
1758261600,1.17732,1.17776,1.17633,1.17665,12637.0,2025-09-19 06:00:00
1758265200,1.17667,1.17784,1.17574,1.177,12578.0,2025-09-19 07:00:00
1758268800,1.17701,1.1771,1.17508,1.1761,9221.0,2025-09-19 08:00:00
1758272400,1.1761,1.17688,1.17564,1.17598,7376.0,2025-09-19 09:00:00
1758276000,1.17598,1.17653,1.17584,1.17613,5926.0,2025-09-19 10:00:00
1758279600,1.17612,1.17624,1.17352,1.17369,8313.0,2025-09-19 11:00:00
1758283200,1.1737,1.17434,1.17288,1.17362,10986.0,2025-09-19 12:00:00
1758286800,1.17361,1.17638,1.17355,1.17582,11939.0,2025-09-19 13:00:00
1758290400,1.17583,1.1768,1.17558,1.17572,11833.0,2025-09-19 14:00:00
1758294000,1.17572,1.17592,1.17374,1.17524,9821.0,2025-09-19 15:00:00
1758297600,1.17524,1.17553,1.17411,1.17532,5262.0,2025-09-19 16:00:00
1758301200,1.17531,1.17553,1.17487,1.17508,4293.0,2025-09-19 17:00:00
1758304800,1.17508,1.17514,1.17468,1.17482,3335.0,2025-09-19 18:00:00
1758308400,1.17482,1.17508,1.17452,1.17476,2711.0,2025-09-19 19:00:00
1758312000,1.17476,1.17485,1.17408,1.17472,2383.0,2025-09-19 20:00:00
1758488400,1.17385,1.1747,1.17385,1.17466,585.0,2025-09-21 21:00:00
1758492000,1.17466,1.17492,1.1739,1.17408,1469.0,2025-09-21 22:00:00
1758495600,1.17408,1.17416,1.17357,1.17366,2059.0,2025-09-21 23:00:00
1758499200,1.17364,1.1738,1.17262,1.17346,4668.0,2025-09-22 00:00:00
1758502800,1.17346,1.1741,1.17316,1.17324,5712.0,2025-09-22 01:00:00
1758506400,1.17325,1.17338,1.17272,1.17281,4598.0,2025-09-22 02:00:00
1758510000,1.1728,1.17351,1.17278,1.17326,3501.0,2025-09-22 03:00:00
1758513600,1.17326,1.17326,1.17266,1.17308,2659.0,2025-09-22 04:00:00
1758517200,1.17308,1.17386,1.173,1.17386,3026.0,2025-09-22 05:00:00
1758520800,1.17386,1.17487,1.1736,1.17436,6532.0,2025-09-22 06:00:00
1758524400,1.17436,1.17546,1.17392,1.17485,8585.0,2025-09-22 07:00:00
1758528000,1.17482,1.17692,1.1747,1.17624,7302.0,2025-09-22 08:00:00
1758531600,1.17624,1.17762,1.17618,1.17759,5768.0,2025-09-22 09:00:00
1758535200,1.17757,1.17858,1.17738,1.1774,5437.0,2025-09-22 10:00:00
1758538800,1.1774,1.17824,1.17694,1.17782,4650.0,2025-09-22 11:00:00
1758542400,1.17784,1.17874,1.17732,1.17832,8266.0,2025-09-22 12:00:00
1758546000,1.17834,1.1788,1.17686,1.17768,10370.0,2025-09-22 13:00:00
1758549600,1.17767,1.17772,1.17629,1.17698,8145.0,2025-09-22 14:00:00
1758553200,1.17698,1.17756,1.17642,1.17726,6511.0,2025-09-22 15:00:00
1758556800,1.17725,1.17904,1.17716,1.17882,5306.0,2025-09-22 16:00:00
1758560400,1.17884,1.17971,1.17856,1.17966,3152.0,2025-09-22 17:00:00
1758564000,1.17963,1.17993,1.17924,1.17964,2987.0,2025-09-22 18:00:00
1758567600,1.17965,1.18022,1.17954,1.18,2200.0,2025-09-22 19:00:00
1758571200,1.18,1.18032,1.17978,1.18025,1750.0,2025-09-22 20:00:00
1758574800,1.1798,1.18007,1.17952,1.17992,2794.0,2025-09-22 21:00:00
1758578400,1.17996,1.18043,1.1799,1.18012,985.0,2025-09-22 22:00:00
1758582000,1.18012,1.18029,1.17997,1.18007,1064.0,2025-09-22 23:00:00
1758585600,1.18006,1.18074,1.1797,1.18063,3037.0,2025-09-23 00:00:00
1758589200,1.18062,1.182,1.18042,1.1815,4738.0,2025-09-23 01:00:00
1758592800,1.1815,1.18168,1.18016,1.18044,4222.0,2025-09-23 02:00:00
1758596400,1.18044,1.18064,1.17968,1.18058,3347.0,2025-09-23 03:00:00
1758600000,1.18058,1.1808,1.17975,1.17977,2684.0,2025-09-23 04:00:00
1758603600,1.17976,1.1805,1.1795,1.17986,3761.0,2025-09-23 05:00:00
1758607200,1.17985,1.18046,1.17901,1.17948,6947.0,2025-09-23 06:00:00
1758610800,1.17948,1.18002,1.1779,1.17907,13064.0,2025-09-23 07:00:00
1758614400,1.17906,1.18054,1.1784,1.18028,9832.0,2025-09-23 08:00:00
1758618000,1.1803,1.18125,1.18005,1.18022,6663.0,2025-09-23 09:00:00
1758621600,1.18023,1.18067,1.17906,1.1796,5855.0,2025-09-23 10:00:00
1758625200,1.17962,1.18002,1.17915,1.17918,5255.0,2025-09-23 11:00:00
1758628800,1.17919,1.17986,1.17844,1.1797,6842.0,2025-09-23 12:00:00
1758632400,1.17968,1.18046,1.17841,1.17995,12053.0,2025-09-23 13:00:00
1758636000,1.17996,1.18053,1.17925,1.17954,13082.0,2025-09-23 14:00:00
1758639600,1.17954,1.17992,1.1788,1.17984,7197.0,2025-09-23 15:00:00
1758643200,1.17986,1.18092,1.17918,1.1805,8501.0,2025-09-23 16:00:00
1758646800,1.18049,1.18178,1.1803,1.18119,7303.0,2025-09-23 17:00:00
1758650400,1.18118,1.18168,1.18084,1.18112,4475.0,2025-09-23 18:00:00
1758654000,1.18112,1.18182,1.18072,1.18164,4145.0,2025-09-23 19:00:00
1758657600,1.18164,1.18183,1.18116,1.18148,1935.0,2025-09-23 20:00:00
1758661200,1.18139,1.18151,1.1811,1.18145,902.0,2025-09-23 21:00:00
1758664800,1.18145,1.18194,1.18142,1.18148,2376.0,2025-09-23 22:00:00
1758668400,1.1815,1.18174,1.18127,1.18154,1733.0,2025-09-23 23:00:00
1758672000,1.18154,1.18166,1.18032,1.18039,5432.0,2025-09-24 00:00:00
1758675600,1.1804,1.18052,1.17978,1.18002,6946.0,2025-09-24 01:00:00
1758679200,1.18002,1.1804,1.17961,1.17968,4653.0,2025-09-24 02:00:00
1758682800,1.17969,1.18,1.1795,1.17974,3327.0,2025-09-24 03:00:00
1758686400,1.17975,1.18046,1.17956,1.1803,3353.0,2025-09-24 04:00:00
1758690000,1.1803,1.18052,1.17922,1.1798,3629.0,2025-09-24 05:00:00
1758693600,1.1798,1.1803,1.17862,1.17875,7066.0,2025-09-24 06:00:00
1758697200,1.17874,1.17947,1.17844,1.17888,8981.0,2025-09-24 07:00:00
1758700800,1.17886,1.17886,1.17664,1.1772,8225.0,2025-09-24 08:00:00
1758704400,1.17721,1.1775,1.17624,1.17678,6679.0,2025-09-24 09:00:00
1758708000,1.17677,1.17701,1.17509,1.17519,5951.0,2025-09-24 10:00:00
1758711600,1.17518,1.17555,1.17464,1.17492,6427.0,2025-09-24 11:00:00
1758715200,1.17492,1.1758,1.17394,1.17426,10012.0,2025-09-24 12:00:00
1758718800,1.17426,1.17436,1.17304,1.17386,12119.0,2025-09-24 13:00:00
1758722400,1.17388,1.17464,1.17282,1.1743,14017.0,2025-09-24 14:00:00
1758726000,1.17431,1.1746,1.1737,1.17418,9852.0,2025-09-24 15:00:00
1758729600,1.17418,1.17438,1.17302,1.17326,7241.0,2025-09-24 16:00:00
1758733200,1.17327,1.17407,1.17317,1.17378,4975.0,2025-09-24 17:00:00
1758736800,1.17378,1.17386,1.17326,1.17368,5180.0,2025-09-24 18:00:00
1758740400,1.17368,1.17393,1.1732,1.17379,3915.0,2025-09-24 19:00:00
1758744000,1.1738,1.17395,1.17352,1.1738,2276.0,2025-09-24 20:00:00
1758747600,1.17395,1.17402,1.17384,1.17394,538.0,2025-09-24 21:00:00
1758751200,1.17395,1.17454,1.17394,1.17448,1000.0,2025-09-24 22:00:00
1758754800,1.17448,1.17463,1.17422,1.17422,1795.0,2025-09-24 23:00:00
1758758400,1.17421,1.17484,1.17407,1.17474,4854.0,2025-09-25 00:00:00
1758762000,1.17475,1.17495,1.17406,1.17445,4972.0,2025-09-25 01:00:00
1758765600,1.17446,1.17519,1.17434,1.17498,3600.0,2025-09-25 02:00:00
1758769200,1.17497,1.17538,1.17478,1.17526,2751.0,2025-09-25 03:00:00
1758772800,1.17525,1.17536,1.1749,1.17521,1917.0,2025-09-25 04:00:00
1758776400,1.1752,1.17524,1.17406,1.17422,3303.0,2025-09-25 05:00:00
1758780000,1.17423,1.17524,1.17381,1.1746,7044.0,2025-09-25 06:00:00
1758783600,1.17459,1.17481,1.17312,1.17334,9785.0,2025-09-25 07:00:00
1758787200,1.17336,1.17446,1.17306,1.17428,8353.0,2025-09-25 08:00:00
1758790800,1.1743,1.17519,1.1739,1.1745,6228.0,2025-09-25 09:00:00
1758794400,1.17449,1.1754,1.17444,1.1747,5637.0,2025-09-25 10:00:00
1758798000,1.17469,1.17472,1.17346,1.17402,7036.0,2025-09-25 11:00:00
1758801600,1.17402,1.17456,1.16876,1.16981,18969.0,2025-09-25 12:00:00
1758805200,1.16981,1.17104,1.16831,1.1686,16885.0,2025-09-25 13:00:00
1758808800,1.16858,1.16948,1.16737,1.16762,16336.0,2025-09-25 14:00:00
1758812400,1.16762,1.16808,1.16667,1.16723,10172.0,2025-09-25 15:00:00
1758816000,1.16724,1.16834,1.16688,1.1671,8418.0,2025-09-25 16:00:00
1758819600,1.16708,1.16723,1.16522,1.16576,7035.0,2025-09-25 17:00:00
1758823200,1.16578,1.166,1.16456,1.16524,6998.0,2025-09-25 18:00:00
1758826800,1.16524,1.1663,1.16518,1.16606,4500.0,2025-09-25 19:00:00
1758830400,1.16606,1.16691,1.16594,1.1666,3161.0,2025-09-25 20:00:00
1758834000,1.16615,1.16668,1.16599,1.16618,10698.0,2025-09-25 21:00:00
1758837600,1.1661,1.16689,1.16608,1.16684,1045.0,2025-09-25 22:00:00
1758841200,1.16684,1.16684,1.16599,1.16618,2332.0,2025-09-25 23:00:00
1758844800,1.16617,1.16716,1.16582,1.16714,5133.0,2025-09-26 00:00:00
1758848400,1.16716,1.16737,1.16655,1.16678,4860.0,2025-09-26 01:00:00
1758852000,1.1668,1.16795,1.16676,1.16772,3303.0,2025-09-26 02:00:00
1758855600,1.16772,1.1679,1.1675,1.16783,2540.0,2025-09-26 03:00:00
1758859200,1.16782,1.1682,1.16744,1.168,2786.0,2025-09-26 04:00:00
1758862800,1.168,1.1682,1.16764,1.16772,3427.0,2025-09-26 05:00:00
1758866400,1.16772,1.1684,1.16718,1.16798,7602.0,2025-09-26 06:00:00
1758870000,1.16798,1.16832,1.16685,1.1673,8305.0,2025-09-26 07:00:00
1758873600,1.16732,1.1688,1.16708,1.16806,7316.0,2025-09-26 08:00:00
1758877200,1.16806,1.16844,1.16759,1.16786,6419.0,2025-09-26 09:00:00
1758880800,1.16786,1.16812,1.16616,1.16631,5615.0,2025-09-26 10:00:00
1758884400,1.16634,1.1676,1.16627,1.16678,6365.0,2025-09-26 11:00:00
1758888000,1.16678,1.16863,1.16668,1.16832,14150.0,2025-09-26 12:00:00
1758891600,1.1683,1.16946,1.16782,1.16844,14435.0,2025-09-26 13:00:00
1758895200,1.16842,1.17048,1.16838,1.16912,15531.0,2025-09-26 14:00:00
1758898800,1.16912,1.17,1.1687,1.16912,9562.0,2025-09-26 15:00:00
1758902400,1.16912,1.1697,1.16866,1.16928,6155.0,2025-09-26 16:00:00
1758906000,1.16928,1.17018,1.16908,1.16998,4901.0,2025-09-26 17:00:00
1758909600,1.16999,1.17058,1.1696,1.17039,4865.0,2025-09-26 18:00:00
1758913200,1.17038,1.17058,1.16984,1.17057,2847.0,2025-09-26 19:00:00
1758916800,1.17056,1.17074,1.1699,1.17002,3015.0,2025-09-26 20:00:00
1759093200,1.1703,1.1705,1.1702,1.17038,2213.0,2025-09-28 21:00:00
1759096800,1.17039,1.17063,1.17026,1.17044,1367.0,2025-09-28 22:00:00
1759100400,1.17046,1.17099,1.1704,1.1705,1970.0,2025-09-28 23:00:00
1759104000,1.17049,1.17234,1.17046,1.17216,4622.0,2025-09-29 00:00:00
1759107600,1.17216,1.17254,1.17144,1.17232,4623.0,2025-09-29 01:00:00
1759111200,1.17231,1.17286,1.17226,1.17262,3907.0,2025-09-29 02:00:00
1759114800,1.17261,1.17294,1.17251,1.17252,2978.0,2025-09-29 03:00:00
1759118400,1.1725,1.17332,1.17229,1.17271,2638.0,2025-09-29 04:00:00
1759122000,1.17272,1.17334,1.1724,1.17285,5208.0,2025-09-29 05:00:00
1759125600,1.17283,1.17287,1.1718,1.17197,7304.0,2025-09-29 06:00:00
1759129200,1.17196,1.17331,1.17175,1.1727,8198.0,2025-09-29 07:00:00
1759132800,1.17271,1.17288,1.1708,1.17238,7278.0,2025-09-29 08:00:00
1759136400,1.17238,1.17263,1.17168,1.17177,6197.0,2025-09-29 09:00:00
1759140000,1.17176,1.17218,1.17156,1.17199,5116.0,2025-09-29 10:00:00
1759143600,1.172,1.1731,1.17092,1.1729,6859.0,2025-09-29 11:00:00
1759147200,1.17289,1.17512,1.17185,1.175,12961.0,2025-09-29 12:00:00
1759150800,1.17499,1.17546,1.17372,1.17409,12716.0,2025-09-29 13:00:00
1759154400,1.1741,1.17448,1.17294,1.17302,10385.0,2025-09-29 14:00:00
1759158000,1.17303,1.17342,1.17228,1.17291,8728.0,2025-09-29 15:00:00
1759161600,1.1729,1.17332,1.17254,1.17294,4177.0,2025-09-29 16:00:00
1759165200,1.17294,1.17316,1.17214,1.17216,4171.0,2025-09-29 17:00:00
1759168800,1.17218,1.1733,1.17202,1.17313,3385.0,2025-09-29 18:00:00
1759172400,1.17313,1.17316,1.1726,1.17277,2937.0,2025-09-29 19:00:00
1759176000,1.17275,1.17278,1.17234,1.17267,1757.0,2025-09-29 20:00:00
1759179600,1.1727,1.17288,1.17252,1.17264,1665.0,2025-09-29 21:00:00
1759183200,1.17267,1.1728,1.17245,1.17276,624.0,2025-09-29 22:00:00
1759186800,1.17278,1.17325,1.17273,1.17308,1357.0,2025-09-29 23:00:00
1759190400,1.17308,1.17315,1.17127,1.17208,5519.0,2025-09-30 00:00:00
1759194000,1.1721,1.17258,1.17135,1.17142,5905.0,2025-09-30 01:00:00
1759197600,1.17141,1.17238,1.17122,1.17224,3595.0,2025-09-30 02:00:00
1759201200,1.17224,1.17264,1.17204,1.17238,3406.0,2025-09-30 03:00:00
1759204800,1.17239,1.17288,1.17186,1.17287,3723.0,2025-09-30 04:00:00
1759208400,1.17286,1.17372,1.17282,1.17334,4292.0,2025-09-30 05:00:00
1759212000,1.17334,1.17438,1.1731,1.17374,7658.0,2025-09-30 06:00:00
1759215600,1.17374,1.17485,1.17364,1.17418,9060.0,2025-09-30 07:00:00
1759219200,1.1742,1.17618,1.1742,1.17556,9584.0,2025-09-30 08:00:00
1759222800,1.17556,1.17586,1.17451,1.17484,6197.0,2025-09-30 09:00:00
1759226400,1.17484,1.17515,1.17404,1.17456,5404.0,2025-09-30 10:00:00
1759230000,1.17458,1.17487,1.17366,1.17424,5868.0,2025-09-30 11:00:00
1759233600,1.17424,1.17476,1.17332,1.17373,8102.0,2025-09-30 12:00:00
1759237200,1.17372,1.17394,1.17165,1.17304,11317.0,2025-09-30 13:00:00
1759240800,1.17306,1.17525,1.17239,1.17499,16442.0,2025-09-30 14:00:00
1759244400,1.17498,1.17504,1.17256,1.17344,12215.0,2025-09-30 15:00:00
1759248000,1.17342,1.17591,1.1734,1.17565,6971.0,2025-09-30 16:00:00
1759251600,1.17566,1.17614,1.17468,1.17494,5374.0,2025-09-30 17:00:00
1759255200,1.17492,1.17494,1.17358,1.17408,4750.0,2025-09-30 18:00:00
1759258800,1.17408,1.17412,1.17363,1.174,3908.0,2025-09-30 19:00:00
1759262400,1.17398,1.17405,1.17331,1.17336,2021.0,2025-09-30 20:00:00
1759266000,1.17356,1.1738,1.17343,1.1736,3939.0,2025-09-30 21:00:00
1759269600,1.17361,1.17423,1.17334,1.17342,1610.0,2025-09-30 22:00:00
1759273200,1.17346,1.17428,1.17338,1.17345,2217.0,2025-09-30 23:00:00
1759276800,1.17344,1.17384,1.17297,1.1736,4198.0,2025-10-01 00:00:00
1759280400,1.17362,1.17408,1.17304,1.17392,2674.0,2025-10-01 01:00:00
1759284000,1.17392,1.17396,1.17324,1.17378,2909.0,2025-10-01 02:00:00
1759287600,1.17378,1.1739,1.1734,1.17378,2561.0,2025-10-01 03:00:00
1759291200,1.1738,1.17588,1.17379,1.17583,3088.0,2025-10-01 04:00:00
1759294800,1.17587,1.17671,1.17522,1.17524,5485.0,2025-10-01 05:00:00
1759298400,1.17522,1.1775,1.17507,1.17678,10045.0,2025-10-01 06:00:00
1759302000,1.17676,1.17787,1.1742,1.17498,16329.0,2025-10-01 07:00:00
1759305600,1.17501,1.1766,1.17494,1.17495,11639.0,2025-10-01 08:00:00
1759309200,1.17496,1.17542,1.17308,1.1733,8768.0,2025-10-01 09:00:00
1759312800,1.1733,1.17336,1.1716,1.17254,9713.0,2025-10-01 10:00:00
1759316400,1.17255,1.17402,1.17252,1.17344,7219.0,2025-10-01 11:00:00
1759320000,1.17344,1.1769,1.17226,1.17492,26896.0,2025-10-01 12:00:00
1759323600,1.17492,1.17616,1.17462,1.17547,15790.0,2025-10-01 13:00:00
1759327200,1.17548,1.17635,1.17309,1.17465,22990.0,2025-10-01 14:00:00
1759330800,1.17463,1.17493,1.17215,1.1723,15162.0,2025-10-01 15:00:00
1759334400,1.17229,1.17268,1.17155,1.17228,8552.0,2025-10-01 16:00:00
1759338000,1.17229,1.17327,1.17229,1.17238,5343.0,2025-10-01 17:00:00
1759341600,1.1724,1.17419,1.17216,1.17348,6251.0,2025-10-01 18:00:00
1759345200,1.17349,1.17372,1.17298,1.17306,4128.0,2025-10-01 19:00:00
1759348800,1.17305,1.17313,1.17262,1.17312,2500.0,2025-10-01 20:00:00
1759352400,1.17308,1.17343,1.1729,1.17326,5041.0,2025-10-01 21:00:00
1759356000,1.17324,1.17375,1.17319,1.1734,1302.0,2025-10-01 22:00:00
1759359600,1.1734,1.17372,1.17328,1.1733,1186.0,2025-10-01 23:00:00
1759363200,1.17328,1.17353,1.17246,1.17298,4559.0,2025-10-02 00:00:00
1759366800,1.17298,1.17392,1.17238,1.17388,4503.0,2025-10-02 01:00:00
1759370400,1.17389,1.1742,1.17368,1.17371,2446.0,2025-10-02 02:00:00
1759374000,1.17372,1.17389,1.17326,1.17348,1923.0,2025-10-02 03:00:00
1759377600,1.17349,1.17358,1.17301,1.17344,2183.0,2025-10-02 04:00:00
1759381200,1.17343,1.17371,1.17296,1.17356,3438.0,2025-10-02 05:00:00
1759384800,1.17358,1.17452,1.1734,1.1743,8361.0,2025-10-02 06:00:00
1759388400,1.1743,1.17568,1.17409,1.175,8276.0,2025-10-02 07:00:00
1759392000,1.17501,1.17568,1.1745,1.17538,7030.0,2025-10-02 08:00:00
1759395600,1.17539,1.17584,1.17506,1.17549,6315.0,2025-10-02 09:00:00
1759399200,1.17548,1.17548,1.17462,1.17521,5804.0,2025-10-02 10:00:00
1759402800,1.17521,1.17566,1.17471,1.17504,6001.0,2025-10-02 11:00:00
1759406400,1.17502,1.17584,1.17344,1.17376,8427.0,2025-10-02 12:00:00
1759410000,1.17376,1.1744,1.17134,1.17225,13460.0,2025-10-02 13:00:00
1759413600,1.17225,1.17225,1.1705,1.17134,14559.0,2025-10-02 14:00:00
1759417200,1.17132,1.17133,1.16832,1.16966,12546.0,2025-10-02 15:00:00
1759420800,1.16965,1.17151,1.16951,1.1715,7165.0,2025-10-02 16:00:00
1759424400,1.17149,1.17204,1.17124,1.17136,4748.0,2025-10-02 17:00:00
1759428000,1.17135,1.17224,1.17125,1.17211,3822.0,2025-10-02 18:00:00
1759431600,1.1721,1.17269,1.17174,1.17189,2825.0,2025-10-02 19:00:00
1759435200,1.1719,1.17242,1.17145,1.17165,2114.0,2025-10-02 20:00:00
1759438800,1.17146,1.172,1.17146,1.17186,1259.0,2025-10-02 21:00:00
1759442400,1.17179,1.17211,1.17173,1.17192,695.0,2025-10-02 22:00:00
1759446000,1.17194,1.1726,1.17187,1.17247,1202.0,2025-10-02 23:00:00
1759449600,1.17246,1.17247,1.1719,1.17242,3364.0,2025-10-03 00:00:00
1759453200,1.17243,1.17293,1.17162,1.17269,5829.0,2025-10-03 01:00:00
1759456800,1.17268,1.17277,1.17206,1.17244,2748.0,2025-10-03 02:00:00
1759460400,1.17244,1.1727,1.17198,1.17264,2586.0,2025-10-03 03:00:00
1759464000,1.17262,1.17281,1.17179,1.1718,2428.0,2025-10-03 04:00:00
1759467600,1.1718,1.17216,1.17149,1.17171,4343.0,2025-10-03 05:00:00
1759471200,1.17171,1.1729,1.17162,1.17204,5967.0,2025-10-03 06:00:00
1759474800,1.17204,1.17344,1.17204,1.17325,6462.0,2025-10-03 07:00:00
1759478400,1.17324,1.17446,1.17312,1.17402,7583.0,2025-10-03 08:00:00
1759482000,1.17402,1.17407,1.17312,1.17372,5522.0,2025-10-03 09:00:00
1759485600,1.17372,1.174,1.17338,1.17364,4055.0,2025-10-03 10:00:00
1759489200,1.17364,1.17429,1.17311,1.17338,6660.0,2025-10-03 11:00:00
1759492800,1.1734,1.17408,1.1727,1.17395,8988.0,2025-10-03 12:00:00
1759496400,1.17396,1.17445,1.17327,1.1738,11678.0,2025-10-03 13:00:00
1759500000,1.17393,1.17594,1.17341,1.17408,18952.0,2025-10-03 14:00:00
1759503600,1.1741,1.17488,1.17366,1.17462,7723.0,2025-10-03 15:00:00
1759507200,1.17464,1.17485,1.17378,1.17398,4723.0,2025-10-03 16:00:00
1759510800,1.17398,1.17418,1.1732,1.1734,4522.0,2025-10-03 17:00:00
1759514400,1.17339,1.17403,1.17268,1.17398,4598.0,2025-10-03 18:00:00
1759518000,1.17395,1.17425,1.17372,1.1741,2356.0,2025-10-03 19:00:00
1759521600,1.1741,1.17445,1.17386,1.17429,2554.0,2025-10-03 20:00:00
1759698000,1.17266,1.17284,1.1722,1.1727,781.0,2025-10-05 21:00:00
1759701600,1.17266,1.17282,1.17157,1.17163,4777.0,2025-10-05 22:00:00
1759705200,1.17162,1.17165,1.17064,1.1712,9072.0,2025-10-05 23:00:00
1759708800,1.1712,1.17192,1.17102,1.17162,7535.0,2025-10-06 00:00:00
1759712400,1.17162,1.1725,1.17101,1.17242,6336.0,2025-10-06 01:00:00
1759716000,1.17242,1.17309,1.17238,1.17271,4069.0,2025-10-06 02:00:00
1759719600,1.1727,1.17302,1.17234,1.17246,3479.0,2025-10-06 03:00:00
1759723200,1.17246,1.17274,1.17196,1.17202,4400.0,2025-10-06 04:00:00
1759726800,1.17202,1.17254,1.1714,1.17172,4183.0,2025-10-06 05:00:00
1759730400,1.1717,1.17196,1.16902,1.16936,10202.0,2025-10-06 06:00:00
1759734000,1.16935,1.17122,1.16624,1.16628,20964.0,2025-10-06 07:00:00
1759737600,1.16627,1.16798,1.16518,1.16677,14783.0,2025-10-06 08:00:00
1759741200,1.16676,1.16698,1.16572,1.16664,8842.0,2025-10-06 09:00:00
1759744800,1.16664,1.16671,1.16526,1.16634,8345.0,2025-10-06 10:00:00
1759748400,1.16632,1.1679,1.16574,1.16752,7565.0,2025-10-06 11:00:00
1759752000,1.16752,1.16898,1.1673,1.16891,14193.0,2025-10-06 12:00:00
1759755600,1.16892,1.17031,1.16838,1.16996,11181.0,2025-10-06 13:00:00
1759759200,1.16995,1.17178,1.16952,1.17165,11433.0,2025-10-06 14:00:00
1759762800,1.17166,1.1721,1.17029,1.17064,8764.0,2025-10-06 15:00:00
1759766400,1.17064,1.17122,1.17032,1.17122,4848.0,2025-10-06 16:00:00
1759770000,1.17122,1.1716,1.17096,1.17103,3956.0,2025-10-06 17:00:00
1759773600,1.17102,1.17156,1.17095,1.17126,3754.0,2025-10-06 18:00:00
1759777200,1.17126,1.1717,1.17101,1.17107,3165.0,2025-10-06 19:00:00
1759780800,1.17106,1.1714,1.17085,1.17134,2070.0,2025-10-06 20:00:00
1759784400,1.17102,1.17155,1.17084,1.17102,1445.0,2025-10-06 21:00:00
1759788000,1.17094,1.17145,1.17086,1.17098,3495.0,2025-10-06 22:00:00
1759791600,1.17099,1.17144,1.17082,1.17094,2292.0,2025-10-06 23:00:00
1759795200,1.17094,1.17112,1.17044,1.1709,4664.0,2025-10-07 00:00:00
1759798800,1.1709,1.1709,1.16964,1.16968,3259.0,2025-10-07 01:00:00
1759802400,1.16968,1.1706,1.16968,1.17017,2552.0,2025-10-07 02:00:00
1759806000,1.17017,1.17072,1.16998,1.17033,2270.0,2025-10-07 03:00:00
1759809600,1.17032,1.17074,1.16944,1.16983,2431.0,2025-10-07 04:00:00
1759813200,1.16982,1.16998,1.16874,1.1692,3827.0,2025-10-07 05:00:00
1759816800,1.16918,1.16919,1.1683,1.16868,8200.0,2025-10-07 06:00:00
1759820400,1.16867,1.1688,1.16702,1.16764,8661.0,2025-10-07 07:00:00
1759824000,1.16764,1.16827,1.16652,1.16658,6427.0,2025-10-07 08:00:00
1759827600,1.16659,1.16711,1.16606,1.16666,6423.0,2025-10-07 09:00:00
1759831200,1.16666,1.1676,1.16631,1.16742,6179.0,2025-10-07 10:00:00
1759834800,1.16742,1.16743,1.16539,1.16626,7050.0,2025-10-07 11:00:00
1759838400,1.16625,1.16672,1.16538,1.1667,9999.0,2025-10-07 12:00:00
1759842000,1.1667,1.16702,1.16594,1.16603,11602.0,2025-10-07 13:00:00
1759845600,1.16602,1.16662,1.16548,1.16631,11109.0,2025-10-07 14:00:00
1759849200,1.16632,1.168,1.16615,1.1673,9679.0,2025-10-07 15:00:00
1759852800,1.1673,1.16812,1.16699,1.16702,7629.0,2025-10-07 16:00:00
1759856400,1.16702,1.16794,1.16666,1.16672,5714.0,2025-10-07 17:00:00
1759860000,1.16672,1.1668,1.16568,1.16578,6086.0,2025-10-07 18:00:00
1759863600,1.16577,1.16582,1.16477,1.16504,4293.0,2025-10-07 19:00:00
1759867200,1.16502,1.16587,1.1649,1.16585,1891.0,2025-10-07 20:00:00
1759870800,1.16568,1.1659,1.16568,1.16582,4363.0,2025-10-07 21:00:00
1759874400,1.16578,1.16614,1.16577,1.16594,763.0,2025-10-07 22:00:00
1759878000,1.16594,1.16595,1.16527,1.16528,2407.0,2025-10-07 23:00:00
1759881600,1.1653,1.16531,1.16456,1.16474,4616.0,2025-10-08 00:00:00
1759885200,1.16473,1.16473,1.16257,1.16266,9130.0,2025-10-08 01:00:00
1759888800,1.16268,1.16276,1.1617,1.16239,5428.0,2025-10-08 02:00:00
1759892400,1.16238,1.16247,1.16177,1.1624,3466.0,2025-10-08 03:00:00
1759896000,1.1624,1.16254,1.16161,1.16192,3240.0,2025-10-08 04:00:00
1759899600,1.1619,1.16195,1.16118,1.16173,4199.0,2025-10-08 05:00:00
1759903200,1.16174,1.16204,1.1607,1.16166,8890.0,2025-10-08 06:00:00
1759906800,1.16168,1.16343,1.16118,1.1631,11656.0,2025-10-08 07:00:00
1759910400,1.16311,1.16356,1.16106,1.16146,8717.0,2025-10-08 08:00:00
1759914000,1.16148,1.16204,1.1606,1.16114,9124.0,2025-10-08 09:00:00
1759917600,1.16112,1.16364,1.16091,1.16337,7385.0,2025-10-08 10:00:00
1759921200,1.16338,1.16348,1.16252,1.1626,7332.0,2025-10-08 11:00:00
1759924800,1.16262,1.1638,1.16246,1.16324,7457.0,2025-10-08 12:00:00
1759928400,1.16324,1.16448,1.16272,1.16318,10461.0,2025-10-08 13:00:00
1759932000,1.16318,1.16364,1.16204,1.16216,10903.0,2025-10-08 14:00:00
1759935600,1.16216,1.1622,1.1603,1.1606,9754.0,2025-10-08 15:00:00
1759939200,1.1606,1.16071,1.15984,1.16054,6195.0,2025-10-08 16:00:00
1759942800,1.16056,1.16094,1.16024,1.16076,4767.0,2025-10-08 17:00:00
1759946400,1.16075,1.16222,1.15995,1.162,10932.0,2025-10-08 18:00:00
1759950000,1.162,1.16284,1.162,1.1628,4622.0,2025-10-08 19:00:00
1759953600,1.1628,1.16324,1.16265,1.1628,2426.0,2025-10-08 20:00:00
1759957200,1.1627,1.16298,1.16238,1.16292,5654.0,2025-10-08 21:00:00
1759960800,1.16292,1.1635,1.1628,1.16336,1102.0,2025-10-08 22:00:00
1759964400,1.1634,1.1634,1.16282,1.16292,2364.0,2025-10-08 23:00:00
1759968000,1.16292,1.16412,1.1628,1.16372,4491.0,2025-10-09 00:00:00
1759971600,1.16372,1.16457,1.16366,1.164,6949.0,2025-10-09 01:00:00
1759975200,1.16401,1.16478,1.1639,1.16439,3251.0,2025-10-09 02:00:00
1759978800,1.1644,1.16466,1.16404,1.1645,2593.0,2025-10-09 03:00:00
1759982400,1.1645,1.1647,1.1642,1.16456,2137.0,2025-10-09 04:00:00
1759986000,1.16456,1.16483,1.16384,1.16384,3422.0,2025-10-09 05:00:00
1759989600,1.16385,1.16386,1.16115,1.16158,11144.0,2025-10-09 06:00:00
1759993200,1.16158,1.16234,1.16064,1.16112,10996.0,2025-10-09 07:00:00
1759996800,1.16112,1.16146,1.1603,1.16126,8761.0,2025-10-09 08:00:00
1760000400,1.16125,1.16273,1.1611,1.16258,11147.0,2025-10-09 09:00:00
1760004000,1.16259,1.16275,1.16131,1.16186,6400.0,2025-10-09 10:00:00
1760007600,1.16186,1.16222,1.16094,1.16122,7462.0,2025-10-09 11:00:00
1760011200,1.16122,1.16164,1.1605,1.16151,10114.0,2025-10-09 12:00:00
1760014800,1.16152,1.16232,1.15914,1.16028,19549.0,2025-10-09 13:00:00
1760018400,1.16028,1.1603,1.15765,1.1581,18574.0,2025-10-09 14:00:00
1760022000,1.15809,1.15818,1.15472,1.1559,16062.0,2025-10-09 15:00:00
1760025600,1.15592,1.15634,1.15526,1.1558,9495.0,2025-10-09 16:00:00
1760029200,1.15579,1.15664,1.15541,1.156,8432.0,2025-10-09 17:00:00
1760032800,1.15599,1.15606,1.1542,1.15463,6173.0,2025-10-09 18:00:00
1760036400,1.15464,1.15618,1.15464,1.15596,4790.0,2025-10-09 19:00:00
1760040000,1.15595,1.1567,1.15588,1.15648,2762.0,2025-10-09 20:00:00
1760043600,1.1561,1.15667,1.15596,1.15651,969.0,2025-10-09 21:00:00
1760047200,1.15657,1.15672,1.15619,1.15649,1153.0,2025-10-09 22:00:00
1760050800,1.15648,1.15664,1.1557,1.15656,4850.0,2025-10-09 23:00:00
1760054400,1.15654,1.15708,1.15608,1.15677,4217.0,2025-10-10 00:00:00
1760058000,1.15678,1.15713,1.15626,1.15628,3720.0,2025-10-10 01:00:00
1760061600,1.1563,1.1573,1.15626,1.15697,3184.0,2025-10-10 02:00:00
1760065200,1.15696,1.15743,1.15674,1.15729,2673.0,2025-10-10 03:00:00
1760068800,1.15728,1.15738,1.15676,1.15738,2496.0,2025-10-10 04:00:00
1760072400,1.15737,1.1578,1.15696,1.157,3730.0,2025-10-10 05:00:00
1760076000,1.157,1.15749,1.1561,1.15704,10147.0,2025-10-10 06:00:00
1760079600,1.15703,1.158,1.15639,1.15781,9899.0,2025-10-10 07:00:00
1760083200,1.1578,1.15896,1.15754,1.15788,7955.0,2025-10-10 08:00:00
1760086800,1.15788,1.158,1.15688,1.15746,6008.0,2025-10-10 09:00:00
1760090400,1.15746,1.15836,1.15704,1.15716,5832.0,2025-10-10 10:00:00
1760094000,1.15717,1.15751,1.15602,1.1561,7896.0,2025-10-10 11:00:00
1760097600,1.15609,1.15762,1.15592,1.15719,8898.0,2025-10-10 12:00:00
1760101200,1.15718,1.15736,1.15619,1.15694,9084.0,2025-10-10 13:00:00
1760104800,1.15692,1.15824,1.15648,1.15784,12630.0,2025-10-10 14:00:00
1760108400,1.15785,1.16308,1.1578,1.16127,33939.0,2025-10-10 15:00:00
1760112000,1.16126,1.16258,1.1604,1.16058,14779.0,2025-10-10 16:00:00
1760115600,1.16058,1.16094,1.15971,1.16012,7318.0,2025-10-10 17:00:00
1760119200,1.16014,1.16132,1.16002,1.16085,5243.0,2025-10-10 18:00:00
1760122800,1.16084,1.16154,1.16038,1.16126,4143.0,2025-10-10 19:00:00
1760126400,1.16128,1.16291,1.16039,1.16224,7766.0,2025-10-10 20:00:00
1760302800,1.16114,1.16166,1.16095,1.1615,1132.0,2025-10-12 21:00:00
1760306400,1.16152,1.16152,1.15922,1.16032,4911.0,2025-10-12 22:00:00
1760310000,1.16034,1.16102,1.16004,1.16016,5165.0,2025-10-12 23:00:00
1760313600,1.16014,1.1616,1.16002,1.16159,7117.0,2025-10-13 00:00:00
1760317200,1.1616,1.16212,1.16097,1.16198,7181.0,2025-10-13 01:00:00
1760320800,1.162,1.16276,1.16168,1.16196,4244.0,2025-10-13 02:00:00
1760324400,1.16197,1.16218,1.16162,1.16208,3185.0,2025-10-13 03:00:00
1760328000,1.16207,1.16255,1.1618,1.16204,2148.0,2025-10-13 04:00:00
1760331600,1.16205,1.16238,1.1613,1.1615,4419.0,2025-10-13 05:00:00
1760335200,1.16149,1.16299,1.16106,1.1614,9659.0,2025-10-13 06:00:00
1760338800,1.1614,1.16158,1.15976,1.15999,12614.0,2025-10-13 07:00:00
1760342400,1.16,1.16049,1.15816,1.15856,10057.0,2025-10-13 08:00:00
1760346000,1.15854,1.15982,1.15845,1.15942,6024.0,2025-10-13 09:00:00
1760349600,1.15942,1.15958,1.15815,1.15837,6293.0,2025-10-13 10:00:00
1760353200,1.15836,1.15944,1.15656,1.15684,10119.0,2025-10-13 11:00:00
1760356800,1.15686,1.15766,1.15616,1.15688,9338.0,2025-10-13 12:00:00
1760360400,1.15686,1.15776,1.15648,1.15752,10875.0,2025-10-13 13:00:00
1760364000,1.15752,1.15753,1.15575,1.15612,10404.0,2025-10-13 14:00:00
1760367600,1.15613,1.15756,1.15602,1.1574,6439.0,2025-10-13 15:00:00
1760371200,1.15741,1.15794,1.15697,1.15754,5523.0,2025-10-13 16:00:00
1760374800,1.15754,1.15772,1.157,1.15733,3990.0,2025-10-13 17:00:00
1760378400,1.15732,1.15777,1.1566,1.15685,3833.0,2025-10-13 18:00:00
1760382000,1.15686,1.1574,1.1566,1.15662,2887.0,2025-10-13 19:00:00
1760385600,1.15662,1.15708,1.15652,1.15707,1933.0,2025-10-13 20:00:00
1760389200,1.15704,1.15733,1.15702,1.15719,669.0,2025-10-13 21:00:00
1760392800,1.1572,1.15741,1.15677,1.15678,1121.0,2025-10-13 22:00:00
1760396400,1.15678,1.15698,1.15636,1.15656,2592.0,2025-10-13 23:00:00
1760400000,1.15656,1.15672,1.15552,1.15613,6303.0,2025-10-14 00:00:00
1760403600,1.15614,1.15735,1.15608,1.15708,5703.0,2025-10-14 01:00:00
1760407200,1.15709,1.15763,1.15704,1.15738,3688.0,2025-10-14 02:00:00
1760410800,1.15737,1.1582,1.15716,1.15788,3543.0,2025-10-14 03:00:00
1760414400,1.15788,1.15928,1.15785,1.1592,6738.0,2025-10-14 04:00:00
1760418000,1.1592,1.15936,1.15826,1.15846,7180.0,2025-10-14 05:00:00
1760421600,1.15845,1.15897,1.1563,1.15702,14361.0,2025-10-14 06:00:00
1760425200,1.15702,1.15746,1.15424,1.15495,14795.0,2025-10-14 07:00:00
1760428800,1.15494,1.15608,1.15456,1.15594,10219.0,2025-10-14 08:00:00
1760432400,1.15594,1.15635,1.15517,1.15552,8373.0,2025-10-14 09:00:00
1760436000,1.15552,1.15596,1.15513,1.15536,7737.0,2025-10-14 10:00:00
1760439600,1.15534,1.15584,1.15464,1.15522,8382.0,2025-10-14 11:00:00
1760443200,1.15522,1.15653,1.1548,1.15556,11869.0,2025-10-14 12:00:00
1760446800,1.15556,1.15832,1.15544,1.15742,18095.0,2025-10-14 13:00:00
1760450400,1.15741,1.15974,1.1569,1.15941,16296.0,2025-10-14 14:00:00
1760454000,1.15941,1.16084,1.15866,1.16073,14222.0,2025-10-14 15:00:00
1760457600,1.16074,1.16152,1.16012,1.16095,12663.0,2025-10-14 16:00:00
1760461200,1.16093,1.16123,1.16018,1.16095,7594.0,2025-10-14 17:00:00
1760464800,1.16095,1.16119,1.16036,1.16051,5908.0,2025-10-14 18:00:00
1760468400,1.1605,1.16114,1.16044,1.16056,7691.0,2025-10-14 19:00:00
1760472000,1.16057,1.16084,1.15999,1.16079,2309.0,2025-10-14 20:00:00
1760475600,1.16078,1.16084,1.16073,1.16079,272.0,2025-10-14 21:00:00
1760479200,1.16082,1.16096,1.16036,1.16036,1256.0,2025-10-14 22:00:00
1760482800,1.16035,1.16058,1.1602,1.16034,1962.0,2025-10-14 23:00:00
1760486400,1.16033,1.16142,1.16019,1.16105,6015.0,2025-10-15 00:00:00
1760490000,1.16106,1.1623,1.16071,1.16192,7059.0,2025-10-15 01:00:00
1760493600,1.16193,1.16259,1.1618,1.1623,5027.0,2025-10-15 02:00:00
1760497200,1.16229,1.16242,1.16186,1.16224,4036.0,2025-10-15 03:00:00
1760500800,1.16224,1.16244,1.1617,1.16184,3108.0,2025-10-15 04:00:00
1760504400,1.16186,1.16266,1.16185,1.16196,4349.0,2025-10-15 05:00:00
1760508000,1.16196,1.16386,1.16176,1.16342,9829.0,2025-10-15 06:00:00
1760511600,1.16341,1.16446,1.16294,1.16358,10340.0,2025-10-15 07:00:00
1760515200,1.16358,1.16456,1.16316,1.16328,9331.0,2025-10-15 08:00:00
1760518800,1.16325,1.16394,1.1628,1.16348,8485.0,2025-10-15 09:00:00
1760522400,1.16347,1.1635,1.16206,1.16243,5244.0,2025-10-15 10:00:00
1760526000,1.16244,1.16324,1.16197,1.16201,6444.0,2025-10-15 11:00:00
1760529600,1.162,1.16278,1.16139,1.16176,11362.0,2025-10-15 12:00:00
1760533200,1.16177,1.16321,1.16104,1.16274,15284.0,2025-10-15 13:00:00
1760536800,1.16274,1.16303,1.16196,1.16246,10891.0,2025-10-15 14:00:00
1760540400,1.16246,1.16474,1.16185,1.16371,12493.0,2025-10-15 15:00:00
1760544000,1.16372,1.1641,1.16286,1.164,9462.0,2025-10-15 16:00:00
1760547600,1.16399,1.16402,1.1627,1.16294,9886.0,2025-10-15 17:00:00
1760551200,1.16294,1.16376,1.16279,1.16333,5191.0,2025-10-15 18:00:00
1760554800,1.16332,1.16449,1.1633,1.16445,4031.0,2025-10-15 19:00:00
1760558400,1.16444,1.16478,1.16428,1.16466,2761.0,2025-10-15 20:00:00
1760562000,1.16458,1.16462,1.16433,1.16442,852.0,2025-10-15 21:00:00
1760565600,1.16439,1.1652,1.16436,1.16466,1619.0,2025-10-15 22:00:00
1760569200,1.16467,1.16474,1.16448,1.1646,2106.0,2025-10-15 23:00:00
1760572800,1.16458,1.16671,1.1643,1.16632,7914.0,2025-10-16 00:00:00
1760576400,1.16634,1.16754,1.16612,1.16702,8114.0,2025-10-16 01:00:00
1760580000,1.16701,1.16748,1.16643,1.16662,5171.0,2025-10-16 02:00:00
1760583600,1.16661,1.16672,1.16616,1.16622,3912.0,2025-10-16 03:00:00
1760587200,1.16622,1.16624,1.16558,1.16562,2352.0,2025-10-16 04:00:00
1760590800,1.16561,1.16616,1.16538,1.16602,4732.0,2025-10-16 05:00:00
1760594400,1.16602,1.16681,1.16521,1.16539,9841.0,2025-10-16 06:00:00
1760598000,1.1654,1.16568,1.16432,1.1652,12160.0,2025-10-16 07:00:00
1760601600,1.16518,1.16598,1.16486,1.1659,8858.0,2025-10-16 08:00:00
1760605200,1.1659,1.1664,1.16524,1.16583,6881.0,2025-10-16 09:00:00
1760608800,1.16585,1.16631,1.1653,1.16555,6999.0,2025-10-16 10:00:00
1760612400,1.16554,1.16565,1.16464,1.1654,8206.0,2025-10-16 11:00:00
1760616000,1.1654,1.16617,1.1649,1.16606,9984.0,2025-10-16 12:00:00
1760619600,1.16608,1.16644,1.16501,1.16576,12836.0,2025-10-16 13:00:00
1760623200,1.16575,1.16781,1.16536,1.16771,12324.0,2025-10-16 14:00:00
1760626800,1.1677,1.16782,1.16612,1.16646,10466.0,2025-10-16 15:00:00
1760630400,1.16644,1.16791,1.16643,1.16771,14192.0,2025-10-16 16:00:00
1760634000,1.16772,1.16938,1.16768,1.16882,11886.0,2025-10-16 17:00:00
1760637600,1.16884,1.16934,1.16804,1.16894,9222.0,2025-10-16 18:00:00
1760641200,1.16895,1.16942,1.16872,1.1689,6314.0,2025-10-16 19:00:00
1760644800,1.16888,1.16914,1.16848,1.16877,2475.0,2025-10-16 20:00:00
1760648400,1.16857,1.16912,1.16857,1.16888,742.0,2025-10-16 21:00:00
1760652000,1.1689,1.1696,1.16875,1.16946,2256.0,2025-10-16 22:00:00
1760655600,1.16946,1.16998,1.16934,1.16992,2642.0,2025-10-16 23:00:00
1760659200,1.16992,1.17114,1.16952,1.17068,5077.0,2025-10-17 00:00:00
1760662800,1.17067,1.17098,1.16999,1.17009,7743.0,2025-10-17 01:00:00
1760666400,1.1701,1.17114,1.16953,1.17052,5301.0,2025-10-17 02:00:00
1760670000,1.17053,1.17123,1.17047,1.17093,4022.0,2025-10-17 03:00:00
1760673600,1.17095,1.17122,1.17062,1.17099,3482.0,2025-10-17 04:00:00
1760677200,1.171,1.17285,1.17098,1.17232,4949.0,2025-10-17 05:00:00
1760680800,1.17232,1.17266,1.17084,1.17108,13186.0,2025-10-17 06:00:00
1760684400,1.17106,1.1715,1.16935,1.17118,19214.0,2025-10-17 07:00:00
1760688000,1.17118,1.17162,1.16916,1.16972,13069.0,2025-10-17 08:00:00
1760691600,1.16974,1.17076,1.16964,1.17012,6503.0,2025-10-17 09:00:00
1760695200,1.1701,1.17027,1.16874,1.16897,6956.0,2025-10-17 10:00:00
1760698800,1.16898,1.1697,1.16803,1.1685,11875.0,2025-10-17 11:00:00
1760702400,1.16853,1.16864,1.16671,1.16766,12366.0,2025-10-17 12:00:00
1760706000,1.16765,1.16814,1.1669,1.16706,14763.0,2025-10-17 13:00:00
1760709600,1.16706,1.16732,1.16567,1.16669,16120.0,2025-10-17 14:00:00
1760713200,1.16668,1.16735,1.16607,1.16734,10749.0,2025-10-17 15:00:00
1760716800,1.16735,1.16794,1.16698,1.16709,6819.0,2025-10-17 16:00:00
1760720400,1.16708,1.16759,1.1667,1.16678,6826.0,2025-10-17 17:00:00
1760724000,1.16678,1.16743,1.16639,1.1668,6276.0,2025-10-17 18:00:00
1760727600,1.1668,1.16715,1.1666,1.16706,4348.0,2025-10-17 19:00:00
1760731200,1.16701,1.16702,1.16502,1.16511,3925.0,2025-10-17 20:00:00
1760907600,1.1667,1.16672,1.16576,1.16578,579.0,2025-10-19 21:00:00
1760911200,1.16574,1.16588,1.16519,1.16558,1746.0,2025-10-19 22:00:00
1760914800,1.1656,1.16617,1.16543,1.16582,2799.0,2025-10-19 23:00:00
1760918400,1.16579,1.16666,1.16578,1.16666,5878.0,2025-10-20 00:00:00
1760922000,1.16666,1.16676,1.16566,1.166,4571.0,2025-10-20 01:00:00
1760925600,1.16602,1.16707,1.16602,1.16658,3723.0,2025-10-20 02:00:00
1760929200,1.16658,1.16688,1.16648,1.16682,2924.0,2025-10-20 03:00:00
1760932800,1.16682,1.1674,1.16655,1.16716,3236.0,2025-10-20 04:00:00
1760936400,1.16714,1.16756,1.16701,1.16738,3424.0,2025-10-20 05:00:00
1760940000,1.16737,1.16737,1.16567,1.16585,8449.0,2025-10-20 06:00:00
1760943600,1.16586,1.16682,1.16536,1.16626,9199.0,2025-10-20 07:00:00
1760947200,1.16625,1.16666,1.16578,1.16635,8568.0,2025-10-20 08:00:00
1760950800,1.16637,1.16678,1.16592,1.1662,9591.0,2025-10-20 09:00:00
1760954400,1.1662,1.16632,1.16512,1.16534,6781.0,2025-10-20 10:00:00
1760958000,1.16534,1.16564,1.16444,1.16564,7070.0,2025-10-20 11:00:00
1760961600,1.16566,1.16604,1.16502,1.16535,9968.0,2025-10-20 12:00:00
1760965200,1.16536,1.16544,1.16464,1.16493,9844.0,2025-10-20 13:00:00
1760968800,1.16494,1.16643,1.16475,1.16538,8511.0,2025-10-20 14:00:00
1760972400,1.16538,1.16646,1.16526,1.1655,8775.0,2025-10-20 15:00:00
1760976000,1.16551,1.16582,1.16494,1.16496,6126.0,2025-10-20 16:00:00
1760979600,1.16493,1.1653,1.16414,1.16432,4378.0,2025-10-20 17:00:00
1760983200,1.16433,1.16485,1.16382,1.16464,4849.0,2025-10-20 18:00:00
1760986800,1.16464,1.16493,1.164,1.16408,3661.0,2025-10-20 19:00:00
1760990400,1.1641,1.16445,1.16402,1.16413,2066.0,2025-10-20 20:00:00
1760994000,1.16426,1.16454,1.16416,1.16446,413.0,2025-10-20 21:00:00
1760997600,1.16445,1.16455,1.16426,1.16434,951.0,2025-10-20 22:00:00
1761001200,1.16434,1.16452,1.16424,1.16442,1713.0,2025-10-20 23:00:00
1761004800,1.1644,1.16553,1.16433,1.16532,4757.0,2025-10-21 00:00:00
1761008400,1.16531,1.16531,1.16421,1.16448,4938.0,2025-10-21 01:00:00
1761012000,1.1645,1.16452,1.16328,1.16341,5011.0,2025-10-21 02:00:00
1761015600,1.16341,1.16359,1.1633,1.16348,3051.0,2025-10-21 03:00:00
1761019200,1.16347,1.16369,1.16319,1.1636,4047.0,2025-10-21 04:00:00
1761022800,1.16362,1.16378,1.16244,1.16253,6475.0,2025-10-21 05:00:00
1761026400,1.16252,1.1634,1.16187,1.1632,7711.0,2025-10-21 06:00:00
1761030000,1.16319,1.16356,1.16218,1.16254,10692.0,2025-10-21 07:00:00
1761033600,1.16252,1.16277,1.16127,1.16212,10660.0,2025-10-21 08:00:00
1761037200,1.16213,1.16273,1.1616,1.16206,8106.0,2025-10-21 09:00:00
1761040800,1.16206,1.16234,1.16066,1.1618,8978.0,2025-10-21 10:00:00
1761044400,1.16181,1.1626,1.16091,1.16129,8857.0,2025-10-21 11:00:00
1761048000,1.16128,1.1617,1.16019,1.16112,13358.0,2025-10-21 12:00:00
1761051600,1.16111,1.1617,1.16026,1.16126,15885.0,2025-10-21 13:00:00
1761055200,1.16126,1.16182,1.15977,1.16044,14630.0,2025-10-21 14:00:00
1761058800,1.16044,1.16166,1.16041,1.16152,9874.0,2025-10-21 15:00:00
1761062400,1.16152,1.16248,1.1608,1.1609,11006.0,2025-10-21 16:00:00
1761066000,1.1609,1.16102,1.16014,1.16038,6775.0,2025-10-21 17:00:00
1761069600,1.1604,1.16086,1.16035,1.16051,4685.0,2025-10-21 18:00:00
1761073200,1.1605,1.16077,1.16,1.16008,3697.0,2025-10-21 19:00:00
1761076800,1.16008,1.1603,1.15991,1.16,1677.0,2025-10-21 20:00:00
1761080400,1.15998,1.16057,1.15997,1.16056,740.0,2025-10-21 21:00:00
1761084000,1.16058,1.16058,1.15998,1.16004,1094.0,2025-10-21 22:00:00
1761087600,1.16003,1.1602,1.1599,1.15996,1703.0,2025-10-21 23:00:00
1761091200,1.15996,1.1608,1.15996,1.16048,5797.0,2025-10-22 00:00:00
1761094800,1.16047,1.16093,1.16014,1.16049,4263.0,2025-10-22 01:00:00
1761098400,1.1605,1.1611,1.1605,1.16086,3024.0,2025-10-22 02:00:00
1761102000,1.16085,1.16092,1.16046,1.16072,2679.0,2025-10-22 03:00:00
1761105600,1.16072,1.16096,1.1605,1.16092,2456.0,2025-10-22 04:00:00
1761109200,1.16092,1.16158,1.1609,1.16136,2967.0,2025-10-22 05:00:00
1761112800,1.16136,1.1615,1.16042,1.16096,10440.0,2025-10-22 06:00:00
1761116400,1.16096,1.16129,1.15996,1.16008,9234.0,2025-10-22 07:00:00
1761120000,1.16007,1.16008,1.15898,1.15976,10728.0,2025-10-22 08:00:00
1761123600,1.15976,1.16021,1.15924,1.15946,6000.0,2025-10-22 09:00:00
1761127200,1.15946,1.1597,1.15828,1.15858,5398.0,2025-10-22 10:00:00
1761130800,1.15858,1.15892,1.15824,1.15825,7801.0,2025-10-22 11:00:00
1761134400,1.15824,1.15917,1.1577,1.1583,10064.0,2025-10-22 12:00:00
1761138000,1.15831,1.15977,1.1582,1.1595,11174.0,2025-10-22 13:00:00
1761141600,1.15949,1.16116,1.15924,1.16112,11052.0,2025-10-22 14:00:00
1761145200,1.16112,1.16169,1.16088,1.16113,10662.0,2025-10-22 15:00:00
1761148800,1.16112,1.16226,1.16103,1.16195,9789.0,2025-10-22 16:00:00
1761152400,1.16196,1.16207,1.16126,1.16146,7697.0,2025-10-22 17:00:00
1761156000,1.16144,1.16156,1.16076,1.16091,4972.0,2025-10-22 18:00:00
1761159600,1.16092,1.16112,1.16048,1.1606,4048.0,2025-10-22 19:00:00
1761163200,1.16059,1.1611,1.16058,1.161,1575.0,2025-10-22 20:00:00
1761166800,1.16124,1.16134,1.16106,1.1613,576.0,2025-10-22 21:00:00
1761170400,1.1613,1.16146,1.16112,1.16123,839.0,2025-10-22 22:00:00
1761174000,1.16125,1.16127,1.16067,1.16072,2142.0,2025-10-22 23:00:00
1761177600,1.1607,1.16075,1.15976,1.16042,4140.0,2025-10-23 00:00:00
1761181200,1.16042,1.16056,1.15977,1.15979,4197.0,2025-10-23 01:00:00
1761184800,1.1598,1.15995,1.15952,1.15967,3217.0,2025-10-23 02:00:00
1761188400,1.15967,1.15986,1.1592,1.15929,2214.0,2025-10-23 03:00:00
1761192000,1.15928,1.15992,1.15906,1.15988,2387.0,2025-10-23 04:00:00
1761195600,1.15987,1.16043,1.15969,1.16016,2417.0,2025-10-23 05:00:00
1761199200,1.16014,1.16039,1.15907,1.15944,6554.0,2025-10-23 06:00:00
1761202800,1.15944,1.16016,1.1591,1.16002,7513.0,2025-10-23 07:00:00
1761206400,1.16002,1.16062,1.15928,1.15963,6109.0,2025-10-23 08:00:00
1761210000,1.15964,1.16004,1.15932,1.15937,4922.0,2025-10-23 09:00:00
1761213600,1.15936,1.15948,1.15854,1.15879,4614.0,2025-10-23 10:00:00
1761217200,1.1588,1.1593,1.15854,1.15872,5519.0,2025-10-23 11:00:00
1761220800,1.15874,1.1606,1.15867,1.16006,7701.0,2025-10-23 12:00:00
1761224400,1.16008,1.16107,1.15982,1.16069,10608.0,2025-10-23 13:00:00
1761228000,1.16068,1.162,1.16055,1.16132,10162.0,2025-10-23 14:00:00
1761231600,1.16132,1.16158,1.16064,1.16118,7047.0,2025-10-23 15:00:00
1761235200,1.16118,1.16162,1.16064,1.1607,5795.0,2025-10-23 16:00:00
1761238800,1.16068,1.16124,1.16043,1.16117,4909.0,2025-10-23 17:00:00
1761242400,1.16118,1.1618,1.16098,1.16176,3147.0,2025-10-23 18:00:00
1761246000,1.16176,1.16202,1.16153,1.16166,3028.0,2025-10-23 19:00:00
1761249600,1.16166,1.16194,1.16137,1.16181,1643.0,2025-10-23 20:00:00
1761253200,1.16168,1.16182,1.16152,1.1618,894.0,2025-10-23 21:00:00
1761256800,1.16181,1.16216,1.16176,1.16182,982.0,2025-10-23 22:00:00
1761260400,1.16182,1.1619,1.1615,1.16172,1352.0,2025-10-23 23:00:00
1761264000,1.16171,1.16217,1.16168,1.1618,3542.0,2025-10-24 00:00:00
1761267600,1.1618,1.16188,1.16088,1.16095,2967.0,2025-10-24 01:00:00
1761271200,1.16096,1.16126,1.16077,1.1608,2747.0,2025-10-24 02:00:00
1761274800,1.1608,1.16116,1.16071,1.16091,1688.0,2025-10-24 03:00:00
1761278400,1.1609,1.16092,1.16056,1.16076,1938.0,2025-10-24 04:00:00
1761282000,1.16075,1.1608,1.16018,1.16055,2417.0,2025-10-24 05:00:00
1761285600,1.16054,1.16142,1.16009,1.16138,6007.0,2025-10-24 06:00:00
1761289200,1.16136,1.16281,1.16019,1.16184,10267.0,2025-10-24 07:00:00
1761292800,1.16185,1.1624,1.16064,1.16104,8822.0,2025-10-24 08:00:00
1761296400,1.16104,1.16129,1.16052,1.16119,5373.0,2025-10-24 09:00:00
1761300000,1.1612,1.16167,1.16111,1.1613,4155.0,2025-10-24 10:00:00
1761303600,1.16128,1.16158,1.16069,1.1615,6070.0,2025-10-24 11:00:00
1761307200,1.16151,1.16503,1.16086,1.16343,20881.0,2025-10-24 12:00:00
1761310800,1.16344,1.16434,1.16204,1.16272,15518.0,2025-10-24 13:00:00
1761314400,1.16271,1.16359,1.16182,1.1626,12529.0,2025-10-24 14:00:00
1761318000,1.1626,1.16356,1.16214,1.16254,9875.0,2025-10-24 15:00:00
1761321600,1.16253,1.16278,1.16211,1.16257,5343.0,2025-10-24 16:00:00
1761325200,1.16255,1.16319,1.16245,1.16274,4046.0,2025-10-24 17:00:00
1761328800,1.16275,1.1628,1.16248,1.16262,3319.0,2025-10-24 18:00:00
1761332400,1.16262,1.16334,1.1626,1.16316,3029.0,2025-10-24 19:00:00
1761336000,1.16319,1.1636,1.16208,1.16254,6857.0,2025-10-24 20:00:00
1761512400,1.16358,1.16371,1.16274,1.16312,1452.0,2025-10-26 21:00:00
1761516000,1.16318,1.16354,1.16258,1.16286,2917.0,2025-10-26 22:00:00
1761519600,1.16283,1.1633,1.16258,1.16312,2845.0,2025-10-26 23:00:00
1761523200,1.1631,1.16376,1.1628,1.1635,3989.0,2025-10-27 00:00:00
1761526800,1.1635,1.16479,1.16334,1.1639,4798.0,2025-10-27 01:00:00
1761530400,1.1639,1.16396,1.16302,1.16309,2576.0,2025-10-27 02:00:00
1761534000,1.16308,1.16324,1.1627,1.16278,2213.0,2025-10-27 03:00:00
1761537600,1.16278,1.16279,1.16209,1.16246,2076.0,2025-10-27 04:00:00
1761541200,1.16246,1.16272,1.16209,1.16262,2684.0,2025-10-27 05:00:00
1761544800,1.16263,1.16325,1.16248,1.16263,4981.0,2025-10-27 06:00:00
1761548400,1.16264,1.16279,1.16199,1.162,6246.0,2025-10-27 07:00:00
1761552000,1.162,1.16334,1.16178,1.16281,8132.0,2025-10-27 08:00:00
1761555600,1.16281,1.164,1.16261,1.1638,7465.0,2025-10-27 09:00:00
1761559200,1.16379,1.16446,1.16354,1.16416,5126.0,2025-10-27 10:00:00
1761562800,1.16416,1.16474,1.16362,1.1646,5957.0,2025-10-27 11:00:00
1761566400,1.1646,1.16517,1.16378,1.16414,7376.0,2025-10-27 12:00:00
1761570000,1.16414,1.1643,1.16316,1.1636,7821.0,2025-10-27 13:00:00
1761573600,1.16359,1.16425,1.16324,1.16409,7712.0,2025-10-27 14:00:00
1761577200,1.1641,1.1642,1.16329,1.16353,7859.0,2025-10-27 15:00:00
1761580800,1.16352,1.16411,1.16324,1.16387,5083.0,2025-10-27 16:00:00
1761584400,1.16388,1.16416,1.16356,1.1638,3912.0,2025-10-27 17:00:00
1761588000,1.1638,1.1652,1.16351,1.16504,4491.0,2025-10-27 18:00:00
1761591600,1.16504,1.16505,1.1644,1.16476,4076.0,2025-10-27 19:00:00
1761595200,1.16475,1.16489,1.16434,1.1645,2223.0,2025-10-27 20:00:00
1761598800,1.16456,1.16472,1.16448,1.16462,967.0,2025-10-27 21:00:00
1761602400,1.16464,1.16508,1.16456,1.16499,2054.0,2025-10-27 22:00:00
1761606000,1.16499,1.16548,1.16495,1.16512,1986.0,2025-10-27 23:00:00
1761609600,1.16512,1.16588,1.16465,1.16558,3920.0,2025-10-28 00:00:00
1761613200,1.16557,1.16639,1.16552,1.16575,4336.0,2025-10-28 01:00:00
1761616800,1.16576,1.16632,1.16539,1.16545,3182.0,2025-10-28 02:00:00
1761620400,1.16544,1.1663,1.16542,1.166,3020.0,2025-10-28 03:00:00
1761624000,1.16602,1.16676,1.1659,1.16663,3087.0,2025-10-28 04:00:00
1761627600,1.16662,1.16681,1.16628,1.16638,3208.0,2025-10-28 05:00:00
1761631200,1.16638,1.16672,1.16549,1.16558,4230.0,2025-10-28 06:00:00
1761634800,1.16556,1.16614,1.16509,1.16552,6760.0,2025-10-28 07:00:00
1761638400,1.16552,1.16628,1.16487,1.16521,9127.0,2025-10-28 08:00:00
1761642000,1.1652,1.1659,1.16448,1.1657,6011.0,2025-10-28 09:00:00
1761645600,1.1657,1.1665,1.1655,1.16642,5797.0,2025-10-28 10:00:00
1761649200,1.16642,1.16644,1.16548,1.16592,4970.0,2025-10-28 11:00:00
1761652800,1.16593,1.166,1.16349,1.16402,8976.0,2025-10-28 12:00:00
1761656400,1.16402,1.16406,1.16256,1.16396,10283.0,2025-10-28 13:00:00
1761660000,1.16396,1.16636,1.16373,1.16606,10633.0,2025-10-28 14:00:00
1761663600,1.16607,1.16672,1.1655,1.16588,8393.0,2025-10-28 15:00:00
1761667200,1.16588,1.1668,1.16529,1.16678,8397.0,2025-10-28 16:00:00
1761670800,1.16678,1.16688,1.16592,1.1663,6418.0,2025-10-28 17:00:00
1761674400,1.16632,1.16638,1.1656,1.16622,4320.0,2025-10-28 18:00:00
1761678000,1.16622,1.16652,1.16518,1.16524,3889.0,2025-10-28 19:00:00
1761681600,1.16523,1.16574,1.16511,1.16522,2152.0,2025-10-28 20:00:00
1761685200,1.1651,1.1653,1.16508,1.16524,874.0,2025-10-28 21:00:00
1761688800,1.16536,1.16542,1.165,1.16506,1535.0,2025-10-28 22:00:00
1761692400,1.16507,1.16573,1.16486,1.16573,2040.0,2025-10-28 23:00:00
1761696000,1.16572,1.1661,1.16533,1.16546,7785.0,2025-10-29 00:00:00
1761699600,1.16545,1.16561,1.16464,1.16472,5418.0,2025-10-29 01:00:00
1761703200,1.16473,1.16478,1.16416,1.16465,3019.0,2025-10-29 02:00:00
1761706800,1.16466,1.16468,1.16368,1.16371,2595.0,2025-10-29 03:00:00
1761710400,1.1637,1.16375,1.16315,1.16341,2733.0,2025-10-29 04:00:00
1761714000,1.16342,1.16356,1.16272,1.16312,4339.0,2025-10-29 05:00:00
1761717600,1.16314,1.16326,1.16249,1.163,4437.0,2025-10-29 06:00:00
1761721200,1.16298,1.1638,1.16284,1.16326,8092.0,2025-10-29 07:00:00
1761724800,1.16326,1.16342,1.16232,1.16233,6575.0,2025-10-29 08:00:00
1761728400,1.16232,1.16472,1.16188,1.16412,7360.0,2025-10-29 09:00:00
1761732000,1.16412,1.16488,1.16371,1.16474,5432.0,2025-10-29 10:00:00
1761735600,1.16473,1.16486,1.1633,1.16398,5901.0,2025-10-29 11:00:00
1761739200,1.16398,1.1645,1.16274,1.1634,7803.0,2025-10-29 12:00:00
1761742800,1.1634,1.16458,1.16337,1.16366,9496.0,2025-10-29 13:00:00
1761746400,1.16366,1.16515,1.16316,1.16505,7751.0,2025-10-29 14:00:00
1761750000,1.16506,1.16648,1.1645,1.16637,9197.0,2025-10-29 15:00:00
1761753600,1.16636,1.16659,1.16554,1.16572,6631.0,2025-10-29 16:00:00
1761757200,1.16571,1.1659,1.16458,1.16489,5753.0,2025-10-29 17:00:00
1761760800,1.16492,1.16514,1.15838,1.15946,36666.0,2025-10-29 18:00:00
1761764400,1.15943,1.16,1.15776,1.15994,22987.0,2025-10-29 19:00:00
1761768000,1.15994,1.16074,1.15908,1.16006,4651.0,2025-10-29 20:00:00
1761771600,1.1601,1.1605,1.1601,1.16028,484.0,2025-10-29 21:00:00
1761775200,1.16032,1.16055,1.16014,1.1604,873.0,2025-10-29 22:00:00
1761778800,1.1604,1.16054,1.16015,1.1603,2020.0,2025-10-29 23:00:00
1761782400,1.1603,1.16156,1.1597,1.1612,5162.0,2025-10-30 00:00:00
1761786000,1.16122,1.16154,1.16087,1.16138,5282.0,2025-10-30 01:00:00
1761789600,1.16138,1.16198,1.16124,1.16173,3588.0,2025-10-30 02:00:00
1761793200,1.16174,1.162,1.1607,1.16155,6300.0,2025-10-30 03:00:00
1761796800,1.16156,1.16374,1.16136,1.1632,9764.0,2025-10-30 04:00:00
1761800400,1.16321,1.16342,1.16236,1.1624,4664.0,2025-10-30 05:00:00
1761804000,1.1624,1.16297,1.16182,1.16196,6868.0,2025-10-30 06:00:00
1761807600,1.16196,1.16228,1.16096,1.16186,9006.0,2025-10-30 07:00:00
1761811200,1.16188,1.16204,1.16065,1.16172,9211.0,2025-10-30 08:00:00
1761814800,1.16172,1.16284,1.16142,1.16167,7835.0,2025-10-30 09:00:00
1761818400,1.16168,1.162,1.1606,1.16068,6469.0,2025-10-30 10:00:00
1761822000,1.16067,1.16112,1.15962,1.15979,7208.0,2025-10-30 11:00:00
1761825600,1.1598,1.15992,1.15532,1.15552,11796.0,2025-10-30 12:00:00
1761829200,1.1555,1.15797,1.1547,1.15796,15747.0,2025-10-30 13:00:00
1761832800,1.15797,1.15864,1.15678,1.15732,15613.0,2025-10-30 14:00:00
1761836400,1.15732,1.15774,1.15607,1.15636,7481.0,2025-10-30 15:00:00
1761840000,1.15639,1.15714,1.15595,1.15694,6055.0,2025-10-30 16:00:00
1761843600,1.15692,1.15698,1.15604,1.15664,4806.0,2025-10-30 17:00:00
1761847200,1.15664,1.15704,1.15644,1.1568,5017.0,2025-10-30 18:00:00
1761850800,1.1568,1.15716,1.15618,1.15642,3767.0,2025-10-30 19:00:00
1761854400,1.15643,1.15724,1.15636,1.15653,2022.0,2025-10-30 20:00:00
1761858000,1.15673,1.15704,1.15647,1.15696,1148.0,2025-10-30 21:00:00
1761861600,1.15694,1.15699,1.15662,1.1568,1088.0,2025-10-30 22:00:00
1761865200,1.1568,1.15734,1.15658,1.15718,1727.0,2025-10-30 23:00:00
1761868800,1.15718,1.15772,1.15702,1.15738,3924.0,2025-10-31 00:00:00
1761872400,1.15738,1.15776,1.15666,1.15676,3716.0,2025-10-31 01:00:00
1761876000,1.15676,1.15746,1.1565,1.1568,3461.0,2025-10-31 02:00:00
1761879600,1.1568,1.1571,1.1566,1.15674,2510.0,2025-10-31 03:00:00
1761883200,1.15673,1.15733,1.15664,1.15721,2127.0,2025-10-31 04:00:00
1761886800,1.15722,1.15722,1.15662,1.15681,2764.0,2025-10-31 05:00:00
1761890400,1.15682,1.15734,1.15608,1.15614,4119.0,2025-10-31 06:00:00
1761894000,1.15614,1.1566,1.1555,1.15648,6949.0,2025-10-31 07:00:00
1761897600,1.15648,1.15714,1.15598,1.15708,5909.0,2025-10-31 08:00:00
1761901200,1.15708,1.15769,1.15655,1.15761,5685.0,2025-10-31 09:00:00
1761904800,1.1576,1.15762,1.15674,1.1571,4803.0,2025-10-31 10:00:00
1761908400,1.1571,1.15743,1.1558,1.15669,4882.0,2025-10-31 11:00:00
1761912000,1.15668,1.15668,1.15534,1.1556,8494.0,2025-10-31 12:00:00
1761915600,1.15558,1.15564,1.15302,1.15388,11198.0,2025-10-31 13:00:00
1761919200,1.15388,1.15427,1.15219,1.1534,11314.0,2025-10-31 14:00:00
1761922800,1.15341,1.15432,1.15237,1.15409,12048.0,2025-10-31 15:00:00
1761926400,1.15408,1.15436,1.15281,1.15302,9139.0,2025-10-31 16:00:00
1761930000,1.15303,1.15312,1.1522,1.15242,4660.0,2025-10-31 17:00:00
1761933600,1.15238,1.15272,1.15216,1.1525,3675.0,2025-10-31 18:00:00
1761937200,1.15251,1.15317,1.1523,1.15256,3325.0,2025-10-31 19:00:00
1761940800,1.15257,1.15397,1.15254,1.15363,3860.0,2025-10-31 20:00:00
1762120800,1.15317,1.15344,1.15302,1.15328,2076.0,2025-11-02 22:00:00
1762124400,1.15329,1.15388,1.15253,1.15273,5502.0,2025-11-02 23:00:00
1762128000,1.15272,1.15309,1.15242,1.15258,4386.0,2025-11-03 00:00:00
1762131600,1.15259,1.1529,1.15216,1.15271,3999.0,2025-11-03 01:00:00
1762135200,1.15273,1.15342,1.15265,1.15316,3726.0,2025-11-03 02:00:00
1762138800,1.15316,1.15345,1.15302,1.15338,3224.0,2025-11-03 03:00:00
1762142400,1.15338,1.15372,1.1532,1.15342,2533.0,2025-11-03 04:00:00
1762146000,1.15341,1.15377,1.15324,1.1535,2733.0,2025-11-03 05:00:00
1762149600,1.1535,1.15414,1.15344,1.15379,3500.0,2025-11-03 06:00:00
1762153200,1.15378,1.15412,1.15334,1.15398,6128.0,2025-11-03 07:00:00
1762156800,1.15397,1.15402,1.15096,1.15134,7138.0,2025-11-03 08:00:00
1762160400,1.15135,1.15208,1.15111,1.15145,5877.0,2025-11-03 09:00:00
1762164000,1.15144,1.152,1.1508,1.15155,6986.0,2025-11-03 10:00:00
1762167600,1.15154,1.152,1.15126,1.15155,5219.0,2025-11-03 11:00:00
1762171200,1.15155,1.15224,1.15142,1.15173,5398.0,2025-11-03 12:00:00
1762174800,1.15172,1.15177,1.15059,1.15111,7143.0,2025-11-03 13:00:00
1762178400,1.1511,1.15129,1.15052,1.15103,8627.0,2025-11-03 14:00:00
1762182000,1.15108,1.15252,1.15059,1.15252,13098.0,2025-11-03 15:00:00
1762185600,1.1525,1.1532,1.15216,1.15308,7019.0,2025-11-03 16:00:00
1762189200,1.15309,1.15379,1.15266,1.15272,5167.0,2025-11-03 17:00:00
1762192800,1.15274,1.15311,1.15206,1.15232,4290.0,2025-11-03 18:00:00
1762196400,1.15232,1.15252,1.15166,1.15196,4603.0,2025-11-03 19:00:00
1762200000,1.15198,1.15232,1.1518,1.15195,3121.0,2025-11-03 20:00:00
1762203600,1.15194,1.15204,1.15162,1.1519,1128.0,2025-11-03 21:00:00
1762207200,1.152,1.15211,1.15191,1.15207,561.0,2025-11-03 22:00:00
1762210800,1.15206,1.15209,1.15184,1.15184,1609.0,2025-11-03 23:00:00
1762214400,1.15184,1.15185,1.15056,1.15085,3731.0,2025-11-04 00:00:00
1762218000,1.15084,1.15103,1.14982,1.15102,4622.0,2025-11-04 01:00:00
1762221600,1.15101,1.15112,1.15051,1.15112,2913.0,2025-11-04 02:00:00
1762225200,1.15112,1.15178,1.15104,1.15136,3031.0,2025-11-04 03:00:00
1762228800,1.15135,1.15176,1.15094,1.15096,2218.0,2025-11-04 04:00:00
1762232400,1.15094,1.15142,1.15076,1.15126,3512.0,2025-11-04 05:00:00
1762236000,1.15128,1.15266,1.15116,1.15234,4808.0,2025-11-04 06:00:00
1762239600,1.15234,1.15337,1.15226,1.15271,6843.0,2025-11-04 07:00:00
1762243200,1.15272,1.15288,1.15134,1.1514,8367.0,2025-11-04 08:00:00
1762246800,1.15139,1.15172,1.15,1.15011,7080.0,2025-11-04 09:00:00
1762250400,1.1501,1.151,1.14988,1.15039,5813.0,2025-11-04 10:00:00
1762254000,1.15038,1.15058,1.1489,1.149,5270.0,2025-11-04 11:00:00
1762257600,1.14902,1.14932,1.14768,1.14894,7653.0,2025-11-04 12:00:00
1762261200,1.14894,1.14969,1.14883,1.14922,6875.0,2025-11-04 13:00:00
1762264800,1.14921,1.14948,1.14732,1.14812,9133.0,2025-11-04 14:00:00
1762268400,1.1481,1.14929,1.14746,1.14917,8944.0,2025-11-04 15:00:00
1762272000,1.14916,1.14966,1.14874,1.14896,7474.0,2025-11-04 16:00:00
1762275600,1.149,1.14903,1.14836,1.1484,4276.0,2025-11-04 17:00:00
1762279200,1.14838,1.14867,1.14811,1.14841,4379.0,2025-11-04 18:00:00
1762282800,1.1484,1.14872,1.14788,1.14792,3844.0,2025-11-04 19:00:00
1762286400,1.14792,1.14834,1.14752,1.14798,3229.0,2025-11-04 20:00:00
1762290000,1.148,1.1483,1.14792,1.14826,1930.0,2025-11-04 21:00:00
1762293600,1.14834,1.14855,1.1481,1.14839,1051.0,2025-11-04 22:00:00
1762297200,1.1484,1.14858,1.14826,1.14852,936.0,2025-11-04 23:00:00
1762300800,1.14851,1.14855,1.14808,1.1484,3865.0,2025-11-05 00:00:00
1762304400,1.1484,1.14981,1.14797,1.14894,6563.0,2025-11-05 01:00:00
1762308000,1.14895,1.14923,1.1485,1.14886,3524.0,2025-11-05 02:00:00
1762311600,1.14886,1.14926,1.14858,1.14888,3598.0,2025-11-05 03:00:00
1762315200,1.14888,1.14919,1.14876,1.1491,1790.0,2025-11-05 04:00:00
1762318800,1.14908,1.14944,1.14894,1.14918,2356.0,2025-11-05 05:00:00
1762322400,1.1492,1.14942,1.1487,1.14882,2938.0,2025-11-05 06:00:00
1762326000,1.14882,1.14909,1.14833,1.14871,4815.0,2025-11-05 07:00:00
1762329600,1.1487,1.14954,1.14856,1.1489,6402.0,2025-11-05 08:00:00
1762333200,1.1489,1.14927,1.14814,1.14846,5268.0,2025-11-05 09:00:00
1762336800,1.14846,1.14852,1.1476,1.14834,4912.0,2025-11-05 10:00:00
1762340400,1.14834,1.14893,1.1479,1.14882,3719.0,2025-11-05 11:00:00
1762344000,1.14883,1.14926,1.14871,1.1491,5387.0,2025-11-05 12:00:00
1762347600,1.14909,1.14936,1.14729,1.14736,8500.0,2025-11-05 13:00:00
1762351200,1.14736,1.14932,1.14686,1.14874,8852.0,2025-11-05 14:00:00
1762354800,1.14857,1.14874,1.14699,1.14792,16170.0,2025-11-05 15:00:00
1762358400,1.14794,1.1486,1.14701,1.14839,8592.0,2025-11-05 16:00:00
1762362000,1.14839,1.1486,1.14764,1.14805,5213.0,2025-11-05 17:00:00
1762365600,1.14804,1.14838,1.14788,1.14817,3584.0,2025-11-05 18:00:00
1762369200,1.14818,1.14876,1.14806,1.1486,2685.0,2025-11-05 19:00:00
1762372800,1.14862,1.14918,1.14862,1.14884,2861.0,2025-11-05 20:00:00
1762376400,1.14886,1.14942,1.14875,1.14925,1970.0,2025-11-05 21:00:00
1762380000,1.14913,1.14933,1.14907,1.14924,974.0,2025-11-05 22:00:00
1762383600,1.14922,1.14972,1.14912,1.14958,1236.0,2025-11-05 23:00:00
1762387200,1.14958,1.1502,1.14932,1.15008,2991.0,2025-11-06 00:00:00
1762390800,1.1501,1.1509,1.15008,1.15075,3758.0,2025-11-06 01:00:00
1762394400,1.15074,1.1509,1.15032,1.15054,2521.0,2025-11-06 02:00:00
1762398000,1.15055,1.1508,1.15034,1.1507,2002.0,2025-11-06 03:00:00
1762401600,1.15071,1.15084,1.1504,1.1507,1626.0,2025-11-06 04:00:00
1762405200,1.15068,1.1511,1.15038,1.15102,2313.0,2025-11-06 05:00:00
1762408800,1.151,1.15138,1.15054,1.15072,3281.0,2025-11-06 06:00:00
1762412400,1.15073,1.15135,1.15068,1.15084,5019.0,2025-11-06 07:00:00
1762416000,1.15084,1.15235,1.1506,1.15212,7250.0,2025-11-06 08:00:00
1762419600,1.15212,1.1524,1.15112,1.15136,5344.0,2025-11-06 09:00:00
1762423200,1.15136,1.15174,1.15102,1.15105,3680.0,2025-11-06 10:00:00
1762426800,1.15104,1.1521,1.15102,1.15204,3824.0,2025-11-06 11:00:00
1762430400,1.15204,1.15327,1.15143,1.15308,7826.0,2025-11-06 12:00:00
1762434000,1.15309,1.15441,1.15291,1.15356,9011.0,2025-11-06 13:00:00
1762437600,1.15356,1.15376,1.152,1.15204,9629.0,2025-11-06 14:00:00
1762441200,1.15204,1.15428,1.1519,1.15395,12246.0,2025-11-06 15:00:00
1762444800,1.15396,1.15418,1.15315,1.15378,9178.0,2025-11-06 16:00:00
1762448400,1.1538,1.15429,1.15299,1.15408,7376.0,2025-11-06 17:00:00
1762452000,1.15408,1.15502,1.15392,1.15473,5103.0,2025-11-06 18:00:00
1762455600,1.15471,1.15523,1.1542,1.15446,4665.0,2025-11-06 19:00:00
1762459200,1.15446,1.15491,1.1543,1.15476,3014.0,2025-11-06 20:00:00
1762462800,1.15477,1.15492,1.15448,1.15471,2236.0,2025-11-06 21:00:00
1762466400,1.1545,1.15493,1.15432,1.15456,6683.0,2025-11-06 22:00:00
1762470000,1.15452,1.15515,1.15452,1.15486,1370.0,2025-11-06 23:00:00
1762473600,1.15488,1.1549,1.15378,1.15396,3399.0,2025-11-07 00:00:00
1762477200,1.15395,1.15414,1.15362,1.1538,4677.0,2025-11-07 01:00:00
1762480800,1.1538,1.1543,1.1538,1.154,2868.0,2025-11-07 02:00:00
1762484400,1.15402,1.15412,1.1535,1.1538,2852.0,2025-11-07 03:00:00
1762488000,1.15381,1.15382,1.15324,1.15366,2362.0,2025-11-07 04:00:00
1762491600,1.15366,1.15386,1.15326,1.15341,2290.0,2025-11-07 05:00:00
1762495200,1.15344,1.15358,1.15296,1.15309,3171.0,2025-11-07 06:00:00
1762498800,1.15308,1.15362,1.15308,1.15327,3892.0,2025-11-07 07:00:00
1762502400,1.15327,1.15404,1.15296,1.15349,5973.0,2025-11-07 08:00:00
1762506000,1.1535,1.15424,1.15345,1.15382,4718.0,2025-11-07 09:00:00
1762509600,1.15382,1.1552,1.15375,1.155,4554.0,2025-11-07 10:00:00
1762513200,1.15501,1.15611,1.15494,1.15582,5547.0,2025-11-07 11:00:00
1762516800,1.15581,1.15654,1.1554,1.15559,5955.0,2025-11-07 12:00:00
1762520400,1.1556,1.15698,1.15558,1.15676,8809.0,2025-11-07 13:00:00
1762524000,1.15676,1.15788,1.15656,1.15734,8755.0,2025-11-07 14:00:00
1762527600,1.15732,1.15911,1.15714,1.15717,10864.0,2025-11-07 15:00:00
1762531200,1.1572,1.15822,1.15714,1.15776,5873.0,2025-11-07 16:00:00
1762534800,1.15777,1.15821,1.15714,1.15804,4390.0,2025-11-07 17:00:00
1762538400,1.15805,1.15836,1.15676,1.15683,3302.0,2025-11-07 18:00:00
1762542000,1.15682,1.15728,1.15554,1.15596,4650.0,2025-11-07 19:00:00
1762545600,1.15594,1.15668,1.15576,1.15644,3691.0,2025-11-07 20:00:00
1762549200,1.15644,1.1567,1.1559,1.15664,1899.0,2025-11-07 21:00:00
1762725600,1.15578,1.15594,1.15556,1.15574,545.0,2025-11-09 22:00:00
1762729200,1.15578,1.15596,1.15416,1.15432,4359.0,2025-11-09 23:00:00
1762732800,1.15435,1.156,1.15431,1.15544,6587.0,2025-11-10 00:00:00
1762736400,1.15547,1.15605,1.15466,1.15582,5131.0,2025-11-10 01:00:00
1762740000,1.15582,1.15608,1.15548,1.1558,2909.0,2025-11-10 02:00:00
1762743600,1.15578,1.15586,1.15512,1.15546,2869.0,2025-11-10 03:00:00
1762747200,1.15548,1.15626,1.15548,1.1561,2648.0,2025-11-10 04:00:00
1762750800,1.1561,1.15666,1.15579,1.1562,3017.0,2025-11-10 05:00:00
1762754400,1.1562,1.15649,1.15515,1.15538,3782.0,2025-11-10 06:00:00
1762758000,1.15539,1.15721,1.15535,1.15678,5767.0,2025-11-10 07:00:00
1762761600,1.15677,1.15831,1.15652,1.15724,6837.0,2025-11-10 08:00:00
1762765200,1.15723,1.15739,1.15641,1.15683,5989.0,2025-11-10 09:00:00
1762768800,1.15682,1.15716,1.15612,1.15626,5297.0,2025-11-10 10:00:00
1762772400,1.15626,1.15641,1.15541,1.15634,4184.0,2025-11-10 11:00:00
1762776000,1.15633,1.15756,1.15628,1.1568,4743.0,2025-11-10 12:00:00
1762779600,1.15682,1.15781,1.1567,1.1568,6885.0,2025-11-10 13:00:00
1762783200,1.1568,1.15685,1.15594,1.15646,7576.0,2025-11-10 14:00:00
1762786800,1.15645,1.1567,1.15452,1.15454,8374.0,2025-11-10 15:00:00
1762790400,1.15454,1.15548,1.1543,1.15449,6373.0,2025-11-10 16:00:00
1762794000,1.1545,1.15613,1.15412,1.15606,5983.0,2025-11-10 17:00:00
1762797600,1.15607,1.15649,1.1558,1.15584,3044.0,2025-11-10 18:00:00
1762801200,1.15584,1.15632,1.1558,1.15609,3235.0,2025-11-10 19:00:00
1762804800,1.15609,1.15646,1.15606,1.15639,2351.0,2025-11-10 20:00:00
1762808400,1.1564,1.1564,1.15552,1.15571,1629.0,2025-11-10 21:00:00
1762812000,1.15564,1.15595,1.15559,1.15578,1988.0,2025-11-10 22:00:00
1762815600,1.15576,1.15605,1.15565,1.15569,1182.0,2025-11-10 23:00:00
1762819200,1.15568,1.15597,1.1552,1.15523,2949.0,2025-11-11 00:00:00
1762822800,1.15524,1.1555,1.15472,1.15548,3844.0,2025-11-11 01:00:00
1762826400,1.15548,1.15571,1.15519,1.15534,2665.0,2025-11-11 02:00:00
1762830000,1.15535,1.15582,1.15534,1.15564,2157.0,2025-11-11 03:00:00
1762833600,1.15564,1.15594,1.15555,1.1558,2035.0,2025-11-11 04:00:00
1762837200,1.1558,1.15652,1.15577,1.15616,3253.0,2025-11-11 05:00:00
1762840800,1.15616,1.15631,1.15505,1.15522,3453.0,2025-11-11 06:00:00
1762844400,1.15524,1.15608,1.15496,1.156,7316.0,2025-11-11 07:00:00
1762848000,1.15602,1.15684,1.15546,1.15547,6088.0,2025-11-11 08:00:00
1762851600,1.15544,1.15684,1.15535,1.15649,5179.0,2025-11-11 09:00:00
1762855200,1.15648,1.15747,1.15627,1.15731,4791.0,2025-11-11 10:00:00
1762858800,1.15732,1.15778,1.15701,1.15719,4547.0,2025-11-11 11:00:00
1762862400,1.15721,1.15772,1.15686,1.15704,4387.0,2025-11-11 12:00:00
1762866000,1.15706,1.16059,1.15705,1.1601,12388.0,2025-11-11 13:00:00
1762869600,1.16012,1.16054,1.15934,1.16007,7808.0,2025-11-11 14:00:00
1762873200,1.16006,1.16032,1.15915,1.15949,8192.0,2025-11-11 15:00:00
1762876800,1.1595,1.15999,1.15906,1.15934,6308.0,2025-11-11 16:00:00
1762880400,1.15933,1.15992,1.15908,1.1595,3399.0,2025-11-11 17:00:00
1762884000,1.15949,1.15956,1.15912,1.15926,3179.0,2025-11-11 18:00:00
1762887600,1.15926,1.15929,1.15833,1.15844,3511.0,2025-11-11 19:00:00
1762891200,1.15844,1.1589,1.15834,1.15834,3247.0,2025-11-11 20:00:00
1762894800,1.15834,1.15856,1.15812,1.15825,1686.0,2025-11-11 21:00:00
1762898400,1.1587,1.15872,1.15828,1.15856,1392.0,2025-11-11 22:00:00
1762902000,1.15857,1.15872,1.15822,1.15868,1147.0,2025-11-11 23:00:00
1762905600,1.15868,1.15869,1.1579,1.15793,3193.0,2025-11-12 00:00:00
1762909200,1.15794,1.15822,1.15746,1.15756,3263.0,2025-11-12 01:00:00
1762912800,1.15755,1.15799,1.15753,1.1579,2039.0,2025-11-12 02:00:00
1762916400,1.15792,1.15816,1.15756,1.15776,1972.0,2025-11-12 03:00:00
1762920000,1.15777,1.15786,1.15701,1.15722,2375.0,2025-11-12 04:00:00
1762923600,1.15722,1.15787,1.15712,1.15762,3539.0,2025-11-12 05:00:00
1762927200,1.15763,1.15825,1.15752,1.15824,2693.0,2025-11-12 06:00:00
1762930800,1.15824,1.15885,1.15814,1.15837,5353.0,2025-11-12 07:00:00
1762934400,1.15838,1.15878,1.1577,1.15774,5746.0,2025-11-12 08:00:00
1762938000,1.15774,1.15804,1.15684,1.15702,6241.0,2025-11-12 09:00:00
1762941600,1.15702,1.15755,1.15651,1.15702,5313.0,2025-11-12 10:00:00
1762945200,1.15702,1.1578,1.15655,1.1578,4657.0,2025-11-12 11:00:00
1762948800,1.15779,1.15803,1.15718,1.15768,5789.0,2025-11-12 12:00:00
1762952400,1.15768,1.15799,1.15659,1.15721,7328.0,2025-11-12 13:00:00
1762956000,1.15722,1.15758,1.1563,1.15754,8219.0,2025-11-12 14:00:00
1762959600,1.15754,1.15959,1.15728,1.15941,9321.0,2025-11-12 15:00:00
1762963200,1.1594,1.15977,1.15881,1.15912,6500.0,2025-11-12 16:00:00
1762966800,1.15912,1.15971,1.15911,1.15931,4158.0,2025-11-12 17:00:00
1762970400,1.15932,1.15944,1.15889,1.15896,3102.0,2025-11-12 18:00:00
1762974000,1.15894,1.15904,1.1584,1.15867,3358.0,2025-11-12 19:00:00
1762977600,1.15866,1.15907,1.15854,1.15897,2307.0,2025-11-12 20:00:00
1762981200,1.15896,1.15934,1.1585,1.15932,1801.0,2025-11-12 21:00:00
1762984800,1.1593,1.15932,1.15902,1.1591,2491.0,2025-11-12 22:00:00
1762988400,1.1591,1.15942,1.15898,1.15916,1213.0,2025-11-12 23:00:00
1762992000,1.15918,1.1592,1.15804,1.15806,4545.0,2025-11-13 00:00:00
1762995600,1.15804,1.15896,1.1579,1.15894,4256.0,2025-11-13 01:00:00
1762999200,1.15894,1.1593,1.15852,1.15893,2733.0,2025-11-13 02:00:00
1763002800,1.15896,1.15916,1.15868,1.15898,1802.0,2025-11-13 03:00:00
1763006400,1.15898,1.15918,1.15874,1.15902,1904.0,2025-11-13 04:00:00
1763010000,1.15902,1.15909,1.15804,1.15818,1974.0,2025-11-13 05:00:00
1763013600,1.15818,1.15859,1.15812,1.15857,3093.0,2025-11-13 06:00:00
1763017200,1.15855,1.16123,1.15831,1.16115,6565.0,2025-11-13 07:00:00
1763020800,1.16114,1.16294,1.16103,1.16282,7736.0,2025-11-13 08:00:00
1763024400,1.16283,1.16349,1.16109,1.16166,8755.0,2025-11-13 09:00:00
1763028000,1.16166,1.16235,1.16114,1.16159,5569.0,2025-11-13 10:00:00
1763031600,1.1616,1.16204,1.16047,1.16064,6216.0,2025-11-13 11:00:00
1763035200,1.16064,1.16231,1.16058,1.16228,6570.0,2025-11-13 12:00:00
1763038800,1.1623,1.1625,1.16118,1.16206,7353.0,2025-11-13 13:00:00
1763042400,1.16206,1.16312,1.1617,1.16281,9949.0,2025-11-13 14:00:00
1763046000,1.16279,1.16431,1.16231,1.16392,9704.0,2025-11-13 15:00:00
1763049600,1.16392,1.16488,1.16366,1.16488,8838.0,2025-11-13 16:00:00
1763053200,1.16488,1.16562,1.1646,1.16512,7233.0,2025-11-13 17:00:00
1763056800,1.16513,1.16519,1.16368,1.16382,6820.0,2025-11-13 18:00:00
1763060400,1.16382,1.16414,1.16352,1.16358,4269.0,2025-11-13 19:00:00
1763064000,1.16356,1.16393,1.16326,1.1633,3172.0,2025-11-13 20:00:00
1763067600,1.1633,1.1638,1.16308,1.16345,1831.0,2025-11-13 21:00:00
1763071200,1.16372,1.16389,1.16344,1.16361,1062.0,2025-11-13 22:00:00
1763074800,1.16374,1.16376,1.16234,1.16302,2263.0,2025-11-13 23:00:00
1763078400,1.16303,1.16337,1.1627,1.16329,4796.0,2025-11-14 00:00:00
1763082000,1.1633,1.16393,1.16302,1.16334,5345.0,2025-11-14 01:00:00
1763085600,1.16332,1.16374,1.16298,1.16357,4221.0,2025-11-14 02:00:00
1763089200,1.16358,1.16448,1.16354,1.16383,2920.0,2025-11-14 03:00:00
1763092800,1.16384,1.1643,1.16378,1.1642,2937.0,2025-11-14 04:00:00
1763096400,1.1642,1.16483,1.16394,1.16478,3209.0,2025-11-14 05:00:00
1763100000,1.16478,1.16486,1.16334,1.16378,4599.0,2025-11-14 06:00:00
1763103600,1.16378,1.16464,1.16318,1.1633,7574.0,2025-11-14 07:00:00
1763107200,1.16329,1.1637,1.16204,1.16295,12910.0,2025-11-14 08:00:00
1763110800,1.16294,1.16312,1.16204,1.16216,6916.0,2025-11-14 09:00:00
1763114400,1.16216,1.16218,1.16124,1.16136,6067.0,2025-11-14 10:00:00
1763118000,1.16136,1.162,1.16089,1.16195,6000.0,2025-11-14 11:00:00
1763121600,1.16196,1.16528,1.16168,1.16526,9951.0,2025-11-14 12:00:00
1763125200,1.16528,1.16538,1.16338,1.16378,12287.0,2025-11-14 13:00:00
1763128800,1.16376,1.16384,1.16211,1.16234,12383.0,2025-11-14 14:00:00
1763132400,1.16232,1.16256,1.1606,1.16132,10735.0,2025-11-14 15:00:00
1763136000,1.16132,1.16227,1.161,1.16168,7569.0,2025-11-14 16:00:00
1763139600,1.16169,1.16181,1.16079,1.16141,5534.0,2025-11-14 17:00:00
1763143200,1.16142,1.1618,1.16098,1.16164,4516.0,2025-11-14 18:00:00
1763146800,1.16164,1.16202,1.16159,1.16179,4189.0,2025-11-14 19:00:00
1763150400,1.1618,1.16231,1.16168,1.16206,2780.0,2025-11-14 20:00:00
1763154000,1.16206,1.16236,1.16172,1.1622,2425.0,2025-11-14 21:00:00
1763330400,1.16199,1.16243,1.16194,1.1623,1117.0,2025-11-16 22:00:00
1763334000,1.16229,1.16246,1.16116,1.16148,2014.0,2025-11-16 23:00:00
1763337600,1.16146,1.16148,1.16051,1.16065,4288.0,2025-11-17 00:00:00
1763341200,1.16064,1.161,1.16054,1.16066,3789.0,2025-11-17 01:00:00
1763344800,1.16064,1.16066,1.16016,1.16022,2796.0,2025-11-17 02:00:00
1763348400,1.1602,1.16021,1.15964,1.15987,2382.0,2025-11-17 03:00:00
1763352000,1.15987,1.16034,1.15974,1.16028,1574.0,2025-11-17 04:00:00
1763355600,1.16028,1.16052,1.15992,1.16004,2354.0,2025-11-17 05:00:00
1763359200,1.16004,1.16087,1.15952,1.16076,3719.0,2025-11-17 06:00:00
1763362800,1.16076,1.1615,1.16066,1.16133,4806.0,2025-11-17 07:00:00
1763366400,1.16134,1.1615,1.1599,1.16032,5938.0,2025-11-17 08:00:00
1763370000,1.16032,1.16048,1.1597,1.16014,5616.0,2025-11-17 09:00:00
1763373600,1.16015,1.16083,1.15961,1.15966,4959.0,2025-11-17 10:00:00
1763377200,1.15966,1.1603,1.1595,1.16012,4513.0,2025-11-17 11:00:00
1763380800,1.16012,1.16046,1.15958,1.15988,4509.0,2025-11-17 12:00:00
1763384400,1.1599,1.15996,1.15886,1.15912,7099.0,2025-11-17 13:00:00
1763388000,1.15913,1.15958,1.15832,1.15857,7809.0,2025-11-17 14:00:00
1763391600,1.15858,1.15982,1.1582,1.15976,8424.0,2025-11-17 15:00:00
1763395200,1.15977,1.1602,1.15938,1.15973,5352.0,2025-11-17 16:00:00
1763398800,1.15974,1.15993,1.15913,1.15938,3568.0,2025-11-17 17:00:00
1763402400,1.15939,1.15946,1.1588,1.1591,3934.0,2025-11-17 18:00:00
1763406000,1.1591,1.15955,1.1583,1.1584,4407.0,2025-11-17 19:00:00
1763409600,1.15841,1.15908,1.15826,1.15884,3555.0,2025-11-17 20:00:00
1763413200,1.1588,1.15926,1.15871,1.15923,1508.0,2025-11-17 21:00:00
1763416800,1.15923,1.15931,1.15898,1.15913,861.0,2025-11-17 22:00:00
1763420400,1.15914,1.15942,1.15889,1.15901,1353.0,2025-11-17 23:00:00
1763424000,1.159,1.15902,1.1585,1.15869,3018.0,2025-11-18 00:00:00
1763427600,1.1587,1.15932,1.15846,1.15909,4021.0,2025-11-18 01:00:00
1763431200,1.1591,1.1594,1.15882,1.1593,2141.0,2025-11-18 02:00:00
1763434800,1.15932,1.1596,1.15912,1.15925,2644.0,2025-11-18 03:00:00
1763438400,1.15924,1.16038,1.1589,1.15995,4997.0,2025-11-18 04:00:00
1763442000,1.15994,1.16004,1.15952,1.15978,2417.0,2025-11-18 05:00:00
1763445600,1.15978,1.16011,1.15932,1.15944,3321.0,2025-11-18 06:00:00
1763449200,1.15944,1.15998,1.1591,1.15912,6713.0,2025-11-18 07:00:00
1763452800,1.15911,1.16064,1.15897,1.1592,8040.0,2025-11-18 08:00:00
1763456400,1.1592,1.15958,1.15872,1.15894,5660.0,2025-11-18 09:00:00
1763460000,1.15893,1.1591,1.15796,1.1582,4839.0,2025-11-18 10:00:00
1763463600,1.15819,1.15886,1.15802,1.15848,3924.0,2025-11-18 11:00:00
1763467200,1.15848,1.15928,1.15832,1.1592,5768.0,2025-11-18 12:00:00
1763470800,1.1592,1.16022,1.15882,1.15968,9837.0,2025-11-18 13:00:00
1763474400,1.15968,1.16024,1.1593,1.16002,8222.0,2025-11-18 14:00:00
1763478000,1.16002,1.16078,1.15817,1.1582,10229.0,2025-11-18 15:00:00
1763481600,1.15821,1.15841,1.15726,1.1579,9734.0,2025-11-18 16:00:00
1763485200,1.1579,1.15807,1.15715,1.15756,5782.0,2025-11-18 17:00:00
1763488800,1.15758,1.15858,1.15752,1.15822,4553.0,2025-11-18 18:00:00
1763492400,1.15821,1.15872,1.15802,1.15855,4212.0,2025-11-18 19:00:00
1763496000,1.15855,1.1587,1.15788,1.15807,3598.0,2025-11-18 20:00:00
1763499600,1.15808,1.15837,1.1578,1.15807,1767.0,2025-11-18 21:00:00
1763503200,1.15818,1.15839,1.15776,1.15786,2695.0,2025-11-18 22:00:00
1763506800,1.15786,1.15818,1.15776,1.15802,1210.0,2025-11-18 23:00:00
1763510400,1.15802,1.15842,1.15786,1.15824,3266.0,2025-11-19 00:00:00
1763514000,1.15824,1.15852,1.1576,1.15769,3691.0,2025-11-19 01:00:00
1763517600,1.15768,1.1582,1.15725,1.15788,3170.0,2025-11-19 02:00:00
1763521200,1.15788,1.1584,1.1577,1.15838,2803.0,2025-11-19 03:00:00
1763524800,1.15838,1.15844,1.15774,1.15842,2375.0,2025-11-19 04:00:00
1763528400,1.15843,1.15908,1.15833,1.1589,3381.0,2025-11-19 05:00:00
1763532000,1.15891,1.15916,1.15867,1.15869,3336.0,2025-11-19 06:00:00
1763535600,1.1587,1.15975,1.15774,1.15814,7260.0,2025-11-19 07:00:00
1763539200,1.15814,1.1589,1.15712,1.15736,7158.0,2025-11-19 08:00:00
1763542800,1.15735,1.15806,1.15656,1.15734,6982.0,2025-11-19 09:00:00
1763546400,1.15734,1.15776,1.15676,1.15692,6967.0,2025-11-19 10:00:00
1763550000,1.15692,1.15875,1.15684,1.15864,6350.0,2025-11-19 11:00:00
1763553600,1.15864,1.15894,1.1576,1.15782,5756.0,2025-11-19 12:00:00
1763557200,1.15782,1.1591,1.1571,1.15729,6530.0,2025-11-19 13:00:00
1763560800,1.15727,1.15738,1.15549,1.15555,9299.0,2025-11-19 14:00:00
1763564400,1.15554,1.15564,1.15404,1.15468,9835.0,2025-11-19 15:00:00
1763568000,1.15466,1.15476,1.15349,1.15398,7591.0,2025-11-19 16:00:00
1763571600,1.15396,1.15425,1.1526,1.15332,7215.0,2025-11-19 17:00:00
1763575200,1.15332,1.15376,1.15292,1.15299,4708.0,2025-11-19 18:00:00
1763578800,1.153,1.15311,1.15178,1.1521,8438.0,2025-11-19 19:00:00
1763582400,1.15211,1.15286,1.15202,1.15263,4537.0,2025-11-19 20:00:00
1763586000,1.15263,1.15389,1.1523,1.15384,3216.0,2025-11-19 21:00:00
1763589600,1.1539,1.15394,1.1538,1.15386,405.0,2025-11-19 22:00:00
1763593200,1.15386,1.15423,1.15364,1.15394,1896.0,2025-11-19 23:00:00
1763596800,1.15394,1.15394,1.15288,1.15344,4578.0,2025-11-20 00:00:00
1763600400,1.15344,1.15354,1.15224,1.15229,4514.0,2025-11-20 01:00:00
1763604000,1.15228,1.15237,1.1515,1.15202,3979.0,2025-11-20 02:00:00
1763607600,1.15202,1.15225,1.15101,1.15142,4141.0,2025-11-20 03:00:00
1763611200,1.15141,1.15205,1.15132,1.15195,2348.0,2025-11-20 04:00:00
1763614800,1.15194,1.15196,1.1514,1.15158,2940.0,2025-11-20 05:00:00
1763618400,1.15156,1.15233,1.15136,1.15199,4588.0,2025-11-20 06:00:00
1763622000,1.15198,1.1523,1.15151,1.15198,6720.0,2025-11-20 07:00:00
1763625600,1.15199,1.15234,1.15114,1.15212,7123.0,2025-11-20 08:00:00
1763629200,1.1521,1.15278,1.15172,1.15275,6233.0,2025-11-20 09:00:00
1763632800,1.15276,1.15296,1.15244,1.15274,5279.0,2025-11-20 10:00:00
1763636400,1.15274,1.15274,1.1513,1.15144,5271.0,2025-11-20 11:00:00
1763640000,1.15142,1.15168,1.15072,1.1511,5319.0,2025-11-20 12:00:00
1763643600,1.1511,1.15389,1.15024,1.15278,18759.0,2025-11-20 13:00:00
1763647200,1.15277,1.155,1.1523,1.15348,16041.0,2025-11-20 14:00:00
1763650800,1.15348,1.1537,1.15201,1.15274,11060.0,2025-11-20 15:00:00
1763654400,1.15276,1.15412,1.15276,1.15338,10520.0,2025-11-20 16:00:00
1763658000,1.15338,1.15381,1.1525,1.15288,9890.0,2025-11-20 17:00:00
1763661600,1.15287,1.15368,1.15269,1.15366,5952.0,2025-11-20 18:00:00
1763665200,1.15364,1.15407,1.15355,1.1538,4573.0,2025-11-20 19:00:00
1763668800,1.1538,1.15386,1.1526,1.15261,4495.0,2025-11-20 20:00:00
1763672400,1.15262,1.15288,1.15239,1.15285,1970.0,2025-11-20 21:00:00
1763676000,1.15275,1.15314,1.1526,1.15291,1970.0,2025-11-20 22:00:00
1763679600,1.15292,1.15348,1.15236,1.15338,2160.0,2025-11-20 23:00:00
1763683200,1.15338,1.1536,1.15282,1.15352,3868.0,2025-11-21 00:00:00
1763686800,1.15352,1.15384,1.15324,1.15325,5020.0,2025-11-21 01:00:00
1763690400,1.15326,1.15391,1.15324,1.15358,3755.0,2025-11-21 02:00:00
1763694000,1.15358,1.15378,1.15336,1.15364,2832.0,2025-11-21 03:00:00
1763697600,1.15364,1.15422,1.1536,1.15388,2879.0,2025-11-21 04:00:00
1763701200,1.15389,1.15419,1.15346,1.15352,2812.0,2025-11-21 05:00:00
1763704800,1.15352,1.15466,1.15351,1.15414,4799.0,2025-11-21 06:00:00
1763708400,1.15413,1.15479,1.1539,1.15414,7242.0,2025-11-21 07:00:00
1763712000,1.15414,1.15525,1.15341,1.1541,10423.0,2025-11-21 08:00:00
1763715600,1.15412,1.15428,1.1525,1.15252,7836.0,2025-11-21 09:00:00
1763719200,1.15251,1.1527,1.15125,1.152,8531.0,2025-11-21 10:00:00
1763722800,1.152,1.15229,1.15046,1.1506,6441.0,2025-11-21 11:00:00
1763726400,1.1506,1.1526,1.14966,1.15247,14066.0,2025-11-21 12:00:00
1763730000,1.15246,1.1527,1.15156,1.15208,8345.0,2025-11-21 13:00:00
1763733600,1.15211,1.15236,1.15055,1.1514,11575.0,2025-11-21 14:00:00
1763737200,1.1514,1.15234,1.1499,1.1503,12851.0,2025-11-21 15:00:00
1763740800,1.15028,1.15055,1.14912,1.1505,9124.0,2025-11-21 16:00:00
1763744400,1.1505,1.15129,1.15006,1.15072,7129.0,2025-11-21 17:00:00
1763748000,1.15074,1.15084,1.1502,1.15042,5572.0,2025-11-21 18:00:00
1763751600,1.15043,1.15178,1.15042,1.15133,4662.0,2025-11-21 19:00:00
1763755200,1.15133,1.1518,1.15092,1.15176,3676.0,2025-11-21 20:00:00
1763758800,1.15174,1.1521,1.15126,1.1513,2229.0,2025-11-21 21:00:00
1763935200,1.15193,1.15193,1.15102,1.15139,722.0,2025-11-23 22:00:00
1763938800,1.15138,1.15156,1.15062,1.15074,2067.0,2025-11-23 23:00:00
1763942400,1.15074,1.15084,1.15019,1.1507,2347.0,2025-11-24 00:00:00
1763946000,1.1507,1.15132,1.1505,1.15106,3101.0,2025-11-24 01:00:00
1763949600,1.15105,1.15184,1.15104,1.1516,3030.0,2025-11-24 02:00:00
1763953200,1.15162,1.15191,1.15134,1.15162,2543.0,2025-11-24 03:00:00
1763956800,1.15161,1.15218,1.15158,1.15208,1912.0,2025-11-24 04:00:00
1763960400,1.15208,1.15284,1.15208,1.15226,3399.0,2025-11-24 05:00:00
1763964000,1.15226,1.1527,1.15201,1.15208,3054.0,2025-11-24 06:00:00
1763967600,1.15208,1.15226,1.15112,1.15119,5279.0,2025-11-24 07:00:00
1763971200,1.15122,1.15344,1.15097,1.15278,7852.0,2025-11-24 08:00:00
1763974800,1.1528,1.15344,1.15245,1.15298,6459.0,2025-11-24 09:00:00
1763978400,1.15298,1.15422,1.15298,1.1541,5908.0,2025-11-24 10:00:00
1763982000,1.1541,1.1547,1.15362,1.15454,4406.0,2025-11-24 11:00:00
1763985600,1.15453,1.15506,1.15362,1.15476,6098.0,2025-11-24 12:00:00
1763989200,1.15476,1.155,1.15374,1.15385,6630.0,2025-11-24 13:00:00
1763992800,1.15386,1.15413,1.15262,1.15269,9033.0,2025-11-24 14:00:00
1763996400,1.1527,1.15302,1.15168,1.1529,8554.0,2025-11-24 15:00:00
1764000000,1.1529,1.15308,1.15173,1.15179,4797.0,2025-11-24 16:00:00
1764003600,1.15178,1.15198,1.15116,1.1518,4619.0,2025-11-24 17:00:00
1764007200,1.1518,1.15283,1.15172,1.15278,2851.0,2025-11-24 18:00:00
1764010800,1.15279,1.15292,1.15232,1.15277,3486.0,2025-11-24 19:00:00
1764014400,1.15278,1.15284,1.15219,1.15224,3065.0,2025-11-24 20:00:00
1764018000,1.15226,1.15234,1.15194,1.15216,1492.0,2025-11-24 21:00:00
1764021600,1.15218,1.1526,1.15216,1.1525,788.0,2025-11-24 22:00:00
1764025200,1.15253,1.15257,1.15188,1.15203,1392.0,2025-11-24 23:00:00
1764028800,1.15204,1.15236,1.15188,1.15234,3196.0,2025-11-25 00:00:00
1764032400,1.15232,1.15301,1.1522,1.15258,4307.0,2025-11-25 01:00:00
1764036000,1.1526,1.15285,1.15223,1.15284,2893.0,2025-11-25 02:00:00
1764039600,1.15285,1.15303,1.15172,1.1518,3221.0,2025-11-25 03:00:00
1764043200,1.1518,1.1518,1.15144,1.1515,2502.0,2025-11-25 04:00:00
1764046800,1.1515,1.15184,1.15116,1.15168,2981.0,2025-11-25 05:00:00
1764050400,1.15169,1.15217,1.15148,1.15186,3383.0,2025-11-25 06:00:00
1764054000,1.15186,1.15306,1.15178,1.15228,6604.0,2025-11-25 07:00:00
1764057600,1.15228,1.15336,1.15207,1.15288,7262.0,2025-11-25 08:00:00
1764061200,1.15286,1.15368,1.15272,1.15341,6118.0,2025-11-25 09:00:00
1764064800,1.15339,1.15411,1.15323,1.1539,5476.0,2025-11-25 10:00:00
1764068400,1.1539,1.1539,1.15247,1.15268,4068.0,2025-11-25 11:00:00
1764072000,1.15268,1.15571,1.15254,1.15447,10015.0,2025-11-25 12:00:00
1764075600,1.15448,1.15624,1.15426,1.15582,13931.0,2025-11-25 13:00:00
1764079200,1.15582,1.1572,1.15522,1.15666,11619.0,2025-11-25 14:00:00
1764082800,1.15672,1.15841,1.15618,1.15625,10810.0,2025-11-25 15:00:00
1764086400,1.15626,1.15719,1.155,1.15528,6691.0,2025-11-25 16:00:00
1764090000,1.15527,1.1584,1.15522,1.15824,12293.0,2025-11-25 17:00:00
1764093600,1.15826,1.15861,1.15768,1.15795,7020.0,2025-11-25 18:00:00
1764097200,1.15796,1.15856,1.1574,1.15838,4350.0,2025-11-25 19:00:00
1764100800,1.15838,1.15844,1.1558,1.1565,5190.0,2025-11-25 20:00:00
1764104400,1.1565,1.15724,1.15645,1.15697,2017.0,2025-11-25 21:00:00
1764108000,1.15706,1.15717,1.15676,1.15694,493.0,2025-11-25 22:00:00
1764111600,1.15696,1.15732,1.15643,1.15648,1294.0,2025-11-25 23:00:00
1764115200,1.1565,1.15726,1.15633,1.15682,5258.0,2025-11-26 00:00:00
1764118800,1.15682,1.15832,1.15654,1.15772,7731.0,2025-11-26 01:00:00
1764122400,1.15772,1.15868,1.15748,1.15818,5646.0,2025-11-26 02:00:00
1764126000,1.15818,1.15916,1.1581,1.15907,4686.0,2025-11-26 03:00:00
1764129600,1.15906,1.15916,1.15824,1.15837,3417.0,2025-11-26 04:00:00
1764133200,1.15838,1.15914,1.15826,1.15909,3373.0,2025-11-26 05:00:00
1764136800,1.1591,1.1596,1.15838,1.15863,4472.0,2025-11-26 06:00:00
1764140400,1.15864,1.15922,1.15752,1.15793,6991.0,2025-11-26 07:00:00
1764144000,1.15794,1.1581,1.15656,1.1572,7662.0,2025-11-26 08:00:00
1764147600,1.15722,1.15799,1.15683,1.1572,6576.0,2025-11-26 09:00:00
1764151200,1.1572,1.1578,1.15683,1.15734,4909.0,2025-11-26 10:00:00
1764154800,1.15735,1.1581,1.15681,1.15742,7738.0,2025-11-26 11:00:00
1764158400,1.15742,1.15802,1.15692,1.15722,12057.0,2025-11-26 12:00:00
1764162000,1.15724,1.15842,1.15484,1.15525,17448.0,2025-11-26 13:00:00
1764165600,1.15524,1.1582,1.15471,1.15789,10824.0,2025-11-26 14:00:00
1764169200,1.15786,1.15948,1.1578,1.15894,10987.0,2025-11-26 15:00:00
1764172800,1.15895,1.16009,1.15888,1.15904,8313.0,2025-11-26 16:00:00
1764176400,1.15904,1.1594,1.15851,1.1593,5944.0,2025-11-26 17:00:00
1764180000,1.15931,1.15966,1.15894,1.15934,4316.0,2025-11-26 18:00:00
1764183600,1.15935,1.15965,1.15906,1.15938,4032.0,2025-11-26 19:00:00
1764187200,1.15938,1.15974,1.15922,1.15943,3271.0,2025-11-26 20:00:00
1764190800,1.15942,1.15974,1.15938,1.15963,1880.0,2025-11-26 21:00:00
1764194400,1.15935,1.15974,1.15924,1.1596,1038.0,2025-11-26 22:00:00
1764198000,1.15959,1.16022,1.1595,1.16019,1415.0,2025-11-26 23:00:00
1764201600,1.1602,1.16052,1.16,1.16022,2559.0,2025-11-27 00:00:00
1764205200,1.16022,1.16126,1.16008,1.16092,5338.0,2025-11-27 01:00:00
1764208800,1.16092,1.16136,1.16006,1.16038,4064.0,2025-11-27 02:00:00
1764212400,1.16038,1.16067,1.16,1.16022,3268.0,2025-11-27 03:00:00
1764216000,1.16022,1.16052,1.16002,1.16008,2504.0,2025-11-27 04:00:00
1764219600,1.1601,1.16064,1.16008,1.16022,3875.0,2025-11-27 05:00:00
1764223200,1.16023,1.16054,1.15913,1.15926,4775.0,2025-11-27 06:00:00
1764226800,1.15925,1.15938,1.15858,1.15917,3951.0,2025-11-27 07:00:00
1764230400,1.15918,1.15956,1.15868,1.15928,5721.0,2025-11-27 08:00:00
1764234000,1.15928,1.15938,1.15766,1.15776,5583.0,2025-11-27 09:00:00
1764237600,1.15776,1.15852,1.15772,1.1584,4134.0,2025-11-27 10:00:00
1764241200,1.15838,1.15878,1.15787,1.15861,4586.0,2025-11-27 11:00:00
1764244800,1.15862,1.15905,1.1582,1.15832,3952.0,2025-11-27 12:00:00
1764248400,1.15832,1.1597,1.15832,1.1595,5146.0,2025-11-27 13:00:00
1764252000,1.1595,1.1598,1.15904,1.15951,4306.0,2025-11-27 14:00:00
1764255600,1.1595,1.15996,1.15922,1.15942,4259.0,2025-11-27 15:00:00
1764259200,1.15943,1.16004,1.15924,1.15994,2448.0,2025-11-27 16:00:00
1764262800,1.15996,1.16016,1.15918,1.15951,1787.0,2025-11-27 17:00:00
1764266400,1.15952,1.15956,1.15913,1.1592,1090.0,2025-11-27 18:00:00
1764270000,1.1592,1.15962,1.1592,1.15954,953.0,2025-11-27 19:00:00
1764273600,1.15953,1.15966,1.15943,1.1595,1394.0,2025-11-27 20:00:00
1764277200,1.15951,1.15972,1.15951,1.1596,751.0,2025-11-27 21:00:00
1764280800,1.15962,1.15973,1.15951,1.15959,756.0,2025-11-27 22:00:00
1764284400,1.1596,1.16016,1.1596,1.15996,1023.0,2025-11-27 23:00:00
1764288000,1.15996,1.1602,1.15921,1.15942,4332.0,2025-11-28 00:00:00
1764291600,1.15942,1.15987,1.15817,1.15833,4466.0,2025-11-28 01:00:00
1764295200,1.15834,1.1588,1.15816,1.15841,8055.0,2025-11-28 02:00:00
1764298800,1.15842,1.1591,1.15826,1.15872,8686.0,2025-11-28 03:00:00
1764302400,1.15872,1.15918,1.1586,1.15895,4685.0,2025-11-28 04:00:00
1764306000,1.15893,1.15938,1.15823,1.15895,12121.0,2025-11-28 05:00:00
1764309600,1.15894,1.15903,1.15815,1.15844,13573.0,2025-11-28 06:00:00
1764313200,1.15845,1.15907,1.15773,1.15796,13511.0,2025-11-28 07:00:00
1764316800,1.15795,1.15824,1.15666,1.15704,13000.0,2025-11-28 08:00:00
1764320400,1.15706,1.158,1.15666,1.15688,19634.0,2025-11-28 09:00:00
1764324000,1.15688,1.1571,1.15553,1.15592,8782.0,2025-11-28 10:00:00
1764327600,1.1559,1.1569,1.15557,1.15679,9032.0,2025-11-28 11:00:00
1764331200,1.1568,1.15728,1.15616,1.15664,10449.0,2025-11-28 12:00:00
1764334800,1.15666,1.15787,1.15628,1.15748,18684.0,2025-11-28 13:00:00
1764338400,1.15748,1.15852,1.15712,1.15846,8537.0,2025-11-28 14:00:00
1764342000,1.15844,1.16076,1.15795,1.16074,12622.0,2025-11-28 15:00:00
1764345600,1.16075,1.16075,1.15927,1.15992,10136.0,2025-11-28 16:00:00
1764349200,1.1599,1.16045,1.15934,1.16028,4981.0,2025-11-28 17:00:00
1764352800,1.16028,1.16046,1.15959,1.16016,4116.0,2025-11-28 18:00:00
1764356400,1.16016,1.16039,1.16006,1.16023,3207.0,2025-11-28 19:00:00
1764360000,1.16025,1.16044,1.16006,1.16008,2852.0,2025-11-28 20:00:00
1764363600,1.16007,1.16029,1.15957,1.15985,1853.0,2025-11-28 21:00:00
1764540000,1.15938,1.16002,1.15927,1.15991,1963.0,2025-11-30 22:00:00
1764543600,1.15989,1.16078,1.1596,1.16012,2645.0,2025-11-30 23:00:00
1764547200,1.16012,1.16072,1.15978,1.16032,5635.0,2025-12-01 00:00:00
1764550800,1.1603,1.1616,1.16004,1.16052,9124.0,2025-12-01 01:00:00
1764554400,1.16052,1.16058,1.15928,1.1595,5123.0,2025-12-01 02:00:00
1764558000,1.1595,1.15976,1.15894,1.15968,3107.0,2025-12-01 03:00:00
1764561600,1.1597,1.16026,1.15946,1.15986,3044.0,2025-12-01 04:00:00
1764565200,1.15986,1.16014,1.15948,1.1598,3905.0,2025-12-01 05:00:00
1764568800,1.15978,1.15991,1.15904,1.15963,5295.0,2025-12-01 06:00:00
1764572400,1.15964,1.1613,1.15956,1.1607,6538.0,2025-12-01 07:00:00
1764576000,1.1607,1.1622,1.1604,1.16136,9352.0,2025-12-01 08:00:00
1764579600,1.16135,1.16236,1.16134,1.16222,7587.0,2025-12-01 09:00:00
1764583200,1.16224,1.16284,1.1619,1.16276,6140.0,2025-12-01 10:00:00
1764586800,1.16274,1.16323,1.16242,1.16278,5200.0,2025-12-01 11:00:00
1764590400,1.1628,1.1649,1.16266,1.16488,7136.0,2025-12-01 12:00:00
1764594000,1.16488,1.16526,1.16395,1.16449,9179.0,2025-12-01 13:00:00
1764597600,1.16448,1.16452,1.16302,1.16322,11011.0,2025-12-01 14:00:00
1764601200,1.1634,1.16406,1.16226,1.1629,11877.0,2025-12-01 15:00:00
1764604800,1.16292,1.16344,1.1621,1.16228,7362.0,2025-12-01 16:00:00
1764608400,1.16228,1.16289,1.16178,1.16207,4958.0,2025-12-01 17:00:00
1764612000,1.16208,1.16236,1.16118,1.1612,5445.0,2025-12-01 18:00:00
1764615600,1.16118,1.16124,1.16072,1.16085,4122.0,2025-12-01 19:00:00
1764619200,1.16084,1.16101,1.16066,1.16096,2699.0,2025-12-01 20:00:00
1764622800,1.16096,1.1611,1.1608,1.16092,1314.0,2025-12-01 21:00:00
1764626400,1.16104,1.16105,1.1608,1.16089,148.0,2025-12-01 22:00:00
1764630000,1.16089,1.16102,1.16068,1.16068,645.0,2025-12-01 23:00:00
1764633600,1.16069,1.16096,1.1604,1.16058,2423.0,2025-12-02 00:00:00
1764637200,1.16058,1.16112,1.16038,1.16092,3548.0,2025-12-02 01:00:00
1764640800,1.16092,1.16119,1.16088,1.16119,1966.0,2025-12-02 02:00:00
1764644400,1.1612,1.16128,1.16088,1.16122,2249.0,2025-12-02 03:00:00
1764648000,1.16121,1.16142,1.16089,1.16089,1841.0,2025-12-02 04:00:00
1764651600,1.16088,1.16112,1.16072,1.161,1813.0,2025-12-02 05:00:00
1764655200,1.161,1.16112,1.16049,1.16098,2618.0,2025-12-02 06:00:00
1764658800,1.16097,1.16164,1.16088,1.16127,5014.0,2025-12-02 07:00:00
1764662400,1.16128,1.16163,1.1609,1.16107,5788.0,2025-12-02 08:00:00
1764666000,1.16106,1.16142,1.16024,1.16102,5506.0,2025-12-02 09:00:00
1764669600,1.16103,1.16124,1.15984,1.16066,6307.0,2025-12-02 10:00:00
1764673200,1.16068,1.1613,1.16036,1.16119,4488.0,2025-12-02 11:00:00
1764676800,1.16118,1.16195,1.16074,1.16177,5168.0,2025-12-02 12:00:00
1764680400,1.16178,1.16196,1.16112,1.16176,6257.0,2025-12-02 13:00:00
1764684000,1.16176,1.16233,1.16132,1.16176,9353.0,2025-12-02 14:00:00
1764687600,1.16177,1.16186,1.15934,1.16062,11512.0,2025-12-02 15:00:00
1764691200,1.16062,1.16098,1.15912,1.15954,8542.0,2025-12-02 16:00:00
1764694800,1.15954,1.16078,1.1593,1.16072,5852.0,2025-12-02 17:00:00
1764698400,1.16072,1.16134,1.16056,1.16087,4197.0,2025-12-02 18:00:00
1764702000,1.16088,1.1625,1.16087,1.16208,4338.0,2025-12-02 19:00:00
1764705600,1.16206,1.1626,1.16198,1.16246,3669.0,2025-12-02 20:00:00
1764709200,1.16246,1.1626,1.16211,1.16254,1635.0,2025-12-02 21:00:00
1764712800,1.16242,1.16252,1.16211,1.1624,524.0,2025-12-02 22:00:00
1764716400,1.16246,1.16291,1.16246,1.16282,1019.0,2025-12-02 23:00:00
1764720000,1.16284,1.16333,1.1628,1.16308,3287.0,2025-12-03 00:00:00
1764723600,1.16309,1.16376,1.16306,1.16368,3529.0,2025-12-03 01:00:00
1764727200,1.16369,1.16388,1.16354,1.16382,2781.0,2025-12-03 02:00:00
1764730800,1.1638,1.1639,1.1637,1.16378,2341.0,2025-12-03 03:00:00
1764734400,1.16378,1.16422,1.16362,1.16412,2000.0,2025-12-03 04:00:00
1764738000,1.16413,1.16438,1.1641,1.16427,2735.0,2025-12-03 05:00:00
1764741600,1.16428,1.16479,1.16416,1.1643,3414.0,2025-12-03 06:00:00
1764745200,1.1643,1.16528,1.16395,1.16414,6297.0,2025-12-03 07:00:00
1764748800,1.16416,1.16458,1.16358,1.16441,6612.0,2025-12-03 08:00:00
1764752400,1.16442,1.1648,1.164,1.16456,6710.0,2025-12-03 09:00:00
1764756000,1.16458,1.16638,1.1645,1.16606,6441.0,2025-12-03 10:00:00
1764759600,1.16606,1.1666,1.1655,1.16656,4816.0,2025-12-03 11:00:00
1764763200,1.16656,1.16694,1.16623,1.1663,5281.0,2025-12-03 12:00:00
1764766800,1.1663,1.16755,1.16618,1.16664,9519.0,2025-12-03 13:00:00
1764770400,1.16664,1.1667,1.16557,1.16624,10040.0,2025-12-03 14:00:00
1764774000,1.16611,1.16682,1.16546,1.16597,13925.0,2025-12-03 15:00:00
1764777600,1.16596,1.16664,1.16584,1.16594,8223.0,2025-12-03 16:00:00
1764781200,1.16596,1.16709,1.16576,1.16686,5248.0,2025-12-03 17:00:00
1764784800,1.16687,1.16756,1.16684,1.16718,4972.0,2025-12-03 18:00:00
1764788400,1.16719,1.16778,1.16712,1.16728,2970.0,2025-12-03 19:00:00
1764792000,1.16726,1.1673,1.16652,1.16656,2851.0,2025-12-03 20:00:00
1764795600,1.16656,1.16718,1.16643,1.16714,1694.0,2025-12-03 21:00:00
1764799200,1.16716,1.16754,1.16712,1.16714,654.0,2025-12-03 22:00:00
1764802800,1.16713,1.16724,1.16636,1.16664,1153.0,2025-12-03 23:00:00
1764806400,1.16664,1.16675,1.16595,1.1663,3262.0,2025-12-04 00:00:00
1764810000,1.16629,1.16648,1.16589,1.16633,3722.0,2025-12-04 01:00:00
1764813600,1.16634,1.1664,1.1659,1.16602,3003.0,2025-12-04 02:00:00
1764817200,1.16602,1.16603,1.16534,1.16559,3350.0,2025-12-04 03:00:00
1764820800,1.16558,1.16585,1.16554,1.16574,2622.0,2025-12-04 04:00:00
1764824400,1.16574,1.16624,1.16564,1.16598,3837.0,2025-12-04 05:00:00
1764828000,1.166,1.166,1.16531,1.1658,3715.0,2025-12-04 06:00:00
1764831600,1.1658,1.16656,1.16552,1.16656,4855.0,2025-12-04 07:00:00
1764835200,1.16655,1.1682,1.16635,1.16768,8677.0,2025-12-04 08:00:00
1764838800,1.16768,1.16804,1.16735,1.16777,7087.0,2025-12-04 09:00:00
1764842400,1.16778,1.16798,1.16636,1.16666,5711.0,2025-12-04 10:00:00
1764846000,1.16665,1.16808,1.16652,1.16802,5921.0,2025-12-04 11:00:00
1764849600,1.16802,1.1681,1.16654,1.16702,6195.0,2025-12-04 12:00:00
1764853200,1.16702,1.16714,1.1652,1.16648,10629.0,2025-12-04 13:00:00
1764856800,1.1665,1.16771,1.16643,1.16699,10295.0,2025-12-04 14:00:00
1764860400,1.16697,1.16748,1.16582,1.16734,9001.0,2025-12-04 15:00:00
1764864000,1.16734,1.16736,1.16535,1.16588,6704.0,2025-12-04 16:00:00
1764867600,1.16589,1.16598,1.16531,1.16562,4079.0,2025-12-04 17:00:00
1764871200,1.16562,1.16599,1.16538,1.16544,3876.0,2025-12-04 18:00:00
1764874800,1.16542,1.16556,1.16503,1.16526,4745.0,2025-12-04 19:00:00
1764878400,1.16525,1.16525,1.1641,1.16442,4173.0,2025-12-04 20:00:00
1764882000,1.16442,1.1646,1.1641,1.16449,1564.0,2025-12-04 21:00:00
1764885600,1.16464,1.16464,1.16444,1.16446,423.0,2025-12-04 22:00:00
1764889200,1.16446,1.16446,1.16412,1.16434,1082.0,2025-12-04 23:00:00
1764892800,1.16434,1.16504,1.16434,1.165,2884.0,2025-12-05 00:00:00
1764896400,1.16499,1.16538,1.16498,1.16536,3101.0,2025-12-05 01:00:00
1764900000,1.16537,1.16545,1.16512,1.16518,2284.0,2025-12-05 02:00:00
1764903600,1.1652,1.1652,1.16466,1.1649,1691.0,2025-12-05 03:00:00
1764907200,1.1649,1.16543,1.16488,1.16536,2394.0,2025-12-05 04:00:00
1764910800,1.16535,1.16592,1.16533,1.16592,3286.0,2025-12-05 05:00:00
1764914400,1.16592,1.16616,1.16554,1.16594,2917.0,2025-12-05 06:00:00
1764918000,1.16594,1.16718,1.16586,1.1663,6091.0,2025-12-05 07:00:00
1764921600,1.1663,1.16642,1.16524,1.16538,7504.0,2025-12-05 08:00:00
1764925200,1.16538,1.16554,1.16483,1.16545,5503.0,2025-12-05 09:00:00
1764928800,1.16546,1.1657,1.16478,1.16511,4744.0,2025-12-05 10:00:00
1764932400,1.1651,1.16524,1.16416,1.16464,4847.0,2025-12-05 11:00:00
1764936000,1.16464,1.16534,1.16437,1.16518,5691.0,2025-12-05 12:00:00
1764939600,1.16517,1.1654,1.16436,1.16518,7213.0,2025-12-05 13:00:00
1764943200,1.16518,1.16602,1.16456,1.165,9743.0,2025-12-05 14:00:00
1764946800,1.16498,1.1659,1.16438,1.16482,11427.0,2025-12-05 15:00:00
1764950400,1.16482,1.16491,1.1628,1.16343,9915.0,2025-12-05 16:00:00
1764954000,1.16342,1.16442,1.16325,1.16442,5583.0,2025-12-05 17:00:00
1764957600,1.16443,1.16486,1.1642,1.16428,4530.0,2025-12-05 18:00:00
1764961200,1.16429,1.16441,1.164,1.16432,3368.0,2025-12-05 19:00:00
1764964800,1.16428,1.16446,1.16399,1.16441,2356.0,2025-12-05 20:00:00
1764968400,1.16442,1.16472,1.16404,1.16438,1575.0,2025-12-05 21:00:00
1765144800,1.16401,1.16463,1.16396,1.16457,668.0,2025-12-07 22:00:00
1765148400,1.1647,1.16471,1.16395,1.16406,2740.0,2025-12-07 23:00:00
1765152000,1.16408,1.16516,1.16396,1.16512,4322.0,2025-12-08 00:00:00
1765155600,1.16511,1.16532,1.16456,1.16518,5410.0,2025-12-08 01:00:00
1765159200,1.16518,1.16543,1.16488,1.16538,3958.0,2025-12-08 02:00:00
1765162800,1.16538,1.16555,1.16498,1.16502,2822.0,2025-12-08 03:00:00
1765166400,1.16502,1.16556,1.16497,1.16545,2428.0,2025-12-08 04:00:00
1765170000,1.16546,1.16564,1.16526,1.16562,2804.0,2025-12-08 05:00:00
1765173600,1.16562,1.16722,1.16562,1.16608,5995.0,2025-12-08 06:00:00
1765177200,1.1661,1.1668,1.1655,1.16582,5763.0,2025-12-08 07:00:00
1765180800,1.16582,1.16625,1.16482,1.16561,6604.0,2025-12-08 08:00:00
1765184400,1.1656,1.16576,1.16479,1.16488,6285.0,2025-12-08 09:00:00
1765188000,1.16486,1.16557,1.16478,1.16509,5466.0,2025-12-08 10:00:00
1765191600,1.16508,1.16536,1.16468,1.16502,5657.0,2025-12-08 11:00:00
1765195200,1.16502,1.16539,1.16476,1.16533,5996.0,2025-12-08 12:00:00
1765198800,1.16534,1.16576,1.16456,1.16484,7217.0,2025-12-08 13:00:00
1765202400,1.16484,1.16548,1.16378,1.16402,10181.0,2025-12-08 14:00:00
1765206000,1.16402,1.16402,1.16172,1.16251,10366.0,2025-12-08 15:00:00
1765209600,1.16251,1.16288,1.16165,1.16248,7562.0,2025-12-08 16:00:00
1765213200,1.16251,1.16392,1.162,1.16392,6232.0,2025-12-08 17:00:00
1765216800,1.16392,1.16422,1.16344,1.16373,4661.0,2025-12-08 18:00:00
1765220400,1.16372,1.16418,1.16364,1.16394,4014.0,2025-12-08 19:00:00
1765224000,1.16394,1.1642,1.16374,1.16381,2682.0,2025-12-08 20:00:00
1765227600,1.16382,1.16388,1.16352,1.1637,1706.0,2025-12-08 21:00:00
1765231200,1.16352,1.16381,1.16352,1.16362,1814.0,2025-12-08 22:00:00
1765234800,1.16362,1.1641,1.16358,1.1641,1066.0,2025-12-08 23:00:00
1765238400,1.16408,1.1643,1.16369,1.16386,2593.0,2025-12-09 00:00:00
1765242000,1.16386,1.16476,1.1636,1.16472,3678.0,2025-12-09 01:00:00
1765245600,1.16471,1.16484,1.16438,1.16458,2517.0,2025-12-09 02:00:00
1765249200,1.16459,1.16488,1.16438,1.16456,2686.0,2025-12-09 03:00:00
1765252800,1.16456,1.16472,1.16438,1.16468,2486.0,2025-12-09 04:00:00
1765256400,1.1647,1.16506,1.16441,1.1649,2525.0,2025-12-09 05:00:00
1765260000,1.16486,1.16491,1.1642,1.16438,3731.0,2025-12-09 06:00:00
1765263600,1.1644,1.16462,1.16382,1.16398,4895.0,2025-12-09 07:00:00
1765267200,1.16399,1.16498,1.16337,1.1645,6326.0,2025-12-09 08:00:00
1765270800,1.16448,1.16573,1.16436,1.16524,6116.0,2025-12-09 09:00:00
1765274400,1.16524,1.16543,1.16404,1.16447,5009.0,2025-12-09 10:00:00
1765278000,1.16448,1.16478,1.16381,1.16436,5583.0,2025-12-09 11:00:00
1765281600,1.16436,1.16444,1.16343,1.16377,5222.0,2025-12-09 12:00:00
1765285200,1.16378,1.164,1.1629,1.16346,7837.0,2025-12-09 13:00:00
1765288800,1.16346,1.16388,1.16282,1.16376,10331.0,2025-12-09 14:00:00
1765292400,1.16376,1.16379,1.16151,1.16287,13521.0,2025-12-09 15:00:00
1765296000,1.16289,1.16412,1.16288,1.16382,5878.0,2025-12-09 16:00:00
1765299600,1.16382,1.16397,1.1622,1.16242,4864.0,2025-12-09 17:00:00
1765303200,1.1624,1.16249,1.16169,1.16243,3924.0,2025-12-09 18:00:00
1765306800,1.16244,1.163,1.1622,1.16287,3235.0,2025-12-09 19:00:00
1765310400,1.16288,1.16322,1.16265,1.16268,2608.0,2025-12-09 20:00:00
1765314000,1.16268,1.16294,1.16236,1.16266,1545.0,2025-12-09 21:00:00
1765317600,1.16275,1.16296,1.1626,1.16268,969.0,2025-12-09 22:00:00
1765321200,1.16266,1.16288,1.16246,1.16279,938.0,2025-12-09 23:00:00
1765324800,1.1628,1.16289,1.16244,1.16262,2920.0,2025-12-10 00:00:00
1765328400,1.16263,1.16288,1.16224,1.16238,2992.0,2025-12-10 01:00:00
1765332000,1.16237,1.16285,1.16232,1.16238,2523.0,2025-12-10 02:00:00
1765335600,1.16238,1.16274,1.16216,1.16266,2429.0,2025-12-10 03:00:00
1765339200,1.16266,1.16291,1.16251,1.16274,2017.0,2025-12-10 04:00:00
1765342800,1.16273,1.1631,1.16265,1.163,2072.0,2025-12-10 05:00:00
1765346400,1.16298,1.16356,1.16286,1.16354,2956.0,2025-12-10 06:00:00
1765350000,1.16354,1.16494,1.16344,1.16483,5791.0,2025-12-10 07:00:00
1765353600,1.16482,1.16578,1.16436,1.16526,6981.0,2025-12-10 08:00:00
1765357200,1.16528,1.1653,1.16356,1.16365,5673.0,2025-12-10 09:00:00
1765360800,1.16364,1.16395,1.16276,1.16343,5553.0,2025-12-10 10:00:00
1765364400,1.16346,1.16384,1.163,1.16352,4853.0,2025-12-10 11:00:00
1765368000,1.16352,1.16424,1.16329,1.16394,4270.0,2025-12-10 12:00:00
1765371600,1.16395,1.16418,1.16276,1.16402,6351.0,2025-12-10 13:00:00
1765375200,1.16402,1.16452,1.16338,1.16434,8019.0,2025-12-10 14:00:00
1765378800,1.16432,1.16514,1.16347,1.16421,7843.0,2025-12-10 15:00:00
1765382400,1.1642,1.165,1.16374,1.165,5417.0,2025-12-10 16:00:00
1765386000,1.165,1.16604,1.16458,1.16588,4599.0,2025-12-10 17:00:00
1765389600,1.16587,1.1661,1.16536,1.16561,3743.0,2025-12-10 18:00:00
1765393200,1.16563,1.16812,1.1647,1.16782,34588.0,2025-12-10 19:00:00
1765396800,1.16782,1.16998,1.16738,1.16941,14636.0,2025-12-10 20:00:00
1765400400,1.16942,1.1696,1.16896,1.16958,2924.0,2025-12-10 21:00:00
1765404000,1.16928,1.16966,1.16898,1.16953,2601.0,2025-12-10 22:00:00
1765407600,1.16955,1.17028,1.1695,1.17016,1453.0,2025-12-10 23:00:00
1765411200,1.17016,1.1705,1.16972,1.17022,4232.0,2025-12-11 00:00:00
1765414800,1.17022,1.17074,1.17004,1.17017,4595.0,2025-12-11 01:00:00
1765418400,1.17018,1.17062,1.16933,1.16939,3986.0,2025-12-11 02:00:00
1765422000,1.16938,1.16976,1.16902,1.1691,3291.0,2025-12-11 03:00:00
1765425600,1.16908,1.16917,1.16855,1.16903,2537.0,2025-12-11 04:00:00
1765429200,1.16902,1.16922,1.16846,1.16854,2435.0,2025-12-11 05:00:00
1765432800,1.16854,1.16898,1.16823,1.1689,3025.0,2025-12-11 06:00:00
1765436400,1.16892,1.1701,1.16874,1.16936,5150.0,2025-12-11 07:00:00
1765440000,1.16938,1.17066,1.16936,1.16972,7039.0,2025-12-11 08:00:00
1765443600,1.16972,1.17034,1.16873,1.17022,6748.0,2025-12-11 09:00:00
1765447200,1.17022,1.17078,1.16989,1.17072,4860.0,2025-12-11 10:00:00
1765450800,1.17072,1.17178,1.17062,1.17132,4748.0,2025-12-11 11:00:00
1765454400,1.1713,1.17193,1.17098,1.1717,5468.0,2025-12-11 12:00:00
1765458000,1.1717,1.17364,1.17133,1.17311,10177.0,2025-12-11 13:00:00
1765461600,1.1731,1.17485,1.17303,1.17376,9714.0,2025-12-11 14:00:00
1765465200,1.17378,1.17571,1.17316,1.17564,9258.0,2025-12-11 15:00:00
1765468800,1.17566,1.17595,1.17462,1.17554,7618.0,2025-12-11 16:00:00
1765472400,1.17552,1.17628,1.17498,1.17552,5828.0,2025-12-11 17:00:00
1765476000,1.17552,1.17594,1.17511,1.17536,4129.0,2025-12-11 18:00:00
1765479600,1.17537,1.17538,1.17405,1.17412,3986.0,2025-12-11 19:00:00
1765483200,1.1741,1.17458,1.17365,1.1741,3953.0,2025-12-11 20:00:00
1765486800,1.17408,1.17434,1.17372,1.17386,2139.0,2025-12-11 21:00:00
1765490400,1.17388,1.17402,1.17385,1.17389,1225.0,2025-12-11 22:00:00
1765494000,1.17388,1.17418,1.17372,1.17409,1110.0,2025-12-11 23:00:00
1765497600,1.1741,1.17446,1.17392,1.17405,4092.0,2025-12-12 00:00:00
1765501200,1.17406,1.17462,1.17325,1.17349,3913.0,2025-12-12 01:00:00
1765504800,1.17348,1.17378,1.17312,1.17362,2913.0,2025-12-12 02:00:00
1765508400,1.17362,1.17376,1.17332,1.17344,2416.0,2025-12-12 03:00:00
1765512000,1.17344,1.17356,1.17312,1.17318,2335.0,2025-12-12 04:00:00
1765515600,1.17317,1.17394,1.17316,1.17386,2176.0,2025-12-12 05:00:00
1765519200,1.17386,1.1742,1.1734,1.17391,3448.0,2025-12-12 06:00:00
1765522800,1.17389,1.17434,1.17358,1.1738,5315.0,2025-12-12 07:00:00
1765526400,1.17379,1.17422,1.17282,1.17282,6907.0,2025-12-12 08:00:00
1765530000,1.17281,1.17348,1.1727,1.17328,5293.0,2025-12-12 09:00:00
1765533600,1.17328,1.17334,1.17245,1.17274,4965.0,2025-12-12 10:00:00
1765537200,1.17274,1.17292,1.17223,1.17268,3305.0,2025-12-12 11:00:00
1765540800,1.17266,1.1728,1.17196,1.1725,3939.0,2025-12-12 12:00:00
1765544400,1.1725,1.17352,1.1724,1.17272,5804.0,2025-12-12 13:00:00
1765548000,1.17272,1.17436,1.17232,1.17422,7971.0,2025-12-12 14:00:00
1765551600,1.1742,1.17451,1.17296,1.17382,8256.0,2025-12-12 15:00:00
1765555200,1.17381,1.17434,1.17262,1.17312,7145.0,2025-12-12 16:00:00
1765558800,1.17312,1.17482,1.17302,1.17478,4828.0,2025-12-12 17:00:00
1765562400,1.17478,1.17498,1.17405,1.17416,4290.0,2025-12-12 18:00:00
1765566000,1.17415,1.17415,1.17354,1.17405,3794.0,2025-12-12 19:00:00
1765569600,1.17402,1.17466,1.1737,1.17392,3785.0,2025-12-12 20:00:00
1765573200,1.17392,1.17453,1.17384,1.17403,2019.0,2025-12-12 21:00:00
1765749600,1.1733,1.17391,1.1733,1.17376,1150.0,2025-12-14 22:00:00
1765753200,1.17376,1.17409,1.17356,1.17372,1246.0,2025-12-14 23:00:00
1765756800,1.17372,1.17374,1.17286,1.17334,2952.0,2025-12-15 00:00:00
1765760400,1.17333,1.17425,1.17296,1.17414,4060.0,2025-12-15 01:00:00
1765764000,1.17414,1.17448,1.1737,1.17414,4231.0,2025-12-15 02:00:00
1765767600,1.17415,1.17448,1.17318,1.17342,3240.0,2025-12-15 03:00:00
1765771200,1.17342,1.17356,1.1732,1.17324,2341.0,2025-12-15 04:00:00
1765774800,1.17326,1.17359,1.17321,1.17344,2714.0,2025-12-15 05:00:00
1765778400,1.17343,1.17364,1.17288,1.17354,4080.0,2025-12-15 06:00:00
1765782000,1.17353,1.17382,1.1728,1.17286,5184.0,2025-12-15 07:00:00
1765785600,1.17285,1.17388,1.17265,1.17312,5959.0,2025-12-15 08:00:00
1765789200,1.17312,1.17436,1.17306,1.17434,5111.0,2025-12-15 09:00:00
1765792800,1.17434,1.17467,1.17392,1.17428,3644.0,2025-12-15 10:00:00
1765796400,1.17427,1.17502,1.17413,1.17488,3000.0,2025-12-15 11:00:00
1765800000,1.17489,1.17593,1.17485,1.17528,3860.0,2025-12-15 12:00:00
1765803600,1.17529,1.17598,1.17472,1.17474,5526.0,2025-12-15 13:00:00
1765807200,1.17473,1.17642,1.17441,1.17636,7312.0,2025-12-15 14:00:00
1765810800,1.17636,1.1769,1.17548,1.17628,11025.0,2025-12-15 15:00:00
1765814400,1.17628,1.17649,1.17522,1.17556,6980.0,2025-12-15 16:00:00
1765818000,1.17554,1.17558,1.1745,1.17459,4382.0,2025-12-15 17:00:00
1765821600,1.17458,1.17484,1.17392,1.17432,3773.0,2025-12-15 18:00:00
1765825200,1.17432,1.175,1.17384,1.1749,2866.0,2025-12-15 19:00:00
1765828800,1.17488,1.17519,1.17476,1.17512,2501.0,2025-12-15 20:00:00
1765832400,1.1751,1.17541,1.17492,1.17539,1589.0,2025-12-15 21:00:00
1765836000,1.17521,1.17542,1.1749,1.17514,2370.0,2025-12-15 22:00:00
1765839600,1.17514,1.1756,1.17512,1.17536,793.0,2025-12-15 23:00:00
1765843200,1.17538,1.1758,1.17484,1.17498,3331.0,2025-12-16 00:00:00
1765846800,1.17498,1.17554,1.17466,1.17519,4406.0,2025-12-16 01:00:00
1765850400,1.1752,1.17566,1.17503,1.17557,2644.0,2025-12-16 02:00:00
1765854000,1.17556,1.17592,1.175,1.17518,2534.0,2025-12-16 03:00:00
1765857600,1.17518,1.17539,1.175,1.17511,1575.0,2025-12-16 04:00:00
1765861200,1.1751,1.17542,1.17494,1.17505,2350.0,2025-12-16 05:00:00
1765864800,1.17504,1.17538,1.17466,1.17527,2727.0,2025-12-16 06:00:00
1765868400,1.17526,1.17543,1.17444,1.17524,3931.0,2025-12-16 07:00:00
1765872000,1.17525,1.17642,1.17466,1.17545,6159.0,2025-12-16 08:00:00
1765875600,1.17544,1.1762,1.17501,1.17561,5728.0,2025-12-16 09:00:00
1765879200,1.17562,1.17618,1.17539,1.17574,4813.0,2025-12-16 10:00:00
1765882800,1.17574,1.17632,1.17517,1.17632,3444.0,2025-12-16 11:00:00
1765886400,1.17632,1.17785,1.17608,1.17778,5031.0,2025-12-16 12:00:00
1765890000,1.17779,1.17948,1.17569,1.17758,19782.0,2025-12-16 13:00:00
1765893600,1.17758,1.18002,1.1769,1.17998,12387.0,2025-12-16 14:00:00
1765897200,1.17996,1.18042,1.17674,1.17702,11365.0,2025-12-16 15:00:00
1765900800,1.17701,1.1776,1.17612,1.17692,7524.0,2025-12-16 16:00:00
1765904400,1.17692,1.1778,1.17624,1.17639,5271.0,2025-12-16 17:00:00
1765908000,1.17639,1.17639,1.17452,1.17531,5777.0,2025-12-16 18:00:00
1765911600,1.17532,1.17623,1.17346,1.17578,6841.0,2025-12-16 19:00:00
1765915200,1.17576,1.17631,1.17464,1.17478,4568.0,2025-12-16 20:00:00
1765918800,1.17477,1.17514,1.17458,1.1748,1836.0,2025-12-16 21:00:00
1765922400,1.17476,1.175,1.1747,1.1748,1360.0,2025-12-16 22:00:00
1765926000,1.17482,1.17513,1.17482,1.17494,856.0,2025-12-16 23:00:00
1765929600,1.17494,1.17518,1.17454,1.17504,2602.0,2025-12-17 00:00:00
1765933200,1.17504,1.17524,1.17452,1.17474,3910.0,2025-12-17 01:00:00
1765936800,1.17473,1.1748,1.17373,1.174,3732.0,2025-12-17 02:00:00
1765940400,1.174,1.17408,1.17369,1.17392,2490.0,2025-12-17 03:00:00
1765944000,1.17392,1.17398,1.17277,1.17296,3040.0,2025-12-17 04:00:00
1765947600,1.17296,1.17308,1.1725,1.17292,3587.0,2025-12-17 05:00:00
1765951200,1.17291,1.17306,1.17066,1.171,4870.0,2025-12-17 06:00:00
1765954800,1.171,1.17136,1.17031,1.1713,9630.0,2025-12-17 07:00:00
1765958400,1.1713,1.17211,1.1706,1.17186,6359.0,2025-12-17 08:00:00
1765962000,1.17187,1.17208,1.17116,1.17162,6108.0,2025-12-17 09:00:00
1765965600,1.1716,1.17254,1.17129,1.17252,5506.0,2025-12-17 10:00:00
1765969200,1.17254,1.17274,1.17078,1.17092,5007.0,2025-12-17 11:00:00
1765972800,1.17093,1.17276,1.17084,1.17266,5114.0,2025-12-17 12:00:00
1765976400,1.17267,1.17332,1.17199,1.17318,8981.0,2025-12-17 13:00:00
1765980000,1.17318,1.17444,1.17283,1.17411,8328.0,2025-12-17 14:00:00
1765983600,1.17411,1.17582,1.17404,1.17529,10183.0,2025-12-17 15:00:00
1765987200,1.17528,1.17563,1.17456,1.17472,7454.0,2025-12-17 16:00:00
1765990800,1.17472,1.17548,1.17456,1.17494,4721.0,2025-12-17 17:00:00
1765994400,1.17494,1.17556,1.17426,1.17442,4159.0,2025-12-17 18:00:00
1765998000,1.17441,1.17474,1.17415,1.1745,3215.0,2025-12-17 19:00:00
1766001600,1.1745,1.17462,1.17384,1.17396,2938.0,2025-12-17 20:00:00
1766005200,1.17396,1.17416,1.17387,1.17401,1697.0,2025-12-17 21:00:00
1766008800,1.17408,1.1744,1.17398,1.17403,838.0,2025-12-17 22:00:00
1766012400,1.17401,1.17434,1.17398,1.17418,924.0,2025-12-17 23:00:00
1766016000,1.17418,1.17458,1.17404,1.1744,2623.0,2025-12-18 00:00:00
1766019600,1.1744,1.17456,1.17352,1.17386,3751.0,2025-12-18 01:00:00
1766023200,1.17386,1.17427,1.17368,1.1741,3103.0,2025-12-18 02:00:00
1766026800,1.17409,1.1742,1.17375,1.17394,1941.0,2025-12-18 03:00:00
1766030400,1.17393,1.1743,1.17384,1.17428,1463.0,2025-12-18 04:00:00
1766034000,1.1743,1.17469,1.17412,1.17459,2371.0,2025-12-18 05:00:00
1766037600,1.17458,1.17474,1.17389,1.17443,2871.0,2025-12-18 06:00:00
1766041200,1.17442,1.17497,1.17336,1.17338,4779.0,2025-12-18 07:00:00
1766044800,1.17338,1.17373,1.17281,1.17324,5312.0,2025-12-18 08:00:00
1766048400,1.17323,1.17328,1.17173,1.1722,5937.0,2025-12-18 09:00:00
1766052000,1.17218,1.17269,1.17178,1.17248,4063.0,2025-12-18 10:00:00
1766055600,1.17248,1.17276,1.17204,1.17206,3897.0,2025-12-18 11:00:00
1766059200,1.17206,1.17234,1.17124,1.17139,6780.0,2025-12-18 12:00:00
1766062800,1.1714,1.17628,1.17132,1.17468,18799.0,2025-12-18 13:00:00
1766066400,1.17468,1.17558,1.17327,1.17348,16501.0,2025-12-18 14:00:00
1766070000,1.17347,1.17403,1.1716,1.17272,11862.0,2025-12-18 15:00:00
1766073600,1.17271,1.17461,1.17256,1.1728,8271.0,2025-12-18 16:00:00
1766077200,1.17282,1.17289,1.17153,1.17188,6304.0,2025-12-18 17:00:00
1766080800,1.17189,1.1725,1.17154,1.17196,3499.0,2025-12-18 18:00:00
1766084400,1.17196,1.17278,1.17179,1.17252,4279.0,2025-12-18 19:00:00
1766088000,1.17253,1.17278,1.17203,1.17222,3022.0,2025-12-18 20:00:00
1766091600,1.17222,1.17253,1.17218,1.17236,1385.0,2025-12-18 21:00:00
1766095200,1.17203,1.1726,1.17203,1.17246,2812.0,2025-12-18 22:00:00
1766098800,1.17246,1.17278,1.17238,1.17248,851.0,2025-12-18 23:00:00
1766102400,1.17248,1.17268,1.17218,1.17265,2780.0,2025-12-19 00:00:00
1766106000,1.17265,1.17288,1.17205,1.17244,2892.0,2025-12-19 01:00:00
1766109600,1.17243,1.17287,1.17212,1.17227,2403.0,2025-12-19 02:00:00
1766113200,1.17228,1.17259,1.17184,1.17213,3841.0,2025-12-19 03:00:00
1766116800,1.17214,1.17228,1.17156,1.1718,1917.0,2025-12-19 04:00:00
1766120400,1.1718,1.17208,1.1718,1.172,1908.0,2025-12-19 05:00:00
1766124000,1.172,1.17216,1.17118,1.17199,4666.0,2025-12-19 06:00:00
1766127600,1.17198,1.17206,1.17033,1.17077,5953.0,2025-12-19 07:00:00
1766131200,1.17077,1.17164,1.17062,1.17126,6772.0,2025-12-19 08:00:00
1766134800,1.17126,1.17179,1.17088,1.17122,6472.0,2025-12-19 09:00:00
1766138400,1.17124,1.17178,1.1709,1.17166,4890.0,2025-12-19 10:00:00
1766142000,1.17165,1.17178,1.17077,1.17113,4562.0,2025-12-19 11:00:00
1766145600,1.17112,1.17153,1.17077,1.17102,4419.0,2025-12-19 12:00:00
1766149200,1.17102,1.17194,1.17024,1.17194,7365.0,2025-12-19 13:00:00
1766152800,1.17194,1.17378,1.1719,1.17264,9314.0,2025-12-19 14:00:00
1766156400,1.17266,1.17282,1.17094,1.17097,8053.0,2025-12-19 15:00:00
1766160000,1.17096,1.1721,1.17084,1.1721,6249.0,2025-12-19 16:00:00
1766163600,1.1721,1.1721,1.17135,1.17192,3960.0,2025-12-19 17:00:00
1766167200,1.17193,1.17273,1.17182,1.172,3711.0,2025-12-19 18:00:00
1766170800,1.172,1.17252,1.17164,1.17236,3432.0,2025-12-19 19:00:00
1766174400,1.17234,1.17257,1.17064,1.17098,2674.0,2025-12-19 20:00:00
1766178000,1.17098,1.17138,1.17062,1.17096,1918.0,2025-12-19 21:00:00
1766354400,1.17196,1.17196,1.17124,1.17144,2797.0,2025-12-21 22:00:00
1766358000,1.17148,1.17164,1.17064,1.17103,2660.0,2025-12-21 23:00:00
1766361600,1.17101,1.17162,1.17095,1.1716,5218.0,2025-12-22 00:00:00
1766365200,1.17162,1.17194,1.17136,1.17172,3154.0,2025-12-22 01:00:00
1766368800,1.17172,1.17194,1.17152,1.17164,1828.0,2025-12-22 02:00:00
1766372400,1.17162,1.17184,1.17136,1.17176,1895.0,2025-12-22 03:00:00
1766376000,1.17176,1.17218,1.17163,1.17202,1417.0,2025-12-22 04:00:00
1766379600,1.17202,1.17221,1.17156,1.17174,1840.0,2025-12-22 05:00:00
1766383200,1.17172,1.17193,1.1713,1.17159,2569.0,2025-12-22 06:00:00
1766386800,1.17158,1.17312,1.1715,1.1729,4071.0,2025-12-22 07:00:00
1766390400,1.1729,1.17384,1.17232,1.17359,4875.0,2025-12-22 08:00:00
1766394000,1.17359,1.17366,1.17274,1.173,4910.0,2025-12-22 09:00:00
1766397600,1.17301,1.1738,1.17291,1.17332,4344.0,2025-12-22 10:00:00
1766401200,1.17332,1.17366,1.17286,1.17334,3043.0,2025-12-22 11:00:00
1766404800,1.17335,1.17434,1.17334,1.17418,5616.0,2025-12-22 12:00:00
1766408400,1.17418,1.17546,1.17418,1.17506,7258.0,2025-12-22 13:00:00
1766412000,1.17507,1.17664,1.17451,1.17602,6757.0,2025-12-22 14:00:00
1766415600,1.176,1.17694,1.17577,1.1764,6370.0,2025-12-22 15:00:00
1766419200,1.1764,1.17642,1.17482,1.17496,4724.0,2025-12-22 16:00:00
1766422800,1.17496,1.17648,1.17491,1.17582,3643.0,2025-12-22 17:00:00
1766426400,1.17582,1.17583,1.17494,1.17529,3121.0,2025-12-22 18:00:00
1766430000,1.1753,1.1756,1.17489,1.17554,2535.0,2025-12-22 19:00:00
1766433600,1.17555,1.1759,1.17522,1.17552,2467.0,2025-12-22 20:00:00
1766437200,1.17552,1.17623,1.17546,1.17619,1114.0,2025-12-22 21:00:00
1766440800,1.1758,1.1763,1.17571,1.17592,4847.0,2025-12-22 22:00:00
1766444400,1.17593,1.17658,1.17591,1.17638,1489.0,2025-12-22 23:00:00
1766448000,1.17637,1.17704,1.1763,1.1769,2449.0,2025-12-23 00:00:00
1766451600,1.1769,1.17761,1.1766,1.1773,3176.0,2025-12-23 01:00:00
1766455200,1.17733,1.17806,1.17726,1.17777,2838.0,2025-12-23 02:00:00
1766458800,1.17778,1.17794,1.17732,1.17765,2158.0,2025-12-23 03:00:00
1766462400,1.17766,1.17793,1.17736,1.17754,2513.0,2025-12-23 04:00:00
1766466000,1.17752,1.17798,1.17744,1.17751,2688.0,2025-12-23 05:00:00
1766469600,1.17753,1.17764,1.17686,1.17713,2405.0,2025-12-23 06:00:00
1766473200,1.17712,1.17814,1.17692,1.17787,5098.0,2025-12-23 07:00:00
1766476800,1.17786,1.17846,1.17754,1.17844,6217.0,2025-12-23 08:00:00
1766480400,1.17845,1.1793,1.17818,1.17928,6704.0,2025-12-23 09:00:00
1766484000,1.17928,1.18004,1.17918,1.1799,4613.0,2025-12-23 10:00:00
1766487600,1.17989,1.18,1.17924,1.17959,3786.0,2025-12-23 11:00:00
1766491200,1.1796,1.18022,1.1789,1.17897,4492.0,2025-12-23 12:00:00
1766494800,1.17896,1.17939,1.17743,1.17748,8615.0,2025-12-23 13:00:00
1766498400,1.17748,1.17795,1.17686,1.17694,8552.0,2025-12-23 14:00:00
1766502000,1.17693,1.17792,1.1764,1.17743,8868.0,2025-12-23 15:00:00
1766505600,1.17742,1.17804,1.17732,1.17757,5306.0,2025-12-23 16:00:00
1766509200,1.17756,1.17789,1.1769,1.1771,3928.0,2025-12-23 17:00:00
1766512800,1.17708,1.17832,1.17696,1.17828,3472.0,2025-12-23 18:00:00
1766516400,1.17831,1.17914,1.17822,1.17901,3023.0,2025-12-23 19:00:00
1766520000,1.17902,1.17936,1.1787,1.17896,2983.0,2025-12-23 20:00:00
1766523600,1.17894,1.1797,1.17883,1.17934,1500.0,2025-12-23 21:00:00
1766527200,1.17927,1.17954,1.17919,1.17946,1171.0,2025-12-23 22:00:00
1766530800,1.17946,1.17972,1.17935,1.1795,1165.0,2025-12-23 23:00:00
1766534400,1.1795,1.1799,1.17904,1.17988,3381.0,2025-12-24 00:00:00
1766538000,1.17988,1.18064,1.17968,1.18053,3783.0,2025-12-24 01:00:00
1766541600,1.18054,1.1808,1.17982,1.17982,2656.0,2025-12-24 02:00:00
1766545200,1.17984,1.17985,1.1787,1.17876,3042.0,2025-12-24 03:00:00
1766548800,1.17876,1.17934,1.17858,1.17914,2271.0,2025-12-24 04:00:00
1766552400,1.17912,1.18022,1.17907,1.17992,2365.0,2025-12-24 05:00:00
1766556000,1.1799,1.1804,1.17978,1.17999,3617.0,2025-12-24 06:00:00
1766559600,1.18001,1.18018,1.17864,1.1789,5678.0,2025-12-24 07:00:00
1766563200,1.1789,1.17995,1.17798,1.17994,6414.0,2025-12-24 08:00:00
1766566800,1.17997,1.1801,1.17945,1.17998,4385.0,2025-12-24 09:00:00
1766570400,1.17997,1.18001,1.17908,1.17964,4987.0,2025-12-24 10:00:00
1766574000,1.17966,1.17986,1.1791,1.17928,4411.0,2025-12-24 11:00:00
1766577600,1.17929,1.17932,1.17839,1.17842,4825.0,2025-12-24 12:00:00
1766581200,1.17844,1.1791,1.17836,1.17853,6288.0,2025-12-24 13:00:00
1766584800,1.17852,1.1787,1.17774,1.17806,6695.0,2025-12-24 14:00:00
1766588400,1.17806,1.17826,1.17754,1.17782,6197.0,2025-12-24 15:00:00
1766592000,1.17781,1.1781,1.17731,1.17792,5353.0,2025-12-24 16:00:00
1766595600,1.17792,1.17832,1.17726,1.17768,4129.0,2025-12-24 17:00:00
1766599200,1.17767,1.17798,1.17744,1.1779,2125.0,2025-12-24 18:00:00
1766602800,1.17788,1.17822,1.17788,1.17816,876.0,2025-12-24 19:00:00
1766606400,1.17817,1.1782,1.17793,1.17797,1706.0,2025-12-24 20:00:00
1766610000,1.17798,1.17801,1.17768,1.1777,1642.0,2025-12-24 21:00:00
1766700000,1.17805,1.17862,1.17784,1.17818,894.0,2025-12-25 22:00:00
1766703600,1.17818,1.17862,1.1778,1.17845,9507.0,2025-12-25 23:00:00
1766707200,1.17844,1.1792,1.17767,1.17859,6421.0,2025-12-26 00:00:00
1766710800,1.1786,1.17917,1.17829,1.17872,4398.0,2025-12-26 01:00:00
1766714400,1.17873,1.17936,1.17836,1.17921,2505.0,2025-12-26 02:00:00
1766718000,1.17922,1.17926,1.17834,1.17844,2639.0,2025-12-26 03:00:00
1766721600,1.17843,1.17872,1.178,1.17832,2247.0,2025-12-26 04:00:00
1766725200,1.17832,1.17872,1.17801,1.17862,2297.0,2025-12-26 05:00:00
1766728800,1.17863,1.1788,1.17718,1.17766,4322.0,2025-12-26 06:00:00
1766732400,1.17767,1.17778,1.17704,1.1773,5851.0,2025-12-26 07:00:00
1766736000,1.1773,1.17778,1.17666,1.17769,5687.0,2025-12-26 08:00:00
1766739600,1.17768,1.17778,1.17686,1.17703,4636.0,2025-12-26 09:00:00
1766743200,1.17701,1.17798,1.1769,1.17732,4310.0,2025-12-26 10:00:00
1766746800,1.17731,1.17825,1.17731,1.17774,3888.0,2025-12-26 11:00:00
1766750400,1.17776,1.17825,1.17728,1.17816,3924.0,2025-12-26 12:00:00
1766754000,1.17816,1.17968,1.17816,1.17914,6733.0,2025-12-26 13:00:00
1766757600,1.17916,1.17946,1.17812,1.17838,6286.0,2025-12-26 14:00:00
1766761200,1.17838,1.17926,1.17716,1.17772,6745.0,2025-12-26 15:00:00
1766764800,1.17772,1.17796,1.17623,1.17652,9230.0,2025-12-26 16:00:00
1766768400,1.17652,1.17705,1.17616,1.17702,8751.0,2025-12-26 17:00:00
1766772000,1.17704,1.17738,1.1769,1.1772,9370.0,2025-12-26 18:00:00
1766775600,1.17719,1.17768,1.17692,1.17768,4108.0,2025-12-26 19:00:00
1766779200,1.17768,1.17818,1.17724,1.17751,3007.0,2025-12-26 20:00:00
1766782800,1.17751,1.17767,1.17658,1.1771,2478.0,2025-12-26 21:00:00
1766959200,1.1768,1.17734,1.17654,1.17706,346.0,2025-12-28 22:00:00
1766962800,1.1771,1.17782,1.1771,1.17726,2920.0,2025-12-28 23:00:00
1766966400,1.17728,1.1784,1.17718,1.17797,4003.0,2025-12-29 00:00:00
1766970000,1.17796,1.17864,1.17788,1.17842,3542.0,2025-12-29 01:00:00
1766973600,1.1784,1.17853,1.17756,1.17758,3099.0,2025-12-29 02:00:00
1766977200,1.17758,1.17761,1.17712,1.17734,2178.0,2025-12-29 03:00:00
1766980800,1.17734,1.17734,1.1764,1.17644,2172.0,2025-12-29 04:00:00
1766984400,1.17644,1.17644,1.17537,1.1756,3086.0,2025-12-29 05:00:00
1766988000,1.17562,1.17697,1.17542,1.17696,3377.0,2025-12-29 06:00:00
1766991600,1.17698,1.17792,1.17653,1.17771,5871.0,2025-12-29 07:00:00
1766995200,1.1777,1.17888,1.1771,1.1784,6074.0,2025-12-29 08:00:00
1766998800,1.1784,1.17891,1.17716,1.17764,6761.0,2025-12-29 09:00:00
1767002400,1.17764,1.17802,1.17653,1.17658,5193.0,2025-12-29 10:00:00
1767006000,1.17658,1.17712,1.17578,1.17659,5394.0,2025-12-29 11:00:00
1767009600,1.17656,1.17692,1.17555,1.17619,6192.0,2025-12-29 12:00:00
1767013200,1.17618,1.17737,1.17604,1.17698,7153.0,2025-12-29 13:00:00
1767016800,1.17698,1.17888,1.17672,1.1783,8294.0,2025-12-29 14:00:00
1767020400,1.17833,1.17864,1.17664,1.17678,10641.0,2025-12-29 15:00:00
1767024000,1.17676,1.17681,1.17524,1.17561,7999.0,2025-12-29 16:00:00
1767027600,1.1756,1.1757,1.17494,1.17521,5177.0,2025-12-29 17:00:00
1767031200,1.17519,1.1759,1.17508,1.17574,3827.0,2025-12-29 18:00:00
1767034800,1.17575,1.17682,1.1757,1.17674,2548.0,2025-12-29 19:00:00
1767038400,1.17673,1.17706,1.17644,1.17706,3064.0,2025-12-29 20:00:00
1767042000,1.17705,1.17748,1.17702,1.17726,1423.0,2025-12-29 21:00:00
1767045600,1.1771,1.17722,1.17663,1.17682,4005.0,2025-12-29 22:00:00
1767049200,1.1768,1.17746,1.1768,1.17725,1398.0,2025-12-29 23:00:00
1767052800,1.17724,1.17754,1.17716,1.17729,2419.0,2025-12-30 00:00:00
1767056400,1.17728,1.17751,1.17697,1.17751,3073.0,2025-12-30 01:00:00
1767060000,1.1775,1.17766,1.17716,1.17733,2150.0,2025-12-30 02:00:00
1767063600,1.17734,1.1776,1.17706,1.17726,1753.0,2025-12-30 03:00:00
1767067200,1.17727,1.17778,1.17718,1.17771,1464.0,2025-12-30 04:00:00
1767070800,1.17772,1.17791,1.1773,1.17752,1872.0,2025-12-30 05:00:00
1767074400,1.17752,1.17798,1.17739,1.17786,2654.0,2025-12-30 06:00:00
1767078000,1.17786,1.17786,1.17662,1.17703,3578.0,2025-12-30 07:00:00
1767081600,1.17704,1.17754,1.1766,1.17672,5356.0,2025-12-30 08:00:00
1767085200,1.17673,1.17779,1.17644,1.1769,4892.0,2025-12-30 09:00:00
1767088800,1.17688,1.17776,1.17688,1.17738,3955.0,2025-12-30 10:00:00
1767092400,1.17739,1.17768,1.17661,1.17668,3560.0,2025-12-30 11:00:00
1767096000,1.17667,1.17679,1.17607,1.17618,4060.0,2025-12-30 12:00:00
1767099600,1.17616,1.17679,1.17554,1.17633,7773.0,2025-12-30 13:00:00
1767103200,1.17634,1.17643,1.17564,1.17634,6531.0,2025-12-30 14:00:00
1767106800,1.17634,1.17663,1.17453,1.17598,7209.0,2025-12-30 15:00:00
1767110400,1.17598,1.17667,1.17544,1.17648,6186.0,2025-12-30 16:00:00
1767114000,1.1765,1.17668,1.17552,1.1756,3676.0,2025-12-30 17:00:00
1767117600,1.17561,1.17594,1.17482,1.17501,3725.0,2025-12-30 18:00:00
1767121200,1.17502,1.17529,1.17452,1.17468,2945.0,2025-12-30 19:00:00
1767124800,1.17468,1.17503,1.17434,1.1744,2989.0,2025-12-30 20:00:00
1767128400,1.17439,1.17488,1.17439,1.1748,1030.0,2025-12-30 21:00:00
1767132000,1.17466,1.1749,1.17458,1.17466,443.0,2025-12-30 22:00:00
1767135600,1.17464,1.17492,1.17452,1.17456,793.0,2025-12-30 23:00:00
1767139200,1.17457,1.17478,1.17444,1.17473,1507.0,2025-12-31 00:00:00
1767142800,1.17474,1.17491,1.17419,1.17426,2958.0,2025-12-31 01:00:00
1767146400,1.17424,1.17427,1.17388,1.17402,3059.0,2025-12-31 02:00:00
1767150000,1.174,1.17436,1.17396,1.17426,2006.0,2025-12-31 03:00:00
1767153600,1.17426,1.17428,1.1733,1.17345,1705.0,2025-12-31 04:00:00
1767157200,1.17345,1.17393,1.17344,1.17385,1996.0,2025-12-31 05:00:00
1767160800,1.17386,1.17398,1.17332,1.17374,2564.0,2025-12-31 06:00:00
1767164400,1.17373,1.17388,1.17298,1.17371,4414.0,2025-12-31 07:00:00
1767168000,1.17372,1.17398,1.172,1.17231,5263.0,2025-12-31 08:00:00
1767171600,1.17231,1.17389,1.172,1.17351,5131.0,2025-12-31 09:00:00
1767175200,1.1735,1.17438,1.17286,1.17392,4832.0,2025-12-31 10:00:00
1767178800,1.17394,1.17478,1.17364,1.17472,5107.0,2025-12-31 11:00:00
1767182400,1.17472,1.17594,1.17472,1.17554,5135.0,2025-12-31 12:00:00
1767186000,1.17553,1.17595,1.17416,1.1742,6960.0,2025-12-31 13:00:00
1767189600,1.1742,1.17426,1.17274,1.17302,7960.0,2025-12-31 14:00:00
1767193200,1.17302,1.17462,1.17202,1.17441,11017.0,2025-12-31 15:00:00
1767196800,1.17442,1.17488,1.17288,1.1735,8274.0,2025-12-31 16:00:00
1767200400,1.17349,1.1739,1.17315,1.1736,5816.0,2025-12-31 17:00:00
1767204000,1.1736,1.17388,1.17304,1.1736,4871.0,2025-12-31 18:00:00
1767207600,1.17362,1.17432,1.17362,1.17408,2793.0,2025-12-31 19:00:00
1767211200,1.17407,1.1753,1.17402,1.1752,2296.0,2025-12-31 20:00:00
1767214800,1.17522,1.1753,1.1745,1.17459,1317.0,2025-12-31 21:00:00
1767304800,1.17498,1.17505,1.17474,1.17488,494.0,2026-01-01 22:00:00
1767308400,1.17487,1.1751,1.17458,1.1751,1189.0,2026-01-01 23:00:00
1767312000,1.1751,1.17564,1.17501,1.17564,1574.0,2026-01-02 00:00:00
1767315600,1.17564,1.17628,1.17564,1.1761,2791.0,2026-01-02 01:00:00
1767319200,1.1761,1.17638,1.17583,1.17594,1720.0,2026-01-02 02:00:00
1767322800,1.17594,1.1765,1.17592,1.17644,1527.0,2026-01-02 03:00:00
1767326400,1.17644,1.17648,1.17551,1.17556,1528.0,2026-01-02 04:00:00
1767330000,1.17556,1.17579,1.17508,1.17513,1468.0,2026-01-02 05:00:00
1767333600,1.17512,1.17516,1.17416,1.17438,2357.0,2026-01-02 06:00:00
1767337200,1.17437,1.17472,1.17322,1.17348,4823.0,2026-01-02 07:00:00
1767340800,1.17347,1.17384,1.17238,1.17286,7223.0,2026-01-02 08:00:00
1767344400,1.17286,1.17375,1.17206,1.17214,5942.0,2026-01-02 09:00:00
1767348000,1.17214,1.17236,1.17132,1.17211,4836.0,2026-01-02 10:00:00
1767351600,1.17211,1.17226,1.17152,1.1722,3949.0,2026-01-02 11:00:00
1767355200,1.17219,1.17272,1.17207,1.17237,3715.0,2026-01-02 12:00:00
1767358800,1.17238,1.1729,1.17182,1.17215,6541.0,2026-01-02 13:00:00
1767362400,1.17217,1.17308,1.17158,1.17286,6467.0,2026-01-02 14:00:00
1767366000,1.17284,1.17522,1.17283,1.17507,9129.0,2026-01-02 15:00:00
1767369600,1.17508,1.17545,1.17341,1.17375,6984.0,2026-01-02 16:00:00
1767373200,1.17374,1.17376,1.17286,1.17308,4798.0,2026-01-02 17:00:00
1767376800,1.17308,1.17314,1.17154,1.17192,4792.0,2026-01-02 18:00:00
1767380400,1.17191,1.17244,1.17144,1.17232,4435.0,2026-01-02 19:00:00
1767384000,1.17233,1.17238,1.17153,1.17178,3253.0,2026-01-02 20:00:00
1767387600,1.17176,1.17234,1.17174,1.17196,1823.0,2026-01-02 21:00:00
1767564000,1.17239,1.17239,1.17104,1.17116,1155.0,2026-01-04 22:00:00
1767567600,1.17118,1.1713,1.17004,1.17052,3174.0,2026-01-04 23:00:00
1767571200,1.17053,1.17111,1.17036,1.17051,5783.0,2026-01-05 00:00:00
1767574800,1.1705,1.17074,1.16996,1.17004,5351.0,2026-01-05 01:00:00
1767578400,1.17004,1.17016,1.1684,1.16888,4750.0,2026-01-05 02:00:00
1767582000,1.16888,1.16909,1.16722,1.16754,4058.0,2026-01-05 03:00:00
1767585600,1.16752,1.16831,1.16734,1.1682,3443.0,2026-01-05 04:00:00
1767589200,1.16819,1.1686,1.16805,1.16855,2503.0,2026-01-05 05:00:00
1767592800,1.16856,1.1692,1.16784,1.16912,3636.0,2026-01-05 06:00:00
1767596400,1.16913,1.16922,1.16836,1.16862,6073.0,2026-01-05 07:00:00
1767600000,1.1686,1.1695,1.1681,1.16834,7029.0,2026-01-05 08:00:00
1767603600,1.16834,1.16875,1.16739,1.16825,6254.0,2026-01-05 09:00:00
1767607200,1.16823,1.16902,1.16798,1.169,5867.0,2026-01-05 10:00:00
1767610800,1.169,1.1691,1.16803,1.16814,5444.0,2026-01-05 11:00:00
1767614400,1.16814,1.16852,1.16699,1.16708,5534.0,2026-01-05 12:00:00
1767618000,1.16709,1.16752,1.16592,1.16746,8858.0,2026-01-05 13:00:00
1767621600,1.16746,1.16874,1.16733,1.16852,9030.0,2026-01-05 14:00:00
1767625200,1.16852,1.17047,1.16852,1.17046,10322.0,2026-01-05 15:00:00
1767628800,1.17046,1.17187,1.1704,1.17149,7976.0,2026-01-05 16:00:00
1767632400,1.17148,1.17198,1.17101,1.17144,6496.0,2026-01-05 17:00:00
1767636000,1.17145,1.17254,1.17134,1.17251,3974.0,2026-01-05 18:00:00
1767639600,1.17252,1.17288,1.17222,1.17272,4138.0,2026-01-05 19:00:00
1767643200,1.17268,1.17288,1.17238,1.17248,2577.0,2026-01-05 20:00:00
1767646800,1.17248,1.17265,1.17196,1.17216,1631.0,2026-01-05 21:00:00
1767650400,1.17206,1.17232,1.17188,1.1719,440.0,2026-01-05 22:00:00
1767654000,1.17191,1.17218,1.17128,1.17146,1137.0,2026-01-05 23:00:00
1767657600,1.17146,1.1717,1.17106,1.17168,3183.0,2026-01-06 00:00:00
1767661200,1.17168,1.17254,1.17122,1.17254,4661.0,2026-01-06 01:00:00
1767664800,1.17256,1.1738,1.17222,1.17374,3116.0,2026-01-06 02:00:00
1767668400,1.17374,1.17384,1.17326,1.17346,2798.0,2026-01-06 03:00:00
1767672000,1.17347,1.17356,1.17315,1.17338,2457.0,2026-01-06 04:00:00
1767675600,1.17337,1.1737,1.17273,1.17288,2828.0,2026-01-06 05:00:00
1767679200,1.1729,1.17372,1.17286,1.17362,3031.0,2026-01-06 06:00:00
1767682800,1.1736,1.17429,1.17259,1.17291,4927.0,2026-01-06 07:00:00
1767686400,1.1729,1.1739,1.17261,1.17286,6632.0,2026-01-06 08:00:00
1767690000,1.17286,1.1729,1.1708,1.17133,6947.0,2026-01-06 09:00:00
1767693600,1.17132,1.17172,1.17082,1.17128,4772.0,2026-01-06 10:00:00
1767697200,1.17126,1.17131,1.1705,1.17062,4381.0,2026-01-06 11:00:00
1767700800,1.17062,1.17122,1.16972,1.17014,5268.0,2026-01-06 12:00:00
1767704400,1.17014,1.17137,1.16975,1.1711,7498.0,2026-01-06 13:00:00
1767708000,1.1711,1.17176,1.16992,1.17092,8688.0,2026-01-06 14:00:00
1767711600,1.17092,1.17092,1.1684,1.16953,10994.0,2026-01-06 15:00:00
1767715200,1.16953,1.16984,1.16859,1.16881,6724.0,2026-01-06 16:00:00
1767718800,1.16881,1.17008,1.1687,1.17007,3920.0,2026-01-06 17:00:00
1767722400,1.17008,1.17022,1.1687,1.16882,4657.0,2026-01-06 18:00:00
1767726000,1.16884,1.16912,1.1684,1.16897,5151.0,2026-01-06 19:00:00
1767729600,1.16898,1.16932,1.16866,1.1687,3355.0,2026-01-06 20:00:00
1767733200,1.16869,1.1689,1.16846,1.16888,1414.0,2026-01-06 21:00:00
1767736800,1.16865,1.1689,1.16852,1.1689,487.0,2026-01-06 22:00:00
1767740400,1.1689,1.16906,1.16868,1.16872,955.0,2026-01-06 23:00:00
1767744000,1.16874,1.16943,1.16854,1.16918,4101.0,2026-01-07 00:00:00
1767747600,1.16917,1.17006,1.169,1.16958,4699.0,2026-01-07 01:00:00
1767751200,1.16958,1.17027,1.16953,1.16963,2843.0,2026-01-07 02:00:00
1767754800,1.16962,1.17003,1.16961,1.16986,2248.0,2026-01-07 03:00:00
1767758400,1.16987,1.17022,1.1691,1.16912,3745.0,2026-01-07 04:00:00
1767762000,1.16912,1.16944,1.16909,1.16931,3000.0,2026-01-07 05:00:00
1767765600,1.16932,1.16998,1.16922,1.16976,2867.0,2026-01-07 06:00:00
1767769200,1.16976,1.1699,1.16786,1.16828,5287.0,2026-01-07 07:00:00
1767772800,1.16826,1.16874,1.16729,1.16859,6508.0,2026-01-07 08:00:00
1767776400,1.16858,1.1687,1.16813,1.16846,4997.0,2026-01-07 09:00:00
1767780000,1.16846,1.16938,1.16834,1.16886,5116.0,2026-01-07 10:00:00
1767783600,1.16886,1.16926,1.1685,1.16892,4489.0,2026-01-07 11:00:00
1767787200,1.16893,1.16913,1.16811,1.16878,4749.0,2026-01-07 12:00:00
1767790800,1.16878,1.16948,1.16825,1.16917,7127.0,2026-01-07 13:00:00
1767794400,1.16916,1.16984,1.16871,1.1697,7682.0,2026-01-07 14:00:00
1767798000,1.1696,1.16988,1.168,1.16902,14143.0,2026-01-07 15:00:00
1767801600,1.16902,1.16932,1.16822,1.16893,6002.0,2026-01-07 16:00:00
1767805200,1.16892,1.16949,1.16862,1.16879,4740.0,2026-01-07 17:00:00
1767808800,1.1688,1.16904,1.16824,1.1683,3616.0,2026-01-07 18:00:00
1767812400,1.16831,1.16854,1.16786,1.16824,3979.0,2026-01-07 19:00:00
1767816000,1.16824,1.16838,1.16789,1.16789,2776.0,2026-01-07 20:00:00
1767819600,1.16789,1.16792,1.16738,1.16759,1385.0,2026-01-07 21:00:00
1767823200,1.16751,1.16782,1.16751,1.16775,342.0,2026-01-07 22:00:00
1767826800,1.16776,1.16778,1.1675,1.16769,769.0,2026-01-07 23:00:00
1767830400,1.1677,1.16781,1.16758,1.16758,2455.0,2026-01-08 00:00:00
1767834000,1.16756,1.16781,1.16728,1.16748,3192.0,2026-01-08 01:00:00
1767837600,1.16748,1.16807,1.16728,1.16804,2904.0,2026-01-08 02:00:00
1767841200,1.16802,1.16828,1.1679,1.168,2164.0,2026-01-08 03:00:00
1767844800,1.168,1.16812,1.1678,1.16804,1958.0,2026-01-08 04:00:00
1767848400,1.16804,1.1683,1.16775,1.16825,2726.0,2026-01-08 05:00:00
1767852000,1.16824,1.1683,1.16748,1.16816,4459.0,2026-01-08 06:00:00
1767855600,1.16816,1.1683,1.1677,1.16778,4576.0,2026-01-08 07:00:00
1767859200,1.1678,1.1679,1.1669,1.16711,5643.0,2026-01-08 08:00:00
1767862800,1.16709,1.1677,1.16693,1.16768,4690.0,2026-01-08 09:00:00
1767866400,1.16768,1.1682,1.16758,1.16799,4440.0,2026-01-08 10:00:00
1767870000,1.16798,1.16802,1.16753,1.16776,3348.0,2026-01-08 11:00:00
1767873600,1.16776,1.16778,1.16697,1.16732,3837.0,2026-01-08 12:00:00
1767877200,1.16733,1.16779,1.16583,1.16628,6897.0,2026-01-08 13:00:00
1767880800,1.16627,1.16666,1.16563,1.16646,7699.0,2026-01-08 14:00:00
1767884400,1.16646,1.16738,1.16608,1.16664,7208.0,2026-01-08 15:00:00
1767888000,1.16665,1.16676,1.16524,1.16546,5799.0,2026-01-08 16:00:00
1767891600,1.16545,1.16556,1.16438,1.16508,4799.0,2026-01-08 17:00:00
1767895200,1.16506,1.16533,1.16448,1.16452,3418.0,2026-01-08 18:00:00
1767898800,1.1645,1.16506,1.16426,1.16501,3348.0,2026-01-08 19:00:00
1767902400,1.16502,1.16546,1.16498,1.16513,3509.0,2026-01-08 20:00:00
1767906000,1.16512,1.16628,1.16507,1.16589,2627.0,2026-01-08 21:00:00
1767909600,1.16574,1.16598,1.16568,1.16587,635.0,2026-01-08 22:00:00
1767913200,1.16589,1.16622,1.16565,1.16581,824.0,2026-01-08 23:00:00
1767916800,1.1658,1.1658,1.16535,1.16538,1934.0,2026-01-09 00:00:00
1767920400,1.16536,1.16572,1.16484,1.16492,3682.0,2026-01-09 01:00:00
1767924000,1.16493,1.16548,1.1646,1.16543,3213.0,2026-01-09 02:00:00
1767927600,1.16544,1.16592,1.16538,1.16562,3208.0,2026-01-09 03:00:00
1767931200,1.16562,1.1657,1.16519,1.16542,2111.0,2026-01-09 04:00:00
1767934800,1.16542,1.16562,1.16501,1.16511,2271.0,2026-01-09 05:00:00
1767938400,1.16512,1.16528,1.16484,1.1649,3281.0,2026-01-09 06:00:00
1767942000,1.1649,1.16508,1.164,1.16508,4552.0,2026-01-09 07:00:00
1767945600,1.16508,1.1653,1.16412,1.16492,5659.0,2026-01-09 08:00:00
1767949200,1.16492,1.16503,1.16423,1.16426,3817.0,2026-01-09 09:00:00
1767952800,1.16424,1.16468,1.1637,1.16467,3743.0,2026-01-09 10:00:00
1767956400,1.16468,1.1647,1.16417,1.16461,3121.0,2026-01-09 11:00:00
1767960000,1.16462,1.16462,1.16398,1.16414,4440.0,2026-01-09 12:00:00
1767963600,1.16415,1.16608,1.16256,1.16452,16711.0,2026-01-09 13:00:00
1767967200,1.1645,1.16526,1.163,1.16366,14939.0,2026-01-09 14:00:00
1767970800,1.16364,1.1641,1.16182,1.16405,13108.0,2026-01-09 15:00:00
1767974400,1.16406,1.16434,1.16282,1.16332,6785.0,2026-01-09 16:00:00
1767978000,1.16332,1.16346,1.16276,1.16316,4984.0,2026-01-09 17:00:00
1767981600,1.16318,1.164,1.1631,1.1634,3279.0,2026-01-09 18:00:00
1767985200,1.16341,1.16389,1.16332,1.16348,3038.0,2026-01-09 19:00:00
1767988800,1.16348,1.16379,1.16341,1.16347,1927.0,2026-01-09 20:00:00
1767992400,1.16348,1.16368,1.16296,1.16364,1610.0,2026-01-09 21:00:00
1768168800,1.1633,1.1635,1.16316,1.16332,540.0,2026-01-11 22:00:00
1768172400,1.16336,1.16354,1.16231,1.16238,1050.0,2026-01-11 23:00:00
1768176000,1.16237,1.16651,1.16217,1.16649,7862.0,2026-01-12 00:00:00
1768179600,1.16649,1.16714,1.16556,1.16562,6621.0,2026-01-12 01:00:00
1768183200,1.16562,1.16644,1.16538,1.16548,3666.0,2026-01-12 02:00:00
1768186800,1.16547,1.16593,1.16547,1.16552,2391.0,2026-01-12 03:00:00
1768190400,1.16553,1.16584,1.1653,1.16557,1954.0,2026-01-12 04:00:00
1768194000,1.16559,1.16712,1.16558,1.16692,2939.0,2026-01-12 05:00:00
1768197600,1.16691,1.16731,1.16643,1.16698,3546.0,2026-01-12 06:00:00
1768201200,1.16698,1.16878,1.16686,1.1685,6848.0,2026-01-12 07:00:00
1768204800,1.16848,1.16918,1.16759,1.16881,7107.0,2026-01-12 08:00:00
1768208400,1.1688,1.16959,1.16812,1.16818,5276.0,2026-01-12 09:00:00
1768212000,1.1682,1.16856,1.1676,1.16854,4467.0,2026-01-12 10:00:00
1768215600,1.16855,1.16895,1.16756,1.16786,4353.0,2026-01-12 11:00:00
1768219200,1.16786,1.16876,1.16772,1.16813,4874.0,2026-01-12 12:00:00
1768222800,1.16814,1.16985,1.16779,1.16929,7508.0,2026-01-12 13:00:00
1768226400,1.16928,1.1693,1.1674,1.16768,8827.0,2026-01-12 14:00:00
1768230000,1.16768,1.1686,1.16729,1.16812,6665.0,2026-01-12 15:00:00
1768233600,1.16812,1.16822,1.16713,1.16718,5650.0,2026-01-12 16:00:00
1768237200,1.16718,1.1676,1.16661,1.16686,5020.0,2026-01-12 17:00:00
1768240800,1.16686,1.16716,1.16653,1.1669,2986.0,2026-01-12 18:00:00
1768244400,1.16688,1.1674,1.1668,1.16721,2403.0,2026-01-12 19:00:00
1768248000,1.16722,1.16734,1.16631,1.16652,2629.0,2026-01-12 20:00:00
1768251600,1.16651,1.16691,1.16644,1.16668,1289.0,2026-01-12 21:00:00
1768255200,1.167,1.16704,1.16674,1.16688,1340.0,2026-01-12 22:00:00
1768258800,1.16688,1.16709,1.16656,1.16676,1694.0,2026-01-12 23:00:00
1768262400,1.16674,1.16676,1.16608,1.16636,2749.0,2026-01-13 00:00:00
1768266000,1.16637,1.16646,1.16562,1.16586,3429.0,2026-01-13 01:00:00
1768269600,1.16586,1.16614,1.16568,1.16591,2673.0,2026-01-13 02:00:00
1768273200,1.1659,1.16637,1.16565,1.16588,2045.0,2026-01-13 03:00:00
1768276800,1.16586,1.1666,1.16585,1.16654,2607.0,2026-01-13 04:00:00
1768280400,1.16656,1.16676,1.16618,1.16628,2340.0,2026-01-13 05:00:00
1768284000,1.16629,1.1663,1.16538,1.16588,3713.0,2026-01-13 06:00:00
1768287600,1.16587,1.1665,1.1656,1.16642,4791.0,2026-01-13 07:00:00
1768291200,1.1664,1.16694,1.16587,1.16693,5441.0,2026-01-13 08:00:00
1768294800,1.16692,1.16726,1.16636,1.1672,4250.0,2026-01-13 09:00:00
1768298400,1.16719,1.16746,1.16652,1.16664,4038.0,2026-01-13 10:00:00
1768302000,1.16664,1.16704,1.16646,1.16686,2609.0,2026-01-13 11:00:00
1768305600,1.16684,1.16691,1.16531,1.16552,4246.0,2026-01-13 12:00:00
1768309200,1.16552,1.1678,1.16502,1.16684,14372.0,2026-01-13 13:00:00
1768312800,1.16684,1.16734,1.16574,1.16638,11190.0,2026-01-13 14:00:00
1768316400,1.16638,1.1665,1.16442,1.1652,8663.0,2026-01-13 15:00:00
1768320000,1.16521,1.16546,1.16342,1.16457,6730.0,2026-01-13 16:00:00
1768323600,1.16458,1.16488,1.16412,1.16462,4862.0,2026-01-13 17:00:00
1768327200,1.16462,1.16546,1.16416,1.16533,3598.0,2026-01-13 18:00:00
1768330800,1.16534,1.16534,1.16462,1.16492,4028.0,2026-01-13 19:00:00
1768334400,1.16492,1.16499,1.16451,1.16456,3107.0,2026-01-13 20:00:00
1768338000,1.16454,1.16466,1.16426,1.16428,1402.0,2026-01-13 21:00:00
1768341600,1.16436,1.16454,1.16423,1.16447,797.0,2026-01-13 22:00:00
1768345200,1.16446,1.16456,1.1642,1.1642,931.0,2026-01-13 23:00:00
1768348800,1.1642,1.16437,1.1638,1.16429,2592.0,2026-01-14 00:00:00
1768352400,1.1643,1.16434,1.16368,1.16382,2614.0,2026-01-14 01:00:00
1768356000,1.16382,1.16444,1.16362,1.16436,2224.0,2026-01-14 02:00:00
1768359600,1.16438,1.1649,1.16436,1.1647,2035.0,2026-01-14 03:00:00
1768363200,1.1647,1.16482,1.16436,1.16441,1357.0,2026-01-14 04:00:00
1768366800,1.1644,1.16452,1.16417,1.1642,1840.0,2026-01-14 05:00:00
1768370400,1.1642,1.16502,1.16415,1.16492,2560.0,2026-01-14 06:00:00
1768374000,1.16491,1.1652,1.16446,1.16462,3487.0,2026-01-14 07:00:00
1768377600,1.16462,1.16504,1.1641,1.16476,6607.0,2026-01-14 08:00:00
1768381200,1.16475,1.16538,1.1646,1.16518,4396.0,2026-01-14 09:00:00
1768384800,1.16518,1.16579,1.16468,1.16551,4939.0,2026-01-14 10:00:00
1768388400,1.1655,1.1655,1.16438,1.1647,4457.0,2026-01-14 11:00:00
1768392000,1.16471,1.166,1.1645,1.16598,5738.0,2026-01-14 12:00:00
1768395600,1.16598,1.16598,1.16449,1.165,6498.0,2026-01-14 13:00:00
1768399200,1.16498,1.16598,1.16488,1.16558,9632.0,2026-01-14 14:00:00
1768402800,1.16559,1.16606,1.16494,1.166,10655.0,2026-01-14 15:00:00
1768406400,1.16598,1.16618,1.16526,1.16546,5981.0,2026-01-14 16:00:00
1768410000,1.16546,1.16558,1.16456,1.16468,4978.0,2026-01-14 17:00:00
1768413600,1.16468,1.16479,1.1638,1.1638,4275.0,2026-01-14 18:00:00
1768417200,1.16379,1.16394,1.16353,1.16362,3204.0,2026-01-14 19:00:00
1768420800,1.16363,1.16474,1.16363,1.16433,4512.0,2026-01-14 20:00:00
1768424400,1.1643,1.16465,1.16422,1.16454,1937.0,2026-01-14 21:00:00
1768428000,1.16469,1.1647,1.16444,1.1645,508.0,2026-01-14 22:00:00
1768431600,1.16448,1.16471,1.16445,1.1645,1333.0,2026-01-14 23:00:00
1768435200,1.16451,1.16456,1.16358,1.16378,3033.0,2026-01-15 00:00:00
1768438800,1.16377,1.16419,1.16333,1.16386,5293.0,2026-01-15 01:00:00
1768442400,1.16382,1.16409,1.16362,1.16403,2638.0,2026-01-15 02:00:00
1768446000,1.16402,1.16415,1.16368,1.16389,2191.0,2026-01-15 03:00:00
1768449600,1.1639,1.16394,1.16343,1.16346,1774.0,2026-01-15 04:00:00
1768453200,1.16346,1.1638,1.16336,1.16352,2826.0,2026-01-15 05:00:00
1768456800,1.16352,1.16385,1.163,1.16332,3735.0,2026-01-15 06:00:00
1768460400,1.16333,1.16366,1.1626,1.16289,5323.0,2026-01-15 07:00:00
1768464000,1.16288,1.16354,1.16269,1.16308,5214.0,2026-01-15 08:00:00
1768467600,1.16308,1.164,1.16304,1.16359,5951.0,2026-01-15 09:00:00
1768471200,1.16358,1.16411,1.16329,1.16358,4472.0,2026-01-15 10:00:00
1768474800,1.16356,1.16381,1.16302,1.16308,4021.0,2026-01-15 11:00:00
1768478400,1.16307,1.1635,1.16203,1.16228,4022.0,2026-01-15 12:00:00
1768482000,1.16229,1.16252,1.15988,1.16014,10161.0,2026-01-15 13:00:00
1768485600,1.16013,1.1611,1.15932,1.16012,9915.0,2026-01-15 14:00:00
1768489200,1.16012,1.16096,1.1597,1.16024,8231.0,2026-01-15 15:00:00
1768492800,1.16024,1.16112,1.15984,1.16047,5845.0,2026-01-15 16:00:00
1768496400,1.16046,1.16138,1.16036,1.1609,4405.0,2026-01-15 17:00:00
1768500000,1.1609,1.16153,1.1609,1.16149,3167.0,2026-01-15 18:00:00
1768503600,1.16148,1.16176,1.16114,1.16138,3919.0,2026-01-15 19:00:00
1768507200,1.1614,1.16155,1.16028,1.16043,3484.0,2026-01-15 20:00:00
1768510800,1.16042,1.16112,1.16034,1.16094,1631.0,2026-01-15 21:00:00
1768514400,1.16088,1.16098,1.16079,1.1608,745.0,2026-01-15 22:00:00
1768518000,1.16076,1.16104,1.16076,1.16092,749.0,2026-01-15 23:00:00
1768521600,1.16092,1.16096,1.16028,1.16038,2723.0,2026-01-16 00:00:00
1768525200,1.16036,1.16088,1.16024,1.1607,3174.0,2026-01-16 01:00:00
1768528800,1.1607,1.16142,1.16063,1.16096,3429.0,2026-01-16 02:00:00
1768532400,1.16097,1.16125,1.1607,1.16122,2322.0,2026-01-16 03:00:00
1768536000,1.16122,1.16138,1.16102,1.1611,1458.0,2026-01-16 04:00:00
1768539600,1.1611,1.16112,1.1606,1.16067,2541.0,2026-01-16 05:00:00
1768543200,1.16068,1.16098,1.16044,1.16096,2463.0,2026-01-16 06:00:00
1768546800,1.16094,1.16148,1.1608,1.16122,4943.0,2026-01-16 07:00:00
1768550400,1.16122,1.16148,1.16085,1.16094,5613.0,2026-01-16 08:00:00
1768554000,1.16094,1.16153,1.16081,1.16084,3826.0,2026-01-16 09:00:00
1768557600,1.16084,1.16176,1.16082,1.1613,4035.0,2026-01-16 10:00:00
1768561200,1.16131,1.16236,1.16129,1.16193,4492.0,2026-01-16 11:00:00
1768564800,1.16192,1.16223,1.16136,1.16192,4400.0,2026-01-16 12:00:00
1768568400,1.1619,1.1621,1.16116,1.16186,5315.0,2026-01-16 13:00:00
1768572000,1.16188,1.16208,1.16126,1.16182,6382.0,2026-01-16 14:00:00
1768575600,1.16183,1.16275,1.15845,1.15935,16101.0,2026-01-16 15:00:00
1768579200,1.15936,1.1606,1.15936,1.15983,8933.0,2026-01-16 16:00:00
1768582800,1.15984,1.1603,1.15948,1.15957,5504.0,2026-01-16 17:00:00
1768586400,1.15955,1.15993,1.15894,1.15955,4051.0,2026-01-16 18:00:00
1768590000,1.15956,1.15974,1.15915,1.15964,3700.0,2026-01-16 19:00:00
1768593600,1.15965,1.16023,1.15954,1.15994,2194.0,2026-01-16 20:00:00
1768597200,1.15994,1.16023,1.15976,1.15988,1707.0,2026-01-16 21:00:00
1768773600,1.15802,1.1587,1.15782,1.15844,1595.0,2026-01-18 22:00:00
1768777200,1.15848,1.1627,1.15792,1.16244,7394.0,2026-01-18 23:00:00
1768780800,1.16244,1.16378,1.16046,1.1632,9763.0,2026-01-19 00:00:00
1768784400,1.16321,1.16345,1.16221,1.16226,6211.0,2026-01-19 01:00:00
1768788000,1.16227,1.1624,1.16157,1.16176,4820.0,2026-01-19 02:00:00
1768791600,1.16178,1.16262,1.1616,1.16247,3474.0,2026-01-19 03:00:00
1768795200,1.16246,1.16337,1.16246,1.1633,2979.0,2026-01-19 04:00:00
1768798800,1.16331,1.16376,1.16268,1.16276,3291.0,2026-01-19 05:00:00
1768802400,1.16274,1.16326,1.1625,1.1628,3107.0,2026-01-19 06:00:00
1768806000,1.16282,1.16415,1.1623,1.16261,6565.0,2026-01-19 07:00:00
1768809600,1.16262,1.1628,1.16185,1.16251,5989.0,2026-01-19 08:00:00
1768813200,1.1625,1.16298,1.16112,1.16245,6263.0,2026-01-19 09:00:00
1768816800,1.16244,1.16286,1.16222,1.1624,4614.0,2026-01-19 10:00:00
1768820400,1.16241,1.16291,1.16202,1.1628,3591.0,2026-01-19 11:00:00
1768824000,1.16278,1.16334,1.16252,1.16257,3792.0,2026-01-19 12:00:00
1768827600,1.16258,1.16356,1.16258,1.16318,4593.0,2026-01-19 13:00:00
1768831200,1.16317,1.16426,1.16302,1.16397,4459.0,2026-01-19 14:00:00
1768834800,1.16398,1.16434,1.16318,1.16398,5268.0,2026-01-19 15:00:00
1768838400,1.16398,1.16475,1.16377,1.1642,3103.0,2026-01-19 16:00:00
1768842000,1.1642,1.16466,1.16396,1.16458,1887.0,2026-01-19 17:00:00
1768845600,1.16459,1.16489,1.16432,1.16432,1169.0,2026-01-19 18:00:00
1768849200,1.16431,1.1647,1.16426,1.16433,830.0,2026-01-19 19:00:00
1768852800,1.16432,1.16454,1.16419,1.16454,992.0,2026-01-19 20:00:00
1768856400,1.16454,1.16465,1.1643,1.1646,972.0,2026-01-19 21:00:00
1768860000,1.16427,1.1647,1.16427,1.16457,269.0,2026-01-19 22:00:00
1768863600,1.16461,1.16464,1.16385,1.16394,937.0,2026-01-19 23:00:00
1768867200,1.16394,1.16412,1.16326,1.16404,2688.0,2026-01-20 00:00:00
1768870800,1.16404,1.1644,1.1639,1.16438,4319.0,2026-01-20 01:00:00
1768874400,1.16438,1.16465,1.16406,1.16444,2452.0,2026-01-20 02:00:00
1768878000,1.16444,1.16588,1.16441,1.16566,3303.0,2026-01-20 03:00:00
1768881600,1.16568,1.16666,1.16561,1.16656,2905.0,2026-01-20 04:00:00
1768885200,1.16656,1.16727,1.1663,1.16632,3523.0,2026-01-20 05:00:00
1768888800,1.16633,1.1669,1.16622,1.16686,4702.0,2026-01-20 06:00:00
1768892400,1.16684,1.16938,1.16641,1.16888,8866.0,2026-01-20 07:00:00
1768896000,1.16888,1.17219,1.16872,1.17162,12246.0,2026-01-20 08:00:00
1768899600,1.17163,1.17328,1.17157,1.17262,9644.0,2026-01-20 09:00:00
1768903200,1.17262,1.17322,1.17153,1.1731,8500.0,2026-01-20 10:00:00
1768906800,1.17312,1.1739,1.17224,1.1735,6650.0,2026-01-20 11:00:00
1768910400,1.1735,1.17438,1.17256,1.1726,6919.0,2026-01-20 12:00:00
1768914000,1.17258,1.17693,1.17183,1.17334,18374.0,2026-01-20 13:00:00
1768917600,1.17334,1.1737,1.17152,1.17193,16354.0,2026-01-20 14:00:00
1768921200,1.17194,1.17372,1.17163,1.1727,12463.0,2026-01-20 15:00:00
1768924800,1.17271,1.17394,1.1727,1.17389,8650.0,2026-01-20 16:00:00
1768928400,1.17388,1.17428,1.17297,1.17316,6016.0,2026-01-20 17:00:00
1768932000,1.17315,1.17341,1.17264,1.17266,4558.0,2026-01-20 18:00:00
1768935600,1.17267,1.17279,1.17114,1.17124,6000.0,2026-01-20 19:00:00
1768939200,1.17124,1.17206,1.1711,1.17196,7321.0,2026-01-20 20:00:00
1768942800,1.17196,1.1727,1.17176,1.17268,1579.0,2026-01-20 21:00:00
1768946400,1.17245,1.17262,1.17212,1.17223,883.0,2026-01-20 22:00:00
1768950000,1.1722,1.17289,1.17218,1.17272,1111.0,2026-01-20 23:00:00
1768953600,1.1727,1.1727,1.17166,1.17237,3233.0,2026-01-21 00:00:00
1768957200,1.17238,1.17342,1.17228,1.1729,5147.0,2026-01-21 01:00:00
1768960800,1.1729,1.17318,1.17244,1.17264,3621.0,2026-01-21 02:00:00
1768964400,1.17269,1.17289,1.17106,1.1719,4151.0,2026-01-21 03:00:00
1768968000,1.17189,1.17205,1.17141,1.17182,3120.0,2026-01-21 04:00:00
1768971600,1.17181,1.17217,1.17156,1.17174,2810.0,2026-01-21 05:00:00
1768975200,1.17174,1.17252,1.17155,1.1724,3234.0,2026-01-21 06:00:00
1768978800,1.17238,1.17254,1.17101,1.1717,6815.0,2026-01-21 07:00:00
1768982400,1.1717,1.17187,1.1705,1.17103,6910.0,2026-01-21 08:00:00
1768986000,1.17101,1.17128,1.17013,1.17036,4961.0,2026-01-21 09:00:00
1768989600,1.17034,1.17086,1.17016,1.1707,4836.0,2026-01-21 10:00:00
1768993200,1.17068,1.17203,1.1704,1.17141,5640.0,2026-01-21 11:00:00
1768996800,1.17142,1.17358,1.17122,1.17349,5970.0,2026-01-21 12:00:00
1769000400,1.1735,1.1743,1.17286,1.17397,7495.0,2026-01-21 13:00:00
1769004000,1.17398,1.17408,1.17152,1.17248,19286.0,2026-01-21 14:00:00
1769007600,1.17247,1.17285,1.17006,1.1702,13129.0,2026-01-21 15:00:00
1769011200,1.1702,1.17107,1.16948,1.17033,10460.0,2026-01-21 16:00:00
1769014800,1.17034,1.17116,1.16972,1.1703,7939.0,2026-01-21 17:00:00
1769018400,1.17028,1.17034,1.16937,1.1697,5030.0,2026-01-21 18:00:00
1769022000,1.1697,1.17053,1.16772,1.16914,12349.0,2026-01-21 19:00:00
1769025600,1.16916,1.1692,1.16762,1.16869,6615.0,2026-01-21 20:00:00
1769029200,1.16869,1.16896,1.1684,1.16876,1777.0,2026-01-21 21:00:00
1769032800,1.16854,1.16877,1.16842,1.16852,1025.0,2026-01-21 22:00:00
1769036400,1.16855,1.16856,1.16698,1.1673,1762.0,2026-01-21 23:00:00
1769040000,1.1673,1.16898,1.16729,1.16874,4528.0,2026-01-22 00:00:00
1769043600,1.16872,1.16902,1.16814,1.16888,4379.0,2026-01-22 01:00:00
1769047200,1.16888,1.16936,1.16835,1.16857,3078.0,2026-01-22 02:00:00
1769050800,1.16856,1.16904,1.1685,1.16889,1847.0,2026-01-22 03:00:00
1769054400,1.1689,1.16973,1.16889,1.16916,2218.0,2026-01-22 04:00:00
1769058000,1.16914,1.1692,1.16842,1.16882,2574.0,2026-01-22 05:00:00
1769061600,1.16884,1.16918,1.16842,1.16885,3424.0,2026-01-22 06:00:00
1769065200,1.16884,1.16962,1.16848,1.16904,5351.0,2026-01-22 07:00:00
1769068800,1.16902,1.1695,1.16842,1.1689,6289.0,2026-01-22 08:00:00
1769072400,1.16894,1.16974,1.16878,1.16926,5411.0,2026-01-22 09:00:00
1769076000,1.16927,1.16956,1.16866,1.16953,4055.0,2026-01-22 10:00:00
1769079600,1.16954,1.17041,1.16904,1.17024,6952.0,2026-01-22 11:00:00
1769083200,1.17022,1.17092,1.17001,1.17038,5092.0,2026-01-22 12:00:00
1769086800,1.17038,1.17187,1.1703,1.17139,8339.0,2026-01-22 13:00:00
1769090400,1.17138,1.17256,1.17108,1.17202,8801.0,2026-01-22 14:00:00
1769094000,1.17204,1.17342,1.17185,1.1734,8503.0,2026-01-22 15:00:00
1769097600,1.1734,1.17508,1.17334,1.17388,7701.0,2026-01-22 16:00:00
1769101200,1.17386,1.1748,1.17275,1.17464,6678.0,2026-01-22 17:00:00
1769104800,1.17463,1.17488,1.17432,1.17475,3446.0,2026-01-22 18:00:00
1769108400,1.17474,1.1748,1.17412,1.17441,3139.0,2026-01-22 19:00:00
1769112000,1.17442,1.1753,1.17422,1.1749,2769.0,2026-01-22 20:00:00
1769115600,1.17486,1.17566,1.17473,1.17552,1967.0,2026-01-22 21:00:00
1769119200,1.17528,1.17566,1.17516,1.17562,521.0,2026-01-22 22:00:00
1769122800,1.17561,1.17592,1.17534,1.17538,1212.0,2026-01-22 23:00:00
1769126400,1.17538,1.17538,1.17479,1.17481,2824.0,2026-01-23 00:00:00
1769130000,1.1748,1.17538,1.1747,1.17494,4603.0,2026-01-23 01:00:00
1769133600,1.17493,1.17502,1.1744,1.17454,2966.0,2026-01-23 02:00:00
1769137200,1.17453,1.17488,1.17436,1.17436,3224.0,2026-01-23 03:00:00
1769140800,1.17436,1.1751,1.17432,1.17498,1853.0,2026-01-23 04:00:00
1769144400,1.17499,1.1754,1.17498,1.1751,2450.0,2026-01-23 05:00:00
1769148000,1.1751,1.1753,1.17414,1.17419,4619.0,2026-01-23 06:00:00
1769151600,1.1742,1.17474,1.17349,1.1736,10532.0,2026-01-23 07:00:00
1769155200,1.17358,1.17452,1.17283,1.174,8895.0,2026-01-23 08:00:00
1769158800,1.174,1.17452,1.17351,1.17354,6547.0,2026-01-23 09:00:00
1769162400,1.17354,1.1736,1.173,1.17346,4671.0,2026-01-23 10:00:00
1769166000,1.17347,1.17406,1.17308,1.17374,5012.0,2026-01-23 11:00:00
1769169600,1.17374,1.17444,1.17365,1.17424,4201.0,2026-01-23 12:00:00
1769173200,1.17425,1.17473,1.17328,1.17341,4804.0,2026-01-23 13:00:00
1769176800,1.17342,1.17482,1.17319,1.17463,6330.0,2026-01-23 14:00:00
1769180400,1.17462,1.17616,1.17459,1.17582,7279.0,2026-01-23 15:00:00
1769184000,1.17583,1.17753,1.17464,1.17706,9086.0,2026-01-23 16:00:00
1769187600,1.17706,1.1799,1.1769,1.17944,14049.0,2026-01-23 17:00:00
1769191200,1.17944,1.17957,1.17772,1.17922,9121.0,2026-01-23 18:00:00
1769194800,1.17922,1.1815,1.17916,1.18117,7463.0,2026-01-23 19:00:00
1769198400,1.18118,1.18264,1.18101,1.18214,6307.0,2026-01-23 20:00:00
1769202000,1.18214,1.18339,1.18211,1.18277,4014.0,2026-01-23 21:00:00
1769378400,1.18635,1.18931,1.1851,1.189,3169.0,2026-01-25 22:00:00
1769382000,1.18896,1.18977,1.18544,1.18604,8811.0,2026-01-25 23:00:00
1769385600,1.18603,1.18632,1.18444,1.18612,10737.0,2026-01-26 00:00:00
1769389200,1.18613,1.18692,1.18548,1.18578,11018.0,2026-01-26 01:00:00
1769392800,1.18578,1.18766,1.18558,1.18676,8786.0,2026-01-26 02:00:00
1769396400,1.18677,1.18678,1.18582,1.18624,5764.0,2026-01-26 03:00:00
1769400000,1.18626,1.18694,1.18554,1.18592,5862.0,2026-01-26 04:00:00
1769403600,1.18591,1.187,1.18582,1.1865,4599.0,2026-01-26 05:00:00
1769407200,1.1865,1.18656,1.18505,1.18517,6440.0,2026-01-26 06:00:00
1769410800,1.18517,1.18628,1.18365,1.18388,9530.0,2026-01-26 07:00:00
1769414400,1.18388,1.18598,1.18382,1.18536,11476.0,2026-01-26 08:00:00
1769418000,1.18536,1.18674,1.18418,1.18637,10073.0,2026-01-26 09:00:00
1769421600,1.18638,1.18653,1.18536,1.18608,6483.0,2026-01-26 10:00:00
1769425200,1.18607,1.18607,1.18486,1.18559,6261.0,2026-01-26 11:00:00
1769428800,1.1856,1.18571,1.18401,1.18422,6039.0,2026-01-26 12:00:00
1769432400,1.18422,1.18568,1.1835,1.1856,7824.0,2026-01-26 13:00:00
1769436000,1.1856,1.18796,1.18526,1.1879,10275.0,2026-01-26 14:00:00
1769439600,1.18791,1.1897,1.18706,1.18954,10543.0,2026-01-26 15:00:00
1769443200,1.18954,1.19072,1.188,1.18859,10779.0,2026-01-26 16:00:00
1769446800,1.1886,1.18914,1.18748,1.18788,7479.0,2026-01-26 17:00:00
1769450400,1.18788,1.18904,1.18782,1.18791,7086.0,2026-01-26 18:00:00
1769454000,1.1879,1.18816,1.18706,1.18792,7347.0,2026-01-26 19:00:00
1769457600,1.18794,1.18837,1.18774,1.18826,4882.0,2026-01-26 20:00:00
1769461200,1.18826,1.18864,1.1874,1.188,2394.0,2026-01-26 21:00:00
1769464800,1.18767,1.18788,1.18756,1.18773,1099.0,2026-01-26 22:00:00
1769468400,1.18774,1.18816,1.18716,1.18738,1910.0,2026-01-26 23:00:00
1769472000,1.18736,1.18826,1.18725,1.18772,5199.0,2026-01-27 00:00:00
1769475600,1.18771,1.18815,1.18734,1.18788,5576.0,2026-01-27 01:00:00
1769479200,1.18788,1.18996,1.18762,1.18933,4683.0,2026-01-27 02:00:00
1769482800,1.18933,1.18933,1.18793,1.18796,4080.0,2026-01-27 03:00:00
1769486400,1.18798,1.18825,1.187,1.18734,3112.0,2026-01-27 04:00:00
1769490000,1.18734,1.18786,1.18719,1.18766,3243.0,2026-01-27 05:00:00
1769493600,1.18767,1.18814,1.18708,1.1872,4228.0,2026-01-27 06:00:00
1769497200,1.18719,1.18756,1.1861,1.18638,6572.0,2026-01-27 07:00:00
1769500800,1.18639,1.18672,1.18504,1.18608,7297.0,2026-01-27 08:00:00
1769504400,1.18606,1.18898,1.18589,1.18891,8125.0,2026-01-27 09:00:00
1769508000,1.1889,1.189,1.18742,1.18888,9335.0,2026-01-27 10:00:00
1769511600,1.1889,1.18972,1.18854,1.18954,5683.0,2026-01-27 11:00:00
1769515200,1.18955,1.19344,1.18942,1.19281,13802.0,2026-01-27 12:00:00
1769518800,1.19282,1.19386,1.19142,1.19234,14317.0,2026-01-27 13:00:00
1769522400,1.19234,1.19558,1.19184,1.19439,15502.0,2026-01-27 14:00:00
1769526000,1.19438,1.19726,1.19438,1.19508,16618.0,2026-01-27 15:00:00
1769529600,1.19507,1.19902,1.19497,1.19792,13257.0,2026-01-27 16:00:00
1769533200,1.19792,1.19837,1.19587,1.198,11508.0,2026-01-27 17:00:00
1769536800,1.198,1.19874,1.19717,1.19778,8605.0,2026-01-27 18:00:00
1769540400,1.19776,1.19808,1.19712,1.19772,5896.0,2026-01-27 19:00:00
1769544000,1.19772,1.20831,1.19718,1.20295,25783.0,2026-01-27 20:00:00
1769547600,1.20294,1.205,1.20232,1.20409,15660.0,2026-01-27 21:00:00
1769551200,1.20395,1.20435,1.20372,1.20428,1272.0,2026-01-27 22:00:00
1769554800,1.2043,1.20475,1.20165,1.20231,4409.0,2026-01-27 23:00:00
1769558400,1.20231,1.20236,1.2008,1.20151,8892.0,2026-01-28 00:00:00
1769562000,1.20152,1.2016,1.19928,1.19929,8207.0,2026-01-28 01:00:00
1769565600,1.19928,1.2,1.19872,1.19975,6014.0,2026-01-28 02:00:00
1769569200,1.19977,1.2005,1.19953,1.1997,3915.0,2026-01-28 03:00:00
1769572800,1.19971,1.20018,1.19915,1.20002,3265.0,2026-01-28 04:00:00
1769576400,1.2,1.2001,1.19748,1.1997,8427.0,2026-01-28 05:00:00
1769580000,1.1997,1.20071,1.19904,1.19952,5772.0,2026-01-28 06:00:00
1769583600,1.19954,1.20259,1.19844,1.19914,11002.0,2026-01-28 07:00:00
1769587200,1.19914,1.20049,1.19704,1.19805,12608.0,2026-01-28 08:00:00
1769590800,1.19806,1.19929,1.1975,1.19869,9180.0,2026-01-28 09:00:00
1769594400,1.1987,1.1995,1.19726,1.1989,8285.0,2026-01-28 10:00:00
1769598000,1.19892,1.19896,1.19618,1.19681,7192.0,2026-01-28 11:00:00
1769601600,1.19681,1.19836,1.1966,1.19798,7462.0,2026-01-28 12:00:00
1769605200,1.19798,1.19808,1.1952,1.19576,9828.0,2026-01-28 13:00:00
1769608800,1.19578,1.19776,1.19526,1.19626,10710.0,2026-01-28 14:00:00
1769612400,1.19627,1.19704,1.1923,1.19434,33548.0,2026-01-28 15:00:00
1769616000,1.19436,1.19526,1.19186,1.19406,14381.0,2026-01-28 16:00:00
1769619600,1.19406,1.19433,1.1928,1.1941,6668.0,2026-01-28 17:00:00
1769623200,1.1941,1.19423,1.19145,1.19222,7352.0,2026-01-28 18:00:00
1769626800,1.19222,1.19418,1.18958,1.19405,25762.0,2026-01-28 19:00:00
1769630400,1.19406,1.19502,1.19295,1.19457,10258.0,2026-01-28 20:00:00
1769634000,1.19457,1.19542,1.19417,1.19538,3274.0,2026-01-28 21:00:00
1769637600,1.19556,1.19568,1.19548,1.1956,467.0,2026-01-28 22:00:00
1769641200,1.19561,1.19811,1.19526,1.1981,4315.0,2026-01-28 23:00:00
1769644800,1.19808,1.19852,1.1969,1.19736,6711.0,2026-01-29 00:00:00
1769648400,1.19735,1.19735,1.19568,1.19614,7110.0,2026-01-29 01:00:00
1769652000,1.19614,1.19758,1.19532,1.19732,5609.0,2026-01-29 02:00:00
1769655600,1.1973,1.19868,1.19706,1.19866,4752.0,2026-01-29 03:00:00
1769659200,1.19866,1.19907,1.19752,1.199,5039.0,2026-01-29 04:00:00
1769662800,1.19898,1.19938,1.19806,1.19812,3984.0,2026-01-29 05:00:00
1769666400,1.19812,1.19892,1.19753,1.19846,5328.0,2026-01-29 06:00:00
1769670000,1.19846,1.19966,1.19672,1.1974,8627.0,2026-01-29 07:00:00
1769673600,1.1974,1.19858,1.19615,1.19686,11292.0,2026-01-29 08:00:00
1769677200,1.19684,1.19742,1.19515,1.19558,8401.0,2026-01-29 09:00:00
1769680800,1.1956,1.1958,1.19388,1.19424,8091.0,2026-01-29 10:00:00
1769684400,1.19426,1.1953,1.19382,1.1947,6825.0,2026-01-29 11:00:00
1769688000,1.19471,1.19623,1.1942,1.19613,6485.0,2026-01-29 12:00:00
1769691600,1.19612,1.19708,1.19402,1.19562,13955.0,2026-01-29 13:00:00
1769695200,1.19564,1.19714,1.19521,1.19704,14484.0,2026-01-29 14:00:00
1769698800,1.19704,1.19725,1.19062,1.19295,36828.0,2026-01-29 15:00:00
1769702400,1.19294,1.1953,1.19272,1.19426,18965.0,2026-01-29 16:00:00
1769706000,1.19426,1.19616,1.19426,1.19558,14312.0,2026-01-29 17:00:00
1769709600,1.19556,1.1965,1.19485,1.19579,9783.0,2026-01-29 18:00:00
1769713200,1.19578,1.19606,1.19502,1.19515,6727.0,2026-01-29 19:00:00
1769716800,1.19513,1.19684,1.19458,1.19648,5084.0,2026-01-29 20:00:00
1769720400,1.19649,1.19714,1.1962,1.19707,3094.0,2026-01-29 21:00:00
1769724000,1.19693,1.19705,1.19665,1.19704,691.0,2026-01-29 22:00:00
1769727600,1.19698,1.19748,1.19652,1.19674,2148.0,2026-01-29 23:00:00
1769731200,1.19674,1.19733,1.19301,1.1932,11037.0,2026-01-30 00:00:00
1769734800,1.1932,1.19399,1.19142,1.1917,14841.0,2026-01-30 01:00:00
1769738400,1.19171,1.19266,1.18946,1.19187,19239.0,2026-01-30 02:00:00
1769742000,1.19189,1.19231,1.19132,1.19201,8715.0,2026-01-30 03:00:00
1769745600,1.19198,1.19345,1.1919,1.19244,5477.0,2026-01-30 04:00:00
1769749200,1.19244,1.19351,1.19146,1.19248,6250.0,2026-01-30 05:00:00
1769752800,1.19247,1.19332,1.1914,1.1919,11248.0,2026-01-30 06:00:00
1769756400,1.19189,1.19426,1.19148,1.19377,13034.0,2026-01-30 07:00:00
1769760000,1.1938,1.19434,1.19234,1.19331,12129.0,2026-01-30 08:00:00
1769763600,1.19332,1.19384,1.18982,1.19083,14133.0,2026-01-30 09:00:00
1769767200,1.19078,1.19253,1.19047,1.19213,10283.0,2026-01-30 10:00:00
1769770800,1.19213,1.19504,1.19208,1.19491,9861.0,2026-01-30 11:00:00
1769774400,1.1949,1.19546,1.19152,1.19194,9999.0,2026-01-30 12:00:00
1769778000,1.19194,1.19246,1.19018,1.19128,15879.0,2026-01-30 13:00:00
1769781600,1.19128,1.19213,1.19011,1.19062,15795.0,2026-01-30 14:00:00
1769785200,1.19062,1.19062,1.1883,1.18952,22724.0,2026-01-30 15:00:00
1769788800,1.18952,1.18974,1.18716,1.18862,15554.0,2026-01-30 16:00:00
1769792400,1.1886,1.18876,1.18667,1.18724,12984.0,2026-01-30 17:00:00
1769796000,1.18724,1.18844,1.18545,1.18785,17220.0,2026-01-30 18:00:00
1769799600,1.18784,1.1885,1.18644,1.18693,11678.0,2026-01-30 19:00:00
1769803200,1.1869,1.18691,1.1853,1.1853,7814.0,2026-01-30 20:00:00
1769806800,1.1853,1.18566,1.185,1.18506,4030.0,2026-01-30 21:00:00
1769983200,1.1851,1.18536,1.18464,1.18505,1311.0,2026-02-01 22:00:00
1769986800,1.18506,1.18568,1.18398,1.18463,8212.0,2026-02-01 23:00:00
1769990400,1.18464,1.18748,1.18464,1.18666,12289.0,2026-02-02 00:00:00
1769994000,1.18666,1.18726,1.18528,1.18706,13780.0,2026-02-02 01:00:00
1769997600,1.1871,1.18748,1.18632,1.18632,9566.0,2026-02-02 02:00:00
1770001200,1.18632,1.18719,1.1863,1.18641,6844.0,2026-02-02 03:00:00
1770004800,1.18642,1.18727,1.1858,1.18633,6607.0,2026-02-02 04:00:00
1770008400,1.18632,1.18638,1.1841,1.18508,6285.0,2026-02-02 05:00:00
1770012000,1.18507,1.18546,1.18432,1.18539,11196.0,2026-02-02 06:00:00
1770015600,1.1854,1.18635,1.18516,1.18536,11722.0,2026-02-02 07:00:00
1770019200,1.18538,1.18668,1.18436,1.1851,12402.0,2026-02-02 08:00:00
1770022800,1.18508,1.18652,1.18446,1.18623,10840.0,2026-02-02 09:00:00
1770026400,1.18622,1.18704,1.18588,1.18648,9232.0,2026-02-02 10:00:00
1770030000,1.18647,1.18714,1.18606,1.18647,7273.0,2026-02-02 11:00:00
1770033600,1.18644,1.18701,1.1843,1.18499,8963.0,2026-02-02 12:00:00
1770037200,1.185,1.18506,1.1818,1.1821,12889.0,2026-02-02 13:00:00
1770040800,1.1821,1.183,1.18054,1.1821,14445.0,2026-02-02 14:00:00
1770044400,1.182,1.182,1.17905,1.17923,21153.0,2026-02-02 15:00:00
1770048000,1.17924,1.1808,1.17904,1.18065,12746.0,2026-02-02 16:00:00
1770051600,1.18066,1.18125,1.17949,1.18,10069.0,2026-02-02 17:00:00
1770055200,1.18002,1.18013,1.17777,1.17796,9048.0,2026-02-02 18:00:00
1770058800,1.17798,1.17915,1.1776,1.17888,6959.0,2026-02-02 19:00:00
1770062400,1.17888,1.17922,1.17804,1.17914,5515.0,2026-02-02 20:00:00
1770066000,1.17915,1.17946,1.17887,1.17904,2288.0,2026-02-02 21:00:00
1770069600,1.1788,1.17932,1.1788,1.17902,3042.0,2026-02-02 22:00:00
1770073200,1.179,1.1799,1.17874,1.1799,2141.0,2026-02-02 23:00:00
1770076800,1.1799,1.18071,1.17982,1.18064,4306.0,2026-02-03 00:00:00
1770080400,1.18066,1.18149,1.18016,1.1814,5505.0,2026-02-03 01:00:00
1770084000,1.18139,1.18144,1.18008,1.18016,3889.0,2026-02-03 02:00:00
1770087600,1.18016,1.18128,1.1801,1.18095,5351.0,2026-02-03 03:00:00
1770091200,1.18094,1.18168,1.18088,1.18094,3505.0,2026-02-03 04:00:00
1770094800,1.18093,1.18132,1.18049,1.18088,3433.0,2026-02-03 05:00:00
1770098400,1.1809,1.18164,1.18078,1.18138,4056.0,2026-02-03 06:00:00
1770102000,1.18137,1.18244,1.181,1.18152,7854.0,2026-02-03 07:00:00
1770105600,1.18152,1.18196,1.18038,1.18129,8523.0,2026-02-03 08:00:00
1770109200,1.1813,1.18162,1.17921,1.17922,9046.0,2026-02-03 09:00:00
1770112800,1.17922,1.18,1.17868,1.17871,5917.0,2026-02-03 10:00:00
1770116400,1.17872,1.1795,1.17826,1.17872,6318.0,2026-02-03 11:00:00
1770120000,1.17872,1.18002,1.17868,1.17966,6387.0,2026-02-03 12:00:00
1770123600,1.17966,1.18068,1.17926,1.17961,8806.0,2026-02-03 13:00:00
1770127200,1.17961,1.18014,1.178,1.17911,11286.0,2026-02-03 14:00:00
1770130800,1.1791,1.18137,1.17862,1.1813,12778.0,2026-02-03 15:00:00
1770134400,1.18131,1.18214,1.18104,1.18178,9360.0,2026-02-03 16:00:00
1770138000,1.18178,1.18292,1.18138,1.18162,9381.0,2026-02-03 17:00:00
1770141600,1.18162,1.18224,1.1809,1.1809,7666.0,2026-02-03 18:00:00
1770145200,1.1809,1.18172,1.18058,1.18135,6483.0,2026-02-03 19:00:00
1770148800,1.18136,1.1822,1.18095,1.18212,4560.0,2026-02-03 20:00:00
1770152400,1.1821,1.18254,1.1818,1.1818,2203.0,2026-02-03 21:00:00
1770156000,1.18182,1.18208,1.18158,1.18182,2505.0,2026-02-03 22:00:00
1770159600,1.18181,1.18206,1.18122,1.18157,1394.0,2026-02-03 23:00:00
1770163200,1.18154,1.18174,1.18088,1.18144,4068.0,2026-02-04 00:00:00
1770166800,1.18144,1.1832,1.18124,1.1826,7031.0,2026-02-04 01:00:00
1770170400,1.18261,1.18318,1.1819,1.18222,4405.0,2026-02-04 02:00:00
1770174000,1.18223,1.18281,1.18208,1.18272,3275.0,2026-02-04 03:00:00
1770177600,1.1827,1.1836,1.18254,1.18355,2649.0,2026-02-04 04:00:00
1770181200,1.18356,1.18362,1.18308,1.1833,2730.0,2026-02-04 05:00:00
1770184800,1.18332,1.18362,1.18288,1.18298,4186.0,2026-02-04 06:00:00
1770188400,1.183,1.1834,1.1824,1.18321,6146.0,2026-02-04 07:00:00
1770192000,1.1832,1.1838,1.18238,1.18288,7936.0,2026-02-04 08:00:00
1770195600,1.18288,1.18326,1.18112,1.18136,6723.0,2026-02-04 09:00:00
1770199200,1.18136,1.18179,1.18048,1.18134,5778.0,2026-02-04 10:00:00
1770202800,1.18135,1.18155,1.18058,1.18103,5854.0,2026-02-04 11:00:00
1770206400,1.18102,1.1825,1.18097,1.18216,5205.0,2026-02-04 12:00:00
1770210000,1.18217,1.18273,1.18113,1.18226,10134.0,2026-02-04 13:00:00
1770213600,1.18226,1.18258,1.18026,1.1815,13065.0,2026-02-04 14:00:00
1770217200,1.18148,1.18222,1.17934,1.17963,14572.0,2026-02-04 15:00:00
1770220800,1.17964,1.18058,1.17906,1.18026,11445.0,2026-02-04 16:00:00
1770224400,1.18027,1.1815,1.17941,1.17978,11451.0,2026-02-04 17:00:00
1770228000,1.17976,1.18017,1.17948,1.18009,7411.0,2026-02-04 18:00:00
1770231600,1.1801,1.18096,1.17947,1.18092,8075.0,2026-02-04 19:00:00
1770235200,1.18091,1.18098,1.18016,1.18037,3572.0,2026-02-04 20:00:00
1770238800,1.18038,1.1808,1.18024,1.18055,2415.0,2026-02-04 21:00:00
1770242400,1.18058,1.18077,1.18047,1.18066,683.0,2026-02-04 22:00:00
1770246000,1.18067,1.1808,1.18002,1.18016,1553.0,2026-02-04 23:00:00
1770249600,1.18016,1.18047,1.17995,1.18044,2999.0,2026-02-05 00:00:00
1770253200,1.18045,1.18084,1.1802,1.18038,4603.0,2026-02-05 01:00:00
1770256800,1.18039,1.18054,1.17847,1.17856,7618.0,2026-02-05 02:00:00
1770260400,1.17857,1.17911,1.17828,1.17894,5906.0,2026-02-05 03:00:00
1770264000,1.17894,1.17911,1.17866,1.17876,3212.0,2026-02-05 04:00:00
1770267600,1.17877,1.17904,1.17844,1.17901,3051.0,2026-02-05 05:00:00
1770271200,1.17902,1.17918,1.17847,1.17906,4860.0,2026-02-05 06:00:00
1770274800,1.17906,1.18036,1.17905,1.1799,6896.0,2026-02-05 07:00:00
1770278400,1.17988,1.18088,1.17954,1.1803,8547.0,2026-02-05 08:00:00
1770282000,1.1803,1.1803,1.17804,1.17808,7730.0,2026-02-05 09:00:00
1770285600,1.17808,1.17919,1.17804,1.17878,4801.0,2026-02-05 10:00:00
1770289200,1.17878,1.17954,1.17862,1.17938,4508.0,2026-02-05 11:00:00
1770292800,1.17939,1.18036,1.17854,1.17996,14339.0,2026-02-05 12:00:00
1770296400,1.17996,1.18155,1.17912,1.18118,16660.0,2026-02-05 13:00:00
1770300000,1.18117,1.18218,1.17956,1.1798,18664.0,2026-02-05 14:00:00
1770303600,1.17981,1.18118,1.1782,1.17913,19481.0,2026-02-05 15:00:00
1770307200,1.17916,1.18036,1.17852,1.18014,11180.0,2026-02-05 16:00:00
1770310800,1.18013,1.18043,1.1796,1.18009,7407.0,2026-02-05 17:00:00
1770314400,1.1801,1.18029,1.1792,1.17935,4807.0,2026-02-05 18:00:00
1770318000,1.17934,1.17974,1.17926,1.17942,3949.0,2026-02-05 19:00:00
1770321600,1.17942,1.17948,1.17798,1.17809,4568.0,2026-02-05 20:00:00
1770325200,1.17807,1.17843,1.1775,1.17792,3223.0,2026-02-05 21:00:00
1770328800,1.17776,1.17826,1.17776,1.17812,1159.0,2026-02-05 22:00:00
1770332400,1.17818,1.17818,1.17751,1.17765,2316.0,2026-02-05 23:00:00
1770336000,1.17766,1.17834,1.17656,1.1783,6157.0,2026-02-06 00:00:00
1770339600,1.1783,1.17884,1.17787,1.17853,6697.0,2026-02-06 01:00:00
1770343200,1.17852,1.17918,1.17846,1.17876,4197.0,2026-02-06 02:00:00
1770346800,1.17877,1.17906,1.17858,1.17876,2743.0,2026-02-06 03:00:00
1770350400,1.17878,1.17964,1.17873,1.17954,2237.0,2026-02-06 04:00:00
1770354000,1.17954,1.18014,1.17948,1.17984,3084.0,2026-02-06 05:00:00
1770357600,1.17983,1.1802,1.17944,1.17972,4611.0,2026-02-06 06:00:00
1770361200,1.17972,1.17978,1.17887,1.17914,5211.0,2026-02-06 07:00:00
1770364800,1.17914,1.17958,1.17858,1.17922,7184.0,2026-02-06 08:00:00
1770368400,1.17922,1.17983,1.17901,1.1792,6118.0,2026-02-06 09:00:00
1770372000,1.1792,1.17998,1.17899,1.17922,4414.0,2026-02-06 10:00:00
1770375600,1.1792,1.17934,1.17857,1.17902,4880.0,2026-02-06 11:00:00
1770379200,1.17902,1.17932,1.17884,1.17928,4237.0,2026-02-06 12:00:00
1770382800,1.17927,1.18112,1.17924,1.18104,6416.0,2026-02-06 13:00:00
1770386400,1.18104,1.18262,1.181,1.18211,8979.0,2026-02-06 14:00:00
1770390000,1.18209,1.1824,1.18052,1.18193,10297.0,2026-02-06 15:00:00
1770393600,1.18192,1.18218,1.18101,1.18122,7464.0,2026-02-06 16:00:00
1770397200,1.18121,1.18208,1.18104,1.1818,4681.0,2026-02-06 17:00:00
1770400800,1.1818,1.18228,1.18174,1.18191,3306.0,2026-02-06 18:00:00
1770404400,1.1819,1.18214,1.18146,1.18194,2963.0,2026-02-06 19:00:00
1770408000,1.18195,1.18229,1.18184,1.18222,2336.0,2026-02-06 20:00:00
1770411600,1.18222,1.18241,1.18134,1.18168,1859.0,2026-02-06 21:00:00
1770588000,1.18126,1.18167,1.18126,1.18164,780.0,2026-02-08 22:00:00
1770591600,1.18162,1.18278,1.18097,1.18268,4764.0,2026-02-08 23:00:00
1770595200,1.18268,1.18337,1.1824,1.18308,6712.0,2026-02-09 00:00:00
1770598800,1.18308,1.18336,1.18248,1.18256,6128.0,2026-02-09 01:00:00
1770602400,1.18254,1.18258,1.18161,1.18198,4090.0,2026-02-09 02:00:00
1770606000,1.18196,1.18251,1.18186,1.1819,2696.0,2026-02-09 03:00:00
1770609600,1.18191,1.18269,1.1819,1.18266,2031.0,2026-02-09 04:00:00
1770613200,1.18266,1.18363,1.18258,1.18334,2221.0,2026-02-09 05:00:00
1770616800,1.18334,1.18578,1.18332,1.1852,8984.0,2026-02-09 06:00:00
1770620400,1.18518,1.186,1.1847,1.18558,7805.0,2026-02-09 07:00:00
1770624000,1.18559,1.18649,1.18516,1.18644,8169.0,2026-02-09 08:00:00
1770627600,1.18644,1.18698,1.18602,1.18622,5980.0,2026-02-09 09:00:00
1770631200,1.18622,1.18698,1.18552,1.186,7373.0,2026-02-09 10:00:00
1770634800,1.18599,1.18721,1.18558,1.18693,7417.0,2026-02-09 11:00:00
1770638400,1.18692,1.1883,1.18692,1.18814,6849.0,2026-02-09 12:00:00
1770642000,1.18815,1.19058,1.18815,1.19037,11803.0,2026-02-09 13:00:00
1770645600,1.19038,1.19185,1.19028,1.19184,13497.0,2026-02-09 14:00:00
1770649200,1.19186,1.19268,1.19034,1.19121,11526.0,2026-02-09 15:00:00
1770652800,1.19122,1.19176,1.1893,1.18974,7796.0,2026-02-09 16:00:00
1770656400,1.18974,1.19109,1.18973,1.19086,4773.0,2026-02-09 17:00:00
1770660000,1.19086,1.19174,1.19037,1.19159,5447.0,2026-02-09 18:00:00
1770663600,1.1916,1.19224,1.19124,1.19204,4862.0,2026-02-09 19:00:00
1770667200,1.19202,1.19212,1.19141,1.19147,3796.0,2026-02-09 20:00:00
1770670800,1.19146,1.1916,1.19104,1.19151,2056.0,2026-02-09 21:00:00
1770674400,1.19118,1.19156,1.19117,1.19128,791.0,2026-02-09 22:00:00
1770678000,1.19135,1.19146,1.19016,1.19038,1608.0,2026-02-09 23:00:00
1770681600,1.19038,1.19057,1.18985,1.19018,3157.0,2026-02-10 00:00:00
1770685200,1.19018,1.19105,1.18967,1.19058,4168.0,2026-02-10 01:00:00
1770688800,1.19057,1.19144,1.19057,1.19137,3613.0,2026-02-10 02:00:00
1770692400,1.19138,1.19171,1.191,1.19116,3650.0,2026-02-10 03:00:00
1770696000,1.19116,1.19129,1.1906,1.1907,2188.0,2026-02-10 04:00:00
1770699600,1.1907,1.19106,1.19038,1.19073,2676.0,2026-02-10 05:00:00
1770703200,1.19072,1.19132,1.19012,1.19031,4031.0,2026-02-10 06:00:00
1770706800,1.19032,1.19105,1.18994,1.19088,5781.0,2026-02-10 07:00:00
1770710400,1.19087,1.19152,1.18998,1.19092,7087.0,2026-02-10 08:00:00
1770714000,1.1909,1.192,1.19082,1.19145,5635.0,2026-02-10 09:00:00
1770717600,1.19146,1.19176,1.19092,1.191,4618.0,2026-02-10 10:00:00
1770721200,1.191,1.19106,1.19008,1.19039,3861.0,2026-02-10 11:00:00
1770724800,1.1904,1.19086,1.18911,1.1893,7159.0,2026-02-10 12:00:00
1770728400,1.18928,1.19136,1.18884,1.19055,10990.0,2026-02-10 13:00:00
1770732000,1.19055,1.19288,1.19029,1.19148,12135.0,2026-02-10 14:00:00
1770735600,1.19145,1.19192,1.18965,1.19139,13699.0,2026-02-10 15:00:00
1770739200,1.1914,1.1915,1.18966,1.18978,9182.0,2026-02-10 16:00:00
1770742800,1.18978,1.19054,1.18933,1.18958,5725.0,2026-02-10 17:00:00
1770746400,1.18958,1.18982,1.18904,1.18924,4558.0,2026-02-10 18:00:00
1770750000,1.18922,1.19024,1.18868,1.19023,3907.0,2026-02-10 19:00:00
1770753600,1.19022,1.19035,1.18946,1.18951,3134.0,2026-02-10 20:00:00
1770757200,1.18952,1.18967,1.18926,1.18948,1711.0,2026-02-10 21:00:00
1770760800,1.18951,1.18977,1.1891,1.18912,2117.0,2026-02-10 22:00:00
1770764400,1.18914,1.18923,1.18868,1.18878,1215.0,2026-02-10 23:00:00
1770768000,1.18878,1.19004,1.18864,1.1897,3992.0,2026-02-11 00:00:00
1770771600,1.18968,1.19021,1.18939,1.18978,4174.0,2026-02-11 01:00:00
1770775200,1.1898,1.19129,1.18978,1.19084,4425.0,2026-02-11 02:00:00
1770778800,1.19085,1.19138,1.19036,1.19116,2974.0,2026-02-11 03:00:00
1770782400,1.19114,1.19152,1.19076,1.19082,2556.0,2026-02-11 04:00:00
1770786000,1.1908,1.19193,1.19069,1.19185,3359.0,2026-02-11 05:00:00
1770789600,1.19184,1.19258,1.19126,1.19152,4421.0,2026-02-11 06:00:00
1770793200,1.1915,1.19183,1.19104,1.1918,5854.0,2026-02-11 07:00:00
1770796800,1.19178,1.192,1.19132,1.19184,5933.0,2026-02-11 08:00:00
1770800400,1.19186,1.19198,1.19101,1.19181,5514.0,2026-02-11 09:00:00
1770804000,1.1918,1.19274,1.19162,1.19219,4711.0,2026-02-11 10:00:00
1770807600,1.19218,1.19218,1.1905,1.19082,4734.0,2026-02-11 11:00:00
1770811200,1.19083,1.19093,1.18985,1.19004,6047.0,2026-02-11 12:00:00
1770814800,1.19004,1.19044,1.18332,1.1862,30759.0,2026-02-11 13:00:00
1770818400,1.18621,1.18826,1.18526,1.18604,21856.0,2026-02-11 14:00:00
1770822000,1.18604,1.18718,1.18511,1.18593,17358.0,2026-02-11 15:00:00
1770825600,1.18592,1.18834,1.18531,1.1883,10534.0,2026-02-11 16:00:00
1770829200,1.18828,1.18937,1.18774,1.18858,7795.0,2026-02-11 17:00:00
1770832800,1.18858,1.18908,1.18788,1.18822,5583.0,2026-02-11 18:00:00
1770836400,1.18822,1.18846,1.18778,1.18798,4868.0,2026-02-11 19:00:00
1770840000,1.18798,1.18811,1.187,1.18708,3130.0,2026-02-11 20:00:00
1770843600,1.18708,1.18746,1.18687,1.18714,1909.0,2026-02-11 21:00:00
1770847200,1.18724,1.18759,1.18712,1.18746,762.0,2026-02-11 22:00:00
1770850800,1.18742,1.18762,1.187,1.18748,1535.0,2026-02-11 23:00:00
1770854400,1.18748,1.18783,1.18669,1.18768,4042.0,2026-02-12 00:00:00
1770858000,1.18766,1.18826,1.18736,1.18809,5469.0,2026-02-12 01:00:00
1770861600,1.18808,1.18848,1.18751,1.1879,3997.0,2026-02-12 02:00:00
1770865200,1.18789,1.18812,1.18655,1.18697,3732.0,2026-02-12 03:00:00
1770868800,1.18696,1.18728,1.18603,1.1862,2691.0,2026-02-12 04:00:00
1770872400,1.18623,1.18658,1.18584,1.18648,3585.0,2026-02-12 05:00:00
1770876000,1.18647,1.18678,1.18524,1.18606,7245.0,2026-02-12 06:00:00
1770879600,1.18606,1.18753,1.18594,1.1873,5826.0,2026-02-12 07:00:00
1770883200,1.18732,1.1881,1.18714,1.188,6766.0,2026-02-12 08:00:00
1770886800,1.18801,1.1888,1.18796,1.18872,5908.0,2026-02-12 09:00:00
1770890400,1.18873,1.18875,1.18748,1.18772,4799.0,2026-02-12 10:00:00
1770894000,1.18774,1.18847,1.18752,1.18846,3998.0,2026-02-12 11:00:00
1770897600,1.18846,1.18862,1.1867,1.18732,6366.0,2026-02-12 12:00:00
1770901200,1.18732,1.18853,1.18714,1.1885,8063.0,2026-02-12 13:00:00
1770904800,1.1885,1.18878,1.18746,1.18834,11016.0,2026-02-12 14:00:00
1770908400,1.18833,1.18886,1.18783,1.18858,10085.0,2026-02-12 15:00:00
1770912000,1.1886,1.189,1.1862,1.18705,19606.0,2026-02-12 16:00:00
1770915600,1.18706,1.18771,1.186,1.18654,11379.0,2026-02-12 17:00:00
1770919200,1.18654,1.18696,1.18562,1.18635,8533.0,2026-02-12 18:00:00
1770922800,1.18636,1.18718,1.18608,1.187,5923.0,2026-02-12 19:00:00
1770926400,1.18698,1.18706,1.18637,1.18698,3761.0,2026-02-12 20:00:00
1770930000,1.18699,1.18728,1.18686,1.18712,1891.0,2026-02-12 21:00:00
1770933600,1.18681,1.18726,1.18678,1.18722,372.0,2026-02-12 22:00:00
1770937200,1.18732,1.18732,1.1867,1.18692,1388.0,2026-02-12 23:00:00
1770940800,1.1869,1.18726,1.18666,1.18724,3809.0,2026-02-13 00:00:00
1770944400,1.18722,1.18736,1.18632,1.18672,4494.0,2026-02-13 01:00:00
1770948000,1.18673,1.18712,1.18628,1.18692,2841.0,2026-02-13 02:00:00
1770951600,1.18694,1.18702,1.18657,1.1867,2159.0,2026-02-13 03:00:00
1770955200,1.1867,1.18678,1.18601,1.18632,2249.0,2026-02-13 04:00:00
1770958800,1.18633,1.18648,1.18579,1.18594,3469.0,2026-02-13 05:00:00
1770962400,1.18593,1.18617,1.18534,1.18561,4599.0,2026-02-13 06:00:00
1770966000,1.1856,1.186,1.18471,1.18587,6154.0,2026-02-13 07:00:00
1770969600,1.18584,1.1863,1.18561,1.18626,5816.0,2026-02-13 08:00:00
1770973200,1.18626,1.18666,1.18604,1.18606,4534.0,2026-02-13 09:00:00
1770976800,1.18606,1.1861,1.18529,1.18574,4570.0,2026-02-13 10:00:00
1770980400,1.18574,1.18614,1.1855,1.18587,5161.0,2026-02-13 11:00:00
1770984000,1.18588,1.18638,1.18554,1.18618,5158.0,2026-02-13 12:00:00
1770987600,1.18619,1.18846,1.18568,1.18743,16832.0,2026-02-13 13:00:00
1770991200,1.18742,1.18748,1.18571,1.18592,14379.0,2026-02-13 14:00:00
1770994800,1.18594,1.1871,1.18476,1.18483,11583.0,2026-02-13 15:00:00
1770998400,1.18486,1.18746,1.18485,1.18688,8659.0,2026-02-13 16:00:00
1771002000,1.1869,1.18828,1.18684,1.18749,5855.0,2026-02-13 17:00:00
1771005600,1.1875,1.18806,1.18724,1.18737,4395.0,2026-02-13 18:00:00
1771009200,1.18736,1.18751,1.18662,1.18666,3711.0,2026-02-13 19:00:00
1771012800,1.18666,1.18748,1.18645,1.18745,3718.0,2026-02-13 20:00:00
1771016400,1.18744,1.18767,1.18672,1.18678,2531.0,2026-02-13 21:00:00
1771192800,1.18709,1.18728,1.18698,1.18708,394.0,2026-02-15 22:00:00
1771196400,1.18702,1.18712,1.18632,1.1867,2183.0,2026-02-15 23:00:00
1771200000,1.1867,1.18672,1.18608,1.18614,3354.0,2026-02-16 00:00:00
1771203600,1.18612,1.18664,1.1859,1.18654,3738.0,2026-02-16 01:00:00
1771207200,1.18654,1.18672,1.18618,1.18654,3250.0,2026-02-16 02:00:00
1771210800,1.18656,1.1869,1.18638,1.18673,2015.0,2026-02-16 03:00:00
1771214400,1.18674,1.18681,1.18612,1.18624,1958.0,2026-02-16 04:00:00
1771218000,1.18624,1.18665,1.1861,1.1865,1762.0,2026-02-16 05:00:00
1771221600,1.18648,1.18703,1.18639,1.18664,2039.0,2026-02-16 06:00:00
1771225200,1.18662,1.18665,1.18604,1.18627,3276.0,2026-02-16 07:00:00
1771228800,1.18629,1.18706,1.18566,1.18652,6529.0,2026-02-16 08:00:00
1771232400,1.18652,1.18694,1.18622,1.18645,4739.0,2026-02-16 09:00:00
1771236000,1.18643,1.18678,1.1862,1.18671,3606.0,2026-02-16 10:00:00
1771239600,1.1867,1.18673,1.186,1.18614,3117.0,2026-02-16 11:00:00
1771243200,1.18614,1.18631,1.18501,1.18532,3343.0,2026-02-16 12:00:00
1771246800,1.18532,1.18577,1.18492,1.18548,3780.0,2026-02-16 13:00:00
1771250400,1.18547,1.18636,1.18532,1.18563,4139.0,2026-02-16 14:00:00
1771254000,1.18564,1.1857,1.18505,1.18539,3774.0,2026-02-16 15:00:00
1771257600,1.1854,1.18568,1.18464,1.18519,3489.0,2026-02-16 16:00:00
1771261200,1.1852,1.18536,1.18464,1.18482,1625.0,2026-02-16 17:00:00
1771264800,1.18484,1.18512,1.18483,1.18496,829.0,2026-02-16 18:00:00
1771268400,1.18497,1.18542,1.18491,1.18542,709.0,2026-02-16 19:00:00
1771272000,1.1854,1.18552,1.18526,1.18536,557.0,2026-02-16 20:00:00
1771275600,1.18537,1.18543,1.18504,1.18511,659.0,2026-02-16 21:00:00
1771279200,1.18507,1.18522,1.18506,1.18506,316.0,2026-02-16 22:00:00
1771282800,1.18509,1.1852,1.18467,1.18506,1168.0,2026-02-16 23:00:00
1771286400,1.18507,1.1852,1.18422,1.18438,3900.0,2026-02-17 00:00:00
1771290000,1.18438,1.18448,1.18408,1.18444,4046.0,2026-02-17 01:00:00
1771293600,1.18443,1.18474,1.18405,1.18422,3148.0,2026-02-17 02:00:00
1771297200,1.18422,1.18424,1.18382,1.18417,2533.0,2026-02-17 03:00:00
1771300800,1.18416,1.18424,1.18394,1.1841,2232.0,2026-02-17 04:00:00
1771304400,1.1841,1.1842,1.18357,1.18416,3351.0,2026-02-17 05:00:00
1771308000,1.18416,1.18458,1.18416,1.18442,3211.0,2026-02-17 06:00:00
1771311600,1.18442,1.18448,1.18286,1.18328,5912.0,2026-02-17 07:00:00
1771315200,1.18328,1.1844,1.183,1.1841,6413.0,2026-02-17 08:00:00
1771318800,1.1841,1.18499,1.18398,1.18466,4487.0,2026-02-17 09:00:00
1771322400,1.18462,1.18472,1.18413,1.18428,4665.0,2026-02-17 10:00:00
1771326000,1.18428,1.18444,1.18242,1.1831,4379.0,2026-02-17 11:00:00
1771329600,1.18309,1.18358,1.1827,1.18278,5851.0,2026-02-17 12:00:00
1771333200,1.18277,1.18304,1.18158,1.18222,9505.0,2026-02-17 13:00:00
1771336800,1.18223,1.18282,1.18164,1.18239,11219.0,2026-02-17 14:00:00
1771340400,1.1824,1.18241,1.1805,1.18108,10715.0,2026-02-17 15:00:00
1771344000,1.18108,1.18354,1.18108,1.18308,9671.0,2026-02-17 16:00:00
1771347600,1.18307,1.18424,1.18294,1.18394,8124.0,2026-02-17 17:00:00
1771351200,1.18398,1.18532,1.18388,1.18482,5632.0,2026-02-17 18:00:00
1771354800,1.18483,1.18506,1.18433,1.18481,3537.0,2026-02-17 19:00:00
1771358400,1.1848,1.18528,1.1847,1.1851,2935.0,2026-02-17 20:00:00
1771362000,1.18512,1.18547,1.18499,1.18536,1333.0,2026-02-17 21:00:00
1771365600,1.18529,1.18536,1.18516,1.18524,787.0,2026-02-17 22:00:00
1771369200,1.18525,1.18578,1.18506,1.18508,1458.0,2026-02-17 23:00:00
1771372800,1.1851,1.18538,1.1847,1.18474,3541.0,2026-02-18 00:00:00
1771376400,1.18473,1.18478,1.18426,1.18463,2820.0,2026-02-18 01:00:00
1771380000,1.18464,1.18474,1.18416,1.18447,2720.0,2026-02-18 02:00:00
1771383600,1.18447,1.18468,1.18411,1.18414,2005.0,2026-02-18 03:00:00
1771387200,1.18413,1.18438,1.18394,1.18418,1754.0,2026-02-18 04:00:00
1771390800,1.18419,1.1846,1.18418,1.18458,1508.0,2026-02-18 05:00:00
1771394400,1.18458,1.18464,1.18404,1.18448,2472.0,2026-02-18 06:00:00
1771398000,1.18446,1.18464,1.1833,1.18348,4659.0,2026-02-18 07:00:00
1771401600,1.18348,1.18381,1.18286,1.18312,5854.0,2026-02-18 08:00:00
1771405200,1.1831,1.18386,1.18285,1.18361,4709.0,2026-02-18 09:00:00
1771408800,1.18362,1.18408,1.18309,1.18322,3850.0,2026-02-18 10:00:00
1771412400,1.18322,1.1838,1.18306,1.18347,3028.0,2026-02-18 11:00:00
1771416000,1.18348,1.18472,1.18335,1.18398,4778.0,2026-02-18 12:00:00
1771419600,1.184,1.18486,1.18236,1.18238,6323.0,2026-02-18 13:00:00
1771423200,1.18238,1.18278,1.18122,1.18154,9651.0,2026-02-18 14:00:00
1771426800,1.18155,1.18268,1.18136,1.18227,8289.0,2026-02-18 15:00:00
1771430400,1.18226,1.18262,1.18094,1.18096,6143.0,2026-02-18 16:00:00
1771434000,1.18097,1.18142,1.18022,1.1806,4882.0,2026-02-18 17:00:00
1771437600,1.18061,1.18074,1.17875,1.17906,5635.0,2026-02-18 18:00:00
1771441200,1.17906,1.17954,1.17837,1.17874,7730.0,2026-02-18 19:00:00
1771444800,1.17874,1.17904,1.17822,1.17836,3437.0,2026-02-18 20:00:00
1771448400,1.17836,1.17874,1.17825,1.17836,1783.0,2026-02-18 21:00:00
1771452000,1.17845,1.17878,1.17842,1.17864,300.0,2026-02-18 22:00:00
1771455600,1.17864,1.17898,1.17858,1.17886,1192.0,2026-02-18 23:00:00
1771459200,1.17888,1.17918,1.17855,1.17903,2849.0,2026-02-19 00:00:00
1771462800,1.17902,1.17952,1.17898,1.17946,3309.0,2026-02-19 01:00:00
1771466400,1.17946,1.17957,1.17906,1.1791,2865.0,2026-02-19 02:00:00
1771470000,1.17911,1.1793,1.17878,1.17908,2517.0,2026-02-19 03:00:00
1771473600,1.17908,1.17918,1.17848,1.17894,2682.0,2026-02-19 04:00:00
1771477200,1.17894,1.17928,1.17866,1.17916,2715.0,2026-02-19 05:00:00
1771480800,1.17916,1.1801,1.179,1.17983,3231.0,2026-02-19 06:00:00
1771484400,1.17982,1.18036,1.17928,1.18006,4056.0,2026-02-19 07:00:00
1771488000,1.18008,1.18052,1.17974,1.18014,5352.0,2026-02-19 08:00:00
1771491600,1.18014,1.18077,1.17986,1.18,4837.0,2026-02-19 09:00:00
1771495200,1.18,1.18032,1.17873,1.17892,5511.0,2026-02-19 10:00:00
1771498800,1.17892,1.17904,1.17766,1.17807,4724.0,2026-02-19 11:00:00
1771502400,1.17806,1.17808,1.1767,1.17694,5748.0,2026-02-19 12:00:00
1771506000,1.17695,1.177,1.17514,1.17656,9410.0,2026-02-19 13:00:00
1771509600,1.17655,1.17663,1.1742,1.17519,11905.0,2026-02-19 14:00:00
1771513200,1.17517,1.17756,1.17483,1.17632,15531.0,2026-02-19 15:00:00
1771516800,1.17632,1.17706,1.17582,1.17614,8559.0,2026-02-19 16:00:00
1771520400,1.17614,1.1768,1.17562,1.1766,6972.0,2026-02-19 17:00:00
1771524000,1.1766,1.17743,1.17648,1.17685,4405.0,2026-02-19 18:00:00
1771527600,1.17686,1.1772,1.17591,1.17638,5162.0,2026-02-19 19:00:00
1771531200,1.17639,1.17688,1.17633,1.17687,3504.0,2026-02-19 20:00:00
1771534800,1.17688,1.17782,1.17682,1.17716,2566.0,2026-02-19 21:00:00
1771538400,1.17715,1.17746,1.17714,1.17722,406.0,2026-02-19 22:00:00
1771542000,1.1772,1.1776,1.17682,1.17684,1427.0,2026-02-19 23:00:00
1771545600,1.17684,1.17721,1.17668,1.17706,3155.0,2026-02-20 00:00:00
1771549200,1.17704,1.17718,1.17551,1.1759,5650.0,2026-02-20 01:00:00
1771552800,1.1759,1.176,1.17532,1.17546,3958.0,2026-02-20 02:00:00
1771556400,1.17546,1.1759,1.17545,1.17568,1926.0,2026-02-20 03:00:00
1771560000,1.1757,1.17598,1.17524,1.17532,1843.0,2026-02-20 04:00:00
1771563600,1.17532,1.1757,1.17502,1.17554,2485.0,2026-02-20 05:00:00
1771567200,1.17555,1.17568,1.17514,1.17552,3212.0,2026-02-20 06:00:00
1771570800,1.17551,1.17628,1.17496,1.17514,5747.0,2026-02-20 07:00:00
1771574400,1.17512,1.17638,1.17434,1.17608,7568.0,2026-02-20 08:00:00
1771578000,1.17609,1.17682,1.17584,1.17668,5469.0,2026-02-20 09:00:00
1771581600,1.17668,1.17688,1.17572,1.17638,4943.0,2026-02-20 10:00:00
1771585200,1.17637,1.17691,1.176,1.17674,4128.0,2026-02-20 11:00:00
1771588800,1.17674,1.17711,1.17634,1.17657,5026.0,2026-02-20 12:00:00
1771592400,1.17656,1.1783,1.17572,1.17694,11234.0,2026-02-20 13:00:00
1771596000,1.17692,1.17705,1.1756,1.17682,9387.0,2026-02-20 14:00:00
1771599600,1.1768,1.18076,1.17554,1.17882,39721.0,2026-02-20 15:00:00
1771603200,1.17882,1.17983,1.17738,1.178,13069.0,2026-02-20 16:00:00
1771606800,1.178,1.17851,1.17655,1.17802,11265.0,2026-02-20 17:00:00
1771610400,1.17802,1.1799,1.17768,1.17859,15370.0,2026-02-20 18:00:00
1771614000,1.17862,1.17898,1.17786,1.17808,6383.0,2026-02-20 19:00:00
1771617600,1.17808,1.17875,1.17775,1.17862,3867.0,2026-02-20 20:00:00
1771621200,1.17863,1.17916,1.17801,1.17818,2911.0,2026-02-20 21:00:00
1771797600,1.17963,1.17988,1.17931,1.17946,678.0,2026-02-22 22:00:00
1771801200,1.17944,1.18348,1.17938,1.18334,5817.0,2026-02-22 23:00:00
1771804800,1.18334,1.18346,1.18228,1.1831,7789.0,2026-02-23 00:00:00
1771808400,1.1831,1.18336,1.18207,1.18262,8062.0,2026-02-23 01:00:00
1771812000,1.18263,1.18312,1.18234,1.18276,5237.0,2026-02-23 02:00:00
1771815600,1.18277,1.1828,1.18167,1.18235,3188.0,2026-02-23 03:00:00
1771819200,1.18236,1.18242,1.1818,1.18209,2377.0,2026-02-23 04:00:00
1771822800,1.18208,1.18216,1.18151,1.18198,2196.0,2026-02-23 05:00:00
1771826400,1.18196,1.1834,1.18167,1.18244,3836.0,2026-02-23 06:00:00
1771830000,1.18243,1.18278,1.18187,1.18234,5681.0,2026-02-23 07:00:00
1771833600,1.18235,1.18249,1.18072,1.18104,6925.0,2026-02-23 08:00:00
1771837200,1.18104,1.18126,1.18002,1.18008,5049.0,2026-02-23 09:00:00
1771840800,1.18009,1.18014,1.17951,1.17988,4513.0,2026-02-23 10:00:00
1771844400,1.17987,1.1799,1.1781,1.1786,5593.0,2026-02-23 11:00:00
1771848000,1.17857,1.17866,1.17744,1.17819,6056.0,2026-02-23 12:00:00
1771851600,1.17817,1.17978,1.17782,1.17958,7324.0,2026-02-23 13:00:00
1771855200,1.17958,1.18091,1.1794,1.18056,10145.0,2026-02-23 14:00:00
1771858800,1.18056,1.181,1.17922,1.17948,10524.0,2026-02-23 15:00:00
1771862400,1.17946,1.18064,1.17882,1.1804,9472.0,2026-02-23 16:00:00
1771866000,1.1804,1.18089,1.17907,1.17988,5896.0,2026-02-23 17:00:00
1771869600,1.17987,1.1801,1.17948,1.17983,3851.0,2026-02-23 18:00:00
1771873200,1.17982,1.18008,1.17882,1.17916,3731.0,2026-02-23 19:00:00
1771876800,1.17916,1.1794,1.17876,1.1789,3068.0,2026-02-23 20:00:00
1771880400,1.17892,1.17926,1.17843,1.17854,2371.0,2026-02-23 21:00:00
1771884000,1.1789,1.17892,1.17861,1.17874,1182.0,2026-02-23 22:00:00
1771887600,1.17874,1.17953,1.17863,1.1793,1622.0,2026-02-23 23:00:00
1771891200,1.1793,1.17964,1.17875,1.1788,3292.0,2026-02-24 00:00:00
1771894800,1.1788,1.1788,1.17716,1.1782,6636.0,2026-02-24 01:00:00
1771898400,1.17818,1.17846,1.17784,1.17838,3672.0,2026-02-24 02:00:00
1771902000,1.17838,1.17855,1.1775,1.17752,2559.0,2026-02-24 03:00:00
1771905600,1.17752,1.17768,1.1768,1.17697,2376.0,2026-02-24 04:00:00
1771909200,1.17698,1.17807,1.17686,1.178,2133.0,2026-02-24 05:00:00
1771912800,1.17801,1.17824,1.17772,1.17804,3130.0,2026-02-24 06:00:00
1771916400,1.17804,1.17824,1.17716,1.17792,8534.0,2026-02-24 07:00:00
1771920000,1.17792,1.179,1.17734,1.17838,7229.0,2026-02-24 08:00:00
1771923600,1.17838,1.17932,1.17831,1.17877,5146.0,2026-02-24 09:00:00
1771927200,1.17878,1.17912,1.17824,1.17856,4253.0,2026-02-24 10:00:00
1771930800,1.17856,1.17861,1.17792,1.17806,4080.0,2026-02-24 11:00:00
1771934400,1.17804,1.17836,1.17728,1.17814,5288.0,2026-02-24 12:00:00
1771938000,1.17813,1.17814,1.1768,1.17722,6662.0,2026-02-24 13:00:00
1771941600,1.17723,1.17786,1.17674,1.17736,8489.0,2026-02-24 14:00:00
1771945200,1.17727,1.17811,1.17662,1.17728,10009.0,2026-02-24 15:00:00
1771948800,1.17728,1.17902,1.17722,1.17881,6234.0,2026-02-24 16:00:00
1771952400,1.1788,1.17888,1.17818,1.17856,3874.0,2026-02-24 17:00:00
1771956000,1.17856,1.17867,1.17772,1.17786,3469.0,2026-02-24 18:00:00
1771959600,1.17784,1.17841,1.17765,1.17788,2421.0,2026-02-24 19:00:00
1771963200,1.17788,1.17836,1.17751,1.17752,2692.0,2026-02-24 20:00:00
1771966800,1.17753,1.1777,1.17734,1.17738,1559.0,2026-02-24 21:00:00
1771970400,1.17734,1.17778,1.17726,1.17746,654.0,2026-02-24 22:00:00
1771974000,1.17744,1.17761,1.17726,1.1774,895.0,2026-02-24 23:00:00
1771977600,1.17741,1.178,1.17734,1.17779,3858.0,2026-02-25 00:00:00
1771981200,1.1778,1.17822,1.1776,1.17786,3670.0,2026-02-25 01:00:00
1771984800,1.17785,1.17936,1.17782,1.17924,4978.0,2026-02-25 02:00:00
1771988400,1.17924,1.17944,1.17858,1.17895,5604.0,2026-02-25 03:00:00
1771992000,1.17895,1.17962,1.17877,1.17949,3049.0,2026-02-25 04:00:00
1771995600,1.17948,1.18055,1.17941,1.1801,3241.0,2026-02-25 05:00:00
1771999200,1.1801,1.18064,1.1797,1.18053,4123.0,2026-02-25 06:00:00
1772002800,1.18052,1.1808,1.17971,1.17972,4919.0,2026-02-25 07:00:00
1772006400,1.17971,1.18001,1.17895,1.179,6290.0,2026-02-25 08:00:00
1772010000,1.17901,1.17931,1.17856,1.1788,6137.0,2026-02-25 09:00:00
1772013600,1.1788,1.17885,1.17793,1.17798,4591.0,2026-02-25 10:00:00
1772017200,1.17798,1.17812,1.1771,1.17749,3851.0,2026-02-25 11:00:00
1772020800,1.1775,1.17869,1.17741,1.17859,4586.0,2026-02-25 12:00:00
1772024400,1.1786,1.17902,1.1773,1.17737,6399.0,2026-02-25 13:00:00
1772028000,1.17737,1.17892,1.17731,1.17863,7472.0,2026-02-25 14:00:00
1772031600,1.17864,1.18026,1.17848,1.18012,10602.0,2026-02-25 15:00:00
1772035200,1.18011,1.18073,1.17988,1.1804,6304.0,2026-02-25 16:00:00
1772038800,1.1804,1.18144,1.18026,1.18074,5080.0,2026-02-25 17:00:00
1772042400,1.18075,1.1811,1.18044,1.18048,3470.0,2026-02-25 18:00:00
1772046000,1.18048,1.18094,1.18028,1.18055,2422.0,2026-02-25 19:00:00
1772049600,1.18055,1.18088,1.18048,1.18061,2986.0,2026-02-25 20:00:00
1772053200,1.1806,1.1813,1.18034,1.18101,1879.0,2026-02-25 21:00:00
1772056800,1.18089,1.18136,1.18073,1.18114,558.0,2026-02-25 22:00:00
1772060400,1.18116,1.18164,1.18108,1.18152,1668.0,2026-02-25 23:00:00
1772064000,1.18152,1.18194,1.18117,1.1819,3225.0,2026-02-26 00:00:00
1772067600,1.18188,1.1829,1.18179,1.18274,4928.0,2026-02-26 01:00:00
1772071200,1.18274,1.1829,1.18133,1.18175,3301.0,2026-02-26 02:00:00
1772074800,1.18174,1.18222,1.1816,1.1817,2776.0,2026-02-26 03:00:00
1772078400,1.1817,1.1819,1.18126,1.18184,2207.0,2026-02-26 04:00:00
1772082000,1.18184,1.18228,1.1816,1.18198,3384.0,2026-02-26 05:00:00
1772085600,1.18197,1.18223,1.18148,1.18189,3629.0,2026-02-26 06:00:00
1772089200,1.18188,1.18188,1.18088,1.18156,4634.0,2026-02-26 07:00:00
1772092800,1.18158,1.18159,1.18023,1.18026,6103.0,2026-02-26 08:00:00
1772096400,1.18024,1.1806,1.17968,1.17973,5001.0,2026-02-26 09:00:00
1772100000,1.17971,1.17998,1.17934,1.17984,3581.0,2026-02-26 10:00:00
1772103600,1.17984,1.18048,1.1798,1.18005,4064.0,2026-02-26 11:00:00
1772107200,1.18006,1.18098,1.17998,1.1809,3827.0,2026-02-26 12:00:00
1772110800,1.1809,1.18168,1.18028,1.18068,6937.0,2026-02-26 13:00:00
1772114400,1.1807,1.18158,1.1802,1.1813,9116.0,2026-02-26 14:00:00
1772118000,1.18126,1.18144,1.1781,1.17991,13800.0,2026-02-26 15:00:00
1772121600,1.1799,1.17994,1.1786,1.17919,7263.0,2026-02-26 16:00:00
1772125200,1.1792,1.17934,1.1774,1.17762,5993.0,2026-02-26 17:00:00
1772128800,1.17762,1.17874,1.17741,1.17846,6503.0,2026-02-26 18:00:00
1772132400,1.17846,1.17979,1.17824,1.17968,3680.0,2026-02-26 19:00:00
1772136000,1.17968,1.18033,1.17958,1.18014,2949.0,2026-02-26 20:00:00
1772139600,1.18015,1.18039,1.17972,1.17976,1872.0,2026-02-26 21:00:00
1772143200,1.17972,1.18006,1.1797,1.1798,720.0,2026-02-26 22:00:00
1772146800,1.17984,1.18032,1.17964,1.18032,1152.0,2026-02-26 23:00:00
1772150400,1.18032,1.18057,1.17961,1.17962,4320.0,2026-02-27 00:00:00
1772154000,1.17964,1.18024,1.1789,1.17901,5624.0,2026-02-27 01:00:00
1772157600,1.17903,1.18015,1.17903,1.18007,3302.0,2026-02-27 02:00:00
1772161200,1.18006,1.1806,1.18002,1.18036,2313.0,2026-02-27 03:00:00
1772164800,1.18036,1.18132,1.18022,1.1811,2197.0,2026-02-27 04:00:00
1772168400,1.18111,1.1812,1.18063,1.18086,3022.0,2026-02-27 05:00:00
1772172000,1.18084,1.1811,1.18022,1.18043,4367.0,2026-02-27 06:00:00
1772175600,1.18041,1.18195,1.17971,1.18152,5348.0,2026-02-27 07:00:00
1772179200,1.18152,1.18218,1.18082,1.18097,5683.0,2026-02-27 08:00:00
1772182800,1.18094,1.18116,1.17928,1.17952,5327.0,2026-02-27 09:00:00
1772186400,1.17954,1.18037,1.17947,1.17988,3845.0,2026-02-27 10:00:00
1772190000,1.17989,1.1804,1.17962,1.18003,3427.0,2026-02-27 11:00:00
1772193600,1.18004,1.18083,1.17987,1.18024,4223.0,2026-02-27 12:00:00
1772197200,1.18024,1.18065,1.17904,1.17926,10645.0,2026-02-27 13:00:00
1772200800,1.17926,1.18154,1.17908,1.1797,9700.0,2026-02-27 14:00:00
1772204400,1.1797,1.18172,1.17963,1.18072,11635.0,2026-02-27 15:00:00
1772208000,1.18072,1.18252,1.18058,1.1822,8434.0,2026-02-27 16:00:00
1772211600,1.18221,1.1827,1.18156,1.18166,5486.0,2026-02-27 17:00:00
1772215200,1.18168,1.18192,1.18111,1.18179,4115.0,2026-02-27 18:00:00
1772218800,1.18178,1.18228,1.18167,1.18194,3136.0,2026-02-27 19:00:00
1772222400,1.18194,1.1826,1.18151,1.18162,3315.0,2026-02-27 20:00:00
1772226000,1.1816,1.18185,1.18112,1.18172,3166.0,2026-02-27 21:00:00
1772402400,1.17685,1.17796,1.17584,1.17773,1830.0,2026-03-01 22:00:00
1772406000,1.1777,1.17878,1.17568,1.17592,9590.0,2026-03-01 23:00:00
1772409600,1.17589,1.17782,1.1756,1.17775,8385.0,2026-03-02 00:00:00
1772413200,1.17773,1.17944,1.17754,1.1792,9342.0,2026-03-02 01:00:00
1772416800,1.1792,1.17934,1.1781,1.17886,5321.0,2026-03-02 02:00:00
1772420400,1.17887,1.17958,1.17882,1.17887,3524.0,2026-03-02 03:00:00
1772424000,1.17887,1.17904,1.17818,1.17864,2880.0,2026-03-02 04:00:00
1772427600,1.17862,1.17862,1.17662,1.17664,4106.0,2026-03-02 05:00:00
1772431200,1.17664,1.17667,1.17303,1.17324,11003.0,2026-03-02 06:00:00
1772434800,1.17322,1.17344,1.17036,1.17164,12945.0,2026-03-02 07:00:00
1772438400,1.17164,1.17239,1.16981,1.17227,12311.0,2026-03-02 08:00:00
1772442000,1.17226,1.17437,1.1721,1.17332,9060.0,2026-03-02 09:00:00
1772445600,1.17331,1.17473,1.17328,1.17386,7209.0,2026-03-02 10:00:00
1772449200,1.17386,1.17413,1.17263,1.17333,5931.0,2026-03-02 11:00:00
1772452800,1.1733,1.1734,1.17022,1.17038,9116.0,2026-03-02 12:00:00
1772456400,1.17037,1.17184,1.16952,1.16986,12338.0,2026-03-02 13:00:00
1772460000,1.16986,1.1724,1.16951,1.17174,14473.0,2026-03-02 14:00:00
1772463600,1.17165,1.17165,1.16799,1.168,15681.0,2026-03-02 15:00:00
1772467200,1.168,1.16944,1.16719,1.16896,11604.0,2026-03-02 16:00:00
1772470800,1.16897,1.17078,1.16868,1.17072,7533.0,2026-03-02 17:00:00
1772474400,1.17072,1.17074,1.16869,1.16946,5843.0,2026-03-02 18:00:00
1772478000,1.16944,1.17134,1.1694,1.17112,5317.0,2026-03-02 19:00:00
1772481600,1.17113,1.17132,1.16786,1.16903,12700.0,2026-03-02 20:00:00
1772485200,1.16902,1.16954,1.1689,1.169,2304.0,2026-03-02 21:00:00
1772488800,1.16868,1.16928,1.16854,1.16878,794.0,2026-03-02 22:00:00
1772492400,1.16876,1.16984,1.16876,1.16948,2032.0,2026-03-02 23:00:00
1772496000,1.16949,1.16958,1.16864,1.16953,4154.0,2026-03-03 00:00:00
1772499600,1.16954,1.1707,1.16924,1.16969,7268.0,2026-03-03 01:00:00
1772503200,1.16968,1.1699,1.1686,1.16944,6889.0,2026-03-03 02:00:00
1772506800,1.16945,1.16978,1.16864,1.16904,4739.0,2026-03-03 03:00:00
1772510400,1.16906,1.16936,1.16793,1.16811,4169.0,2026-03-03 04:00:00
1772514000,1.16811,1.1685,1.16652,1.16667,7082.0,2026-03-03 05:00:00
1772517600,1.1667,1.16716,1.1662,1.16692,7224.0,2026-03-03 06:00:00
1772521200,1.16692,1.16692,1.16426,1.16437,9690.0,2026-03-03 07:00:00
1772524800,1.16439,1.16462,1.16179,1.1623,15065.0,2026-03-03 08:00:00
1772528400,1.1623,1.16292,1.15986,1.16055,14523.0,2026-03-03 09:00:00
1772532000,1.16054,1.16129,1.15892,1.1592,12758.0,2026-03-03 10:00:00
1772535600,1.15919,1.16034,1.1582,1.15972,13719.0,2026-03-03 11:00:00
1772539200,1.15972,1.16154,1.15902,1.1613,12968.0,2026-03-03 12:00:00
1772542800,1.16128,1.16152,1.159,1.15906,12274.0,2026-03-03 13:00:00
1772546400,1.15905,1.15996,1.1565,1.15675,18011.0,2026-03-03 14:00:00
1772550000,1.15674,1.15852,1.15303,1.15728,29017.0,2026-03-03 15:00:00
1772553600,1.15729,1.16062,1.15693,1.16031,23374.0,2026-03-03 16:00:00
1772557200,1.1603,1.16034,1.15868,1.15905,15572.0,2026-03-03 17:00:00
1772560800,1.15904,1.16222,1.15899,1.16157,11395.0,2026-03-03 18:00:00
1772564400,1.16156,1.16259,1.16,1.16126,14403.0,2026-03-03 19:00:00
1772568000,1.16126,1.16246,1.16113,1.16177,8842.0,2026-03-03 20:00:00
1772571600,1.16176,1.16182,1.16099,1.16124,3273.0,2026-03-03 21:00:00
1772575200,1.1613,1.16168,1.16112,1.16128,2404.0,2026-03-03 22:00:00
1772578800,1.16128,1.16205,1.16089,1.16108,3033.0,2026-03-03 23:00:00
1772582400,1.16109,1.16112,1.15923,1.15929,8389.0,2026-03-04 00:00:00
1772586000,1.1593,1.15978,1.15748,1.15938,10248.0,2026-03-04 01:00:00
1772589600,1.15939,1.16044,1.15914,1.1598,8717.0,2026-03-04 02:00:00
1772593200,1.15982,1.16094,1.15953,1.16086,5537.0,2026-03-04 03:00:00
1772596800,1.16087,1.16104,1.15902,1.1593,5526.0,2026-03-04 04:00:00
1772600400,1.15932,1.1599,1.1587,1.15952,6518.0,2026-03-04 05:00:00
1772604000,1.15952,1.16178,1.15898,1.16108,7605.0,2026-03-04 06:00:00
1772607600,1.16108,1.16282,1.16108,1.1616,9357.0,2026-03-04 07:00:00
1772611200,1.16159,1.1617,1.15951,1.15996,11418.0,2026-03-04 08:00:00
1772614800,1.15996,1.16201,1.1592,1.16086,10330.0,2026-03-04 09:00:00
1772618400,1.16086,1.16473,1.16086,1.16344,18530.0,2026-03-04 10:00:00
1772622000,1.16343,1.16549,1.16309,1.16352,8854.0,2026-03-04 11:00:00
1772625600,1.16352,1.16487,1.1626,1.16304,8793.0,2026-03-04 12:00:00
1772629200,1.16304,1.16522,1.16304,1.16311,12362.0,2026-03-04 13:00:00
1772632800,1.1631,1.16413,1.16206,1.16256,16358.0,2026-03-04 14:00:00
1772636400,1.16251,1.16404,1.16165,1.16403,14999.0,2026-03-04 15:00:00
1772640000,1.16402,1.16462,1.16284,1.16372,9209.0,2026-03-04 16:00:00
1772643600,1.16372,1.16436,1.16264,1.16331,6906.0,2026-03-04 17:00:00
1772647200,1.16332,1.16335,1.16234,1.16245,5049.0,2026-03-04 18:00:00
1772650800,1.16246,1.16412,1.16246,1.16398,4509.0,2026-03-04 19:00:00
1772654400,1.16398,1.16438,1.16384,1.16404,3695.0,2026-03-04 20:00:00
1772658000,1.16403,1.16418,1.16342,1.16354,2194.0,2026-03-04 21:00:00
1772661600,1.16304,1.16348,1.16287,1.16347,728.0,2026-03-04 22:00:00
1772665200,1.16346,1.16395,1.16338,1.16348,1222.0,2026-03-04 23:00:00
1772668800,1.16348,1.16454,1.1632,1.1645,4007.0,2026-03-05 00:00:00
1772672400,1.16452,1.16474,1.16271,1.16282,8705.0,2026-03-05 01:00:00
1772676000,1.16282,1.16318,1.16224,1.16258,5945.0,2026-03-05 02:00:00
1772679600,1.16257,1.16276,1.161,1.16134,5290.0,2026-03-05 03:00:00
1772683200,1.16132,1.16148,1.16055,1.16085,3942.0,2026-03-05 04:00:00
1772686800,1.16084,1.16139,1.1594,1.15945,5309.0,2026-03-05 05:00:00
1772690400,1.15944,1.16164,1.15876,1.1607,9758.0,2026-03-05 06:00:00
1772694000,1.1607,1.16162,1.15992,1.16048,9078.0,2026-03-05 07:00:00
1772697600,1.16048,1.16049,1.15816,1.15988,12375.0,2026-03-05 08:00:00
1772701200,1.15986,1.16447,1.15966,1.16226,25051.0,2026-03-05 09:00:00
1772704800,1.16226,1.16317,1.16062,1.1611,8555.0,2026-03-05 10:00:00
1772708400,1.16111,1.16172,1.16038,1.16115,7041.0,2026-03-05 11:00:00
1772712000,1.16115,1.1625,1.16074,1.16206,7995.0,2026-03-05 12:00:00
1772715600,1.16204,1.16244,1.15896,1.15974,11506.0,2026-03-05 13:00:00
1772719200,1.15973,1.1609,1.15924,1.16028,14997.0,2026-03-05 14:00:00
1772722800,1.16028,1.16092,1.15692,1.15832,17085.0,2026-03-05 15:00:00
1772726400,1.1583,1.15868,1.1559,1.15838,15146.0,2026-03-05 16:00:00
1772730000,1.15838,1.1592,1.15726,1.1588,16826.0,2026-03-05 17:00:00
1772733600,1.1588,1.15916,1.15712,1.15859,13042.0,2026-03-05 18:00:00
1772737200,1.15858,1.1588,1.15701,1.1573,9767.0,2026-03-05 19:00:00
1772740800,1.1573,1.16103,1.15704,1.16046,16726.0,2026-03-05 20:00:00
1772744400,1.16046,1.16104,1.16018,1.16086,3480.0,2026-03-05 21:00:00
1772748000,1.16088,1.16102,1.16079,1.16085,552.0,2026-03-05 22:00:00
1772751600,1.16082,1.16104,1.16034,1.16066,2027.0,2026-03-05 23:00:00
1772755200,1.16066,1.16144,1.16054,1.1611,4331.0,2026-03-06 00:00:00
1772758800,1.16108,1.16202,1.1607,1.16151,6963.0,2026-03-06 01:00:00
1772762400,1.1615,1.16206,1.16142,1.16165,4178.0,2026-03-06 02:00:00
1772766000,1.16162,1.16208,1.16162,1.16202,2933.0,2026-03-06 03:00:00
1772769600,1.16202,1.16212,1.16132,1.16138,2887.0,2026-03-06 04:00:00
1772773200,1.16137,1.16168,1.16057,1.16064,4392.0,2026-03-06 05:00:00
1772776800,1.16064,1.16121,1.16019,1.16118,4477.0,2026-03-06 06:00:00
1772780400,1.16117,1.16183,1.16064,1.16146,6027.0,2026-03-06 07:00:00
1772784000,1.16147,1.16147,1.16016,1.1603,8122.0,2026-03-06 08:00:00
1772787600,1.1603,1.1603,1.15718,1.15744,10496.0,2026-03-06 09:00:00
1772791200,1.15743,1.15852,1.15728,1.15785,8009.0,2026-03-06 10:00:00
1772794800,1.15784,1.15814,1.1561,1.15624,10083.0,2026-03-06 11:00:00
1772798400,1.15626,1.15688,1.15522,1.1555,10656.0,2026-03-06 12:00:00
1772802000,1.15548,1.15964,1.15502,1.1555,27221.0,2026-03-06 13:00:00
1772805600,1.1555,1.15747,1.15461,1.1572,24151.0,2026-03-06 14:00:00
1772809200,1.15721,1.1593,1.15704,1.15796,23426.0,2026-03-06 15:00:00
1772812800,1.15796,1.16131,1.1579,1.16056,16774.0,2026-03-06 16:00:00
1772816400,1.16056,1.16096,1.15946,1.15956,14758.0,2026-03-06 17:00:00
1772820000,1.15958,1.16214,1.1593,1.15986,13520.0,2026-03-06 18:00:00
1772823600,1.15988,1.16096,1.15968,1.16014,8412.0,2026-03-06 19:00:00
1772827200,1.16014,1.16099,1.15956,1.1606,7208.0,2026-03-06 20:00:00
1772830800,1.1606,1.16187,1.16052,1.16168,5665.0,2026-03-06 21:00:00
1773003600,1.1549,1.15574,1.15458,1.15475,1407.0,2026-03-08 21:00:00
1773007200,1.15475,1.15528,1.15258,1.1536,11089.0,2026-03-08 22:00:00
1773010800,1.15359,1.15402,1.15213,1.15244,9192.0,2026-03-08 23:00:00
1773014400,1.15245,1.15316,1.15162,1.15172,10531.0,2026-03-09 00:00:00
1773018000,1.15172,1.15239,1.15072,1.15092,11511.0,2026-03-09 01:00:00
1773021600,1.15092,1.15282,1.15084,1.15248,11569.0,2026-03-09 02:00:00
1773025200,1.15249,1.15289,1.15127,1.15168,7120.0,2026-03-09 03:00:00
1773028800,1.15168,1.15296,1.15161,1.1526,5772.0,2026-03-09 04:00:00
1773032400,1.15259,1.15716,1.1524,1.15676,16247.0,2026-03-09 05:00:00
1773036000,1.15676,1.15692,1.15446,1.15447,13774.0,2026-03-09 06:00:00
1773039600,1.15448,1.15652,1.15354,1.15636,17403.0,2026-03-09 07:00:00
1773043200,1.15638,1.15652,1.15154,1.15348,19754.0,2026-03-09 08:00:00
1773046800,1.15348,1.15732,1.1531,1.15541,21011.0,2026-03-09 09:00:00
1773050400,1.15542,1.1565,1.15469,1.15605,16726.0,2026-03-09 10:00:00
1773054000,1.15607,1.1568,1.15552,1.15615,12980.0,2026-03-09 11:00:00
1773057600,1.15616,1.15685,1.15502,1.15534,13155.0,2026-03-09 12:00:00
1773061200,1.15536,1.15878,1.15525,1.15759,19936.0,2026-03-09 13:00:00
1773064800,1.15758,1.15782,1.15474,1.1573,28953.0,2026-03-09 14:00:00
1773068400,1.15732,1.15938,1.15722,1.15916,16881.0,2026-03-09 15:00:00
1773072000,1.15916,1.15994,1.15852,1.15876,11646.0,2026-03-09 16:00:00
1773075600,1.15876,1.15895,1.15785,1.15788,8776.0,2026-03-09 17:00:00
1773079200,1.15789,1.15844,1.1576,1.15765,6779.0,2026-03-09 18:00:00
1773082800,1.15766,1.16339,1.15753,1.16091,27994.0,2026-03-09 19:00:00
1773086400,1.1609,1.16378,1.16088,1.16372,6616.0,2026-03-09 20:00:00
1773090000,1.16365,1.16375,1.16334,1.16372,815.0,2026-03-09 21:00:00
1773093600,1.16376,1.16458,1.16227,1.16294,5525.0,2026-03-09 22:00:00
1773097200,1.16296,1.16316,1.1615,1.16166,4749.0,2026-03-09 23:00:00
1773100800,1.16166,1.16356,1.16116,1.16264,9923.0,2026-03-10 00:00:00
1773104400,1.16262,1.163,1.16118,1.162,11009.0,2026-03-10 01:00:00
1773108000,1.162,1.1627,1.16118,1.16132,6668.0,2026-03-10 02:00:00
1773111600,1.16132,1.16156,1.16079,1.16096,5311.0,2026-03-10 03:00:00
1773115200,1.16097,1.16144,1.1607,1.16118,3822.0,2026-03-10 04:00:00
1773118800,1.16118,1.16204,1.16117,1.16204,4504.0,2026-03-10 05:00:00
1773122400,1.16204,1.16376,1.16204,1.16325,6062.0,2026-03-10 06:00:00
1773126000,1.16325,1.16636,1.16278,1.16605,11086.0,2026-03-10 07:00:00
1773129600,1.16602,1.16619,1.16432,1.16458,11686.0,2026-03-10 08:00:00
1773133200,1.16456,1.1659,1.16439,1.16515,8756.0,2026-03-10 09:00:00
1773136800,1.16516,1.16517,1.16203,1.16395,10422.0,2026-03-10 10:00:00
1773140400,1.16396,1.16532,1.16362,1.16384,12668.0,2026-03-10 11:00:00
1773144000,1.16386,1.1641,1.16214,1.16345,13298.0,2026-03-10 12:00:00
1773147600,1.16346,1.16488,1.16291,1.16324,15361.0,2026-03-10 13:00:00
1773151200,1.16324,1.16504,1.1627,1.16484,12713.0,2026-03-10 14:00:00
1773154800,1.16482,1.16552,1.16398,1.16476,10100.0,2026-03-10 15:00:00
1773158400,1.16476,1.16546,1.16392,1.1652,7915.0,2026-03-10 16:00:00
1773162000,1.16518,1.16672,1.16414,1.16452,12854.0,2026-03-10 17:00:00
1773165600,1.16453,1.1646,1.16139,1.16246,24265.0,2026-03-10 18:00:00
1773169200,1.16246,1.16287,1.16058,1.16142,13906.0,2026-03-10 19:00:00
1773172800,1.16141,1.16154,1.16078,1.16084,3730.0,2026-03-10 20:00:00
1773176400,1.16091,1.16119,1.16075,1.16104,1181.0,2026-03-10 21:00:00
1773180000,1.16107,1.16133,1.16029,1.1605,1513.0,2026-03-10 22:00:00
1773183600,1.1605,1.1612,1.16048,1.16116,2156.0,2026-03-10 23:00:00
1773187200,1.16115,1.16248,1.16057,1.1618,7240.0,2026-03-11 00:00:00
1773190800,1.1618,1.16281,1.16125,1.16269,6714.0,2026-03-11 01:00:00
1773194400,1.1627,1.16294,1.16188,1.1626,5803.0,2026-03-11 02:00:00
1773198000,1.16259,1.16318,1.16252,1.16304,3334.0,2026-03-11 03:00:00
1773201600,1.16304,1.16352,1.16279,1.16338,3319.0,2026-03-11 04:00:00
1773205200,1.16338,1.16362,1.16302,1.1633,4158.0,2026-03-11 05:00:00
1773208800,1.16332,1.16409,1.16299,1.16334,5819.0,2026-03-11 06:00:00
1773212400,1.16333,1.16456,1.16135,1.1617,13113.0,2026-03-11 07:00:00
1773216000,1.1617,1.16214,1.16036,1.16126,11359.0,2026-03-11 08:00:00
1773219600,1.16127,1.1614,1.15904,1.15922,14850.0,2026-03-11 09:00:00
1773223200,1.15922,1.16118,1.15911,1.16071,8837.0,2026-03-11 10:00:00
1773226800,1.16071,1.16108,1.15946,1.15946,9597.0,2026-03-11 11:00:00
1773230400,1.15946,1.16056,1.15774,1.15824,14821.0,2026-03-11 12:00:00
1773234000,1.15825,1.15934,1.15778,1.15917,13508.0,2026-03-11 13:00:00
1773237600,1.15917,1.16128,1.15812,1.1582,26834.0,2026-03-11 14:00:00
1773241200,1.15819,1.15842,1.15656,1.15662,11562.0,2026-03-11 15:00:00
1773244800,1.15662,1.15767,1.15632,1.1571,9823.0,2026-03-11 16:00:00
1773248400,1.1571,1.15764,1.15608,1.15712,10182.0,2026-03-11 17:00:00
1773252000,1.15712,1.15744,1.15642,1.15716,7017.0,2026-03-11 18:00:00
1773255600,1.15718,1.15764,1.15681,1.15732,4413.0,2026-03-11 19:00:00
1773259200,1.15735,1.15738,1.1565,1.1567,1991.0,2026-03-11 20:00:00
1773262800,1.15668,1.15745,1.15658,1.15739,914.0,2026-03-11 21:00:00
1773266400,1.15744,1.15745,1.15496,1.15502,3295.0,2026-03-11 22:00:00
1773270000,1.15501,1.15539,1.15398,1.15428,3580.0,2026-03-11 23:00:00
1773273600,1.15428,1.155,1.15342,1.15458,6189.0,2026-03-12 00:00:00
1773277200,1.1546,1.15556,1.15454,1.15508,6009.0,2026-03-12 01:00:00
1773280800,1.15508,1.15544,1.15323,1.1539,5121.0,2026-03-12 02:00:00
1773284400,1.15389,1.15404,1.15332,1.15384,4335.0,2026-03-12 03:00:00
1773288000,1.15383,1.154,1.15321,1.15332,2601.0,2026-03-12 04:00:00
1773291600,1.1533,1.15452,1.15327,1.15395,5177.0,2026-03-12 05:00:00
1773295200,1.15394,1.15515,1.15392,1.15479,5250.0,2026-03-12 06:00:00
1773298800,1.15478,1.15528,1.15416,1.15512,6643.0,2026-03-12 07:00:00
1773302400,1.15512,1.15561,1.15433,1.15474,7079.0,2026-03-12 08:00:00
1773306000,1.15473,1.15613,1.15446,1.15596,5420.0,2026-03-12 09:00:00
1773309600,1.15596,1.15629,1.15494,1.15578,5403.0,2026-03-12 10:00:00
1773313200,1.15578,1.15663,1.15525,1.15564,6116.0,2026-03-12 11:00:00
1773316800,1.15565,1.15574,1.15326,1.15393,8522.0,2026-03-12 12:00:00
1773320400,1.15394,1.15504,1.15202,1.15262,16099.0,2026-03-12 13:00:00
1773324000,1.15262,1.15332,1.15158,1.15206,14760.0,2026-03-12 14:00:00
1773327600,1.15205,1.15288,1.1511,1.1522,18233.0,2026-03-12 15:00:00
1773331200,1.15218,1.15327,1.15137,1.1522,13349.0,2026-03-12 16:00:00
1773334800,1.1522,1.15319,1.15193,1.1522,9155.0,2026-03-12 17:00:00
1773338400,1.15219,1.15244,1.15114,1.15122,5934.0,2026-03-12 18:00:00
1773342000,1.15122,1.15185,1.15107,1.15152,5145.0,2026-03-12 19:00:00
1773345600,1.15151,1.15164,1.15102,1.15109,2316.0,2026-03-12 20:00:00
1773349200,1.1513,1.15138,1.15113,1.15126,641.0,2026-03-12 21:00:00
1773352800,1.15126,1.15214,1.1511,1.1519,2140.0,2026-03-12 22:00:00
1773356400,1.1519,1.15231,1.1515,1.1521,2284.0,2026-03-12 23:00:00
1773360000,1.15212,1.15284,1.15205,1.15235,4841.0,2026-03-13 00:00:00
1773363600,1.15235,1.15298,1.15146,1.15166,4754.0,2026-03-13 01:00:00
1773367200,1.15165,1.15222,1.15112,1.15138,4434.0,2026-03-13 02:00:00
1773370800,1.15135,1.15158,1.15048,1.15092,3984.0,2026-03-13 03:00:00
1773374400,1.1509,1.15092,1.15,1.15034,3212.0,2026-03-13 04:00:00
1773378000,1.15033,1.15066,1.14999,1.15009,3133.0,2026-03-13 05:00:00
1773381600,1.1501,1.15034,1.14824,1.14828,5723.0,2026-03-13 06:00:00
1773385200,1.14829,1.14838,1.14542,1.1458,9222.0,2026-03-13 07:00:00
1773388800,1.14579,1.14592,1.1433,1.14452,12145.0,2026-03-13 08:00:00
1773392400,1.14452,1.14616,1.14452,1.14532,9426.0,2026-03-13 09:00:00
1773396000,1.14532,1.14722,1.1452,1.14584,7727.0,2026-03-13 10:00:00
1773399600,1.14582,1.14708,1.14554,1.14686,10428.0,2026-03-13 11:00:00
1773403200,1.14684,1.14886,1.14611,1.14779,14810.0,2026-03-13 12:00:00
1773406800,1.1478,1.14902,1.14738,1.14788,13729.0,2026-03-13 13:00:00
1773410400,1.1479,1.14848,1.14556,1.14572,14012.0,2026-03-13 14:00:00
1773414000,1.14572,1.14612,1.14345,1.14431,14456.0,2026-03-13 15:00:00
1773417600,1.14432,1.14505,1.14362,1.14422,11910.0,2026-03-13 16:00:00
1773421200,1.1442,1.14462,1.14337,1.14424,8229.0,2026-03-13 17:00:00
1773424800,1.14424,1.14429,1.14318,1.1436,5972.0,2026-03-13 18:00:00
1773428400,1.1436,1.14369,1.142,1.14224,5169.0,2026-03-13 19:00:00
1773432000,1.14223,1.14228,1.1411,1.14164,3726.0,2026-03-13 20:00:00
1773608400,1.1424,1.14308,1.14232,1.14305,1083.0,2026-03-15 21:00:00
1773612000,1.14284,1.14337,1.1419,1.14298,4983.0,2026-03-15 22:00:00
1773615600,1.14298,1.14358,1.14261,1.14355,4570.0,2026-03-15 23:00:00
1773619200,1.14356,1.14556,1.1435,1.14549,6346.0,2026-03-16 00:00:00
1773622800,1.1455,1.14566,1.14397,1.14494,6838.0,2026-03-16 01:00:00
1773626400,1.14494,1.14516,1.1445,1.14481,4482.0,2026-03-16 02:00:00
1773630000,1.14482,1.1454,1.14458,1.14506,3086.0,2026-03-16 03:00:00
1773633600,1.14505,1.14516,1.14416,1.14416,2337.0,2026-03-16 04:00:00
1773637200,1.14416,1.14434,1.14332,1.14346,3188.0,2026-03-16 05:00:00
1773640800,1.14344,1.14365,1.14242,1.14316,4604.0,2026-03-16 06:00:00
1773644400,1.14316,1.14348,1.14143,1.1426,6765.0,2026-03-16 07:00:00
1773648000,1.14259,1.14454,1.14259,1.14448,9661.0,2026-03-16 08:00:00
1773651600,1.1445,1.14527,1.1441,1.14501,7756.0,2026-03-16 09:00:00
1773655200,1.145,1.14779,1.14478,1.14753,8675.0,2026-03-16 10:00:00
1773658800,1.14754,1.14872,1.14709,1.14794,7198.0,2026-03-16 11:00:00
1773662400,1.14794,1.1488,1.14722,1.14739,8675.0,2026-03-16 12:00:00
1773666000,1.1474,1.15009,1.1474,1.15003,9446.0,2026-03-16 13:00:00
1773669600,1.15002,1.15022,1.14804,1.14888,11987.0,2026-03-16 14:00:00
1773673200,1.14888,1.15004,1.14804,1.1487,7844.0,2026-03-16 15:00:00
1773676800,1.14869,1.14993,1.14776,1.14935,8910.0,2026-03-16 16:00:00
1773680400,1.14936,1.15042,1.14906,1.14922,9034.0,2026-03-16 17:00:00
1773684000,1.14922,1.15238,1.14922,1.15186,6978.0,2026-03-16 18:00:00
1773687600,1.15188,1.1525,1.1506,1.1508,7224.0,2026-03-16 19:00:00
1773691200,1.15077,1.15105,1.15032,1.15056,2551.0,2026-03-16 20:00:00
1773694800,1.1506,1.15129,1.15056,1.15078,1035.0,2026-03-16 21:00:00
1773698400,1.1508,1.1508,1.1498,1.1499,1809.0,2026-03-16 22:00:00
1773702000,1.1499,1.15,1.14948,1.14984,2032.0,2026-03-16 23:00:00
1773705600,1.14985,1.14986,1.14892,1.14926,3920.0,2026-03-17 00:00:00
1773709200,1.14924,1.14957,1.14865,1.1493,4776.0,2026-03-17 01:00:00
1773712800,1.14931,1.14987,1.14912,1.14952,2136.0,2026-03-17 02:00:00
1773716400,1.14949,1.1503,1.14918,1.14919,3310.0,2026-03-17 03:00:00
1773720000,1.14918,1.15,1.14894,1.14972,1655.0,2026-03-17 04:00:00
1773723600,1.14972,1.14993,1.14782,1.14793,3461.0,2026-03-17 05:00:00
1773727200,1.14795,1.1482,1.1466,1.1482,5796.0,2026-03-17 06:00:00
1773730800,1.14818,1.15003,1.14798,1.1495,5410.0,2026-03-17 07:00:00
1773734400,1.14949,1.15182,1.14877,1.15105,8437.0,2026-03-17 08:00:00
1773738000,1.15107,1.15248,1.1508,1.15165,7260.0,2026-03-17 09:00:00
1773741600,1.15164,1.15164,1.1504,1.15062,6436.0,2026-03-17 10:00:00
1773745200,1.15063,1.15188,1.15046,1.15074,5861.0,2026-03-17 11:00:00
1773748800,1.15075,1.15246,1.15043,1.15242,7768.0,2026-03-17 12:00:00
1773752400,1.15244,1.15438,1.15244,1.15305,12272.0,2026-03-17 13:00:00
1773756000,1.15306,1.15386,1.15207,1.15333,9152.0,2026-03-17 14:00:00
1773759600,1.1533,1.1539,1.15206,1.1525,10987.0,2026-03-17 15:00:00
1773763200,1.1525,1.1533,1.15182,1.15281,8360.0,2026-03-17 16:00:00
1773766800,1.1528,1.15402,1.15265,1.15398,5404.0,2026-03-17 17:00:00
1773770400,1.15398,1.15472,1.15386,1.1539,4602.0,2026-03-17 18:00:00
1773774000,1.15392,1.15412,1.15339,1.15358,2615.0,2026-03-17 19:00:00
1773777600,1.15359,1.15424,1.15351,1.15401,1417.0,2026-03-17 20:00:00
1773781200,1.1538,1.15387,1.15359,1.1537,1273.0,2026-03-17 21:00:00
1773784800,1.15368,1.15446,1.15368,1.15398,2408.0,2026-03-17 22:00:00
1773788400,1.15399,1.15412,1.15374,1.15392,5866.0,2026-03-17 23:00:00
1773792000,1.15393,1.15441,1.1532,1.15326,6318.0,2026-03-18 00:00:00
1773795600,1.15327,1.15403,1.15322,1.1534,3672.0,2026-03-18 01:00:00
1773799200,1.15341,1.15382,1.15322,1.15326,2437.0,2026-03-18 02:00:00
1773802800,1.15326,1.15368,1.15322,1.15362,1531.0,2026-03-18 03:00:00
1773806400,1.15362,1.15426,1.15362,1.15417,1823.0,2026-03-18 04:00:00
1773810000,1.15417,1.1547,1.15402,1.15456,2287.0,2026-03-18 05:00:00
1773813600,1.15456,1.15494,1.15396,1.15423,3377.0,2026-03-18 06:00:00
1773817200,1.15424,1.15458,1.15234,1.15264,4457.0,2026-03-18 07:00:00
1773820800,1.15264,1.15343,1.15178,1.15325,5755.0,2026-03-18 08:00:00
1773824400,1.15324,1.15396,1.15252,1.15388,4343.0,2026-03-18 09:00:00
1773828000,1.15388,1.1544,1.15338,1.15399,3489.0,2026-03-18 10:00:00
1773831600,1.15398,1.15554,1.153,1.15467,8470.0,2026-03-18 11:00:00
1773835200,1.15468,1.15481,1.15056,1.15075,16350.0,2026-03-18 12:00:00
1773838800,1.15074,1.15156,1.14906,1.1515,15307.0,2026-03-18 13:00:00
1773842400,1.15149,1.15276,1.15042,1.15166,13888.0,2026-03-18 14:00:00
1773846000,1.15162,1.15296,1.15116,1.1513,11148.0,2026-03-18 15:00:00
1773849600,1.15129,1.15222,1.15069,1.15108,7653.0,2026-03-18 16:00:00
1773853200,1.15108,1.15175,1.15026,1.1517,6858.0,2026-03-18 17:00:00
1773856800,1.15172,1.15252,1.1477,1.14772,19030.0,2026-03-18 18:00:00
1773860400,1.14772,1.14827,1.14685,1.14695,10024.0,2026-03-18 19:00:00
1773864000,1.14692,1.14706,1.14499,1.14516,4435.0,2026-03-18 20:00:00
1773867600,1.14516,1.14728,1.14516,1.14679,1198.0,2026-03-18 21:00:00
1773871200,1.14674,1.14676,1.14512,1.14568,3297.0,2026-03-18 22:00:00
1773874800,1.14564,1.14659,1.14554,1.14634,4221.0,2026-03-18 23:00:00
1773878400,1.14632,1.14744,1.14622,1.14741,5504.0,2026-03-19 00:00:00
1773882000,1.14742,1.14837,1.14734,1.14762,5489.0,2026-03-19 01:00:00
1773885600,1.14763,1.14914,1.14718,1.1482,6393.0,2026-03-19 02:00:00
1773889200,1.14822,1.14834,1.14746,1.14746,2851.0,2026-03-19 03:00:00
1773892800,1.14744,1.1475,1.1467,1.1469,2705.0,2026-03-19 04:00:00
1773896400,1.14688,1.14712,1.14634,1.14662,3329.0,2026-03-19 05:00:00
1773900000,1.14661,1.14768,1.1461,1.14653,6021.0,2026-03-19 06:00:00
1773903600,1.14654,1.14753,1.14508,1.14526,12116.0,2026-03-19 07:00:00
1773907200,1.14526,1.14594,1.1443,1.1451,13876.0,2026-03-19 08:00:00
1773910800,1.14512,1.14882,1.1451,1.14804,18980.0,2026-03-19 09:00:00
1773914400,1.14804,1.14804,1.14666,1.1474,9364.0,2026-03-19 10:00:00
1773918000,1.14738,1.14814,1.14657,1.14797,7610.0,2026-03-19 11:00:00
1773921600,1.14796,1.14899,1.14628,1.14873,18514.0,2026-03-19 12:00:00
1773925200,1.14871,1.15274,1.14692,1.1518,33308.0,2026-03-19 13:00:00
1773928800,1.15181,1.15284,1.15005,1.15164,27231.0,2026-03-19 14:00:00
1773932400,1.15163,1.1539,1.14986,1.15142,18613.0,2026-03-19 15:00:00
1773936000,1.1514,1.1538,1.15119,1.15358,19426.0,2026-03-19 16:00:00
1773939600,1.15359,1.15676,1.15358,1.15602,10761.0,2026-03-19 17:00:00
1773943200,1.15602,1.15843,1.15509,1.15838,9872.0,2026-03-19 18:00:00
1773946800,1.15838,1.16164,1.15772,1.15848,26250.0,2026-03-19 19:00:00
1773950400,1.15848,1.15903,1.15806,1.15891,3503.0,2026-03-19 20:00:00
1773954000,1.15886,1.1589,1.15828,1.15834,627.0,2026-03-19 21:00:00
1773957600,1.15832,1.15952,1.15778,1.15785,2983.0,2026-03-19 22:00:00
1773961200,1.15786,1.15818,1.15746,1.15766,2951.0,2026-03-19 23:00:00
1773964800,1.15766,1.15801,1.1571,1.15739,3987.0,2026-03-20 00:00:00
1773968400,1.15738,1.15771,1.15636,1.15651,5589.0,2026-03-20 01:00:00
1773972000,1.15653,1.1568,1.15618,1.15637,3092.0,2026-03-20 02:00:00
1773975600,1.15638,1.15638,1.15563,1.15568,2466.0,2026-03-20 03:00:00
1773979200,1.15568,1.15598,1.1555,1.15556,1887.0,2026-03-20 04:00:00
1773982800,1.15556,1.15612,1.15524,1.15526,2635.0,2026-03-20 05:00:00
1773986400,1.15526,1.15663,1.15526,1.15592,3536.0,2026-03-20 06:00:00
1773990000,1.15591,1.15754,1.15558,1.15733,8217.0,2026-03-20 07:00:00
1773993600,1.15734,1.15808,1.15676,1.15678,8309.0,2026-03-20 08:00:00
1773997200,1.15678,1.1573,1.15478,1.15488,9298.0,2026-03-20 09:00:00
1774000800,1.15486,1.15626,1.15351,1.156,9238.0,2026-03-20 10:00:00
1774004400,1.156,1.158,1.15574,1.15716,8006.0,2026-03-20 11:00:00
1774008000,1.15716,1.15798,1.15622,1.15644,13450.0,2026-03-20 12:00:00
1774011600,1.15646,1.1566,1.154,1.15412,14591.0,2026-03-20 13:00:00
1774015200,1.15412,1.1544,1.15246,1.15349,17775.0,2026-03-20 14:00:00
1774018800,1.1535,1.15578,1.15349,1.15421,18740.0,2026-03-20 15:00:00
1774022400,1.15422,1.15666,1.15414,1.15592,11141.0,2026-03-20 16:00:00
1774026000,1.15594,1.15706,1.15498,1.15579,12751.0,2026-03-20 17:00:00
1774029600,1.15582,1.15716,1.15476,1.15506,12998.0,2026-03-20 18:00:00
1774033200,1.15506,1.1562,1.1547,1.15584,8698.0,2026-03-20 19:00:00
1774036800,1.15582,1.15722,1.15574,1.15711,3975.0,2026-03-20 20:00:00
1774213200,1.15378,1.1547,1.15372,1.1542,337.0,2026-03-22 21:00:00
1774216800,1.15422,1.15628,1.15412,1.15583,3803.0,2026-03-22 22:00:00
1774220400,1.15584,1.15648,1.15574,1.15621,4523.0,2026-03-22 23:00:00
1774224000,1.15622,1.15644,1.15386,1.15444,9917.0,2026-03-23 00:00:00
1774227600,1.15443,1.15617,1.15443,1.15544,10497.0,2026-03-23 01:00:00
1774231200,1.15546,1.15574,1.1543,1.15467,6551.0,2026-03-23 02:00:00
1774234800,1.15468,1.15504,1.15426,1.15472,4334.0,2026-03-23 03:00:00
1774238400,1.15474,1.15516,1.15458,1.15506,3235.0,2026-03-23 04:00:00
1774242000,1.15504,1.15525,1.15342,1.15342,5185.0,2026-03-23 05:00:00
1774245600,1.15342,1.15344,1.15205,1.15306,8474.0,2026-03-23 06:00:00
1774249200,1.15306,1.15404,1.15237,1.15272,10856.0,2026-03-23 07:00:00
1774252800,1.15274,1.15462,1.1526,1.15297,13965.0,2026-03-23 08:00:00
1774256400,1.15301,1.15344,1.14911,1.1495,11357.0,2026-03-23 09:00:00
1774260000,1.14948,1.15014,1.14846,1.14858,10959.0,2026-03-23 10:00:00
1774263600,1.14862,1.162,1.1486,1.15564,70519.0,2026-03-23 11:00:00
1774267200,1.15564,1.16144,1.15464,1.16127,41004.0,2026-03-23 12:00:00
1774270800,1.1613,1.16156,1.158,1.15998,39552.0,2026-03-23 13:00:00
1774274400,1.15997,1.16399,1.1593,1.16153,35721.0,2026-03-23 14:00:00
1774278000,1.16152,1.16312,1.1582,1.15862,29217.0,2026-03-23 15:00:00
1774281600,1.15859,1.16008,1.15764,1.15911,24031.0,2026-03-23 16:00:00
1774285200,1.15912,1.16098,1.15867,1.16018,16240.0,2026-03-23 17:00:00
1774288800,1.16018,1.16374,1.15918,1.1635,15545.0,2026-03-23 18:00:00
1774292400,1.16348,1.16354,1.16128,1.16133,8092.0,2026-03-23 19:00:00
1774296000,1.16132,1.16153,1.16096,1.16112,2506.0,2026-03-23 20:00:00
1774299600,1.16138,1.16154,1.16124,1.16148,554.0,2026-03-23 21:00:00
1774303200,1.16148,1.16178,1.16082,1.16148,2663.0,2026-03-23 22:00:00
1774306800,1.16148,1.16159,1.1606,1.1608,3595.0,2026-03-23 23:00:00
1774310400,1.1608,1.16088,1.15812,1.15884,11762.0,2026-03-24 00:00:00
1774314000,1.15886,1.1596,1.15786,1.15846,10721.0,2026-03-24 01:00:00
1774317600,1.15845,1.15924,1.15828,1.15859,7963.0,2026-03-24 02:00:00
1774321200,1.1586,1.15894,1.15814,1.1583,5029.0,2026-03-24 03:00:00
1774324800,1.15832,1.15836,1.15758,1.15802,3997.0,2026-03-24 04:00:00
1774328400,1.15803,1.15893,1.15758,1.15838,7163.0,2026-03-24 05:00:00
1774332000,1.15837,1.15925,1.15792,1.15919,9356.0,2026-03-24 06:00:00
1774335600,1.15918,1.1618,1.15892,1.16086,14015.0,2026-03-24 07:00:00
1774339200,1.16086,1.16094,1.15816,1.15884,14968.0,2026-03-24 08:00:00
1774342800,1.15886,1.1597,1.15788,1.15948,10355.0,2026-03-24 09:00:00
1774346400,1.15948,1.15964,1.15833,1.15922,8046.0,2026-03-24 10:00:00
1774350000,1.1592,1.16008,1.15789,1.15893,9955.0,2026-03-24 11:00:00
1774353600,1.15894,1.15994,1.1581,1.15846,12016.0,2026-03-24 12:00:00
1774357200,1.15848,1.15907,1.15672,1.15776,21533.0,2026-03-24 13:00:00
1774360800,1.15775,1.1607,1.15773,1.15896,22988.0,2026-03-24 14:00:00
1774364400,1.15894,1.15974,1.15759,1.15778,19179.0,2026-03-24 15:00:00
1774368000,1.15778,1.15924,1.15741,1.15827,10219.0,2026-03-24 16:00:00
1774371600,1.15826,1.15843,1.1557,1.15762,19844.0,2026-03-24 17:00:00
1774375200,1.15762,1.15925,1.15678,1.15822,13454.0,2026-03-24 18:00:00
1774378800,1.15822,1.15928,1.15822,1.15856,6983.0,2026-03-24 19:00:00
1774382400,1.15854,1.16284,1.15829,1.16076,16612.0,2026-03-24 20:00:00
1774386000,1.16064,1.16134,1.16018,1.1612,1787.0,2026-03-24 21:00:00
1774389600,1.1611,1.16192,1.16045,1.16142,3914.0,2026-03-24 22:00:00
1774393200,1.16142,1.16182,1.16084,1.16138,4052.0,2026-03-24 23:00:00
1774396800,1.16138,1.16307,1.16126,1.16234,9562.0,2026-03-25 00:00:00
1774400400,1.16232,1.16245,1.16118,1.16121,8568.0,2026-03-25 01:00:00
1774404000,1.16122,1.16131,1.16012,1.16042,5090.0,2026-03-25 02:00:00
1774407600,1.16042,1.16058,1.16008,1.16039,3387.0,2026-03-25 03:00:00
1774411200,1.16038,1.16042,1.15975,1.15979,3058.0,2026-03-25 04:00:00
1774414800,1.15978,1.15982,1.1589,1.15922,4191.0,2026-03-25 05:00:00
1774418400,1.15922,1.15998,1.1587,1.15964,4964.0,2026-03-25 06:00:00
1774422000,1.15961,1.16053,1.15884,1.15976,8344.0,2026-03-25 07:00:00
1774425600,1.15977,1.16166,1.15906,1.16027,12623.0,2026-03-25 08:00:00
1774429200,1.16028,1.16093,1.15914,1.15992,8439.0,2026-03-25 09:00:00
1774432800,1.15993,1.16057,1.15958,1.16044,7024.0,2026-03-25 10:00:00
1774436400,1.16044,1.16114,1.15942,1.16055,7929.0,2026-03-25 11:00:00
1774440000,1.16056,1.16138,1.15864,1.15914,14997.0,2026-03-25 12:00:00
1774443600,1.15915,1.1599,1.15716,1.15729,14033.0,2026-03-25 13:00:00
1774447200,1.1573,1.15878,1.15664,1.15861,14462.0,2026-03-25 14:00:00
1774450800,1.1586,1.15894,1.1563,1.157,14550.0,2026-03-25 15:00:00
1774454400,1.15698,1.15766,1.15554,1.15676,12468.0,2026-03-25 16:00:00
1774458000,1.15674,1.15838,1.15648,1.15784,8849.0,2026-03-25 17:00:00
1774461600,1.15783,1.15812,1.1561,1.15666,7208.0,2026-03-25 18:00:00
1774465200,1.15665,1.15666,1.15592,1.15633,6139.0,2026-03-25 19:00:00
1774468800,1.15632,1.15636,1.1556,1.15592,2085.0,2026-03-25 20:00:00
1774472400,1.1559,1.15622,1.1559,1.15608,527.0,2026-03-25 21:00:00
1774476000,1.1561,1.15626,1.1556,1.15604,1202.0,2026-03-25 22:00:00
1774479600,1.15605,1.15621,1.15589,1.15614,1813.0,2026-03-25 23:00:00
1774483200,1.15614,1.15648,1.1554,1.15583,4106.0,2026-03-26 00:00:00
1774486800,1.15581,1.1567,1.15581,1.15644,4158.0,2026-03-26 01:00:00
1774490400,1.15643,1.15658,1.15548,1.15589,3424.0,2026-03-26 02:00:00
1774494000,1.15586,1.15698,1.15579,1.15688,2921.0,2026-03-26 03:00:00
1774497600,1.15688,1.15724,1.15674,1.15694,2488.0,2026-03-26 04:00:00
1774501200,1.15696,1.15699,1.15578,1.15579,3717.0,2026-03-26 05:00:00
1774504800,1.15578,1.15671,1.15519,1.15666,5406.0,2026-03-26 06:00:00
1774508400,1.15668,1.15668,1.15506,1.15539,6236.0,2026-03-26 07:00:00
1774512000,1.15538,1.15611,1.15476,1.15598,7891.0,2026-03-26 08:00:00
1774515600,1.15597,1.1565,1.15526,1.15596,7163.0,2026-03-26 09:00:00
1774519200,1.15596,1.15652,1.15546,1.15573,6464.0,2026-03-26 10:00:00
1774522800,1.15572,1.15588,1.15234,1.15243,6215.0,2026-03-26 11:00:00
1774526400,1.15244,1.15355,1.15226,1.15351,8956.0,2026-03-26 12:00:00
1774530000,1.15352,1.15526,1.15351,1.15424,12071.0,2026-03-26 13:00:00
1774533600,1.15423,1.1555,1.15369,1.15476,16739.0,2026-03-26 14:00:00
1774537200,1.15476,1.15512,1.15314,1.15414,14299.0,2026-03-26 15:00:00
1774540800,1.15415,1.15432,1.15309,1.15357,8377.0,2026-03-26 16:00:00
1774544400,1.15356,1.15378,1.15255,1.15258,7018.0,2026-03-26 17:00:00
1774548000,1.15256,1.1534,1.15252,1.1534,4484.0,2026-03-26 18:00:00
1774551600,1.15342,1.15346,1.15216,1.15219,4510.0,2026-03-26 19:00:00
1774555200,1.1522,1.15591,1.15196,1.15294,14332.0,2026-03-26 20:00:00
1774558800,1.15322,1.1538,1.153,1.15342,1730.0,2026-03-26 21:00:00
1774562400,1.15342,1.15406,1.15329,1.15386,1821.0,2026-03-26 22:00:00
1774566000,1.15386,1.15399,1.1534,1.15344,1718.0,2026-03-26 23:00:00
1774569600,1.15343,1.15381,1.15244,1.15305,6451.0,2026-03-27 00:00:00
1774573200,1.15304,1.15409,1.15297,1.15404,5518.0,2026-03-27 01:00:00
1774576800,1.15406,1.15427,1.15362,1.15384,3535.0,2026-03-27 02:00:00
1774580400,1.15385,1.15403,1.15338,1.15392,2975.0,2026-03-27 03:00:00
1774584000,1.15392,1.15438,1.15371,1.15428,2502.0,2026-03-27 04:00:00
1774587600,1.15429,1.15463,1.15372,1.15412,4394.0,2026-03-27 05:00:00
1774591200,1.1541,1.15439,1.1534,1.15345,3682.0,2026-03-27 06:00:00
1774594800,1.15344,1.1535,1.15168,1.1519,5973.0,2026-03-27 07:00:00
1774598400,1.15187,1.15254,1.15158,1.15207,7726.0,2026-03-27 08:00:00
1774602000,1.15202,1.15262,1.15145,1.15193,6254.0,2026-03-27 09:00:00
1774605600,1.15192,1.1526,1.15102,1.15109,5894.0,2026-03-27 10:00:00
1774609200,1.1511,1.15141,1.15048,1.15077,5692.0,2026-03-27 11:00:00
1774612800,1.15076,1.15181,1.15018,1.15151,7827.0,2026-03-27 12:00:00
1774616400,1.15152,1.1533,1.15141,1.15242,11565.0,2026-03-27 13:00:00
1774620000,1.1524,1.15358,1.15232,1.15288,12163.0,2026-03-27 14:00:00
1774623600,1.15288,1.1548,1.1518,1.15194,14946.0,2026-03-27 15:00:00
1774627200,1.15194,1.15274,1.15148,1.15192,9215.0,2026-03-27 16:00:00
1774630800,1.1519,1.15292,1.15063,1.15126,7405.0,2026-03-27 17:00:00
1774634400,1.15124,1.152,1.1507,1.15136,5963.0,2026-03-27 18:00:00
1774638000,1.15135,1.1518,1.15099,1.15172,4524.0,2026-03-27 19:00:00
1774641600,1.15172,1.15208,1.15094,1.15114,5165.0,2026-03-27 20:00:00
1774818000,1.15029,1.15032,1.14996,1.15,382.0,2026-03-29 21:00:00
1774821600,1.15004,1.15026,1.14881,1.14886,4649.0,2026-03-29 22:00:00
1774825200,1.14886,1.14947,1.14876,1.14918,4885.0,2026-03-29 23:00:00
1774828800,1.1492,1.15128,1.14896,1.15068,10666.0,2026-03-30 00:00:00
1774832400,1.15068,1.1511,1.15029,1.15051,5827.0,2026-03-30 01:00:00
1774836000,1.1505,1.15153,1.15014,1.15114,4778.0,2026-03-30 02:00:00
1774839600,1.15114,1.15188,1.15103,1.15158,3432.0,2026-03-30 03:00:00
1774843200,1.15158,1.15213,1.15136,1.15136,2368.0,2026-03-30 04:00:00
1774846800,1.15136,1.15182,1.15097,1.15158,3596.0,2026-03-30 05:00:00
1774850400,1.15157,1.15202,1.15116,1.15128,5515.0,2026-03-30 06:00:00
1774854000,1.15126,1.15128,1.1494,1.14979,6669.0,2026-03-30 07:00:00
1774857600,1.14978,1.14988,1.14907,1.14962,6463.0,2026-03-30 08:00:00
1774861200,1.14963,1.14984,1.1484,1.14945,6301.0,2026-03-30 09:00:00
1774864800,1.14946,1.14974,1.1488,1.14892,5156.0,2026-03-30 10:00:00
1774868400,1.14893,1.15004,1.1484,1.14849,10318.0,2026-03-30 11:00:00
1774872000,1.1485,1.1489,1.1473,1.14828,9830.0,2026-03-30 12:00:00
1774875600,1.14827,1.1488,1.14622,1.14642,11726.0,2026-03-30 13:00:00
1774879200,1.14644,1.14706,1.14548,1.1465,13923.0,2026-03-30 14:00:00
1774882800,1.14651,1.14659,1.14432,1.14538,10341.0,2026-03-30 15:00:00
1774886400,1.14536,1.14613,1.14475,1.14602,6451.0,2026-03-30 16:00:00
1774890000,1.14602,1.14654,1.14557,1.14577,6158.0,2026-03-30 17:00:00
1774893600,1.14578,1.14662,1.1457,1.14609,4662.0,2026-03-30 18:00:00
1774897200,1.1461,1.14624,1.14538,1.14598,4334.0,2026-03-30 19:00:00
1774900800,1.14597,1.1463,1.14572,1.14618,2343.0,2026-03-30 20:00:00
1774904400,1.14587,1.14678,1.14586,1.14634,1290.0,2026-03-30 21:00:00
1774908000,1.14634,1.14657,1.14594,1.14596,1255.0,2026-03-30 22:00:00
1774911600,1.14594,1.14594,1.14524,1.14566,2178.0,2026-03-30 23:00:00
1774915200,1.14567,1.14763,1.14471,1.14748,10706.0,2026-03-31 00:00:00
1774918800,1.14747,1.14908,1.14734,1.1476,9763.0,2026-03-31 01:00:00
1774922400,1.14762,1.14796,1.14732,1.14758,4939.0,2026-03-31 02:00:00
1774926000,1.14759,1.14763,1.14664,1.14698,3455.0,2026-03-31 03:00:00
1774929600,1.14697,1.14728,1.1469,1.14692,2307.0,2026-03-31 04:00:00
1774933200,1.14692,1.14714,1.14624,1.14646,4353.0,2026-03-31 05:00:00
1774936800,1.14646,1.14744,1.14608,1.1472,6280.0,2026-03-31 06:00:00
1774940400,1.14718,1.14743,1.1463,1.14724,7692.0,2026-03-31 07:00:00
1774944000,1.14724,1.14758,1.14641,1.14672,7387.0,2026-03-31 08:00:00
1774947600,1.14672,1.14736,1.14621,1.14681,6583.0,2026-03-31 09:00:00
1774951200,1.14682,1.147,1.14582,1.1459,4449.0,2026-03-31 10:00:00
1774954800,1.1459,1.14912,1.14576,1.14911,12997.0,2026-03-31 11:00:00
1774958400,1.14912,1.15099,1.1487,1.1503,15069.0,2026-03-31 12:00:00
1774962000,1.15031,1.15326,1.15006,1.15323,13020.0,2026-03-31 13:00:00
1774965600,1.15324,1.15407,1.15111,1.15202,23756.0,2026-03-31 14:00:00
1774969200,1.15202,1.15331,1.15118,1.15173,20320.0,2026-03-31 15:00:00
1774972800,1.15174,1.15598,1.1514,1.15404,24145.0,2026-03-31 16:00:00
1774976400,1.15404,1.15566,1.15389,1.154,21999.0,2026-03-31 17:00:00
1774980000,1.15401,1.1551,1.15384,1.15447,10245.0,2026-03-31 18:00:00
1774983600,1.15446,1.15599,1.15388,1.15592,7258.0,2026-03-31 19:00:00
1774987200,1.15591,1.15634,1.15524,1.15532,4314.0,2026-03-31 20:00:00
1774990800,1.1554,1.15572,1.15535,1.15566,1140.0,2026-03-31 21:00:00
1774994400,1.15564,1.15602,1.15528,1.15588,1795.0,2026-03-31 22:00:00
1774998000,1.15587,1.15746,1.15571,1.1574,2762.0,2026-03-31 23:00:00
1775001600,1.1574,1.1579,1.15696,1.15745,5954.0,2026-04-01 00:00:00
1775005200,1.15744,1.15756,1.15549,1.15618,8093.0,2026-04-01 01:00:00
1775008800,1.15618,1.15711,1.15608,1.15688,3499.0,2026-04-01 02:00:00
1775012400,1.15688,1.15688,1.1559,1.15608,3144.0,2026-04-01 03:00:00
1775016000,1.15606,1.15666,1.15596,1.15654,2343.0,2026-04-01 04:00:00
1775019600,1.15654,1.15764,1.15648,1.15678,4327.0,2026-04-01 05:00:00
1775023200,1.15678,1.15928,1.1562,1.15913,13902.0,2026-04-01 06:00:00
1775026800,1.15914,1.15988,1.15772,1.15821,15348.0,2026-04-01 07:00:00
1775030400,1.1582,1.16108,1.15774,1.15964,13121.0,2026-04-01 08:00:00
1775034000,1.15966,1.16028,1.15809,1.15952,11282.0,2026-04-01 09:00:00
1775037600,1.15955,1.16038,1.15933,1.15997,8194.0,2026-04-01 10:00:00
1775041200,1.15998,1.16101,1.1598,1.16074,6592.0,2026-04-01 11:00:00
1775044800,1.16075,1.16238,1.15938,1.16047,17345.0,2026-04-01 12:00:00
1775048400,1.16048,1.16238,1.15986,1.16119,19452.0,2026-04-01 13:00:00
1775052000,1.16107,1.1627,1.16047,1.16226,18600.0,2026-04-01 14:00:00
1775055600,1.16228,1.16272,1.16053,1.16138,9983.0,2026-04-01 15:00:00
1775059200,1.16136,1.16192,1.16048,1.1619,7219.0,2026-04-01 16:00:00
1775062800,1.16192,1.16234,1.15938,1.1594,6939.0,2026-04-01 17:00:00
1775066400,1.15939,1.15944,1.15769,1.1579,8233.0,2026-04-01 18:00:00
1775070000,1.15791,1.15872,1.15763,1.15838,5475.0,2026-04-01 19:00:00
1775073600,1.15838,1.1592,1.15837,1.15908,2447.0,2026-04-01 20:00:00
1775077200,1.15888,1.15918,1.15852,1.15906,2772.0,2026-04-01 21:00:00
1775080800,1.15905,1.15945,1.15898,1.15912,1518.0,2026-04-01 22:00:00
1775084400,1.15913,1.15946,1.15891,1.15898,1848.0,2026-04-01 23:00:00
1775088000,1.15896,1.1598,1.1587,1.15957,5985.0,2026-04-02 00:00:00
1775091600,1.15954,1.16058,1.15457,1.15526,35352.0,2026-04-02 01:00:00
1775095200,1.15526,1.15604,1.15442,1.15468,10419.0,2026-04-02 02:00:00
1775098800,1.1547,1.1549,1.15378,1.15399,5526.0,2026-04-02 03:00:00
1775102400,1.15401,1.15421,1.15322,1.1537,4949.0,2026-04-02 04:00:00
1775106000,1.15372,1.1539,1.1525,1.15254,5705.0,2026-04-02 05:00:00
1775109600,1.15256,1.15356,1.15152,1.15345,8687.0,2026-04-02 06:00:00
1775113200,1.15346,1.1538,1.15188,1.15324,9427.0,2026-04-02 07:00:00
1775116800,1.15325,1.15358,1.15244,1.15254,6992.0,2026-04-02 08:00:00
1775120400,1.15254,1.1532,1.15217,1.15264,5409.0,2026-04-02 09:00:00
1775124000,1.15264,1.15269,1.15112,1.15123,6186.0,2026-04-02 10:00:00
1775127600,1.15124,1.15195,1.15092,1.15176,6487.0,2026-04-02 11:00:00
1775131200,1.15176,1.15312,1.15171,1.15248,9586.0,2026-04-02 12:00:00
1775134800,1.15248,1.15326,1.15204,1.15313,13542.0,2026-04-02 13:00:00
1775138400,1.15314,1.15639,1.15266,1.15512,27150.0,2026-04-02 14:00:00
1775142000,1.15513,1.15587,1.15416,1.15451,16661.0,2026-04-02 15:00:00
1775145600,1.1545,1.15482,1.15392,1.15394,9675.0,2026-04-02 16:00:00
1775149200,1.15393,1.15492,1.15364,1.15378,5815.0,2026-04-02 17:00:00
1775152800,1.15378,1.154,1.15331,1.15362,4892.0,2026-04-02 18:00:00
1775156400,1.15362,1.15438,1.15334,1.15346,4737.0,2026-04-02 19:00:00
1775160000,1.15348,1.154,1.15322,1.154,1917.0,2026-04-02 20:00:00
1775163600,1.15385,1.1543,1.15385,1.1542,767.0,2026-04-02 21:00:00
1775167200,1.1542,1.1544,1.15381,1.154,1038.0,2026-04-02 22:00:00
1775170800,1.15401,1.1543,1.15396,1.15416,1002.0,2026-04-02 23:00:00
1775174400,1.15416,1.15452,1.15382,1.15382,2276.0,2026-04-03 00:00:00
1775178000,1.15382,1.154,1.15338,1.1535,2380.0,2026-04-03 01:00:00
1775181600,1.15351,1.15384,1.15322,1.15362,2045.0,2026-04-03 02:00:00
1775185200,1.15362,1.15374,1.15342,1.15364,840.0,2026-04-03 03:00:00
1775188800,1.15364,1.15364,1.15338,1.15338,1639.0,2026-04-03 04:00:00
1775192400,1.15338,1.15383,1.15294,1.1538,1214.0,2026-04-03 05:00:00
1775196000,1.15379,1.15408,1.15352,1.15398,1251.0,2026-04-03 06:00:00
1775199600,1.15397,1.15464,1.15395,1.15429,1665.0,2026-04-03 07:00:00
1775203200,1.15428,1.15454,1.15403,1.1543,1490.0,2026-04-03 08:00:00
1775206800,1.1543,1.15458,1.15408,1.15432,1491.0,2026-04-03 09:00:00
1775210400,1.15432,1.15492,1.1542,1.15449,1368.0,2026-04-03 10:00:00
1775214000,1.1545,1.15468,1.15409,1.15443,1658.0,2026-04-03 11:00:00
1775217600,1.15444,1.1546,1.15177,1.1531,7854.0,2026-04-03 12:00:00
1775221200,1.15308,1.15386,1.1528,1.1535,3116.0,2026-04-03 13:00:00
1775224800,1.15352,1.15366,1.15209,1.15212,2652.0,2026-04-03 14:00:00
1775228400,1.15213,1.15279,1.15201,1.15222,4695.0,2026-04-03 15:00:00
1775232000,1.15222,1.15225,1.1519,1.1519,4067.0,2026-04-03 16:00:00
1775235600,1.1519,1.15219,1.15186,1.15202,3826.0,2026-04-03 17:00:00
1775239200,1.15202,1.15213,1.15142,1.15146,2548.0,2026-04-03 18:00:00
1775242800,1.15145,1.15161,1.15142,1.15146,352.0,2026-04-03 19:00:00
1775246400,1.15147,1.15348,1.15134,1.15222,1463.0,2026-04-03 20:00:00
1775422800,1.15238,1.1524,1.15202,1.15213,413.0,2026-04-05 21:00:00
1775426400,1.15212,1.15218,1.15053,1.1515,7293.0,2026-04-05 22:00:00
1775430000,1.15149,1.15168,1.15086,1.15098,3550.0,2026-04-05 23:00:00
1775433600,1.15098,1.15184,1.15094,1.15118,5272.0,2026-04-06 00:00:00
1775437200,1.15118,1.15144,1.15064,1.1507,4029.0,2026-04-06 01:00:00
1775440800,1.15071,1.15288,1.1507,1.15206,7400.0,2026-04-06 02:00:00
1775444400,1.15207,1.15232,1.15173,1.1519,3843.0,2026-04-06 03:00:00
1775448000,1.15192,1.15251,1.15186,1.15244,2305.0,2026-04-06 04:00:00
1775451600,1.15244,1.15297,1.1523,1.15255,3289.0,2026-04-06 05:00:00
1775455200,1.15254,1.15378,1.1522,1.15333,6455.0,2026-04-06 06:00:00
1775458800,1.15332,1.15688,1.15253,1.15645,9542.0,2026-04-06 07:00:00
1775462400,1.15646,1.15688,1.15538,1.15553,7339.0,2026-04-06 08:00:00
1775466000,1.15556,1.15606,1.15475,1.15506,5848.0,2026-04-06 09:00:00
1775469600,1.15506,1.15544,1.15377,1.15481,7335.0,2026-04-06 10:00:00
1775473200,1.15482,1.15501,1.15403,1.15458,5091.0,2026-04-06 11:00:00
1775476800,1.15458,1.15546,1.15426,1.15534,5146.0,2026-04-06 12:00:00
1775480400,1.15536,1.15614,1.15494,1.15597,7312.0,2026-04-06 13:00:00
1775484000,1.156,1.15716,1.15426,1.15432,17674.0,2026-04-06 14:00:00
1775487600,1.15432,1.15446,1.15356,1.15444,10079.0,2026-04-06 15:00:00
1775491200,1.15443,1.15482,1.15424,1.1545,5346.0,2026-04-06 16:00:00
1775494800,1.15451,1.15488,1.15342,1.15416,8986.0,2026-04-06 17:00:00
1775498400,1.15416,1.15528,1.15396,1.15457,9504.0,2026-04-06 18:00:00
1775502000,1.15458,1.15469,1.15407,1.15429,3110.0,2026-04-06 19:00:00
1775505600,1.1543,1.15445,1.15408,1.15433,2097.0,2026-04-06 20:00:00
1775509200,1.15414,1.15448,1.15409,1.15432,1321.0,2026-04-06 21:00:00
1775512800,1.15432,1.1548,1.15423,1.15428,3150.0,2026-04-06 22:00:00
1775516400,1.15428,1.15436,1.1539,1.15409,1228.0,2026-04-06 23:00:00
1775520000,1.15408,1.15439,1.15366,1.15376,4795.0,2026-04-07 00:00:00
1775523600,1.15376,1.15403,1.15272,1.15302,5417.0,2026-04-07 01:00:00
1775527200,1.15302,1.1532,1.15242,1.15298,3149.0,2026-04-07 02:00:00
1775530800,1.15298,1.15349,1.15288,1.15346,2347.0,2026-04-07 03:00:00
1775534400,1.15346,1.15389,1.1533,1.15383,2384.0,2026-04-07 04:00:00
1775538000,1.15385,1.15398,1.15302,1.15354,4086.0,2026-04-07 05:00:00
1775541600,1.15355,1.15456,1.15328,1.15447,6286.0,2026-04-07 06:00:00
1775545200,1.15448,1.1546,1.15368,1.15428,5946.0,2026-04-07 07:00:00
1775548800,1.15425,1.15756,1.1542,1.15737,15778.0,2026-04-07 08:00:00
1775552400,1.15735,1.15756,1.15623,1.15629,7899.0,2026-04-07 09:00:00
1775556000,1.15628,1.15638,1.15458,1.15543,14849.0,2026-04-07 10:00:00
1775559600,1.15543,1.15621,1.15482,1.15602,7230.0,2026-04-07 11:00:00
1775563200,1.15602,1.15698,1.1554,1.15606,11002.0,2026-04-07 12:00:00
1775566800,1.15604,1.1565,1.1556,1.15638,11105.0,2026-04-07 13:00:00
1775570400,1.15637,1.15836,1.15584,1.1572,14282.0,2026-04-07 14:00:00
1775574000,1.1572,1.15786,1.1566,1.1571,12023.0,2026-04-07 15:00:00
1775577600,1.15713,1.15797,1.15698,1.15716,11197.0,2026-04-07 16:00:00
1775581200,1.15716,1.15796,1.15664,1.15776,7446.0,2026-04-07 17:00:00
1775584800,1.15777,1.15831,1.15716,1.15748,5648.0,2026-04-07 18:00:00
1775588400,1.15747,1.16018,1.15731,1.15952,17105.0,2026-04-07 19:00:00
1775592000,1.15952,1.16052,1.15925,1.15976,7561.0,2026-04-07 20:00:00
1775595600,1.15962,1.16033,1.15956,1.16,1295.0,2026-04-07 21:00:00
1775599200,1.16002,1.16698,1.15889,1.1668,21478.0,2026-04-07 22:00:00
1775602800,1.16682,1.16903,1.16614,1.16862,27845.0,2026-04-07 23:00:00
1775606400,1.16863,1.1697,1.16661,1.16718,31199.0,2026-04-08 00:00:00
1775610000,1.16718,1.16884,1.16712,1.16754,16949.0,2026-04-08 01:00:00
1775613600,1.16754,1.16824,1.16688,1.16737,8859.0,2026-04-08 02:00:00
1775617200,1.16739,1.1676,1.16662,1.16707,6232.0,2026-04-08 03:00:00
1775620800,1.16708,1.1681,1.16708,1.16763,6782.0,2026-04-08 04:00:00
1775624400,1.16764,1.17086,1.16721,1.16916,10421.0,2026-04-08 05:00:00
1775628000,1.16915,1.17085,1.16846,1.16962,14434.0,2026-04-08 06:00:00
1775631600,1.16965,1.17003,1.1679,1.16956,12764.0,2026-04-08 07:00:00
1775635200,1.16956,1.16993,1.16689,1.16812,12681.0,2026-04-08 08:00:00
1775638800,1.16814,1.16894,1.1678,1.16796,10009.0,2026-04-08 09:00:00
1775642400,1.16795,1.16925,1.16776,1.16903,7642.0,2026-04-08 10:00:00
1775646000,1.16902,1.17104,1.16854,1.17002,10247.0,2026-04-08 11:00:00
1775649600,1.17004,1.17182,1.16881,1.17141,16113.0,2026-04-08 12:00:00
1775653200,1.1714,1.17218,1.1687,1.16942,18328.0,2026-04-08 13:00:00
1775656800,1.16941,1.17034,1.16894,1.16944,19471.0,2026-04-08 14:00:00
1775660400,1.16946,1.16966,1.16842,1.16862,11965.0,2026-04-08 15:00:00
1775664000,1.16863,1.16887,1.1677,1.16818,9908.0,2026-04-08 16:00:00
1775667600,1.16817,1.16854,1.1669,1.1675,8564.0,2026-04-08 17:00:00
1775671200,1.1675,1.16802,1.165,1.16504,12938.0,2026-04-08 18:00:00
1775674800,1.16502,1.16706,1.16434,1.1668,10077.0,2026-04-08 19:00:00
1775678400,1.1668,1.16695,1.16606,1.16622,3512.0,2026-04-08 20:00:00
1775682000,1.16615,1.16672,1.16601,1.16662,1319.0,2026-04-08 21:00:00
1775685600,1.1666,1.16678,1.166,1.16622,1982.0,2026-04-08 22:00:00
1775689200,1.16623,1.16634,1.16576,1.16592,1805.0,2026-04-08 23:00:00
1775692800,1.16593,1.16611,1.1653,1.16572,5393.0,2026-04-09 00:00:00
1775696400,1.16572,1.16636,1.16504,1.16618,5261.0,2026-04-09 01:00:00
1775700000,1.16618,1.16674,1.16592,1.16653,3212.0,2026-04-09 02:00:00
1775703600,1.16654,1.1667,1.16606,1.16624,3419.0,2026-04-09 03:00:00
1775707200,1.16624,1.16712,1.16619,1.16664,2187.0,2026-04-09 04:00:00
1775710800,1.16665,1.16678,1.16592,1.1661,3727.0,2026-04-09 05:00:00
1775714400,1.1661,1.16644,1.16544,1.16643,5422.0,2026-04-09 06:00:00
1775718000,1.16645,1.16692,1.16554,1.1663,7145.0,2026-04-09 07:00:00
1775721600,1.1663,1.1675,1.16597,1.1672,5369.0,2026-04-09 08:00:00
1775725200,1.16721,1.16793,1.16686,1.16746,5590.0,2026-04-09 09:00:00
1775728800,1.16746,1.16796,1.16711,1.16711,4999.0,2026-04-09 10:00:00
1775732400,1.1671,1.16896,1.16696,1.16884,5286.0,2026-04-09 11:00:00
1775736000,1.16885,1.169,1.1679,1.1686,7287.0,2026-04-09 12:00:00
1775739600,1.16861,1.16953,1.16812,1.16818,9515.0,2026-04-09 13:00:00
1775743200,1.16818,1.16881,1.16742,1.16847,11006.0,2026-04-09 14:00:00
1775746800,1.16846,1.17072,1.16776,1.17056,16720.0,2026-04-09 15:00:00
1775750400,1.17054,1.17142,1.17024,1.17106,8788.0,2026-04-09 16:00:00
1775754000,1.17107,1.17234,1.17101,1.17142,6844.0,2026-04-09 17:00:00
1775757600,1.17142,1.17149,1.16975,1.16992,9125.0,2026-04-09 18:00:00
1775761200,1.16991,1.17086,1.1698,1.17006,5356.0,2026-04-09 19:00:00
1775764800,1.17008,1.17008,1.16954,1.1699,2287.0,2026-04-09 20:00:00
1775768400,1.17021,1.17022,1.16954,1.17015,3213.0,2026-04-09 21:00:00
1775772000,1.17015,1.17026,1.16926,1.16941,1963.0,2026-04-09 22:00:00
1775775600,1.16942,1.16963,1.16904,1.16917,1333.0,2026-04-09 23:00:00
1775779200,1.16918,1.16918,1.16854,1.16879,3415.0,2026-04-10 00:00:00
1775782800,1.1688,1.16948,1.16862,1.16922,3322.0,2026-04-10 01:00:00
1775786400,1.16925,1.16943,1.16867,1.1691,2746.0,2026-04-10 02:00:00
1775790000,1.16907,1.1697,1.16899,1.16958,1587.0,2026-04-10 03:00:00
1775793600,1.16956,1.16966,1.16912,1.1692,1818.0,2026-04-10 04:00:00
1775797200,1.16922,1.16928,1.16876,1.169,2395.0,2026-04-10 05:00:00
1775800800,1.169,1.16936,1.16832,1.16842,4389.0,2026-04-10 06:00:00
1775804400,1.16841,1.16896,1.1679,1.16797,5527.0,2026-04-10 07:00:00
1775808000,1.16795,1.16898,1.16774,1.16859,4848.0,2026-04-10 08:00:00
1775811600,1.16858,1.1711,1.16847,1.17103,11234.0,2026-04-10 09:00:00
1775815200,1.17104,1.1716,1.17058,1.1713,5128.0,2026-04-10 10:00:00
1775818800,1.17129,1.17189,1.17108,1.17141,4170.0,2026-04-10 11:00:00
1775822400,1.17142,1.17258,1.17095,1.17209,10757.0,2026-04-10 12:00:00
1775826000,1.17206,1.17348,1.17186,1.17278,10462.0,2026-04-10 13:00:00
1775829600,1.17276,1.17384,1.17202,1.17278,13335.0,2026-04-10 14:00:00
1775833200,1.17278,1.17396,1.17218,1.17224,10447.0,2026-04-10 15:00:00
1775836800,1.17224,1.17254,1.17138,1.17204,6633.0,2026-04-10 16:00:00
1775840400,1.17205,1.17262,1.1719,1.17234,4335.0,2026-04-10 17:00:00
1775844000,1.17234,1.17354,1.17189,1.17316,5517.0,2026-04-10 18:00:00
1775847600,1.17316,1.17326,1.17273,1.17274,3616.0,2026-04-10 19:00:00
1775851200,1.17274,1.17311,1.17208,1.1725,4392.0,2026-04-10 20:00:00
1776027600,1.16666,1.16818,1.16664,1.16736,1921.0,2026-04-12 21:00:00
1776031200,1.16735,1.16796,1.16658,1.16724,8448.0,2026-04-12 22:00:00
1776034800,1.16724,1.16756,1.1664,1.1675,4574.0,2026-04-12 23:00:00
1776038400,1.16752,1.16876,1.1671,1.16876,6244.0,2026-04-13 00:00:00
1776042000,1.16878,1.16898,1.16804,1.16862,5359.0,2026-04-13 01:00:00
1776045600,1.16863,1.16902,1.16853,1.16885,2454.0,2026-04-13 02:00:00
1776049200,1.16886,1.16894,1.1686,1.16882,1985.0,2026-04-13 03:00:00
1776052800,1.16883,1.16902,1.16858,1.16862,2016.0,2026-04-13 04:00:00
1776056400,1.16862,1.16891,1.16833,1.16878,3349.0,2026-04-13 05:00:00
1776060000,1.1688,1.1695,1.1678,1.16857,7197.0,2026-04-13 06:00:00
1776063600,1.16856,1.17002,1.16856,1.16971,6274.0,2026-04-13 07:00:00
1776067200,1.16968,1.16971,1.16834,1.1686,5291.0,2026-04-13 08:00:00
1776070800,1.16861,1.16928,1.16838,1.16862,4660.0,2026-04-13 09:00:00
1776074400,1.16864,1.16951,1.16826,1.16936,4320.0,2026-04-13 10:00:00
1776078000,1.16938,1.16998,1.1681,1.16818,6600.0,2026-04-13 11:00:00
1776081600,1.16818,1.16992,1.16806,1.16984,7720.0,2026-04-13 12:00:00
1776085200,1.16986,1.17124,1.16964,1.17054,11999.0,2026-04-13 13:00:00
1776088800,1.17054,1.17209,1.17004,1.17102,12437.0,2026-04-13 14:00:00
1776092400,1.17102,1.17126,1.17026,1.17096,8486.0,2026-04-13 15:00:00
1776096000,1.17098,1.17314,1.17071,1.1725,10717.0,2026-04-13 16:00:00
1776099600,1.1725,1.17379,1.17246,1.17335,4642.0,2026-04-13 17:00:00
1776103200,1.17337,1.1766,1.17336,1.17645,7112.0,2026-04-13 18:00:00
1776106800,1.17643,1.1765,1.1754,1.17602,4730.0,2026-04-13 19:00:00
1776110400,1.17602,1.17632,1.17567,1.17588,2448.0,2026-04-13 20:00:00
1776114000,1.17576,1.17598,1.17554,1.17579,1504.0,2026-04-13 21:00:00
1776117600,1.17581,1.17651,1.17576,1.17616,1682.0,2026-04-13 22:00:00
1776121200,1.17616,1.1767,1.1761,1.17669,1953.0,2026-04-13 23:00:00
1776124800,1.1767,1.17681,1.17612,1.17664,4017.0,2026-04-14 00:00:00
1776128400,1.17664,1.17678,1.17595,1.17602,3270.0,2026-04-14 01:00:00
1776132000,1.17602,1.17622,1.17563,1.17608,2127.0,2026-04-14 02:00:00
1776135600,1.17607,1.17684,1.1759,1.1767,1925.0,2026-04-14 03:00:00
1776139200,1.17668,1.177,1.17646,1.17669,1253.0,2026-04-14 04:00:00
1776142800,1.17668,1.17696,1.17595,1.17642,2769.0,2026-04-14 05:00:00
1776146400,1.17642,1.17784,1.17582,1.17781,5747.0,2026-04-14 06:00:00
1776150000,1.17782,1.17966,1.17774,1.178,9988.0,2026-04-14 07:00:00
1776153600,1.178,1.17846,1.17752,1.17827,6876.0,2026-04-14 08:00:00
1776157200,1.17828,1.17926,1.17819,1.17888,4737.0,2026-04-14 09:00:00
1776160800,1.17889,1.17988,1.17883,1.17966,5173.0,2026-04-14 10:00:00
1776164400,1.17966,1.18064,1.17954,1.17996,6133.0,2026-04-14 11:00:00
1776168000,1.17996,1.1806,1.17928,1.18046,10666.0,2026-04-14 12:00:00
1776171600,1.18046,1.18078,1.17936,1.17994,9968.0,2026-04-14 13:00:00
1776175200,1.17992,1.18112,1.17934,1.18088,10776.0,2026-04-14 14:00:00
1776178800,1.18086,1.18086,1.17875,1.17905,11896.0,2026-04-14 15:00:00
1776182400,1.17905,1.17971,1.17882,1.17942,5540.0,2026-04-14 16:00:00
1776186000,1.17942,1.17996,1.17918,1.17958,3640.0,2026-04-14 17:00:00
1776189600,1.1796,1.17969,1.17905,1.1793,5364.0,2026-04-14 18:00:00
1776193200,1.1793,1.17955,1.17906,1.17919,2730.0,2026-04-14 19:00:00
1776196800,1.1792,1.17962,1.17914,1.1796,1701.0,2026-04-14 20:00:00
1776200400,1.17966,1.17966,1.17904,1.17922,849.0,2026-04-14 21:00:00
1776204000,1.1792,1.17996,1.17918,1.17953,1884.0,2026-04-14 22:00:00
1776207600,1.1795,1.1802,1.17945,1.17984,2932.0,2026-04-14 23:00:00
1776211200,1.17983,1.17987,1.17894,1.17941,4605.0,2026-04-15 00:00:00
1776214800,1.17938,1.17969,1.17898,1.17908,4260.0,2026-04-15 01:00:00
1776218400,1.17908,1.17908,1.1779,1.17835,2905.0,2026-04-15 02:00:00
1776222000,1.17836,1.17892,1.17804,1.17872,1998.0,2026-04-15 03:00:00
1776225600,1.1787,1.17896,1.17864,1.17886,1518.0,2026-04-15 04:00:00
1776229200,1.17886,1.17983,1.17884,1.1792,4338.0,2026-04-15 05:00:00
1776232800,1.1792,1.17993,1.17838,1.17843,5442.0,2026-04-15 06:00:00
1776236400,1.17842,1.17906,1.17828,1.17858,6588.0,2026-04-15 07:00:00
1776240000,1.17857,1.17954,1.17854,1.17894,5256.0,2026-04-15 08:00:00
1776243600,1.17895,1.17916,1.17754,1.17816,9484.0,2026-04-15 09:00:00
1776247200,1.17816,1.17866,1.1772,1.1777,9507.0,2026-04-15 10:00:00
1776250800,1.1777,1.17846,1.17732,1.1783,7569.0,2026-04-15 11:00:00
1776254400,1.1783,1.1793,1.17772,1.17882,7441.0,2026-04-15 12:00:00
1776258000,1.17881,1.17975,1.17842,1.1788,9033.0,2026-04-15 13:00:00
1776261600,1.17881,1.18003,1.17844,1.17967,10156.0,2026-04-15 14:00:00
1776265200,1.17966,1.1808,1.17946,1.17986,6174.0,2026-04-15 15:00:00
