ts,open,high,low,close,volume,datetime_utc
1769983200,1.1851,1.18512,1.185,1.18501,42.0,2026-02-01 22:00:00
1769984100,1.18502,1.18536,1.18484,1.1851,270.0,2026-02-01 22:15:00
1769985000,1.1851,1.18516,1.18504,1.18505,300.0,2026-02-01 22:30:00
1769985900,1.18504,1.18513,1.18464,1.18505,699.0,2026-02-01 22:45:00
1769986800,1.18506,1.18512,1.18401,1.1841,1867.0,2026-02-01 23:00:00
1769987700,1.18411,1.18468,1.18398,1.18449,2176.0,2026-02-01 23:15:00
1769988600,1.1845,1.18568,1.18442,1.18553,1951.0,2026-02-01 23:30:00
1769989500,1.18554,1.18564,1.18457,1.18463,2218.0,2026-02-01 23:45:00
1769990400,1.18464,1.18739,1.18464,1.18722,3678.0,2026-02-02 00:00:00
1769991300,1.18722,1.18748,1.18686,1.18718,3033.0,2026-02-02 00:15:00
1769992200,1.18718,1.18734,1.18664,1.18668,2921.0,2026-02-02 00:30:00
1769993100,1.18666,1.1868,1.18613,1.18666,2657.0,2026-02-02 00:45:00
1769994000,1.18666,1.18692,1.18529,1.18545,4266.0,2026-02-02 01:00:00
1769994900,1.18546,1.18644,1.18528,1.18623,3881.0,2026-02-02 01:15:00
1769995800,1.18622,1.1869,1.18596,1.18669,3126.0,2026-02-02 01:30:00
1769996700,1.18669,1.18726,1.18664,1.18706,2507.0,2026-02-02 01:45:00
1769997600,1.1871,1.18748,1.18668,1.18678,2948.0,2026-02-02 02:00:00
1769998500,1.18678,1.1873,1.18671,1.18671,2541.0,2026-02-02 02:15:00
1769999400,1.18671,1.18744,1.18671,1.18736,2038.0,2026-02-02 02:30:00
1770000300,1.18734,1.18748,1.18632,1.18632,2039.0,2026-02-02 02:45:00
1770001200,1.18632,1.18703,1.1863,1.18656,1837.0,2026-02-02 03:00:00
1770002100,1.18656,1.18719,1.18633,1.18684,1489.0,2026-02-02 03:15:00
1770003000,1.18684,1.18702,1.18634,1.18688,1976.0,2026-02-02 03:30:00
1770003900,1.18688,1.18712,1.18636,1.18641,1542.0,2026-02-02 03:45:00
1770004800,1.18642,1.18727,1.1863,1.18682,2535.0,2026-02-02 04:00:00
1770005700,1.18682,1.18694,1.18628,1.18634,1542.0,2026-02-02 04:15:00
1770006600,1.18633,1.18665,1.1858,1.18604,1423.0,2026-02-02 04:30:00
1770007500,1.18606,1.18637,1.186,1.18633,1107.0,2026-02-02 04:45:00
1770008400,1.18632,1.18638,1.18585,1.18614,1263.0,2026-02-02 05:00:00
1770009300,1.18616,1.18632,1.18522,1.18546,1240.0,2026-02-02 05:15:00
1770010200,1.18546,1.18566,1.18512,1.18526,1366.0,2026-02-02 05:30:00
1770011100,1.18524,1.18532,1.1841,1.18508,2416.0,2026-02-02 05:45:00
1770012000,1.18507,1.18546,1.18447,1.18476,2380.0,2026-02-02 06:00:00
1770012900,1.18476,1.1851,1.18432,1.18463,3292.0,2026-02-02 06:15:00
1770013800,1.18464,1.18531,1.18456,1.18528,3007.0,2026-02-02 06:30:00
1770014700,1.18527,1.1854,1.18497,1.18539,2517.0,2026-02-02 06:45:00
1770015600,1.1854,1.1863,1.18521,1.18572,3506.0,2026-02-02 07:00:00
1770016500,1.1857,1.18635,1.18542,1.1863,2396.0,2026-02-02 07:15:00
1770017400,1.1863,1.18634,1.18516,1.18568,2797.0,2026-02-02 07:30:00
1770018300,1.18567,1.18606,1.1852,1.18536,3023.0,2026-02-02 07:45:00
1770019200,1.18538,1.18619,1.18482,1.18618,4024.0,2026-02-02 08:00:00
1770020100,1.1862,1.18668,1.18572,1.18625,3051.0,2026-02-02 08:15:00
1770021000,1.18624,1.18662,1.18552,1.18566,2703.0,2026-02-02 08:30:00
1770021900,1.18566,1.18602,1.18436,1.1851,2624.0,2026-02-02 08:45:00
1770022800,1.18508,1.18542,1.18446,1.18521,3007.0,2026-02-02 09:00:00
1770023700,1.18519,1.18601,1.18478,1.1857,2781.0,2026-02-02 09:15:00
1770024600,1.1857,1.18588,1.18521,1.18554,2348.0,2026-02-02 09:30:00
1770025500,1.18554,1.18652,1.18542,1.18623,2704.0,2026-02-02 09:45:00
1770026400,1.18622,1.18692,1.18588,1.18688,2513.0,2026-02-02 10:00:00
1770027300,1.18688,1.18704,1.18644,1.18666,1954.0,2026-02-02 10:15:00
1770028200,1.18664,1.18671,1.18592,1.18601,2546.0,2026-02-02 10:30:00
1770029100,1.18602,1.18682,1.18588,1.18648,2219.0,2026-02-02 10:45:00
1770030000,1.18647,1.18692,1.18626,1.18652,1921.0,2026-02-02 11:00:00
1770030900,1.18651,1.18682,1.18618,1.18673,1817.0,2026-02-02 11:15:00
1770031800,1.18674,1.18714,1.18606,1.18623,1762.0,2026-02-02 11:30:00
1770032700,1.18624,1.18656,1.18609,1.18647,1773.0,2026-02-02 11:45:00
1770033600,1.18644,1.18701,1.18546,1.18568,2553.0,2026-02-02 12:00:00
1770034500,1.18564,1.18569,1.18512,1.18549,1934.0,2026-02-02 12:15:00
1770035400,1.1855,1.18555,1.18449,1.1848,1881.0,2026-02-02 12:30:00
1770036300,1.1848,1.18516,1.1843,1.18499,2595.0,2026-02-02 12:45:00
1770037200,1.185,1.18506,1.1834,1.18378,4363.0,2026-02-02 13:00:00
1770038100,1.18379,1.18382,1.18302,1.18308,3011.0,2026-02-02 13:15:00
1770039000,1.18306,1.18312,1.18197,1.18237,3099.0,2026-02-02 13:30:00
1770039900,1.18234,1.18268,1.1818,1.1821,2416.0,2026-02-02 13:45:00
1770040800,1.1821,1.18215,1.1808,1.18086,3012.0,2026-02-02 14:00:00
1770041700,1.18084,1.1814,1.18054,1.18129,2929.0,2026-02-02 14:15:00
1770042600,1.1813,1.1826,1.18104,1.18234,4477.0,2026-02-02 14:30:00
1770043500,1.18234,1.183,1.1821,1.1821,4027.0,2026-02-02 14:45:00
1770044400,1.182,1.182,1.18031,1.18071,7554.0,2026-02-02 15:00:00
1770045300,1.18072,1.18143,1.18004,1.18044,4642.0,2026-02-02 15:15:00
1770046200,1.18043,1.18083,1.17918,1.17928,4692.0,2026-02-02 15:30:00
1770047100,1.17928,1.17964,1.17905,1.17923,4265.0,2026-02-02 15:45:00
1770048000,1.17924,1.18054,1.17904,1.1804,3561.0,2026-02-02 16:00:00
1770048900,1.18041,1.18068,1.1799,1.18025,3388.0,2026-02-02 16:15:00
1770049800,1.18026,1.18071,1.17998,1.18064,3283.0,2026-02-02 16:30:00
1770050700,1.18063,1.1808,1.17986,1.18065,2514.0,2026-02-02 16:45:00
1770051600,1.18066,1.18124,1.1806,1.1812,2438.0,2026-02-02 17:00:00
1770052500,1.18121,1.18125,1.18018,1.18044,2299.0,2026-02-02 17:15:00
1770053400,1.18043,1.1805,1.17949,1.18036,2590.0,2026-02-02 17:30:00
1770054300,1.18037,1.18062,1.17966,1.18,2742.0,2026-02-02 17:45:00
1770055200,1.18002,1.18013,1.17822,1.17828,2913.0,2026-02-02 18:00:00
1770056100,1.17827,1.17884,1.17799,1.17871,2300.0,2026-02-02 18:15:00
1770057000,1.1787,1.17912,1.17842,1.17872,1905.0,2026-02-02 18:30:00
1770057900,1.17874,1.17885,1.17777,1.17796,1930.0,2026-02-02 18:45:00
1770058800,1.17798,1.17809,1.1776,1.17774,2145.0,2026-02-02 19:00:00
1770059700,1.17774,1.1779,1.17762,1.17781,1427.0,2026-02-02 19:15:00
1770060600,1.1778,1.17884,1.17764,1.17882,1432.0,2026-02-02 19:30:00
1770061500,1.17883,1.17915,1.1785,1.17888,1955.0,2026-02-02 19:45:00
1770062400,1.17888,1.17902,1.17848,1.17861,1799.0,2026-02-02 20:00:00
1770063300,1.1786,1.1786,1.17804,1.17838,1245.0,2026-02-02 20:15:00
1770064200,1.17839,1.17868,1.17812,1.1786,1111.0,2026-02-02 20:30:00
1770065100,1.17858,1.17922,1.17852,1.17914,1360.0,2026-02-02 20:45:00
1770066000,1.17915,1.17944,1.17902,1.17942,907.0,2026-02-02 21:00:00
1770066900,1.17942,1.17946,1.17922,1.1793,417.0,2026-02-02 21:15:00
1770067800,1.1793,1.17939,1.17918,1.1793,265.0,2026-02-02 21:30:00
1770068700,1.17932,1.1794,1.17887,1.17904,699.0,2026-02-02 21:45:00
1770069600,1.1788,1.1792,1.1788,1.17908,93.0,2026-02-02 22:00:00
1770070500,1.17908,1.17932,1.17893,1.17912,240.0,2026-02-02 22:15:00
1770071400,1.1791,1.17916,1.17906,1.17909,1260.0,2026-02-02 22:30:00
1770072300,1.17908,1.17924,1.179,1.17902,1449.0,2026-02-02 22:45:00
1770073200,1.179,1.17945,1.17874,1.17937,682.0,2026-02-02 23:00:00
1770074100,1.17938,1.17983,1.17938,1.1796,440.0,2026-02-02 23:15:00
1770075000,1.17959,1.17983,1.1795,1.17962,556.0,2026-02-02 23:30:00
1770075900,1.17962,1.1799,1.1794,1.1799,463.0,2026-02-02 23:45:00
1770076800,1.1799,1.18044,1.17982,1.18036,1206.0,2026-02-03 00:00:00
1770077700,1.18034,1.18058,1.18022,1.1805,1092.0,2026-02-03 00:15:00
1770078600,1.1805,1.18071,1.18031,1.18032,716.0,2026-02-03 00:30:00
1770079500,1.1803,1.18066,1.18018,1.18064,1292.0,2026-02-03 00:45:00
1770080400,1.18066,1.1808,1.18016,1.18076,1651.0,2026-02-03 01:00:00
1770081300,1.18077,1.1811,1.18073,1.18084,1464.0,2026-02-03 01:15:00
1770082200,1.18085,1.18132,1.18076,1.18126,1347.0,2026-02-03 01:30:00
1770083100,1.18125,1.18149,1.18099,1.1814,1043.0,2026-02-03 01:45:00
1770084000,1.18139,1.18144,1.1809,1.18104,1257.0,2026-02-03 02:00:00
1770084900,1.18104,1.18104,1.18066,1.18066,1099.0,2026-02-03 02:15:00
1770085800,1.18064,1.18074,1.18027,1.18029,711.0,2026-02-03 02:30:00
1770086700,1.18028,1.18034,1.18008,1.18016,822.0,2026-02-03 02:45:00
1770087600,1.18016,1.18034,1.1801,1.18018,751.0,2026-02-03 03:00:00
1770088500,1.18019,1.18049,1.18019,1.18044,897.0,2026-02-03 03:15:00
1770089400,1.18044,1.1812,1.18036,1.1811,2305.0,2026-02-03 03:30:00
1770090300,1.1811,1.18128,1.18093,1.18095,1398.0,2026-02-03 03:45:00
1770091200,1.18094,1.18151,1.18094,1.18134,1086.0,2026-02-03 04:00:00
1770092100,1.18132,1.18168,1.1813,1.1814,941.0,2026-02-03 04:15:00
1770093000,1.1814,1.18157,1.18106,1.18116,843.0,2026-02-03 04:30:00
1770093900,1.18114,1.18137,1.18088,1.18094,635.0,2026-02-03 04:45:00
1770094800,1.18093,1.18129,1.18063,1.18065,904.0,2026-02-03 05:00:00
1770095700,1.18064,1.18104,1.18049,1.18102,821.0,2026-02-03 05:15:00
1770096600,1.18103,1.18132,1.18098,1.18116,863.0,2026-02-03 05:30:00
1770097500,1.18116,1.18125,1.18081,1.18088,845.0,2026-02-03 05:45:00
1770098400,1.1809,1.18146,1.18078,1.18139,771.0,2026-02-03 06:00:00
1770099300,1.1814,1.18164,1.1813,1.18154,913.0,2026-02-03 06:15:00
1770100200,1.18154,1.18159,1.18108,1.18154,1331.0,2026-02-03 06:30:00
1770101100,1.18154,1.18159,1.1812,1.18138,1041.0,2026-02-03 06:45:00
1770102000,1.18137,1.18196,1.181,1.18194,1818.0,2026-02-03 07:00:00
1770102900,1.18192,1.18203,1.18134,1.18164,2021.0,2026-02-03 07:15:00
1770103800,1.18165,1.18242,1.18163,1.18225,2217.0,2026-02-03 07:30:00
1770104700,1.1822,1.18244,1.18152,1.18152,1798.0,2026-02-03 07:45:00
1770105600,1.18152,1.1818,1.18108,1.18119,2609.0,2026-02-03 08:00:00
1770106500,1.1812,1.18136,1.18038,1.18088,2256.0,2026-02-03 08:15:00
1770107400,1.18087,1.18172,1.18054,1.1814,2087.0,2026-02-03 08:30:00
1770108300,1.1814,1.18196,1.18128,1.18129,1571.0,2026-02-03 08:45:00
1770109200,1.1813,1.18162,1.18058,1.18065,2534.0,2026-02-03 09:00:00
1770110100,1.18066,1.18129,1.18056,1.1807,2418.0,2026-02-03 09:15:00
1770111000,1.1807,1.18078,1.17992,1.18008,2345.0,2026-02-03 09:30:00
1770111900,1.18008,1.18011,1.17921,1.17922,1749.0,2026-02-03 09:45:00
1770112800,1.17922,1.18,1.17922,1.17978,1546.0,2026-02-03 10:00:00
1770113700,1.17976,1.17978,1.17884,1.17946,1532.0,2026-02-03 10:15:00
1770114600,1.17946,1.17955,1.17882,1.17905,1379.0,2026-02-03 10:30:00
1770115500,1.17904,1.17906,1.17868,1.17871,1460.0,2026-02-03 10:45:00
1770116400,1.17872,1.17924,1.17826,1.17902,1863.0,2026-02-03 11:00:00
1770117300,1.17901,1.17923,1.17828,1.17914,1834.0,2026-02-03 11:15:00
1770118200,1.17914,1.1795,1.179,1.17905,1403.0,2026-02-03 11:30:00
1770119100,1.17904,1.17908,1.17868,1.17872,1218.0,2026-02-03 11:45:00
1770120000,1.17872,1.17924,1.17868,1.17904,1499.0,2026-02-03 12:00:00
1770120900,1.17905,1.17956,1.179,1.17916,1542.0,2026-02-03 12:15:00
1770121800,1.17916,1.17974,1.17908,1.1797,1563.0,2026-02-03 12:30:00
1770122700,1.17971,1.18002,1.17947,1.17966,1783.0,2026-02-03 12:45:00
1770123600,1.17966,1.1805,1.17952,1.18049,2250.0,2026-02-03 13:00:00
1770124500,1.1805,1.18068,1.17958,1.17964,2427.0,2026-02-03 13:15:00
1770125400,1.17963,1.17996,1.17926,1.17973,2049.0,2026-02-03 13:30:00
1770126300,1.17974,1.18018,1.17958,1.17961,2080.0,2026-02-03 13:45:00
1770127200,1.17961,1.17965,1.178,1.1784,2934.0,2026-02-03 14:00:00
1770128100,1.17838,1.1791,1.1782,1.17904,2200.0,2026-02-03 14:15:00
1770129000,1.17905,1.1799,1.17894,1.17966,3411.0,2026-02-03 14:30:00
1770129900,1.17966,1.18014,1.1791,1.17911,2741.0,2026-02-03 14:45:00
1770130800,1.1791,1.17982,1.17862,1.1796,3531.0,2026-02-03 15:00:00
1770131700,1.17958,1.18098,1.17954,1.18083,3532.0,2026-02-03 15:15:00
1770132600,1.18084,1.18092,1.18027,1.18068,2871.0,2026-02-03 15:30:00
1770133500,1.18068,1.18137,1.18038,1.1813,2844.0,2026-02-03 15:45:00
1770134400,1.18131,1.18166,1.18106,1.1814,2462.0,2026-02-03 16:00:00
1770135300,1.18139,1.1818,1.18104,1.18104,2376.0,2026-02-03 16:15:00
1770136200,1.18104,1.18182,1.18104,1.18176,2221.0,2026-02-03 16:30:00
1770137100,1.18176,1.18214,1.1815,1.18178,2301.0,2026-02-03 16:45:00
1770138000,1.18178,1.18228,1.18165,1.18194,2539.0,2026-02-03 17:00:00
1770138900,1.18192,1.18292,1.1817,1.18188,3107.0,2026-02-03 17:15:00
1770139800,1.18189,1.18209,1.1814,1.18144,2044.0,2026-02-03 17:30:00
1770140700,1.18144,1.18188,1.18138,1.18162,1691.0,2026-02-03 17:45:00
1770141600,1.18162,1.18224,1.18148,1.18154,1898.0,2026-02-03 18:00:00
1770142500,1.18154,1.18197,1.18138,1.18142,1749.0,2026-02-03 18:15:00
1770143400,1.18141,1.18166,1.18101,1.18128,2072.0,2026-02-03 18:30:00
1770144300,1.18128,1.18158,1.1809,1.1809,1947.0,2026-02-03 18:45:00
1770145200,1.1809,1.18126,1.18058,1.18108,1866.0,2026-02-03 19:00:00
1770146100,1.18108,1.18117,1.18066,1.18112,1494.0,2026-02-03 19:15:00
1770147000,1.18114,1.18161,1.181,1.18137,1409.0,2026-02-03 19:30:00
1770147900,1.18138,1.18172,1.18122,1.18135,1714.0,2026-02-03 19:45:00
1770148800,1.18136,1.1815,1.18095,1.18144,1303.0,2026-02-03 20:00:00
1770149700,1.18145,1.18158,1.18112,1.18121,863.0,2026-02-03 20:15:00
1770150600,1.18122,1.18197,1.18122,1.18164,1365.0,2026-02-03 20:30:00
1770151500,1.18164,1.1822,1.18159,1.18212,1029.0,2026-02-03 20:45:00
1770152400,1.1821,1.18254,1.18202,1.18252,632.0,2026-02-03 21:00:00
1770153300,1.18252,1.18253,1.18218,1.18228,480.0,2026-02-03 21:15:00
1770154200,1.18226,1.18247,1.18226,1.1824,325.0,2026-02-03 21:30:00
1770155100,1.1824,1.18248,1.1818,1.1818,766.0,2026-02-03 21:45:00
1770156000,1.18182,1.18189,1.18164,1.18171,99.0,2026-02-03 22:00:00
1770156900,1.18169,1.18182,1.18158,1.18166,212.0,2026-02-03 22:15:00
1770157800,1.18166,1.18205,1.18162,1.18204,417.0,2026-02-03 22:30:00
1770158700,1.18204,1.18208,1.18166,1.18182,1777.0,2026-02-03 22:45:00
1770159600,1.18181,1.18206,1.18176,1.18186,416.0,2026-02-03 23:00:00
1770160500,1.18184,1.18186,1.18128,1.18128,311.0,2026-02-03 23:15:00
1770161400,1.18128,1.18163,1.18122,1.18149,342.0,2026-02-03 23:30:00
1770162300,1.18148,1.1817,1.18148,1.18157,325.0,2026-02-03 23:45:00
1770163200,1.18154,1.18162,1.18088,1.18121,1046.0,2026-02-04 00:00:00
1770164100,1.1812,1.18154,1.18115,1.18149,676.0,2026-02-04 00:15:00
1770165000,1.18148,1.18162,1.18128,1.1815,850.0,2026-02-04 00:30:00
1770165900,1.18149,1.18174,1.18126,1.18144,1496.0,2026-02-04 00:45:00
1770166800,1.18144,1.18221,1.18124,1.18205,2051.0,2026-02-04 01:00:00
1770167700,1.18206,1.18266,1.18202,1.18249,1909.0,2026-02-04 01:15:00
1770168600,1.1825,1.18283,1.18204,1.18282,1511.0,2026-02-04 01:30:00
1770169500,1.1828,1.1832,1.18246,1.1826,1560.0,2026-02-04 01:45:00
1770170400,1.18261,1.18318,1.18246,1.18266,1262.0,2026-02-04 02:00:00
1770171300,1.18268,1.18268,1.18231,1.18248,1234.0,2026-02-04 02:15:00
1770172200,1.18246,1.18263,1.18236,1.18255,873.0,2026-02-04 02:30:00
1770173100,1.18256,1.1826,1.1819,1.18222,1036.0,2026-02-04 02:45:00
1770174000,1.18223,1.1825,1.18222,1.18242,849.0,2026-02-04 03:00:00
1770174900,1.1824,1.18247,1.18213,1.18235,945.0,2026-02-04 03:15:00
1770175800,1.18234,1.18238,1.18208,1.1822,571.0,2026-02-04 03:30:00
1770176700,1.1822,1.18281,1.18216,1.18272,910.0,2026-02-04 03:45:00
1770177600,1.1827,1.18306,1.18254,1.18304,669.0,2026-02-04 04:00:00
1770178500,1.18302,1.18306,1.18278,1.18296,548.0,2026-02-04 04:15:00
1770179400,1.18293,1.18324,1.18285,1.18292,613.0,2026-02-04 04:30:00
1770180300,1.18293,1.1836,1.1829,1.18355,819.0,2026-02-04 04:45:00
1770181200,1.18356,1.18358,1.18331,1.18334,626.0,2026-02-04 05:00:00
1770182100,1.18333,1.18344,1.18317,1.18339,681.0,2026-02-04 05:15:00
1770183000,1.18338,1.18359,1.18328,1.18354,636.0,2026-02-04 05:30:00
1770183900,1.18354,1.18362,1.18308,1.1833,787.0,2026-02-04 05:45:00
1770184800,1.18332,1.1836,1.18324,1.18356,1081.0,2026-02-04 06:00:00
1770185700,1.18356,1.18362,1.18316,1.1833,1183.0,2026-02-04 06:15:00
1770186600,1.1833,1.18352,1.18311,1.18314,961.0,2026-02-04 06:30:00
1770187500,1.18315,1.18332,1.18288,1.18298,961.0,2026-02-04 06:45:00
1770188400,1.183,1.1834,1.18249,1.18255,1763.0,2026-02-04 07:00:00
1770189300,1.18254,1.18335,1.1824,1.18284,1637.0,2026-02-04 07:15:00
1770190200,1.18284,1.18302,1.18246,1.18295,1343.0,2026-02-04 07:30:00
1770191100,1.18294,1.18334,1.18278,1.18321,1403.0,2026-02-04 07:45:00
1770192000,1.1832,1.1838,1.1827,1.1835,2320.0,2026-02-04 08:00:00
1770192900,1.18351,1.18356,1.18283,1.183,1766.0,2026-02-04 08:15:00
1770193800,1.183,1.18302,1.18246,1.18283,1821.0,2026-02-04 08:30:00
1770194700,1.18284,1.18311,1.18238,1.18288,2029.0,2026-02-04 08:45:00
1770195600,1.18288,1.18326,1.18256,1.18296,1734.0,2026-02-04 09:00:00
1770196500,1.18295,1.18296,1.18242,1.18264,1649.0,2026-02-04 09:15:00
1770197400,1.18263,1.18266,1.18162,1.1818,1856.0,2026-02-04 09:30:00
1770198300,1.1818,1.18189,1.18112,1.18136,1484.0,2026-02-04 09:45:00
1770199200,1.18136,1.18179,1.18122,1.18124,1445.0,2026-02-04 10:00:00
1770200100,1.18126,1.1816,1.18099,1.181,1341.0,2026-02-04 10:15:00
1770201000,1.18101,1.18134,1.18048,1.18099,1641.0,2026-02-04 10:30:00
1770201900,1.181,1.18146,1.18083,1.18134,1351.0,2026-02-04 10:45:00
1770202800,1.18135,1.1815,1.18082,1.18084,1528.0,2026-02-04 11:00:00
1770203700,1.18083,1.18108,1.18058,1.18085,1506.0,2026-02-04 11:15:00
1770204600,1.18084,1.18155,1.18084,1.18131,1447.0,2026-02-04 11:30:00
1770205500,1.18132,1.18138,1.18098,1.18103,1373.0,2026-02-04 11:45:00
1770206400,1.18102,1.18141,1.18097,1.18125,1206.0,2026-02-04 12:00:00
1770207300,1.18126,1.18176,1.18126,1.18157,1249.0,2026-02-04 12:15:00
1770208200,1.18158,1.18238,1.18158,1.18237,1246.0,2026-02-04 12:30:00
1770209100,1.18236,1.1825,1.18192,1.18216,1504.0,2026-02-04 12:45:00
1770210000,1.18217,1.1824,1.18188,1.18214,1929.0,2026-02-04 13:00:00
1770210900,1.18226,1.18273,1.18129,1.18139,2991.0,2026-02-04 13:15:00
1770211800,1.1814,1.18208,1.18113,1.18181,2984.0,2026-02-04 13:30:00
1770212700,1.18183,1.18246,1.18154,1.18226,2230.0,2026-02-04 13:45:00
1770213600,1.18226,1.18258,1.18056,1.18078,3175.0,2026-02-04 14:00:00
1770214500,1.18078,1.18159,1.18068,1.18079,2622.0,2026-02-04 14:15:00
1770215400,1.18078,1.1815,1.18026,1.18144,3903.0,2026-02-04 14:30:00
1770216300,1.18144,1.18201,1.18137,1.1815,3365.0,2026-02-04 14:45:00
1770217200,1.18148,1.18222,1.1812,1.18206,4262.0,2026-02-04 15:00:00
1770218100,1.18206,1.1822,1.18065,1.18097,2975.0,2026-02-04 15:15:00
1770219000,1.18096,1.18102,1.17964,1.18034,4286.0,2026-02-04 15:30:00
1770219900,1.18034,1.18058,1.17934,1.17963,3049.0,2026-02-04 15:45:00
1770220800,1.17964,1.17993,1.17921,1.17935,3062.0,2026-02-04 16:00:00
1770221700,1.17936,1.17991,1.17906,1.1798,2513.0,2026-02-04 16:15:00
1770222600,1.1798,1.17996,1.17909,1.17957,2870.0,2026-02-04 16:30:00
1770223500,1.17956,1.18058,1.1793,1.18026,3000.0,2026-02-04 16:45:00
1770224400,1.18027,1.18115,1.1801,1.18108,2763.0,2026-02-04 17:00:00
1770225300,1.1811,1.1815,1.18036,1.18088,2667.0,2026-02-04 17:15:00
1770226200,1.18089,1.18097,1.17941,1.17958,3433.0,2026-02-04 17:30:00
1770227100,1.17959,1.18014,1.17951,1.17978,2588.0,2026-02-04 17:45:00
1770228000,1.17976,1.18014,1.17948,1.1795,2291.0,2026-02-04 18:00:00
1770228900,1.17952,1.18008,1.17952,1.17964,1829.0,2026-02-04 18:15:00
1770229800,1.17964,1.1801,1.17956,1.18006,1660.0,2026-02-04 18:30:00
1770230700,1.18007,1.18017,1.1798,1.18009,1631.0,2026-02-04 18:45:00
1770231600,1.1801,1.18016,1.17947,1.17994,2593.0,2026-02-04 19:00:00
1770232500,1.17995,1.18018,1.17959,1.17996,1778.0,2026-02-04 19:15:00
1770233400,1.17996,1.18046,1.17996,1.18034,1437.0,2026-02-04 19:30:00
1770234300,1.18034,1.18096,1.18029,1.18092,2267.0,2026-02-04 19:45:00
1770235200,1.18091,1.18098,1.18048,1.18062,1121.0,2026-02-04 20:00:00
1770236100,1.18062,1.18067,1.18024,1.18024,705.0,2026-02-04 20:15:00
1770237000,1.18025,1.18052,1.18016,1.18042,772.0,2026-02-04 20:30:00
1770237900,1.18043,1.18066,1.18022,1.18037,974.0,2026-02-04 20:45:00
1770238800,1.18038,1.18052,1.18024,1.18039,602.0,2026-02-04 21:00:00
1770239700,1.1804,1.18056,1.18032,1.18056,505.0,2026-02-04 21:15:00
1770240600,1.18055,1.1808,1.18034,1.18051,659.0,2026-02-04 21:30:00
1770241500,1.18051,1.1806,1.18031,1.18055,649.0,2026-02-04 21:45:00
1770242400,1.18058,1.1806,1.1805,1.18058,58.0,2026-02-04 22:00:00
1770243300,1.18058,1.18067,1.18051,1.18052,108.0,2026-02-04 22:15:00
1770244200,1.18052,1.18062,1.18047,1.18054,237.0,2026-02-04 22:30:00
1770245100,1.18054,1.18077,1.18052,1.18066,280.0,2026-02-04 22:45:00
1770246000,1.18067,1.18076,1.18057,1.18072,383.0,2026-02-04 23:00:00
1770246900,1.1807,1.1808,1.18034,1.18036,378.0,2026-02-04 23:15:00
1770247800,1.18036,1.18059,1.18032,1.18042,432.0,2026-02-04 23:30:00
1770248700,1.18043,1.18048,1.18002,1.18016,360.0,2026-02-04 23:45:00
1770249600,1.18016,1.1803,1.18,1.18012,674.0,2026-02-05 00:00:00
1770250500,1.18012,1.18026,1.18005,1.18022,634.0,2026-02-05 00:15:00
1770251400,1.18023,1.18024,1.17995,1.18007,597.0,2026-02-05 00:30:00
1770252300,1.18008,1.18047,1.18007,1.18044,1094.0,2026-02-05 00:45:00
1770253200,1.18045,1.1806,1.1804,1.18056,1150.0,2026-02-05 01:00:00
1770254100,1.18054,1.18068,1.1802,1.18034,1573.0,2026-02-05 01:15:00
1770255000,1.18036,1.18084,1.18022,1.18054,1054.0,2026-02-05 01:30:00
1770255900,1.18054,1.18056,1.18028,1.18038,826.0,2026-02-05 01:45:00
1770256800,1.18039,1.18054,1.17946,1.17968,1567.0,2026-02-05 02:00:00
1770257700,1.1797,1.17973,1.17911,1.17948,2636.0,2026-02-05 02:15:00
1770258600,1.17948,1.17993,1.17942,1.17956,1274.0,2026-02-05 02:30:00
1770259500,1.17955,1.17956,1.17847,1.17856,2141.0,2026-02-05 02:45:00
1770260400,1.17857,1.17903,1.17828,1.17878,1855.0,2026-02-05 03:00:00
1770261300,1.17877,1.17911,1.17858,1.17884,1372.0,2026-02-05 03:15:00
1770262200,1.17884,1.17891,1.17842,1.17878,1496.0,2026-02-05 03:30:00
1770263100,1.17877,1.17896,1.17852,1.17894,1183.0,2026-02-05 03:45:00
1770264000,1.17894,1.17902,1.17866,1.17882,1008.0,2026-02-05 04:00:00
1770264900,1.17882,1.17906,1.17878,1.179,654.0,2026-02-05 04:15:00
1770265800,1.179,1.17906,1.17892,1.17899,659.0,2026-02-05 04:30:00
1770266700,1.179,1.17911,1.17876,1.17876,891.0,2026-02-05 04:45:00
1770267600,1.17877,1.17888,1.17862,1.17867,797.0,2026-02-05 05:00:00
1770268500,1.17865,1.17876,1.17848,1.17862,658.0,2026-02-05 05:15:00
1770269400,1.17862,1.17897,1.17844,1.17888,777.0,2026-02-05 05:30:00
1770270300,1.17886,1.17904,1.1787,1.17901,819.0,2026-02-05 05:45:00
1770271200,1.17902,1.1791,1.17847,1.17854,967.0,2026-02-05 06:00:00
1770272100,1.17854,1.17888,1.17854,1.17874,1389.0,2026-02-05 06:15:00
1770273000,1.17875,1.17918,1.17854,1.17899,1435.0,2026-02-05 06:30:00
1770273900,1.179,1.17909,1.17867,1.17906,1069.0,2026-02-05 06:45:00
1770274800,1.17906,1.18033,1.17905,1.17966,1734.0,2026-02-05 07:00:00
1770275700,1.17966,1.18004,1.17958,1.18,1571.0,2026-02-05 07:15:00
1770276600,1.18,1.18016,1.17958,1.17978,1717.0,2026-02-05 07:30:00
1770277500,1.17978,1.18036,1.17976,1.1799,1874.0,2026-02-05 07:45:00
1770278400,1.17988,1.18078,1.17973,1.18058,2776.0,2026-02-05 08:00:00
1770279300,1.18058,1.18088,1.18012,1.18025,1842.0,2026-02-05 08:15:00
1770280200,1.18021,1.18055,1.1801,1.18022,1927.0,2026-02-05 08:30:00
1770281100,1.18023,1.18031,1.17954,1.1803,2002.0,2026-02-05 08:45:00
1770282000,1.1803,1.1803,1.17928,1.1793,2410.0,2026-02-05 09:00:00
1770282900,1.1793,1.17959,1.17861,1.17878,1993.0,2026-02-05 09:15:00
1770283800,1.17878,1.17916,1.17839,1.1787,1866.0,2026-02-05 09:30:00
1770284700,1.17871,1.17894,1.17804,1.17808,1461.0,2026-02-05 09:45:00
1770285600,1.17808,1.17868,1.17804,1.17858,1587.0,2026-02-05 10:00:00
1770286500,1.17858,1.17908,1.1785,1.17908,1225.0,2026-02-05 10:15:00
1770287400,1.17914,1.17918,1.17876,1.17899,1150.0,2026-02-05 10:30:00
1770288300,1.179,1.17919,1.17872,1.17878,839.0,2026-02-05 10:45:00
1770289200,1.17878,1.17896,1.17862,1.17894,1090.0,2026-02-05 11:00:00
1770290100,1.17893,1.17924,1.17876,1.17906,1060.0,2026-02-05 11:15:00
1770291000,1.17904,1.17945,1.17901,1.17917,1188.0,2026-02-05 11:30:00
1770291900,1.17916,1.17954,1.17911,1.17938,1170.0,2026-02-05 11:45:00
1770292800,1.17939,1.1797,1.17874,1.17926,3822.0,2026-02-05 12:00:00
1770293700,1.17928,1.17948,1.17854,1.1794,2306.0,2026-02-05 12:15:00
1770294600,1.17939,1.18013,1.17916,1.1795,3993.0,2026-02-05 12:30:00
1770295500,1.17948,1.18036,1.1792,1.17996,4218.0,2026-02-05 12:45:00
1770296400,1.17996,1.18032,1.17928,1.17936,3996.0,2026-02-05 13:00:00
1770297300,1.17934,1.18028,1.17912,1.18016,2871.0,2026-02-05 13:15:00
1770298200,1.18018,1.1813,1.18003,1.18053,5060.0,2026-02-05 13:30:00
1770299100,1.18052,1.18155,1.18035,1.18118,4733.0,2026-02-05 13:45:00
1770300000,1.18117,1.1821,1.18009,1.18205,6633.0,2026-02-05 14:00:00
1770300900,1.18208,1.18218,1.18068,1.18075,3661.0,2026-02-05 14:15:00
1770301800,1.18074,1.18166,1.1805,1.18074,4559.0,2026-02-05 14:30:00
1770302700,1.18076,1.18088,1.17956,1.1798,3811.0,2026-02-05 14:45:00
1770303600,1.17981,1.18118,1.1798,1.18077,6900.0,2026-02-05 15:00:00
1770304500,1.18078,1.18086,1.17902,1.1792,3560.0,2026-02-05 15:15:00
1770305400,1.17918,1.17944,1.17842,1.17867,4995.0,2026-02-05 15:30:00
1770306300,1.17868,1.17946,1.1782,1.17913,4026.0,2026-02-05 15:45:00
1770307200,1.17916,1.1792,1.17852,1.17868,3178.0,2026-02-05 16:00:00
1770308100,1.17869,1.1793,1.17858,1.17876,2953.0,2026-02-05 16:15:00
1770309000,1.17876,1.17961,1.17876,1.1796,2704.0,2026-02-05 16:30:00
1770309900,1.17959,1.18036,1.17952,1.18014,2345.0,2026-02-05 16:45:00
1770310800,1.18013,1.18027,1.1796,1.17984,1924.0,2026-02-05 17:00:00
1770311700,1.17986,1.18038,1.17976,1.18038,2002.0,2026-02-05 17:15:00
1770312600,1.18036,1.18043,1.17996,1.18036,1780.0,2026-02-05 17:30:00
1770313500,1.18038,1.18041,1.17974,1.18009,1701.0,2026-02-05 17:45:00
1770314400,1.1801,1.18029,1.17998,1.18,950.0,2026-02-05 18:00:00
1770315300,1.18,1.18017,1.1797,1.17976,1343.0,2026-02-05 18:15:00
1770316200,1.17976,1.18026,1.17961,1.18,1183.0,2026-02-05 18:30:00
1770317100,1.18001,1.18002,1.1792,1.17935,1331.0,2026-02-05 18:45:00
1770318000,1.17934,1.17972,1.17926,1.17953,1179.0,2026-02-05 19:00:00
1770318900,1.17954,1.17974,1.17938,1.17958,731.0,2026-02-05 19:15:00
1770319800,1.17959,1.17971,1.17937,1.17942,856.0,2026-02-05 19:30:00
1770320700,1.17942,1.17972,1.17931,1.17942,1183.0,2026-02-05 19:45:00
1770321600,1.17942,1.17948,1.17886,1.17886,1207.0,2026-02-05 20:00:00
1770322500,1.17887,1.1791,1.1787,1.1791,847.0,2026-02-05 20:15:00
1770323400,1.17908,1.17908,1.17836,1.17841,1101.0,2026-02-05 20:30:00
1770324300,1.17842,1.17849,1.17798,1.17809,1413.0,2026-02-05 20:45:00
1770325200,1.17807,1.17818,1.17766,1.17784,1083.0,2026-02-05 21:00:00
1770326100,1.17784,1.17803,1.17766,1.178,688.0,2026-02-05 21:15:00
1770327000,1.17804,1.17843,1.1775,1.17757,777.0,2026-02-05 21:30:00
1770327900,1.17758,1.17794,1.1775,1.17792,675.0,2026-02-05 21:45:00
1770328800,1.17776,1.17801,1.17776,1.17794,149.0,2026-02-05 22:00:00
1770329700,1.17798,1.17814,1.17794,1.17804,126.0,2026-02-05 22:15:00
1770330600,1.17804,1.17823,1.17802,1.17821,86.0,2026-02-05 22:30:00
1770331500,1.17815,1.17826,1.1781,1.17812,798.0,2026-02-05 22:45:00
1770332400,1.17818,1.17818,1.17764,1.17768,461.0,2026-02-05 23:00:00
1770333300,1.1777,1.17777,1.17751,1.17764,566.0,2026-02-05 23:15:00
1770334200,1.17764,1.17794,1.17753,1.17782,668.0,2026-02-05 23:30:00
1770335100,1.17784,1.17792,1.17764,1.17765,621.0,2026-02-05 23:45:00
1770336000,1.17766,1.17792,1.17744,1.17744,1413.0,2026-02-06 00:00:00
1770336900,1.17743,1.17748,1.17656,1.17736,2105.0,2026-02-06 00:15:00
1770337800,1.17738,1.17777,1.17732,1.17772,1166.0,2026-02-06 00:30:00
1770338700,1.17772,1.17834,1.17767,1.1783,1473.0,2026-02-06 00:45:00
1770339600,1.1783,1.17848,1.17799,1.17838,2060.0,2026-02-06 01:00:00
1770340500,1.17838,1.17838,1.17787,1.1781,1563.0,2026-02-06 01:15:00
1770341400,1.1781,1.17854,1.17791,1.17832,1455.0,2026-02-06 01:30:00
1770342300,1.17833,1.17884,1.17824,1.17853,1619.0,2026-02-06 01:45:00
1770343200,1.17852,1.17894,1.17846,1.17878,1401.0,2026-02-06 02:00:00
1770344100,1.17878,1.17913,1.1785,1.17904,943.0,2026-02-06 02:15:00
1770345000,1.17904,1.17918,1.17884,1.1789,1053.0,2026-02-06 02:30:00
1770345900,1.1789,1.17894,1.17865,1.17876,800.0,2026-02-06 02:45:00
1770346800,1.17877,1.17904,1.1787,1.17897,795.0,2026-02-06 03:00:00
1770347700,1.17896,1.17906,1.1786,1.17887,651.0,2026-02-06 03:15:00
1770348600,1.17888,1.17889,1.17858,1.17884,643.0,2026-02-06 03:30:00
1770349500,1.17882,1.17889,1.1787,1.17876,654.0,2026-02-06 03:45:00
1770350400,1.17878,1.17897,1.17878,1.17896,456.0,2026-02-06 04:00:00
1770351300,1.17896,1.17904,1.17873,1.17901,446.0,2026-02-06 04:15:00
1770352200,1.179,1.17963,1.17893,1.17953,693.0,2026-02-06 04:30:00
1770353100,1.17954,1.17964,1.17934,1.17954,642.0,2026-02-06 04:45:00
1770354000,1.17954,1.17984,1.17948,1.17979,678.0,2026-02-06 05:00:00
1770354900,1.17978,1.18014,1.17972,1.17978,751.0,2026-02-06 05:15:00
1770355800,1.17978,1.17983,1.17954,1.17956,701.0,2026-02-06 05:30:00
1770356700,1.17955,1.1799,1.17953,1.17984,954.0,2026-02-06 05:45:00
1770357600,1.17983,1.1801,1.17944,1.17979,1469.0,2026-02-06 06:00:00
1770358500,1.17978,1.18009,1.17973,1.17994,1002.0,2026-02-06 06:15:00
1770359400,1.17994,1.1802,1.1796,1.17998,1171.0,2026-02-06 06:30:00
1770360300,1.17996,1.18008,1.17956,1.17972,969.0,2026-02-06 06:45:00
1770361200,1.17972,1.17978,1.17916,1.1792,1292.0,2026-02-06 07:00:00
1770362100,1.1792,1.17953,1.17914,1.17935,1427.0,2026-02-06 07:15:00
1770363000,1.17934,1.17968,1.17908,1.17913,1314.0,2026-02-06 07:30:00
1770363900,1.17914,1.17919,1.17887,1.17914,1178.0,2026-02-06 07:45:00
1770364800,1.17914,1.17919,1.17858,1.17902,1952.0,2026-02-06 08:00:00
1770365700,1.17902,1.17942,1.1787,1.17872,1819.0,2026-02-06 08:15:00
1770366600,1.17873,1.17936,1.17872,1.17896,1923.0,2026-02-06 08:30:00
1770367500,1.17894,1.17958,1.17881,1.17922,1490.0,2026-02-06 08:45:00
1770368400,1.17922,1.17952,1.17907,1.17921,1762.0,2026-02-06 09:00:00
1770369300,1.1792,1.17954,1.17901,1.17942,1602.0,2026-02-06 09:15:00
1770370200,1.17942,1.1798,1.17934,1.17964,1492.0,2026-02-06 09:30:00
1770371100,1.17964,1.17983,1.17918,1.1792,1262.0,2026-02-06 09:45:00
1770372000,1.1792,1.17998,1.17918,1.1799,1022.0,2026-02-06 10:00:00
1770372900,1.1799,1.17998,1.17914,1.17914,1032.0,2026-02-06 10:15:00
1770373800,1.17914,1.17958,1.17907,1.17945,1110.0,2026-02-06 10:30:00
1770374700,1.17944,1.17945,1.17899,1.17922,1250.0,2026-02-06 10:45:00
1770375600,1.1792,1.17926,1.17874,1.179,1546.0,2026-02-06 11:00:00
1770376500,1.179,1.17934,1.17857,1.17918,1364.0,2026-02-06 11:15:00
1770377400,1.17919,1.17931,1.17877,1.17893,900.0,2026-02-06 11:30:00
1770378300,1.17894,1.17922,1.17886,1.17902,1070.0,2026-02-06 11:45:00
1770379200,1.17902,1.17932,1.17884,1.17904,1168.0,2026-02-06 12:00:00
1770380100,1.17905,1.17918,1.17891,1.17918,924.0,2026-02-06 12:15:00
1770381000,1.17918,1.17924,1.17884,1.17902,1038.0,2026-02-06 12:30:00
1770381900,1.17902,1.17932,1.17895,1.17928,1107.0,2026-02-06 12:45:00
1770382800,1.17927,1.17978,1.17924,1.17938,1758.0,2026-02-06 13:00:00
1770383700,1.17938,1.18016,1.17938,1.18012,1334.0,2026-02-06 13:15:00
1770384600,1.18012,1.18056,1.1801,1.18032,1763.0,2026-02-06 13:30:00
1770385500,1.18033,1.18112,1.18028,1.18104,1561.0,2026-02-06 13:45:00
1770386400,1.18104,1.18154,1.181,1.18123,2009.0,2026-02-06 14:00:00
1770387300,1.18124,1.18156,1.181,1.18126,1657.0,2026-02-06 14:15:00
1770388200,1.18125,1.18256,1.18116,1.18235,2906.0,2026-02-06 14:30:00
1770389100,1.18233,1.18262,1.18182,1.18211,2407.0,2026-02-06 14:45:00
1770390000,1.18209,1.1824,1.1812,1.1814,3150.0,2026-02-06 15:00:00
1770390900,1.18138,1.18158,1.18076,1.18076,2352.0,2026-02-06 15:15:00
1770391800,1.18078,1.18154,1.18052,1.18142,2248.0,2026-02-06 15:30:00
1770392700,1.1814,1.18195,1.18118,1.18193,2547.0,2026-02-06 15:45:00
1770393600,1.18192,1.18218,1.18118,1.18152,2430.0,2026-02-06 16:00:00
1770394500,1.18151,1.18164,1.18101,1.18138,1803.0,2026-02-06 16:15:00
1770395400,1.18137,1.18188,1.18118,1.18168,1912.0,2026-02-06 16:30:00
1770396300,1.18169,1.1819,1.18114,1.18122,1319.0,2026-02-06 16:45:00
1770397200,1.18121,1.18158,1.18104,1.18114,1315.0,2026-02-06 17:00:00
1770398100,1.18116,1.18157,1.18115,1.18124,1258.0,2026-02-06 17:15:00
1770399000,1.18124,1.18196,1.18124,1.1818,1303.0,2026-02-06 17:30:00
1770399900,1.1818,1.18208,1.18164,1.1818,805.0,2026-02-06 17:45:00
1770400800,1.1818,1.18211,1.18174,1.18208,939.0,2026-02-06 18:00:00
1770401700,1.1821,1.18228,1.18177,1.18198,888.0,2026-02-06 18:15:00
1770402600,1.18198,1.18224,1.18182,1.18224,788.0,2026-02-06 18:30:00
1770403500,1.18226,1.18228,1.18186,1.18191,691.0,2026-02-06 18:45:00
1770404400,1.1819,1.18208,1.18172,1.18178,717.0,2026-02-06 19:00:00
1770405300,1.18176,1.18186,1.18154,1.18155,589.0,2026-02-06 19:15:00
1770406200,1.18154,1.18198,1.18146,1.18188,807.0,2026-02-06 19:30:00
1770407100,1.18187,1.18214,1.18174,1.18194,850.0,2026-02-06 19:45:00
1770408000,1.18195,1.18214,1.18184,1.18206,607.0,2026-02-06 20:00:00
1770408900,1.18208,1.18218,1.18199,1.18212,581.0,2026-02-06 20:15:00
1770409800,1.18212,1.18222,1.18206,1.18208,386.0,2026-02-06 20:30:00
1770410700,1.18208,1.18229,1.18194,1.18222,762.0,2026-02-06 20:45:00
1770411600,1.18222,1.18236,1.18216,1.18226,484.0,2026-02-06 21:00:00
1770412500,1.18226,1.18241,1.1821,1.18214,423.0,2026-02-06 21:15:00
1770413400,1.18213,1.18226,1.18162,1.18162,322.0,2026-02-06 21:30:00
1770414300,1.18161,1.18168,1.18134,1.18168,630.0,2026-02-06 21:45:00
1770588000,1.18126,1.18154,1.18126,1.18144,103.0,2026-02-08 22:00:00
1770588900,1.1814,1.18148,1.18135,1.18136,263.0,2026-02-08 22:15:00
1770589800,1.18139,1.18152,1.18138,1.18148,172.0,2026-02-08 22:30:00
1770590700,1.18148,1.18167,1.18148,1.18164,242.0,2026-02-08 22:45:00
1770591600,1.18162,1.18222,1.18097,1.18114,924.0,2026-02-08 23:00:00
1770592500,1.18111,1.18145,1.18102,1.18144,743.0,2026-02-08 23:15:00
1770593400,1.18145,1.18212,1.18132,1.1821,1650.0,2026-02-08 23:30:00
1770594300,1.1821,1.18278,1.18189,1.18268,1447.0,2026-02-08 23:45:00
1770595200,1.18268,1.18337,1.18248,1.18308,2472.0,2026-02-09 00:00:00
1770596100,1.18308,1.18308,1.1824,1.18305,1508.0,2026-02-09 00:15:00
1770597000,1.18306,1.18308,1.18254,1.18283,1304.0,2026-02-09 00:30:00
1770597900,1.18284,1.18312,1.18278,1.18308,1428.0,2026-02-09 00:45:00
1770598800,1.18308,1.18324,1.18272,1.18278,1289.0,2026-02-09 01:00:00
1770599700,1.18281,1.18306,1.18248,1.18268,1389.0,2026-02-09 01:15:00
1770600600,1.18267,1.18336,1.18259,1.183,2105.0,2026-02-09 01:30:00
1770601500,1.18298,1.18304,1.18252,1.18256,1345.0,2026-02-09 01:45:00
1770602400,1.18254,1.18256,1.18161,1.18204,1465.0,2026-02-09 02:00:00
1770603300,1.18202,1.18224,1.18192,1.18218,810.0,2026-02-09 02:15:00
1770604200,1.18216,1.18258,1.18192,1.18206,1193.0,2026-02-09 02:30:00
1770605100,1.18207,1.18218,1.1819,1.18198,622.0,2026-02-09 02:45:00
1770606000,1.18196,1.18224,1.18196,1.18204,610.0,2026-02-09 03:00:00
1770606900,1.18206,1.18238,1.18196,1.1823,620.0,2026-02-09 03:15:00
1770607800,1.18229,1.18234,1.18204,1.18228,696.0,2026-02-09 03:30:00
1770608700,1.18228,1.18251,1.18186,1.1819,770.0,2026-02-09 03:45:00
1770609600,1.18191,1.18232,1.1819,1.1822,575.0,2026-02-09 04:00:00
1770610500,1.1822,1.18254,1.18219,1.18238,588.0,2026-02-09 04:15:00
1770611400,1.1824,1.18248,1.18224,1.18234,471.0,2026-02-09 04:30:00
1770612300,1.18234,1.18269,1.18232,1.18266,397.0,2026-02-09 04:45:00
1770613200,1.18266,1.18317,1.18258,1.1831,618.0,2026-02-09 05:00:00
1770614100,1.18311,1.18333,1.18304,1.18332,531.0,2026-02-09 05:15:00
1770615000,1.18334,1.18363,1.18334,1.18358,483.0,2026-02-09 05:30:00
1770615900,1.1836,1.1836,1.1833,1.18334,589.0,2026-02-09 05:45:00
1770616800,1.18334,1.1854,1.18332,1.18403,4068.0,2026-02-09 06:00:00
1770617700,1.18404,1.18482,1.18374,1.18479,1563.0,2026-02-09 06:15:00
1770618600,1.18477,1.18551,1.18466,1.18546,1600.0,2026-02-09 06:30:00
1770619500,1.18546,1.18578,1.18516,1.1852,1753.0,2026-02-09 06:45:00
1770620400,1.18518,1.18557,1.18488,1.18535,2060.0,2026-02-09 07:00:00
1770621300,1.18534,1.18556,1.18488,1.18508,1694.0,2026-02-09 07:15:00
1770622200,1.1851,1.186,1.185,1.18598,2251.0,2026-02-09 07:30:00
1770623100,1.18596,1.186,1.1847,1.18558,1800.0,2026-02-09 07:45:00
1770624000,1.18559,1.18623,1.18548,1.1858,2277.0,2026-02-09 08:00:00
1770624900,1.18579,1.18645,1.18521,1.18522,2229.0,2026-02-09 08:15:00
1770625800,1.18522,1.18608,1.18516,1.1859,1857.0,2026-02-09 08:30:00
1770626700,1.18589,1.18649,1.18584,1.18644,1806.0,2026-02-09 08:45:00
1770627600,1.18644,1.18698,1.18638,1.18646,2042.0,2026-02-09 09:00:00
1770628500,1.18646,1.18698,1.18628,1.18682,1243.0,2026-02-09 09:15:00
1770629400,1.18682,1.18696,1.18643,1.18674,1220.0,2026-02-09 09:30:00
1770630300,1.18674,1.18678,1.18602,1.18622,1475.0,2026-02-09 09:45:00
1770631200,1.18622,1.18698,1.18603,1.18663,1606.0,2026-02-09 10:00:00
1770632100,1.18662,1.18688,1.18618,1.18622,1541.0,2026-02-09 10:15:00
1770633000,1.1862,1.18624,1.18552,1.18574,2063.0,2026-02-09 10:30:00
1770633900,1.18575,1.18658,1.18568,1.186,2163.0,2026-02-09 10:45:00
1770634800,1.18599,1.18644,1.18558,1.18622,2464.0,2026-02-09 11:00:00
1770635700,1.18623,1.18643,1.18602,1.18636,1420.0,2026-02-09 11:15:00
1770636600,1.18638,1.18696,1.18633,1.1869,1716.0,2026-02-09 11:30:00
1770637500,1.18692,1.18721,1.18656,1.18693,1817.0,2026-02-09 11:45:00
1770638400,1.18692,1.18751,1.18692,1.18743,2016.0,2026-02-09 12:00:00
1770639300,1.18742,1.18775,1.1874,1.1875,1425.0,2026-02-09 12:15:00
1770640200,1.1875,1.18776,1.18732,1.18773,1290.0,2026-02-09 12:30:00
1770641100,1.18773,1.1883,1.18771,1.18814,2118.0,2026-02-09 12:45:00
1770642000,1.18815,1.18918,1.18815,1.18916,2935.0,2026-02-09 13:00:00
1770642900,1.18915,1.1903,1.18897,1.1896,3379.0,2026-02-09 13:15:00
1770643800,1.18959,1.19026,1.18927,1.18932,3070.0,2026-02-09 13:30:00
1770644700,1.18932,1.19058,1.18921,1.19037,2419.0,2026-02-09 13:45:00
1770645600,1.19038,1.19128,1.19028,1.19114,3600.0,2026-02-09 14:00:00
1770646500,1.19114,1.1918,1.1908,1.19164,3782.0,2026-02-09 14:15:00
1770647400,1.19166,1.1917,1.19073,1.19138,3508.0,2026-02-09 14:30:00
1770648300,1.1914,1.19185,1.19062,1.19184,2607.0,2026-02-09 14:45:00
1770649200,1.19186,1.19268,1.19112,1.19116,3749.0,2026-02-09 15:00:00
1770650100,1.19114,1.19123,1.19034,1.19099,2518.0,2026-02-09 15:15:00
1770651000,1.191,1.19154,1.19064,1.19084,2756.0,2026-02-09 15:30:00
1770651900,1.19084,1.19154,1.19072,1.19121,2503.0,2026-02-09 15:45:00
1770652800,1.19122,1.19176,1.19056,1.1909,2202.0,2026-02-09 16:00:00
1770653700,1.19089,1.19098,1.18966,1.18973,1997.0,2026-02-09 16:15:00
1770654600,1.18973,1.19034,1.1893,1.18992,2214.0,2026-02-09 16:30:00
1770655500,1.1899,1.19004,1.18944,1.18974,1383.0,2026-02-09 16:45:00
1770656400,1.18974,1.1904,1.18973,1.19029,1385.0,2026-02-09 17:00:00
1770657300,1.1903,1.19052,1.18981,1.19004,1313.0,2026-02-09 17:15:00
1770658200,1.19004,1.1908,1.19,1.1908,1039.0,2026-02-09 17:30:00
1770659100,1.1908,1.19109,1.19074,1.19086,1036.0,2026-02-09 17:45:00
1770660000,1.19086,1.19142,1.19082,1.19128,1162.0,2026-02-09 18:00:00
1770660900,1.19129,1.19141,1.19037,1.19118,1960.0,2026-02-09 18:15:00
1770661800,1.19118,1.19134,1.19109,1.19128,1075.0,2026-02-09 18:30:00
1770662700,1.19129,1.19174,1.19114,1.19159,1250.0,2026-02-09 18:45:00
1770663600,1.1916,1.19169,1.19124,1.19161,1152.0,2026-02-09 19:00:00
1770664500,1.1916,1.1918,1.19144,1.19174,986.0,2026-02-09 19:15:00
1770665400,1.19172,1.19224,1.19172,1.19206,1356.0,2026-02-09 19:30:00
1770666300,1.19206,1.19223,1.19178,1.19204,1368.0,2026-02-09 19:45:00
1770667200,1.19202,1.19212,1.19178,1.19184,1073.0,2026-02-09 20:00:00
1770668100,1.19184,1.19192,1.19151,1.19168,931.0,2026-02-09 20:15:00
1770669000,1.19169,1.19192,1.19164,1.1919,682.0,2026-02-09 20:30:00
1770669900,1.19189,1.1919,1.19141,1.19147,1110.0,2026-02-09 20:45:00
1770670800,1.19146,1.1915,1.1912,1.1912,594.0,2026-02-09 21:00:00
1770671700,1.1912,1.19138,1.19108,1.19119,425.0,2026-02-09 21:15:00
1770672600,1.19118,1.19142,1.19104,1.19141,360.0,2026-02-09 21:30:00
1770673500,1.19142,1.1916,1.19124,1.19151,677.0,2026-02-09 21:45:00
1770674400,1.19118,1.1914,1.19118,1.19133,180.0,2026-02-09 22:00:00
1770675300,1.19134,1.19156,1.19123,1.1913,232.0,2026-02-09 22:15:00
1770676200,1.1913,1.19135,1.19117,1.19117,99.0,2026-02-09 22:30:00
1770677100,1.19118,1.19138,1.19117,1.19128,280.0,2026-02-09 22:45:00
1770678000,1.19135,1.19146,1.19107,1.19107,292.0,2026-02-09 23:00:00
1770678900,1.19108,1.19111,1.19054,1.1906,577.0,2026-02-09 23:15:00
1770679800,1.1906,1.19064,1.19043,1.19056,400.0,2026-02-09 23:30:00
1770680700,1.19054,1.19058,1.19016,1.19038,339.0,2026-02-09 23:45:00
1770681600,1.19038,1.19057,1.19014,1.19025,685.0,2026-02-10 00:00:00
1770682500,1.19026,1.19056,1.1902,1.19036,621.0,2026-02-10 00:15:00
1770683400,1.19037,1.19037,1.18987,1.18991,667.0,2026-02-10 00:30:00
1770684300,1.18992,1.19034,1.18985,1.19018,1184.0,2026-02-10 00:45:00
1770685200,1.19018,1.19038,1.18998,1.19026,1182.0,2026-02-10 01:00:00
1770686100,1.19025,1.19046,1.18967,1.18976,794.0,2026-02-10 01:15:00
1770687000,1.18976,1.19087,1.18972,1.19059,1077.0,2026-02-10 01:30:00
1770687900,1.19058,1.19105,1.19042,1.19058,1115.0,2026-02-10 01:45:00
1770688800,1.19057,1.19096,1.19057,1.19078,916.0,2026-02-10 02:00:00
1770689700,1.19076,1.19092,1.1906,1.19092,713.0,2026-02-10 02:15:00
1770690600,1.19091,1.19106,1.19076,1.19102,817.0,2026-02-10 02:30:00
1770691500,1.19104,1.19144,1.191,1.19137,1167.0,2026-02-10 02:45:00
1770692400,1.19138,1.1917,1.19126,1.19154,1132.0,2026-02-10 03:00:00
1770693300,1.19152,1.19152,1.19113,1.19115,948.0,2026-02-10 03:15:00
1770694200,1.19114,1.19162,1.19112,1.19149,889.0,2026-02-10 03:30:00
1770695100,1.19148,1.19171,1.191,1.19116,681.0,2026-02-10 03:45:00
1770696000,1.19116,1.19129,1.19096,1.19096,521.0,2026-02-10 04:00:00
1770696900,1.19094,1.191,1.19064,1.19066,475.0,2026-02-10 04:15:00
1770697800,1.19066,1.19102,1.1906,1.19092,551.0,2026-02-10 04:30:00
1770698700,1.19092,1.19094,1.19068,1.1907,641.0,2026-02-10 04:45:00
1770699600,1.1907,1.19079,1.19053,1.19079,575.0,2026-02-10 05:00:00
1770700500,1.19078,1.19106,1.19058,1.1907,738.0,2026-02-10 05:15:00
1770701400,1.19069,1.19086,1.19038,1.19048,633.0,2026-02-10 05:30:00
1770702300,1.19046,1.1908,1.19038,1.19073,730.0,2026-02-10 05:45:00
1770703200,1.19072,1.19132,1.19048,1.19091,1356.0,2026-02-10 06:00:00
1770704100,1.1909,1.19092,1.19032,1.19052,906.0,2026-02-10 06:15:00
1770705000,1.19052,1.19087,1.19024,1.19044,842.0,2026-02-10 06:30:00
1770705900,1.19044,1.19051,1.19012,1.19031,927.0,2026-02-10 06:45:00
1770706800,1.19032,1.19092,1.19016,1.19056,1665.0,2026-02-10 07:00:00
1770707700,1.19056,1.19105,1.19016,1.19018,1237.0,2026-02-10 07:15:00
1770708600,1.19018,1.19042,1.18994,1.19034,1077.0,2026-02-10 07:30:00
1770709500,1.19034,1.19088,1.19028,1.19088,1802.0,2026-02-10 07:45:00
1770710400,1.19087,1.19117,1.19051,1.19052,2253.0,2026-02-10 08:00:00
1770711300,1.19052,1.1911,1.18998,1.19076,1922.0,2026-02-10 08:15:00
1770712200,1.19074,1.19152,1.1906,1.19136,1362.0,2026-02-10 08:30:00
1770713100,1.19137,1.19144,1.19084,1.19092,1550.0,2026-02-10 08:45:00
1770714000,1.1909,1.1919,1.19082,1.19147,1497.0,2026-02-10 09:00:00
1770714900,1.19148,1.19198,1.19115,1.19194,1545.0,2026-02-10 09:15:00
1770715800,1.19195,1.192,1.1916,1.19166,1255.0,2026-02-10 09:30:00
1770716700,1.19168,1.19182,1.19127,1.19145,1338.0,2026-02-10 09:45:00
1770717600,1.19146,1.19172,1.19116,1.19121,1310.0,2026-02-10 10:00:00
1770718500,1.19122,1.19135,1.19092,1.19106,1129.0,2026-02-10 10:15:00
1770719400,1.19107,1.19176,1.19096,1.19158,1136.0,2026-02-10 10:30:00
1770720300,1.19158,1.19164,1.19096,1.191,1043.0,2026-02-10 10:45:00
1770721200,1.191,1.19106,1.19065,1.1907,1123.0,2026-02-10 11:00:00
1770722100,1.1907,1.19082,1.19015,1.19032,908.0,2026-02-10 11:15:00
1770723000,1.19034,1.19056,1.19012,1.19026,864.0,2026-02-10 11:30:00
1770723900,1.19026,1.19045,1.19008,1.19039,966.0,2026-02-10 11:45:00
1770724800,1.1904,1.19068,1.19036,1.19052,1137.0,2026-02-10 12:00:00
1770725700,1.19052,1.19086,1.19042,1.19043,1525.0,2026-02-10 12:15:00
1770726600,1.19044,1.19052,1.18987,1.1899,1352.0,2026-02-10 12:30:00
1770727500,1.1899,1.18992,1.18911,1.1893,3145.0,2026-02-10 12:45:00
1770728400,1.18928,1.18959,1.18884,1.18934,2331.0,2026-02-10 13:00:00
1770729300,1.18934,1.18956,1.1889,1.18928,1597.0,2026-02-10 13:15:00
1770730200,1.18927,1.19136,1.18926,1.19015,4759.0,2026-02-10 13:30:00
1770731100,1.19016,1.19058,1.18993,1.19055,2303.0,2026-02-10 13:45:00
1770732000,1.19055,1.19156,1.19029,1.19156,2898.0,2026-02-10 14:00:00
1770732900,1.19158,1.19226,1.19148,1.19214,2739.0,2026-02-10 14:15:00
1770733800,1.19214,1.19288,1.1915,1.19154,3562.0,2026-02-10 14:30:00
1770734700,1.19154,1.19172,1.19084,1.19148,2936.0,2026-02-10 14:45:00
1770735600,1.19145,1.19146,1.19034,1.19045,2552.0,2026-02-10 15:00:00
1770736500,1.19042,1.1907,1.19011,1.19019,2784.0,2026-02-10 15:15:00
1770737400,1.19017,1.19032,1.18965,1.19012,2782.0,2026-02-10 15:30:00
1770738300,1.19012,1.19192,1.18982,1.19139,5581.0,2026-02-10 15:45:00
1770739200,1.1914,1.1915,1.1907,1.19085,3369.0,2026-02-10 16:00:00
1770740100,1.19086,1.19098,1.19002,1.1903,1930.0,2026-02-10 16:15:00
1770741000,1.19028,1.19072,1.18994,1.19072,2018.0,2026-02-10 16:30:00
1770741900,1.19073,1.1908,1.18966,1.18978,1865.0,2026-02-10 16:45:00
1770742800,1.18978,1.1901,1.18963,1.1901,1464.0,2026-02-10 17:00:00
1770743700,1.19012,1.19054,1.1899,1.19046,1378.0,2026-02-10 17:15:00
1770744600,1.19046,1.19054,1.18972,1.18976,1564.0,2026-02-10 17:30:00
1770745500,1.18975,1.18976,1.18933,1.18958,1319.0,2026-02-10 17:45:00
1770746400,1.18958,1.18978,1.18944,1.1897,950.0,2026-02-10 18:00:00
1770747300,1.1897,1.18982,1.18914,1.18918,1278.0,2026-02-10 18:15:00
1770748200,1.18916,1.18948,1.18904,1.18938,1047.0,2026-02-10 18:30:00
1770749100,1.18936,1.18944,1.18914,1.18924,1283.0,2026-02-10 18:45:00
1770750000,1.18922,1.18928,1.18868,1.18906,1018.0,2026-02-10 19:00:00
1770750900,1.18906,1.1896,1.18897,1.18946,881.0,2026-02-10 19:15:00
1770751800,1.18946,1.18966,1.18942,1.18966,948.0,2026-02-10 19:30:00
1770752700,1.18966,1.19024,1.18946,1.19023,1060.0,2026-02-10 19:45:00
1770753600,1.19022,1.19023,1.18984,1.18998,908.0,2026-02-10 20:00:00
1770754500,1.18998,1.19035,1.18996,1.19016,578.0,2026-02-10 20:15:00
1770755400,1.19016,1.19029,1.19011,1.19024,586.0,2026-02-10 20:30:00
1770756300,1.19023,1.19023,1.18946,1.18951,1062.0,2026-02-10 20:45:00
1770757200,1.18952,1.18967,1.18926,1.18943,606.0,2026-02-10 21:00:00
1770758100,1.18944,1.18963,1.18943,1.18962,249.0,2026-02-10 21:15:00
1770759000,1.18961,1.18966,1.18953,1.18954,250.0,2026-02-10 21:30:00
1770759900,1.18952,1.18964,1.18938,1.18948,606.0,2026-02-10 21:45:00
1770760800,1.18951,1.18977,1.1895,1.18961,42.0,2026-02-10 22:00:00
1770761700,1.18962,1.18962,1.18924,1.18928,341.0,2026-02-10 22:15:00
1770762600,1.18928,1.18938,1.18918,1.18924,713.0,2026-02-10 22:30:00
1770763500,1.18925,1.18932,1.1891,1.18912,1021.0,2026-02-10 22:45:00
1770764400,1.18914,1.18923,1.18878,1.18882,309.0,2026-02-10 23:00:00
1770765300,1.18881,1.18912,1.1888,1.18892,310.0,2026-02-10 23:15:00
1770766200,1.18891,1.18901,1.18878,1.18882,270.0,2026-02-10 23:30:00
1770767100,1.18882,1.18888,1.18868,1.18878,326.0,2026-02-10 23:45:00
1770768000,1.18878,1.18906,1.18864,1.18874,517.0,2026-02-11 00:00:00
1770768900,1.18873,1.18948,1.18872,1.1894,614.0,2026-02-11 00:15:00
1770769800,1.18938,1.18976,1.18937,1.18973,1224.0,2026-02-11 00:30:00
1770770700,1.18973,1.19004,1.18961,1.1897,1637.0,2026-02-11 00:45:00
1770771600,1.18968,1.19018,1.18968,1.19009,1453.0,2026-02-11 01:00:00
1770772500,1.19008,1.19021,1.18977,1.1901,849.0,2026-02-11 01:15:00
1770773400,1.19008,1.1901,1.18948,1.18958,1029.0,2026-02-11 01:30:00
1770774300,1.18958,1.18984,1.18939,1.18978,843.0,2026-02-11 01:45:00
1770775200,1.1898,1.19054,1.18978,1.19015,1015.0,2026-02-11 02:00:00
1770776100,1.19013,1.19083,1.19005,1.19074,1129.0,2026-02-11 02:15:00
1770777000,1.19073,1.19129,1.19068,1.1909,1390.0,2026-02-11 02:30:00
1770777900,1.19088,1.191,1.19056,1.19084,891.0,2026-02-11 02:45:00
1770778800,1.19085,1.19094,1.1905,1.19054,755.0,2026-02-11 03:00:00
1770779700,1.19054,1.19088,1.19036,1.19078,709.0,2026-02-11 03:15:00
1770780600,1.1908,1.19105,1.1907,1.19104,695.0,2026-02-11 03:30:00
1770781500,1.19105,1.19138,1.19098,1.19116,815.0,2026-02-11 03:45:00
1770782400,1.19114,1.19127,1.19098,1.19109,516.0,2026-02-11 04:00:00
1770783300,1.1911,1.19152,1.1911,1.19132,720.0,2026-02-11 04:15:00
1770784200,1.19132,1.19139,1.19076,1.1908,787.0,2026-02-11 04:30:00
1770785100,1.1908,1.19104,1.19078,1.19082,533.0,2026-02-11 04:45:00
1770786000,1.1908,1.19114,1.19069,1.19108,764.0,2026-02-11 05:00:00
1770786900,1.19108,1.19156,1.19101,1.19156,654.0,2026-02-11 05:15:00
1770787800,1.19155,1.19181,1.1912,1.19176,990.0,2026-02-11 05:30:00
1770788700,1.19178,1.19193,1.19148,1.19185,951.0,2026-02-11 05:45:00
1770789600,1.19184,1.19258,1.19173,1.19218,1456.0,2026-02-11 06:00:00
1770790500,1.19219,1.19228,1.19181,1.19186,992.0,2026-02-11 06:15:00
1770791400,1.19185,1.19185,1.19128,1.19144,938.0,2026-02-11 06:30:00
1770792300,1.19142,1.19168,1.19126,1.19152,1035.0,2026-02-11 06:45:00
1770793200,1.1915,1.19176,1.19104,1.19118,1807.0,2026-02-11 07:00:00
1770794100,1.1912,1.1916,1.19119,1.19135,1535.0,2026-02-11 07:15:00
1770795000,1.19134,1.19164,1.19122,1.1916,1041.0,2026-02-11 07:30:00
1770795900,1.19159,1.19183,1.19112,1.1918,1471.0,2026-02-11 07:45:00
1770796800,1.19178,1.192,1.19136,1.19146,2249.0,2026-02-11 08:00:00
1770797700,1.19148,1.19187,1.1914,1.19156,1315.0,2026-02-11 08:15:00
1770798600,1.19155,1.19173,1.19132,1.19143,1249.0,2026-02-11 08:30:00
1770799500,1.19142,1.19184,1.1914,1.19184,1120.0,2026-02-11 08:45:00
1770800400,1.19186,1.19198,1.19101,1.19131,1478.0,2026-02-11 09:00:00
1770801300,1.1913,1.19142,1.1911,1.19142,1254.0,2026-02-11 09:15:00
1770802200,1.19145,1.19192,1.19143,1.19191,1623.0,2026-02-11 09:30:00
1770803100,1.1919,1.1919,1.19162,1.19181,1159.0,2026-02-11 09:45:00
1770804000,1.1918,1.192,1.19176,1.19182,1005.0,2026-02-11 10:00:00
1770804900,1.19181,1.19185,1.19162,1.19182,802.0,2026-02-11 10:15:00
1770805800,1.19181,1.19244,1.19162,1.19234,1302.0,2026-02-11 10:30:00
1770806700,1.19235,1.19274,1.19209,1.19219,1602.0,2026-02-11 10:45:00
1770807600,1.19218,1.19218,1.19137,1.19138,1002.0,2026-02-11 11:00:00
1770808500,1.19136,1.19167,1.19122,1.19142,857.0,2026-02-11 11:15:00
1770809400,1.19142,1.19149,1.1905,1.19076,1564.0,2026-02-11 11:30:00
1770810300,1.19076,1.19138,1.19068,1.19082,1311.0,2026-02-11 11:45:00
1770811200,1.19083,1.19093,1.19035,1.1907,1475.0,2026-02-11 12:00:00
1770812100,1.1907,1.19078,1.19006,1.19006,1505.0,2026-02-11 12:15:00
1770813000,1.19006,1.1903,1.18986,1.19028,1506.0,2026-02-11 12:30:00
1770813900,1.19028,1.19045,1.18985,1.19004,1561.0,2026-02-11 12:45:00
1770814800,1.19004,1.19044,1.18992,1.18997,1495.0,2026-02-11 13:00:00
1770815700,1.18998,1.1902,1.18972,1.19016,1852.0,2026-02-11 13:15:00
1770816600,1.19016,1.19018,1.18332,1.18666,17935.0,2026-02-11 13:30:00
1770817500,1.18666,1.18813,1.18577,1.1862,9477.0,2026-02-11 13:45:00
1770818400,1.18621,1.18814,1.18597,1.18726,7263.0,2026-02-11 14:00:00
1770819300,1.1873,1.18826,1.18588,1.18644,4600.0,2026-02-11 14:15:00
1770820200,1.18645,1.18662,1.18568,1.18594,4870.0,2026-02-11 14:30:00
1770821100,1.18594,1.18624,1.18526,1.18604,5123.0,2026-02-11 14:45:00
1770822000,1.18604,1.18718,1.18599,1.18644,5154.0,2026-02-11 15:00:00
1770822900,1.18644,1.18668,1.18554,1.18569,4203.0,2026-02-11 15:15:00
1770823800,1.18568,1.18601,1.18513,1.18538,4053.0,2026-02-11 15:30:00
1770824700,1.18538,1.1867,1.18511,1.18593,3948.0,2026-02-11 15:45:00
1770825600,1.18592,1.18594,1.18531,1.1859,3038.0,2026-02-11 16:00:00
1770826500,1.18591,1.18702,1.1856,1.187,2627.0,2026-02-11 16:15:00
1770827400,1.18702,1.18798,1.18696,1.18773,2746.0,2026-02-11 16:30:00
1770828300,1.18772,1.18834,1.18759,1.1883,2123.0,2026-02-11 16:45:00
1770829200,1.18828,1.18894,1.18774,1.18891,2280.0,2026-02-11 17:00:00
1770830100,1.18892,1.18915,1.18848,1.18915,1996.0,2026-02-11 17:15:00
1770831000,1.18919,1.18937,1.18874,1.18878,1959.0,2026-02-11 17:30:00
1770831900,1.18878,1.18892,1.18841,1.18858,1560.0,2026-02-11 17:45:00
1770832800,1.18858,1.18908,1.18788,1.188,1903.0,2026-02-11 18:00:00
1770833700,1.188,1.18856,1.18798,1.18817,1306.0,2026-02-11 18:15:00
1770834600,1.18819,1.18864,1.18816,1.18849,1148.0,2026-02-11 18:30:00
1770835500,1.18848,1.18876,1.18815,1.18822,1226.0,2026-02-11 18:45:00
1770836400,1.18822,1.18829,1.18778,1.18816,1800.0,2026-02-11 19:00:00
1770837300,1.18817,1.18846,1.18811,1.18827,906.0,2026-02-11 19:15:00
1770838200,1.18826,1.18834,1.18798,1.1881,1164.0,2026-02-11 19:30:00
1770839100,1.1881,1.18822,1.18786,1.18798,998.0,2026-02-11 19:45:00
1770840000,1.18798,1.18811,1.18746,1.18771,974.0,2026-02-11 20:00:00
1770840900,1.1877,1.18779,1.18752,1.18768,572.0,2026-02-11 20:15:00
1770841800,1.18767,1.18774,1.1872,1.18725,634.0,2026-02-11 20:30:00
1770842700,1.18726,1.18759,1.187,1.18708,950.0,2026-02-11 20:45:00
1770843600,1.18708,1.18746,1.187,1.18705,628.0,2026-02-11 21:00:00
1770844500,1.18706,1.18722,1.18698,1.18708,425.0,2026-02-11 21:15:00
1770845400,1.18708,1.18717,1.18687,1.18694,322.0,2026-02-11 21:30:00
1770846300,1.18693,1.1872,1.18692,1.18714,534.0,2026-02-11 21:45:00
1770847200,1.18724,1.18728,1.18712,1.18726,48.0,2026-02-11 22:00:00
1770848100,1.18724,1.1874,1.18719,1.18736,228.0,2026-02-11 22:15:00
1770849000,1.18735,1.18742,1.18721,1.18739,111.0,2026-02-11 22:30:00
1770849900,1.1874,1.18759,1.18716,1.18746,375.0,2026-02-11 22:45:00
1770850800,1.18742,1.18748,1.187,1.18716,440.0,2026-02-11 23:00:00
1770851700,1.18717,1.18759,1.18714,1.1875,271.0,2026-02-11 23:15:00
1770852600,1.18751,1.18762,1.1873,1.18734,355.0,2026-02-11 23:30:00
1770853500,1.18734,1.18762,1.18722,1.18748,469.0,2026-02-11 23:45:00
1770854400,1.18748,1.18762,1.18669,1.18688,1190.0,2026-02-12 00:00:00
1770855300,1.18688,1.18776,1.18684,1.18763,903.0,2026-02-12 00:15:00
1770856200,1.18762,1.18776,1.18727,1.18753,757.0,2026-02-12 00:30:00
1770857100,1.18752,1.18783,1.18728,1.18768,1192.0,2026-02-12 00:45:00
1770858000,1.18766,1.18808,1.18747,1.18808,1397.0,2026-02-12 01:00:00
1770858900,1.18807,1.18807,1.18739,1.18754,1229.0,2026-02-12 01:15:00
1770859800,1.18752,1.18826,1.18736,1.18802,1486.0,2026-02-12 01:30:00
1770860700,1.18801,1.18809,1.18766,1.18809,1357.0,2026-02-12 01:45:00
1770861600,1.18808,1.18848,1.18803,1.18824,1420.0,2026-02-12 02:00:00
1770862500,1.18824,1.1883,1.18754,1.18755,919.0,2026-02-12 02:15:00
1770863400,1.18754,1.1879,1.18751,1.1878,800.0,2026-02-12 02:30:00
1770864300,1.18779,1.18792,1.18752,1.1879,858.0,2026-02-12 02:45:00
1770865200,1.18789,1.18812,1.1877,1.18776,1140.0,2026-02-12 03:00:00
1770866100,1.18775,1.188,1.18756,1.18766,906.0,2026-02-12 03:15:00
1770867000,1.18766,1.1879,1.18721,1.18733,858.0,2026-02-12 03:30:00
1770867900,1.18732,1.18734,1.18655,1.18697,828.0,2026-02-12 03:45:00
1770868800,1.18696,1.18728,1.18682,1.18682,699.0,2026-02-12 04:00:00
1770869700,1.18681,1.18696,1.18644,1.18668,595.0,2026-02-12 04:15:00
1770870600,1.1867,1.18684,1.1862,1.1863,629.0,2026-02-12 04:30:00
1770871500,1.1863,1.18632,1.18603,1.1862,768.0,2026-02-12 04:45:00
1770872400,1.18623,1.18638,1.186,1.18632,991.0,2026-02-12 05:00:00
1770873300,1.18633,1.18638,1.18584,1.18588,646.0,2026-02-12 05:15:00
1770874200,1.18588,1.18625,1.18588,1.18621,1004.0,2026-02-12 05:30:00
1770875100,1.18622,1.18658,1.18605,1.18648,944.0,2026-02-12 05:45:00
1770876000,1.18647,1.18678,1.18629,1.1866,1020.0,2026-02-12 06:00:00
1770876900,1.1866,1.18664,1.18559,1.18571,2164.0,2026-02-12 06:15:00
1770877800,1.1857,1.18644,1.18524,1.18631,2244.0,2026-02-12 06:30:00
1770878700,1.1863,1.18648,1.186,1.18606,1817.0,2026-02-12 06:45:00
1770879600,1.18606,1.18672,1.18594,1.18632,1910.0,2026-02-12 07:00:00
1770880500,1.18632,1.18736,1.18631,1.18735,1502.0,2026-02-12 07:15:00
1770881400,1.18736,1.18742,1.18707,1.18716,1069.0,2026-02-12 07:30:00
1770882300,1.18716,1.18753,1.1869,1.1873,1345.0,2026-02-12 07:45:00
1770883200,1.18732,1.18794,1.18732,1.18784,1912.0,2026-02-12 08:00:00
1770884100,1.18786,1.1881,1.18746,1.18778,1514.0,2026-02-12 08:15:00
1770885000,1.18778,1.18802,1.18717,1.18719,1666.0,2026-02-12 08:30:00
1770885900,1.1872,1.18808,1.18714,1.188,1674.0,2026-02-12 08:45:00
1770886800,1.18801,1.18871,1.18796,1.1887,1840.0,2026-02-12 09:00:00
1770887700,1.1887,1.1888,1.18826,1.18854,1433.0,2026-02-12 09:15:00
1770888600,1.18854,1.18866,1.18826,1.18848,1352.0,2026-02-12 09:30:00
1770889500,1.18852,1.18877,1.18846,1.18872,1283.0,2026-02-12 09:45:00
1770890400,1.18873,1.18875,1.18778,1.18786,1646.0,2026-02-12 10:00:00
1770891300,1.18785,1.18827,1.18771,1.18804,1205.0,2026-02-12 10:15:00
1770892200,1.18804,1.18826,1.18785,1.18791,1026.0,2026-02-12 10:30:00
1770893100,1.1879,1.18791,1.18748,1.18772,922.0,2026-02-12 10:45:00
1770894000,1.18774,1.18816,1.18752,1.18806,898.0,2026-02-12 11:00:00
1770894900,1.18806,1.18844,1.18794,1.18794,1024.0,2026-02-12 11:15:00
1770895800,1.18796,1.18812,1.18766,1.18775,1005.0,2026-02-12 11:30:00
1770896700,1.18776,1.18847,1.18775,1.18846,1071.0,2026-02-12 11:45:00
1770897600,1.18846,1.18862,1.18829,1.1884,1356.0,2026-02-12 12:00:00
1770898500,1.1884,1.18841,1.18793,1.18809,1362.0,2026-02-12 12:15:00
1770899400,1.1881,1.18822,1.18723,1.18725,1658.0,2026-02-12 12:30:00
1770900300,1.18724,1.18749,1.1867,1.18732,1990.0,2026-02-12 12:45:00
1770901200,1.18732,1.18786,1.1872,1.18744,2005.0,2026-02-12 13:00:00
1770902100,1.18742,1.18782,1.18732,1.1877,1960.0,2026-02-12 13:15:00
1770903000,1.1877,1.18846,1.18714,1.18803,2412.0,2026-02-12 13:30:00
1770903900,1.18804,1.18853,1.18788,1.1885,1686.0,2026-02-12 13:45:00
1770904800,1.1885,1.18878,1.18746,1.18779,2748.0,2026-02-12 14:00:00
1770905700,1.18781,1.18846,1.18778,1.1879,2402.0,2026-02-12 14:15:00
1770906600,1.18791,1.18874,1.1879,1.18828,3319.0,2026-02-12 14:30:00
1770907500,1.18826,1.18861,1.18796,1.18834,2547.0,2026-02-12 14:45:00
1770908400,1.18833,1.18878,1.18799,1.18854,2538.0,2026-02-12 15:00:00
1770909300,1.18853,1.18878,1.18827,1.18849,1967.0,2026-02-12 15:15:00
1770910200,1.18848,1.18866,1.18783,1.18819,2631.0,2026-02-12 15:30:00
1770911100,1.1882,1.18886,1.1881,1.18858,2949.0,2026-02-12 15:45:00
1770912000,1.1886,1.189,1.18684,1.18694,3855.0,2026-02-12 16:00:00
1770912900,1.18693,1.18718,1.1862,1.1865,6214.0,2026-02-12 16:15:00
1770913800,1.18651,1.18783,1.18636,1.1876,5506.0,2026-02-12 16:30:00
1770914700,1.18758,1.18761,1.18642,1.18705,4031.0,2026-02-12 16:45:00
1770915600,1.18706,1.18713,1.186,1.18663,3707.0,2026-02-12 17:00:00
1770916500,1.18662,1.18771,1.1866,1.18688,3325.0,2026-02-12 17:15:00
1770917400,1.18687,1.18706,1.18632,1.18648,2315.0,2026-02-12 17:30:00
1770918300,1.18649,1.18682,1.1862,1.18654,2032.0,2026-02-12 17:45:00
1770919200,1.18654,1.18696,1.1861,1.18622,2601.0,2026-02-12 18:00:00
1770920100,1.18623,1.18633,1.18562,1.18595,2391.0,2026-02-12 18:15:00
1770921000,1.18596,1.18622,1.18586,1.18614,1642.0,2026-02-12 18:30:00
1770921900,1.18612,1.18655,1.18602,1.18635,1899.0,2026-02-12 18:45:00
1770922800,1.18636,1.1865,1.18608,1.18634,1576.0,2026-02-12 19:00:00
1770923700,1.18634,1.18685,1.18634,1.1867,1606.0,2026-02-12 19:15:00
1770924600,1.18668,1.18698,1.1865,1.18652,1526.0,2026-02-12 19:30:00
1770925500,1.18652,1.18718,1.1864,1.187,1215.0,2026-02-12 19:45:00
1770926400,1.18698,1.18706,1.18666,1.18678,965.0,2026-02-12 20:00:00
1770927300,1.1868,1.1869,1.18658,1.1866,953.0,2026-02-12 20:15:00
1770928200,1.18658,1.18695,1.18637,1.18692,824.0,2026-02-12 20:30:00
1770929100,1.18691,1.187,1.1868,1.18698,1019.0,2026-02-12 20:45:00
1770930000,1.18699,1.18719,1.1869,1.1871,655.0,2026-02-12 21:00:00
1770930900,1.18708,1.18728,1.18702,1.18706,291.0,2026-02-12 21:15:00
1770931800,1.18704,1.18706,1.18686,1.18688,228.0,2026-02-12 21:30:00
1770932700,1.1869,1.18722,1.1869,1.18712,717.0,2026-02-12 21:45:00
1770933600,1.18681,1.187,1.18678,1.18687,78.0,2026-02-12 22:00:00
1770934500,1.18692,1.18705,1.18686,1.1869,37.0,2026-02-12 22:15:00
1770935400,1.18693,1.18702,1.1869,1.18698,122.0,2026-02-12 22:30:00
1770936300,1.187,1.18726,1.18692,1.18722,135.0,2026-02-12 22:45:00
1770937200,1.18732,1.18732,1.18683,1.18707,380.0,2026-02-12 23:00:00
1770938100,1.18708,1.18716,1.18682,1.18684,358.0,2026-02-12 23:15:00
1770939000,1.18686,1.1871,1.18676,1.187,306.0,2026-02-12 23:30:00
1770939900,1.18698,1.18699,1.1867,1.18692,344.0,2026-02-12 23:45:00
1770940800,1.1869,1.18716,1.18672,1.18701,981.0,2026-02-13 00:00:00
1770941700,1.187,1.18705,1.18679,1.18679,740.0,2026-02-13 00:15:00
1770942600,1.18678,1.18706,1.18672,1.18683,684.0,2026-02-13 00:30:00
1770943500,1.18682,1.18726,1.18666,1.18724,1404.0,2026-02-13 00:45:00
1770944400,1.18722,1.18736,1.18654,1.18672,1524.0,2026-02-13 01:00:00
1770945300,1.18674,1.18696,1.18632,1.18656,1127.0,2026-02-13 01:15:00
1770946200,1.18654,1.18671,1.18638,1.18652,853.0,2026-02-13 01:30:00
1770947100,1.1865,1.18702,1.18637,1.18672,990.0,2026-02-13 01:45:00
1770948000,1.18673,1.18676,1.18628,1.18651,905.0,2026-02-13 02:00:00
1770948900,1.18651,1.18703,1.18651,1.18701,724.0,2026-02-13 02:15:00
1770949800,1.18702,1.1871,1.18674,1.18688,629.0,2026-02-13 02:30:00
1770950700,1.18688,1.18712,1.18688,1.18692,583.0,2026-02-13 02:45:00
1770951600,1.18694,1.18702,1.1866,1.18672,449.0,2026-02-13 03:00:00
1770952500,1.1867,1.18691,1.18665,1.18679,525.0,2026-02-13 03:15:00
1770953400,1.18681,1.187,1.1868,1.18686,657.0,2026-02-13 03:30:00
1770954300,1.18687,1.1869,1.18657,1.1867,528.0,2026-02-13 03:45:00
1770955200,1.1867,1.18678,1.18656,1.18668,644.0,2026-02-13 04:00:00
1770956100,1.18668,1.18678,1.1865,1.18667,499.0,2026-02-13 04:15:00
1770957000,1.18666,1.18672,1.18632,1.1864,592.0,2026-02-13 04:30:00
1770957900,1.1864,1.18642,1.18601,1.18632,514.0,2026-02-13 04:45:00
1770958800,1.18633,1.18644,1.18586,1.1861,896.0,2026-02-13 05:00:00
1770959700,1.18611,1.18644,1.18602,1.18624,829.0,2026-02-13 05:15:00
1770960600,1.18624,1.18648,1.18619,1.18624,776.0,2026-02-13 05:30:00
1770961500,1.18627,1.18628,1.18579,1.18594,968.0,2026-02-13 05:45:00
1770962400,1.18593,1.18617,1.18571,1.18598,1162.0,2026-02-13 06:00:00
1770963300,1.18598,1.18617,1.18575,1.18578,1087.0,2026-02-13 06:15:00
1770964200,1.18579,1.18586,1.18534,1.1854,1389.0,2026-02-13 06:30:00
1770965100,1.18541,1.18582,1.1854,1.18561,961.0,2026-02-13 06:45:00
1770966000,1.1856,1.1856,1.18476,1.185,1775.0,2026-02-13 07:00:00
1770966900,1.185,1.18534,1.18486,1.18512,1334.0,2026-02-13 07:15:00
1770967800,1.18511,1.18538,1.18471,1.18525,1830.0,2026-02-13 07:30:00
1770968700,1.18523,1.186,1.1852,1.18587,1215.0,2026-02-13 07:45:00
1770969600,1.18584,1.1862,1.18561,1.18578,1822.0,2026-02-13 08:00:00
1770970500,1.18579,1.18607,1.18564,1.18584,1366.0,2026-02-13 08:15:00
1770971400,1.18583,1.18594,1.18561,1.18585,1387.0,2026-02-13 08:30:00
1770972300,1.18586,1.1863,1.18578,1.18626,1241.0,2026-02-13 08:45:00
1770973200,1.18626,1.18666,1.18622,1.18644,1244.0,2026-02-13 09:00:00
1770974100,1.18644,1.18658,1.18612,1.1863,1155.0,2026-02-13 09:15:00
1770975000,1.1863,1.18652,1.18617,1.18648,1277.0,2026-02-13 09:30:00
1770975900,1.18648,1.18664,1.18604,1.18606,858.0,2026-02-13 09:45:00
1770976800,1.18606,1.1861,1.18565,1.18587,1325.0,2026-02-13 10:00:00
1770977700,1.18586,1.18602,1.18544,1.18563,918.0,2026-02-13 10:15:00
1770978600,1.18562,1.18566,1.18529,1.18556,923.0,2026-02-13 10:30:00
1770979500,1.18556,1.18583,1.18536,1.18574,1404.0,2026-02-13 10:45:00
1770980400,1.18574,1.186,1.1855,1.18599,1544.0,2026-02-13 11:00:00
1770981300,1.186,1.18614,1.18566,1.18584,1114.0,2026-02-13 11:15:00
1770982200,1.18586,1.18589,1.18552,1.1857,1160.0,2026-02-13 11:30:00
1770983100,1.18568,1.186,1.18552,1.18587,1343.0,2026-02-13 11:45:00
1770984000,1.18588,1.1861,1.18554,1.18564,1384.0,2026-02-13 12:00:00
1770984900,1.18562,1.18624,1.18555,1.18604,1170.0,2026-02-13 12:15:00
1770985800,1.18605,1.18638,1.18596,1.18604,1187.0,2026-02-13 12:30:00
1770986700,1.18605,1.18634,1.18583,1.18618,1417.0,2026-02-13 12:45:00
1770987600,1.18619,1.18666,1.18608,1.18616,1755.0,2026-02-13 13:00:00
1770988500,1.18615,1.1863,1.18568,1.18588,1997.0,2026-02-13 13:15:00
1770989400,1.18584,1.18846,1.18577,1.18644,8229.0,2026-02-13 13:30:00
1770990300,1.18644,1.18796,1.18592,1.18743,4851.0,2026-02-13 13:45:00
1770991200,1.18742,1.18748,1.18664,1.18699,3332.0,2026-02-13 14:00:00
1770992100,1.18701,1.18715,1.1864,1.18683,2699.0,2026-02-13 14:15:00
1770993000,1.18682,1.18716,1.18615,1.1868,4647.0,2026-02-13 14:30:00
1770993900,1.18682,1.18698,1.18571,1.18592,3701.0,2026-02-13 14:45:00
1770994800,1.18594,1.18708,1.18578,1.187,3370.0,2026-02-13 15:00:00
1770995700,1.18699,1.1871,1.18606,1.18656,2451.0,2026-02-13 15:15:00
1770996600,1.18656,1.1866,1.1861,1.18617,2297.0,2026-02-13 15:30:00
1770997500,1.18618,1.1862,1.18476,1.18483,3465.0,2026-02-13 15:45:00
1770998400,1.18486,1.18584,1.18485,1.18582,2328.0,2026-02-13 16:00:00
1770999300,1.18583,1.18698,1.1857,1.1868,2590.0,2026-02-13 16:15:00
1771000200,1.18681,1.18746,1.18677,1.18722,2237.0,2026-02-13 16:30:00
1771001100,1.18722,1.18736,1.18668,1.18688,1504.0,2026-02-13 16:45:00
1771002000,1.1869,1.18826,1.18684,1.18822,1691.0,2026-02-13 17:00:00
1771002900,1.18823,1.18828,1.18764,1.18778,1570.0,2026-02-13 17:15:00
1771003800,1.1878,1.1878,1.18732,1.18765,1365.0,2026-02-13 17:30:00
1771004700,1.18767,1.18824,1.18748,1.18749,1229.0,2026-02-13 17:45:00
1771005600,1.1875,1.18774,1.1873,1.18756,1355.0,2026-02-13 18:00:00
1771006500,1.18756,1.18772,1.18728,1.18765,968.0,2026-02-13 18:15:00
1771007400,1.18765,1.18798,1.18759,1.18797,856.0,2026-02-13 18:30:00
1771008300,1.18798,1.18806,1.18724,1.18737,1216.0,2026-02-13 18:45:00
1771009200,1.18736,1.18751,1.18706,1.18714,1072.0,2026-02-13 19:00:00
1771010100,1.18716,1.18746,1.18706,1.18718,909.0,2026-02-13 19:15:00
1771011000,1.1872,1.18732,1.18684,1.18691,958.0,2026-02-13 19:30:00
1771011900,1.18692,1.18704,1.18662,1.18666,772.0,2026-02-13 19:45:00
1771012800,1.18666,1.18678,1.18645,1.18656,812.0,2026-02-13 20:00:00
1771013700,1.18656,1.18669,1.1865,1.1866,740.0,2026-02-13 20:15:00
1771014600,1.1866,1.18696,1.18659,1.1869,896.0,2026-02-13 20:30:00
1771015500,1.18691,1.18748,1.18667,1.18745,1270.0,2026-02-13 20:45:00
1771016400,1.18744,1.18767,1.18736,1.18741,705.0,2026-02-13 21:00:00
1771017300,1.18742,1.18754,1.1872,1.18736,316.0,2026-02-13 21:15:00
1771018200,1.18736,1.18739,1.18672,1.18682,381.0,2026-02-13 21:30:00
1771019100,1.18682,1.18698,1.18676,1.18678,1129.0,2026-02-13 21:45:00
1771192800,1.18709,1.18726,1.18709,1.18719,59.0,2026-02-15 22:00:00
1771193700,1.18718,1.18728,1.18698,1.18728,119.0,2026-02-15 22:15:00
1771194600,1.18728,1.18728,1.18716,1.18718,121.0,2026-02-15 22:30:00
1771195500,1.18716,1.18718,1.18704,1.18708,95.0,2026-02-15 22:45:00
1771196400,1.18702,1.18712,1.1865,1.18672,639.0,2026-02-15 23:00:00
1771197300,1.18673,1.18674,1.18638,1.18651,440.0,2026-02-15 23:15:00
1771198200,1.1865,1.18664,1.18642,1.1866,500.0,2026-02-15 23:30:00
1771199100,1.18658,1.18672,1.18632,1.1867,604.0,2026-02-15 23:45:00
1771200000,1.1867,1.18672,1.18632,1.18638,1050.0,2026-02-16 00:00:00
1771200900,1.18636,1.18672,1.18619,1.18619,801.0,2026-02-16 00:15:00
1771201800,1.1862,1.18646,1.18616,1.18646,608.0,2026-02-16 00:30:00
1771202700,1.18646,1.18652,1.18608,1.18614,895.0,2026-02-16 00:45:00
1771203600,1.18612,1.18646,1.1859,1.1864,1464.0,2026-02-16 01:00:00
1771204500,1.1864,1.18652,1.18614,1.1865,678.0,2026-02-16 01:15:00
1771205400,1.1865,1.18664,1.18626,1.1864,677.0,2026-02-16 01:30:00
1771206300,1.18639,1.18655,1.18628,1.18654,919.0,2026-02-16 01:45:00
1771207200,1.18654,1.1867,1.18618,1.18628,827.0,2026-02-16 02:00:00
1771208100,1.18628,1.18657,1.18619,1.18642,899.0,2026-02-16 02:15:00
1771209000,1.18642,1.18658,1.18632,1.18642,862.0,2026-02-16 02:30:00
1771209900,1.1864,1.18672,1.18634,1.18654,662.0,2026-02-16 02:45:00
1771210800,1.18656,1.18676,1.18638,1.18672,446.0,2026-02-16 03:00:00
1771211700,1.18673,1.1869,1.18667,1.18672,532.0,2026-02-16 03:15:00
1771212600,1.18671,1.18678,1.18655,1.18676,552.0,2026-02-16 03:30:00
1771213500,1.18674,1.18678,1.18651,1.18673,485.0,2026-02-16 03:45:00
1771214400,1.18674,1.18681,1.1866,1.18668,438.0,2026-02-16 04:00:00
1771215300,1.18668,1.18674,1.18649,1.18662,510.0,2026-02-16 04:15:00
1771216200,1.18663,1.18667,1.18622,1.18624,477.0,2026-02-16 04:30:00
1771217100,1.18624,1.18632,1.18612,1.18624,533.0,2026-02-16 04:45:00
1771218000,1.18624,1.18638,1.1861,1.18622,473.0,2026-02-16 05:00:00
1771218900,1.18622,1.18642,1.18618,1.1864,338.0,2026-02-16 05:15:00
1771219800,1.18641,1.18641,1.18611,1.18624,374.0,2026-02-16 05:30:00
1771220700,1.18624,1.18665,1.18619,1.1865,577.0,2026-02-16 05:45:00
1771221600,1.18648,1.18665,1.18639,1.18662,450.0,2026-02-16 06:00:00
1771222500,1.18663,1.18675,1.1866,1.18666,531.0,2026-02-16 06:15:00
1771223400,1.18666,1.18702,1.18661,1.18702,526.0,2026-02-16 06:30:00
1771224300,1.18701,1.18703,1.18661,1.18664,532.0,2026-02-16 06:45:00
1771225200,1.18662,1.18665,1.18629,1.18646,791.0,2026-02-16 07:00:00
1771226100,1.18645,1.18664,1.18624,1.1866,714.0,2026-02-16 07:15:00
1771227000,1.18659,1.18662,1.18605,1.18646,888.0,2026-02-16 07:30:00
1771227900,1.18646,1.1865,1.18604,1.18627,883.0,2026-02-16 07:45:00
1771228800,1.18629,1.18706,1.18616,1.18639,1883.0,2026-02-16 08:00:00
1771229700,1.1864,1.18689,1.18579,1.18631,1879.0,2026-02-16 08:15:00
1771230600,1.18631,1.18636,1.18566,1.18628,1444.0,2026-02-16 08:30:00
1771231500,1.18627,1.18664,1.18618,1.18652,1323.0,2026-02-16 08:45:00
1771232400,1.18652,1.18694,1.18636,1.18676,1531.0,2026-02-16 09:00:00
1771233300,1.18675,1.18682,1.18654,1.18661,800.0,2026-02-16 09:15:00
1771234200,1.18662,1.18666,1.18633,1.18646,1016.0,2026-02-16 09:30:00
1771235100,1.18646,1.1866,1.18622,1.18645,1392.0,2026-02-16 09:45:00
1771236000,1.18643,1.18668,1.1862,1.1865,999.0,2026-02-16 10:00:00
1771236900,1.18651,1.18668,1.18628,1.1863,766.0,2026-02-16 10:15:00
1771237800,1.1863,1.18668,1.18629,1.1866,975.0,2026-02-16 10:30:00
1771238700,1.1866,1.18678,1.1865,1.18671,866.0,2026-02-16 10:45:00
1771239600,1.1867,1.18673,1.18628,1.18652,825.0,2026-02-16 11:00:00
1771240500,1.18653,1.18658,1.18632,1.18643,772.0,2026-02-16 11:15:00
1771241400,1.18642,1.18648,1.18622,1.18624,773.0,2026-02-16 11:30:00
1771242300,1.18624,1.18636,1.186,1.18614,747.0,2026-02-16 11:45:00
1771243200,1.18614,1.18631,1.18606,1.18606,834.0,2026-02-16 12:00:00
1771244100,1.18605,1.18605,1.18556,1.18579,687.0,2026-02-16 12:15:00
1771245000,1.18578,1.18579,1.1855,1.18556,753.0,2026-02-16 12:30:00
1771245900,1.18556,1.18557,1.18501,1.18532,1069.0,2026-02-16 12:45:00
1771246800,1.18532,1.1857,1.1852,1.18522,1017.0,2026-02-16 13:00:00
1771247700,1.18524,1.18526,1.18496,1.18502,923.0,2026-02-16 13:15:00
1771248600,1.185,1.1853,1.18492,1.18518,854.0,2026-02-16 13:30:00
1771249500,1.18518,1.18577,1.18515,1.18548,986.0,2026-02-16 13:45:00
1771250400,1.18547,1.186,1.18545,1.18596,839.0,2026-02-16 14:00:00
1771251300,1.18596,1.18628,1.18571,1.18617,908.0,2026-02-16 14:15:00
1771252200,1.18618,1.18636,1.18544,1.18545,1259.0,2026-02-16 14:30:00
1771253100,1.18546,1.18566,1.18532,1.18563,1133.0,2026-02-16 14:45:00
1771254000,1.18564,1.1857,1.18541,1.18545,1103.0,2026-02-16 15:00:00
1771254900,1.18546,1.18558,1.18534,1.18547,638.0,2026-02-16 15:15:00
1771255800,1.18546,1.18566,1.18528,1.18552,903.0,2026-02-16 15:30:00
1771256700,1.18552,1.18552,1.18505,1.18539,1130.0,2026-02-16 15:45:00
1771257600,1.1854,1.18568,1.1852,1.1856,1358.0,2026-02-16 16:00:00
1771258500,1.18562,1.18562,1.1851,1.18532,749.0,2026-02-16 16:15:00
1771259400,1.18532,1.1855,1.18526,1.18541,529.0,2026-02-16 16:30:00
1771260300,1.18542,1.18546,1.18464,1.18519,853.0,2026-02-16 16:45:00
1771261200,1.1852,1.18536,1.1851,1.1851,509.0,2026-02-16 17:00:00
1771262100,1.18511,1.18517,1.18488,1.18493,447.0,2026-02-16 17:15:00
1771263000,1.18494,1.185,1.18464,1.18478,373.0,2026-02-16 17:30:00
1771263900,1.18477,1.18495,1.18464,1.18482,296.0,2026-02-16 17:45:00
1771264800,1.18484,1.18498,1.18483,1.18495,264.0,2026-02-16 18:00:00
1771265700,1.18496,1.18497,1.18484,1.18486,179.0,2026-02-16 18:15:00
1771266600,1.18484,1.18512,1.18483,1.18508,191.0,2026-02-16 18:30:00
1771267500,1.18508,1.18509,1.18493,1.18496,195.0,2026-02-16 18:45:00
1771268400,1.18497,1.18522,1.18491,1.18522,258.0,2026-02-16 19:00:00
1771269300,1.18521,1.18524,1.18518,1.18522,129.0,2026-02-16 19:15:00
1771270200,1.18522,1.18532,1.18518,1.1852,149.0,2026-02-16 19:30:00
1771271100,1.18522,1.18542,1.1852,1.18542,173.0,2026-02-16 19:45:00
1771272000,1.1854,1.18546,1.18526,1.18537,170.0,2026-02-16 20:00:00
1771272900,1.18537,1.18549,1.18536,1.18548,140.0,2026-02-16 20:15:00
1771273800,1.18548,1.18552,1.18534,1.1854,81.0,2026-02-16 20:30:00
1771274700,1.18541,1.18546,1.18536,1.18536,166.0,2026-02-16 20:45:00
1771275600,1.18537,1.18543,1.18528,1.18539,120.0,2026-02-16 21:00:00
1771276500,1.18538,1.1854,1.18532,1.18536,99.0,2026-02-16 21:15:00
1771277400,1.18535,1.18535,1.18512,1.18514,172.0,2026-02-16 21:30:00
1771278300,1.18514,1.1852,1.18504,1.18511,268.0,2026-02-16 21:45:00
1771279200,1.18507,1.18522,1.18507,1.1852,27.0,2026-02-16 22:00:00
1771280100,1.18518,1.1852,1.18512,1.18514,37.0,2026-02-16 22:15:00
1771281000,1.18516,1.18519,1.18512,1.18516,46.0,2026-02-16 22:30:00
1771281900,1.18517,1.18518,1.18506,1.18506,206.0,2026-02-16 22:45:00
1771282800,1.18509,1.1852,1.18479,1.18499,369.0,2026-02-16 23:00:00
1771283700,1.185,1.185,1.18467,1.18492,318.0,2026-02-16 23:15:00
1771284600,1.18492,1.18502,1.18486,1.18501,216.0,2026-02-16 23:30:00
1771285500,1.18502,1.18506,1.18484,1.18506,265.0,2026-02-16 23:45:00
1771286400,1.18507,1.1852,1.18476,1.18496,945.0,2026-02-17 00:00:00
1771287300,1.18496,1.18504,1.18465,1.18472,869.0,2026-02-17 00:15:00
1771288200,1.18472,1.18479,1.18422,1.18426,985.0,2026-02-17 00:30:00
1771289100,1.18428,1.18458,1.18424,1.18438,1101.0,2026-02-17 00:45:00
1771290000,1.18438,1.18446,1.18408,1.18426,1470.0,2026-02-17 01:00:00
1771290900,1.18426,1.18437,1.1841,1.18427,936.0,2026-02-17 01:15:00
1771291800,1.18426,1.18442,1.18422,1.1843,721.0,2026-02-17 01:30:00
1771292700,1.18432,1.18448,1.18419,1.18444,919.0,2026-02-17 01:45:00
1771293600,1.18443,1.18474,1.18412,1.18448,1305.0,2026-02-17 02:00:00
1771294500,1.18447,1.18464,1.18442,1.18452,642.0,2026-02-17 02:15:00
1771295400,1.18453,1.18454,1.18421,1.18422,581.0,2026-02-17 02:30:00
1771296300,1.18422,1.18428,1.18405,1.18422,620.0,2026-02-17 02:45:00
1771297200,1.18422,1.18424,1.18382,1.18408,931.0,2026-02-17 03:00:00
1771298100,1.18407,1.18418,1.18395,1.18405,424.0,2026-02-17 03:15:00
1771299000,1.18406,1.18408,1.18384,1.18399,677.0,2026-02-17 03:30:00
1771299900,1.184,1.18422,1.18399,1.18417,501.0,2026-02-17 03:45:00
1771300800,1.18416,1.1842,1.18394,1.18402,560.0,2026-02-17 04:00:00
1771301700,1.18402,1.18424,1.18395,1.1842,627.0,2026-02-17 04:15:00
1771302600,1.18419,1.18422,1.18396,1.18411,578.0,2026-02-17 04:30:00
1771303500,1.18412,1.18424,1.18402,1.1841,467.0,2026-02-17 04:45:00
1771304400,1.1841,1.18418,1.18382,1.18382,591.0,2026-02-17 05:00:00
1771305300,1.18381,1.18402,1.18357,1.18402,1127.0,2026-02-17 05:15:00
1771306200,1.18403,1.18418,1.18387,1.18394,974.0,2026-02-17 05:30:00
1771307100,1.18396,1.1842,1.18391,1.18416,659.0,2026-02-17 05:45:00
1771308000,1.18416,1.18457,1.18416,1.18449,931.0,2026-02-17 06:00:00
1771308900,1.18448,1.1845,1.18424,1.18432,892.0,2026-02-17 06:15:00
1771309800,1.18433,1.18452,1.18426,1.18452,793.0,2026-02-17 06:30:00
1771310700,1.18454,1.18458,1.18436,1.18442,595.0,2026-02-17 06:45:00
1771311600,1.18442,1.18448,1.18368,1.18396,1759.0,2026-02-17 07:00:00
1771312500,1.18396,1.18402,1.18348,1.18352,1236.0,2026-02-17 07:15:00
1771313400,1.18354,1.18359,1.1832,1.1832,1371.0,2026-02-17 07:30:00
1771314300,1.1832,1.18337,1.18286,1.18328,1546.0,2026-02-17 07:45:00
1771315200,1.18328,1.18356,1.183,1.18308,1969.0,2026-02-17 08:00:00
1771316100,1.18306,1.18382,1.18306,1.18375,1637.0,2026-02-17 08:15:00
1771317000,1.18376,1.18403,1.18358,1.18402,1438.0,2026-02-17 08:30:00
1771317900,1.18402,1.1844,1.184,1.1841,1369.0,2026-02-17 08:45:00
1771318800,1.1841,1.18434,1.18398,1.18414,1387.0,2026-02-17 09:00:00
1771319700,1.18416,1.18478,1.18415,1.18473,1331.0,2026-02-17 09:15:00
1771320600,1.18472,1.18499,1.18453,1.18454,958.0,2026-02-17 09:30:00
1771321500,1.18456,1.18477,1.18446,1.18466,811.0,2026-02-17 09:45:00
1771322400,1.18462,1.18472,1.18414,1.18416,1440.0,2026-02-17 10:00:00
1771323300,1.18414,1.18458,1.18413,1.18442,789.0,2026-02-17 10:15:00
1771324200,1.1844,1.18466,1.18425,1.18432,1321.0,2026-02-17 10:30:00
1771325100,1.18432,1.18452,1.18416,1.18428,1115.0,2026-02-17 10:45:00
1771326000,1.18428,1.18444,1.18416,1.18425,1172.0,2026-02-17 11:00:00
1771326900,1.18426,1.18442,1.18408,1.18436,832.0,2026-02-17 11:15:00
1771327800,1.18436,1.18437,1.18374,1.18381,1052.0,2026-02-17 11:30:00
1771328700,1.18382,1.18382,1.18242,1.1831,1323.0,2026-02-17 11:45:00
1771329600,1.18309,1.18355,1.18275,1.18347,1410.0,2026-02-17 12:00:00
1771330500,1.18347,1.18358,1.18282,1.18304,1424.0,2026-02-17 12:15:00
1771331400,1.18305,1.18328,1.18282,1.18284,1248.0,2026-02-17 12:30:00
1771332300,1.18286,1.1831,1.1827,1.18278,1769.0,2026-02-17 12:45:00
1771333200,1.18277,1.18304,1.18242,1.18294,1542.0,2026-02-17 13:00:00
1771334100,1.18296,1.18296,1.18196,1.18266,2217.0,2026-02-17 13:15:00
1771335000,1.18262,1.1828,1.18178,1.18186,2122.0,2026-02-17 13:30:00
1771335900,1.18187,1.18274,1.18158,1.18222,3624.0,2026-02-17 13:45:00
1771336800,1.18223,1.18264,1.18164,1.1818,2710.0,2026-02-17 14:00:00
1771337700,1.1818,1.18232,1.18165,1.18208,1890.0,2026-02-17 14:15:00
1771338600,1.18207,1.18277,1.18191,1.18264,3275.0,2026-02-17 14:30:00
1771339500,1.18263,1.18282,1.18214,1.18239,3344.0,2026-02-17 14:45:00
1771340400,1.1824,1.18241,1.18124,1.18142,3122.0,2026-02-17 15:00:00
1771341300,1.1814,1.18178,1.18081,1.18081,2294.0,2026-02-17 15:15:00
1771342200,1.18082,1.18112,1.18052,1.18093,2256.0,2026-02-17 15:30:00
1771343100,1.18092,1.18128,1.1805,1.18108,3043.0,2026-02-17 15:45:00
1771344000,1.18108,1.18228,1.18108,1.18222,2588.0,2026-02-17 16:00:00
1771344900,1.18222,1.18306,1.18208,1.18282,2351.0,2026-02-17 16:15:00
1771345800,1.18282,1.18354,1.1827,1.1832,2540.0,2026-02-17 16:30:00
1771346700,1.18324,1.18344,1.18304,1.18308,2192.0,2026-02-17 16:45:00
1771347600,1.18307,1.18378,1.18294,1.18372,2004.0,2026-02-17 17:00:00
1771348500,1.18374,1.18398,1.18356,1.18398,2134.0,2026-02-17 17:15:00
1771349400,1.18397,1.18424,1.18346,1.18352,2214.0,2026-02-17 17:30:00
1771350300,1.1835,1.18414,1.18342,1.18394,1772.0,2026-02-17 17:45:00
1771351200,1.18398,1.1843,1.18388,1.18417,1719.0,2026-02-17 18:00:00
1771352100,1.18416,1.18484,1.18416,1.18483,1426.0,2026-02-17 18:15:00
1771353000,1.18484,1.18519,1.18456,1.18514,1314.0,2026-02-17 18:30:00
1771353900,1.18513,1.18532,1.18482,1.18482,1173.0,2026-02-17 18:45:00
1771354800,1.18483,1.18506,1.18454,1.18464,906.0,2026-02-17 19:00:00
1771355700,1.18466,1.18468,1.18437,1.18438,718.0,2026-02-17 19:15:00
1771356600,1.18437,1.18468,1.18433,1.18466,957.0,2026-02-17 19:30:00
1771357500,1.18466,1.18488,1.18459,1.18481,956.0,2026-02-17 19:45:00
1771358400,1.1848,1.18507,1.1847,1.18486,812.0,2026-02-17 20:00:00
1771359300,1.18487,1.1849,1.1847,1.18483,498.0,2026-02-17 20:15:00
1771360200,1.18482,1.18506,1.1848,1.18484,722.0,2026-02-17 20:30:00
1771361100,1.18483,1.18528,1.18482,1.1851,903.0,2026-02-17 20:45:00
1771362000,1.18512,1.18528,1.1851,1.18528,377.0,2026-02-17 21:00:00
1771362900,1.18527,1.18532,1.18499,1.18518,323.0,2026-02-17 21:15:00
1771363800,1.18518,1.18547,1.18514,1.18538,294.0,2026-02-17 21:30:00
1771364700,1.18538,1.1854,1.18518,1.18536,339.0,2026-02-17 21:45:00
1771365600,1.18529,1.18536,1.18524,1.1853,44.0,2026-02-17 22:00:00
1771366500,1.18529,1.18534,1.18516,1.18522,137.0,2026-02-17 22:15:00
1771367400,1.1852,1.1853,1.18518,1.18525,134.0,2026-02-17 22:30:00
1771368300,1.18524,1.18532,1.1852,1.18524,472.0,2026-02-17 22:45:00
1771369200,1.18525,1.18578,1.18525,1.18552,394.0,2026-02-17 23:00:00
1771370100,1.18552,1.18556,1.18526,1.1853,286.0,2026-02-17 23:15:00
1771371000,1.18531,1.18532,1.18516,1.18516,284.0,2026-02-17 23:30:00
1771371900,1.18517,1.18538,1.18506,1.18508,494.0,2026-02-17 23:45:00
1771372800,1.1851,1.18537,1.18506,1.18528,903.0,2026-02-18 00:00:00
1771373700,1.18529,1.18538,1.185,1.18519,782.0,2026-02-18 00:15:00
1771374600,1.1852,1.18534,1.18491,1.18496,813.0,2026-02-18 00:30:00
1771375500,1.18496,1.18518,1.1847,1.18474,1043.0,2026-02-18 00:45:00
1771376400,1.18473,1.18478,1.1844,1.18446,1071.0,2026-02-18 01:00:00
1771377300,1.18444,1.18448,1.18426,1.18442,694.0,2026-02-18 01:15:00
1771378200,1.18441,1.1846,1.18435,1.1846,512.0,2026-02-18 01:30:00
1771379100,1.1846,1.18468,1.18446,1.18463,543.0,2026-02-18 01:45:00
1771380000,1.18464,1.18474,1.18426,1.1843,788.0,2026-02-18 02:00:00
1771380900,1.18431,1.18456,1.18416,1.18448,743.0,2026-02-18 02:15:00
1771381800,1.18447,1.18457,1.1843,1.18457,539.0,2026-02-18 02:30:00
1771382700,1.18456,1.18463,1.18445,1.18447,650.0,2026-02-18 02:45:00
1771383600,1.18447,1.18468,1.18442,1.18452,538.0,2026-02-18 03:00:00
1771384500,1.18452,1.18454,1.18436,1.18454,542.0,2026-02-18 03:15:00
1771385400,1.18454,1.18455,1.18424,1.18424,502.0,2026-02-18 03:30:00
1771386300,1.18426,1.18427,1.18411,1.18414,423.0,2026-02-18 03:45:00
1771387200,1.18413,1.18418,1.18394,1.18416,511.0,2026-02-18 04:00:00
1771388100,1.18418,1.18438,1.18416,1.18422,399.0,2026-02-18 04:15:00
1771389000,1.18422,1.18436,1.18416,1.18426,396.0,2026-02-18 04:30:00
1771389900,1.18427,1.18434,1.18416,1.18418,448.0,2026-02-18 04:45:00
1771390800,1.18419,1.18453,1.18418,1.1845,409.0,2026-02-18 05:00:00
1771391700,1.18449,1.18452,1.18431,1.18431,416.0,2026-02-18 05:15:00
1771392600,1.18432,1.18447,1.18425,1.18432,398.0,2026-02-18 05:30:00
1771393500,1.18432,1.1846,1.18432,1.18458,285.0,2026-02-18 05:45:00
1771394400,1.18458,1.18464,1.18404,1.18418,607.0,2026-02-18 06:00:00
1771395300,1.18418,1.18441,1.18416,1.18438,595.0,2026-02-18 06:15:00
1771396200,1.18438,1.18448,1.18426,1.18436,661.0,2026-02-18 06:30:00
1771397100,1.18437,1.18462,1.18432,1.18448,609.0,2026-02-18 06:45:00
1771398000,1.18446,1.18464,1.18392,1.18392,1288.0,2026-02-18 07:00:00
1771398900,1.18392,1.18392,1.18351,1.18352,1063.0,2026-02-18 07:15:00
1771399800,1.18351,1.18378,1.18336,1.1835,1135.0,2026-02-18 07:30:00
1771400700,1.1835,1.18372,1.1833,1.18348,1173.0,2026-02-18 07:45:00
1771401600,1.18348,1.18378,1.18314,1.18362,1802.0,2026-02-18 08:00:00
1771402500,1.18364,1.18381,1.18315,1.18362,1328.0,2026-02-18 08:15:00
1771403400,1.18361,1.18371,1.18286,1.1829,1417.0,2026-02-18 08:30:00
1771404300,1.1829,1.18328,1.1829,1.18312,1307.0,2026-02-18 08:45:00
1771405200,1.1831,1.18386,1.183,1.18362,1327.0,2026-02-18 09:00:00
1771406100,1.1836,1.18362,1.18325,1.18344,1081.0,2026-02-18 09:15:00
1771407000,1.18344,1.18354,1.18285,1.1831,1085.0,2026-02-18 09:30:00
1771407900,1.18309,1.18382,1.18308,1.18361,1216.0,2026-02-18 09:45:00
1771408800,1.18362,1.18407,1.1835,1.1839,1188.0,2026-02-18 10:00:00
1771409700,1.1839,1.18408,1.1838,1.18392,628.0,2026-02-18 10:15:00
1771410600,1.18392,1.18393,1.18324,1.18337,1038.0,2026-02-18 10:30:00
1771411500,1.18338,1.18362,1.18309,1.18322,996.0,2026-02-18 10:45:00
1771412400,1.18322,1.18329,1.1831,1.18321,685.0,2026-02-18 11:00:00
1771413300,1.1832,1.18335,1.18306,1.1832,649.0,2026-02-18 11:15:00
1771414200,1.1832,1.18351,1.1832,1.1834,764.0,2026-02-18 11:30:00
1771415100,1.1834,1.1838,1.18328,1.18347,930.0,2026-02-18 11:45:00
1771416000,1.18348,1.18384,1.18335,1.1837,1234.0,2026-02-18 12:00:00
1771416900,1.1837,1.18433,1.1837,1.18426,1007.0,2026-02-18 12:15:00
1771417800,1.18427,1.18472,1.18408,1.18441,1174.0,2026-02-18 12:30:00
1771418700,1.1844,1.18443,1.18386,1.18398,1363.0,2026-02-18 12:45:00
1771419600,1.184,1.18486,1.18398,1.18445,1333.0,2026-02-18 13:00:00
1771420500,1.18446,1.18463,1.18372,1.18374,1433.0,2026-02-18 13:15:00
1771421400,1.18374,1.18388,1.18317,1.18322,1794.0,2026-02-18 13:30:00
1771422300,1.18324,1.18333,1.18236,1.18238,1763.0,2026-02-18 13:45:00
1771423200,1.18238,1.18278,1.18218,1.18238,1720.0,2026-02-18 14:00:00
1771424100,1.18238,1.18238,1.18122,1.18178,2890.0,2026-02-18 14:15:00
1771425000,1.18178,1.18218,1.18163,1.18165,2923.0,2026-02-18 14:30:00
1771425900,1.18164,1.18203,1.18141,1.18154,2118.0,2026-02-18 14:45:00
1771426800,1.18155,1.18268,1.18136,1.18206,2700.0,2026-02-18 15:00:00
1771427700,1.18206,1.18208,1.18148,1.18192,1735.0,2026-02-18 15:15:00
1771428600,1.18192,1.18243,1.18184,1.18232,1789.0,2026-02-18 15:30:00
1771429500,1.18231,1.18265,1.1816,1.18227,2065.0,2026-02-18 15:45:00
1771430400,1.18226,1.18262,1.18155,1.18192,1633.0,2026-02-18 16:00:00
1771431300,1.18192,1.18195,1.18118,1.18128,1723.0,2026-02-18 16:15:00
1771432200,1.18128,1.18177,1.181,1.1811,1493.0,2026-02-18 16:30:00
1771433100,1.18111,1.18143,1.18094,1.18096,1294.0,2026-02-18 16:45:00
1771434000,1.18097,1.18142,1.1806,1.18122,1271.0,2026-02-18 17:00:00
1771434900,1.18121,1.18122,1.18068,1.18093,1065.0,2026-02-18 17:15:00
1771435800,1.1809,1.181,1.18022,1.18056,1222.0,2026-02-18 17:30:00
1771436700,1.18056,1.18064,1.18026,1.1806,1324.0,2026-02-18 17:45:00
1771437600,1.18061,1.18074,1.18017,1.1802,1143.0,2026-02-18 18:00:00
1771438500,1.1802,1.18024,1.17934,1.1794,1578.0,2026-02-18 18:15:00
1771439400,1.17942,1.17945,1.17898,1.17902,1743.0,2026-02-18 18:30:00
1771440300,1.17901,1.1792,1.17875,1.17906,1171.0,2026-02-18 18:45:00
1771441200,1.17906,1.17954,1.17858,1.17876,3325.0,2026-02-18 19:00:00
1771442100,1.17877,1.1789,1.1785,1.17851,1181.0,2026-02-18 19:15:00
1771443000,1.17853,1.17886,1.17837,1.17851,2013.0,2026-02-18 19:30:00
1771443900,1.1785,1.17876,1.17839,1.17874,1211.0,2026-02-18 19:45:00
1771444800,1.17874,1.17904,1.17848,1.17856,976.0,2026-02-18 20:00:00
1771445700,1.17856,1.17866,1.17828,1.17828,741.0,2026-02-18 20:15:00
1771446600,1.17829,1.17866,1.17822,1.17827,944.0,2026-02-18 20:30:00
1771447500,1.17826,1.1785,1.17822,1.17836,776.0,2026-02-18 20:45:00
1771448400,1.17836,1.17874,1.17828,1.17851,595.0,2026-02-18 21:00:00
1771449300,1.1785,1.17873,1.17848,1.17866,517.0,2026-02-18 21:15:00
1771450200,1.17867,1.17868,1.17836,1.17854,288.0,2026-02-18 21:30:00
1771451100,1.17853,1.17856,1.17825,1.17836,383.0,2026-02-18 21:45:00
1771452000,1.17845,1.17852,1.17844,1.17844,12.0,2026-02-18 22:00:00
1771452900,1.17844,1.17859,1.17842,1.17844,53.0,2026-02-18 22:15:00
1771453800,1.17844,1.17864,1.17844,1.17864,185.0,2026-02-18 22:30:00
1771454700,1.17864,1.17878,1.17858,1.17864,50.0,2026-02-18 22:45:00
1771455600,1.17864,1.17896,1.17858,1.17892,424.0,2026-02-18 23:00:00
1771456500,1.17894,1.17898,1.17878,1.1789,283.0,2026-02-18 23:15:00
1771457400,1.17891,1.17896,1.1788,1.17887,265.0,2026-02-18 23:30:00
1771458300,1.17886,1.17888,1.17874,1.17886,220.0,2026-02-18 23:45:00
1771459200,1.17888,1.1789,1.17874,1.17878,490.0,2026-02-19 00:00:00
1771460100,1.17879,1.17897,1.17865,1.17896,506.0,2026-02-19 00:15:00
1771461000,1.17897,1.17907,1.17855,1.17858,940.0,2026-02-19 00:30:00
1771461900,1.1786,1.17918,1.17859,1.17903,913.0,2026-02-19 00:45:00
1771462800,1.17902,1.17943,1.17898,1.17943,1020.0,2026-02-19 01:00:00
1771463700,1.17942,1.17952,1.17908,1.17915,833.0,2026-02-19 01:15:00
1771464600,1.17913,1.17928,1.17905,1.17918,792.0,2026-02-19 01:30:00
1771465500,1.17918,1.17952,1.17917,1.17946,664.0,2026-02-19 01:45:00
1771466400,1.17946,1.17951,1.17928,1.17942,775.0,2026-02-19 02:00:00
1771467300,1.17941,1.17952,1.17915,1.17932,724.0,2026-02-19 02:15:00
1771468200,1.1793,1.17957,1.17928,1.17951,713.0,2026-02-19 02:30:00
1771469100,1.1795,1.17952,1.17906,1.1791,653.0,2026-02-19 02:45:00
1771470000,1.17911,1.1793,1.17908,1.1792,579.0,2026-02-19 03:00:00
1771470900,1.1792,1.17928,1.1788,1.17892,415.0,2026-02-19 03:15:00
1771471800,1.1789,1.17914,1.17878,1.17893,815.0,2026-02-19 03:30:00
1771472700,1.17893,1.17911,1.1788,1.17908,708.0,2026-02-19 03:45:00
1771473600,1.17908,1.17918,1.1787,1.17875,692.0,2026-02-19 04:00:00
1771474500,1.17874,1.17884,1.17854,1.17865,705.0,2026-02-19 04:15:00
1771475400,1.17866,1.17892,1.17854,1.17854,690.0,2026-02-19 04:30:00
1771476300,1.17856,1.17904,1.17848,1.17894,595.0,2026-02-19 04:45:00
1771477200,1.17894,1.17896,1.1787,1.17874,774.0,2026-02-19 05:00:00
1771478100,1.17873,1.17907,1.17866,1.179,638.0,2026-02-19 05:15:00
1771479000,1.179,1.17926,1.17898,1.17925,585.0,2026-02-19 05:30:00
1771479900,1.17924,1.17928,1.17902,1.17916,718.0,2026-02-19 05:45:00
1771480800,1.17916,1.17934,1.179,1.17931,631.0,2026-02-19 06:00:00
1771481700,1.17932,1.17991,1.17931,1.17985,944.0,2026-02-19 06:15:00
1771482600,1.17986,1.17992,1.17964,1.17982,828.0,2026-02-19 06:30:00
1771483500,1.17982,1.1801,1.17972,1.17983,828.0,2026-02-19 06:45:00
1771484400,1.17982,1.17982,1.17928,1.17946,917.0,2026-02-19 07:00:00
1771485300,1.17944,1.17956,1.17928,1.1795,855.0,2026-02-19 07:15:00
1771486200,1.17951,1.18021,1.17951,1.18008,1015.0,2026-02-19 07:30:00
1771487100,1.18007,1.18036,1.17986,1.18006,1269.0,2026-02-19 07:45:00
1771488000,1.18008,1.1803,1.17977,1.17984,1443.0,2026-02-19 08:00:00
1771488900,1.17985,1.18046,1.17974,1.17982,1222.0,2026-02-19 08:15:00
1771489800,1.17982,1.1804,1.17982,1.18038,1322.0,2026-02-19 08:30:00
1771490700,1.18038,1.18052,1.17977,1.18014,1365.0,2026-02-19 08:45:00
1771491600,1.18014,1.18077,1.18008,1.18073,1106.0,2026-02-19 09:00:00
1771492500,1.18071,1.18072,1.18003,1.18014,1280.0,2026-02-19 09:15:00
1771493400,1.18013,1.18042,1.17986,1.18012,1268.0,2026-02-19 09:30:00
1771494300,1.18013,1.1804,1.17998,1.18,1183.0,2026-02-19 09:45:00
1771495200,1.18,1.18032,1.17963,1.17966,1909.0,2026-02-19 10:00:00
1771496100,1.17965,1.17972,1.179,1.17901,1330.0,2026-02-19 10:15:00
1771497000,1.17902,1.1795,1.17896,1.17922,1253.0,2026-02-19 10:30:00
1771497900,1.17922,1.17932,1.17873,1.17892,1019.0,2026-02-19 10:45:00
1771498800,1.17892,1.17904,1.17874,1.17887,965.0,2026-02-19 11:00:00
1771499700,1.17888,1.17892,1.17811,1.17814,1175.0,2026-02-19 11:15:00
1771500600,1.17814,1.17822,1.17766,1.17777,1253.0,2026-02-19 11:30:00
1771501500,1.17776,1.17812,1.1777,1.17807,1331.0,2026-02-19 11:45:00
1771502400,1.17806,1.17808,1.17756,1.17764,1355.0,2026-02-19 12:00:00
1771503300,1.17764,1.17771,1.1772,1.17746,1399.0,2026-02-19 12:15:00
1771504200,1.17746,1.17799,1.17713,1.17741,1599.0,2026-02-19 12:30:00
1771505100,1.17742,1.17742,1.1767,1.17694,1395.0,2026-02-19 12:45:00
1771506000,1.17695,1.177,1.17522,1.1759,2585.0,2026-02-19 13:00:00
1771506900,1.1759,1.17648,1.17555,1.1761,1954.0,2026-02-19 13:15:00
1771507800,1.17609,1.17628,1.17534,1.17568,2573.0,2026-02-19 13:30:00
1771508700,1.17568,1.17657,1.17514,1.17656,2298.0,2026-02-19 13:45:00
1771509600,1.17655,1.17663,1.17478,1.17486,2395.0,2026-02-19 14:00:00
1771510500,1.17486,1.17526,1.1742,1.17487,2608.0,2026-02-19 14:15:00
1771511400,1.17486,1.17532,1.17446,1.1752,4041.0,2026-02-19 14:30:00
1771512300,1.17518,1.17535,1.1745,1.17519,2861.0,2026-02-19 14:45:00
1771513200,1.17517,1.17728,1.17483,1.17622,5058.0,2026-02-19 15:00:00
1771514100,1.17623,1.17719,1.17616,1.1765,4405.0,2026-02-19 15:15:00
1771515000,1.1765,1.17682,1.17634,1.17642,2696.0,2026-02-19 15:30:00
1771515900,1.17644,1.17756,1.17608,1.17632,3372.0,2026-02-19 15:45:00
1771516800,1.17632,1.17692,1.17582,1.1764,2757.0,2026-02-19 16:00:00
1771517700,1.1764,1.17683,1.17623,1.1764,2322.0,2026-02-19 16:15:00
1771518600,1.17642,1.17706,1.17639,1.17673,1734.0,2026-02-19 16:30:00
1771519500,1.17674,1.17676,1.17593,1.17614,1746.0,2026-02-19 16:45:00
1771520400,1.17614,1.1762,1.17562,1.17599,2371.0,2026-02-19 17:00:00
1771521300,1.176,1.17662,1.17594,1.17654,1773.0,2026-02-19 17:15:00
1771522200,1.17656,1.17668,1.17614,1.17664,1719.0,2026-02-19 17:30:00
1771523100,1.17664,1.1768,1.17648,1.1766,1109.0,2026-02-19 17:45:00
1771524000,1.1766,1.17708,1.17648,1.17704,1170.0,2026-02-19 18:00:00
1771524900,1.17704,1.17719,1.1768,1.177,1084.0,2026-02-19 18:15:00
1771525800,1.177,1.17738,1.17693,1.17726,931.0,2026-02-19 18:30:00
1771526700,1.17725,1.17743,1.17678,1.17685,1220.0,2026-02-19 18:45:00
1771527600,1.17686,1.1772,1.1768,1.17687,1122.0,2026-02-19 19:00:00
1771528500,1.17689,1.17714,1.17658,1.17684,1110.0,2026-02-19 19:15:00
1771529400,1.17684,1.17695,1.17591,1.1764,1517.0,2026-02-19 19:30:00
1771530300,1.1764,1.17659,1.17622,1.17638,1413.0,2026-02-19 19:45:00
1771531200,1.17639,1.17683,1.17633,1.17664,986.0,2026-02-19 20:00:00
1771532100,1.17664,1.17674,1.17638,1.17664,755.0,2026-02-19 20:15:00
1771533000,1.17664,1.17667,1.17636,1.17662,1009.0,2026-02-19 20:30:00
1771533900,1.17661,1.17688,1.17658,1.17687,754.0,2026-02-19 20:45:00
1771534800,1.17688,1.1771,1.17682,1.17708,410.0,2026-02-19 21:00:00
1771535700,1.1771,1.17742,1.1771,1.17727,724.0,2026-02-19 21:15:00
1771536600,1.1773,1.17778,1.17728,1.17771,621.0,2026-02-19 21:30:00
1771537500,1.17772,1.17782,1.17706,1.17716,811.0,2026-02-19 21:45:00
1771538400,1.17715,1.17722,1.17714,1.17716,14.0,2026-02-19 22:00:00
1771539300,1.17718,1.17746,1.17718,1.17735,139.0,2026-02-19 22:15:00
1771540200,1.17734,1.17744,1.17728,1.17738,179.0,2026-02-19 22:30:00
1771541100,1.17738,1.1774,1.17716,1.17722,74.0,2026-02-19 22:45:00
1771542000,1.1772,1.1776,1.17718,1.17744,376.0,2026-02-19 23:00:00
1771542900,1.17745,1.17749,1.17726,1.17729,278.0,2026-02-19 23:15:00
1771543800,1.1773,1.1773,1.17698,1.177,411.0,2026-02-19 23:30:00
1771544700,1.17699,1.17705,1.17682,1.17684,362.0,2026-02-19 23:45:00
1771545600,1.17684,1.17714,1.17668,1.17674,746.0,2026-02-20 00:00:00
1771546500,1.17674,1.17696,1.1767,1.17684,582.0,2026-02-20 00:15:00
1771547400,1.17684,1.17697,1.17668,1.17684,707.0,2026-02-20 00:30:00
1771548300,1.17684,1.17721,1.17678,1.17706,1120.0,2026-02-20 00:45:00
1771549200,1.17704,1.17718,1.17658,1.17666,1254.0,2026-02-20 01:00:00
1771550100,1.17666,1.17688,1.1761,1.1763,1649.0,2026-02-20 01:15:00
1771551000,1.1763,1.17634,1.17561,1.17578,1251.0,2026-02-20 01:30:00
1771551900,1.17578,1.17598,1.17551,1.1759,1496.0,2026-02-20 01:45:00
1771552800,1.1759,1.176,1.17558,1.17582,1272.0,2026-02-20 02:00:00
1771553700,1.17583,1.17585,1.17554,1.17564,1029.0,2026-02-20 02:15:00
1771554600,1.17566,1.17576,1.17552,1.17554,813.0,2026-02-20 02:30:00
1771555500,1.17553,1.1756,1.17532,1.17546,844.0,2026-02-20 02:45:00
1771556400,1.17546,1.17585,1.17545,1.17579,639.0,2026-02-20 03:00:00
1771557300,1.1758,1.1759,1.1755,1.17553,425.0,2026-02-20 03:15:00
1771558200,1.17552,1.17575,1.1755,1.17564,406.0,2026-02-20 03:30:00
1771559100,1.17563,1.17586,1.17563,1.17568,456.0,2026-02-20 03:45:00
1771560000,1.1757,1.17594,1.1757,1.1759,554.0,2026-02-20 04:00:00
1771560900,1.1759,1.17598,1.17577,1.17578,413.0,2026-02-20 04:15:00
1771561800,1.17579,1.1758,1.17538,1.17546,461.0,2026-02-20 04:30:00
1771562700,1.17548,1.1755,1.17524,1.17532,415.0,2026-02-20 04:45:00
1771563600,1.17532,1.17545,1.17503,1.17522,488.0,2026-02-20 05:00:00
1771564500,1.17522,1.1756,1.1752,1.17543,413.0,2026-02-20 05:15:00
1771565400,1.17544,1.17552,1.17514,1.17526,602.0,2026-02-20 05:30:00
1771566300,1.17523,1.1757,1.17502,1.17554,982.0,2026-02-20 05:45:00
1771567200,1.17555,1.17564,1.17526,1.17528,927.0,2026-02-20 06:00:00
1771568100,1.17528,1.17554,1.17528,1.17545,744.0,2026-02-20 06:15:00
1771569000,1.17546,1.1756,1.17528,1.17538,836.0,2026-02-20 06:30:00
1771569900,1.17538,1.17568,1.17514,1.17552,705.0,2026-02-20 06:45:00
1771570800,1.17551,1.17619,1.17546,1.17616,1868.0,2026-02-20 07:00:00
1771571700,1.17616,1.17624,1.17584,1.17584,994.0,2026-02-20 07:15:00
1771572600,1.17583,1.17628,1.17536,1.17575,1245.0,2026-02-20 07:30:00
1771573500,1.17574,1.1758,1.17496,1.17514,1640.0,2026-02-20 07:45:00
1771574400,1.17512,1.1754,1.17434,1.17475,2204.0,2026-02-20 08:00:00
1771575300,1.17474,1.17576,1.17468,1.17552,1685.0,2026-02-20 08:15:00
1771576200,1.17564,1.17636,1.17564,1.17576,2037.0,2026-02-20 08:30:00
1771577100,1.17576,1.17638,1.17572,1.17608,1642.0,2026-02-20 08:45:00
1771578000,1.17609,1.17661,1.17584,1.1765,1411.0,2026-02-20 09:00:00
1771578900,1.1765,1.1768,1.17638,1.17672,1317.0,2026-02-20 09:15:00
1771579800,1.17674,1.1768,1.17642,1.17667,1409.0,2026-02-20 09:30:00
1771580700,1.17666,1.17682,1.17642,1.17668,1332.0,2026-02-20 09:45:00
1771581600,1.17668,1.17688,1.17632,1.17644,1163.0,2026-02-20 10:00:00
1771582500,1.17643,1.17646,1.17572,1.17595,1259.0,2026-02-20 10:15:00
1771583400,1.17594,1.17676,1.17584,1.1765,1198.0,2026-02-20 10:30:00
1771584300,1.1765,1.1767,1.17622,1.17638,1323.0,2026-02-20 10:45:00
1771585200,1.17637,1.1764,1.176,1.17626,1226.0,2026-02-20 11:00:00
1771586100,1.17626,1.17658,1.17609,1.17649,879.0,2026-02-20 11:15:00
1771587000,1.17647,1.17674,1.17602,1.17668,1169.0,2026-02-20 11:30:00
1771587900,1.17667,1.17691,1.17659,1.17674,854.0,2026-02-20 11:45:00
1771588800,1.17674,1.17692,1.17642,1.17647,1247.0,2026-02-20 12:00:00
1771589700,1.17646,1.17689,1.17634,1.17674,1144.0,2026-02-20 12:15:00
1771590600,1.17675,1.1769,1.17636,1.17686,1238.0,2026-02-20 12:30:00
1771591500,1.17686,1.17711,1.17646,1.17657,1397.0,2026-02-20 12:45:00
1771592400,1.17656,1.17702,1.17653,1.17688,1455.0,2026-02-20 13:00:00
1771593300,1.1769,1.17776,1.17667,1.17768,1744.0,2026-02-20 13:15:00
1771594200,1.17767,1.1783,1.1758,1.17634,5156.0,2026-02-20 13:30:00
1771595100,1.17632,1.17716,1.17572,1.17694,2879.0,2026-02-20 13:45:00
1771596000,1.17692,1.17705,1.17599,1.17646,2172.0,2026-02-20 14:00:00
1771596900,1.17646,1.17688,1.17622,1.17628,1713.0,2026-02-20 14:15:00
1771597800,1.1763,1.17649,1.1756,1.17636,3164.0,2026-02-20 14:30:00
1771598700,1.17642,1.17688,1.17617,1.17682,2338.0,2026-02-20 14:45:00
1771599600,1.1768,1.17994,1.17554,1.17956,15026.0,2026-02-20 15:00:00
1771600500,1.17954,1.18076,1.17904,1.17995,10790.0,2026-02-20 15:15:00
1771601400,1.17996,1.18036,1.17877,1.17965,8519.0,2026-02-20 15:30:00
1771602300,1.17966,1.17971,1.17823,1.17882,5386.0,2026-02-20 15:45:00
1771603200,1.17882,1.17983,1.17851,1.17925,4177.0,2026-02-20 16:00:00
1771604100,1.17924,1.1794,1.17761,1.17806,4065.0,2026-02-20 16:15:00
1771605000,1.17807,1.17812,1.17744,1.17758,2677.0,2026-02-20 16:30:00
1771605900,1.17757,1.17828,1.17738,1.178,2150.0,2026-02-20 16:45:00
1771606800,1.178,1.17851,1.17741,1.17762,2429.0,2026-02-20 17:00:00
1771607700,1.17763,1.17764,1.17655,1.17696,2537.0,2026-02-20 17:15:00
1771608600,1.17697,1.17772,1.17693,1.17768,2913.0,2026-02-20 17:30:00
1771609500,1.17766,1.17848,1.1773,1.17802,3386.0,2026-02-20 17:45:00
1771610400,1.17802,1.17847,1.17768,1.1783,2460.0,2026-02-20 18:00:00
1771611300,1.17829,1.17905,1.17798,1.17888,3400.0,2026-02-20 18:15:00
1771612200,1.17886,1.1799,1.17818,1.17928,5627.0,2026-02-20 18:30:00
1771613100,1.17928,1.17974,1.17847,1.17859,3883.0,2026-02-20 18:45:00
1771614000,1.17862,1.17898,1.17822,1.17842,2793.0,2026-02-20 19:00:00
1771614900,1.17842,1.17862,1.17788,1.17813,1328.0,2026-02-20 19:15:00
1771615800,1.17815,1.17822,1.1779,1.17808,1076.0,2026-02-20 19:30:00
1771616700,1.17806,1.17847,1.17786,1.17808,1186.0,2026-02-20 19:45:00
1771617600,1.17808,1.17817,1.17775,1.17798,1056.0,2026-02-20 20:00:00
1771618500,1.17796,1.17835,1.17782,1.17828,1025.0,2026-02-20 20:15:00
1771619400,1.17825,1.1787,1.17802,1.17856,867.0,2026-02-20 20:30:00
1771620300,1.17857,1.17875,1.17847,1.17862,919.0,2026-02-20 20:45:00
1771621200,1.17863,1.17914,1.17852,1.17914,650.0,2026-02-20 21:00:00
1771622100,1.17912,1.17916,1.1788,1.17904,515.0,2026-02-20 21:15:00
1771623000,1.17904,1.17908,1.1783,1.17832,511.0,2026-02-20 21:30:00
1771623900,1.17831,1.17879,1.17801,1.17818,1235.0,2026-02-20 21:45:00
1771797600,1.17963,1.17968,1.17931,1.17944,82.0,2026-02-22 22:00:00
1771798500,1.17944,1.17988,1.17937,1.17952,265.0,2026-02-22 22:15:00
1771799400,1.17952,1.17974,1.17944,1.1796,140.0,2026-02-22 22:30:00
1771800300,1.17959,1.1796,1.17933,1.17946,191.0,2026-02-22 22:45:00
1771801200,1.17944,1.18088,1.17938,1.18084,1074.0,2026-02-22 23:00:00
1771802100,1.18084,1.18238,1.18024,1.18152,2125.0,2026-02-22 23:15:00
1771803000,1.18152,1.18266,1.18146,1.18237,1312.0,2026-02-22 23:30:00
1771803900,1.18236,1.18348,1.1823,1.18334,1306.0,2026-02-22 23:45:00
1771804800,1.18334,1.18334,1.18266,1.18274,2142.0,2026-02-23 00:00:00
1771805700,1.18274,1.18282,1.18228,1.18268,1474.0,2026-02-23 00:15:00
1771806600,1.18267,1.18346,1.18266,1.1831,1994.0,2026-02-23 00:30:00
1771807500,1.18309,1.18313,1.18243,1.1831,2179.0,2026-02-23 00:45:00
1771808400,1.1831,1.18336,1.18272,1.18294,2427.0,2026-02-23 01:00:00
1771809300,1.18295,1.18305,1.18214,1.18215,2081.0,2026-02-23 01:15:00
1771810200,1.18215,1.18278,1.18207,1.18264,1944.0,2026-02-23 01:30:00
1771811100,1.18264,1.18286,1.18244,1.18262,1610.0,2026-02-23 01:45:00
1771812000,1.18263,1.18312,1.18234,1.18297,1605.0,2026-02-23 02:00:00
1771812900,1.18298,1.18299,1.1825,1.18282,1341.0,2026-02-23 02:15:00
1771813800,1.18284,1.18298,1.18258,1.18287,1160.0,2026-02-23 02:30:00
1771814700,1.18288,1.1831,1.18246,1.18276,1131.0,2026-02-23 02:45:00
1771815600,1.18277,1.1828,1.18199,1.18202,946.0,2026-02-23 03:00:00
1771816500,1.18202,1.1822,1.18174,1.18178,785.0,2026-02-23 03:15:00
1771817400,1.18178,1.18214,1.18167,1.18192,769.0,2026-02-23 03:30:00
1771818300,1.18191,1.18242,1.18184,1.18235,688.0,2026-02-23 03:45:00
1771819200,1.18236,1.18242,1.1818,1.18204,716.0,2026-02-23 04:00:00
1771820100,1.18202,1.18229,1.18188,1.182,641.0,2026-02-23 04:15:00
1771821000,1.182,1.18211,1.18188,1.18204,620.0,2026-02-23 04:30:00
1771821900,1.18206,1.1822,1.18196,1.18209,400.0,2026-02-23 04:45:00
1771822800,1.18208,1.18208,1.1816,1.18162,810.0,2026-02-23 05:00:00
1771823700,1.18164,1.1818,1.18151,1.18168,478.0,2026-02-23 05:15:00
1771824600,1.18167,1.18206,1.18166,1.18182,569.0,2026-02-23 05:30:00
1771825500,1.18184,1.18216,1.18178,1.18198,339.0,2026-02-23 05:45:00
1771826400,1.18196,1.18272,1.18167,1.18265,1084.0,2026-02-23 06:00:00
1771827300,1.18264,1.1834,1.18264,1.18315,1169.0,2026-02-23 06:15:00
1771828200,1.18318,1.18319,1.18271,1.18284,748.0,2026-02-23 06:30:00
1771829100,1.18282,1.183,1.1824,1.18244,835.0,2026-02-23 06:45:00
1771830000,1.18243,1.18278,1.18222,1.1824,1439.0,2026-02-23 07:00:00
1771830900,1.1824,1.18253,1.18221,1.18224,1071.0,2026-02-23 07:15:00
1771831800,1.18224,1.18248,1.18187,1.18239,1380.0,2026-02-23 07:30:00
1771832700,1.18238,1.18274,1.18204,1.18234,1791.0,2026-02-23 07:45:00
1771833600,1.18235,1.18249,1.18162,1.18198,2097.0,2026-02-23 08:00:00
1771834500,1.18198,1.18208,1.18142,1.18179,1656.0,2026-02-23 08:15:00
1771835400,1.18178,1.18183,1.18106,1.18108,1560.0,2026-02-23 08:30:00
1771836300,1.18109,1.18122,1.18072,1.18104,1612.0,2026-02-23 08:45:00
1771837200,1.18104,1.18126,1.1809,1.18098,1301.0,2026-02-23 09:00:00
1771838100,1.18098,1.18098,1.18031,1.18092,1269.0,2026-02-23 09:15:00
1771839000,1.18093,1.18111,1.1808,1.18104,1152.0,2026-02-23 09:30:00
1771839900,1.18104,1.18118,1.18002,1.18008,1327.0,2026-02-23 09:45:00
1771840800,1.18009,1.18014,1.17952,1.17962,1388.0,2026-02-23 10:00:00
1771841700,1.17964,1.1799,1.17951,1.17984,1317.0,2026-02-23 10:15:00
1771842600,1.17984,1.18,1.17975,1.17992,898.0,2026-02-23 10:30:00
1771843500,1.1799,1.18008,1.17976,1.17988,910.0,2026-02-23 10:45:00
1771844400,1.17987,1.1799,1.17912,1.17918,1071.0,2026-02-23 11:00:00
1771845300,1.1792,1.17941,1.17858,1.17858,1249.0,2026-02-23 11:15:00
1771846200,1.17858,1.17862,1.1781,1.17852,1774.0,2026-02-23 11:30:00
1771847100,1.17851,1.1788,1.17839,1.1786,1499.0,2026-02-23 11:45:00
1771848000,1.17857,1.17866,1.17812,1.17834,1388.0,2026-02-23 12:00:00
1771848900,1.17835,1.1784,1.17744,1.17764,1608.0,2026-02-23 12:15:00
1771849800,1.17765,1.17809,1.17762,1.17782,1441.0,2026-02-23 12:30:00
1771850700,1.17784,1.1783,1.17765,1.17819,1619.0,2026-02-23 12:45:00
1771851600,1.17817,1.17854,1.17782,1.17853,2314.0,2026-02-23 13:00:00
1771852500,1.17852,1.17932,1.17848,1.17931,1499.0,2026-02-23 13:15:00
1771853400,1.17932,1.17978,1.17926,1.17965,1829.0,2026-02-23 13:30:00
1771854300,1.17966,1.1797,1.1792,1.17958,1682.0,2026-02-23 13:45:00
1771855200,1.17958,1.17998,1.1794,1.17994,2167.0,2026-02-23 14:00:00
1771856100,1.17997,1.1803,1.17948,1.17959,1444.0,2026-02-23 14:15:00
1771857000,1.1796,1.18014,1.1795,1.1799,3137.0,2026-02-23 14:30:00
1771857900,1.1799,1.18091,1.17944,1.18056,3397.0,2026-02-23 14:45:00
1771858800,1.18056,1.181,1.18016,1.18058,2594.0,2026-02-23 15:00:00
1771859700,1.18056,1.18078,1.18012,1.18032,2380.0,2026-02-23 15:15:00
1771860600,1.18032,1.18058,1.1797,1.18009,2745.0,2026-02-23 15:30:00
1771861500,1.18011,1.18014,1.17922,1.17948,2805.0,2026-02-23 15:45:00
1771862400,1.17946,1.17952,1.17882,1.17927,2667.0,2026-02-23 16:00:00
1771863300,1.17926,1.18028,1.17916,1.1801,2561.0,2026-02-23 16:15:00
1771864200,1.18012,1.18049,1.17977,1.18014,2175.0,2026-02-23 16:30:00
1771865100,1.18016,1.18064,1.18,1.1804,2069.0,2026-02-23 16:45:00
1771866000,1.1804,1.18089,1.17998,1.18005,1982.0,2026-02-23 17:00:00
1771866900,1.18005,1.1803,1.17933,1.17952,1547.0,2026-02-23 17:15:00
1771867800,1.17952,1.17954,1.17907,1.17934,1098.0,2026-02-23 17:30:00
1771868700,1.17934,1.18004,1.17923,1.17988,1269.0,2026-02-23 17:45:00
1771869600,1.17987,1.18,1.17959,1.17964,1114.0,2026-02-23 18:00:00
1771870500,1.17965,1.17983,1.17948,1.17961,872.0,2026-02-23 18:15:00
1771871400,1.17962,1.1801,1.17962,1.17974,990.0,2026-02-23 18:30:00
1771872300,1.17975,1.17994,1.17967,1.17983,875.0,2026-02-23 18:45:00
1771873200,1.17982,1.18008,1.17964,1.17989,869.0,2026-02-23 19:00:00
1771874100,1.1799,1.17995,1.17942,1.1795,784.0,2026-02-23 19:15:00
1771875000,1.17948,1.17954,1.17882,1.1789,848.0,2026-02-23 19:30:00
1771875900,1.1789,1.1793,1.17884,1.17916,1230.0,2026-02-23 19:45:00
1771876800,1.17916,1.17928,1.179,1.17914,956.0,2026-02-23 20:00:00
1771877700,1.17914,1.1794,1.17882,1.17932,665.0,2026-02-23 20:15:00
1771878600,1.17933,1.17935,1.17899,1.17901,619.0,2026-02-23 20:30:00
1771879500,1.179,1.17911,1.17876,1.1789,828.0,2026-02-23 20:45:00
1771880400,1.17892,1.17926,1.1789,1.17904,491.0,2026-02-23 21:00:00
1771881300,1.17906,1.17908,1.17858,1.17868,535.0,2026-02-23 21:15:00
1771882200,1.17868,1.17904,1.17864,1.1789,518.0,2026-02-23 21:30:00
1771883100,1.17889,1.17895,1.17843,1.17854,827.0,2026-02-23 21:45:00
1771884000,1.1789,1.17892,1.17862,1.17867,48.0,2026-02-23 22:00:00
1771884900,1.17866,1.17872,1.17866,1.17867,83.0,2026-02-23 22:15:00
1771885800,1.17868,1.17876,1.17861,1.17869,482.0,2026-02-23 22:30:00
1771886700,1.1787,1.17882,1.17868,1.17874,569.0,2026-02-23 22:45:00
1771887600,1.17874,1.17924,1.17863,1.17924,403.0,2026-02-23 23:00:00
1771888500,1.17924,1.17926,1.1789,1.17899,292.0,2026-02-23 23:15:00
1771889400,1.17898,1.17946,1.17898,1.17938,465.0,2026-02-23 23:30:00
1771890300,1.17938,1.17953,1.17929,1.1793,462.0,2026-02-23 23:45:00
1771891200,1.1793,1.17946,1.17907,1.17924,827.0,2026-02-24 00:00:00
1771892100,1.17926,1.17938,1.17898,1.17909,528.0,2026-02-24 00:15:00
1771893000,1.17908,1.17964,1.179,1.17928,969.0,2026-02-24 00:30:00
1771893900,1.17928,1.17938,1.17875,1.1788,968.0,2026-02-24 00:45:00
1771894800,1.1788,1.1788,1.17813,1.17826,1820.0,2026-02-24 01:00:00
1771895700,1.17826,1.17839,1.1772,1.17738,2163.0,2026-02-24 01:15:00
1771896600,1.17738,1.17808,1.17716,1.17799,1427.0,2026-02-24 01:30:00
1771897500,1.17798,1.17834,1.17784,1.1782,1226.0,2026-02-24 01:45:00
1771898400,1.17818,1.17846,1.17812,1.1782,1587.0,2026-02-24 02:00:00
1771899300,1.17818,1.17824,1.17784,1.17823,804.0,2026-02-24 02:15:00
1771900200,1.17822,1.17846,1.17803,1.17819,714.0,2026-02-24 02:30:00
1771901100,1.1782,1.17844,1.17814,1.17838,567.0,2026-02-24 02:45:00
1771902000,1.17838,1.17855,1.17824,1.17825,732.0,2026-02-24 03:00:00
1771902900,1.17826,1.17826,1.17782,1.17784,589.0,2026-02-24 03:15:00
1771903800,1.17782,1.17792,1.1777,1.17778,597.0,2026-02-24 03:30:00
1771904700,1.17778,1.17787,1.1775,1.17752,641.0,2026-02-24 03:45:00
1771905600,1.17752,1.17768,1.17726,1.17728,589.0,2026-02-24 04:00:00
1771906500,1.17728,1.17746,1.17709,1.1771,598.0,2026-02-24 04:15:00
1771907400,1.17712,1.17717,1.1768,1.17686,797.0,2026-02-24 04:30:00
1771908300,1.17686,1.1771,1.17686,1.17697,392.0,2026-02-24 04:45:00
1771909200,1.17698,1.17722,1.17686,1.17716,507.0,2026-02-24 05:00:00
1771910100,1.17715,1.1772,1.17694,1.17698,434.0,2026-02-24 05:15:00
1771911000,1.17699,1.17733,1.17695,1.17724,424.0,2026-02-24 05:30:00
1771911900,1.17724,1.17807,1.17721,1.178,768.0,2026-02-24 05:45:00
1771912800,1.17801,1.17824,1.17786,1.17796,730.0,2026-02-24 06:00:00
1771913700,1.17796,1.17808,1.17772,1.17785,977.0,2026-02-24 06:15:00
1771914600,1.17784,1.1782,1.17778,1.17799,761.0,2026-02-24 06:30:00
1771915500,1.178,1.17814,1.17782,1.17804,662.0,2026-02-24 06:45:00
1771916400,1.17804,1.17804,1.17716,1.17749,3181.0,2026-02-24 07:00:00
1771917300,1.1775,1.17781,1.17718,1.17759,2216.0,2026-02-24 07:15:00
1771918200,1.1776,1.17824,1.1776,1.17802,1826.0,2026-02-24 07:30:00
1771919100,1.17802,1.1781,1.17746,1.17792,1311.0,2026-02-24 07:45:00
1771920000,1.17792,1.17812,1.17734,1.1778,1938.0,2026-02-24 08:00:00
1771920900,1.17779,1.17883,1.17772,1.17874,1862.0,2026-02-24 08:15:00
1771921800,1.17874,1.179,1.17846,1.1788,1935.0,2026-02-24 08:30:00
1771922700,1.17878,1.17886,1.17838,1.17838,1494.0,2026-02-24 08:45:00
1771923600,1.17838,1.17906,1.17831,1.17886,1561.0,2026-02-24 09:00:00
1771924500,1.17886,1.17911,1.1784,1.17888,1278.0,2026-02-24 09:15:00
1771925400,1.17888,1.17932,1.17871,1.1788,1281.0,2026-02-24 09:30:00
1771926300,1.1788,1.1789,1.17864,1.17877,1026.0,2026-02-24 09:45:00
1771927200,1.17878,1.17894,1.1784,1.17845,1301.0,2026-02-24 10:00:00
1771928100,1.17844,1.17857,1.17824,1.17855,902.0,2026-02-24 10:15:00
1771929000,1.17857,1.17912,1.17856,1.17872,1173.0,2026-02-24 10:30:00
1771929900,1.17874,1.17893,1.1784,1.17856,877.0,2026-02-24 10:45:00
1771930800,1.17856,1.17861,1.17801,1.1782,1163.0,2026-02-24 11:00:00
1771931700,1.17824,1.17845,1.17796,1.17812,1100.0,2026-02-24 11:15:00
1771932600,1.17812,1.17828,1.17799,1.1782,861.0,2026-02-24 11:30:00
1771933500,1.17819,1.17825,1.17792,1.17806,956.0,2026-02-24 11:45:00
1771934400,1.17804,1.17824,1.17757,1.1776,1334.0,2026-02-24 12:00:00
1771935300,1.17761,1.17764,1.17732,1.1774,1067.0,2026-02-24 12:15:00
1771936200,1.17742,1.17784,1.17742,1.17755,1316.0,2026-02-24 12:30:00
1771937100,1.17754,1.17836,1.17728,1.17814,1571.0,2026-02-24 12:45:00
1771938000,1.17813,1.17814,1.17762,1.17782,1957.0,2026-02-24 13:00:00
1771938900,1.17783,1.17785,1.1775,1.17766,1526.0,2026-02-24 13:15:00
1771939800,1.17764,1.17784,1.17715,1.17717,1645.0,2026-02-24 13:30:00
1771940700,1.17717,1.17732,1.1768,1.17722,1534.0,2026-02-24 13:45:00
1771941600,1.17723,1.17772,1.17678,1.17698,1917.0,2026-02-24 14:00:00
1771942500,1.17698,1.17766,1.17674,1.17751,1724.0,2026-02-24 14:15:00
1771943400,1.17752,1.17786,1.17721,1.17728,2709.0,2026-02-24 14:30:00
1771944300,1.17729,1.17763,1.17702,1.17736,2139.0,2026-02-24 14:45:00
1771945200,1.17727,1.17739,1.1767,1.177,2612.0,2026-02-24 15:00:00
1771946100,1.177,1.17723,1.17662,1.17717,2251.0,2026-02-24 15:15:00
1771947000,1.17715,1.17811,1.177,1.17744,2572.0,2026-02-24 15:30:00
1771947900,1.17745,1.17784,1.17712,1.17728,2574.0,2026-02-24 15:45:00
1771948800,1.17728,1.17859,1.17722,1.17856,1959.0,2026-02-24 16:00:00
1771949700,1.17856,1.17902,1.17854,1.17896,1245.0,2026-02-24 16:15:00
1771950600,1.17896,1.179,1.17849,1.17882,1761.0,2026-02-24 16:30:00
1771951500,1.1788,1.17898,1.17852,1.17881,1269.0,2026-02-24 16:45:00
1771952400,1.1788,1.17888,1.17856,1.17876,1173.0,2026-02-24 17:00:00
1771953300,1.17875,1.17886,1.17824,1.1783,1036.0,2026-02-24 17:15:00
1771954200,1.17828,1.1787,1.17818,1.17867,895.0,2026-02-24 17:30:00
1771955100,1.17868,1.17876,1.17848,1.17856,770.0,2026-02-24 17:45:00
1771956000,1.17856,1.17866,1.17808,1.17832,1050.0,2026-02-24 18:00:00
1771956900,1.17834,1.17867,1.17812,1.17842,864.0,2026-02-24 18:15:00
1771957800,1.17841,1.17854,1.17789,1.1779,866.0,2026-02-24 18:30:00
1771958700,1.1779,1.17814,1.17772,1.17786,689.0,2026-02-24 18:45:00
1771959600,1.17784,1.1781,1.17765,1.1781,822.0,2026-02-24 19:00:00
1771960500,1.17809,1.17814,1.17768,1.17813,502.0,2026-02-24 19:15:00
1771961400,1.17814,1.17841,1.17809,1.17822,429.0,2026-02-24 19:30:00
1771962300,1.17822,1.17824,1.17776,1.17788,668.0,2026-02-24 19:45:00
1771963200,1.17788,1.17795,1.17762,1.1778,538.0,2026-02-24 20:00:00
1771964100,1.17779,1.17804,1.17751,1.17783,643.0,2026-02-24 20:15:00
1771965000,1.17783,1.17836,1.17782,1.17826,725.0,2026-02-24 20:30:00
1771965900,1.17825,1.1783,1.17752,1.17752,786.0,2026-02-24 20:45:00
1771966800,1.17753,1.1777,1.17744,1.17748,505.0,2026-02-24 21:00:00
1771967700,1.17749,1.17758,1.17742,1.17757,284.0,2026-02-24 21:15:00
1771968600,1.17756,1.17762,1.17742,1.17759,262.0,2026-02-24 21:30:00
1771969500,1.17758,1.17758,1.17734,1.17738,508.0,2026-02-24 21:45:00
1771970400,1.17734,1.17744,1.17733,1.17742,42.0,2026-02-24 22:00:00
1771971300,1.17743,1.17757,1.17726,1.17728,102.0,2026-02-24 22:15:00
1771972200,1.17728,1.17778,1.17726,1.1775,399.0,2026-02-24 22:30:00
1771973100,1.17748,1.17756,1.17738,1.17746,111.0,2026-02-24 22:45:00
1771974000,1.17744,1.17745,1.17726,1.17734,270.0,2026-02-24 23:00:00
1771974900,1.17734,1.17747,1.17728,1.17745,147.0,2026-02-24 23:15:00
1771975800,1.17746,1.17751,1.17741,1.17745,195.0,2026-02-24 23:30:00
1771976700,1.17746,1.17761,1.17738,1.1774,283.0,2026-02-24 23:45:00
1771977600,1.17741,1.17772,1.17734,1.1776,633.0,2026-02-25 00:00:00
1771978500,1.17759,1.17783,1.17754,1.1777,538.0,2026-02-25 00:15:00
1771979400,1.17769,1.17796,1.17756,1.17774,1364.0,2026-02-25 00:30:00
1771980300,1.17773,1.178,1.1775,1.17779,1323.0,2026-02-25 00:45:00
1771981200,1.1778,1.17789,1.1776,1.17778,1138.0,2026-02-25 01:00:00
1771982100,1.17779,1.1781,1.17767,1.1779,868.0,2026-02-25 01:15:00
1771983000,1.17789,1.17822,1.17774,1.178,909.0,2026-02-25 01:30:00
1771983900,1.17799,1.17801,1.17764,1.17786,755.0,2026-02-25 01:45:00
1771984800,1.17785,1.17846,1.17782,1.17844,1044.0,2026-02-25 02:00:00
1771985700,1.17844,1.17852,1.17823,1.17846,708.0,2026-02-25 02:15:00
1771986600,1.17848,1.17898,1.17833,1.1789,1708.0,2026-02-25 02:30:00
1771987500,1.1789,1.17936,1.17874,1.17924,1518.0,2026-02-25 02:45:00
1771988400,1.17924,1.17944,1.17859,1.17866,1766.0,2026-02-25 03:00:00
1771989300,1.17866,1.1789,1.17858,1.17877,1261.0,2026-02-25 03:15:00
1771990200,1.17878,1.17922,1.17872,1.17898,1547.0,2026-02-25 03:30:00
1771991100,1.17898,1.17912,1.1788,1.17895,1030.0,2026-02-25 03:45:00
1771992000,1.17895,1.17922,1.17883,1.1789,994.0,2026-02-25 04:00:00
1771992900,1.17889,1.17938,1.17877,1.17931,729.0,2026-02-25 04:15:00
1771993800,1.17932,1.17942,1.17915,1.17934,562.0,2026-02-25 04:30:00
1771994700,1.17933,1.17962,1.17918,1.17949,764.0,2026-02-25 04:45:00
1771995600,1.17948,1.17983,1.17941,1.1797,934.0,2026-02-25 05:00:00
1771996500,1.17971,1.17982,1.1796,1.1798,587.0,2026-02-25 05:15:00
1771997400,1.17979,1.1805,1.17976,1.18047,844.0,2026-02-25 05:30:00
1771998300,1.18046,1.18055,1.18003,1.1801,876.0,2026-02-25 05:45:00
1771999200,1.1801,1.18034,1.1797,1.18022,1139.0,2026-02-25 06:00:00
1772000100,1.18021,1.18053,1.18013,1.18046,1135.0,2026-02-25 06:15:00
1772001000,1.18044,1.18057,1.1802,1.18022,927.0,2026-02-25 06:30:00
1772001900,1.1802,1.18064,1.18018,1.18053,922.0,2026-02-25 06:45:00
1772002800,1.18052,1.1808,1.18042,1.18046,1316.0,2026-02-25 07:00:00
1772003700,1.18046,1.18056,1.18004,1.18023,960.0,2026-02-25 07:15:00
1772004600,1.18022,1.1803,1.17997,1.18017,997.0,2026-02-25 07:30:00
1772005500,1.18018,1.18062,1.17971,1.17972,1646.0,2026-02-25 07:45:00
1772006400,1.17971,1.18001,1.17944,1.17954,2228.0,2026-02-25 08:00:00
1772007300,1.17954,1.1799,1.17906,1.17922,1443.0,2026-02-25 08:15:00
1772008200,1.17922,1.17949,1.17904,1.17932,1368.0,2026-02-25 08:30:00
1772009100,1.17932,1.17946,1.17895,1.179,1251.0,2026-02-25 08:45:00
1772010000,1.17901,1.17914,1.17882,1.17886,1449.0,2026-02-25 09:00:00
1772010900,1.17884,1.17918,1.17864,1.17889,1345.0,2026-02-25 09:15:00
1772011800,1.1789,1.17931,1.17865,1.17866,1978.0,2026-02-25 09:30:00
1772012700,1.17865,1.17902,1.17856,1.1788,1365.0,2026-02-25 09:45:00
1772013600,1.1788,1.17885,1.17832,1.17864,1175.0,2026-02-25 10:00:00
1772014500,1.17864,1.17872,1.1784,1.17844,1059.0,2026-02-25 10:15:00
1772015400,1.17842,1.17848,1.17793,1.17816,1433.0,2026-02-25 10:30:00
1772016300,1.17816,1.1782,1.17798,1.17798,924.0,2026-02-25 10:45:00
1772017200,1.17798,1.17812,1.17775,1.17799,1017.0,2026-02-25 11:00:00
1772018100,1.17798,1.178,1.17714,1.17716,941.0,2026-02-25 11:15:00
1772019000,1.17715,1.1776,1.1771,1.17731,911.0,2026-02-25 11:30:00
1772019900,1.1773,1.17768,1.17726,1.17749,982.0,2026-02-25 11:45:00
1772020800,1.1775,1.17818,1.17741,1.17818,1278.0,2026-02-25 12:00:00
1772021700,1.17818,1.17844,1.17806,1.17828,1004.0,2026-02-25 12:15:00
1772022600,1.17827,1.17852,1.17809,1.1785,1226.0,2026-02-25 12:30:00
1772023500,1.1785,1.17869,1.17838,1.17859,1078.0,2026-02-25 12:45:00
1772024400,1.1786,1.1788,1.17836,1.17878,1304.0,2026-02-25 13:00:00
1772025300,1.17878,1.17902,1.17831,1.17836,1424.0,2026-02-25 13:15:00
1772026200,1.17836,1.17862,1.17805,1.17836,1669.0,2026-02-25 13:30:00
1772027100,1.17836,1.17856,1.1773,1.17737,2002.0,2026-02-25 13:45:00
1772028000,1.17737,1.17776,1.17731,1.17764,1995.0,2026-02-25 14:00:00
1772028900,1.17764,1.17836,1.17758,1.17826,1343.0,2026-02-25 14:15:00
1772029800,1.17826,1.17861,1.17806,1.17858,2227.0,2026-02-25 14:30:00
1772030700,1.17858,1.17892,1.17849,1.17863,1907.0,2026-02-25 14:45:00
1772031600,1.17864,1.17999,1.17848,1.17982,2378.0,2026-02-25 15:00:00
1772032500,1.17983,1.18014,1.17893,1.17915,2660.0,2026-02-25 15:15:00
1772033400,1.17916,1.17969,1.17894,1.17957,2162.0,2026-02-25 15:30:00
1772034300,1.17958,1.18026,1.17922,1.18012,3402.0,2026-02-25 15:45:00
1772035200,1.18011,1.18073,1.18005,1.18028,2140.0,2026-02-25 16:00:00
1772036100,1.1803,1.1806,1.18009,1.18026,1291.0,2026-02-25 16:15:00
1772037000,1.18027,1.1805,1.17988,1.17991,1429.0,2026-02-25 16:30:00
1772037900,1.17991,1.18064,1.17991,1.1804,1444.0,2026-02-25 16:45:00
1772038800,1.1804,1.1814,1.18026,1.18116,1610.0,2026-02-25 17:00:00
1772039700,1.18118,1.18132,1.18082,1.18101,1128.0,2026-02-25 17:15:00
1772040600,1.181,1.18144,1.18094,1.18126,1118.0,2026-02-25 17:30:00
1772041500,1.18124,1.18131,1.18066,1.18074,1224.0,2026-02-25 17:45:00
1772042400,1.18075,1.18105,1.18062,1.18078,1277.0,2026-02-25 18:00:00
1772043300,1.18077,1.1811,1.18061,1.18075,868.0,2026-02-25 18:15:00
1772044200,1.18074,1.18086,1.1805,1.18052,608.0,2026-02-25 18:30:00
1772045100,1.18052,1.18068,1.18044,1.18048,717.0,2026-02-25 18:45:00
1772046000,1.18048,1.18094,1.18041,1.1809,700.0,2026-02-25 19:00:00
1772046900,1.1809,1.1809,1.18036,1.18044,603.0,2026-02-25 19:15:00
1772047800,1.18043,1.18062,1.18028,1.18058,542.0,2026-02-25 19:30:00
1772048700,1.18058,1.18077,1.18055,1.18055,577.0,2026-02-25 19:45:00
1772049600,1.18055,1.18076,1.18054,1.18057,569.0,2026-02-25 20:00:00
1772050500,1.18056,1.18079,1.1805,1.18055,812.0,2026-02-25 20:15:00
1772051400,1.18054,1.18088,1.18048,1.18073,720.0,2026-02-25 20:30:00
1772052300,1.18072,1.18081,1.18048,1.18061,885.0,2026-02-25 20:45:00
1772053200,1.1806,1.18078,1.18049,1.1805,502.0,2026-02-25 21:00:00
1772054100,1.1805,1.18058,1.18034,1.18058,355.0,2026-02-25 21:15:00
1772055000,1.1806,1.18112,1.18059,1.1811,440.0,2026-02-25 21:30:00
1772055900,1.1811,1.1813,1.1808,1.18101,582.0,2026-02-25 21:45:00
1772056800,1.18089,1.18094,1.18073,1.1809,92.0,2026-02-25 22:00:00
1772057700,1.1809,1.18096,1.18082,1.18096,156.0,2026-02-25 22:15:00
1772058600,1.18086,1.18098,1.18084,1.18096,102.0,2026-02-25 22:30:00
1772059500,1.18099,1.18136,1.18094,1.18114,208.0,2026-02-25 22:45:00
1772060400,1.18116,1.18138,1.1811,1.1812,337.0,2026-02-25 23:00:00
1772061300,1.1812,1.18142,1.18108,1.18128,458.0,2026-02-25 23:15:00
1772062200,1.18128,1.18143,1.18114,1.18132,363.0,2026-02-25 23:30:00
1772063100,1.18134,1.18164,1.18134,1.18152,510.0,2026-02-25 23:45:00
1772064000,1.18152,1.18159,1.18117,1.18134,803.0,2026-02-26 00:00:00
1772064900,1.18133,1.18174,1.18132,1.18155,604.0,2026-02-26 00:15:00
1772065800,1.18154,1.1818,1.1813,1.18176,756.0,2026-02-26 00:30:00
1772066700,1.18176,1.18194,1.18148,1.1819,1062.0,2026-02-26 00:45:00
1772067600,1.18188,1.18211,1.18179,1.18192,1296.0,2026-02-26 01:00:00
1772068500,1.18192,1.18274,1.18189,1.1823,1199.0,2026-02-26 01:15:00
1772069400,1.18229,1.18279,1.18212,1.18278,1373.0,2026-02-26 01:30:00
1772070300,1.18278,1.1829,1.18261,1.18274,1060.0,2026-02-26 01:45:00
1772071200,1.18274,1.1829,1.18249,1.18263,1015.0,2026-02-26 02:00:00
1772072100,1.18264,1.18272,1.18202,1.18202,957.0,2026-02-26 02:15:00
1772073000,1.18203,1.18203,1.18133,1.18145,671.0,2026-02-26 02:30:00
1772073900,1.18143,1.18176,1.1814,1.18175,658.0,2026-02-26 02:45:00
1772074800,1.18174,1.18199,1.18174,1.18198,786.0,2026-02-26 03:00:00
1772075700,1.182,1.18222,1.18186,1.1819,735.0,2026-02-26 03:15:00
1772076600,1.18192,1.18214,1.18176,1.18176,585.0,2026-02-26 03:30:00
1772077500,1.18177,1.18186,1.1816,1.1817,670.0,2026-02-26 03:45:00
1772078400,1.1817,1.18176,1.18132,1.18142,514.0,2026-02-26 04:00:00
1772079300,1.18141,1.18158,1.1813,1.18134,576.0,2026-02-26 04:15:00
1772080200,1.1813,1.1817,1.18126,1.18164,558.0,2026-02-26 04:30:00
1772081100,1.18164,1.1819,1.18146,1.18184,559.0,2026-02-26 04:45:00
1772082000,1.18184,1.18194,1.18166,1.18182,848.0,2026-02-26 05:00:00
1772082900,1.1818,1.18214,1.18178,1.18197,802.0,2026-02-26 05:15:00
1772083800,1.18196,1.182,1.1816,1.18192,598.0,2026-02-26 05:30:00
1772084700,1.18192,1.18228,1.18182,1.18198,1136.0,2026-02-26 05:45:00
1772085600,1.18197,1.18216,1.18174,1.18208,987.0,2026-02-26 06:00:00
1772086500,1.18208,1.18214,1.18148,1.18155,864.0,2026-02-26 06:15:00
1772087400,1.18154,1.18206,1.18152,1.18203,906.0,2026-02-26 06:30:00
1772088300,1.18202,1.18223,1.18186,1.18189,872.0,2026-02-26 06:45:00
1772089200,1.18188,1.18188,1.18088,1.18129,1232.0,2026-02-26 07:00:00
1772090100,1.18128,1.18172,1.18108,1.18124,1464.0,2026-02-26 07:15:00
1772091000,1.18124,1.18146,1.18113,1.18137,838.0,2026-02-26 07:30:00
1772091900,1.18136,1.18182,1.18116,1.18156,1100.0,2026-02-26 07:45:00
1772092800,1.18158,1.18159,1.18037,1.18068,1899.0,2026-02-26 08:00:00
1772093700,1.18068,1.18084,1.18023,1.18037,1602.0,2026-02-26 08:15:00
1772094600,1.18035,1.1808,1.18025,1.18069,1453.0,2026-02-26 08:30:00
1772095500,1.18069,1.18079,1.18023,1.18026,1149.0,2026-02-26 08:45:00
1772096400,1.18024,1.1806,1.18002,1.18008,1298.0,2026-02-26 09:00:00
1772097300,1.1801,1.18038,1.17974,1.18014,1471.0,2026-02-26 09:15:00
1772098200,1.18016,1.1802,1.17972,1.17972,1130.0,2026-02-26 09:30:00
1772099100,1.17973,1.18,1.17968,1.17973,1102.0,2026-02-26 09:45:00
1772100000,1.17971,1.17995,1.17959,1.1798,984.0,2026-02-26 10:00:00
1772100900,1.1798,1.17998,1.17953,1.17972,814.0,2026-02-26 10:15:00
1772101800,1.17973,1.17976,1.17946,1.17949,862.0,2026-02-26 10:30:00
1772102700,1.1795,1.17986,1.17934,1.17984,921.0,2026-02-26 10:45:00
1772103600,1.17984,1.18048,1.1798,1.1804,1588.0,2026-02-26 11:00:00
1772104500,1.18041,1.18044,1.18014,1.18018,746.0,2026-02-26 11:15:00
1772105400,1.1802,1.18028,1.18002,1.18022,841.0,2026-02-26 11:30:00
1772106300,1.18022,1.1803,1.17998,1.18005,889.0,2026-02-26 11:45:00
1772107200,1.18006,1.18052,1.17998,1.18048,1040.0,2026-02-26 12:00:00
1772108100,1.1805,1.1807,1.18028,1.18058,836.0,2026-02-26 12:15:00
1772109000,1.18058,1.18074,1.18032,1.18066,890.0,2026-02-26 12:30:00
1772109900,1.18066,1.18098,1.18052,1.1809,1061.0,2026-02-26 12:45:00
1772110800,1.1809,1.18148,1.18075,1.18133,1630.0,2026-02-26 13:00:00
1772111700,1.18134,1.18168,1.18124,1.18128,1175.0,2026-02-26 13:15:00
1772112600,1.18128,1.18143,1.18028,1.18032,2027.0,2026-02-26 13:30:00
1772113500,1.18032,1.18088,1.18031,1.18068,2105.0,2026-02-26 13:45:00
1772114400,1.1807,1.18087,1.1802,1.18076,1800.0,2026-02-26 14:00:00
1772115300,1.18076,1.18088,1.1804,1.18074,1233.0,2026-02-26 14:15:00
1772116200,1.18074,1.18118,1.1806,1.18106,2884.0,2026-02-26 14:30:00
1772117100,1.18107,1.18158,1.18094,1.1813,3199.0,2026-02-26 14:45:00
1772118000,1.18126,1.18144,1.1808,1.18088,2492.0,2026-02-26 15:00:00
1772118900,1.18088,1.1809,1.17815,1.17861,4318.0,2026-02-26 15:15:00
1772119800,1.1786,1.1796,1.1781,1.17928,3980.0,2026-02-26 15:30:00
1772120700,1.17928,1.17991,1.17904,1.17991,3010.0,2026-02-26 15:45:00
1772121600,1.1799,1.17994,1.17884,1.17896,2001.0,2026-02-26 16:00:00
1772122500,1.17896,1.17953,1.17877,1.1793,1759.0,2026-02-26 16:15:00
1772123400,1.17927,1.17939,1.1787,1.17874,1603.0,2026-02-26 16:30:00
1772124300,1.17873,1.17925,1.1786,1.17919,1900.0,2026-02-26 16:45:00
1772125200,1.1792,1.17934,1.1787,1.17874,1335.0,2026-02-26 17:00:00
1772126100,1.17875,1.17885,1.1777,1.17773,1381.0,2026-02-26 17:15:00
1772127000,1.17772,1.17805,1.17752,1.17786,1654.0,2026-02-26 17:30:00
1772127900,1.17785,1.17786,1.1774,1.17762,1623.0,2026-02-26 17:45:00
1772128800,1.17762,1.1779,1.17741,1.17778,1674.0,2026-02-26 18:00:00
1772129700,1.17778,1.17796,1.17758,1.17792,1292.0,2026-02-26 18:15:00
1772130600,1.17793,1.17874,1.17758,1.17848,2218.0,2026-02-26 18:30:00
1772131500,1.17847,1.17864,1.17818,1.17846,1319.0,2026-02-26 18:45:00
1772132400,1.17846,1.17879,1.17824,1.17862,1126.0,2026-02-26 19:00:00
1772133300,1.17863,1.17914,1.17858,1.17914,897.0,2026-02-26 19:15:00
1772134200,1.17914,1.1794,1.179,1.17939,870.0,2026-02-26 19:30:00
1772135100,1.17941,1.17979,1.17941,1.17968,787.0,2026-02-26 19:45:00
1772136000,1.17968,1.17993,1.17958,1.17974,752.0,2026-02-26 20:00:00
1772136900,1.17974,1.17998,1.1796,1.17994,675.0,2026-02-26 20:15:00
1772137800,1.17996,1.1803,1.17988,1.18021,589.0,2026-02-26 20:30:00
1772138700,1.1802,1.18033,1.18008,1.18014,933.0,2026-02-26 20:45:00
1772139600,1.18015,1.18039,1.17993,1.18013,583.0,2026-02-26 21:00:00
1772140500,1.18012,1.18018,1.17986,1.17994,422.0,2026-02-26 21:15:00
1772141400,1.17995,1.18016,1.17992,1.17992,316.0,2026-02-26 21:30:00
1772142300,1.17992,1.18,1.17972,1.17976,551.0,2026-02-26 21:45:00
1772143200,1.17972,1.17974,1.1797,1.17974,119.0,2026-02-26 22:00:00
1772144100,1.17974,1.18,1.17972,1.17998,211.0,2026-02-26 22:15:00
1772145000,1.17994,1.18006,1.17976,1.17991,266.0,2026-02-26 22:30:00
1772145900,1.17988,1.17996,1.17976,1.1798,124.0,2026-02-26 22:45:00
1772146800,1.17984,1.17992,1.17964,1.17983,366.0,2026-02-26 23:00:00
1772147700,1.17984,1.17998,1.17982,1.17998,195.0,2026-02-26 23:15:00
1772148600,1.18,1.1802,1.17996,1.18014,283.0,2026-02-26 23:30:00
1772149500,1.18013,1.18032,1.18002,1.18032,308.0,2026-02-26 23:45:00
1772150400,1.18032,1.1804,1.18007,1.18023,730.0,2026-02-27 00:00:00
1772151300,1.18022,1.18057,1.18017,1.18038,594.0,2026-02-27 00:15:00
1772152200,1.18039,1.1805,1.17977,1.1798,1405.0,2026-02-27 00:30:00
1772153100,1.17979,1.17995,1.17961,1.17962,1591.0,2026-02-27 00:45:00
1772154000,1.17964,1.18024,1.17961,1.18,1533.0,2026-02-27 01:00:00
1772154900,1.18002,1.18006,1.17942,1.17958,1558.0,2026-02-27 01:15:00
1772155800,1.17959,1.18002,1.17946,1.17966,1250.0,2026-02-27 01:30:00
1772156700,1.17966,1.17972,1.1789,1.17901,1283.0,2026-02-27 01:45:00
1772157600,1.17903,1.17962,1.17903,1.17958,900.0,2026-02-27 02:00:00
1772158500,1.1796,1.17983,1.17941,1.17958,749.0,2026-02-27 02:15:00
1772159400,1.17958,1.17982,1.17958,1.1797,861.0,2026-02-27 02:30:00
1772160300,1.17968,1.18015,1.1796,1.18007,792.0,2026-02-27 02:45:00
1772161200,1.18006,1.18021,1.18002,1.18012,620.0,2026-02-27 03:00:00
1772162100,1.18012,1.18058,1.18008,1.18054,844.0,2026-02-27 03:15:00
1772163000,1.18054,1.18054,1.18032,1.1804,359.0,2026-02-27 03:30:00
1772163900,1.18039,1.1806,1.18032,1.18036,490.0,2026-02-27 03:45:00
1772164800,1.18036,1.18056,1.18035,1.18054,328.0,2026-02-27 04:00:00
1772165700,1.18056,1.18088,1.18022,1.18088,596.0,2026-02-27 04:15:00
1772166600,1.18088,1.18132,1.18084,1.1812,716.0,2026-02-27 04:30:00
1772167500,1.18119,1.18126,1.18098,1.1811,557.0,2026-02-27 04:45:00
1772168400,1.18111,1.18116,1.18083,1.18098,682.0,2026-02-27 05:00:00
1772169300,1.18098,1.18117,1.18083,1.18114,661.0,2026-02-27 05:15:00
1772170200,1.18114,1.1812,1.18066,1.18072,749.0,2026-02-27 05:30:00
1772171100,1.18074,1.18106,1.18063,1.18086,930.0,2026-02-27 05:45:00
1772172000,1.18084,1.1811,1.18076,1.18107,1045.0,2026-02-27 06:00:00
1772172900,1.18106,1.1811,1.18046,1.18052,1062.0,2026-02-27 06:15:00
1772173800,1.18054,1.18064,1.18022,1.18049,1230.0,2026-02-27 06:30:00
1772174700,1.18052,1.18068,1.18036,1.18043,1030.0,2026-02-27 06:45:00
1772175600,1.18041,1.18042,1.17986,1.17987,1174.0,2026-02-27 07:00:00
1772176500,1.17988,1.18058,1.17971,1.18033,1074.0,2026-02-27 07:15:00
1772177400,1.18034,1.18118,1.18028,1.18118,1162.0,2026-02-27 07:30:00
1772178300,1.18119,1.18195,1.18119,1.18152,1938.0,2026-02-27 07:45:00
1772179200,1.18152,1.18218,1.1814,1.18142,2251.0,2026-02-27 08:00:00
1772180100,1.18142,1.18188,1.18141,1.18149,1194.0,2026-02-27 08:15:00
1772181000,1.18148,1.18151,1.18114,1.18127,1083.0,2026-02-27 08:30:00
1772181900,1.18126,1.18128,1.18082,1.18097,1155.0,2026-02-27 08:45:00
1772182800,1.18094,1.18116,1.18041,1.18042,1481.0,2026-02-27 09:00:00
1772183700,1.1804,1.18084,1.18038,1.18074,1099.0,2026-02-27 09:15:00
1772184600,1.18074,1.18094,1.18018,1.18037,1014.0,2026-02-27 09:30:00
1772185500,1.18038,1.18048,1.17928,1.17952,1733.0,2026-02-27 09:45:00
1772186400,1.17954,1.17978,1.17947,1.1797,1248.0,2026-02-27 10:00:00
1772187300,1.17967,1.18037,1.1796,1.18031,943.0,2026-02-27 10:15:00
1772188200,1.1803,1.18036,1.17998,1.18024,868.0,2026-02-27 10:30:00
1772189100,1.18024,1.18028,1.17978,1.17988,786.0,2026-02-27 10:45:00
1772190000,1.17989,1.18031,1.17962,1.18019,711.0,2026-02-27 11:00:00
1772190900,1.1802,1.1804,1.18007,1.18034,838.0,2026-02-27 11:15:00
1772191800,1.18033,1.18039,1.17982,1.17988,775.0,2026-02-27 11:30:00
1772192700,1.17989,1.1803,1.17971,1.18003,1103.0,2026-02-27 11:45:00
1772193600,1.18004,1.18054,1.18004,1.18053,1147.0,2026-02-27 12:00:00
1772194500,1.1805,1.18082,1.18034,1.18064,975.0,2026-02-27 12:15:00
1772195400,1.18064,1.18083,1.18028,1.18028,939.0,2026-02-27 12:30:00
1772196300,1.18028,1.1803,1.17987,1.18024,1162.0,2026-02-27 12:45:00
1772197200,1.18024,1.18065,1.17994,1.18034,1873.0,2026-02-27 13:00:00
1772198100,1.18036,1.18054,1.18011,1.18026,2119.0,2026-02-27 13:15:00
1772199000,1.18028,1.1803,1.17912,1.17954,4207.0,2026-02-27 13:30:00
1772199900,1.17956,1.17976,1.17904,1.17926,2446.0,2026-02-27 13:45:00
1772200800,1.17926,1.1801,1.17908,1.17998,2088.0,2026-02-27 14:00:00
1772201700,1.17998,1.18044,1.1799,1.18018,1979.0,2026-02-27 14:15:00
1772202600,1.18016,1.18154,1.18006,1.18133,2565.0,2026-02-27 14:30:00
1772203500,1.18134,1.18134,1.17956,1.1797,3068.0,2026-02-27 14:45:00
1772204400,1.1797,1.18066,1.17963,1.1801,3492.0,2026-02-27 15:00:00
1772205300,1.18012,1.18084,1.17978,1.18078,2619.0,2026-02-27 15:15:00
1772206200,1.18078,1.18172,1.18068,1.18126,2451.0,2026-02-27 15:30:00
1772207100,1.18127,1.18133,1.18004,1.18072,3073.0,2026-02-27 15:45:00
1772208000,1.18072,1.1818,1.18058,1.18166,2638.0,2026-02-27 16:00:00
1772208900,1.18165,1.18212,1.18154,1.18165,1791.0,2026-02-27 16:15:00
1772209800,1.18165,1.18252,1.18164,1.18172,2392.0,2026-02-27 16:30:00
1772210700,1.18172,1.18227,1.18172,1.1822,1613.0,2026-02-27 16:45:00
1772211600,1.18221,1.1827,1.18194,1.18203,1639.0,2026-02-27 17:00:00
1772212500,1.18204,1.18212,1.18172,1.18194,1262.0,2026-02-27 17:15:00
1772213400,1.18194,1.18242,1.18183,1.18217,1577.0,2026-02-27 17:30:00
1772214300,1.18216,1.18216,1.18156,1.18166,1008.0,2026-02-27 17:45:00
1772215200,1.18168,1.18178,1.18133,1.18134,893.0,2026-02-27 18:00:00
1772216100,1.18134,1.18176,1.1812,1.18149,926.0,2026-02-27 18:15:00
1772217000,1.1815,1.1816,1.18111,1.18158,1255.0,2026-02-27 18:30:00
1772217900,1.18158,1.18192,1.18136,1.18179,1041.0,2026-02-27 18:45:00
1772218800,1.18178,1.18202,1.18167,1.18178,936.0,2026-02-27 19:00:00
1772219700,1.18179,1.18228,1.18178,1.18222,858.0,2026-02-27 19:15:00
1772220600,1.18222,1.18224,1.18187,1.18198,687.0,2026-02-27 19:30:00
1772221500,1.18199,1.18216,1.18189,1.18194,655.0,2026-02-27 19:45:00
1772222400,1.18194,1.18237,1.18194,1.18228,641.0,2026-02-27 20:00:00
1772223300,1.1823,1.18242,1.18222,1.18234,542.0,2026-02-27 20:15:00
1772224200,1.18234,1.1826,1.18234,1.18244,668.0,2026-02-27 20:30:00
1772225100,1.18244,1.18254,1.18151,1.18162,1464.0,2026-02-27 20:45:00
1772226000,1.1816,1.18161,1.18124,1.18142,930.0,2026-02-27 21:00:00
1772226900,1.1814,1.18185,1.18133,1.18152,472.0,2026-02-27 21:15:00
1772227800,1.18152,1.18177,1.18112,1.18117,364.0,2026-02-27 21:30:00
1772228700,1.18116,1.18183,1.18116,1.18172,1400.0,2026-02-27 21:45:00
1772402400,1.17685,1.17705,1.17652,1.17652,289.0,2026-03-01 22:00:00
1772403300,1.17654,1.17658,1.17584,1.17629,510.0,2026-03-01 22:15:00
1772404200,1.1763,1.17736,1.1763,1.1773,593.0,2026-03-01 22:30:00
1772405100,1.17732,1.17796,1.17732,1.17773,438.0,2026-03-01 22:45:00
1772406000,1.1777,1.17878,1.17661,1.17778,1939.0,2026-03-01 23:00:00
1772406900,1.17777,1.17789,1.17607,1.17627,2593.0,2026-03-01 23:15:00
1772407800,1.17628,1.17664,1.17577,1.17664,3118.0,2026-03-01 23:30:00
1772408700,1.17662,1.17676,1.17568,1.17592,1940.0,2026-03-01 23:45:00
1772409600,1.17589,1.1771,1.1756,1.17704,2829.0,2026-03-02 00:00:00
1772410500,1.17704,1.17763,1.17678,1.17704,2115.0,2026-03-02 00:15:00
1772411400,1.17705,1.17715,1.17635,1.17709,1634.0,2026-03-02 00:30:00
1772412300,1.17707,1.17782,1.1767,1.17775,1807.0,2026-03-02 00:45:00
1772413200,1.17773,1.17896,1.17754,1.17876,3066.0,2026-03-02 01:00:00
1772414100,1.17875,1.17891,1.17808,1.17849,2267.0,2026-03-02 01:15:00
1772415000,1.1785,1.17944,1.17833,1.1791,2284.0,2026-03-02 01:30:00
1772415900,1.17912,1.17928,1.1788,1.1792,1725.0,2026-03-02 01:45:00
1772416800,1.1792,1.17934,1.17846,1.17854,1819.0,2026-03-02 02:00:00
1772417700,1.17854,1.17858,1.1781,1.17835,1134.0,2026-03-02 02:15:00
1772418600,1.17835,1.1789,1.17832,1.1786,1512.0,2026-03-02 02:30:00
1772419500,1.17863,1.17894,1.17847,1.17886,856.0,2026-03-02 02:45:00
1772420400,1.17887,1.17945,1.17884,1.17908,902.0,2026-03-02 03:00:00
1772421300,1.17908,1.17958,1.17904,1.1794,881.0,2026-03-02 03:15:00
1772422200,1.17942,1.17954,1.17905,1.17926,1161.0,2026-03-02 03:30:00
1772423100,1.17927,1.17933,1.17882,1.17887,580.0,2026-03-02 03:45:00
1772424000,1.17887,1.17904,1.1787,1.17878,663.0,2026-03-02 04:00:00
1772424900,1.17878,1.17889,1.17834,1.17868,994.0,2026-03-02 04:15:00
1772425800,1.1787,1.17878,1.17829,1.17836,704.0,2026-03-02 04:30:00
1772426700,1.17836,1.17864,1.17818,1.17864,519.0,2026-03-02 04:45:00
1772427600,1.17862,1.17862,1.17756,1.17756,987.0,2026-03-02 05:00:00
1772428500,1.17758,1.17773,1.17742,1.17755,773.0,2026-03-02 05:15:00
1772429400,1.17757,1.17793,1.17737,1.17738,998.0,2026-03-02 05:30:00
1772430300,1.17739,1.1774,1.17662,1.17664,1348.0,2026-03-02 05:45:00
1772431200,1.17664,1.17667,1.17533,1.17534,2559.0,2026-03-02 06:00:00
1772432100,1.17534,1.17548,1.17368,1.17408,2903.0,2026-03-02 06:15:00
1772433000,1.1741,1.1743,1.17312,1.17325,2995.0,2026-03-02 06:30:00
1772433900,1.17326,1.17391,1.17303,1.17324,2546.0,2026-03-02 06:45:00
1772434800,1.17322,1.17344,1.17225,1.17248,3791.0,2026-03-02 07:00:00
1772435700,1.1725,1.17278,1.1716,1.17229,3080.0,2026-03-02 07:15:00
1772436600,1.1723,1.17276,1.17124,1.17154,2838.0,2026-03-02 07:30:00
1772437500,1.17152,1.17172,1.17036,1.17164,3236.0,2026-03-02 07:45:00
1772438400,1.17164,1.17233,1.17105,1.1715,3940.0,2026-03-02 08:00:00
1772439300,1.17151,1.17162,1.17018,1.17024,2863.0,2026-03-02 08:15:00
1772440200,1.17024,1.17137,1.16981,1.17116,2966.0,2026-03-02 08:30:00
1772441100,1.17118,1.17239,1.17106,1.17227,2542.0,2026-03-02 08:45:00
1772442000,1.17226,1.17398,1.1721,1.17398,2822.0,2026-03-02 09:00:00
1772442900,1.174,1.17437,1.17332,1.17372,2235.0,2026-03-02 09:15:00
1772443800,1.17372,1.17424,1.17339,1.17388,1786.0,2026-03-02 09:30:00
1772444700,1.17386,1.17396,1.17314,1.17332,2217.0,2026-03-02 09:45:00
1772445600,1.17331,1.17398,1.17328,1.17351,2140.0,2026-03-02 10:00:00
1772446500,1.1735,1.17473,1.17344,1.17456,1859.0,2026-03-02 10:15:00
1772447400,1.17456,1.17469,1.174,1.17455,1443.0,2026-03-02 10:30:00
1772448300,1.17457,1.17463,1.17351,1.17386,1767.0,2026-03-02 10:45:00
1772449200,1.17386,1.174,1.17321,1.17338,1500.0,2026-03-02 11:00:00
1772450100,1.1734,1.1734,1.17272,1.17273,1524.0,2026-03-02 11:15:00
1772451000,1.17272,1.17344,1.17263,1.17338,1332.0,2026-03-02 11:30:00
1772451900,1.17341,1.17413,1.1732,1.17333,1575.0,2026-03-02 11:45:00
1772452800,1.1733,1.1734,1.17248,1.17252,2307.0,2026-03-02 12:00:00
1772453700,1.17252,1.17264,1.17177,1.17198,2382.0,2026-03-02 12:15:00
1772454600,1.17196,1.17216,1.1713,1.17138,1948.0,2026-03-02 12:30:00
1772455500,1.17138,1.17146,1.17022,1.17038,2479.0,2026-03-02 12:45:00
1772456400,1.17037,1.171,1.1697,1.17056,3357.0,2026-03-02 13:00:00
1772457300,1.17056,1.17184,1.17054,1.1716,3410.0,2026-03-02 13:15:00
1772458200,1.17158,1.1716,1.17006,1.17024,2941.0,2026-03-02 13:30:00
1772459100,1.17024,1.17094,1.16952,1.16986,2630.0,2026-03-02 13:45:00
1772460000,1.16986,1.17114,1.16951,1.17034,3596.0,2026-03-02 14:00:00
1772460900,1.17034,1.17098,1.16984,1.17047,2656.0,2026-03-02 14:15:00
1772461800,1.17048,1.17194,1.1702,1.17175,4277.0,2026-03-02 14:30:00
1772462700,1.17174,1.1724,1.17141,1.17174,3944.0,2026-03-02 14:45:00
1772463600,1.17165,1.17165,1.17062,1.17062,5334.0,2026-03-02 15:00:00
1772464500,1.17062,1.17071,1.17011,1.17022,3537.0,2026-03-02 15:15:00
1772465400,1.17022,1.17054,1.16924,1.16962,3162.0,2026-03-02 15:30:00
1772466300,1.16961,1.16962,1.16799,1.168,3648.0,2026-03-02 15:45:00
1772467200,1.168,1.1681,1.16754,1.16788,2846.0,2026-03-02 16:00:00
1772468100,1.16788,1.16834,1.16719,1.16819,2863.0,2026-03-02 16:15:00
1772469000,1.1682,1.16874,1.16744,1.16852,3356.0,2026-03-02 16:30:00
1772469900,1.16852,1.16944,1.16847,1.16896,2539.0,2026-03-02 16:45:00
1772470800,1.16897,1.16993,1.16868,1.16982,2071.0,2026-03-02 17:00:00
1772471700,1.16984,1.17044,1.16961,1.16991,2021.0,2026-03-02 17:15:00
1772472600,1.16992,1.17,1.16942,1.16982,1879.0,2026-03-02 17:30:00
1772473500,1.16983,1.17078,1.16948,1.17072,1562.0,2026-03-02 17:45:00
1772474400,1.17072,1.17074,1.16972,1.17021,1715.0,2026-03-02 18:00:00
1772475300,1.1702,1.1703,1.16922,1.16933,1436.0,2026-03-02 18:15:00
1772476200,1.16932,1.16957,1.16869,1.16876,1397.0,2026-03-02 18:30:00
1772477100,1.16875,1.1696,1.16874,1.16946,1295.0,2026-03-02 18:45:00
1772478000,1.16944,1.17028,1.1694,1.17022,1698.0,2026-03-02 19:00:00
1772478900,1.17023,1.17086,1.17014,1.17086,1296.0,2026-03-02 19:15:00
1772479800,1.17084,1.17128,1.17066,1.17108,1253.0,2026-03-02 19:30:00
1772480700,1.1711,1.17134,1.17096,1.17112,1070.0,2026-03-02 19:45:00
1772481600,1.17113,1.17132,1.16793,1.16802,4075.0,2026-03-02 20:00:00
1772482500,1.16802,1.16898,1.16786,1.16813,4421.0,2026-03-02 20:15:00
1772483400,1.16814,1.16924,1.16789,1.16918,2382.0,2026-03-02 20:30:00
1772484300,1.16918,1.16929,1.1686,1.16903,1822.0,2026-03-02 20:45:00
1772485200,1.16902,1.16946,1.1689,1.16922,901.0,2026-03-02 21:00:00
1772486100,1.16924,1.16954,1.16913,1.1694,489.0,2026-03-02 21:15:00
1772487000,1.16939,1.16939,1.16908,1.16924,454.0,2026-03-02 21:30:00
1772487900,1.16925,1.16928,1.16898,1.169,460.0,2026-03-02 21:45:00
1772488800,1.16868,1.16875,1.16854,1.16874,77.0,2026-03-02 22:00:00
1772489700,1.16872,1.16905,1.16872,1.16896,181.0,2026-03-02 22:15:00
1772490600,1.16896,1.16928,1.1688,1.16902,329.0,2026-03-02 22:30:00
1772491500,1.16902,1.16904,1.16875,1.16878,207.0,2026-03-02 22:45:00
1772492400,1.16876,1.16954,1.16876,1.16948,502.0,2026-03-02 23:00:00
1772493300,1.16949,1.16984,1.16948,1.1697,242.0,2026-03-02 23:15:00
1772494200,1.1697,1.16979,1.16959,1.16968,684.0,2026-03-02 23:30:00
1772495100,1.16968,1.16982,1.16944,1.16948,604.0,2026-03-02 23:45:00
1772496000,1.16949,1.1695,1.16888,1.16902,1104.0,2026-03-03 00:00:00
1772496900,1.16901,1.16928,1.16883,1.16914,1110.0,2026-03-03 00:15:00
1772497800,1.16915,1.16918,1.16864,1.16906,892.0,2026-03-03 00:30:00
1772498700,1.16905,1.16958,1.16904,1.16953,1048.0,2026-03-03 00:45:00
1772499600,1.16954,1.16974,1.16924,1.1697,1564.0,2026-03-03 01:00:00
1772500500,1.1697,1.1707,1.16958,1.17028,2121.0,2026-03-03 01:15:00
1772501400,1.17028,1.17067,1.17,1.17003,1648.0,2026-03-03 01:30:00
1772502300,1.17004,1.17028,1.16968,1.16969,1935.0,2026-03-03 01:45:00
1772503200,1.16968,1.16968,1.16898,1.16915,2420.0,2026-03-03 02:00:00
1772504100,1.16914,1.16954,1.1686,1.16944,1875.0,2026-03-03 02:15:00
1772505000,1.16944,1.1699,1.16924,1.16953,1603.0,2026-03-03 02:30:00
1772505900,1.16954,1.1697,1.16937,1.16944,991.0,2026-03-03 02:45:00
1772506800,1.16945,1.16978,1.16902,1.16909,1203.0,2026-03-03 03:00:00
1772507700,1.16908,1.16932,1.16868,1.16871,1128.0,2026-03-03 03:15:00
1772508600,1.1687,1.1694,1.16864,1.16934,1447.0,2026-03-03 03:30:00
1772509500,1.16934,1.1694,1.16897,1.16904,961.0,2026-03-03 03:45:00
1772510400,1.16906,1.16936,1.16884,1.16892,946.0,2026-03-03 04:00:00
1772511300,1.16892,1.16933,1.16878,1.16902,970.0,2026-03-03 04:15:00
1772512200,1.16903,1.16916,1.16862,1.16863,1016.0,2026-03-03 04:30:00
1772513100,1.16864,1.16868,1.16793,1.16811,1237.0,2026-03-03 04:45:00
1772514000,1.16811,1.1685,1.1679,1.16794,1287.0,2026-03-03 05:00:00
1772514900,1.16796,1.16821,1.16757,1.16804,1659.0,2026-03-03 05:15:00
1772515800,1.16804,1.16816,1.16671,1.16694,2152.0,2026-03-03 05:30:00
1772516700,1.16692,1.16702,1.16652,1.16667,1984.0,2026-03-03 05:45:00
1772517600,1.1667,1.16678,1.16622,1.16651,2165.0,2026-03-03 06:00:00
1772518500,1.16653,1.16706,1.16647,1.16684,1637.0,2026-03-03 06:15:00
1772519400,1.16684,1.16694,1.1662,1.16658,1865.0,2026-03-03 06:30:00
1772520300,1.16659,1.16716,1.1664,1.16692,1557.0,2026-03-03 06:45:00
1772521200,1.16692,1.16692,1.16582,1.16624,2100.0,2026-03-03 07:00:00
1772522100,1.16623,1.16686,1.1655,1.16573,2085.0,2026-03-03 07:15:00
1772523000,1.16572,1.16574,1.16452,1.16532,2740.0,2026-03-03 07:30:00
1772523900,1.16532,1.16574,1.16426,1.16437,2765.0,2026-03-03 07:45:00
1772524800,1.16439,1.16462,1.16322,1.16332,3962.0,2026-03-03 08:00:00
1772525700,1.16332,1.16373,1.16292,1.16294,3612.0,2026-03-03 08:15:00
1772526600,1.16293,1.16384,1.16212,1.16238,3915.0,2026-03-03 08:30:00
1772527500,1.16237,1.1628,1.16179,1.1623,3576.0,2026-03-03 08:45:00
1772528400,1.1623,1.16292,1.162,1.16284,3948.0,2026-03-03 09:00:00
1772529300,1.16284,1.16289,1.16118,1.16159,3621.0,2026-03-03 09:15:00
1772530200,1.16158,1.1617,1.1606,1.16062,3174.0,2026-03-03 09:30:00
1772531100,1.16065,1.16086,1.15986,1.16055,3780.0,2026-03-03 09:45:00
1772532000,1.16054,1.16129,1.16002,1.16018,2797.0,2026-03-03 10:00:00
1772532900,1.16018,1.1609,1.15997,1.16022,3039.0,2026-03-03 10:15:00
1772533800,1.16024,1.16044,1.15892,1.15992,3602.0,2026-03-03 10:30:00
1772534700,1.15991,1.1605,1.1591,1.1592,3320.0,2026-03-03 10:45:00
1772535600,1.15919,1.16002,1.15852,1.15868,3980.0,2026-03-03 11:00:00
1772536500,1.15868,1.15919,1.1582,1.15833,3411.0,2026-03-03 11:15:00
1772537400,1.15834,1.15966,1.15829,1.15946,3352.0,2026-03-03 11:30:00
1772538300,1.15946,1.16034,1.15944,1.15972,2976.0,2026-03-03 11:45:00
1772539200,1.15972,1.16035,1.15902,1.15994,3171.0,2026-03-03 12:00:00
1772540100,1.15991,1.16126,1.15953,1.16032,3900.0,2026-03-03 12:15:00
1772541000,1.16033,1.16106,1.16028,1.16074,2826.0,2026-03-03 12:30:00
1772541900,1.16075,1.16154,1.16056,1.1613,3071.0,2026-03-03 12:45:00
1772542800,1.16128,1.16152,1.16035,1.16042,3714.0,2026-03-03 13:00:00
1772543700,1.16042,1.16042,1.1599,1.16005,2583.0,2026-03-03 13:15:00
1772544600,1.16004,1.16054,1.15952,1.15994,2922.0,2026-03-03 13:30:00
1772545500,1.15994,1.16043,1.159,1.15906,3055.0,2026-03-03 13:45:00
1772546400,1.15905,1.15996,1.15838,1.15848,3449.0,2026-03-03 14:00:00
1772547300,1.1585,1.15858,1.15672,1.15756,4262.0,2026-03-03 14:15:00
1772548200,1.15756,1.15856,1.15698,1.15719,5513.0,2026-03-03 14:30:00
1772549100,1.15718,1.15792,1.1565,1.15675,4787.0,2026-03-03 14:45:00
1772550000,1.15674,1.15732,1.15434,1.1549,7071.0,2026-03-03 15:00:00
1772550900,1.1549,1.1556,1.15303,1.15524,7836.0,2026-03-03 15:15:00
1772551800,1.15523,1.15852,1.15513,1.15747,7645.0,2026-03-03 15:30:00
1772552700,1.15746,1.15806,1.15705,1.15728,6465.0,2026-03-03 15:45:00
1772553600,1.15729,1.15906,1.15693,1.15894,5379.0,2026-03-03 16:00:00
1772554500,1.15894,1.15959,1.15851,1.15871,4843.0,2026-03-03 16:15:00
1772555400,1.1587,1.1593,1.15791,1.15918,6530.0,2026-03-03 16:30:00
1772556300,1.15916,1.16062,1.1591,1.16031,6622.0,2026-03-03 16:45:00
1772557200,1.1603,1.16034,1.15886,1.1591,4955.0,2026-03-03 17:00:00
1772558100,1.15912,1.15992,1.15868,1.15976,4102.0,2026-03-03 17:15:00
1772559000,1.15976,1.15987,1.15884,1.15939,3409.0,2026-03-03 17:30:00
1772559900,1.15938,1.1603,1.15886,1.15905,3106.0,2026-03-03 17:45:00
1772560800,1.15904,1.16065,1.15899,1.16033,2949.0,2026-03-03 18:00:00
1772561700,1.16035,1.1608,1.16012,1.16047,2533.0,2026-03-03 18:15:00
1772562600,1.16046,1.16222,1.16035,1.16176,3479.0,2026-03-03 18:30:00
1772563500,1.16173,1.16209,1.16129,1.16157,2434.0,2026-03-03 18:45:00
1772564400,1.16156,1.16188,1.16054,1.16092,2194.0,2026-03-03 19:00:00
1772565300,1.16091,1.16103,1.16022,1.16031,1965.0,2026-03-03 19:15:00
1772566200,1.1603,1.16259,1.16,1.1622,5666.0,2026-03-03 19:30:00
1772567100,1.1622,1.16246,1.16118,1.16126,4578.0,2026-03-03 19:45:00
1772568000,1.16126,1.16222,1.16113,1.162,3004.0,2026-03-03 20:00:00
1772568900,1.162,1.16242,1.16158,1.16218,2214.0,2026-03-03 20:15:00
1772569800,1.16218,1.16246,1.16168,1.16194,1714.0,2026-03-03 20:30:00
1772570700,1.16194,1.16202,1.16134,1.16177,1910.0,2026-03-03 20:45:00
1772571600,1.16176,1.16182,1.16136,1.16144,1135.0,2026-03-03 21:00:00
1772572500,1.16144,1.16157,1.1612,1.16144,612.0,2026-03-03 21:15:00
1772573400,1.16142,1.16152,1.16124,1.1613,505.0,2026-03-03 21:30:00
1772574300,1.16132,1.16142,1.16099,1.16124,1021.0,2026-03-03 21:45:00
1772575200,1.1613,1.16158,1.16118,1.16126,85.0,2026-03-03 22:00:00
1772576100,1.16128,1.16168,1.16112,1.1613,527.0,2026-03-03 22:15:00
1772577000,1.16132,1.16133,1.16112,1.16124,974.0,2026-03-03 22:30:00
1772577900,1.16124,1.16134,1.16116,1.16128,818.0,2026-03-03 22:45:00
1772578800,1.16128,1.16194,1.16103,1.16192,852.0,2026-03-03 23:00:00
1772579700,1.16195,1.16205,1.16158,1.16167,830.0,2026-03-03 23:15:00
1772580600,1.16168,1.16172,1.16124,1.16127,437.0,2026-03-03 23:30:00
1772581500,1.16125,1.16128,1.16089,1.16108,914.0,2026-03-03 23:45:00
1772582400,1.16109,1.16112,1.16028,1.16064,2233.0,2026-03-04 00:00:00
1772583300,1.16064,1.16104,1.16016,1.16046,2216.0,2026-03-04 00:15:00
1772584200,1.16046,1.16082,1.15943,1.15944,2219.0,2026-03-04 00:30:00
1772585100,1.15943,1.15967,1.15923,1.15929,1721.0,2026-03-04 00:45:00
1772586000,1.1593,1.15978,1.159,1.15934,2231.0,2026-03-04 01:00:00
1772586900,1.15934,1.15934,1.15748,1.15803,2890.0,2026-03-04 01:15:00
1772587800,1.15802,1.15949,1.15768,1.1594,3056.0,2026-03-04 01:30:00
1772588700,1.15939,1.15957,1.15911,1.15938,2071.0,2026-03-04 01:45:00
1772589600,1.15939,1.15996,1.15914,1.1597,2391.0,2026-03-04 02:00:00
1772590500,1.1597,1.16004,1.15948,1.15978,1902.0,2026-03-04 02:15:00
1772591400,1.1598,1.16013,1.15938,1.16004,2423.0,2026-03-04 02:30:00
1772592300,1.16006,1.16044,1.15977,1.1598,2001.0,2026-03-04 02:45:00
1772593200,1.15982,1.16,1.15953,1.15998,1444.0,2026-03-04 03:00:00
1772594100,1.15996,1.1603,1.15986,1.15998,1222.0,2026-03-04 03:15:00
1772595000,1.15998,1.1604,1.15982,1.16024,1555.0,2026-03-04 03:30:00
1772595900,1.16024,1.16094,1.1602,1.16086,1316.0,2026-03-04 03:45:00
1772596800,1.16087,1.16104,1.16068,1.16088,1198.0,2026-03-04 04:00:00
1772597700,1.1609,1.16101,1.1604,1.16042,1161.0,2026-03-04 04:15:00
1772598600,1.16042,1.16044,1.15954,1.15972,1639.0,2026-03-04 04:30:00
1772599500,1.15973,1.1598,1.15902,1.1593,1528.0,2026-03-04 04:45:00
1772600400,1.15932,1.1599,1.15919,1.15966,1690.0,2026-03-04 05:00:00
1772601300,1.15966,1.1599,1.15898,1.15918,1460.0,2026-03-04 05:15:00
1772602200,1.15918,1.15923,1.1588,1.15884,1633.0,2026-03-04 05:30:00
1772603100,1.15884,1.1597,1.1587,1.15952,1735.0,2026-03-04 05:45:00
1772604000,1.15952,1.1597,1.15898,1.15951,1801.0,2026-03-04 06:00:00
1772604900,1.15949,1.16074,1.15942,1.16058,2018.0,2026-03-04 06:15:00
1772605800,1.16059,1.16178,1.16058,1.16152,2189.0,2026-03-04 06:30:00
1772606700,1.16154,1.16162,1.16106,1.16108,1597.0,2026-03-04 06:45:00
1772607600,1.16108,1.16199,1.16108,1.16166,2507.0,2026-03-04 07:00:00
1772608500,1.16166,1.16232,1.16128,1.1621,1946.0,2026-03-04 07:15:00
1772609400,1.16212,1.16282,1.16204,1.16241,2680.0,2026-03-04 07:30:00
1772610300,1.16242,1.16256,1.16159,1.1616,2224.0,2026-03-04 07:45:00
1772611200,1.16159,1.1617,1.16036,1.1609,3176.0,2026-03-04 08:00:00
1772612100,1.1609,1.16094,1.15988,1.15989,3050.0,2026-03-04 08:15:00
1772613000,1.15989,1.16063,1.1596,1.15994,2641.0,2026-03-04 08:30:00
1772613900,1.15994,1.1606,1.15951,1.15996,2551.0,2026-03-04 08:45:00
1772614800,1.15996,1.16084,1.1592,1.1607,2859.0,2026-03-04 09:00:00
1772615700,1.16071,1.16185,1.16068,1.16142,2882.0,2026-03-04 09:15:00
1772616600,1.1614,1.16176,1.16122,1.16147,2244.0,2026-03-04 09:30:00
1772617500,1.16146,1.16201,1.16066,1.16086,2345.0,2026-03-04 09:45:00
1772618400,1.16086,1.16473,1.16086,1.16394,7523.0,2026-03-04 10:00:00
1772619300,1.16394,1.16416,1.16292,1.16361,5217.0,2026-03-04 10:15:00
1772620200,1.16362,1.16388,1.16257,1.16346,3219.0,2026-03-04 10:30:00
1772621100,1.16347,1.16406,1.16304,1.16344,2571.0,2026-03-04 10:45:00
1772622000,1.16343,1.16454,1.16326,1.16452,2405.0,2026-03-04 11:00:00
1772622900,1.16452,1.16549,1.16434,1.16444,2528.0,2026-03-04 11:15:00
1772623800,1.16444,1.16456,1.16348,1.1635,2411.0,2026-03-04 11:30:00
1772624700,1.1635,1.16388,1.16309,1.16352,1510.0,2026-03-04 11:45:00
1772625600,1.16352,1.16478,1.16342,1.16478,2187.0,2026-03-04 12:00:00
1772626500,1.16477,1.16487,1.16319,1.16321,2277.0,2026-03-04 12:15:00
1772627400,1.1632,1.16374,1.16308,1.16366,2007.0,2026-03-04 12:30:00
1772628300,1.16366,1.16386,1.1626,1.16304,2322.0,2026-03-04 12:45:00
1772629200,1.16304,1.16522,1.16304,1.16476,3223.0,2026-03-04 13:00:00
1772630100,1.16474,1.16487,1.16366,1.1641,3124.0,2026-03-04 13:15:00
1772631000,1.1641,1.1646,1.16376,1.16388,2702.0,2026-03-04 13:30:00
1772631900,1.16386,1.16413,1.16305,1.16311,3313.0,2026-03-04 13:45:00
1772632800,1.1631,1.16378,1.16269,1.16286,2844.0,2026-03-04 14:00:00
1772633700,1.16288,1.16413,1.16282,1.16346,2878.0,2026-03-04 14:15:00
1772634600,1.16346,1.16384,1.16214,1.16274,6101.0,2026-03-04 14:30:00
1772635500,1.16274,1.16297,1.16206,1.16256,4535.0,2026-03-04 14:45:00
1772636400,1.16251,1.16282,1.16165,1.16218,5152.0,2026-03-04 15:00:00
1772637300,1.16218,1.16398,1.16204,1.16387,3442.0,2026-03-04 15:15:00
1772638200,1.16386,1.16398,1.16312,1.1635,3261.0,2026-03-04 15:30:00
1772639100,1.16346,1.16404,1.16316,1.16403,3144.0,2026-03-04 15:45:00
1772640000,1.16402,1.16462,1.16388,1.16403,2961.0,2026-03-04 16:00:00
1772640900,1.16403,1.16412,1.16284,1.16321,2119.0,2026-03-04 16:15:00
1772641800,1.16324,1.16418,1.16298,1.1639,2446.0,2026-03-04 16:30:00
1772642700,1.16387,1.16398,1.16353,1.16372,1683.0,2026-03-04 16:45:00
1772643600,1.16372,1.16436,1.1633,1.16343,1620.0,2026-03-04 17:00:00
1772644500,1.16343,1.16378,1.1628,1.16287,2211.0,2026-03-04 17:15:00
1772645400,1.16288,1.16306,1.16264,1.1628,1850.0,2026-03-04 17:30:00
1772646300,1.16282,1.16349,1.16281,1.16331,1225.0,2026-03-04 17:45:00
1772647200,1.16332,1.16335,1.16271,1.16284,1421.0,2026-03-04 18:00:00
1772648100,1.16284,1.16284,1.16236,1.16255,1104.0,2026-03-04 18:15:00
1772649000,1.16256,1.16282,1.16246,1.16264,1263.0,2026-03-04 18:30:00
1772649900,1.16266,1.16289,1.16234,1.16245,1261.0,2026-03-04 18:45:00
1772650800,1.16246,1.16296,1.16246,1.16274,995.0,2026-03-04 19:00:00
1772651700,1.16275,1.16339,1.16275,1.16338,942.0,2026-03-04 19:15:00
1772652600,1.16337,1.16346,1.16306,1.16316,1046.0,2026-03-04 19:30:00
1772653500,1.16317,1.16412,1.16306,1.16398,1526.0,2026-03-04 19:45:00
1772654400,1.16398,1.16414,1.16388,1.16405,921.0,2026-03-04 20:00:00
1772655300,1.16404,1.16413,1.16384,1.16409,781.0,2026-03-04 20:15:00
1772656200,1.16408,1.16438,1.16396,1.16432,832.0,2026-03-04 20:30:00
1772657100,1.16431,1.16434,1.164,1.16404,1161.0,2026-03-04 20:45:00
1772658000,1.16403,1.16409,1.16372,1.16397,761.0,2026-03-04 21:00:00
1772658900,1.16399,1.16418,1.16388,1.16401,405.0,2026-03-04 21:15:00
1772659800,1.16402,1.16402,1.16352,1.16355,454.0,2026-03-04 21:30:00
1772660700,1.16356,1.1637,1.16342,1.16354,574.0,2026-03-04 21:45:00
1772661600,1.16304,1.16316,1.16287,1.16305,254.0,2026-03-04 22:00:00
1772662500,1.1631,1.16338,1.1631,1.16338,161.0,2026-03-04 22:15:00
1772663400,1.16336,1.16338,1.16332,1.16333,170.0,2026-03-04 22:30:00
1772664300,1.16334,1.16348,1.16332,1.16347,143.0,2026-03-04 22:45:00
1772665200,1.16346,1.16395,1.16345,1.16354,336.0,2026-03-04 23:00:00
1772666100,1.16352,1.16368,1.16352,1.16366,220.0,2026-03-04 23:15:00
1772667000,1.16368,1.1637,1.16338,1.16352,233.0,2026-03-04 23:30:00
1772667900,1.16352,1.16361,1.16341,1.16348,433.0,2026-03-04 23:45:00
1772668800,1.16348,1.16376,1.1632,1.16374,1041.0,2026-03-05 00:00:00
1772669700,1.16374,1.16442,1.16366,1.1643,890.0,2026-03-05 00:15:00
1772670600,1.16429,1.16454,1.16396,1.1644,889.0,2026-03-05 00:30:00
1772671500,1.16439,1.16453,1.16418,1.1645,1187.0,2026-03-05 00:45:00
1772672400,1.16452,1.16452,1.16373,1.16412,1962.0,2026-03-05 01:00:00
1772673300,1.16412,1.1647,1.16412,1.16469,2099.0,2026-03-05 01:15:00
1772674200,1.1647,1.16474,1.16312,1.16326,2718.0,2026-03-05 01:30:00
1772675100,1.16326,1.1633,1.16271,1.16282,1926.0,2026-03-05 01:45:00
1772676000,1.16282,1.16314,1.16272,1.16297,1754.0,2026-03-05 02:00:00
1772676900,1.16298,1.16318,1.16225,1.16268,1451.0,2026-03-05 02:15:00
1772677800,1.16268,1.16282,1.16224,1.16278,1457.0,2026-03-05 02:30:00
1772678700,1.1628,1.16306,1.16244,1.16258,1283.0,2026-03-05 02:45:00
1772679600,1.16257,1.16276,1.16196,1.16206,1356.0,2026-03-05 03:00:00
1772680500,1.16206,1.16213,1.16122,1.16143,1393.0,2026-03-05 03:15:00
1772681400,1.16144,1.16162,1.161,1.1614,1448.0,2026-03-05 03:30:00
1772682300,1.16141,1.16156,1.16111,1.16134,1093.0,2026-03-05 03:45:00
1772683200,1.16132,1.16148,1.16094,1.16132,991.0,2026-03-05 04:00:00
1772684100,1.16134,1.16137,1.16072,1.16072,1009.0,2026-03-05 04:15:00
1772685000,1.16072,1.16103,1.16064,1.1608,927.0,2026-03-05 04:30:00
1772685900,1.1608,1.16099,1.16055,1.16085,1015.0,2026-03-05 04:45:00
1772686800,1.16084,1.16129,1.16068,1.16106,1235.0,2026-03-05 05:00:00
1772687700,1.16106,1.16139,1.16084,1.16116,1081.0,2026-03-05 05:15:00
1772688600,1.16117,1.16119,1.16039,1.16062,1311.0,2026-03-05 05:30:00
1772689500,1.1606,1.16062,1.1594,1.15945,1682.0,2026-03-05 05:45:00
1772690400,1.15944,1.15956,1.15882,1.15896,2132.0,2026-03-05 06:00:00
1772691300,1.15898,1.15958,1.15876,1.15948,1626.0,2026-03-05 06:15:00
1772692200,1.15948,1.16008,1.15928,1.15996,1554.0,2026-03-05 06:30:00
1772693100,1.15996,1.16164,1.15956,1.1607,4446.0,2026-03-05 06:45:00
1772694000,1.1607,1.1612,1.16024,1.16037,2579.0,2026-03-05 07:00:00
1772694900,1.16038,1.16092,1.15992,1.16084,2065.0,2026-03-05 07:15:00
1772695800,1.16084,1.16162,1.16073,1.16132,1999.0,2026-03-05 07:30:00
1772696700,1.16131,1.16131,1.16013,1.16048,2435.0,2026-03-05 07:45:00
1772697600,1.16048,1.16049,1.15893,1.15914,4233.0,2026-03-05 08:00:00
1772698500,1.15914,1.15978,1.15824,1.15832,3505.0,2026-03-05 08:15:00
1772699400,1.15831,1.15946,1.15816,1.1594,2520.0,2026-03-05 08:30:00
1772700300,1.15942,1.16006,1.15934,1.15988,2117.0,2026-03-05 08:45:00
1772701200,1.15986,1.16447,1.15966,1.16412,9405.0,2026-03-05 09:00:00
1772702100,1.16411,1.16425,1.16242,1.16271,7411.0,2026-03-05 09:15:00
1772703000,1.1627,1.1627,1.16144,1.16214,4666.0,2026-03-05 09:30:00
1772703900,1.16215,1.16242,1.16152,1.16226,3569.0,2026-03-05 09:45:00
1772704800,1.16226,1.16317,1.1622,1.16238,2847.0,2026-03-05 10:00:00
1772705700,1.1624,1.16248,1.16188,1.16208,1879.0,2026-03-05 10:15:00
1772706600,1.16209,1.16214,1.1607,1.16092,1932.0,2026-03-05 10:30:00
1772707500,1.16094,1.16143,1.16062,1.1611,1897.0,2026-03-05 10:45:00
1772708400,1.16111,1.16172,1.16064,1.16144,2513.0,2026-03-05 11:00:00
1772709300,1.16142,1.16166,1.16066,1.1609,1518.0,2026-03-05 11:15:00
1772710200,1.16088,1.16108,1.16038,1.1606,1385.0,2026-03-05 11:30:00
1772711100,1.16059,1.16124,1.16057,1.16115,1625.0,2026-03-05 11:45:00
1772712000,1.16115,1.16128,1.16074,1.16088,1631.0,2026-03-05 12:00:00
1772712900,1.16089,1.16242,1.16086,1.16171,2087.0,2026-03-05 12:15:00
1772713800,1.1617,1.1625,1.16158,1.16198,1947.0,2026-03-05 12:30:00
1772714700,1.16196,1.16222,1.16092,1.16206,2330.0,2026-03-05 12:45:00
1772715600,1.16204,1.16244,1.16164,1.16224,2559.0,2026-03-05 13:00:00
1772716500,1.16225,1.16244,1.16114,1.16135,2406.0,2026-03-05 13:15:00
1772717400,1.16136,1.16138,1.1598,1.15984,3382.0,2026-03-05 13:30:00
1772718300,1.15984,1.16004,1.15896,1.15974,3159.0,2026-03-05 13:45:00
1772719200,1.15973,1.1609,1.15964,1.16004,3710.0,2026-03-05 14:00:00
1772720100,1.16003,1.16036,1.15974,1.16004,2638.0,2026-03-05 14:15:00
1772721000,1.16006,1.16076,1.15934,1.15952,4110.0,2026-03-05 14:30:00
1772721900,1.15952,1.16062,1.15924,1.16028,4539.0,2026-03-05 14:45:00
1772722800,1.16028,1.16092,1.15956,1.1601,4273.0,2026-03-05 15:00:00
1772723700,1.1601,1.16028,1.15776,1.15804,4561.0,2026-03-05 15:15:00
1772724600,1.15804,1.15827,1.15692,1.15728,4142.0,2026-03-05 15:30:00
1772725500,1.15729,1.1585,1.15711,1.15832,4109.0,2026-03-05 15:45:00
1772726400,1.1583,1.15868,1.15658,1.15744,4102.0,2026-03-05 16:00:00
1772727300,1.15743,1.15751,1.1559,1.15611,3934.0,2026-03-05 16:15:00
1772728200,1.1561,1.15814,1.15598,1.15798,4000.0,2026-03-05 16:30:00
1772729100,1.158,1.15838,1.15718,1.15838,3110.0,2026-03-05 16:45:00
1772730000,1.15838,1.15876,1.1575,1.1578,3643.0,2026-03-05 17:00:00
1772730900,1.1578,1.1589,1.15759,1.15804,3648.0,2026-03-05 17:15:00
1772731800,1.15803,1.1592,1.15726,1.15851,5705.0,2026-03-05 17:30:00
1772732700,1.15852,1.15895,1.15783,1.1588,3830.0,2026-03-05 17:45:00
1772733600,1.1588,1.15898,1.15818,1.1585,3554.0,2026-03-05 18:00:00
1772734500,1.15849,1.15859,1.15712,1.1583,3779.0,2026-03-05 18:15:00
1772735400,1.15828,1.15916,1.15825,1.15904,3255.0,2026-03-05 18:30:00
1772736300,1.15906,1.15907,1.15818,1.15859,2454.0,2026-03-05 18:45:00
1772737200,1.15858,1.1588,1.15831,1.15852,2656.0,2026-03-05 19:00:00
1772738100,1.15852,1.15856,1.15764,1.15784,2267.0,2026-03-05 19:15:00
1772739000,1.15783,1.15785,1.15714,1.15769,2591.0,2026-03-05 19:30:00
1772739900,1.15768,1.1578,1.15701,1.1573,2253.0,2026-03-05 19:45:00
1772740800,1.1573,1.16028,1.15704,1.16022,5366.0,2026-03-05 20:00:00
1772741700,1.16023,1.16103,1.15952,1.16042,4729.0,2026-03-05 20:15:00
1772742600,1.1604,1.16094,1.16008,1.16046,3845.0,2026-03-05 20:30:00
1772743500,1.16047,1.16082,1.15996,1.16046,2786.0,2026-03-05 20:45:00
1772744400,1.16046,1.16104,1.16032,1.16065,1436.0,2026-03-05 21:00:00
1772745300,1.16064,1.16066,1.16026,1.1606,652.0,2026-03-05 21:15:00
1772746200,1.16059,1.16075,1.16018,1.16048,689.0,2026-03-05 21:30:00
1772747100,1.16046,1.1609,1.1603,1.16086,703.0,2026-03-05 21:45:00
1772748000,1.16088,1.16092,1.16081,1.16083,262.0,2026-03-05 22:00:00
1772748900,1.16084,1.16102,1.16082,1.16087,116.0,2026-03-05 22:15:00
1772749800,1.16088,1.16094,1.16079,1.16082,77.0,2026-03-05 22:30:00
1772750700,1.16083,1.1609,1.1608,1.16085,97.0,2026-03-05 22:45:00
1772751600,1.16082,1.16091,1.16034,1.1608,518.0,2026-03-05 23:00:00
1772752500,1.16079,1.16098,1.16066,1.16084,305.0,2026-03-05 23:15:00
1772753400,1.16086,1.16098,1.16075,1.16094,504.0,2026-03-05 23:30:00
1772754300,1.16095,1.16104,1.16066,1.16066,700.0,2026-03-05 23:45:00
1772755200,1.16066,1.16108,1.16054,1.16092,1329.0,2026-03-06 00:00:00
1772756100,1.16092,1.16144,1.16092,1.16134,1117.0,2026-03-06 00:15:00
1772757000,1.16136,1.16142,1.16092,1.1611,912.0,2026-03-06 00:30:00
1772757900,1.1611,1.16129,1.161,1.1611,973.0,2026-03-06 00:45:00
1772758800,1.16108,1.1616,1.1609,1.16156,1544.0,2026-03-06 01:00:00
1772759700,1.16156,1.16164,1.1607,1.16074,1281.0,2026-03-06 01:15:00
1772760600,1.16074,1.16184,1.16073,1.16149,2548.0,2026-03-06 01:30:00
1772761500,1.1615,1.16202,1.16132,1.16151,1590.0,2026-03-06 01:45:00
1772762400,1.1615,1.16194,1.16142,1.16176,1574.0,2026-03-06 02:00:00
1772763300,1.16176,1.16206,1.16173,1.16192,808.0,2026-03-06 02:15:00
1772764200,1.16192,1.16202,1.16162,1.1618,868.0,2026-03-06 02:30:00
1772765100,1.1618,1.16192,1.16152,1.16165,928.0,2026-03-06 02:45:00
1772766000,1.16162,1.162,1.16162,1.16175,911.0,2026-03-06 03:00:00
1772766900,1.16176,1.16208,1.16163,1.16194,773.0,2026-03-06 03:15:00
1772767800,1.16193,1.16199,1.16164,1.16174,701.0,2026-03-06 03:30:00
1772768700,1.16175,1.16208,1.1617,1.16202,548.0,2026-03-06 03:45:00
1772769600,1.16202,1.16204,1.16183,1.16194,730.0,2026-03-06 04:00:00
1772770500,1.16195,1.16208,1.16179,1.16202,563.0,2026-03-06 04:15:00
1772771400,1.16204,1.16212,1.16172,1.16179,1055.0,2026-03-06 04:30:00
1772772300,1.16178,1.1618,1.16132,1.16138,539.0,2026-03-06 04:45:00
1772773200,1.16137,1.16148,1.16119,1.1612,944.0,2026-03-06 05:00:00
1772774100,1.1612,1.16134,1.16106,1.16121,736.0,2026-03-06 05:15:00
1772775000,1.16122,1.16168,1.16098,1.16157,1110.0,2026-03-06 05:30:00
1772775900,1.16156,1.16158,1.16057,1.16064,1602.0,2026-03-06 05:45:00
1772776800,1.16064,1.1609,1.16019,1.16044,1322.0,2026-03-06 06:00:00
1772777700,1.16042,1.16086,1.16038,1.16057,919.0,2026-03-06 06:15:00
1772778600,1.16055,1.16092,1.16046,1.16063,960.0,2026-03-06 06:30:00
1772779500,1.16062,1.16121,1.16058,1.16118,1276.0,2026-03-06 06:45:00
1772780400,1.16117,1.16132,1.16064,1.16082,1241.0,2026-03-06 07:00:00
1772781300,1.16084,1.16183,1.16077,1.16116,1627.0,2026-03-06 07:15:00
1772782200,1.16114,1.1616,1.16094,1.16144,1553.0,2026-03-06 07:30:00
1772783100,1.16144,1.1616,1.1611,1.16146,1606.0,2026-03-06 07:45:00
1772784000,1.16147,1.16147,1.16038,1.16104,2737.0,2026-03-06 08:00:00
1772784900,1.16105,1.16136,1.16027,1.16038,2054.0,2026-03-06 08:15:00
1772785800,1.16038,1.16142,1.16033,1.16099,1717.0,2026-03-06 08:30:00
1772786700,1.16099,1.1612,1.16016,1.1603,1614.0,2026-03-06 08:45:00
1772787600,1.1603,1.1603,1.15902,1.15908,2350.0,2026-03-06 09:00:00
1772788500,1.15909,1.15922,1.15828,1.15834,2520.0,2026-03-06 09:15:00
1772789400,1.15834,1.15846,1.15754,1.15778,2777.0,2026-03-06 09:30:00
1772790300,1.15778,1.15802,1.15718,1.15744,2849.0,2026-03-06 09:45:00
1772791200,1.15743,1.15828,1.15728,1.1578,2157.0,2026-03-06 10:00:00
1772792100,1.15782,1.15852,1.15756,1.15806,1953.0,2026-03-06 10:15:00
1772793000,1.15805,1.1584,1.15768,1.1577,2221.0,2026-03-06 10:30:00
1772793900,1.1577,1.15838,1.15762,1.15785,1678.0,2026-03-06 10:45:00
1772794800,1.15784,1.15814,1.15663,1.15805,3204.0,2026-03-06 11:00:00
1772795700,1.15807,1.15811,1.15743,1.15782,1976.0,2026-03-06 11:15:00
1772796600,1.15782,1.15784,1.15642,1.1566,2215.0,2026-03-06 11:30:00
1772797500,1.15659,1.15692,1.1561,1.15624,2688.0,2026-03-06 11:45:00
1772798400,1.15626,1.15652,1.15522,1.15528,2996.0,2026-03-06 12:00:00
1772799300,1.15528,1.15641,1.15528,1.15626,2420.0,2026-03-06 12:15:00
1772800200,1.15624,1.15688,1.15607,1.1565,2526.0,2026-03-06 12:30:00
1772801100,1.15648,1.15669,1.15542,1.1555,2714.0,2026-03-06 12:45:00
1772802000,1.15548,1.15658,1.15546,1.15644,3193.0,2026-03-06 13:00:00
1772802900,1.15643,1.15677,1.15614,1.15652,2166.0,2026-03-06 13:15:00
1772803800,1.15644,1.15964,1.1564,1.159,11551.0,2026-03-06 13:30:00
1772804700,1.159,1.15906,1.15502,1.1555,10311.0,2026-03-06 13:45:00
1772805600,1.1555,1.15631,1.15464,1.15568,6372.0,2026-03-06 14:00:00
1772806500,1.15566,1.15591,1.15461,1.15576,4154.0,2026-03-06 14:15:00
1772807400,1.15576,1.15705,1.1554,1.15664,7293.0,2026-03-06 14:30:00
1772808300,1.15663,1.15747,1.15629,1.1572,6332.0,2026-03-06 14:45:00
1772809200,1.15721,1.15928,1.15718,1.15898,8557.0,2026-03-06 15:00:00
1772810100,1.15898,1.1593,1.15724,1.15758,5657.0,2026-03-06 15:15:00
1772811000,1.1576,1.15856,1.15742,1.1578,5037.0,2026-03-06 15:30:00
1772811900,1.1578,1.15823,1.15704,1.15796,4175.0,2026-03-06 15:45:00
1772812800,1.15796,1.16,1.1579,1.15897,4412.0,2026-03-06 16:00:00
1772813700,1.15898,1.1607,1.15894,1.15972,4053.0,2026-03-06 16:15:00
1772814600,1.15973,1.16092,1.15946,1.16088,4302.0,2026-03-06 16:30:00
1772815500,1.16088,1.16131,1.16006,1.16056,4007.0,2026-03-06 16:45:00
1772816400,1.16056,1.16086,1.1596,1.15964,4162.0,2026-03-06 17:00:00
1772817300,1.15965,1.16096,1.15953,1.15954,4048.0,2026-03-06 17:15:00
1772818200,1.15953,1.16016,1.15946,1.15994,3212.0,2026-03-06 17:30:00
1772819100,1.15994,1.16057,1.15956,1.15956,3336.0,2026-03-06 17:45:00
1772820000,1.15958,1.16173,1.1595,1.16144,4405.0,2026-03-06 18:00:00
1772820900,1.16144,1.16214,1.16048,1.16062,4042.0,2026-03-06 18:15:00
1772821800,1.16062,1.16104,1.15998,1.16026,2851.0,2026-03-06 18:30:00
1772822700,1.16028,1.16044,1.1593,1.15986,2222.0,2026-03-06 18:45:00
1772823600,1.15988,1.16067,1.15968,1.16053,2066.0,2026-03-06 19:00:00
1772824500,1.16052,1.16092,1.16008,1.16062,2322.0,2026-03-06 19:15:00
1772825400,1.16063,1.16084,1.16021,1.16046,2051.0,2026-03-06 19:30:00
1772826300,1.16046,1.16096,1.16008,1.16014,1973.0,2026-03-06 19:45:00
1772827200,1.16014,1.16059,1.16014,1.16054,1816.0,2026-03-06 20:00:00
1772828100,1.16054,1.16054,1.15973,1.15987,1602.0,2026-03-06 20:15:00
1772829000,1.15986,1.16071,1.15956,1.16028,1974.0,2026-03-06 20:30:00
1772829900,1.16029,1.16099,1.16024,1.1606,1816.0,2026-03-06 20:45:00
1772830800,1.1606,1.16172,1.16052,1.16169,1716.0,2026-03-06 21:00:00
1772831700,1.16168,1.16182,1.16148,1.16161,1462.0,2026-03-06 21:15:00
1772832600,1.16162,1.16162,1.16112,1.16112,857.0,2026-03-06 21:30:00
1772833500,1.1611,1.16187,1.16072,1.16168,1630.0,2026-03-06 21:45:00
1773003600,1.1549,1.15574,1.15458,1.1555,237.0,2026-03-08 21:00:00
1773004500,1.1555,1.15569,1.15534,1.15546,281.0,2026-03-08 21:15:00
1773005400,1.15546,1.1556,1.15495,1.15502,564.0,2026-03-08 21:30:00
1773006300,1.15524,1.15534,1.1546,1.15475,325.0,2026-03-08 21:45:00
1773007200,1.15475,1.15528,1.15304,1.15306,3474.0,2026-03-08 22:00:00
1773008100,1.15309,1.1551,1.15258,1.15424,2899.0,2026-03-08 22:15:00
1773009000,1.15424,1.15452,1.15323,1.15323,2036.0,2026-03-08 22:30:00
1773009900,1.15324,1.15436,1.15318,1.1536,2680.0,2026-03-08 22:45:00
1773010800,1.15359,1.15402,1.15295,1.15334,2337.0,2026-03-08 23:00:00
1773011700,1.15333,1.15368,1.15272,1.15314,1878.0,2026-03-08 23:15:00
1773012600,1.15315,1.15366,1.15248,1.15278,2703.0,2026-03-08 23:30:00
1773013500,1.15278,1.1529,1.15213,1.15244,2274.0,2026-03-08 23:45:00
1773014400,1.15245,1.15282,1.15208,1.15228,3078.0,2026-03-09 00:00:00
1773015300,1.15228,1.15241,1.1518,1.15206,2654.0,2026-03-09 00:15:00
1773016200,1.15206,1.15316,1.15203,1.15247,2346.0,2026-03-09 00:30:00
1773017100,1.15248,1.1525,1.15162,1.15172,2453.0,2026-03-09 00:45:00
1773018000,1.15172,1.15191,1.15104,1.15148,4059.0,2026-03-09 01:00:00
1773018900,1.1515,1.15166,1.15086,1.15143,2125.0,2026-03-09 01:15:00
1773019800,1.15144,1.15239,1.15129,1.15174,2527.0,2026-03-09 01:30:00
1773020700,1.15174,1.15198,1.15072,1.15092,2800.0,2026-03-09 01:45:00
1773021600,1.15092,1.15212,1.15092,1.15148,3182.0,2026-03-09 02:00:00
1773022500,1.15148,1.15192,1.15084,1.1517,2915.0,2026-03-09 02:15:00
1773023400,1.1517,1.15282,1.15145,1.15265,2869.0,2026-03-09 02:30:00
1773024300,1.15262,1.15277,1.15219,1.15248,2603.0,2026-03-09 02:45:00
1773025200,1.15249,1.15289,1.15197,1.15221,2069.0,2026-03-09 03:00:00
1773026100,1.15222,1.15265,1.15201,1.15201,1682.0,2026-03-09 03:15:00
1773027000,1.152,1.15221,1.15127,1.15139,1831.0,2026-03-09 03:30:00
1773027900,1.15138,1.15183,1.15132,1.15168,1538.0,2026-03-09 03:45:00
1773028800,1.15168,1.15258,1.15161,1.15228,1695.0,2026-03-09 04:00:00
1773029700,1.15228,1.15253,1.15202,1.15225,1434.0,2026-03-09 04:15:00
1773030600,1.15224,1.15294,1.15212,1.15287,1349.0,2026-03-09 04:30:00
1773031500,1.15284,1.15296,1.15246,1.1526,1294.0,2026-03-09 04:45:00
1773032400,1.15259,1.15361,1.1524,1.1534,2004.0,2026-03-09 05:00:00
1773033300,1.1534,1.15608,1.15294,1.15559,5999.0,2026-03-09 05:15:00
1773034200,1.1556,1.15632,1.15451,1.15522,4282.0,2026-03-09 05:30:00
1773035100,1.15522,1.15716,1.15512,1.15676,3962.0,2026-03-09 05:45:00
1773036000,1.15676,1.15692,1.15556,1.15574,4094.0,2026-03-09 06:00:00
1773036900,1.15574,1.15614,1.15517,1.15537,3172.0,2026-03-09 06:15:00
1773037800,1.15538,1.15653,1.15538,1.15598,2879.0,2026-03-09 06:30:00
1773038700,1.15599,1.15602,1.15446,1.15447,3629.0,2026-03-09 06:45:00
1773039600,1.15448,1.1556,1.15354,1.15473,6022.0,2026-03-09 07:00:00
1773040500,1.15472,1.15519,1.15407,1.15514,4125.0,2026-03-09 07:15:00
1773041400,1.15514,1.15623,1.15488,1.15574,4033.0,2026-03-09 07:30:00
1773042300,1.15572,1.15652,1.1555,1.15636,3223.0,2026-03-09 07:45:00
1773043200,1.15638,1.15652,1.15493,1.15502,6169.0,2026-03-09 08:00:00
1773044100,1.15502,1.15502,1.15218,1.15222,4937.0,2026-03-09 08:15:00
1773045000,1.15222,1.15277,1.15154,1.1527,4228.0,2026-03-09 08:30:00
1773045900,1.1527,1.15358,1.152,1.15348,4420.0,2026-03-09 08:45:00
1773046800,1.15348,1.15444,1.1531,1.15428,4037.0,2026-03-09 09:00:00
1773047700,1.15426,1.15556,1.15402,1.15498,3961.0,2026-03-09 09:15:00
1773048600,1.15497,1.15732,1.1546,1.15556,7138.0,2026-03-09 09:30:00
1773049500,1.15556,1.15658,1.15534,1.15541,5875.0,2026-03-09 09:45:00
1773050400,1.15542,1.15619,1.1547,1.15492,4883.0,2026-03-09 10:00:00
1773051300,1.15492,1.15598,1.15469,1.15588,3387.0,2026-03-09 10:15:00
1773052200,1.15588,1.15636,1.15515,1.15632,4351.0,2026-03-09 10:30:00
1773053100,1.15632,1.1565,1.15514,1.15605,4105.0,2026-03-09 10:45:00
1773054000,1.15607,1.1568,1.15586,1.15674,3728.0,2026-03-09 11:00:00
1773054900,1.15674,1.15679,1.15576,1.15594,3118.0,2026-03-09 11:15:00
1773055800,1.15592,1.15654,1.15554,1.15562,2955.0,2026-03-09 11:30:00
1773056700,1.1556,1.15649,1.15552,1.15615,3179.0,2026-03-09 11:45:00
1773057600,1.15616,1.15685,1.15588,1.15627,3247.0,2026-03-09 12:00:00
1773058500,1.15626,1.15656,1.15589,1.15622,3333.0,2026-03-09 12:15:00
1773059400,1.15621,1.15648,1.15583,1.15604,3264.0,2026-03-09 12:30:00
1773060300,1.15604,1.1563,1.15502,1.15534,3311.0,2026-03-09 12:45:00
1773061200,1.15536,1.157,1.15525,1.15684,3903.0,2026-03-09 13:00:00
1773062100,1.15682,1.15784,1.15655,1.15777,3936.0,2026-03-09 13:15:00
1773063000,1.15778,1.15878,1.15738,1.15786,5819.0,2026-03-09 13:30:00
1773063900,1.15784,1.15827,1.15701,1.15759,6278.0,2026-03-09 13:45:00
1773064800,1.15758,1.15782,1.15474,1.15598,9798.0,2026-03-09 14:00:00
1773065700,1.15597,1.15685,1.15565,1.15644,7749.0,2026-03-09 14:15:00
1773066600,1.15644,1.1572,1.15606,1.15716,5929.0,2026-03-09 14:30:00
1773067500,1.15716,1.15768,1.15698,1.1573,5477.0,2026-03-09 14:45:00
1773068400,1.15732,1.15857,1.15722,1.15854,4980.0,2026-03-09 15:00:00
1773069300,1.15854,1.15888,1.15774,1.15864,4524.0,2026-03-09 15:15:00
1773070200,1.15864,1.15896,1.15812,1.15868,3975.0,2026-03-09 15:30:00
1773071100,1.15868,1.15938,1.15852,1.15916,3402.0,2026-03-09 15:45:00
1773072000,1.15916,1.15994,1.15904,1.15906,2904.0,2026-03-09 16:00:00
1773072900,1.15908,1.15941,1.15852,1.15908,3353.0,2026-03-09 16:15:00
1773073800,1.15908,1.15991,1.15907,1.15968,3230.0,2026-03-09 16:30:00
1773074700,1.15969,1.15992,1.15862,1.15876,2159.0,2026-03-09 16:45:00
1773075600,1.15876,1.15895,1.15834,1.15856,2370.0,2026-03-09 17:00:00
1773076500,1.15853,1.15859,1.15808,1.15836,2575.0,2026-03-09 17:15:00
1773077400,1.15836,1.15848,1.15811,1.15836,1916.0,2026-03-09 17:30:00
1773078300,1.15834,1.15872,1.15785,1.15788,1915.0,2026-03-09 17:45:00
1773079200,1.15789,1.15844,1.15778,1.15822,2154.0,2026-03-09 18:00:00
1773080100,1.15821,1.15834,1.15782,1.15812,1891.0,2026-03-09 18:15:00
1773081000,1.1581,1.1583,1.15774,1.15774,1353.0,2026-03-09 18:30:00
1773081900,1.15774,1.15813,1.1576,1.15765,1381.0,2026-03-09 18:45:00
1773082800,1.15766,1.15842,1.15753,1.15824,1179.0,2026-03-09 19:00:00
1773083700,1.15822,1.16208,1.15821,1.1618,10548.0,2026-03-09 19:15:00
1773084600,1.16182,1.16246,1.16077,1.16239,9366.0,2026-03-09 19:30:00
1773085500,1.1624,1.16339,1.16083,1.16091,6901.0,2026-03-09 19:45:00
1773086400,1.1609,1.16168,1.16088,1.16147,2131.0,2026-03-09 20:00:00
1773087300,1.16146,1.16198,1.16118,1.16181,1243.0,2026-03-09 20:15:00
1773088200,1.1618,1.16282,1.16147,1.16281,1407.0,2026-03-09 20:30:00
1773089100,1.16282,1.16378,1.16246,1.16372,1835.0,2026-03-09 20:45:00
1773090000,1.16365,1.16367,1.16334,1.16356,70.0,2026-03-09 21:00:00
1773090900,1.16356,1.16356,1.16343,1.16347,159.0,2026-03-09 21:15:00
1773091800,1.16345,1.16356,1.16334,1.16343,217.0,2026-03-09 21:30:00
1773092700,1.16344,1.16375,1.16342,1.16372,369.0,2026-03-09 21:45:00
1773093600,1.16376,1.16455,1.16322,1.16454,1698.0,2026-03-09 22:00:00
1773094500,1.16456,1.16458,1.16266,1.16294,1449.0,2026-03-09 22:15:00
1773095400,1.16294,1.16336,1.16227,1.16236,1341.0,2026-03-09 22:30:00
1773096300,1.16235,1.16305,1.16235,1.16294,1037.0,2026-03-09 22:45:00
1773097200,1.16296,1.16308,1.16224,1.1627,1735.0,2026-03-09 23:00:00
1773098100,1.1627,1.16316,1.16256,1.16274,986.0,2026-03-09 23:15:00
1773099000,1.16274,1.16274,1.16155,1.16161,1034.0,2026-03-09 23:30:00
1773099900,1.16162,1.16186,1.1615,1.16166,994.0,2026-03-09 23:45:00
1773100800,1.16166,1.16182,1.16116,1.16152,2434.0,2026-03-10 00:00:00
1773101700,1.16151,1.16281,1.16142,1.16281,2387.0,2026-03-10 00:15:00
1773102600,1.1628,1.16356,1.16236,1.16344,2492.0,2026-03-10 00:30:00
1773103500,1.16344,1.16346,1.1622,1.16264,2610.0,2026-03-10 00:45:00
1773104400,1.16262,1.1628,1.16218,1.16248,3761.0,2026-03-10 01:00:00
1773105300,1.16251,1.163,1.16146,1.16166,2740.0,2026-03-10 01:15:00
1773106200,1.16168,1.16185,1.16132,1.16151,2317.0,2026-03-10 01:30:00
1773107100,1.1615,1.16216,1.16118,1.162,2191.0,2026-03-10 01:45:00
1773108000,1.162,1.16227,1.16173,1.16226,1907.0,2026-03-10 02:00:00
1773108900,1.16226,1.1627,1.16208,1.16252,1514.0,2026-03-10 02:15:00
1773109800,1.16249,1.16257,1.16181,1.16196,1500.0,2026-03-10 02:30:00
1773110700,1.16196,1.16208,1.16118,1.16132,1747.0,2026-03-10 02:45:00
1773111600,1.16132,1.16156,1.161,1.16124,1648.0,2026-03-10 03:00:00
1773112500,1.16125,1.1615,1.16104,1.16105,1306.0,2026-03-10 03:15:00
1773113400,1.16104,1.1612,1.16098,1.16105,978.0,2026-03-10 03:30:00
1773114300,1.16106,1.16116,1.16079,1.16096,1379.0,2026-03-10 03:45:00
1773115200,1.16097,1.16124,1.1607,1.16124,1268.0,2026-03-10 04:00:00
1773116100,1.16123,1.16124,1.16101,1.16116,924.0,2026-03-10 04:15:00
1773117000,1.16115,1.16129,1.16102,1.16122,942.0,2026-03-10 04:30:00
1773117900,1.1612,1.16144,1.16107,1.16118,688.0,2026-03-10 04:45:00
1773118800,1.16118,1.16184,1.16117,1.16168,1289.0,2026-03-10 05:00:00
1773119700,1.16169,1.16202,1.16168,1.16186,988.0,2026-03-10 05:15:00
1773120600,1.16186,1.16192,1.16149,1.1615,759.0,2026-03-10 05:30:00
1773121500,1.1615,1.16204,1.16146,1.16204,1468.0,2026-03-10 05:45:00
1773122400,1.16204,1.16292,1.16204,1.16284,1416.0,2026-03-10 06:00:00
1773123300,1.16285,1.16307,1.16264,1.16285,1510.0,2026-03-10 06:15:00
1773124200,1.16284,1.16364,1.16273,1.16355,1696.0,2026-03-10 06:30:00
1773125100,1.16353,1.16376,1.16294,1.16325,1440.0,2026-03-10 06:45:00
1773126000,1.16325,1.16418,1.16287,1.16294,3248.0,2026-03-10 07:00:00
1773126900,1.1629,1.16462,1.16278,1.16452,2502.0,2026-03-10 07:15:00
1773127800,1.16454,1.1653,1.16419,1.16526,2331.0,2026-03-10 07:30:00
1773128700,1.16528,1.16636,1.16522,1.16605,3005.0,2026-03-10 07:45:00
1773129600,1.16602,1.16619,1.16498,1.16517,3825.0,2026-03-10 08:00:00
1773130500,1.16518,1.16561,1.16478,1.16545,2887.0,2026-03-10 08:15:00
1773131400,1.16544,1.16598,1.16482,1.16554,2474.0,2026-03-10 08:30:00
1773132300,1.16554,1.16572,1.16432,1.16458,2500.0,2026-03-10 08:45:00
1773133200,1.16456,1.1657,1.16439,1.16549,2227.0,2026-03-10 09:00:00
1773134100,1.16551,1.16582,1.16502,1.1653,2372.0,2026-03-10 09:15:00
1773135000,1.1653,1.16588,1.16523,1.16582,1770.0,2026-03-10 09:30:00
1773135900,1.1658,1.1659,1.16509,1.16515,2387.0,2026-03-10 09:45:00
1773136800,1.16516,1.16517,1.16456,1.1647,2148.0,2026-03-10 10:00:00
1773137700,1.16468,1.16471,1.16422,1.16448,2308.0,2026-03-10 10:15:00
1773138600,1.16448,1.16448,1.16203,1.16358,3655.0,2026-03-10 10:30:00
1773139500,1.16359,1.16398,1.16313,1.16395,2311.0,2026-03-10 10:45:00
1773140400,1.16396,1.16532,1.16386,1.16452,5030.0,2026-03-10 11:00:00
1773141300,1.16454,1.16478,1.16397,1.1644,2916.0,2026-03-10 11:15:00
1773142200,1.1644,1.1645,1.16378,1.16432,2451.0,2026-03-10 11:30:00
1773143100,1.16434,1.16478,1.16362,1.16384,2271.0,2026-03-10 11:45:00
1773144000,1.16386,1.16406,1.16214,1.1626,3863.0,2026-03-10 12:00:00
1773144900,1.16261,1.16324,1.16226,1.16274,3297.0,2026-03-10 12:15:00
1773145800,1.16275,1.16314,1.16231,1.16302,2991.0,2026-03-10 12:30:00
1773146700,1.16304,1.1641,1.16304,1.16345,3147.0,2026-03-10 12:45:00
1773147600,1.16346,1.16448,1.16334,1.16414,3411.0,2026-03-10 13:00:00
1773148500,1.16417,1.16488,1.164,1.16446,2504.0,2026-03-10 13:15:00
1773149400,1.16448,1.1646,1.1633,1.16388,5475.0,2026-03-10 13:30:00
1773150300,1.16387,1.16388,1.16291,1.16324,3971.0,2026-03-10 13:45:00
1773151200,1.16324,1.1635,1.1627,1.1631,4030.0,2026-03-10 14:00:00
1773152100,1.16308,1.16392,1.16302,1.16388,3113.0,2026-03-10 14:15:00
1773153000,1.16389,1.16498,1.16387,1.16481,3137.0,2026-03-10 14:30:00
1773153900,1.16482,1.16504,1.16402,1.16484,2433.0,2026-03-10 14:45:00
1773154800,1.16482,1.16516,1.16422,1.16455,2493.0,2026-03-10 15:00:00
1773155700,1.16456,1.16504,1.16398,1.16446,2409.0,2026-03-10 15:15:00
1773156600,1.16444,1.16551,1.1643,1.16542,2493.0,2026-03-10 15:30:00
1773157500,1.16542,1.16552,1.16444,1.16476,2705.0,2026-03-10 15:45:00
1773158400,1.16476,1.16476,1.16392,1.16425,2177.0,2026-03-10 16:00:00
1773159300,1.16424,1.1647,1.16416,1.16454,1583.0,2026-03-10 16:15:00
1773160200,1.16452,1.16546,1.1645,1.16474,2155.0,2026-03-10 16:30:00
1773161100,1.16474,1.16546,1.1643,1.1652,2000.0,2026-03-10 16:45:00
1773162000,1.16518,1.16608,1.16516,1.16552,2379.0,2026-03-10 17:00:00
1773162900,1.16553,1.16672,1.16545,1.16597,3402.0,2026-03-10 17:15:00
1773163800,1.16597,1.16597,1.16436,1.16444,4450.0,2026-03-10 17:30:00
1773164700,1.16444,1.16464,1.16414,1.16452,2623.0,2026-03-10 17:45:00
1773165600,1.16453,1.1646,1.16285,1.16294,3763.0,2026-03-10 18:00:00
1773166500,1.16295,1.16378,1.16139,1.1634,9568.0,2026-03-10 18:15:00
1773167400,1.16339,1.16394,1.16239,1.16258,6795.0,2026-03-10 18:30:00
1773168300,1.16259,1.16332,1.1623,1.16246,4139.0,2026-03-10 18:45:00
1773169200,1.16246,1.1627,1.16201,1.16258,2762.0,2026-03-10 19:00:00
1773170100,1.1626,1.16287,1.16158,1.1616,2888.0,2026-03-10 19:15:00
1773171000,1.16159,1.16202,1.16058,1.16143,4805.0,2026-03-10 19:30:00
1773171900,1.16145,1.16156,1.16084,1.16142,3451.0,2026-03-10 19:45:00
1773172800,1.16141,1.16154,1.1608,1.16133,1316.0,2026-03-10 20:00:00
1773173700,1.16134,1.16154,1.16101,1.16147,957.0,2026-03-10 20:15:00
1773174600,1.16148,1.16149,1.16107,1.16108,567.0,2026-03-10 20:30:00
1773175500,1.16108,1.16118,1.16078,1.16084,890.0,2026-03-10 20:45:00
1773176400,1.16091,1.16092,1.16075,1.16076,39.0,2026-03-10 21:00:00
1773177300,1.16078,1.16103,1.16076,1.16086,93.0,2026-03-10 21:15:00
1773178200,1.16085,1.16108,1.16082,1.16106,780.0,2026-03-10 21:30:00
1773179100,1.16106,1.16119,1.16102,1.16104,269.0,2026-03-10 21:45:00
1773180000,1.16107,1.16133,1.1608,1.16088,369.0,2026-03-10 22:00:00
1773180900,1.1609,1.16094,1.16064,1.16064,279.0,2026-03-10 22:15:00
1773181800,1.16064,1.16074,1.16032,1.16044,426.0,2026-03-10 22:30:00
1773182700,1.16044,1.16058,1.16029,1.1605,439.0,2026-03-10 22:45:00
1773183600,1.1605,1.16104,1.16048,1.16102,684.0,2026-03-10 23:00:00
1773184500,1.16101,1.1611,1.16083,1.16084,483.0,2026-03-10 23:15:00
1773185400,1.16084,1.16108,1.16082,1.16102,411.0,2026-03-10 23:30:00
1773186300,1.161,1.1612,1.16094,1.16116,578.0,2026-03-10 23:45:00
1773187200,1.16115,1.16242,1.16057,1.16218,2515.0,2026-03-11 00:00:00
1773188100,1.16217,1.16246,1.16188,1.16214,2046.0,2026-03-11 00:15:00
1773189000,1.16213,1.16242,1.16176,1.16226,1369.0,2026-03-11 00:30:00
1773189900,1.16226,1.16248,1.1618,1.1618,1310.0,2026-03-11 00:45:00
1773190800,1.1618,1.16205,1.16125,1.16186,1777.0,2026-03-11 01:00:00
1773191700,1.16186,1.16256,1.16169,1.16252,2032.0,2026-03-11 01:15:00
1773192600,1.1625,1.16257,1.16212,1.16245,1631.0,2026-03-11 01:30:00
1773193500,1.16246,1.16281,1.16238,1.16269,1274.0,2026-03-11 01:45:00
1773194400,1.1627,1.16287,1.1623,1.1624,1414.0,2026-03-11 02:00:00
1773195300,1.1624,1.16271,1.16205,1.16205,1505.0,2026-03-11 02:15:00
1773196200,1.16206,1.16232,1.16188,1.16228,1182.0,2026-03-11 02:30:00
1773197100,1.16226,1.16294,1.1622,1.1626,1702.0,2026-03-11 02:45:00
1773198000,1.16259,1.16296,1.16252,1.16276,971.0,2026-03-11 03:00:00
1773198900,1.16276,1.16282,1.16252,1.16254,790.0,2026-03-11 03:15:00
1773199800,1.16256,1.16318,1.16254,1.16306,764.0,2026-03-11 03:30:00
1773200700,1.16307,1.16318,1.16268,1.16304,809.0,2026-03-11 03:45:00
1773201600,1.16304,1.16317,1.16279,1.16314,755.0,2026-03-11 04:00:00
1773202500,1.16313,1.16322,1.163,1.1632,887.0,2026-03-11 04:15:00
1773203400,1.16322,1.16334,1.16312,1.16331,755.0,2026-03-11 04:30:00
1773204300,1.16332,1.16352,1.1632,1.16338,922.0,2026-03-11 04:45:00
1773205200,1.16338,1.16362,1.16317,1.1632,971.0,2026-03-11 05:00:00
1773206100,1.16324,1.16337,1.16302,1.16312,1110.0,2026-03-11 05:15:00
1773207000,1.1631,1.16355,1.16308,1.16336,984.0,2026-03-11 05:30:00
1773207900,1.16336,1.16356,1.16312,1.1633,1093.0,2026-03-11 05:45:00
1773208800,1.16332,1.16396,1.16325,1.16394,1439.0,2026-03-11 06:00:00
1773209700,1.16396,1.16409,1.16344,1.16358,1536.0,2026-03-11 06:15:00
1773210600,1.16358,1.16398,1.16336,1.16362,1614.0,2026-03-11 06:30:00
1773211500,1.16361,1.16366,1.16299,1.16334,1230.0,2026-03-11 06:45:00
1773212400,1.16333,1.16356,1.16276,1.16278,2220.0,2026-03-11 07:00:00
1773213300,1.16282,1.16456,1.16238,1.16301,5015.0,2026-03-11 07:15:00
1773214200,1.16302,1.16313,1.1615,1.1617,3173.0,2026-03-11 07:30:00
1773215100,1.1617,1.16226,1.16135,1.1617,2705.0,2026-03-11 07:45:00
1773216000,1.1617,1.16214,1.1613,1.16206,3103.0,2026-03-11 08:00:00
1773216900,1.16205,1.16205,1.16107,1.1615,2793.0,2026-03-11 08:15:00
1773217800,1.16151,1.16168,1.16066,1.16068,2273.0,2026-03-11 08:30:00
1773218700,1.16066,1.16134,1.16036,1.16126,3190.0,2026-03-11 08:45:00
1773219600,1.16127,1.1614,1.15904,1.1602,5094.0,2026-03-11 09:00:00
1773220500,1.16021,1.16032,1.15912,1.15926,3739.0,2026-03-11 09:15:00
1773221400,1.15928,1.16018,1.15916,1.1595,3227.0,2026-03-11 09:30:00
1773222300,1.15949,1.15966,1.15904,1.15922,2790.0,2026-03-11 09:45:00
1773223200,1.15922,1.16018,1.15911,1.16016,2646.0,2026-03-11 10:00:00
1773224100,1.16016,1.16053,1.16012,1.16039,2020.0,2026-03-11 10:15:00
1773225000,1.16039,1.16118,1.16022,1.161,2126.0,2026-03-11 10:30:00
1773225900,1.16101,1.16114,1.1605,1.16071,2045.0,2026-03-11 10:45:00
1773226800,1.16071,1.16096,1.16032,1.16076,2101.0,2026-03-11 11:00:00
1773227700,1.16074,1.16108,1.16006,1.16022,1665.0,2026-03-11 11:15:00
1773228600,1.16021,1.16048,1.15999,1.16026,1935.0,2026-03-11 11:30:00
1773229500,1.16027,1.16098,1.15946,1.15946,3896.0,2026-03-11 11:45:00
1773230400,1.15946,1.15976,1.15928,1.15944,2836.0,2026-03-11 12:00:00
1773231300,1.15942,1.16022,1.15938,1.16011,2595.0,2026-03-11 12:15:00
1773232200,1.1601,1.16056,1.1587,1.15909,5183.0,2026-03-11 12:30:00
1773233100,1.15908,1.1591,1.15774,1.15824,4207.0,2026-03-11 12:45:00
1773234000,1.15825,1.15902,1.15788,1.15847,3875.0,2026-03-11 13:00:00
1773234900,1.15846,1.15918,1.15836,1.1588,2449.0,2026-03-11 13:15:00
1773235800,1.15881,1.15904,1.15812,1.15826,3472.0,2026-03-11 13:30:00
1773236700,1.15827,1.15934,1.15778,1.15917,3712.0,2026-03-11 13:45:00
1773237600,1.15917,1.16128,1.15858,1.1597,13070.0,2026-03-11 14:00:00
1773238500,1.15969,1.15997,1.1588,1.1593,6082.0,2026-03-11 14:15:00
1773239400,1.15931,1.1597,1.15832,1.1587,4048.0,2026-03-11 14:30:00
1773240300,1.1587,1.15948,1.15812,1.1582,3634.0,2026-03-11 14:45:00
1773241200,1.15819,1.15842,1.15765,1.15766,3540.0,2026-03-11 15:00:00
1773242100,1.15766,1.15786,1.15742,1.15746,2517.0,2026-03-11 15:15:00
1773243000,1.15749,1.15764,1.157,1.15714,3063.0,2026-03-11 15:30:00
1773243900,1.15712,1.15752,1.15656,1.15662,2442.0,2026-03-11 15:45:00
1773244800,1.15662,1.15716,1.15632,1.15716,2884.0,2026-03-11 16:00:00
1773245700,1.15718,1.15753,1.15678,1.15702,3014.0,2026-03-11 16:15:00
1773246600,1.157,1.15767,1.15688,1.15698,2448.0,2026-03-11 16:30:00
1773247500,1.15698,1.15717,1.1568,1.1571,1477.0,2026-03-11 16:45:00
1773248400,1.1571,1.15764,1.1569,1.1575,1679.0,2026-03-11 17:00:00
1773249300,1.15748,1.15759,1.15698,1.15756,1590.0,2026-03-11 17:15:00
1773250200,1.15758,1.15764,1.15608,1.15675,4105.0,2026-03-11 17:30:00
1773251100,1.15674,1.15726,1.1566,1.15712,2808.0,2026-03-11 17:45:00
1773252000,1.15712,1.15718,1.15642,1.15696,1672.0,2026-03-11 18:00:00
1773252900,1.15697,1.15741,1.1569,1.15722,2233.0,2026-03-11 18:15:00
1773253800,1.1572,1.15736,1.15704,1.15722,1635.0,2026-03-11 18:30:00
1773254700,1.15723,1.15744,1.15694,1.15716,1477.0,2026-03-11 18:45:00
1773255600,1.15718,1.15718,1.15681,1.15698,1050.0,2026-03-11 19:00:00
1773256500,1.15698,1.1573,1.15686,1.157,975.0,2026-03-11 19:15:00
1773257400,1.157,1.15724,1.15696,1.15724,1168.0,2026-03-11 19:30:00
1773258300,1.15724,1.15764,1.15712,1.15732,1220.0,2026-03-11 19:45:00
1773259200,1.15735,1.15738,1.15696,1.15722,740.0,2026-03-11 20:00:00
1773260100,1.15721,1.15721,1.15701,1.15702,450.0,2026-03-11 20:15:00
1773261000,1.15704,1.15713,1.15662,1.15662,323.0,2026-03-11 20:30:00
1773261900,1.15662,1.15672,1.1565,1.1567,478.0,2026-03-11 20:45:00
1773262800,1.15668,1.15694,1.15667,1.15692,98.0,2026-03-11 21:00:00
1773263700,1.15693,1.15716,1.15658,1.15659,284.0,2026-03-11 21:15:00
1773264600,1.15667,1.15674,1.15664,1.1567,49.0,2026-03-11 21:30:00
1773265500,1.1567,1.15745,1.15665,1.15739,483.0,2026-03-11 21:45:00
1773266400,1.15744,1.15745,1.15665,1.15688,583.0,2026-03-11 22:00:00
1773267300,1.15683,1.15689,1.156,1.15611,886.0,2026-03-11 22:15:00
1773268200,1.15612,1.15613,1.15514,1.15514,1136.0,2026-03-11 22:30:00
1773269100,1.15514,1.15542,1.15496,1.15502,690.0,2026-03-11 22:45:00
1773270000,1.15501,1.15539,1.1548,1.15492,1077.0,2026-03-11 23:00:00
1773270900,1.15492,1.15496,1.15452,1.15452,783.0,2026-03-11 23:15:00
1773271800,1.1545,1.15451,1.154,1.1542,1000.0,2026-03-11 23:30:00
1773272700,1.1542,1.15437,1.15398,1.15428,720.0,2026-03-11 23:45:00
1773273600,1.15428,1.15431,1.15342,1.15342,1694.0,2026-03-12 00:00:00
1773274500,1.15342,1.15409,1.15342,1.15396,1372.0,2026-03-12 00:15:00
1773275400,1.15398,1.15478,1.15374,1.15472,1279.0,2026-03-12 00:30:00
1773276300,1.15473,1.155,1.15458,1.15458,1844.0,2026-03-12 00:45:00
1773277200,1.1546,1.15512,1.15454,1.15491,1883.0,2026-03-12 01:00:00
1773278100,1.1549,1.15537,1.1547,1.15531,1307.0,2026-03-12 01:15:00
1773279000,1.15532,1.15556,1.15502,1.1555,1494.0,2026-03-12 01:30:00
1773279900,1.15551,1.15553,1.15486,1.15508,1325.0,2026-03-12 01:45:00
1773280800,1.15508,1.15544,1.15502,1.15504,987.0,2026-03-12 02:00:00
1773281700,1.15503,1.15504,1.1541,1.15411,1105.0,2026-03-12 02:15:00
1773282600,1.1541,1.15426,1.15323,1.15354,1482.0,2026-03-12 02:30:00
1773283500,1.15355,1.15396,1.15334,1.1539,1547.0,2026-03-12 02:45:00
1773284400,1.15389,1.15404,1.15332,1.15352,1420.0,2026-03-12 03:00:00
1773285300,1.15353,1.15385,1.15339,1.15356,950.0,2026-03-12 03:15:00
1773286200,1.15358,1.1539,1.15352,1.15384,1077.0,2026-03-12 03:30:00
1773287100,1.15384,1.15402,1.15368,1.15384,888.0,2026-03-12 03:45:00
1773288000,1.15383,1.15395,1.1537,1.15387,884.0,2026-03-12 04:00:00
1773288900,1.15386,1.154,1.15379,1.15394,404.0,2026-03-12 04:15:00
1773289800,1.15393,1.15396,1.15324,1.15327,721.0,2026-03-12 04:30:00
1773290700,1.15326,1.15349,1.15321,1.15332,592.0,2026-03-12 04:45:00
1773291600,1.1533,1.15438,1.15327,1.15396,1902.0,2026-03-12 05:00:00
1773292500,1.15397,1.15424,1.15362,1.15409,1311.0,2026-03-12 05:15:00
1773293400,1.15408,1.15449,1.15403,1.15438,1046.0,2026-03-12 05:30:00
1773294300,1.1544,1.15452,1.15368,1.15395,918.0,2026-03-12 05:45:00
1773295200,1.15394,1.15488,1.15392,1.15434,1437.0,2026-03-12 06:00:00
1773296100,1.15433,1.15492,1.1542,1.15476,1586.0,2026-03-12 06:15:00
1773297000,1.15476,1.15506,1.15464,1.15492,1088.0,2026-03-12 06:30:00
1773297900,1.15491,1.15515,1.15447,1.15479,1139.0,2026-03-12 06:45:00
1773298800,1.15478,1.1552,1.15464,1.15519,1486.0,2026-03-12 07:00:00
1773299700,1.15518,1.15528,1.15494,1.15498,1323.0,2026-03-12 07:15:00
1773300600,1.15498,1.15504,1.15425,1.15477,1880.0,2026-03-12 07:30:00
1773301500,1.15478,1.15514,1.15416,1.15512,1954.0,2026-03-12 07:45:00
1773302400,1.15512,1.15561,1.15507,1.15544,2368.0,2026-03-12 08:00:00
1773303300,1.15544,1.15559,1.15488,1.15488,1831.0,2026-03-12 08:15:00
1773304200,1.15486,1.15501,1.1545,1.15492,1465.0,2026-03-12 08:30:00
1773305100,1.15492,1.15502,1.15433,1.15474,1415.0,2026-03-12 08:45:00
1773306000,1.15473,1.15488,1.15446,1.15462,1274.0,2026-03-12 09:00:00
1773306900,1.1546,1.1556,1.15455,1.15552,1235.0,2026-03-12 09:15:00
1773307800,1.15551,1.156,1.1555,1.15594,1537.0,2026-03-12 09:30:00
1773308700,1.15594,1.15613,1.15568,1.15596,1374.0,2026-03-12 09:45:00
1773309600,1.15596,1.15629,1.15572,1.15576,1215.0,2026-03-12 10:00:00
1773310500,1.15576,1.15577,1.15494,1.15494,1234.0,2026-03-12 10:15:00
1773311400,1.15495,1.15562,1.15495,1.1553,1439.0,2026-03-12 10:30:00
1773312300,1.15529,1.15583,1.15524,1.15578,1515.0,2026-03-12 10:45:00
1773313200,1.15578,1.15608,1.15552,1.15588,1342.0,2026-03-12 11:00:00
1773314100,1.15589,1.15609,1.15573,1.15594,1282.0,2026-03-12 11:15:00
1773315000,1.15595,1.15663,1.15582,1.15627,1623.0,2026-03-12 11:30:00
1773315900,1.15628,1.15639,1.15525,1.15564,1869.0,2026-03-12 11:45:00
1773316800,1.15565,1.15574,1.15451,1.15467,2207.0,2026-03-12 12:00:00
1773317700,1.15468,1.15476,1.15369,1.15402,2068.0,2026-03-12 12:15:00
1773318600,1.154,1.1541,1.15332,1.15356,2217.0,2026-03-12 12:30:00
1773319500,1.15356,1.15404,1.15326,1.15393,2030.0,2026-03-12 12:45:00
1773320400,1.15394,1.15504,1.15387,1.15396,1888.0,2026-03-12 13:00:00
1773321300,1.15396,1.15403,1.15202,1.15362,5738.0,2026-03-12 13:15:00
1773322200,1.15362,1.15392,1.15311,1.1535,4364.0,2026-03-12 13:30:00
1773323100,1.15348,1.15348,1.15212,1.15262,4109.0,2026-03-12 13:45:00
1773324000,1.15262,1.15316,1.15233,1.15281,4245.0,2026-03-12 14:00:00
1773324900,1.15282,1.15332,1.152,1.15202,3092.0,2026-03-12 14:15:00
1773325800,1.152,1.1525,1.15168,1.15241,2490.0,2026-03-12 14:30:00
1773326700,1.1524,1.1532,1.15158,1.15206,4933.0,2026-03-12 14:45:00
1773327600,1.15205,1.15221,1.1511,1.15142,4078.0,2026-03-12 15:00:00
1773328500,1.15143,1.15204,1.15134,1.152,3485.0,2026-03-12 15:15:00
1773329400,1.15199,1.15288,1.15154,1.1525,5768.0,2026-03-12 15:30:00
1773330300,1.15249,1.15268,1.1519,1.1522,4902.0,2026-03-12 15:45:00
1773331200,1.15218,1.15248,1.15137,1.15191,3101.0,2026-03-12 16:00:00
1773332100,1.15192,1.15327,1.15168,1.15206,3647.0,2026-03-12 16:15:00
1773333000,1.15204,1.15268,1.1517,1.15232,3957.0,2026-03-12 16:30:00
1773333900,1.15231,1.15248,1.1518,1.1522,2644.0,2026-03-12 16:45:00
1773334800,1.1522,1.15319,1.15216,1.15235,2884.0,2026-03-12 17:00:00
1773335700,1.15233,1.15302,1.15197,1.15255,2504.0,2026-03-12 17:15:00
1773336600,1.15256,1.15271,1.15216,1.15251,2030.0,2026-03-12 17:30:00
1773337500,1.15252,1.15253,1.15193,1.1522,1737.0,2026-03-12 17:45:00
1773338400,1.15219,1.15244,1.15196,1.1521,1840.0,2026-03-12 18:00:00
1773339300,1.15211,1.15219,1.15142,1.15145,1426.0,2026-03-12 18:15:00
1773340200,1.15144,1.15166,1.15114,1.15134,1388.0,2026-03-12 18:30:00
1773341100,1.15135,1.1516,1.15114,1.15122,1280.0,2026-03-12 18:45:00
1773342000,1.15122,1.15176,1.15107,1.15155,1669.0,2026-03-12 19:00:00
1773342900,1.15156,1.15166,1.15134,1.15154,1157.0,2026-03-12 19:15:00
1773343800,1.15155,1.15185,1.15155,1.15178,1178.0,2026-03-12 19:30:00
1773344700,1.15176,1.15184,1.15142,1.15152,1141.0,2026-03-12 19:45:00
1773345600,1.15151,1.15164,1.1512,1.15131,656.0,2026-03-12 20:00:00
1773346500,1.1513,1.15134,1.15103,1.15104,609.0,2026-03-12 20:15:00
1773347400,1.15102,1.1514,1.15102,1.15139,389.0,2026-03-12 20:30:00
1773348300,1.1514,1.15161,1.15102,1.15109,662.0,2026-03-12 20:45:00
1773349200,1.1513,1.15138,1.15113,1.1512,168.0,2026-03-12 21:00:00
1773350100,1.1512,1.15126,1.15116,1.1512,106.0,2026-03-12 21:15:00
1773351000,1.15117,1.1513,1.15115,1.15119,184.0,2026-03-12 21:30:00
1773351900,1.1512,1.15131,1.15116,1.15126,183.0,2026-03-12 21:45:00
1773352800,1.15126,1.15158,1.1511,1.15148,702.0,2026-03-12 22:00:00
1773353700,1.1515,1.15184,1.15139,1.15182,406.0,2026-03-12 22:15:00
1773354600,1.15182,1.15214,1.15178,1.15194,672.0,2026-03-12 22:30:00
1773355500,1.15192,1.15196,1.15165,1.1519,360.0,2026-03-12 22:45:00
1773356400,1.1519,1.15204,1.15174,1.15194,665.0,2026-03-12 23:00:00
1773357300,1.15192,1.15196,1.1515,1.15167,408.0,2026-03-12 23:15:00
1773358200,1.15169,1.15197,1.15162,1.1519,405.0,2026-03-12 23:30:00
1773359100,1.1519,1.15231,1.15185,1.1521,806.0,2026-03-12 23:45:00
1773360000,1.15212,1.15272,1.15205,1.15268,1425.0,2026-03-13 00:00:00
1773360900,1.15268,1.15284,1.15254,1.15264,995.0,2026-03-13 00:15:00
1773361800,1.15264,1.15264,1.15212,1.15218,908.0,2026-03-13 00:30:00
1773362700,1.15218,1.15254,1.15214,1.15235,1513.0,2026-03-13 00:45:00
1773363600,1.15235,1.15298,1.15234,1.15277,1682.0,2026-03-13 01:00:00
1773364500,1.15276,1.15284,1.15239,1.1525,1163.0,2026-03-13 01:15:00
1773365400,1.15247,1.15254,1.15194,1.15194,1096.0,2026-03-13 01:30:00
1773366300,1.15194,1.15198,1.15146,1.15166,813.0,2026-03-13 01:45:00
1773367200,1.15165,1.15222,1.15165,1.1518,1110.0,2026-03-13 02:00:00
1773368100,1.15179,1.15188,1.15164,1.15168,1076.0,2026-03-13 02:15:00
1773369000,1.15168,1.15188,1.15124,1.15124,981.0,2026-03-13 02:30:00
1773369900,1.15126,1.15162,1.15112,1.15138,1267.0,2026-03-13 02:45:00
1773370800,1.15135,1.15158,1.15097,1.15098,850.0,2026-03-13 03:00:00
1773371700,1.15098,1.15105,1.1507,1.15077,986.0,2026-03-13 03:15:00
1773372600,1.15076,1.15082,1.15048,1.1508,1206.0,2026-03-13 03:30:00
1773373500,1.15081,1.151,1.15072,1.15092,942.0,2026-03-13 03:45:00
1773374400,1.1509,1.15092,1.1506,1.15061,640.0,2026-03-13 04:00:00
1773375300,1.15062,1.15072,1.1504,1.15045,645.0,2026-03-13 04:15:00
1773376200,1.15046,1.15046,1.15,1.15017,1058.0,2026-03-13 04:30:00
1773377100,1.15018,1.15038,1.15015,1.15034,869.0,2026-03-13 04:45:00
1773378000,1.15033,1.15041,1.15006,1.15025,797.0,2026-03-13 05:00:00
1773378900,1.15023,1.15045,1.15021,1.1504,638.0,2026-03-13 05:15:00
1773379800,1.15042,1.15066,1.15028,1.1503,732.0,2026-03-13 05:30:00
1773380700,1.1503,1.15044,1.14999,1.15009,966.0,2026-03-13 05:45:00
1773381600,1.1501,1.15034,1.14996,1.15004,1029.0,2026-03-13 06:00:00
1773382500,1.15004,1.15004,1.14965,1.14972,1262.0,2026-03-13 06:15:00
1773383400,1.14974,1.14977,1.14906,1.14938,1703.0,2026-03-13 06:30:00
1773384300,1.14938,1.1495,1.14824,1.14828,1729.0,2026-03-13 06:45:00
1773385200,1.14829,1.14838,1.14744,1.14746,2575.0,2026-03-13 07:00:00
1773386100,1.14746,1.14754,1.14665,1.1472,2117.0,2026-03-13 07:15:00
1773387000,1.1472,1.14748,1.14654,1.14674,1810.0,2026-03-13 07:30:00
1773387900,1.14676,1.1469,1.14542,1.1458,2720.0,2026-03-13 07:45:00
1773388800,1.14579,1.14592,1.14376,1.14398,3767.0,2026-03-13 08:00:00
1773389700,1.14398,1.1441,1.1433,1.14374,3270.0,2026-03-13 08:15:00
1773390600,1.14373,1.14522,1.14371,1.1444,2983.0,2026-03-13 08:30:00
1773391500,1.1444,1.1446,1.14394,1.14452,2125.0,2026-03-13 08:45:00
1773392400,1.14452,1.14586,1.14452,1.14586,3338.0,2026-03-13 09:00:00
1773393300,1.14586,1.14596,1.14531,1.1459,2282.0,2026-03-13 09:15:00
1773394200,1.14588,1.14616,1.14514,1.14518,2020.0,2026-03-13 09:30:00
1773395100,1.14521,1.14552,1.14508,1.14532,1786.0,2026-03-13 09:45:00
1773396000,1.14532,1.14648,1.1453,1.14619,1733.0,2026-03-13 10:00:00
1773396900,1.1462,1.14626,1.14524,1.14554,1407.0,2026-03-13 10:15:00
1773397800,1.14553,1.14596,1.1452,1.1459,1477.0,2026-03-13 10:30:00
1773398700,1.1459,1.14722,1.14526,1.14584,3110.0,2026-03-13 10:45:00
1773399600,1.14582,1.14687,1.14556,1.14562,3000.0,2026-03-13 11:00:00
1773400500,1.14562,1.14692,1.14554,1.1466,2633.0,2026-03-13 11:15:00
1773401400,1.1466,1.14708,1.14583,1.14654,2320.0,2026-03-13 11:30:00
1773402300,1.14654,1.14708,1.14651,1.14686,2475.0,2026-03-13 11:45:00
1773403200,1.14684,1.14734,1.14618,1.14634,2468.0,2026-03-13 12:00:00
1773404100,1.14635,1.14749,1.14611,1.14698,3025.0,2026-03-13 12:15:00
1773405000,1.14701,1.1476,1.14657,1.14744,4220.0,2026-03-13 12:30:00
1773405900,1.14743,1.14886,1.1474,1.14779,5097.0,2026-03-13 12:45:00
1773406800,1.1478,1.1484,1.14738,1.14821,4310.0,2026-03-13 13:00:00
1773407700,1.14822,1.14824,1.1474,1.14774,2661.0,2026-03-13 13:15:00
1773408600,1.14774,1.14891,1.14773,1.1487,3494.0,2026-03-13 13:30:00
1773409500,1.1487,1.14902,1.14783,1.14788,3264.0,2026-03-13 13:45:00
1773410400,1.1479,1.14791,1.14721,1.14749,3602.0,2026-03-13 14:00:00
1773411300,1.14747,1.14781,1.14697,1.14764,3317.0,2026-03-13 14:15:00
1773412200,1.14762,1.14848,1.14662,1.14664,3702.0,2026-03-13 14:30:00
1773413100,1.14664,1.14681,1.14556,1.14572,3391.0,2026-03-13 14:45:00
1773414000,1.14572,1.14612,1.14524,1.14605,3121.0,2026-03-13 15:00:00
1773414900,1.14606,1.14608,1.14468,1.14496,2820.0,2026-03-13 15:15:00
1773415800,1.14495,1.14504,1.14345,1.14368,2928.0,2026-03-13 15:30:00
1773416700,1.14368,1.14529,1.14363,1.14431,5587.0,2026-03-13 15:45:00
1773417600,1.14432,1.14505,1.1441,1.14435,3956.0,2026-03-13 16:00:00
1773418500,1.14436,1.14451,1.14384,1.14396,2843.0,2026-03-13 16:15:00
1773419400,1.14396,1.14428,1.14362,1.14372,2751.0,2026-03-13 16:30:00
1773420300,1.14372,1.14466,1.14372,1.14422,2360.0,2026-03-13 16:45:00
1773421200,1.1442,1.1444,1.14337,1.14378,2290.0,2026-03-13 17:00:00
1773422100,1.14381,1.14448,1.14381,1.14442,1967.0,2026-03-13 17:15:00
1773423000,1.14442,1.14454,1.1441,1.14446,2090.0,2026-03-13 17:30:00
1773423900,1.14442,1.14462,1.14396,1.14424,1882.0,2026-03-13 17:45:00
1773424800,1.14424,1.14429,1.14375,1.14382,1578.0,2026-03-13 18:00:00
1773425700,1.14384,1.14386,1.14318,1.1436,1604.0,2026-03-13 18:15:00
1773426600,1.1436,1.14404,1.14357,1.14394,1498.0,2026-03-13 18:30:00
1773427500,1.14392,1.14407,1.14351,1.1436,1292.0,2026-03-13 18:45:00
1773428400,1.1436,1.14369,1.14276,1.14286,1389.0,2026-03-13 19:00:00
1773429300,1.14286,1.14288,1.14248,1.14253,1467.0,2026-03-13 19:15:00
1773430200,1.14254,1.1428,1.14244,1.14249,1125.0,2026-03-13 19:30:00
1773431100,1.14247,1.14253,1.142,1.14224,1188.0,2026-03-13 19:45:00
1773432000,1.14223,1.14228,1.1416,1.14166,1049.0,2026-03-13 20:00:00
1773432900,1.14166,1.14176,1.14134,1.14148,673.0,2026-03-13 20:15:00
1773433800,1.14147,1.14163,1.1411,1.14132,718.0,2026-03-13 20:30:00
1773434700,1.14132,1.14165,1.14123,1.14164,1286.0,2026-03-13 20:45:00
1773608400,1.1424,1.14248,1.14232,1.14246,64.0,2026-03-15 21:00:00
1773609300,1.14245,1.14288,1.14239,1.14283,318.0,2026-03-15 21:15:00
1773610200,1.14284,1.14296,1.1425,1.1429,288.0,2026-03-15 21:30:00
1773611100,1.14289,1.14308,1.14248,1.14305,413.0,2026-03-15 21:45:00
1773612000,1.14284,1.14337,1.14197,1.14284,1472.0,2026-03-15 22:00:00
1773612900,1.14286,1.14296,1.1419,1.1421,997.0,2026-03-15 22:15:00
1773613800,1.1421,1.14248,1.14202,1.14208,1297.0,2026-03-15 22:30:00
1773614700,1.14212,1.14306,1.14212,1.14298,1217.0,2026-03-15 22:45:00
1773615600,1.14298,1.14344,1.14261,1.1432,1662.0,2026-03-15 23:00:00
1773616500,1.1432,1.14332,1.14268,1.14287,1053.0,2026-03-15 23:15:00
1773617400,1.14284,1.14327,1.14262,1.14324,819.0,2026-03-15 23:30:00
1773618300,1.14322,1.14358,1.14322,1.14355,1036.0,2026-03-15 23:45:00
1773619200,1.14356,1.14472,1.1435,1.14465,2360.0,2026-03-16 00:00:00
1773620100,1.14464,1.14498,1.14446,1.1449,1401.0,2026-03-16 00:15:00
1773621000,1.14489,1.14528,1.1448,1.14509,1265.0,2026-03-16 00:30:00
1773621900,1.14508,1.14556,1.14501,1.14549,1320.0,2026-03-16 00:45:00
1773622800,1.1455,1.14566,1.14437,1.14452,2161.0,2026-03-16 01:00:00
1773623700,1.14452,1.14468,1.1442,1.14426,1752.0,2026-03-16 01:15:00
1773624600,1.14426,1.14464,1.14397,1.14459,1644.0,2026-03-16 01:30:00
1773625500,1.1446,1.14495,1.1445,1.14494,1281.0,2026-03-16 01:45:00
1773626400,1.14494,1.14502,1.1445,1.14485,1248.0,2026-03-16 02:00:00
1773627300,1.14485,1.14504,1.14468,1.14486,916.0,2026-03-16 02:15:00
1773628200,1.14484,1.1449,1.14458,1.1448,1022.0,2026-03-16 02:30:00
1773629100,1.1448,1.14516,1.14475,1.14481,1296.0,2026-03-16 02:45:00
1773630000,1.14482,1.14519,1.14458,1.14488,1158.0,2026-03-16 03:00:00
1773630900,1.14488,1.14506,1.14478,1.14505,669.0,2026-03-16 03:15:00
1773631800,1.14504,1.14534,1.14502,1.14532,641.0,2026-03-16 03:30:00
1773632700,1.14532,1.1454,1.14496,1.14506,618.0,2026-03-16 03:45:00
1773633600,1.14505,1.14516,1.14476,1.1449,551.0,2026-03-16 04:00:00
1773634500,1.14488,1.14499,1.14454,1.14458,649.0,2026-03-16 04:15:00
1773635400,1.14457,1.14465,1.14434,1.14434,408.0,2026-03-16 04:30:00
1773636300,1.14436,1.14448,1.14416,1.14416,729.0,2026-03-16 04:45:00
1773637200,1.14416,1.14434,1.14402,1.14416,833.0,2026-03-16 05:00:00
1773638100,1.14414,1.1442,1.14393,1.14394,498.0,2026-03-16 05:15:00
1773639000,1.14394,1.144,1.14357,1.14373,869.0,2026-03-16 05:30:00
1773639900,1.14374,1.14377,1.14332,1.14346,988.0,2026-03-16 05:45:00
1773640800,1.14344,1.14358,1.14317,1.14346,1145.0,2026-03-16 06:00:00
1773641700,1.14345,1.14365,1.1426,1.14282,1269.0,2026-03-16 06:15:00
1773642600,1.14283,1.14313,1.14248,1.14278,1165.0,2026-03-16 06:30:00
1773643500,1.14278,1.14317,1.14242,1.14316,1025.0,2026-03-16 06:45:00
1773644400,1.14316,1.14348,1.14288,1.14314,1553.0,2026-03-16 07:00:00
1773645300,1.14312,1.14328,1.14248,1.14274,1382.0,2026-03-16 07:15:00
1773646200,1.14274,1.14278,1.14143,1.14203,2410.0,2026-03-16 07:30:00
1773647100,1.14202,1.1427,1.14196,1.1426,1420.0,2026-03-16 07:45:00
1773648000,1.14259,1.14346,1.14259,1.14288,2430.0,2026-03-16 08:00:00
1773648900,1.14286,1.14446,1.1426,1.14422,2767.0,2026-03-16 08:15:00
1773649800,1.14423,1.14444,1.14356,1.14394,2330.0,2026-03-16 08:30:00
1773650700,1.14394,1.14454,1.14388,1.14448,2134.0,2026-03-16 08:45:00
1773651600,1.1445,1.14472,1.1441,1.14464,1930.0,2026-03-16 09:00:00
1773652500,1.14464,1.14492,1.1445,1.14473,1666.0,2026-03-16 09:15:00
1773653400,1.14472,1.14481,1.1443,1.14478,1855.0,2026-03-16 09:30:00
1773654300,1.14478,1.14527,1.14478,1.14501,2305.0,2026-03-16 09:45:00
1773655200,1.145,1.14594,1.14478,1.14584,2287.0,2026-03-16 10:00:00
1773656100,1.14582,1.14779,1.14582,1.14755,2675.0,2026-03-16 10:15:00
1773657000,1.14754,1.14774,1.14682,1.14692,1988.0,2026-03-16 10:30:00
1773657900,1.14692,1.14765,1.14676,1.14753,1725.0,2026-03-16 10:45:00
1773658800,1.14754,1.14764,1.14709,1.14744,1579.0,2026-03-16 11:00:00
1773659700,1.14746,1.14815,1.14736,1.14742,1887.0,2026-03-16 11:15:00
1773660600,1.14742,1.14825,1.14722,1.14824,1697.0,2026-03-16 11:30:00
1773661500,1.14824,1.14872,1.14774,1.14794,2035.0,2026-03-16 11:45:00
1773662400,1.14794,1.14851,1.14762,1.14826,1859.0,2026-03-16 12:00:00
1773663300,1.14826,1.14836,1.14786,1.14813,1915.0,2026-03-16 12:15:00
1773664200,1.14812,1.1488,1.14786,1.14804,2683.0,2026-03-16 12:30:00
1773665100,1.14806,1.14823,1.14722,1.14739,2218.0,2026-03-16 12:45:00
1773666000,1.1474,1.1481,1.1474,1.14805,2114.0,2026-03-16 13:00:00
1773666900,1.14804,1.14834,1.14748,1.14819,1921.0,2026-03-16 13:15:00
1773667800,1.14818,1.14902,1.14812,1.14888,2835.0,2026-03-16 13:30:00
1773668700,1.14887,1.15009,1.14881,1.15003,2576.0,2026-03-16 13:45:00
1773669600,1.15002,1.15022,1.14936,1.15018,3244.0,2026-03-16 14:00:00
1773670500,1.15017,1.15018,1.14922,1.14952,2716.0,2026-03-16 14:15:00
1773671400,1.14953,1.14954,1.14834,1.1484,3442.0,2026-03-16 14:30:00
1773672300,1.14839,1.149,1.14804,1.14888,2585.0,2026-03-16 14:45:00
1773673200,1.14888,1.14974,1.14883,1.14973,2084.0,2026-03-16 15:00:00
1773674100,1.14973,1.14988,1.14916,1.14924,1521.0,2026-03-16 15:15:00
1773675000,1.14924,1.15004,1.14919,1.14953,1472.0,2026-03-16 15:30:00
1773675900,1.14953,1.14976,1.14804,1.1487,2767.0,2026-03-16 15:45:00
1773676800,1.14869,1.14929,1.1485,1.1491,1833.0,2026-03-16 16:00:00
1773677700,1.14907,1.14936,1.14782,1.14792,2839.0,2026-03-16 16:15:00
1773678600,1.14792,1.14945,1.14776,1.14922,2429.0,2026-03-16 16:30:00
1773679500,1.14922,1.14993,1.14904,1.14935,1809.0,2026-03-16 16:45:00
1773680400,1.14936,1.15042,1.14931,1.14998,3605.0,2026-03-16 17:00:00
1773681300,1.14998,1.15007,1.14949,1.14973,2164.0,2026-03-16 17:15:00
1773682200,1.14974,1.1499,1.14939,1.14948,1659.0,2026-03-16 17:30:00
1773683100,1.14948,1.1498,1.14906,1.14922,1606.0,2026-03-16 17:45:00
1773684000,1.14922,1.15066,1.14922,1.15052,2194.0,2026-03-16 18:00:00
1773684900,1.15056,1.15226,1.15042,1.15211,1863.0,2026-03-16 18:15:00
1773685800,1.1521,1.15236,1.15172,1.15232,1508.0,2026-03-16 18:30:00
1773686700,1.15232,1.15238,1.15169,1.15186,1413.0,2026-03-16 18:45:00
1773687600,1.15188,1.1525,1.15173,1.15214,1873.0,2026-03-16 19:00:00
1773688500,1.15214,1.15234,1.15152,1.15182,1796.0,2026-03-16 19:15:00
1773689400,1.15182,1.15214,1.1511,1.1512,1859.0,2026-03-16 19:30:00
1773690300,1.1512,1.1512,1.1506,1.1508,1696.0,2026-03-16 19:45:00
1773691200,1.15077,1.15105,1.15077,1.15085,780.0,2026-03-16 20:00:00
1773692100,1.15084,1.15085,1.15032,1.15065,473.0,2026-03-16 20:15:00
1773693000,1.15064,1.1507,1.15048,1.15054,568.0,2026-03-16 20:30:00
1773693900,1.15056,1.15074,1.15052,1.15056,730.0,2026-03-16 20:45:00
1773694800,1.1506,1.15129,1.15056,1.15076,327.0,2026-03-16 21:00:00
1773695700,1.15074,1.15088,1.15068,1.15077,157.0,2026-03-16 21:15:00
1773696600,1.15072,1.15086,1.15068,1.1508,228.0,2026-03-16 21:30:00
1773697500,1.1508,1.15088,1.15059,1.15078,323.0,2026-03-16 21:45:00
1773698400,1.1508,1.1508,1.15025,1.15046,494.0,2026-03-16 22:00:00
1773699300,1.15044,1.15052,1.15024,1.1503,401.0,2026-03-16 22:15:00
1773700200,1.15028,1.15028,1.14996,1.15007,395.0,2026-03-16 22:30:00
1773701100,1.15006,1.1501,1.1498,1.1499,519.0,2026-03-16 22:45:00
1773702000,1.1499,1.14997,1.14948,1.14964,556.0,2026-03-16 23:00:00
1773702900,1.14963,1.14973,1.1495,1.14967,475.0,2026-03-16 23:15:00
1773703800,1.14966,1.14992,1.14962,1.14982,300.0,2026-03-16 23:30:00
1773704700,1.14982,1.15,1.14964,1.14984,701.0,2026-03-16 23:45:00
1773705600,1.14985,1.14986,1.1492,1.14927,1093.0,2026-03-17 00:00:00
1773706500,1.14928,1.14945,1.14894,1.149,714.0,2026-03-17 00:15:00
1773707400,1.14904,1.14934,1.149,1.14912,578.0,2026-03-17 00:30:00
1773708300,1.14914,1.14942,1.14892,1.14926,1535.0,2026-03-17 00:45:00
1773709200,1.14924,1.14957,1.14897,1.14934,1518.0,2026-03-17 01:00:00
1773710100,1.14933,1.14947,1.14872,1.14888,1145.0,2026-03-17 01:15:00
1773711000,1.14889,1.14917,1.14865,1.14876,1070.0,2026-03-17 01:30:00
1773711900,1.14876,1.1494,1.14867,1.1493,1043.0,2026-03-17 01:45:00
1773712800,1.14931,1.14938,1.14912,1.14918,553.0,2026-03-17 02:00:00
1773713700,1.14918,1.14968,1.14916,1.14952,742.0,2026-03-17 02:15:00
1773714600,1.14952,1.14978,1.14948,1.14976,477.0,2026-03-17 02:30:00
1773715500,1.14975,1.14987,1.14952,1.14952,364.0,2026-03-17 02:45:00
1773716400,1.14949,1.14974,1.14935,1.14974,463.0,2026-03-17 03:00:00
1773717300,1.14972,1.15012,1.14972,1.15012,386.0,2026-03-17 03:15:00
1773718200,1.15013,1.1503,1.14976,1.1498,1680.0,2026-03-17 03:30:00
1773719100,1.14978,1.14978,1.14918,1.14919,781.0,2026-03-17 03:45:00
1773720000,1.14918,1.14934,1.14894,1.14904,455.0,2026-03-17 04:00:00
1773720900,1.14906,1.14928,1.14903,1.14915,236.0,2026-03-17 04:15:00
1773721800,1.14914,1.14968,1.14914,1.14966,494.0,2026-03-17 04:30:00
1773722700,1.14966,1.15,1.14966,1.14972,470.0,2026-03-17 04:45:00
1773723600,1.14972,1.14977,1.14941,1.14972,677.0,2026-03-17 05:00:00
1773724500,1.14974,1.14993,1.14948,1.14954,877.0,2026-03-17 05:15:00
1773725400,1.14956,1.14959,1.14872,1.14873,827.0,2026-03-17 05:30:00
1773726300,1.14872,1.14872,1.14782,1.14793,1080.0,2026-03-17 05:45:00
1773727200,1.14795,1.14806,1.1466,1.14697,2052.0,2026-03-17 06:00:00
1773728100,1.14698,1.14756,1.1468,1.14755,1596.0,2026-03-17 06:15:00
1773729000,1.14754,1.14796,1.14752,1.14786,1222.0,2026-03-17 06:30:00
1773729900,1.14786,1.1482,1.14747,1.1482,926.0,2026-03-17 06:45:00
1773730800,1.14818,1.14903,1.14798,1.14886,1464.0,2026-03-17 07:00:00
1773731700,1.14885,1.14962,1.14824,1.14936,1386.0,2026-03-17 07:15:00
1773732600,1.14936,1.15003,1.14936,1.14962,1352.0,2026-03-17 07:30:00
1773733500,1.14962,1.14992,1.14912,1.1495,1208.0,2026-03-17 07:45:00
1773734400,1.14949,1.14994,1.14893,1.14907,2206.0,2026-03-17 08:00:00
1773735300,1.14906,1.15,1.14877,1.14996,1734.0,2026-03-17 08:15:00
1773736200,1.14995,1.15116,1.14908,1.15106,2169.0,2026-03-17 08:30:00
1773737100,1.15104,1.15182,1.15052,1.15105,2328.0,2026-03-17 08:45:00
1773738000,1.15107,1.1517,1.15106,1.15118,2002.0,2026-03-17 09:00:00
1773738900,1.15121,1.15248,1.1508,1.15222,2034.0,2026-03-17 09:15:00
1773739800,1.15221,1.1524,1.15088,1.15109,1838.0,2026-03-17 09:30:00
1773740700,1.15108,1.15166,1.15084,1.15165,1386.0,2026-03-17 09:45:00
1773741600,1.15164,1.15164,1.15079,1.15102,2201.0,2026-03-17 10:00:00
1773742500,1.15102,1.15116,1.1504,1.15111,1481.0,2026-03-17 10:15:00
1773743400,1.15112,1.15126,1.15064,1.15104,1524.0,2026-03-17 10:30:00
1773744300,1.15104,1.1512,1.15053,1.15062,1230.0,2026-03-17 10:45:00
1773745200,1.15063,1.15142,1.15046,1.15134,1231.0,2026-03-17 11:00:00
1773746100,1.15135,1.15188,1.1512,1.15141,1426.0,2026-03-17 11:15:00
1773747000,1.1514,1.15156,1.15104,1.15145,1429.0,2026-03-17 11:30:00
1773747900,1.15144,1.15167,1.15066,1.15074,1775.0,2026-03-17 11:45:00
1773748800,1.15075,1.15234,1.15043,1.1522,2314.0,2026-03-17 12:00:00
1773749700,1.15223,1.15234,1.15105,1.15126,1895.0,2026-03-17 12:15:00
1773750600,1.15125,1.15209,1.15122,1.15164,1848.0,2026-03-17 12:30:00
1773751500,1.15164,1.15246,1.1516,1.15242,1711.0,2026-03-17 12:45:00
1773752400,1.15244,1.15366,1.15244,1.15337,3330.0,2026-03-17 13:00:00
1773753300,1.15338,1.15438,1.15321,1.15348,3304.0,2026-03-17 13:15:00
1773754200,1.15348,1.15418,1.15332,1.1535,3382.0,2026-03-17 13:30:00
1773755100,1.15352,1.154,1.15283,1.15305,2256.0,2026-03-17 13:45:00
1773756000,1.15306,1.15374,1.15274,1.15298,2440.0,2026-03-17 14:00:00
1773756900,1.15298,1.15302,1.15207,1.15246,2463.0,2026-03-17 14:15:00
1773757800,1.15246,1.15354,1.15218,1.15342,2274.0,2026-03-17 14:30:00
1773758700,1.15342,1.15386,1.15328,1.15333,1975.0,2026-03-17 14:45:00
1773759600,1.1533,1.1539,1.15286,1.15293,2180.0,2026-03-17 15:00:00
1773760500,1.15294,1.15348,1.15242,1.15268,3186.0,2026-03-17 15:15:00
1773761400,1.15268,1.15302,1.15206,1.15252,2793.0,2026-03-17 15:30:00
1773762300,1.15252,1.15274,1.15214,1.1525,2828.0,2026-03-17 15:45:00
1773763200,1.1525,1.15302,1.15182,1.15234,3049.0,2026-03-17 16:00:00
1773764100,1.15234,1.15312,1.15211,1.15292,2034.0,2026-03-17 16:15:00
1773765000,1.1529,1.15318,1.15267,1.15308,1859.0,2026-03-17 16:30:00
1773765900,1.15308,1.1533,1.1528,1.15281,1418.0,2026-03-17 16:45:00
1773766800,1.1528,1.15326,1.15268,1.15286,1295.0,2026-03-17 17:00:00
1773767700,1.15284,1.15331,1.15265,1.1533,1784.0,2026-03-17 17:15:00
1773768600,1.1533,1.15398,1.15318,1.15354,1261.0,2026-03-17 17:30:00
1773769500,1.15354,1.15402,1.15354,1.15398,1064.0,2026-03-17 17:45:00
1773770400,1.15398,1.15472,1.15398,1.15451,1597.0,2026-03-17 18:00:00
1773771300,1.15452,1.15468,1.15428,1.15432,1034.0,2026-03-17 18:15:00
1773772200,1.15432,1.15432,1.15394,1.15406,1096.0,2026-03-17 18:30:00
1773773100,1.15404,1.15431,1.15386,1.1539,875.0,2026-03-17 18:45:00
1773774000,1.15392,1.15412,1.1538,1.154,781.0,2026-03-17 19:00:00
1773774900,1.15398,1.15412,1.15375,1.15381,643.0,2026-03-17 19:15:00
1773775800,1.1538,1.15386,1.15356,1.15368,554.0,2026-03-17 19:30:00
1773776700,1.15368,1.15374,1.15339,1.15358,637.0,2026-03-17 19:45:00
1773777600,1.15359,1.15402,1.15351,1.15376,464.0,2026-03-17 20:00:00
1773778500,1.15376,1.15382,1.15362,1.15366,137.0,2026-03-17 20:15:00
1773779400,1.15368,1.15396,1.15366,1.15393,179.0,2026-03-17 20:30:00
1773780300,1.15394,1.15424,1.15376,1.15401,637.0,2026-03-17 20:45:00
1773781200,1.1538,1.15386,1.15359,1.15366,63.0,2026-03-17 21:00:00
1773782100,1.15365,1.15385,1.15362,1.15384,153.0,2026-03-17 21:15:00
1773783000,1.15382,1.15384,1.15367,1.15368,298.0,2026-03-17 21:30:00
1773783900,1.15368,1.15387,1.15365,1.1537,759.0,2026-03-17 21:45:00
1773784800,1.15368,1.15446,1.15368,1.15431,537.0,2026-03-17 22:00:00
1773785700,1.15432,1.15438,1.15419,1.15422,598.0,2026-03-17 22:15:00
1773786600,1.15421,1.15426,1.15398,1.154,704.0,2026-03-17 22:30:00
1773787500,1.15401,1.15413,1.15393,1.15398,569.0,2026-03-17 22:45:00
1773788400,1.15399,1.15404,1.15374,1.15386,914.0,2026-03-17 23:00:00
1773789300,1.15386,1.15398,1.15378,1.15391,1112.0,2026-03-17 23:15:00
1773790200,1.1539,1.15405,1.15386,1.15398,2723.0,2026-03-17 23:30:00
1773791100,1.15398,1.15412,1.15386,1.15392,1117.0,2026-03-17 23:45:00
1773792000,1.15393,1.15441,1.15374,1.15428,2094.0,2026-03-18 00:00:00
1773792900,1.1543,1.15438,1.1537,1.15376,1344.0,2026-03-18 00:15:00
1773793800,1.15378,1.15394,1.15332,1.15348,1598.0,2026-03-18 00:30:00
1773794700,1.15348,1.15366,1.1532,1.15326,1282.0,2026-03-18 00:45:00
1773795600,1.15327,1.15403,1.15327,1.1535,1380.0,2026-03-18 01:00:00
1773796500,1.1535,1.15356,1.15336,1.15345,584.0,2026-03-18 01:15:00
1773797400,1.15346,1.15374,1.15334,1.15358,855.0,2026-03-18 01:30:00
1773798300,1.15356,1.15364,1.15322,1.1534,853.0,2026-03-18 01:45:00
1773799200,1.15341,1.15351,1.15328,1.15336,598.0,2026-03-18 02:00:00
1773800100,1.15335,1.1536,1.15328,1.15358,635.0,2026-03-18 02:15:00
1773801000,1.15358,1.15382,1.15339,1.15356,553.0,2026-03-18 02:30:00
1773801900,1.15356,1.1536,1.15322,1.15326,651.0,2026-03-18 02:45:00
1773802800,1.15326,1.1534,1.15322,1.15336,490.0,2026-03-18 03:00:00
1773803700,1.15336,1.15338,1.15324,1.15326,364.0,2026-03-18 03:15:00
1773804600,1.15328,1.15337,1.15325,1.15336,328.0,2026-03-18 03:30:00
1773805500,1.15338,1.15368,1.15336,1.15362,349.0,2026-03-18 03:45:00
1773806400,1.15362,1.15398,1.15362,1.1538,515.0,2026-03-18 04:00:00
1773807300,1.15381,1.15398,1.1538,1.15385,437.0,2026-03-18 04:15:00
1773808200,1.15386,1.15404,1.15385,1.15392,413.0,2026-03-18 04:30:00
1773809100,1.1539,1.15426,1.15388,1.15417,458.0,2026-03-18 04:45:00
1773810000,1.15417,1.15434,1.15402,1.15428,523.0,2026-03-18 05:00:00
1773810900,1.15428,1.1544,1.15416,1.15422,537.0,2026-03-18 05:15:00
1773811800,1.15421,1.15454,1.15417,1.15444,605.0,2026-03-18 05:30:00
1773812700,1.15443,1.1547,1.15437,1.15456,622.0,2026-03-18 05:45:00
1773813600,1.15456,1.15478,1.15446,1.15464,771.0,2026-03-18 06:00:00
1773814500,1.15466,1.15494,1.15464,1.15489,798.0,2026-03-18 06:15:00
1773815400,1.15488,1.15488,1.15398,1.15432,936.0,2026-03-18 06:30:00
1773816300,1.1543,1.15432,1.15396,1.15423,872.0,2026-03-18 06:45:00
1773817200,1.15424,1.15458,1.15407,1.15424,1205.0,2026-03-18 07:00:00
1773818100,1.15424,1.15424,1.1536,1.15375,950.0,2026-03-18 07:15:00
1773819000,1.15376,1.15377,1.15268,1.1527,1029.0,2026-03-18 07:30:00
1773819900,1.1527,1.15306,1.15234,1.15264,1273.0,2026-03-18 07:45:00
1773820800,1.15264,1.15305,1.15244,1.15283,1591.0,2026-03-18 08:00:00
1773821700,1.15282,1.15298,1.15178,1.15208,1406.0,2026-03-18 08:15:00
1773822600,1.15208,1.15265,1.15204,1.15261,1312.0,2026-03-18 08:30:00
1773823500,1.15262,1.15343,1.15252,1.15325,1446.0,2026-03-18 08:45:00
1773824400,1.15324,1.15333,1.15254,1.15254,1122.0,2026-03-18 09:00:00
1773825300,1.15254,1.15356,1.15252,1.15351,1203.0,2026-03-18 09:15:00
1773826200,1.1535,1.15396,1.15328,1.15384,1072.0,2026-03-18 09:30:00
1773827100,1.15384,1.15394,1.15358,1.15388,946.0,2026-03-18 09:45:00
1773828000,1.15388,1.1544,1.15382,1.15433,729.0,2026-03-18 10:00:00
1773828900,1.15434,1.15436,1.15366,1.15368,773.0,2026-03-18 10:15:00
1773829800,1.15367,1.15399,1.15338,1.15397,1017.0,2026-03-18 10:30:00
1773830700,1.15398,1.15422,1.15366,1.15399,970.0,2026-03-18 10:45:00
1773831600,1.15398,1.15493,1.15398,1.15489,1287.0,2026-03-18 11:00:00
1773832500,1.15488,1.15554,1.15321,1.15322,2474.0,2026-03-18 11:15:00
1773833400,1.15322,1.1546,1.153,1.15435,2431.0,2026-03-18 11:30:00
1773834300,1.15436,1.15496,1.1538,1.15467,2278.0,2026-03-18 11:45:00
1773835200,1.15468,1.15481,1.15308,1.15356,3544.0,2026-03-18 12:00:00
1773836100,1.15355,1.15355,1.15242,1.15255,3484.0,2026-03-18 12:15:00
1773837000,1.15254,1.15292,1.15132,1.15168,4672.0,2026-03-18 12:30:00
1773837900,1.1517,1.1519,1.15056,1.15075,4650.0,2026-03-18 12:45:00
1773838800,1.15074,1.1509,1.14931,1.14954,5024.0,2026-03-18 13:00:00
1773839700,1.14952,1.15072,1.14906,1.1507,3286.0,2026-03-18 13:15:00
1773840600,1.15071,1.1513,1.15016,1.15056,3432.0,2026-03-18 13:30:00
1773841500,1.15056,1.15156,1.1504,1.1515,3565.0,2026-03-18 13:45:00
1773842400,1.15149,1.15276,1.15062,1.15101,4400.0,2026-03-18 14:00:00
1773843300,1.151,1.15131,1.15042,1.15079,3548.0,2026-03-18 14:15:00
1773844200,1.15078,1.15154,1.15073,1.1513,2884.0,2026-03-18 14:30:00
1773845100,1.15129,1.15173,1.15092,1.15166,3056.0,2026-03-18 14:45:00
1773846000,1.15162,1.15296,1.15162,1.15211,3625.0,2026-03-18 15:00:00
1773846900,1.15213,1.15232,1.15163,1.152,2470.0,2026-03-18 15:15:00
1773847800,1.15199,1.1527,1.15192,1.15226,2230.0,2026-03-18 15:30:00
1773848700,1.15226,1.15234,1.15116,1.1513,2823.0,2026-03-18 15:45:00
1773849600,1.15129,1.15184,1.15113,1.15177,2112.0,2026-03-18 16:00:00
1773850500,1.15176,1.15222,1.15118,1.15188,1752.0,2026-03-18 16:15:00
1773851400,1.15186,1.15186,1.15077,1.15113,2173.0,2026-03-18 16:30:00
1773852300,1.1511,1.15116,1.15069,1.15108,1616.0,2026-03-18 16:45:00
1773853200,1.15108,1.15121,1.15032,1.15038,1682.0,2026-03-18 17:00:00
1773854100,1.1504,1.1509,1.15026,1.15068,1641.0,2026-03-18 17:15:00
1773855000,1.15068,1.1513,1.15046,1.15115,1740.0,2026-03-18 17:30:00
1773855900,1.15114,1.15175,1.1511,1.1517,1795.0,2026-03-18 17:45:00
1773856800,1.15172,1.15252,1.15116,1.15134,3876.0,2026-03-18 18:00:00
1773857700,1.15136,1.15136,1.15028,1.15101,3815.0,2026-03-18 18:15:00
1773858600,1.151,1.15121,1.14907,1.1491,6636.0,2026-03-18 18:30:00
1773859500,1.1491,1.14928,1.1477,1.14772,4703.0,2026-03-18 18:45:00
1773860400,1.14772,1.14827,1.14751,1.1476,3814.0,2026-03-18 19:00:00
1773861300,1.14759,1.14789,1.14704,1.1474,2300.0,2026-03-18 19:15:00
1773862200,1.14738,1.14812,1.14734,1.14758,1720.0,2026-03-18 19:30:00
1773863100,1.14758,1.14762,1.14685,1.14695,2190.0,2026-03-18 19:45:00
1773864000,1.14692,1.14706,1.14623,1.14636,1267.0,2026-03-18 20:00:00
1773864900,1.14634,1.14634,1.1452,1.14526,1159.0,2026-03-18 20:15:00
1773865800,1.14524,1.1455,1.14499,1.1455,871.0,2026-03-18 20:30:00
1773866700,1.14552,1.14566,1.145,1.14516,1138.0,2026-03-18 20:45:00
1773867600,1.14516,1.14602,1.14516,1.146,144.0,2026-03-18 21:00:00
1773868500,1.14598,1.14687,1.14556,1.14674,292.0,2026-03-18 21:15:00
1773869400,1.14672,1.14728,1.14664,1.14715,427.0,2026-03-18 21:30:00
1773870300,1.14712,1.14724,1.14654,1.14679,335.0,2026-03-18 21:45:00
1773871200,1.14674,1.14676,1.14526,1.14528,860.0,2026-03-18 22:00:00
1773872100,1.14528,1.14564,1.14512,1.14531,1051.0,2026-03-18 22:15:00
1773873000,1.14532,1.1457,1.14516,1.1456,695.0,2026-03-18 22:30:00
1773873900,1.14561,1.14588,1.14558,1.14568,691.0,2026-03-18 22:45:00
1773874800,1.14564,1.14607,1.14554,1.14582,947.0,2026-03-18 23:00:00
1773875700,1.14582,1.14628,1.14576,1.14626,621.0,2026-03-18 23:15:00
1773876600,1.14626,1.14658,1.14589,1.14598,1123.0,2026-03-18 23:30:00
1773877500,1.14596,1.14659,1.14576,1.14634,1530.0,2026-03-18 23:45:00
1773878400,1.14632,1.14694,1.14622,1.14658,1623.0,2026-03-19 00:00:00
1773879300,1.14658,1.14696,1.14642,1.14692,1081.0,2026-03-19 00:15:00
1773880200,1.14689,1.14708,1.14662,1.14668,1196.0,2026-03-19 00:30:00
1773881100,1.14668,1.14744,1.14668,1.14741,1604.0,2026-03-19 00:45:00
1773882000,1.14742,1.14787,1.14734,1.14773,1520.0,2026-03-19 01:00:00
1773882900,1.14772,1.14798,1.14755,1.14794,1296.0,2026-03-19 01:15:00
1773883800,1.14794,1.14837,1.14784,1.14808,1544.0,2026-03-19 01:30:00
1773884700,1.14807,1.14811,1.14762,1.14762,1129.0,2026-03-19 01:45:00
1773885600,1.14763,1.14898,1.14718,1.14884,2628.0,2026-03-19 02:00:00
1773886500,1.14887,1.14914,1.14857,1.14901,1313.0,2026-03-19 02:15:00
1773887400,1.14902,1.14906,1.14878,1.1489,1062.0,2026-03-19 02:30:00
1773888300,1.14889,1.14894,1.14815,1.1482,1390.0,2026-03-19 02:45:00
1773889200,1.14822,1.14834,1.14798,1.14826,787.0,2026-03-19 03:00:00
1773890100,1.14825,1.14832,1.14786,1.14794,791.0,2026-03-19 03:15:00
1773891000,1.14794,1.14794,1.14753,1.14765,667.0,2026-03-19 03:30:00
1773891900,1.14766,1.1478,1.14746,1.14746,606.0,2026-03-19 03:45:00
1773892800,1.14744,1.1475,1.14715,1.1473,583.0,2026-03-19 04:00:00
1773893700,1.1473,1.14739,1.14704,1.14712,845.0,2026-03-19 04:15:00
1773894600,1.14712,1.1473,1.1467,1.14692,755.0,2026-03-19 04:30:00
1773895500,1.14691,1.14704,1.1467,1.1469,522.0,2026-03-19 04:45:00
1773896400,1.14688,1.14704,1.14674,1.14686,585.0,2026-03-19 05:00:00
1773897300,1.14684,1.14712,1.1468,1.14694,658.0,2026-03-19 05:15:00
1773898200,1.14697,1.1471,1.14634,1.1465,1049.0,2026-03-19 05:30:00
1773899100,1.14651,1.14694,1.1465,1.14662,1037.0,2026-03-19 05:45:00
1773900000,1.14661,1.14726,1.14635,1.14726,1226.0,2026-03-19 06:00:00
1773900900,1.14726,1.14768,1.14688,1.14689,1253.0,2026-03-19 06:15:00
1773901800,1.1469,1.1469,1.14621,1.1467,1615.0,2026-03-19 06:30:00
1773902700,1.14672,1.14684,1.1461,1.14653,1927.0,2026-03-19 06:45:00
1773903600,1.14654,1.14732,1.14528,1.14677,4223.0,2026-03-19 07:00:00
1773904500,1.14678,1.14753,1.14646,1.14652,2878.0,2026-03-19 07:15:00
1773905400,1.14654,1.14682,1.1458,1.14603,2374.0,2026-03-19 07:30:00
1773906300,1.14604,1.1466,1.14508,1.14526,2641.0,2026-03-19 07:45:00
1773907200,1.14526,1.14554,1.1444,1.14479,3465.0,2026-03-19 08:00:00
1773908100,1.1448,1.14594,1.1448,1.14516,3155.0,2026-03-19 08:15:00
1773909000,1.14516,1.1459,1.1443,1.1446,4238.0,2026-03-19 08:30:00
1773909900,1.14461,1.1455,1.1446,1.1451,3018.0,2026-03-19 08:45:00
1773910800,1.14512,1.14658,1.1451,1.14642,3123.0,2026-03-19 09:00:00
1773911700,1.14641,1.14798,1.1457,1.1461,5327.0,2026-03-19 09:15:00
1773912600,1.1461,1.14724,1.14602,1.14676,4741.0,2026-03-19 09:30:00
1773913500,1.14675,1.14882,1.14657,1.14804,5789.0,2026-03-19 09:45:00
1773914400,1.14804,1.14804,1.14712,1.14734,3276.0,2026-03-19 10:00:00
1773915300,1.14734,1.14744,1.14666,1.14697,2206.0,2026-03-19 10:15:00
1773916200,1.14696,1.14734,1.14667,1.14732,1899.0,2026-03-19 10:30:00
1773917100,1.1473,1.14781,1.14714,1.1474,1983.0,2026-03-19 10:45:00
1773918000,1.14738,1.14814,1.14732,1.1479,2093.0,2026-03-19 11:00:00
1773918900,1.14789,1.14792,1.14657,1.14716,2096.0,2026-03-19 11:15:00
1773919800,1.14718,1.14734,1.14674,1.14685,1693.0,2026-03-19 11:30:00
1773920700,1.14686,1.14798,1.14678,1.14797,1728.0,2026-03-19 11:45:00
1773921600,1.14796,1.14836,1.14726,1.14749,5081.0,2026-03-19 12:00:00
1773922500,1.14748,1.14784,1.14636,1.14656,3517.0,2026-03-19 12:15:00
1773923400,1.14656,1.14899,1.14628,1.14854,5648.0,2026-03-19 12:30:00
1773924300,1.14854,1.14898,1.14826,1.14873,4268.0,2026-03-19 12:45:00
1773925200,1.14871,1.14964,1.14818,1.14896,4936.0,2026-03-19 13:00:00
1773926100,1.14896,1.15047,1.14776,1.14813,8522.0,2026-03-19 13:15:00
1773927000,1.14812,1.14896,1.14692,1.14822,10335.0,2026-03-19 13:30:00
1773927900,1.14818,1.15274,1.14782,1.1518,9515.0,2026-03-19 13:45:00
1773928800,1.15181,1.15284,1.15134,1.15138,9494.0,2026-03-19 14:00:00
1773929700,1.15136,1.15174,1.15005,1.15045,7262.0,2026-03-19 14:15:00
1773930600,1.15044,1.152,1.15024,1.15138,5675.0,2026-03-19 14:30:00
1773931500,1.15138,1.1522,1.15121,1.15164,4800.0,2026-03-19 14:45:00
1773932400,1.15163,1.1539,1.15132,1.15303,4346.0,2026-03-19 15:00:00
1773933300,1.15301,1.15311,1.15062,1.15108,4190.0,2026-03-19 15:15:00
1773934200,1.15107,1.15114,1.15006,1.15022,3716.0,2026-03-19 15:30:00
1773935100,1.15022,1.1518,1.14986,1.15142,6361.0,2026-03-19 15:45:00
1773936000,1.1514,1.1538,1.15119,1.1527,7338.0,2026-03-19 16:00:00
1773936900,1.15268,1.15349,1.15238,1.15336,4821.0,2026-03-19 16:15:00
1773937800,1.15337,1.15356,1.15266,1.1534,4248.0,2026-03-19 16:30:00
1773938700,1.15342,1.15368,1.15238,1.15358,3019.0,2026-03-19 16:45:00
1773939600,1.15359,1.15465,1.15358,1.15443,3304.0,2026-03-19 17:00:00
1773940500,1.15444,1.15602,1.15442,1.15574,2945.0,2026-03-19 17:15:00
1773941400,1.15576,1.15618,1.15538,1.15604,2219.0,2026-03-19 17:30:00
1773942300,1.15603,1.15676,1.1555,1.15602,2293.0,2026-03-19 17:45:00
1773943200,1.15602,1.15606,1.15536,1.1558,3212.0,2026-03-19 18:00:00
1773944100,1.15582,1.15606,1.15509,1.15602,2713.0,2026-03-19 18:15:00
1773945000,1.15603,1.1561,1.15537,1.15538,1601.0,2026-03-19 18:30:00
1773945900,1.15538,1.15843,1.15534,1.15838,2346.0,2026-03-19 18:45:00
1773946800,1.15838,1.16164,1.15828,1.16084,10643.0,2026-03-19 19:00:00
1773947700,1.16084,1.16133,1.1583,1.15887,8421.0,2026-03-19 19:15:00
1773948600,1.15889,1.15909,1.15815,1.15852,4221.0,2026-03-19 19:30:00
1773949500,1.15851,1.15884,1.15772,1.15848,2965.0,2026-03-19 19:45:00
1773950400,1.15848,1.15882,1.1582,1.1583,1476.0,2026-03-19 20:00:00
1773951300,1.1583,1.15894,1.15806,1.15886,750.0,2026-03-19 20:15:00
1773952200,1.15886,1.15886,1.1585,1.15858,587.0,2026-03-19 20:30:00
1773953100,1.15858,1.15903,1.15846,1.15891,690.0,2026-03-19 20:45:00
1773954000,1.15886,1.1589,1.1588,1.15882,41.0,2026-03-19 21:00:00
1773954900,1.15866,1.1587,1.15848,1.1585,107.0,2026-03-19 21:15:00
1773955800,1.15856,1.15868,1.15849,1.15862,260.0,2026-03-19 21:30:00
1773956700,1.1586,1.15862,1.15828,1.15834,219.0,2026-03-19 21:45:00
1773957600,1.15832,1.15952,1.15832,1.15882,784.0,2026-03-19 22:00:00
1773958500,1.15882,1.15884,1.15838,1.15842,809.0,2026-03-19 22:15:00
1773959400,1.15843,1.15843,1.15788,1.15795,815.0,2026-03-19 22:30:00
1773960300,1.15794,1.15812,1.15778,1.15785,575.0,2026-03-19 22:45:00
1773961200,1.15786,1.15818,1.15776,1.15784,1010.0,2026-03-19 23:00:00
1773962100,1.15785,1.15787,1.15755,1.15768,627.0,2026-03-19 23:15:00
1773963000,1.1577,1.15786,1.15754,1.15765,643.0,2026-03-19 23:30:00
1773963900,1.15766,1.15788,1.15746,1.15766,671.0,2026-03-19 23:45:00
1773964800,1.15766,1.15783,1.15727,1.15756,1044.0,2026-03-20 00:00:00
1773965700,1.15758,1.15801,1.1574,1.15741,1155.0,2026-03-20 00:15:00
1773966600,1.15742,1.15744,1.15712,1.15743,745.0,2026-03-20 00:30:00
1773967500,1.15742,1.15742,1.1571,1.15739,1043.0,2026-03-20 00:45:00
1773968400,1.15738,1.15771,1.15718,1.15746,1921.0,2026-03-20 01:00:00
1773969300,1.15746,1.15751,1.15687,1.15697,1490.0,2026-03-20 01:15:00
1773970200,1.15698,1.15711,1.15666,1.15678,1211.0,2026-03-20 01:30:00
1773971100,1.1568,1.15683,1.15636,1.15651,967.0,2026-03-20 01:45:00
1773972000,1.15653,1.1568,1.15626,1.1566,1011.0,2026-03-20 02:00:00
1773972900,1.15658,1.15662,1.1564,1.15646,580.0,2026-03-20 02:15:00
1773973800,1.15644,1.1567,1.15618,1.15625,828.0,2026-03-20 02:30:00
1773974700,1.15626,1.15656,1.15622,1.15637,673.0,2026-03-20 02:45:00
1773975600,1.15638,1.15638,1.15601,1.15602,720.0,2026-03-20 03:00:00
1773976500,1.15605,1.15618,1.15592,1.15602,639.0,2026-03-20 03:15:00
1773977400,1.15602,1.15604,1.15571,1.15578,556.0,2026-03-20 03:30:00
1773978300,1.15581,1.15584,1.15563,1.15568,551.0,2026-03-20 03:45:00
1773979200,1.15568,1.15583,1.15566,1.15579,458.0,2026-03-20 04:00:00
1773980100,1.15578,1.15594,1.1557,1.15586,486.0,2026-03-20 04:15:00
1773981000,1.15586,1.15598,1.15578,1.15586,345.0,2026-03-20 04:30:00
1773981900,1.15584,1.15588,1.1555,1.15556,598.0,2026-03-20 04:45:00
1773982800,1.15556,1.15594,1.15554,1.15592,585.0,2026-03-20 05:00:00
1773983700,1.1559,1.15612,1.15577,1.1559,621.0,2026-03-20 05:15:00
1773984600,1.1559,1.15592,1.15546,1.15564,693.0,2026-03-20 05:30:00
1773985500,1.15565,1.15567,1.15524,1.15526,736.0,2026-03-20 05:45:00
1773986400,1.15526,1.15624,1.15526,1.15612,659.0,2026-03-20 06:00:00
1773987300,1.1561,1.1562,1.15576,1.1562,737.0,2026-03-20 06:15:00
1773988200,1.15618,1.15663,1.15618,1.15623,1151.0,2026-03-20 06:30:00
1773989100,1.15623,1.15643,1.15586,1.15592,989.0,2026-03-20 06:45:00
1773990000,1.15591,1.15742,1.15558,1.15723,2411.0,2026-03-20 07:00:00
1773990900,1.15722,1.15744,1.15672,1.15706,1882.0,2026-03-20 07:15:00
1773991800,1.15705,1.15718,1.15652,1.15716,2243.0,2026-03-20 07:30:00
1773992700,1.15718,1.15754,1.1568,1.15733,1681.0,2026-03-20 07:45:00
1773993600,1.15734,1.15752,1.157,1.15744,2355.0,2026-03-20 08:00:00
1773994500,1.15742,1.15808,1.15742,1.15772,1886.0,2026-03-20 08:15:00
1773995400,1.15772,1.15784,1.15715,1.15748,2327.0,2026-03-20 08:30:00
1773996300,1.15748,1.1575,1.15676,1.15678,1741.0,2026-03-20 08:45:00
1773997200,1.15678,1.1573,1.15632,1.15682,1939.0,2026-03-20 09:00:00
1773998100,1.15682,1.15686,1.1564,1.15656,2253.0,2026-03-20 09:15:00
1773999000,1.1566,1.1567,1.15552,1.15582,1870.0,2026-03-20 09:30:00
1773999900,1.15581,1.15582,1.15478,1.15488,3236.0,2026-03-20 09:45:00
1774000800,1.15486,1.1549,1.15351,1.15426,3190.0,2026-03-20 10:00:00
1774001700,1.15426,1.1547,1.15414,1.15446,2056.0,2026-03-20 10:15:00
1774002600,1.15446,1.15588,1.15434,1.1558,2102.0,2026-03-20 10:30:00
1774003500,1.1558,1.15626,1.15538,1.156,1890.0,2026-03-20 10:45:00
1774004400,1.156,1.15696,1.15574,1.15668,2334.0,2026-03-20 11:00:00
1774005300,1.15667,1.1572,1.15655,1.15685,1805.0,2026-03-20 11:15:00
1774006200,1.15684,1.158,1.15681,1.15786,1951.0,2026-03-20 11:30:00
1774007100,1.15786,1.15786,1.15672,1.15716,1916.0,2026-03-20 11:45:00
1774008000,1.15716,1.15792,1.15664,1.15737,3718.0,2026-03-20 12:00:00
1774008900,1.15738,1.1578,1.15713,1.15768,2624.0,2026-03-20 12:15:00
1774009800,1.15766,1.15798,1.15661,1.15702,3920.0,2026-03-20 12:30:00
1774010700,1.15698,1.15724,1.15622,1.15644,3188.0,2026-03-20 12:45:00
1774011600,1.15646,1.1566,1.15537,1.15578,3177.0,2026-03-20 13:00:00
1774012500,1.1558,1.15596,1.15532,1.15542,2028.0,2026-03-20 13:15:00
1774013400,1.15542,1.15586,1.15506,1.1558,4234.0,2026-03-20 13:30:00
1774014300,1.1558,1.15597,1.154,1.15412,5152.0,2026-03-20 13:45:00
1774015200,1.15412,1.1544,1.15364,1.1537,4825.0,2026-03-20 14:00:00
1774016100,1.15369,1.15393,1.15246,1.15261,4929.0,2026-03-20 14:15:00
1774017000,1.1526,1.15364,1.15258,1.15331,4136.0,2026-03-20 14:30:00
1774017900,1.15332,1.1539,1.15301,1.15349,3885.0,2026-03-20 14:45:00
1774018800,1.1535,1.15484,1.15349,1.15477,4375.0,2026-03-20 15:00:00
1774019700,1.15476,1.15578,1.15402,1.1546,5862.0,2026-03-20 15:15:00
1774020600,1.15458,1.15536,1.15424,1.15458,4444.0,2026-03-20 15:30:00
1774021500,1.15458,1.1549,1.15381,1.15421,4059.0,2026-03-20 15:45:00
1774022400,1.15422,1.15589,1.15414,1.15572,3119.0,2026-03-20 16:00:00
1774023300,1.15573,1.15666,1.15568,1.15588,2948.0,2026-03-20 16:15:00
1774024200,1.15589,1.15608,1.1551,1.15583,2848.0,2026-03-20 16:30:00
1774025100,1.15582,1.15651,1.15548,1.15592,2226.0,2026-03-20 16:45:00
1774026000,1.15594,1.15662,1.15498,1.15623,5283.0,2026-03-20 17:00:00
1774026900,1.15622,1.15696,1.15598,1.15678,2583.0,2026-03-20 17:15:00
1774027800,1.15678,1.15706,1.15568,1.15627,2711.0,2026-03-20 17:30:00
1774028700,1.15628,1.15635,1.1557,1.15579,2174.0,2026-03-20 17:45:00
1774029600,1.15582,1.1562,1.15565,1.1561,2345.0,2026-03-20 18:00:00
1774030500,1.15609,1.15716,1.15477,1.15672,4499.0,2026-03-20 18:15:00
1774031400,1.1567,1.15696,1.15589,1.15601,3651.0,2026-03-20 18:30:00
1774032300,1.15599,1.15619,1.15476,1.15506,2503.0,2026-03-20 18:45:00
1774033200,1.15506,1.1555,1.1547,1.1551,2142.0,2026-03-20 19:00:00
1774034100,1.15509,1.1558,1.15503,1.15526,2042.0,2026-03-20 19:15:00
1774035000,1.15528,1.156,1.15472,1.1559,2132.0,2026-03-20 19:30:00
1774035900,1.15591,1.1562,1.15532,1.15584,2382.0,2026-03-20 19:45:00
1774036800,1.15582,1.15622,1.15574,1.1562,756.0,2026-03-20 20:00:00
1774037700,1.15618,1.1566,1.15608,1.15644,673.0,2026-03-20 20:15:00
1774038600,1.15644,1.15664,1.15614,1.15629,666.0,2026-03-20 20:30:00
1774039500,1.15626,1.15722,1.15619,1.15711,1880.0,2026-03-20 20:45:00
1774213200,1.15378,1.15378,1.15374,1.15378,7.0,2026-03-22 21:00:00
1774214100,1.15379,1.15398,1.15378,1.15386,100.0,2026-03-22 21:15:00
1774215000,1.15384,1.15394,1.15372,1.15385,76.0,2026-03-22 21:30:00
1774215900,1.15386,1.1547,1.1538,1.1542,154.0,2026-03-22 21:45:00
1774216800,1.15422,1.15565,1.15412,1.15483,838.0,2026-03-22 22:00:00
1774217700,1.15485,1.15623,1.15459,1.15591,1275.0,2026-03-22 22:15:00
1774218600,1.15592,1.15628,1.15539,1.15554,1059.0,2026-03-22 22:30:00
1774219500,1.15555,1.15597,1.15555,1.15583,631.0,2026-03-22 22:45:00
1774220400,1.15584,1.15624,1.15574,1.15616,1292.0,2026-03-22 23:00:00
1774221300,1.15616,1.1564,1.156,1.15638,1025.0,2026-03-22 23:15:00
1774222200,1.15638,1.15648,1.15598,1.15633,878.0,2026-03-22 23:30:00
1774223100,1.15634,1.15645,1.15589,1.15621,1328.0,2026-03-22 23:45:00
1774224000,1.15622,1.15644,1.15544,1.15616,2486.0,2026-03-23 00:00:00
1774224900,1.15617,1.15634,1.1557,1.15579,1745.0,2026-03-23 00:15:00
1774225800,1.15581,1.15584,1.15386,1.15409,2707.0,2026-03-23 00:30:00
1774226700,1.1541,1.15476,1.15403,1.15444,2979.0,2026-03-23 00:45:00
1774227600,1.15443,1.15589,1.15443,1.15586,2842.0,2026-03-23 01:00:00
1774228500,1.15587,1.1561,1.15552,1.15568,2567.0,2026-03-23 01:15:00
1774229400,1.15569,1.15617,1.15528,1.15598,3030.0,2026-03-23 01:30:00
1774230300,1.15598,1.15598,1.1553,1.15544,2058.0,2026-03-23 01:45:00
1774231200,1.15546,1.15574,1.1549,1.15504,2244.0,2026-03-23 02:00:00
1774232100,1.15504,1.15546,1.15502,1.1551,1484.0,2026-03-23 02:15:00
1774233000,1.15511,1.15512,1.1543,1.15478,1539.0,2026-03-23 02:30:00
1774233900,1.15478,1.15486,1.15432,1.15467,1284.0,2026-03-23 02:45:00
1774234800,1.15468,1.1549,1.15426,1.1545,1177.0,2026-03-23 03:00:00
1774235700,1.15452,1.1549,1.15446,1.15479,1059.0,2026-03-23 03:15:00
1774236600,1.15478,1.15498,1.15466,1.15491,1033.0,2026-03-23 03:30:00
1774237500,1.15492,1.15504,1.15468,1.15472,1065.0,2026-03-23 03:45:00
1774238400,1.15474,1.15509,1.15464,1.15496,1037.0,2026-03-23 04:00:00
1774239300,1.15496,1.15516,1.15484,1.15484,671.0,2026-03-23 04:15:00
1774240200,1.15484,1.15495,1.15458,1.15473,734.0,2026-03-23 04:30:00
1774241100,1.15474,1.15508,1.15466,1.15506,793.0,2026-03-23 04:45:00
1774242000,1.15504,1.15525,1.15486,1.15492,1119.0,2026-03-23 05:00:00
1774242900,1.1549,1.1549,1.15394,1.15418,1056.0,2026-03-23 05:15:00
1774243800,1.15417,1.15424,1.15368,1.15375,1522.0,2026-03-23 05:30:00
1774244700,1.15374,1.15382,1.15342,1.15342,1488.0,2026-03-23 05:45:00
1774245600,1.15342,1.15344,1.15249,1.15292,2044.0,2026-03-23 06:00:00
1774246500,1.15294,1.15305,1.15226,1.1526,2060.0,2026-03-23 06:15:00
1774247400,1.15262,1.1528,1.15206,1.15212,2194.0,2026-03-23 06:30:00
1774248300,1.15212,1.15317,1.15205,1.15306,2176.0,2026-03-23 06:45:00
1774249200,1.15306,1.15373,1.15302,1.1533,2412.0,2026-03-23 07:00:00
1774250100,1.15329,1.15329,1.15237,1.15244,2989.0,2026-03-23 07:15:00
1774251000,1.15242,1.15404,1.15238,1.15384,2715.0,2026-03-23 07:30:00
1774251900,1.15381,1.1539,1.15262,1.15272,2740.0,2026-03-23 07:45:00
1774252800,1.15274,1.15376,1.1526,1.15362,4018.0,2026-03-23 08:00:00
1774253700,1.15362,1.15454,1.15314,1.15434,3690.0,2026-03-23 08:15:00
1774254600,1.15434,1.15462,1.15296,1.15322,3254.0,2026-03-23 08:30:00
1774255500,1.15322,1.1536,1.15294,1.15297,3003.0,2026-03-23 08:45:00
1774256400,1.15301,1.15344,1.15232,1.15253,3009.0,2026-03-23 09:00:00
1774257300,1.15252,1.15252,1.15116,1.15152,2727.0,2026-03-23 09:15:00
1774258200,1.15155,1.15172,1.14982,1.14991,2580.0,2026-03-23 09:30:00
1774259100,1.14992,1.15016,1.14911,1.1495,3041.0,2026-03-23 09:45:00
1774260000,1.14948,1.1496,1.14875,1.14885,2701.0,2026-03-23 10:00:00
1774260900,1.14886,1.14934,1.14853,1.1488,2031.0,2026-03-23 10:15:00
1774261800,1.14881,1.14945,1.14865,1.14906,2701.0,2026-03-23 10:30:00
1774262700,1.14906,1.15014,1.14846,1.14858,3526.0,2026-03-23 10:45:00
1774263600,1.14862,1.162,1.1486,1.15657,21951.0,2026-03-23 11:00:00
1774264500,1.15656,1.15892,1.15253,1.1561,21179.0,2026-03-23 11:15:00
1774265400,1.15612,1.15964,1.15591,1.15804,13901.0,2026-03-23 11:30:00
1774266300,1.15803,1.15874,1.15511,1.15564,13488.0,2026-03-23 11:45:00
1774267200,1.15564,1.15694,1.15464,1.15558,11211.0,2026-03-23 12:00:00
1774268100,1.15559,1.15796,1.15558,1.15724,8015.0,2026-03-23 12:15:00
1774269000,1.15724,1.16014,1.15591,1.16,10703.0,2026-03-23 12:30:00
1774269900,1.16002,1.16144,1.15912,1.16127,11075.0,2026-03-23 12:45:00
1774270800,1.1613,1.16156,1.15878,1.15914,10666.0,2026-03-23 13:00:00
1774271700,1.15914,1.15931,1.158,1.15873,6027.0,2026-03-23 13:15:00
1774272600,1.15875,1.16078,1.15802,1.1591,12600.0,2026-03-23 13:30:00
1774273500,1.15908,1.16073,1.15891,1.15998,10259.0,2026-03-23 13:45:00
1774274400,1.15997,1.16112,1.1593,1.1601,10791.0,2026-03-23 14:00:00
1774275300,1.16012,1.16314,1.15986,1.16264,8457.0,2026-03-23 14:15:00
1774276200,1.16264,1.16399,1.162,1.16257,8748.0,2026-03-23 14:30:00
1774277100,1.16258,1.16295,1.16152,1.16153,7725.0,2026-03-23 14:45:00
1774278000,1.16152,1.16312,1.16148,1.16225,7186.0,2026-03-23 15:00:00
1774278900,1.16226,1.16236,1.16074,1.16092,7012.0,2026-03-23 15:15:00
1774279800,1.16091,1.16117,1.15985,1.16006,6600.0,2026-03-23 15:30:00
1774280700,1.16004,1.16016,1.1582,1.15862,8419.0,2026-03-23 15:45:00
1774281600,1.15859,1.15922,1.15776,1.15858,7187.0,2026-03-23 16:00:00
1774282500,1.15857,1.15857,1.15764,1.15788,6224.0,2026-03-23 16:15:00
1774283400,1.15789,1.15938,1.1578,1.15934,5441.0,2026-03-23 16:30:00
1774284300,1.15935,1.16008,1.15876,1.15911,5179.0,2026-03-23 16:45:00
1774285200,1.15912,1.16,1.15867,1.15953,4927.0,2026-03-23 17:00:00
1774286100,1.15955,1.16014,1.15903,1.15997,4499.0,2026-03-23 17:15:00
1774287000,1.15996,1.16098,1.15982,1.15984,4095.0,2026-03-23 17:30:00
1774287900,1.15986,1.16046,1.1593,1.16018,2719.0,2026-03-23 17:45:00
1774288800,1.16018,1.16084,1.15918,1.16057,4884.0,2026-03-23 18:00:00
1774289700,1.16056,1.1613,1.16006,1.16126,3026.0,2026-03-23 18:15:00
1774290600,1.16125,1.16348,1.16124,1.16286,4103.0,2026-03-23 18:30:00
1774291500,1.16285,1.16374,1.16267,1.1635,3532.0,2026-03-23 18:45:00
1774292400,1.16348,1.16354,1.16246,1.16252,2691.0,2026-03-23 19:00:00
1774293300,1.16253,1.16261,1.16169,1.16174,2170.0,2026-03-23 19:15:00
1774294200,1.16172,1.16193,1.16128,1.16164,1469.0,2026-03-23 19:30:00
1774295100,1.16165,1.1618,1.16128,1.16133,1762.0,2026-03-23 19:45:00
1774296000,1.16132,1.16153,1.16106,1.16146,872.0,2026-03-23 20:00:00
1774296900,1.16146,1.1615,1.16102,1.16105,541.0,2026-03-23 20:15:00
1774297800,1.16104,1.16129,1.16097,1.16128,535.0,2026-03-23 20:30:00
1774298700,1.16128,1.16136,1.16096,1.16112,558.0,2026-03-23 20:45:00
1774299600,1.16138,1.16143,1.16124,1.16138,78.0,2026-03-23 21:00:00
1774300500,1.16136,1.16151,1.16133,1.16142,130.0,2026-03-23 21:15:00
1774301400,1.16144,1.16147,1.16131,1.16146,149.0,2026-03-23 21:30:00
1774302300,1.16148,1.16154,1.16134,1.16148,197.0,2026-03-23 21:45:00
1774303200,1.16148,1.16155,1.16082,1.16149,628.0,2026-03-23 22:00:00
1774304100,1.16149,1.16156,1.16118,1.16154,582.0,2026-03-23 22:15:00
1774305000,1.16154,1.16154,1.16112,1.16113,513.0,2026-03-23 22:30:00
1774305900,1.16114,1.16178,1.16102,1.16148,940.0,2026-03-23 22:45:00
1774306800,1.16148,1.16159,1.1611,1.16118,979.0,2026-03-23 23:00:00
1774307700,1.16117,1.16143,1.16112,1.16122,677.0,2026-03-23 23:15:00
1774308600,1.1612,1.16124,1.16086,1.16113,659.0,2026-03-23 23:30:00
1774309500,1.16115,1.16116,1.1606,1.1608,1280.0,2026-03-23 23:45:00
1774310400,1.1608,1.16088,1.15938,1.15938,2027.0,2026-03-24 00:00:00
1774311300,1.15939,1.15976,1.15895,1.15944,2324.0,2026-03-24 00:15:00
1774312200,1.15945,1.15964,1.15812,1.15844,4339.0,2026-03-24 00:30:00
1774313100,1.15846,1.15932,1.15842,1.15884,3072.0,2026-03-24 00:45:00
1774314000,1.15886,1.1596,1.15866,1.15945,3322.0,2026-03-24 01:00:00
1774314900,1.15944,1.15946,1.15868,1.15887,2692.0,2026-03-24 01:15:00
1774315800,1.15886,1.15897,1.15805,1.15808,2632.0,2026-03-24 01:30:00
1774316700,1.15808,1.15864,1.15786,1.15846,2075.0,2026-03-24 01:45:00
1774317600,1.15845,1.15869,1.15828,1.15843,2150.0,2026-03-24 02:00:00
1774318500,1.15841,1.1591,1.15829,1.15908,1977.0,2026-03-24 02:15:00
1774319400,1.15909,1.15924,1.15878,1.159,1824.0,2026-03-24 02:30:00
1774320300,1.159,1.15916,1.15828,1.15859,2012.0,2026-03-24 02:45:00
1774321200,1.1586,1.15878,1.15814,1.15865,1696.0,2026-03-24 03:00:00
1774322100,1.15864,1.15894,1.15864,1.15886,1012.0,2026-03-24 03:15:00
1774323000,1.15887,1.15887,1.15822,1.15841,1277.0,2026-03-24 03:30:00
1774323900,1.15839,1.15853,1.15816,1.1583,1044.0,2026-03-24 03:45:00
1774324800,1.15832,1.15836,1.15777,1.15786,1138.0,2026-03-24 04:00:00
1774325700,1.15786,1.15788,1.15758,1.15772,1081.0,2026-03-24 04:15:00
1774326600,1.15773,1.158,1.1576,1.15793,957.0,2026-03-24 04:30:00
1774327500,1.15795,1.15828,1.15792,1.15802,821.0,2026-03-24 04:45:00
1774328400,1.15803,1.15814,1.15758,1.15791,1668.0,2026-03-24 05:00:00
1774329300,1.15792,1.15848,1.1579,1.15814,2016.0,2026-03-24 05:15:00
1774330200,1.15816,1.15874,1.15803,1.15868,1857.0,2026-03-24 05:30:00
1774331100,1.15868,1.15893,1.15829,1.15838,1622.0,2026-03-24 05:45:00
1774332000,1.15837,1.15888,1.15792,1.15816,2559.0,2026-03-24 06:00:00
1774332900,1.15816,1.15864,1.15794,1.15831,1988.0,2026-03-24 06:15:00
1774333800,1.15829,1.15844,1.15803,1.1583,2424.0,2026-03-24 06:30:00
1774334700,1.1583,1.15925,1.15802,1.15919,2385.0,2026-03-24 06:45:00
1774335600,1.15918,1.1618,1.15892,1.16152,3903.0,2026-03-24 07:00:00
1774336500,1.16152,1.16152,1.16032,1.16032,3314.0,2026-03-24 07:15:00
1774337400,1.16033,1.16097,1.15965,1.16082,3767.0,2026-03-24 07:30:00
1774338300,1.1608,1.1609,1.16006,1.16086,3031.0,2026-03-24 07:45:00
1774339200,1.16086,1.16094,1.15996,1.16006,4341.0,2026-03-24 08:00:00
1774340100,1.15994,1.16048,1.1591,1.15923,3789.0,2026-03-24 08:15:00
1774341000,1.15924,1.15974,1.15912,1.15956,2877.0,2026-03-24 08:30:00
1774341900,1.15956,1.15986,1.15816,1.15884,3961.0,2026-03-24 08:45:00
1774342800,1.15886,1.1594,1.15815,1.15828,3581.0,2026-03-24 09:00:00
1774343700,1.15824,1.15874,1.15788,1.15848,2425.0,2026-03-24 09:15:00
1774344600,1.15847,1.15956,1.15838,1.15944,2381.0,2026-03-24 09:30:00
1774345500,1.15946,1.1597,1.15906,1.15948,1968.0,2026-03-24 09:45:00
1774346400,1.15948,1.15964,1.15894,1.15929,1995.0,2026-03-24 10:00:00
1774347300,1.1593,1.15958,1.15872,1.15888,1861.0,2026-03-24 10:15:00
1774348200,1.15888,1.159,1.15845,1.15892,2047.0,2026-03-24 10:30:00
1774349100,1.15892,1.15922,1.15833,1.15922,2143.0,2026-03-24 10:45:00
1774350000,1.1592,1.16008,1.15875,1.15971,2776.0,2026-03-24 11:00:00
1774350900,1.15972,1.15972,1.15902,1.15942,1813.0,2026-03-24 11:15:00
1774351800,1.15941,1.15975,1.15907,1.15952,2126.0,2026-03-24 11:30:00
1774352700,1.15952,1.15961,1.15789,1.15893,3240.0,2026-03-24 11:45:00
1774353600,1.15894,1.15938,1.15866,1.1589,2607.0,2026-03-24 12:00:00
1774354500,1.1589,1.15943,1.15841,1.15928,2486.0,2026-03-24 12:15:00
1774355400,1.15926,1.15938,1.1581,1.15818,2979.0,2026-03-24 12:30:00
1774356300,1.15819,1.15994,1.15819,1.15846,3944.0,2026-03-24 12:45:00
1774357200,1.15848,1.15907,1.15681,1.1577,6404.0,2026-03-24 13:00:00
1774358100,1.15772,1.15795,1.157,1.15706,4149.0,2026-03-24 13:15:00
1774359000,1.15705,1.15754,1.15678,1.1569,6245.0,2026-03-24 13:30:00
1774359900,1.1569,1.15784,1.15672,1.15776,4735.0,2026-03-24 13:45:00
1774360800,1.15775,1.15928,1.15773,1.15886,5063.0,2026-03-24 14:00:00
1774361700,1.15885,1.15962,1.15868,1.15937,4092.0,2026-03-24 14:15:00
1774362600,1.15937,1.1596,1.15876,1.15921,3861.0,2026-03-24 14:30:00
1774363500,1.15922,1.1607,1.15802,1.15896,9972.0,2026-03-24 14:45:00
1774364400,1.15894,1.15955,1.15845,1.15887,7751.0,2026-03-24 15:00:00
1774365300,1.15888,1.15962,1.1584,1.15936,4144.0,2026-03-24 15:15:00
1774366200,1.15938,1.15974,1.15865,1.15883,3572.0,2026-03-24 15:30:00
1774367100,1.15882,1.15882,1.15759,1.15778,3712.0,2026-03-24 15:45:00
1774368000,1.15778,1.15856,1.15741,1.15848,3327.0,2026-03-24 16:00:00
1774368900,1.15848,1.15922,1.15847,1.15908,2391.0,2026-03-24 16:15:00
1774369800,1.15908,1.15924,1.15816,1.1587,2238.0,2026-03-24 16:30:00
1774370700,1.15869,1.15888,1.15826,1.15827,2263.0,2026-03-24 16:45:00
1774371600,1.15826,1.15832,1.1557,1.15637,6556.0,2026-03-24 17:00:00
1774372500,1.15638,1.15724,1.15628,1.1571,4523.0,2026-03-24 17:15:00
1774373400,1.15708,1.1575,1.15668,1.1568,2731.0,2026-03-24 17:30:00
1774374300,1.15677,1.15843,1.15651,1.15762,6034.0,2026-03-24 17:45:00
1774375200,1.15762,1.15808,1.15678,1.15721,3471.0,2026-03-24 18:00:00
1774376100,1.15723,1.15794,1.15694,1.15792,3636.0,2026-03-24 18:15:00
1774377000,1.15792,1.15925,1.15773,1.15859,3615.0,2026-03-24 18:30:00
1774377900,1.1586,1.15866,1.15788,1.15822,2732.0,2026-03-24 18:45:00
1774378800,1.15822,1.15928,1.15822,1.15908,2232.0,2026-03-24 19:00:00
1774379700,1.15908,1.15914,1.15875,1.15878,1668.0,2026-03-24 19:15:00
1774380600,1.15879,1.1588,1.1584,1.15862,1566.0,2026-03-24 19:30:00
1774381500,1.15861,1.15882,1.15845,1.15856,1517.0,2026-03-24 19:45:00
1774382400,1.15854,1.15864,1.15829,1.15837,633.0,2026-03-24 20:00:00
1774383300,1.15838,1.16284,1.15837,1.16065,7277.0,2026-03-24 20:15:00
1774384200,1.16064,1.16156,1.16006,1.16052,6136.0,2026-03-24 20:30:00
1774385100,1.16054,1.16099,1.15994,1.16076,2566.0,2026-03-24 20:45:00
1774386000,1.16064,1.16099,1.16034,1.16034,201.0,2026-03-24 21:00:00
1774386900,1.16035,1.16072,1.16018,1.16072,244.0,2026-03-24 21:15:00
1774387800,1.16068,1.16082,1.16044,1.16079,728.0,2026-03-24 21:30:00
1774388700,1.16078,1.16134,1.16078,1.1612,614.0,2026-03-24 21:45:00
1774389600,1.1611,1.16192,1.16104,1.1612,1133.0,2026-03-24 22:00:00
1774390500,1.16118,1.16126,1.16045,1.16114,1095.0,2026-03-24 22:15:00
1774391400,1.16112,1.16142,1.161,1.16133,995.0,2026-03-24 22:30:00
1774392300,1.16134,1.16157,1.16123,1.16142,691.0,2026-03-24 22:45:00
1774393200,1.16142,1.16156,1.16084,1.16126,1247.0,2026-03-24 23:00:00
1774394100,1.16126,1.16182,1.16098,1.16178,1004.0,2026-03-24 23:15:00
1774395000,1.16178,1.16178,1.16118,1.16118,1026.0,2026-03-24 23:30:00
1774395900,1.1612,1.16153,1.16108,1.16138,775.0,2026-03-24 23:45:00
1774396800,1.16138,1.16274,1.16126,1.16246,2630.0,2026-03-25 00:00:00
1774397700,1.16243,1.16252,1.1617,1.16205,2231.0,2026-03-25 00:15:00
1774398600,1.16202,1.16307,1.16134,1.16282,2666.0,2026-03-25 00:30:00
1774399500,1.16282,1.16298,1.1623,1.16234,2035.0,2026-03-25 00:45:00
1774400400,1.16232,1.16242,1.16178,1.16183,3031.0,2026-03-25 01:00:00
1774401300,1.16183,1.16245,1.16183,1.16199,1914.0,2026-03-25 01:15:00
1774402200,1.16198,1.16237,1.16168,1.16186,1971.0,2026-03-25 01:30:00
1774403100,1.16186,1.16204,1.16118,1.16121,1652.0,2026-03-25 01:45:00
1774404000,1.16122,1.16131,1.16044,1.16062,1485.0,2026-03-25 02:00:00
1774404900,1.16064,1.1609,1.16046,1.16075,1301.0,2026-03-25 02:15:00
1774405800,1.16076,1.1608,1.16042,1.16067,1016.0,2026-03-25 02:30:00
1774406700,1.16066,1.16084,1.16012,1.16042,1288.0,2026-03-25 02:45:00
1774407600,1.16042,1.16057,1.16018,1.1603,1040.0,2026-03-25 03:00:00
1774408500,1.16029,1.16058,1.16018,1.16024,816.0,2026-03-25 03:15:00
1774409400,1.16024,1.16048,1.16008,1.16037,819.0,2026-03-25 03:30:00
1774410300,1.16038,1.16046,1.16026,1.16039,712.0,2026-03-25 03:45:00
1774411200,1.16038,1.16038,1.15981,1.16004,891.0,2026-03-25 04:00:00
1774412100,1.16006,1.16042,1.15999,1.16027,583.0,2026-03-25 04:15:00
1774413000,1.16028,1.16038,1.1599,1.15992,872.0,2026-03-25 04:30:00
1774413900,1.15993,1.15994,1.15975,1.15979,712.0,2026-03-25 04:45:00
1774414800,1.15978,1.15979,1.15942,1.15962,846.0,2026-03-25 05:00:00
1774415700,1.15962,1.15962,1.15923,1.15946,951.0,2026-03-25 05:15:00
1774416600,1.15948,1.15982,1.15947,1.15959,1252.0,2026-03-25 05:30:00
1774417500,1.15958,1.15959,1.1589,1.15922,1142.0,2026-03-25 05:45:00
1774418400,1.15922,1.15946,1.1587,1.15892,1509.0,2026-03-25 06:00:00
1774419300,1.15892,1.15937,1.15889,1.15912,1404.0,2026-03-25 06:15:00
1774420200,1.15912,1.15966,1.15912,1.15944,942.0,2026-03-25 06:30:00
1774421100,1.15942,1.15998,1.15922,1.15964,1109.0,2026-03-25 06:45:00
1774422000,1.15961,1.16027,1.15953,1.16016,1867.0,2026-03-25 07:00:00
1774422900,1.16016,1.16053,1.15972,1.1601,2141.0,2026-03-25 07:15:00
1774423800,1.16008,1.16014,1.15884,1.15951,2020.0,2026-03-25 07:30:00
1774424700,1.15952,1.16034,1.15952,1.15976,2316.0,2026-03-25 07:45:00
1774425600,1.15977,1.16085,1.15906,1.16066,3916.0,2026-03-25 08:00:00
1774426500,1.16067,1.16161,1.16042,1.1614,2744.0,2026-03-25 08:15:00
1774427400,1.16141,1.16166,1.1606,1.16118,3552.0,2026-03-25 08:30:00
1774428300,1.16119,1.16149,1.16018,1.16027,2411.0,2026-03-25 08:45:00
1774429200,1.16028,1.16093,1.16012,1.16044,2192.0,2026-03-25 09:00:00
1774430100,1.16043,1.16048,1.1596,1.1597,1906.0,2026-03-25 09:15:00
1774431000,1.15972,1.1599,1.15914,1.15962,1833.0,2026-03-25 09:30:00
1774431900,1.15962,1.16018,1.15914,1.15992,2508.0,2026-03-25 09:45:00
1774432800,1.15993,1.16057,1.15992,1.16012,2276.0,2026-03-25 10:00:00
1774433700,1.16012,1.16036,1.15968,1.15971,1657.0,2026-03-25 10:15:00
1774434600,1.15971,1.16027,1.15958,1.15968,1365.0,2026-03-25 10:30:00
1774435500,1.15966,1.16054,1.15966,1.16044,1726.0,2026-03-25 10:45:00
1774436400,1.16044,1.16114,1.16042,1.16051,1544.0,2026-03-25 11:00:00
1774437300,1.16052,1.16092,1.16025,1.1606,1357.0,2026-03-25 11:15:00
1774438200,1.1606,1.16068,1.16022,1.16064,1153.0,2026-03-25 11:30:00
1774439100,1.16064,1.16074,1.15942,1.16055,3875.0,2026-03-25 11:45:00
1774440000,1.16056,1.16138,1.16056,1.16104,2718.0,2026-03-25 12:00:00
1774440900,1.16106,1.1611,1.15877,1.15955,5895.0,2026-03-25 12:15:00
1774441800,1.15954,1.15982,1.15907,1.15919,3886.0,2026-03-25 12:30:00
1774442700,1.1592,1.15926,1.15864,1.15914,2498.0,2026-03-25 12:45:00
1774443600,1.15915,1.1599,1.1587,1.159,3895.0,2026-03-25 13:00:00
1774444500,1.15901,1.15906,1.15842,1.15842,2340.0,2026-03-25 13:15:00
1774445400,1.15844,1.15886,1.15788,1.15803,4174.0,2026-03-25 13:30:00
1774446300,1.15804,1.15814,1.15716,1.15729,3624.0,2026-03-25 13:45:00
1774447200,1.1573,1.15765,1.15664,1.15765,4422.0,2026-03-25 14:00:00
1774448100,1.15764,1.15831,1.15721,1.15816,4407.0,2026-03-25 14:15:00
1774449000,1.15818,1.15856,1.15774,1.15781,3029.0,2026-03-25 14:30:00
1774449900,1.15782,1.15878,1.15778,1.15861,2604.0,2026-03-25 14:45:00
1774450800,1.1586,1.15894,1.15748,1.15753,3207.0,2026-03-25 15:00:00
1774451700,1.15752,1.15769,1.15658,1.1575,4807.0,2026-03-25 15:15:00
1774452600,1.15748,1.1578,1.15653,1.1568,3156.0,2026-03-25 15:30:00
1774453500,1.1568,1.15707,1.1563,1.157,3380.0,2026-03-25 15:45:00
1774454400,1.15698,1.15734,1.15554,1.15617,3685.0,2026-03-25 16:00:00
1774455300,1.15618,1.15766,1.15584,1.15716,4182.0,2026-03-25 16:15:00
1774456200,1.15714,1.15726,1.15683,1.15708,2863.0,2026-03-25 16:30:00
1774457100,1.15706,1.15728,1.15672,1.15676,1738.0,2026-03-25 16:45:00
1774458000,1.15674,1.15729,1.15648,1.15704,2528.0,2026-03-25 17:00:00
1774458900,1.15704,1.15767,1.15682,1.1576,1874.0,2026-03-25 17:15:00
1774459800,1.15761,1.15838,1.15742,1.15808,1974.0,2026-03-25 17:30:00
1774460700,1.15809,1.15836,1.15748,1.15784,2473.0,2026-03-25 17:45:00
1774461600,1.15783,1.15812,1.15756,1.15785,1811.0,2026-03-25 18:00:00
1774462500,1.15786,1.1581,1.15776,1.15786,1529.0,2026-03-25 18:15:00
1774463400,1.15786,1.158,1.15704,1.15706,1433.0,2026-03-25 18:30:00
1774464300,1.15704,1.15713,1.1561,1.15666,2435.0,2026-03-25 18:45:00
1774465200,1.15665,1.15665,1.15592,1.15608,1834.0,2026-03-25 19:00:00
1774466100,1.15606,1.15663,1.15605,1.15632,1574.0,2026-03-25 19:15:00
1774467000,1.15633,1.15666,1.15617,1.15647,1256.0,2026-03-25 19:30:00
1774467900,1.15646,1.15652,1.15618,1.15633,1475.0,2026-03-25 19:45:00
1774468800,1.15632,1.15636,1.15594,1.15601,728.0,2026-03-25 20:00:00
1774469700,1.156,1.15602,1.15572,1.15572,356.0,2026-03-25 20:15:00
1774470600,1.15572,1.15596,1.1556,1.15586,494.0,2026-03-25 20:30:00
1774471500,1.15586,1.15603,1.1556,1.15592,507.0,2026-03-25 20:45:00
1774472400,1.1559,1.15612,1.1559,1.1561,72.0,2026-03-25 21:00:00
1774473300,1.15611,1.15619,1.15609,1.15611,87.0,2026-03-25 21:15:00
1774474200,1.15612,1.15618,1.15608,1.15612,112.0,2026-03-25 21:30:00
1774475100,1.15612,1.15622,1.15602,1.15608,256.0,2026-03-25 21:45:00
1774476000,1.1561,1.1561,1.15579,1.15579,360.0,2026-03-25 22:00:00
1774476900,1.1558,1.15583,1.1556,1.15583,296.0,2026-03-25 22:15:00
1774477800,1.15582,1.15622,1.15582,1.1562,269.0,2026-03-25 22:30:00
1774478700,1.1562,1.15626,1.156,1.15604,277.0,2026-03-25 22:45:00
1774479600,1.15605,1.15616,1.15597,1.15611,554.0,2026-03-25 23:00:00
1774480500,1.1561,1.15618,1.15596,1.15617,366.0,2026-03-25 23:15:00
1774481400,1.15618,1.15618,1.15589,1.15597,408.0,2026-03-25 23:30:00
1774482300,1.15596,1.15621,1.15591,1.15614,485.0,2026-03-25 23:45:00
1774483200,1.15614,1.15647,1.15609,1.1564,1216.0,2026-03-26 00:00:00
1774484100,1.15638,1.15648,1.15604,1.15606,1042.0,2026-03-26 00:15:00
1774485000,1.15604,1.15613,1.15548,1.15548,797.0,2026-03-26 00:30:00
1774485900,1.15546,1.1559,1.1554,1.15583,1051.0,2026-03-26 00:45:00
1774486800,1.15581,1.15658,1.15581,1.15634,1300.0,2026-03-26 01:00:00
1774487700,1.15633,1.15648,1.15608,1.15646,877.0,2026-03-26 01:15:00
1774488600,1.15643,1.1567,1.15639,1.15655,1163.0,2026-03-26 01:30:00
1774489500,1.15655,1.1567,1.15628,1.15644,818.0,2026-03-26 01:45:00
1774490400,1.15643,1.15654,1.15623,1.15624,616.0,2026-03-26 02:00:00
1774491300,1.15624,1.15658,1.15622,1.1563,666.0,2026-03-26 02:15:00
1774492200,1.15628,1.15632,1.15548,1.15584,1201.0,2026-03-26 02:30:00
1774493100,1.15584,1.1561,1.1558,1.15589,941.0,2026-03-26 02:45:00
1774494000,1.15586,1.15636,1.15579,1.15634,762.0,2026-03-26 03:00:00
1774494900,1.15633,1.1568,1.1562,1.15676,903.0,2026-03-26 03:15:00
1774495800,1.15676,1.15698,1.15674,1.15676,703.0,2026-03-26 03:30:00
1774496700,1.15673,1.15688,1.15667,1.15688,553.0,2026-03-26 03:45:00
1774497600,1.15688,1.15696,1.15674,1.1569,648.0,2026-03-26 04:00:00
1774498500,1.15692,1.15711,1.1569,1.1571,694.0,2026-03-26 04:15:00
1774499400,1.1571,1.15724,1.15698,1.15708,426.0,2026-03-26 04:30:00
1774500300,1.15709,1.15717,1.15687,1.15694,720.0,2026-03-26 04:45:00
1774501200,1.15696,1.15699,1.15683,1.1569,769.0,2026-03-26 05:00:00
1774502100,1.15689,1.1569,1.15616,1.15652,741.0,2026-03-26 05:15:00
1774503000,1.15654,1.15664,1.15628,1.1564,1126.0,2026-03-26 05:30:00
1774503900,1.15638,1.15638,1.15578,1.15579,1081.0,2026-03-26 05:45:00
1774504800,1.15578,1.15605,1.15546,1.15546,1242.0,2026-03-26 06:00:00
1774505700,1.15546,1.15604,1.15533,1.15592,1482.0,2026-03-26 06:15:00
1774506600,1.15592,1.1561,1.15519,1.15549,1238.0,2026-03-26 06:30:00
1774507500,1.1555,1.15671,1.1555,1.15666,1444.0,2026-03-26 06:45:00
1774508400,1.15668,1.15668,1.15545,1.1559,1657.0,2026-03-26 07:00:00
1774509300,1.1559,1.15624,1.15546,1.15584,1664.0,2026-03-26 07:15:00
1774510200,1.15584,1.156,1.15528,1.15547,1375.0,2026-03-26 07:30:00
1774511100,1.15546,1.15566,1.15506,1.15539,1540.0,2026-03-26 07:45:00
1774512000,1.15538,1.1554,1.15476,1.1553,2550.0,2026-03-26 08:00:00
1774512900,1.15533,1.15594,1.15524,1.15532,1923.0,2026-03-26 08:15:00
1774513800,1.15531,1.15606,1.1552,1.15564,1991.0,2026-03-26 08:30:00
1774514700,1.15564,1.15611,1.15564,1.15598,1427.0,2026-03-26 08:45:00
1774515600,1.15597,1.1565,1.15568,1.15606,2139.0,2026-03-26 09:00:00
1774516500,1.15604,1.15609,1.15526,1.15576,1538.0,2026-03-26 09:15:00
1774517400,1.15575,1.15604,1.15532,1.15544,2109.0,2026-03-26 09:30:00
1774518300,1.15547,1.15604,1.15538,1.15596,1377.0,2026-03-26 09:45:00
1774519200,1.15596,1.15652,1.15562,1.1563,1883.0,2026-03-26 10:00:00
1774520100,1.1563,1.15646,1.15611,1.15616,1295.0,2026-03-26 10:15:00
1774521000,1.15616,1.15638,1.15584,1.1559,1696.0,2026-03-26 10:30:00
1774521900,1.1559,1.15605,1.15546,1.15573,1590.0,2026-03-26 10:45:00
1774522800,1.15572,1.15588,1.15511,1.15514,1487.0,2026-03-26 11:00:00
1774523700,1.15514,1.15527,1.15431,1.15437,1187.0,2026-03-26 11:15:00
1774524600,1.15438,1.15446,1.15324,1.15334,1493.0,2026-03-26 11:30:00
1774525500,1.15336,1.15342,1.15234,1.15243,2048.0,2026-03-26 11:45:00
1774526400,1.15244,1.1534,1.15226,1.15318,2532.0,2026-03-26 12:00:00
1774527300,1.15318,1.15352,1.153,1.15338,1687.0,2026-03-26 12:15:00
1774528200,1.15338,1.15352,1.1527,1.15274,2552.0,2026-03-26 12:30:00
1774529100,1.15275,1.15355,1.15274,1.15351,2185.0,2026-03-26 12:45:00
1774530000,1.15352,1.15412,1.15351,1.15402,2378.0,2026-03-26 13:00:00
1774530900,1.15402,1.15446,1.15396,1.15426,1844.0,2026-03-26 13:15:00
1774531800,1.15426,1.15498,1.15372,1.15496,3447.0,2026-03-26 13:30:00
1774532700,1.15495,1.15526,1.15359,1.15424,4402.0,2026-03-26 13:45:00
1774533600,1.15423,1.15444,1.15369,1.15428,3830.0,2026-03-26 14:00:00
1774534500,1.15428,1.15513,1.15398,1.15482,2993.0,2026-03-26 14:15:00
1774535400,1.15482,1.1555,1.15412,1.15432,4930.0,2026-03-26 14:30:00
1774536300,1.1543,1.15518,1.15408,1.15476,4986.0,2026-03-26 14:45:00
1774537200,1.15476,1.15512,1.15442,1.15472,3681.0,2026-03-26 15:00:00
1774538100,1.15472,1.15492,1.15428,1.15439,2942.0,2026-03-26 15:15:00
1774539000,1.15438,1.15447,1.15314,1.1533,2939.0,2026-03-26 15:30:00
1774539900,1.15331,1.15431,1.15326,1.15414,4737.0,2026-03-26 15:45:00
1774540800,1.15415,1.15432,1.1537,1.15423,2337.0,2026-03-26 16:00:00
1774541700,1.15424,1.15425,1.15309,1.15351,2452.0,2026-03-26 16:15:00
1774542600,1.1535,1.15376,1.15314,1.1537,1906.0,2026-03-26 16:30:00
1774543500,1.1537,1.15394,1.15354,1.15357,1682.0,2026-03-26 16:45:00
1774544400,1.15356,1.1537,1.15324,1.15338,1884.0,2026-03-26 17:00:00
1774545300,1.1534,1.1536,1.15312,1.15342,1588.0,2026-03-26 17:15:00
1774546200,1.15344,1.15378,1.15272,1.15286,2195.0,2026-03-26 17:30:00
1774547100,1.15284,1.15288,1.15255,1.15258,1351.0,2026-03-26 17:45:00
1774548000,1.15256,1.15318,1.15252,1.15307,1375.0,2026-03-26 18:00:00
1774548900,1.15308,1.15312,1.15268,1.15278,1184.0,2026-03-26 18:15:00
1774549800,1.15277,1.15331,1.15275,1.1533,916.0,2026-03-26 18:30:00
1774550700,1.15328,1.1534,1.15314,1.1534,1009.0,2026-03-26 18:45:00
1774551600,1.15342,1.15346,1.15236,1.15246,1260.0,2026-03-26 19:00:00
1774552500,1.15246,1.15276,1.15228,1.15237,922.0,2026-03-26 19:15:00
1774553400,1.15238,1.15286,1.1523,1.15238,1031.0,2026-03-26 19:30:00
1774554300,1.15238,1.15248,1.15216,1.15219,1297.0,2026-03-26 19:45:00
1774555200,1.1522,1.15591,1.15196,1.15472,5509.0,2026-03-26 20:00:00
1774556100,1.15471,1.15489,1.15301,1.15336,5516.0,2026-03-26 20:15:00
1774557000,1.15338,1.15386,1.15326,1.15328,2072.0,2026-03-26 20:30:00
1774557900,1.15329,1.15338,1.15278,1.15294,1235.0,2026-03-26 20:45:00
1774558800,1.15322,1.15341,1.15312,1.15341,321.0,2026-03-26 21:00:00
1774559700,1.1534,1.15352,1.153,1.15324,586.0,2026-03-26 21:15:00
1774560600,1.15325,1.1538,1.1532,1.15354,544.0,2026-03-26 21:30:00
1774561500,1.15352,1.15368,1.15342,1.15342,279.0,2026-03-26 21:45:00
1774562400,1.15342,1.15406,1.15329,1.15367,655.0,2026-03-26 22:00:00
1774563300,1.15368,1.15387,1.15356,1.15364,272.0,2026-03-26 22:15:00
1774564200,1.15364,1.15392,1.15362,1.1539,350.0,2026-03-26 22:30:00
1774565100,1.1539,1.15398,1.1538,1.15386,544.0,2026-03-26 22:45:00
1774566000,1.15386,1.15395,1.15374,1.15376,505.0,2026-03-26 23:00:00
1774566900,1.15377,1.15389,1.15375,1.1538,414.0,2026-03-26 23:15:00
1774567800,1.15382,1.15399,1.15356,1.15363,335.0,2026-03-26 23:30:00
1774568700,1.15362,1.1537,1.1534,1.15344,464.0,2026-03-26 23:45:00
1774569600,1.15343,1.15381,1.15324,1.15326,1182.0,2026-03-27 00:00:00
1774570500,1.15325,1.15344,1.15244,1.1527,2088.0,2026-03-27 00:15:00
1774571400,1.15273,1.15302,1.15264,1.15284,1409.0,2026-03-27 00:30:00
1774572300,1.15282,1.15315,1.15244,1.15305,1772.0,2026-03-27 00:45:00
1774573200,1.15304,1.15346,1.15297,1.15333,1805.0,2026-03-27 01:00:00
1774574100,1.15335,1.15367,1.15325,1.15364,1267.0,2026-03-27 01:15:00
1774575000,1.15364,1.15405,1.15362,1.15382,1238.0,2026-03-27 01:30:00
1774575900,1.15383,1.15409,1.15362,1.15404,1208.0,2026-03-27 01:45:00
1774576800,1.15406,1.15427,1.15376,1.15384,1117.0,2026-03-27 02:00:00
1774577700,1.15382,1.15394,1.15362,1.1539,940.0,2026-03-27 02:15:00
1774578600,1.1539,1.15414,1.15381,1.15407,747.0,2026-03-27 02:30:00
1774579500,1.15408,1.1542,1.15381,1.15384,731.0,2026-03-27 02:45:00
1774580400,1.15385,1.15403,1.1535,1.15361,746.0,2026-03-27 03:00:00
1774581300,1.15362,1.15362,1.15338,1.15352,632.0,2026-03-27 03:15:00
1774582200,1.15352,1.15398,1.15352,1.15387,821.0,2026-03-27 03:30:00
1774583100,1.15388,1.15392,1.15372,1.15392,776.0,2026-03-27 03:45:00
1774584000,1.15392,1.15402,1.15371,1.15394,720.0,2026-03-27 04:00:00
1774584900,1.15393,1.15408,1.15386,1.15398,730.0,2026-03-27 04:15:00
1774585800,1.15396,1.15427,1.1539,1.15427,482.0,2026-03-27 04:30:00
1774586700,1.15426,1.15438,1.15414,1.15428,570.0,2026-03-27 04:45:00
1774587600,1.15429,1.15457,1.15413,1.15456,1125.0,2026-03-27 05:00:00
1774588500,1.15455,1.15455,1.15402,1.15406,1088.0,2026-03-27 05:15:00
1774589400,1.15407,1.15432,1.15372,1.15432,1169.0,2026-03-27 05:30:00
1774590300,1.15431,1.15463,1.15402,1.15412,1012.0,2026-03-27 05:45:00
1774591200,1.1541,1.15439,1.1539,1.15434,1313.0,2026-03-27 06:00:00
1774592100,1.15432,1.15438,1.1538,1.15394,839.0,2026-03-27 06:15:00
1774593000,1.15395,1.154,1.1536,1.15382,597.0,2026-03-27 06:30:00
1774593900,1.15382,1.15383,1.1534,1.15345,933.0,2026-03-27 06:45:00
1774594800,1.15344,1.1535,1.15298,1.15308,1327.0,2026-03-27 07:00:00
1774595700,1.15308,1.15312,1.15226,1.15233,1478.0,2026-03-27 07:15:00
1774596600,1.15232,1.1525,1.1521,1.15215,1716.0,2026-03-27 07:30:00
1774597500,1.15212,1.15264,1.15168,1.1519,1452.0,2026-03-27 07:45:00
1774598400,1.15187,1.15226,1.15158,1.15204,2629.0,2026-03-27 08:00:00
1774599300,1.15204,1.15228,1.1517,1.15223,1927.0,2026-03-27 08:15:00
1774600200,1.15222,1.15254,1.15186,1.15234,1721.0,2026-03-27 08:30:00
1774601100,1.15234,1.15242,1.15198,1.15207,1449.0,2026-03-27 08:45:00
1774602000,1.15202,1.15222,1.15145,1.15186,1746.0,2026-03-27 09:00:00
1774602900,1.15186,1.15244,1.15178,1.15226,1667.0,2026-03-27 09:15:00
1774603800,1.15226,1.15262,1.15196,1.15214,1397.0,2026-03-27 09:30:00
1774604700,1.15212,1.15216,1.15176,1.15193,1444.0,2026-03-27 09:45:00
1774605600,1.15192,1.15242,1.15185,1.15204,1735.0,2026-03-27 10:00:00
1774606500,1.15203,1.1526,1.15183,1.15254,1287.0,2026-03-27 10:15:00
1774607400,1.15254,1.15258,1.15134,1.15143,1524.0,2026-03-27 10:30:00
1774608300,1.15144,1.15166,1.15102,1.15109,1348.0,2026-03-27 10:45:00
1774609200,1.1511,1.15136,1.15093,1.15116,1548.0,2026-03-27 11:00:00
1774610100,1.15116,1.15141,1.15092,1.1512,1388.0,2026-03-27 11:15:00
1774611000,1.15119,1.15134,1.15094,1.15118,1370.0,2026-03-27 11:30:00
1774611900,1.1512,1.1512,1.15048,1.15077,1386.0,2026-03-27 11:45:00
1774612800,1.15076,1.1508,1.1502,1.15032,1882.0,2026-03-27 12:00:00
1774613700,1.15032,1.1512,1.15018,1.15098,1975.0,2026-03-27 12:15:00
1774614600,1.15099,1.15156,1.15062,1.15156,1802.0,2026-03-27 12:30:00
1774615500,1.15156,1.15181,1.15144,1.15151,2168.0,2026-03-27 12:45:00
1774616400,1.15152,1.15195,1.15141,1.1516,2240.0,2026-03-27 13:00:00
1774617300,1.15162,1.15277,1.15156,1.1525,2687.0,2026-03-27 13:15:00
1774618200,1.1525,1.15317,1.15183,1.15306,3707.0,2026-03-27 13:30:00
1774619100,1.15304,1.1533,1.15226,1.15242,2931.0,2026-03-27 13:45:00
1774620000,1.1524,1.15326,1.15232,1.15306,3854.0,2026-03-27 14:00:00
1774620900,1.15304,1.15358,1.15276,1.15277,2949.0,2026-03-27 14:15:00
1774621800,1.15276,1.15324,1.15255,1.15284,2797.0,2026-03-27 14:30:00
1774622700,1.15283,1.15335,1.15277,1.15288,2563.0,2026-03-27 14:45:00
1774623600,1.15288,1.15338,1.15266,1.15314,2985.0,2026-03-27 15:00:00
1774624500,1.15313,1.15452,1.15256,1.1537,4894.0,2026-03-27 15:15:00
1774625400,1.15368,1.1548,1.1535,1.15368,3487.0,2026-03-27 15:30:00
1774626300,1.15368,1.15382,1.1518,1.15194,3580.0,2026-03-27 15:45:00
1774627200,1.15194,1.15274,1.15181,1.152,3572.0,2026-03-27 16:00:00
1774628100,1.15201,1.15234,1.15184,1.15222,2344.0,2026-03-27 16:15:00
1774629000,1.15222,1.15229,1.15148,1.15204,2488.0,2026-03-27 16:30:00
1774629900,1.15205,1.15244,1.15185,1.15192,811.0,2026-03-27 16:45:00
1774630800,1.1519,1.15292,1.15142,1.15148,2896.0,2026-03-27 17:00:00
1774631700,1.15149,1.15154,1.15094,1.15096,1608.0,2026-03-27 17:15:00
1774632600,1.15094,1.151,1.15063,1.15091,1501.0,2026-03-27 17:30:00
1774633500,1.1509,1.15147,1.15086,1.15126,1400.0,2026-03-27 17:45:00
1774634400,1.15124,1.15146,1.15074,1.15083,1570.0,2026-03-27 18:00:00
1774635300,1.15084,1.15139,1.1507,1.15124,1615.0,2026-03-27 18:15:00
1774636200,1.15123,1.152,1.1512,1.15164,1359.0,2026-03-27 18:30:00
1774637100,1.15166,1.1517,1.15129,1.15136,1419.0,2026-03-27 18:45:00
1774638000,1.15135,1.15149,1.15099,1.15135,1135.0,2026-03-27 19:00:00
1774638900,1.15134,1.1514,1.15117,1.15133,881.0,2026-03-27 19:15:00
1774639800,1.15134,1.15142,1.15106,1.15132,1098.0,2026-03-27 19:30:00
1774640700,1.15133,1.1518,1.15126,1.15172,1410.0,2026-03-27 19:45:00
1774641600,1.15172,1.15208,1.15144,1.15172,1556.0,2026-03-27 20:00:00
1774642500,1.15173,1.15186,1.15135,1.15141,1134.0,2026-03-27 20:15:00
1774643400,1.15141,1.15152,1.15094,1.15136,977.0,2026-03-27 20:30:00
1774644300,1.15133,1.15156,1.15101,1.15114,1498.0,2026-03-27 20:45:00
1774818000,1.15029,1.15032,1.15012,1.15019,62.0,2026-03-29 21:00:00
1774818900,1.1502,1.1502,1.15004,1.15019,90.0,2026-03-29 21:15:00
1774819800,1.15018,1.1502,1.15009,1.15016,49.0,2026-03-29 21:30:00
1774820700,1.15015,1.15024,1.14996,1.15,181.0,2026-03-29 21:45:00
1774821600,1.15004,1.15026,1.14924,1.14972,1473.0,2026-03-29 22:00:00
1774822500,1.14972,1.14998,1.1491,1.14911,1299.0,2026-03-29 22:15:00
1774823400,1.14912,1.14938,1.14883,1.14891,1062.0,2026-03-29 22:30:00
1774824300,1.14892,1.1492,1.14881,1.14886,815.0,2026-03-29 22:45:00
1774825200,1.14886,1.14943,1.14886,1.14895,1145.0,2026-03-29 23:00:00
1774826100,1.14894,1.14947,1.14894,1.14926,748.0,2026-03-29 23:15:00
1774827000,1.14926,1.14936,1.149,1.14908,942.0,2026-03-29 23:30:00
1774827900,1.14908,1.14923,1.14876,1.14918,2050.0,2026-03-29 23:45:00
1774828800,1.1492,1.14976,1.14896,1.14942,2523.0,2026-03-30 00:00:00
1774829700,1.14942,1.15108,1.14928,1.15074,4544.0,2026-03-30 00:15:00
1774830600,1.15072,1.15128,1.15072,1.15082,2139.0,2026-03-30 00:30:00
1774831500,1.15082,1.15088,1.15048,1.15068,1460.0,2026-03-30 00:45:00
1774832400,1.15068,1.1511,1.15064,1.15083,1649.0,2026-03-30 01:00:00
1774833300,1.15082,1.15086,1.15029,1.15064,1484.0,2026-03-30 01:15:00
1774834200,1.15064,1.1509,1.1504,1.15056,1378.0,2026-03-30 01:30:00
1774835100,1.15058,1.15068,1.1504,1.15051,1316.0,2026-03-30 01:45:00
1774836000,1.1505,1.15088,1.15014,1.15086,1157.0,2026-03-30 02:00:00
1774836900,1.15086,1.15087,1.15042,1.15062,1224.0,2026-03-30 02:15:00
1774837800,1.15063,1.15133,1.15063,1.15128,1278.0,2026-03-30 02:30:00
1774838700,1.15128,1.15153,1.15098,1.15114,1119.0,2026-03-30 02:45:00
1774839600,1.15114,1.15169,1.15103,1.15159,1238.0,2026-03-30 03:00:00
1774840500,1.15158,1.15188,1.15146,1.15174,778.0,2026-03-30 03:15:00
1774841400,1.15174,1.15176,1.15152,1.15169,743.0,2026-03-30 03:30:00
1774842300,1.15168,1.1517,1.1514,1.15158,673.0,2026-03-30 03:45:00
1774843200,1.15158,1.15171,1.15149,1.15167,732.0,2026-03-30 04:00:00
1774844100,1.15168,1.15213,1.15162,1.15189,574.0,2026-03-30 04:15:00
1774845000,1.15189,1.15198,1.15173,1.15198,545.0,2026-03-30 04:30:00
1774845900,1.15196,1.15199,1.15136,1.15136,517.0,2026-03-30 04:45:00
1774846800,1.15136,1.15157,1.15122,1.15138,866.0,2026-03-30 05:00:00
1774847700,1.1514,1.15151,1.15122,1.15124,804.0,2026-03-30 05:15:00
1774848600,1.15124,1.15136,1.15097,1.15124,1003.0,2026-03-30 05:30:00
1774849500,1.15125,1.15182,1.15121,1.15158,923.0,2026-03-30 05:45:00
1774850400,1.15157,1.15196,1.15148,1.15164,1372.0,2026-03-30 06:00:00
1774851300,1.15163,1.15178,1.15116,1.15144,1429.0,2026-03-30 06:15:00
1774852200,1.15145,1.15194,1.15123,1.15193,1369.0,2026-03-30 06:30:00
1774853100,1.15192,1.15202,1.15118,1.15128,1345.0,2026-03-30 06:45:00
1774854000,1.15126,1.15128,1.15028,1.15058,1857.0,2026-03-30 07:00:00
1774854900,1.15058,1.1506,1.15004,1.15012,1500.0,2026-03-30 07:15:00
1774855800,1.15012,1.15021,1.14942,1.14986,1754.0,2026-03-30 07:30:00
1774856700,1.14988,1.14996,1.1494,1.14979,1558.0,2026-03-30 07:45:00
1774857600,1.14978,1.14982,1.14922,1.1495,1969.0,2026-03-30 08:00:00
1774858500,1.1495,1.1495,1.14907,1.14948,1285.0,2026-03-30 08:15:00
1774859400,1.14947,1.14988,1.1493,1.14939,1556.0,2026-03-30 08:30:00
1774860300,1.14938,1.14988,1.14928,1.14962,1653.0,2026-03-30 08:45:00
1774861200,1.14963,1.14984,1.14874,1.14876,1547.0,2026-03-30 09:00:00
1774862100,1.14874,1.14946,1.1484,1.1489,2016.0,2026-03-30 09:15:00
1774863000,1.14892,1.14947,1.14847,1.14942,1327.0,2026-03-30 09:30:00
1774863900,1.14942,1.14968,1.14928,1.14945,1411.0,2026-03-30 09:45:00
1774864800,1.14946,1.14966,1.1491,1.14948,1349.0,2026-03-30 10:00:00
1774865700,1.14946,1.14974,1.14912,1.1492,1286.0,2026-03-30 10:15:00
1774866600,1.1492,1.14944,1.1488,1.14934,1233.0,2026-03-30 10:30:00
1774867500,1.14936,1.14953,1.14888,1.14892,1288.0,2026-03-30 10:45:00
1774868400,1.14893,1.14922,1.14878,1.14918,1301.0,2026-03-30 11:00:00
1774869300,1.14918,1.15004,1.14876,1.14925,4000.0,2026-03-30 11:15:00
1774870200,1.14926,1.1495,1.14868,1.14889,3213.0,2026-03-30 11:30:00
1774871100,1.14888,1.14913,1.1484,1.14849,1804.0,2026-03-30 11:45:00
1774872000,1.1485,1.1486,1.14753,1.1476,1758.0,2026-03-30 12:00:00
1774872900,1.1476,1.14854,1.1473,1.14789,2213.0,2026-03-30 12:15:00
1774873800,1.14788,1.14866,1.14778,1.14818,2572.0,2026-03-30 12:30:00
1774874700,1.14816,1.1489,1.1478,1.14828,3287.0,2026-03-30 12:45:00
1774875600,1.14827,1.1488,1.14794,1.14863,3221.0,2026-03-30 13:00:00
1774876500,1.14862,1.1488,1.14781,1.1479,1946.0,2026-03-30 13:15:00
1774877400,1.1479,1.14808,1.14674,1.1469,3546.0,2026-03-30 13:30:00
1774878300,1.1469,1.1469,1.14622,1.14642,3013.0,2026-03-30 13:45:00
1774879200,1.14644,1.14668,1.146,1.1463,3360.0,2026-03-30 14:00:00
1774880100,1.14628,1.14632,1.14548,1.14574,2796.0,2026-03-30 14:15:00
1774881000,1.14572,1.14658,1.14566,1.14652,2911.0,2026-03-30 14:30:00
1774881900,1.14653,1.14706,1.14626,1.1465,4856.0,2026-03-30 14:45:00
1774882800,1.14651,1.14659,1.1446,1.1446,3115.0,2026-03-30 15:00:00
1774883700,1.1446,1.14546,1.14432,1.145,2817.0,2026-03-30 15:15:00
1774884600,1.14499,1.14588,1.1449,1.14576,2371.0,2026-03-30 15:30:00
1774885500,1.14576,1.14582,1.14524,1.14538,2038.0,2026-03-30 15:45:00
1774886400,1.14536,1.1455,1.14505,1.14522,2198.0,2026-03-30 16:00:00
1774887300,1.14522,1.1455,1.14502,1.14508,1452.0,2026-03-30 16:15:00
1774888200,1.14506,1.14578,1.14475,1.14578,1395.0,2026-03-30 16:30:00
1774889100,1.14576,1.14613,1.14552,1.14602,1406.0,2026-03-30 16:45:00
1774890000,1.14602,1.14641,1.14564,1.14574,1616.0,2026-03-30 17:00:00
1774890900,1.14574,1.14634,1.14557,1.14606,1452.0,2026-03-30 17:15:00
1774891800,1.14606,1.1463,1.14579,1.14628,1469.0,2026-03-30 17:30:00
1774892700,1.14629,1.14654,1.14562,1.14577,1621.0,2026-03-30 17:45:00
1774893600,1.14578,1.14636,1.1457,1.14629,1357.0,2026-03-30 18:00:00
1774894500,1.1463,1.14648,1.1461,1.14634,1003.0,2026-03-30 18:15:00
1774895400,1.14636,1.14662,1.14629,1.1464,915.0,2026-03-30 18:30:00
1774896300,1.1464,1.14662,1.14602,1.14609,1387.0,2026-03-30 18:45:00
1774897200,1.1461,1.14624,1.14538,1.14556,1520.0,2026-03-30 19:00:00
1774898100,1.14558,1.14574,1.14548,1.14563,994.0,2026-03-30 19:15:00
1774899000,1.14564,1.14597,1.1456,1.14592,957.0,2026-03-30 19:30:00
1774899900,1.14594,1.14608,1.14578,1.14598,863.0,2026-03-30 19:45:00
1774900800,1.14597,1.14629,1.14588,1.14604,711.0,2026-03-30 20:00:00
1774901700,1.14604,1.14608,1.14572,1.1458,490.0,2026-03-30 20:15:00
1774902600,1.1458,1.14598,1.14573,1.14593,499.0,2026-03-30 20:30:00
1774903500,1.14592,1.1463,1.14576,1.14618,643.0,2026-03-30 20:45:00
1774904400,1.14587,1.14616,1.14586,1.14597,444.0,2026-03-30 21:00:00
1774905300,1.14596,1.14604,1.14594,1.146,146.0,2026-03-30 21:15:00
1774906200,1.14602,1.14678,1.14596,1.14662,344.0,2026-03-30 21:30:00
1774907100,1.14664,1.14667,1.14626,1.14634,356.0,2026-03-30 21:45:00
1774908000,1.14634,1.14657,1.14622,1.14626,346.0,2026-03-30 22:00:00
1774908900,1.14627,1.14642,1.14615,1.14628,296.0,2026-03-30 22:15:00
1774909800,1.14626,1.14628,1.14613,1.14614,247.0,2026-03-30 22:30:00
1774910700,1.14615,1.14622,1.14594,1.14596,366.0,2026-03-30 22:45:00
1774911600,1.14594,1.14594,1.14524,1.14526,963.0,2026-03-30 23:00:00
1774912500,1.14526,1.14555,1.14526,1.1455,401.0,2026-03-30 23:15:00
1774913400,1.1455,1.14571,1.14536,1.14571,374.0,2026-03-30 23:30:00
1774914300,1.1457,1.1457,1.14546,1.14566,440.0,2026-03-30 23:45:00
1774915200,1.14567,1.14594,1.14514,1.14518,1829.0,2026-03-31 00:00:00
1774916100,1.14518,1.14536,1.14471,1.1453,1318.0,2026-03-31 00:15:00
1774917000,1.1453,1.14642,1.14503,1.14634,3323.0,2026-03-31 00:30:00
1774917900,1.14635,1.14763,1.14634,1.14748,4236.0,2026-03-31 00:45:00
1774918800,1.14747,1.14776,1.14734,1.14775,2525.0,2026-03-31 01:00:00
1774919700,1.14774,1.14899,1.1477,1.14893,2283.0,2026-03-31 01:15:00
1774920600,1.14894,1.14908,1.14834,1.14839,2923.0,2026-03-31 01:30:00
1774921500,1.14841,1.14846,1.14754,1.1476,2032.0,2026-03-31 01:45:00
1774922400,1.14762,1.14776,1.14735,1.14762,1479.0,2026-03-31 02:00:00
1774923300,1.14762,1.1478,1.14753,1.14767,1181.0,2026-03-31 02:15:00
1774924200,1.14766,1.14769,1.14732,1.14752,1071.0,2026-03-31 02:30:00
1774925100,1.14753,1.14796,1.14746,1.14758,1208.0,2026-03-31 02:45:00
1774926000,1.14759,1.14763,1.14736,1.1474,912.0,2026-03-31 03:00:00
1774926900,1.1474,1.14742,1.14708,1.14725,980.0,2026-03-31 03:15:00
1774927800,1.14726,1.14736,1.14704,1.14708,746.0,2026-03-31 03:30:00
1774928700,1.14707,1.1471,1.14664,1.14698,817.0,2026-03-31 03:45:00
1774929600,1.14697,1.14714,1.14696,1.14706,657.0,2026-03-31 04:00:00
1774930500,1.14705,1.14722,1.14702,1.14714,507.0,2026-03-31 04:15:00
1774931400,1.14713,1.14728,1.14704,1.14707,529.0,2026-03-31 04:30:00
1774932300,1.14708,1.14716,1.1469,1.14692,614.0,2026-03-31 04:45:00
1774933200,1.14692,1.14714,1.1463,1.14632,939.0,2026-03-31 05:00:00
1774934100,1.1463,1.14696,1.14628,1.1468,914.0,2026-03-31 05:15:00
1774935000,1.14681,1.147,1.1466,1.14665,938.0,2026-03-31 05:30:00
1774935900,1.14664,1.14706,1.14624,1.14646,1562.0,2026-03-31 05:45:00
1774936800,1.14646,1.14663,1.14608,1.1465,1697.0,2026-03-31 06:00:00
1774937700,1.14648,1.14716,1.14626,1.14702,1480.0,2026-03-31 06:15:00
1774938600,1.14703,1.14716,1.14656,1.14672,1574.0,2026-03-31 06:30:00
1774939500,1.14672,1.14744,1.14654,1.1472,1529.0,2026-03-31 06:45:00
1774940400,1.14718,1.14743,1.14666,1.14666,2245.0,2026-03-31 07:00:00
1774941300,1.14664,1.14688,1.1463,1.1467,1885.0,2026-03-31 07:15:00
1774942200,1.14672,1.14706,1.14672,1.14692,1590.0,2026-03-31 07:30:00
1774943100,1.14694,1.14725,1.14672,1.14724,1972.0,2026-03-31 07:45:00
1774944000,1.14724,1.1474,1.14666,1.14672,2200.0,2026-03-31 08:00:00
1774944900,1.14672,1.14684,1.14641,1.14681,1783.0,2026-03-31 08:15:00
1774945800,1.1468,1.14732,1.14668,1.14728,1750.0,2026-03-31 08:30:00
1774946700,1.14729,1.14758,1.14666,1.14672,1654.0,2026-03-31 08:45:00
1774947600,1.14672,1.1469,1.14621,1.14686,2202.0,2026-03-31 09:00:00
1774948500,1.14685,1.14736,1.14656,1.14722,1865.0,2026-03-31 09:15:00
1774949400,1.14724,1.14724,1.14672,1.1469,1490.0,2026-03-31 09:30:00
1774950300,1.14689,1.1469,1.14657,1.14681,1026.0,2026-03-31 09:45:00
1774951200,1.14682,1.147,1.14656,1.14656,961.0,2026-03-31 10:00:00
1774952100,1.14656,1.14672,1.14636,1.14671,1039.0,2026-03-31 10:15:00
1774953000,1.1467,1.14684,1.14646,1.14648,1269.0,2026-03-31 10:30:00
1774953900,1.14646,1.14647,1.14582,1.1459,1180.0,2026-03-31 10:45:00
1774954800,1.1459,1.14716,1.14576,1.14616,3561.0,2026-03-31 11:00:00
1774955700,1.14616,1.14852,1.14606,1.14746,3976.0,2026-03-31 11:15:00
1774956600,1.14745,1.14866,1.1472,1.14866,2427.0,2026-03-31 11:30:00
1774957500,1.14864,1.14912,1.14826,1.14911,3033.0,2026-03-31 11:45:00
1774958400,1.14912,1.15018,1.1487,1.1492,4751.0,2026-03-31 12:00:00
1774959300,1.1492,1.15042,1.14896,1.15041,4523.0,2026-03-31 12:15:00
1774960200,1.1504,1.15099,1.15022,1.15078,3358.0,2026-03-31 12:30:00
1774961100,1.15078,1.15096,1.15022,1.1503,2437.0,2026-03-31 12:45:00
1774962000,1.15031,1.15137,1.15006,1.15096,2464.0,2026-03-31 13:00:00
1774962900,1.15097,1.15194,1.15092,1.15144,2681.0,2026-03-31 13:15:00
1774963800,1.15143,1.15186,1.15102,1.15166,3590.0,2026-03-31 13:30:00
1774964700,1.15166,1.15326,1.15145,1.15323,4285.0,2026-03-31 13:45:00
1774965600,1.15324,1.15336,1.15206,1.15254,5479.0,2026-03-31 14:00:00
1774966500,1.15254,1.15346,1.15234,1.15346,4152.0,2026-03-31 14:15:00
1774967400,1.15345,1.15407,1.15182,1.1519,4035.0,2026-03-31 14:30:00
1774968300,1.1519,1.15296,1.15111,1.15202,10090.0,2026-03-31 14:45:00
1774969200,1.15202,1.15322,1.15166,1.15308,8475.0,2026-03-31 15:00:00
1774970100,1.15308,1.15331,1.15237,1.15247,4933.0,2026-03-31 15:15:00
1774971000,1.15248,1.15255,1.15154,1.15158,3708.0,2026-03-31 15:30:00
1774971900,1.15156,1.15244,1.15118,1.15173,3204.0,2026-03-31 15:45:00
1774972800,1.15174,1.1526,1.1516,1.15202,3036.0,2026-03-31 16:00:00
1774973700,1.152,1.1523,1.1514,1.15226,2275.0,2026-03-31 16:15:00
1774974600,1.15228,1.15598,1.15226,1.1547,8853.0,2026-03-31 16:30:00
1774975500,1.15468,1.15488,1.15332,1.15404,9981.0,2026-03-31 16:45:00
1774976400,1.15404,1.1554,1.15398,1.15518,7551.0,2026-03-31 17:00:00
1774977300,1.15518,1.15556,1.15468,1.1548,4702.0,2026-03-31 17:15:00
1774978200,1.15482,1.15536,1.15436,1.15528,6071.0,2026-03-31 17:30:00
1774979100,1.15528,1.15566,1.15389,1.154,3675.0,2026-03-31 17:45:00
1774980000,1.15401,1.15492,1.15386,1.15484,2871.0,2026-03-31 18:00:00
1774980900,1.15482,1.1551,1.15423,1.15476,2584.0,2026-03-31 18:15:00
1774981800,1.15476,1.15484,1.15406,1.15441,2736.0,2026-03-31 18:30:00
1774982700,1.1544,1.15482,1.15384,1.15447,2054.0,2026-03-31 18:45:00
1774983600,1.15446,1.15466,1.15388,1.1543,2110.0,2026-03-31 19:00:00
1774984500,1.1543,1.1545,1.15416,1.15431,1588.0,2026-03-31 19:15:00
1774985400,1.15432,1.1555,1.1543,1.15516,1549.0,2026-03-31 19:30:00
1774986300,1.15516,1.15599,1.1551,1.15592,2011.0,2026-03-31 19:45:00
1774987200,1.15591,1.15634,1.15574,1.15586,1478.0,2026-03-31 20:00:00
1774988100,1.15587,1.15596,1.15565,1.15572,1402.0,2026-03-31 20:15:00
1774989000,1.15572,1.15581,1.15538,1.15552,831.0,2026-03-31 20:30:00
1774989900,1.15552,1.15552,1.15524,1.15532,603.0,2026-03-31 20:45:00
1774990800,1.1554,1.15564,1.15539,1.1556,83.0,2026-03-31 21:00:00
1774991700,1.1556,1.15561,1.1554,1.15543,137.0,2026-03-31 21:15:00
1774992600,1.15542,1.15558,1.15535,1.15542,396.0,2026-03-31 21:30:00
1774993500,1.15542,1.15572,1.15538,1.15566,524.0,2026-03-31 21:45:00
1774994400,1.15564,1.15602,1.15528,1.1555,658.0,2026-03-31 22:00:00
1774995300,1.15553,1.15568,1.15534,1.15553,332.0,2026-03-31 22:15:00
1774996200,1.15552,1.15582,1.15546,1.1557,436.0,2026-03-31 22:30:00
1774997100,1.15572,1.15594,1.1556,1.15588,369.0,2026-03-31 22:45:00
1774998000,1.15587,1.1561,1.15571,1.15608,526.0,2026-03-31 23:00:00
1774998900,1.15606,1.15678,1.15604,1.15664,673.0,2026-03-31 23:15:00
1774999800,1.15663,1.15668,1.15648,1.1566,528.0,2026-03-31 23:30:00
1775000700,1.1566,1.15746,1.15652,1.1574,1035.0,2026-03-31 23:45:00
1775001600,1.1574,1.15745,1.15696,1.15738,1814.0,2026-04-01 00:00:00
1775002500,1.15738,1.1579,1.15736,1.15766,1568.0,2026-04-01 00:15:00
1775003400,1.15766,1.15778,1.15746,1.15764,1116.0,2026-04-01 00:30:00
1775004300,1.15764,1.15764,1.15712,1.15745,1456.0,2026-04-01 00:45:00
1775005200,1.15744,1.15756,1.15568,1.15656,3251.0,2026-04-01 01:00:00
1775006100,1.15655,1.15657,1.15578,1.15638,2078.0,2026-04-01 01:15:00
1775007000,1.15638,1.15654,1.15554,1.15569,1712.0,2026-04-01 01:30:00
1775007900,1.15568,1.15622,1.15549,1.15618,1052.0,2026-04-01 01:45:00
1775008800,1.15618,1.15665,1.15608,1.1565,923.0,2026-04-01 02:00:00
1775009700,1.1565,1.1567,1.15648,1.1565,831.0,2026-04-01 02:15:00
1775010600,1.15651,1.15674,1.15628,1.15664,1023.0,2026-04-01 02:30:00
1775011500,1.15667,1.15711,1.15667,1.15688,722.0,2026-04-01 02:45:00
1775012400,1.15688,1.15688,1.1565,1.15672,877.0,2026-04-01 03:00:00
1775013300,1.15672,1.15682,1.1565,1.15654,684.0,2026-04-01 03:15:00
1775014200,1.15653,1.15658,1.15618,1.15623,777.0,2026-04-01 03:30:00
1775015100,1.15624,1.15626,1.1559,1.15608,806.0,2026-04-01 03:45:00
1775016000,1.15606,1.1563,1.15597,1.15612,546.0,2026-04-01 04:00:00
1775016900,1.15612,1.15624,1.15596,1.15624,622.0,2026-04-01 04:15:00
1775017800,1.15623,1.15644,1.15612,1.15644,467.0,2026-04-01 04:30:00
1775018700,1.15644,1.15666,1.15634,1.15654,708.0,2026-04-01 04:45:00
1775019600,1.15654,1.1568,1.15648,1.15664,983.0,2026-04-01 05:00:00
1775020500,1.15662,1.15729,1.15658,1.15728,1055.0,2026-04-01 05:15:00
1775021400,1.15729,1.1576,1.1572,1.15759,953.0,2026-04-01 05:30:00
1775022300,1.1576,1.15764,1.15678,1.15678,1336.0,2026-04-01 05:45:00
1775023200,1.15678,1.15706,1.1562,1.15666,2633.0,2026-04-01 06:00:00
1775024100,1.1567,1.15894,1.15664,1.15868,3357.0,2026-04-01 06:15:00
1775025000,1.15869,1.15928,1.15792,1.15875,4151.0,2026-04-01 06:30:00
1775025900,1.15874,1.15924,1.15802,1.15913,3761.0,2026-04-01 06:45:00
1775026800,1.15914,1.15946,1.15824,1.15872,4148.0,2026-04-01 07:00:00
1775027700,1.15871,1.15935,1.15856,1.15896,2941.0,2026-04-01 07:15:00
1775028600,1.15895,1.15925,1.15826,1.15901,3097.0,2026-04-01 07:30:00
1775029500,1.159,1.15988,1.15772,1.15821,5162.0,2026-04-01 07:45:00
1775030400,1.1582,1.15912,1.15774,1.1585,3935.0,2026-04-01 08:00:00
1775031300,1.15849,1.15998,1.15832,1.15997,2651.0,2026-04-01 08:15:00
1775032200,1.15998,1.16105,1.15994,1.16104,2795.0,2026-04-01 08:30:00
1775033100,1.16105,1.16108,1.15942,1.15964,3740.0,2026-04-01 08:45:00
1775034000,1.15966,1.16028,1.15914,1.15922,3255.0,2026-04-01 09:00:00
1775034900,1.15922,1.15925,1.15815,1.15847,3229.0,2026-04-01 09:15:00
1775035800,1.15846,1.15871,1.15809,1.1584,2386.0,2026-04-01 09:30:00
1775036700,1.15838,1.15974,1.15834,1.15952,2412.0,2026-04-01 09:45:00
1775037600,1.15955,1.16006,1.15933,1.15968,2223.0,2026-04-01 10:00:00
1775038500,1.15966,1.16002,1.15946,1.15966,2027.0,2026-04-01 10:15:00
1775039400,1.15968,1.16004,1.1596,1.15998,1593.0,2026-04-01 10:30:00
1775040300,1.15998,1.16038,1.15954,1.15997,2351.0,2026-04-01 10:45:00
1775041200,1.15998,1.16058,1.1598,1.16055,2017.0,2026-04-01 11:00:00
1775042100,1.16056,1.16058,1.15984,1.15993,1526.0,2026-04-01 11:15:00
1775043000,1.15995,1.16029,1.1598,1.16024,1623.0,2026-04-01 11:30:00
1775043900,1.16024,1.16101,1.16022,1.16074,1426.0,2026-04-01 11:45:00
1775044800,1.16075,1.16105,1.1602,1.16044,2079.0,2026-04-01 12:00:00
1775045700,1.16038,1.16052,1.15948,1.15961,2652.0,2026-04-01 12:15:00
1775046600,1.15962,1.1617,1.15938,1.16146,3671.0,2026-04-01 12:30:00
1775047500,1.16146,1.16238,1.16018,1.16047,8943.0,2026-04-01 12:45:00
1775048400,1.16048,1.16117,1.15986,1.1611,4660.0,2026-04-01 13:00:00
1775049300,1.16109,1.16146,1.1607,1.16089,3641.0,2026-04-01 13:15:00
1775050200,1.16088,1.16238,1.1606,1.16154,5836.0,2026-04-01 13:30:00
1775051100,1.16154,1.16188,1.16104,1.16119,5315.0,2026-04-01 13:45:00
1775052000,1.16107,1.16119,1.16047,1.16102,5255.0,2026-04-01 14:00:00
1775052900,1.16102,1.16188,1.16096,1.1614,3550.0,2026-04-01 14:15:00
1775053800,1.16142,1.1621,1.16072,1.16165,5264.0,2026-04-01 14:30:00
1775054700,1.16166,1.1627,1.16129,1.16226,4531.0,2026-04-01 14:45:00
1775055600,1.16228,1.16272,1.16144,1.16154,2854.0,2026-04-01 15:00:00
1775056500,1.16156,1.16172,1.1606,1.16062,2575.0,2026-04-01 15:15:00
1775057400,1.16062,1.16118,1.16053,1.16109,2446.0,2026-04-01 15:30:00
1775058300,1.1611,1.16172,1.16092,1.16138,2108.0,2026-04-01 15:45:00
1775059200,1.16136,1.16156,1.1606,1.16066,2118.0,2026-04-01 16:00:00
1775060100,1.16066,1.16098,1.16048,1.16077,1934.0,2026-04-01 16:15:00
1775061000,1.16078,1.16099,1.1605,1.1607,1954.0,2026-04-01 16:30:00
1775061900,1.16068,1.16192,1.16066,1.1619,1213.0,2026-04-01 16:45:00
1775062800,1.16192,1.16234,1.16134,1.1616,1966.0,2026-04-01 17:00:00
1775063700,1.16158,1.16162,1.16073,1.1608,1435.0,2026-04-01 17:15:00
1775064600,1.16079,1.16079,1.15978,1.16056,1714.0,2026-04-01 17:30:00
1775065500,1.16055,1.16055,1.15938,1.1594,1824.0,2026-04-01 17:45:00
1775066400,1.15939,1.15944,1.15882,1.15884,2287.0,2026-04-01 18:00:00
1775067300,1.15884,1.15902,1.15833,1.15846,2073.0,2026-04-01 18:15:00
1775068200,1.15846,1.15876,1.15769,1.15855,1919.0,2026-04-01 18:30:00
1775069100,1.15856,1.15877,1.15782,1.1579,1954.0,2026-04-01 18:45:00
1775070000,1.15791,1.15847,1.15763,1.15832,1727.0,2026-04-01 19:00:00
1775070900,1.15834,1.15838,1.15788,1.15832,964.0,2026-04-01 19:15:00
1775071800,1.15834,1.15872,1.15818,1.15862,1159.0,2026-04-01 19:30:00
1775072700,1.15862,1.15872,1.15812,1.15838,1625.0,2026-04-01 19:45:00
1775073600,1.15838,1.15878,1.15837,1.15865,906.0,2026-04-01 20:00:00
1775074500,1.15866,1.15875,1.15846,1.15871,537.0,2026-04-01 20:15:00
1775075400,1.1587,1.15912,1.1587,1.15912,543.0,2026-04-01 20:30:00
1775076300,1.15912,1.1592,1.15895,1.15908,461.0,2026-04-01 20:45:00
1775077200,1.15888,1.159,1.15873,1.15874,106.0,2026-04-01 21:00:00
1775078100,1.15876,1.15898,1.15852,1.15896,282.0,2026-04-01 21:15:00
1775079000,1.15894,1.15906,1.15859,1.159,1703.0,2026-04-01 21:30:00
1775079900,1.15905,1.15918,1.1589,1.15906,681.0,2026-04-01 21:45:00
1775080800,1.15905,1.15934,1.15898,1.15922,449.0,2026-04-01 22:00:00
1775081700,1.1592,1.15936,1.15908,1.15936,229.0,2026-04-01 22:15:00
1775082600,1.15934,1.15934,1.1591,1.15924,322.0,2026-04-01 22:30:00
1775083500,1.15925,1.15945,1.15903,1.15912,518.0,2026-04-01 22:45:00
1775084400,1.15913,1.15946,1.15913,1.15938,412.0,2026-04-01 23:00:00
1775085300,1.15938,1.15938,1.15913,1.15918,398.0,2026-04-01 23:15:00
1775086200,1.15918,1.15932,1.15908,1.15922,504.0,2026-04-01 23:30:00
1775087100,1.1592,1.1592,1.15891,1.15898,534.0,2026-04-01 23:45:00
1775088000,1.15896,1.15959,1.15884,1.15928,1736.0,2026-04-02 00:00:00
1775088900,1.15928,1.15939,1.1587,1.15876,1052.0,2026-04-02 00:15:00
1775089800,1.15875,1.15955,1.15874,1.15945,1412.0,2026-04-02 00:30:00
1775090700,1.15943,1.1598,1.1593,1.15957,1785.0,2026-04-02 00:45:00
1775091600,1.15954,1.16058,1.15794,1.15912,10490.0,2026-04-02 01:00:00
1775092500,1.15913,1.15951,1.15602,1.15634,12059.0,2026-04-02 01:15:00
1775093400,1.15634,1.15638,1.15472,1.15534,8139.0,2026-04-02 01:30:00
1775094300,1.15532,1.15556,1.15457,1.15526,4664.0,2026-04-02 01:45:00
1775095200,1.15526,1.15604,1.15517,1.1555,3627.0,2026-04-02 02:00:00
1775096100,1.15549,1.15592,1.15481,1.15481,3142.0,2026-04-02 02:15:00
1775097000,1.1548,1.15494,1.15442,1.15466,2126.0,2026-04-02 02:30:00
1775097900,1.15466,1.15492,1.15464,1.15468,1524.0,2026-04-02 02:45:00
1775098800,1.1547,1.15485,1.1544,1.15474,1319.0,2026-04-02 03:00:00
1775099700,1.15475,1.15485,1.15446,1.15461,1521.0,2026-04-02 03:15:00
1775100600,1.15462,1.1549,1.1546,1.1549,1285.0,2026-04-02 03:30:00
1775101500,1.1549,1.1549,1.15378,1.15399,1401.0,2026-04-02 03:45:00
1775102400,1.15401,1.15421,1.15378,1.15383,1912.0,2026-04-02 04:00:00
1775103300,1.15384,1.154,1.1535,1.15352,1030.0,2026-04-02 04:15:00
1775104200,1.15353,1.15366,1.15329,1.15346,1045.0,2026-04-02 04:30:00
1775105100,1.15346,1.1537,1.15322,1.1537,962.0,2026-04-02 04:45:00
1775106000,1.15372,1.1539,1.1534,1.15342,1206.0,2026-04-02 05:00:00
1775106900,1.15342,1.15353,1.15314,1.15326,1110.0,2026-04-02 05:15:00
1775107800,1.15326,1.1537,1.15318,1.15354,1256.0,2026-04-02 05:30:00
1775108700,1.15354,1.15354,1.1525,1.15254,2133.0,2026-04-02 05:45:00
1775109600,1.15256,1.15291,1.15168,1.15174,2426.0,2026-04-02 06:00:00
1775110500,1.15173,1.15269,1.15152,1.15247,2543.0,2026-04-02 06:15:00
1775111400,1.15245,1.15314,1.15235,1.1531,1926.0,2026-04-02 06:30:00
1775112300,1.1531,1.15356,1.15291,1.15345,1792.0,2026-04-02 06:45:00
1775113200,1.15346,1.1537,1.15264,1.15273,2321.0,2026-04-02 07:00:00
1775114100,1.1527,1.1538,1.15269,1.15292,2450.0,2026-04-02 07:15:00
1775115000,1.1529,1.15322,1.15188,1.15238,2563.0,2026-04-02 07:30:00
1775115900,1.15238,1.15332,1.15238,1.15324,2093.0,2026-04-02 07:45:00
1775116800,1.15325,1.15352,1.15281,1.15342,2246.0,2026-04-02 08:00:00
1775117700,1.1534,1.15358,1.1525,1.15277,1645.0,2026-04-02 08:15:00
1775118600,1.15277,1.15309,1.15246,1.1527,1785.0,2026-04-02 08:30:00
1775119500,1.1527,1.15294,1.15244,1.15254,1316.0,2026-04-02 08:45:00
1775120400,1.15254,1.15278,1.15232,1.15237,1291.0,2026-04-02 09:00:00
1775121300,1.15238,1.15286,1.15217,1.15266,1240.0,2026-04-02 09:15:00
1775122200,1.15266,1.1532,1.15258,1.15265,1330.0,2026-04-02 09:30:00
1775123100,1.15264,1.15284,1.15236,1.15264,1548.0,2026-04-02 09:45:00
1775124000,1.15264,1.15269,1.15156,1.15158,1606.0,2026-04-02 10:00:00
1775124900,1.15159,1.15197,1.15137,1.15195,1260.0,2026-04-02 10:15:00
1775125800,1.15194,1.15205,1.15136,1.15172,1847.0,2026-04-02 10:30:00
1775126700,1.15173,1.15188,1.15112,1.15123,1473.0,2026-04-02 10:45:00
1775127600,1.15124,1.15136,1.15092,1.15114,1686.0,2026-04-02 11:00:00
1775128500,1.15112,1.15142,1.15094,1.15115,1392.0,2026-04-02 11:15:00
1775129400,1.15116,1.15195,1.15106,1.15144,1490.0,2026-04-02 11:30:00
1775130300,1.15144,1.1519,1.15123,1.15176,1919.0,2026-04-02 11:45:00
1775131200,1.15176,1.15292,1.15171,1.1526,2575.0,2026-04-02 12:00:00
1775132100,1.15262,1.15284,1.1521,1.15273,2264.0,2026-04-02 12:15:00
1775133000,1.15272,1.15288,1.15236,1.15254,2230.0,2026-04-02 12:30:00
1775133900,1.15254,1.15312,1.15227,1.15248,2517.0,2026-04-02 12:45:00
1775134800,1.15248,1.15299,1.15204,1.15214,3335.0,2026-04-02 13:00:00
1775135700,1.15214,1.15286,1.15208,1.15272,2495.0,2026-04-02 13:15:00
1775136600,1.15272,1.15302,1.15204,1.15224,3925.0,2026-04-02 13:30:00
1775137500,1.15226,1.15326,1.1522,1.15313,3787.0,2026-04-02 13:45:00
1775138400,1.15314,1.15346,1.15274,1.15307,3364.0,2026-04-02 14:00:00
1775139300,1.15308,1.15366,1.15288,1.15299,2834.0,2026-04-02 14:15:00
1775140200,1.15298,1.15639,1.15266,1.15521,13246.0,2026-04-02 14:30:00
1775141100,1.15522,1.15534,1.15424,1.15512,7706.0,2026-04-02 14:45:00
1775142000,1.15513,1.15586,1.15484,1.15558,6014.0,2026-04-02 15:00:00
1775142900,1.15557,1.15587,1.15416,1.15504,4462.0,2026-04-02 15:15:00
1775143800,1.15504,1.15527,1.15468,1.15498,3496.0,2026-04-02 15:30:00
1775144700,1.15498,1.15498,1.15428,1.15451,2689.0,2026-04-02 15:45:00
1775145600,1.1545,1.15476,1.15397,1.15422,2366.0,2026-04-02 16:00:00
1775146500,1.15422,1.15468,1.15392,1.1541,2126.0,2026-04-02 16:15:00
1775147400,1.1541,1.15476,1.154,1.15462,3022.0,2026-04-02 16:30:00
1775148300,1.1546,1.15482,1.15392,1.15394,2161.0,2026-04-02 16:45:00
1775149200,1.15393,1.15464,1.15374,1.15458,1834.0,2026-04-02 17:00:00
1775150100,1.1546,1.15492,1.15442,1.1545,1494.0,2026-04-02 17:15:00
1775151000,1.1545,1.15451,1.15414,1.15436,1127.0,2026-04-02 17:30:00
1775151900,1.15437,1.15439,1.15364,1.15378,1360.0,2026-04-02 17:45:00
1775152800,1.15378,1.154,1.15352,1.15374,1349.0,2026-04-02 18:00:00
1775153700,1.15375,1.15382,1.15331,1.15336,1167.0,2026-04-02 18:15:00
1775154600,1.15334,1.15382,1.15331,1.15373,1129.0,2026-04-02 18:30:00
1775155500,1.15372,1.15398,1.15362,1.15362,1247.0,2026-04-02 18:45:00
1775156400,1.15362,1.154,1.15362,1.15373,1189.0,2026-04-02 19:00:00
1775157300,1.15372,1.15438,1.15354,1.15395,1422.0,2026-04-02 19:15:00
1775158200,1.15394,1.15407,1.15372,1.15374,913.0,2026-04-02 19:30:00
1775159100,1.15375,1.15386,1.15334,1.15346,1213.0,2026-04-02 19:45:00
1775160000,1.15348,1.15374,1.15322,1.15374,866.0,2026-04-02 20:00:00
1775160900,1.15374,1.15384,1.15366,1.1538,370.0,2026-04-02 20:15:00
1775161800,1.15381,1.15384,1.15366,1.15372,287.0,2026-04-02 20:30:00
1775162700,1.15371,1.154,1.1537,1.154,394.0,2026-04-02 20:45:00
1775163600,1.15385,1.15407,1.15385,1.15406,33.0,2026-04-02 21:00:00
1775164500,1.15403,1.15406,1.15389,1.154,224.0,2026-04-02 21:15:00
1775165400,1.15404,1.1542,1.15394,1.15402,234.0,2026-04-02 21:30:00
1775166300,1.15408,1.1543,1.15402,1.1542,276.0,2026-04-02 21:45:00
1775167200,1.1542,1.1544,1.15381,1.15392,300.0,2026-04-02 22:00:00
1775168100,1.15392,1.15409,1.1539,1.15395,244.0,2026-04-02 22:15:00
1775169000,1.15394,1.15405,1.15392,1.154,289.0,2026-04-02 22:30:00
1775169900,1.15399,1.15406,1.15392,1.154,205.0,2026-04-02 22:45:00
1775170800,1.15401,1.15409,1.15396,1.15406,183.0,2026-04-02 23:00:00
1775171700,1.15404,1.15416,1.154,1.15415,451.0,2026-04-02 23:15:00
1775172600,1.15416,1.1543,1.15412,1.15414,208.0,2026-04-02 23:30:00
1775173500,1.15414,1.15419,1.1541,1.15416,160.0,2026-04-02 23:45:00
1775174400,1.15416,1.15452,1.15412,1.1542,478.0,2026-04-03 00:00:00
1775175300,1.15421,1.15423,1.15406,1.15422,403.0,2026-04-03 00:15:00
1775176200,1.15421,1.15442,1.15418,1.15431,705.0,2026-04-03 00:30:00
1775177100,1.1543,1.15434,1.15382,1.15382,690.0,2026-04-03 00:45:00
1775178000,1.15382,1.154,1.15374,1.15386,1187.0,2026-04-03 01:00:00
1775178900,1.15386,1.15397,1.1538,1.15387,501.0,2026-04-03 01:15:00
1775179800,1.15386,1.15392,1.15355,1.15356,357.0,2026-04-03 01:30:00
1775180700,1.15355,1.15366,1.15338,1.1535,335.0,2026-04-03 01:45:00
1775181600,1.15351,1.15384,1.15345,1.1537,657.0,2026-04-03 02:00:00
1775182500,1.1537,1.15371,1.15322,1.15322,525.0,2026-04-03 02:15:00
1775183400,1.15324,1.15354,1.15323,1.15343,524.0,2026-04-03 02:30:00
1775184300,1.15344,1.15372,1.15342,1.15362,339.0,2026-04-03 02:45:00
1775185200,1.15362,1.15374,1.1536,1.15371,289.0,2026-04-03 03:00:00
1775186100,1.15372,1.15373,1.15354,1.15362,134.0,2026-04-03 03:15:00
1775187000,1.15362,1.15366,1.15356,1.15361,154.0,2026-04-03 03:30:00
1775187900,1.15364,1.15368,1.15342,1.15364,263.0,2026-04-03 03:45:00
1775188800,1.15364,1.15364,1.15344,1.15348,302.0,2026-04-03 04:00:00
1775189700,1.15349,1.15362,1.15346,1.1535,235.0,2026-04-03 04:15:00
1775190600,1.15351,1.15357,1.15344,1.15346,742.0,2026-04-03 04:30:00
1775191500,1.15346,1.15352,1.15338,1.15338,360.0,2026-04-03 04:45:00
1775192400,1.15338,1.15346,1.15328,1.15328,152.0,2026-04-03 05:00:00
1775193300,1.15329,1.15329,1.15294,1.15308,409.0,2026-04-03 05:15:00
1775194200,1.15308,1.1536,1.15308,1.1536,384.0,2026-04-03 05:30:00
1775195100,1.1536,1.15383,1.15354,1.1538,269.0,2026-04-03 05:45:00
1775196000,1.15379,1.15387,1.15369,1.15384,237.0,2026-04-03 06:00:00
1775196900,1.15384,1.15392,1.15355,1.15356,269.0,2026-04-03 06:15:00
1775197800,1.15355,1.15392,1.15352,1.15392,379.0,2026-04-03 06:30:00
1775198700,1.1539,1.15408,1.15379,1.15398,366.0,2026-04-03 06:45:00
1775199600,1.15397,1.15417,1.15395,1.15416,276.0,2026-04-03 07:00:00
1775200500,1.15414,1.15464,1.1541,1.15441,456.0,2026-04-03 07:15:00
1775201400,1.1544,1.15463,1.15426,1.15446,524.0,2026-04-03 07:30:00
1775202300,1.15447,1.15452,1.15427,1.15429,409.0,2026-04-03 07:45:00
1775203200,1.15428,1.15442,1.15412,1.15412,537.0,2026-04-03 08:00:00
1775204100,1.15413,1.15429,1.15403,1.15428,317.0,2026-04-03 08:15:00
1775205000,1.15428,1.15448,1.15426,1.15446,283.0,2026-04-03 08:30:00
1775205900,1.15446,1.15454,1.15416,1.1543,353.0,2026-04-03 08:45:00
1775206800,1.1543,1.15458,1.1542,1.15441,409.0,2026-04-03 09:00:00
1775207700,1.15442,1.15452,1.15432,1.15452,407.0,2026-04-03 09:15:00
1775208600,1.15451,1.15451,1.15426,1.15427,219.0,2026-04-03 09:30:00
1775209500,1.15426,1.15438,1.15408,1.15432,456.0,2026-04-03 09:45:00
1775210400,1.15432,1.15446,1.15426,1.15442,258.0,2026-04-03 10:00:00
1775211300,1.15439,1.15452,1.1543,1.15447,317.0,2026-04-03 10:15:00
1775212200,1.15448,1.15448,1.1542,1.15424,282.0,2026-04-03 10:30:00
1775213100,1.15424,1.15492,1.15424,1.15449,511.0,2026-04-03 10:45:00
1775214000,1.1545,1.15468,1.15442,1.15444,351.0,2026-04-03 11:00:00
1775214900,1.15444,1.15454,1.15422,1.15432,426.0,2026-04-03 11:15:00
1775215800,1.15432,1.15444,1.15409,1.15426,475.0,2026-04-03 11:30:00
1775216700,1.1543,1.15454,1.1543,1.15443,406.0,2026-04-03 11:45:00
1775217600,1.15444,1.15453,1.15411,1.15435,606.0,2026-04-03 12:00:00
1775218500,1.15434,1.1546,1.15415,1.15432,1083.0,2026-04-03 12:15:00
1775219400,1.1543,1.15431,1.15177,1.15322,4932.0,2026-04-03 12:30:00
1775220300,1.1532,1.1534,1.15286,1.1531,1233.0,2026-04-03 12:45:00
1775221200,1.15308,1.15384,1.15294,1.15372,1096.0,2026-04-03 13:00:00
1775222100,1.1537,1.15386,1.15308,1.15311,581.0,2026-04-03 13:15:00
1775223000,1.15312,1.15328,1.1528,1.1531,715.0,2026-04-03 13:30:00
1775223900,1.1531,1.15357,1.15307,1.1535,724.0,2026-04-03 13:45:00
1775224800,1.15352,1.15366,1.15266,1.15276,977.0,2026-04-03 14:00:00
1775225700,1.15274,1.15284,1.15244,1.15264,642.0,2026-04-03 14:15:00
1775226600,1.15266,1.15278,1.15249,1.1526,516.0,2026-04-03 14:30:00
1775227500,1.1526,1.15263,1.15209,1.15212,517.0,2026-04-03 14:45:00
1775228400,1.15213,1.15258,1.1521,1.15254,651.0,2026-04-03 15:00:00
1775229300,1.15252,1.15279,1.15244,1.15251,2207.0,2026-04-03 15:15:00
1775230200,1.1525,1.15256,1.15225,1.15228,1026.0,2026-04-03 15:30:00
1775231100,1.15227,1.15243,1.15201,1.15222,811.0,2026-04-03 15:45:00
1775232000,1.15222,1.15225,1.1519,1.1521,1396.0,2026-04-03 16:00:00
1775232900,1.1521,1.15217,1.1519,1.15204,712.0,2026-04-03 16:15:00
1775233800,1.15204,1.15216,1.15195,1.15205,1419.0,2026-04-03 16:30:00
1775234700,1.15206,1.15218,1.1519,1.1519,540.0,2026-04-03 16:45:00
1775235600,1.1519,1.1521,1.1519,1.15192,960.0,2026-04-03 17:00:00
1775236500,1.15195,1.15207,1.15188,1.1519,1202.0,2026-04-03 17:15:00
1775237400,1.1519,1.15219,1.15186,1.15206,706.0,2026-04-03 17:30:00
1775238300,1.15208,1.15209,1.15186,1.15202,958.0,2026-04-03 17:45:00
1775239200,1.15202,1.15213,1.15186,1.15198,777.0,2026-04-03 18:00:00
1775240100,1.15199,1.15202,1.1519,1.15194,525.0,2026-04-03 18:15:00
1775241000,1.15195,1.15196,1.15144,1.1515,860.0,2026-04-03 18:30:00
1775241900,1.15148,1.1517,1.15142,1.15146,386.0,2026-04-03 18:45:00
1775242800,1.15145,1.15161,1.15143,1.15158,114.0,2026-04-03 19:00:00
1775243700,1.15156,1.15158,1.15147,1.15148,122.0,2026-04-03 19:15:00
1775244600,1.15148,1.15152,1.15147,1.15149,26.0,2026-04-03 19:30:00
1775245500,1.15146,1.15148,1.15142,1.15146,90.0,2026-04-03 19:45:00
1775246400,1.15147,1.15348,1.15144,1.15204,812.0,2026-04-03 20:00:00
1775247300,1.152,1.15205,1.15148,1.15196,411.0,2026-04-03 20:15:00
1775248200,1.15195,1.152,1.15134,1.15177,173.0,2026-04-03 20:30:00
1775249100,1.15182,1.15222,1.15148,1.15222,67.0,2026-04-03 20:45:00
1775422800,1.15238,1.15238,1.15231,1.15232,27.0,2026-04-05 21:00:00
1775423700,1.15232,1.1524,1.15227,1.15228,85.0,2026-04-05 21:15:00
1775424600,1.15228,1.15234,1.15204,1.15206,272.0,2026-04-05 21:30:00
1775425500,1.15206,1.15218,1.15202,1.15213,29.0,2026-04-05 21:45:00
1775426400,1.15212,1.15218,1.15053,1.15106,2001.0,2026-04-05 22:00:00
1775427300,1.15105,1.1513,1.15083,1.15114,2445.0,2026-04-05 22:15:00
1775428200,1.15111,1.15134,1.15097,1.15114,1988.0,2026-04-05 22:30:00
1775429100,1.15114,1.15165,1.15114,1.1515,859.0,2026-04-05 22:45:00
1775430000,1.15149,1.15168,1.15116,1.15124,1054.0,2026-04-05 23:00:00
1775430900,1.15124,1.15138,1.15092,1.15094,748.0,2026-04-05 23:15:00
1775431800,1.15094,1.15119,1.15086,1.15094,776.0,2026-04-05 23:30:00
1775432700,1.15094,1.15118,1.15092,1.15098,972.0,2026-04-05 23:45:00
1775433600,1.15098,1.15166,1.15094,1.15156,1903.0,2026-04-06 00:00:00
1775434500,1.15156,1.15184,1.1514,1.1515,1218.0,2026-04-06 00:15:00
1775435400,1.1515,1.15173,1.1514,1.15164,1105.0,2026-04-06 00:30:00
1775436300,1.15164,1.15164,1.15108,1.15118,1046.0,2026-04-06 00:45:00
1775437200,1.15118,1.15144,1.1508,1.15084,1410.0,2026-04-06 01:00:00
1775438100,1.15084,1.1512,1.1508,1.15105,1138.0,2026-04-06 01:15:00
1775439000,1.15106,1.15112,1.15081,1.15089,908.0,2026-04-06 01:30:00
1775439900,1.1509,1.15097,1.15064,1.1507,573.0,2026-04-06 01:45:00
1775440800,1.15071,1.15234,1.1507,1.15194,2307.0,2026-04-06 02:00:00
1775441700,1.15194,1.15288,1.15184,1.15244,2498.0,2026-04-06 02:15:00
1775442600,1.15244,1.1526,1.15203,1.1521,1318.0,2026-04-06 02:30:00
1775443500,1.1521,1.15229,1.15204,1.15206,1277.0,2026-04-06 02:45:00
1775444400,1.15207,1.15228,1.15202,1.15214,777.0,2026-04-06 03:00:00
1775445300,1.15216,1.15232,1.15173,1.15217,1568.0,2026-04-06 03:15:00
1775446200,1.15219,1.15219,1.1519,1.15202,955.0,2026-04-06 03:30:00
1775447100,1.152,1.15202,1.15175,1.1519,543.0,2026-04-06 03:45:00
1775448000,1.15192,1.15207,1.15186,1.15202,668.0,2026-04-06 04:00:00
1775448900,1.15203,1.15214,1.15192,1.15197,572.0,2026-04-06 04:15:00
1775449800,1.15196,1.15238,1.15196,1.15226,586.0,2026-04-06 04:30:00
1775450700,1.15226,1.15251,1.15218,1.15244,479.0,2026-04-06 04:45:00
1775451600,1.15244,1.15262,1.1523,1.15261,622.0,2026-04-06 05:00:00
1775452500,1.15262,1.15297,1.15262,1.15272,826.0,2026-04-06 05:15:00
1775453400,1.15272,1.15276,1.1525,1.15252,932.0,2026-04-06 05:30:00
1775454300,1.1525,1.15272,1.15242,1.15255,909.0,2026-04-06 05:45:00
1775455200,1.15254,1.15278,1.15242,1.15267,1109.0,2026-04-06 06:00:00
1775456100,1.15264,1.1527,1.1523,1.15236,891.0,2026-04-06 06:15:00
1775457000,1.15236,1.15268,1.1522,1.15265,859.0,2026-04-06 06:30:00
1775457900,1.15264,1.15378,1.15236,1.15333,3596.0,2026-04-06 06:45:00
1775458800,1.15332,1.15346,1.15253,1.15303,1836.0,2026-04-06 07:00:00
1775459700,1.15304,1.15346,1.15301,1.15346,1774.0,2026-04-06 07:15:00
1775460600,1.15346,1.15536,1.15346,1.15522,2440.0,2026-04-06 07:30:00
1775461500,1.15522,1.15688,1.15519,1.15645,3492.0,2026-04-06 07:45:00
1775462400,1.15646,1.15688,1.15555,1.1559,3161.0,2026-04-06 08:00:00
1775463300,1.1559,1.1563,1.15566,1.1559,1763.0,2026-04-06 08:15:00
1775464200,1.1559,1.15622,1.15573,1.15576,1412.0,2026-04-06 08:30:00
1775465100,1.15574,1.15588,1.15538,1.15553,1003.0,2026-04-06 08:45:00
1775466000,1.15556,1.15584,1.1555,1.15554,1176.0,2026-04-06 09:00:00
1775466900,1.15557,1.15578,1.15538,1.15558,1124.0,2026-04-06 09:15:00
1775467800,1.15558,1.15576,1.15542,1.15554,1096.0,2026-04-06 09:30:00
1775468700,1.15555,1.15606,1.15475,1.15506,2452.0,2026-04-06 09:45:00
1775469600,1.15506,1.15544,1.15495,1.15514,1927.0,2026-04-06 10:00:00
1775470500,1.15514,1.15517,1.15474,1.1548,943.0,2026-04-06 10:15:00
1775471400,1.1548,1.15518,1.15464,1.15511,1069.0,2026-04-06 10:30:00
1775472300,1.15512,1.15513,1.15377,1.15481,3396.0,2026-04-06 10:45:00
1775473200,1.15482,1.15501,1.15424,1.15431,1505.0,2026-04-06 11:00:00
1775474100,1.1543,1.1545,1.15403,1.15432,1609.0,2026-04-06 11:15:00
1775475000,1.15435,1.1546,1.15418,1.15438,943.0,2026-04-06 11:30:00
1775475900,1.15437,1.1548,1.15437,1.15458,1034.0,2026-04-06 11:45:00
1775476800,1.15458,1.15485,1.15444,1.15456,1142.0,2026-04-06 12:00:00
1775477700,1.15457,1.15468,1.15426,1.15462,1307.0,2026-04-06 12:15:00
1775478600,1.1546,1.15528,1.1546,1.15514,1226.0,2026-04-06 12:30:00
1775479500,1.15514,1.15546,1.15514,1.15534,1471.0,2026-04-06 12:45:00
1775480400,1.15536,1.15562,1.15494,1.15556,1616.0,2026-04-06 13:00:00
1775481300,1.15554,1.15574,1.1554,1.15574,1190.0,2026-04-06 13:15:00
1775482200,1.15573,1.15602,1.15558,1.15562,2580.0,2026-04-06 13:30:00
1775483100,1.1556,1.15614,1.15552,1.15597,1926.0,2026-04-06 13:45:00
1775484000,1.156,1.15663,1.15545,1.15586,3923.0,2026-04-06 14:00:00
1775484900,1.15586,1.15672,1.15581,1.15656,3063.0,2026-04-06 14:15:00
1775485800,1.15657,1.15716,1.15533,1.15622,4897.0,2026-04-06 14:30:00
1775486700,1.1562,1.15627,1.15426,1.15432,5791.0,2026-04-06 14:45:00
1775487600,1.15432,1.15438,1.15375,1.15379,4038.0,2026-04-06 15:00:00
1775488500,1.15378,1.15421,1.15356,1.15401,2413.0,2026-04-06 15:15:00
1775489400,1.15402,1.15419,1.15366,1.15406,1780.0,2026-04-06 15:30:00
1775490300,1.15406,1.15446,1.15386,1.15444,1848.0,2026-04-06 15:45:00
1775491200,1.15443,1.15478,1.15441,1.1547,1482.0,2026-04-06 16:00:00
1775492100,1.15468,1.15471,1.15424,1.15464,892.0,2026-04-06 16:15:00
1775493000,1.15464,1.15482,1.15439,1.15466,1021.0,2026-04-06 16:30:00
1775493900,1.15467,1.15478,1.15426,1.1545,1951.0,2026-04-06 16:45:00
1775494800,1.15451,1.15451,1.15352,1.15366,3051.0,2026-04-06 17:00:00
1775495700,1.15368,1.15444,1.15342,1.15438,2824.0,2026-04-06 17:15:00
1775496600,1.1544,1.15488,1.15408,1.15426,1815.0,2026-04-06 17:30:00
1775497500,1.15424,1.15442,1.15402,1.15416,1296.0,2026-04-06 17:45:00
1775498400,1.15416,1.15514,1.15396,1.15484,3523.0,2026-04-06 18:00:00
1775499300,1.15484,1.15528,1.1548,1.15506,2808.0,2026-04-06 18:15:00
1775500200,1.15506,1.15521,1.15446,1.15448,1782.0,2026-04-06 18:30:00
1775501100,1.15448,1.15468,1.15438,1.15457,1391.0,2026-04-06 18:45:00
1775502000,1.15458,1.15469,1.15434,1.1545,1100.0,2026-04-06 19:00:00
1775502900,1.15448,1.15456,1.15418,1.15424,555.0,2026-04-06 19:15:00
1775503800,1.15423,1.1544,1.15407,1.1544,593.0,2026-04-06 19:30:00
1775504700,1.15439,1.15468,1.15428,1.15429,862.0,2026-04-06 19:45:00
1775505600,1.1543,1.15437,1.15408,1.15419,624.0,2026-04-06 20:00:00
1775506500,1.15418,1.15445,1.15416,1.15432,522.0,2026-04-06 20:15:00
1775507400,1.15434,1.1544,1.15422,1.15434,325.0,2026-04-06 20:30:00
1775508300,1.15433,1.1544,1.15421,1.15433,626.0,2026-04-06 20:45:00
1775509200,1.15414,1.1543,1.15409,1.15428,229.0,2026-04-06 21:00:00
1775510100,1.15428,1.15436,1.15417,1.15417,339.0,2026-04-06 21:15:00
1775511000,1.15416,1.15448,1.15416,1.15445,290.0,2026-04-06 21:30:00
1775511900,1.15444,1.15447,1.15415,1.15432,463.0,2026-04-06 21:45:00
1775512800,1.15432,1.1548,1.15429,1.15454,358.0,2026-04-06 22:00:00
1775513700,1.15454,1.15467,1.1543,1.15444,522.0,2026-04-06 22:15:00
1775514600,1.15446,1.15452,1.15434,1.15434,1936.0,2026-04-06 22:30:00
1775515500,1.15434,1.15444,1.15423,1.15428,334.0,2026-04-06 22:45:00
1775516400,1.15428,1.15436,1.15424,1.15432,316.0,2026-04-06 23:00:00
1775517300,1.15432,1.15434,1.15406,1.15407,205.0,2026-04-06 23:15:00
1775518200,1.15405,1.15411,1.1539,1.15405,259.0,2026-04-06 23:30:00
1775519100,1.15406,1.15426,1.15406,1.15409,448.0,2026-04-06 23:45:00
1775520000,1.15408,1.1542,1.1538,1.15418,1386.0,2026-04-07 00:00:00
1775520900,1.1542,1.15439,1.154,1.15403,1427.0,2026-04-07 00:15:00
1775521800,1.15402,1.15409,1.15366,1.1538,1012.0,2026-04-07 00:30:00
1775522700,1.1538,1.154,1.15374,1.15376,970.0,2026-04-07 00:45:00
1775523600,1.15376,1.15403,1.15352,1.1536,1897.0,2026-04-07 01:00:00
1775524500,1.1536,1.15376,1.15348,1.15364,1062.0,2026-04-07 01:15:00
1775525400,1.15364,1.15369,1.153,1.15306,1268.0,2026-04-07 01:30:00
1775526300,1.15307,1.15314,1.15272,1.15302,1190.0,2026-04-07 01:45:00
1775527200,1.15302,1.15304,1.15242,1.15271,1311.0,2026-04-07 02:00:00
1775528100,1.15272,1.15297,1.15258,1.15294,806.0,2026-04-07 02:15:00
1775529000,1.15294,1.15308,1.15284,1.15304,542.0,2026-04-07 02:30:00
1775529900,1.15305,1.1532,1.1529,1.15298,490.0,2026-04-07 02:45:00
1775530800,1.15298,1.15322,1.15298,1.15306,570.0,2026-04-07 03:00:00
1775531700,1.15305,1.15312,1.15288,1.1531,737.0,2026-04-07 03:15:00
1775532600,1.15309,1.15342,1.15305,1.15342,590.0,2026-04-07 03:30:00
1775533500,1.15341,1.15349,1.15334,1.15346,450.0,2026-04-07 03:45:00
1775534400,1.15346,1.15361,1.1533,1.15336,695.0,2026-04-07 04:00:00
1775535300,1.15337,1.1535,1.15334,1.15346,541.0,2026-04-07 04:15:00
1775536200,1.15346,1.15364,1.15343,1.15359,587.0,2026-04-07 04:30:00
1775537100,1.15358,1.15389,1.15356,1.15383,561.0,2026-04-07 04:45:00
1775538000,1.15385,1.15398,1.1537,1.15374,703.0,2026-04-07 05:00:00
1775538900,1.15373,1.15396,1.15354,1.15364,936.0,2026-04-07 05:15:00
1775539800,1.15364,1.15378,1.15305,1.15306,1372.0,2026-04-07 05:30:00
1775540700,1.15304,1.15358,1.15302,1.15354,1075.0,2026-04-07 05:45:00
1775541600,1.15355,1.15381,1.15341,1.15352,1355.0,2026-04-07 06:00:00
1775542500,1.15351,1.15394,1.15328,1.15374,1355.0,2026-04-07 06:15:00
1775543400,1.15376,1.15456,1.15368,1.15444,1842.0,2026-04-07 06:30:00
1775544300,1.15442,1.15449,1.1541,1.15447,1734.0,2026-04-07 06:45:00
1775545200,1.15448,1.15456,1.15368,1.15414,1821.0,2026-04-07 07:00:00
1775546100,1.15413,1.15444,1.15386,1.15387,1520.0,2026-04-07 07:15:00
1775547000,1.15388,1.15448,1.15388,1.15446,1255.0,2026-04-07 07:30:00
1775547900,1.15445,1.1546,1.154,1.15428,1350.0,2026-04-07 07:45:00
1775548800,1.15425,1.1568,1.1542,1.1566,6153.0,2026-04-07 08:00:00
1775549700,1.1566,1.1566,1.15574,1.15613,3661.0,2026-04-07 08:15:00
1775550600,1.15614,1.15686,1.15594,1.15675,3189.0,2026-04-07 08:30:00
1775551500,1.15674,1.15756,1.15646,1.15737,2775.0,2026-04-07 08:45:00
1775552400,1.15735,1.15756,1.15694,1.15695,2016.0,2026-04-07 09:00:00
1775553300,1.15694,1.15737,1.15656,1.15688,2313.0,2026-04-07 09:15:00
1775554200,1.15688,1.15729,1.1566,1.1566,2004.0,2026-04-07 09:30:00
1775555100,1.15661,1.15661,1.15623,1.15629,1566.0,2026-04-07 09:45:00
1775556000,1.15628,1.15638,1.15512,1.15608,4070.0,2026-04-07 10:00:00
1775556900,1.15608,1.15628,1.15458,1.15552,4441.0,2026-04-07 10:15:00
1775557800,1.15552,1.15588,1.15472,1.1553,3480.0,2026-04-07 10:30:00
1775558700,1.1553,1.15546,1.15482,1.15543,2858.0,2026-04-07 10:45:00
1775559600,1.15543,1.15543,1.15482,1.1549,1841.0,2026-04-07 11:00:00
1775560500,1.1549,1.15567,1.1549,1.15541,1773.0,2026-04-07 11:15:00
1775561400,1.1554,1.15621,1.15508,1.1562,2186.0,2026-04-07 11:30:00
1775562300,1.1562,1.1562,1.15567,1.15602,1430.0,2026-04-07 11:45:00
1775563200,1.15602,1.15662,1.15542,1.15561,3745.0,2026-04-07 12:00:00
1775564100,1.1556,1.15646,1.1554,1.15612,3002.0,2026-04-07 12:15:00
1775565000,1.15612,1.15672,1.15602,1.15646,1715.0,2026-04-07 12:30:00
1775565900,1.15646,1.15698,1.15576,1.15606,2540.0,2026-04-07 12:45:00
1775566800,1.15604,1.15648,1.15594,1.1563,2906.0,2026-04-07 13:00:00
1775567700,1.15631,1.1565,1.15592,1.15597,2261.0,2026-04-07 13:15:00
1775568600,1.15598,1.1564,1.1556,1.15602,3589.0,2026-04-07 13:30:00
1775569500,1.15603,1.1565,1.15596,1.15638,2349.0,2026-04-07 13:45:00
1775570400,1.15637,1.15666,1.1559,1.15621,3046.0,2026-04-07 14:00:00
1775571300,1.15622,1.15734,1.15584,1.15726,3284.0,2026-04-07 14:15:00
1775572200,1.15726,1.15813,1.15713,1.15786,3742.0,2026-04-07 14:30:00
1775573100,1.15786,1.15836,1.15711,1.1572,4210.0,2026-04-07 14:45:00
1775574000,1.1572,1.15735,1.1566,1.15705,3393.0,2026-04-07 15:00:00
1775574900,1.15704,1.15786,1.15694,1.15742,3885.0,2026-04-07 15:15:00
1775575800,1.15743,1.15752,1.15678,1.15682,2072.0,2026-04-07 15:30:00
1775576700,1.15684,1.15783,1.1568,1.1571,2673.0,2026-04-07 15:45:00
1775577600,1.15713,1.15797,1.15708,1.15752,4001.0,2026-04-07 16:00:00
1775578500,1.15751,1.15786,1.15712,1.15754,3755.0,2026-04-07 16:15:00
1775579400,1.15753,1.15776,1.15737,1.1575,1836.0,2026-04-07 16:30:00
1775580300,1.1575,1.1577,1.15698,1.15716,1605.0,2026-04-07 16:45:00
1775581200,1.15716,1.15754,1.15679,1.15704,1808.0,2026-04-07 17:00:00
1775582100,1.15702,1.15704,1.15664,1.15686,1250.0,2026-04-07 17:15:00
1775583000,1.15686,1.15796,1.15686,1.15758,2866.0,2026-04-07 17:30:00
1775583900,1.15759,1.15792,1.15734,1.15776,1522.0,2026-04-07 17:45:00
1775584800,1.15777,1.15798,1.15771,1.15795,1433.0,2026-04-07 18:00:00
1775585700,1.15793,1.1583,1.15784,1.15822,1485.0,2026-04-07 18:15:00
1775586600,1.15822,1.15831,1.15767,1.15778,1180.0,2026-04-07 18:30:00
1775587500,1.15776,1.15777,1.15716,1.15748,1550.0,2026-04-07 18:45:00
1775588400,1.15747,1.15796,1.15731,1.15768,2284.0,2026-04-07 19:00:00
1775589300,1.15769,1.15908,1.15765,1.15844,5442.0,2026-04-07 19:15:00
1775590200,1.15844,1.15902,1.15829,1.15863,2053.0,2026-04-07 19:30:00
1775591100,1.15862,1.16018,1.15856,1.15952,7326.0,2026-04-07 19:45:00
1775592000,1.15952,1.1602,1.15925,1.16017,1954.0,2026-04-07 20:00:00
1775592900,1.16018,1.16052,1.15992,1.15994,1743.0,2026-04-07 20:15:00
1775593800,1.15994,1.16029,1.15969,1.1598,2145.0,2026-04-07 20:30:00
1775594700,1.1598,1.15994,1.15942,1.15976,1719.0,2026-04-07 20:45:00
1775595600,1.15962,1.16033,1.15956,1.15996,290.0,2026-04-07 21:00:00
1775596500,1.15993,1.16011,1.1598,1.16009,324.0,2026-04-07 21:15:00
1775597400,1.1601,1.16024,1.15988,1.1599,233.0,2026-04-07 21:30:00
1775598300,1.1599,1.16014,1.15978,1.16,448.0,2026-04-07 21:45:00
1775599200,1.16002,1.16196,1.15992,1.16124,2356.0,2026-04-07 22:00:00
1775600100,1.16123,1.16135,1.16095,1.16131,1211.0,2026-04-07 22:15:00
1775601000,1.1613,1.16531,1.15889,1.16433,10236.0,2026-04-07 22:30:00
1775601900,1.16433,1.16698,1.16382,1.1668,7675.0,2026-04-07 22:45:00
1775602800,1.16682,1.16756,1.16614,1.16695,8883.0,2026-04-07 23:00:00
1775603700,1.16696,1.1688,1.16666,1.16762,7574.0,2026-04-07 23:15:00
1775604600,1.16764,1.16869,1.16715,1.1686,5892.0,2026-04-07 23:30:00
1775605500,1.1686,1.16903,1.16818,1.16862,5496.0,2026-04-07 23:45:00
1775606400,1.16863,1.1697,1.16755,1.1679,11581.0,2026-04-08 00:00:00
1775607300,1.16792,1.16797,1.16701,1.1675,8108.0,2026-04-08 00:15:00
1775608200,1.16751,1.16771,1.16662,1.16668,6803.0,2026-04-08 00:30:00
1775609100,1.16668,1.16764,1.16661,1.16718,4707.0,2026-04-08 00:45:00
1775610000,1.16718,1.16838,1.16712,1.16782,5401.0,2026-04-08 01:00:00
1775610900,1.16781,1.16884,1.16755,1.16866,4802.0,2026-04-08 01:15:00
1775611800,1.16866,1.16868,1.1675,1.16807,4127.0,2026-04-08 01:30:00
1775612700,1.16808,1.16846,1.16747,1.16754,2619.0,2026-04-08 01:45:00
1775613600,1.16754,1.16824,1.16754,1.16765,3253.0,2026-04-08 02:00:00
1775614500,1.16763,1.1677,1.16688,1.16738,2046.0,2026-04-08 02:15:00
1775615400,1.16738,1.16754,1.16708,1.16716,1953.0,2026-04-08 02:30:00
1775616300,1.16716,1.16739,1.16696,1.16737,1607.0,2026-04-08 02:45:00
1775617200,1.16739,1.16749,1.16705,1.16742,1641.0,2026-04-08 03:00:00
1775618100,1.16743,1.1676,1.16672,1.16692,1502.0,2026-04-08 03:15:00
1775619000,1.16691,1.16724,1.16662,1.16703,1586.0,2026-04-08 03:30:00
1775619900,1.16702,1.16724,1.16688,1.16707,1503.0,2026-04-08 03:45:00
1775620800,1.16708,1.16788,1.16708,1.16785,1734.0,2026-04-08 04:00:00
1775621700,1.16786,1.1681,1.1675,1.16779,1841.0,2026-04-08 04:15:00
1775622600,1.1678,1.16807,1.16754,1.16775,1410.0,2026-04-08 04:30:00
1775623500,1.16776,1.16792,1.1674,1.16763,1797.0,2026-04-08 04:45:00
1775624400,1.16764,1.16794,1.16721,1.16774,2533.0,2026-04-08 05:00:00
1775625300,1.16774,1.16877,1.1676,1.16858,2106.0,2026-04-08 05:15:00
1775626200,1.16857,1.16915,1.16839,1.16893,2152.0,2026-04-08 05:30:00
1775627100,1.1689,1.17086,1.16876,1.16916,3630.0,2026-04-08 05:45:00
1775628000,1.16915,1.16918,1.16846,1.16896,3510.0,2026-04-08 06:00:00
1775628900,1.16894,1.17048,1.1686,1.1703,3677.0,2026-04-08 06:15:00
1775629800,1.17031,1.17085,1.16971,1.17046,3782.0,2026-04-08 06:30:00
1775630700,1.17046,1.17078,1.16904,1.16962,3465.0,2026-04-08 06:45:00
1775631600,1.16965,1.16972,1.1679,1.16816,4382.0,2026-04-08 07:00:00
1775632500,1.16816,1.1697,1.16797,1.16952,2700.0,2026-04-08 07:15:00
1775633400,1.16952,1.16952,1.16887,1.16947,2972.0,2026-04-08 07:30:00
1775634300,1.16948,1.17003,1.16934,1.16956,2710.0,2026-04-08 07:45:00
1775635200,1.16956,1.16993,1.16852,1.1687,3179.0,2026-04-08 08:00:00
1775636100,1.16868,1.16912,1.16816,1.1685,2547.0,2026-04-08 08:15:00
1775637000,1.1685,1.16866,1.16689,1.16776,4416.0,2026-04-08 08:30:00
1775637900,1.16777,1.16844,1.16768,1.16812,2539.0,2026-04-08 08:45:00
1775638800,1.16814,1.16874,1.16801,1.16845,2460.0,2026-04-08 09:00:00
1775639700,1.16846,1.16894,1.16794,1.16822,2372.0,2026-04-08 09:15:00
1775640600,1.16823,1.16858,1.16781,1.16785,2532.0,2026-04-08 09:30:00
1775641500,1.16786,1.16868,1.1678,1.16796,2645.0,2026-04-08 09:45:00
1775642400,1.16795,1.16864,1.16776,1.16863,2228.0,2026-04-08 10:00:00
1775643300,1.16862,1.16869,1.16834,1.16857,1852.0,2026-04-08 10:15:00
1775644200,1.16858,1.16894,1.16843,1.16881,1807.0,2026-04-08 10:30:00
1775645100,1.1688,1.16925,1.16847,1.16903,1755.0,2026-04-08 10:45:00
1775646000,1.16902,1.16969,1.16854,1.1696,2046.0,2026-04-08 11:00:00
1775646900,1.16959,1.17104,1.1695,1.17074,2545.0,2026-04-08 11:15:00
1775647800,1.17071,1.17077,1.16944,1.16998,3438.0,2026-04-08 11:30:00
1775648700,1.16999,1.17048,1.16988,1.17002,2218.0,2026-04-08 11:45:00
1775649600,1.17004,1.17106,1.16998,1.17068,3101.0,2026-04-08 12:00:00
1775650500,1.17069,1.17078,1.16881,1.17006,7634.0,2026-04-08 12:15:00
1775651400,1.17004,1.1715,1.17004,1.17146,2869.0,2026-04-08 12:30:00
1775652300,1.17145,1.17182,1.17131,1.17141,2509.0,2026-04-08 12:45:00
1775653200,1.1714,1.17218,1.17101,1.17121,3282.0,2026-04-08 13:00:00
1775654100,1.17121,1.17153,1.17027,1.17038,3228.0,2026-04-08 13:15:00
1775655000,1.17037,1.17052,1.1687,1.16932,6558.0,2026-04-08 13:30:00
1775655900,1.16932,1.1699,1.16886,1.16942,5260.0,2026-04-08 13:45:00
1775656800,1.16941,1.17014,1.16906,1.16964,4774.0,2026-04-08 14:00:00
1775657700,1.16962,1.17034,1.16932,1.1697,4495.0,2026-04-08 14:15:00
1775658600,1.1697,1.1698,1.16901,1.16974,4563.0,2026-04-08 14:30:00
1775659500,1.16974,1.17022,1.16894,1.16944,5639.0,2026-04-08 14:45:00
1775660400,1.16946,1.16964,1.16842,1.16868,3840.0,2026-04-08 15:00:00
1775661300,1.16868,1.16942,1.16854,1.16882,3094.0,2026-04-08 15:15:00
1775662200,1.16883,1.16966,1.16873,1.16908,2978.0,2026-04-08 15:30:00
1775663100,1.16908,1.16929,1.16857,1.16862,2053.0,2026-04-08 15:45:00
1775664000,1.16863,1.16887,1.16807,1.16835,3137.0,2026-04-08 16:00:00
1775664900,1.16836,1.16843,1.16788,1.168,2916.0,2026-04-08 16:15:00
1775665800,1.16802,1.16822,1.1677,1.16791,2261.0,2026-04-08 16:30:00
1775666700,1.1679,1.16829,1.16778,1.16818,1594.0,2026-04-08 16:45:00
1775667600,1.16817,1.16853,1.16786,1.16851,1491.0,2026-04-08 17:00:00
1775668500,1.16852,1.16854,1.1671,1.16758,2731.0,2026-04-08 17:15:00
1775669400,1.16756,1.16768,1.1669,1.16742,3052.0,2026-04-08 17:30:00
1775670300,1.16742,1.1675,1.16708,1.1675,1290.0,2026-04-08 17:45:00
1775671200,1.1675,1.16789,1.16716,1.16786,1984.0,2026-04-08 18:00:00
1775672100,1.16788,1.16802,1.16648,1.16658,5324.0,2026-04-08 18:15:00
1775673000,1.16658,1.16685,1.1657,1.16582,3027.0,2026-04-08 18:30:00
1775673900,1.1658,1.1658,1.165,1.16504,2603.0,2026-04-08 18:45:00
1775674800,1.16502,1.16529,1.16434,1.16528,3208.0,2026-04-08 19:00:00
1775675700,1.16528,1.1654,1.16478,1.16526,2504.0,2026-04-08 19:15:00
1775676600,1.16522,1.16644,1.16522,1.16602,2398.0,2026-04-08 19:30:00
1775677500,1.16602,1.16706,1.16602,1.1668,1967.0,2026-04-08 19:45:00
1775678400,1.1668,1.16695,1.16626,1.16641,1297.0,2026-04-08 20:00:00
1775679300,1.1664,1.16644,1.16606,1.16625,625.0,2026-04-08 20:15:00
1775680200,1.16623,1.16644,1.16618,1.1663,635.0,2026-04-08 20:30:00
1775681100,1.16631,1.16649,1.16614,1.16622,955.0,2026-04-08 20:45:00
1775682000,1.16615,1.1666,1.16601,1.16638,72.0,2026-04-08 21:00:00
1775682900,1.16638,1.16655,1.16638,1.1664,113.0,2026-04-08 21:15:00
1775683800,1.16638,1.16642,1.16622,1.16623,152.0,2026-04-08 21:30:00
1775684700,1.16623,1.16672,1.16622,1.16662,982.0,2026-04-08 21:45:00
1775685600,1.1666,1.16678,1.16643,1.16644,516.0,2026-04-08 22:00:00
1775686500,1.16644,1.16648,1.166,1.16631,560.0,2026-04-08 22:15:00
1775687400,1.1663,1.16657,1.1661,1.1663,597.0,2026-04-08 22:30:00
1775688300,1.16631,1.16633,1.16621,1.16622,309.0,2026-04-08 22:45:00
1775689200,1.16623,1.16634,1.16611,1.16615,482.0,2026-04-08 23:00:00
1775690100,1.16614,1.16621,1.16598,1.166,381.0,2026-04-08 23:15:00
1775691000,1.166,1.16604,1.16582,1.16595,419.0,2026-04-08 23:30:00
1775691900,1.16596,1.1661,1.16576,1.16592,523.0,2026-04-08 23:45:00
1775692800,1.16593,1.16594,1.1653,1.16556,1898.0,2026-04-09 00:00:00
1775693700,1.16556,1.16596,1.1655,1.1657,1292.0,2026-04-09 00:15:00
1775694600,1.1657,1.16611,1.16568,1.1657,996.0,2026-04-09 00:30:00
1775695500,1.16572,1.16588,1.1656,1.16572,1207.0,2026-04-09 00:45:00
1775696400,1.16572,1.16588,1.1654,1.16544,1500.0,2026-04-09 01:00:00
1775697300,1.16544,1.16552,1.16504,1.16526,1342.0,2026-04-09 01:15:00
1775698200,1.16528,1.16589,1.16526,1.16579,1311.0,2026-04-09 01:30:00
1775699100,1.1658,1.16636,1.16556,1.16618,1108.0,2026-04-09 01:45:00
1775700000,1.16618,1.16644,1.16592,1.16606,1029.0,2026-04-09 02:00:00
1775700900,1.16607,1.16646,1.16606,1.16642,773.0,2026-04-09 02:15:00
1775701800,1.16642,1.16674,1.16641,1.16663,728.0,2026-04-09 02:30:00
1775702700,1.16662,1.16667,1.16646,1.16653,682.0,2026-04-09 02:45:00
1775703600,1.16654,1.16666,1.16634,1.16646,821.0,2026-04-09 03:00:00
1775704500,1.16645,1.16652,1.16626,1.16636,678.0,2026-04-09 03:15:00
1775705400,1.16636,1.1667,1.16634,1.16664,640.0,2026-04-09 03:30:00
1775706300,1.16662,1.16662,1.16606,1.16624,1280.0,2026-04-09 03:45:00
1775707200,1.16624,1.16699,1.16619,1.16698,711.0,2026-04-09 04:00:00
1775708100,1.16698,1.167,1.16673,1.16682,449.0,2026-04-09 04:15:00
1775709000,1.16682,1.16712,1.16676,1.16693,418.0,2026-04-09 04:30:00
1775709900,1.16693,1.16697,1.16664,1.16664,609.0,2026-04-09 04:45:00
1775710800,1.16665,1.16678,1.16622,1.16626,1009.0,2026-04-09 05:00:00
1775711700,1.16625,1.16662,1.16622,1.16636,866.0,2026-04-09 05:15:00
1775712600,1.16636,1.16641,1.16616,1.16629,814.0,2026-04-09 05:30:00
1775713500,1.16628,1.16629,1.16592,1.1661,1038.0,2026-04-09 05:45:00
1775714400,1.1661,1.16632,1.16594,1.16595,1195.0,2026-04-09 06:00:00
1775715300,1.16595,1.16602,1.16544,1.16579,1095.0,2026-04-09 06:15:00
1775716200,1.1658,1.16598,1.16566,1.16595,1341.0,2026-04-09 06:30:00
1775717100,1.16594,1.16644,1.16581,1.16643,1791.0,2026-04-09 06:45:00
1775718000,1.16645,1.16692,1.16638,1.16654,1755.0,2026-04-09 07:00:00
1775718900,1.16652,1.16653,1.16574,1.16606,2098.0,2026-04-09 07:15:00
1775719800,1.16607,1.16614,1.16554,1.1661,1781.0,2026-04-09 07:30:00
1775720700,1.1661,1.16647,1.16592,1.1663,1511.0,2026-04-09 07:45:00
1775721600,1.1663,1.16668,1.16597,1.16612,1364.0,2026-04-09 08:00:00
1775722500,1.16612,1.1665,1.16598,1.1663,1092.0,2026-04-09 08:15:00
1775723400,1.16629,1.16682,1.16625,1.16678,1332.0,2026-04-09 08:30:00
1775724300,1.16677,1.1675,1.16662,1.1672,1581.0,2026-04-09 08:45:00
1775725200,1.16721,1.16766,1.16686,1.16762,1684.0,2026-04-09 09:00:00
1775726100,1.16764,1.16793,1.16741,1.16768,1446.0,2026-04-09 09:15:00
1775727000,1.16768,1.16783,1.16754,1.16766,1128.0,2026-04-09 09:30:00
1775727900,1.16766,1.16769,1.16724,1.16746,1332.0,2026-04-09 09:45:00
1775728800,1.16746,1.16796,1.16742,1.16768,1327.0,2026-04-09 10:00:00
1775729700,1.16769,1.16794,1.16748,1.16776,1122.0,2026-04-09 10:15:00
1775730600,1.16776,1.16778,1.16747,1.16752,954.0,2026-04-09 10:30:00
1775731500,1.16752,1.16768,1.16711,1.16711,1596.0,2026-04-09 10:45:00
1775732400,1.1671,1.16768,1.16696,1.16756,1462.0,2026-04-09 11:00:00
1775733300,1.16756,1.16814,1.16756,1.16812,1145.0,2026-04-09 11:15:00
1775734200,1.16813,1.16888,1.16802,1.16883,1331.0,2026-04-09 11:30:00
1775735100,1.16884,1.16896,1.16851,1.16884,1348.0,2026-04-09 11:45:00
1775736000,1.16885,1.16892,1.16832,1.16846,1326.0,2026-04-09 12:00:00
1775736900,1.16848,1.16857,1.16802,1.1685,1172.0,2026-04-09 12:15:00
1775737800,1.16848,1.169,1.16791,1.1682,3007.0,2026-04-09 12:30:00
1775738700,1.16822,1.16862,1.1679,1.1686,1782.0,2026-04-09 12:45:00
1775739600,1.16861,1.16874,1.16832,1.16862,2273.0,2026-04-09 13:00:00
1775740500,1.16863,1.16925,1.1686,1.16881,1679.0,2026-04-09 13:15:00
1775741400,1.16882,1.16953,1.16879,1.16917,2298.0,2026-04-09 13:30:00
1775742300,1.16918,1.16932,1.16812,1.16818,3265.0,2026-04-09 13:45:00
1775743200,1.16818,1.16877,1.16806,1.16846,3065.0,2026-04-09 14:00:00
1775744100,1.16845,1.16881,1.16806,1.16864,2402.0,2026-04-09 14:15:00
1775745000,1.16861,1.16861,1.16742,1.16758,2238.0,2026-04-09 14:30:00
1775745900,1.16757,1.16852,1.16744,1.16847,3301.0,2026-04-09 14:45:00
1775746800,1.16846,1.16866,1.16776,1.16844,2514.0,2026-04-09 15:00:00
1775747700,1.16843,1.17001,1.16843,1.16948,5252.0,2026-04-09 15:15:00
1775748600,1.16951,1.17068,1.16942,1.16998,5611.0,2026-04-09 15:30:00
1775749500,1.16998,1.17072,1.16976,1.17056,3343.0,2026-04-09 15:45:00
1775750400,1.17054,1.17112,1.17024,1.17081,2961.0,2026-04-09 16:00:00
1775751300,1.17082,1.17142,1.17078,1.17138,2323.0,2026-04-09 16:15:00
1775752200,1.17139,1.1714,1.17078,1.17114,1938.0,2026-04-09 16:30:00
1775753100,1.17114,1.1713,1.17086,1.17106,1566.0,2026-04-09 16:45:00
1775754000,1.17107,1.17186,1.17101,1.17164,1992.0,2026-04-09 17:00:00
1775754900,1.17163,1.17218,1.17161,1.17198,1535.0,2026-04-09 17:15:00
1775755800,1.17198,1.17234,1.17164,1.17178,1884.0,2026-04-09 17:30:00
1775756700,1.17178,1.172,1.17124,1.17142,1433.0,2026-04-09 17:45:00
1775757600,1.17142,1.17149,1.17024,1.17041,3186.0,2026-04-09 18:00:00
1775758500,1.17039,1.17052,1.16985,1.17012,2814.0,2026-04-09 18:15:00
1775759400,1.17012,1.17019,1.16975,1.1699,1714.0,2026-04-09 18:30:00
1775760300,1.1699,1.17022,1.16984,1.16992,1411.0,2026-04-09 18:45:00
1775761200,1.16991,1.17058,1.1698,1.17058,1296.0,2026-04-09 19:00:00
1775762100,1.17057,1.17062,1.16995,1.1703,1233.0,2026-04-09 19:15:00
1775763000,1.1703,1.17086,1.1703,1.17073,1375.0,2026-04-09 19:30:00
1775763900,1.17072,1.17084,1.16998,1.17006,1452.0,2026-04-09 19:45:00
1775764800,1.17008,1.17008,1.16972,1.16987,739.0,2026-04-09 20:00:00
1775765700,1.16987,1.1699,1.16969,1.16981,564.0,2026-04-09 20:15:00
1775766600,1.1698,1.16988,1.16954,1.16962,412.0,2026-04-09 20:30:00
1775767500,1.16961,1.16992,1.16956,1.1699,572.0,2026-04-09 20:45:00
1775768400,1.17021,1.17022,1.16983,1.16986,167.0,2026-04-09 21:00:00
1775769300,1.16986,1.16995,1.1697,1.16972,187.0,2026-04-09 21:15:00
1775770200,1.16972,1.17006,1.16968,1.16975,2391.0,2026-04-09 21:30:00
1775771100,1.16976,1.17022,1.16954,1.17015,468.0,2026-04-09 21:45:00
1775772000,1.17015,1.17026,1.17005,1.17012,286.0,2026-04-09 22:00:00
1775772900,1.17012,1.17024,1.16967,1.16968,468.0,2026-04-09 22:15:00
1775773800,1.16968,1.16992,1.16936,1.1694,774.0,2026-04-09 22:30:00
1775774700,1.16942,1.16944,1.16926,1.16941,435.0,2026-04-09 22:45:00
1775775600,1.16942,1.16963,1.16938,1.16943,307.0,2026-04-09 23:00:00
1775776500,1.16943,1.16952,1.16932,1.16944,299.0,2026-04-09 23:15:00
1775777400,1.16944,1.16958,1.16926,1.16927,295.0,2026-04-09 23:30:00
1775778300,1.16927,1.16937,1.16904,1.16917,432.0,2026-04-09 23:45:00
1775779200,1.16918,1.16918,1.1687,1.16882,921.0,2026-04-10 00:00:00
1775780100,1.16882,1.16892,1.16862,1.1687,667.0,2026-04-10 00:15:00
1775781000,1.16868,1.16892,1.16866,1.16876,801.0,2026-04-10 00:30:00
1775781900,1.16877,1.16886,1.16854,1.16879,1026.0,2026-04-10 00:45:00
1775782800,1.1688,1.16888,1.16864,1.16883,968.0,2026-04-10 01:00:00
1775783700,1.16884,1.16892,1.16862,1.16884,654.0,2026-04-10 01:15:00
1775784600,1.16883,1.16938,1.16876,1.16914,901.0,2026-04-10 01:30:00
1775785500,1.16914,1.16948,1.16906,1.16922,799.0,2026-04-10 01:45:00
1775786400,1.16925,1.16943,1.16892,1.16894,962.0,2026-04-10 02:00:00
1775787300,1.16894,1.16905,1.16867,1.16868,644.0,2026-04-10 02:15:00
1775788200,1.16868,1.16915,1.16868,1.16914,652.0,2026-04-10 02:30:00
1775789100,1.16914,1.16929,1.16902,1.1691,488.0,2026-04-10 02:45:00
1775790000,1.16907,1.16918,1.16899,1.16914,379.0,2026-04-10 03:00:00
1775790900,1.16914,1.1695,1.16913,1.16946,326.0,2026-04-10 03:15:00
1775791800,1.16946,1.16964,1.16928,1.16937,375.0,2026-04-10 03:30:00
1775792700,1.16938,1.1697,1.16934,1.16958,507.0,2026-04-10 03:45:00
1775793600,1.16956,1.16966,1.1693,1.16946,507.0,2026-04-10 04:00:00
1775794500,1.16945,1.1696,1.16942,1.16944,364.0,2026-04-10 04:15:00
1775795400,1.16945,1.16952,1.16928,1.16928,464.0,2026-04-10 04:30:00
1775796300,1.16926,1.16939,1.16912,1.1692,483.0,2026-04-10 04:45:00
1775797200,1.16922,1.16928,1.16892,1.16898,600.0,2026-04-10 05:00:00
1775798100,1.16897,1.16912,1.16876,1.16878,449.0,2026-04-10 05:15:00
1775799000,1.16879,1.16918,1.16877,1.169,843.0,2026-04-10 05:30:00
1775799900,1.16901,1.16911,1.16894,1.169,503.0,2026-04-10 05:45:00
1775800800,1.169,1.16936,1.16874,1.16883,916.0,2026-04-10 06:00:00
1775801700,1.16884,1.16884,1.16842,1.16844,1081.0,2026-04-10 06:15:00
1775802600,1.16844,1.16904,1.16832,1.16864,1301.0,2026-04-10 06:30:00
1775803500,1.16864,1.16898,1.16842,1.16842,1091.0,2026-04-10 06:45:00
1775804400,1.16841,1.1689,1.16823,1.16858,1507.0,2026-04-10 07:00:00
1775805300,1.16857,1.16896,1.16834,1.16868,1497.0,2026-04-10 07:15:00
1775806200,1.16868,1.16868,1.16816,1.16842,1177.0,2026-04-10 07:30:00
1775807100,1.16844,1.16858,1.1679,1.16797,1346.0,2026-04-10 07:45:00
1775808000,1.16795,1.16858,1.16774,1.16855,1443.0,2026-04-10 08:00:00
1775808900,1.16856,1.16884,1.16834,1.16857,1189.0,2026-04-10 08:15:00
1775809800,1.16858,1.16898,1.16858,1.16878,1103.0,2026-04-10 08:30:00
1775810700,1.16878,1.1688,1.16842,1.16859,1113.0,2026-04-10 08:45:00
1775811600,1.16858,1.16888,1.16847,1.16852,1243.0,2026-04-10 09:00:00
1775812500,1.16852,1.17107,1.16848,1.16973,5773.0,2026-04-10 09:15:00
1775813400,1.16972,1.17024,1.16958,1.17024,2101.0,2026-04-10 09:30:00
1775814300,1.17022,1.1711,1.17,1.17103,2117.0,2026-04-10 09:45:00
1775815200,1.17104,1.17129,1.17077,1.17077,1565.0,2026-04-10 10:00:00
1775816100,1.17075,1.17134,1.17058,1.1712,1232.0,2026-04-10 10:15:00
1775817000,1.17121,1.17154,1.17102,1.17137,1237.0,2026-04-10 10:30:00
1775817900,1.17138,1.1716,1.17122,1.1713,1094.0,2026-04-10 10:45:00
1775818800,1.17129,1.17189,1.17123,1.1717,1059.0,2026-04-10 11:00:00
1775819700,1.1717,1.17179,1.17121,1.1713,998.0,2026-04-10 11:15:00
1775820600,1.17128,1.17167,1.17108,1.17166,962.0,2026-04-10 11:30:00
1775821500,1.17166,1.17172,1.17128,1.17141,1151.0,2026-04-10 11:45:00
1775822400,1.17142,1.17158,1.17108,1.17146,1446.0,2026-04-10 12:00:00
1775823300,1.17146,1.1715,1.17095,1.17142,1754.0,2026-04-10 12:15:00
1775824200,1.17143,1.17258,1.17143,1.17174,5030.0,2026-04-10 12:30:00
1775825100,1.17176,1.17214,1.17126,1.17209,2527.0,2026-04-10 12:45:00
1775826000,1.17206,1.17258,1.17186,1.17234,2465.0,2026-04-10 13:00:00
1775826900,1.17233,1.17348,1.17216,1.17334,2389.0,2026-04-10 13:15:00
1775827800,1.17334,1.17348,1.17246,1.17286,2953.0,2026-04-10 13:30:00
1775828700,1.17286,1.17316,1.1725,1.17278,2655.0,2026-04-10 13:45:00
1775829600,1.17276,1.17356,1.17267,1.17342,2800.0,2026-04-10 14:00:00
1775830500,1.17341,1.17384,1.1732,1.17352,2377.0,2026-04-10 14:15:00
1775831400,1.17352,1.17371,1.17258,1.17281,2974.0,2026-04-10 14:30:00
1775832300,1.17282,1.17299,1.17202,1.17278,5184.0,2026-04-10 14:45:00
1775833200,1.17278,1.17354,1.17266,1.17348,2517.0,2026-04-10 15:00:00
1775834100,1.17348,1.17396,1.1732,1.1732,2812.0,2026-04-10 15:15:00
1775835000,1.17321,1.17348,1.17267,1.17272,3142.0,2026-04-10 15:30:00
1775835900,1.17273,1.17278,1.17218,1.17224,1976.0,2026-04-10 15:45:00
1775836800,1.17224,1.17254,1.17202,1.17248,1644.0,2026-04-10 16:00:00
1775837700,1.17248,1.17248,1.17209,1.1721,1289.0,2026-04-10 16:15:00
1775838600,1.1721,1.17213,1.17138,1.17141,2081.0,2026-04-10 16:30:00
1775839500,1.1714,1.17216,1.17139,1.17204,1619.0,2026-04-10 16:45:00
1775840400,1.17205,1.17246,1.1719,1.17232,1216.0,2026-04-10 17:00:00
1775841300,1.17234,1.17244,1.17206,1.1723,1002.0,2026-04-10 17:15:00
1775842200,1.17229,1.17252,1.17213,1.17244,1112.0,2026-04-10 17:30:00
1775843100,1.17244,1.17262,1.17218,1.17234,1005.0,2026-04-10 17:45:00
1775844000,1.17234,1.17241,1.17189,1.17234,1258.0,2026-04-10 18:00:00
1775844900,1.17234,1.17296,1.17229,1.1729,1583.0,2026-04-10 18:15:00
1775845800,1.17292,1.17354,1.17292,1.17324,1611.0,2026-04-10 18:30:00
1775846700,1.17325,1.17328,1.17288,1.17316,1065.0,2026-04-10 18:45:00
1775847600,1.17316,1.17326,1.17278,1.17282,1087.0,2026-04-10 19:00:00
1775848500,1.17283,1.17312,1.17278,1.17282,892.0,2026-04-10 19:15:00
1775849400,1.17283,1.17304,1.17274,1.17293,769.0,2026-04-10 19:30:00
1775850300,1.17292,1.17298,1.17273,1.17274,868.0,2026-04-10 19:45:00
1775851200,1.17274,1.17298,1.17269,1.17288,658.0,2026-04-10 20:00:00
1775852100,1.1729,1.17296,1.17282,1.17286,1044.0,2026-04-10 20:15:00
1775853000,1.17287,1.17304,1.17282,1.17294,1099.0,2026-04-10 20:30:00
1775853900,1.17294,1.17311,1.17208,1.1725,1591.0,2026-04-10 20:45:00
1776027600,1.16666,1.1671,1.16664,1.16709,749.0,2026-04-12 21:00:00
1776028500,1.16706,1.16818,1.167,1.16814,348.0,2026-04-12 21:15:00
1776029400,1.16813,1.16817,1.16783,1.16786,599.0,2026-04-12 21:30:00
1776030300,1.16785,1.16796,1.1673,1.16736,225.0,2026-04-12 21:45:00
1776031200,1.16735,1.16796,1.16695,1.16754,2165.0,2026-04-12 22:00:00
1776032100,1.16754,1.16766,1.16661,1.1668,2266.0,2026-04-12 22:15:00
1776033000,1.16682,1.16719,1.16658,1.16718,2793.0,2026-04-12 22:30:00
1776033900,1.16716,1.16735,1.16694,1.16724,1224.0,2026-04-12 22:45:00
1776034800,1.16724,1.1674,1.16696,1.16707,1298.0,2026-04-12 23:00:00
1776035700,1.16708,1.16708,1.1664,1.16682,1081.0,2026-04-12 23:15:00
1776036600,1.16682,1.16724,1.16672,1.16709,818.0,2026-04-12 23:30:00
1776037500,1.16708,1.16756,1.16708,1.1675,1377.0,2026-04-12 23:45:00
1776038400,1.16752,1.16796,1.1671,1.16786,2436.0,2026-04-13 00:00:00
1776039300,1.16782,1.16837,1.16777,1.16808,1537.0,2026-04-13 00:15:00
1776040200,1.16808,1.16862,1.16806,1.16846,946.0,2026-04-13 00:30:00
1776041100,1.16847,1.16876,1.16841,1.16876,1325.0,2026-04-13 00:45:00
1776042000,1.16878,1.16898,1.16838,1.16882,1706.0,2026-04-13 01:00:00
1776042900,1.16883,1.16888,1.16835,1.16842,1261.0,2026-04-13 01:15:00
1776043800,1.1684,1.16842,1.16804,1.1682,1133.0,2026-04-13 01:30:00
1776044700,1.1682,1.16874,1.16808,1.16862,1259.0,2026-04-13 01:45:00
1776045600,1.16863,1.16881,1.16855,1.16874,666.0,2026-04-13 02:00:00
1776046500,1.16875,1.16888,1.16868,1.16874,527.0,2026-04-13 02:15:00
1776047400,1.16875,1.16902,1.16861,1.16866,618.0,2026-04-13 02:30:00
1776048300,1.16867,1.16891,1.16853,1.16885,643.0,2026-04-13 02:45:00
1776049200,1.16886,1.16894,1.16863,1.16866,572.0,2026-04-13 03:00:00
1776050100,1.16867,1.16878,1.1686,1.16866,419.0,2026-04-13 03:15:00
1776051000,1.16867,1.16888,1.16863,1.16884,511.0,2026-04-13 03:30:00
1776051900,1.16884,1.16886,1.16869,1.16882,483.0,2026-04-13 03:45:00
1776052800,1.16883,1.16901,1.1687,1.16898,451.0,2026-04-13 04:00:00
1776053700,1.16898,1.16902,1.16878,1.16888,424.0,2026-04-13 04:15:00
1776054600,1.16889,1.16898,1.16864,1.16874,580.0,2026-04-13 04:30:00
1776055500,1.16875,1.16888,1.16858,1.16862,561.0,2026-04-13 04:45:00
1776056400,1.16862,1.16868,1.16833,1.16846,760.0,2026-04-13 05:00:00
1776057300,1.16847,1.16873,1.16843,1.16868,701.0,2026-04-13 05:15:00
1776058200,1.16869,1.16887,1.16863,1.16878,835.0,2026-04-13 05:30:00
1776059100,1.16878,1.16891,1.16864,1.16878,1053.0,2026-04-13 05:45:00
1776060000,1.1688,1.1695,1.16877,1.1689,2080.0,2026-04-13 06:00:00
1776060900,1.1689,1.16922,1.16875,1.16888,1398.0,2026-04-13 06:15:00
1776061800,1.1689,1.16906,1.1678,1.16792,1636.0,2026-04-13 06:30:00
1776062700,1.16792,1.16863,1.1678,1.16857,2083.0,2026-04-13 06:45:00
1776063600,1.16856,1.1692,1.16856,1.16885,2005.0,2026-04-13 07:00:00
1776064500,1.16884,1.16969,1.16876,1.16969,1501.0,2026-04-13 07:15:00
1776065400,1.16968,1.17002,1.16952,1.16957,1456.0,2026-04-13 07:30:00
1776066300,1.16957,1.16984,1.16932,1.16971,1312.0,2026-04-13 07:45:00
1776067200,1.16968,1.16971,1.16906,1.16921,1530.0,2026-04-13 08:00:00
1776068100,1.1692,1.16942,1.16904,1.16918,1249.0,2026-04-13 08:15:00
1776069000,1.16919,1.16931,1.16855,1.16869,1168.0,2026-04-13 08:30:00
1776069900,1.16872,1.1688,1.16834,1.1686,1344.0,2026-04-13 08:45:00
1776070800,1.16861,1.16901,1.1684,1.16845,1460.0,2026-04-13 09:00:00
1776071700,1.16844,1.16886,1.16838,1.16878,1082.0,2026-04-13 09:15:00
1776072600,1.16878,1.16928,1.16872,1.16884,1272.0,2026-04-13 09:30:00
1776073500,1.16883,1.1689,1.1686,1.16862,846.0,2026-04-13 09:45:00
1776074400,1.16864,1.1688,1.16843,1.16858,1222.0,2026-04-13 10:00:00
1776075300,1.16858,1.16862,1.16826,1.16856,1120.0,2026-04-13 10:15:00
1776076200,1.16857,1.1689,1.1684,1.16881,882.0,2026-04-13 10:30:00
1776077100,1.16882,1.16951,1.16882,1.16936,1096.0,2026-04-13 10:45:00
1776078000,1.16938,1.16998,1.16936,1.16983,1774.0,2026-04-13 11:00:00
1776078900,1.16982,1.1699,1.16961,1.16974,1045.0,2026-04-13 11:15:00
1776079800,1.16974,1.16984,1.16902,1.16926,1603.0,2026-04-13 11:30:00
1776080700,1.16926,1.16934,1.1681,1.16818,2178.0,2026-04-13 11:45:00
1776081600,1.16818,1.16882,1.16806,1.16868,2578.0,2026-04-13 12:00:00
1776082500,1.16869,1.16878,1.16839,1.16855,1454.0,2026-04-13 12:15:00
1776083400,1.16854,1.16904,1.16842,1.169,1753.0,2026-04-13 12:30:00
1776084300,1.169,1.16992,1.169,1.16984,1935.0,2026-04-13 12:45:00
1776085200,1.16986,1.16996,1.16965,1.16991,1719.0,2026-04-13 13:00:00
1776086100,1.16991,1.17016,1.16964,1.16986,1899.0,2026-04-13 13:15:00
1776087000,1.16986,1.17044,1.16972,1.17004,2249.0,2026-04-13 13:30:00
1776087900,1.17004,1.17124,1.16989,1.17054,6132.0,2026-04-13 13:45:00
1776088800,1.17054,1.17086,1.17004,1.17075,3597.0,2026-04-13 14:00:00
1776089700,1.17074,1.17135,1.17008,1.17131,3841.0,2026-04-13 14:15:00
1776090600,1.17132,1.17186,1.17114,1.17182,2471.0,2026-04-13 14:30:00
1776091500,1.17182,1.17209,1.17098,1.17102,2528.0,2026-04-13 14:45:00
1776092400,1.17102,1.17118,1.17042,1.17078,2909.0,2026-04-13 15:00:00
1776093300,1.1708,1.17092,1.17044,1.17056,1874.0,2026-04-13 15:15:00
1776094200,1.17055,1.17126,1.17026,1.17096,2373.0,2026-04-13 15:30:00
1776095100,1.17096,1.17121,1.1708,1.17096,1330.0,2026-04-13 15:45:00
1776096000,1.17098,1.17166,1.17071,1.17106,2867.0,2026-04-13 16:00:00
1776096900,1.17105,1.17146,1.17084,1.17133,1999.0,2026-04-13 16:15:00
1776097800,1.17134,1.17264,1.17132,1.17261,3534.0,2026-04-13 16:30:00
1776098700,1.17259,1.17314,1.17244,1.1725,2317.0,2026-04-13 16:45:00
1776099600,1.1725,1.1732,1.17246,1.17318,1276.0,2026-04-13 17:00:00
1776100500,1.17321,1.17379,1.17315,1.1737,1360.0,2026-04-13 17:15:00
1776101400,1.1737,1.17377,1.1734,1.17354,1123.0,2026-04-13 17:30:00
1776102300,1.17353,1.17358,1.17328,1.17335,883.0,2026-04-13 17:45:00
1776103200,1.17337,1.17382,1.17336,1.1737,862.0,2026-04-13 18:00:00
1776104100,1.17371,1.17377,1.17354,1.1737,937.0,2026-04-13 18:15:00
1776105000,1.17368,1.17506,1.17366,1.17502,2699.0,2026-04-13 18:30:00
1776105900,1.17502,1.1766,1.17492,1.17645,2614.0,2026-04-13 18:45:00
1776106800,1.17643,1.1765,1.1754,1.17572,1460.0,2026-04-13 19:00:00
1776107700,1.17571,1.17614,1.17561,1.17606,683.0,2026-04-13 19:15:00
1776108600,1.17608,1.17616,1.17585,1.17598,1044.0,2026-04-13 19:30:00
1776109500,1.17596,1.17626,1.17579,1.17602,1543.0,2026-04-13 19:45:00
1776110400,1.17602,1.17632,1.17601,1.17616,655.0,2026-04-13 20:00:00
1776111300,1.17616,1.17628,1.17584,1.17594,490.0,2026-04-13 20:15:00
1776112200,1.17595,1.17603,1.17586,1.17594,401.0,2026-04-13 20:30:00
1776113100,1.17594,1.17599,1.17567,1.17588,902.0,2026-04-13 20:45:00
1776114000,1.17576,1.17594,1.1756,1.17567,90.0,2026-04-13 21:00:00
1776114900,1.17566,1.17598,1.17564,1.17592,175.0,2026-04-13 21:15:00
1776115800,1.17591,1.17593,1.17567,1.1757,272.0,2026-04-13 21:30:00
1776116700,1.1757,1.17593,1.17554,1.17579,967.0,2026-04-13 21:45:00
1776117600,1.17581,1.17651,1.17576,1.17616,645.0,2026-04-13 22:00:00
1776118500,1.17618,1.17618,1.17586,1.17604,320.0,2026-04-13 22:15:00
1776119400,1.17603,1.17614,1.17592,1.17602,373.0,2026-04-13 22:30:00
1776120300,1.17603,1.17618,1.176,1.17616,344.0,2026-04-13 22:45:00
1776121200,1.17616,1.17649,1.1761,1.17632,489.0,2026-04-13 23:00:00
1776122100,1.17633,1.17657,1.1763,1.17648,450.0,2026-04-13 23:15:00
1776123000,1.17648,1.17658,1.17644,1.17648,463.0,2026-04-13 23:30:00
1776123900,1.17648,1.1767,1.17646,1.17669,551.0,2026-04-13 23:45:00
1776124800,1.1767,1.17672,1.17612,1.17642,1626.0,2026-04-14 00:00:00
1776125700,1.17642,1.17681,1.17642,1.17652,1008.0,2026-04-14 00:15:00
1776126600,1.17653,1.17672,1.17638,1.17651,606.0,2026-04-14 00:30:00
1776127500,1.1765,1.17666,1.17632,1.17664,777.0,2026-04-14 00:45:00
1776128400,1.17664,1.17678,1.17643,1.17654,807.0,2026-04-14 01:00:00
1776129300,1.17656,1.17656,1.1762,1.17648,722.0,2026-04-14 01:15:00
1776130200,1.17647,1.17656,1.17623,1.17641,881.0,2026-04-14 01:30:00
1776131100,1.1764,1.1764,1.17595,1.17602,860.0,2026-04-14 01:45:00
1776132000,1.17602,1.17622,1.17592,1.17596,689.0,2026-04-14 02:00:00
1776132900,1.17596,1.17599,1.17573,1.17582,373.0,2026-04-14 02:15:00
1776133800,1.17582,1.17604,1.17563,1.17598,517.0,2026-04-14 02:30:00
1776134700,1.176,1.1761,1.17582,1.17608,548.0,2026-04-14 02:45:00
1776135600,1.17607,1.17612,1.1759,1.17592,500.0,2026-04-14 03:00:00
1776136500,1.17594,1.17616,1.17593,1.17605,555.0,2026-04-14 03:15:00
1776137400,1.17604,1.17654,1.17604,1.17638,464.0,2026-04-14 03:30:00
1776138300,1.17639,1.17684,1.17638,1.1767,406.0,2026-04-14 03:45:00
1776139200,1.17668,1.17672,1.17657,1.17658,207.0,2026-04-14 04:00:00
1776140100,1.17658,1.17694,1.17646,1.17682,360.0,2026-04-14 04:15:00
1776141000,1.17682,1.17682,1.17666,1.17674,266.0,2026-04-14 04:30:00
1776141900,1.17674,1.177,1.17669,1.17669,420.0,2026-04-14 04:45:00
1776142800,1.17668,1.17696,1.17646,1.17652,812.0,2026-04-14 05:00:00
1776143700,1.17653,1.17658,1.17606,1.17614,493.0,2026-04-14 05:15:00
1776144600,1.17614,1.17658,1.17595,1.17658,669.0,2026-04-14 05:30:00
1776145500,1.17657,1.17664,1.17628,1.17642,795.0,2026-04-14 05:45:00
1776146400,1.17642,1.17711,1.1761,1.17613,1518.0,2026-04-14 06:00:00
1776147300,1.17612,1.1764,1.17582,1.17636,1198.0,2026-04-14 06:15:00
1776148200,1.17636,1.17678,1.17628,1.17676,1150.0,2026-04-14 06:30:00
1776149100,1.17674,1.17784,1.17672,1.17781,1881.0,2026-04-14 06:45:00
1776150000,1.17782,1.17966,1.17774,1.17858,4139.0,2026-04-14 07:00:00
1776150900,1.17858,1.17868,1.17794,1.17832,2021.0,2026-04-14 07:15:00
1776151800,1.17832,1.17922,1.17829,1.17876,1920.0,2026-04-14 07:30:00
1776152700,1.17878,1.17915,1.17798,1.178,1908.0,2026-04-14 07:45:00
1776153600,1.178,1.17814,1.17762,1.1777,2391.0,2026-04-14 08:00:00
1776154500,1.17772,1.17797,1.17752,1.17792,1616.0,2026-04-14 08:15:00
1776155400,1.17792,1.17846,1.17772,1.17839,1836.0,2026-04-14 08:30:00
1776156300,1.1784,1.1784,1.17805,1.17827,1033.0,2026-04-14 08:45:00
1776157200,1.17828,1.17905,1.17826,1.17878,1484.0,2026-04-14 09:00:00
1776158100,1.17878,1.17892,1.17844,1.17844,977.0,2026-04-14 09:15:00
1776159000,1.17844,1.17926,1.17819,1.179,1149.0,2026-04-14 09:30:00
1776159900,1.179,1.179,1.17864,1.17888,1127.0,2026-04-14 09:45:00
1776160800,1.17889,1.17988,1.17883,1.1798,1552.0,2026-04-14 10:00:00
1776161700,1.1798,1.1798,1.17925,1.17928,1323.0,2026-04-14 10:15:00
1776162600,1.17926,1.17964,1.17916,1.17936,1193.0,2026-04-14 10:30:00
1776163500,1.17936,1.17982,1.17932,1.17966,1105.0,2026-04-14 10:45:00
1776164400,1.17966,1.18005,1.17958,1.17996,1409.0,2026-04-14 11:00:00
1776165300,1.17995,1.1802,1.17989,1.18014,983.0,2026-04-14 11:15:00
1776166200,1.18016,1.1802,1.17954,1.17991,1306.0,2026-04-14 11:30:00
1776167100,1.17992,1.18064,1.17964,1.17996,2435.0,2026-04-14 11:45:00
1776168000,1.17996,1.18006,1.17928,1.17966,2730.0,2026-04-14 12:00:00
1776168900,1.17968,1.18029,1.17938,1.18006,2563.0,2026-04-14 12:15:00
1776169800,1.18009,1.1806,1.1795,1.17964,3062.0,2026-04-14 12:30:00
1776170700,1.17964,1.1805,1.17962,1.18046,2311.0,2026-04-14 12:45:00
1776171600,1.18046,1.18078,1.18018,1.18054,2305.0,2026-04-14 13:00:00
1776172500,1.18054,1.18054,1.17955,1.17962,2239.0,2026-04-14 13:15:00
1776173400,1.17962,1.18053,1.17936,1.18036,3184.0,2026-04-14 13:30:00
1776174300,1.18035,1.18037,1.17978,1.17994,2240.0,2026-04-14 13:45:00
1776175200,1.17992,1.18026,1.17934,1.1801,3324.0,2026-04-14 14:00:00
1776176100,1.1801,1.18068,1.18006,1.1803,2656.0,2026-04-14 14:15:00
1776177000,1.18028,1.18082,1.18016,1.1807,1870.0,2026-04-14 14:30:00
1776177900,1.18071,1.18112,1.18024,1.18088,2926.0,2026-04-14 14:45:00
1776178800,1.18086,1.18086,1.1799,1.17992,2937.0,2026-04-14 15:00:00
1776179700,1.17992,1.18018,1.17944,1.17975,3685.0,2026-04-14 15:15:00
1776180600,1.17976,1.18029,1.17925,1.17925,3102.0,2026-04-14 15:30:00
1776181500,1.17926,1.1793,1.17875,1.17905,2172.0,2026-04-14 15:45:00
1776182400,1.17905,1.17925,1.17882,1.17922,1621.0,2026-04-14 16:00:00
1776183300,1.17921,1.1796,1.17918,1.17956,1691.0,2026-04-14 16:15:00
1776184200,1.17955,1.17971,1.1793,1.17958,1227.0,2026-04-14 16:30:00
1776185100,1.17957,1.17958,1.17928,1.17942,1001.0,2026-04-14 16:45:00
1776186000,1.17942,1.17957,1.17918,1.17948,1085.0,2026-04-14 17:00:00
1776186900,1.17947,1.17996,1.17944,1.17979,870.0,2026-04-14 17:15:00
1776187800,1.17978,1.17994,1.17952,1.17988,920.0,2026-04-14 17:30:00
1776188700,1.17988,1.17992,1.17947,1.17958,765.0,2026-04-14 17:45:00
1776189600,1.1796,1.17969,1.17944,1.17961,1251.0,2026-04-14 18:00:00
1776190500,1.1796,1.17962,1.17925,1.17928,1358.0,2026-04-14 18:15:00
1776191400,1.17928,1.17949,1.17914,1.17924,1849.0,2026-04-14 18:30:00
1776192300,1.17922,1.17948,1.17905,1.1793,906.0,2026-04-14 18:45:00
1776193200,1.1793,1.17955,1.17912,1.17934,791.0,2026-04-14 19:00:00
1776194100,1.17935,1.17941,1.1792,1.17928,477.0,2026-04-14 19:15:00
1776195000,1.17928,1.17938,1.17906,1.17919,555.0,2026-04-14 19:30:00
1776195900,1.17918,1.17934,1.17911,1.17919,907.0,2026-04-14 19:45:00
1776196800,1.1792,1.17951,1.17914,1.17946,497.0,2026-04-14 20:00:00
1776197700,1.17948,1.17952,1.17934,1.17952,321.0,2026-04-14 20:15:00
1776198600,1.1795,1.17952,1.17936,1.17936,301.0,2026-04-14 20:30:00
1776199500,1.17937,1.17962,1.17932,1.1796,582.0,2026-04-14 20:45:00
1776200400,1.17966,1.17966,1.17942,1.17944,82.0,2026-04-14 21:00:00
1776201300,1.17944,1.17952,1.17914,1.17916,98.0,2026-04-14 21:15:00
1776202200,1.17915,1.1792,1.17904,1.17912,292.0,2026-04-14 21:30:00
1776203100,1.17912,1.17928,1.17908,1.17922,377.0,2026-04-14 21:45:00
1776204000,1.1792,1.17958,1.17918,1.17956,737.0,2026-04-14 22:00:00
1776204900,1.17956,1.17996,1.17952,1.17958,420.0,2026-04-14 22:15:00
1776205800,1.17958,1.17958,1.17937,1.17946,336.0,2026-04-14 22:30:00
1776206700,1.17946,1.17956,1.17936,1.17953,391.0,2026-04-14 22:45:00
1776207600,1.1795,1.17962,1.17945,1.1795,317.0,2026-04-14 23:00:00
1776208500,1.17948,1.17976,1.17948,1.17975,267.0,2026-04-14 23:15:00
1776209400,1.17974,1.18019,1.1797,1.18001,1338.0,2026-04-14 23:30:00
1776210300,1.18002,1.1802,1.17976,1.17984,1010.0,2026-04-14 23:45:00
1776211200,1.17983,1.17987,1.1792,1.17923,1572.0,2026-04-15 00:00:00
1776212100,1.17924,1.17953,1.17922,1.17948,835.0,2026-04-15 00:15:00
1776213000,1.17949,1.17952,1.17894,1.17909,961.0,2026-04-15 00:30:00
1776213900,1.17908,1.17948,1.17898,1.17941,1237.0,2026-04-15 00:45:00
1776214800,1.17938,1.17969,1.179,1.1795,1605.0,2026-04-15 01:00:00
1776215700,1.1795,1.17952,1.17914,1.17929,1001.0,2026-04-15 01:15:00
1776216600,1.1793,1.17935,1.179,1.17904,750.0,2026-04-15 01:30:00
1776217500,1.17904,1.17928,1.17898,1.17908,904.0,2026-04-15 01:45:00
1776218400,1.17908,1.17908,1.1786,1.17864,655.0,2026-04-15 02:00:00
1776219300,1.17865,1.17871,1.17824,1.17826,697.0,2026-04-15 02:15:00
1776220200,1.17827,1.17838,1.1779,1.17835,900.0,2026-04-15 02:30:00
1776221100,1.17836,1.17841,1.1782,1.17835,653.0,2026-04-15 02:45:00
1776222000,1.17836,1.1784,1.17804,1.17836,571.0,2026-04-15 03:00:00
1776222900,1.17834,1.17877,1.17834,1.17877,492.0,2026-04-15 03:15:00
1776223800,1.17876,1.1788,1.17856,1.17872,433.0,2026-04-15 03:30:00
1776224700,1.17871,1.17892,1.1787,1.17872,502.0,2026-04-15 03:45:00
1776225600,1.1787,1.17892,1.17864,1.17882,530.0,2026-04-15 04:00:00
1776226500,1.17881,1.17885,1.1787,1.17881,365.0,2026-04-15 04:15:00
1776227400,1.17882,1.17896,1.17869,1.17881,306.0,2026-04-15 04:30:00
1776228300,1.1788,1.17892,1.17877,1.17886,317.0,2026-04-15 04:45:00
1776229200,1.17886,1.17936,1.17884,1.1793,1385.0,2026-04-15 05:00:00
1776230100,1.17932,1.17983,1.17918,1.17927,982.0,2026-04-15 05:15:00
1776231000,1.17928,1.17928,1.17893,1.17914,869.0,2026-04-15 05:30:00
1776231900,1.17914,1.17935,1.17896,1.1792,1102.0,2026-04-15 05:45:00
1776232800,1.1792,1.17993,1.17916,1.17932,1561.0,2026-04-15 06:00:00
1776233700,1.17932,1.17938,1.17886,1.17916,1265.0,2026-04-15 06:15:00
1776234600,1.17916,1.17924,1.17854,1.17865,1293.0,2026-04-15 06:30:00
1776235500,1.17867,1.17875,1.17838,1.17843,1323.0,2026-04-15 06:45:00
1776236400,1.17842,1.17884,1.17836,1.1786,2058.0,2026-04-15 07:00:00
1776237300,1.17861,1.17879,1.17828,1.17877,1591.0,2026-04-15 07:15:00
1776238200,1.17878,1.17906,1.17854,1.1789,1367.0,2026-04-15 07:30:00
1776239100,1.1789,1.17897,1.17844,1.17858,1572.0,2026-04-15 07:45:00
1776240000,1.17857,1.17906,1.17854,1.17902,1486.0,2026-04-15 08:00:00
1776240900,1.17902,1.17954,1.17899,1.1792,1448.0,2026-04-15 08:15:00
1776241800,1.17921,1.17921,1.17872,1.17895,1344.0,2026-04-15 08:30:00
1776242700,1.17894,1.17906,1.17861,1.17894,978.0,2026-04-15 08:45:00
1776243600,1.17895,1.17916,1.17754,1.1782,4487.0,2026-04-15 09:00:00
1776244500,1.1782,1.1787,1.17816,1.17846,2000.0,2026-04-15 09:15:00
1776245400,1.17846,1.17852,1.17794,1.1782,1564.0,2026-04-15 09:30:00
1776246300,1.17819,1.17836,1.17784,1.17816,1433.0,2026-04-15 09:45:00
1776247200,1.17816,1.17866,1.17786,1.1785,1819.0,2026-04-15 10:00:00
1776248100,1.1785,1.17852,1.1773,1.17756,3114.0,2026-04-15 10:15:00
1776249000,1.17756,1.17812,1.1772,1.17791,2460.0,2026-04-15 10:30:00
1776249900,1.17792,1.17837,1.17768,1.1777,2114.0,2026-04-15 10:45:00
1776250800,1.1777,1.17796,1.1775,1.17776,1431.0,2026-04-15 11:00:00
1776251700,1.17776,1.17794,1.17754,1.17767,1597.0,2026-04-15 11:15:00
1776252600,1.17768,1.17802,1.17755,1.17772,1425.0,2026-04-15 11:30:00
1776253500,1.17772,1.17846,1.17732,1.1783,3103.0,2026-04-15 11:45:00
1776254400,1.1783,1.17845,1.17772,1.17786,2414.0,2026-04-15 12:00:00
1776255300,1.17785,1.17846,1.17782,1.17841,1646.0,2026-04-15 12:15:00
1776256200,1.1784,1.17882,1.17798,1.17812,1349.0,2026-04-15 12:30:00
1776257100,1.17812,1.1793,1.1779,1.17882,2026.0,2026-04-15 12:45:00
1776258000,1.17881,1.17911,1.17854,1.17877,1917.0,2026-04-15 13:00:00
1776258900,1.17876,1.17968,1.17865,1.17962,2067.0,2026-04-15 13:15:00
1776259800,1.17962,1.17975,1.17844,1.17849,2815.0,2026-04-15 13:30:00
1776260700,1.17848,1.17892,1.17842,1.1788,2234.0,2026-04-15 13:45:00
1776261600,1.17881,1.17926,1.17844,1.17912,2487.0,2026-04-15 14:00:00
1776262500,1.17912,1.17995,1.17905,1.17995,2491.0,2026-04-15 14:15:00
1776263400,1.17996,1.18003,1.17921,1.17961,2337.0,2026-04-15 14:30:00
1776264300,1.17962,1.17988,1.17938,1.17967,2841.0,2026-04-15 14:45:00
1776265200,1.17966,1.18028,1.17946,1.18016,2882.0,2026-04-15 15:00:00
1776266100,1.18015,1.1808,1.17992,1.18041,2154.0,2026-04-15 15:15:00
1776267000,1.1804,1.1804,1.1798,1.17992,1057.0,2026-04-15 15:30:00
