20260401 000000;1.156070;1.156070;1.155960;1.156020;0
20260401 000100;1.156020;1.156030;1.155960;1.156020;0
20260401 000200;1.156030;1.156030;1.156010;1.156010;0
20260401 000300;1.156000;1.156060;1.155960;1.156020;0
20260401 000400;1.156000;1.156130;1.155980;1.156070;0
20260401 000500;1.156070;1.156150;1.156040;1.156150;0
20260401 000600;1.156160;1.156260;1.156160;1.156230;0
20260401 000700;1.156250;1.156250;1.156210;1.156230;0
20260401 000800;1.156240;1.156250;1.156220;1.156230;0
20260401 000900;1.156190;1.156210;1.156160;1.156180;0
20260401 001000;1.156170;1.156190;1.156150;1.156170;0
20260401 001100;1.156170;1.156190;1.156140;1.156140;0
20260401 001200;1.156150;1.156150;1.156040;1.156040;0
20260401 001300;1.156050;1.156140;1.156040;1.156140;0
20260401 001400;1.156150;1.156190;1.156080;1.156080;0
20260401 001500;1.156100;1.156130;1.156040;1.156040;0
20260401 001600;1.156040;1.156040;1.155980;1.155980;0
20260401 001700;1.155970;1.156030;1.155960;1.155980;0
20260401 001800;1.155980;1.156000;1.155940;1.155970;0
20260401 001900;1.155960;1.156020;1.155960;1.156010;0
20260401 002000;1.156020;1.156080;1.156020;1.156070;0
20260401 002100;1.156070;1.156080;1.156030;1.156070;0
20260401 002200;1.156070;1.156070;1.155960;1.156060;0
20260401 002300;1.156060;1.156150;1.156040;1.156130;0
20260401 002400;1.156130;1.156190;1.156110;1.156170;0
20260401 002500;1.156170;1.156170;1.156150;1.156160;0
20260401 002600;1.156140;1.156150;1.156110;1.156120;0
20260401 002700;1.156130;1.156180;1.156110;1.156110;0
20260401 002800;1.156120;1.156130;1.156100;1.156110;0
20260401 002900;1.156130;1.156210;1.156130;1.156210;0
20260401 003000;1.156200;1.156200;1.156130;1.156130;0
20260401 003100;1.156140;1.156140;1.156100;1.156110;0
20260401 003200;1.156130;1.156260;1.156110;1.156260;0
20260401 003300;1.156260;1.156290;1.156210;1.156210;0
20260401 003400;1.156220;1.156230;1.156180;1.156180;0
20260401 003500;1.156200;1.156200;1.156120;1.156170;0
20260401 003600;1.156190;1.156190;1.156180;1.156180;0
20260401 003700;1.156190;1.156320;1.156190;1.156310;0
20260401 003800;1.156320;1.156340;1.156280;1.156340;0
20260401 003900;1.156350;1.156350;1.156190;1.156210;0
20260401 004000;1.156220;1.156260;1.156180;1.156250;0
20260401 004100;1.156230;1.156270;1.156220;1.156250;0
20260401 004200;1.156250;1.156350;1.156250;1.156330;0
20260401 004300;1.156320;1.156410;1.156320;1.156410;0
20260401 004400;1.156410;1.156430;1.156380;1.156410;0
20260401 004500;1.156430;1.156430;1.156360;1.156360;0
20260401 004600;1.156350;1.156410;1.156330;1.156400;0
20260401 004700;1.156400;1.156430;1.156390;1.156420;0
20260401 004800;1.156440;1.156490;1.156430;1.156480;0
20260401 004900;1.156480;1.156530;1.156470;1.156520;0
20260401 005000;1.156520;1.156540;1.156480;1.156510;0
20260401 005100;1.156530;1.156630;1.156530;1.156610;0
20260401 005200;1.156610;1.156630;1.156590;1.156600;0
20260401 005300;1.156580;1.156620;1.156570;1.156580;0
20260401 005400;1.156570;1.156570;1.156530;1.156530;0
20260401 005500;1.156510;1.156520;1.156350;1.156350;0
20260401 005600;1.156360;1.156430;1.156350;1.156420;0
20260401 005700;1.156420;1.156480;1.156410;1.156470;0
20260401 005800;1.156460;1.156520;1.156430;1.156480;0
20260401 005900;1.156480;1.156530;1.156470;1.156520;0
20260401 010000;1.156520;1.156590;1.156460;1.156490;0
20260401 010100;1.156500;1.156610;1.156470;1.156610;0
20260401 010200;1.156610;1.156660;1.156570;1.156580;0
20260401 010300;1.156570;1.156610;1.156530;1.156600;0
20260401 010400;1.156590;1.156600;1.156460;1.156490;0
20260401 010500;1.156490;1.156620;1.156480;1.156580;0
20260401 010600;1.156560;1.156580;1.156510;1.156550;0
20260401 010700;1.156560;1.156590;1.156510;1.156570;0
20260401 010800;1.156580;1.156580;1.156500;1.156530;0
20260401 010900;1.156520;1.156770;1.156520;1.156730;0
20260401 011000;1.156730;1.156730;1.156650;1.156710;0
20260401 011100;1.156700;1.156700;1.156620;1.156630;0
20260401 011200;1.156630;1.156740;1.156580;1.156740;0
20260401 011300;1.156720;1.156740;1.156690;1.156710;0
20260401 011400;1.156700;1.156750;1.156640;1.156640;0
20260401 011500;1.156640;1.156640;1.156570;1.156600;0
20260401 011600;1.156600;1.156680;1.156590;1.156660;0
20260401 011700;1.156660;1.156680;1.156640;1.156680;0
20260401 011800;1.156690;1.156750;1.156690;1.156710;0
20260401 011900;1.156720;1.156730;1.156690;1.156710;0
20260401 012000;1.156700;1.156700;1.156570;1.156590;0
20260401 012100;1.156580;1.156640;1.156570;1.156630;0
20260401 012200;1.156630;1.156690;1.156620;1.156670;0
20260401 012300;1.156660;1.156680;1.156640;1.156680;0
20260401 012400;1.156670;1.156940;1.156670;1.156940;0
20260401 012500;1.156930;1.157180;1.156920;1.157160;0
20260401 012600;1.157160;1.157220;1.157090;1.157150;0
20260401 012700;1.157160;1.157170;1.157040;1.157040;0
20260401 012800;1.157050;1.157210;1.157050;1.157200;0
20260401 012900;1.157200;1.157280;1.157180;1.157270;0
20260401 013000;1.157290;1.157390;1.157280;1.157320;0
20260401 013100;1.157320;1.157370;1.157280;1.157330;0
20260401 013200;1.157370;1.157380;1.157310;1.157340;0
20260401 013300;1.157330;1.157390;1.157330;1.157340;0
20260401 013400;1.157330;1.157340;1.157280;1.157300;0
20260401 013500;1.157310;1.157380;1.157270;1.157330;0
20260401 013600;1.157310;1.157330;1.157190;1.157260;0
20260401 013700;1.157270;1.157380;1.157260;1.157340;0
20260401 013800;1.157350;1.157400;1.157310;1.157390;0
20260401 013900;1.157390;1.157450;1.157380;1.157430;0
20260401 014000;1.157440;1.157490;1.157430;1.157450;0
20260401 014100;1.157470;1.157480;1.157420;1.157420;0
20260401 014200;1.157430;1.157470;1.157380;1.157420;0
20260401 014300;1.157440;1.157460;1.157420;1.157420;0
20260401 014400;1.157450;1.157590;1.157430;1.157580;0
20260401 014500;1.157590;1.157630;1.157570;1.157570;0
20260401 014600;1.157560;1.157570;1.157460;1.157470;0
20260401 014700;1.157460;1.157530;1.157410;1.157530;0
20260401 014800;1.157530;1.157570;1.157490;1.157510;0
20260401 014900;1.157550;1.157630;1.157530;1.157570;0
20260401 015000;1.157590;1.157590;1.157480;1.157500;0
20260401 015100;1.157480;1.157530;1.157400;1.157410;0
20260401 015200;1.157400;1.157450;1.157350;1.157450;0
20260401 015300;1.157440;1.157440;1.157310;1.157360;0
20260401 015400;1.157350;1.157370;1.157280;1.157290;0
20260401 015500;1.157310;1.157340;1.157220;1.157260;0
20260401 015600;1.157260;1.157330;1.157240;1.157290;0
20260401 015700;1.157290;1.157300;1.157050;1.157170;0
20260401 015800;1.157170;1.157220;1.156960;1.156980;0
20260401 015900;1.156990;1.157010;1.156750;1.156760;0
20260401 020000;1.156790;1.157060;1.156790;1.156800;0
20260401 020100;1.156790;1.156990;1.156720;1.156820;0
20260401 020200;1.156820;1.156870;1.156650;1.156790;0
20260401 020300;1.156820;1.156820;1.156640;1.156690;0
20260401 020400;1.156700;1.156710;1.156510;1.156520;0
20260401 020500;1.156500;1.156550;1.156200;1.156290;0
20260401 020600;1.156290;1.156530;1.156250;1.156480;0
20260401 020700;1.156500;1.156560;1.156280;1.156300;0
20260401 020800;1.156280;1.156510;1.156280;1.156480;0
20260401 020900;1.156510;1.156610;1.156410;1.156510;0
20260401 021000;1.156510;1.156710;1.156510;1.156670;0
20260401 021100;1.156670;1.156760;1.156610;1.156610;0
20260401 021200;1.156640;1.156750;1.156570;1.156720;0
20260401 021300;1.156720;1.156840;1.156700;1.156810;0
20260401 021400;1.156820;1.156890;1.156620;1.156650;0
20260401 021500;1.156700;1.157020;1.156640;1.157010;0
20260401 021600;1.157010;1.157010;1.156760;1.156770;0
20260401 021700;1.156810;1.156900;1.156800;1.156880;0
20260401 021800;1.156880;1.156890;1.156610;1.156750;0
20260401 021900;1.156770;1.157020;1.156770;1.156970;0
20260401 022000;1.156960;1.157010;1.156850;1.156950;0
20260401 022100;1.156980;1.157620;1.156980;1.157470;0
20260401 022200;1.157470;1.157500;1.157330;1.157430;0
20260401 022300;1.157410;1.157670;1.157410;1.157670;0
20260401 022400;1.157660;1.157830;1.157640;1.157830;0
20260401 022500;1.157850;1.158130;1.157740;1.158020;0
20260401 022600;1.158010;1.158570;1.158010;1.158430;0
20260401 022700;1.158430;1.158860;1.158430;1.158580;0
20260401 022800;1.158590;1.158910;1.158590;1.158770;0
20260401 022900;1.158790;1.158900;1.158630;1.158670;0
20260401 023000;1.158690;1.158960;1.158660;1.158850;0
20260401 023100;1.158840;1.159230;1.158820;1.159220;0
20260401 023200;1.159210;1.159270;1.158950;1.158980;0
20260401 023300;1.159010;1.159160;1.158810;1.158820;0
20260401 023400;1.158830;1.158960;1.158770;1.158770;0
20260401 023500;1.158720;1.158770;1.158400;1.158420;0
20260401 023600;1.158420;1.158560;1.158270;1.158510;0
20260401 023700;1.158490;1.158600;1.158330;1.158570;0
20260401 023800;1.158570;1.158700;1.158350;1.158360;0
20260401 023900;1.158340;1.158350;1.158050;1.158080;0
20260401 024000;1.158100;1.158290;1.157910;1.158240;0
20260401 024100;1.158270;1.158550;1.158160;1.158540;0
20260401 024200;1.158550;1.158690;1.158500;1.158640;0
20260401 024300;1.158650;1.158730;1.158540;1.158670;0
20260401 024400;1.158660;1.158790;1.158610;1.158720;0
20260401 024500;1.158730;1.158950;1.158510;1.158780;0
20260401 024600;1.158760;1.158840;1.158530;1.158620;0
20260401 024700;1.158630;1.158920;1.158620;1.158830;0
20260401 024800;1.158850;1.158920;1.158740;1.158830;0
20260401 024900;1.158840;1.158860;1.158350;1.158400;0
20260401 025000;1.158400;1.158510;1.158010;1.158090;0
20260401 025100;1.158090;1.158250;1.158090;1.158200;0
20260401 025200;1.158180;1.158350;1.158180;1.158340;0
20260401 025300;1.158350;1.158690;1.158340;1.158660;0
20260401 025400;1.158650;1.158790;1.158580;1.158620;0
20260401 025500;1.158640;1.158940;1.158590;1.158920;0
20260401 025600;1.158940;1.159120;1.158840;1.159020;0
20260401 025700;1.159020;1.159090;1.158890;1.158970;0
20260401 025800;1.159000;1.159230;1.159000;1.159110;0
20260401 025900;1.159130;1.159140;1.158970;1.159110;0
20260401 030000;1.159120;1.159350;1.159120;1.159340;0
20260401 030100;1.159350;1.159460;1.158970;1.158980;0
20260401 030200;1.158960;1.158970;1.158660;1.158690;0
20260401 030300;1.158700;1.158830;1.158530;1.158600;0
20260401 030400;1.158570;1.158710;1.158440;1.158710;0
20260401 030500;1.158670;1.158730;1.158520;1.158620;0
20260401 030600;1.158590;1.158650;1.158390;1.158400;0
20260401 030700;1.158390;1.158450;1.158220;1.158240;0
20260401 030800;1.158240;1.158780;1.158230;1.158540;0
20260401 030900;1.158540;1.158560;1.158300;1.158530;0
20260401 031000;1.158530;1.158640;1.158230;1.158360;0
20260401 031100;1.158340;1.158460;1.158240;1.158430;0
20260401 031200;1.158460;1.158540;1.158310;1.158310;0
20260401 031300;1.158310;1.158620;1.158310;1.158560;0
20260401 031400;1.158570;1.158700;1.158510;1.158680;0
20260401 031500;1.158670;1.158670;1.158550;1.158600;0
20260401 031600;1.158610;1.158810;1.158610;1.158770;0
20260401 031700;1.158800;1.158980;1.158720;1.158980;0
20260401 031800;1.158980;1.159030;1.158820;1.158870;0
20260401 031900;1.158890;1.158920;1.158710;1.158890;0
20260401 032000;1.158900;1.159260;1.158900;1.159140;0
20260401 032100;1.159150;1.159290;1.159140;1.159220;0
20260401 032200;1.159210;1.159310;1.159110;1.159280;0
20260401 032300;1.159260;1.159260;1.158890;1.158950;0
20260401 032400;1.158940;1.158960;1.158720;1.158750;0
20260401 032500;1.158760;1.158840;1.158700;1.158760;0
20260401 032600;1.158760;1.159030;1.158720;1.158740;0
20260401 032700;1.158740;1.158880;1.158650;1.158880;0
20260401 032800;1.158870;1.158990;1.158870;1.158930;0
20260401 032900;1.158920;1.158980;1.158780;1.158930;0
20260401 033000;1.158920;1.159070;1.158880;1.159070;0
20260401 033100;1.159080;1.159080;1.158930;1.159000;0
20260401 033200;1.158990;1.159010;1.158800;1.158850;0
20260401 033300;1.158870;1.159160;1.158760;1.159100;0
20260401 033400;1.159120;1.159120;1.158870;1.158870;0
20260401 033500;1.158880;1.158930;1.158580;1.158640;0
20260401 033600;1.158650;1.158710;1.158440;1.158710;0
20260401 033700;1.158700;1.158930;1.158700;1.158830;0
20260401 033800;1.158840;1.159230;1.158830;1.159040;0
20260401 033900;1.159040;1.159040;1.158580;1.158760;0
20260401 034000;1.158750;1.158780;1.158330;1.158350;0
20260401 034100;1.158320;1.158440;1.158250;1.158420;0
20260401 034200;1.158430;1.158690;1.158330;1.158670;0
20260401 034300;1.158680;1.158950;1.158660;1.158900;0
20260401 034400;1.158890;1.159020;1.158850;1.158970;0
20260401 034500;1.158960;1.159170;1.158950;1.159170;0
20260401 034600;1.159170;1.159740;1.159090;1.159690;0
20260401 034700;1.159690;1.159850;1.159450;1.159540;0
20260401 034800;1.159540;1.159540;1.158280;1.158480;0
20260401 034900;1.158510;1.158520;1.157690;1.157890;0
20260401 035000;1.157890;1.158050;1.157770;1.157910;0
20260401 035100;1.157900;1.158300;1.157900;1.158140;0
20260401 035200;1.158160;1.158310;1.158030;1.158280;0
20260401 035300;1.158280;1.158400;1.158180;1.158360;0
20260401 035400;1.158390;1.158390;1.158130;1.158190;0
20260401 035500;1.158170;1.158350;1.158150;1.158230;0
20260401 035600;1.158210;1.158550;1.158200;1.158340;0
20260401 035700;1.158330;1.158450;1.158280;1.158320;0
20260401 035800;1.158310;1.158360;1.158080;1.158180;0
20260401 035900;1.158200;1.158340;1.158150;1.158190;0
20260401 040000;1.158190;1.158260;1.157900;1.158020;0
20260401 040100;1.158020;1.158020;1.157740;1.157790;0
20260401 040200;1.157810;1.158300;1.157750;1.158240;0
20260401 040300;1.158250;1.158910;1.158250;1.158880;0
20260401 040400;1.158900;1.159080;1.158830;1.158890;0
20260401 040500;1.158900;1.159110;1.158740;1.158740;0
20260401 040600;1.158770;1.158850;1.158530;1.158600;0
20260401 040700;1.158620;1.158820;1.158580;1.158660;0
20260401 040800;1.158670;1.158730;1.158570;1.158680;0
20260401 040900;1.158690;1.158740;1.158550;1.158650;0
20260401 041000;1.158650;1.158650;1.158430;1.158450;0
20260401 041100;1.158450;1.158450;1.158240;1.158410;0
20260401 041200;1.158420;1.158430;1.158170;1.158300;0
20260401 041300;1.158300;1.158470;1.158300;1.158450;0
20260401 041400;1.158440;1.158560;1.158360;1.158480;0
20260401 041500;1.158490;1.158760;1.158300;1.158650;0
20260401 041600;1.158650;1.158730;1.158520;1.158670;0
20260401 041700;1.158670;1.158960;1.158670;1.158900;0
20260401 041800;1.158910;1.159060;1.158880;1.159000;0
20260401 041900;1.158990;1.158990;1.158780;1.158910;0
20260401 042000;1.158900;1.159030;1.158880;1.159030;0
20260401 042100;1.159030;1.159150;1.158950;1.159110;0
20260401 042200;1.159120;1.159180;1.159100;1.159160;0
20260401 042300;1.159160;1.159240;1.159050;1.159050;0
20260401 042400;1.159050;1.159420;1.159040;1.159420;0
20260401 042500;1.159420;1.159750;1.159370;1.159750;0
20260401 042600;1.159740;1.159910;1.159680;1.159900;0
20260401 042700;1.159900;1.159930;1.159750;1.159850;0
20260401 042800;1.159860;1.159910;1.159740;1.159740;0
20260401 042900;1.159740;1.159970;1.159580;1.159960;0
20260401 043000;1.159980;1.160280;1.159920;1.160270;0
20260401 043100;1.160280;1.160460;1.160180;1.160420;0
20260401 043200;1.160450;1.160870;1.160260;1.160860;0
20260401 043300;1.160850;1.160890;1.160640;1.160700;0
20260401 043400;1.160690;1.160850;1.160560;1.160650;0
20260401 043500;1.160680;1.160790;1.160520;1.160520;0
20260401 043600;1.160500;1.160590;1.160340;1.160550;0
20260401 043700;1.160560;1.160600;1.160480;1.160560;0
20260401 043800;1.160580;1.160700;1.160540;1.160660;0
20260401 043900;1.160660;1.160870;1.160500;1.160870;0
20260401 044000;1.160870;1.160940;1.160770;1.160840;0
20260401 044100;1.160850;1.160910;1.160600;1.160620;0
20260401 044200;1.160640;1.160660;1.160500;1.160580;0
20260401 044300;1.160580;1.160800;1.160540;1.160800;0
20260401 044400;1.160790;1.161030;1.160790;1.161030;0
20260401 044500;1.161030;1.161060;1.160910;1.160910;0
20260401 044600;1.160910;1.160910;1.160700;1.160710;0
20260401 044700;1.160680;1.160680;1.160500;1.160530;0
20260401 044800;1.160520;1.160550;1.160300;1.160430;0
20260401 044900;1.160420;1.160460;1.160350;1.160430;0
20260401 045000;1.160410;1.160550;1.160370;1.160440;0
20260401 045100;1.160430;1.160620;1.160280;1.160300;0
20260401 045200;1.160280;1.160340;1.160180;1.160190;0
20260401 045300;1.160200;1.160510;1.160200;1.160420;0
20260401 045400;1.160450;1.160480;1.159750;1.160180;0
20260401 045500;1.160200;1.160360;1.159410;1.159710;0
20260401 045600;1.159720;1.159890;1.159590;1.159660;0
20260401 045700;1.159680;1.159920;1.159640;1.159880;0
20260401 045800;1.159880;1.159890;1.159680;1.159790;0
20260401 045900;1.159790;1.159830;1.159540;1.159610;0
20260401 050000;1.159620;1.159990;1.159540;1.159940;0
20260401 050100;1.159940;1.160040;1.159800;1.159910;0
20260401 050200;1.159900;1.160240;1.159860;1.160200;0
20260401 050300;1.160190;1.160190;1.159950;1.160070;0
20260401 050400;1.160060;1.160190;1.160030;1.160140;0
20260401 050500;1.160140;1.160260;1.159920;1.159950;0
20260401 050600;1.159950;1.160030;1.159660;1.159840;0
20260401 050700;1.159850;1.159860;1.159590;1.159780;0
20260401 050800;1.159790;1.159790;1.159450;1.159640;0
20260401 050900;1.159630;1.159680;1.159320;1.159370;0
20260401 051000;1.159340;1.159440;1.159270;1.159390;0
20260401 051100;1.159400;1.159500;1.159270;1.159470;0
20260401 051200;1.159440;1.159610;1.159290;1.159590;0
20260401 051300;1.159590;1.159590;1.159190;1.159370;0
20260401 051400;1.159370;1.159390;1.159120;1.159210;0
20260401 051500;1.159180;1.159220;1.159040;1.159180;0
20260401 051600;1.159190;1.159240;1.159030;1.159080;0
20260401 051700;1.159130;1.159190;1.158890;1.158990;0
20260401 051800;1.158990;1.159070;1.158870;1.158880;0
20260401 051900;1.158860;1.158880;1.158670;1.158800;0
20260401 052000;1.158830;1.158840;1.158570;1.158680;0
20260401 052100;1.158700;1.158800;1.158670;1.158690;0
20260401 052200;1.158700;1.158800;1.158630;1.158750;0
20260401 052300;1.158780;1.158990;1.158690;1.158890;0
20260401 052400;1.158880;1.158880;1.158560;1.158670;0
20260401 052500;1.158650;1.158690;1.158520;1.158600;0
20260401 052600;1.158600;1.158670;1.158540;1.158580;0
20260401 052700;1.158590;1.158590;1.158380;1.158450;0
20260401 052800;1.158470;1.158600;1.158200;1.158220;0
20260401 052900;1.158220;1.158500;1.158170;1.158450;0
20260401 053000;1.158440;1.158520;1.158310;1.158410;0
20260401 053100;1.158410;1.158640;1.158070;1.158090;0
20260401 053200;1.158090;1.158370;1.158090;1.158300;0
20260401 053300;1.158300;1.158310;1.158110;1.158150;0
20260401 053400;1.158160;1.158310;1.158090;1.158240;0
20260401 053500;1.158260;1.158340;1.158180;1.158310;0
20260401 053600;1.158300;1.158380;1.158150;1.158200;0
20260401 053700;1.158190;1.158520;1.158170;1.158460;0
20260401 053800;1.158460;1.158530;1.158450;1.158510;0
20260401 053900;1.158520;1.158520;1.158390;1.158450;0
20260401 054000;1.158450;1.158630;1.158450;1.158630;0
20260401 054100;1.158620;1.158650;1.158520;1.158590;0
20260401 054200;1.158580;1.158700;1.158530;1.158620;0
20260401 054300;1.158630;1.158660;1.158480;1.158500;0
20260401 054400;1.158520;1.158530;1.158280;1.158380;0
20260401 054500;1.158370;1.158500;1.158340;1.158360;0
20260401 054600;1.158370;1.158690;1.158370;1.158690;0
20260401 054700;1.158670;1.158700;1.158590;1.158700;0
20260401 054800;1.158690;1.158900;1.158690;1.158840;0
20260401 054900;1.158840;1.159040;1.158840;1.159040;0
20260401 055000;1.159040;1.159150;1.159020;1.159130;0
20260401 055100;1.159120;1.159140;1.159040;1.159110;0
20260401 055200;1.159130;1.159310;1.159030;1.159280;0
20260401 055300;1.159300;1.159460;1.159240;1.159390;0
20260401 055400;1.159370;1.159390;1.159140;1.159340;0
20260401 055500;1.159390;1.159580;1.159160;1.159310;0
20260401 055600;1.159280;1.159480;1.159200;1.159450;0
20260401 055700;1.159460;1.159740;1.159460;1.159580;0
20260401 055800;1.159570;1.159630;1.159400;1.159450;0
20260401 055900;1.159460;1.159540;1.159380;1.159530;0
20260401 060000;1.159530;1.159730;1.159400;1.159710;0
20260401 060100;1.159700;1.159700;1.159500;1.159620;0
20260401 060200;1.159610;1.159610;1.159340;1.159510;0
20260401 060300;1.159510;1.159600;1.159480;1.159550;0
20260401 060400;1.159520;1.159610;1.159350;1.159610;0
20260401 060500;1.159630;1.160020;1.159590;1.160020;0
20260401 060600;1.160010;1.160060;1.159930;1.159950;0
20260401 060700;1.159960;1.159970;1.159830;1.159860;0
20260401 060800;1.159860;1.159920;1.159820;1.159900;0
20260401 060900;1.159900;1.159950;1.159550;1.159550;0
20260401 061000;1.159540;1.159720;1.159490;1.159590;0
20260401 061100;1.159590;1.159760;1.159590;1.159710;0
20260401 061200;1.159720;1.159760;1.159620;1.159690;0
20260401 061300;1.159670;1.159930;1.159670;1.159860;0
20260401 061400;1.159860;1.159870;1.159640;1.159640;0
20260401 061500;1.159630;1.159710;1.159570;1.159690;0
20260401 061600;1.159700;1.159720;1.159630;1.159720;0
20260401 061700;1.159720;1.159750;1.159540;1.159540;0
20260401 061800;1.159550;1.159660;1.159540;1.159660;0
20260401 061900;1.159650;1.159740;1.159510;1.159720;0
20260401 062000;1.159730;1.159860;1.159620;1.159640;0
20260401 062100;1.159650;1.159990;1.159640;1.159980;0
20260401 062200;1.159990;1.159990;1.159760;1.159850;0
20260401 062300;1.159850;1.159920;1.159810;1.159880;0
20260401 062400;1.159870;1.159880;1.159720;1.159740;0
20260401 062500;1.159750;1.159770;1.159590;1.159690;0
20260401 062600;1.159700;1.159750;1.159440;1.159660;0
20260401 062700;1.159660;1.159680;1.159580;1.159590;0
20260401 062800;1.159570;1.159610;1.159510;1.159560;0
20260401 062900;1.159530;1.159700;1.159530;1.159640;0
20260401 063000;1.159670;1.159960;1.159670;1.159940;0
20260401 063100;1.159950;1.159970;1.159750;1.159850;0
20260401 063200;1.159880;1.159890;1.159700;1.159720;0
20260401 063300;1.159710;1.159730;1.159640;1.159720;0
20260401 063400;1.159730;1.159770;1.159690;1.159740;0
20260401 063500;1.159720;1.159760;1.159580;1.159690;0
20260401 063600;1.159730;1.159820;1.159680;1.159760;0
20260401 063700;1.159780;1.159820;1.159670;1.159790;0
20260401 063800;1.159790;1.159860;1.159730;1.159860;0
20260401 063900;1.159850;1.159860;1.159710;1.159720;0
20260401 064000;1.159720;1.159900;1.159720;1.159890;0
20260401 064100;1.159880;1.159910;1.159800;1.159830;0
20260401 064200;1.159820;1.159910;1.159800;1.159840;0
20260401 064300;1.159850;1.159880;1.159780;1.159860;0
20260401 064400;1.159860;1.160020;1.159860;1.159960;0
20260401 064500;1.159970;1.160200;1.159960;1.160170;0
20260401 064600;1.160190;1.160340;1.160070;1.160070;0
20260401 064700;1.160040;1.160260;1.160020;1.160260;0
20260401 064800;1.160290;1.160350;1.160140;1.160140;0
20260401 064900;1.160140;1.160320;1.160090;1.160300;0
20260401 065000;1.160290;1.160350;1.160170;1.160240;0
20260401 065100;1.160240;1.160290;1.160170;1.160210;0
20260401 065200;1.160210;1.160250;1.160130;1.160130;0
20260401 065300;1.160130;1.160180;1.160050;1.160050;0
20260401 065400;1.160030;1.160090;1.159930;1.160090;0
20260401 065500;1.160060;1.160060;1.159530;1.159610;0
20260401 065600;1.159630;1.159730;1.159540;1.159540;0
20260401 065700;1.159550;1.159880;1.159540;1.159880;0
20260401 065800;1.159880;1.159990;1.159860;1.159890;0
20260401 065900;1.159890;1.159970;1.159890;1.159950;0
20260401 070000;1.159970;1.160000;1.159870;1.159930;0
20260401 070100;1.159940;1.159970;1.159910;1.159960;0
20260401 070200;1.159940;1.160000;1.159790;1.159900;0
20260401 070300;1.159930;1.160070;1.159920;1.159960;0
20260401 070400;1.159960;1.160260;1.159940;1.160160;0
20260401 070500;1.160150;1.160160;1.159950;1.159960;0
20260401 070600;1.159960;1.160010;1.159940;1.159960;0
20260401 070700;1.159970;1.160000;1.159930;1.159960;0
20260401 070800;1.159960;1.160390;1.159940;1.160360;0
20260401 070900;1.160360;1.160380;1.160190;1.160340;0
20260401 071000;1.160310;1.160350;1.160170;1.160240;0
20260401 071100;1.160240;1.160390;1.160200;1.160240;0
20260401 071200;1.160230;1.160280;1.160070;1.160150;0
20260401 071300;1.160140;1.160460;1.160110;1.160460;0
20260401 071400;1.160450;1.160560;1.160430;1.160530;0
20260401 071500;1.160550;1.160560;1.160350;1.160370;0
20260401 071600;1.160350;1.160440;1.160240;1.160440;0
20260401 071700;1.160450;1.160510;1.160450;1.160460;0
20260401 071800;1.160450;1.160450;1.160140;1.160140;0
20260401 071900;1.160130;1.160460;1.160090;1.160420;0
20260401 072000;1.160410;1.160420;1.160210;1.160210;0
20260401 072100;1.160190;1.160220;1.160140;1.160200;0
20260401 072200;1.160200;1.160210;1.159930;1.160000;0
20260401 072300;1.160000;1.160010;1.159940;1.159940;0
20260401 072400;1.159940;1.160000;1.159830;1.159980;0
20260401 072500;1.159970;1.160140;1.159930;1.160060;0
20260401 072600;1.160070;1.160200;1.160030;1.160190;0
20260401 072700;1.160180;1.160180;1.159940;1.160030;0
20260401 072800;1.160030;1.160060;1.159890;1.159910;0
20260401 072900;1.159900;1.159940;1.159820;1.159920;0
20260401 073000;1.159950;1.160090;1.159900;1.160090;0
20260401 073100;1.160080;1.160130;1.159980;1.160110;0
20260401 073200;1.160110;1.160150;1.159930;1.159980;0
20260401 073300;1.159970;1.159990;1.159830;1.159870;0
20260401 073400;1.159890;1.159930;1.159780;1.159890;0
20260401 073500;1.159900;1.160100;1.159900;1.160020;0
20260401 073600;1.160030;1.160150;1.160030;1.160090;0
20260401 073700;1.160110;1.160230;1.160080;1.160230;0
20260401 073800;1.160240;1.160260;1.160150;1.160240;0
20260401 073900;1.160250;1.160250;1.160170;1.160200;0
20260401 074000;1.160210;1.160270;1.160130;1.160180;0
20260401 074100;1.160160;1.160270;1.160120;1.160260;0
20260401 074200;1.160250;1.160260;1.160130;1.160140;0
20260401 074300;1.160130;1.160240;1.160080;1.160150;0
20260401 074400;1.160140;1.160270;1.160140;1.160230;0
20260401 074500;1.160240;1.160370;1.160230;1.160290;0
20260401 074600;1.160320;1.160380;1.160270;1.160350;0
20260401 074700;1.160350;1.160390;1.160210;1.160230;0
20260401 074800;1.160250;1.160570;1.160240;1.160550;0
20260401 074900;1.160540;1.160680;1.160480;1.160620;0
20260401 075000;1.160620;1.160650;1.160560;1.160580;0
20260401 075100;1.160590;1.160590;1.160480;1.160520;0
20260401 075200;1.160520;1.160540;1.160440;1.160520;0
20260401 075300;1.160540;1.160590;1.160500;1.160510;0
20260401 075400;1.160520;1.160730;1.160520;1.160710;0
20260401 075500;1.160700;1.160750;1.160620;1.160680;0
20260401 075600;1.160680;1.160730;1.160640;1.160690;0
20260401 075700;1.160700;1.160920;1.160680;1.160920;0
20260401 075800;1.160960;1.160980;1.160780;1.160800;0
20260401 075900;1.160800;1.160800;1.160710;1.160720;0
20260401 080000;1.160740;1.160900;1.160730;1.160880;0
20260401 080100;1.160890;1.161040;1.160850;1.161030;0
20260401 080200;1.161010;1.161020;1.160870;1.160930;0
20260401 080300;1.160890;1.160890;1.160730;1.160740;0
20260401 080400;1.160730;1.160910;1.160730;1.160780;0
20260401 080500;1.160810;1.160820;1.160620;1.160620;0
20260401 080600;1.160630;1.160720;1.160510;1.160600;0
20260401 080700;1.160600;1.160630;1.160330;1.160330;0
20260401 080800;1.160300;1.160380;1.160190;1.160310;0
20260401 080900;1.160330;1.160520;1.160300;1.160440;0
20260401 081000;1.160470;1.160590;1.160380;1.160590;0
20260401 081100;1.160590;1.160610;1.160480;1.160570;0
20260401 081200;1.160560;1.160640;1.160530;1.160570;0
20260401 081300;1.160570;1.160580;1.160510;1.160530;0
20260401 081400;1.160510;1.160540;1.160330;1.160330;0
20260401 081500;1.160330;1.160500;1.160080;1.160290;0
20260401 081600;1.160280;1.160350;1.160030;1.160140;0
20260401 081700;1.160100;1.160140;1.159960;1.160040;0
20260401 081800;1.160060;1.160130;1.159930;1.159980;0
20260401 081900;1.160000;1.160150;1.159970;1.160100;0
20260401 082000;1.160110;1.160270;1.160050;1.160180;0
20260401 082100;1.160180;1.160190;1.159750;1.159820;0
20260401 082200;1.159860;1.159900;1.159710;1.159810;0
20260401 082300;1.159800;1.159870;1.159690;1.159800;0
20260401 082400;1.159820;1.160080;1.159820;1.159990;0
20260401 082500;1.159990;1.160000;1.159860;1.159870;0
20260401 082600;1.159870;1.159890;1.159470;1.159520;0
20260401 082700;1.159520;1.159590;1.159490;1.159580;0
20260401 082800;1.159580;1.159700;1.159560;1.159680;0
20260401 082900;1.159680;1.159690;1.159530;1.159600;0
20260401 083000;1.159610;1.159980;1.159380;1.159810;0
20260401 083100;1.159800;1.159990;1.159710;1.159970;0
20260401 083200;1.159970;1.160200;1.159840;1.159950;0
20260401 083300;1.159980;1.160090;1.159890;1.160080;0
20260401 083400;1.160080;1.160210;1.160040;1.160180;0
20260401 083500;1.160170;1.160380;1.160140;1.160290;0
20260401 083600;1.160330;1.160360;1.160160;1.160190;0
20260401 083700;1.160190;1.160190;1.159790;1.159790;0
20260401 083800;1.159780;1.160050;1.159750;1.159990;0
20260401 083900;1.160000;1.160280;1.160000;1.160150;0
20260401 084000;1.160170;1.160550;1.160120;1.160480;0
20260401 084100;1.160480;1.160500;1.160290;1.160290;0
20260401 084200;1.160270;1.160460;1.160210;1.160410;0
20260401 084300;1.160410;1.160490;1.160380;1.160440;0
20260401 084400;1.160460;1.161730;1.160430;1.161430;0
20260401 084500;1.161410;1.162350;1.160670;1.161670;0
20260401 084600;1.161700;1.161960;1.160600;1.160900;0
20260401 084700;1.160890;1.161110;1.160550;1.160940;0
20260401 084800;1.160950;1.161050;1.160390;1.160480;0
20260401 084900;1.160480;1.160870;1.160430;1.160590;0
20260401 085000;1.160570;1.160790;1.160380;1.160500;0
20260401 085100;1.160530;1.160600;1.160250;1.160400;0
20260401 085200;1.160410;1.160490;1.160300;1.160400;0
20260401 085300;1.160390;1.160680;1.160290;1.160600;0
20260401 085400;1.160590;1.160680;1.160370;1.160600;0
20260401 085500;1.160620;1.160730;1.160440;1.160560;0
20260401 085600;1.160580;1.160720;1.160330;1.160680;0
20260401 085700;1.160680;1.160730;1.160440;1.160540;0
20260401 085800;1.160540;1.160540;1.160240;1.160280;0
20260401 085900;1.160280;1.160490;1.160180;1.160460;0
20260401 090000;1.160460;1.160580;1.160270;1.160340;0
20260401 090100;1.160340;1.160360;1.160030;1.160180;0
20260401 090200;1.160190;1.160260;1.159980;1.160230;0
20260401 090300;1.160260;1.160290;1.160120;1.160270;0
20260401 090400;1.160270;1.160280;1.159940;1.160050;0
20260401 090500;1.160050;1.160230;1.159860;1.160120;0
20260401 090600;1.160130;1.160200;1.160030;1.160120;0
20260401 090700;1.160130;1.160450;1.160130;1.160260;0
20260401 090800;1.160250;1.160320;1.160070;1.160250;0
20260401 090900;1.160240;1.160450;1.160240;1.160370;0
20260401 091000;1.160370;1.160550;1.160310;1.160530;0
20260401 091100;1.160520;1.160750;1.160440;1.160690;0
20260401 091200;1.160710;1.161070;1.160620;1.161030;0
20260401 091300;1.161030;1.161140;1.160970;1.161090;0
20260401 091400;1.161070;1.161140;1.160940;1.161080;0
20260401 091500;1.161090;1.161190;1.160900;1.160910;0
20260401 091600;1.160890;1.161140;1.160880;1.161090;0
20260401 091700;1.161100;1.161110;1.160740;1.160790;0
20260401 091800;1.160800;1.161150;1.160800;1.161020;0
20260401 091900;1.161020;1.161150;1.160980;1.161130;0
20260401 092000;1.161130;1.161220;1.161040;1.161200;0
20260401 092100;1.161200;1.161220;1.160750;1.160790;0
20260401 092200;1.160820;1.161040;1.160700;1.160830;0
20260401 092300;1.160840;1.161140;1.160840;1.161050;0
20260401 092400;1.161040;1.161450;1.161040;1.161240;0
20260401 092500;1.161280;1.161410;1.161050;1.161090;0
20260401 092600;1.161090;1.161260;1.160980;1.161020;0
20260401 092700;1.161030;1.161100;1.160930;1.160950;0
20260401 092800;1.160960;1.160960;1.160760;1.160860;0
20260401 092900;1.160860;1.160910;1.160790;1.160880;0
20260401 093000;1.160870;1.161240;1.160760;1.161140;0
20260401 093100;1.161140;1.161640;1.161100;1.161440;0
20260401 093200;1.161450;1.161920;1.161450;1.161920;0
20260401 093300;1.161910;1.162230;1.161880;1.162210;0
20260401 093400;1.162210;1.162340;1.162040;1.162050;0
20260401 093500;1.162060;1.162200;1.162040;1.162130;0
20260401 093600;1.162140;1.162240;1.162070;1.162130;0
20260401 093700;1.162130;1.162130;1.161870;1.162110;0
20260401 093800;1.162110;1.162300;1.162110;1.162290;0
20260401 093900;1.162290;1.162370;1.162240;1.162280;0
20260401 094000;1.162290;1.162300;1.162070;1.162090;0
20260401 094100;1.162100;1.162110;1.161660;1.161730;0
20260401 094200;1.161720;1.161840;1.160590;1.161360;0
20260401 094300;1.161360;1.161370;1.160980;1.161150;0
20260401 094400;1.161150;1.161600;1.161060;1.161530;0
20260401 094500;1.161540;1.161640;1.161280;1.161350;0
20260401 094600;1.161380;1.161580;1.161290;1.161470;0
20260401 094700;1.161480;1.161740;1.161340;1.161400;0
20260401 094800;1.161440;1.161690;1.161290;1.161530;0
20260401 094900;1.161570;1.161590;1.161280;1.161420;0
20260401 095000;1.161420;1.161550;1.161090;1.161470;0
20260401 095100;1.161470;1.161530;1.161340;1.161360;0
20260401 095200;1.161380;1.161550;1.161320;1.161550;0
20260401 095300;1.161560;1.161860;1.161480;1.161490;0
20260401 095400;1.161460;1.161500;1.161270;1.161290;0
20260401 095500;1.161290;1.161430;1.161030;1.161390;0
20260401 095600;1.161380;1.161460;1.161230;1.161250;0
20260401 095700;1.161250;1.161430;1.161250;1.161300;0
20260401 095800;1.161300;1.161300;1.161030;1.161130;0
20260401 095900;1.161140;1.161240;1.161100;1.161150;0
20260401 100000;1.161150;1.161150;1.160600;1.160740;0
20260401 100100;1.160740;1.161040;1.160700;1.161000;0
20260401 100200;1.161000;1.161020;1.160720;1.160870;0
20260401 100300;1.160850;1.161040;1.160800;1.160850;0
20260401 100400;1.160840;1.160900;1.160620;1.160690;0
20260401 100500;1.160720;1.160760;1.160480;1.160710;0
20260401 100600;1.160690;1.160710;1.160460;1.160570;0
20260401 100700;1.160560;1.160940;1.160550;1.160830;0
20260401 100800;1.160800;1.161140;1.160780;1.161140;0
20260401 100900;1.161120;1.161190;1.160770;1.160910;0
20260401 101000;1.160920;1.160950;1.160580;1.160830;0
20260401 101100;1.160810;1.160840;1.160570;1.160570;0
20260401 101200;1.160570;1.161020;1.160550;1.160980;0
20260401 101300;1.160980;1.161060;1.160870;1.161040;0
20260401 101400;1.161060;1.161110;1.160940;1.161020;0
20260401 101500;1.161020;1.161150;1.160940;1.161130;0
20260401 101600;1.161150;1.161300;1.161030;1.161200;0
20260401 101700;1.161180;1.161310;1.161000;1.161190;0
20260401 101800;1.161180;1.161420;1.161180;1.161200;0
20260401 101900;1.161220;1.161310;1.161130;1.161300;0
20260401 102000;1.161310;1.161430;1.161070;1.161070;0
20260401 102100;1.161080;1.161550;1.161080;1.161520;0
20260401 102200;1.161510;1.161870;1.161480;1.161750;0
20260401 102300;1.161780;1.161810;1.161690;1.161800;0
20260401 102400;1.161800;1.161860;1.161350;1.161420;0
20260401 102500;1.161400;1.161580;1.161290;1.161560;0
20260401 102600;1.161580;1.161610;1.161240;1.161240;0
20260401 102700;1.161250;1.161340;1.161190;1.161290;0
20260401 102800;1.161320;1.161500;1.161310;1.161360;0
20260401 102900;1.161380;1.161430;1.161320;1.161400;0
20260401 103000;1.161390;1.161440;1.161190;1.161340;0
20260401 103100;1.161360;1.161510;1.161270;1.161280;0
20260401 103200;1.161280;1.161300;1.161040;1.161040;0
20260401 103300;1.161040;1.161140;1.160930;1.160990;0
20260401 103400;1.160990;1.161210;1.160950;1.161090;0
20260401 103500;1.161100;1.161160;1.160850;1.160990;0
20260401 103600;1.160980;1.161110;1.160700;1.161110;0
20260401 103700;1.161140;1.161210;1.160980;1.161130;0
20260401 103800;1.161140;1.161360;1.161100;1.161170;0
20260401 103900;1.161160;1.161850;1.161160;1.161670;0
20260401 104000;1.161690;1.161690;1.160940;1.161140;0
20260401 104100;1.161150;1.161220;1.161030;1.161200;0
20260401 104200;1.161210;1.162070;1.161210;1.161920;0
20260401 104300;1.161930;1.161930;1.161630;1.161730;0
20260401 104400;1.161720;1.161750;1.161450;1.161630;0
20260401 104500;1.161640;1.161770;1.161580;1.161740;0
20260401 104600;1.161740;1.161750;1.161290;1.161360;0
20260401 104700;1.161320;1.161700;1.161290;1.161700;0
20260401 104800;1.161710;1.162140;1.161690;1.162130;0
20260401 104900;1.162150;1.162450;1.162060;1.162400;0
20260401 105000;1.162400;1.162590;1.162280;1.162390;0
20260401 105100;1.162370;1.162370;1.162010;1.162070;0
20260401 105200;1.162050;1.162270;1.162050;1.162220;0
20260401 105300;1.162240;1.162640;1.162190;1.162320;0
20260401 105400;1.162330;1.162420;1.162250;1.162340;0
20260401 105500;1.162320;1.162580;1.162290;1.162390;0
20260401 105600;1.162350;1.162570;1.162260;1.162550;0
20260401 105700;1.162540;1.162680;1.162280;1.162310;0
20260401 105800;1.162340;1.162500;1.162280;1.162500;0
20260401 105900;1.162500;1.162510;1.162240;1.162260;0
20260401 110000;1.162270;1.162490;1.162260;1.162490;0
20260401 110100;1.162490;1.162610;1.162480;1.162480;0
20260401 110200;1.162440;1.162630;1.162420;1.162540;0
20260401 110300;1.162540;1.162710;1.162470;1.162490;0
20260401 110400;1.162500;1.162520;1.162270;1.162290;0
20260401 110500;1.162280;1.162280;1.161960;1.162030;0
20260401 110600;1.162050;1.162110;1.161810;1.161860;0
20260401 110700;1.161880;1.162250;1.161820;1.162220;0
20260401 110800;1.162120;1.162120;1.161800;1.161820;0
20260401 110900;1.161830;1.161880;1.161690;1.161690;0
20260401 111000;1.161700;1.161800;1.161600;1.161610;0
20260401 111100;1.161630;1.161740;1.161610;1.161650;0
20260401 111200;1.161640;1.161670;1.161450;1.161670;0
20260401 111300;1.161670;1.161670;1.161500;1.161550;0
20260401 111400;1.161550;1.161660;1.161430;1.161530;0
20260401 111500;1.161540;1.161630;1.161390;1.161550;0
20260401 111600;1.161540;1.161620;1.161460;1.161600;0
20260401 111700;1.161620;1.161640;1.161320;1.161320;0
20260401 111800;1.161320;1.161570;1.161320;1.161500;0
20260401 111900;1.161500;1.161700;1.161480;1.161700;0
20260401 112000;1.161700;1.161710;1.161560;1.161640;0
20260401 112100;1.161650;1.161710;1.161450;1.161470;0
20260401 112200;1.161490;1.161600;1.161360;1.161480;0
20260401 112300;1.161480;1.161490;1.161300;1.161300;0
20260401 112400;1.161310;1.161310;1.161000;1.161130;0
20260401 112500;1.161140;1.161310;1.161050;1.161050;0
20260401 112600;1.161030;1.161070;1.160800;1.160930;0
20260401 112700;1.160930;1.161040;1.160780;1.160790;0
20260401 112800;1.160780;1.160810;1.160610;1.160740;0
20260401 112900;1.160720;1.160840;1.160600;1.160600;0
20260401 113000;1.160620;1.160690;1.160520;1.160540;0
20260401 113100;1.160570;1.160850;1.160520;1.160800;0
20260401 113200;1.160800;1.160950;1.160790;1.160910;0
20260401 113300;1.160900;1.160900;1.160780;1.160830;0
20260401 113400;1.160840;1.160950;1.160790;1.160950;0
20260401 113500;1.160940;1.161030;1.160730;1.160850;0
20260401 113600;1.160850;1.160890;1.160720;1.160820;0
20260401 113700;1.160810;1.161020;1.160810;1.160880;0
20260401 113800;1.160920;1.161090;1.160830;1.160970;0
20260401 113900;1.160980;1.161130;1.160970;1.161120;0
20260401 114000;1.161120;1.161120;1.160900;1.160970;0
20260401 114100;1.160980;1.161100;1.160980;1.161020;0
20260401 114200;1.161030;1.161090;1.160980;1.161040;0
20260401 114300;1.161030;1.161110;1.161010;1.161050;0
20260401 114400;1.161040;1.161150;1.161000;1.161050;0
20260401 114500;1.161070;1.161210;1.161010;1.161080;0
20260401 114600;1.161090;1.161160;1.160920;1.160920;0
20260401 114700;1.160920;1.161110;1.160920;1.161100;0
20260401 114800;1.161090;1.161110;1.160940;1.160990;0
20260401 114900;1.160990;1.161090;1.160980;1.161000;0
20260401 115000;1.160990;1.161230;1.160970;1.161220;0
20260401 115100;1.161240;1.161310;1.161070;1.161300;0
20260401 115200;1.161300;1.161410;1.161250;1.161300;0
20260401 115300;1.161300;1.161450;1.161260;1.161360;0
20260401 115400;1.161370;1.161410;1.161280;1.161330;0
20260401 115500;1.161330;1.161450;1.161290;1.161450;0
20260401 115600;1.161440;1.161700;1.161440;1.161530;0
20260401 115700;1.161530;1.161610;1.161430;1.161480;0
20260401 115800;1.161500;1.161550;1.161370;1.161430;0
20260401 115900;1.161400;1.161440;1.161310;1.161370;0
20260401 120000;1.161370;1.161470;1.161310;1.161410;0
20260401 120100;1.161380;1.161490;1.161280;1.161490;0
20260401 120200;1.161470;1.161550;1.161200;1.161210;0
20260401 120300;1.161210;1.161210;1.160860;1.160910;0
20260401 120400;1.160930;1.161000;1.160840;1.160990;0
20260401 120500;1.161010;1.161310;1.161010;1.161140;0
20260401 120600;1.161140;1.161190;1.160990;1.160990;0
20260401 120700;1.160980;1.161080;1.160930;1.160940;0
20260401 120800;1.160950;1.161010;1.160930;1.161000;0
20260401 120900;1.161000;1.161200;1.161000;1.161200;0
20260401 121000;1.161190;1.161210;1.161000;1.161000;0
20260401 121100;1.160990;1.161040;1.160630;1.160720;0
20260401 121200;1.160730;1.160810;1.160680;1.160780;0
20260401 121300;1.160790;1.160800;1.160670;1.160690;0
20260401 121400;1.160680;1.160700;1.160600;1.160650;0
20260401 121500;1.160660;1.160730;1.160590;1.160600;0
20260401 121600;1.160590;1.160700;1.160440;1.160640;0
20260401 121700;1.160650;1.160710;1.160630;1.160690;0
20260401 121800;1.160690;1.160850;1.160640;1.160810;0
20260401 121900;1.160800;1.160910;1.160720;1.160820;0
20260401 122000;1.160820;1.160900;1.160780;1.160780;0
20260401 122100;1.160790;1.160920;1.160770;1.160850;0
20260401 122200;1.160850;1.160920;1.160790;1.160840;0
20260401 122300;1.160840;1.160950;1.160820;1.160920;0
20260401 122400;1.160930;1.160950;1.160860;1.160860;0
20260401 122500;1.160840;1.160900;1.160790;1.160850;0
20260401 122600;1.160850;1.160900;1.160730;1.160750;0
20260401 122700;1.160740;1.160890;1.160660;1.160870;0
20260401 122800;1.160880;1.160970;1.160590;1.160720;0
20260401 122900;1.160710;1.160820;1.160620;1.160750;0
20260401 123000;1.160770;1.160900;1.160690;1.160900;0
20260401 123100;1.160910;1.160960;1.160800;1.160840;0
20260401 123200;1.160840;1.160930;1.160620;1.160890;0
20260401 123300;1.160890;1.160970;1.160850;1.160930;0
20260401 123400;1.160910;1.160960;1.160740;1.160850;0
20260401 123500;1.160850;1.160910;1.160780;1.160840;0
20260401 123600;1.160840;1.160920;1.160730;1.160780;0
20260401 123700;1.160770;1.160940;1.160680;1.160890;0
20260401 123800;1.160900;1.160960;1.160820;1.160900;0
20260401 123900;1.160910;1.160930;1.160730;1.160740;0
20260401 124000;1.160730;1.160750;1.160590;1.160740;0
20260401 124100;1.160720;1.160750;1.160630;1.160640;0
20260401 124200;1.160630;1.160680;1.160530;1.160670;0
20260401 124300;1.160680;1.160690;1.160480;1.160570;0
20260401 124400;1.160600;1.160750;1.160600;1.160690;0
20260401 124500;1.160670;1.160830;1.160630;1.160740;0
20260401 124600;1.160740;1.160850;1.160730;1.160840;0
20260401 124700;1.160860;1.161020;1.160840;1.161010;0
20260401 124800;1.161010;1.161160;1.161010;1.161110;0
20260401 124900;1.161130;1.161290;1.161120;1.161270;0
20260401 125000;1.161290;1.161410;1.161280;1.161340;0
20260401 125100;1.161350;1.161440;1.161300;1.161430;0
20260401 125200;1.161450;1.161480;1.161330;1.161380;0
20260401 125300;1.161380;1.161530;1.161360;1.161490;0
20260401 125400;1.161500;1.161570;1.161480;1.161540;0
20260401 125500;1.161520;1.161570;1.161480;1.161540;0
20260401 125600;1.161550;1.161590;1.161390;1.161480;0
20260401 125700;1.161460;1.161650;1.161420;1.161650;0
20260401 125800;1.161640;1.161820;1.161630;1.161800;0
20260401 125900;1.161800;1.161900;1.161800;1.161880;0
20260401 130000;1.161910;1.161960;1.161820;1.161930;0
20260401 130100;1.161920;1.162070;1.161920;1.161940;0
20260401 130200;1.161930;1.161980;1.161880;1.161880;0
20260401 130300;1.161880;1.161980;1.161850;1.161960;0
20260401 130400;1.161980;1.162060;1.161960;1.161990;0
20260401 130500;1.161990;1.162100;1.161980;1.162100;0
20260401 130600;1.162100;1.162340;1.162080;1.162080;0
20260401 130700;1.162070;1.162070;1.161710;1.161730;0
20260401 130800;1.161720;1.161840;1.161570;1.161590;0
20260401 130900;1.161620;1.161680;1.161340;1.161400;0
20260401 131000;1.161400;1.161510;1.161390;1.161490;0
20260401 131100;1.161490;1.161770;1.161460;1.161660;0
20260401 131200;1.161670;1.161680;1.161490;1.161530;0
20260401 131300;1.161520;1.161690;1.161520;1.161590;0
20260401 131400;1.161610;1.161610;1.161540;1.161580;0
20260401 131500;1.161590;1.161610;1.161540;1.161570;0
20260401 131600;1.161570;1.161600;1.161540;1.161540;0
20260401 131700;1.161520;1.161570;1.161310;1.161310;0
20260401 131800;1.161300;1.161410;1.161290;1.161360;0
20260401 131900;1.161360;1.161400;1.161290;1.161290;0
20260401 132000;1.161290;1.161430;1.161290;1.161420;0
20260401 132100;1.161450;1.161510;1.161390;1.161420;0
20260401 132200;1.161400;1.161590;1.161270;1.161290;0
20260401 132300;1.161260;1.161260;1.161120;1.161140;0
20260401 132400;1.161160;1.161160;1.160950;1.160970;0
20260401 132500;1.160960;1.160960;1.160840;1.160840;0
20260401 132600;1.160850;1.160930;1.160750;1.160860;0
20260401 132700;1.160850;1.160850;1.160740;1.160830;0
20260401 132800;1.160840;1.160860;1.160740;1.160760;0
20260401 132900;1.160750;1.160830;1.160710;1.160770;0
20260401 133000;1.160750;1.160760;1.160460;1.160460;0
20260401 133100;1.160480;1.160530;1.160390;1.160430;0
20260401 133200;1.160410;1.160420;1.160260;1.160370;0
20260401 133300;1.160360;1.160370;1.160190;1.160210;0
20260401 133400;1.160220;1.160230;1.159790;1.159970;0
20260401 133500;1.159980;1.160030;1.159770;1.159790;0
20260401 133600;1.159800;1.159910;1.159770;1.159800;0
20260401 133700;1.159800;1.159940;1.159750;1.159920;0
20260401 133800;1.159930;1.160120;1.159930;1.160110;0
20260401 133900;1.160100;1.160350;1.160090;1.160320;0
20260401 134000;1.160330;1.160500;1.160330;1.160400;0
20260401 134100;1.160420;1.160470;1.160370;1.160400;0
20260401 134200;1.160460;1.160670;1.160460;1.160670;0
20260401 134300;1.160680;1.160730;1.160640;1.160650;0
20260401 134400;1.160640;1.160640;1.160510;1.160550;0
20260401 134500;1.160550;1.160550;1.160320;1.160340;0
20260401 134600;1.160370;1.160440;1.160370;1.160400;0
20260401 134700;1.160390;1.160440;1.160350;1.160420;0
20260401 134800;1.160440;1.160450;1.160270;1.160340;0
20260401 134900;1.160330;1.160350;1.160250;1.160270;0
20260401 135000;1.160260;1.160260;1.159960;1.159970;0
20260401 135100;1.159990;1.160090;1.159850;1.159850;0
20260401 135200;1.159870;1.159900;1.159690;1.159820;0
20260401 135300;1.159840;1.159880;1.159650;1.159680;0
20260401 135400;1.159670;1.159790;1.159610;1.159710;0
20260401 135500;1.159720;1.159810;1.159670;1.159750;0
20260401 135600;1.159760;1.159810;1.159690;1.159800;0
20260401 135700;1.159800;1.159820;1.159680;1.159680;0
20260401 135800;1.159680;1.159690;1.159420;1.159430;0
20260401 135900;1.159460;1.159480;1.159350;1.159400;0
20260401 140000;1.159380;1.159420;1.159030;1.159070;0
20260401 140100;1.159080;1.159290;1.158920;1.159180;0
20260401 140200;1.159220;1.159220;1.158840;1.158990;0
20260401 140300;1.158970;1.159040;1.158810;1.158880;0
20260401 140400;1.158890;1.159040;1.158820;1.159040;0
20260401 140500;1.159030;1.159380;1.159020;1.159280;0
20260401 140600;1.159310;1.159420;1.159220;1.159350;0
20260401 140700;1.159360;1.159390;1.159160;1.159180;0
20260401 140800;1.159200;1.159250;1.159170;1.159180;0
20260401 140900;1.159170;1.159190;1.159070;1.159150;0
20260401 141000;1.159160;1.159240;1.159130;1.159160;0
20260401 141100;1.159170;1.159310;1.159170;1.159260;0
20260401 141200;1.159250;1.159300;1.159140;1.159150;0
20260401 141300;1.159120;1.159120;1.159010;1.159070;0
20260401 141400;1.159040;1.159070;1.158830;1.158830;0
20260401 141500;1.158840;1.158990;1.158820;1.158990;0
20260401 141600;1.159000;1.159000;1.158750;1.158840;0
20260401 141700;1.158840;1.158920;1.158780;1.158780;0
20260401 141800;1.158770;1.158840;1.158730;1.158770;0
20260401 141900;1.158760;1.158770;1.158520;1.158730;0
20260401 142000;1.158730;1.158730;1.158540;1.158580;0
20260401 142100;1.158570;1.158580;1.158510;1.158540;0
20260401 142200;1.158550;1.158670;1.158540;1.158580;0
20260401 142300;1.158580;1.158660;1.158550;1.158600;0
20260401 142400;1.158600;1.158610;1.158390;1.158520;0
20260401 142500;1.158540;1.158550;1.158300;1.158510;0
20260401 142600;1.158530;1.158610;1.158430;1.158440;0
20260401 142700;1.158450;1.158470;1.158370;1.158420;0
20260401 142800;1.158420;1.158490;1.158350;1.158480;0
20260401 142900;1.158450;1.158460;1.158390;1.158450;0
20260401 143000;1.158450;1.158540;1.158400;1.158410;0
20260401 143100;1.158420;1.158490;1.158360;1.158440;0
20260401 143200;1.158460;1.158530;1.158180;1.158210;0
20260401 143300;1.158180;1.158270;1.158170;1.158230;0
20260401 143400;1.158220;1.158280;1.158090;1.158130;0
20260401 143500;1.158100;1.158170;1.157990;1.158030;0
20260401 143600;1.158040;1.158100;1.157990;1.158090;0
20260401 143700;1.158100;1.158100;1.157720;1.157850;0
20260401 143800;1.157870;1.157930;1.157840;1.157910;0
20260401 143900;1.157920;1.158040;1.157850;1.158030;0
20260401 144000;1.158030;1.158480;1.158020;1.158400;0
20260401 144100;1.158430;1.158720;1.158430;1.158640;0
20260401 144200;1.158640;1.158750;1.158600;1.158700;0
20260401 144300;1.158700;1.158700;1.158490;1.158610;0
20260401 144400;1.158580;1.158640;1.158530;1.158540;0
20260401 144500;1.158570;1.158640;1.158520;1.158580;0
20260401 144600;1.158560;1.158600;1.158210;1.158390;0
20260401 144700;1.158380;1.158670;1.158380;1.158650;0
20260401 144800;1.158640;1.158740;1.158530;1.158530;0
20260401 144900;1.158540;1.158560;1.158480;1.158480;0
20260401 145000;1.158510;1.158590;1.158470;1.158500;0
20260401 145100;1.158480;1.158550;1.158360;1.158550;0
20260401 145200;1.158560;1.158630;1.158530;1.158630;0
20260401 145300;1.158620;1.158680;1.158380;1.158400;0
20260401 145400;1.158410;1.158490;1.158400;1.158410;0
20260401 145500;1.158400;1.158450;1.158310;1.158340;0
20260401 145600;1.158340;1.158490;1.158280;1.158450;0
20260401 145700;1.158430;1.158510;1.158280;1.158510;0
20260401 145800;1.158500;1.158510;1.158150;1.158160;0
20260401 145900;1.158160;1.158240;1.157790;1.157870;0
20260401 150000;1.157880;1.157890;1.157630;1.157670;0
20260401 150100;1.157700;1.157940;1.157700;1.157940;0
20260401 150200;1.157940;1.158060;1.157890;1.157890;0
20260401 150300;1.157890;1.157930;1.157810;1.157930;0
20260401 150400;1.157920;1.157950;1.157880;1.157890;0
20260401 150500;1.157910;1.158100;1.157860;1.158080;0
20260401 150600;1.158070;1.158220;1.158060;1.158210;0
20260401 150700;1.158210;1.158320;1.158190;1.158320;0
20260401 150800;1.158320;1.158370;1.158250;1.158280;0
20260401 150900;1.158280;1.158300;1.158250;1.158280;0
20260401 151000;1.158270;1.158280;1.158180;1.158280;0
20260401 151100;1.158270;1.158310;1.158250;1.158270;0
20260401 151200;1.158280;1.158450;1.158280;1.158380;0
20260401 151300;1.158370;1.158430;1.158150;1.158210;0
20260401 151400;1.158230;1.158300;1.158170;1.158290;0
20260401 151500;1.158300;1.158340;1.158200;1.158210;0
20260401 151600;1.158190;1.158240;1.158180;1.158230;0
20260401 151700;1.158210;1.158250;1.158170;1.158170;0
20260401 151800;1.158180;1.158240;1.158140;1.158200;0
20260401 151900;1.158220;1.158240;1.158150;1.158180;0
20260401 152000;1.158170;1.158300;1.158140;1.158140;0
20260401 152100;1.158140;1.158140;1.157940;1.158010;0
20260401 152200;1.158030;1.158030;1.157880;1.157880;0
20260401 152300;1.157880;1.157960;1.157840;1.157910;0
20260401 152400;1.157920;1.157960;1.157890;1.157890;0
20260401 152500;1.157890;1.158100;1.157890;1.158030;0
20260401 152600;1.158040;1.158190;1.158030;1.158180;0
20260401 152700;1.158190;1.158200;1.158130;1.158160;0
20260401 152800;1.158150;1.158230;1.158130;1.158200;0
20260401 152900;1.158220;1.158310;1.158220;1.158310;0
20260401 153000;1.158300;1.158320;1.158150;1.158320;0
20260401 153100;1.158320;1.158400;1.158280;1.158280;0
20260401 153200;1.158270;1.158300;1.158200;1.158200;0
20260401 153300;1.158180;1.158260;1.158170;1.158210;0
20260401 153400;1.158220;1.158450;1.158200;1.158450;0
20260401 153500;1.158440;1.158500;1.158310;1.158420;0
20260401 153600;1.158410;1.158570;1.158410;1.158540;0
20260401 153700;1.158530;1.158570;1.158440;1.158530;0
20260401 153800;1.158530;1.158560;1.158490;1.158540;0
20260401 153900;1.158530;1.158570;1.158500;1.158540;0
20260401 154000;1.158530;1.158570;1.158520;1.158540;0
20260401 154100;1.158540;1.158690;1.158530;1.158680;0
20260401 154200;1.158670;1.158690;1.158600;1.158690;0
20260401 154300;1.158680;1.158680;1.158620;1.158650;0
20260401 154400;1.158670;1.158700;1.158560;1.158600;0
20260401 154500;1.158580;1.158700;1.158580;1.158620;0
20260401 154600;1.158620;1.158630;1.158550;1.158550;0
20260401 154700;1.158550;1.158700;1.158550;1.158640;0
20260401 154800;1.158630;1.158680;1.158600;1.158630;0
20260401 154900;1.158600;1.158600;1.158530;1.158540;0
20260401 155000;1.158560;1.158560;1.158250;1.158280;0
20260401 155100;1.158260;1.158300;1.158200;1.158240;0
20260401 155200;1.158240;1.158300;1.158150;1.158160;0
20260401 155300;1.158160;1.158200;1.158110;1.158190;0
20260401 155400;1.158170;1.158260;1.158130;1.158140;0
20260401 155500;1.158140;1.158270;1.158140;1.158190;0
20260401 155600;1.158180;1.158330;1.158160;1.158170;0
20260401 155700;1.158160;1.158360;1.158140;1.158360;0
20260401 155800;1.158350;1.158500;1.158310;1.158470;0
20260401 155900;1.158450;1.158510;1.158350;1.158360;0
20260401 160000;1.158360;1.158550;1.158360;1.158510;0
20260401 160100;1.158500;1.158530;1.158390;1.158410;0
20260401 160200;1.158410;1.158430;1.158340;1.158400;0
20260401 160300;1.158410;1.158410;1.158360;1.158400;0
20260401 160400;1.158390;1.158460;1.158360;1.158460;0
20260401 160500;1.158450;1.158530;1.158430;1.158530;0
20260401 160600;1.158520;1.158740;1.158520;1.158740;0
20260401 160700;1.158740;1.158740;1.158640;1.158680;0
20260401 160800;1.158670;1.158700;1.158650;1.158650;0
20260401 160900;1.158650;1.158750;1.158630;1.158740;0
20260401 161000;1.158730;1.158760;1.158710;1.158760;0
20260401 161100;1.158760;1.158760;1.158520;1.158520;0
20260401 161200;1.158510;1.158520;1.158460;1.158500;0
20260401 161300;1.158500;1.158560;1.158490;1.158560;0
20260401 161400;1.158560;1.158630;1.158550;1.158630;0
20260401 161500;1.158650;1.158680;1.158620;1.158640;0
20260401 161600;1.158630;1.158630;1.158500;1.158510;0
20260401 161700;1.158510;1.158610;1.158510;1.158590;0
20260401 161800;1.158600;1.158600;1.158480;1.158490;0
20260401 161900;1.158510;1.158600;1.158510;1.158600;0
20260401 162000;1.158590;1.158590;1.158510;1.158590;0
20260401 162100;1.158560;1.158590;1.158540;1.158580;0
20260401 162200;1.158590;1.158600;1.158550;1.158560;0
20260401 162300;1.158570;1.158570;1.158500;1.158510;0
20260401 162400;1.158490;1.158490;1.158430;1.158450;0
20260401 162500;1.158450;1.158570;1.158450;1.158550;0
20260401 162600;1.158550;1.158630;1.158540;1.158630;0
20260401 162700;1.158640;1.158640;1.158610;1.158620;0
20260401 162800;1.158640;1.158740;1.158640;1.158720;0
20260401 162900;1.158700;1.158700;1.158670;1.158690;0
20260401 163000;1.158690;1.158800;1.158690;1.158780;0
20260401 163100;1.158790;1.158850;1.158780;1.158850;0
20260401 163200;1.158840;1.158870;1.158820;1.158840;0
20260401 163300;1.158850;1.158870;1.158840;1.158850;0
20260401 163400;1.158860;1.158900;1.158830;1.158850;0
20260401 163500;1.158850;1.158850;1.158810;1.158810;0
20260401 163600;1.158820;1.158830;1.158760;1.158810;0
20260401 163700;1.158810;1.158850;1.158810;1.158820;0
20260401 163800;1.158830;1.158960;1.158830;1.158920;0
20260401 163900;1.158920;1.159000;1.158920;1.159000;0
20260401 164000;1.159050;1.159060;1.159050;1.159060;0
20260401 164100;1.159040;1.159060;1.159040;1.159050;0
20260401 164200;1.159050;1.159060;1.159020;1.159050;0
20260401 164300;1.159060;1.159060;1.159050;1.159060;0
20260401 164400;1.159050;1.159120;1.159050;1.159090;0
20260401 164500;1.159110;1.159160;1.159080;1.159150;0
20260401 164600;1.159150;1.159150;1.159100;1.159100;0
20260401 164700;1.159100;1.159150;1.159100;1.159150;0
20260401 164800;1.159130;1.159140;1.159110;1.159140;0
20260401 164900;1.159150;1.159160;1.159140;1.159150;0
20260401 165000;1.159140;1.159180;1.159140;1.159160;0
20260401 165100;1.159150;1.159160;1.159140;1.159150;0
20260401 165200;1.159140;1.159140;1.159140;1.159140;0
20260401 165300;1.159140;1.159150;1.159080;1.159100;0
20260401 165400;1.159070;1.159070;1.158960;1.159010;0
20260401 165500;1.159010;1.159020;1.158990;1.159010;0
20260401 165600;1.159000;1.159000;1.158930;1.158960;0
20260401 165700;1.158950;1.158960;1.158920;1.158920;0
20260401 165800;1.158910;1.159030;1.158910;1.159030;0
20260401 165900;1.159010;1.159050;1.158820;1.158830;0
20260401 170000;1.158840;1.158850;1.158750;1.158750;0
20260401 170100;1.158620;1.158620;1.158620;1.158620;0
20260401 170400;1.158390;1.158390;1.158040;1.158180;0
20260401 170500;1.158630;1.158730;1.158560;1.158690;0
20260401 170600;1.158690;1.158690;1.158690;1.158690;0
20260401 170700;1.158590;1.158680;1.158550;1.158680;0
20260401 170800;1.158680;1.158690;1.158680;1.158680;0
20260401 170900;1.158680;1.158690;1.158480;1.158610;0
20260401 171000;1.158760;1.158770;1.158530;1.158690;0
20260401 171100;1.158550;1.158690;1.158540;1.158550;0
20260401 171200;1.158550;1.158550;1.158510;1.158550;0
20260401 171300;1.158660;1.158660;1.158500;1.158540;0
20260401 171400;1.158540;1.158550;1.158510;1.158520;0
20260401 171500;1.158520;1.158520;1.158490;1.158500;0
20260401 171600;1.158570;1.158610;1.158480;1.158580;0
20260401 171700;1.158570;1.158570;1.158560;1.158560;0
20260401 171800;1.158560;1.158720;1.158560;1.158720;0
20260401 171900;1.158710;1.158710;1.158680;1.158700;0
20260401 172000;1.158690;1.158740;1.158690;1.158740;0
20260401 172100;1.158730;1.158730;1.158720;1.158730;0
20260401 172200;1.158740;1.158780;1.158620;1.158780;0
20260401 172300;1.158830;1.158850;1.158580;1.158810;0
20260401 172400;1.158860;1.158890;1.158780;1.158780;0
20260401 172500;1.158790;1.158880;1.158790;1.158880;0
20260401 172600;1.158870;1.158870;1.158790;1.158800;0
20260401 172700;1.158820;1.158850;1.158780;1.158790;0
20260401 172800;1.158800;1.158890;1.158760;1.158830;0
20260401 172900;1.158840;1.158890;1.158820;1.158890;0
20260401 173000;1.158850;1.158890;1.158850;1.158890;0
20260401 173100;1.158860;1.158860;1.158490;1.158530;0
20260401 173200;1.158550;1.158660;1.158550;1.158630;0
20260401 173300;1.158640;1.158670;1.158580;1.158620;0
20260401 173400;1.158580;1.158660;1.158490;1.158620;0
20260401 173500;1.158650;1.158680;1.158490;1.158540;0
20260401 173600;1.158500;1.158690;1.158500;1.158630;0
20260401 173700;1.158640;1.158690;1.158600;1.158610;0
20260401 173800;1.158590;1.158660;1.158520;1.158650;0
20260401 173900;1.158570;1.158670;1.158530;1.158600;0
20260401 174000;1.158610;1.158710;1.158580;1.158670;0
20260401 174100;1.158620;1.158750;1.158620;1.158670;0
20260401 174200;1.158700;1.158770;1.158650;1.158700;0
20260401 174300;1.158670;1.158720;1.158570;1.158680;0
20260401 174400;1.158680;1.158860;1.158600;1.158860;0
20260401 174500;1.158880;1.158900;1.158780;1.158860;0
20260401 174600;1.158860;1.158920;1.158790;1.158910;0
20260401 174700;1.158900;1.158970;1.158860;1.158930;0
20260401 174800;1.158950;1.159030;1.158920;1.158940;0
20260401 174900;1.159040;1.159060;1.158930;1.158940;0
20260401 175000;1.158950;1.159060;1.158950;1.158980;0
20260401 175100;1.158980;1.159070;1.158980;1.159000;0
20260401 175200;1.159000;1.159080;1.158940;1.158940;0
20260401 175300;1.158920;1.158930;1.158920;1.158930;0
20260401 175400;1.158920;1.158980;1.158900;1.158930;0
20260401 175500;1.158940;1.158960;1.158930;1.158930;0
20260401 175600;1.158930;1.158940;1.158930;1.158940;0
20260401 175700;1.158950;1.158980;1.158940;1.158980;0
20260401 175800;1.158960;1.158990;1.158930;1.158980;0
20260401 175900;1.158990;1.159000;1.158980;1.158980;0
20260401 180000;1.158990;1.159060;1.158960;1.159020;0
20260401 180100;1.159070;1.159070;1.158980;1.158980;0
20260401 180200;1.158980;1.158990;1.158960;1.158960;0
20260401 180300;1.158960;1.159000;1.158950;1.159000;0
20260401 180400;1.159010;1.159030;1.159000;1.159020;0
20260401 180500;1.159010;1.159060;1.159010;1.159040;0
20260401 180600;1.159040;1.159150;1.159030;1.159120;0
20260401 180700;1.159140;1.159280;1.159130;1.159240;0
20260401 180800;1.159240;1.159260;1.159060;1.159170;0
20260401 180900;1.159200;1.159280;1.159170;1.159260;0
20260401 181000;1.159260;1.159280;1.159220;1.159220;0
20260401 181100;1.159200;1.159220;1.159150;1.159200;0
20260401 181200;1.159180;1.159200;1.159140;1.159140;0
20260401 181300;1.159120;1.159180;1.159120;1.159180;0
20260401 181400;1.159200;1.159210;1.159180;1.159190;0
20260401 181500;1.159190;1.159190;1.159150;1.159160;0
20260401 181600;1.159150;1.159160;1.159150;1.159160;0
20260401 181700;1.159150;1.159180;1.159150;1.159180;0
20260401 181800;1.159170;1.159170;1.159140;1.159140;0
20260401 181900;1.159160;1.159160;1.159150;1.159150;0
20260401 182000;1.159140;1.159140;1.159100;1.159110;0
20260401 182100;1.159080;1.159120;1.159050;1.159120;0
20260401 182200;1.159100;1.159100;1.159100;1.159100;0
20260401 182300;1.159130;1.159130;1.159100;1.159110;0
20260401 182400;1.159110;1.159110;1.159110;1.159110;0
20260401 182500;1.159110;1.159250;1.159110;1.159250;0
20260401 182600;1.159250;1.159280;1.159250;1.159280;0
20260401 182800;1.159260;1.159330;1.159260;1.159320;0
20260401 182900;1.159300;1.159350;1.159300;1.159320;0
20260401 183000;1.159310;1.159310;1.159270;1.159290;0
20260401 183100;1.159290;1.159300;1.159260;1.159260;0
20260401 183200;1.159260;1.159260;1.159250;1.159260;0
20260401 183300;1.159260;1.159260;1.159170;1.159170;0
20260401 183400;1.159150;1.159160;1.159150;1.159160;0
20260401 183500;1.159170;1.159170;1.159090;1.159110;0
20260401 183600;1.159110;1.159190;1.159110;1.159190;0
20260401 183700;1.159200;1.159220;1.159150;1.159170;0
20260401 183800;1.159150;1.159170;1.159150;1.159170;0
20260401 183900;1.159160;1.159170;1.159150;1.159150;0
20260401 184000;1.159150;1.159170;1.159080;1.159160;0
20260401 184100;1.159150;1.159210;1.159110;1.159180;0
20260401 184200;1.159180;1.159180;1.159160;1.159160;0
20260401 184300;1.159160;1.159190;1.159160;1.159180;0
20260401 184400;1.159160;1.159230;1.159160;1.159220;0
20260401 184500;1.159240;1.159250;1.159220;1.159230;0
20260401 184600;1.159250;1.159270;1.159230;1.159250;0
20260401 184700;1.159230;1.159240;1.159210;1.159230;0
20260401 184800;1.159230;1.159420;1.159220;1.159390;0
20260401 184900;1.159370;1.159390;1.159300;1.159320;0
20260401 185000;1.159320;1.159330;1.159250;1.159270;0
20260401 185100;1.159250;1.159320;1.159210;1.159210;0
20260401 185200;1.159210;1.159220;1.159150;1.159190;0
20260401 185300;1.159230;1.159310;1.159210;1.159310;0
20260401 185400;1.159300;1.159300;1.159170;1.159220;0
20260401 185500;1.159210;1.159210;1.159130;1.159130;0
20260401 185600;1.159120;1.159120;1.159100;1.159110;0
20260401 185700;1.159090;1.159130;1.159030;1.159030;0
20260401 185800;1.159040;1.159120;1.158990;1.159120;0
20260401 185900;1.159100;1.159100;1.159060;1.159070;0
20260401 190000;1.159090;1.159180;1.159090;1.159170;0
20260401 190100;1.159180;1.159180;1.159140;1.159160;0
20260401 190200;1.159170;1.159220;1.159150;1.159190;0
20260401 190300;1.159190;1.159230;1.159190;1.159210;0
20260401 190400;1.159210;1.159260;1.159190;1.159260;0
20260401 190500;1.159260;1.159320;1.159250;1.159300;0
20260401 190600;1.159320;1.159340;1.159250;1.159300;0
20260401 190700;1.159290;1.159300;1.159250;1.159270;0
20260401 190800;1.159270;1.159350;1.159270;1.159340;0
20260401 190900;1.159340;1.159350;1.159330;1.159330;0
20260401 191000;1.159350;1.159350;1.159340;1.159340;0
20260401 191100;1.159360;1.159370;1.159350;1.159350;0
20260401 191200;1.159370;1.159450;1.159340;1.159390;0
20260401 191300;1.159410;1.159420;1.159370;1.159370;0
20260401 191400;1.159380;1.159390;1.159360;1.159360;0
20260401 191500;1.159360;1.159380;1.159360;1.159360;0
20260401 191600;1.159350;1.159350;1.159270;1.159300;0
20260401 191700;1.159310;1.159310;1.159250;1.159300;0
20260401 191800;1.159300;1.159320;1.159300;1.159320;0
20260401 191900;1.159310;1.159310;1.159280;1.159280;0
20260401 192000;1.159310;1.159310;1.159210;1.159260;0
20260401 192100;1.159270;1.159300;1.159250;1.159260;0
20260401 192200;1.159280;1.159290;1.159250;1.159260;0
20260401 192300;1.159250;1.159260;1.159190;1.159260;0
20260401 192400;1.159250;1.159250;1.159170;1.159170;0
20260401 192500;1.159170;1.159170;1.159140;1.159150;0
20260401 192600;1.159150;1.159210;1.159120;1.159180;0
20260401 192700;1.159170;1.159170;1.159160;1.159160;0
20260401 192800;1.159160;1.159160;1.159110;1.159130;0
20260401 192900;1.159140;1.159170;1.159140;1.159170;0
20260401 193000;1.159180;1.159210;1.159140;1.159210;0
20260401 193100;1.159200;1.159200;1.159120;1.159140;0
20260401 193200;1.159150;1.159160;1.159090;1.159100;0
20260401 193300;1.159130;1.159130;1.159120;1.159120;0
20260401 193400;1.159110;1.159120;1.159090;1.159120;0
20260401 193500;1.159130;1.159130;1.159070;1.159070;0
20260401 193600;1.159070;1.159130;1.159060;1.159110;0
20260401 193700;1.159130;1.159180;1.159130;1.159150;0
20260401 193800;1.159160;1.159170;1.159100;1.159130;0
20260401 193900;1.159140;1.159180;1.159140;1.159170;0
20260401 194000;1.159150;1.159170;1.159120;1.159170;0
20260401 194100;1.159190;1.159270;1.159190;1.159270;0
20260401 194200;1.159250;1.159300;1.159220;1.159220;0
20260401 194300;1.159230;1.159230;1.159220;1.159220;0
20260401 194400;1.159200;1.159210;1.159160;1.159200;0
20260401 194500;1.159200;1.159200;1.159040;1.159060;0
20260401 194600;1.159050;1.159130;1.159050;1.159130;0
20260401 194700;1.159150;1.159160;1.159060;1.159060;0
20260401 194800;1.159070;1.159070;1.159050;1.159070;0
20260401 194900;1.159080;1.159100;1.159070;1.159070;0
20260401 195000;1.159080;1.159080;1.158900;1.158900;0
20260401 195100;1.158890;1.158950;1.158880;1.158940;0
20260401 195200;1.158980;1.159050;1.158950;1.159010;0
20260401 195300;1.159000;1.159110;1.159000;1.159080;0
20260401 195400;1.159090;1.159110;1.159060;1.159060;0
20260401 195500;1.159050;1.159060;1.159000;1.159000;0
20260401 195600;1.159010;1.159020;1.158950;1.158960;0
20260401 195700;1.158960;1.159030;1.158960;1.159010;0
20260401 195800;1.159000;1.159030;1.158990;1.159020;0
20260401 195900;1.159010;1.159010;1.158960;1.158960;0
20260401 200000;1.158950;1.158960;1.158820;1.158870;0
20260401 200100;1.158870;1.158990;1.158870;1.158880;0
20260401 200200;1.158900;1.159020;1.158860;1.159000;0
20260401 200300;1.159040;1.159230;1.159010;1.159200;0
20260401 200400;1.159230;1.159310;1.159190;1.159230;0
20260401 200500;1.159250;1.159410;1.159190;1.159360;0
20260401 200600;1.159350;1.159450;1.159280;1.159330;0
20260401 200700;1.159340;1.159410;1.159300;1.159370;0
20260401 200800;1.159370;1.159410;1.159320;1.159380;0
20260401 200900;1.159370;1.159410;1.159300;1.159390;0
20260401 201000;1.159380;1.159580;1.159350;1.159520;0
20260401 201100;1.159510;1.159550;1.159410;1.159440;0
20260401 201200;1.159440;1.159490;1.159400;1.159420;0
20260401 201300;1.159410;1.159410;1.159220;1.159240;0
20260401 201400;1.159240;1.159290;1.159190;1.159270;0
20260401 201500;1.159270;1.159270;1.159140;1.159180;0
20260401 201600;1.159180;1.159370;1.159180;1.159280;0
20260401 201700;1.159280;1.159280;1.159120;1.159120;0
20260401 201800;1.159140;1.159230;1.159140;1.159220;0
20260401 201900;1.159210;1.159240;1.159140;1.159170;0
20260401 202000;1.159170;1.159210;1.159040;1.159060;0
20260401 202100;1.159060;1.159060;1.158910;1.158910;0
20260401 202200;1.158920;1.158990;1.158920;1.158960;0
20260401 202300;1.158960;1.159020;1.158950;1.158960;0
20260401 202400;1.158950;1.158970;1.158850;1.158890;0
20260401 202500;1.158860;1.158910;1.158840;1.158890;0
20260401 202600;1.158880;1.158880;1.158690;1.158710;0
20260401 202700;1.158690;1.158820;1.158670;1.158770;0
20260401 202800;1.158770;1.158820;1.158670;1.158720;0
20260401 202900;1.158720;1.158760;1.158710;1.158740;0
20260401 203000;1.158730;1.158870;1.158730;1.158840;0
20260401 203100;1.158850;1.158900;1.158750;1.158800;0
20260401 203200;1.158820;1.158840;1.158780;1.158820;0
20260401 203300;1.158820;1.158910;1.158790;1.158910;0
20260401 203400;1.158900;1.158940;1.158860;1.158890;0
20260401 203500;1.158880;1.158910;1.158820;1.158900;0
20260401 203600;1.158890;1.159010;1.158880;1.158960;0
20260401 203700;1.158950;1.159030;1.158950;1.158980;0
20260401 203800;1.158970;1.158980;1.158910;1.158950;0
20260401 203900;1.158960;1.159080;1.158940;1.159080;0
20260401 204000;1.159050;1.159100;1.159000;1.159080;0
20260401 204100;1.159110;1.159240;1.159090;1.159220;0
20260401 204200;1.159220;1.159470;1.159220;1.159460;0
20260401 204300;1.159450;1.159510;1.159360;1.159450;0
20260401 204400;1.159440;1.159510;1.159400;1.159420;0
20260401 204500;1.159410;1.159510;1.159390;1.159490;0
20260401 204600;1.159500;1.159590;1.159500;1.159580;0
20260401 204700;1.159580;1.159580;1.159470;1.159510;0
20260401 204800;1.159500;1.159510;1.159420;1.159480;0
20260401 204900;1.159470;1.159490;1.159420;1.159420;0
20260401 205000;1.159420;1.159450;1.159330;1.159340;0
20260401 205100;1.159340;1.159400;1.159270;1.159390;0
20260401 205200;1.159380;1.159570;1.159380;1.159520;0
20260401 205300;1.159510;1.159680;1.159500;1.159680;0
20260401 205400;1.159690;1.159720;1.159620;1.159650;0
20260401 205500;1.159640;1.159690;1.159470;1.159510;0
20260401 205600;1.159520;1.159670;1.159520;1.159640;0
20260401 205700;1.159640;1.159720;1.159630;1.159700;0
20260401 205800;1.159710;1.159780;1.159710;1.159770;0
20260401 205900;1.159770;1.159780;1.159540;1.159560;0
20260401 210000;1.159540;1.159660;1.159190;1.159250;0
20260401 210100;1.159260;1.159420;1.159260;1.159350;0
20260401 210200;1.159400;1.159460;1.159200;1.159380;0
20260401 210300;1.159350;1.159450;1.158240;1.158600;0
20260401 210400;1.158580;1.159060;1.158580;1.158990;0
20260401 210500;1.158960;1.158960;1.158160;1.158380;0
20260401 210600;1.158360;1.158570;1.157950;1.158020;0
20260401 210700;1.158010;1.158430;1.157980;1.158330;0
20260401 210800;1.158350;1.158540;1.158220;1.158470;0
20260401 210900;1.158460;1.158760;1.158440;1.158750;0
20260401 211000;1.158790;1.159390;1.158760;1.159390;0
20260401 211100;1.159390;1.160550;1.159390;1.159830;0
20260401 211200;1.159800;1.159800;1.158940;1.159080;0
20260401 211300;1.159080;1.159510;1.159030;1.159280;0
20260401 211400;1.159300;1.159400;1.159060;1.159110;0
20260401 211500;1.159080;1.159090;1.158770;1.158900;0
20260401 211600;1.158900;1.159500;1.158330;1.158330;0
20260401 211700;1.158320;1.158540;1.156980;1.157000;0
20260401 211800;1.157010;1.157280;1.156800;1.156970;0
20260401 211900;1.156960;1.156970;1.156350;1.156580;0
20260401 212000;1.156560;1.157380;1.156540;1.157380;0
20260401 212100;1.157360;1.157810;1.157210;1.157270;0
20260401 212200;1.157250;1.157560;1.157200;1.157230;0
20260401 212300;1.157220;1.157580;1.156670;1.156780;0
20260401 212400;1.156760;1.156860;1.156410;1.156640;0
20260401 212500;1.156610;1.156710;1.156070;1.156210;0
20260401 212600;1.156210;1.156420;1.156010;1.156390;0
20260401 212700;1.156380;1.156710;1.156280;1.156640;0
20260401 212800;1.156600;1.156890;1.156510;1.156790;0
20260401 212900;1.156810;1.156880;1.156320;1.156330;0
20260401 213000;1.156310;1.156360;1.155840;1.156060;0
20260401 213100;1.156050;1.156080;1.155460;1.155620;0
20260401 213200;1.155630;1.155740;1.154910;1.154910;0
20260401 213300;1.154930;1.155390;1.154900;1.154990;0
20260401 213400;1.155000;1.155340;1.154710;1.155320;0
20260401 213500;1.155300;1.155400;1.154870;1.155060;0
20260401 213600;1.155070;1.155810;1.155070;1.155570;0
20260401 213700;1.155580;1.155710;1.155420;1.155420;0
20260401 213800;1.155420;1.155800;1.155410;1.155460;0
20260401 213900;1.155490;1.155820;1.155430;1.155760;0
20260401 214000;1.155770;1.156000;1.155640;1.155760;0
20260401 214100;1.155780;1.155940;1.155660;1.155720;0
20260401 214200;1.155720;1.155890;1.155630;1.155670;0
20260401 214300;1.155660;1.155750;1.155450;1.155470;0
20260401 214400;1.155500;1.155630;1.155270;1.155290;0
20260401 214500;1.155290;1.155370;1.154880;1.154890;0
20260401 214600;1.154870;1.155350;1.154870;1.155190;0
20260401 214700;1.155200;1.155210;1.154560;1.154560;0
20260401 214800;1.154580;1.155060;1.154550;1.155060;0
20260401 214900;1.155050;1.155160;1.154920;1.154970;0
20260401 215000;1.154960;1.155390;1.154960;1.155390;0
20260401 215100;1.155360;1.155530;1.155350;1.155470;0
20260401 215200;1.155490;1.155500;1.155260;1.155320;0
20260401 215300;1.155320;1.155470;1.155180;1.155400;0
20260401 215400;1.155400;1.155440;1.155110;1.155370;0
20260401 215500;1.155380;1.155530;1.155100;1.155260;0
20260401 215600;1.155270;1.155280;1.155100;1.155250;0
20260401 215700;1.155250;1.155310;1.155100;1.155230;0
20260401 215800;1.155220;1.155340;1.155150;1.155150;0
20260401 215900;1.155170;1.155320;1.155070;1.155250;0
20260401 220000;1.155240;1.155440;1.155160;1.155380;0
20260401 220100;1.155360;1.155480;1.155230;1.155470;0
20260401 220200;1.155470;1.155570;1.155250;1.155350;0
20260401 220300;1.155350;1.155390;1.155150;1.155310;0
20260401 220400;1.155310;1.155590;1.155290;1.155570;0
20260401 220500;1.155580;1.155660;1.155410;1.155420;0
20260401 220600;1.155430;1.155770;1.155420;1.155760;0
20260401 220700;1.155760;1.155980;1.155720;1.155980;0
20260401 220800;1.155980;1.156030;1.155490;1.155500;0
20260401 220900;1.155490;1.155600;1.155420;1.155590;0
20260401 221000;1.155570;1.155700;1.155520;1.155700;0
20260401 221100;1.155710;1.155710;1.155400;1.155400;0
20260401 221200;1.155390;1.155500;1.155340;1.155490;0
20260401 221300;1.155490;1.155500;1.155310;1.155440;0
20260401 221400;1.155470;1.155550;1.155330;1.155460;0
20260401 221500;1.155460;1.155890;1.155460;1.155760;0
20260401 221600;1.155750;1.155820;1.155590;1.155590;0
20260401 221700;1.155590;1.155700;1.155510;1.155700;0
20260401 221800;1.155700;1.155840;1.155630;1.155820;0
20260401 221900;1.155820;1.155860;1.155660;1.155740;0
20260401 222000;1.155730;1.155850;1.155700;1.155770;0
20260401 222100;1.155790;1.155820;1.155230;1.155290;0
20260401 222200;1.155290;1.155290;1.154860;1.154920;0
20260401 222300;1.154950;1.155040;1.154870;1.154940;0
20260401 222400;1.154940;1.155360;1.154930;1.155270;0
20260401 222500;1.155270;1.155380;1.155220;1.155300;0
20260401 222600;1.155300;1.155350;1.155100;1.155100;0
20260401 222700;1.155110;1.155120;1.154940;1.155060;0
20260401 222800;1.155070;1.155070;1.154880;1.154940;0
20260401 222900;1.154940;1.154960;1.154780;1.154780;0
20260401 223000;1.154770;1.154920;1.154740;1.154830;0
20260401 223100;1.154840;1.154840;1.154700;1.154770;0
20260401 223200;1.154780;1.154800;1.154640;1.154690;0
20260401 223300;1.154680;1.154870;1.154670;1.154760;0
20260401 223400;1.154750;1.154750;1.154620;1.154650;0
20260401 223500;1.154660;1.154710;1.154590;1.154680;0
20260401 223600;1.154670;1.154720;1.154570;1.154610;0
20260401 223700;1.154630;1.154670;1.154420;1.154470;0
20260401 223800;1.154490;1.154610;1.154420;1.154450;0
20260401 223900;1.154450;1.154480;1.154380;1.154470;0
20260401 224000;1.154470;1.154700;1.154460;1.154680;0
20260401 224100;1.154680;1.154700;1.154440;1.154480;0
20260401 224200;1.154510;1.154560;1.154450;1.154500;0
20260401 224300;1.154500;1.154670;1.154500;1.154590;0
20260401 224400;1.154590;1.154660;1.154580;1.154640;0
20260401 224500;1.154630;1.154850;1.154620;1.154800;0
20260401 224600;1.154780;1.154870;1.154730;1.154800;0
20260401 224700;1.154780;1.154800;1.154660;1.154690;0
20260401 224800;1.154690;1.154730;1.154620;1.154700;0
20260401 224900;1.154710;1.154770;1.154700;1.154760;0
20260401 225000;1.154770;1.154870;1.154750;1.154810;0
20260401 225100;1.154820;1.154880;1.154750;1.154810;0
20260401 225200;1.154800;1.154870;1.154770;1.154830;0
20260401 225300;1.154820;1.154820;1.154660;1.154660;0
20260401 225400;1.154680;1.154760;1.154660;1.154720;0
20260401 225500;1.154720;1.154880;1.154720;1.154820;0
20260401 225600;1.154810;1.154810;1.154710;1.154710;0
20260401 225700;1.154740;1.154860;1.154720;1.154850;0
20260401 225800;1.154840;1.154910;1.154810;1.154820;0
20260401 225900;1.154820;1.154830;1.154670;1.154670;0
20260401 230000;1.154660;1.154670;1.154580;1.154660;0
20260401 230100;1.154660;1.154660;1.154580;1.154590;0
20260401 230200;1.154590;1.154600;1.154480;1.154500;0
20260401 230300;1.154510;1.154520;1.154380;1.154460;0
20260401 230400;1.154460;1.154520;1.154410;1.154410;0
20260401 230500;1.154420;1.154600;1.154400;1.154550;0
20260401 230600;1.154550;1.154670;1.154500;1.154660;0
20260401 230700;1.154650;1.154680;1.154470;1.154470;0
20260401 230800;1.154480;1.154580;1.154450;1.154550;0
20260401 230900;1.154560;1.154570;1.154520;1.154520;0
20260401 231000;1.154530;1.154630;1.154530;1.154590;0
20260401 231100;1.154600;1.154690;1.154590;1.154620;0
20260401 231200;1.154640;1.154790;1.154640;1.154790;0
20260401 231300;1.154800;1.154830;1.154680;1.154720;0
20260401 231400;1.154710;1.154790;1.154700;1.154710;0
20260401 231500;1.154720;1.154820;1.154720;1.154820;0
20260401 231600;1.154800;1.154800;1.154620;1.154640;0
20260401 231700;1.154620;1.154630;1.154500;1.154580;0
20260401 231800;1.154610;1.154660;1.154510;1.154530;0
20260401 231900;1.154510;1.154640;1.154510;1.154540;0
20260401 232000;1.154520;1.154540;1.154440;1.154540;0
20260401 232100;1.154530;1.154630;1.154530;1.154630;0
20260401 232200;1.154630;1.154630;1.154550;1.154560;0
20260401 232300;1.154560;1.154670;1.154550;1.154630;0
20260401 232400;1.154630;1.154700;1.154610;1.154630;0
20260401 232500;1.154630;1.154650;1.154440;1.154460;0
20260401 232600;1.154440;1.154520;1.154440;1.154510;0
20260401 232700;1.154500;1.154570;1.154480;1.154520;0
20260401 232800;1.154530;1.154560;1.154490;1.154550;0
20260401 232900;1.154540;1.154610;1.154490;1.154610;0
20260401 233000;1.154600;1.154720;1.154590;1.154710;0
20260401 233100;1.154720;1.154840;1.154720;1.154780;0
20260401 233200;1.154790;1.154870;1.154680;1.154830;0
20260401 233300;1.154850;1.154850;1.154730;1.154730;0
20260401 233400;1.154730;1.154860;1.154730;1.154810;0
20260401 233500;1.154800;1.154860;1.154690;1.154760;0
20260401 233600;1.154780;1.154860;1.154710;1.154760;0
20260401 233700;1.154760;1.154780;1.154660;1.154690;0
20260401 233800;1.154680;1.154740;1.154610;1.154650;0
20260401 233900;1.154660;1.154780;1.154660;1.154740;0
20260401 234000;1.154740;1.154770;1.154690;1.154750;0
20260401 234100;1.154740;1.154740;1.154640;1.154640;0
20260401 234200;1.154660;1.154780;1.154660;1.154780;0
20260401 234300;1.154770;1.154880;1.154760;1.154870;0
20260401 234400;1.154880;1.154890;1.154800;1.154870;0
20260401 234500;1.154880;1.154890;1.154800;1.154800;0
20260401 234600;1.154800;1.154820;1.154720;1.154780;0
20260401 234700;1.154780;1.154790;1.154660;1.154680;0
20260401 234800;1.154680;1.154700;1.154580;1.154620;0
20260401 234900;1.154610;1.154610;1.154460;1.154470;0
20260401 235000;1.154470;1.154600;1.154460;1.154570;0
20260401 235100;1.154560;1.154610;1.154400;1.154410;0
20260401 235200;1.154420;1.154420;1.154140;1.154220;0
20260401 235300;1.154230;1.154270;1.154120;1.154220;0
20260401 235400;1.154190;1.154200;1.154140;1.154160;0
20260401 235500;1.154160;1.154220;1.154110;1.154140;0
20260401 235600;1.154140;1.154160;1.153870;1.153870;0
20260401 235700;1.153870;1.153890;1.153750;1.153850;0
20260401 235800;1.153860;1.153950;1.153810;1.153950;0
20260401 235900;1.153960;1.154010;1.153900;1.153970;0
20260402 000000;1.153970;1.154050;1.153850;1.153850;0
20260402 000100;1.153850;1.154060;1.153790;1.154060;0
20260402 000200;1.154060;1.154060;1.153970;1.153990;0
20260402 000300;1.154010;1.154090;1.153970;1.154010;0
20260402 000400;1.153990;1.154180;1.153990;1.154160;0
20260402 000500;1.154140;1.154160;1.153880;1.154010;0
20260402 000600;1.154010;1.154020;1.153840;1.153920;0
20260402 000700;1.153920;1.154030;1.153920;1.153990;0
20260402 000800;1.153970;1.153980;1.153770;1.153850;0
20260402 000900;1.153850;1.153880;1.153800;1.153840;0
20260402 001000;1.153850;1.153870;1.153760;1.153760;0
20260402 001100;1.153770;1.153950;1.153760;1.153930;0
20260402 001200;1.153940;1.153970;1.153880;1.153930;0
20260402 001300;1.153960;1.154090;1.153900;1.153920;0
20260402 001400;1.153900;1.153900;1.153810;1.153810;0
20260402 001500;1.153810;1.153970;1.153800;1.153910;0
20260402 001600;1.153900;1.153950;1.153790;1.153800;0
20260402 001700;1.153810;1.153820;1.153740;1.153770;0
20260402 001800;1.153750;1.153820;1.153670;1.153720;0
20260402 001900;1.153720;1.153780;1.153690;1.153710;0
20260402 002000;1.153710;1.153720;1.153660;1.153670;0
20260402 002100;1.153690;1.153750;1.153670;1.153690;0
20260402 002200;1.153670;1.153720;1.153550;1.153610;0
20260402 002300;1.153620;1.153640;1.153520;1.153560;0
20260402 002400;1.153550;1.153650;1.153520;1.153650;0
20260402 002500;1.153650;1.153650;1.153550;1.153560;0
20260402 002600;1.153560;1.153670;1.153550;1.153600;0
20260402 002700;1.153610;1.153640;1.153560;1.153560;0
20260402 002800;1.153560;1.153590;1.153500;1.153500;0
20260402 002900;1.153500;1.153530;1.153480;1.153500;0
20260402 003000;1.153520;1.153660;1.153430;1.153530;0
20260402 003100;1.153520;1.153570;1.153420;1.153440;0
20260402 003200;1.153450;1.153580;1.153450;1.153560;0
20260402 003300;1.153560;1.153560;1.153480;1.153500;0
20260402 003400;1.153490;1.153490;1.153400;1.153430;0
20260402 003500;1.153440;1.153500;1.153420;1.153420;0
20260402 003600;1.153430;1.153430;1.153270;1.153410;0
20260402 003700;1.153410;1.153480;1.153390;1.153460;0
20260402 003800;1.153450;1.153450;1.153330;1.153380;0
20260402 003900;1.153370;1.153390;1.153310;1.153390;0
20260402 004000;1.153380;1.153420;1.153330;1.153420;0
20260402 004100;1.153430;1.153450;1.153360;1.153370;0
20260402 004200;1.153380;1.153430;1.153320;1.153430;0
20260402 004300;1.153430;1.153470;1.153370;1.153370;0
20260402 004400;1.153360;1.153460;1.153350;1.153440;0
20260402 004500;1.153450;1.153470;1.153410;1.153440;0
20260402 004600;1.153450;1.153530;1.153430;1.153450;0
20260402 004700;1.153460;1.153490;1.153210;1.153240;0
20260402 004800;1.153250;1.153340;1.153240;1.153340;0
20260402 004900;1.153330;1.153430;1.153280;1.153380;0
20260402 005000;1.153390;1.153500;1.153380;1.153500;0
20260402 005100;1.153540;1.153640;1.153540;1.153620;0
20260402 005200;1.153600;1.153620;1.153550;1.153580;0
20260402 005300;1.153560;1.153600;1.153540;1.153540;0
20260402 005400;1.153530;1.153560;1.153430;1.153430;0
20260402 005500;1.153450;1.153500;1.153400;1.153410;0
20260402 005600;1.153430;1.153590;1.153420;1.153590;0
20260402 005700;1.153590;1.153640;1.153580;1.153640;0
20260402 005800;1.153640;1.153640;1.153580;1.153620;0
20260402 005900;1.153620;1.153680;1.153620;1.153680;0
20260402 010000;1.153680;1.153870;1.153680;1.153840;0
20260402 010100;1.153840;1.153860;1.153790;1.153840;0
20260402 010200;1.153850;1.153890;1.153720;1.153740;0
20260402 010300;1.153720;1.153780;1.153700;1.153740;0
20260402 010400;1.153760;1.153780;1.153630;1.153650;0
20260402 010500;1.153650;1.153710;1.153620;1.153630;0
20260402 010600;1.153630;1.153690;1.153630;1.153670;0
20260402 010700;1.153650;1.153650;1.153580;1.153590;0
20260402 010800;1.153620;1.153630;1.153550;1.153570;0
20260402 010900;1.153560;1.153640;1.153510;1.153620;0
20260402 011000;1.153620;1.153740;1.153620;1.153720;0
20260402 011100;1.153730;1.153730;1.153610;1.153630;0
20260402 011200;1.153620;1.153750;1.153570;1.153700;0
20260402 011300;1.153700;1.153710;1.153430;1.153470;0
20260402 011400;1.153470;1.153480;1.153380;1.153410;0
20260402 011500;1.153420;1.153500;1.153400;1.153420;0
20260402 011600;1.153410;1.153480;1.153390;1.153390;0
20260402 011700;1.153370;1.153370;1.153260;1.153310;0
20260402 011800;1.153320;1.153320;1.153210;1.153230;0
20260402 011900;1.153230;1.153270;1.153200;1.153200;0
20260402 012000;1.153190;1.153310;1.153140;1.153310;0
20260402 012100;1.153280;1.153290;1.153150;1.153150;0
20260402 012200;1.153170;1.153200;1.153160;1.153160;0
20260402 012300;1.153160;1.153210;1.153160;1.153190;0
20260402 012400;1.153220;1.153270;1.153180;1.153220;0
20260402 012500;1.153160;1.153270;1.153150;1.153220;0
20260402 012600;1.153230;1.153240;1.153190;1.153230;0
20260402 012700;1.153220;1.153350;1.153220;1.153270;0
20260402 012800;1.153270;1.153330;1.153150;1.153160;0
20260402 012900;1.153150;1.153250;1.153110;1.153230;0
20260402 013000;1.153240;1.153480;1.153240;1.153460;0
20260402 013100;1.153470;1.153470;1.153220;1.153220;0
20260402 013200;1.153220;1.153370;1.153170;1.153370;0
20260402 013300;1.153370;1.153380;1.153210;1.153230;0
20260402 013400;1.153230;1.153280;1.153230;1.153260;0
20260402 013500;1.153290;1.153440;1.153230;1.153420;0
20260402 013600;1.153420;1.153420;1.153210;1.153270;0
20260402 013700;1.153260;1.153280;1.153170;1.153240;0
20260402 013800;1.153260;1.153340;1.153220;1.153340;0
20260402 013900;1.153350;1.153460;1.153350;1.153420;0
20260402 014000;1.153390;1.153440;1.153330;1.153440;0
20260402 014100;1.153430;1.153440;1.153390;1.153400;0
20260402 014200;1.153400;1.153490;1.153390;1.153430;0
20260402 014300;1.153420;1.153680;1.153360;1.153640;0
20260402 014400;1.153640;1.153640;1.153510;1.153510;0
20260402 014500;1.153520;1.153530;1.153470;1.153510;0
20260402 014600;1.153520;1.153520;1.153210;1.153260;0
20260402 014700;1.153250;1.153250;1.152700;1.152760;0
20260402 014800;1.152780;1.152840;1.152610;1.152660;0
20260402 014900;1.152660;1.152720;1.152550;1.152610;0
20260402 015000;1.152600;1.152700;1.152520;1.152690;0
20260402 015100;1.152680;1.152980;1.152670;1.152920;0
20260402 015200;1.152930;1.153080;1.152910;1.153070;0
20260402 015300;1.153080;1.153200;1.152900;1.152910;0
20260402 015400;1.152910;1.152910;1.152630;1.152720;0
20260402 015500;1.152710;1.152730;1.152490;1.152570;0
20260402 015600;1.152580;1.152640;1.152480;1.152620;0
20260402 015700;1.152620;1.152690;1.152570;1.152660;0
20260402 015800;1.152650;1.152740;1.152580;1.152650;0
20260402 015900;1.152630;1.152630;1.152480;1.152530;0
20260402 020000;1.152540;1.152890;1.152530;1.152840;0
20260402 020100;1.152840;1.152870;1.152770;1.152820;0
20260402 020200;1.152810;1.152830;1.152620;1.152660;0
20260402 020300;1.152660;1.152730;1.152590;1.152620;0
20260402 020400;1.152610;1.152750;1.152550;1.152710;0
20260402 020500;1.152730;1.152750;1.152590;1.152610;0
20260402 020600;1.152590;1.152720;1.152570;1.152620;0
20260402 020700;1.152610;1.152750;1.152600;1.152620;0
20260402 020800;1.152640;1.152700;1.152560;1.152600;0
20260402 020900;1.152610;1.152690;1.152600;1.152660;0
20260402 021000;1.152650;1.152660;1.152380;1.152500;0
20260402 021100;1.152520;1.152540;1.152260;1.152290;0
20260402 021200;1.152260;1.152300;1.152040;1.152040;0
20260402 021300;1.152060;1.152110;1.151820;1.151890;0
20260402 021400;1.151890;1.151890;1.151640;1.151720;0
20260402 021500;1.151710;1.151720;1.151550;1.151630;0
20260402 021600;1.151640;1.151660;1.151500;1.151640;0
20260402 021700;1.151630;1.151710;1.151550;1.151670;0
20260402 021800;1.151650;1.152030;1.151540;1.152010;0
20260402 021900;1.152020;1.152130;1.151960;1.152050;0
20260402 022000;1.152040;1.152300;1.152040;1.152280;0
20260402 022100;1.152280;1.152300;1.152070;1.152090;0
20260402 022200;1.152090;1.152200;1.152070;1.152150;0
20260402 022300;1.152150;1.152300;1.152070;1.152260;0
20260402 022400;1.152250;1.152270;1.152070;1.152220;0
20260402 022500;1.152220;1.152290;1.152150;1.152200;0
20260402 022600;1.152210;1.152440;1.152180;1.152430;0
20260402 022700;1.152440;1.152610;1.152420;1.152550;0
20260402 022800;1.152550;1.152650;1.152460;1.152650;0
20260402 022900;1.152660;1.152670;1.152450;1.152450;0
20260402 023000;1.152440;1.152540;1.152320;1.152520;0
20260402 023100;1.152540;1.152850;1.152530;1.152820;0
20260402 023200;1.152850;1.152850;1.152670;1.152700;0
20260402 023300;1.152690;1.152710;1.152480;1.152630;0
20260402 023400;1.152640;1.152640;1.152550;1.152570;0
20260402 023500;1.152560;1.152740;1.152500;1.152590;0
20260402 023600;1.152540;1.152660;1.152480;1.152540;0
20260402 023700;1.152540;1.152770;1.152440;1.152770;0
20260402 023800;1.152770;1.152790;1.152610;1.152770;0
20260402 023900;1.152790;1.152970;1.152770;1.152960;0
20260402 024000;1.152950;1.153080;1.152930;1.152960;0
20260402 024100;1.152950;1.153090;1.152830;1.152840;0
20260402 024200;1.152830;1.152940;1.152830;1.152940;0
20260402 024300;1.152940;1.153020;1.152900;1.152900;0
20260402 024400;1.152890;1.153110;1.152890;1.153080;0
20260402 024500;1.153080;1.153080;1.152890;1.153020;0
20260402 024600;1.153030;1.153270;1.153030;1.153190;0
20260402 024700;1.153180;1.153280;1.153140;1.153190;0
20260402 024800;1.153160;1.153340;1.153130;1.153340;0
20260402 024900;1.153350;1.153380;1.153290;1.153370;0
20260402 025000;1.153350;1.153440;1.153150;1.153180;0
20260402 025100;1.153220;1.153270;1.153130;1.153150;0
20260402 025200;1.153130;1.153400;1.153120;1.153380;0
20260402 025300;1.153390;1.153480;1.153330;1.153340;0
20260402 025400;1.153340;1.153370;1.153040;1.153040;0
20260402 025500;1.153040;1.153080;1.152950;1.153060;0
20260402 025600;1.153070;1.153080;1.152970;1.153030;0
20260402 025700;1.153010;1.153140;1.152970;1.153140;0
20260402 025800;1.153140;1.153460;1.153080;1.153430;0
20260402 025900;1.153430;1.153530;1.153350;1.153440;0
20260402 030000;1.153470;1.153570;1.153420;1.153430;0
20260402 030100;1.153430;1.153690;1.153380;1.153680;0
20260402 030200;1.153680;1.153680;1.153470;1.153520;0
20260402 030300;1.153510;1.153530;1.153360;1.153510;0
20260402 030400;1.153530;1.153540;1.153270;1.153330;0
20260402 030500;1.153340;1.153340;1.153070;1.153070;0
20260402 030600;1.153080;1.153100;1.152660;1.152710;0
20260402 030700;1.152730;1.152870;1.152700;1.152730;0
20260402 030800;1.152720;1.152870;1.152670;1.152830;0
20260402 030900;1.152830;1.153030;1.152830;1.153010;0
20260402 031000;1.153010;1.153080;1.152910;1.152960;0
20260402 031100;1.152960;1.153010;1.152860;1.152960;0
20260402 031200;1.152950;1.152970;1.152770;1.152870;0
20260402 031300;1.152860;1.152930;1.152700;1.152710;0
20260402 031400;1.152710;1.152790;1.152630;1.152710;0
20260402 031500;1.152700;1.153160;1.152670;1.153140;0
20260402 031600;1.153170;1.153230;1.153120;1.153170;0
20260402 031700;1.153150;1.153480;1.153120;1.153320;0
20260402 031800;1.153340;1.153340;1.153090;1.153170;0
20260402 031900;1.153160;1.153260;1.153110;1.153170;0
20260402 032000;1.153180;1.153290;1.153150;1.153250;0
20260402 032100;1.153240;1.153240;1.153080;1.153130;0
20260402 032200;1.153150;1.153360;1.153150;1.153310;0
20260402 032300;1.153310;1.153350;1.153110;1.153160;0
20260402 032400;1.153170;1.153520;1.153160;1.153520;0
20260402 032500;1.153480;1.153770;1.153370;1.153540;0
20260402 032600;1.153520;1.153600;1.153450;1.153530;0
20260402 032700;1.153530;1.153600;1.153470;1.153520;0
20260402 032800;1.153520;1.153730;1.153160;1.153160;0
20260402 032900;1.153190;1.153190;1.152800;1.152900;0
20260402 033000;1.152900;1.153050;1.152700;1.152970;0
20260402 033100;1.152960;1.153180;1.152910;1.153050;0
20260402 033200;1.153050;1.153050;1.152350;1.152360;0
20260402 033300;1.152370;1.152420;1.152090;1.152100;0
20260402 033400;1.152100;1.152140;1.152040;1.152110;0
20260402 033500;1.152110;1.152300;1.152110;1.152250;0
20260402 033600;1.152260;1.152400;1.152160;1.152160;0
20260402 033700;1.152170;1.152200;1.152090;1.152160;0
20260402 033800;1.152170;1.152390;1.152170;1.152190;0
20260402 033900;1.152200;1.152270;1.152100;1.152140;0
20260402 034000;1.152140;1.152140;1.151860;1.151900;0
20260402 034100;1.151890;1.152440;1.151870;1.152440;0
20260402 034200;1.152440;1.152440;1.152060;1.152060;0
20260402 034300;1.152050;1.152320;1.152050;1.152230;0
20260402 034400;1.152220;1.152390;1.152150;1.152370;0
20260402 034500;1.152370;1.152720;1.152370;1.152710;0
20260402 034600;1.152760;1.152760;1.152630;1.152660;0
20260402 034700;1.152660;1.152720;1.152580;1.152710;0
20260402 034800;1.152710;1.152970;1.152700;1.152940;0
20260402 034900;1.152960;1.153070;1.152960;1.153070;0
20260402 035000;1.153060;1.153120;1.152920;1.152940;0
20260402 035100;1.152940;1.153110;1.152910;1.153110;0
20260402 035200;1.153090;1.153150;1.152910;1.153040;0
20260402 035300;1.153060;1.153130;1.152910;1.152920;0
20260402 035400;1.152940;1.153060;1.152910;1.152950;0
20260402 035500;1.152940;1.153130;1.152910;1.153120;0
20260402 035600;1.153120;1.153120;1.152970;1.153100;0
20260402 035700;1.153120;1.153230;1.153070;1.153070;0
20260402 035800;1.153070;1.153210;1.153070;1.153210;0
20260402 035900;1.153190;1.153310;1.153180;1.153240;0
20260402 040000;1.153250;1.153410;1.153210;1.153210;0
20260402 040100;1.153220;1.153310;1.153090;1.153250;0
20260402 040200;1.153230;1.153260;1.153100;1.153100;0
20260402 040300;1.153110;1.153190;1.153060;1.153100;0
20260402 040400;1.153120;1.153170;1.152980;1.153060;0
20260402 040500;1.153060;1.153060;1.152800;1.152890;0
20260402 040600;1.152880;1.153230;1.152860;1.153170;0
20260402 040700;1.153180;1.153230;1.153120;1.153190;0
20260402 040800;1.153180;1.153310;1.153130;1.153270;0
20260402 040900;1.153280;1.153320;1.153190;1.153270;0
20260402 041000;1.153270;1.153510;1.153270;1.153370;0
20260402 041100;1.153390;1.153430;1.153360;1.153370;0
20260402 041200;1.153360;1.153360;1.153200;1.153260;0
20260402 041300;1.153250;1.153400;1.153240;1.153390;0
20260402 041400;1.153360;1.153410;1.153300;1.153410;0
20260402 041500;1.153400;1.153440;1.153320;1.153360;0
20260402 041600;1.153350;1.153560;1.153330;1.153500;0
20260402 041700;1.153510;1.153570;1.153420;1.153500;0
20260402 041800;1.153490;1.153510;1.153420;1.153500;0
20260402 041900;1.153490;1.153490;1.153410;1.153410;0
20260402 042000;1.153410;1.153410;1.152790;1.152800;0
20260402 042100;1.152830;1.152930;1.152600;1.152600;0
20260402 042200;1.152620;1.152680;1.152570;1.152680;0
20260402 042300;1.152720;1.152720;1.152560;1.152620;0
20260402 042400;1.152620;1.152620;1.152480;1.152530;0
20260402 042500;1.152550;1.152760;1.152540;1.152690;0
20260402 042600;1.152680;1.152710;1.152550;1.152660;0
20260402 042700;1.152660;1.152780;1.152610;1.152760;0
20260402 042800;1.152750;1.152770;1.152670;1.152760;0
20260402 042900;1.152760;1.152820;1.152730;1.152740;0
20260402 043000;1.152730;1.152980;1.152720;1.152940;0
20260402 043100;1.152940;1.153060;1.152890;1.152910;0
20260402 043200;1.152910;1.152910;1.152760;1.152820;0
20260402 043300;1.152840;1.152860;1.152710;1.152850;0
20260402 043400;1.152850;1.152860;1.152780;1.152820;0
20260402 043500;1.152820;1.152870;1.152770;1.152770;0
20260402 043600;1.152760;1.152830;1.152620;1.152710;0
20260402 043700;1.152690;1.152720;1.152520;1.152520;0
20260402 043800;1.152510;1.152570;1.152460;1.152550;0
20260402 043900;1.152560;1.152800;1.152560;1.152740;0
20260402 044000;1.152740;1.152740;1.152490;1.152540;0
20260402 044100;1.152530;1.152570;1.152440;1.152460;0
20260402 044200;1.152460;1.152680;1.152450;1.152670;0
20260402 044300;1.152660;1.152770;1.152630;1.152770;0
20260402 044400;1.152760;1.152950;1.152630;1.152670;0
20260402 044500;1.152680;1.152840;1.152650;1.152830;0
20260402 044600;1.152840;1.152920;1.152710;1.152720;0
20260402 044700;1.152720;1.152720;1.152600;1.152680;0
20260402 044800;1.152690;1.152830;1.152690;1.152820;0
20260402 044900;1.152830;1.152870;1.152770;1.152780;0
20260402 045000;1.152760;1.152760;1.152610;1.152710;0
20260402 045100;1.152720;1.152720;1.152580;1.152580;0
20260402 045200;1.152570;1.152590;1.152440;1.152570;0
20260402 045300;1.152570;1.152570;1.152460;1.152540;0
20260402 045400;1.152570;1.152630;1.152570;1.152610;0
20260402 045500;1.152610;1.152680;1.152460;1.152530;0
20260402 045600;1.152520;1.152560;1.152450;1.152470;0
20260402 045700;1.152480;1.152560;1.152420;1.152450;0
20260402 045800;1.152430;1.152560;1.152420;1.152560;0
20260402 045900;1.152550;1.152550;1.152470;1.152520;0
20260402 050000;1.152530;1.152720;1.152500;1.152590;0
20260402 050100;1.152590;1.152770;1.152550;1.152740;0
20260402 050200;1.152740;1.152740;1.152570;1.152700;0
20260402 050300;1.152680;1.152690;1.152580;1.152620;0
20260402 050400;1.152610;1.152640;1.152530;1.152610;0
20260402 050500;1.152620;1.152730;1.152450;1.152710;0
20260402 050600;1.152710;1.152730;1.152630;1.152680;0
20260402 050700;1.152670;1.152710;1.152470;1.152470;0
20260402 050800;1.152480;1.152580;1.152460;1.152490;0
20260402 050900;1.152480;1.152520;1.152360;1.152420;0
20260402 051000;1.152430;1.152470;1.152370;1.152420;0
20260402 051100;1.152430;1.152640;1.152410;1.152530;0
20260402 051200;1.152540;1.152570;1.152400;1.152450;0
20260402 051300;1.152440;1.152460;1.152320;1.152330;0
20260402 051400;1.152340;1.152380;1.152320;1.152360;0
20260402 051500;1.152350;1.152530;1.152320;1.152530;0
20260402 051600;1.152510;1.152670;1.152500;1.152580;0
20260402 051700;1.152580;1.152590;1.152420;1.152470;0
20260402 051800;1.152460;1.152540;1.152370;1.152500;0
20260402 051900;1.152480;1.152480;1.152330;1.152330;0
20260402 052000;1.152320;1.152320;1.152150;1.152230;0
20260402 052100;1.152270;1.152410;1.152270;1.152340;0
20260402 052200;1.152340;1.152370;1.152270;1.152320;0
20260402 052300;1.152300;1.152370;1.152270;1.152360;0
20260402 052400;1.152370;1.152480;1.152370;1.152480;0
20260402 052500;1.152480;1.152840;1.152480;1.152770;0
20260402 052600;1.152780;1.152790;1.152680;1.152720;0
20260402 052700;1.152730;1.152770;1.152630;1.152630;0
20260402 052800;1.152630;1.152730;1.152580;1.152720;0
20260402 052900;1.152710;1.152710;1.152570;1.152670;0
20260402 053000;1.152660;1.152760;1.152580;1.152700;0
20260402 053100;1.152710;1.152890;1.152710;1.152850;0
20260402 053200;1.152840;1.152880;1.152770;1.152850;0
20260402 053300;1.152840;1.153170;1.152810;1.153110;0
20260402 053400;1.153110;1.153130;1.152930;1.153020;0
20260402 053500;1.153010;1.153010;1.152820;1.152840;0
20260402 053600;1.152840;1.153090;1.152840;1.153060;0
20260402 053700;1.153050;1.153110;1.153020;1.153040;0
20260402 053800;1.153050;1.153080;1.153030;1.153030;0
20260402 053900;1.153030;1.153030;1.152980;1.153020;0
20260402 054000;1.153020;1.153040;1.152880;1.152880;0
20260402 054100;1.152890;1.152920;1.152870;1.152890;0
20260402 054200;1.152910;1.152920;1.152780;1.152900;0
20260402 054300;1.152880;1.152880;1.152680;1.152680;0
20260402 054400;1.152660;1.152680;1.152590;1.152630;0
20260402 054500;1.152630;1.152740;1.152580;1.152730;0
20260402 054600;1.152760;1.152810;1.152670;1.152670;0
20260402 054700;1.152700;1.152720;1.152580;1.152630;0
20260402 054800;1.152640;1.152830;1.152580;1.152710;0
20260402 054900;1.152710;1.152710;1.152480;1.152490;0
20260402 055000;1.152490;1.152570;1.152490;1.152510;0
20260402 055100;1.152490;1.152620;1.152470;1.152510;0
20260402 055200;1.152520;1.152680;1.152460;1.152570;0
20260402 055300;1.152590;1.152720;1.152530;1.152720;0
20260402 055400;1.152710;1.152770;1.152600;1.152620;0
20260402 055500;1.152620;1.152720;1.152570;1.152580;0
20260402 055600;1.152600;1.152630;1.152530;1.152550;0
20260402 055700;1.152560;1.152560;1.152430;1.152480;0
20260402 055800;1.152490;1.152490;1.152370;1.152380;0
20260402 055900;1.152370;1.152650;1.152360;1.152610;0
20260402 060000;1.152630;1.152680;1.152420;1.152420;0
20260402 060100;1.152430;1.152540;1.152430;1.152500;0
20260402 060200;1.152500;1.152520;1.152210;1.152280;0
20260402 060300;1.152270;1.152450;1.152270;1.152370;0
20260402 060400;1.152370;1.152380;1.152280;1.152300;0
20260402 060500;1.152300;1.152320;1.152260;1.152300;0
20260402 060600;1.152300;1.152310;1.151970;1.151970;0
20260402 060700;1.151980;1.152080;1.151940;1.152040;0
20260402 060800;1.152050;1.152050;1.151910;1.151970;0
20260402 060900;1.151980;1.152040;1.151950;1.152020;0
20260402 061000;1.152030;1.152160;1.152030;1.152050;0
20260402 061100;1.152050;1.152050;1.151880;1.151880;0
20260402 061200;1.151890;1.151940;1.151820;1.151820;0
20260402 061300;1.151790;1.151840;1.151710;1.151710;0
20260402 061400;1.151710;1.151710;1.151530;1.151580;0
20260402 061500;1.151560;1.151590;1.151500;1.151530;0
20260402 061600;1.151530;1.151530;1.151420;1.151420;0
20260402 061700;1.151410;1.151570;1.151350;1.151520;0
20260402 061800;1.151510;1.151630;1.151510;1.151620;0
20260402 061900;1.151630;1.151650;1.151590;1.151640;0
20260402 062000;1.151630;1.151690;1.151620;1.151640;0
20260402 062100;1.151630;1.151640;1.151570;1.151580;0
20260402 062200;1.151560;1.151690;1.151530;1.151580;0
20260402 062300;1.151560;1.151630;1.151560;1.151590;0
20260402 062400;1.151580;1.151630;1.151500;1.151570;0
20260402 062500;1.151610;1.151670;1.151550;1.151580;0
20260402 062600;1.151580;1.151720;1.151580;1.151720;0
20260402 062700;1.151720;1.151720;1.151610;1.151660;0
20260402 062800;1.151660;1.151790;1.151600;1.151770;0
20260402 062900;1.151760;1.151950;1.151740;1.151930;0
20260402 063000;1.151940;1.152020;1.151890;1.151890;0
20260402 063100;1.151880;1.151940;1.151840;1.151940;0
20260402 063200;1.151920;1.151930;1.151790;1.151850;0
20260402 063300;1.151830;1.152040;1.151830;1.152040;0
20260402 063400;1.152000;1.152000;1.151820;1.151850;0
20260402 063500;1.151840;1.151880;1.151740;1.151760;0
20260402 063600;1.151790;1.151840;1.151770;1.151780;0
20260402 063700;1.151780;1.151780;1.151600;1.151620;0
20260402 063800;1.151630;1.151710;1.151610;1.151660;0
20260402 063900;1.151700;1.151720;1.151540;1.151560;0
20260402 064000;1.151560;1.151590;1.151390;1.151390;0
20260402 064100;1.151370;1.151520;1.151340;1.151350;0
20260402 064200;1.151380;1.151810;1.151380;1.151650;0
20260402 064300;1.151650;1.151760;1.151610;1.151690;0
20260402 064400;1.151690;1.151720;1.151650;1.151720;0
20260402 064500;1.151730;1.151860;1.151660;1.151770;0
20260402 064600;1.151780;1.151780;1.151660;1.151690;0
20260402 064700;1.151700;1.151720;1.151640;1.151640;0
20260402 064800;1.151650;1.151650;1.151340;1.151350;0
20260402 064900;1.151340;1.151380;1.151200;1.151210;0
20260402 065000;1.151210;1.151300;1.151120;1.151300;0
20260402 065100;1.151280;1.151280;1.151120;1.151120;0
20260402 065200;1.151130;1.151210;1.151130;1.151170;0
20260402 065300;1.151170;1.151230;1.151150;1.151210;0
20260402 065400;1.151210;1.151260;1.151100;1.151160;0
20260402 065500;1.151170;1.151340;1.151160;1.151230;0
20260402 065600;1.151230;1.151250;1.151110;1.151180;0
20260402 065700;1.151180;1.151270;1.151170;1.151240;0
20260402 065800;1.151250;1.151270;1.151220;1.151270;0
20260402 065900;1.151250;1.151260;1.151170;1.151220;0
20260402 070000;1.151250;1.151260;1.151160;1.151210;0
20260402 070100;1.151190;1.151260;1.150910;1.151140;0
20260402 070200;1.151170;1.151330;1.151160;1.151260;0
20260402 070300;1.151260;1.151300;1.151140;1.151200;0
20260402 070400;1.151170;1.151240;1.151120;1.151150;0
20260402 070500;1.151150;1.151210;1.150970;1.151010;0
20260402 070600;1.151010;1.151080;1.150950;1.150960;0
20260402 070700;1.150960;1.151050;1.150920;1.151040;0
20260402 070800;1.151050;1.151270;1.151040;1.151190;0
20260402 070900;1.151200;1.151270;1.151120;1.151140;0
20260402 071000;1.151150;1.151150;1.151050;1.151070;0
20260402 071100;1.151080;1.151090;1.150990;1.151060;0
20260402 071200;1.151060;1.151090;1.151000;1.151030;0
20260402 071300;1.151050;1.151100;1.150960;1.150970;0
20260402 071400;1.150980;1.151100;1.150900;1.151100;0
20260402 071500;1.151090;1.151130;1.151020;1.151130;0
20260402 071600;1.151120;1.151130;1.150920;1.151010;0
20260402 071700;1.151010;1.151030;1.150920;1.151030;0
20260402 071800;1.151030;1.151090;1.151010;1.151040;0
20260402 071900;1.151060;1.151140;1.151060;1.151120;0
20260402 072000;1.151110;1.151180;1.151110;1.151170;0
20260402 072100;1.151170;1.151300;1.151170;1.151180;0
20260402 072200;1.151170;1.151220;1.151090;1.151200;0
20260402 072300;1.151220;1.151260;1.151130;1.151140;0
20260402 072400;1.151120;1.151270;1.151110;1.151260;0
20260402 072500;1.151270;1.151410;1.151250;1.151370;0
20260402 072600;1.151360;1.151370;1.151280;1.151330;0
20260402 072700;1.151320;1.151340;1.151120;1.151140;0
20260402 072800;1.151130;1.151180;1.151080;1.151170;0
20260402 072900;1.151160;1.151230;1.151090;1.151130;0
20260402 073000;1.151120;1.151230;1.151030;1.151200;0
20260402 073100;1.151190;1.151390;1.151180;1.151380;0
20260402 073200;1.151380;1.151510;1.151330;1.151470;0
20260402 073300;1.151480;1.151630;1.151420;1.151630;0
20260402 073400;1.151640;1.151770;1.151550;1.151750;0
20260402 073500;1.151760;1.151830;1.151670;1.151780;0
20260402 073600;1.151770;1.151800;1.151690;1.151740;0
20260402 073700;1.151770;1.151770;1.151680;1.151720;0
20260402 073800;1.151730;1.151790;1.151610;1.151790;0
20260402 073900;1.151780;1.151780;1.151610;1.151650;0
20260402 074000;1.151630;1.151940;1.151620;1.151860;0
20260402 074100;1.151840;1.151860;1.151750;1.151820;0
20260402 074200;1.151800;1.151830;1.151720;1.151780;0
20260402 074300;1.151760;1.151780;1.151610;1.151690;0
20260402 074400;1.151680;1.151690;1.151430;1.151430;0
20260402 074500;1.151440;1.151530;1.151370;1.151480;0
20260402 074600;1.151460;1.151480;1.151380;1.151460;0
20260402 074700;1.151460;1.151580;1.151390;1.151410;0
20260402 074800;1.151410;1.151420;1.151220;1.151220;0
20260402 074900;1.151220;1.151460;1.151200;1.151430;0
20260402 075000;1.151430;1.151440;1.151270;1.151270;0
20260402 075100;1.151260;1.151400;1.151260;1.151320;0
20260402 075200;1.151350;1.151590;1.151350;1.151590;0
20260402 075300;1.151580;1.151690;1.151500;1.151690;0
20260402 075400;1.151690;1.151840;1.151650;1.151680;0
20260402 075500;1.151680;1.151680;1.151320;1.151370;0
20260402 075600;1.151340;1.151480;1.151270;1.151470;0
20260402 075700;1.151480;1.151670;1.151470;1.151610;0
20260402 075800;1.151630;1.151810;1.151630;1.151770;0
20260402 075900;1.151780;1.151880;1.151700;1.151760;0
20260402 080000;1.151770;1.151970;1.151680;1.151840;0
20260402 080100;1.151860;1.152040;1.151860;1.151960;0
20260402 080200;1.151970;1.152060;1.151840;1.152060;0
20260402 080300;1.152040;1.152440;1.152040;1.152430;0
20260402 080400;1.152440;1.152550;1.152410;1.152510;0
20260402 080500;1.152510;1.152660;1.152480;1.152530;0
20260402 080600;1.152530;1.152840;1.152530;1.152820;0
20260402 080700;1.152810;1.152890;1.152750;1.152840;0
20260402 080800;1.152820;1.152900;1.152820;1.152830;0
20260402 080900;1.152870;1.152880;1.152450;1.152520;0
20260402 081000;1.152530;1.152730;1.152480;1.152580;0
20260402 081100;1.152590;1.152610;1.152370;1.152420;0
20260402 081200;1.152420;1.152580;1.152380;1.152480;0
20260402 081300;1.152480;1.152630;1.152420;1.152570;0
20260402 081400;1.152580;1.152630;1.152530;1.152580;0
20260402 081500;1.152610;1.152610;1.152430;1.152520;0
20260402 081600;1.152520;1.152560;1.152370;1.152380;0
20260402 081700;1.152390;1.152430;1.152270;1.152310;0
20260402 081800;1.152340;1.152620;1.152320;1.152380;0
20260402 081900;1.152360;1.152360;1.152170;1.152220;0
20260402 082000;1.152190;1.152220;1.152050;1.152160;0
20260402 082100;1.152160;1.152330;1.152150;1.152210;0
20260402 082200;1.152210;1.152380;1.152210;1.152240;0
20260402 082300;1.152260;1.152440;1.152240;1.152370;0
20260402 082400;1.152370;1.152630;1.152340;1.152630;0
20260402 082500;1.152640;1.152640;1.152430;1.152440;0
20260402 082600;1.152430;1.152660;1.152400;1.152630;0
20260402 082700;1.152620;1.152670;1.152570;1.152670;0
20260402 082800;1.152650;1.152790;1.152650;1.152750;0
20260402 082900;1.152770;1.152810;1.152650;1.152660;0
20260402 083000;1.152650;1.152760;1.152430;1.152570;0
20260402 083100;1.152580;1.152580;1.152350;1.152480;0
20260402 083200;1.152490;1.152690;1.152480;1.152570;0
20260402 083300;1.152560;1.152670;1.152460;1.152490;0
20260402 083400;1.152480;1.152730;1.152470;1.152650;0
20260402 083500;1.152650;1.152740;1.152530;1.152580;0
20260402 083600;1.152570;1.152650;1.152430;1.152650;0
20260402 083700;1.152670;1.152810;1.152570;1.152580;0
20260402 083800;1.152590;1.152810;1.152580;1.152770;0
20260402 083900;1.152770;1.152850;1.152640;1.152790;0
20260402 084000;1.152780;1.152780;1.152590;1.152640;0
20260402 084100;1.152640;1.152750;1.152580;1.152750;0
20260402 084200;1.152760;1.152790;1.152640;1.152690;0
20260402 084300;1.152690;1.152740;1.152620;1.152620;0
20260402 084400;1.152620;1.152630;1.152480;1.152520;0
20260402 084500;1.152520;1.152800;1.152510;1.152720;0
20260402 084600;1.152720;1.152900;1.152580;1.152590;0
20260402 084700;1.152590;1.152660;1.152470;1.152500;0
20260402 084800;1.152510;1.152910;1.152510;1.152900;0
20260402 084900;1.152880;1.153010;1.152790;1.152860;0
20260402 085000;1.152860;1.153010;1.152860;1.152890;0
20260402 085100;1.152890;1.152980;1.152800;1.152890;0
20260402 085200;1.152910;1.153130;1.152880;1.153030;0
20260402 085300;1.153060;1.153080;1.152810;1.152840;0
20260402 085400;1.152820;1.152840;1.152650;1.152680;0
20260402 085500;1.152680;1.152790;1.152660;1.152750;0
20260402 085600;1.152740;1.152830;1.152640;1.152640;0
20260402 085700;1.152620;1.152690;1.152420;1.152420;0
20260402 085800;1.152420;1.152460;1.152240;1.152360;0
20260402 085900;1.152360;1.152480;1.152360;1.152450;0
20260402 090000;1.152450;1.152530;1.152290;1.152470;0
20260402 090100;1.152490;1.152580;1.152390;1.152500;0
20260402 090200;1.152530;1.152650;1.152440;1.152450;0
20260402 090300;1.152440;1.152950;1.152320;1.152950;0
20260402 090400;1.152950;1.152960;1.152730;1.152740;0
20260402 090500;1.152740;1.152860;1.152650;1.152800;0
20260402 090600;1.152800;1.152930;1.152660;1.152800;0
20260402 090700;1.152850;1.152970;1.152670;1.152700;0
20260402 090800;1.152700;1.152800;1.152660;1.152730;0
20260402 090900;1.152740;1.152780;1.152620;1.152650;0
20260402 091000;1.152650;1.152670;1.152400;1.152410;0
20260402 091100;1.152410;1.152480;1.152180;1.152230;0
20260402 091200;1.152230;1.152290;1.152080;1.152140;0
20260402 091300;1.152130;1.152230;1.152000;1.152210;0
20260402 091400;1.152210;1.152220;1.152030;1.152130;0
20260402 091500;1.152130;1.152580;1.152080;1.152470;0
20260402 091600;1.152490;1.152570;1.152430;1.152490;0
20260402 091700;1.152480;1.152580;1.152410;1.152580;0
20260402 091800;1.152620;1.152620;1.152460;1.152550;0
20260402 091900;1.152530;1.152530;1.152330;1.152420;0
20260402 092000;1.152420;1.152460;1.152300;1.152330;0
20260402 092100;1.152320;1.152570;1.152270;1.152450;0
20260402 092200;1.152470;1.152740;1.152460;1.152640;0
20260402 092300;1.152630;1.152630;1.152420;1.152420;0
20260402 092400;1.152420;1.152500;1.152320;1.152470;0
20260402 092500;1.152450;1.152640;1.152440;1.152580;0
20260402 092600;1.152610;1.152680;1.152590;1.152650;0
20260402 092700;1.152640;1.152790;1.152640;1.152790;0
20260402 092800;1.152800;1.152850;1.152690;1.152700;0
20260402 092900;1.152700;1.152780;1.152680;1.152720;0
20260402 093000;1.152730;1.153020;1.152700;1.152760;0
20260402 093100;1.152750;1.152980;1.152680;1.152870;0
20260402 093200;1.152870;1.152870;1.152690;1.152830;0
20260402 093300;1.152830;1.152980;1.152620;1.152880;0
20260402 093400;1.152860;1.152890;1.152550;1.152600;0
20260402 093500;1.152580;1.152640;1.152470;1.152530;0
20260402 093600;1.152530;1.152610;1.152430;1.152460;0
20260402 093700;1.152480;1.152520;1.152220;1.152380;0
20260402 093800;1.152390;1.152570;1.152310;1.152450;0
20260402 093900;1.152440;1.152440;1.152110;1.152130;0
20260402 094000;1.152120;1.152220;1.152020;1.152180;0
20260402 094100;1.152210;1.152460;1.152070;1.152430;0
20260402 094200;1.152420;1.152420;1.152120;1.152130;0
20260402 094300;1.152130;1.152220;1.152110;1.152120;0
20260402 094400;1.152140;1.152290;1.152090;1.152230;0
20260402 094500;1.152230;1.152500;1.152180;1.152390;0
20260402 094600;1.152370;1.152790;1.152370;1.152750;0
20260402 094700;1.152750;1.153080;1.152730;1.153000;0
20260402 094800;1.152980;1.152980;1.152720;1.152890;0
20260402 094900;1.152890;1.153020;1.152730;1.152970;0
20260402 095000;1.152960;1.153040;1.152830;1.152830;0
20260402 095100;1.152840;1.153080;1.152830;1.153060;0
20260402 095200;1.153060;1.153120;1.153000;1.153060;0
20260402 095300;1.153040;1.153240;1.152950;1.152950;0
20260402 095400;1.152940;1.153000;1.152770;1.152830;0
20260402 095500;1.152840;1.152930;1.152700;1.152820;0
20260402 095600;1.152830;1.152930;1.152790;1.152890;0
20260402 095700;1.152890;1.153030;1.152730;1.153020;0
20260402 095800;1.153020;1.153120;1.152970;1.153100;0
20260402 095900;1.153120;1.153180;1.153070;1.153110;0
20260402 100000;1.153120;1.153280;1.152980;1.153130;0
20260402 100100;1.153110;1.153240;1.152910;1.152970;0
20260402 100200;1.152970;1.153050;1.152840;1.152960;0
20260402 100300;1.152950;1.153080;1.152720;1.153030;0
20260402 100400;1.153030;1.153150;1.152980;1.153090;0
20260402 100500;1.153080;1.153140;1.152940;1.153100;0
20260402 100600;1.153080;1.153400;1.153030;1.153400;0
20260402 100700;1.153390;1.153460;1.153270;1.153340;0
20260402 100800;1.153330;1.153380;1.153180;1.153330;0
20260402 100900;1.153330;1.153430;1.153220;1.153230;0
20260402 101000;1.153200;1.153220;1.152850;1.153040;0
20260402 101100;1.153040;1.153270;1.153010;1.153050;0
20260402 101200;1.153040;1.153060;1.152910;1.152920;0
20260402 101300;1.152920;1.153080;1.152860;1.153020;0
20260402 101400;1.153020;1.153120;1.152990;1.153050;0
20260402 101500;1.153070;1.153230;1.153060;1.153230;0
20260402 101600;1.153210;1.153460;1.153140;1.153220;0
20260402 101700;1.153230;1.153430;1.153200;1.153410;0
20260402 101800;1.153410;1.153630;1.153360;1.153540;0
20260402 101900;1.153510;1.153640;1.153410;1.153410;0
20260402 102000;1.153410;1.153540;1.153300;1.153380;0
20260402 102100;1.153390;1.153450;1.153250;1.153270;0
20260402 102200;1.153260;1.153260;1.153010;1.153220;0
20260402 102300;1.153210;1.153310;1.153060;1.153220;0
20260402 102400;1.153220;1.153330;1.153160;1.153280;0
20260402 102500;1.153270;1.153320;1.152990;1.153080;0
20260402 102600;1.153060;1.153230;1.153030;1.153080;0
20260402 102700;1.153090;1.153090;1.152860;1.152970;0
20260402 102800;1.152970;1.153230;1.152960;1.153170;0
20260402 102900;1.153170;1.153200;1.152940;1.152990;0
20260402 103000;1.152970;1.153040;1.152780;1.152810;0
20260402 103100;1.152810;1.152980;1.152790;1.152810;0
20260402 103200;1.152800;1.152960;1.152660;1.152860;0
20260402 103300;1.152880;1.153210;1.152880;1.153120;0
20260402 103400;1.153120;1.153120;1.152900;1.152980;0
20260402 103500;1.152980;1.154180;1.152940;1.154090;0
20260402 103600;1.154060;1.156380;1.153850;1.155600;0
20260402 103700;1.155590;1.155590;1.154520;1.154540;0
20260402 103800;1.154590;1.154620;1.154140;1.154380;0
20260402 103900;1.154380;1.155580;1.154150;1.155500;0
20260402 104000;1.155490;1.155550;1.154700;1.154860;0
20260402 104100;1.154870;1.155000;1.154250;1.154330;0
20260402 104200;1.154330;1.154730;1.154310;1.154710;0
20260402 104300;1.154700;1.155010;1.154560;1.154810;0
20260402 104400;1.154810;1.155400;1.154810;1.155200;0
20260402 104500;1.155190;1.155310;1.154800;1.154820;0
20260402 104600;1.154810;1.154870;1.154460;1.154480;0
20260402 104700;1.154470;1.155000;1.154420;1.154960;0
20260402 104800;1.154950;1.155120;1.154800;1.154930;0
20260402 104900;1.154920;1.154960;1.154540;1.154600;0
20260402 105000;1.154600;1.154890;1.154510;1.154650;0
20260402 105100;1.154640;1.154650;1.154280;1.154320;0
20260402 105200;1.154320;1.154590;1.154230;1.154560;0
20260402 105300;1.154570;1.154610;1.154280;1.154410;0
20260402 105400;1.154410;1.154780;1.154370;1.154560;0
20260402 105500;1.154560;1.155200;1.154510;1.155110;0
20260402 105600;1.155110;1.155260;1.154950;1.155050;0
20260402 105700;1.155050;1.155170;1.154860;1.154870;0
20260402 105800;1.154850;1.155260;1.154850;1.155240;0
20260402 105900;1.155220;1.155260;1.155100;1.155110;0
20260402 110000;1.155120;1.155310;1.154840;1.154850;0
20260402 110100;1.154850;1.155230;1.154820;1.155190;0
20260402 110200;1.155200;1.155450;1.154870;1.154890;0
20260402 110300;1.154900;1.155580;1.154900;1.155500;0
20260402 110400;1.155480;1.155790;1.155330;1.155790;0
20260402 110500;1.155810;1.155850;1.155560;1.155630;0
20260402 110600;1.155610;1.155760;1.155500;1.155500;0
20260402 110700;1.155490;1.155520;1.155120;1.155120;0
20260402 110800;1.155130;1.155550;1.155130;1.155230;0
20260402 110900;1.155240;1.155270;1.155060;1.155220;0
20260402 111000;1.155240;1.155370;1.154990;1.155330;0
20260402 111100;1.155330;1.155370;1.155120;1.155260;0
20260402 111200;1.155260;1.155470;1.155170;1.155310;0
20260402 111300;1.155310;1.155460;1.155310;1.155440;0
20260402 111400;1.155450;1.155560;1.155280;1.155560;0
20260402 111500;1.155550;1.155640;1.155390;1.155530;0
20260402 111600;1.155550;1.155780;1.155500;1.155720;0
20260402 111700;1.155720;1.155850;1.155530;1.155550;0
20260402 111800;1.155520;1.155520;1.155240;1.155320;0
20260402 111900;1.155300;1.155340;1.155090;1.155090;0
20260402 112000;1.155090;1.155090;1.154450;1.154470;0
20260402 112100;1.154490;1.154710;1.154400;1.154570;0
20260402 112200;1.154560;1.154650;1.154410;1.154520;0
20260402 112300;1.154520;1.154520;1.154320;1.154400;0
20260402 112400;1.154410;1.154500;1.154340;1.154430;0
20260402 112500;1.154410;1.154470;1.154150;1.154440;0
20260402 112600;1.154450;1.154810;1.154440;1.154790;0
20260402 112700;1.154800;1.155120;1.154770;1.155040;0
20260402 112800;1.155050;1.155260;1.155050;1.155180;0
20260402 112900;1.155190;1.155200;1.155010;1.155020;0
20260402 113000;1.155040;1.155160;1.154800;1.154950;0
20260402 113100;1.154970;1.155040;1.154830;1.155010;0
20260402 113200;1.155020;1.155100;1.154950;1.155080;0
20260402 113300;1.155080;1.155100;1.154850;1.154990;0
20260402 113400;1.154990;1.155100;1.154790;1.155100;0
20260402 113500;1.155090;1.155170;1.154920;1.155110;0
20260402 113600;1.155110;1.155130;1.154910;1.155090;0
20260402 113700;1.155090;1.155270;1.155090;1.155220;0
20260402 113800;1.155250;1.155250;1.155040;1.155070;0
20260402 113900;1.155070;1.155080;1.154870;1.154980;0
20260402 114000;1.154970;1.154980;1.154870;1.154930;0
20260402 114100;1.154910;1.154940;1.154640;1.154770;0
20260402 114200;1.154800;1.154910;1.154680;1.154850;0
20260402 114300;1.154880;1.154950;1.154750;1.154760;0
20260402 114400;1.154760;1.155050;1.154740;1.154930;0
20260402 114500;1.154940;1.154940;1.154710;1.154750;0
20260402 114600;1.154760;1.154820;1.154610;1.154710;0
20260402 114700;1.154690;1.154690;1.154550;1.154640;0
20260402 114800;1.154640;1.154650;1.154360;1.154480;0
20260402 114900;1.154470;1.154530;1.154350;1.154410;0
20260402 115000;1.154410;1.154440;1.154300;1.154370;0
20260402 115100;1.154370;1.154440;1.154260;1.154330;0
20260402 115200;1.154350;1.154460;1.154270;1.154460;0
20260402 115300;1.154440;1.154520;1.154420;1.154440;0
20260402 115400;1.154460;1.154550;1.154380;1.154450;0
20260402 115500;1.154440;1.154500;1.154350;1.154500;0
20260402 115600;1.154520;1.154570;1.154440;1.154450;0
20260402 115700;1.154450;1.154540;1.154350;1.154510;0
20260402 115800;1.154490;1.154510;1.154360;1.154390;0
20260402 115900;1.154390;1.154550;1.154390;1.154500;0
20260402 120000;1.154500;1.154720;1.154400;1.154410;0
20260402 120100;1.154440;1.154760;1.154440;1.154700;0
20260402 120200;1.154700;1.154710;1.154520;1.154590;0
20260402 120300;1.154600;1.154610;1.154460;1.154600;0
20260402 120400;1.154590;1.154600;1.154400;1.154450;0
20260402 120500;1.154460;1.154700;1.154460;1.154540;0
20260402 120600;1.154550;1.154600;1.154450;1.154470;0
20260402 120700;1.154460;1.154460;1.154270;1.154270;0
20260402 120800;1.154270;1.154310;1.153990;1.154010;0
20260402 120900;1.154010;1.154310;1.154010;1.154260;0
20260402 121000;1.154280;1.154310;1.154100;1.154150;0
20260402 121100;1.154130;1.154240;1.154040;1.154210;0
20260402 121200;1.154210;1.154270;1.154150;1.154180;0
20260402 121300;1.154150;1.154350;1.153950;1.154310;0
20260402 121400;1.154300;1.154320;1.154170;1.154200;0
20260402 121500;1.154210;1.154410;1.154210;1.154400;0
20260402 121600;1.154420;1.154670;1.154420;1.154510;0
20260402 121700;1.154520;1.154520;1.154270;1.154350;0
20260402 121800;1.154360;1.154430;1.154320;1.154360;0
20260402 121900;1.154400;1.154430;1.154000;1.154090;0
20260402 122000;1.154090;1.154140;1.153900;1.154130;0
20260402 122100;1.154160;1.154220;1.154070;1.154130;0
20260402 122200;1.154130;1.154210;1.154090;1.154090;0
20260402 122300;1.154110;1.154170;1.154060;1.154140;0
20260402 122400;1.154170;1.154190;1.154070;1.154070;0
20260402 122500;1.154070;1.154140;1.154030;1.154060;0
20260402 122600;1.154050;1.154150;1.154040;1.154050;0
20260402 122700;1.154080;1.154240;1.154070;1.154220;0
20260402 122800;1.154250;1.154260;1.154090;1.154120;0
20260402 122900;1.154110;1.154150;1.154060;1.154100;0
20260402 123000;1.154090;1.154180;1.154000;1.154060;0
20260402 123100;1.154050;1.154220;1.154050;1.154210;0
20260402 123200;1.154240;1.154560;1.154220;1.154530;0
20260402 123300;1.154520;1.154680;1.154370;1.154470;0
20260402 123400;1.154470;1.154480;1.154190;1.154210;0
20260402 123500;1.154230;1.154380;1.154220;1.154260;0
20260402 123600;1.154260;1.154320;1.154140;1.154320;0
20260402 123700;1.154340;1.154460;1.154280;1.154440;0
20260402 123800;1.154420;1.154460;1.154050;1.154370;0
20260402 123900;1.154360;1.154470;1.154310;1.154400;0
20260402 124000;1.154390;1.154740;1.154300;1.154330;0
20260402 124100;1.154350;1.154360;1.154150;1.154210;0
20260402 124200;1.154220;1.154530;1.154190;1.154480;0
20260402 124300;1.154470;1.154510;1.154320;1.154460;0
20260402 124400;1.154470;1.154670;1.154460;1.154610;0
20260402 124500;1.154600;1.154650;1.154500;1.154590;0
20260402 124600;1.154610;1.154780;1.154530;1.154720;0
20260402 124700;1.154700;1.154740;1.154570;1.154730;0
20260402 124800;1.154710;1.154710;1.154390;1.154400;0
20260402 124900;1.154390;1.154460;1.154220;1.154390;0
20260402 125000;1.154400;1.154640;1.154390;1.154440;0
20260402 125100;1.154450;1.154500;1.154170;1.154480;0
20260402 125200;1.154500;1.154500;1.154420;1.154420;0
20260402 125300;1.154430;1.154500;1.154410;1.154430;0
20260402 125400;1.154470;1.154570;1.154410;1.154420;0
20260402 125500;1.154420;1.154470;1.154390;1.154440;0
20260402 125600;1.154440;1.154460;1.154290;1.154330;0
20260402 125700;1.154320;1.154390;1.154170;1.154190;0
20260402 125800;1.154200;1.154230;1.154130;1.154160;0
20260402 125900;1.154190;1.154290;1.153910;1.153910;0
20260402 130000;1.153910;1.154020;1.153760;1.153770;0
20260402 130100;1.153760;1.153850;1.153710;1.153770;0
20260402 130200;1.153780;1.153890;1.153780;1.153890;0
20260402 130300;1.153900;1.154160;1.153870;1.154090;0
20260402 130400;1.154080;1.154240;1.154040;1.154210;0
20260402 130500;1.154190;1.154210;1.154120;1.154160;0
20260402 130600;1.154200;1.154270;1.154090;1.154240;0
20260402 130700;1.154250;1.154380;1.154220;1.154360;0
20260402 130800;1.154360;1.154370;1.154210;1.154220;0
20260402 130900;1.154200;1.154270;1.154140;1.154230;0
20260402 131000;1.154220;1.154240;1.154120;1.154130;0
20260402 131100;1.154130;1.154250;1.154100;1.154140;0
20260402 131200;1.154140;1.154320;1.154080;1.154320;0
20260402 131300;1.154310;1.154380;1.154200;1.154340;0
20260402 131400;1.154360;1.154620;1.154360;1.154560;0
20260402 131500;1.154580;1.154690;1.154570;1.154680;0
20260402 131600;1.154660;1.154900;1.154660;1.154770;0
20260402 131700;1.154780;1.154780;1.154700;1.154740;0
20260402 131800;1.154720;1.154750;1.154510;1.154550;0
20260402 131900;1.154570;1.154600;1.154490;1.154550;0
20260402 132000;1.154540;1.154690;1.154510;1.154670;0
20260402 132100;1.154670;1.154690;1.154600;1.154660;0
20260402 132200;1.154690;1.154710;1.154600;1.154710;0
20260402 132300;1.154710;1.154910;1.154710;1.154810;0
20260402 132400;1.154820;1.154920;1.154800;1.154820;0
20260402 132500;1.154800;1.154810;1.154680;1.154710;0
20260402 132600;1.154710;1.154740;1.154600;1.154610;0
20260402 132700;1.154610;1.154610;1.154570;1.154600;0
20260402 132800;1.154610;1.154610;1.154410;1.154530;0
20260402 132900;1.154530;1.154550;1.154450;1.154480;0
20260402 133000;1.154500;1.154510;1.154330;1.154370;0
20260402 133100;1.154350;1.154400;1.154310;1.154370;0
20260402 133200;1.154390;1.154470;1.154360;1.154430;0
20260402 133300;1.154420;1.154460;1.154340;1.154380;0
20260402 133400;1.154380;1.154420;1.154320;1.154320;0
20260402 133500;1.154320;1.154320;1.154180;1.154240;0
20260402 133600;1.154240;1.154270;1.154200;1.154200;0
20260402 133700;1.154220;1.154250;1.154140;1.154180;0
20260402 133800;1.154200;1.154240;1.154140;1.154160;0
20260402 133900;1.154160;1.154330;1.154160;1.154290;0
20260402 134000;1.154300;1.154370;1.154170;1.154340;0
20260402 134100;1.154330;1.154350;1.154240;1.154240;0
20260402 134200;1.154250;1.154350;1.154150;1.154340;0
20260402 134300;1.154330;1.154370;1.154260;1.154310;0
20260402 134400;1.154320;1.154370;1.154290;1.154360;0
20260402 134500;1.154360;1.154370;1.154260;1.154260;0
20260402 134600;1.154240;1.154300;1.154190;1.154270;0
20260402 134700;1.154270;1.154270;1.154200;1.154220;0
20260402 134800;1.154190;1.154190;1.154050;1.154070;0
20260402 134900;1.154060;1.154060;1.153920;1.153990;0
20260402 135000;1.153980;1.154060;1.153970;1.154040;0
20260402 135100;1.154050;1.154100;1.154010;1.154080;0
20260402 135200;1.154050;1.154070;1.153880;1.153960;0
20260402 135300;1.153960;1.154070;1.153950;1.153970;0
20260402 135400;1.153970;1.154050;1.153960;1.154020;0
20260402 135500;1.154030;1.154090;1.153740;1.153740;0
20260402 135600;1.153720;1.153810;1.153690;1.153740;0
20260402 135700;1.153750;1.153760;1.153660;1.153720;0
20260402 135800;1.153720;1.153750;1.153620;1.153730;0
20260402 135900;1.153720;1.153790;1.153710;1.153740;0
20260402 140000;1.153760;1.153960;1.153750;1.153850;0
20260402 140100;1.153860;1.154000;1.153850;1.153910;0
20260402 140200;1.153920;1.153930;1.153680;1.153710;0
20260402 140300;1.153730;1.153850;1.153650;1.153710;0
20260402 140400;1.153700;1.153750;1.153660;1.153750;0
20260402 140500;1.153760;1.153960;1.153740;1.153820;0
20260402 140600;1.153810;1.153830;1.153690;1.153770;0
20260402 140700;1.153750;1.153760;1.153710;1.153710;0
20260402 140800;1.153760;1.153800;1.153660;1.153710;0
20260402 140900;1.153710;1.153750;1.153670;1.153680;0
20260402 141000;1.153680;1.153790;1.153680;1.153770;0
20260402 141100;1.153780;1.153790;1.153750;1.153760;0
20260402 141200;1.153720;1.153720;1.153500;1.153670;0
20260402 141300;1.153640;1.153730;1.153620;1.153720;0
20260402 141400;1.153730;1.153760;1.153700;1.153720;0
20260402 141500;1.153750;1.153750;1.153640;1.153690;0
20260402 141600;1.153700;1.153770;1.153620;1.153760;0
20260402 141700;1.153750;1.153800;1.153680;1.153790;0
20260402 141800;1.153800;1.153800;1.153750;1.153760;0
20260402 141900;1.153760;1.153790;1.153730;1.153760;0
20260402 142000;1.153760;1.153790;1.153670;1.153680;0
20260402 142100;1.153690;1.153740;1.153620;1.153620;0
20260402 142200;1.153620;1.153620;1.153560;1.153600;0
20260402 142300;1.153580;1.153600;1.153490;1.153500;0
20260402 142400;1.153520;1.153580;1.153400;1.153400;0
20260402 142500;1.153410;1.153450;1.153300;1.153430;0
20260402 142600;1.153440;1.153520;1.153440;1.153480;0
20260402 142700;1.153490;1.153500;1.153360;1.153430;0
20260402 142800;1.153420;1.153600;1.153400;1.153440;0
20260402 142900;1.153440;1.153450;1.153300;1.153360;0
20260402 143000;1.153370;1.153410;1.153300;1.153360;0
20260402 143100;1.153370;1.153390;1.153330;1.153380;0
20260402 143200;1.153370;1.153430;1.153320;1.153410;0
20260402 143300;1.153400;1.153440;1.153400;1.153400;0
20260402 143400;1.153400;1.153450;1.153400;1.153420;0
20260402 143500;1.153420;1.153500;1.153400;1.153430;0
20260402 143600;1.153410;1.153470;1.153380;1.153470;0
20260402 143700;1.153460;1.153540;1.153420;1.153530;0
20260402 143800;1.153530;1.153530;1.153450;1.153460;0
20260402 143900;1.153450;1.153460;1.153320;1.153390;0
20260402 144000;1.153390;1.153660;1.153370;1.153660;0
20260402 144100;1.153660;1.153750;1.153620;1.153710;0
20260402 144200;1.153710;1.153800;1.153700;1.153800;0
20260402 144300;1.153800;1.153800;1.153600;1.153650;0
20260402 144400;1.153640;1.153730;1.153630;1.153710;0
20260402 144500;1.153700;1.153760;1.153670;1.153730;0
20260402 144600;1.153750;1.153980;1.153750;1.153930;0
20260402 144700;1.153940;1.153960;1.153850;1.153860;0
20260402 144800;1.153820;1.153880;1.153770;1.153800;0
20260402 144900;1.153790;1.153800;1.153780;1.153780;0
20260402 145000;1.153790;1.153970;1.153720;1.153850;0
20260402 145100;1.153850;1.153870;1.153670;1.153710;0
20260402 145200;1.153720;1.153850;1.153710;1.153850;0
20260402 145300;1.153850;1.153920;1.153800;1.153920;0
20260402 145400;1.153920;1.153960;1.153840;1.153870;0
20260402 145500;1.153900;1.153910;1.153800;1.153820;0
20260402 145600;1.153810;1.153930;1.153810;1.153910;0
20260402 145700;1.153910;1.153920;1.153800;1.153830;0
20260402 145800;1.153840;1.153840;1.153770;1.153770;0
20260402 145900;1.153800;1.153800;1.153600;1.153600;0
20260402 150000;1.153630;1.153900;1.153630;1.153790;0
20260402 150100;1.153760;1.153930;1.153750;1.153900;0
20260402 150200;1.153880;1.153960;1.153840;1.153850;0
20260402 150300;1.153830;1.153850;1.153780;1.153800;0
20260402 150400;1.153790;1.153790;1.153680;1.153700;0
20260402 150500;1.153710;1.153970;1.153700;1.153950;0
20260402 150600;1.153940;1.153940;1.153830;1.153850;0
20260402 150700;1.153830;1.153870;1.153800;1.153860;0
20260402 150800;1.153850;1.153900;1.153780;1.153850;0
20260402 150900;1.153860;1.153880;1.153790;1.153840;0
20260402 151000;1.153860;1.153900;1.153850;1.153860;0
20260402 151100;1.153870;1.153970;1.153870;1.153880;0
20260402 151200;1.153870;1.153870;1.153800;1.153800;0
20260402 151300;1.153800;1.153800;1.153690;1.153790;0
20260402 151400;1.153790;1.153790;1.153700;1.153710;0
20260402 151500;1.153730;1.153740;1.153560;1.153570;0
20260402 151600;1.153550;1.153680;1.153520;1.153680;0
20260402 151700;1.153660;1.153680;1.153640;1.153650;0
20260402 151800;1.153640;1.153660;1.153620;1.153640;0
20260402 151900;1.153660;1.153760;1.153660;1.153750;0
20260402 152000;1.153740;1.153760;1.153700;1.153740;0
20260402 152100;1.153750;1.153800;1.153750;1.153780;0
20260402 152200;1.153790;1.153830;1.153710;1.153830;0
20260402 152300;1.153850;1.154370;1.153800;1.154270;0
20260402 152400;1.154270;1.154270;1.153990;1.154010;0
20260402 152500;1.154000;1.154090;1.154000;1.154040;0
20260402 152600;1.154020;1.154040;1.153940;1.153980;0
20260402 152700;1.153980;1.154000;1.153860;1.153890;0
20260402 152800;1.153880;1.153910;1.153840;1.153860;0
20260402 152900;1.153880;1.153960;1.153870;1.153930;0
20260402 153000;1.153940;1.154050;1.153900;1.154010;0
20260402 153100;1.154020;1.154050;1.153920;1.154020;0
20260402 153200;1.154020;1.154040;1.153960;1.154000;0
20260402 153300;1.153980;1.153990;1.153830;1.153830;0
20260402 153400;1.153850;1.153900;1.153810;1.153890;0
20260402 153500;1.153870;1.154000;1.153850;1.153970;0
20260402 153600;1.153950;1.154020;1.153940;1.153950;0
20260402 153700;1.153960;1.153970;1.153860;1.153860;0
20260402 153800;1.153850;1.153870;1.153790;1.153800;0
20260402 153900;1.153800;1.153910;1.153800;1.153900;0
20260402 154000;1.153900;1.153990;1.153870;1.153950;0
20260402 154100;1.153940;1.153940;1.153890;1.153910;0
20260402 154200;1.153890;1.153900;1.153820;1.153830;0
20260402 154300;1.153820;1.153860;1.153810;1.153840;0
20260402 154400;1.153820;1.153830;1.153690;1.153730;0
20260402 154500;1.153730;1.153760;1.153650;1.153700;0
20260402 154600;1.153700;1.153790;1.153700;1.153780;0
20260402 154700;1.153780;1.153790;1.153660;1.153710;0
20260402 154800;1.153720;1.153730;1.153660;1.153710;0
20260402 154900;1.153690;1.153700;1.153620;1.153630;0
20260402 155000;1.153650;1.153740;1.153650;1.153680;0
20260402 155100;1.153660;1.153740;1.153650;1.153710;0
20260402 155200;1.153720;1.153730;1.153680;1.153700;0
20260402 155300;1.153690;1.153760;1.153690;1.153710;0
20260402 155400;1.153690;1.153710;1.153630;1.153680;0
20260402 155500;1.153690;1.153830;1.153610;1.153610;0
20260402 155600;1.153590;1.153640;1.153490;1.153640;0
20260402 155700;1.153640;1.153650;1.153520;1.153540;0
20260402 155800;1.153540;1.153580;1.153410;1.153430;0
20260402 155900;1.153440;1.153470;1.153330;1.153440;0
20260402 160000;1.153450;1.153480;1.153210;1.153260;0
20260402 160100;1.153250;1.153410;1.153250;1.153360;0
20260402 160200;1.153350;1.153490;1.153280;1.153450;0
20260402 160300;1.153450;1.153480;1.153450;1.153460;0
20260402 160400;1.153480;1.153480;1.153390;1.153410;0
20260402 160500;1.153420;1.153510;1.153420;1.153440;0
20260402 160600;1.153430;1.153450;1.153430;1.153450;0
20260402 160700;1.153440;1.153480;1.153440;1.153470;0
20260402 160800;1.153450;1.153460;1.153440;1.153460;0
20260402 160900;1.153440;1.153460;1.153440;1.153450;0
20260402 161000;1.153450;1.153580;1.153450;1.153580;0
20260402 161100;1.153580;1.153610;1.153560;1.153580;0
20260402 161200;1.153590;1.153620;1.153590;1.153620;0
20260402 161300;1.153600;1.153650;1.153600;1.153640;0
20260402 161400;1.153650;1.153730;1.153630;1.153710;0
20260402 161500;1.153720;1.153730;1.153690;1.153710;0
20260402 161600;1.153700;1.153710;1.153660;1.153680;0
20260402 161700;1.153700;1.153770;1.153700;1.153700;0
20260402 161800;1.153710;1.153810;1.153710;1.153800;0
20260402 161900;1.153820;1.153820;1.153760;1.153770;0
20260402 162000;1.153800;1.153810;1.153760;1.153760;0
20260402 162100;1.153760;1.153790;1.153760;1.153770;0
20260402 162200;1.153770;1.153780;1.153750;1.153760;0
20260402 162300;1.153770;1.153780;1.153760;1.153770;0
20260402 162400;1.153790;1.153800;1.153760;1.153780;0
20260402 162500;1.153780;1.153780;1.153730;1.153750;0
20260402 162600;1.153750;1.153750;1.153700;1.153700;0
20260402 162700;1.153720;1.153760;1.153720;1.153760;0
20260402 162800;1.153750;1.153750;1.153740;1.153740;0
20260402 162900;1.153740;1.153790;1.153740;1.153790;0
20260402 163000;1.153770;1.153810;1.153760;1.153760;0
20260402 163100;1.153750;1.153750;1.153660;1.153730;0
20260402 163200;1.153730;1.153760;1.153730;1.153760;0
20260402 163300;1.153740;1.153760;1.153710;1.153710;0
20260402 163400;1.153700;1.153750;1.153700;1.153740;0
20260402 163500;1.153760;1.153820;1.153760;1.153800;0
20260402 163600;1.153810;1.153810;1.153770;1.153780;0
20260402 163700;1.153790;1.153790;1.153790;1.153790;0
20260402 163800;1.153770;1.153770;1.153740;1.153750;0
20260402 163900;1.153750;1.153760;1.153730;1.153730;0
20260402 164000;1.153720;1.153730;1.153640;1.153640;0
20260402 164100;1.153650;1.153650;1.153650;1.153650;0
20260402 164200;1.153650;1.153660;1.153650;1.153660;0
20260402 164300;1.153670;1.153680;1.153670;1.153680;0
20260402 164400;1.153700;1.153700;1.153690;1.153690;0
20260402 164500;1.153680;1.153710;1.153670;1.153690;0
20260402 164600;1.153700;1.153720;1.153680;1.153710;0
20260402 164700;1.153720;1.153800;1.153720;1.153780;0
20260402 164800;1.153780;1.153800;1.153780;1.153790;0
20260402 164900;1.153790;1.153870;1.153780;1.153860;0
20260402 165000;1.153840;1.153890;1.153820;1.153870;0
20260402 165100;1.153850;1.153860;1.153840;1.153860;0
20260402 165200;1.153850;1.153860;1.153820;1.153860;0
20260402 165300;1.153840;1.153900;1.153840;1.153850;0
20260402 165400;1.153870;1.153900;1.153870;1.153900;0
20260402 165500;1.153880;1.153930;1.153880;1.153910;0
20260402 165600;1.153900;1.153940;1.153880;1.153880;0
20260402 165700;1.153910;1.153930;1.153840;1.153840;0
20260402 165800;1.153860;1.153870;1.153810;1.153850;0
20260402 165900;1.153850;1.153930;1.153800;1.153820;0
20260402 170000;1.153810;1.153810;1.153640;1.153670;0
20260402 170100;1.153510;1.153530;1.153250;1.153250;0
20260402 170400;1.153250;1.153250;1.153150;1.153180;0
20260402 170500;1.153560;1.153560;1.153390;1.153500;0
20260402 170600;1.153510;1.153510;1.153510;1.153510;0
20260402 170700;1.153480;1.153480;1.153460;1.153470;0
20260402 170800;1.153460;1.153460;1.153460;1.153460;0
20260402 170900;1.153460;1.153460;1.153450;1.153450;0
20260402 171100;1.153380;1.153470;1.153380;1.153470;0
20260402 171200;1.153410;1.153490;1.153410;1.153490;0
20260402 171300;1.153470;1.153480;1.153470;1.153480;0
20260402 171400;1.153430;1.153430;1.153430;1.153430;0
20260402 171500;1.153430;1.153470;1.153430;1.153460;0
20260402 171600;1.153510;1.153510;1.153490;1.153490;0
20260402 171700;1.153500;1.153510;1.153500;1.153510;0
20260402 171800;1.153420;1.153420;1.153420;1.153420;0
20260402 171900;1.153500;1.153510;1.153430;1.153460;0
20260402 172000;1.153460;1.153510;1.153420;1.153510;0
20260402 172100;1.153500;1.153500;1.153490;1.153490;0
20260402 172200;1.153330;1.153340;1.153330;1.153340;0
20260402 172300;1.153350;1.153370;1.153350;1.153370;0
20260402 172400;1.153370;1.153370;1.153370;1.153370;0
20260402 172500;1.153440;1.153550;1.153440;1.153550;0
20260402 172600;1.153580;1.153580;1.153580;1.153580;0
20260402 172700;1.153590;1.153630;1.153590;1.153630;0
20260402 172800;1.153620;1.153620;1.153600;1.153620;0
20260402 172900;1.153630;1.153630;1.153480;1.153580;0
20260402 173000;1.153600;1.153620;1.153550;1.153590;0
20260402 173100;1.153480;1.153580;1.153470;1.153580;0
20260402 173200;1.153590;1.153590;1.153410;1.153520;0
20260402 173300;1.153570;1.153640;1.153460;1.153460;0
20260402 173400;1.153600;1.153610;1.153500;1.153560;0
20260402 173500;1.153610;1.153650;1.153480;1.153530;0
20260402 173600;1.153550;1.153690;1.153550;1.153690;0
20260402 173700;1.153700;1.153720;1.153620;1.153690;0
20260402 173800;1.153720;1.153820;1.153610;1.153680;0
20260402 173900;1.153830;1.153940;1.153680;1.153940;0
20260402 174000;1.153900;1.153900;1.153900;1.153900;0
20260402 174100;1.153840;1.153840;1.153620;1.153720;0
20260402 174200;1.153720;1.153740;1.153650;1.153710;0
20260402 174300;1.153700;1.153710;1.153700;1.153700;0
20260402 174400;1.153700;1.153930;1.153700;1.153830;0
20260402 174500;1.153640;1.153700;1.153610;1.153680;0
20260402 174600;1.153680;1.153740;1.153670;1.153700;0
20260402 174700;1.153700;1.153740;1.153660;1.153690;0
20260402 174800;1.153840;1.153890;1.153840;1.153880;0
20260402 174900;1.153840;1.153870;1.153830;1.153850;0
20260402 175000;1.153840;1.153890;1.153840;1.153860;0
20260402 175100;1.153840;1.153860;1.153840;1.153840;0
20260402 175200;1.153870;1.153890;1.153850;1.153890;0
20260402 175300;1.153870;1.153890;1.153860;1.153870;0
20260402 175400;1.153880;1.154050;1.153860;1.153900;0
20260402 175500;1.153890;1.153950;1.153890;1.153940;0
20260402 175600;1.153930;1.154060;1.153930;1.154060;0
20260402 175700;1.154000;1.154090;1.153980;1.154080;0
20260402 175800;1.154000;1.154080;1.153990;1.153990;0
20260402 175900;1.153990;1.153990;1.153990;1.153990;0
20260402 180000;1.154020;1.154020;1.153740;1.153750;0
20260402 180100;1.153800;1.153810;1.153680;1.153740;0
20260402 180200;1.153750;1.153800;1.153660;1.153790;0
20260402 180400;1.153800;1.153800;1.153800;1.153800;0
20260402 180500;1.153860;1.153920;1.153860;1.153890;0
20260402 180600;1.153890;1.153890;1.153860;1.153860;0
20260402 180700;1.153860;1.153880;1.153860;1.153870;0
20260402 180800;1.153860;1.153880;1.153840;1.153870;0
20260402 180900;1.153860;1.153920;1.153860;1.153920;0
20260402 181000;1.153900;1.153900;1.153890;1.153900;0
20260402 181100;1.153900;1.153900;1.153860;1.153870;0
20260402 181300;1.153850;1.153880;1.153850;1.153860;0
20260402 181400;1.153860;1.153910;1.153860;1.153890;0
20260402 181500;1.153890;1.153890;1.153850;1.153880;0
20260402 181600;1.153880;1.153890;1.153880;1.153880;0
20260402 181700;1.153880;1.153900;1.153880;1.153900;0
20260402 181800;1.153900;1.153960;1.153900;1.153960;0
20260402 181900;1.153940;1.153990;1.153940;1.153990;0
20260402 182000;1.153990;1.154000;1.153960;1.153960;0
20260402 182100;1.153940;1.153940;1.153930;1.153930;0
20260402 182200;1.153950;1.153960;1.153950;1.153950;0
20260402 182300;1.153960;1.154050;1.153960;1.154050;0
20260402 182400;1.154050;1.154050;1.154010;1.154010;0
20260402 182500;1.153980;1.153980;1.153940;1.153960;0
20260402 182600;1.153980;1.153980;1.153970;1.153970;0
20260402 182700;1.153970;1.153970;1.153920;1.153920;0
20260402 182800;1.153910;1.153910;1.153910;1.153910;0
20260402 182900;1.153940;1.153950;1.153930;1.153930;0
20260402 183000;1.153910;1.153960;1.153910;1.153930;0
20260402 183100;1.153920;1.153970;1.153910;1.153970;0
20260402 183200;1.153970;1.154010;1.153960;1.153970;0
20260402 183300;1.154000;1.154010;1.154000;1.154010;0
20260402 183400;1.153990;1.154030;1.153960;1.153970;0
20260402 183500;1.153980;1.154010;1.153970;1.153990;0
20260402 183600;1.154000;1.154020;1.153930;1.153930;0
20260402 183800;1.153930;1.153940;1.153920;1.153940;0
20260402 183900;1.153950;1.153960;1.153940;1.153940;0
20260402 184000;1.153940;1.153960;1.153940;1.153960;0
20260402 184100;1.153950;1.153950;1.153940;1.153940;0
20260402 184200;1.153940;1.153950;1.153940;1.153950;0
20260402 184300;1.153940;1.153950;1.153940;1.153940;0
20260402 184400;1.153950;1.153980;1.153930;1.153970;0
20260402 184500;1.153970;1.153970;1.153970;1.153970;0
20260402 184600;1.153930;1.153970;1.153910;1.153910;0
20260402 184700;1.153910;1.153910;1.153910;1.153910;0
20260402 184800;1.153910;1.153920;1.153910;1.153910;0
20260402 184900;1.153920;1.153930;1.153920;1.153930;0
20260402 185000;1.153940;1.154010;1.153910;1.153980;0
20260402 185100;1.153980;1.154030;1.153980;1.154020;0
20260402 185200;1.154040;1.154040;1.154030;1.154040;0
20260402 185400;1.154050;1.154060;1.153980;1.153980;0
20260402 185500;1.153960;1.153970;1.153930;1.153970;0
20260402 185600;1.153960;1.153960;1.153950;1.153950;0
20260402 185700;1.153940;1.153940;1.153930;1.153940;0
20260402 185800;1.153950;1.153980;1.153920;1.153930;0
20260402 185900;1.153960;1.153990;1.153940;1.153980;0
20260402 190000;1.153980;1.153990;1.153940;1.153940;0
20260402 190100;1.153920;1.154040;1.153920;1.154040;0
20260402 190200;1.154040;1.154090;1.154040;1.154070;0
20260402 190300;1.154050;1.154060;1.154030;1.154030;0
20260402 190400;1.154060;1.154070;1.154060;1.154070;0
20260402 190500;1.154070;1.154090;1.154040;1.154050;0
20260402 190600;1.154060;1.154060;1.154030;1.154040;0
20260402 190700;1.154040;1.154050;1.154040;1.154040;0
20260402 190800;1.154050;1.154050;1.154050;1.154050;0
20260402 190900;1.154050;1.154050;1.154040;1.154050;0
20260402 191000;1.154050;1.154060;1.154040;1.154050;0
20260402 191100;1.154050;1.154060;1.154040;1.154060;0
20260402 191200;1.154040;1.154050;1.154010;1.154010;0
20260402 191300;1.154010;1.154010;1.153990;1.154000;0
20260402 191400;1.154000;1.154030;1.154000;1.154030;0
20260402 191600;1.154020;1.154020;1.154000;1.154000;0
20260402 191700;1.154000;1.154010;1.153980;1.154010;0
20260402 191800;1.154000;1.154030;1.154000;1.154030;0
20260402 191900;1.154020;1.154030;1.154020;1.154030;0
20260402 192000;1.154040;1.154040;1.153990;1.154000;0
20260402 192100;1.154010;1.154050;1.154010;1.154040;0
20260402 192200;1.154070;1.154090;1.154060;1.154070;0
20260402 192300;1.154070;1.154100;1.154070;1.154090;0
20260402 192400;1.154110;1.154130;1.154110;1.154130;0
20260402 192500;1.154110;1.154110;1.154090;1.154090;0
20260402 192600;1.154110;1.154110;1.154110;1.154110;0
20260402 192700;1.154090;1.154100;1.154090;1.154100;0
20260402 192800;1.154120;1.154140;1.154110;1.154110;0
20260402 192900;1.154110;1.154140;1.154110;1.154140;0
20260402 193000;1.154140;1.154140;1.154140;1.154140;0
20260402 193100;1.154150;1.154170;1.154150;1.154170;0
20260402 193200;1.154170;1.154170;1.154150;1.154150;0
20260402 193300;1.154160;1.154220;1.154160;1.154220;0
20260402 193400;1.154200;1.154220;1.154200;1.154200;0
20260402 193500;1.154210;1.154290;1.154210;1.154280;0
20260402 193600;1.154270;1.154270;1.154260;1.154260;0
20260402 193700;1.154260;1.154260;1.154140;1.154150;0
20260402 193800;1.154160;1.154180;1.154160;1.154180;0
20260402 193900;1.154190;1.154220;1.154190;1.154210;0
20260402 194000;1.154230;1.154230;1.154190;1.154200;0
20260402 194100;1.154200;1.154210;1.154190;1.154190;0
20260402 194200;1.154180;1.154180;1.154110;1.154110;0
20260402 194300;1.154100;1.154130;1.154100;1.154130;0
20260402 194400;1.154130;1.154150;1.154120;1.154140;0
20260402 194500;1.154120;1.154120;1.154090;1.154120;0
20260402 194600;1.154130;1.154130;1.154120;1.154120;0
20260402 194700;1.154090;1.154100;1.154080;1.154100;0
20260402 194800;1.154090;1.154110;1.154090;1.154110;0
20260402 194900;1.154140;1.154150;1.154110;1.154130;0
20260402 195000;1.154140;1.154170;1.154130;1.154130;0
20260402 195100;1.154140;1.154140;1.154140;1.154140;0
20260402 195200;1.154130;1.154150;1.154130;1.154140;0
20260402 195300;1.154160;1.154170;1.154160;1.154160;0
20260402 195400;1.154150;1.154150;1.154120;1.154130;0
20260402 195500;1.154150;1.154150;1.154100;1.154110;0
20260402 195600;1.154140;1.154180;1.154140;1.154150;0
20260402 195700;1.154160;1.154160;1.154140;1.154140;0
20260402 195800;1.154140;1.154150;1.154140;1.154150;0
20260402 195900;1.154140;1.154140;1.154140;1.154140;0
20260402 200000;1.154140;1.154340;1.154130;1.154340;0
20260402 200100;1.154350;1.154490;1.154310;1.154450;0
20260402 200200;1.154400;1.154400;1.154330;1.154360;0
20260402 200300;1.154380;1.154400;1.154300;1.154300;0
20260402 200400;1.154320;1.154330;1.154320;1.154330;0
20260402 200500;1.154310;1.154310;1.154260;1.154300;0
20260402 200600;1.154300;1.154300;1.154280;1.154290;0
20260402 200700;1.154280;1.154340;1.154280;1.154340;0
20260402 200800;1.154320;1.154340;1.154320;1.154320;0
20260402 200900;1.154330;1.154330;1.154230;1.154230;0
20260402 201000;1.154230;1.154230;1.154180;1.154180;0
20260402 201100;1.154160;1.154170;1.154150;1.154170;0
20260402 201200;1.154170;1.154210;1.154140;1.154140;0
20260402 201300;1.154120;1.154140;1.154110;1.154140;0
20260402 201400;1.154170;1.154230;1.154170;1.154190;0
20260402 201500;1.154180;1.154200;1.154170;1.154180;0
20260402 201600;1.154200;1.154200;1.154130;1.154150;0
20260402 201700;1.154140;1.154160;1.154110;1.154110;0
20260402 201800;1.154100;1.154160;1.154090;1.154140;0
20260402 201900;1.154140;1.154150;1.154130;1.154150;0
20260402 202000;1.154120;1.154130;1.154040;1.154050;0
20260402 202100;1.154060;1.154170;1.154040;1.154140;0
20260402 202200;1.154130;1.154140;1.154100;1.154140;0
20260402 202300;1.154170;1.154180;1.154150;1.154180;0
20260402 202400;1.154170;1.154210;1.154150;1.154150;0
20260402 202500;1.154160;1.154170;1.154110;1.154110;0
20260402 202600;1.154110;1.154110;1.154080;1.154100;0
20260402 202700;1.154130;1.154210;1.154130;1.154190;0
20260402 202800;1.154190;1.154190;1.154180;1.154190;0
20260402 202900;1.154200;1.154200;1.154170;1.154200;0
20260402 203000;1.154180;1.154200;1.154160;1.154180;0
20260402 203100;1.154180;1.154250;1.154160;1.154220;0
20260402 203200;1.154220;1.154400;1.154210;1.154340;0
20260402 203300;1.154320;1.154350;1.154310;1.154330;0
20260402 203400;1.154340;1.154350;1.154330;1.154340;0
20260402 203500;1.154350;1.154370;1.154290;1.154290;0
20260402 203600;1.154280;1.154290;1.154230;1.154230;0
20260402 203700;1.154240;1.154240;1.154220;1.154220;0
20260402 203800;1.154230;1.154240;1.154160;1.154240;0
20260402 203900;1.154250;1.154250;1.154200;1.154250;0
20260402 204000;1.154270;1.154280;1.154170;1.154180;0
20260402 204100;1.154170;1.154230;1.154170;1.154220;0
20260402 204200;1.154230;1.154250;1.154200;1.154230;0
20260402 204300;1.154240;1.154290;1.154240;1.154260;0
20260402 204400;1.154250;1.154290;1.154250;1.154280;0
20260402 204500;1.154280;1.154310;1.154270;1.154270;0
20260402 204600;1.154280;1.154280;1.154270;1.154270;0
20260402 204700;1.154270;1.154300;1.154260;1.154290;0
20260402 204800;1.154280;1.154290;1.154270;1.154280;0
20260402 204900;1.154250;1.154270;1.154240;1.154260;0
20260402 205000;1.154270;1.154290;1.154250;1.154260;0
20260402 205100;1.154250;1.154250;1.154160;1.154170;0
20260402 205200;1.154180;1.154190;1.154030;1.154060;0
20260402 205300;1.154070;1.154100;1.153860;1.153890;0
20260402 205400;1.153910;1.153930;1.153840;1.153870;0
20260402 205500;1.153870;1.153890;1.153850;1.153870;0
20260402 205600;1.153860;1.153980;1.153860;1.153980;0
20260402 205700;1.153970;1.153970;1.153850;1.153860;0
20260402 205800;1.153850;1.153850;1.153800;1.153840;0
20260402 205900;1.153820;1.153840;1.153780;1.153800;0
20260402 210000;1.153810;1.153870;1.153750;1.153830;0
20260402 210100;1.153820;1.153830;1.153770;1.153770;0
20260402 210200;1.153760;1.153790;1.153730;1.153790;0
20260402 210300;1.153780;1.153890;1.153780;1.153890;0
20260402 210400;1.153880;1.153880;1.153860;1.153860;0
20260402 210500;1.153870;1.153930;1.153870;1.153930;0
20260402 210600;1.153930;1.153930;1.153870;1.153890;0
20260402 210700;1.153900;1.153940;1.153870;1.153930;0
20260402 210800;1.153920;1.153940;1.153900;1.153940;0
20260402 210900;1.153940;1.153980;1.153940;1.153960;0
20260402 211000;1.153950;1.153970;1.153950;1.153950;0
20260402 211300;1.153920;1.153940;1.153840;1.153850;0
20260402 211500;1.153830;1.153840;1.153780;1.153790;0
20260402 211600;1.153790;1.153800;1.153780;1.153780;0
20260402 211700;1.153800;1.153850;1.153790;1.153830;0
20260402 211800;1.153830;1.153830;1.153830;1.153830;0
20260402 211900;1.153830;1.153920;1.153830;1.153920;0
20260402 212000;1.153920;1.153930;1.153890;1.153910;0
20260402 212100;1.153890;1.153900;1.153810;1.153870;0
20260402 212200;1.153880;1.153930;1.153870;1.153930;0
20260402 212300;1.153930;1.153950;1.153900;1.153900;0
20260402 212400;1.153890;1.153900;1.153870;1.153870;0
20260402 212500;1.153870;1.153870;1.153860;1.153870;0
20260402 212600;1.153870;1.153890;1.153870;1.153890;0
20260402 212700;1.153900;1.153910;1.153890;1.153890;0
20260402 212800;1.153880;1.153900;1.153870;1.153900;0
20260402 212900;1.153900;1.153900;1.153850;1.153850;0
20260402 213000;1.153860;1.153880;1.153830;1.153840;0
20260402 213100;1.153870;1.153880;1.153860;1.153870;0
20260402 213200;1.153880;1.153890;1.153880;1.153890;0
20260402 213300;1.153870;1.153870;1.153820;1.153820;0
20260402 213400;1.153790;1.153800;1.153740;1.153740;0
20260402 213500;1.153740;1.153780;1.153730;1.153750;0
20260402 213600;1.153740;1.153740;1.153740;1.153740;0
20260402 213700;1.153750;1.153750;1.153730;1.153740;0
20260402 213800;1.153740;1.153770;1.153740;1.153760;0
20260402 213900;1.153740;1.153740;1.153660;1.153660;0
20260402 214000;1.153680;1.153680;1.153580;1.153590;0
20260402 214100;1.153610;1.153620;1.153530;1.153550;0
20260402 214200;1.153550;1.153550;1.153540;1.153550;0
20260402 214300;1.153560;1.153560;1.153560;1.153560;0
20260402 214400;1.153540;1.153540;1.153530;1.153530;0
20260402 214500;1.153540;1.153550;1.153500;1.153500;0
20260402 214600;1.153480;1.153480;1.153470;1.153470;0
20260402 214700;1.153520;1.153520;1.153480;1.153480;0
20260402 214900;1.153480;1.153580;1.153480;1.153570;0
20260402 215000;1.153580;1.153590;1.153560;1.153570;0
20260402 215100;1.153570;1.153570;1.153570;1.153570;0
20260402 215200;1.153570;1.153630;1.153560;1.153630;0
20260402 215300;1.153640;1.153640;1.153620;1.153620;0
20260402 215400;1.153600;1.153600;1.153570;1.153570;0
20260402 215500;1.153580;1.153580;1.153540;1.153540;0
20260402 215600;1.153550;1.153550;1.153430;1.153430;0
20260402 215700;1.153380;1.153400;1.153360;1.153390;0
20260402 215800;1.153380;1.153430;1.153370;1.153410;0
20260402 215900;1.153410;1.153500;1.153400;1.153480;0
20260402 220000;1.153480;1.153540;1.153440;1.153440;0
20260402 220100;1.153460;1.153540;1.153450;1.153540;0
20260402 220200;1.153540;1.153550;1.153530;1.153540;0
20260402 220300;1.153540;1.153550;1.153540;1.153550;0
20260402 220400;1.153540;1.153550;1.153540;1.153550;0
20260402 220500;1.153540;1.153540;1.153540;1.153540;0
20260402 220600;1.153560;1.153700;1.153560;1.153700;0
20260402 220700;1.153700;1.153720;1.153680;1.153700;0
20260402 220800;1.153690;1.153700;1.153660;1.153670;0
20260402 220900;1.153670;1.153720;1.153670;1.153720;0
20260402 221000;1.153740;1.153820;1.153720;1.153800;0
20260402 221100;1.153800;1.153800;1.153720;1.153720;0
20260402 221200;1.153730;1.153730;1.153680;1.153700;0
20260402 221300;1.153700;1.153700;1.153640;1.153640;0
20260402 221400;1.153640;1.153690;1.153630;1.153690;0
20260402 221500;1.153670;1.153690;1.153640;1.153640;0
20260402 221600;1.153630;1.153630;1.153570;1.153570;0
20260402 221700;1.153560;1.153590;1.153560;1.153570;0
20260402 221800;1.153600;1.153600;1.153550;1.153570;0
20260402 221900;1.153530;1.153530;1.153470;1.153480;0
20260402 222000;1.153450;1.153460;1.153430;1.153430;0
20260402 222100;1.153430;1.153430;1.153250;1.153290;0
20260402 222200;1.153300;1.153300;1.153210;1.153210;0
20260402 222300;1.153220;1.153240;1.153210;1.153230;0
20260402 222400;1.153260;1.153280;1.153220;1.153250;0
20260402 222500;1.153260;1.153260;1.153210;1.153230;0
20260402 222600;1.153230;1.153270;1.153230;1.153230;0
20260402 222700;1.153240;1.153250;1.153220;1.153220;0
20260402 222800;1.153250;1.153300;1.153250;1.153250;0
20260402 222900;1.153240;1.153280;1.153210;1.153210;0
20260402 223000;1.153200;1.153250;1.153200;1.153250;0
20260402 223100;1.153260;1.153320;1.153260;1.153300;0
20260402 223200;1.153320;1.153330;1.153310;1.153320;0
20260402 223300;1.153350;1.153350;1.153350;1.153350;0
20260402 223400;1.153390;1.153410;1.153370;1.153400;0
20260402 223500;1.153390;1.153400;1.153380;1.153390;0
20260402 223600;1.153440;1.153450;1.153440;1.153450;0
20260402 223700;1.153460;1.153460;1.153410;1.153440;0
20260402 223800;1.153440;1.153440;1.153400;1.153400;0
20260402 223900;1.153390;1.153390;1.153390;1.153390;0
20260402 224000;1.153380;1.153400;1.153380;1.153400;0
20260402 224100;1.153400;1.153420;1.153390;1.153400;0
20260402 224200;1.153400;1.153510;1.153400;1.153480;0
20260402 224300;1.153490;1.153500;1.153470;1.153470;0
20260402 224400;1.153450;1.153450;1.153400;1.153400;0
20260402 224500;1.153430;1.153480;1.153430;1.153480;0
20260402 224600;1.153460;1.153460;1.153440;1.153450;0
20260402 224700;1.153450;1.153450;1.153440;1.153440;0
20260402 224800;1.153440;1.153440;1.153380;1.153420;0
20260402 224900;1.153440;1.153440;1.153420;1.153440;0
20260402 225000;1.153440;1.153550;1.153440;1.153550;0
20260402 225100;1.153540;1.153580;1.153530;1.153530;0
20260402 225200;1.153500;1.153550;1.153490;1.153520;0
20260402 225300;1.153540;1.153540;1.153510;1.153530;0
20260402 225400;1.153510;1.153510;1.153500;1.153500;0
20260402 225500;1.153520;1.153540;1.153520;1.153540;0
20260402 225600;1.153580;1.153600;1.153580;1.153600;0
20260402 225700;1.153580;1.153590;1.153530;1.153540;0
20260402 225800;1.153550;1.153680;1.153550;1.153620;0
20260402 225900;1.153610;1.153610;1.153580;1.153600;0
20260402 230000;1.153600;1.153610;1.153590;1.153610;0
20260402 230100;1.153610;1.153610;1.153560;1.153560;0
20260402 230200;1.153570;1.153600;1.153570;1.153600;0
20260402 230300;1.153600;1.153600;1.153580;1.153590;0
20260402 230500;1.153620;1.153670;1.153620;1.153670;0
20260402 230600;1.153690;1.153700;1.153610;1.153610;0
20260402 230700;1.153600;1.153740;1.153600;1.153720;0
20260402 230800;1.153700;1.153700;1.153690;1.153700;0
20260402 230900;1.153670;1.153680;1.153650;1.153650;0
20260402 231000;1.153640;1.153640;1.153630;1.153630;0
20260402 231100;1.153640;1.153650;1.153640;1.153650;0
20260402 231200;1.153650;1.153650;1.153650;1.153650;0
20260402 231300;1.153630;1.153640;1.153630;1.153630;0
20260402 231400;1.153640;1.153690;1.153640;1.153680;0
20260402 231500;1.153690;1.153690;1.153680;1.153680;0
20260402 231600;1.153680;1.153680;1.153680;1.153680;0
20260402 231700;1.153690;1.153690;1.153620;1.153620;0
20260402 231900;1.153610;1.153610;1.153580;1.153590;0
20260402 232000;1.153600;1.153600;1.153590;1.153600;0
20260402 232100;1.153590;1.153590;1.153590;1.153590;0
20260402 232200;1.153590;1.153590;1.153520;1.153530;0
20260402 232300;1.153530;1.153530;1.153530;1.153530;0
20260402 232400;1.153530;1.153550;1.153530;1.153530;0
20260402 232500;1.153530;1.153550;1.153530;1.153550;0
20260402 232700;1.153540;1.153590;1.153540;1.153580;0
20260402 232800;1.153590;1.153600;1.153590;1.153600;0
20260402 232900;1.153600;1.153600;1.153590;1.153590;0
20260402 233000;1.153600;1.153600;1.153590;1.153590;0
20260402 233100;1.153600;1.153600;1.153590;1.153590;0
20260402 233200;1.153590;1.153590;1.153590;1.153590;0
20260402 233300;1.153600;1.153600;1.153590;1.153590;0
20260402 233400;1.153590;1.153590;1.153590;1.153590;0
20260402 233500;1.153590;1.153600;1.153590;1.153600;0
20260402 233600;1.153620;1.153630;1.153620;1.153630;0
20260402 233700;1.153620;1.153620;1.153580;1.153580;0
20260402 233800;1.153570;1.153580;1.153540;1.153580;0
20260402 233900;1.153580;1.153590;1.153570;1.153580;0
20260402 234000;1.153580;1.153580;1.153560;1.153570;0
20260402 234100;1.153560;1.153580;1.153550;1.153550;0
20260402 234200;1.153550;1.153550;1.153530;1.153540;0
20260402 234300;1.153550;1.153550;1.153540;1.153540;0
20260402 234400;1.153570;1.153600;1.153570;1.153590;0
20260402 234500;1.153600;1.153600;1.153530;1.153550;0
20260402 234600;1.153540;1.153570;1.153530;1.153530;0
20260402 234700;1.153540;1.153610;1.153540;1.153590;0
20260402 234800;1.153590;1.153600;1.153550;1.153560;0
20260402 234900;1.153560;1.153560;1.153560;1.153560;0
20260402 235100;1.153550;1.153550;1.153510;1.153520;0
20260402 235200;1.153500;1.153500;1.153430;1.153440;0
20260402 235300;1.153420;1.153420;1.153410;1.153410;0
20260402 235400;1.153440;1.153440;1.153440;1.153440;0
20260402 235500;1.153430;1.153490;1.153430;1.153480;0
20260402 235600;1.153480;1.153570;1.153460;1.153540;0
20260402 235700;1.153540;1.153550;1.153540;1.153550;0
20260402 235800;1.153540;1.153630;1.153540;1.153630;0
20260402 235900;1.153630;1.153640;1.153600;1.153610;0
20260403 000100;1.153610;1.153620;1.153590;1.153590;0
20260403 000200;1.153580;1.153580;1.153540;1.153540;0
20260403 000300;1.153580;1.153590;1.153560;1.153560;0
20260403 000400;1.153580;1.153590;1.153560;1.153560;0
20260403 000500;1.153540;1.153540;1.153530;1.153530;0
20260403 000600;1.153540;1.153550;1.153470;1.153470;0
20260403 000700;1.153490;1.153520;1.153480;1.153510;0
20260403 000800;1.153510;1.153520;1.153430;1.153430;0
20260403 000900;1.153430;1.153490;1.153430;1.153490;0
20260403 001000;1.153490;1.153490;1.153490;1.153490;0
20260403 001100;1.153500;1.153500;1.153490;1.153490;0
20260403 001200;1.153480;1.153480;1.153450;1.153470;0
20260403 001300;1.153490;1.153490;1.153490;1.153490;0
20260403 001400;1.153480;1.153500;1.153470;1.153480;0
20260403 001500;1.153470;1.153480;1.153440;1.153440;0
20260403 001600;1.153470;1.153480;1.153470;1.153480;0
20260403 001700;1.153480;1.153500;1.153470;1.153470;0
20260403 001800;1.153490;1.153490;1.153490;1.153490;0
20260403 001900;1.153480;1.153500;1.153480;1.153490;0
20260403 002000;1.153490;1.153490;1.153490;1.153490;0
20260403 002100;1.153490;1.153490;1.153490;1.153490;0
20260403 002200;1.153490;1.153560;1.153490;1.153540;0
20260403 002300;1.153530;1.153550;1.153500;1.153550;0
20260403 002400;1.153540;1.153550;1.153530;1.153530;0
20260403 002500;1.153580;1.153600;1.153550;1.153550;0
20260403 002600;1.153550;1.153600;1.153540;1.153600;0
20260403 002700;1.153590;1.153600;1.153580;1.153580;0
20260403 002800;1.153590;1.153590;1.153530;1.153540;0
20260403 002900;1.153530;1.153530;1.153490;1.153490;0
20260403 003000;1.153480;1.153500;1.153470;1.153490;0
20260403 003100;1.153480;1.153490;1.153440;1.153440;0
20260403 003200;1.153480;1.153520;1.153480;1.153510;0
20260403 003300;1.153520;1.153520;1.153470;1.153470;0
20260403 003400;1.153490;1.153540;1.153480;1.153530;0
20260403 003500;1.153530;1.153560;1.153530;1.153550;0
20260403 003600;1.153570;1.153570;1.153480;1.153490;0
20260403 003700;1.153480;1.153500;1.153480;1.153490;0
20260403 003800;1.153500;1.153500;1.153480;1.153500;0
20260403 003900;1.153480;1.153480;1.153420;1.153440;0
20260403 004000;1.153420;1.153470;1.153420;1.153430;0
20260403 004100;1.153430;1.153460;1.153430;1.153450;0
20260403 004200;1.153440;1.153450;1.153430;1.153440;0
20260403 004300;1.153420;1.153450;1.153410;1.153420;0
20260403 004400;1.153440;1.153440;1.153430;1.153430;0
20260403 004500;1.153440;1.153440;1.153430;1.153440;0
20260403 004600;1.153430;1.153460;1.153430;1.153440;0
20260403 004700;1.153460;1.153510;1.153440;1.153440;0
20260403 004800;1.153440;1.153460;1.153420;1.153430;0
20260403 004900;1.153410;1.153480;1.153410;1.153480;0
20260403 005000;1.153480;1.153500;1.153470;1.153490;0
20260403 005100;1.153470;1.153490;1.153390;1.153390;0
20260403 005300;1.153390;1.153410;1.153380;1.153410;0
20260403 005400;1.153400;1.153420;1.153400;1.153410;0
20260403 005500;1.153430;1.153490;1.153430;1.153470;0
20260403 005600;1.153470;1.153470;1.153450;1.153450;0
20260403 005700;1.153460;1.153480;1.153450;1.153460;0
20260403 005800;1.153460;1.153480;1.153430;1.153440;0
20260403 005900;1.153440;1.153440;1.153370;1.153380;0
20260403 010000;1.153380;1.153380;1.153320;1.153320;0
20260403 010100;1.153320;1.153320;1.153310;1.153310;0
20260403 010200;1.153320;1.153320;1.153310;1.153320;0
20260403 010300;1.153310;1.153380;1.153310;1.153370;0
20260403 010400;1.153380;1.153380;1.153380;1.153380;0
20260403 010500;1.153390;1.153400;1.153370;1.153400;0
20260403 010600;1.153410;1.153420;1.153390;1.153420;0
20260403 010700;1.153420;1.153430;1.153420;1.153420;0
20260403 010800;1.153420;1.153430;1.153420;1.153430;0
20260403 010900;1.153400;1.153400;1.153370;1.153400;0
20260403 011000;1.153410;1.153420;1.153360;1.153360;0
20260403 011100;1.153370;1.153390;1.153360;1.153360;0
20260403 011200;1.153370;1.153370;1.153370;1.153370;0
20260403 011300;1.153360;1.153360;1.153320;1.153330;0
20260403 011400;1.153340;1.153340;1.153270;1.153280;0
20260403 011500;1.153260;1.153280;1.153230;1.153230;0
20260403 011600;1.153260;1.153260;1.153090;1.153110;0
20260403 011700;1.153100;1.153110;1.153040;1.153050;0
20260403 011800;1.153050;1.153050;1.153010;1.153020;0
20260403 011900;1.153030;1.153030;1.152990;1.152990;0
20260403 012000;1.152990;1.153020;1.152990;1.153020;0
20260403 012100;1.153010;1.153020;1.153000;1.153000;0
20260403 012200;1.153010;1.153010;1.153000;1.153000;0
20260403 012300;1.152990;1.152990;1.152930;1.152960;0
20260403 012400;1.152970;1.152990;1.152970;1.152980;0
20260403 012500;1.152980;1.153020;1.152960;1.153010;0
20260403 012600;1.153020;1.153020;1.153000;1.153000;0
20260403 012700;1.153010;1.153020;1.153000;1.153000;0
20260403 012800;1.153010;1.153020;1.152990;1.153020;0
20260403 012900;1.153020;1.153070;1.153020;1.153070;0
20260403 013000;1.153060;1.153120;1.153050;1.153090;0
20260403 013100;1.153080;1.153120;1.153070;1.153080;0
20260403 013200;1.153090;1.153170;1.153090;1.153160;0
20260403 013300;1.153160;1.153170;1.153150;1.153170;0
20260403 013400;1.153170;1.153170;1.153170;1.153170;0
20260403 013500;1.153160;1.153180;1.153100;1.153160;0
20260403 013600;1.153160;1.153270;1.153150;1.153270;0
20260403 013700;1.153270;1.153280;1.153260;1.153270;0
20260403 013800;1.153290;1.153290;1.153240;1.153250;0
20260403 013900;1.153250;1.153260;1.153240;1.153250;0
20260403 014000;1.153250;1.153260;1.153240;1.153260;0
20260403 014100;1.153250;1.153270;1.153250;1.153250;0
20260403 014200;1.153250;1.153260;1.153240;1.153250;0
20260403 014400;1.153260;1.153590;1.153260;1.153570;0
20260403 014500;1.153590;1.153620;1.153550;1.153600;0
20260403 014600;1.153600;1.153640;1.153530;1.153530;0
20260403 014700;1.153540;1.153560;1.153530;1.153550;0
20260403 014800;1.153550;1.153560;1.153530;1.153540;0
20260403 014900;1.153540;1.153580;1.153530;1.153580;0
20260403 015000;1.153560;1.153610;1.153530;1.153590;0
20260403 015100;1.153600;1.153640;1.153600;1.153620;0
20260403 015200;1.153630;1.153640;1.153630;1.153630;0
20260403 015300;1.153630;1.153670;1.153570;1.153670;0
20260403 015400;1.153680;1.153690;1.153680;1.153680;0
20260403 015500;1.153670;1.153680;1.153630;1.153680;0
20260403 015600;1.153670;1.153680;1.153660;1.153680;0
20260403 015700;1.153700;1.153800;1.153670;1.153790;0
20260403 015800;1.153800;1.153810;1.153780;1.153810;0
20260403 015900;1.153790;1.153800;1.153780;1.153790;0
20260403 020000;1.153780;1.153780;1.153720;1.153780;0
20260403 020100;1.153760;1.153780;1.153760;1.153770;0
20260403 020200;1.153780;1.153790;1.153780;1.153780;0
20260403 020300;1.153780;1.153780;1.153770;1.153770;0
20260403 020400;1.153780;1.153780;1.153740;1.153740;0
20260403 020500;1.153740;1.153780;1.153740;1.153740;0
20260403 020600;1.153740;1.153740;1.153680;1.153690;0
20260403 020700;1.153680;1.153680;1.153680;1.153680;0
20260403 020800;1.153710;1.153780;1.153700;1.153780;0
20260403 020900;1.153800;1.153840;1.153800;1.153840;0
20260403 021000;1.153840;1.153860;1.153820;1.153820;0
20260403 021100;1.153820;1.153830;1.153820;1.153830;0
20260403 021200;1.153830;1.153840;1.153830;1.153830;0
20260403 021300;1.153850;1.153850;1.153850;1.153850;0
20260403 021400;1.153830;1.153830;1.153830;1.153830;0
20260403 021500;1.153810;1.153810;1.153780;1.153790;0
20260403 021600;1.153770;1.153770;1.153770;1.153770;0
20260403 021700;1.153770;1.153800;1.153760;1.153770;0
20260403 021800;1.153810;1.153830;1.153810;1.153830;0
20260403 021900;1.153830;1.153830;1.153820;1.153820;0
20260403 022000;1.153850;1.153880;1.153830;1.153880;0
20260403 022100;1.153880;1.153890;1.153870;1.153880;0
20260403 022200;1.153900;1.153900;1.153880;1.153890;0
20260403 022300;1.153880;1.153880;1.153840;1.153840;0
20260403 022400;1.153830;1.153840;1.153830;1.153830;0
20260403 022500;1.153830;1.153830;1.153760;1.153760;0
20260403 022600;1.153770;1.153770;1.153720;1.153750;0
20260403 022700;1.153740;1.153750;1.153620;1.153620;0
20260403 022800;1.153620;1.153620;1.153580;1.153590;0
20260403 022900;1.153570;1.153570;1.153540;1.153540;0
20260403 023000;1.153530;1.153610;1.153530;1.153600;0
20260403 023100;1.153590;1.153640;1.153590;1.153600;0
20260403 023200;1.153610;1.153630;1.153610;1.153620;0
20260403 023300;1.153630;1.153630;1.153620;1.153630;0
20260403 023400;1.153620;1.153620;1.153560;1.153590;0
20260403 023500;1.153570;1.153580;1.153570;1.153570;0
20260403 023600;1.153560;1.153570;1.153530;1.153530;0
20260403 023700;1.153540;1.153540;1.153520;1.153520;0
20260403 023800;1.153510;1.153540;1.153500;1.153520;0
20260403 023900;1.153570;1.153610;1.153570;1.153600;0
20260403 024000;1.153630;1.153750;1.153630;1.153750;0
20260403 024100;1.153750;1.153810;1.153750;1.153780;0
20260403 024200;1.153760;1.153890;1.153760;1.153890;0
20260403 024300;1.153880;1.153900;1.153850;1.153850;0
20260403 024400;1.153840;1.153900;1.153840;1.153900;0
20260403 024500;1.153890;1.153890;1.153770;1.153830;0
20260403 024600;1.153840;1.153940;1.153840;1.153940;0
20260403 024700;1.153930;1.153930;1.153930;1.153930;0
20260403 024800;1.153940;1.153950;1.153900;1.153910;0
20260403 024900;1.153900;1.153950;1.153900;1.153940;0
20260403 025000;1.153950;1.154050;1.153950;1.154010;0
20260403 025100;1.154010;1.154050;1.154010;1.154030;0
20260403 025200;1.154020;1.154020;1.153970;1.153980;0
20260403 025300;1.153980;1.154000;1.153980;1.153980;0
20260403 025400;1.153980;1.153980;1.153850;1.153860;0
20260403 025500;1.153870;1.153960;1.153870;1.153940;0
20260403 025600;1.153940;1.153940;1.153830;1.153860;0
20260403 025700;1.153850;1.153930;1.153840;1.153910;0
20260403 025800;1.153950;1.153960;1.153940;1.153960;0
20260403 025900;1.153970;1.154010;1.153950;1.153950;0
20260403 030000;1.153940;1.154020;1.153940;1.154020;0
20260403 030100;1.154040;1.154050;1.153990;1.153990;0
20260403 030200;1.154000;1.154090;1.154000;1.154080;0
20260403 030300;1.154090;1.154100;1.154030;1.154050;0
20260403 030400;1.154060;1.154060;1.154060;1.154060;0
20260403 030500;1.154050;1.154050;1.154050;1.154050;0
20260403 030600;1.154050;1.154050;1.154040;1.154040;0
20260403 030700;1.154050;1.154130;1.154050;1.154120;0
20260403 030800;1.154120;1.154120;1.154050;1.154090;0
20260403 030900;1.154100;1.154100;1.154070;1.154080;0
20260403 031000;1.154080;1.154090;1.154040;1.154050;0
20260403 031100;1.154080;1.154090;1.154080;1.154080;0
20260403 031200;1.154080;1.154080;1.154040;1.154040;0
20260403 031300;1.154020;1.154020;1.153990;1.153990;0
20260403 031400;1.154000;1.154130;1.154000;1.154130;0
20260403 031500;1.154120;1.154150;1.154120;1.154130;0
20260403 031600;1.154150;1.154150;1.154080;1.154110;0
20260403 031700;1.154100;1.154150;1.154090;1.154150;0
20260403 031800;1.154140;1.154140;1.154090;1.154100;0
20260403 032000;1.154090;1.154140;1.154090;1.154140;0
20260403 032100;1.154160;1.154190;1.154140;1.154190;0
20260403 032200;1.154210;1.154350;1.154210;1.154340;0
20260403 032300;1.154350;1.154370;1.154350;1.154360;0
20260403 032400;1.154370;1.154500;1.154310;1.154500;0
20260403 032500;1.154500;1.154600;1.154480;1.154590;0
20260403 032600;1.154600;1.154610;1.154490;1.154500;0
20260403 032700;1.154470;1.154470;1.154310;1.154310;0
20260403 032800;1.154370;1.154420;1.154340;1.154390;0
20260403 032900;1.154380;1.154390;1.154360;1.154370;0
20260403 033000;1.154370;1.154370;1.154240;1.154250;0
20260403 033100;1.154250;1.154310;1.154250;1.154310;0
20260403 033200;1.154310;1.154350;1.154230;1.154230;0
20260403 033300;1.154260;1.154300;1.154260;1.154280;0
20260403 033400;1.154270;1.154300;1.154240;1.154280;0
20260403 033500;1.154290;1.154340;1.154240;1.154280;0
20260403 033600;1.154280;1.154300;1.154270;1.154290;0
20260403 033700;1.154290;1.154340;1.154270;1.154340;0
20260403 033800;1.154370;1.154460;1.154270;1.154460;0
20260403 033900;1.154470;1.154500;1.154420;1.154490;0
20260403 034000;1.154480;1.154560;1.154480;1.154550;0
20260403 034100;1.154560;1.154560;1.154490;1.154510;0
20260403 034200;1.154490;1.154490;1.154440;1.154440;0
20260403 034300;1.154460;1.154610;1.154460;1.154610;0
20260403 034400;1.154590;1.154590;1.154440;1.154440;0
20260403 034500;1.154430;1.154490;1.154430;1.154480;0
20260403 034600;1.154470;1.154470;1.154380;1.154430;0
20260403 034700;1.154420;1.154440;1.154410;1.154420;0
20260403 034800;1.154430;1.154460;1.154420;1.154440;0
20260403 034900;1.154450;1.154450;1.154400;1.154430;0
20260403 035000;1.154440;1.154440;1.154430;1.154440;0
20260403 035100;1.154440;1.154440;1.154400;1.154410;0
20260403 035200;1.154400;1.154440;1.154400;1.154400;0
20260403 035300;1.154400;1.154410;1.154390;1.154390;0
20260403 035400;1.154420;1.154460;1.154390;1.154460;0
20260403 035500;1.154490;1.154510;1.154450;1.154460;0
20260403 035600;1.154450;1.154450;1.154410;1.154410;0
20260403 035700;1.154420;1.154440;1.154250;1.154290;0
20260403 035800;1.154300;1.154350;1.154290;1.154290;0
20260403 035900;1.154290;1.154300;1.154270;1.154280;0
20260403 040000;1.154270;1.154270;1.154190;1.154230;0
20260403 040100;1.154250;1.154330;1.154170;1.154330;0
20260403 040200;1.154340;1.154380;1.154300;1.154300;0
20260403 040300;1.154330;1.154360;1.154310;1.154350;0
20260403 040400;1.154370;1.154390;1.154340;1.154350;0
20260403 040500;1.154350;1.154350;1.154270;1.154290;0
20260403 040600;1.154270;1.154280;1.154260;1.154270;0
20260403 040800;1.154260;1.154260;1.154140;1.154150;0
20260403 040900;1.154150;1.154160;1.154130;1.154140;0
20260403 041000;1.154150;1.154170;1.154140;1.154170;0
20260403 041100;1.154160;1.154160;1.154140;1.154140;0
20260403 041200;1.154130;1.154170;1.154130;1.154150;0
20260403 041300;1.154150;1.154150;1.154100;1.154100;0
20260403 041400;1.154110;1.154110;1.154090;1.154110;0
20260403 041500;1.154100;1.154150;1.154100;1.154150;0
20260403 041600;1.154130;1.154130;1.154120;1.154120;0
20260403 041700;1.154110;1.154110;1.154010;1.154010;0
20260403 041800;1.154020;1.154040;1.154000;1.154020;0
20260403 041900;1.154010;1.154090;1.154010;1.154070;0
20260403 042000;1.154060;1.154100;1.154060;1.154100;0
20260403 042100;1.154140;1.154150;1.154110;1.154150;0
20260403 042200;1.154150;1.154150;1.154130;1.154150;0
20260403 042300;1.154130;1.154130;1.154130;1.154130;0
20260403 042400;1.154130;1.154200;1.154130;1.154170;0
20260403 042500;1.154190;1.154190;1.154120;1.154160;0
20260403 042600;1.154170;1.154200;1.154150;1.154170;0
20260403 042700;1.154180;1.154210;1.154150;1.154190;0
20260403 042800;1.154240;1.154250;1.154230;1.154240;0
20260403 042900;1.154240;1.154250;1.154220;1.154250;0
20260403 043000;1.154250;1.154290;1.154240;1.154280;0
20260403 043100;1.154280;1.154280;1.154230;1.154240;0
20260403 043200;1.154240;1.154300;1.154230;1.154300;0
20260403 043300;1.154300;1.154300;1.154270;1.154300;0
20260403 043400;1.154310;1.154310;1.154290;1.154290;0
20260403 043500;1.154280;1.154300;1.154260;1.154300;0
20260403 043600;1.154290;1.154360;1.154290;1.154350;0
20260403 043700;1.154330;1.154330;1.154310;1.154310;0
20260403 043900;1.154300;1.154310;1.154290;1.154290;0
20260403 044000;1.154300;1.154300;1.154290;1.154300;0
20260403 044100;1.154330;1.154340;1.154330;1.154340;0
20260403 044200;1.154350;1.154350;1.154300;1.154350;0
20260403 044300;1.154340;1.154400;1.154340;1.154400;0
20260403 044400;1.154390;1.154460;1.154390;1.154450;0
20260403 044500;1.154460;1.154460;1.154450;1.154450;0
20260403 044600;1.154440;1.154450;1.154410;1.154450;0
20260403 044700;1.154450;1.154450;1.154450;1.154450;0
20260403 044800;1.154450;1.154530;1.154450;1.154510;0
20260403 044900;1.154490;1.154490;1.154460;1.154460;0
20260403 045000;1.154460;1.154470;1.154400;1.154400;0
20260403 045100;1.154380;1.154380;1.154190;1.154210;0
20260403 045200;1.154210;1.154210;1.154150;1.154180;0
20260403 045300;1.154190;1.154290;1.154190;1.154280;0
20260403 045400;1.154290;1.154290;1.154230;1.154270;0
20260403 045500;1.154260;1.154300;1.154260;1.154280;0
20260403 045600;1.154290;1.154300;1.154240;1.154290;0
20260403 045700;1.154290;1.154330;1.154290;1.154330;0
20260403 045800;1.154330;1.154330;1.154330;1.154330;0
20260403 045900;1.154330;1.154370;1.154290;1.154290;0
20260403 050000;1.154300;1.154350;1.154230;1.154240;0
20260403 050100;1.154250;1.154250;1.154230;1.154240;0
20260403 050200;1.154250;1.154390;1.154240;1.154360;0
20260403 050300;1.154360;1.154380;1.154290;1.154310;0
20260403 050400;1.154290;1.154290;1.154240;1.154250;0
20260403 050500;1.154240;1.154260;1.154230;1.154250;0
20260403 050600;1.154220;1.154340;1.154180;1.154340;0
20260403 050700;1.154340;1.154390;1.154340;1.154350;0
20260403 050800;1.154370;1.154500;1.154360;1.154450;0
20260403 050900;1.154450;1.154510;1.154450;1.154510;0
20260403 051000;1.154510;1.154550;1.154450;1.154450;0
20260403 051100;1.154460;1.154460;1.154450;1.154450;0
20260403 051200;1.154430;1.154430;1.154370;1.154390;0
20260403 051300;1.154390;1.154390;1.154340;1.154340;0
20260403 051400;1.154390;1.154400;1.154380;1.154390;0
20260403 051500;1.154400;1.154500;1.154390;1.154500;0
20260403 051600;1.154480;1.154500;1.154440;1.154440;0
20260403 051700;1.154440;1.154440;1.154380;1.154440;0
20260403 051800;1.154440;1.154500;1.154390;1.154470;0
20260403 051900;1.154480;1.154480;1.154430;1.154460;0
20260403 052000;1.154440;1.154450;1.154440;1.154440;0
20260403 052100;1.154440;1.154440;1.154400;1.154420;0
20260403 052200;1.154410;1.154430;1.154370;1.154370;0
20260403 052300;1.154360;1.154390;1.154320;1.154340;0
20260403 052400;1.154350;1.154380;1.154340;1.154350;0
20260403 052500;1.154350;1.154350;1.154330;1.154350;0
20260403 052600;1.154350;1.154500;1.154340;1.154500;0
20260403 052700;1.154490;1.154500;1.154470;1.154490;0
20260403 052800;1.154490;1.154500;1.154470;1.154470;0
20260403 052900;1.154480;1.154500;1.154480;1.154490;0
20260403 053000;1.154500;1.154500;1.154470;1.154480;0
20260403 053100;1.154490;1.154490;1.154480;1.154480;0
20260403 053200;1.154480;1.154480;1.154290;1.154300;0
20260403 053300;1.154310;1.154390;1.154310;1.154390;0
20260403 053400;1.154390;1.154390;1.154370;1.154380;0
20260403 053500;1.154370;1.154380;1.154370;1.154370;0
20260403 053600;1.154380;1.154380;1.154280;1.154290;0
20260403 053700;1.154280;1.154290;1.154280;1.154290;0
20260403 053800;1.154300;1.154300;1.154280;1.154280;0
20260403 053900;1.154280;1.154300;1.154260;1.154300;0
20260403 054000;1.154280;1.154290;1.154240;1.154240;0
20260403 054100;1.154240;1.154250;1.154230;1.154250;0
20260403 054200;1.154230;1.154250;1.154230;1.154230;0
20260403 054300;1.154260;1.154330;1.154260;1.154330;0
20260403 054400;1.154340;1.154350;1.154250;1.154250;0
20260403 054500;1.154240;1.154240;1.154210;1.154210;0
20260403 054600;1.154200;1.154210;1.154150;1.154150;0
20260403 054700;1.154150;1.154160;1.154140;1.154140;0
20260403 054800;1.154120;1.154120;1.154050;1.154060;0
20260403 054900;1.154050;1.154110;1.154050;1.154090;0
20260403 055000;1.154110;1.154210;1.154110;1.154170;0
20260403 055100;1.154190;1.154200;1.154130;1.154140;0
20260403 055200;1.154130;1.154190;1.154130;1.154150;0
20260403 055300;1.154150;1.154240;1.154150;1.154240;0
20260403 055400;1.154260;1.154350;1.154260;1.154290;0
20260403 055500;1.154290;1.154290;1.154190;1.154240;0
20260403 055600;1.154240;1.154290;1.154240;1.154260;0
20260403 055700;1.154250;1.154250;1.154170;1.154170;0
20260403 055800;1.154180;1.154310;1.154180;1.154310;0
20260403 055900;1.154310;1.154310;1.154300;1.154300;0
20260403 060000;1.154310;1.154350;1.154290;1.154300;0
20260403 060100;1.154300;1.154300;1.154250;1.154250;0
20260403 060200;1.154240;1.154240;1.154240;1.154240;0
20260403 060300;1.154250;1.154260;1.154250;1.154260;0
20260403 060400;1.154260;1.154330;1.154250;1.154310;0
20260403 060500;1.154300;1.154300;1.154300;1.154300;0
20260403 060600;1.154320;1.154330;1.154320;1.154330;0
20260403 060700;1.154330;1.154390;1.154330;1.154380;0
20260403 060800;1.154400;1.154410;1.154370;1.154410;0
20260403 060900;1.154390;1.154410;1.154390;1.154410;0
20260403 061000;1.154400;1.154400;1.154390;1.154390;0
20260403 061100;1.154400;1.154440;1.154400;1.154410;0
20260403 061200;1.154410;1.154410;1.154390;1.154390;0
20260403 061300;1.154410;1.154410;1.154330;1.154330;0
20260403 061400;1.154350;1.154410;1.154320;1.154390;0
20260403 061500;1.154400;1.154410;1.154350;1.154380;0
20260403 061600;1.154400;1.154400;1.154300;1.154310;0
20260403 061700;1.154300;1.154310;1.154290;1.154300;0
20260403 061800;1.154290;1.154370;1.154270;1.154350;0
20260403 061900;1.154340;1.154340;1.154330;1.154330;0
20260403 062000;1.154320;1.154400;1.154320;1.154400;0
20260403 062100;1.154410;1.154430;1.154410;1.154430;0
20260403 062200;1.154420;1.154450;1.154410;1.154450;0
20260403 062300;1.154430;1.154440;1.154430;1.154440;0
20260403 062400;1.154460;1.154460;1.154410;1.154460;0
20260403 062500;1.154450;1.154450;1.154420;1.154450;0
20260403 062600;1.154440;1.154440;1.154440;1.154440;0
20260403 062700;1.154450;1.154460;1.154450;1.154460;0
20260403 062800;1.154460;1.154500;1.154460;1.154500;0
20260403 062900;1.154500;1.154500;1.154450;1.154460;0
20260403 063000;1.154450;1.154460;1.154440;1.154460;0
20260403 063100;1.154440;1.154450;1.154400;1.154410;0
20260403 063200;1.154390;1.154390;1.154300;1.154330;0
20260403 063300;1.154340;1.154340;1.154340;1.154340;0
20260403 063400;1.154360;1.154360;1.154320;1.154360;0
20260403 063500;1.154340;1.154340;1.154340;1.154340;0
20260403 063600;1.154350;1.154350;1.154340;1.154340;0
20260403 063700;1.154370;1.154370;1.154340;1.154340;0
20260403 063800;1.154350;1.154360;1.154300;1.154350;0
20260403 063900;1.154340;1.154370;1.154290;1.154290;0
20260403 064000;1.154310;1.154320;1.154280;1.154300;0
20260403 064100;1.154300;1.154300;1.154270;1.154270;0
20260403 064200;1.154270;1.154270;1.154180;1.154200;0
20260403 064300;1.154200;1.154210;1.154190;1.154200;0
20260403 064400;1.154210;1.154230;1.154200;1.154200;0
20260403 064500;1.154210;1.154390;1.154210;1.154370;0
20260403 064600;1.154380;1.154560;1.154380;1.154550;0
20260403 064700;1.154570;1.154590;1.154510;1.154530;0
20260403 064800;1.154510;1.154510;1.154450;1.154450;0
20260403 064900;1.154450;1.154480;1.154450;1.154460;0
20260403 065000;1.154470;1.154510;1.154460;1.154510;0
20260403 065100;1.154530;1.154550;1.154530;1.154540;0
20260403 065200;1.154550;1.154560;1.154540;1.154540;0
20260403 065300;1.154530;1.154740;1.154500;1.154740;0
20260403 065400;1.154740;1.154890;1.154680;1.154820;0
20260403 065500;1.154800;1.154850;1.154680;1.154690;0
20260403 065600;1.154700;1.154770;1.154700;1.154700;0
20260403 065700;1.154700;1.154700;1.154550;1.154550;0
20260403 065800;1.154570;1.154600;1.154570;1.154570;0
20260403 065900;1.154560;1.154560;1.154470;1.154470;0
20260403 070000;1.154470;1.154510;1.154470;1.154500;0
20260403 070100;1.154490;1.154550;1.154490;1.154540;0
20260403 070200;1.154520;1.154530;1.154490;1.154510;0
20260403 070300;1.154500;1.154560;1.154500;1.154560;0
20260403 070400;1.154560;1.154560;1.154530;1.154540;0
20260403 070500;1.154570;1.154600;1.154560;1.154600;0
20260403 070600;1.154580;1.154600;1.154550;1.154560;0
20260403 070700;1.154550;1.154570;1.154520;1.154570;0
20260403 070800;1.154590;1.154600;1.154560;1.154560;0
20260403 070900;1.154560;1.154630;1.154560;1.154630;0
20260403 071000;1.154630;1.154650;1.154610;1.154620;0
20260403 071100;1.154590;1.154590;1.154520;1.154530;0
20260403 071200;1.154540;1.154570;1.154540;1.154550;0
20260403 071300;1.154550;1.154560;1.154550;1.154560;0
20260403 071400;1.154520;1.154530;1.154400;1.154430;0
20260403 071500;1.154420;1.154430;1.154350;1.154400;0
20260403 071600;1.154400;1.154410;1.154380;1.154410;0
20260403 071700;1.154400;1.154410;1.154310;1.154370;0
20260403 071800;1.154350;1.154350;1.154340;1.154350;0
20260403 071900;1.154350;1.154390;1.154300;1.154390;0
20260403 072000;1.154390;1.154420;1.154390;1.154420;0
20260403 072100;1.154430;1.154470;1.154420;1.154450;0
20260403 072200;1.154470;1.154500;1.154420;1.154420;0
20260403 072300;1.154390;1.154390;1.154310;1.154340;0
20260403 072400;1.154330;1.154400;1.154330;1.154380;0
20260403 072500;1.154380;1.154390;1.154280;1.154280;0
20260403 072600;1.154280;1.154310;1.154250;1.154290;0
20260403 072700;1.154290;1.154290;1.154190;1.154200;0
20260403 072800;1.154220;1.154260;1.154220;1.154260;0
20260403 072900;1.154240;1.154300;1.154240;1.154300;0
20260403 073000;1.154300;1.154300;1.154230;1.154260;0
20260403 073100;1.154270;1.154330;1.154260;1.154320;0
20260403 073200;1.154310;1.154420;1.154280;1.154350;0
20260403 073300;1.154330;1.154330;1.154260;1.154270;0
20260403 073400;1.154280;1.154290;1.154180;1.154190;0
20260403 073500;1.154200;1.154200;1.154170;1.154170;0
20260403 073600;1.154160;1.154210;1.154120;1.154200;0
20260403 073700;1.154190;1.154250;1.154160;1.154160;0
20260403 073900;1.154170;1.154170;1.154080;1.154080;0
20260403 074000;1.154090;1.154110;1.154090;1.154110;0
20260403 074100;1.154110;1.154160;1.154090;1.154160;0
20260403 074200;1.154140;1.154150;1.154130;1.154150;0
20260403 074300;1.154140;1.154210;1.154130;1.154200;0
20260403 074400;1.154200;1.154270;1.154200;1.154250;0
20260403 074500;1.154250;1.154350;1.154250;1.154320;0
20260403 074600;1.154350;1.154390;1.154350;1.154350;0
20260403 074700;1.154360;1.154440;1.154360;1.154430;0
20260403 074800;1.154410;1.154420;1.154320;1.154320;0
20260403 074900;1.154320;1.154320;1.154270;1.154290;0
20260403 075000;1.154320;1.154370;1.154320;1.154370;0
20260403 075100;1.154350;1.154460;1.154340;1.154460;0
20260403 075200;1.154440;1.154440;1.154300;1.154300;0
20260403 075300;1.154310;1.154370;1.154300;1.154370;0
20260403 075400;1.154380;1.154420;1.154360;1.154370;0
20260403 075500;1.154380;1.154480;1.154380;1.154450;0
20260403 075600;1.154460;1.154500;1.154370;1.154400;0
20260403 075700;1.154390;1.154390;1.154320;1.154340;0
20260403 075800;1.154390;1.154430;1.154360;1.154370;0
20260403 075900;1.154370;1.154430;1.154370;1.154430;0
20260403 080000;1.154420;1.154500;1.154420;1.154470;0
20260403 080100;1.154450;1.154480;1.154380;1.154480;0
20260403 080200;1.154460;1.154510;1.154460;1.154490;0
20260403 080300;1.154490;1.154500;1.154430;1.154490;0
20260403 080400;1.154490;1.154490;1.154410;1.154440;0
20260403 080500;1.154420;1.154430;1.154370;1.154420;0
20260403 080600;1.154420;1.154430;1.154370;1.154370;0
20260403 080700;1.154370;1.154370;1.154280;1.154290;0
20260403 080800;1.154300;1.154320;1.154300;1.154310;0
20260403 080900;1.154270;1.154270;1.154080;1.154240;0
20260403 081000;1.154230;1.154250;1.154180;1.154220;0
20260403 081100;1.154220;1.154330;1.154160;1.154310;0
20260403 081200;1.154310;1.154310;1.154270;1.154270;0
20260403 081300;1.154280;1.154380;1.154270;1.154340;0
20260403 081400;1.154350;1.154390;1.154250;1.154340;0
20260403 081500;1.154350;1.154350;1.154130;1.154130;0
20260403 081600;1.154150;1.154250;1.154150;1.154210;0
20260403 081700;1.154200;1.154240;1.154190;1.154240;0
20260403 081800;1.154250;1.154310;1.154230;1.154290;0
20260403 081900;1.154310;1.154310;1.154240;1.154250;0
20260403 082000;1.154250;1.154480;1.154200;1.154380;0
20260403 082100;1.154360;1.154390;1.154280;1.154390;0
20260403 082200;1.154400;1.154430;1.154340;1.154410;0
20260403 082300;1.154430;1.154470;1.154330;1.154460;0
20260403 082400;1.154460;1.154460;1.154340;1.154380;0
20260403 082500;1.154390;1.154580;1.154370;1.154570;0
20260403 082600;1.154590;1.154590;1.154420;1.154420;0
20260403 082700;1.154440;1.154440;1.154360;1.154380;0
20260403 082800;1.154370;1.154420;1.154170;1.154180;0
20260403 082900;1.154170;1.154300;1.154130;1.154220;0
20260403 083000;1.154230;1.154230;1.151770;1.153140;0
20260403 083100;1.153170;1.153390;1.152450;1.152770;0
20260403 083200;1.152780;1.152930;1.152600;1.152640;0
20260403 083300;1.152650;1.152980;1.152620;1.152690;0
20260403 083400;1.152710;1.153280;1.152650;1.152840;0
20260403 083500;1.152820;1.152870;1.152660;1.152760;0
20260403 083600;1.152780;1.152860;1.152550;1.152660;0
20260403 083700;1.152690;1.152730;1.152530;1.152640;0
20260403 083800;1.152640;1.152830;1.152590;1.152830;0
20260403 083900;1.152850;1.153120;1.152810;1.153100;0
20260403 084000;1.153100;1.153180;1.152950;1.153160;0
20260403 084100;1.153140;1.153310;1.153010;1.153170;0
20260403 084200;1.153160;1.153220;1.153070;1.153070;0
20260403 084300;1.153050;1.153140;1.152980;1.153030;0
20260403 084400;1.153050;1.153210;1.153040;1.153180;0
20260403 084500;1.153180;1.153180;1.152860;1.152860;0
20260403 084600;1.152880;1.153280;1.152880;1.153220;0
20260403 084700;1.153250;1.153270;1.153110;1.153250;0
20260403 084800;1.153250;1.153370;1.153250;1.153350;0
20260403 084900;1.153360;1.153360;1.153110;1.153120;0
20260403 085000;1.153100;1.153130;1.152930;1.152990;0
20260403 085100;1.153020;1.153090;1.152920;1.153080;0
20260403 085200;1.153090;1.153180;1.153040;1.153140;0
20260403 085300;1.153200;1.153200;1.153100;1.153120;0
20260403 085400;1.153150;1.153240;1.153150;1.153210;0
20260403 085500;1.153200;1.153200;1.153050;1.153080;0
20260403 085600;1.153100;1.153250;1.153090;1.153250;0
20260403 085700;1.153210;1.153240;1.153180;1.153240;0
20260403 085800;1.153240;1.153240;1.153090;1.153090;0
20260403 085900;1.153090;1.153100;1.153000;1.153080;0
20260403 090000;1.153090;1.153090;1.152910;1.152930;0
20260403 090100;1.152920;1.153210;1.152910;1.153200;0
20260403 090200;1.153200;1.153200;1.153110;1.153190;0
20260403 090300;1.153200;1.153340;1.153190;1.153260;0
20260403 090400;1.153250;1.153250;1.153180;1.153220;0
20260403 090500;1.153240;1.153350;1.153240;1.153250;0
20260403 090600;1.153260;1.153260;1.153140;1.153140;0
20260403 090700;1.153140;1.153310;1.153140;1.153290;0
20260403 090800;1.153310;1.153310;1.153130;1.153140;0
20260403 090900;1.153140;1.153170;1.153130;1.153150;0
20260403 091000;1.153140;1.153410;1.153140;1.153400;0
20260403 091100;1.153430;1.153470;1.153350;1.153440;0
20260403 091200;1.153420;1.153700;1.153400;1.153650;0
20260403 091300;1.153630;1.153630;1.153450;1.153500;0
20260403 091400;1.153480;1.153820;1.153470;1.153710;0
20260403 091500;1.153690;1.153780;1.153620;1.153780;0
20260403 091600;1.153800;1.153860;1.153740;1.153770;0
20260403 091700;1.153750;1.153770;1.153590;1.153750;0
20260403 091800;1.153770;1.153780;1.153610;1.153610;0
20260403 091900;1.153600;1.153600;1.153600;1.153600;0
20260403 092000;1.153610;1.153660;1.153590;1.153600;0
20260403 092100;1.153600;1.153600;1.153410;1.153430;0
20260403 092200;1.153440;1.153450;1.153420;1.153450;0
20260403 092300;1.153430;1.153450;1.153200;1.153310;0
20260403 092400;1.153310;1.153310;1.153280;1.153290;0
20260403 092500;1.153280;1.153300;1.153220;1.153220;0
20260403 092600;1.153230;1.153240;1.153190;1.153190;0
20260403 092700;1.153200;1.153240;1.153190;1.153200;0
20260403 092800;1.153190;1.153200;1.153080;1.153100;0
20260403 092900;1.153120;1.153130;1.153080;1.153100;0
20260403 093000;1.153090;1.153120;1.153050;1.153070;0
20260403 093100;1.153080;1.153190;1.153060;1.153090;0
20260403 093200;1.153080;1.153150;1.153020;1.153150;0
20260403 093300;1.153140;1.153210;1.153100;1.153210;0
20260403 093400;1.153230;1.153260;1.153140;1.153140;0
20260403 093500;1.153130;1.153180;1.153070;1.153170;0
20260403 093600;1.153180;1.153250;1.153130;1.153180;0
20260403 093700;1.153150;1.153260;1.153140;1.153250;0
20260403 093800;1.153230;1.153230;1.152790;1.152830;0
20260403 093900;1.152830;1.152900;1.152790;1.152790;0
20260403 094000;1.152810;1.152930;1.152800;1.152930;0
20260403 094100;1.152930;1.152940;1.152920;1.152920;0
20260403 094200;1.152940;1.152960;1.152930;1.152950;0
20260403 094300;1.152950;1.153050;1.152900;1.153020;0
20260403 094400;1.153020;1.153090;1.152980;1.153070;0
20260403 094500;1.153060;1.153250;1.153040;1.153250;0
20260403 094600;1.153260;1.153300;1.153250;1.153300;0
20260403 094700;1.153340;1.153390;1.153150;1.153180;0
20260403 094800;1.153180;1.153180;1.153080;1.153090;0
20260403 094900;1.153100;1.153320;1.153100;1.153210;0
20260403 095000;1.153200;1.153240;1.153130;1.153180;0
20260403 095100;1.153180;1.153220;1.153170;1.153190;0
20260403 095200;1.153160;1.153240;1.153070;1.153080;0
20260403 095300;1.153090;1.153150;1.153090;1.153140;0
20260403 095400;1.153170;1.153190;1.153050;1.153060;0
20260403 095500;1.153060;1.153220;1.153050;1.153190;0
20260403 095600;1.153200;1.153430;1.153180;1.153350;0
20260403 095700;1.153360;1.153430;1.153350;1.153420;0
20260403 095800;1.153430;1.153560;1.153430;1.153560;0
20260403 095900;1.153550;1.153560;1.153440;1.153490;0
20260403 100000;1.153490;1.153650;1.153490;1.153540;0
20260403 100100;1.153530;1.153570;1.153310;1.153570;0
20260403 100200;1.153520;1.153520;1.153440;1.153440;0
20260403 100300;1.153450;1.153460;1.153130;1.153130;0
20260403 100400;1.153140;1.153140;1.152950;1.152950;0
20260403 100500;1.152940;1.153050;1.152920;1.152980;0
20260403 100600;1.152950;1.153080;1.152920;1.153050;0
20260403 100700;1.153060;1.153160;1.152870;1.152890;0
20260403 100800;1.152880;1.152980;1.152870;1.152930;0
20260403 100900;1.152930;1.152930;1.152910;1.152920;0
20260403 101000;1.152910;1.152910;1.152780;1.152840;0
20260403 101100;1.152820;1.152870;1.152790;1.152800;0
20260403 101200;1.152790;1.152790;1.152730;1.152730;0
20260403 101300;1.152730;1.152850;1.152670;1.152850;0
20260403 101400;1.152840;1.152840;1.152730;1.152740;0
20260403 101500;1.152740;1.152770;1.152670;1.152680;0
20260403 101600;1.152680;1.152750;1.152670;1.152750;0
20260403 101700;1.152760;1.152830;1.152730;1.152830;0
20260403 101800;1.152820;1.152820;1.152770;1.152790;0
20260403 101900;1.152790;1.152790;1.152670;1.152730;0
20260403 102000;1.152740;1.152790;1.152700;1.152700;0
20260403 102100;1.152700;1.152700;1.152660;1.152680;0
20260403 102200;1.152670;1.152710;1.152670;1.152690;0
20260403 102300;1.152670;1.152700;1.152620;1.152630;0
20260403 102400;1.152640;1.152660;1.152630;1.152630;0
20260403 102500;1.152630;1.152650;1.152440;1.152550;0
20260403 102600;1.152550;1.152550;1.152490;1.152500;0
20260403 102700;1.152500;1.152610;1.152440;1.152570;0
20260403 102800;1.152570;1.152680;1.152570;1.152660;0
20260403 102900;1.152650;1.152650;1.152590;1.152640;0
20260403 103000;1.152640;1.152700;1.152600;1.152630;0
20260403 103100;1.152640;1.152700;1.152630;1.152670;0
20260403 103200;1.152680;1.152760;1.152630;1.152760;0
20260403 103300;1.152740;1.152750;1.152630;1.152630;0
20260403 103400;1.152640;1.152700;1.152590;1.152590;0
20260403 103500;1.152570;1.152570;1.152460;1.152560;0
20260403 103600;1.152570;1.152620;1.152540;1.152540;0
20260403 103700;1.152560;1.152570;1.152530;1.152560;0
20260403 103800;1.152550;1.152550;1.152500;1.152500;0
20260403 103900;1.152500;1.152510;1.152480;1.152500;0
20260403 104000;1.152480;1.152490;1.152470;1.152480;0
20260403 104100;1.152500;1.152510;1.152480;1.152490;0
20260403 104200;1.152490;1.152690;1.152480;1.152650;0
20260403 104300;1.152650;1.152700;1.152640;1.152690;0
20260403 104400;1.152700;1.152700;1.152580;1.152580;0
20260403 104500;1.152570;1.152620;1.152490;1.152500;0
20260403 104600;1.152500;1.152590;1.152500;1.152580;0
20260403 104700;1.152580;1.152580;1.152480;1.152490;0
20260403 104800;1.152510;1.152510;1.152370;1.152380;0
20260403 104900;1.152370;1.152450;1.152370;1.152430;0
20260403 105000;1.152430;1.152480;1.152420;1.152470;0
20260403 105100;1.152470;1.152490;1.152420;1.152430;0
20260403 105200;1.152430;1.152460;1.152320;1.152350;0
20260403 105300;1.152350;1.152350;1.152240;1.152270;0
20260403 105400;1.152280;1.152280;1.152240;1.152240;0
20260403 105500;1.152250;1.152250;1.152160;1.152210;0
20260403 105600;1.152220;1.152220;1.152120;1.152190;0
20260403 105700;1.152180;1.152260;1.152180;1.152190;0
20260403 105800;1.152200;1.152230;1.152160;1.152160;0
20260403 105900;1.152160;1.152170;1.152080;1.152090;0
20260403 110000;1.152080;1.152190;1.152060;1.152190;0
20260403 110100;1.152190;1.152220;1.152140;1.152190;0
20260403 110200;1.152210;1.152310;1.152200;1.152250;0
20260403 110300;1.152230;1.152350;1.152230;1.152350;0
20260403 110400;1.152340;1.152400;1.152330;1.152380;0
20260403 110500;1.152360;1.152400;1.152320;1.152350;0
20260403 110600;1.152350;1.152360;1.152330;1.152350;0
20260403 110700;1.152360;1.152360;1.152340;1.152360;0
20260403 110800;1.152370;1.152370;1.152280;1.152280;0
20260403 110900;1.152250;1.152290;1.152240;1.152260;0
20260403 111000;1.152270;1.152270;1.152230;1.152250;0
20260403 111100;1.152250;1.152250;1.152180;1.152220;0
20260403 111200;1.152230;1.152250;1.152200;1.152240;0
20260403 111300;1.152230;1.152340;1.152230;1.152300;0
20260403 111400;1.152320;1.152530;1.152310;1.152500;0
20260403 111500;1.152520;1.152740;1.152480;1.152700;0
20260403 111600;1.152700;1.152770;1.152670;1.152690;0
20260403 111700;1.152670;1.152720;1.152530;1.152630;0
20260403 111800;1.152650;1.152660;1.152580;1.152620;0
20260403 111900;1.152610;1.152660;1.152580;1.152610;0
20260403 112000;1.152620;1.152680;1.152530;1.152650;0
20260403 112100;1.152660;1.152680;1.152500;1.152530;0
20260403 112200;1.152500;1.152540;1.152460;1.152490;0
20260403 112300;1.152490;1.152490;1.152440;1.152460;0
20260403 112400;1.152460;1.152490;1.152460;1.152470;0
20260403 112500;1.152510;1.152520;1.152460;1.152460;0
20260403 112600;1.152470;1.152490;1.152460;1.152470;0
20260403 112700;1.152480;1.152480;1.152440;1.152470;0
20260403 112800;1.152470;1.152480;1.152440;1.152450;0
20260403 112900;1.152470;1.152500;1.152440;1.152450;0
20260403 113000;1.152450;1.152510;1.152430;1.152450;0
20260403 113100;1.152450;1.152490;1.152430;1.152480;0
20260403 113200;1.152470;1.152500;1.152470;1.152490;0
20260403 113300;1.152460;1.152520;1.152460;1.152520;0
20260403 113400;1.152510;1.152530;1.152490;1.152500;0
20260403 113500;1.152480;1.152480;1.152220;1.152350;0
20260403 113600;1.152360;1.152420;1.152300;1.152340;0
20260403 113700;1.152330;1.152330;1.152310;1.152320;0
20260403 113800;1.152310;1.152330;1.152310;1.152330;0
20260403 113900;1.152330;1.152340;1.152290;1.152320;0
20260403 114000;1.152330;1.152340;1.152320;1.152320;0
20260403 114100;1.152330;1.152390;1.152310;1.152360;0
20260403 114200;1.152350;1.152360;1.152260;1.152290;0
20260403 114300;1.152310;1.152320;1.152280;1.152290;0
20260403 114400;1.152260;1.152290;1.152240;1.152270;0
20260403 114500;1.152250;1.152320;1.152240;1.152300;0
20260403 114600;1.152310;1.152350;1.152280;1.152320;0
20260403 114700;1.152320;1.152350;1.152290;1.152290;0
20260403 114800;1.152270;1.152310;1.152180;1.152230;0
20260403 114900;1.152230;1.152300;1.152230;1.152250;0
20260403 115000;1.152240;1.152250;1.152220;1.152240;0
20260403 115100;1.152250;1.152290;1.152210;1.152260;0
20260403 115200;1.152270;1.152390;1.152250;1.152360;0
20260403 115300;1.152360;1.152400;1.152350;1.152360;0
20260403 115400;1.152380;1.152410;1.152360;1.152370;0
20260403 115500;1.152370;1.152370;1.152240;1.152250;0
20260403 115600;1.152240;1.152250;1.152000;1.152020;0
20260403 115700;1.152030;1.152190;1.151980;1.152140;0
20260403 115800;1.152160;1.152170;1.152070;1.152080;0
20260403 115900;1.152090;1.152260;1.152070;1.152200;0
20260403 120000;1.152190;1.152200;1.152080;1.152200;0
20260403 120100;1.152170;1.152180;1.152040;1.152080;0
20260403 120200;1.152100;1.152120;1.152050;1.152060;0
20260403 120300;1.152100;1.152110;1.152020;1.152040;0
20260403 120400;1.152050;1.152140;1.152050;1.152060;0
20260403 120500;1.152090;1.152090;1.152040;1.152060;0
20260403 120600;1.152060;1.152060;1.152010;1.152030;0
20260403 120700;1.152030;1.152070;1.152020;1.152030;0
20260403 120800;1.152020;1.152060;1.152020;1.152030;0
20260403 120900;1.152020;1.152070;1.151990;1.152020;0
20260403 121000;1.151980;1.152150;1.151880;1.152120;0
20260403 121100;1.152110;1.152130;1.152050;1.152110;0
20260403 121200;1.152110;1.152120;1.152020;1.152060;0
20260403 121300;1.152070;1.152100;1.152020;1.152070;0
20260403 121400;1.152060;1.152090;1.152010;1.152080;0
20260403 121500;1.152050;1.152090;1.152010;1.152030;0
20260403 121600;1.152030;1.152110;1.152020;1.152080;0
20260403 121700;1.152070;1.152090;1.152040;1.152080;0
20260403 121800;1.152080;1.152090;1.151960;1.151960;0
20260403 121900;1.151960;1.152010;1.151930;1.151950;0
20260403 122000;1.151940;1.152000;1.151890;1.152000;0
20260403 122100;1.152000;1.152040;1.152000;1.152040;0
20260403 122200;1.152030;1.152050;1.151870;1.151890;0
20260403 122300;1.151880;1.151940;1.151850;1.151890;0
20260403 122400;1.151890;1.151910;1.151890;1.151910;0
20260403 122500;1.151910;1.151910;1.151910;1.151910;0
20260403 122600;1.151900;1.151900;1.151890;1.151890;0
20260403 122700;1.151890;1.151980;1.151890;1.151960;0
20260403 122800;1.151950;1.152020;1.151950;1.152010;0
20260403 122900;1.152010;1.152010;1.151990;1.151990;0
20260403 123000;1.151990;1.152080;1.151920;1.152010;0
20260403 123100;1.152010;1.152050;1.151970;1.152040;0
20260403 123200;1.152040;1.152090;1.152000;1.152040;0
20260403 123300;1.152030;1.152070;1.152020;1.152040;0
20260403 123400;1.152050;1.152080;1.151970;1.152030;0
20260403 123500;1.152030;1.152050;1.151980;1.152040;0
20260403 123600;1.152040;1.152110;1.151990;1.152030;0
20260403 123700;1.152020;1.152020;1.151990;1.152000;0
20260403 123800;1.152000;1.152020;1.151970;1.151980;0
20260403 123900;1.152000;1.152000;1.151970;1.151980;0
20260403 124000;1.152000;1.152010;1.151980;1.152000;0
20260403 124100;1.152000;1.152020;1.151960;1.151980;0
20260403 124200;1.151980;1.152020;1.151970;1.152010;0
20260403 124300;1.151990;1.152010;1.151980;1.152010;0
20260403 124400;1.151990;1.152010;1.151990;1.151990;0
20260403 124500;1.151980;1.152100;1.151980;1.152080;0
20260403 124600;1.152090;1.152110;1.152090;1.152090;0
20260403 124700;1.152100;1.152110;1.152090;1.152090;0
20260403 124800;1.152110;1.152120;1.152110;1.152110;0
20260403 124900;1.152130;1.152160;1.152100;1.152100;0
20260403 125000;1.152120;1.152120;1.152100;1.152110;0
20260403 125100;1.152140;1.152140;1.152090;1.152100;0
20260403 125200;1.152090;1.152110;1.152080;1.152100;0
20260403 125300;1.152100;1.152100;1.152060;1.152070;0
20260403 125400;1.152060;1.152090;1.152040;1.152050;0
20260403 125500;1.152050;1.152070;1.152020;1.152030;0
20260403 125600;1.152040;1.152040;1.152020;1.152030;0
20260403 125700;1.152030;1.152080;1.152030;1.152030;0
20260403 125800;1.152040;1.152070;1.152030;1.152030;0
20260403 125900;1.152020;1.152030;1.151860;1.151870;0
20260403 130000;1.151870;1.151900;1.151860;1.151890;0
20260403 130100;1.151900;1.151950;1.151890;1.151940;0
20260403 130200;1.151940;1.152000;1.151910;1.152000;0
20260403 130300;1.151960;1.152030;1.151930;1.151970;0
20260403 130400;1.151980;1.152010;1.151920;1.151970;0
20260403 130500;1.151930;1.152000;1.151850;1.151930;0
20260403 130600;1.151910;1.152010;1.151880;1.151960;0
20260403 130700;1.151990;1.152020;1.151950;1.152020;0
20260403 130800;1.152030;1.152050;1.152020;1.152050;0
20260403 130900;1.152030;1.152060;1.151930;1.151970;0
20260403 131000;1.151990;1.152050;1.151970;1.152050;0
20260403 131100;1.152040;1.152040;1.152010;1.152010;0
20260403 131200;1.152000;1.152010;1.151980;1.151980;0
20260403 131300;1.151960;1.152000;1.151870;1.151930;0
20260403 131400;1.151890;1.151920;1.151890;1.151910;0
20260403 131500;1.151930;1.151940;1.151860;1.151930;0
20260403 131600;1.151940;1.152040;1.151900;1.151970;0
20260403 131700;1.151920;1.151990;1.151880;1.151950;0
20260403 131800;1.151970;1.152040;1.151920;1.151970;0
20260403 131900;1.151980;1.152030;1.151870;1.151880;0
20260403 132000;1.151920;1.152040;1.151900;1.151930;0
20260403 132100;1.151950;1.152010;1.151900;1.151960;0
20260403 132200;1.151950;1.151950;1.151870;1.151910;0
20260403 132300;1.151900;1.151950;1.151900;1.151920;0
20260403 132400;1.151920;1.151930;1.151900;1.151930;0
20260403 132500;1.151940;1.151940;1.151910;1.151930;0
20260403 132600;1.151910;1.151940;1.151880;1.151920;0
20260403 132700;1.151920;1.151930;1.151900;1.151930;0
20260403 132800;1.151910;1.151910;1.151910;1.151910;0
20260403 132900;1.151910;1.151920;1.151880;1.151890;0
20260403 133000;1.151870;1.151890;1.151830;1.151880;0
20260403 133100;1.151860;1.151860;1.151860;1.151860;0
20260403 133200;1.151860;1.151890;1.151840;1.151890;0
20260403 133300;1.151870;1.151940;1.151870;1.151940;0
20260403 133400;1.151940;1.151960;1.151820;1.151840;0
20260403 133500;1.151850;1.151900;1.151850;1.151900;0
20260403 133600;1.151900;1.152020;1.151900;1.152000;0
20260403 133700;1.152020;1.152110;1.152010;1.152110;0
20260403 133800;1.152100;1.152130;1.152070;1.152080;0
20260403 133900;1.152100;1.152110;1.152090;1.152110;0
20260403 134000;1.152120;1.152150;1.152110;1.152140;0
20260403 134100;1.152150;1.152170;1.151910;1.151980;0
20260403 134200;1.151980;1.152070;1.151970;1.152020;0
20260403 134300;1.152030;1.152050;1.151990;1.152000;0
20260403 134400;1.152000;1.152050;1.152000;1.152050;0
20260403 134500;1.152050;1.152070;1.151950;1.151980;0
20260403 134600;1.151990;1.152030;1.151990;1.152030;0
20260403 134700;1.152010;1.152010;1.151810;1.151940;0
20260403 134800;1.151950;1.151950;1.151940;1.151950;0
20260403 134900;1.151950;1.151960;1.151840;1.151960;0
20260403 135000;1.151950;1.151970;1.151880;1.151940;0
20260403 135100;1.151950;1.151960;1.151880;1.151950;0
20260403 135200;1.151950;1.151990;1.151900;1.151930;0
20260403 135300;1.151950;1.151990;1.151870;1.151920;0
20260403 135400;1.151950;1.151970;1.151910;1.151930;0
20260403 135500;1.151940;1.151980;1.151940;1.151970;0
20260403 135600;1.151970;1.151980;1.151950;1.151950;0
20260403 135700;1.151960;1.152000;1.151920;1.151990;0
20260403 135800;1.151990;1.151990;1.151960;1.151980;0
20260403 135900;1.151960;1.151990;1.151960;1.151990;0
20260403 140000;1.151990;1.152000;1.151960;1.151990;0
20260403 140100;1.151990;1.152100;1.151990;1.152020;0
20260403 140200;1.152010;1.152110;1.151950;1.152020;0
20260403 140300;1.152010;1.152020;1.152000;1.152010;0
20260403 140400;1.152020;1.152100;1.152020;1.152080;0
20260403 140500;1.152080;1.152100;1.151920;1.151920;0
20260403 140600;1.151900;1.151910;1.151860;1.151900;0
20260403 140700;1.151870;1.151940;1.151840;1.151940;0
20260403 140800;1.151920;1.151940;1.151910;1.151930;0
20260403 140900;1.151930;1.151960;1.151870;1.151910;0
20260403 141000;1.151920;1.151950;1.151910;1.151930;0
20260403 141100;1.151940;1.151950;1.151930;1.151940;0
20260403 141200;1.151940;1.151950;1.151940;1.151950;0
20260403 141300;1.151960;1.151960;1.151940;1.151950;0
20260403 141400;1.151930;1.151950;1.151930;1.151940;0
20260403 141500;1.151940;1.151950;1.151940;1.151950;0
20260403 141600;1.151930;1.151950;1.151930;1.151950;0
20260403 141700;1.151950;1.151950;1.151950;1.151950;0
20260403 141800;1.151950;1.151950;1.151940;1.151940;0
20260403 141900;1.151940;1.151950;1.151930;1.151950;0
20260403 142000;1.151950;1.151950;1.151930;1.151940;0
20260403 142100;1.151950;1.151950;1.151940;1.151940;0
20260403 142200;1.151940;1.151940;1.151920;1.151920;0
20260403 142400;1.151920;1.151920;1.151920;1.151920;0
20260403 142500;1.151910;1.151910;1.151900;1.151900;0
20260403 142600;1.151890;1.151890;1.151880;1.151890;0
20260403 142700;1.151890;1.151900;1.151880;1.151900;0
20260403 142800;1.151900;1.151940;1.151900;1.151920;0
20260403 142900;1.151920;1.151930;1.151900;1.151900;0
20260403 143000;1.151890;1.151920;1.151860;1.151880;0
20260403 143100;1.151890;1.151900;1.151880;1.151880;0
20260403 143200;1.151880;1.151900;1.151880;1.151880;0
20260403 143300;1.151880;1.151880;1.151860;1.151860;0
20260403 143400;1.151870;1.151880;1.151870;1.151880;0
20260403 143500;1.151880;1.151880;1.151870;1.151870;0
20260403 143600;1.151870;1.151890;1.151860;1.151860;0
20260403 143700;1.151860;1.151860;1.151860;1.151860;0
20260403 143800;1.151860;1.151860;1.151690;1.151690;0
20260403 143900;1.151730;1.151740;1.151440;1.151460;0
20260403 144000;1.151460;1.151470;1.151450;1.151450;0
20260403 144100;1.151460;1.151460;1.151450;1.151460;0
20260403 144200;1.151460;1.151460;1.151440;1.151440;0
20260403 144300;1.151450;1.151680;1.151420;1.151530;0
20260403 144400;1.151550;1.151550;1.151440;1.151480;0
20260403 144500;1.151490;1.151490;1.151490;1.151490;0
20260403 144600;1.151500;1.151500;1.151490;1.151490;0
20260403 144700;1.151490;1.151490;1.151490;1.151490;0
20260403 144800;1.151470;1.151480;1.151400;1.151410;0
20260403 144900;1.151450;1.151470;1.151420;1.151460;0
20260403 145000;1.151460;1.151470;1.151440;1.151470;0
20260403 145100;1.151440;1.151480;1.151440;1.151470;0
20260403 145200;1.151460;1.151480;1.151430;1.151450;0
20260403 145300;1.151450;1.151450;1.151410;1.151420;0
20260403 145400;1.151420;1.151680;1.151420;1.151620;0
20260403 145500;1.151620;1.151630;1.151430;1.151460;0
20260403 145600;1.151460;1.151470;1.151450;1.151470;0
20260403 145700;1.151470;1.151470;1.151440;1.151460;0
20260403 145800;1.151470;1.151480;1.151460;1.151480;0
20260403 145900;1.151450;1.151460;1.151420;1.151430;0
20260403 150000;1.151430;1.151440;1.151420;1.151420;0
20260403 150100;1.151420;1.151490;1.151410;1.151490;0
20260403 150200;1.151460;1.151480;1.151460;1.151480;0
20260403 150300;1.151500;1.151500;1.151490;1.151490;0
20260403 150400;1.151490;1.151490;1.151490;1.151490;0
20260403 150600;1.151480;1.151480;1.151480;1.151480;0
20260403 150800;1.151490;1.151490;1.151440;1.151470;0
20260403 150900;1.151470;1.151470;1.151420;1.151420;0
20260403 151000;1.151450;1.151510;1.151430;1.151500;0
20260403 151100;1.151490;1.151570;1.151490;1.151570;0
20260403 151200;1.151560;1.151570;1.151520;1.151520;0
20260403 151300;1.151530;1.151530;1.151520;1.151530;0
20260403 151500;1.151540;1.151540;1.151540;1.151540;0
20260403 151700;1.151540;1.151540;1.151440;1.151460;0
20260403 151800;1.151460;1.151460;1.151450;1.151450;0
20260403 151900;1.151460;1.151460;1.151460;1.151460;0
20260403 152000;1.151460;1.151470;1.151460;1.151470;0
20260403 152100;1.151480;1.151480;1.151480;1.151480;0
20260403 152200;1.151470;1.151480;1.151470;1.151470;0
20260403 152300;1.151460;1.151470;1.151460;1.151470;0
20260403 152400;1.151460;1.151470;1.151450;1.151450;0
20260403 152500;1.151460;1.151460;1.151460;1.151460;0
20260403 152600;1.151460;1.151490;1.151460;1.151460;0
20260403 152700;1.151460;1.151470;1.151460;1.151470;0
20260403 152800;1.151480;1.151480;1.151480;1.151480;0
20260403 152900;1.151480;1.151480;1.151480;1.151480;0
20260403 153000;1.151480;1.151480;1.151480;1.151480;0
20260403 153100;1.151500;1.151500;1.151500;1.151500;0
20260403 153200;1.151500;1.151500;1.151500;1.151500;0
20260403 153500;1.151480;1.151490;1.151450;1.151490;0
20260403 153600;1.151490;1.151490;1.151440;1.151440;0
20260403 153700;1.151450;1.151490;1.151440;1.151490;0
20260403 153800;1.151500;1.151510;1.151500;1.151500;0
20260403 153900;1.151500;1.151500;1.151500;1.151500;0
20260403 154000;1.151510;1.151510;1.151450;1.151480;0
20260403 154100;1.151480;1.151480;1.151480;1.151480;0
20260403 154200;1.151480;1.151480;1.151420;1.151450;0
20260403 154300;1.151480;1.151480;1.151440;1.151480;0
20260403 154400;1.151490;1.151490;1.151440;1.151480;0
20260403 154500;1.151440;1.151440;1.151390;1.151440;0
20260403 154600;1.151440;1.151440;1.151440;1.151440;0
20260403 154700;1.151440;1.151440;1.151440;1.151440;0
20260403 154800;1.151440;1.151440;1.151440;1.151440;0
20260403 154900;1.151450;1.151450;1.151450;1.151450;0
20260403 155000;1.151420;1.151450;1.151420;1.151440;0
20260403 155100;1.151440;1.151450;1.151440;1.151450;0
20260403 155200;1.151460;1.151470;1.151460;1.151470;0
20260403 155300;1.151460;1.151460;1.151460;1.151460;0
20260403 155400;1.151470;1.151470;1.151470;1.151470;0
20260403 155500;1.151430;1.151470;1.151410;1.151410;0
20260403 155600;1.151460;1.151470;1.151400;1.151470;0
20260403 155700;1.151440;1.151470;1.151400;1.151410;0
20260403 155800;1.151470;1.151470;1.151380;1.151420;0
20260403 155900;1.151430;1.151430;1.151430;1.151430;0
20260403 160000;1.151440;1.151450;1.151420;1.151430;0
20260403 160100;1.151440;1.151460;1.151420;1.151430;0
20260403 160200;1.151450;1.151450;1.151420;1.151420;0
20260403 160300;1.151410;1.151420;1.151400;1.151400;0
20260403 160400;1.151430;1.151430;1.151410;1.151420;0
20260403 160500;1.151410;1.151410;1.151400;1.151400;0
20260403 160600;1.151420;1.151440;1.151410;1.151440;0
20260403 160700;1.151440;1.151450;1.151430;1.151430;0
20260403 160800;1.151430;1.151440;1.151430;1.151430;0
20260403 160900;1.151440;1.151690;1.151430;1.151680;0
20260403 161000;1.151680;1.152640;1.151680;1.152180;0
20260403 161100;1.152230;1.152980;1.151940;1.152040;0
20260403 161200;1.152030;1.152050;1.151660;1.151930;0
20260403 161300;1.151780;1.151940;1.151680;1.151770;0
20260403 161400;1.151760;1.151970;1.151730;1.151800;0
20260403 161500;1.151920;1.152020;1.151780;1.151930;0
20260403 161600;1.151980;1.151980;1.151730;1.151780;0
20260403 161700;1.151760;1.151880;1.151540;1.151750;0
20260403 161800;1.151540;1.151870;1.151540;1.151590;0
20260403 161900;1.151840;1.151930;1.151590;1.151670;0
20260403 162000;1.151780;1.151860;1.151570;1.151650;0
20260403 162100;1.151880;1.151900;1.151590;1.151620;0
20260403 162200;1.151820;1.151930;1.151560;1.151890;0
20260403 162300;1.151900;1.151900;1.151410;1.151800;0
20260403 162400;1.151810;1.151910;1.151800;1.151800;0
20260403 162500;1.151810;1.151810;1.151810;1.151810;0
20260403 162600;1.151610;1.151620;1.151610;1.151610;0
20260403 162700;1.151630;1.151810;1.151630;1.151770;0
20260403 162800;1.151470;1.151470;1.151450;1.151450;0
20260403 162900;1.151460;1.151460;1.151450;1.151450;0
20260403 163000;1.151510;1.151870;1.151460;1.151500;0
20260403 163100;1.151470;1.151520;1.151470;1.151510;0
20260403 163200;1.151720;1.151720;1.151430;1.151430;0
20260403 163300;1.151440;1.151440;1.151390;1.151410;0
20260403 163400;1.151390;1.151450;1.151390;1.151450;0
20260403 163500;1.151460;1.151720;1.151450;1.151450;0
20260403 163700;1.151570;1.151650;1.151560;1.151620;0
20260403 163800;1.151550;1.151710;1.151450;1.151490;0
20260403 163900;1.151480;1.151490;1.151440;1.151460;0
20260403 164000;1.151460;1.151460;1.151360;1.151360;0
20260403 164100;1.151370;1.151400;1.151300;1.151400;0
20260403 164200;1.151400;1.151450;1.151290;1.151340;0
20260403 164300;1.151490;1.151500;1.151490;1.151490;0
20260403 164400;1.151360;1.151370;1.151130;1.151140;0
20260403 164500;1.151150;1.151200;1.151130;1.151190;0
20260403 164600;1.151200;1.151200;1.151140;1.151140;0
20260403 164700;1.151140;1.151140;1.151130;1.151140;0
20260403 164800;1.151130;1.151140;1.151110;1.151110;0
20260403 164900;1.151170;1.151230;1.151130;1.151230;0
20260403 165000;1.151220;1.151230;1.151220;1.151230;0
20260403 165100;1.151230;1.151230;1.151220;1.151220;0
20260403 165200;1.151210;1.151210;1.151150;1.151150;0
20260403 165300;1.151180;1.151240;1.151180;1.151240;0
20260403 165400;1.151250;1.151270;1.151240;1.151270;0
20260403 165500;1.151270;1.151270;1.151250;1.151250;0
20260403 165600;1.151250;1.151250;1.151240;1.151240;0
20260403 165700;1.151190;1.151190;1.151190;1.151190;0
20260403 165800;1.151170;1.151170;1.151170;1.151170;0
20260403 165900;1.151050;1.151050;1.151050;1.151050;0
20260405 170000;1.152160;1.152160;1.152160;1.152160;0
20260405 170100;1.152170;1.152170;1.152170;1.152170;0
20260405 170300;1.152160;1.152160;1.152160;1.152160;0
20260405 170500;1.152200;1.152200;1.152140;1.152170;0
20260405 170600;1.152160;1.152160;1.152070;1.152080;0
20260405 170700;1.152110;1.152110;1.152110;1.152110;0
20260405 170800;1.152110;1.152110;1.152110;1.152110;0
20260405 170900;1.152120;1.152130;1.152060;1.152060;0
20260405 171000;1.152070;1.152070;1.152070;1.152070;0
20260405 171100;1.152060;1.152060;1.152060;1.152060;0
20260405 171200;1.152050;1.152050;1.152020;1.152020;0
20260405 171600;1.152040;1.152040;1.152030;1.152030;0
20260405 171700;1.152260;1.152270;1.152260;1.152270;0
20260405 171800;1.152280;1.152290;1.152270;1.152290;0
20260405 172000;1.152300;1.152300;1.152300;1.152300;0
20260405 172100;1.152290;1.152300;1.152290;1.152300;0
20260405 172200;1.152310;1.152310;1.152310;1.152310;0
20260405 172300;1.152320;1.152320;1.152320;1.152320;0
20260405 172400;1.152300;1.152300;1.152300;1.152300;0
20260405 172500;1.152310;1.152310;1.152300;1.152300;0
20260405 172700;1.152320;1.152320;1.152320;1.152320;0
20260405 172800;1.152330;1.152330;1.152330;1.152330;0
20260405 172900;1.152200;1.152200;1.152100;1.152110;0
20260405 173100;1.152120;1.152120;1.152100;1.152110;0
20260405 173200;1.152110;1.152210;1.152100;1.152210;0
20260405 173300;1.152220;1.152230;1.152220;1.152230;0
20260405 173400;1.152220;1.152230;1.152220;1.152230;0
20260405 173500;1.152240;1.152240;1.152110;1.152110;0
20260405 173600;1.152100;1.152110;1.151950;1.152020;0
20260405 173700;1.152140;1.152170;1.152010;1.152140;0
20260405 173800;1.151950;1.152020;1.151930;1.151960;0
20260405 173900;1.151930;1.151970;1.151930;1.151970;0
20260405 174000;1.151980;1.151990;1.151980;1.151980;0
20260405 174100;1.151980;1.152000;1.151970;1.152000;0
20260405 174200;1.151990;1.151990;1.151990;1.151990;0
20260405 174300;1.152010;1.152010;1.152000;1.152000;0
20260405 174400;1.152000;1.152000;1.152000;1.152000;0
20260405 174600;1.152020;1.152030;1.152020;1.152020;0
20260405 174900;1.152010;1.152010;1.152010;1.152010;0
20260405 175000;1.152020;1.152020;1.152010;1.152010;0
20260405 175100;1.152010;1.152010;1.151890;1.152010;0
20260405 175300;1.152020;1.152020;1.152020;1.152020;0
20260405 175400;1.152040;1.152040;1.152040;1.152040;0
20260405 175500;1.152020;1.152030;1.152020;1.152030;0
20260405 175900;1.152050;1.152080;1.152050;1.152060;0
20260405 180000;1.152050;1.152050;1.151820;1.151820;0
20260405 180100;1.151840;1.151850;1.151630;1.151740;0
20260405 180200;1.151750;1.151780;1.151490;1.151510;0
20260405 180300;1.151530;1.151640;1.151270;1.151280;0
20260405 180400;1.151280;1.151300;1.151010;1.151030;0
20260405 180500;1.151020;1.151040;1.150820;1.151020;0
20260405 180600;1.151050;1.151200;1.150850;1.150910;0
20260405 180700;1.150870;1.151010;1.150790;1.150900;0
20260405 180800;1.150930;1.150980;1.150770;1.150770;0
20260405 180900;1.150760;1.150790;1.150620;1.150740;0
20260405 181000;1.150730;1.150880;1.150660;1.150690;0
20260405 181100;1.150650;1.150820;1.150480;1.150640;0
20260405 181200;1.150680;1.151040;1.150680;1.150960;0
20260405 181300;1.150940;1.151120;1.150920;1.150980;0
20260405 181400;1.150950;1.151120;1.150840;1.151030;0
20260405 181500;1.151010;1.151010;1.150770;1.150840;0
20260405 181600;1.150860;1.151160;1.150860;1.151020;0
20260405 181700;1.151060;1.151150;1.150990;1.151120;0
20260405 181800;1.151130;1.151260;1.151070;1.151250;0
20260405 181900;1.151230;1.151230;1.151060;1.151110;0
20260405 182000;1.151050;1.151080;1.150880;1.150980;0
20260405 182100;1.151020;1.151110;1.150980;1.151000;0
20260405 182200;1.151010;1.151120;1.151010;1.151110;0
20260405 182300;1.151130;1.151270;1.151090;1.151180;0
20260405 182400;1.151130;1.151170;1.151010;1.151110;0
20260405 182500;1.151160;1.151160;1.151090;1.151120;0
20260405 182600;1.151090;1.151110;1.150920;1.150970;0
20260405 182700;1.150940;1.151150;1.150930;1.151140;0
20260405 182800;1.151120;1.151190;1.151120;1.151150;0
20260405 182900;1.151150;1.151150;1.151020;1.151080;0
20260405 183000;1.151060;1.151070;1.150980;1.151040;0
20260405 183100;1.151060;1.151210;1.151060;1.151210;0
20260405 183200;1.151220;1.151270;1.151140;1.151200;0
20260405 183300;1.151230;1.151230;1.151020;1.151100;0
20260405 183400;1.151110;1.151130;1.150990;1.151060;0
20260405 183500;1.151050;1.151050;1.150930;1.150970;0
20260405 183600;1.150980;1.151200;1.150920;1.151170;0
20260405 183700;1.151150;1.151150;1.151020;1.151090;0
20260405 183800;1.151070;1.151230;1.151070;1.151180;0
20260405 183900;1.151160;1.151230;1.151140;1.151190;0
20260405 184000;1.151200;1.151200;1.151080;1.151100;0
20260405 184100;1.151090;1.151160;1.151000;1.151140;0
20260405 184200;1.151130;1.151130;1.151060;1.151110;0
20260405 184300;1.151100;1.151120;1.151060;1.151070;0
20260405 184400;1.151100;1.151130;1.151100;1.151110;0
20260405 184500;1.151120;1.151250;1.151100;1.151230;0
20260405 184600;1.151240;1.151440;1.151240;1.151440;0
20260405 184700;1.151450;1.151450;1.151310;1.151310;0
20260405 184800;1.151300;1.151430;1.151280;1.151410;0
20260405 184900;1.151430;1.151470;1.151410;1.151430;0
20260405 185000;1.151460;1.151540;1.151460;1.151520;0
20260405 185100;1.151520;1.151540;1.151480;1.151480;0
20260405 185200;1.151470;1.151500;1.151440;1.151470;0
20260405 185300;1.151460;1.151460;1.151390;1.151400;0
20260405 185400;1.151390;1.151390;1.151320;1.151360;0
20260405 185500;1.151360;1.151420;1.151360;1.151360;0
20260405 185600;1.151370;1.151430;1.151330;1.151400;0
20260405 185700;1.151430;1.151600;1.151430;1.151560;0
20260405 185800;1.151540;1.151630;1.151540;1.151570;0
20260405 185900;1.151560;1.151560;1.151460;1.151480;0
20260405 190000;1.151460;1.151540;1.151430;1.151470;0
20260405 190100;1.151460;1.151480;1.151300;1.151310;0
20260405 190200;1.151330;1.151330;1.151200;1.151320;0
20260405 190300;1.151330;1.151390;1.151260;1.151320;0
20260405 190400;1.151310;1.151310;1.151190;1.151230;0
20260405 190500;1.151240;1.151410;1.151240;1.151410;0
20260405 190600;1.151430;1.151690;1.151430;1.151520;0
20260405 190700;1.151550;1.151550;1.151480;1.151490;0
20260405 190800;1.151490;1.151490;1.151300;1.151350;0
20260405 190900;1.151330;1.151350;1.151200;1.151240;0
20260405 191000;1.151230;1.151350;1.151230;1.151310;0
20260405 191100;1.151310;1.151330;1.151310;1.151320;0
20260405 191200;1.151300;1.151320;1.151150;1.151220;0
20260405 191300;1.151240;1.151300;1.151210;1.151270;0
20260405 191400;1.151270;1.151270;1.151140;1.151240;0
20260405 191500;1.151250;1.151330;1.151240;1.151280;0
20260405 191600;1.151300;1.151380;1.151300;1.151320;0
20260405 191700;1.151280;1.151330;1.151270;1.151330;0
20260405 191800;1.151290;1.151290;1.151250;1.151280;0
20260405 191900;1.151270;1.151270;1.151130;1.151170;0
20260405 192000;1.151210;1.151230;1.151170;1.151200;0
20260405 192100;1.151190;1.151190;1.151100;1.151120;0
20260405 192200;1.151130;1.151180;1.151110;1.151150;0
20260405 192300;1.151140;1.151150;1.151060;1.151110;0
20260405 192400;1.151100;1.151140;1.151040;1.151050;0
20260405 192500;1.151050;1.151080;1.151020;1.151080;0
20260405 192600;1.151110;1.151120;1.151000;1.151030;0
20260405 192700;1.151050;1.151050;1.151010;1.151010;0
20260405 192800;1.151000;1.151000;1.151000;1.151000;0
20260405 192900;1.150990;1.150990;1.150920;1.150930;0
20260405 193000;1.150930;1.151030;1.150930;1.151030;0
20260405 193100;1.151040;1.151040;1.150960;1.150970;0
20260405 193200;1.150990;1.151060;1.150960;1.151020;0
20260405 193300;1.151050;1.151120;1.151000;1.151080;0
20260405 193400;1.151090;1.151090;1.151020;1.151080;0
20260405 193500;1.151100;1.151150;1.151080;1.151090;0
20260405 193600;1.151070;1.151080;1.151050;1.151080;0
20260405 193700;1.151080;1.151080;1.151030;1.151030;0
20260405 193800;1.151020;1.151030;1.150980;1.151030;0
20260405 193900;1.151030;1.151040;1.150950;1.151030;0
20260405 194000;1.151020;1.151020;1.150940;1.150970;0
20260405 194100;1.150970;1.150980;1.150930;1.150950;0
20260405 194200;1.150940;1.150970;1.150880;1.150920;0
20260405 194300;1.150930;1.150950;1.150890;1.150910;0
20260405 194400;1.150910;1.150920;1.150840;1.150920;0
20260405 194500;1.150920;1.151010;1.150920;1.150950;0
20260405 194600;1.150950;1.151120;1.150910;1.151120;0
20260405 194700;1.151120;1.151180;1.151120;1.151150;0
20260405 194800;1.151120;1.151140;1.151110;1.151120;0
20260405 194900;1.151080;1.151120;1.151020;1.151070;0
20260405 195000;1.151060;1.151060;1.151010;1.151050;0
20260405 195100;1.151030;1.151050;1.151020;1.151030;0
20260405 195200;1.151010;1.151020;1.150960;1.150960;0
20260405 195300;1.150950;1.151010;1.150940;1.151010;0
20260405 195400;1.151020;1.151050;1.151010;1.151030;0
20260405 195500;1.151030;1.151090;1.151020;1.151030;0
20260405 195600;1.151020;1.151070;1.150980;1.151070;0
20260405 195700;1.151060;1.151120;1.151040;1.151040;0
20260405 195800;1.151010;1.151020;1.150920;1.150980;0
20260405 195900;1.151000;1.151000;1.150930;1.150960;0
20260405 200000;1.150960;1.151130;1.150920;1.151130;0
20260405 200100;1.151130;1.151290;1.151120;1.151280;0
20260405 200200;1.151290;1.151330;1.151160;1.151190;0
20260405 200300;1.151180;1.151290;1.151170;1.151200;0
20260405 200400;1.151210;1.151370;1.151210;1.151370;0
20260405 200500;1.151370;1.151440;1.151300;1.151370;0
20260405 200600;1.151360;1.151520;1.151320;1.151480;0
20260405 200700;1.151470;1.151600;1.151360;1.151570;0
20260405 200800;1.151600;1.151630;1.151490;1.151510;0
20260405 200900;1.151490;1.151490;1.151340;1.151370;0
20260405 201000;1.151360;1.151390;1.151310;1.151380;0
20260405 201100;1.151340;1.151390;1.151340;1.151380;0
20260405 201200;1.151380;1.151520;1.151380;1.151450;0
20260405 201300;1.151460;1.151520;1.151410;1.151460;0
20260405 201400;1.151470;1.151550;1.151460;1.151530;0
20260405 201500;1.151540;1.151540;1.151420;1.151430;0
20260405 201600;1.151430;1.151540;1.151430;1.151450;0
20260405 201700;1.151440;1.151460;1.151370;1.151450;0
20260405 201800;1.151440;1.151510;1.151430;1.151490;0
20260405 201900;1.151490;1.151510;1.151460;1.151500;0
20260405 202000;1.151500;1.151550;1.151490;1.151510;0
20260405 202100;1.151500;1.151550;1.151480;1.151530;0
20260405 202200;1.151520;1.151680;1.151500;1.151650;0
20260405 202300;1.151660;1.151830;1.151660;1.151810;0
20260405 202400;1.151810;1.151820;1.151720;1.151740;0
20260405 202500;1.151740;1.151740;1.151670;1.151700;0
20260405 202600;1.151690;1.151710;1.151630;1.151630;0
20260405 202700;1.151630;1.151730;1.151610;1.151620;0
20260405 202800;1.151610;1.151610;1.151540;1.151540;0
20260405 202900;1.151530;1.151530;1.151470;1.151470;0
20260405 203000;1.151480;1.151550;1.151470;1.151520;0
20260405 203100;1.151500;1.151550;1.151450;1.151540;0
20260405 203200;1.151540;1.151650;1.151540;1.151610;0
20260405 203300;1.151630;1.151640;1.151560;1.151580;0
20260405 203400;1.151570;1.151640;1.151550;1.151610;0
20260405 203500;1.151600;1.151640;1.151590;1.151610;0
20260405 203600;1.151610;1.151680;1.151610;1.151680;0
20260405 203700;1.151680;1.151720;1.151490;1.151510;0
20260405 203800;1.151500;1.151580;1.151450;1.151460;0
20260405 203900;1.151460;1.151480;1.151410;1.151410;0
20260405 204000;1.151420;1.151490;1.151380;1.151490;0
20260405 204100;1.151480;1.151690;1.151480;1.151670;0
20260405 204200;1.151660;1.151670;1.151590;1.151620;0
20260405 204300;1.151630;1.151670;1.151620;1.151670;0
20260405 204400;1.151660;1.151660;1.151620;1.151640;0
20260405 204500;1.151640;1.151640;1.151520;1.151520;0
20260405 204600;1.151520;1.151550;1.151470;1.151480;0
20260405 204700;1.151470;1.151480;1.151430;1.151470;0
20260405 204800;1.151480;1.151500;1.151320;1.151340;0
20260405 204900;1.151340;1.151350;1.151270;1.151270;0
20260405 205000;1.151280;1.151280;1.151190;1.151210;0
20260405 205100;1.151210;1.151220;1.151190;1.151210;0
20260405 205200;1.151220;1.151260;1.151180;1.151260;0
20260405 205300;1.151240;1.151270;1.151220;1.151230;0
20260405 205400;1.151250;1.151330;1.151150;1.151190;0
20260405 205500;1.151200;1.151290;1.151060;1.151100;0
20260405 205600;1.151120;1.151130;1.151070;1.151090;0
20260405 205700;1.151080;1.151250;1.151070;1.151250;0
20260405 205800;1.151240;1.151250;1.151220;1.151230;0
20260405 205900;1.151240;1.151240;1.151110;1.151160;0
20260405 210000;1.151180;1.151240;1.151160;1.151190;0
20260405 210100;1.151210;1.151320;1.151170;1.151280;0
20260405 210200;1.151290;1.151420;1.151270;1.151300;0
20260405 210300;1.151270;1.151270;1.151120;1.151150;0
20260405 210400;1.151130;1.151160;1.150960;1.150980;0
20260405 210500;1.150990;1.151080;1.150960;1.151070;0
20260405 210600;1.151060;1.151080;1.150910;1.150910;0
20260405 210700;1.150930;1.150990;1.150880;1.150970;0
20260405 210800;1.150990;1.151020;1.150920;1.150960;0
20260405 210900;1.150940;1.150940;1.150870;1.150930;0
20260405 211000;1.150930;1.151030;1.150930;1.150970;0
20260405 211100;1.150950;1.150950;1.150830;1.150910;0
20260405 211200;1.150910;1.150930;1.150790;1.150800;0
20260405 211300;1.150790;1.150810;1.150780;1.150780;0
20260405 211400;1.150790;1.150840;1.150780;1.150810;0
20260405 211500;1.150840;1.150880;1.150800;1.150870;0
20260405 211600;1.150870;1.150920;1.150870;1.150910;0
20260405 211700;1.150920;1.150950;1.150900;1.150940;0
20260405 211800;1.150920;1.150990;1.150900;1.150990;0
20260405 211900;1.150980;1.150980;1.150920;1.150930;0
20260405 212000;1.150920;1.150920;1.150870;1.150870;0
20260405 212100;1.150870;1.150920;1.150840;1.150920;0
20260405 212200;1.150930;1.151020;1.150920;1.150990;0
20260405 212300;1.151020;1.151150;1.151020;1.151040;0
20260405 212400;1.151040;1.151070;1.150920;1.150920;0
20260405 212500;1.150940;1.151040;1.150910;1.150960;0
20260405 212600;1.150970;1.151040;1.150940;1.150970;0
20260405 212700;1.150980;1.150990;1.150940;1.150950;0
20260405 212800;1.150960;1.151130;1.150960;1.151090;0
20260405 212900;1.151060;1.151090;1.150980;1.151020;0
20260405 213000;1.151020;1.151080;1.150890;1.150900;0
20260405 213100;1.150910;1.150940;1.150860;1.150890;0
20260405 213200;1.150880;1.150940;1.150880;1.150880;0
20260405 213300;1.150880;1.150900;1.150860;1.150860;0
20260405 213400;1.150880;1.150890;1.150790;1.150810;0
20260405 213500;1.150820;1.150830;1.150780;1.150810;0
20260405 213600;1.150820;1.150850;1.150800;1.150840;0
20260405 213700;1.150850;1.150850;1.150800;1.150800;0
20260405 213800;1.150830;1.150880;1.150810;1.150880;0
20260405 213900;1.150900;1.150920;1.150820;1.150840;0
20260405 214000;1.150820;1.150830;1.150820;1.150830;0
20260405 214100;1.150860;1.150870;1.150830;1.150850;0
20260405 214200;1.150850;1.150890;1.150840;1.150880;0
20260405 214300;1.150870;1.150900;1.150860;1.150890;0
20260405 214400;1.150900;1.150930;1.150870;1.150880;0
20260405 214500;1.150880;1.150890;1.150860;1.150860;0
20260405 214600;1.150850;1.150850;1.150800;1.150810;0
20260405 214700;1.150810;1.150820;1.150790;1.150810;0
20260405 214800;1.150830;1.150830;1.150810;1.150820;0
20260405 214900;1.150820;1.150870;1.150810;1.150870;0
20260405 215000;1.150880;1.150880;1.150830;1.150830;0
20260405 215100;1.150830;1.150940;1.150820;1.150920;0
20260405 215200;1.150910;1.150910;1.150790;1.150800;0
20260405 215300;1.150790;1.150790;1.150780;1.150780;0
20260405 215400;1.150780;1.150820;1.150770;1.150770;0
20260405 215500;1.150780;1.150780;1.150630;1.150640;0
20260405 215600;1.150650;1.150730;1.150630;1.150670;0
20260405 215700;1.150660;1.150690;1.150620;1.150680;0
20260405 215800;1.150680;1.150680;1.150630;1.150670;0
20260405 215900;1.150680;1.150680;1.150630;1.150680;0
20260405 220000;1.150680;1.150980;1.150680;1.150920;0
20260405 220100;1.150920;1.150920;1.150840;1.150920;0
20260405 220200;1.150940;1.150950;1.150880;1.150910;0
20260405 220300;1.150900;1.151190;1.150890;1.151180;0
20260405 220400;1.151190;1.151300;1.151130;1.151230;0
20260405 220500;1.151240;1.151270;1.151160;1.151160;0
20260405 220600;1.151170;1.151300;1.151120;1.151300;0
20260405 220700;1.151300;1.151440;1.151280;1.151420;0
20260405 220800;1.151420;1.151430;1.151340;1.151340;0
20260405 220900;1.151320;1.151730;1.151320;1.151690;0
20260405 221000;1.151710;1.151890;1.151640;1.151860;0
20260405 221100;1.151880;1.152300;1.151870;1.152040;0
20260405 221200;1.152030;1.152080;1.151940;1.152030;0
20260405 221300;1.152030;1.152140;1.152020;1.152080;0
20260405 221400;1.152080;1.152100;1.151870;1.151920;0
20260405 221500;1.151930;1.151960;1.151820;1.151920;0
20260405 221600;1.151970;1.152120;1.151960;1.152120;0
20260405 221700;1.152120;1.152390;1.152100;1.152330;0
20260405 221800;1.152330;1.152350;1.152250;1.152310;0
20260405 221900;1.152310;1.152530;1.152270;1.152450;0
20260405 222000;1.152450;1.152640;1.152350;1.152630;0
20260405 222100;1.152640;1.152780;1.152620;1.152660;0
20260405 222200;1.152660;1.152860;1.152630;1.152860;0
20260405 222300;1.152840;1.152840;1.152640;1.152650;0
20260405 222400;1.152640;1.152640;1.152490;1.152550;0
20260405 222500;1.152580;1.152590;1.152430;1.152430;0
20260405 222600;1.152480;1.152650;1.152450;1.152610;0
20260405 222700;1.152600;1.152640;1.152470;1.152490;0
20260405 222800;1.152490;1.152520;1.152420;1.152510;0
20260405 222900;1.152530;1.152530;1.152310;1.152410;0
20260405 223000;1.152430;1.152580;1.152360;1.152390;0
20260405 223100;1.152400;1.152470;1.152350;1.152380;0
20260405 223200;1.152380;1.152430;1.152250;1.152270;0
20260405 223300;1.152290;1.152400;1.152280;1.152310;0
20260405 223400;1.152300;1.152340;1.152240;1.152310;0
20260405 223500;1.152340;1.152370;1.152300;1.152300;0
20260405 223600;1.152310;1.152350;1.152110;1.152260;0
20260405 223700;1.152260;1.152280;1.152160;1.152190;0
20260405 223800;1.152170;1.152190;1.152120;1.152180;0
20260405 223900;1.152180;1.152190;1.152050;1.152060;0
20260405 224000;1.152070;1.152140;1.152050;1.152110;0
20260405 224100;1.152130;1.152190;1.152020;1.152060;0
20260405 224200;1.152070;1.152140;1.152060;1.152110;0
20260405 224300;1.152110;1.152130;1.152050;1.152090;0
20260405 224400;1.152070;1.152090;1.152030;1.152080;0
20260405 224500;1.152080;1.152170;1.152030;1.152170;0
20260405 224600;1.152160;1.152190;1.152150;1.152150;0
20260405 224700;1.152160;1.152200;1.152140;1.152150;0
20260405 224800;1.152170;1.152290;1.152150;1.152200;0
20260405 224900;1.152200;1.152230;1.152110;1.152110;0
20260405 225000;1.152130;1.152160;1.152110;1.152140;0
20260405 225100;1.152150;1.152190;1.152150;1.152160;0
20260405 225200;1.152180;1.152220;1.152120;1.152170;0
20260405 225300;1.152150;1.152170;1.152040;1.152100;0
20260405 225400;1.152130;1.152190;1.152130;1.152140;0
20260405 225500;1.152140;1.152190;1.152130;1.152180;0
20260405 225600;1.152180;1.152180;1.152110;1.152150;0
20260405 225700;1.152140;1.152170;1.152080;1.152170;0
20260405 225800;1.152170;1.152230;1.152130;1.152150;0
20260405 225900;1.152140;1.152160;1.152030;1.152060;0
20260405 230000;1.152050;1.152160;1.152030;1.152140;0
20260405 230100;1.152140;1.152270;1.152140;1.152190;0
20260405 230200;1.152200;1.152200;1.152010;1.152010;0
20260405 230300;1.152010;1.152160;1.152010;1.152130;0
20260405 230400;1.152120;1.152170;1.152110;1.152110;0
20260405 230500;1.152110;1.152140;1.152070;1.152090;0
20260405 230600;1.152110;1.152130;1.152070;1.152070;0
20260405 230700;1.152090;1.152130;1.152080;1.152100;0
20260405 230800;1.152100;1.152140;1.152080;1.152130;0
20260405 230900;1.152110;1.152150;1.152070;1.152090;0
20260405 231000;1.152100;1.152150;1.152100;1.152120;0
20260405 231100;1.152120;1.152130;1.152000;1.152020;0
20260405 231200;1.152030;1.152160;1.152020;1.152120;0
20260405 231300;1.152130;1.152140;1.152110;1.152130;0
20260405 231400;1.152110;1.152140;1.152100;1.152130;0
20260405 231500;1.152160;1.152200;1.152150;1.152180;0
20260405 231600;1.152200;1.152250;1.152170;1.152250;0
20260405 231700;1.152240;1.152240;1.152180;1.152180;0
20260405 231800;1.152200;1.152200;1.152060;1.152140;0
20260405 231900;1.152130;1.152130;1.151730;1.151870;0
20260405 232000;1.151860;1.152040;1.151810;1.152000;0
20260405 232100;1.152000;1.152040;1.151960;1.152010;0
20260405 232200;1.152040;1.152100;1.152020;1.152040;0
20260405 232300;1.152050;1.152100;1.152040;1.152090;0
20260405 232400;1.152100;1.152250;1.152090;1.152240;0
20260405 232500;1.152250;1.152270;1.152190;1.152220;0
20260405 232600;1.152210;1.152210;1.152120;1.152140;0
20260405 232700;1.152160;1.152270;1.152160;1.152260;0
20260405 232800;1.152270;1.152310;1.152190;1.152230;0
20260405 232900;1.152220;1.152240;1.152120;1.152130;0
20260405 233000;1.152170;1.152170;1.152090;1.152110;0
20260405 233100;1.152100;1.152150;1.152070;1.152080;0
20260405 233200;1.152090;1.152090;1.151990;1.152030;0
20260405 233300;1.152050;1.152070;1.152010;1.152050;0
20260405 233400;1.152050;1.152050;1.151970;1.152040;0
20260405 233500;1.152020;1.152080;1.152020;1.152030;0
20260405 233600;1.152030;1.152140;1.152030;1.152130;0
20260405 233700;1.152140;1.152140;1.152080;1.152130;0
20260405 233800;1.152100;1.152140;1.152070;1.152110;0
20260405 233900;1.152100;1.152110;1.152020;1.152020;0
20260405 234000;1.152030;1.152030;1.151920;1.151950;0
20260405 234100;1.151960;1.151980;1.151870;1.151880;0
20260405 234200;1.151900;1.152000;1.151880;1.151930;0
20260405 234300;1.151920;1.152040;1.151910;1.152040;0
20260405 234400;1.152040;1.152060;1.151990;1.151990;0
20260405 234500;1.152000;1.152000;1.151890;1.151920;0
20260405 234600;1.151930;1.152010;1.151900;1.151990;0
20260405 234700;1.151990;1.152020;1.151930;1.151950;0
20260405 234800;1.151950;1.151950;1.151800;1.151830;0
20260405 234900;1.151830;1.151830;1.151730;1.151760;0
20260405 235000;1.151790;1.151850;1.151770;1.151790;0
20260405 235100;1.151790;1.151790;1.151750;1.151780;0
20260405 235200;1.151770;1.151820;1.151730;1.151810;0
20260405 235300;1.151830;1.151890;1.151780;1.151780;0
20260405 235400;1.151780;1.151790;1.151730;1.151790;0
20260405 235500;1.151770;1.151850;1.151770;1.151840;0
20260405 235600;1.151840;1.151880;1.151800;1.151860;0
20260405 235700;1.151890;1.151920;1.151860;1.151920;0
20260405 235800;1.151930;1.151950;1.151920;1.151940;0
20260405 235900;1.151950;1.151960;1.151870;1.151890;0
20260406 000000;1.151910;1.151990;1.151890;1.151960;0
20260406 000100;1.151940;1.152010;1.151920;1.151980;0
20260406 000200;1.151970;1.151970;1.151890;1.151890;0
20260406 000300;1.151890;1.151970;1.151840;1.151970;0
20260406 000400;1.151980;1.152050;1.151980;1.152020;0
20260406 000500;1.152030;1.152040;1.151970;1.152000;0
20260406 000600;1.151990;1.152000;1.151970;1.151980;0
20260406 000700;1.151970;1.151980;1.151910;1.151910;0
20260406 000800;1.151920;1.151960;1.151920;1.151940;0
20260406 000900;1.151930;1.151980;1.151900;1.151970;0
20260406 001000;1.151970;1.151970;1.151880;1.151950;0
20260406 001100;1.151940;1.151950;1.151920;1.151930;0
20260406 001200;1.151950;1.152050;1.151930;1.151990;0
20260406 001300;1.152010;1.152050;1.151980;1.152010;0
20260406 001400;1.152000;1.152030;1.151980;1.152020;0
20260406 001500;1.152010;1.152040;1.152010;1.152020;0
20260406 001600;1.152010;1.152010;1.151940;1.151940;0
20260406 001700;1.151960;1.151980;1.151910;1.151950;0
20260406 001800;1.151940;1.152010;1.151910;1.152010;0
20260406 001900;1.152000;1.152000;1.151900;1.151950;0
20260406 002000;1.151940;1.152000;1.151930;1.151940;0
20260406 002100;1.151940;1.152000;1.151940;1.152000;0
20260406 002200;1.151980;1.152000;1.151940;1.151950;0
20260406 002300;1.151970;1.151990;1.151950;1.151960;0
20260406 002400;1.151980;1.152040;1.151980;1.152010;0
20260406 002500;1.152030;1.152090;1.152020;1.152090;0
20260406 002600;1.152100;1.152120;1.152060;1.152100;0
20260406 002700;1.152090;1.152100;1.152070;1.152080;0
20260406 002800;1.152100;1.152100;1.152050;1.152060;0
20260406 002900;1.152040;1.152040;1.151920;1.151930;0
20260406 003000;1.151950;1.152060;1.151930;1.152040;0
20260406 003100;1.152030;1.152050;1.151990;1.152050;0
20260406 003200;1.152080;1.152080;1.152000;1.152020;0
20260406 003300;1.152020;1.152050;1.151990;1.152020;0
20260406 003400;1.152010;1.152240;1.152010;1.152200;0
20260406 003500;1.152200;1.152260;1.152200;1.152250;0
20260406 003600;1.152270;1.152350;1.152220;1.152240;0
20260406 003700;1.152260;1.152290;1.152250;1.152270;0
20260406 003800;1.152290;1.152300;1.152230;1.152230;0
20260406 003900;1.152230;1.152260;1.152210;1.152210;0
20260406 004000;1.152230;1.152260;1.152160;1.152160;0
20260406 004100;1.152170;1.152220;1.152140;1.152200;0
20260406 004200;1.152220;1.152260;1.152210;1.152260;0
20260406 004300;1.152260;1.152270;1.152230;1.152230;0
20260406 004400;1.152240;1.152240;1.152190;1.152230;0
20260406 004500;1.152240;1.152240;1.152190;1.152190;0
20260406 004600;1.152180;1.152220;1.152160;1.152160;0
20260406 004700;1.152180;1.152220;1.152180;1.152220;0
20260406 004800;1.152220;1.152300;1.152210;1.152260;0
20260406 004900;1.152280;1.152390;1.152280;1.152390;0
20260406 005000;1.152390;1.152450;1.152390;1.152450;0
20260406 005100;1.152480;1.152500;1.152450;1.152490;0
20260406 005200;1.152500;1.152500;1.152440;1.152490;0
20260406 005300;1.152490;1.152490;1.152440;1.152440;0
20260406 005400;1.152460;1.152480;1.152440;1.152460;0
20260406 005500;1.152470;1.152480;1.152450;1.152450;0
20260406 005600;1.152430;1.152430;1.152340;1.152370;0
20260406 005700;1.152380;1.152400;1.152350;1.152390;0
20260406 005800;1.152410;1.152410;1.152320;1.152390;0
20260406 005900;1.152380;1.152410;1.152380;1.152410;0
20260406 010000;1.152400;1.152460;1.152310;1.152340;0
20260406 010100;1.152320;1.152340;1.152280;1.152340;0
20260406 010200;1.152340;1.152400;1.152310;1.152330;0
20260406 010300;1.152320;1.152350;1.152300;1.152350;0
20260406 010400;1.152380;1.152440;1.152380;1.152410;0
20260406 010500;1.152410;1.152440;1.152400;1.152420;0
20260406 010600;1.152400;1.152420;1.152350;1.152390;0
20260406 010700;1.152430;1.152490;1.152400;1.152490;0
20260406 010800;1.152480;1.152490;1.152450;1.152490;0
20260406 010900;1.152500;1.152550;1.152480;1.152540;0
20260406 011000;1.152550;1.152560;1.152520;1.152540;0
20260406 011100;1.152570;1.152590;1.152530;1.152540;0
20260406 011200;1.152550;1.152550;1.152500;1.152520;0
20260406 011300;1.152520;1.152590;1.152520;1.152550;0
20260406 011400;1.152570;1.152600;1.152550;1.152600;0
20260406 011500;1.152590;1.152610;1.152590;1.152600;0
20260406 011600;1.152600;1.152840;1.152600;1.152840;0
20260406 011700;1.152850;1.152850;1.152780;1.152800;0
20260406 011800;1.152790;1.152810;1.152780;1.152800;0
20260406 011900;1.152790;1.152790;1.152750;1.152750;0
20260406 012000;1.152760;1.152800;1.152700;1.152800;0
20260406 012100;1.152800;1.152800;1.152640;1.152650;0
20260406 012200;1.152650;1.152750;1.152620;1.152730;0
20260406 012300;1.152740;1.152940;1.152700;1.152910;0
20260406 012400;1.152930;1.152950;1.152920;1.152930;0
20260406 012500;1.152910;1.152910;1.152830;1.152830;0
20260406 012600;1.152820;1.152890;1.152820;1.152890;0
20260406 012700;1.152890;1.152890;1.152840;1.152860;0
20260406 012800;1.152870;1.152900;1.152780;1.152780;0
20260406 012900;1.152800;1.152800;1.152690;1.152710;0
20260406 013000;1.152710;1.152720;1.152590;1.152590;0
20260406 013100;1.152600;1.152620;1.152560;1.152610;0
20260406 013200;1.152600;1.152620;1.152520;1.152550;0
20260406 013300;1.152570;1.152570;1.152530;1.152550;0
20260406 013400;1.152550;1.152590;1.152480;1.152590;0
20260406 013500;1.152590;1.152730;1.152590;1.152690;0
20260406 013600;1.152690;1.152700;1.152660;1.152690;0
20260406 013700;1.152680;1.152740;1.152670;1.152720;0
20260406 013800;1.152720;1.152720;1.152680;1.152680;0
20260406 013900;1.152680;1.152690;1.152650;1.152670;0
20260406 014000;1.152640;1.152650;1.152570;1.152590;0
20260406 014100;1.152600;1.152600;1.152480;1.152520;0
20260406 014200;1.152530;1.152550;1.152490;1.152490;0
20260406 014300;1.152490;1.152530;1.152470;1.152510;0
20260406 014400;1.152500;1.152510;1.152480;1.152490;0
20260406 014500;1.152500;1.152590;1.152480;1.152570;0
20260406 014600;1.152580;1.152590;1.152490;1.152510;0
20260406 014700;1.152510;1.152560;1.152510;1.152540;0
20260406 014800;1.152540;1.152540;1.152390;1.152440;0
20260406 014900;1.152440;1.152530;1.152440;1.152520;0
20260406 015000;1.152500;1.152580;1.152490;1.152540;0
20260406 015100;1.152530;1.152660;1.152520;1.152660;0
20260406 015200;1.152640;1.152640;1.152610;1.152630;0
20260406 015300;1.152630;1.152640;1.152570;1.152630;0
20260406 015400;1.152630;1.152700;1.152630;1.152690;0
20260406 015500;1.152690;1.152690;1.152590;1.152600;0
20260406 015600;1.152610;1.152650;1.152540;1.152600;0
20260406 015700;1.152590;1.152600;1.152530;1.152530;0
20260406 015800;1.152540;1.152610;1.152520;1.152530;0
20260406 015900;1.152530;1.152530;1.152490;1.152510;0
20260406 020000;1.152530;1.152540;1.152400;1.152470;0
20260406 020100;1.152500;1.152550;1.152490;1.152490;0
20260406 020200;1.152530;1.152590;1.152530;1.152560;0
20260406 020300;1.152560;1.152570;1.152490;1.152540;0
20260406 020400;1.152540;1.152560;1.152510;1.152520;0
20260406 020500;1.152540;1.152550;1.152440;1.152520;0
20260406 020600;1.152540;1.152700;1.152540;1.152640;0
20260406 020700;1.152620;1.152660;1.152580;1.152630;0
20260406 020800;1.152640;1.152750;1.152600;1.152740;0
20260406 020900;1.152760;1.152760;1.152640;1.152680;0
20260406 021000;1.152660;1.152740;1.152650;1.152730;0
20260406 021100;1.152710;1.152730;1.152640;1.152670;0
20260406 021200;1.152650;1.152690;1.152640;1.152680;0
20260406 021300;1.152720;1.152730;1.152640;1.152650;0
20260406 021400;1.152630;1.152710;1.152630;1.152650;0
20260406 021500;1.152620;1.152620;1.152540;1.152590;0
20260406 021600;1.152600;1.152640;1.152550;1.152640;0
20260406 021700;1.152630;1.152700;1.152630;1.152640;0
20260406 021800;1.152640;1.152670;1.152630;1.152650;0
20260406 021900;1.152660;1.152660;1.152590;1.152600;0
20260406 022000;1.152600;1.152600;1.152490;1.152530;0
20260406 022100;1.152530;1.152560;1.152500;1.152540;0
20260406 022200;1.152540;1.152540;1.152480;1.152500;0
20260406 022300;1.152500;1.152500;1.152440;1.152440;0
20260406 022400;1.152460;1.152500;1.152460;1.152490;0
20260406 022500;1.152490;1.152490;1.152380;1.152410;0
20260406 022600;1.152410;1.152420;1.152350;1.152410;0
20260406 022700;1.152390;1.152440;1.152340;1.152340;0
20260406 022800;1.152330;1.152330;1.152290;1.152320;0
20260406 022900;1.152310;1.152360;1.152280;1.152350;0
20260406 023000;1.152340;1.152340;1.152200;1.152200;0
20260406 023100;1.152230;1.152290;1.152180;1.152290;0
20260406 023200;1.152310;1.152350;1.152310;1.152350;0
20260406 023300;1.152350;1.152350;1.152340;1.152350;0
20260406 023400;1.152340;1.152380;1.152330;1.152350;0
20260406 023500;1.152290;1.152350;1.152260;1.152270;0
20260406 023600;1.152260;1.152300;1.152240;1.152240;0
20260406 023700;1.152230;1.152320;1.152200;1.152300;0
20260406 023800;1.152290;1.152320;1.152280;1.152300;0
20260406 023900;1.152310;1.152330;1.152240;1.152300;0
20260406 024000;1.152300;1.152340;1.152260;1.152310;0
20260406 024100;1.152310;1.152350;1.152300;1.152350;0
20260406 024200;1.152350;1.152380;1.152320;1.152360;0
20260406 024300;1.152360;1.152630;1.152360;1.152630;0
20260406 024400;1.152620;1.152650;1.152600;1.152630;0
20260406 024500;1.152630;1.152630;1.152390;1.152390;0
20260406 024600;1.152380;1.152540;1.152360;1.152470;0
20260406 024700;1.152450;1.152600;1.152450;1.152570;0
20260406 024800;1.152570;1.152640;1.152570;1.152620;0
20260406 024900;1.152630;1.152630;1.152550;1.152590;0
20260406 025000;1.152600;1.153200;1.152500;1.153090;0
20260406 025100;1.153060;1.153240;1.152990;1.153050;0
20260406 025200;1.153050;1.153740;1.153040;1.153510;0
20260406 025300;1.153490;1.153490;1.153100;1.153130;0
20260406 025400;1.153120;1.153270;1.153060;1.153250;0
20260406 025500;1.153230;1.153300;1.152950;1.152950;0
20260406 025600;1.152950;1.153170;1.152930;1.153120;0
20260406 025700;1.153130;1.153210;1.153110;1.153190;0
20260406 025800;1.153200;1.153230;1.153120;1.153130;0
20260406 025900;1.153130;1.153300;1.153130;1.153290;0
20260406 030000;1.153280;1.153450;1.153280;1.153350;0
20260406 030100;1.153320;1.153330;1.153120;1.153120;0
20260406 030200;1.153150;1.153150;1.153000;1.153010;0
20260406 030300;1.153000;1.153080;1.152970;1.153080;0
20260406 030400;1.153080;1.153090;1.152960;1.152970;0
20260406 030500;1.152980;1.152980;1.152730;1.152760;0
20260406 030600;1.152790;1.152800;1.152600;1.152690;0
20260406 030700;1.152700;1.152820;1.152630;1.152730;0
20260406 030800;1.152720;1.152770;1.152630;1.152630;0
20260406 030900;1.152630;1.152670;1.152560;1.152570;0
20260406 031000;1.152570;1.152780;1.152570;1.152770;0
20260406 031100;1.152740;1.152780;1.152520;1.152650;0
20260406 031200;1.152640;1.152830;1.152640;1.152800;0
20260406 031300;1.152800;1.152910;1.152770;1.152820;0
20260406 031400;1.152790;1.153020;1.152790;1.153020;0
20260406 031500;1.153010;1.153210;1.153000;1.153180;0
20260406 031600;1.153190;1.153350;1.153190;1.153260;0
20260406 031700;1.153260;1.153320;1.153240;1.153270;0
20260406 031800;1.153290;1.153320;1.153170;1.153260;0
20260406 031900;1.153250;1.153310;1.153210;1.153280;0
20260406 032000;1.153280;1.153370;1.153280;1.153310;0
20260406 032100;1.153310;1.153370;1.153230;1.153240;0
20260406 032200;1.153230;1.153290;1.153180;1.153270;0
20260406 032300;1.153260;1.153280;1.153140;1.153150;0
20260406 032400;1.153170;1.153170;1.152990;1.153100;0
20260406 032500;1.153140;1.153170;1.153100;1.153160;0
20260406 032600;1.153160;1.153230;1.153150;1.153210;0
20260406 032700;1.153210;1.153230;1.153120;1.153140;0
20260406 032800;1.153130;1.153300;1.153090;1.153300;0
20260406 032900;1.153290;1.153460;1.153280;1.153440;0
20260406 033000;1.153440;1.153770;1.153440;1.153730;0
20260406 033100;1.153730;1.153800;1.153730;1.153740;0
20260406 033200;1.153770;1.153910;1.153770;1.153910;0
20260406 033300;1.153930;1.154030;1.153870;1.153910;0
20260406 033400;1.153920;1.154030;1.153880;1.154030;0
20260406 033500;1.154010;1.154060;1.154010;1.154050;0
20260406 033600;1.154060;1.154320;1.154020;1.154320;0
20260406 033700;1.154310;1.154520;1.154310;1.154480;0
20260406 033800;1.154480;1.154530;1.154370;1.154530;0
20260406 033900;1.154520;1.154580;1.154400;1.154540;0
20260406 034000;1.154510;1.154560;1.154380;1.154380;0
20260406 034100;1.154390;1.154510;1.154380;1.154510;0
20260406 034200;1.154530;1.155140;1.154500;1.155090;0
20260406 034300;1.155080;1.155290;1.155040;1.155160;0
20260406 034400;1.155150;1.155330;1.155050;1.155210;0
20260406 034500;1.155180;1.155530;1.155160;1.155300;0
20260406 034600;1.155310;1.155600;1.155310;1.155600;0
20260406 034700;1.155570;1.155860;1.155550;1.155800;0
20260406 034800;1.155790;1.155970;1.155690;1.155940;0
20260406 034900;1.155910;1.155980;1.155840;1.155950;0
20260406 035000;1.155960;1.156340;1.155950;1.156110;0
20260406 035100;1.156120;1.156310;1.155960;1.156270;0
20260406 035200;1.156260;1.156650;1.156260;1.156460;0
20260406 035300;1.156460;1.156560;1.156320;1.156360;0
20260406 035400;1.156360;1.156510;1.156200;1.156300;0
20260406 035500;1.156320;1.156670;1.156320;1.156660;0
20260406 035600;1.156670;1.156860;1.156590;1.156850;0
20260406 035700;1.156850;1.156860;1.156670;1.156770;0
20260406 035800;1.156780;1.156840;1.156510;1.156600;0
20260406 035900;1.156610;1.156680;1.156360;1.156420;0
20260406 040000;1.156430;1.156680;1.156430;1.156670;0
20260406 040100;1.156650;1.156720;1.156560;1.156670;0
20260406 040200;1.156710;1.156850;1.156460;1.156530;0
20260406 040300;1.156540;1.156620;1.156480;1.156540;0
20260406 040400;1.156570;1.156620;1.156500;1.156530;0
20260406 040500;1.156540;1.156540;1.156110;1.156150;0
20260406 040600;1.156120;1.156280;1.155920;1.155960;0
20260406 040700;1.155940;1.155940;1.155660;1.155800;0
20260406 040800;1.155800;1.155840;1.155710;1.155730;0
20260406 040900;1.155750;1.155830;1.155720;1.155780;0
20260406 041000;1.155770;1.155770;1.155520;1.155640;0
20260406 041100;1.155640;1.155830;1.155600;1.155820;0
20260406 041200;1.155800;1.156040;1.155780;1.155940;0
20260406 041300;1.155950;1.155960;1.155800;1.155860;0
20260406 041400;1.155860;1.155890;1.155780;1.155880;0
20260406 041500;1.155880;1.155910;1.155720;1.155730;0
20260406 041600;1.155730;1.155760;1.155660;1.155760;0
20260406 041700;1.155770;1.155830;1.155740;1.155750;0
20260406 041800;1.155790;1.155790;1.155690;1.155750;0
20260406 041900;1.155740;1.155850;1.155660;1.155670;0
20260406 042000;1.155690;1.155910;1.155660;1.155890;0
20260406 042100;1.155900;1.155900;1.155760;1.155760;0
20260406 042200;1.155770;1.155830;1.155750;1.155830;0
20260406 042300;1.155820;1.155870;1.155810;1.155840;0
20260406 042400;1.155840;1.156110;1.155820;1.156060;0
20260406 042500;1.156070;1.156290;1.156020;1.156260;0
20260406 042600;1.156280;1.156280;1.156010;1.156110;0
20260406 042700;1.156130;1.156180;1.155840;1.155840;0
20260406 042800;1.155880;1.155900;1.155770;1.155900;0
20260406 042900;1.155890;1.156020;1.155860;1.155890;0
20260406 043000;1.155870;1.156010;1.155870;1.155920;0
20260406 043100;1.155920;1.156100;1.155900;1.155960;0
20260406 043200;1.155970;1.156020;1.155910;1.155920;0
20260406 043300;1.155900;1.156030;1.155870;1.155980;0
20260406 043400;1.155990;1.156120;1.155980;1.156090;0
20260406 043500;1.156100;1.156130;1.156030;1.156130;0
20260406 043600;1.156120;1.156140;1.156020;1.156080;0
20260406 043700;1.156040;1.156170;1.156030;1.156170;0
20260406 043800;1.156190;1.156190;1.155990;1.155990;0
20260406 043900;1.156010;1.156010;1.155900;1.155930;0
20260406 044000;1.155900;1.156030;1.155900;1.155910;0
20260406 044100;1.155910;1.155950;1.155860;1.155880;0
20260406 044200;1.155870;1.155870;1.155720;1.155790;0
20260406 044300;1.155800;1.155820;1.155730;1.155800;0
20260406 044400;1.155800;1.155800;1.155700;1.155720;0
20260406 044500;1.155730;1.155730;1.155560;1.155560;0
20260406 044600;1.155560;1.155780;1.155560;1.155780;0
20260406 044700;1.155760;1.155760;1.155560;1.155650;0
20260406 044800;1.155670;1.155680;1.155570;1.155600;0
20260406 044900;1.155610;1.155670;1.155600;1.155670;0
20260406 045000;1.155650;1.155680;1.155540;1.155540;0
20260406 045100;1.155550;1.155580;1.155510;1.155520;0
20260406 045200;1.155520;1.155530;1.155380;1.155460;0
20260406 045300;1.155460;1.155470;1.155360;1.155470;0
20260406 045400;1.155450;1.155560;1.155450;1.155450;0
20260406 045500;1.155460;1.155490;1.155410;1.155490;0
20260406 045600;1.155480;1.155640;1.155480;1.155640;0
20260406 045700;1.155620;1.155870;1.155620;1.155830;0
20260406 045800;1.155810;1.155840;1.155600;1.155600;0
20260406 045900;1.155620;1.155620;1.155510;1.155510;0
20260406 050000;1.155530;1.155680;1.155490;1.155630;0
20260406 050100;1.155630;1.155630;1.155560;1.155610;0
20260406 050200;1.155620;1.155670;1.155510;1.155520;0
20260406 050300;1.155510;1.155630;1.155480;1.155620;0
20260406 050400;1.155620;1.155630;1.155520;1.155600;0
20260406 050500;1.155580;1.155640;1.155570;1.155570;0
20260406 050600;1.155580;1.155710;1.155580;1.155680;0
20260406 050700;1.155670;1.155720;1.155650;1.155680;0
20260406 050800;1.155670;1.155720;1.155620;1.155720;0
20260406 050900;1.155720;1.155810;1.155680;1.155790;0
20260406 051000;1.155800;1.155820;1.155670;1.155720;0
20260406 051100;1.155730;1.155740;1.155650;1.155680;0
20260406 051200;1.155670;1.155680;1.155520;1.155530;0
20260406 051300;1.155540;1.155570;1.155520;1.155530;0
20260406 051400;1.155520;1.155600;1.155510;1.155540;0
20260406 051500;1.155550;1.155550;1.155360;1.155480;0
20260406 051600;1.155490;1.155570;1.155470;1.155480;0
20260406 051700;1.155490;1.155530;1.155440;1.155480;0
20260406 051800;1.155490;1.155530;1.155470;1.155510;0
20260406 051900;1.155530;1.155530;1.155470;1.155520;0
20260406 052000;1.155510;1.155570;1.155460;1.155570;0
20260406 052100;1.155550;1.155630;1.155520;1.155590;0
20260406 052200;1.155610;1.155610;1.155510;1.155560;0
20260406 052300;1.155560;1.155650;1.155560;1.155620;0
20260406 052400;1.155630;1.155770;1.155630;1.155650;0
20260406 052500;1.155660;1.155670;1.155570;1.155660;0
20260406 052600;1.155650;1.155710;1.155610;1.155660;0
20260406 052700;1.155670;1.155730;1.155660;1.155690;0
20260406 052800;1.155690;1.155690;1.155600;1.155620;0
20260406 052900;1.155610;1.155620;1.155560;1.155570;0
20260406 053000;1.155570;1.155640;1.155570;1.155610;0
20260406 053100;1.155620;1.155650;1.155540;1.155600;0
20260406 053200;1.155590;1.155670;1.155560;1.155610;0
20260406 053300;1.155620;1.155630;1.155490;1.155570;0
20260406 053400;1.155550;1.155590;1.155470;1.155470;0
20260406 053500;1.155480;1.155530;1.155390;1.155510;0
20260406 053600;1.155510;1.155660;1.155480;1.155650;0
20260406 053700;1.155650;1.155720;1.155620;1.155660;0
20260406 053800;1.155660;1.155750;1.155640;1.155700;0
20260406 053900;1.155700;1.155700;1.155580;1.155640;0
20260406 054000;1.155630;1.155710;1.155570;1.155620;0
20260406 054100;1.155610;1.155640;1.155570;1.155610;0
20260406 054200;1.155600;1.155630;1.155480;1.155530;0
20260406 054300;1.155530;1.155540;1.155480;1.155500;0
20260406 054400;1.155520;1.155590;1.155470;1.155530;0
20260406 054500;1.155530;1.155670;1.155510;1.155630;0
20260406 054600;1.155650;1.155720;1.155650;1.155690;0
20260406 054700;1.155680;1.155850;1.155680;1.155740;0
20260406 054800;1.155780;1.155880;1.155770;1.155780;0
20260406 054900;1.155760;1.155810;1.155680;1.155780;0
20260406 055000;1.155780;1.155780;1.155620;1.155660;0
20260406 055100;1.155650;1.155700;1.155610;1.155660;0
20260406 055200;1.155680;1.155680;1.155560;1.155610;0
20260406 055300;1.155610;1.156030;1.155600;1.155660;0
20260406 055400;1.155650;1.155650;1.155070;1.155080;0
20260406 055500;1.155120;1.155130;1.154880;1.154990;0
20260406 055600;1.154980;1.154990;1.154770;1.154880;0
20260406 055700;1.154880;1.154930;1.154710;1.154910;0
20260406 055800;1.154900;1.155030;1.154840;1.154990;0
20260406 055900;1.154990;1.155090;1.154950;1.155020;0
20260406 060000;1.155040;1.155130;1.154930;1.155010;0
20260406 060100;1.154990;1.155060;1.154930;1.155050;0
20260406 060200;1.155030;1.155160;1.155030;1.155120;0
20260406 060300;1.155110;1.155220;1.155010;1.155130;0
20260406 060400;1.155120;1.155240;1.155080;1.155210;0
20260406 060500;1.155200;1.155230;1.155120;1.155120;0
20260406 060600;1.155140;1.155330;1.155090;1.155330;0
20260406 060700;1.155310;1.155310;1.155150;1.155210;0
20260406 060800;1.155220;1.155250;1.155180;1.155240;0
20260406 060900;1.155240;1.155320;1.155230;1.155290;0
20260406 061000;1.155280;1.155430;1.155270;1.155330;0
20260406 061100;1.155330;1.155330;1.155130;1.155140;0
20260406 061200;1.155150;1.155240;1.155100;1.155240;0
20260406 061300;1.155260;1.155290;1.155180;1.155220;0
20260406 061400;1.155200;1.155220;1.155010;1.155120;0
20260406 061500;1.155080;1.155150;1.155050;1.155060;0
20260406 061600;1.155080;1.155080;1.154880;1.154940;0
20260406 061700;1.154930;1.154970;1.154820;1.154880;0
20260406 061800;1.154890;1.155020;1.154820;1.155010;0
20260406 061900;1.155010;1.155020;1.154900;1.154910;0
20260406 062000;1.154910;1.154960;1.154880;1.154940;0
20260406 062100;1.154960;1.155050;1.154960;1.155020;0
20260406 062200;1.155020;1.155120;1.155020;1.155070;0
20260406 062300;1.155080;1.155120;1.155040;1.155080;0
20260406 062400;1.155070;1.155090;1.155020;1.155020;0
20260406 062500;1.155030;1.155030;1.154940;1.154970;0
20260406 062600;1.154970;1.154970;1.154740;1.154770;0
20260406 062700;1.154740;1.154780;1.154710;1.154770;0
20260406 062800;1.154800;1.154830;1.154760;1.154760;0
20260406 062900;1.154760;1.154790;1.154720;1.154780;0
20260406 063000;1.154790;1.154800;1.154730;1.154760;0
20260406 063100;1.154760;1.154760;1.154630;1.154740;0
20260406 063200;1.154730;1.154730;1.154650;1.154720;0
20260406 063300;1.154740;1.154830;1.154740;1.154800;0
20260406 063400;1.154810;1.154880;1.154790;1.154870;0
20260406 063500;1.154870;1.154890;1.154830;1.154870;0
20260406 063600;1.154850;1.154890;1.154830;1.154890;0
20260406 063700;1.154910;1.154960;1.154880;1.154900;0
20260406 063800;1.154930;1.155020;1.154920;1.154930;0
20260406 063900;1.154910;1.154910;1.154870;1.154880;0
20260406 064000;1.154920;1.154990;1.154910;1.154990;0
20260406 064100;1.154980;1.155140;1.154980;1.155050;0
20260406 064200;1.155040;1.155050;1.154980;1.155050;0
20260406 064300;1.155030;1.155070;1.154950;1.155050;0
20260406 064400;1.155060;1.155140;1.155030;1.155090;0
20260406 064500;1.155120;1.155120;1.154970;1.155010;0
20260406 064600;1.155020;1.155050;1.153760;1.154320;0
20260406 064700;1.154330;1.154680;1.154310;1.154640;0
20260406 064800;1.154660;1.155000;1.154650;1.154980;0
20260406 064900;1.154970;1.155020;1.154890;1.154980;0
20260406 065000;1.154970;1.155000;1.154870;1.154940;0
20260406 065100;1.154960;1.154960;1.154850;1.154940;0
20260406 065200;1.154930;1.154980;1.154930;1.154950;0
20260406 065300;1.154930;1.155060;1.154930;1.155040;0
20260406 065400;1.155040;1.155040;1.154750;1.154760;0
20260406 065500;1.154780;1.154910;1.154780;1.154830;0
20260406 065600;1.154880;1.154940;1.154820;1.154920;0
20260406 065700;1.154920;1.155020;1.154910;1.154980;0
20260406 065800;1.154980;1.154980;1.154900;1.154900;0
20260406 065900;1.154910;1.154910;1.154770;1.154790;0
20260406 070000;1.154810;1.154860;1.154790;1.154860;0
20260406 070100;1.154860;1.154960;1.154840;1.154930;0
20260406 070200;1.154940;1.154980;1.154880;1.154960;0
20260406 070300;1.154970;1.154980;1.154830;1.154830;0
20260406 070400;1.154860;1.154950;1.154690;1.154930;0
20260406 070500;1.154940;1.154950;1.154910;1.154920;0
20260406 070600;1.154890;1.154910;1.154830;1.154830;0
20260406 070700;1.154820;1.154840;1.154730;1.154810;0
20260406 070800;1.154820;1.154850;1.154750;1.154840;0
20260406 070900;1.154840;1.154840;1.154760;1.154830;0
20260406 071000;1.154830;1.154870;1.154790;1.154830;0
20260406 071100;1.154820;1.154820;1.154470;1.154510;0
20260406 071200;1.154480;1.154520;1.154420;1.154480;0
20260406 071300;1.154480;1.154480;1.154430;1.154450;0
20260406 071400;1.154450;1.154470;1.154220;1.154280;0
20260406 071500;1.154270;1.154390;1.154230;1.154300;0
20260406 071600;1.154290;1.154380;1.154260;1.154370;0
20260406 071700;1.154400;1.154470;1.154330;1.154450;0
20260406 071800;1.154480;1.154490;1.154310;1.154320;0
20260406 071900;1.154370;1.154380;1.154280;1.154280;0
20260406 072000;1.154280;1.154370;1.154190;1.154260;0
20260406 072100;1.154260;1.154350;1.154260;1.154320;0
20260406 072200;1.154300;1.154310;1.154200;1.154280;0
20260406 072300;1.154290;1.154290;1.154150;1.154160;0
20260406 072400;1.154150;1.154150;1.154030;1.154080;0
20260406 072500;1.154080;1.154200;1.154080;1.154140;0
20260406 072600;1.154140;1.154150;1.154030;1.154070;0
20260406 072700;1.154090;1.154130;1.154020;1.154080;0
20260406 072800;1.154090;1.154230;1.154070;1.154190;0
20260406 072900;1.154200;1.154320;1.154200;1.154300;0
20260406 073000;1.154310;1.154390;1.154310;1.154390;0
20260406 073100;1.154390;1.154390;1.154340;1.154370;0
20260406 073200;1.154370;1.154390;1.154320;1.154330;0
20260406 073300;1.154310;1.154340;1.154250;1.154340;0
20260406 073400;1.154370;1.154370;1.154270;1.154310;0
20260406 073500;1.154300;1.154340;1.154180;1.154340;0
20260406 073600;1.154340;1.154430;1.154340;1.154390;0
20260406 073700;1.154400;1.154430;1.154380;1.154390;0
20260406 073800;1.154390;1.154460;1.154380;1.154440;0
20260406 073900;1.154430;1.154440;1.154380;1.154440;0
20260406 074000;1.154480;1.154570;1.154480;1.154540;0
20260406 074100;1.154560;1.154590;1.154490;1.154490;0
20260406 074200;1.154510;1.154530;1.154440;1.154500;0
20260406 074300;1.154480;1.154510;1.154460;1.154460;0
20260406 074400;1.154420;1.154430;1.154310;1.154350;0
20260406 074500;1.154380;1.154570;1.154380;1.154470;0
20260406 074600;1.154480;1.154510;1.154480;1.154510;0
20260406 074700;1.154510;1.154690;1.154510;1.154650;0
20260406 074800;1.154630;1.154760;1.154620;1.154680;0
20260406 074900;1.154690;1.154700;1.154650;1.154690;0
20260406 075000;1.154690;1.154700;1.154630;1.154680;0
20260406 075100;1.154690;1.154690;1.154640;1.154690;0
20260406 075200;1.154680;1.154790;1.154580;1.154590;0
20260406 075300;1.154610;1.154610;1.154530;1.154580;0
20260406 075400;1.154580;1.154650;1.154550;1.154600;0
20260406 075500;1.154600;1.154600;1.154530;1.154560;0
20260406 075600;1.154590;1.154610;1.154540;1.154550;0
20260406 075700;1.154530;1.154610;1.154520;1.154600;0
20260406 075800;1.154610;1.154640;1.154500;1.154640;0
20260406 075900;1.154640;1.154650;1.154540;1.154550;0
20260406 080000;1.154550;1.154560;1.154460;1.154480;0
20260406 080100;1.154490;1.154580;1.154490;1.154570;0
20260406 080200;1.154580;1.154720;1.154580;1.154700;0
20260406 080300;1.154720;1.154790;1.154650;1.154780;0
20260406 080400;1.154780;1.154790;1.154580;1.154590;0
20260406 080500;1.154570;1.154650;1.154560;1.154640;0
20260406 080600;1.154640;1.154820;1.154620;1.154780;0
20260406 080700;1.154790;1.154790;1.154620;1.154620;0
20260406 080800;1.154600;1.154650;1.154550;1.154640;0
20260406 080900;1.154640;1.154730;1.154630;1.154700;0
20260406 081000;1.154680;1.154690;1.154550;1.154640;0
20260406 081100;1.154640;1.154640;1.154480;1.154540;0
20260406 081200;1.154540;1.154600;1.154490;1.154500;0
20260406 081300;1.154510;1.154610;1.154420;1.154600;0
20260406 081400;1.154600;1.154610;1.154500;1.154530;0
20260406 081500;1.154540;1.154580;1.154430;1.154470;0
20260406 081600;1.154450;1.154580;1.154450;1.154560;0
20260406 081700;1.154570;1.154610;1.154490;1.154610;0
20260406 081800;1.154590;1.154630;1.154570;1.154590;0
20260406 081900;1.154570;1.154570;1.154470;1.154480;0
20260406 082000;1.154460;1.154460;1.154310;1.154340;0
20260406 082100;1.154330;1.154390;1.154270;1.154270;0
20260406 082200;1.154260;1.154450;1.154260;1.154390;0
20260406 082300;1.154400;1.154480;1.154350;1.154440;0
20260406 082400;1.154460;1.154490;1.154370;1.154450;0
20260406 082500;1.154430;1.154490;1.154410;1.154460;0
20260406 082600;1.154480;1.154500;1.154410;1.154450;0
20260406 082700;1.154440;1.154510;1.154390;1.154500;0
20260406 082800;1.154490;1.154650;1.154490;1.154590;0
20260406 082900;1.154590;1.154620;1.154550;1.154610;0
20260406 083000;1.154600;1.154830;1.154590;1.154670;0
20260406 083100;1.154660;1.154710;1.154630;1.154690;0
20260406 083200;1.154680;1.154700;1.154610;1.154700;0
20260406 083300;1.154690;1.154760;1.154670;1.154760;0
20260406 083400;1.154760;1.154870;1.154720;1.154860;0
20260406 083500;1.154850;1.154910;1.154800;1.154910;0
20260406 083600;1.154900;1.155050;1.154870;1.155050;0
20260406 083700;1.155050;1.155260;1.155030;1.155150;0
20260406 083800;1.155140;1.155260;1.155140;1.155210;0
20260406 083900;1.155180;1.155270;1.155170;1.155170;0
20260406 084000;1.155170;1.155200;1.155000;1.155040;0
20260406 084100;1.155040;1.155090;1.155040;1.155060;0
20260406 084200;1.155050;1.155100;1.155020;1.155040;0
20260406 084300;1.155060;1.155140;1.155030;1.155120;0
20260406 084400;1.155120;1.155150;1.155090;1.155140;0
20260406 084500;1.155130;1.155350;1.155120;1.155340;0
20260406 084600;1.155350;1.155380;1.155290;1.155310;0
20260406 084700;1.155320;1.155320;1.155190;1.155280;0
20260406 084800;1.155290;1.155320;1.155230;1.155240;0
20260406 084900;1.155240;1.155310;1.155190;1.155250;0
20260406 085000;1.155220;1.155400;1.155220;1.155390;0
20260406 085100;1.155410;1.155450;1.155350;1.155350;0
20260406 085200;1.155340;1.155340;1.155110;1.155200;0
20260406 085300;1.155210;1.155250;1.155190;1.155250;0
20260406 085400;1.155240;1.155440;1.155240;1.155430;0
20260406 085500;1.155430;1.155440;1.155350;1.155390;0
20260406 085600;1.155380;1.155450;1.155340;1.155350;0
20260406 085700;1.155340;1.155370;1.155270;1.155350;0
20260406 085800;1.155360;1.155450;1.155350;1.155420;0
20260406 085900;1.155420;1.155440;1.155280;1.155310;0
20260406 090000;1.155340;1.155410;1.155190;1.155260;0
20260406 090100;1.155250;1.155250;1.155130;1.155190;0
20260406 090200;1.155190;1.155400;1.155170;1.155360;0
20260406 090300;1.155330;1.155360;1.155280;1.155360;0
20260406 090400;1.155360;1.155380;1.155170;1.155190;0
20260406 090500;1.155190;1.155190;1.155090;1.155100;0
20260406 090600;1.155100;1.155150;1.154990;1.155040;0
20260406 090700;1.155050;1.155300;1.154920;1.155290;0
20260406 090800;1.155280;1.155360;1.155180;1.155180;0
20260406 090900;1.155200;1.155490;1.155190;1.155460;0
20260406 091000;1.155440;1.155470;1.155340;1.155400;0
20260406 091100;1.155390;1.155610;1.155390;1.155580;0
20260406 091200;1.155590;1.155610;1.155490;1.155530;0
20260406 091300;1.155510;1.155560;1.155500;1.155500;0
20260406 091400;1.155490;1.155550;1.155460;1.155540;0
20260406 091500;1.155540;1.155560;1.155470;1.155480;0
20260406 091600;1.155480;1.155520;1.155390;1.155440;0
20260406 091700;1.155430;1.155450;1.155400;1.155400;0
20260406 091800;1.155400;1.155520;1.155390;1.155480;0
20260406 091900;1.155480;1.155480;1.155400;1.155400;0
20260406 092000;1.155400;1.155510;1.155380;1.155460;0
20260406 092100;1.155460;1.155510;1.155400;1.155450;0
20260406 092200;1.155460;1.155560;1.155450;1.155560;0
20260406 092300;1.155530;1.155550;1.155490;1.155510;0
20260406 092400;1.155500;1.155590;1.155470;1.155550;0
20260406 092500;1.155540;1.155620;1.155490;1.155500;0
20260406 092600;1.155500;1.155550;1.155490;1.155520;0
20260406 092700;1.155520;1.155540;1.155440;1.155500;0
20260406 092800;1.155500;1.155580;1.155480;1.155580;0
20260406 092900;1.155580;1.155710;1.155570;1.155710;0
20260406 093000;1.155710;1.156000;1.155630;1.155700;0
20260406 093100;1.155700;1.155800;1.155630;1.155740;0
20260406 093200;1.155750;1.155810;1.155620;1.155680;0
20260406 093300;1.155670;1.155890;1.155640;1.155850;0
20260406 093400;1.155860;1.155860;1.155700;1.155750;0
20260406 093500;1.155770;1.155910;1.155770;1.155860;0
20260406 093600;1.155840;1.155860;1.155670;1.155720;0
20260406 093700;1.155700;1.155790;1.155620;1.155730;0
20260406 093800;1.155730;1.155760;1.155600;1.155700;0
20260406 093900;1.155700;1.155760;1.155630;1.155650;0
20260406 094000;1.155640;1.155710;1.155560;1.155690;0
20260406 094100;1.155690;1.155770;1.155650;1.155750;0
20260406 094200;1.155770;1.155790;1.155560;1.155580;0
20260406 094300;1.155580;1.155740;1.155560;1.155630;0
20260406 094400;1.155620;1.155660;1.155590;1.155590;0
20260406 094500;1.155590;1.155740;1.155510;1.155680;0
20260406 094600;1.155680;1.155860;1.155660;1.155670;0
20260406 094700;1.155670;1.155730;1.155620;1.155660;0
20260406 094800;1.155660;1.155720;1.155590;1.155690;0
20260406 094900;1.155710;1.155720;1.155560;1.155560;0
20260406 095000;1.155580;1.155700;1.155520;1.155690;0
20260406 095100;1.155690;1.155810;1.155660;1.155730;0
20260406 095200;1.155720;1.155830;1.155680;1.155770;0
20260406 095300;1.155770;1.155850;1.155720;1.155800;0
20260406 095400;1.155790;1.156010;1.155780;1.155960;0
20260406 095500;1.155960;1.156020;1.155780;1.155780;0
20260406 095600;1.155780;1.155970;1.155770;1.155910;0
20260406 095700;1.155910;1.156000;1.155830;1.155890;0
20260406 095800;1.155900;1.156050;1.155870;1.156040;0
20260406 095900;1.156050;1.156120;1.155940;1.155980;0
20260406 100000;1.156010;1.156600;1.155980;1.156170;0
20260406 100100;1.156150;1.156220;1.156050;1.156070;0
20260406 100200;1.156060;1.156060;1.155790;1.155790;0
20260406 100300;1.155770;1.155810;1.155640;1.155730;0
20260406 100400;1.155750;1.155800;1.155640;1.155670;0
20260406 100500;1.155670;1.155810;1.155470;1.155530;0
20260406 100600;1.155530;1.155650;1.155510;1.155610;0
20260406 100700;1.155630;1.155660;1.155520;1.155540;0
20260406 100800;1.155560;1.155590;1.155460;1.155540;0
20260406 100900;1.155550;1.155600;1.155420;1.155550;0
20260406 101000;1.155540;1.155560;1.155430;1.155500;0
20260406 101100;1.155530;1.155650;1.155500;1.155570;0
20260406 101200;1.155560;1.155700;1.155520;1.155600;0
20260406 101300;1.155630;1.155750;1.155610;1.155740;0
20260406 101400;1.155730;1.155870;1.155710;1.155840;0
20260406 101500;1.155820;1.156030;1.155780;1.156010;0
20260406 101600;1.156030;1.156070;1.155940;1.156040;0
20260406 101700;1.156040;1.156160;1.155970;1.156110;0
20260406 101800;1.156130;1.156260;1.156080;1.156250;0
20260406 101900;1.156240;1.156290;1.156110;1.156200;0
20260406 102000;1.156230;1.156280;1.156030;1.156060;0
20260406 102100;1.156040;1.156550;1.156030;1.156510;0
20260406 102200;1.156510;1.156580;1.156470;1.156500;0
20260406 102300;1.156490;1.156540;1.156400;1.156420;0
20260406 102400;1.156420;1.156440;1.156330;1.156440;0
20260406 102500;1.156420;1.156450;1.156320;1.156360;0
20260406 102600;1.156380;1.156660;1.156360;1.156640;0
20260406 102700;1.156630;1.156700;1.156550;1.156580;0
20260406 102800;1.156570;1.156610;1.156480;1.156580;0
20260406 102900;1.156590;1.156620;1.156490;1.156550;0
20260406 103000;1.156540;1.156690;1.156490;1.156640;0
20260406 103100;1.156650;1.156700;1.156540;1.156680;0
20260406 103200;1.156690;1.156930;1.156680;1.156910;0
20260406 103300;1.156890;1.156900;1.156730;1.156760;0
20260406 103400;1.156780;1.156900;1.156750;1.156890;0
20260406 103500;1.156900;1.157130;1.156720;1.156730;0
20260406 103600;1.156730;1.156870;1.156680;1.156870;0
20260406 103700;1.156880;1.156890;1.156610;1.156700;0
20260406 103800;1.156710;1.156940;1.155330;1.155780;0
20260406 103900;1.155790;1.156290;1.155740;1.156290;0
20260406 104000;1.156250;1.156510;1.156240;1.156490;0
20260406 104100;1.156490;1.156720;1.156420;1.156530;0
20260406 104200;1.156540;1.156580;1.156300;1.156330;0
20260406 104300;1.156320;1.156430;1.156260;1.156380;0
20260406 104400;1.156380;1.156480;1.156220;1.156220;0
20260406 104500;1.156200;1.156250;1.155890;1.155930;0
20260406 104600;1.155920;1.155920;1.155550;1.155600;0
20260406 104700;1.155600;1.155730;1.155490;1.155600;0
20260406 104800;1.155630;1.155740;1.155530;1.155630;0
20260406 104900;1.155640;1.155660;1.155530;1.155600;0
20260406 105000;1.155610;1.155800;1.155550;1.155620;0
20260406 105100;1.155630;1.155730;1.155350;1.155400;0
20260406 105200;1.155390;1.155620;1.155360;1.155550;0
20260406 105300;1.155540;1.155550;1.155130;1.155130;0
20260406 105400;1.155140;1.155200;1.154790;1.154890;0
20260406 105500;1.154890;1.154890;1.154510;1.154650;0
20260406 105600;1.154650;1.154660;1.154420;1.154570;0
20260406 105700;1.154590;1.154980;1.154340;1.154430;0
20260406 105800;1.154470;1.154570;1.154280;1.154290;0
20260406 105900;1.154300;1.154340;1.154240;1.154300;0
20260406 110000;1.154300;1.154320;1.154050;1.154070;0
20260406 110100;1.154060;1.154130;1.153980;1.154120;0
20260406 110200;1.154110;1.154350;1.153870;1.154090;0
20260406 110300;1.154090;1.154090;1.153840;1.153930;0
20260406 110400;1.153950;1.154040;1.153880;1.154030;0
20260406 110500;1.154020;1.154200;1.153920;1.154020;0
20260406 110600;1.154040;1.154140;1.153980;1.154080;0
20260406 110700;1.154070;1.154240;1.153990;1.154230;0
20260406 110800;1.154230;1.154230;1.154090;1.154110;0
20260406 110900;1.154120;1.154210;1.154100;1.154190;0
20260406 111000;1.154200;1.154260;1.153950;1.154010;0
20260406 111100;1.154030;1.154090;1.153910;1.153950;0
20260406 111200;1.153940;1.154030;1.153880;1.153940;0
20260406 111300;1.153930;1.154110;1.153910;1.153920;0
20260406 111400;1.153900;1.153900;1.153740;1.153760;0
20260406 111500;1.153750;1.153900;1.153580;1.153580;0
20260406 111600;1.153580;1.153820;1.153530;1.153720;0
20260406 111700;1.153710;1.153810;1.153670;1.153770;0
20260406 111800;1.153780;1.153970;1.153750;1.153870;0
20260406 111900;1.153870;1.153890;1.153770;1.153870;0
20260406 112000;1.153870;1.154020;1.153830;1.153960;0
20260406 112100;1.153950;1.154070;1.153890;1.154050;0
20260406 112200;1.154050;1.154160;1.154030;1.154150;0
20260406 112300;1.154140;1.154200;1.154050;1.154100;0
20260406 112400;1.154110;1.154170;1.154050;1.154120;0
20260406 112500;1.154130;1.154130;1.153990;1.154010;0
20260406 112600;1.154010;1.154100;1.153960;1.154010;0
20260406 112700;1.154000;1.154100;1.153990;1.154090;0
20260406 112800;1.154080;1.154090;1.153950;1.153990;0
20260406 112900;1.153990;1.154040;1.153960;1.154000;0
20260406 113000;1.154010;1.154040;1.153900;1.153940;0
20260406 113100;1.153920;1.153960;1.153820;1.153830;0
20260406 113200;1.153860;1.153890;1.153690;1.153690;0
20260406 113300;1.153700;1.153960;1.153640;1.153930;0
20260406 113400;1.153950;1.154020;1.153840;1.153860;0
20260406 113500;1.153870;1.154120;1.153860;1.154090;0
20260406 113600;1.154110;1.154110;1.153980;1.154010;0
20260406 113700;1.154020;1.154040;1.153870;1.153940;0
20260406 113800;1.153950;1.154000;1.153930;1.153930;0
20260406 113900;1.153940;1.154150;1.153930;1.154100;0
20260406 114000;1.154090;1.154110;1.154010;1.154100;0
20260406 114100;1.154080;1.154080;1.153980;1.153990;0
20260406 114200;1.154010;1.154100;1.153950;1.154050;0
20260406 114300;1.154050;1.154150;1.154050;1.154070;0
20260406 114400;1.154070;1.154170;1.154030;1.154030;0
20260406 114500;1.154030;1.154050;1.153870;1.153970;0
20260406 114600;1.154000;1.154070;1.153890;1.153920;0
20260406 114700;1.153920;1.154070;1.153920;1.154050;0
20260406 114800;1.154050;1.154220;1.154040;1.154110;0
20260406 114900;1.154140;1.154160;1.153990;1.154020;0
20260406 115000;1.154010;1.154060;1.153910;1.154040;0
20260406 115100;1.154030;1.154060;1.153970;1.154000;0
20260406 115200;1.153990;1.154050;1.153970;1.154040;0
20260406 115300;1.154040;1.154110;1.154030;1.154100;0
20260406 115400;1.154090;1.154210;1.154070;1.154190;0
20260406 115500;1.154180;1.154250;1.154140;1.154240;0
20260406 115600;1.154240;1.154280;1.154180;1.154220;0
20260406 115700;1.154230;1.154360;1.154230;1.154330;0
20260406 115800;1.154340;1.154410;1.154250;1.154320;0
20260406 115900;1.154330;1.154430;1.154320;1.154420;0
20260406 120000;1.154410;1.154560;1.154400;1.154540;0
20260406 120100;1.154540;1.154540;1.154410;1.154470;0
20260406 120200;1.154470;1.154490;1.154380;1.154470;0
20260406 120300;1.154480;1.154680;1.154470;1.154660;0
20260406 120400;1.154670;1.154670;1.154560;1.154560;0
20260406 120500;1.154580;1.154620;1.154450;1.154550;0
20260406 120600;1.154530;1.154610;1.154490;1.154510;0
20260406 120700;1.154510;1.154620;1.154490;1.154560;0
20260406 120800;1.154570;1.154620;1.154530;1.154540;0
20260406 120900;1.154540;1.154590;1.154520;1.154540;0
20260406 121000;1.154560;1.154660;1.154540;1.154650;0
20260406 121100;1.154650;1.154750;1.154620;1.154720;0
20260406 121200;1.154720;1.154760;1.154710;1.154730;0
20260406 121300;1.154730;1.154730;1.154650;1.154690;0
20260406 121400;1.154680;1.154750;1.154650;1.154690;0
20260406 121500;1.154680;1.154690;1.154580;1.154620;0
20260406 121600;1.154610;1.154650;1.154540;1.154620;0
20260406 121700;1.154610;1.154650;1.154590;1.154620;0
20260406 121800;1.154620;1.154650;1.154580;1.154600;0
20260406 121900;1.154590;1.154610;1.154520;1.154550;0
20260406 122000;1.154570;1.154570;1.154500;1.154520;0
20260406 122100;1.154500;1.154560;1.154440;1.154440;0
20260406 122200;1.154450;1.154450;1.154290;1.154300;0
20260406 122300;1.154300;1.154380;1.154230;1.154360;0
20260406 122400;1.154350;1.154400;1.154270;1.154300;0
20260406 122500;1.154320;1.154500;1.154290;1.154500;0
20260406 122600;1.154470;1.154520;1.154460;1.154460;0
20260406 122700;1.154460;1.154500;1.154420;1.154470;0
20260406 122800;1.154470;1.154610;1.154470;1.154600;0
20260406 122900;1.154600;1.154630;1.154570;1.154610;0
20260406 123000;1.154610;1.154630;1.154500;1.154520;0
20260406 123100;1.154520;1.154520;1.154420;1.154470;0
20260406 123200;1.154480;1.154500;1.154380;1.154450;0
20260406 123300;1.154430;1.154430;1.154370;1.154410;0
20260406 123400;1.154410;1.154500;1.154390;1.154470;0
20260406 123500;1.154450;1.154570;1.154450;1.154570;0
20260406 123600;1.154570;1.154570;1.154430;1.154520;0
20260406 123700;1.154500;1.154630;1.154500;1.154630;0
20260406 123800;1.154630;1.154760;1.154630;1.154690;0
20260406 123900;1.154700;1.154700;1.154600;1.154620;0
20260406 124000;1.154620;1.154630;1.154520;1.154560;0
20260406 124100;1.154590;1.154660;1.154570;1.154660;0
20260406 124200;1.154640;1.154800;1.154640;1.154800;0
20260406 124300;1.154800;1.154820;1.154710;1.154720;0
20260406 124400;1.154700;1.154770;1.154650;1.154650;0
20260406 124500;1.154650;1.154660;1.154560;1.154560;0
20260406 124600;1.154560;1.154570;1.154460;1.154560;0
20260406 124700;1.154560;1.154560;1.154500;1.154500;0
20260406 124800;1.154520;1.154540;1.154460;1.154500;0
20260406 124900;1.154470;1.154630;1.154470;1.154620;0
20260406 125000;1.154600;1.154630;1.154580;1.154620;0
20260406 125100;1.154610;1.154710;1.154610;1.154700;0
20260406 125200;1.154710;1.154720;1.154660;1.154710;0
20260406 125300;1.154710;1.154770;1.154640;1.154660;0
20260406 125400;1.154670;1.154680;1.154440;1.154490;0
20260406 125500;1.154480;1.154540;1.154320;1.154500;0
20260406 125600;1.154520;1.154530;1.154250;1.154330;0
20260406 125700;1.154340;1.154430;1.154270;1.154280;0
20260406 125800;1.154300;1.154440;1.154260;1.154380;0
20260406 125900;1.154370;1.154540;1.154370;1.154500;0
20260406 130000;1.154500;1.154500;1.154150;1.154210;0
20260406 130100;1.154210;1.154230;1.154050;1.154050;0
20260406 130200;1.154070;1.154140;1.153910;1.153930;0
20260406 130300;1.153950;1.154010;1.153880;1.153980;0
20260406 130400;1.153990;1.154040;1.153870;1.153900;0
20260406 130500;1.153890;1.153920;1.153870;1.153900;0
20260406 130600;1.153900;1.153900;1.153870;1.153870;0
20260406 130700;1.153880;1.153970;1.153870;1.153960;0
20260406 130800;1.153980;1.154010;1.153840;1.153840;0
20260406 130900;1.153860;1.153900;1.153600;1.153710;0
20260406 131000;1.153730;1.153820;1.153560;1.153710;0
20260406 131100;1.153730;1.153810;1.153730;1.153790;0
20260406 131200;1.153790;1.153870;1.153550;1.153600;0
20260406 131300;1.153610;1.153710;1.153570;1.153590;0
20260406 131400;1.153620;1.153680;1.153480;1.153640;0
20260406 131500;1.153670;1.153700;1.153410;1.153450;0
20260406 131600;1.153430;1.153530;1.153420;1.153510;0
20260406 131700;1.153520;1.153660;1.153520;1.153610;0
20260406 131800;1.153600;1.153690;1.153570;1.153670;0
20260406 131900;1.153670;1.153820;1.153660;1.153820;0
20260406 132000;1.153810;1.153880;1.153730;1.153750;0
20260406 132100;1.153740;1.153910;1.153730;1.153890;0
20260406 132200;1.153910;1.154020;1.153870;1.154000;0
20260406 132300;1.153990;1.154340;1.153990;1.154230;0
20260406 132400;1.154220;1.154260;1.154180;1.154230;0
20260406 132500;1.154230;1.154410;1.154180;1.154400;0
20260406 132600;1.154380;1.154380;1.154180;1.154240;0
20260406 132700;1.154230;1.154300;1.154200;1.154280;0
20260406 132800;1.154270;1.154380;1.154270;1.154340;0
20260406 132900;1.154340;1.154420;1.154310;1.154350;0
20260406 133000;1.154370;1.154380;1.154320;1.154320;0
20260406 133100;1.154330;1.154510;1.154330;1.154480;0
20260406 133200;1.154480;1.154560;1.154440;1.154440;0
20260406 133300;1.154420;1.154480;1.154420;1.154470;0
20260406 133400;1.154470;1.154860;1.154360;1.154610;0
20260406 133500;1.154600;1.154630;1.154410;1.154430;0
20260406 133600;1.154410;1.154560;1.154410;1.154530;0
20260406 133700;1.154520;1.154560;1.154420;1.154460;0
20260406 133800;1.154430;1.154440;1.154360;1.154380;0
20260406 133900;1.154390;1.154480;1.154370;1.154440;0
20260406 134000;1.154420;1.154440;1.154360;1.154370;0
20260406 134100;1.154370;1.154370;1.154160;1.154180;0
20260406 134200;1.154180;1.154180;1.154080;1.154170;0
20260406 134300;1.154180;1.154180;1.154080;1.154160;0
20260406 134400;1.154180;1.154290;1.154170;1.154240;0
20260406 134500;1.154240;1.154300;1.154210;1.154210;0
20260406 134600;1.154220;1.154280;1.154210;1.154220;0
20260406 134700;1.154210;1.154220;1.154090;1.154110;0
20260406 134800;1.154090;1.154100;1.154010;1.154050;0
20260406 134900;1.154070;1.154160;1.154050;1.154110;0
20260406 135000;1.154110;1.154180;1.154110;1.154120;0
20260406 135100;1.154130;1.154180;1.154100;1.154160;0
20260406 135200;1.154150;1.154150;1.154080;1.154120;0
20260406 135300;1.154110;1.154180;1.154110;1.154170;0
20260406 135400;1.154210;1.154310;1.154210;1.154290;0
20260406 135500;1.154320;1.154400;1.154310;1.154320;0
20260406 135600;1.154320;1.154340;1.154250;1.154320;0
20260406 135700;1.154330;1.154370;1.154230;1.154230;0
20260406 135800;1.154210;1.154230;1.154180;1.154200;0
20260406 135900;1.154220;1.154220;1.154120;1.154130;0
20260406 140000;1.154120;1.154130;1.153960;1.154060;0
20260406 140100;1.154060;1.154060;1.153940;1.154040;0
20260406 140200;1.154040;1.154060;1.154010;1.154040;0
20260406 140300;1.154050;1.154100;1.154000;1.154070;0
20260406 140400;1.154100;1.154380;1.154070;1.154240;0
20260406 140500;1.154240;1.154290;1.154180;1.154230;0
20260406 140600;1.154210;1.154250;1.154150;1.154170;0
20260406 140700;1.154160;1.154270;1.154160;1.154270;0
20260406 140800;1.154260;1.154320;1.154240;1.154280;0
20260406 140900;1.154270;1.154420;1.154270;1.154410;0
20260406 141000;1.154430;1.154780;1.154420;1.154730;0
20260406 141100;1.154740;1.155110;1.154680;1.154890;0
20260406 141200;1.154860;1.154910;1.154790;1.154890;0
20260406 141300;1.154910;1.154940;1.154750;1.154890;0
20260406 141400;1.154870;1.154870;1.154670;1.154820;0
20260406 141500;1.154800;1.154970;1.154780;1.154950;0
20260406 141600;1.154940;1.154980;1.154810;1.154820;0
20260406 141700;1.154790;1.154870;1.154780;1.154830;0
20260406 141800;1.154860;1.155060;1.154860;1.155030;0
20260406 141900;1.155050;1.155170;1.155030;1.155080;0
20260406 142000;1.155050;1.155150;1.155020;1.155120;0
20260406 142100;1.155120;1.155170;1.155070;1.155150;0
20260406 142200;1.155140;1.155220;1.155080;1.155200;0
20260406 142300;1.155200;1.155240;1.155110;1.155110;0
20260406 142400;1.155090;1.155120;1.154970;1.155010;0
20260406 142500;1.155000;1.155000;1.154860;1.154970;0
20260406 142600;1.155000;1.155020;1.154900;1.154900;0
20260406 142700;1.154880;1.155190;1.154880;1.155040;0
20260406 142800;1.155050;1.155170;1.155050;1.155100;0
20260406 142900;1.155090;1.155110;1.155020;1.155020;0
20260406 143000;1.155020;1.155190;1.155020;1.155040;0
20260406 143100;1.155030;1.155060;1.154870;1.154900;0
20260406 143200;1.154900;1.154910;1.154700;1.154790;0
20260406 143300;1.154810;1.154880;1.154750;1.154800;0
20260406 143400;1.154810;1.154860;1.154740;1.154850;0
20260406 143500;1.154870;1.154990;1.154870;1.154920;0
20260406 143600;1.154920;1.154930;1.154800;1.154840;0
20260406 143700;1.154830;1.154910;1.154740;1.154760;0
20260406 143800;1.154770;1.154770;1.154630;1.154640;0
20260406 143900;1.154630;1.154630;1.154490;1.154510;0
20260406 144000;1.154500;1.154510;1.154420;1.154470;0
20260406 144100;1.154470;1.154580;1.154440;1.154560;0
20260406 144200;1.154560;1.154650;1.154520;1.154570;0
20260406 144300;1.154590;1.154590;1.154470;1.154510;0
20260406 144400;1.154500;1.154570;1.154460;1.154460;0
20260406 144500;1.154460;1.154600;1.154450;1.154490;0
20260406 144600;1.154510;1.154550;1.154370;1.154420;0
20260406 144700;1.154420;1.154500;1.154390;1.154470;0
20260406 144800;1.154440;1.154600;1.154440;1.154580;0
20260406 144900;1.154560;1.154570;1.154460;1.154520;0
20260406 145000;1.154510;1.154580;1.154490;1.154520;0
20260406 145100;1.154520;1.154610;1.154520;1.154570;0
20260406 145200;1.154580;1.154610;1.154560;1.154590;0
20260406 145300;1.154620;1.154660;1.154550;1.154620;0
20260406 145400;1.154600;1.154670;1.154540;1.154550;0
20260406 145500;1.154560;1.154560;1.154450;1.154480;0
20260406 145600;1.154460;1.154620;1.154460;1.154620;0
20260406 145700;1.154620;1.154660;1.154500;1.154500;0
20260406 145800;1.154520;1.154560;1.154470;1.154510;0
20260406 145900;1.154510;1.154580;1.154490;1.154560;0
20260406 150000;1.154580;1.154600;1.154400;1.154400;0
20260406 150100;1.154400;1.154430;1.154340;1.154340;0
20260406 150200;1.154360;1.154410;1.154320;1.154370;0
20260406 150300;1.154390;1.154410;1.154340;1.154400;0
20260406 150400;1.154400;1.154520;1.154400;1.154520;0
20260406 150500;1.154540;1.154660;1.154530;1.154590;0
20260406 150600;1.154600;1.154610;1.154500;1.154520;0
20260406 150700;1.154510;1.154520;1.154460;1.154470;0
20260406 150800;1.154470;1.154470;1.154430;1.154460;0
20260406 150900;1.154460;1.154510;1.154450;1.154470;0
20260406 151000;1.154450;1.154460;1.154370;1.154460;0
20260406 151100;1.154440;1.154460;1.154410;1.154450;0
20260406 151200;1.154430;1.154480;1.154420;1.154440;0
20260406 151300;1.154430;1.154480;1.154400;1.154430;0
20260406 151400;1.154420;1.154480;1.154400;1.154470;0
20260406 151500;1.154470;1.154520;1.154450;1.154520;0
20260406 151600;1.154520;1.154560;1.154420;1.154420;0
20260406 151700;1.154410;1.154430;1.154410;1.154430;0
20260406 151800;1.154420;1.154430;1.154360;1.154410;0
20260406 151900;1.154420;1.154420;1.154300;1.154320;0
20260406 152000;1.154340;1.154340;1.154270;1.154310;0
20260406 152100;1.154310;1.154360;1.154300;1.154310;0
20260406 152200;1.154310;1.154320;1.154290;1.154300;0
20260406 152300;1.154300;1.154310;1.154260;1.154270;0
20260406 152400;1.154260;1.154260;1.154200;1.154200;0
20260406 152500;1.154200;1.154270;1.154160;1.154270;0
20260406 152600;1.154280;1.154280;1.154200;1.154200;0
20260406 152700;1.154200;1.154210;1.154170;1.154180;0
20260406 152800;1.154200;1.154250;1.154190;1.154250;0
20260406 152900;1.154260;1.154260;1.154210;1.154210;0
20260406 153000;1.154230;1.154330;1.154230;1.154260;0
20260406 153100;1.154270;1.154270;1.154200;1.154200;0
20260406 153200;1.154220;1.154220;1.154060;1.154060;0
20260406 153300;1.154050;1.154250;1.154050;1.154240;0
20260406 153400;1.154220;1.154230;1.154150;1.154180;0
20260406 153500;1.154170;1.154190;1.154140;1.154160;0
20260406 153600;1.154150;1.154240;1.154130;1.154220;0
20260406 153700;1.154210;1.154240;1.154210;1.154240;0
20260406 153800;1.154240;1.154300;1.154230;1.154280;0
20260406 153900;1.154280;1.154300;1.154270;1.154300;0
20260406 154000;1.154310;1.154350;1.154300;1.154330;0
20260406 154100;1.154340;1.154340;1.154290;1.154290;0
20260406 154200;1.154300;1.154310;1.154270;1.154280;0
20260406 154300;1.154280;1.154330;1.154280;1.154330;0
20260406 154400;1.154330;1.154380;1.154330;1.154380;0
20260406 154500;1.154380;1.154430;1.154370;1.154430;0
20260406 154600;1.154410;1.154410;1.154340;1.154340;0
20260406 154700;1.154360;1.154390;1.154360;1.154380;0
20260406 154800;1.154380;1.154510;1.154380;1.154510;0
20260406 154900;1.154480;1.154550;1.154480;1.154540;0
20260406 155000;1.154540;1.154670;1.154540;1.154650;0
20260406 155100;1.154650;1.154650;1.154580;1.154590;0
20260406 155200;1.154590;1.154600;1.154530;1.154570;0
20260406 155300;1.154590;1.154590;1.154450;1.154450;0
20260406 155400;1.154450;1.154500;1.154340;1.154370;0
20260406 155500;1.154380;1.154540;1.154360;1.154440;0
20260406 155600;1.154440;1.154440;1.154380;1.154430;0
20260406 155700;1.154420;1.154440;1.154420;1.154420;0
20260406 155800;1.154420;1.154440;1.154370;1.154380;0
20260406 155900;1.154390;1.154410;1.154260;1.154260;0
20260406 160000;1.154280;1.154350;1.154230;1.154300;0
20260406 160100;1.154300;1.154330;1.154270;1.154330;0
20260406 160200;1.154320;1.154320;1.154240;1.154250;0
20260406 160300;1.154260;1.154270;1.154220;1.154220;0
20260406 160400;1.154200;1.154230;1.154200;1.154230;0
20260406 160500;1.154200;1.154230;1.154170;1.154210;0
20260406 160600;1.154190;1.154250;1.154190;1.154230;0
20260406 160700;1.154230;1.154250;1.154200;1.154200;0
20260406 160800;1.154200;1.154220;1.154190;1.154190;0
20260406 160900;1.154200;1.154220;1.154130;1.154140;0
20260406 161000;1.154150;1.154180;1.154130;1.154140;0
20260406 161100;1.154140;1.154140;1.154070;1.154120;0
20260406 161200;1.154120;1.154150;1.154080;1.154150;0
20260406 161300;1.154160;1.154170;1.154120;1.154160;0
20260406 161400;1.154160;1.154160;1.154160;1.154160;0
20260406 161500;1.154160;1.154170;1.154150;1.154150;0
20260406 161600;1.154160;1.154270;1.154160;1.154250;0
20260406 161700;1.154240;1.154260;1.154220;1.154220;0
20260406 161800;1.154250;1.154260;1.154230;1.154250;0
20260406 161900;1.154260;1.154310;1.154250;1.154300;0
20260406 162000;1.154310;1.154350;1.154300;1.154320;0
20260406 162100;1.154320;1.154340;1.154320;1.154330;0
20260406 162200;1.154340;1.154340;1.154310;1.154340;0
20260406 162300;1.154330;1.154420;1.154330;1.154420;0
20260406 162400;1.154400;1.154420;1.154390;1.154410;0
20260406 162500;1.154390;1.154400;1.154370;1.154370;0
20260406 162600;1.154370;1.154420;1.154370;1.154410;0
20260406 162700;1.154420;1.154440;1.154410;1.154420;0
20260406 162800;1.154420;1.154430;1.154410;1.154420;0
20260406 162900;1.154430;1.154430;1.154270;1.154320;0
20260406 163000;1.154320;1.154380;1.154320;1.154360;0
20260406 163100;1.154370;1.154370;1.154330;1.154350;0
20260406 163200;1.154360;1.154370;1.154270;1.154340;0
20260406 163300;1.154320;1.154350;1.154320;1.154340;0
20260406 163400;1.154360;1.154360;1.154300;1.154300;0
20260406 163500;1.154300;1.154320;1.154290;1.154300;0
20260406 163600;1.154310;1.154330;1.154300;1.154300;0
20260406 163700;1.154320;1.154320;1.154300;1.154310;0
20260406 163800;1.154310;1.154330;1.154300;1.154310;0
20260406 163900;1.154290;1.154290;1.154200;1.154250;0
20260406 164000;1.154250;1.154300;1.154250;1.154280;0
20260406 164100;1.154290;1.154290;1.154260;1.154270;0
20260406 164200;1.154280;1.154280;1.154250;1.154250;0
20260406 164300;1.154290;1.154330;1.154290;1.154320;0
20260406 164400;1.154320;1.154320;1.154310;1.154310;0
20260406 164500;1.154320;1.154370;1.154300;1.154340;0
20260406 164600;1.154350;1.154360;1.154330;1.154360;0
20260406 164700;1.154350;1.154350;1.154330;1.154340;0
20260406 164800;1.154320;1.154340;1.154300;1.154300;0
20260406 164900;1.154290;1.154330;1.154270;1.154300;0
20260406 165000;1.154320;1.154360;1.154320;1.154350;0
20260406 165100;1.154360;1.154360;1.154320;1.154320;0
20260406 165200;1.154320;1.154330;1.154280;1.154320;0
20260406 165300;1.154300;1.154330;1.154290;1.154290;0
20260406 165400;1.154290;1.154310;1.154190;1.154210;0
20260406 165500;1.154210;1.154220;1.154170;1.154190;0
20260406 165600;1.154210;1.154230;1.154180;1.154210;0
20260406 165700;1.154190;1.154210;1.154180;1.154200;0
20260406 165800;1.154210;1.154310;1.154200;1.154290;0
20260406 165900;1.154270;1.154280;1.154010;1.154030;0
20260406 170000;1.154010;1.154020;1.153940;1.154020;0
20260406 170100;1.154020;1.154020;1.154020;1.154020;0
20260406 170400;1.154020;1.154020;1.153680;1.153680;0
20260406 170500;1.153740;1.153950;1.153680;1.153890;0
20260406 170600;1.153890;1.153890;1.153830;1.153850;0
20260406 170700;1.153850;1.153850;1.153830;1.153830;0
20260406 170800;1.153860;1.153880;1.153830;1.153880;0
20260406 170900;1.153830;1.153910;1.153830;1.153890;0
20260406 171000;1.153890;1.153920;1.153880;1.153890;0
20260406 171100;1.153890;1.153890;1.153820;1.153870;0
20260406 171200;1.153880;1.153970;1.153880;1.153910;0
20260406 171300;1.154000;1.154030;1.153860;1.153860;0
20260406 171400;1.153870;1.154280;1.153870;1.154280;0
20260406 171500;1.154280;1.154290;1.154280;1.154280;0
20260406 171600;1.154280;1.154290;1.154280;1.154290;0
20260406 171700;1.154160;1.154170;1.153970;1.153990;0
20260406 171800;1.153960;1.154290;1.153960;1.154290;0
20260406 171900;1.154210;1.154210;1.154160;1.154160;0
20260406 172000;1.154160;1.154190;1.154140;1.154190;0
20260406 172100;1.154210;1.154210;1.154150;1.154180;0
20260406 172200;1.154190;1.154290;1.154160;1.154280;0
20260406 172300;1.154290;1.154290;1.154280;1.154280;0
20260406 172400;1.154290;1.154290;1.153940;1.153980;0
20260406 172500;1.153950;1.153950;1.153950;1.153950;0
20260406 172600;1.153970;1.154000;1.153950;1.153960;0
20260406 172700;1.153970;1.154010;1.153950;1.153990;0
20260406 172800;1.153960;1.154020;1.153940;1.154020;0
20260406 172900;1.154000;1.154000;1.153910;1.153920;0
20260406 173000;1.153940;1.154240;1.153930;1.154230;0
20260406 173100;1.154220;1.154220;1.154200;1.154200;0
20260406 173200;1.154200;1.154210;1.154200;1.154210;0
20260406 173300;1.154230;1.154230;1.154230;1.154230;0
20260406 173400;1.154210;1.154310;1.154210;1.154260;0
20260406 173500;1.154260;1.154320;1.154240;1.154300;0
20260406 173600;1.154320;1.154330;1.154230;1.154310;0
20260406 173700;1.154320;1.154340;1.154260;1.154300;0
20260406 173800;1.154300;1.154340;1.154250;1.154320;0
20260406 173900;1.154260;1.154330;1.154250;1.154280;0
20260406 174000;1.154330;1.154380;1.154290;1.154370;0
20260406 174100;1.154340;1.154400;1.154240;1.154360;0
20260406 174200;1.154370;1.154420;1.154240;1.154280;0
20260406 174300;1.154230;1.154380;1.154230;1.154380;0
20260406 174400;1.154360;1.154390;1.154360;1.154380;0
20260406 174500;1.154390;1.154410;1.154310;1.154330;0
20260406 174600;1.154320;1.154350;1.154320;1.154330;0
20260406 174700;1.154330;1.154340;1.154270;1.154300;0
20260406 174800;1.154310;1.154330;1.154240;1.154280;0
20260406 174900;1.154290;1.154290;1.154280;1.154290;0
20260406 175000;1.154280;1.154280;1.153940;1.153950;0
20260406 175100;1.153960;1.154070;1.153940;1.154010;0
20260406 175200;1.154000;1.154070;1.153990;1.154010;0
20260406 175300;1.154040;1.154070;1.154000;1.154050;0
20260406 175400;1.154040;1.154060;1.154010;1.154010;0
20260406 175500;1.154020;1.154290;1.154020;1.154280;0
20260406 175600;1.154280;1.154290;1.154280;1.154290;0
20260406 175700;1.154300;1.154300;1.154070;1.154250;0
20260406 175800;1.154250;1.154290;1.154230;1.154270;0
20260406 175900;1.154270;1.154280;1.154210;1.154240;0
20260406 180000;1.154250;1.154410;1.154230;1.154330;0
20260406 180100;1.154330;1.154580;1.154330;1.154580;0
20260406 180200;1.154610;1.154610;1.154530;1.154570;0
20260406 180300;1.154590;1.154670;1.154590;1.154670;0
20260406 180400;1.154700;1.154720;1.154670;1.154720;0
20260406 180500;1.154730;1.154730;1.154690;1.154720;0
20260406 180600;1.154730;1.154740;1.154730;1.154740;0
20260406 180700;1.154720;1.154720;1.154600;1.154600;0
20260406 180800;1.154600;1.154620;1.154600;1.154620;0
20260406 180900;1.154610;1.154610;1.154610;1.154610;0
20260406 181000;1.154620;1.154640;1.154620;1.154620;0
20260406 181100;1.154620;1.154620;1.154520;1.154520;0
20260406 181200;1.154530;1.154580;1.154530;1.154570;0
20260406 181300;1.154540;1.154540;1.154480;1.154480;0
20260406 181400;1.154480;1.154520;1.154480;1.154510;0
20260406 181500;1.154500;1.154500;1.154470;1.154470;0
20260406 181600;1.154440;1.154510;1.154440;1.154500;0
20260406 181700;1.154550;1.154560;1.154540;1.154560;0
20260406 181800;1.154560;1.154630;1.154560;1.154600;0
20260406 181900;1.154600;1.154600;1.154580;1.154580;0
20260406 182000;1.154590;1.154590;1.154490;1.154490;0
20260406 182100;1.154490;1.154510;1.154460;1.154500;0
20260406 182200;1.154480;1.154510;1.154470;1.154470;0
20260406 182300;1.154470;1.154480;1.154330;1.154360;0
20260406 182400;1.154360;1.154410;1.154330;1.154380;0
20260406 182500;1.154360;1.154410;1.154350;1.154410;0
20260406 182600;1.154440;1.154440;1.154430;1.154430;0
20260406 182700;1.154430;1.154440;1.154350;1.154350;0
20260406 182800;1.154370;1.154380;1.154370;1.154380;0
20260406 182900;1.154420;1.154420;1.154410;1.154410;0
20260406 183000;1.154440;1.154510;1.154440;1.154490;0
20260406 183100;1.154510;1.154510;1.154400;1.154430;0
20260406 183200;1.154450;1.154450;1.154350;1.154360;0
20260406 183300;1.154370;1.154420;1.154360;1.154400;0
20260406 183400;1.154420;1.154420;1.154400;1.154400;0
20260406 183500;1.154400;1.154440;1.154380;1.154410;0
20260406 183600;1.154400;1.154420;1.154370;1.154370;0
20260406 183700;1.154350;1.154410;1.154350;1.154410;0
20260406 183800;1.154420;1.154430;1.154410;1.154410;0
20260406 183900;1.154460;1.154460;1.154400;1.154430;0
20260406 184000;1.154440;1.154440;1.154390;1.154410;0
20260406 184100;1.154400;1.154430;1.154400;1.154420;0
20260406 184200;1.154420;1.154420;1.154400;1.154400;0
20260406 184300;1.154420;1.154420;1.154410;1.154410;0
20260406 184400;1.154390;1.154400;1.154330;1.154330;0
20260406 184500;1.154320;1.154360;1.154290;1.154350;0
20260406 184600;1.154360;1.154370;1.154340;1.154370;0
20260406 184700;1.154350;1.154370;1.154340;1.154340;0
20260406 184800;1.154370;1.154410;1.154350;1.154410;0
20260406 184900;1.154390;1.154410;1.154330;1.154340;0
20260406 185000;1.154330;1.154400;1.154330;1.154350;0
20260406 185100;1.154370;1.154370;1.154360;1.154360;0
20260406 185200;1.154350;1.154350;1.154320;1.154320;0
20260406 185300;1.154310;1.154350;1.154300;1.154320;0
20260406 185400;1.154340;1.154340;1.154290;1.154290;0
20260406 185500;1.154300;1.154320;1.154280;1.154290;0
20260406 185600;1.154270;1.154280;1.154190;1.154200;0
20260406 185700;1.154220;1.154250;1.154220;1.154230;0
20260406 185800;1.154240;1.154270;1.154220;1.154260;0
20260406 185900;1.154260;1.154260;1.154220;1.154220;0
20260406 190000;1.154230;1.154260;1.154190;1.154230;0
20260406 190100;1.154260;1.154310;1.154240;1.154280;0
20260406 190200;1.154280;1.154300;1.154250;1.154270;0
20260406 190300;1.154260;1.154320;1.154260;1.154310;0
20260406 190400;1.154300;1.154310;1.154280;1.154300;0
20260406 190500;1.154310;1.154310;1.154260;1.154270;0
20260406 190600;1.154270;1.154280;1.154230;1.154250;0
20260406 190700;1.154250;1.154260;1.154190;1.154210;0
20260406 190800;1.154200;1.154260;1.154200;1.154260;0
20260406 190900;1.154260;1.154280;1.154250;1.154250;0
20260406 191000;1.154260;1.154320;1.154250;1.154260;0
20260406 191100;1.154270;1.154290;1.154270;1.154280;0
20260406 191200;1.154250;1.154280;1.154250;1.154260;0
20260406 191300;1.154280;1.154280;1.154270;1.154280;0
20260406 191400;1.154270;1.154300;1.154260;1.154280;0
20260406 191500;1.154290;1.154290;1.154250;1.154260;0
20260406 191600;1.154270;1.154300;1.154270;1.154270;0
20260406 191700;1.154250;1.154260;1.154230;1.154250;0
20260406 191800;1.154240;1.154240;1.154240;1.154240;0
20260406 191900;1.154250;1.154250;1.154250;1.154250;0
20260406 192000;1.154240;1.154270;1.154240;1.154240;0
20260406 192100;1.154220;1.154240;1.154220;1.154220;0
20260406 192200;1.154210;1.154230;1.154150;1.154150;0
20260406 192300;1.154180;1.154180;1.154160;1.154180;0
20260406 192400;1.154170;1.154170;1.154150;1.154160;0
20260406 192500;1.154170;1.154170;1.154150;1.154160;0
20260406 192600;1.154160;1.154160;1.154160;1.154160;0
20260406 192700;1.154130;1.154130;1.154100;1.154120;0
20260406 192800;1.154100;1.154100;1.154100;1.154100;0
20260406 192900;1.154100;1.154100;1.154030;1.154050;0
20260406 193000;1.154050;1.154080;1.154020;1.154080;0
20260406 193100;1.154070;1.154070;1.154020;1.154040;0
20260406 193200;1.154040;1.154050;1.154040;1.154050;0
20260406 193300;1.154030;1.154040;1.154010;1.154010;0
20260406 193400;1.154020;1.154020;1.154020;1.154020;0
20260406 193500;1.153990;1.154000;1.153990;1.154000;0
20260406 193600;1.154000;1.154000;1.153990;1.153990;0
20260406 193700;1.154000;1.154010;1.153990;1.154000;0
20260406 193800;1.153990;1.154030;1.153970;1.154030;0
20260406 193900;1.154030;1.154030;1.154020;1.154020;0
20260406 194000;1.154060;1.154060;1.154020;1.154020;0
20260406 194100;1.154030;1.154030;1.153990;1.153990;0
20260406 194200;1.154010;1.154010;1.153980;1.153980;0
20260406 194300;1.153970;1.153970;1.153950;1.153950;0
20260406 194400;1.153950;1.154010;1.153860;1.154010;0
20260406 194500;1.154030;1.154100;1.154020;1.154090;0
20260406 194600;1.154080;1.154130;1.154020;1.154080;0
20260406 194700;1.154100;1.154120;1.154080;1.154080;0
20260406 194800;1.154110;1.154190;1.154110;1.154110;0
20260406 194900;1.154100;1.154120;1.154080;1.154120;0
20260406 195000;1.154110;1.154120;1.154060;1.154100;0
20260406 195100;1.154120;1.154200;1.154120;1.154180;0
20260406 195200;1.154180;1.154210;1.154160;1.154180;0
20260406 195300;1.154150;1.154150;1.154100;1.154130;0
20260406 195400;1.154110;1.154110;1.154080;1.154110;0
20260406 195500;1.154090;1.154120;1.154090;1.154090;0
20260406 195600;1.154090;1.154090;1.154070;1.154070;0
20260406 195700;1.154070;1.154070;1.154060;1.154060;0
20260406 195800;1.154070;1.154100;1.154060;1.154100;0
20260406 195900;1.154090;1.154090;1.154040;1.154070;0
20260406 200000;1.154070;1.154080;1.153960;1.154010;0
20260406 200100;1.154010;1.154030;1.153870;1.153930;0
20260406 200200;1.153920;1.153940;1.153790;1.153830;0
20260406 200300;1.153850;1.153950;1.153850;1.153860;0
20260406 200400;1.153850;1.153900;1.153840;1.153870;0
20260406 200500;1.153870;1.153910;1.153820;1.153870;0
20260406 200600;1.153880;1.154000;1.153840;1.153870;0
20260406 200700;1.153890;1.153920;1.153830;1.153920;0
20260406 200800;1.153890;1.153980;1.153880;1.153960;0
20260406 200900;1.153970;1.154040;1.153940;1.154040;0
20260406 201000;1.154030;1.154100;1.153960;1.154070;0
20260406 201100;1.154080;1.154110;1.153960;1.153980;0
20260406 201200;1.153990;1.154070;1.153930;1.154070;0
20260406 201300;1.154090;1.154160;1.154060;1.154160;0
20260406 201400;1.154180;1.154180;1.154110;1.154180;0
20260406 201500;1.154160;1.154380;1.154160;1.154260;0
20260406 201600;1.154280;1.154340;1.154210;1.154320;0
20260406 201700;1.154320;1.154350;1.154240;1.154260;0
20260406 201800;1.154240;1.154270;1.154180;1.154220;0
20260406 201900;1.154230;1.154270;1.154150;1.154150;0
20260406 202000;1.154140;1.154230;1.154110;1.154170;0
20260406 202100;1.154180;1.154250;1.154100;1.154130;0
20260406 202200;1.154140;1.154160;1.154110;1.154110;0
20260406 202300;1.154120;1.154180;1.154050;1.154060;0
20260406 202400;1.154050;1.154060;1.154030;1.154030;0
20260406 202500;1.154010;1.154060;1.153980;1.154030;0
20260406 202600;1.154040;1.154120;1.154030;1.154060;0
20260406 202700;1.154060;1.154140;1.154050;1.154120;0
20260406 202800;1.154110;1.154110;1.154030;1.154040;0
20260406 202900;1.154050;1.154070;1.154010;1.154020;0
20260406 203000;1.154010;1.154090;1.153990;1.154030;0
20260406 203100;1.154050;1.154070;1.154030;1.154040;0
20260406 203200;1.154060;1.154060;1.153900;1.153940;0
20260406 203300;1.153950;1.153950;1.153900;1.153930;0
20260406 203400;1.153930;1.154000;1.153920;1.153980;0
20260406 203500;1.153990;1.154020;1.153930;1.153950;0
20260406 203600;1.153950;1.153950;1.153770;1.153780;0
20260406 203700;1.153780;1.153810;1.153720;1.153720;0
20260406 203800;1.153730;1.153740;1.153720;1.153730;0
20260406 203900;1.153750;1.153760;1.153660;1.153700;0
20260406 204000;1.153700;1.153830;1.153700;1.153830;0
20260406 204100;1.153810;1.153890;1.153810;1.153870;0
20260406 204200;1.153850;1.153890;1.153830;1.153840;0
20260406 204300;1.153840;1.153840;1.153800;1.153830;0
20260406 204400;1.153830;1.153840;1.153780;1.153780;0
20260406 204500;1.153790;1.153910;1.153790;1.153880;0
20260406 204600;1.153870;1.153880;1.153790;1.153790;0
20260406 204700;1.153800;1.153840;1.153790;1.153830;0
20260406 204800;1.153810;1.153890;1.153810;1.153870;0
20260406 204900;1.153860;1.153890;1.153840;1.153890;0
20260406 205000;1.153880;1.153910;1.153840;1.153890;0
20260406 205100;1.153880;1.153900;1.153850;1.153870;0
20260406 205200;1.153870;1.153960;1.153840;1.153960;0
20260406 205300;1.153950;1.153960;1.153900;1.153960;0
20260406 205400;1.153960;1.153990;1.153820;1.153870;0
20260406 205500;1.153860;1.153930;1.153850;1.153850;0
20260406 205600;1.153850;1.153870;1.153790;1.153810;0
20260406 205700;1.153820;1.153830;1.153780;1.153790;0
20260406 205800;1.153790;1.153810;1.153740;1.153760;0
20260406 205900;1.153760;1.153780;1.153730;1.153730;0
20260406 210000;1.153730;1.153840;1.153560;1.153740;0
20260406 210100;1.153730;1.153830;1.153630;1.153830;0
20260406 210200;1.153820;1.153940;1.153810;1.153880;0
20260406 210300;1.153880;1.153950;1.153840;1.153940;0
20260406 210400;1.153940;1.154010;1.153900;1.153980;0
20260406 210500;1.153980;1.154000;1.153780;1.153790;0
20260406 210600;1.153790;1.153870;1.153790;1.153830;0
20260406 210700;1.153810;1.153930;1.153800;1.153890;0
20260406 210800;1.153890;1.153920;1.153790;1.153790;0
20260406 210900;1.153820;1.153830;1.153590;1.153600;0
20260406 211000;1.153630;1.153630;1.153530;1.153580;0
20260406 211100;1.153610;1.153640;1.153570;1.153630;0
20260406 211200;1.153630;1.153680;1.153620;1.153640;0
20260406 211300;1.153670;1.153680;1.153550;1.153550;0
20260406 211400;1.153550;1.153560;1.153490;1.153550;0
20260406 211500;1.153560;1.153640;1.153530;1.153620;0
20260406 211600;1.153620;1.153690;1.153600;1.153630;0
20260406 211700;1.153650;1.153700;1.153610;1.153700;0
20260406 211800;1.153710;1.153740;1.153670;1.153680;0
20260406 211900;1.153670;1.153720;1.153630;1.153700;0
20260406 212000;1.153700;1.153700;1.153630;1.153660;0
20260406 212100;1.153680;1.153700;1.153650;1.153680;0
20260406 212200;1.153670;1.153720;1.153630;1.153630;0
20260406 212300;1.153630;1.153640;1.153530;1.153550;0
20260406 212400;1.153560;1.153640;1.153560;1.153570;0
20260406 212500;1.153580;1.153640;1.153550;1.153550;0
20260406 212600;1.153540;1.153570;1.153460;1.153550;0
20260406 212700;1.153550;1.153630;1.153540;1.153620;0
20260406 212800;1.153620;1.153630;1.153570;1.153630;0
20260406 212900;1.153620;1.153620;1.153560;1.153620;0
20260406 213000;1.153610;1.153650;1.153580;1.153610;0
20260406 213100;1.153590;1.153620;1.153520;1.153580;0
20260406 213200;1.153580;1.153580;1.153550;1.153570;0
20260406 213300;1.153560;1.153640;1.153540;1.153620;0
20260406 213400;1.153640;1.153670;1.153560;1.153560;0
20260406 213500;1.153580;1.153620;1.153480;1.153480;0
20260406 213600;1.153490;1.153530;1.153430;1.153530;0
20260406 213700;1.153540;1.153540;1.153290;1.153350;0
20260406 213800;1.153330;1.153350;1.153180;1.153190;0
20260406 213900;1.153190;1.153210;1.153040;1.153150;0
20260406 214000;1.153140;1.153150;1.152990;1.153030;0
20260406 214100;1.153020;1.153100;1.152990;1.153000;0
20260406 214200;1.153000;1.153070;1.152980;1.153010;0
20260406 214300;1.153010;1.153060;1.153000;1.153030;0
20260406 214400;1.153030;1.153070;1.152980;1.153040;0
20260406 214500;1.153070;1.153080;1.153000;1.153030;0
20260406 214600;1.153030;1.153130;1.153030;1.153110;0
20260406 214700;1.153090;1.153110;1.153040;1.153070;0
20260406 214800;1.153050;1.153100;1.153030;1.153030;0
20260406 214900;1.153040;1.153040;1.152980;1.152980;0
20260406 215000;1.152990;1.152990;1.152830;1.152920;0
20260406 215100;1.152920;1.152950;1.152860;1.152860;0
20260406 215200;1.152850;1.152870;1.152710;1.152720;0
20260406 215300;1.152720;1.152810;1.152720;1.152780;0
20260406 215400;1.152780;1.152800;1.152720;1.152760;0
20260406 215500;1.152760;1.152880;1.152750;1.152880;0
20260406 215600;1.152900;1.152900;1.152740;1.152760;0
20260406 215700;1.152750;1.152890;1.152720;1.152880;0
20260406 215800;1.152910;1.152970;1.152910;1.152950;0
20260406 215900;1.152960;1.153000;1.152950;1.152990;0
20260406 220000;1.153010;1.153040;1.152900;1.152960;0
20260406 220100;1.152970;1.152970;1.152880;1.152910;0
20260406 220200;1.152920;1.152980;1.152900;1.152920;0
20260406 220300;1.152930;1.152980;1.152910;1.152910;0
20260406 220400;1.152930;1.152960;1.152870;1.152870;0
20260406 220500;1.152890;1.152910;1.152870;1.152900;0
20260406 220600;1.152920;1.152960;1.152870;1.152900;0
20260406 220700;1.152890;1.152890;1.152390;1.152490;0
20260406 220800;1.152490;1.152670;1.152450;1.152620;0
20260406 220900;1.152610;1.152740;1.152580;1.152680;0
20260406 221000;1.152690;1.152780;1.152680;1.152740;0
20260406 221100;1.152740;1.152840;1.152720;1.152800;0
20260406 221200;1.152780;1.152790;1.152660;1.152690;0
20260406 221300;1.152700;1.152700;1.152660;1.152660;0
20260406 221400;1.152660;1.152720;1.152650;1.152700;0
20260406 221500;1.152720;1.152720;1.152610;1.152620;0
20260406 221600;1.152630;1.152700;1.152580;1.152590;0
20260406 221700;1.152610;1.152690;1.152610;1.152620;0
20260406 221800;1.152620;1.152680;1.152600;1.152610;0
20260406 221900;1.152610;1.152670;1.152610;1.152640;0
20260406 222000;1.152640;1.152910;1.152590;1.152900;0
20260406 222100;1.152900;1.152940;1.152820;1.152850;0
20260406 222200;1.152840;1.152840;1.152750;1.152780;0
20260406 222300;1.152780;1.152800;1.152770;1.152770;0
20260406 222400;1.152780;1.152840;1.152750;1.152820;0
20260406 222500;1.152830;1.152840;1.152760;1.152820;0
20260406 222600;1.152820;1.152840;1.152820;1.152820;0
20260406 222700;1.152820;1.152900;1.152820;1.152900;0
20260406 222800;1.152910;1.152930;1.152870;1.152890;0
20260406 222900;1.152870;1.152950;1.152860;1.152920;0
20260406 223000;1.152930;1.152950;1.152890;1.152900;0
20260406 223100;1.152890;1.152930;1.152840;1.152920;0
20260406 223200;1.152940;1.152950;1.152900;1.152920;0
20260406 223300;1.152930;1.152930;1.152860;1.152920;0
20260406 223400;1.152910;1.152960;1.152890;1.152940;0
20260406 223500;1.152940;1.152940;1.152900;1.152920;0
20260406 223600;1.152910;1.152990;1.152910;1.152990;0
20260406 223700;1.152990;1.153020;1.152930;1.152930;0
20260406 223800;1.152930;1.153020;1.152930;1.153000;0
20260406 223900;1.153010;1.153020;1.153010;1.153020;0
20260406 224000;1.153020;1.153040;1.153020;1.153020;0
20260406 224100;1.153030;1.153060;1.153020;1.153020;0
20260406 224200;1.153010;1.153040;1.152980;1.153030;0
20260406 224300;1.153030;1.153040;1.153030;1.153030;0
20260406 224400;1.153050;1.153080;1.153050;1.153050;0
20260406 224500;1.153040;1.153050;1.153000;1.153050;0
20260406 224600;1.153050;1.153050;1.153030;1.153040;0
20260406 224700;1.153020;1.153030;1.153010;1.153020;0
20260406 224800;1.153060;1.153080;1.153040;1.153080;0
20260406 224900;1.153070;1.153190;1.153070;1.153140;0
20260406 225000;1.153170;1.153190;1.153120;1.153120;0
20260406 225100;1.153120;1.153140;1.153080;1.153080;0
20260406 225200;1.153080;1.153090;1.153020;1.153020;0
20260406 225300;1.153020;1.153020;1.152960;1.152980;0
20260406 225400;1.152980;1.153010;1.152960;1.152960;0
20260406 225500;1.152960;1.152970;1.152910;1.152930;0
20260406 225600;1.152920;1.152940;1.152920;1.152940;0
20260406 225700;1.152930;1.153020;1.152930;1.152930;0
20260406 225800;1.152920;1.152960;1.152870;1.152960;0
20260406 225900;1.152970;1.152980;1.152940;1.152970;0
20260406 230000;1.152960;1.153020;1.152950;1.153020;0
20260406 230100;1.153030;1.153130;1.153030;1.153080;0
20260406 230200;1.153100;1.153180;1.153100;1.153180;0
20260406 230300;1.153160;1.153160;1.153100;1.153100;0
20260406 230400;1.153090;1.153120;1.153090;1.153090;0
20260406 230500;1.153090;1.153130;1.153020;1.153020;0
20260406 230600;1.153040;1.153050;1.152960;1.152980;0
20260406 230700;1.152970;1.153020;1.152970;1.153020;0
20260406 230800;1.153030;1.153080;1.153010;1.153070;0
20260406 230900;1.153080;1.153090;1.153080;1.153080;0
20260406 231000;1.153070;1.153140;1.153070;1.153130;0
20260406 231100;1.153170;1.153210;1.153130;1.153150;0
20260406 231200;1.153140;1.153140;1.153120;1.153130;0
20260406 231300;1.153120;1.153120;1.153060;1.153060;0
20260406 231400;1.153070;1.153090;1.153040;1.153040;0
20260406 231500;1.153060;1.153080;1.153020;1.153050;0
20260406 231600;1.153040;1.153090;1.153040;1.153050;0
20260406 231700;1.153050;1.153060;1.152980;1.153040;0
20260406 231800;1.153040;1.153050;1.153020;1.153020;0
20260406 231900;1.153040;1.153050;1.152860;1.152870;0
20260406 232000;1.152900;1.152990;1.152860;1.152980;0
20260406 232100;1.153000;1.153040;1.153000;1.153000;0
20260406 232200;1.153020;1.153070;1.153010;1.153040;0
20260406 232300;1.153050;1.153050;1.153020;1.153040;0
20260406 232400;1.153040;1.153040;1.152990;1.153030;0
20260406 232500;1.153020;1.153020;1.152920;1.152950;0
20260406 232600;1.152970;1.152990;1.152970;1.152970;0
20260406 232700;1.153000;1.153030;1.153000;1.153020;0
20260406 232800;1.153030;1.153090;1.153030;1.153090;0
20260406 232900;1.153060;1.153100;1.153050;1.153070;0
20260406 233000;1.153060;1.153090;1.153060;1.153090;0
20260406 233100;1.153080;1.153110;1.153050;1.153090;0
20260406 233200;1.153080;1.153110;1.153070;1.153100;0
20260406 233300;1.153090;1.153130;1.153090;1.153110;0
20260406 233400;1.153100;1.153120;1.153070;1.153110;0
20260406 233500;1.153100;1.153120;1.153100;1.153100;0
20260406 233600;1.153110;1.153110;1.153030;1.153070;0
20260406 233700;1.153080;1.153080;1.153030;1.153060;0
20260406 233800;1.153040;1.153110;1.153040;1.153100;0
20260406 233900;1.153110;1.153230;1.153110;1.153210;0
20260406 234000;1.153230;1.153320;1.153230;1.153300;0
20260406 234100;1.153290;1.153370;1.153290;1.153330;0
20260406 234200;1.153320;1.153360;1.153300;1.153360;0
20260406 234300;1.153360;1.153380;1.153340;1.153350;0
20260406 234400;1.153370;1.153400;1.153330;1.153400;0
20260406 234500;1.153390;1.153430;1.153370;1.153420;0
20260406 234600;1.153410;1.153420;1.153380;1.153390;0
20260406 234700;1.153370;1.153410;1.153370;1.153410;0
20260406 234800;1.153410;1.153440;1.153410;1.153410;0
20260406 234900;1.153410;1.153410;1.153410;1.153410;0
20260406 235000;1.153410;1.153440;1.153410;1.153440;0
20260406 235100;1.153450;1.153450;1.153410;1.153410;0
20260406 235200;1.153390;1.153400;1.153330;1.153360;0
20260406 235300;1.153340;1.153360;1.153320;1.153330;0
20260406 235400;1.153340;1.153380;1.153330;1.153330;0
20260406 235500;1.153350;1.153440;1.153350;1.153430;0
20260406 235600;1.153420;1.153440;1.153420;1.153430;0
20260406 235700;1.153420;1.153430;1.153400;1.153430;0
20260406 235800;1.153430;1.153470;1.153430;1.153430;0
20260406 235900;1.153420;1.153440;1.153420;1.153430;0
20260407 000000;1.153440;1.153440;1.153380;1.153420;0
20260407 000100;1.153420;1.153470;1.153420;1.153470;0
20260407 000200;1.153470;1.153570;1.153470;1.153540;0
20260407 000300;1.153550;1.153590;1.153530;1.153560;0
20260407 000400;1.153560;1.153560;1.153410;1.153430;0
20260407 000500;1.153430;1.153430;1.153280;1.153360;0
20260407 000600;1.153330;1.153390;1.153300;1.153380;0
20260407 000700;1.153400;1.153400;1.153320;1.153350;0
20260407 000800;1.153370;1.153390;1.153280;1.153320;0
20260407 000900;1.153320;1.153370;1.153320;1.153340;0
20260407 001000;1.153330;1.153480;1.153330;1.153480;0
20260407 001100;1.153470;1.153480;1.153430;1.153430;0
20260407 001200;1.153430;1.153430;1.153370;1.153380;0
20260407 001300;1.153380;1.153390;1.153370;1.153380;0
20260407 001400;1.153380;1.153380;1.153320;1.153320;0
20260407 001500;1.153350;1.153370;1.153320;1.153360;0
20260407 001600;1.153360;1.153420;1.153360;1.153390;0
20260407 001700;1.153370;1.153390;1.153370;1.153380;0
20260407 001800;1.153360;1.153360;1.153340;1.153340;0
20260407 001900;1.153370;1.153370;1.153340;1.153350;0
20260407 002000;1.153350;1.153390;1.153330;1.153350;0
20260407 002100;1.153350;1.153390;1.153340;1.153360;0
20260407 002200;1.153340;1.153430;1.153320;1.153400;0
20260407 002300;1.153400;1.153450;1.153390;1.153440;0
20260407 002400;1.153420;1.153430;1.153360;1.153420;0
20260407 002500;1.153410;1.153480;1.153400;1.153420;0
20260407 002600;1.153400;1.153420;1.153370;1.153410;0
20260407 002700;1.153410;1.153450;1.153370;1.153450;0
20260407 002800;1.153460;1.153480;1.153430;1.153480;0
20260407 002900;1.153470;1.153470;1.153420;1.153440;0
20260407 003000;1.153460;1.153610;1.153460;1.153580;0
20260407 003100;1.153570;1.153590;1.153550;1.153560;0
20260407 003200;1.153580;1.153580;1.153520;1.153530;0
20260407 003300;1.153530;1.153580;1.153520;1.153570;0
20260407 003400;1.153570;1.153620;1.153570;1.153590;0
20260407 003500;1.153610;1.153620;1.153480;1.153480;0
20260407 003600;1.153490;1.153490;1.153420;1.153420;0
20260407 003700;1.153420;1.153440;1.153400;1.153440;0
20260407 003800;1.153450;1.153520;1.153420;1.153470;0
20260407 003900;1.153450;1.153470;1.153410;1.153430;0
20260407 004000;1.153450;1.153490;1.153450;1.153470;0
20260407 004100;1.153470;1.153490;1.153470;1.153470;0
20260407 004200;1.153490;1.153530;1.153490;1.153530;0
20260407 004300;1.153520;1.153570;1.153520;1.153520;0
20260407 004400;1.153530;1.153580;1.153520;1.153570;0
20260407 004500;1.153570;1.153590;1.153550;1.153580;0
20260407 004600;1.153590;1.153640;1.153570;1.153620;0
20260407 004700;1.153600;1.153680;1.153580;1.153680;0
20260407 004800;1.153660;1.153800;1.153650;1.153770;0
20260407 004900;1.153760;1.153790;1.153750;1.153780;0
20260407 005000;1.153800;1.153860;1.153800;1.153820;0
20260407 005100;1.153820;1.153820;1.153770;1.153820;0
20260407 005200;1.153810;1.153820;1.153760;1.153760;0
20260407 005300;1.153760;1.153760;1.153700;1.153760;0
20260407 005400;1.153750;1.153770;1.153750;1.153770;0
20260407 005500;1.153760;1.153800;1.153760;1.153770;0
20260407 005600;1.153770;1.153830;1.153770;1.153780;0
20260407 005700;1.153780;1.153870;1.153770;1.153830;0
20260407 005800;1.153800;1.153830;1.153780;1.153780;0
20260407 005900;1.153790;1.153820;1.153770;1.153820;0
20260407 010000;1.153810;1.153970;1.153680;1.153680;0
20260407 010100;1.153670;1.153810;1.153670;1.153800;0
20260407 010200;1.153790;1.153860;1.153780;1.153840;0
20260407 010300;1.153860;1.153860;1.153820;1.153840;0
20260407 010400;1.153840;1.153850;1.153790;1.153830;0
20260407 010500;1.153820;1.153850;1.153770;1.153790;0
20260407 010600;1.153790;1.153810;1.153770;1.153770;0
20260407 010700;1.153780;1.153920;1.153780;1.153890;0
20260407 010800;1.153900;1.153900;1.153850;1.153850;0
20260407 010900;1.153840;1.153860;1.153730;1.153740;0
20260407 011000;1.153740;1.153810;1.153730;1.153790;0
20260407 011100;1.153780;1.153810;1.153770;1.153770;0
20260407 011200;1.153780;1.153810;1.153770;1.153770;0
20260407 011300;1.153780;1.153830;1.153780;1.153800;0
20260407 011400;1.153810;1.153810;1.153720;1.153720;0
20260407 011500;1.153720;1.153780;1.153690;1.153730;0
20260407 011600;1.153750;1.153820;1.153730;1.153820;0
20260407 011700;1.153800;1.153800;1.153760;1.153770;0
20260407 011800;1.153760;1.153770;1.153730;1.153740;0
20260407 011900;1.153750;1.153810;1.153750;1.153790;0
20260407 012000;1.153800;1.153870;1.153790;1.153870;0
20260407 012100;1.153860;1.153920;1.153860;1.153920;0
20260407 012200;1.153920;1.153930;1.153890;1.153900;0
20260407 012300;1.153890;1.153900;1.153740;1.153770;0
20260407 012400;1.153780;1.153780;1.153610;1.153620;0
20260407 012500;1.153620;1.153680;1.153530;1.153660;0
20260407 012600;1.153670;1.153720;1.153650;1.153720;0
20260407 012700;1.153720;1.153720;1.153640;1.153650;0
20260407 012800;1.153630;1.153660;1.153590;1.153590;0
20260407 012900;1.153600;1.153630;1.153560;1.153600;0
20260407 013000;1.153620;1.153660;1.153410;1.153470;0
20260407 013100;1.153470;1.153570;1.153420;1.153490;0
20260407 013200;1.153500;1.153620;1.153490;1.153530;0
20260407 013300;1.153560;1.153640;1.153530;1.153590;0
20260407 013400;1.153610;1.153640;1.153540;1.153560;0
20260407 013500;1.153550;1.153670;1.153520;1.153620;0
20260407 013600;1.153620;1.153630;1.153560;1.153580;0
20260407 013700;1.153560;1.153730;1.153530;1.153730;0
20260407 013800;1.153710;1.153730;1.153660;1.153730;0
20260407 013900;1.153750;1.153760;1.153720;1.153740;0
20260407 014000;1.153740;1.153750;1.153650;1.153650;0
20260407 014100;1.153650;1.153650;1.153460;1.153460;0
20260407 014200;1.153460;1.153460;1.153130;1.153220;0
20260407 014300;1.153230;1.153230;1.153130;1.153160;0
20260407 014400;1.153170;1.153170;1.153030;1.153030;0
20260407 014500;1.153030;1.153100;1.152990;1.153030;0
20260407 014600;1.153030;1.153200;1.153010;1.153120;0
20260407 014700;1.153120;1.153170;1.152990;1.153170;0
20260407 014800;1.153170;1.153180;1.153110;1.153110;0
20260407 014900;1.153130;1.153130;1.153070;1.153110;0
20260407 015000;1.153140;1.153330;1.153120;1.153320;0
20260407 015100;1.153320;1.153330;1.153260;1.153300;0
20260407 015200;1.153310;1.153310;1.153260;1.153270;0
20260407 015300;1.153270;1.153280;1.153200;1.153230;0
20260407 015400;1.153220;1.153290;1.153210;1.153290;0
20260407 015500;1.153290;1.153380;1.153260;1.153310;0
20260407 015600;1.153310;1.153530;1.153310;1.153500;0
20260407 015700;1.153510;1.153510;1.153460;1.153480;0
20260407 015800;1.153480;1.153510;1.153420;1.153440;0
20260407 015900;1.153450;1.153560;1.153450;1.153530;0
20260407 020000;1.153550;1.153640;1.153420;1.153510;0
20260407 020100;1.153500;1.153510;1.153410;1.153480;0
20260407 020200;1.153460;1.153560;1.153410;1.153540;0
20260407 020300;1.153540;1.153690;1.153520;1.153650;0
20260407 020400;1.153650;1.153670;1.153600;1.153620;0
20260407 020500;1.153620;1.153630;1.153580;1.153590;0
20260407 020600;1.153590;1.153710;1.153590;1.153690;0
20260407 020700;1.153690;1.153800;1.153670;1.153720;0
20260407 020800;1.153710;1.153780;1.153710;1.153730;0
20260407 020900;1.153720;1.153730;1.153610;1.153620;0
20260407 021000;1.153630;1.153630;1.153460;1.153470;0
20260407 021100;1.153460;1.153610;1.153410;1.153610;0
20260407 021200;1.153620;1.153640;1.153560;1.153610;0
20260407 021300;1.153610;1.153630;1.153510;1.153520;0
20260407 021400;1.153500;1.153510;1.153450;1.153480;0
20260407 021500;1.153490;1.153490;1.153380;1.153440;0
20260407 021600;1.153440;1.153470;1.153420;1.153430;0
20260407 021700;1.153450;1.153500;1.153410;1.153440;0
20260407 021800;1.153420;1.153460;1.153300;1.153300;0
20260407 021900;1.153330;1.153390;1.153280;1.153300;0
20260407 022000;1.153320;1.153350;1.153290;1.153300;0
20260407 022100;1.153310;1.153320;1.153240;1.153310;0
20260407 022200;1.153300;1.153340;1.153250;1.153310;0
20260407 022300;1.153300;1.153320;1.153280;1.153300;0
20260407 022400;1.153290;1.153400;1.153290;1.153370;0
20260407 022500;1.153390;1.153560;1.153380;1.153550;0
20260407 022600;1.153530;1.153650;1.153530;1.153570;0
20260407 022700;1.153560;1.153650;1.153540;1.153630;0
20260407 022800;1.153610;1.153830;1.153540;1.153830;0
20260407 022900;1.153830;1.153920;1.153730;1.153730;0
20260407 023000;1.153730;1.153890;1.153670;1.153810;0
20260407 023100;1.153810;1.153820;1.153710;1.153810;0
20260407 023200;1.153810;1.153840;1.153690;1.153830;0
20260407 023300;1.153830;1.153890;1.153820;1.153880;0
20260407 023400;1.153880;1.153930;1.153860;1.153860;0
20260407 023500;1.153870;1.153940;1.153860;1.153880;0
20260407 023600;1.153900;1.154050;1.153900;1.154020;0
20260407 023700;1.154030;1.154090;1.153970;1.154080;0
20260407 023800;1.154080;1.154200;1.154020;1.154170;0
20260407 023900;1.154160;1.154180;1.154090;1.154170;0
20260407 024000;1.154170;1.154180;1.154150;1.154180;0
20260407 024100;1.154200;1.154260;1.154140;1.154170;0
20260407 024200;1.154180;1.154320;1.154160;1.154280;0
20260407 024300;1.154300;1.154540;1.154300;1.154530;0
20260407 024400;1.154530;1.154540;1.154380;1.154430;0
20260407 024500;1.154410;1.154430;1.154310;1.154330;0
20260407 024600;1.154310;1.154310;1.154160;1.154160;0
20260407 024700;1.154150;1.154240;1.154150;1.154180;0
20260407 024800;1.154170;1.154180;1.154090;1.154120;0
20260407 024900;1.154130;1.154250;1.154120;1.154220;0
20260407 025000;1.154210;1.154330;1.154160;1.154240;0
20260407 025100;1.154260;1.154400;1.154220;1.154400;0
20260407 025200;1.154400;1.154420;1.154350;1.154360;0
20260407 025300;1.154380;1.154380;1.154240;1.154330;0
20260407 025400;1.154330;1.154420;1.154220;1.154220;0
20260407 025500;1.154220;1.154250;1.154090;1.154230;0
20260407 025600;1.154220;1.154260;1.154190;1.154230;0
20260407 025700;1.154220;1.154460;1.154220;1.154380;0
20260407 025800;1.154380;1.154450;1.154330;1.154330;0
20260407 025900;1.154340;1.154460;1.154330;1.154450;0
20260407 030000;1.154460;1.154540;1.154350;1.154390;0
20260407 030100;1.154420;1.154490;1.154360;1.154390;0
20260407 030200;1.154390;1.154460;1.154330;1.154360;0
20260407 030300;1.154360;1.154370;1.154200;1.154280;0
20260407 030400;1.154270;1.154330;1.154230;1.154270;0
20260407 030500;1.154260;1.154260;1.153880;1.153910;0
20260407 030600;1.153920;1.153920;1.153660;1.153730;0
20260407 030700;1.153740;1.153810;1.153690;1.153770;0
20260407 030800;1.153750;1.153930;1.153750;1.153840;0
20260407 030900;1.153830;1.154060;1.153830;1.153970;0
20260407 031000;1.154000;1.154070;1.153970;1.154030;0
20260407 031100;1.154030;1.154050;1.153760;1.153790;0
20260407 031200;1.153790;1.154020;1.153790;1.154020;0
20260407 031300;1.154030;1.154090;1.153950;1.154040;0
20260407 031400;1.154040;1.154130;1.154020;1.154120;0
20260407 031500;1.154110;1.154130;1.153980;1.154120;0
20260407 031600;1.154110;1.154170;1.154110;1.154120;0
20260407 031700;1.154110;1.154290;1.154110;1.154290;0
20260407 031800;1.154310;1.154370;1.154190;1.154250;0
20260407 031900;1.154240;1.154250;1.154150;1.154190;0
20260407 032000;1.154200;1.154330;1.154190;1.154320;0
20260407 032100;1.154320;1.154340;1.154190;1.154190;0
20260407 032200;1.154170;1.154260;1.154050;1.154250;0
20260407 032300;1.154230;1.154280;1.154170;1.154280;0
20260407 032400;1.154270;1.154370;1.154190;1.154360;0
20260407 032500;1.154350;1.154430;1.154260;1.154280;0
20260407 032600;1.154320;1.154350;1.154230;1.154240;0
20260407 032700;1.154260;1.154260;1.154180;1.154190;0
20260407 032800;1.154190;1.154190;1.154030;1.154060;0
20260407 032900;1.154050;1.154050;1.153830;1.153850;0
20260407 033000;1.153870;1.154020;1.153870;1.153940;0
20260407 033100;1.153930;1.153970;1.153900;1.153900;0
20260407 033200;1.153930;1.154040;1.153880;1.154040;0
20260407 033300;1.154040;1.154170;1.154040;1.154110;0
20260407 033400;1.154100;1.154150;1.154070;1.154100;0
20260407 033500;1.154130;1.154300;1.154130;1.154250;0
20260407 033600;1.154240;1.154280;1.154230;1.154280;0
20260407 033700;1.154280;1.154280;1.154120;1.154200;0
20260407 033800;1.154230;1.154340;1.154230;1.154330;0
20260407 033900;1.154320;1.154470;1.154320;1.154470;0
20260407 034000;1.154460;1.154460;1.154240;1.154300;0
20260407 034100;1.154300;1.154330;1.154220;1.154230;0
20260407 034200;1.154240;1.154330;1.154240;1.154280;0
20260407 034300;1.154290;1.154430;1.154270;1.154430;0
20260407 034400;1.154430;1.154460;1.154350;1.154450;0
20260407 034500;1.154460;1.154530;1.154430;1.154450;0
20260407 034600;1.154420;1.154470;1.154330;1.154400;0
20260407 034700;1.154400;1.154540;1.154380;1.154540;0
20260407 034800;1.154520;1.154600;1.154520;1.154560;0
20260407 034900;1.154570;1.154580;1.154440;1.154460;0
20260407 035000;1.154450;1.154470;1.154340;1.154380;0
20260407 035100;1.154370;1.154470;1.154350;1.154380;0
20260407 035200;1.154370;1.154380;1.154240;1.154240;0
20260407 035300;1.154220;1.154280;1.154170;1.154250;0
20260407 035400;1.154220;1.154250;1.154120;1.154120;0
20260407 035500;1.154110;1.154150;1.153960;1.154130;0
20260407 035600;1.154120;1.154170;1.154100;1.154160;0
20260407 035700;1.154170;1.154260;1.154170;1.154170;0
20260407 035800;1.154180;1.154270;1.154160;1.154160;0
20260407 035900;1.154150;1.154320;1.154150;1.154260;0
20260407 040000;1.154240;1.154340;1.154190;1.154340;0
20260407 040100;1.154310;1.154640;1.154280;1.154640;0
20260407 040200;1.154650;1.156690;1.154650;1.155630;0
20260407 040300;1.155620;1.155660;1.155040;1.155100;0
20260407 040400;1.155110;1.155150;1.154960;1.154970;0
20260407 040500;1.154990;1.155180;1.154820;1.155120;0
20260407 040600;1.155130;1.155210;1.155040;1.155200;0
20260407 040700;1.155210;1.155430;1.155130;1.155300;0
20260407 040800;1.155290;1.155440;1.155250;1.155350;0
20260407 040900;1.155370;1.155620;1.155340;1.155440;0
20260407 041000;1.155440;1.155740;1.155320;1.155730;0
20260407 041100;1.155740;1.156100;1.155700;1.156070;0
20260407 041200;1.156080;1.156100;1.155860;1.155920;0
20260407 041300;1.155910;1.156380;1.155820;1.156360;0
20260407 041400;1.156350;1.156790;1.156330;1.156580;0
20260407 041500;1.156570;1.156570;1.156200;1.156370;0
20260407 041600;1.156390;1.156500;1.156210;1.156230;0
20260407 041700;1.156240;1.156250;1.156020;1.156040;0
20260407 041800;1.156020;1.156080;1.155890;1.156030;0
20260407 041900;1.156010;1.156230;1.156010;1.156210;0
20260407 042000;1.156200;1.156430;1.156010;1.156430;0
20260407 042100;1.156450;1.156570;1.156150;1.156240;0
20260407 042200;1.156260;1.156350;1.156130;1.156180;0
20260407 042300;1.156170;1.156190;1.156050;1.156160;0
20260407 042400;1.156140;1.156380;1.156070;1.156130;0
20260407 042500;1.156110;1.156220;1.156020;1.156110;0
20260407 042600;1.156080;1.156110;1.155870;1.155900;0
20260407 042700;1.155910;1.155950;1.155720;1.155740;0
20260407 042800;1.155820;1.155830;1.155770;1.155830;0
20260407 042900;1.155830;1.156110;1.155770;1.156110;0
20260407 043000;1.156130;1.156150;1.155910;1.155940;0
20260407 043100;1.155970;1.156290;1.155970;1.156280;0
20260407 043200;1.156280;1.156480;1.156260;1.156420;0
20260407 043300;1.156420;1.156580;1.156350;1.156350;0
20260407 043400;1.156350;1.156380;1.156270;1.156300;0
20260407 043500;1.156320;1.156490;1.156270;1.156380;0
20260407 043600;1.156400;1.156590;1.156380;1.156480;0
20260407 043700;1.156470;1.156470;1.156300;1.156430;0
20260407 043800;1.156430;1.156560;1.156380;1.156420;0
20260407 043900;1.156420;1.156540;1.156400;1.156540;0
20260407 044000;1.156520;1.156520;1.156290;1.156330;0
20260407 044100;1.156360;1.156370;1.156150;1.156190;0
20260407 044200;1.156200;1.156300;1.156180;1.156240;0
20260407 044300;1.156220;1.156730;1.156200;1.156730;0
20260407 044400;1.156710;1.156830;1.156630;1.156740;0
20260407 044500;1.156730;1.156930;1.156710;1.156890;0
20260407 044600;1.156880;1.157020;1.156690;1.156760;0
20260407 044700;1.156770;1.156810;1.156570;1.156590;0
20260407 044800;1.156610;1.156670;1.156480;1.156560;0
20260407 044900;1.156540;1.156650;1.156430;1.156530;0
20260407 045000;1.156540;1.156660;1.156490;1.156580;0
20260407 045100;1.156590;1.156750;1.156540;1.156710;0
20260407 045200;1.156720;1.156830;1.156660;1.156820;0
20260407 045300;1.156840;1.156910;1.156820;1.156830;0
20260407 045400;1.156870;1.156990;1.156790;1.156930;0
20260407 045500;1.156950;1.157040;1.156900;1.156940;0
20260407 045600;1.156930;1.156970;1.156880;1.156960;0
20260407 045700;1.156960;1.157250;1.156950;1.157210;0
20260407 045800;1.157230;1.157560;1.157190;1.157420;0
20260407 045900;1.157440;1.157510;1.157330;1.157340;0
20260407 050000;1.157350;1.157490;1.157240;1.157440;0
20260407 050100;1.157430;1.157490;1.157310;1.157490;0
20260407 050200;1.157480;1.157520;1.157350;1.157380;0
20260407 050300;1.157390;1.157480;1.157290;1.157300;0
20260407 050400;1.157320;1.157410;1.157070;1.157100;0
20260407 050500;1.157090;1.157250;1.157010;1.157040;0
20260407 050600;1.157040;1.157100;1.156990;1.157010;0
20260407 050700;1.157000;1.157150;1.156950;1.157120;0
20260407 050800;1.157120;1.157150;1.157060;1.157060;0
20260407 050900;1.157050;1.157230;1.157050;1.157080;0
20260407 051000;1.157100;1.157190;1.156960;1.156980;0
20260407 051100;1.156960;1.157090;1.156960;1.157070;0
20260407 051200;1.157090;1.157190;1.157080;1.157090;0
20260407 051300;1.157100;1.157170;1.157070;1.157080;0
20260407 051400;1.157090;1.157090;1.156920;1.156930;0
20260407 051500;1.156930;1.156930;1.156750;1.156770;0
20260407 051600;1.156780;1.156900;1.156770;1.156830;0
20260407 051700;1.156790;1.157040;1.156770;1.157010;0
20260407 051800;1.157020;1.157060;1.156930;1.157050;0
20260407 051900;1.157070;1.157190;1.157040;1.157180;0
20260407 052000;1.157180;1.157350;1.157140;1.157290;0
20260407 052100;1.157290;1.157290;1.157080;1.157130;0
20260407 052200;1.157120;1.157170;1.157000;1.157080;0
20260407 052300;1.157080;1.157140;1.157060;1.157120;0
20260407 052400;1.157120;1.157170;1.157080;1.157150;0
20260407 052500;1.157150;1.157180;1.157060;1.157100;0
20260407 052600;1.157100;1.157140;1.157010;1.157020;0
20260407 052700;1.157000;1.157090;1.156960;1.157020;0
20260407 052800;1.157020;1.157050;1.156560;1.156880;0
20260407 052900;1.156900;1.156960;1.156810;1.156890;0
20260407 053000;1.156880;1.157090;1.156780;1.157070;0
20260407 053100;1.157050;1.157090;1.156920;1.156950;0
20260407 053200;1.156960;1.157020;1.156850;1.156910;0
20260407 053300;1.156920;1.157110;1.156920;1.157110;0
20260407 053400;1.157110;1.157270;1.157070;1.157250;0
20260407 053500;1.157240;1.157260;1.157130;1.157130;0
20260407 053600;1.157120;1.157170;1.157010;1.157170;0
20260407 053700;1.157180;1.157210;1.157050;1.157080;0
20260407 053800;1.157080;1.157190;1.157070;1.157150;0
20260407 053900;1.157130;1.157130;1.156900;1.156930;0
20260407 054000;1.156920;1.156930;1.156790;1.156890;0
20260407 054100;1.156880;1.156930;1.156820;1.156850;0
20260407 054200;1.156860;1.156860;1.156760;1.156820;0
20260407 054300;1.156830;1.156920;1.156800;1.156810;0
20260407 054400;1.156810;1.156820;1.156570;1.156570;0
20260407 054500;1.156580;1.156590;1.156500;1.156500;0
20260407 054600;1.156490;1.156520;1.156370;1.156380;0
20260407 054700;1.156400;1.156460;1.156340;1.156370;0
20260407 054800;1.156350;1.156470;1.156350;1.156460;0
20260407 054900;1.156470;1.156530;1.156430;1.156450;0
20260407 055000;1.156460;1.156460;1.156350;1.156460;0
20260407 055100;1.156460;1.156530;1.156430;1.156470;0
20260407 055200;1.156470;1.156510;1.156370;1.156380;0
20260407 055300;1.156380;1.156470;1.156360;1.156360;0
20260407 055400;1.156360;1.156370;1.156310;1.156360;0
20260407 055500;1.156360;1.156380;1.156290;1.156360;0
20260407 055600;1.156350;1.156430;1.156310;1.156350;0
20260407 055700;1.156320;1.156410;1.156290;1.156310;0
20260407 055800;1.156320;1.156320;1.156210;1.156270;0
20260407 055900;1.156270;1.156430;1.156270;1.156280;0
20260407 060000;1.156270;1.156320;1.156160;1.156200;0
20260407 060100;1.156210;1.156360;1.156210;1.156270;0
20260407 060200;1.156270;1.156320;1.156250;1.156260;0
20260407 060300;1.156260;1.156260;1.156000;1.156030;0
20260407 060400;1.156050;1.156230;1.156020;1.156170;0
20260407 060500;1.156160;1.156330;1.156160;1.156320;0
20260407 060600;1.156330;1.156330;1.156200;1.156220;0
20260407 060700;1.156210;1.156270;1.156210;1.156250;0
20260407 060800;1.156240;1.156330;1.156240;1.156310;0
20260407 060900;1.156310;1.156320;1.155130;1.155830;0
20260407 061000;1.155820;1.155860;1.155470;1.155720;0
20260407 061100;1.155730;1.155900;1.155660;1.155780;0
20260407 061200;1.155780;1.156080;1.155780;1.155980;0
20260407 061300;1.155990;1.156090;1.155970;1.156060;0
20260407 061400;1.156070;1.156140;1.155880;1.156060;0
20260407 061500;1.156060;1.156290;1.156030;1.156180;0
20260407 061600;1.156180;1.156210;1.156030;1.156030;0
20260407 061700;1.156030;1.156040;1.155830;1.155830;0
20260407 061800;1.155840;1.155960;1.155820;1.155860;0
20260407 061900;1.155850;1.155960;1.155820;1.155920;0
20260407 062000;1.155910;1.155910;1.155750;1.155760;0
20260407 062100;1.155740;1.155760;1.155470;1.155560;0
20260407 062200;1.155570;1.155630;1.155460;1.155470;0
20260407 062300;1.155470;1.155530;1.155430;1.155500;0
20260407 062400;1.155500;1.155530;1.155450;1.155490;0
20260407 062500;1.155470;1.155490;1.154680;1.154790;0
20260407 062600;1.154780;1.155160;1.154560;1.155150;0
20260407 062700;1.155140;1.155290;1.155020;1.155260;0
20260407 062800;1.155260;1.155640;1.155260;1.155380;0
20260407 062900;1.155400;1.155520;1.155360;1.155500;0
20260407 063000;1.155510;1.155610;1.155450;1.155580;0
20260407 063100;1.155570;1.155640;1.155420;1.155520;0
20260407 063200;1.155520;1.155640;1.155500;1.155580;0
20260407 063300;1.155570;1.155650;1.155540;1.155590;0
20260407 063400;1.155590;1.155670;1.155570;1.155670;0
20260407 063500;1.155660;1.155740;1.155640;1.155730;0
20260407 063600;1.155730;1.155870;1.155670;1.155840;0
20260407 063700;1.155840;1.155850;1.155440;1.155570;0
20260407 063800;1.155600;1.155610;1.155400;1.155420;0
20260407 063900;1.155440;1.155690;1.155410;1.155520;0
20260407 064000;1.155510;1.155510;1.155270;1.155330;0
20260407 064100;1.155330;1.155330;1.155180;1.155220;0
20260407 064200;1.155210;1.155530;1.155190;1.155410;0
20260407 064300;1.155420;1.155430;1.154640;1.154970;0
20260407 064400;1.154970;1.155330;1.154870;1.155280;0
20260407 064500;1.155270;1.155270;1.155090;1.155220;0
20260407 064600;1.155220;1.155310;1.155040;1.155220;0
20260407 064700;1.155220;1.155230;1.155010;1.155050;0
20260407 064800;1.155060;1.155130;1.154950;1.155040;0
20260407 064900;1.155050;1.155110;1.154930;1.154950;0
20260407 065000;1.154940;1.155040;1.154840;1.155030;0
20260407 065100;1.155040;1.155150;1.155030;1.155100;0
20260407 065200;1.155100;1.155100;1.154830;1.154870;0
20260407 065300;1.154890;1.154990;1.154830;1.154880;0
20260407 065400;1.154870;1.154950;1.154810;1.154910;0
20260407 065500;1.154900;1.155290;1.154900;1.155270;0
20260407 065600;1.155270;1.155320;1.155060;1.155180;0
20260407 065700;1.155230;1.155290;1.155140;1.155210;0
20260407 065800;1.155210;1.155420;1.155210;1.155360;0
20260407 065900;1.155350;1.155440;1.155300;1.155410;0
20260407 070000;1.155410;1.155420;1.155200;1.155220;0
20260407 070100;1.155220;1.155250;1.155110;1.155230;0
20260407 070200;1.155230;1.155230;1.155070;1.155120;0
20260407 070300;1.155120;1.155240;1.155120;1.155150;0
20260407 070400;1.155170;1.155190;1.155050;1.155060;0
20260407 070500;1.155040;1.155150;1.155030;1.155130;0
20260407 070600;1.155130;1.155200;1.154840;1.154920;0
20260407 070700;1.154920;1.155090;1.154870;1.154880;0
20260407 070800;1.154870;1.155030;1.154870;1.154980;0
20260407 070900;1.154960;1.155030;1.154930;1.154950;0
20260407 071000;1.154960;1.154960;1.154800;1.154860;0
20260407 071100;1.154880;1.154980;1.154840;1.154950;0
20260407 071200;1.154960;1.154970;1.154830;1.154890;0
20260407 071300;1.154910;1.154960;1.154820;1.154950;0
20260407 071400;1.154950;1.154950;1.154800;1.154900;0
20260407 071500;1.154900;1.155180;1.154900;1.154980;0
20260407 071600;1.154970;1.155040;1.154920;1.155030;0
20260407 071700;1.155040;1.155140;1.155000;1.155090;0
20260407 071800;1.155110;1.155230;1.155100;1.155160;0
20260407 071900;1.155160;1.155240;1.155130;1.155180;0
20260407 072000;1.155170;1.155190;1.155090;1.155120;0
20260407 072100;1.155120;1.155240;1.155110;1.155240;0
20260407 072200;1.155250;1.155420;1.155230;1.155420;0
20260407 072300;1.155410;1.155460;1.155300;1.155340;0
20260407 072400;1.155320;1.155330;1.155210;1.155290;0
20260407 072500;1.155290;1.155490;1.155290;1.155440;0
20260407 072600;1.155430;1.155640;1.155430;1.155640;0
20260407 072700;1.155630;1.155660;1.155580;1.155660;0
20260407 072800;1.155660;1.155660;1.155590;1.155590;0
20260407 072900;1.155590;1.155590;1.155330;1.155390;0
20260407 073000;1.155370;1.155390;1.155320;1.155380;0
20260407 073100;1.155390;1.155390;1.155190;1.155210;0
20260407 073200;1.155220;1.155270;1.155100;1.155100;0
20260407 073300;1.155090;1.155200;1.155070;1.155180;0
20260407 073400;1.155200;1.155260;1.155200;1.155230;0
20260407 073500;1.155230;1.155430;1.155190;1.155400;0
20260407 073600;1.155420;1.155440;1.155230;1.155230;0
20260407 073700;1.155240;1.155960;1.155230;1.155720;0
20260407 073800;1.155750;1.155770;1.155570;1.155670;0
20260407 073900;1.155670;1.155720;1.155470;1.155590;0
20260407 074000;1.155580;1.155700;1.155520;1.155520;0
20260407 074100;1.155530;1.155600;1.155470;1.155470;0
20260407 074200;1.155450;1.155540;1.155430;1.155540;0
20260407 074300;1.155520;1.156110;1.155520;1.156080;0
20260407 074400;1.156090;1.156200;1.155980;1.156190;0
20260407 074500;1.156190;1.156190;1.156080;1.156080;0
20260407 074600;1.156080;1.156110;1.156050;1.156080;0
20260407 074700;1.156130;1.156130;1.156020;1.156080;0
20260407 074800;1.156060;1.156070;1.155920;1.155950;0
20260407 074900;1.155960;1.155970;1.155820;1.155840;0
20260407 075000;1.155840;1.155840;1.155710;1.155720;0
20260407 075100;1.155720;1.155790;1.155690;1.155780;0
20260407 075200;1.155770;1.155780;1.155720;1.155770;0
20260407 075300;1.155770;1.155820;1.155720;1.155740;0
20260407 075400;1.155750;1.155780;1.155710;1.155710;0
20260407 075500;1.155710;1.155750;1.155630;1.155720;0
20260407 075600;1.155720;1.155810;1.155690;1.155790;0
20260407 075700;1.155780;1.155890;1.155760;1.155890;0
20260407 075800;1.155860;1.155930;1.155860;1.155900;0
20260407 075900;1.155890;1.155990;1.155870;1.155990;0
20260407 080000;1.156000;1.156070;1.155920;1.156000;0
20260407 080100;1.155980;1.155980;1.155920;1.155970;0
20260407 080200;1.155960;1.156080;1.155930;1.156060;0
20260407 080300;1.156050;1.156180;1.155980;1.155980;0
20260407 080400;1.155980;1.156080;1.155950;1.156050;0
20260407 080500;1.156070;1.156190;1.156030;1.156190;0
20260407 080600;1.156190;1.156580;1.155380;1.155780;0
20260407 080700;1.155790;1.155940;1.155520;1.155610;0
20260407 080800;1.155620;1.155870;1.155390;1.155840;0
20260407 080900;1.155840;1.155970;1.155640;1.155640;0
20260407 081000;1.155660;1.155720;1.155420;1.155670;0
20260407 081100;1.155670;1.155760;1.155550;1.155630;0
20260407 081200;1.155630;1.155710;1.155520;1.155520;0
20260407 081300;1.155540;1.155560;1.155390;1.155470;0
20260407 081400;1.155480;1.155610;1.155470;1.155570;0
20260407 081500;1.155570;1.155720;1.155450;1.155510;0
20260407 081600;1.155480;1.155610;1.155380;1.155610;0
20260407 081700;1.155610;1.155780;1.155510;1.155570;0
20260407 081800;1.155580;1.156070;1.155580;1.156070;0
20260407 081900;1.156060;1.156140;1.155930;1.155990;0
20260407 082000;1.156000;1.156160;1.155940;1.155980;0
20260407 082100;1.155980;1.156350;1.155970;1.156340;0
20260407 082200;1.156320;1.156370;1.156200;1.156290;0
20260407 082300;1.156290;1.156290;1.156020;1.156070;0
20260407 082400;1.156090;1.156390;1.155930;1.155940;0
20260407 082500;1.155960;1.156150;1.155960;1.156050;0
20260407 082600;1.156080;1.156100;1.156000;1.156060;0
20260407 082700;1.156050;1.156130;1.156050;1.156070;0
20260407 082800;1.156090;1.156190;1.156090;1.156170;0
20260407 082900;1.156180;1.156230;1.156060;1.156080;0
20260407 083000;1.156090;1.156210;1.156020;1.156190;0
20260407 083100;1.156190;1.156410;1.156190;1.156270;0
20260407 083200;1.156270;1.156300;1.156130;1.156200;0
20260407 083300;1.156190;1.156290;1.156140;1.156270;0
20260407 083400;1.156280;1.156290;1.156200;1.156270;0
20260407 083500;1.156260;1.156400;1.156140;1.156400;0
20260407 083600;1.156410;1.156500;1.156350;1.156500;0
20260407 083700;1.156500;1.156550;1.156430;1.156550;0
20260407 083800;1.156550;1.156560;1.156450;1.156500;0
20260407 083900;1.156500;1.156630;1.156460;1.156590;0
20260407 084000;1.156570;1.156580;1.156520;1.156560;0
20260407 084100;1.156580;1.156700;1.156560;1.156690;0
20260407 084200;1.156690;1.156700;1.156590;1.156670;0
20260407 084300;1.156660;1.156660;1.156430;1.156440;0
20260407 084400;1.156450;1.156520;1.156380;1.156450;0
20260407 084500;1.156460;1.156490;1.156400;1.156490;0
20260407 084600;1.156490;1.156490;1.156400;1.156480;0
20260407 084700;1.156470;1.156470;1.156370;1.156430;0
20260407 084800;1.156440;1.156440;1.156160;1.156180;0
20260407 084900;1.156180;1.156180;1.155890;1.155900;0
20260407 085000;1.155920;1.155940;1.155750;1.155870;0
20260407 085100;1.155870;1.156170;1.155870;1.156140;0
20260407 085200;1.156140;1.156370;1.156130;1.156340;0
20260407 085300;1.156360;1.156470;1.156320;1.156330;0
20260407 085400;1.156330;1.156370;1.156260;1.156330;0
20260407 085500;1.156330;1.156960;1.156160;1.156630;0
20260407 085600;1.156680;1.156690;1.156110;1.156130;0
20260407 085700;1.156120;1.156150;1.156020;1.156030;0
20260407 085800;1.156060;1.156210;1.156040;1.156070;0
20260407 085900;1.156100;1.156140;1.156010;1.156030;0
20260407 090000;1.156040;1.156070;1.155930;1.156020;0
20260407 090100;1.156030;1.156220;1.155980;1.156210;0
20260407 090200;1.156210;1.156340;1.156190;1.156300;0
20260407 090300;1.156290;1.156410;1.156240;1.156370;0
20260407 090400;1.156360;1.156430;1.156270;1.156290;0
20260407 090500;1.156280;1.156410;1.156150;1.156180;0
20260407 090600;1.156160;1.156430;1.156160;1.156390;0
20260407 090700;1.156380;1.156480;1.156270;1.156280;0
20260407 090800;1.156300;1.156370;1.156250;1.156280;0
20260407 090900;1.156270;1.156280;1.156130;1.156160;0
20260407 091000;1.156170;1.156190;1.156010;1.156010;0
20260407 091100;1.156030;1.156180;1.156030;1.156130;0
20260407 091200;1.156150;1.156290;1.156150;1.156190;0
20260407 091300;1.156180;1.156350;1.156130;1.156340;0
20260407 091400;1.156340;1.156340;1.155860;1.156300;0
20260407 091500;1.156290;1.156440;1.156280;1.156350;0
20260407 091600;1.156330;1.156390;1.156260;1.156340;0
20260407 091700;1.156340;1.156350;1.156070;1.156230;0
20260407 091800;1.156240;1.156240;1.156090;1.156130;0
20260407 091900;1.156130;1.156290;1.156050;1.156290;0
20260407 092000;1.156300;1.156390;1.156220;1.156390;0
20260407 092100;1.156390;1.156430;1.156300;1.156300;0
20260407 092200;1.156310;1.156340;1.156250;1.156320;0
20260407 092300;1.156320;1.156350;1.156230;1.156330;0
20260407 092400;1.156340;1.156490;1.156320;1.156380;0
20260407 092500;1.156380;1.156440;1.156360;1.156400;0
20260407 092600;1.156410;1.156490;1.156320;1.156320;0
20260407 092700;1.156340;1.156370;1.155950;1.156050;0
20260407 092800;1.156070;1.156200;1.156070;1.156100;0
20260407 092900;1.156100;1.156100;1.155900;1.155960;0
20260407 093000;1.155970;1.156200;1.155970;1.156030;0
20260407 093100;1.156020;1.156060;1.155580;1.155630;0
20260407 093200;1.155620;1.155910;1.155600;1.155890;0
20260407 093300;1.155880;1.156040;1.155840;1.155940;0
20260407 093400;1.155940;1.156040;1.155850;1.155850;0
20260407 093500;1.155870;1.156050;1.155750;1.156050;0
20260407 093600;1.156050;1.156210;1.156040;1.156200;0
20260407 093700;1.156210;1.156340;1.156130;1.156310;0
20260407 093800;1.156310;1.156400;1.155990;1.155990;0
20260407 093900;1.156010;1.156060;1.155790;1.155850;0
20260407 094000;1.155840;1.156000;1.155700;1.155730;0
20260407 094100;1.155750;1.155850;1.155700;1.155810;0
20260407 094200;1.155830;1.155990;1.155760;1.155960;0
20260407 094300;1.155940;1.156110;1.155900;1.156060;0
20260407 094400;1.156050;1.156090;1.155980;1.156000;0
20260407 094500;1.156010;1.156190;1.155940;1.156040;0
20260407 094600;1.156050;1.156110;1.155990;1.156100;0
20260407 094700;1.156090;1.156160;1.156050;1.156140;0
20260407 094800;1.156140;1.156320;1.156140;1.156310;0
20260407 094900;1.156320;1.156470;1.156310;1.156420;0
20260407 095000;1.156410;1.156470;1.156340;1.156370;0
20260407 095100;1.156360;1.156450;1.156170;1.156170;0
20260407 095200;1.156170;1.156300;1.156170;1.156240;0
20260407 095300;1.156230;1.156320;1.156130;1.156320;0
20260407 095400;1.156340;1.156450;1.156310;1.156400;0
20260407 095500;1.156390;1.156490;1.156340;1.156390;0
20260407 095600;1.156380;1.156410;1.156270;1.156340;0
20260407 095700;1.156340;1.156390;1.156310;1.156380;0
20260407 095800;1.156380;1.156470;1.156300;1.156310;0
20260407 095900;1.156330;1.156370;1.156320;1.156360;0
20260407 100000;1.156350;1.156480;1.156300;1.156380;0
20260407 100100;1.156390;1.156440;1.156080;1.156090;0
20260407 100200;1.156090;1.156090;1.155890;1.155990;0
20260407 100300;1.156030;1.156080;1.155920;1.155950;0
20260407 100400;1.155960;1.156080;1.155900;1.155970;0
20260407 100500;1.155970;1.156310;1.155940;1.156300;0
20260407 100600;1.156300;1.156410;1.156240;1.156390;0
20260407 100700;1.156390;1.156650;1.156270;1.156270;0
20260407 100800;1.156290;1.156320;1.156080;1.156090;0
20260407 100900;1.156080;1.156290;1.156080;1.156280;0
20260407 101000;1.156290;1.156420;1.156280;1.156380;0
20260407 101100;1.156360;1.156360;1.156190;1.156230;0
20260407 101200;1.156250;1.156290;1.156090;1.156140;0
20260407 101300;1.156120;1.156200;1.156000;1.156120;0
20260407 101400;1.156090;1.156240;1.156090;1.156200;0
20260407 101500;1.156200;1.156240;1.156040;1.156160;0
20260407 101600;1.156160;1.156200;1.156090;1.156110;0
20260407 101700;1.156100;1.156170;1.156030;1.156030;0
20260407 101800;1.156020;1.156020;1.155840;1.155900;0
20260407 101900;1.155890;1.156250;1.155870;1.156250;0
20260407 102000;1.156240;1.156530;1.156220;1.156490;0
20260407 102100;1.156490;1.157060;1.156420;1.156880;0
20260407 102200;1.156890;1.156960;1.156640;1.156660;0
20260407 102300;1.156650;1.156940;1.156610;1.156820;0
20260407 102400;1.156800;1.157280;1.156740;1.157070;0
20260407 102500;1.157040;1.157090;1.156930;1.157080;0
20260407 102600;1.157070;1.157310;1.157020;1.157290;0
20260407 102700;1.157290;1.157300;1.157040;1.157110;0
20260407 102800;1.157120;1.157260;1.157070;1.157200;0
20260407 102900;1.157210;1.157270;1.157090;1.157240;0
20260407 103000;1.157260;1.157340;1.157190;1.157240;0
20260407 103100;1.157240;1.157270;1.157120;1.157190;0
20260407 103200;1.157190;1.157290;1.157140;1.157230;0
20260407 103300;1.157220;1.157840;1.157220;1.157770;0
20260407 103400;1.157750;1.157840;1.157660;1.157740;0
20260407 103500;1.157740;1.157850;1.157350;1.157630;0
20260407 103600;1.157600;1.157730;1.157580;1.157650;0
20260407 103700;1.157630;1.157840;1.157610;1.157830;0
20260407 103800;1.157860;1.158120;1.157810;1.158040;0
20260407 103900;1.158070;1.158070;1.157640;1.157780;0
20260407 104000;1.157770;1.157890;1.157660;1.157780;0
20260407 104100;1.157770;1.157920;1.157740;1.157780;0
20260407 104200;1.157800;1.157980;1.157730;1.157930;0
20260407 104300;1.157920;1.157970;1.157800;1.157890;0
20260407 104400;1.157920;1.157980;1.157840;1.157840;0
20260407 104500;1.157860;1.157910;1.157600;1.157670;0
20260407 104600;1.157660;1.158350;1.157590;1.157850;0
20260407 104700;1.157850;1.157850;1.157630;1.157630;0
20260407 104800;1.157640;1.157640;1.157480;1.157540;0
20260407 104900;1.157540;1.157980;1.157540;1.157780;0
20260407 105000;1.157770;1.157950;1.157710;1.157740;0
20260407 105100;1.157740;1.157820;1.157560;1.157570;0
20260407 105200;1.157590;1.157650;1.157530;1.157640;0
20260407 105300;1.157640;1.157790;1.157500;1.157550;0
20260407 105400;1.157520;1.157550;1.157480;1.157500;0
20260407 105500;1.157490;1.157490;1.157240;1.157270;0
20260407 105600;1.157270;1.157340;1.157180;1.157200;0
20260407 105700;1.157230;1.157510;1.157220;1.157470;0
20260407 105800;1.157480;1.157610;1.157300;1.157300;0
20260407 105900;1.157280;1.157310;1.157100;1.157180;0
20260407 110000;1.157180;1.157290;1.157110;1.157250;0
20260407 110100;1.157260;1.157340;1.157170;1.157220;0
20260407 110200;1.157220;1.157310;1.156990;1.157020;0
20260407 110300;1.157040;1.157190;1.156970;1.157190;0
20260407 110400;1.157170;1.157280;1.157000;1.157130;0
20260407 110500;1.157130;1.157150;1.156760;1.156790;0
20260407 110600;1.156780;1.156920;1.156720;1.156890;0
20260407 110700;1.156890;1.156980;1.156730;1.156760;0
20260407 110800;1.156760;1.156780;1.156630;1.156640;0
20260407 110900;1.156650;1.156710;1.156580;1.156630;0
20260407 111000;1.156620;1.156860;1.156600;1.156760;0
20260407 111100;1.156760;1.156930;1.156740;1.156790;0
20260407 111200;1.156790;1.156900;1.156760;1.156840;0
20260407 111300;1.156840;1.157050;1.156700;1.157010;0
20260407 111400;1.157020;1.157090;1.156930;1.157030;0
20260407 111500;1.157030;1.157840;1.156920;1.157470;0
20260407 111600;1.157530;1.157640;1.157360;1.157380;0
20260407 111700;1.157390;1.157420;1.157260;1.157390;0
20260407 111800;1.157380;1.157430;1.157300;1.157380;0
20260407 111900;1.157360;1.157480;1.157350;1.157480;0
20260407 112000;1.157470;1.157470;1.157260;1.157320;0
20260407 112100;1.157310;1.157330;1.157110;1.157140;0
20260407 112200;1.157140;1.157170;1.157010;1.157070;0
20260407 112300;1.157040;1.157150;1.157020;1.157140;0
20260407 112400;1.157170;1.157270;1.157150;1.157160;0
20260407 112500;1.157170;1.157460;1.157170;1.157420;0
20260407 112600;1.157420;1.157570;1.157330;1.157570;0
20260407 112700;1.157560;1.157560;1.157360;1.157420;0
20260407 112800;1.157420;1.157440;1.157330;1.157330;0
20260407 112900;1.157360;1.157460;1.157310;1.157430;0
20260407 113000;1.157420;1.157480;1.157300;1.157350;0
20260407 113100;1.157340;1.157340;1.157180;1.157280;0
20260407 113200;1.157300;1.157370;1.157260;1.157350;0
20260407 113300;1.157380;1.157390;1.157240;1.157320;0
20260407 113400;1.157310;1.157350;1.157200;1.157210;0
20260407 113500;1.157220;1.157430;1.157200;1.157380;0
20260407 113600;1.157390;1.157490;1.157390;1.157430;0
20260407 113700;1.157400;1.157460;1.157250;1.157320;0
20260407 113800;1.157330;1.157400;1.157260;1.157370;0
20260407 113900;1.157350;1.157370;1.157200;1.157260;0
20260407 114000;1.157250;1.157330;1.157190;1.157200;0
20260407 114100;1.157210;1.157270;1.157020;1.157110;0
20260407 114200;1.157110;1.157210;1.157100;1.157140;0
20260407 114300;1.157150;1.157200;1.157010;1.157070;0
20260407 114400;1.157090;1.157100;1.156780;1.156820;0
20260407 114500;1.156830;1.156950;1.156780;1.156930;0
20260407 114600;1.156920;1.157080;1.156910;1.157010;0
20260407 114700;1.156990;1.157060;1.156990;1.157010;0
20260407 114800;1.156990;1.157010;1.156920;1.156970;0
20260407 114900;1.156960;1.157060;1.156950;1.157020;0
20260407 115000;1.157000;1.157020;1.156910;1.157000;0
20260407 115100;1.157020;1.157290;1.157020;1.157190;0
20260407 115200;1.157210;1.157300;1.157120;1.157280;0
20260407 115300;1.157260;1.157480;1.157260;1.157430;0
20260407 115400;1.157470;1.157510;1.157380;1.157380;0
20260407 115500;1.157390;1.157810;1.157280;1.157450;0
20260407 115600;1.157450;1.157450;1.157150;1.157180;0
20260407 115700;1.157170;1.157320;1.157160;1.157320;0
20260407 115800;1.157320;1.157370;1.157220;1.157290;0
20260407 115900;1.157290;1.157310;1.157100;1.157110;0
20260407 120000;1.157110;1.157360;1.157080;1.157170;0
20260407 120100;1.157140;1.157240;1.157090;1.157150;0
20260407 120200;1.157150;1.157520;1.157100;1.157460;0
20260407 120300;1.157440;1.157950;1.157350;1.157750;0
20260407 120400;1.157750;1.157780;1.157620;1.157670;0
20260407 120500;1.157670;1.157690;1.157500;1.157620;0
20260407 120600;1.157640;1.157750;1.157590;1.157720;0
20260407 120700;1.157740;1.157830;1.157670;1.157710;0
20260407 120800;1.157700;1.157700;1.157480;1.157590;0
20260407 120900;1.157570;1.157660;1.157510;1.157520;0
20260407 121000;1.157510;1.157570;1.157410;1.157480;0
20260407 121100;1.157460;1.157470;1.157310;1.157320;0
20260407 121200;1.157320;1.157410;1.157310;1.157410;0
20260407 121300;1.157400;1.157560;1.157400;1.157530;0
20260407 121400;1.157540;1.157570;1.157460;1.157500;0
20260407 121500;1.157490;1.157540;1.157400;1.157540;0
20260407 121600;1.157550;1.157550;1.157310;1.157350;0
20260407 121700;1.157340;1.157400;1.157300;1.157300;0
20260407 121800;1.157320;1.157340;1.157190;1.157220;0
20260407 121900;1.157210;1.157290;1.157150;1.157280;0
20260407 122000;1.157270;1.157290;1.157210;1.157270;0
20260407 122100;1.157270;1.157360;1.157200;1.157330;0
20260407 122200;1.157320;1.157360;1.157180;1.157180;0
20260407 122300;1.157180;1.157850;1.157100;1.157330;0
20260407 122400;1.157350;1.157360;1.157200;1.157360;0
20260407 122500;1.157350;1.157410;1.157230;1.157280;0
20260407 122600;1.157260;1.157290;1.157180;1.157260;0
20260407 122700;1.157260;1.157470;1.157260;1.157440;0
20260407 122800;1.157430;1.157640;1.157370;1.157480;0
20260407 122900;1.157480;1.157580;1.157460;1.157540;0
20260407 123000;1.157530;1.157630;1.157460;1.157610;0
20260407 123100;1.157590;1.157740;1.157560;1.157700;0
20260407 123200;1.157710;1.157760;1.157520;1.157540;0
20260407 123300;1.157530;1.157720;1.157510;1.157710;0
20260407 123400;1.157700;1.157700;1.157580;1.157620;0
20260407 123500;1.157620;1.157720;1.157600;1.157670;0
20260407 123600;1.157670;1.157670;1.157520;1.157580;0
20260407 123700;1.157600;1.157620;1.157480;1.157550;0
20260407 123800;1.157540;1.157580;1.157480;1.157520;0
20260407 123900;1.157530;1.157540;1.157330;1.157440;0
20260407 124000;1.157470;1.157470;1.157360;1.157400;0
20260407 124100;1.157410;1.157570;1.157410;1.157530;0
20260407 124200;1.157540;1.157560;1.157460;1.157460;0
20260407 124300;1.157480;1.157480;1.157370;1.157390;0
20260407 124400;1.157410;1.157500;1.157370;1.157500;0
20260407 124500;1.157480;1.157670;1.157480;1.157580;0
20260407 124600;1.157590;1.157670;1.157530;1.157630;0
20260407 124700;1.157610;1.157610;1.157510;1.157610;0
20260407 124800;1.157610;1.157660;1.157590;1.157620;0
20260407 124900;1.157630;1.157650;1.157520;1.157520;0
20260407 125000;1.157500;1.157520;1.157400;1.157430;0
20260407 125100;1.157420;1.157490;1.157390;1.157430;0
20260407 125200;1.157420;1.157420;1.157200;1.157200;0
20260407 125300;1.157200;1.157310;1.157200;1.157220;0
20260407 125400;1.157220;1.157260;1.156980;1.157040;0
20260407 125500;1.157020;1.157130;1.156960;1.157100;0
20260407 125600;1.157080;1.157120;1.156980;1.157020;0
20260407 125700;1.157030;1.157060;1.157010;1.157030;0
20260407 125800;1.157030;1.157140;1.157000;1.157120;0
20260407 125900;1.157110;1.157160;1.157080;1.157130;0
20260407 130000;1.157130;1.157500;1.157090;1.157260;0
20260407 130100;1.157250;1.157370;1.157250;1.157310;0
20260407 130200;1.157310;1.157490;1.157290;1.157400;0
20260407 130300;1.157390;1.157530;1.157360;1.157430;0
20260407 130400;1.157420;1.157480;1.157410;1.157450;0
20260407 130500;1.157450;1.157490;1.157300;1.157320;0
20260407 130600;1.157310;1.157440;1.157250;1.157380;0
20260407 130700;1.157370;1.157370;1.157180;1.157180;0
20260407 130800;1.157190;1.157210;1.157100;1.157120;0
20260407 130900;1.157100;1.157100;1.156970;1.156970;0
20260407 131000;1.156960;1.156970;1.156900;1.156960;0
20260407 131100;1.156960;1.156960;1.156770;1.156840;0
20260407 131200;1.156870;1.156970;1.156830;1.156970;0
20260407 131300;1.157010;1.157060;1.156920;1.156960;0
20260407 131400;1.156970;1.157030;1.156950;1.157010;0
20260407 131500;1.157010;1.157020;1.156830;1.156950;0
20260407 131600;1.156960;1.157000;1.156780;1.156800;0
20260407 131700;1.156800;1.156850;1.156800;1.156800;0
20260407 131800;1.156800;1.156880;1.156800;1.156860;0
20260407 131900;1.156840;1.156840;1.156720;1.156780;0
20260407 132000;1.156790;1.156820;1.156700;1.156720;0
20260407 132100;1.156730;1.156770;1.156630;1.156700;0
20260407 132200;1.156700;1.156810;1.156700;1.156750;0
20260407 132300;1.156730;1.156780;1.156630;1.156730;0
20260407 132400;1.156740;1.156830;1.156680;1.156780;0
20260407 132500;1.156780;1.156780;1.156640;1.156730;0
20260407 132600;1.156730;1.156840;1.156730;1.156760;0
20260407 132700;1.156740;1.156860;1.156740;1.156830;0
20260407 132800;1.156840;1.156850;1.156770;1.156790;0
20260407 132900;1.156780;1.156850;1.156770;1.156840;0
20260407 133000;1.156850;1.157050;1.156840;1.156940;0
20260407 133100;1.156940;1.157040;1.156890;1.157030;0
20260407 133200;1.157040;1.157120;1.156980;1.157090;0
20260407 133300;1.157080;1.157160;1.156990;1.157100;0
20260407 133400;1.157090;1.157330;1.157050;1.157280;0
20260407 133500;1.157280;1.157670;1.157280;1.157610;0
20260407 133600;1.157600;1.157900;1.157550;1.157850;0
20260407 133700;1.157860;1.157940;1.157830;1.157850;0
20260407 133800;1.157860;1.157900;1.157660;1.157710;0
20260407 133900;1.157740;1.157790;1.157630;1.157680;0
20260407 134000;1.157660;1.157720;1.157590;1.157640;0
20260407 134100;1.157660;1.157730;1.157630;1.157720;0
20260407 134200;1.157710;1.157740;1.157600;1.157620;0
20260407 134300;1.157610;1.157650;1.157530;1.157630;0
20260407 134400;1.157650;1.157660;1.157530;1.157560;0
20260407 134500;1.157580;1.157610;1.157320;1.157370;0
20260407 134600;1.157370;1.157500;1.157370;1.157460;0
20260407 134700;1.157460;1.157550;1.157450;1.157550;0
20260407 134800;1.157540;1.157570;1.157470;1.157530;0
20260407 134900;1.157530;1.157610;1.157530;1.157570;0
20260407 135000;1.157580;1.157630;1.157550;1.157570;0
20260407 135100;1.157560;1.157760;1.157530;1.157750;0
20260407 135200;1.157770;1.157880;1.157770;1.157820;0
20260407 135300;1.157810;1.157940;1.157810;1.157840;0
20260407 135400;1.157850;1.157850;1.157750;1.157770;0
20260407 135500;1.157780;1.157820;1.157690;1.157710;0
20260407 135600;1.157720;1.157730;1.157630;1.157710;0
20260407 135700;1.157700;1.157700;1.157550;1.157610;0
20260407 135800;1.157600;1.157760;1.157580;1.157630;0
20260407 135900;1.157670;1.157770;1.157660;1.157740;0
20260407 140000;1.157740;1.157960;1.157740;1.157900;0
20260407 140100;1.157920;1.157960;1.157900;1.157920;0
20260407 140200;1.157920;1.157920;1.157770;1.157860;0
20260407 140300;1.157850;1.157850;1.157730;1.157770;0
20260407 140400;1.157790;1.157890;1.157720;1.157750;0
20260407 140500;1.157750;1.157780;1.157700;1.157770;0
20260407 140600;1.157760;1.157770;1.157690;1.157750;0
20260407 140700;1.157760;1.157840;1.157710;1.157710;0
20260407 140800;1.157710;1.157830;1.157710;1.157770;0
20260407 140900;1.157770;1.157820;1.157750;1.157780;0
20260407 141000;1.157780;1.157810;1.157720;1.157810;0
20260407 141100;1.157820;1.157840;1.157750;1.157780;0
20260407 141200;1.157780;1.157830;1.157760;1.157810;0
20260407 141300;1.157820;1.157910;1.157790;1.157880;0
20260407 141400;1.157890;1.157940;1.157880;1.157930;0
20260407 141500;1.157930;1.157940;1.157870;1.157890;0
20260407 141600;1.157870;1.157890;1.157830;1.157830;0
20260407 141700;1.157840;1.157910;1.157840;1.157870;0
20260407 141800;1.157880;1.157930;1.157820;1.157920;0
20260407 141900;1.157940;1.157970;1.157850;1.157950;0
20260407 142000;1.157960;1.158090;1.157960;1.158090;0
20260407 142100;1.158090;1.158110;1.157970;1.158020;0
20260407 142200;1.158010;1.158300;1.157990;1.158240;0
20260407 142300;1.158250;1.158250;1.158100;1.158200;0
20260407 142400;1.158190;1.158200;1.158120;1.158190;0
20260407 142500;1.158220;1.158240;1.158160;1.158230;0
20260407 142600;1.158200;1.158200;1.158040;1.158140;0
20260407 142700;1.158150;1.158180;1.158080;1.158090;0
20260407 142800;1.158080;1.158160;1.158080;1.158120;0
20260407 142900;1.158110;1.158200;1.158080;1.158200;0
20260407 143000;1.158200;1.158290;1.158130;1.158220;0
20260407 143100;1.158230;1.158270;1.158100;1.158170;0
20260407 143200;1.158180;1.158220;1.158170;1.158220;0
20260407 143300;1.158210;1.158250;1.158170;1.158220;0
20260407 143400;1.158220;1.158260;1.158220;1.158240;0
20260407 143500;1.158210;1.158270;1.158160;1.158180;0
20260407 143600;1.158190;1.158260;1.158150;1.158250;0
20260407 143700;1.158260;1.158260;1.158160;1.158170;0
20260407 143800;1.158190;1.158190;1.158020;1.158020;0
20260407 143900;1.158010;1.158030;1.157870;1.157880;0
20260407 144000;1.157880;1.157880;1.157660;1.157800;0
20260407 144100;1.157770;1.157820;1.157710;1.157760;0
20260407 144200;1.157740;1.157790;1.157680;1.157710;0
20260407 144300;1.157730;1.157750;1.157700;1.157730;0
20260407 144400;1.157730;1.157790;1.157690;1.157760;0
20260407 144500;1.157760;1.157760;1.157540;1.157690;0
20260407 144600;1.157680;1.157750;1.157660;1.157710;0
20260407 144700;1.157720;1.157730;1.157670;1.157680;0
20260407 144800;1.157670;1.157690;1.157570;1.157640;0
20260407 144900;1.157610;1.157700;1.157590;1.157690;0
20260407 145000;1.157700;1.157700;1.157540;1.157540;0
20260407 145100;1.157560;1.157620;1.157560;1.157610;0
20260407 145200;1.157620;1.157670;1.157570;1.157610;0
20260407 145300;1.157610;1.157660;1.157560;1.157560;0
20260407 145400;1.157540;1.157560;1.157420;1.157430;0
20260407 145500;1.157420;1.157420;1.157120;1.157190;0
20260407 145600;1.157220;1.157280;1.157180;1.157240;0
20260407 145700;1.157240;1.157500;1.157240;1.157500;0
20260407 145800;1.157480;1.157590;1.157480;1.157500;0
20260407 145900;1.157490;1.157530;1.157380;1.157470;0
20260407 150000;1.157460;1.157470;1.157370;1.157440;0
20260407 150100;1.157470;1.157470;1.157320;1.157420;0
20260407 150200;1.157410;1.157600;1.157410;1.157580;0
20260407 150300;1.157560;1.157630;1.157490;1.157530;0
20260407 150400;1.157540;1.157540;1.157480;1.157510;0
20260407 150500;1.157490;1.157500;1.157370;1.157380;0
20260407 150600;1.157370;1.157400;1.157280;1.157400;0
20260407 150700;1.157380;1.157380;1.157300;1.157330;0
20260407 150800;1.157330;1.157940;1.157290;1.157450;0
20260407 150900;1.157460;1.157550;1.157410;1.157480;0
20260407 151000;1.157490;1.157630;1.157490;1.157570;0
20260407 151100;1.157570;1.157750;1.157570;1.157690;0
20260407 151200;1.157710;1.157770;1.157550;1.157560;0
20260407 151300;1.157580;1.157640;1.157550;1.157640;0
20260407 151400;1.157620;1.157730;1.157620;1.157670;0
20260407 151500;1.157680;1.157750;1.157620;1.157700;0
20260407 151600;1.157710;1.157930;1.157680;1.157840;0
20260407 151700;1.157830;1.157970;1.157820;1.157860;0
20260407 151800;1.157880;1.158670;1.157860;1.158490;0
20260407 151900;1.158550;1.158970;1.158350;1.158830;0
20260407 152000;1.158790;1.159060;1.158670;1.158780;0
20260407 152100;1.158780;1.158840;1.158570;1.158660;0
20260407 152200;1.158660;1.158680;1.158510;1.158570;0
20260407 152300;1.158560;1.158570;1.158430;1.158430;0
20260407 152400;1.158430;1.158570;1.158370;1.158530;0
20260407 152500;1.158510;1.158540;1.158370;1.158460;0
20260407 152600;1.158430;1.158490;1.158280;1.158360;0
20260407 152700;1.158370;1.158500;1.158340;1.158500;0
20260407 152800;1.158490;1.158540;1.158430;1.158480;0
20260407 152900;1.158490;1.158490;1.158370;1.158450;0
20260407 153000;1.158440;1.158440;1.158320;1.158350;0
20260407 153100;1.158340;1.158350;1.158280;1.158330;0
20260407 153200;1.158320;1.158490;1.158320;1.158460;0
20260407 153300;1.158460;1.158480;1.158420;1.158470;0
20260407 153400;1.158460;1.158480;1.158400;1.158430;0
20260407 153500;1.158420;1.158430;1.158320;1.158390;0
20260407 153600;1.158380;1.158490;1.158380;1.158490;0
20260407 153700;1.158490;1.158540;1.158450;1.158460;0
20260407 153800;1.158470;1.158550;1.158430;1.158450;0
20260407 153900;1.158450;1.158530;1.158440;1.158490;0
20260407 154000;1.158490;1.158530;1.158390;1.158490;0
20260407 154100;1.158490;1.158650;1.158480;1.158600;0
20260407 154200;1.158590;1.158610;1.158500;1.158590;0
20260407 154300;1.158600;1.158640;1.158520;1.158520;0
20260407 154400;1.158520;1.159000;1.158510;1.158620;0
20260407 154500;1.158600;1.159720;1.158550;1.159410;0
20260407 154600;1.159420;1.159740;1.159060;1.159730;0
20260407 154700;1.159720;1.160080;1.159540;1.159970;0
20260407 154800;1.159970;1.160150;1.159730;1.159750;0
20260407 154900;1.159770;1.159830;1.159400;1.159480;0
20260407 155000;1.159530;1.159680;1.159460;1.159670;0
20260407 155100;1.159680;1.159810;1.159610;1.159760;0
20260407 155200;1.159800;1.159970;1.159740;1.159810;0
20260407 155300;1.159820;1.159830;1.159620;1.159700;0
20260407 155400;1.159680;1.159830;1.159630;1.159830;0
20260407 155500;1.159860;1.159930;1.159780;1.159840;0
20260407 155600;1.159860;1.160030;1.159840;1.159960;0
20260407 155700;1.159950;1.159960;1.159610;1.159660;0
20260407 155800;1.159650;1.159710;1.159500;1.159510;0
20260407 155900;1.159490;1.159560;1.159430;1.159480;0
20260407 160000;1.159490;1.159500;1.159270;1.159290;0
20260407 160100;1.159290;1.159390;1.159230;1.159390;0
20260407 160200;1.159400;1.159570;1.159290;1.159570;0
20260407 160300;1.159600;1.159650;1.159570;1.159600;0
20260407 160400;1.159620;1.159680;1.159610;1.159670;0
20260407 160500;1.159680;1.159770;1.159610;1.159610;0
20260407 160600;1.159610;1.159610;1.159490;1.159600;0
20260407 160700;1.159600;1.159640;1.159550;1.159630;0
20260407 160800;1.159640;1.159740;1.159610;1.159720;0
20260407 160900;1.159710;1.159910;1.159710;1.159890;0
20260407 161000;1.159900;1.159970;1.159870;1.159920;0
20260407 161100;1.159950;1.160020;1.159930;1.159950;0
20260407 161200;1.159940;1.160030;1.159890;1.160020;0
20260407 161300;1.160030;1.160110;1.160000;1.160070;0
20260407 161400;1.160090;1.160160;1.160010;1.160160;0
20260407 161500;1.160170;1.160420;1.159960;1.160090;0
20260407 161600;1.160110;1.160230;1.160060;1.160200;0
20260407 161700;1.160220;1.160500;1.160130;1.160440;0
20260407 161800;1.160450;1.160450;1.160290;1.160420;0
20260407 161900;1.160410;1.160410;1.160260;1.160320;0
20260407 162000;1.160310;1.160340;1.160260;1.160330;0
20260407 162100;1.160330;1.160350;1.160170;1.160230;0
20260407 162200;1.160210;1.160250;1.160180;1.160190;0
20260407 162300;1.160210;1.160240;1.160190;1.160210;0
20260407 162400;1.160230;1.160250;1.160220;1.160250;0
20260407 162500;1.160240;1.160260;1.160140;1.160140;0
20260407 162600;1.160130;1.160130;1.159900;1.160030;0
20260407 162700;1.160020;1.160180;1.160020;1.160110;0
20260407 162800;1.160120;1.160140;1.160040;1.160120;0
20260407 162900;1.160110;1.160110;1.159910;1.159920;0
20260407 163000;1.159930;1.160050;1.159880;1.159980;0
20260407 163100;1.159980;1.160060;1.159930;1.159950;0
20260407 163200;1.159970;1.160020;1.159900;1.159900;0
20260407 163300;1.159910;1.160010;1.159900;1.159980;0
20260407 163400;1.159980;1.160060;1.159910;1.159920;0
20260407 163500;1.159900;1.159980;1.159850;1.159910;0
20260407 163600;1.159900;1.159920;1.159670;1.159710;0
20260407 163700;1.159740;1.159780;1.159680;1.159680;0
20260407 163800;1.159700;1.159770;1.159670;1.159760;0
20260407 163900;1.159770;1.159880;1.159750;1.159820;0
20260407 164000;1.159830;1.159840;1.159710;1.159760;0
20260407 164100;1.159750;1.160270;1.159730;1.160120;0
20260407 164200;1.160110;1.160210;1.159870;1.159920;0
20260407 164300;1.159880;1.159990;1.159870;1.159900;0
20260407 164400;1.159900;1.159910;1.159750;1.159790;0
20260407 164500;1.159780;1.159800;1.159610;1.159790;0
20260407 164600;1.159790;1.159790;1.159570;1.159660;0
20260407 164700;1.159690;1.159700;1.159490;1.159510;0
20260407 164800;1.159500;1.159590;1.159490;1.159590;0
20260407 164900;1.159580;1.159580;1.159500;1.159520;0
20260407 165000;1.159520;1.159540;1.159470;1.159500;0
20260407 165100;1.159510;1.159530;1.159400;1.159500;0
20260407 165200;1.159510;1.159580;1.159410;1.159500;0
20260407 165300;1.159520;1.159590;1.159510;1.159570;0
20260407 165400;1.159590;1.159670;1.159560;1.159640;0
20260407 165500;1.159620;1.159680;1.159580;1.159580;0
20260407 165600;1.159590;1.159880;1.159590;1.159870;0
20260407 165700;1.159820;1.159830;1.159630;1.159690;0
20260407 165800;1.159710;1.159870;1.159670;1.159680;0
20260407 165900;1.159670;1.159730;1.159340;1.159340;0
20260407 170000;1.159350;1.159350;1.159200;1.159310;0
20260407 170100;1.159220;1.159220;1.159100;1.159180;0
20260407 170300;1.159180;1.159620;1.159180;1.159180;0
20260407 170400;1.159190;1.159190;1.159110;1.159110;0
20260407 170500;1.159320;1.159740;1.159180;1.159260;0
20260407 170600;1.159310;1.160020;1.159250;1.159830;0
20260407 170700;1.159830;1.159830;1.159420;1.159450;0
20260407 170800;1.159580;1.159590;1.159580;1.159590;0
20260407 170900;1.159590;1.159600;1.159590;1.159600;0
20260407 171000;1.159620;1.159830;1.159580;1.159580;0
20260407 171100;1.159580;1.159590;1.159580;1.159580;0
20260407 171200;1.159450;1.159850;1.159450;1.159770;0
20260407 171300;1.159770;1.159790;1.159760;1.159780;0
20260407 171400;1.159790;1.159790;1.159610;1.159610;0
20260407 171500;1.159600;1.159790;1.159550;1.159790;0
20260407 171600;1.159790;1.159790;1.159780;1.159790;0
20260407 171700;1.159790;1.159790;1.159780;1.159780;0
20260407 171800;1.159780;1.159790;1.159590;1.159600;0
20260407 171900;1.159700;1.159720;1.159580;1.159580;0
20260407 172000;1.159590;1.159590;1.159580;1.159580;0
20260407 172100;1.159580;1.159980;1.159580;1.159690;0
20260407 172300;1.159690;1.159690;1.159680;1.159680;0
20260407 172400;1.159690;1.159780;1.159690;1.159780;0
20260407 172500;1.159780;1.159790;1.159780;1.159780;0
20260407 172600;1.159790;1.159790;1.159780;1.159780;0
20260407 172700;1.159780;1.159780;1.159780;1.159780;0
20260407 172800;1.159790;1.159790;1.159780;1.159790;0
20260407 172900;1.159790;1.159790;1.159780;1.159790;0
20260407 173000;1.159780;1.159790;1.159780;1.159790;0
20260407 173100;1.159790;1.159790;1.159780;1.159780;0
20260407 173200;1.159490;1.159600;1.159490;1.159560;0
20260407 173300;1.159580;1.159790;1.159560;1.159790;0
20260407 173400;1.159780;1.159790;1.159780;1.159790;0
20260407 173500;1.159790;1.159790;1.159790;1.159790;0
20260407 173600;1.159520;1.159590;1.159520;1.159590;0
20260407 173700;1.159520;1.159790;1.159520;1.159580;0
20260407 173900;1.159560;1.159610;1.159560;1.159590;0
20260407 174000;1.159540;1.159890;1.159540;1.159890;0
20260407 174100;1.159890;1.159890;1.159560;1.159570;0
20260407 174200;1.159570;1.159570;1.159530;1.159560;0
20260407 174300;1.159570;1.159890;1.159570;1.159890;0
20260407 174400;1.159890;1.159890;1.159550;1.159580;0
20260407 174500;1.159620;1.159620;1.159590;1.159600;0
20260407 174600;1.159600;1.159890;1.159600;1.159880;0
20260407 174700;1.159610;1.159720;1.159610;1.159720;0
20260407 174800;1.159710;1.159750;1.159680;1.159680;0
20260407 174900;1.159680;1.159790;1.159640;1.159780;0
20260407 175000;1.159790;1.159790;1.159740;1.159750;0
20260407 175100;1.159730;1.159730;1.159560;1.159560;0
20260407 175200;1.159550;1.159790;1.159550;1.159790;0
20260407 175300;1.159790;1.159790;1.159780;1.159790;0
20260407 175400;1.159790;1.159800;1.159410;1.159420;0
20260407 175500;1.159420;1.159420;1.159410;1.159420;0
20260407 175600;1.159430;1.159970;1.159390;1.159960;0
20260407 175700;1.159970;1.159990;1.159410;1.159590;0
20260407 175800;1.159420;1.159590;1.159420;1.159580;0
20260407 175900;1.159590;1.159590;1.159420;1.159590;0
20260407 180000;1.159680;1.160610;1.159580;1.160260;0
20260407 180100;1.160330;1.160480;1.160310;1.160360;0
20260407 180200;1.160360;1.160970;1.160360;1.160960;0
20260407 180300;1.160960;1.161630;1.160930;1.161570;0
20260407 180400;1.161570;1.161600;1.161510;1.161570;0
20260407 180500;1.161540;1.161890;1.161540;1.161660;0
20260407 180600;1.161650;1.161840;1.161610;1.161720;0
20260407 180700;1.161710;1.161880;1.161590;1.161840;0
20260407 180800;1.161850;1.161930;1.161660;1.161670;0
20260407 180900;1.161670;1.161810;1.161600;1.161810;0
20260407 181000;1.161790;1.161790;1.161600;1.161610;0
20260407 181100;1.161600;1.161600;1.161260;1.161410;0
20260407 181200;1.161430;1.161530;1.161310;1.161330;0
20260407 181300;1.161320;1.161520;1.161210;1.161340;0
20260407 181400;1.161340;1.161350;1.161180;1.161200;0
20260407 181500;1.161180;1.161190;1.161050;1.161140;0
20260407 181600;1.161150;1.161160;1.160950;1.161100;0
20260407 181700;1.161120;1.161220;1.161100;1.161120;0
20260407 181800;1.161120;1.161150;1.161000;1.161150;0
20260407 181900;1.161170;1.161170;1.161050;1.161100;0
20260407 182000;1.161080;1.161090;1.160990;1.161010;0
20260407 182100;1.161010;1.161010;1.160930;1.160930;0
20260407 182200;1.160920;1.161170;1.160920;1.161100;0
20260407 182300;1.161100;1.161300;1.161090;1.161280;0
20260407 182400;1.161260;1.161270;1.161180;1.161190;0
20260407 182500;1.161170;1.161230;1.161110;1.161130;0
20260407 182600;1.161160;1.161160;1.161070;1.161150;0
20260407 182700;1.161150;1.161180;1.161100;1.161170;0
20260407 182800;1.161190;1.161280;1.161190;1.161230;0
20260407 182900;1.161210;1.161310;1.161210;1.161270;0
20260407 183000;1.161260;1.161480;1.161260;1.161430;0
20260407 183100;1.161410;1.161410;1.161150;1.161340;0
20260407 183200;1.161360;1.162970;1.158770;1.160500;0
20260407 183300;1.160510;1.162570;1.160300;1.162090;0
20260407 183400;1.162090;1.162950;1.161800;1.162670;0
20260407 183500;1.162680;1.163580;1.162600;1.163450;0
20260407 183600;1.163480;1.164060;1.163480;1.163960;0
20260407 183700;1.163970;1.164320;1.163680;1.164180;0
20260407 183800;1.164180;1.164490;1.164060;1.164070;0
20260407 183900;1.164080;1.164970;1.164000;1.164910;0
20260407 184000;1.164920;1.165260;1.164560;1.164720;0
20260407 184100;1.164720;1.164830;1.164020;1.164140;0
20260407 184200;1.164170;1.164290;1.163670;1.164050;0
20260407 184300;1.164040;1.164830;1.163810;1.164730;0
20260407 184400;1.164740;1.164770;1.164230;1.164250;0
20260407 184500;1.164260;1.164760;1.164260;1.164630;0
20260407 184600;1.164630;1.164790;1.164230;1.164320;0
20260407 184700;1.164330;1.164390;1.163920;1.163960;0
20260407 184800;1.163910;1.164270;1.163800;1.164060;0
20260407 184900;1.164030;1.164490;1.163990;1.164470;0
20260407 185000;1.164460;1.164720;1.164210;1.164400;0
20260407 185100;1.164390;1.164860;1.164300;1.164760;0
20260407 185200;1.164790;1.164860;1.164490;1.164750;0
20260407 185300;1.164720;1.165200;1.164710;1.165200;0
20260407 185400;1.165180;1.165780;1.165170;1.165380;0
20260407 185500;1.165390;1.165950;1.165380;1.165890;0
20260407 185600;1.165880;1.166060;1.165840;1.165950;0
20260407 185700;1.165940;1.166670;1.165920;1.166580;0
20260407 185800;1.166570;1.166780;1.166150;1.166630;0
20260407 185900;1.166630;1.166930;1.166500;1.166800;0
20260407 190000;1.166780;1.166900;1.166300;1.166330;0
20260407 190100;1.166330;1.166740;1.166230;1.166710;0
20260407 190200;1.166720;1.166980;1.166300;1.166920;0
20260407 190300;1.166920;1.167320;1.166870;1.167170;0
20260407 190400;1.167180;1.167480;1.166960;1.167280;0
20260407 190500;1.167290;1.167290;1.166730;1.166850;0
20260407 190600;1.166860;1.166940;1.166310;1.166520;0
20260407 190700;1.166500;1.166980;1.166410;1.166740;0
20260407 190800;1.166740;1.166820;1.166400;1.166750;0
20260407 190900;1.166740;1.166830;1.166390;1.166550;0
20260407 191000;1.166580;1.166730;1.166170;1.166190;0
20260407 191100;1.166220;1.166400;1.166110;1.166380;0
20260407 191200;1.166420;1.166960;1.166320;1.166930;0
20260407 191300;1.166910;1.167200;1.166780;1.166960;0
20260407 191400;1.166950;1.167130;1.166690;1.166900;0
20260407 191500;1.166890;1.166990;1.166640;1.166680;0
20260407 191600;1.166680;1.167190;1.166680;1.167190;0
20260407 191700;1.167170;1.167730;1.167150;1.167340;0
20260407 191800;1.167310;1.167420;1.167150;1.167370;0
20260407 191900;1.167340;1.168060;1.167340;1.167830;0
20260407 192000;1.167840;1.168380;1.167770;1.168260;0
20260407 192100;1.168240;1.168510;1.167910;1.168240;0
20260407 192200;1.168210;1.168240;1.167940;1.168040;0
20260407 192300;1.168020;1.168330;1.167970;1.168140;0
20260407 192400;1.168180;1.168740;1.168100;1.168260;0
20260407 192500;1.168280;1.168310;1.167980;1.168010;0
20260407 192600;1.168020;1.168760;1.168020;1.168740;0
20260407 192700;1.168730;1.168770;1.167920;1.167930;0
20260407 192800;1.167910;1.167950;1.167600;1.167610;0
20260407 192900;1.167610;1.167710;1.167430;1.167620;0
20260407 193000;1.167610;1.168240;1.167610;1.167880;0
20260407 193100;1.167880;1.167880;1.167590;1.167870;0
20260407 193200;1.167870;1.168170;1.167870;1.168170;0
20260407 193300;1.168170;1.168170;1.167630;1.167690;0
20260407 193400;1.167690;1.167690;1.167350;1.167460;0
20260407 193500;1.167470;1.167590;1.167220;1.167530;0
20260407 193600;1.167520;1.167550;1.167130;1.167250;0
20260407 193700;1.167250;1.167610;1.167150;1.167370;0
20260407 193800;1.167360;1.167570;1.167310;1.167520;0
20260407 193900;1.167520;1.168130;1.167440;1.168130;0
20260407 194000;1.168120;1.168170;1.167950;1.167990;0
20260407 194100;1.167980;1.168100;1.167860;1.168070;0
20260407 194200;1.168050;1.168300;1.168030;1.168290;0
20260407 194300;1.168270;1.168570;1.168110;1.168550;0
20260407 194400;1.168540;1.168650;1.168210;1.168550;0
20260407 194500;1.168580;1.168740;1.168500;1.168620;0
20260407 194600;1.168620;1.169000;1.168620;1.168990;0
20260407 194700;1.168960;1.169020;1.168660;1.168830;0
20260407 194800;1.168860;1.168860;1.168400;1.168450;0
20260407 194900;1.168430;1.168650;1.168360;1.168630;0
20260407 195000;1.168620;1.168910;1.168380;1.168760;0
20260407 195100;1.168770;1.168860;1.168640;1.168780;0
20260407 195200;1.168800;1.168830;1.168550;1.168830;0
20260407 195300;1.168840;1.168970;1.168760;1.168890;0
20260407 195400;1.168900;1.168920;1.168410;1.168450;0
20260407 195500;1.168440;1.168530;1.168160;1.168460;0
20260407 195600;1.168470;1.168510;1.168320;1.168320;0
20260407 195700;1.168350;1.168520;1.168230;1.168300;0
20260407 195800;1.168330;1.168570;1.168280;1.168490;0
20260407 195900;1.168480;1.168720;1.168440;1.168620;0
20260407 200000;1.168650;1.169010;1.168560;1.168980;0
20260407 200100;1.169000;1.169250;1.168670;1.169230;0
20260407 200200;1.169280;1.169680;1.169280;1.169380;0
20260407 200300;1.169390;1.169510;1.168550;1.168560;0
20260407 200400;1.168550;1.168700;1.168370;1.168530;0
20260407 200500;1.168590;1.168830;1.168210;1.168370;0
20260407 200600;1.168380;1.168590;1.168060;1.168110;0
20260407 200700;1.168090;1.168180;1.167720;1.168030;0
20260407 200800;1.168030;1.168050;1.167630;1.167780;0
20260407 200900;1.167790;1.167910;1.167540;1.167900;0
20260407 201000;1.167890;1.168550;1.167890;1.168510;0
20260407 201100;1.168500;1.168750;1.168500;1.168550;0
20260407 201200;1.168580;1.168580;1.167990;1.168160;0
20260407 201300;1.168170;1.168380;1.167980;1.168050;0
20260407 201400;1.168070;1.168120;1.167690;1.167900;0
20260407 201500;1.167910;1.167960;1.167290;1.167530;0
20260407 201600;1.167540;1.167680;1.167440;1.167440;0
20260407 201700;1.167440;1.167540;1.167330;1.167440;0
20260407 201800;1.167480;1.167490;1.167150;1.167170;0
20260407 201900;1.167190;1.167230;1.166990;1.167170;0
20260407 202000;1.167200;1.167520;1.167040;1.167440;0
20260407 202100;1.167490;1.167700;1.167410;1.167660;0
20260407 202200;1.167660;1.167700;1.167470;1.167630;0
20260407 202300;1.167630;1.167800;1.167420;1.167730;0
20260407 202400;1.167740;1.167770;1.167400;1.167440;0
20260407 202500;1.167420;1.167600;1.167270;1.167520;0
20260407 202600;1.167520;1.167790;1.167360;1.167690;0
20260407 202700;1.167680;1.167690;1.167490;1.167490;0
20260407 202800;1.167440;1.167530;1.167310;1.167430;0
20260407 202900;1.167440;1.167520;1.167350;1.167470;0
20260407 203000;1.167520;1.167680;1.167370;1.167550;0
20260407 203100;1.167550;1.167550;1.167180;1.167410;0
20260407 203200;1.167400;1.167430;1.167160;1.167270;0
20260407 203300;1.167250;1.167410;1.167070;1.167150;0
20260407 203400;1.167160;1.167180;1.166920;1.167060;0
20260407 203500;1.167060;1.167140;1.166940;1.167000;0
20260407 203600;1.167020;1.167100;1.166620;1.166680;0
20260407 203700;1.166700;1.166880;1.166600;1.166870;0
20260407 203800;1.166870;1.167310;1.166790;1.167110;0
20260407 203900;1.167110;1.167240;1.166920;1.166960;0
20260407 204000;1.166950;1.167090;1.166690;1.166730;0
20260407 204100;1.166720;1.166890;1.166700;1.166840;0
20260407 204200;1.166830;1.167020;1.166730;1.166980;0
20260407 204300;1.166980;1.166990;1.166680;1.166860;0
20260407 204400;1.166860;1.166860;1.166640;1.166640;0
20260407 204500;1.166660;1.166760;1.166590;1.166680;0
20260407 204600;1.166710;1.166940;1.166710;1.166850;0
20260407 204700;1.166850;1.166960;1.166590;1.166650;0
20260407 204800;1.166650;1.167030;1.166640;1.166980;0
20260407 204900;1.166980;1.167610;1.166930;1.167330;0
20260407 205000;1.167350;1.167510;1.167320;1.167380;0
20260407 205100;1.167380;1.167640;1.167320;1.167490;0
20260407 205200;1.167490;1.167610;1.167470;1.167510;0
20260407 205300;1.167510;1.167580;1.167230;1.167280;0
20260407 205400;1.167280;1.167330;1.166940;1.166960;0
20260407 205500;1.166990;1.167320;1.166970;1.167280;0
20260407 205600;1.167260;1.167320;1.167110;1.167110;0
20260407 205700;1.167110;1.167300;1.167070;1.167180;0
20260407 205800;1.167200;1.167250;1.166840;1.166970;0
20260407 205900;1.166960;1.167300;1.166960;1.167170;0
20260407 210000;1.167170;1.167360;1.167090;1.167330;0
20260407 210100;1.167330;1.167730;1.167310;1.167690;0
20260407 210200;1.167660;1.167670;1.167480;1.167640;0
20260407 210300;1.167640;1.167640;1.167370;1.167560;0
20260407 210400;1.167560;1.167620;1.167340;1.167550;0
20260407 210500;1.167560;1.167650;1.167430;1.167610;0
20260407 210600;1.167600;1.167630;1.167330;1.167580;0
20260407 210700;1.167590;1.167690;1.167510;1.167590;0
20260407 210800;1.167580;1.167960;1.167580;1.167720;0
20260407 210900;1.167720;1.167750;1.167530;1.167750;0
20260407 211000;1.167780;1.167880;1.167670;1.167860;0
20260407 211100;1.167880;1.167930;1.167720;1.167930;0
20260407 211200;1.167920;1.168290;1.167910;1.168260;0
20260407 211300;1.168270;1.168360;1.168090;1.168110;0
20260407 211400;1.168100;1.168150;1.167800;1.167810;0
20260407 211500;1.167800;1.167910;1.167560;1.167770;0
20260407 211600;1.167780;1.167880;1.167660;1.167660;0
20260407 211700;1.167650;1.167710;1.167530;1.167710;0
20260407 211800;1.167730;1.168080;1.167730;1.168030;0
20260407 211900;1.168040;1.168190;1.167970;1.168100;0
20260407 212000;1.168100;1.168190;1.167890;1.167920;0
20260407 212100;1.167920;1.168040;1.167870;1.167980;0
20260407 212200;1.167990;1.168090;1.167880;1.168020;0
20260407 212300;1.168020;1.168190;1.167940;1.168190;0
20260407 212400;1.168180;1.168410;1.168140;1.168320;0
20260407 212500;1.168330;1.168720;1.168330;1.168700;0
20260407 212600;1.168680;1.168810;1.168600;1.168700;0
20260407 212700;1.168700;1.168750;1.168520;1.168750;0
20260407 212800;1.168750;1.168800;1.168650;1.168670;0
20260407 212900;1.168670;1.168700;1.168540;1.168650;0
20260407 213000;1.168650;1.168650;1.168160;1.168190;0
20260407 213100;1.168190;1.168250;1.167870;1.167950;0
20260407 213200;1.167950;1.167990;1.167890;1.167960;0
20260407 213300;1.167940;1.167980;1.167700;1.167700;0
20260407 213400;1.167710;1.167890;1.167690;1.167880;0
20260407 213500;1.167910;1.167910;1.167610;1.167610;0
20260407 213600;1.167670;1.167700;1.167490;1.167620;0
20260407 213700;1.167630;1.167770;1.167560;1.167760;0
20260407 213800;1.167750;1.168030;1.167700;1.167920;0
20260407 213900;1.167940;1.167940;1.167760;1.167840;0
20260407 214000;1.167810;1.167830;1.167590;1.167700;0
20260407 214100;1.167760;1.167940;1.167710;1.167930;0
20260407 214200;1.167930;1.168040;1.167880;1.167880;0
20260407 214300;1.167890;1.168030;1.167870;1.167970;0
20260407 214400;1.167960;1.168080;1.167950;1.168040;0
20260407 214500;1.168030;1.168140;1.168010;1.168090;0
20260407 214600;1.168070;1.168270;1.168040;1.168130;0
20260407 214700;1.168130;1.168200;1.167910;1.168010;0
20260407 214800;1.167990;1.168030;1.167920;1.167970;0
20260407 214900;1.167970;1.168210;1.167970;1.168190;0
20260407 215000;1.168230;1.168410;1.168230;1.168390;0
20260407 215100;1.168360;1.168440;1.168350;1.168440;0
20260407 215200;1.168430;1.168430;1.168330;1.168380;0
20260407 215300;1.168410;1.168410;1.168090;1.168100;0
20260407 215400;1.168100;1.168100;1.167770;1.167930;0
20260407 215500;1.167940;1.167950;1.167580;1.167630;0
20260407 215600;1.167630;1.167730;1.167570;1.167690;0
20260407 215700;1.167690;1.167690;1.167480;1.167480;0
20260407 215800;1.167510;1.167630;1.167470;1.167600;0
20260407 215900;1.167580;1.167600;1.167470;1.167530;0
20260407 220000;1.167520;1.168000;1.167520;1.167970;0
20260407 220100;1.167960;1.168220;1.167930;1.168160;0
20260407 220200;1.168160;1.168180;1.167710;1.167710;0
20260407 220300;1.167720;1.167920;1.167720;1.167810;0
20260407 220400;1.167830;1.168080;1.167800;1.168030;0
20260407 220500;1.168040;1.168200;1.168040;1.168080;0
20260407 220600;1.168100;1.168100;1.167850;1.167910;0
20260407 220700;1.167910;1.167940;1.167770;1.167840;0
20260407 220800;1.167830;1.168030;1.167800;1.167880;0
20260407 220900;1.167890;1.167890;1.167640;1.167780;0
20260407 221000;1.167780;1.167830;1.167700;1.167730;0
20260407 221100;1.167710;1.167750;1.167560;1.167570;0
20260407 221200;1.167580;1.167640;1.167510;1.167610;0
20260407 221300;1.167610;1.167860;1.167610;1.167820;0
20260407 221400;1.167810;1.167820;1.167550;1.167630;0
20260407 221500;1.167610;1.167670;1.167510;1.167600;0
20260407 221600;1.167610;1.167620;1.167380;1.167430;0
20260407 221700;1.167430;1.167450;1.167340;1.167400;0
20260407 221800;1.167430;1.167470;1.167360;1.167410;0
20260407 221900;1.167410;1.167460;1.167360;1.167380;0
20260407 222000;1.167390;1.167480;1.167290;1.167350;0
20260407 222100;1.167360;1.167360;1.167240;1.167270;0
20260407 222200;1.167280;1.167320;1.167060;1.167110;0
20260407 222300;1.167100;1.167150;1.167040;1.167060;0
20260407 222400;1.167080;1.167120;1.166890;1.166970;0
20260407 222500;1.166970;1.167000;1.166860;1.166990;0
20260407 222600;1.166980;1.167100;1.166960;1.167020;0
20260407 222700;1.167000;1.167230;1.166980;1.167220;0
20260407 222800;1.167230;1.167370;1.167180;1.167350;0
20260407 222900;1.167340;1.167400;1.167310;1.167370;0
20260407 223000;1.167370;1.167530;1.167310;1.167330;0
20260407 223100;1.167310;1.167310;1.167070;1.167110;0
20260407 223200;1.167110;1.167220;1.167090;1.167200;0
20260407 223300;1.167210;1.167470;1.167190;1.167330;0
20260407 223400;1.167310;1.167310;1.167150;1.167240;0
20260407 223500;1.167250;1.167330;1.167140;1.167140;0
20260407 223600;1.167150;1.167260;1.167080;1.167260;0
20260407 223700;1.167240;1.167280;1.167150;1.167170;0
20260407 223800;1.167170;1.167260;1.167120;1.167130;0
20260407 223900;1.167110;1.167190;1.167060;1.167140;0
20260407 224000;1.167140;1.167230;1.167070;1.167110;0
20260407 224100;1.167110;1.167210;1.167060;1.167200;0
20260407 224200;1.167210;1.167230;1.167070;1.167070;0
20260407 224300;1.167080;1.167260;1.167070;1.167170;0
20260407 224400;1.167170;1.167200;1.167120;1.167140;0
20260407 224500;1.167130;1.167170;1.167050;1.167120;0
20260407 224600;1.167130;1.167150;1.167000;1.167030;0
20260407 224700;1.167030;1.167100;1.167010;1.167080;0
20260407 224800;1.167120;1.167160;1.167000;1.167010;0
20260407 224900;1.167000;1.167100;1.166990;1.167040;0
20260407 225000;1.167040;1.167140;1.167010;1.167100;0
20260407 225100;1.167100;1.167120;1.166960;1.167080;0
20260407 225200;1.167050;1.167280;1.167030;1.167240;0
20260407 225300;1.167240;1.167240;1.167130;1.167180;0
20260407 225400;1.167170;1.167200;1.166970;1.167020;0
20260407 225500;1.167000;1.167110;1.166930;1.167050;0
20260407 225600;1.167060;1.167180;1.166950;1.167130;0
20260407 225700;1.167130;1.167240;1.167090;1.167210;0
20260407 225800;1.167200;1.167260;1.167130;1.167220;0
20260407 225900;1.167220;1.167370;1.167220;1.167360;0
20260407 230000;1.167360;1.167440;1.167320;1.167370;0
20260407 230100;1.167360;1.167380;1.167190;1.167190;0
20260407 230200;1.167180;1.167220;1.167090;1.167160;0
20260407 230300;1.167140;1.167190;1.167070;1.167110;0
20260407 230400;1.167110;1.167270;1.167070;1.167130;0
20260407 230500;1.167110;1.167190;1.167060;1.167160;0
20260407 230600;1.167180;1.167180;1.167080;1.167150;0
20260407 230700;1.167120;1.167240;1.167020;1.167180;0
20260407 230800;1.167180;1.167290;1.167160;1.167260;0
20260407 230900;1.167250;1.167330;1.167170;1.167180;0
20260407 231000;1.167210;1.167290;1.167210;1.167270;0
20260407 231100;1.167280;1.167470;1.167270;1.167420;0
20260407 231200;1.167430;1.167430;1.167330;1.167380;0
20260407 231300;1.167350;1.167350;1.167230;1.167280;0
20260407 231400;1.167290;1.167440;1.167260;1.167420;0
20260407 231500;1.167420;1.167420;1.167280;1.167320;0
20260407 231600;1.167320;1.167450;1.167310;1.167450;0
20260407 231700;1.167440;1.167500;1.167380;1.167440;0
20260407 231800;1.167450;1.167580;1.167420;1.167420;0
20260407 231900;1.167430;1.167530;1.167240;1.167240;0
20260407 232000;1.167250;1.167250;1.167010;1.167130;0
20260407 232100;1.167130;1.167140;1.166930;1.166980;0
20260407 232200;1.166980;1.166980;1.166770;1.166810;0
20260407 232300;1.166820;1.166850;1.166730;1.166740;0
20260407 232400;1.166750;1.166900;1.166740;1.166890;0
20260407 232500;1.166880;1.166930;1.166760;1.166760;0
20260407 232600;1.166760;1.166780;1.166700;1.166770;0
20260407 232700;1.166770;1.166860;1.166700;1.166830;0
20260407 232800;1.166800;1.166860;1.166720;1.166860;0
20260407 232900;1.166870;1.166940;1.166820;1.166890;0
20260407 233000;1.166890;1.166950;1.166860;1.166930;0
20260407 233100;1.166930;1.167040;1.166910;1.167010;0
20260407 233200;1.167010;1.167010;1.166730;1.166740;0
20260407 233300;1.166720;1.166770;1.166690;1.166730;0
20260407 233400;1.166740;1.166840;1.166720;1.166840;0
20260407 233500;1.166830;1.166870;1.166780;1.166840;0
20260407 233600;1.166860;1.166960;1.166840;1.166920;0
20260407 233700;1.166900;1.166930;1.166840;1.166900;0
20260407 233800;1.166930;1.167070;1.166890;1.166910;0
20260407 233900;1.166880;1.166880;1.166580;1.166810;0
20260407 234000;1.166800;1.167020;1.166800;1.166950;0
20260407 234100;1.166950;1.167090;1.166890;1.167040;0
20260407 234200;1.167010;1.167100;1.167010;1.167040;0
20260407 234300;1.167050;1.167200;1.167050;1.167140;0
20260407 234400;1.167140;1.167190;1.166990;1.167000;0
20260407 234500;1.167000;1.167020;1.166900;1.167000;0
20260407 234600;1.167020;1.167040;1.166940;1.166990;0
20260407 234700;1.166990;1.167010;1.166870;1.166870;0
20260407 234800;1.166880;1.167020;1.166880;1.166990;0
20260407 234900;1.166980;1.167100;1.166980;1.167080;0
20260407 235000;1.167100;1.167100;1.166920;1.167070;0
20260407 235100;1.167080;1.167220;1.167080;1.167130;0
20260407 235200;1.167140;1.167160;1.167100;1.167130;0
20260407 235300;1.167140;1.167140;1.166990;1.167050;0
20260407 235400;1.167040;1.167040;1.166960;1.167010;0
20260407 235500;1.167000;1.167110;1.167000;1.167000;0
20260407 235600;1.166980;1.166980;1.166870;1.166960;0
20260407 235700;1.166960;1.167150;1.166920;1.167120;0
20260407 235800;1.167120;1.167140;1.167070;1.167100;0
20260407 235900;1.167090;1.167110;1.167010;1.167050;0
20260408 000000;1.167070;1.167340;1.167070;1.167340;0
20260408 000100;1.167330;1.167510;1.167330;1.167460;0
20260408 000200;1.167460;1.167580;1.167430;1.167560;0
20260408 000300;1.167540;1.167580;1.167520;1.167580;0
20260408 000400;1.167570;1.167570;1.167470;1.167490;0
20260408 000500;1.167500;1.167600;1.167500;1.167550;0
20260408 000600;1.167550;1.167600;1.167490;1.167540;0
20260408 000700;1.167540;1.167650;1.167530;1.167590;0
20260408 000800;1.167600;1.167650;1.167580;1.167640;0
20260408 000900;1.167630;1.167800;1.167580;1.167800;0
20260408 001000;1.167800;1.167880;1.167720;1.167820;0
20260408 001100;1.167820;1.167850;1.167680;1.167740;0
20260408 001200;1.167740;1.167810;1.167730;1.167750;0
20260408 001300;1.167750;1.167790;1.167670;1.167730;0
20260408 001400;1.167730;1.167830;1.167720;1.167820;0
20260408 001500;1.167820;1.167950;1.167790;1.167940;0
20260408 001600;1.167930;1.168100;1.167910;1.168080;0
20260408 001700;1.168080;1.168100;1.168000;1.168010;0
20260408 001800;1.168000;1.168080;1.167960;1.168020;0
20260408 001900;1.168020;1.168070;1.167970;1.168000;0
20260408 002000;1.168000;1.168000;1.167880;1.167930;0
20260408 002100;1.167930;1.167930;1.167700;1.167720;0
20260408 002200;1.167720;1.167720;1.167590;1.167590;0
20260408 002300;1.167610;1.167630;1.167480;1.167540;0
20260408 002400;1.167570;1.167640;1.167530;1.167620;0
20260408 002500;1.167610;1.167640;1.167560;1.167630;0
20260408 002600;1.167630;1.167720;1.167620;1.167710;0
20260408 002700;1.167690;1.167690;1.167590;1.167640;0
20260408 002800;1.167650;1.167770;1.167650;1.167760;0
20260408 002900;1.167760;1.167830;1.167730;1.167780;0
20260408 003000;1.167790;1.167950;1.167780;1.167940;0
20260408 003100;1.167950;1.168040;1.167920;1.167960;0
20260408 003200;1.167950;1.168000;1.167910;1.167960;0
20260408 003300;1.167950;1.168020;1.167930;1.167960;0
20260408 003400;1.167950;1.168040;1.167880;1.168000;0
20260408 003500;1.167980;1.168040;1.167940;1.168020;0
20260408 003600;1.168030;1.168060;1.167870;1.167890;0
20260408 003700;1.167910;1.168040;1.167910;1.168030;0
20260408 003800;1.168020;1.168040;1.167960;1.168030;0
20260408 003900;1.168030;1.168030;1.167830;1.167890;0
20260408 004000;1.167890;1.167900;1.167680;1.167710;0
20260408 004100;1.167690;1.167690;1.167520;1.167620;0
20260408 004200;1.167630;1.167920;1.167630;1.167920;0
20260408 004300;1.167930;1.167940;1.167770;1.167790;0
20260408 004400;1.167790;1.167790;1.167710;1.167730;0
20260408 004500;1.167720;1.167840;1.167690;1.167780;0
20260408 004600;1.167780;1.167830;1.167720;1.167790;0
20260408 004700;1.167800;1.167840;1.167710;1.167840;0
20260408 004800;1.167820;1.167900;1.167820;1.167870;0
20260408 004900;1.167860;1.167860;1.167680;1.167710;0
20260408 005000;1.167700;1.167700;1.167520;1.167590;0
20260408 005100;1.167600;1.167670;1.167550;1.167630;0
20260408 005200;1.167620;1.167670;1.167530;1.167590;0
20260408 005300;1.167570;1.167730;1.167570;1.167610;0
20260408 005400;1.167620;1.167660;1.167560;1.167620;0
20260408 005500;1.167640;1.167730;1.167520;1.167610;0
20260408 005600;1.167610;1.167650;1.167530;1.167560;0
20260408 005700;1.167570;1.167640;1.167530;1.167550;0
20260408 005800;1.167540;1.167570;1.167370;1.167510;0
20260408 005900;1.167510;1.167630;1.167470;1.167620;0
20260408 010000;1.167620;1.167780;1.167620;1.167760;0
20260408 010100;1.167760;1.167810;1.167670;1.167760;0
20260408 010200;1.167760;1.167770;1.167530;1.167530;0
20260408 010300;1.167540;1.167630;1.167500;1.167540;0
20260408 010400;1.167510;1.167580;1.167400;1.167580;0
20260408 010500;1.167580;1.167650;1.167580;1.167610;0
20260408 010600;1.167630;1.167850;1.167630;1.167790;0
20260408 010700;1.167770;1.167880;1.167770;1.167800;0
20260408 010800;1.167780;1.167920;1.167780;1.167810;0
20260408 010900;1.167820;1.167820;1.167570;1.167680;0
20260408 011000;1.167670;1.167750;1.167600;1.167640;0
20260408 011100;1.167640;1.167650;1.167520;1.167590;0
20260408 011200;1.167590;1.167670;1.167510;1.167590;0
20260408 011300;1.167610;1.167690;1.167190;1.167640;0
20260408 011400;1.167650;1.167840;1.167640;1.167720;0
20260408 011500;1.167710;1.167760;1.167640;1.167710;0
20260408 011600;1.167720;1.167800;1.167580;1.167700;0
20260408 011700;1.167690;1.167770;1.167620;1.167740;0
20260408 011800;1.167730;1.168090;1.167730;1.168090;0
20260408 011900;1.168090;1.168110;1.168020;1.168080;0
20260408 012000;1.168080;1.168240;1.168020;1.168240;0
20260408 012100;1.168250;1.168450;1.168240;1.168390;0
20260408 012200;1.168390;1.168450;1.168330;1.168360;0
20260408 012300;1.168370;1.168600;1.168310;1.168590;0
20260408 012400;1.168560;1.168710;1.168550;1.168650;0
20260408 012500;1.168660;1.168750;1.168640;1.168650;0
20260408 012600;1.168650;1.168660;1.168480;1.168510;0
20260408 012700;1.168520;1.168580;1.168420;1.168490;0
20260408 012800;1.168490;1.168650;1.168490;1.168550;0
20260408 012900;1.168560;1.168610;1.168550;1.168560;0
20260408 013000;1.168540;1.168560;1.168400;1.168490;0
20260408 013100;1.168500;1.168800;1.168490;1.168680;0
20260408 013200;1.168690;1.168700;1.168550;1.168570;0
20260408 013300;1.168580;1.168690;1.168510;1.168670;0
20260408 013400;1.168690;1.168760;1.168610;1.168710;0
20260408 013500;1.168700;1.168750;1.168530;1.168730;0
20260408 013600;1.168730;1.168810;1.168620;1.168810;0
20260408 013700;1.168810;1.168810;1.168700;1.168750;0
20260408 013800;1.168750;1.168810;1.168630;1.168790;0
20260408 013900;1.168790;1.168890;1.168740;1.168810;0
20260408 014000;1.168790;1.168840;1.168770;1.168840;0
20260408 014100;1.168830;1.168950;1.168800;1.168870;0
20260408 014200;1.168920;1.169070;1.168920;1.169000;0
20260408 014300;1.169000;1.169150;1.168990;1.169100;0
20260408 014400;1.169100;1.169100;1.168850;1.168900;0
20260408 014500;1.168910;1.168960;1.168750;1.168880;0
20260408 014600;1.168880;1.169150;1.168880;1.169130;0
20260408 014700;1.169150;1.169310;1.169070;1.169310;0
20260408 014800;1.169310;1.169460;1.169290;1.169430;0
20260408 014900;1.169430;1.169520;1.169430;1.169520;0
20260408 015000;1.169510;1.169820;1.169500;1.169820;0
20260408 015100;1.169810;1.170370;1.169810;1.170320;0
20260408 015200;1.170300;1.170580;1.170250;1.170520;0
20260408 015300;1.170510;1.170850;1.170360;1.170390;0
20260408 015400;1.170370;1.170390;1.170010;1.170050;0
20260408 015500;1.170060;1.170090;1.169800;1.169980;0
20260408 015600;1.169970;1.169970;1.169410;1.169490;0
20260408 015700;1.169490;1.169560;1.169340;1.169340;0
20260408 015800;1.169320;1.169390;1.169090;1.169130;0
20260408 015900;1.169140;1.169210;1.169110;1.169130;0
20260408 020000;1.169130;1.169180;1.168930;1.168930;0
20260408 020100;1.168960;1.168980;1.168640;1.168670;0
20260408 020200;1.168680;1.168730;1.168460;1.168510;0
20260408 020300;1.168490;1.168650;1.168440;1.168590;0
20260408 020400;1.168640;1.168700;1.168500;1.168680;0
20260408 020500;1.168700;1.168870;1.168650;1.168850;0
20260408 020600;1.168860;1.168960;1.168780;1.168890;0
20260408 020700;1.168880;1.168910;1.168680;1.168700;0
20260408 020800;1.168710;1.168790;1.168570;1.168610;0
20260408 020900;1.168590;1.168700;1.168510;1.168570;0
20260408 021000;1.168570;1.168870;1.168530;1.168870;0
20260408 021100;1.168860;1.168940;1.168790;1.168840;0
20260408 021200;1.168860;1.168890;1.168570;1.168600;0
20260408 021300;1.168600;1.168950;1.168600;1.168810;0
20260408 021400;1.168810;1.168940;1.168680;1.168940;0
20260408 021500;1.168930;1.169180;1.168860;1.169050;0
20260408 021600;1.169060;1.169160;1.169000;1.169070;0
20260408 021700;1.169070;1.169080;1.168930;1.169070;0
20260408 021800;1.169050;1.169140;1.168940;1.169090;0
20260408 021900;1.169100;1.169180;1.168960;1.169060;0
20260408 022000;1.169040;1.169140;1.168980;1.169080;0
20260408 022100;1.169070;1.169190;1.168690;1.168700;0
20260408 022200;1.168700;1.168900;1.168560;1.168690;0
20260408 022300;1.168700;1.169200;1.168690;1.169190;0
20260408 022400;1.169190;1.169350;1.169170;1.169270;0
20260408 022500;1.169270;1.169630;1.169260;1.169370;0
20260408 022600;1.169380;1.169600;1.169340;1.169590;0
20260408 022700;1.169600;1.170020;1.169590;1.169960;0
20260408 022800;1.169940;1.170340;1.169940;1.170260;0
20260408 022900;1.170270;1.170480;1.170200;1.170280;0
20260408 023000;1.170290;1.170310;1.170120;1.170150;0
20260408 023100;1.170150;1.170160;1.169770;1.169890;0
20260408 023200;1.169880;1.170000;1.169800;1.169800;0
20260408 023300;1.169810;1.170150;1.169770;1.169960;0
20260408 023400;1.169940;1.169960;1.169680;1.169750;0
20260408 023500;1.169760;1.170060;1.169700;1.170040;0
20260408 023600;1.170040;1.170340;1.170040;1.170250;0
20260408 023700;1.170270;1.170440;1.170240;1.170410;0
20260408 023800;1.170400;1.170570;1.170260;1.170570;0
20260408 023900;1.170580;1.170670;1.170360;1.170630;0
20260408 024000;1.170640;1.170800;1.170530;1.170540;0
20260408 024100;1.170550;1.170620;1.170250;1.170290;0
20260408 024200;1.170300;1.170620;1.170240;1.170500;0
20260408 024300;1.170500;1.170550;1.170420;1.170430;0
20260408 024400;1.170420;1.170530;1.170380;1.170420;0
20260408 024500;1.170440;1.170650;1.170360;1.170570;0
20260408 024600;1.170600;1.170750;1.170570;1.170750;0
20260408 024700;1.170750;1.170770;1.170430;1.170460;0
20260408 024800;1.170480;1.170530;1.170330;1.170430;0
20260408 024900;1.170420;1.170420;1.170140;1.170150;0
20260408 025000;1.170150;1.170150;1.169510;1.169510;0
20260408 025100;1.169500;1.169710;1.169430;1.169560;0
20260408 025200;1.169580;1.169610;1.169430;1.169450;0
20260408 025300;1.169460;1.169470;1.169210;1.169240;0
20260408 025400;1.169240;1.169330;1.169070;1.169250;0
20260408 025500;1.169260;1.169400;1.169240;1.169380;0
20260408 025600;1.169380;1.169470;1.169320;1.169350;0
20260408 025700;1.169350;1.169550;1.169260;1.169480;0
20260408 025800;1.169480;1.169890;1.169470;1.169730;0
20260408 025900;1.169720;1.169770;1.169460;1.169610;0
20260408 030000;1.169610;1.169710;1.169430;1.169520;0
20260408 030100;1.169520;1.169590;1.169450;1.169570;0
20260408 030200;1.169570;1.169570;1.169020;1.169020;0
20260408 030300;1.169050;1.169170;1.168900;1.168960;0
20260408 030400;1.168970;1.169060;1.168800;1.168860;0
20260408 030500;1.168870;1.169030;1.168860;1.168980;0
20260408 030600;1.169010;1.169160;1.168770;1.168850;0
20260408 030700;1.168830;1.168830;1.168470;1.168480;0
20260408 030800;1.168480;1.168630;1.168370;1.168600;0
20260408 030900;1.168610;1.168620;1.168440;1.168550;0
20260408 031000;1.168540;1.168550;1.168180;1.168190;0
20260408 031100;1.168190;1.168280;1.168010;1.168140;0
20260408 031200;1.168140;1.168220;1.168050;1.168210;0
20260408 031300;1.168200;1.168230;1.167880;1.168200;0
20260408 031400;1.168190;1.168230;1.167930;1.168130;0
20260408 031500;1.168140;1.168240;1.167930;1.168190;0
20260408 031600;1.168200;1.168270;1.168140;1.168220;0
20260408 031700;1.168230;1.168640;1.168230;1.168590;0
20260408 031800;1.168600;1.168660;1.168460;1.168510;0
20260408 031900;1.168520;1.168920;1.168520;1.168900;0
20260408 032000;1.168890;1.169230;1.168850;1.169090;0
20260408 032100;1.169090;1.169130;1.168950;1.169100;0
20260408 032200;1.169100;1.169310;1.169100;1.169150;0
20260408 032300;1.169160;1.169330;1.169080;1.169210;0
20260408 032400;1.169200;1.169320;1.169140;1.169230;0
20260408 032500;1.169190;1.169490;1.169150;1.169490;0
20260408 032600;1.169480;1.169560;1.169450;1.169560;0
20260408 032700;1.169560;1.169670;1.169500;1.169640;0
20260408 032800;1.169650;1.169680;1.169470;1.169510;0
20260408 032900;1.169510;1.169550;1.169390;1.169480;0
20260408 033000;1.169500;1.169510;1.169300;1.169380;0
20260408 033100;1.169370;1.169450;1.169250;1.169400;0
20260408 033200;1.169400;1.169440;1.169290;1.169320;0
20260408 033300;1.169320;1.169420;1.169050;1.169090;0
20260408 033400;1.169110;1.169240;1.169010;1.169200;0
20260408 033500;1.169240;1.169460;1.169190;1.169370;0
20260408 033600;1.169360;1.169360;1.169190;1.169290;0
20260408 033700;1.169320;1.169340;1.169160;1.169190;0
20260408 033800;1.169190;1.169230;1.168900;1.169050;0
20260408 033900;1.169060;1.169130;1.168890;1.168950;0
20260408 034000;1.168930;1.169070;1.168860;1.169000;0
20260408 034100;1.169020;1.169260;1.169020;1.169190;0
20260408 034200;1.169200;1.169460;1.169200;1.169400;0
20260408 034300;1.169390;1.169470;1.169330;1.169400;0
20260408 034400;1.169400;1.169450;1.169340;1.169430;0
20260408 034500;1.169480;1.169680;1.169420;1.169650;0
20260408 034600;1.169660;1.169980;1.169630;1.169930;0
20260408 034700;1.169930;1.169930;1.169620;1.169630;0
20260408 034800;1.169630;1.169690;1.169330;1.169470;0
20260408 034900;1.169460;1.169660;1.169420;1.169660;0
20260408 035000;1.169660;1.169700;1.169480;1.169590;0
20260408 035100;1.169610;1.169820;1.169610;1.169770;0
20260408 035200;1.169800;1.169970;1.169770;1.169950;0
20260408 035300;1.169950;1.169950;1.169790;1.169870;0
20260408 035400;1.169880;1.169990;1.169860;1.169890;0
20260408 035500;1.169890;1.169890;1.169730;1.169830;0
20260408 035600;1.169850;1.169980;1.169680;1.169780;0
20260408 035700;1.169750;1.169760;1.169450;1.169460;0
20260408 035800;1.169470;1.169630;1.169450;1.169570;0
20260408 035900;1.169590;1.169590;1.169480;1.169540;0
20260408 040000;1.169530;1.169570;1.169380;1.169450;0
20260408 040100;1.169470;1.169470;1.169160;1.169250;0
20260408 040200;1.169260;1.169410;1.169200;1.169410;0
20260408 040300;1.169400;1.169560;1.169400;1.169530;0
20260408 040400;1.169530;1.169670;1.169470;1.169540;0
20260408 040500;1.169560;1.169720;1.169540;1.169700;0
20260408 040600;1.169690;1.169910;1.169670;1.169780;0
20260408 040700;1.169770;1.169770;1.169190;1.169190;0
20260408 040800;1.169210;1.169320;1.169080;1.169140;0
20260408 040900;1.169120;1.169180;1.168890;1.168890;0
20260408 041000;1.168900;1.168960;1.168660;1.168680;0
20260408 041100;1.168680;1.168770;1.168500;1.168550;0
20260408 041200;1.168530;1.168740;1.168500;1.168720;0
20260408 041300;1.168720;1.168940;1.168560;1.168900;0
20260408 041400;1.168880;1.168880;1.168690;1.168690;0
20260408 041500;1.168690;1.168730;1.168630;1.168650;0
20260408 041600;1.168640;1.168920;1.168590;1.168690;0
20260408 041700;1.168690;1.168890;1.168640;1.168700;0
20260408 041800;1.168720;1.168750;1.168660;1.168710;0
20260408 041900;1.168710;1.168900;1.168690;1.168750;0
20260408 042000;1.168780;1.168820;1.168640;1.168740;0
20260408 042100;1.168750;1.168860;1.168660;1.168710;0
20260408 042200;1.168710;1.168710;1.168500;1.168610;0
20260408 042300;1.168610;1.168690;1.168530;1.168590;0
20260408 042400;1.168590;1.168640;1.168430;1.168610;0
20260408 042500;1.168630;1.169110;1.168490;1.168570;0
20260408 042600;1.168530;1.168550;1.168240;1.168260;0
20260408 042700;1.168270;1.168320;1.168150;1.168170;0
20260408 042800;1.168170;1.168280;1.168160;1.168270;0
20260408 042900;1.168310;1.168490;1.168310;1.168460;0
20260408 043000;1.168460;1.168540;1.168320;1.168390;0
20260408 043100;1.168400;1.168440;1.168280;1.168400;0
20260408 043200;1.168420;1.168650;1.168400;1.168430;0
20260408 043300;1.168480;1.168500;1.168330;1.168390;0
20260408 043400;1.168390;1.168420;1.168190;1.168280;0
20260408 043500;1.168280;1.168530;1.168190;1.168530;0
20260408 043600;1.168530;1.168630;1.168120;1.168340;0
20260408 043700;1.168330;1.168440;1.168200;1.168240;0
20260408 043800;1.168240;1.168490;1.168230;1.168440;0
20260408 043900;1.168450;1.168600;1.168410;1.168490;0
20260408 044000;1.168480;1.168550;1.168350;1.168410;0
20260408 044100;1.168410;1.168450;1.167880;1.167880;0
20260408 044200;1.167870;1.167870;1.167450;1.167490;0
20260408 044300;1.167500;1.167540;1.166880;1.167100;0
20260408 044400;1.167080;1.167750;1.167080;1.167750;0
20260408 044500;1.167750;1.167850;1.167650;1.167770;0
20260408 044600;1.167760;1.167870;1.167690;1.167830;0
20260408 044700;1.167840;1.167950;1.167750;1.167850;0
20260408 044800;1.167860;1.168020;1.167820;1.168020;0
20260408 044900;1.168000;1.168160;1.167930;1.167930;0
20260408 045000;1.167940;1.168280;1.167940;1.168250;0
20260408 045100;1.168240;1.168340;1.168150;1.168310;0
20260408 045200;1.168290;1.168430;1.168240;1.168380;0
20260408 045300;1.168350;1.168350;1.168100;1.168150;0
20260408 045400;1.168140;1.168170;1.167980;1.167980;0
20260408 045500;1.168000;1.168120;1.167930;1.168120;0
20260408 045600;1.168120;1.168170;1.168040;1.168160;0
20260408 045700;1.168190;1.168320;1.168110;1.168130;0
20260408 045800;1.168120;1.168140;1.167960;1.168040;0
20260408 045900;1.168070;1.168150;1.168010;1.168100;0
20260408 050000;1.168110;1.168240;1.168060;1.168110;0
20260408 050100;1.168090;1.168320;1.168080;1.168300;0
20260408 050200;1.168290;1.168290;1.168090;1.168100;0
20260408 050300;1.168090;1.168440;1.167990;1.168390;0
20260408 050400;1.168400;1.168500;1.168360;1.168460;0
20260408 050500;1.168450;1.168450;1.168190;1.168250;0
20260408 050600;1.168250;1.168440;1.168180;1.168310;0
20260408 050700;1.168310;1.168520;1.168260;1.168510;0
20260408 050800;1.168510;1.168600;1.168450;1.168600;0
20260408 050900;1.168580;1.168650;1.168510;1.168600;0
20260408 051000;1.168610;1.168730;1.168550;1.168550;0
20260408 051100;1.168550;1.168550;1.168270;1.168340;0
20260408 051200;1.168340;1.168530;1.168340;1.168430;0
20260408 051300;1.168420;1.168510;1.168400;1.168460;0
20260408 051400;1.168490;1.168580;1.168430;1.168450;0
20260408 051500;1.168430;1.168470;1.168330;1.168470;0
20260408 051600;1.168440;1.168580;1.168350;1.168510;0
20260408 051700;1.168470;1.168470;1.168290;1.168310;0
20260408 051800;1.168330;1.168880;1.168300;1.168850;0
20260408 051900;1.168820;1.168930;1.168730;1.168800;0
20260408 052000;1.168800;1.168800;1.168590;1.168590;0
20260408 052100;1.168620;1.168640;1.168350;1.168350;0
20260408 052200;1.168320;1.168330;1.168140;1.168170;0
20260408 052300;1.168160;1.168210;1.168000;1.168180;0
20260408 052400;1.168190;1.168210;1.168080;1.168100;0
20260408 052500;1.168140;1.168140;1.167920;1.168060;0
20260408 052600;1.168060;1.168130;1.167990;1.168100;0
20260408 052700;1.168090;1.168150;1.168070;1.168090;0
20260408 052800;1.168110;1.168230;1.168060;1.168230;0
20260408 052900;1.168250;1.168270;1.168180;1.168220;0
20260408 053000;1.168230;1.168270;1.168100;1.168260;0
20260408 053100;1.168250;1.168380;1.168200;1.168330;0
20260408 053200;1.168330;1.168460;1.168300;1.168320;0
20260408 053300;1.168330;1.168330;1.168150;1.168250;0
20260408 053400;1.168250;1.168250;1.168070;1.168170;0
20260408 053500;1.168170;1.168390;1.168170;1.168310;0
20260408 053600;1.168320;1.168380;1.168240;1.168290;0
20260408 053700;1.168280;1.168350;1.168030;1.168350;0
20260408 053800;1.168360;1.168470;1.168190;1.168210;0
20260408 053900;1.168220;1.168540;1.168220;1.168540;0
20260408 054000;1.168540;1.168570;1.168240;1.168240;0
20260408 054100;1.168260;1.168420;1.168210;1.168370;0
20260408 054200;1.168360;1.168390;1.168260;1.168310;0
20260408 054300;1.168300;1.168420;1.168270;1.168320;0
20260408 054400;1.168320;1.168370;1.167800;1.167850;0
20260408 054500;1.167840;1.168000;1.167840;1.167900;0
20260408 054600;1.167890;1.167980;1.167790;1.167890;0
20260408 054700;1.167900;1.168220;1.167890;1.168220;0
20260408 054800;1.168220;1.168340;1.168220;1.168290;0
20260408 054900;1.168290;1.168360;1.168210;1.168360;0
20260408 055000;1.168380;1.168420;1.168300;1.168410;0
20260408 055100;1.168410;1.168460;1.168070;1.168170;0
20260408 055200;1.168170;1.168360;1.168160;1.168220;0
20260408 055300;1.168220;1.168640;1.168180;1.168630;0
20260408 055400;1.168630;1.168630;1.168430;1.168430;0
20260408 055500;1.168450;1.168480;1.168260;1.168310;0
20260408 055600;1.168310;1.168440;1.168070;1.168070;0
20260408 055700;1.168070;1.168110;1.167850;1.167880;0
20260408 055800;1.167890;1.168010;1.167870;1.167970;0
20260408 055900;1.167980;1.168000;1.167910;1.167940;0
20260408 060000;1.167940;1.168080;1.167880;1.168010;0
20260408 060100;1.167990;1.168040;1.167840;1.167990;0
20260408 060200;1.167980;1.168000;1.167830;1.167910;0
20260408 060300;1.167930;1.168040;1.167890;1.167980;0
20260408 060400;1.167990;1.168070;1.167970;1.168010;0
20260408 060500;1.168010;1.168010;1.167730;1.167820;0
20260408 060600;1.167800;1.168010;1.167800;1.167970;0
20260408 060700;1.167960;1.168040;1.167900;1.168040;0
20260408 060800;1.168050;1.168100;1.167940;1.167960;0
20260408 060900;1.167970;1.168230;1.167940;1.168140;0
20260408 061000;1.168130;1.168320;1.168080;1.168300;0
20260408 061100;1.168310;1.168350;1.168260;1.168310;0
20260408 061200;1.168310;1.168460;1.168270;1.168430;0
20260408 061300;1.168440;1.168610;1.168430;1.168590;0
20260408 061400;1.168590;1.168630;1.168550;1.168610;0
20260408 061500;1.168630;1.168670;1.168530;1.168590;0
20260408 061600;1.168590;1.168590;1.168310;1.168460;0
20260408 061700;1.168470;1.168520;1.168400;1.168440;0
20260408 061800;1.168440;1.168520;1.168400;1.168440;0
20260408 061900;1.168430;1.168520;1.168410;1.168490;0
20260408 062000;1.168490;1.168490;1.168380;1.168470;0
20260408 062100;1.168460;1.168480;1.168320;1.168390;0
20260408 062200;1.168390;1.168530;1.168370;1.168530;0
20260408 062300;1.168540;1.168670;1.168540;1.168570;0
20260408 062400;1.168580;1.168590;1.168420;1.168510;0
20260408 062500;1.168490;1.168590;1.168480;1.168570;0
20260408 062600;1.168560;1.168590;1.168500;1.168560;0
20260408 062700;1.168570;1.168590;1.168560;1.168560;0
20260408 062800;1.168600;1.168630;1.168510;1.168570;0
20260408 062900;1.168560;1.168580;1.168510;1.168570;0
20260408 063000;1.168570;1.168600;1.168510;1.168590;0
20260408 063100;1.168600;1.168610;1.168570;1.168570;0
20260408 063200;1.168580;1.168850;1.168570;1.168720;0
20260408 063300;1.168720;1.168790;1.168690;1.168690;0
20260408 063400;1.168680;1.168780;1.168640;1.168750;0
20260408 063500;1.168760;1.168930;1.168720;1.168720;0
20260408 063600;1.168720;1.168740;1.168530;1.168560;0
20260408 063700;1.168580;1.168600;1.168490;1.168520;0
20260408 063800;1.168520;1.168580;1.168520;1.168540;0
20260408 063900;1.168520;1.168630;1.168430;1.168630;0
20260408 064000;1.168620;1.168650;1.168570;1.168590;0
20260408 064100;1.168620;1.168690;1.168580;1.168670;0
20260408 064200;1.168670;1.168670;1.168410;1.168510;0
20260408 064300;1.168510;1.168560;1.168420;1.168510;0
20260408 064400;1.168510;1.168790;1.168510;1.168780;0
20260408 064500;1.168820;1.168940;1.168700;1.168870;0
20260408 064600;1.168880;1.168900;1.168790;1.168830;0
20260408 064700;1.168830;1.168950;1.168810;1.168850;0
20260408 064800;1.168840;1.168840;1.168630;1.168720;0
20260408 064900;1.168700;1.168710;1.168560;1.168560;0
20260408 065000;1.168580;1.168630;1.168530;1.168580;0
20260408 065100;1.168580;1.168730;1.168580;1.168650;0
20260408 065200;1.168640;1.168680;1.168460;1.168500;0
20260408 065300;1.168510;1.168610;1.168510;1.168580;0
20260408 065400;1.168580;1.168720;1.168560;1.168650;0
20260408 065500;1.168660;1.168830;1.168620;1.168800;0
20260408 065600;1.168820;1.169220;1.168820;1.169210;0
20260408 065700;1.169210;1.169240;1.169110;1.169180;0
20260408 065800;1.169170;1.169180;1.169100;1.169100;0
20260408 065900;1.169110;1.169110;1.168940;1.169020;0
20260408 070000;1.168990;1.168990;1.168740;1.168780;0
20260408 070100;1.168800;1.168800;1.168540;1.168560;0
20260408 070200;1.168550;1.168760;1.168530;1.168760;0
20260408 070300;1.168750;1.169120;1.168750;1.169110;0
20260408 070400;1.169080;1.169110;1.168870;1.169090;0
20260408 070500;1.169100;1.169130;1.168870;1.168870;0
20260408 070600;1.168870;1.169080;1.168870;1.169010;0
20260408 070700;1.169000;1.169050;1.168930;1.169000;0
20260408 070800;1.168990;1.169120;1.168980;1.169100;0
20260408 070900;1.169110;1.169280;1.169110;1.169280;0
20260408 071000;1.169280;1.169420;1.169280;1.169370;0
20260408 071100;1.169360;1.169390;1.169330;1.169380;0
20260408 071200;1.169370;1.169440;1.169280;1.169390;0
20260408 071300;1.169390;1.169660;1.169360;1.169630;0
20260408 071400;1.169620;1.169660;1.169500;1.169570;0
20260408 071500;1.169590;1.169590;1.169480;1.169550;0
20260408 071600;1.169550;1.169660;1.169550;1.169640;0
20260408 071700;1.169630;1.169700;1.169620;1.169620;0
20260408 071800;1.169610;1.169670;1.169560;1.169640;0
20260408 071900;1.169640;1.169990;1.169630;1.169960;0
20260408 072000;1.169990;1.170010;1.169770;1.169910;0
20260408 072100;1.169900;1.169960;1.169820;1.169960;0
20260408 072200;1.169950;1.170150;1.169800;1.170070;0
20260408 072300;1.170050;1.170120;1.169980;1.170030;0
20260408 072400;1.170050;1.170360;1.170010;1.170280;0
20260408 072500;1.170270;1.170650;1.170270;1.170570;0
20260408 072600;1.170610;1.170650;1.170520;1.170550;0
20260408 072700;1.170560;1.170760;1.170540;1.170700;0
20260408 072800;1.170750;1.171020;1.170700;1.170870;0
20260408 072900;1.170880;1.170900;1.170710;1.170710;0
20260408 073000;1.170690;1.170760;1.170520;1.170570;0
20260408 073100;1.170580;1.170670;1.170560;1.170610;0
20260408 073200;1.170610;1.170610;1.170460;1.170530;0
20260408 073300;1.170530;1.170680;1.170510;1.170670;0
20260408 073400;1.170670;1.170700;1.170560;1.170570;0
20260408 073500;1.170550;1.170550;1.170120;1.170140;0
20260408 073600;1.170130;1.170130;1.169990;1.170010;0
20260408 073700;1.169990;1.170050;1.169940;1.169950;0
20260408 073800;1.169930;1.169940;1.169530;1.169550;0
20260408 073900;1.169570;1.169730;1.169410;1.169650;0
20260408 074000;1.169650;1.169880;1.169610;1.169860;0
20260408 074100;1.169840;1.169910;1.169770;1.169900;0
20260408 074200;1.169920;1.170000;1.169810;1.169870;0
20260408 074300;1.169860;1.169870;1.169740;1.169790;0
20260408 074400;1.169780;1.169960;1.169770;1.169960;0
20260408 074500;1.169960;1.170020;1.169860;1.169970;0
20260408 074600;1.169960;1.170250;1.169950;1.170240;0
20260408 074700;1.170260;1.170330;1.170200;1.170300;0
20260408 074800;1.170310;1.170470;1.170310;1.170450;0
20260408 074900;1.170430;1.170450;1.170340;1.170340;0
20260408 075000;1.170320;1.170370;1.170190;1.170190;0
20260408 075100;1.170220;1.170400;1.170220;1.170360;0
20260408 075200;1.170340;1.170450;1.170320;1.170370;0
20260408 075300;1.170380;1.170380;1.170270;1.170290;0
20260408 075400;1.170260;1.170400;1.170160;1.170160;0
20260408 075500;1.170150;1.170340;1.170150;1.170290;0
20260408 075600;1.170290;1.170290;1.169940;1.170000;0
20260408 075700;1.170020;1.170170;1.169970;1.170030;0
20260408 075800;1.170050;1.170120;1.169950;1.170000;0
20260408 075900;1.170010;1.170010;1.169940;1.170010;0
20260408 080000;1.170030;1.170240;1.170030;1.170180;0
20260408 080100;1.170170;1.170170;1.169960;1.170000;0
20260408 080200;1.170030;1.170180;1.170010;1.170110;0
20260408 080300;1.170110;1.170120;1.169980;1.170060;0
20260408 080400;1.170060;1.170320;1.170040;1.170290;0
20260408 080500;1.170300;1.170580;1.170240;1.170560;0
20260408 080600;1.170540;1.170890;1.170530;1.170770;0
20260408 080700;1.170760;1.170870;1.170710;1.170810;0
20260408 080800;1.170810;1.171040;1.170750;1.170950;0
20260408 080900;1.170980;1.170980;1.170600;1.170610;0
20260408 081000;1.170600;1.170740;1.170550;1.170700;0
20260408 081100;1.170690;1.170880;1.170500;1.170700;0
20260408 081200;1.170700;1.170720;1.170530;1.170640;0
20260408 081300;1.170650;1.170760;1.170530;1.170580;0
20260408 081400;1.170580;1.170670;1.170500;1.170670;0
20260408 081500;1.170690;1.170740;1.170490;1.170530;0
20260408 081600;1.170540;1.170680;1.170500;1.170520;0
20260408 081700;1.170480;1.170740;1.170470;1.170710;0
20260408 081800;1.170710;1.170760;1.170550;1.170660;0
20260408 081900;1.170640;1.170760;1.169890;1.169960;0
20260408 082000;1.169950;1.170150;1.169470;1.169700;0
20260408 082100;1.169710;1.169900;1.168820;1.169410;0
20260408 082200;1.169390;1.169650;1.169370;1.169540;0
20260408 082300;1.169550;1.169800;1.169460;1.169550;0
20260408 082400;1.169580;1.169810;1.169410;1.169410;0
20260408 082500;1.169400;1.169480;1.169160;1.169370;0
20260408 082600;1.169370;1.169950;1.169350;1.169680;0
20260408 082700;1.169690;1.169790;1.169340;1.169490;0
20260408 082800;1.169470;1.169870;1.169440;1.169770;0
20260408 082900;1.169790;1.170110;1.169790;1.170040;0
20260408 083000;1.170030;1.170300;1.170030;1.170250;0
20260408 083100;1.170250;1.170360;1.170230;1.170300;0
20260408 083200;1.170290;1.170360;1.170240;1.170340;0
20260408 083300;1.170360;1.170630;1.170350;1.170610;0
20260408 083400;1.170590;1.170600;1.170480;1.170550;0
20260408 083500;1.170560;1.170580;1.170380;1.170550;0
20260408 083600;1.170540;1.170640;1.170530;1.170620;0
20260408 083700;1.170630;1.170780;1.170550;1.170770;0
20260408 083800;1.170760;1.171000;1.170740;1.170950;0
20260408 083900;1.170960;1.170980;1.170840;1.170850;0
20260408 084000;1.170850;1.170900;1.170710;1.170870;0
20260408 084100;1.170880;1.171200;1.170800;1.171200;0
20260408 084200;1.171190;1.171440;1.171100;1.171360;0
20260408 084300;1.171350;1.171410;1.171150;1.171340;0
20260408 084400;1.171300;1.171470;1.171250;1.171450;0
20260408 084500;1.171440;1.171550;1.171350;1.171420;0
20260408 084600;1.171420;1.171650;1.171360;1.171650;0
20260408 084700;1.171640;1.171660;1.171550;1.171640;0
20260408 084800;1.171640;1.171670;1.171320;1.171350;0
20260408 084900;1.171350;1.171620;1.171340;1.171580;0
20260408 085000;1.171580;1.171600;1.171410;1.171450;0
20260408 085100;1.171450;1.171590;1.171440;1.171560;0
20260408 085200;1.171570;1.171600;1.171320;1.171350;0
20260408 085300;1.171350;1.171560;1.171350;1.171540;0
20260408 085400;1.171540;1.171720;1.171530;1.171660;0
20260408 085500;1.171690;1.171790;1.171670;1.171690;0
20260408 085600;1.171680;1.171700;1.171360;1.171400;0
20260408 085700;1.171400;1.171530;1.171340;1.171500;0
20260408 085800;1.171530;1.171570;1.171380;1.171490;0
20260408 085900;1.171490;1.171490;1.171300;1.171410;0
20260408 090000;1.171410;1.171730;1.171220;1.171680;0
20260408 090100;1.171670;1.171770;1.171620;1.171750;0
20260408 090200;1.171750;1.172080;1.171750;1.172010;0
20260408 090300;1.172010;1.172170;1.172000;1.172090;0
20260408 090400;1.172080;1.172100;1.171650;1.171770;0
20260408 090500;1.171770;1.171970;1.171730;1.171890;0
20260408 090600;1.171890;1.172060;1.171540;1.171550;0
20260408 090700;1.171540;1.171540;1.171340;1.171450;0
20260408 090800;1.171480;1.171650;1.171420;1.171650;0
20260408 090900;1.171630;1.171800;1.171580;1.171750;0
20260408 091000;1.171750;1.171800;1.171350;1.171450;0
20260408 091100;1.171450;1.171450;1.171140;1.171240;0
20260408 091200;1.171250;1.171470;1.171130;1.171130;0
20260408 091300;1.171190;1.171200;1.171030;1.171090;0
20260408 091400;1.171080;1.171200;1.171010;1.171190;0
20260408 091500;1.171200;1.171440;1.171140;1.171320;0
20260408 091600;1.171310;1.171520;1.171310;1.171500;0
20260408 091700;1.171510;1.171510;1.171240;1.171410;0
20260408 091800;1.171400;1.171430;1.171160;1.171160;0
20260408 091900;1.171150;1.171380;1.171060;1.171250;0
20260408 092000;1.171230;1.171250;1.170990;1.170990;0
20260408 092100;1.170990;1.171010;1.170690;1.170750;0
20260408 092200;1.170760;1.170990;1.170730;1.170960;0
20260408 092300;1.170960;1.171190;1.170960;1.171180;0
20260408 092400;1.171180;1.171480;1.171180;1.171380;0
20260408 092500;1.171390;1.171460;1.171130;1.171130;0
20260408 092600;1.171130;1.171140;1.170900;1.170910;0
20260408 092700;1.170920;1.170960;1.170710;1.170830;0
20260408 092800;1.170800;1.170820;1.170450;1.170480;0
20260408 092900;1.170460;1.170540;1.170260;1.170370;0
20260408 093000;1.170360;1.170510;1.170270;1.170390;0
20260408 093100;1.170400;1.170480;1.170240;1.170340;0
20260408 093200;1.170340;1.170370;1.169980;1.169990;0
20260408 093300;1.169960;1.170090;1.169600;1.169720;0
20260408 093400;1.169760;1.169830;1.169640;1.169670;0
20260408 093500;1.169670;1.169720;1.169330;1.169330;0
20260408 093600;1.169370;1.169690;1.169370;1.169550;0
20260408 093700;1.169560;1.169600;1.169130;1.169200;0
20260408 093800;1.169210;1.169250;1.168690;1.168980;0
20260408 093900;1.169010;1.169100;1.168870;1.169100;0
20260408 094000;1.169110;1.169180;1.168840;1.168990;0
20260408 094100;1.169000;1.169150;1.168820;1.169130;0
20260408 094200;1.169120;1.169290;1.168910;1.168990;0
20260408 094300;1.169000;1.169260;1.168970;1.169230;0
20260408 094400;1.169220;1.169420;1.169170;1.169290;0
20260408 094500;1.169310;1.169350;1.169200;1.169270;0
20260408 094600;1.169270;1.169620;1.169200;1.169600;0
20260408 094700;1.169590;1.169770;1.169590;1.169690;0
20260408 094800;1.169670;1.169890;1.169670;1.169790;0
20260408 094900;1.169820;1.169870;1.169650;1.169740;0
20260408 095000;1.169760;1.169760;1.169560;1.169570;0
20260408 095100;1.169560;1.169600;1.168850;1.169140;0
20260408 095200;1.169150;1.169370;1.169060;1.169270;0
20260408 095300;1.169250;1.169340;1.168890;1.168910;0
20260408 095400;1.168900;1.169090;1.168890;1.169030;0
20260408 095500;1.169010;1.169250;1.168930;1.169020;0
20260408 095600;1.169020;1.169240;1.169020;1.169210;0
20260408 095700;1.169200;1.169300;1.169050;1.169130;0
20260408 095800;1.169130;1.169190;1.169050;1.169130;0
20260408 095900;1.169140;1.169570;1.169140;1.169430;0
20260408 100000;1.169410;1.169700;1.169400;1.169690;0
20260408 100100;1.169670;1.169780;1.169610;1.169690;0
20260408 100200;1.169710;1.169860;1.169700;1.169830;0
20260408 100300;1.169840;1.169950;1.169820;1.169950;0
20260408 100400;1.169940;1.169980;1.169730;1.169760;0
20260408 100500;1.169770;1.169900;1.169750;1.169860;0
20260408 100600;1.169870;1.170030;1.169780;1.170020;0
20260408 100700;1.170010;1.170080;1.169880;1.169930;0
20260408 100800;1.169920;1.169920;1.169020;1.169470;0
20260408 100900;1.169460;1.169830;1.169370;1.169750;0
20260408 101000;1.169760;1.169900;1.169750;1.169790;0
20260408 101100;1.169790;1.169920;1.169680;1.169900;0
20260408 101200;1.169870;1.170120;1.169850;1.170040;0
20260408 101300;1.170020;1.170110;1.169880;1.169910;0
20260408 101400;1.169890;1.169900;1.169580;1.169600;0
20260408 101500;1.169610;1.169730;1.169510;1.169560;0
20260408 101600;1.169590;1.169690;1.169480;1.169500;0
20260408 101700;1.169510;1.169690;1.169460;1.169640;0
20260408 101800;1.169630;1.169800;1.169430;1.169490;0
20260408 101900;1.169510;1.169610;1.169310;1.169560;0
20260408 102000;1.169560;1.169870;1.169520;1.169580;0
20260408 102100;1.169580;1.169690;1.169480;1.169550;0
20260408 102200;1.169550;1.169820;1.169540;1.169790;0
20260408 102300;1.169760;1.169820;1.169640;1.169700;0
20260408 102400;1.169710;1.170070;1.169710;1.170010;0
20260408 102500;1.170030;1.170190;1.169970;1.170050;0
20260408 102600;1.170050;1.170120;1.169910;1.170020;0
20260408 102700;1.170040;1.170230;1.169890;1.170200;0
20260408 102800;1.170220;1.170340;1.170140;1.170190;0
20260408 102900;1.170190;1.170200;1.169650;1.169690;0
20260408 103000;1.169700;1.169740;1.169320;1.169350;0
20260408 103100;1.169380;1.169440;1.168980;1.169230;0
20260408 103200;1.169210;1.169310;1.169080;1.169080;0
20260408 103300;1.169100;1.169500;1.169100;1.169470;0
20260408 103400;1.169470;1.169610;1.169410;1.169540;0
20260408 103500;1.169570;1.169670;1.169230;1.169270;0
20260408 103600;1.169290;1.169340;1.169110;1.169130;0
20260408 103700;1.169140;1.169570;1.169130;1.169570;0
20260408 103800;1.169580;1.169660;1.169410;1.169520;0
20260408 103900;1.169530;1.169670;1.169460;1.169530;0
20260408 104000;1.169540;1.169670;1.169470;1.169610;0
20260408 104100;1.169610;1.169790;1.169510;1.169660;0
20260408 104200;1.169650;1.169720;1.169530;1.169720;0
20260408 104300;1.169730;1.169780;1.169580;1.169640;0
20260408 104400;1.169640;1.169760;1.169520;1.169730;0
20260408 104500;1.169750;1.169850;1.169650;1.169750;0
20260408 104600;1.169740;1.169740;1.169560;1.169610;0
20260408 104700;1.169600;1.169660;1.169440;1.169660;0
20260408 104800;1.169670;1.170170;1.169670;1.170150;0
20260408 104900;1.170160;1.170220;1.169830;1.169970;0
20260408 105000;1.169970;1.170190;1.169840;1.170080;0
20260408 105100;1.170080;1.170150;1.169830;1.169880;0
20260408 105200;1.169880;1.170010;1.169860;1.169980;0
20260408 105300;1.169970;1.169980;1.169580;1.169600;0
20260408 105400;1.169610;1.169930;1.169570;1.169870;0
20260408 105500;1.169880;1.169930;1.169390;1.169390;0
20260408 105600;1.169400;1.169560;1.168960;1.168960;0
20260408 105700;1.168950;1.169720;1.168950;1.169530;0
20260408 105800;1.169520;1.169680;1.169440;1.169550;0
20260408 105900;1.169550;1.169550;1.169380;1.169420;0
20260408 110000;1.169410;1.169520;1.169310;1.169410;0
20260408 110100;1.169410;1.169530;1.169270;1.169310;0
20260408 110200;1.169330;1.169460;1.169220;1.169230;0
20260408 110300;1.169240;1.169620;1.169190;1.169460;0
20260408 110400;1.169450;1.169510;1.169280;1.169500;0
20260408 110500;1.169510;1.169580;1.169200;1.169250;0
20260408 110600;1.169230;1.169310;1.168960;1.168960;0
20260408 110700;1.168970;1.169110;1.168860;1.168970;0
20260408 110800;1.168970;1.168980;1.168790;1.168840;0
20260408 110900;1.168840;1.168910;1.168760;1.168780;0
20260408 111000;1.168780;1.168780;1.168600;1.168700;0
20260408 111100;1.168680;1.168730;1.168590;1.168710;0
20260408 111200;1.168700;1.168820;1.168630;1.168670;0
20260408 111300;1.168650;1.168690;1.168560;1.168620;0
20260408 111400;1.168620;1.168730;1.168420;1.168670;0
20260408 111500;1.168660;1.168820;1.168520;1.168790;0
20260408 111600;1.168770;1.168780;1.168580;1.168770;0
20260408 111700;1.168760;1.168840;1.168640;1.168780;0
20260408 111800;1.168790;1.168930;1.168620;1.168930;0
20260408 111900;1.168920;1.169270;1.168900;1.169270;0
20260408 112000;1.169280;1.169380;1.169260;1.169290;0
20260408 112100;1.169290;1.169410;1.169170;1.169190;0
20260408 112200;1.169180;1.169320;1.169170;1.169310;0
20260408 112300;1.169300;1.169300;1.169150;1.169160;0
20260408 112400;1.169190;1.169370;1.169120;1.169330;0
20260408 112500;1.169320;1.169370;1.169160;1.169190;0
20260408 112600;1.169190;1.169280;1.169170;1.169190;0
20260408 112700;1.169190;1.169260;1.168950;1.169030;0
20260408 112800;1.169040;1.169100;1.168860;1.168860;0
20260408 112900;1.168850;1.168940;1.168780;1.168800;0
20260408 113000;1.168800;1.169150;1.168710;1.169130;0
20260408 113100;1.169140;1.169150;1.169050;1.169120;0
20260408 113200;1.169130;1.169130;1.168920;1.169050;0
20260408 113300;1.169040;1.169180;1.169020;1.169080;0
20260408 113400;1.169090;1.169290;1.169070;1.169200;0
20260408 113500;1.169200;1.169250;1.169080;1.169090;0
20260408 113600;1.169090;1.169130;1.168890;1.169120;0
20260408 113700;1.169110;1.169270;1.169110;1.169270;0
20260408 113800;1.169300;1.169480;1.169290;1.169430;0
20260408 113900;1.169460;1.169630;1.169460;1.169580;0
20260408 114000;1.169560;1.169640;1.169470;1.169560;0
20260408 114100;1.169570;1.169590;1.169420;1.169430;0
20260408 114200;1.169420;1.169420;1.169230;1.169260;0
20260408 114300;1.169280;1.169290;1.169110;1.169110;0
20260408 114400;1.169130;1.169140;1.169020;1.169070;0
20260408 114500;1.169080;1.169140;1.169020;1.169050;0
20260408 114600;1.169050;1.169230;1.169050;1.169150;0
20260408 114700;1.169150;1.169230;1.168990;1.169090;0
20260408 114800;1.169110;1.169140;1.168980;1.169050;0
20260408 114900;1.169070;1.169200;1.168980;1.169170;0
20260408 115000;1.169180;1.169280;1.169180;1.169190;0
20260408 115100;1.169180;1.169230;1.169080;1.169220;0
20260408 115200;1.169230;1.169240;1.169110;1.169160;0
20260408 115300;1.169170;1.169260;1.169160;1.169160;0
20260408 115400;1.169160;1.169270;1.169120;1.169180;0
20260408 115500;1.169160;1.169230;1.169070;1.169130;0
20260408 115600;1.169130;1.169130;1.168870;1.168930;0
20260408 115700;1.168950;1.169060;1.168890;1.168930;0
20260408 115800;1.168910;1.168970;1.168770;1.168860;0
20260408 115900;1.168850;1.168860;1.168540;1.168610;0
20260408 120000;1.168610;1.168610;1.168370;1.168500;0
20260408 120100;1.168530;1.168720;1.168460;1.168640;0
20260408 120200;1.168630;1.168850;1.168620;1.168720;0
20260408 120300;1.168700;1.168700;1.168600;1.168660;0
20260408 120400;1.168670;1.168690;1.168090;1.168260;0
20260408 120500;1.168270;1.168410;1.168150;1.168280;0
20260408 120600;1.168280;1.168320;1.168150;1.168190;0
20260408 120700;1.168170;1.168280;1.168050;1.168170;0
20260408 120800;1.168170;1.168220;1.168050;1.168090;0
20260408 120900;1.168100;1.168270;1.168100;1.168260;0
20260408 121000;1.168280;1.168290;1.168180;1.168280;0
20260408 121100;1.168290;1.168450;1.168260;1.168380;0
20260408 121200;1.168380;1.168530;1.168370;1.168470;0
20260408 121300;1.168470;1.168540;1.168450;1.168530;0
20260408 121400;1.168520;1.168530;1.168190;1.168340;0
20260408 121500;1.168350;1.168420;1.168290;1.168320;0
20260408 121600;1.168340;1.168340;1.168020;1.168030;0
20260408 121700;1.168020;1.168080;1.167910;1.168010;0
20260408 121800;1.168000;1.168070;1.167890;1.168030;0
20260408 121900;1.168040;1.168170;1.167950;1.168100;0
20260408 122000;1.168110;1.168110;1.167870;1.167920;0
20260408 122100;1.167910;1.168070;1.167910;1.168000;0
20260408 122200;1.167990;1.168020;1.167900;1.167920;0
20260408 122300;1.167930;1.167940;1.167850;1.167890;0
20260408 122400;1.167900;1.168190;1.167890;1.168170;0
20260408 122500;1.168170;1.168200;1.168040;1.168060;0
20260408 122600;1.168040;1.168080;1.167970;1.167970;0
20260408 122700;1.167990;1.168090;1.167930;1.168000;0
20260408 122800;1.168000;1.168070;1.167900;1.168000;0
20260408 122900;1.168020;1.168040;1.167880;1.167980;0
20260408 123000;1.167990;1.168050;1.167870;1.167960;0
20260408 123100;1.167950;1.168020;1.167830;1.167970;0
20260408 123200;1.167980;1.168110;1.167980;1.168110;0
20260408 123300;1.168130;1.168180;1.168040;1.168090;0
20260408 123400;1.168100;1.168150;1.168020;1.168090;0
20260408 123500;1.168090;1.168110;1.167930;1.168040;0
20260408 123600;1.168060;1.168100;1.167920;1.168000;0
20260408 123700;1.168000;1.168160;1.167940;1.168130;0
20260408 123800;1.168150;1.168160;1.167940;1.167950;0
20260408 123900;1.167960;1.168110;1.167950;1.168110;0
20260408 124000;1.168080;1.168150;1.168060;1.168130;0
20260408 124100;1.168130;1.168210;1.168040;1.168050;0
20260408 124200;1.168030;1.168140;1.167880;1.167900;0
20260408 124300;1.167900;1.167900;1.167700;1.167860;0
20260408 124400;1.167860;1.167980;1.167850;1.167900;0
20260408 124500;1.167890;1.167900;1.167760;1.167890;0
20260408 124600;1.167900;1.168000;1.167870;1.167910;0
20260408 124700;1.167920;1.167950;1.167840;1.167950;0
20260408 124800;1.167950;1.168050;1.167930;1.168040;0
20260408 124900;1.168050;1.168070;1.167960;1.168000;0
20260408 125000;1.167970;1.168080;1.167970;1.168030;0
20260408 125100;1.168060;1.168060;1.167940;1.167970;0
20260408 125200;1.167970;1.168120;1.167950;1.168100;0
20260408 125300;1.168080;1.168150;1.168080;1.168120;0
20260408 125400;1.168130;1.168160;1.168050;1.168070;0
20260408 125500;1.168080;1.168180;1.168070;1.168120;0
20260408 125600;1.168110;1.168240;1.168090;1.168240;0
20260408 125700;1.168230;1.168290;1.168130;1.168140;0
20260408 125800;1.168150;1.168190;1.168080;1.168120;0
20260408 125900;1.168130;1.168190;1.168100;1.168170;0
20260408 130000;1.168160;1.168300;1.168150;1.168250;0
20260408 130100;1.168260;1.168310;1.168220;1.168280;0
20260408 130200;1.168280;1.168460;1.168270;1.168390;0
20260408 130300;1.168380;1.168420;1.168230;1.168230;0
20260408 130400;1.168220;1.168220;1.168100;1.168110;0
20260408 130500;1.168110;1.168150;1.167950;1.167960;0
20260408 130600;1.167970;1.167970;1.167850;1.167900;0
20260408 130700;1.167900;1.168120;1.167850;1.168120;0
20260408 130800;1.168100;1.168160;1.168010;1.168010;0
20260408 130900;1.168010;1.168180;1.168010;1.168160;0
20260408 131000;1.168150;1.168310;1.168140;1.168300;0
20260408 131100;1.168350;1.168460;1.168350;1.168450;0
20260408 131200;1.168470;1.168510;1.168280;1.168310;0
20260408 131300;1.168310;1.168470;1.168310;1.168420;0
20260408 131400;1.168400;1.168510;1.168400;1.168510;0
20260408 131500;1.168520;1.168530;1.168340;1.168350;0
20260408 131600;1.168340;1.168380;1.168200;1.168200;0
20260408 131700;1.168200;1.168210;1.167940;1.168010;0
20260408 131800;1.168010;1.168010;1.167850;1.167880;0
20260408 131900;1.167880;1.167880;1.167690;1.167730;0
20260408 132000;1.167730;1.167730;1.167640;1.167690;0
20260408 132100;1.167700;1.167760;1.167650;1.167690;0
20260408 132200;1.167690;1.167750;1.167420;1.167510;0
20260408 132300;1.167500;1.167580;1.167120;1.167330;0
20260408 132400;1.167320;1.167380;1.167170;1.167230;0
20260408 132500;1.167260;1.167280;1.167160;1.167240;0
20260408 132600;1.167230;1.167350;1.167190;1.167210;0
20260408 132700;1.167210;1.167280;1.167080;1.167160;0
20260408 132800;1.167150;1.167410;1.167150;1.167410;0
20260408 132900;1.167420;1.167560;1.167320;1.167550;0
20260408 133000;1.167550;1.167600;1.167500;1.167510;0
20260408 133100;1.167530;1.167620;1.167500;1.167600;0
20260408 133200;1.167610;1.167660;1.167460;1.167510;0
20260408 133300;1.167500;1.167500;1.167300;1.167390;0
20260408 133400;1.167370;1.167370;1.167290;1.167350;0
20260408 133500;1.167340;1.167340;1.167090;1.167100;0
20260408 133600;1.167110;1.167240;1.167090;1.167150;0
20260408 133700;1.167160;1.167190;1.166880;1.167080;0
20260408 133800;1.167080;1.167150;1.166990;1.167010;0
20260408 133900;1.167010;1.167070;1.166910;1.167020;0
20260408 134000;1.167020;1.167060;1.166910;1.167000;0
20260408 134100;1.167010;1.167300;1.166960;1.167100;0
20260408 134200;1.167110;1.167250;1.167080;1.167250;0
20260408 134300;1.167240;1.167420;1.167200;1.167390;0
20260408 134400;1.167380;1.167410;1.167270;1.167410;0
20260408 134500;1.167390;1.167440;1.167360;1.167410;0
20260408 134600;1.167400;1.167460;1.167310;1.167340;0
20260408 134700;1.167330;1.167410;1.167280;1.167400;0
20260408 134800;1.167380;1.167410;1.167290;1.167330;0
20260408 134900;1.167320;1.167320;1.167200;1.167250;0
20260408 135000;1.167260;1.167440;1.167260;1.167360;0
20260408 135100;1.167350;1.167410;1.167340;1.167400;0
20260408 135200;1.167350;1.167350;1.167110;1.167200;0
20260408 135300;1.167200;1.167240;1.167090;1.167240;0
20260408 135400;1.167250;1.167250;1.167180;1.167190;0
20260408 135500;1.167210;1.167230;1.167140;1.167150;0
20260408 135600;1.167160;1.167190;1.167080;1.167130;0
20260408 135700;1.167100;1.167250;1.167100;1.167240;0
20260408 135800;1.167250;1.167400;1.167240;1.167400;0
20260408 135900;1.167400;1.167470;1.167400;1.167460;0
20260408 140000;1.167460;1.167490;1.167150;1.167390;0
20260408 140100;1.167400;1.167530;1.167290;1.167390;0
20260408 140200;1.167390;1.167590;1.167380;1.167580;0
20260408 140300;1.167570;1.167570;1.167310;1.167380;0
20260408 140400;1.167390;1.167460;1.167360;1.167440;0
20260408 140500;1.167450;1.167660;1.167400;1.167660;0
20260408 140600;1.167660;1.167710;1.167510;1.167530;0
20260408 140700;1.167560;1.167820;1.167560;1.167770;0
20260408 140800;1.167760;1.167780;1.167650;1.167660;0
20260408 140900;1.167650;1.167800;1.167640;1.167750;0
20260408 141000;1.167760;1.167770;1.167550;1.167620;0
20260408 141100;1.167630;1.167730;1.167620;1.167700;0
20260408 141200;1.167690;1.167780;1.167660;1.167770;0
20260408 141300;1.167780;1.167850;1.167700;1.167840;0
20260408 141400;1.167850;1.167870;1.167820;1.167850;0
20260408 141500;1.167870;1.167930;1.167840;1.167910;0
20260408 141600;1.167920;1.168000;1.167860;1.167860;0
20260408 141700;1.167890;1.167930;1.167740;1.167760;0
20260408 141800;1.167760;1.167780;1.166620;1.167030;0
20260408 141900;1.167010;1.167070;1.166550;1.166830;0
20260408 142000;1.166820;1.166940;1.166500;1.166530;0
20260408 142100;1.166550;1.166750;1.166500;1.166690;0
20260408 142200;1.166680;1.166920;1.166560;1.166620;0
20260408 142300;1.166620;1.166820;1.166530;1.166690;0
20260408 142400;1.166690;1.166710;1.166530;1.166590;0
20260408 142500;1.166580;1.166640;1.166460;1.166570;0
20260408 142600;1.166560;1.166770;1.166550;1.166730;0
20260408 142700;1.166730;1.166770;1.166530;1.166580;0
20260408 142800;1.166570;1.166810;1.166550;1.166650;0
20260408 142900;1.166680;1.166700;1.166500;1.166560;0
20260408 143000;1.166590;1.166830;1.166560;1.166730;0
20260408 143100;1.166740;1.166790;1.166670;1.166670;0
20260408 143200;1.166690;1.166710;1.166450;1.166620;0
20260408 143300;1.166640;1.166640;1.166530;1.166570;0
20260408 143400;1.166580;1.166800;1.166580;1.166770;0
20260408 143500;1.166780;1.166820;1.166720;1.166730;0
20260408 143600;1.166730;1.166740;1.166560;1.166660;0
20260408 143700;1.166670;1.166670;1.166480;1.166500;0
20260408 143800;1.166520;1.166520;1.166370;1.166370;0
20260408 143900;1.166360;1.166400;1.165810;1.166040;0
20260408 144000;1.166050;1.166120;1.165850;1.165900;0
20260408 144100;1.165910;1.165960;1.165740;1.165810;0
20260408 144200;1.165820;1.166020;1.165740;1.165820;0
20260408 144300;1.165820;1.165930;1.165710;1.165780;0
20260408 144400;1.165790;1.165810;1.165690;1.165800;0
20260408 144500;1.165790;1.165790;1.165620;1.165770;0
20260408 144600;1.165750;1.165760;1.165590;1.165610;0
20260408 144700;1.165630;1.165750;1.165610;1.165620;0
20260408 144800;1.165600;1.165670;1.165590;1.165640;0
20260408 144900;1.165650;1.165660;1.165270;1.165310;0
20260408 145000;1.165320;1.165400;1.165150;1.165350;0
20260408 145100;1.165360;1.165370;1.165150;1.165230;0
20260408 145200;1.165220;1.165330;1.165140;1.165200;0
20260408 145300;1.165190;1.165310;1.165190;1.165280;0
20260408 145400;1.165300;1.165370;1.165200;1.165250;0
20260408 145500;1.165260;1.165280;1.165010;1.165150;0
20260408 145600;1.165160;1.165190;1.165100;1.165110;0
20260408 145700;1.165110;1.165210;1.165010;1.165190;0
20260408 145800;1.165210;1.165250;1.165040;1.165070;0
20260408 145900;1.165070;1.165120;1.164980;1.165020;0
20260408 150000;1.165000;1.165000;1.164330;1.164600;0
20260408 150100;1.164620;1.164920;1.164600;1.164840;0
20260408 150200;1.164850;1.164960;1.164710;1.164720;0
20260408 150300;1.164730;1.164910;1.164720;1.164790;0
20260408 150400;1.164810;1.164820;1.164670;1.164780;0
20260408 150500;1.164800;1.164810;1.164690;1.164720;0
20260408 150600;1.164750;1.165060;1.164720;1.165020;0
20260408 150700;1.165030;1.165130;1.164790;1.164970;0
20260408 150800;1.164980;1.164990;1.164770;1.164840;0
20260408 150900;1.164880;1.165020;1.164850;1.164980;0
20260408 151000;1.164980;1.165160;1.164970;1.165140;0
20260408 151100;1.165140;1.165210;1.165060;1.165150;0
20260408 151200;1.165150;1.165230;1.165080;1.165210;0
20260408 151300;1.165230;1.165230;1.164960;1.165000;0
20260408 151400;1.164980;1.165280;1.164980;1.165280;0
20260408 151500;1.165270;1.165350;1.165150;1.165330;0
20260408 151600;1.165320;1.165370;1.165210;1.165220;0
20260408 151700;1.165230;1.165230;1.164780;1.164880;0
20260408 151800;1.164890;1.164920;1.164840;1.164860;0
20260408 151900;1.164850;1.164950;1.164760;1.164870;0
20260408 152000;1.164880;1.165180;1.164820;1.165170;0
20260408 152100;1.165190;1.165190;1.165020;1.165110;0
20260408 152200;1.165130;1.165130;1.164860;1.165000;0
20260408 152300;1.165010;1.165090;1.164920;1.165070;0
20260408 152400;1.165070;1.165220;1.165060;1.165140;0
20260408 152500;1.165170;1.165350;1.165170;1.165300;0
20260408 152600;1.165300;1.165380;1.165250;1.165270;0
20260408 152700;1.165250;1.165320;1.165170;1.165190;0
20260408 152800;1.165180;1.165220;1.165070;1.165220;0
20260408 152900;1.165220;1.165250;1.165140;1.165240;0
20260408 153000;1.165210;1.165350;1.165200;1.165330;0
20260408 153100;1.165350;1.165530;1.165340;1.165500;0
20260408 153200;1.165490;1.165700;1.165480;1.165640;0
20260408 153300;1.165630;1.165700;1.165500;1.165550;0
20260408 153400;1.165540;1.165680;1.165520;1.165680;0
20260408 153500;1.165690;1.165820;1.165600;1.165670;0
20260408 153600;1.165670;1.166060;1.165640;1.166000;0
20260408 153700;1.165990;1.166310;1.165990;1.166260;0
20260408 153800;1.166270;1.166440;1.166120;1.166190;0
20260408 153900;1.166170;1.166370;1.166160;1.166370;0
20260408 154000;1.166370;1.166370;1.166120;1.166160;0
20260408 154100;1.166170;1.166170;1.165870;1.165920;0
20260408 154200;1.165930;1.166060;1.165880;1.165970;0
20260408 154300;1.165980;1.166050;1.165930;1.166050;0
20260408 154400;1.166040;1.166080;1.165980;1.166000;0
20260408 154500;1.166000;1.166290;1.165990;1.166220;0
20260408 154600;1.166220;1.166250;1.166070;1.166070;0
20260408 154700;1.166090;1.166160;1.166060;1.166160;0
20260408 154800;1.166170;1.166230;1.166130;1.166140;0
20260408 154900;1.166130;1.166220;1.166110;1.166130;0
20260408 155000;1.166160;1.166370;1.166130;1.166350;0
20260408 155100;1.166340;1.166430;1.166330;1.166350;0
20260408 155200;1.166360;1.166480;1.166340;1.166460;0
20260408 155300;1.166470;1.166610;1.166450;1.166580;0
20260408 155400;1.166620;1.166630;1.166530;1.166530;0
20260408 155500;1.166530;1.166660;1.166500;1.166650;0
20260408 155600;1.166650;1.166760;1.166650;1.166740;0
20260408 155700;1.166750;1.166870;1.166710;1.166860;0
20260408 155800;1.166860;1.166910;1.166790;1.166890;0
20260408 155900;1.166900;1.167030;1.166770;1.166780;0
20260408 160000;1.166780;1.166920;1.166770;1.166780;0
20260408 160100;1.166770;1.166810;1.166760;1.166780;0
20260408 160200;1.166770;1.166930;1.166760;1.166870;0
20260408 160300;1.166870;1.166870;1.166760;1.166790;0
20260408 160400;1.166780;1.166880;1.166640;1.166640;0
20260408 160500;1.166610;1.166610;1.166230;1.166470;0
20260408 160600;1.166490;1.166620;1.166460;1.166550;0
20260408 160700;1.166530;1.166570;1.166470;1.166570;0
20260408 160800;1.166580;1.166660;1.166550;1.166630;0
20260408 160900;1.166630;1.166720;1.166620;1.166690;0
20260408 161000;1.166690;1.166820;1.166570;1.166570;0
20260408 161100;1.166580;1.166740;1.166570;1.166650;0
20260408 161200;1.166630;1.166630;1.166520;1.166530;0
20260408 161300;1.166520;1.166520;1.166430;1.166440;0
20260408 161400;1.166440;1.166440;1.166370;1.166390;0
20260408 161500;1.166430;1.166430;1.166320;1.166320;0
20260408 161600;1.166340;1.166340;1.166210;1.166220;0
20260408 161700;1.166210;1.166210;1.166150;1.166170;0
20260408 161800;1.166170;1.166180;1.166160;1.166170;0
20260408 161900;1.166160;1.166180;1.166150;1.166150;0
20260408 162000;1.166200;1.166250;1.166120;1.166160;0
20260408 162100;1.166170;1.166250;1.166160;1.166180;0
20260408 162200;1.166180;1.166210;1.166150;1.166170;0
20260408 162300;1.166160;1.166190;1.166070;1.166080;0
20260408 162400;1.166060;1.166120;1.166030;1.166110;0
20260408 162500;1.166110;1.166130;1.166060;1.166080;0
20260408 162600;1.166080;1.166090;1.166060;1.166090;0
20260408 162700;1.166090;1.166210;1.166080;1.166210;0
20260408 162800;1.166210;1.166210;1.166210;1.166210;0
20260408 162900;1.166200;1.166230;1.166090;1.166210;0
20260408 163000;1.166220;1.166230;1.166170;1.166220;0
20260408 163100;1.166220;1.166280;1.166170;1.166250;0
20260408 163200;1.166240;1.166310;1.166210;1.166310;0
20260408 163300;1.166300;1.166330;1.166270;1.166330;0
20260408 163400;1.166310;1.166330;1.166310;1.166330;0
20260408 163500;1.166360;1.166410;1.166360;1.166370;0
20260408 163600;1.166370;1.166370;1.166310;1.166310;0
20260408 163700;1.166330;1.166330;1.166260;1.166260;0
20260408 163800;1.166290;1.166300;1.166190;1.166190;0
20260408 163900;1.166190;1.166280;1.166190;1.166260;0
20260408 164000;1.166270;1.166330;1.166270;1.166320;0
20260408 164100;1.166330;1.166340;1.166320;1.166330;0
20260408 164200;1.166320;1.166340;1.166310;1.166320;0
20260408 164300;1.166310;1.166380;1.166300;1.166330;0
20260408 164400;1.166350;1.166350;1.166270;1.166280;0
20260408 164500;1.166290;1.166300;1.166230;1.166230;0
20260408 164600;1.166240;1.166270;1.166230;1.166260;0
20260408 164700;1.166250;1.166300;1.166210;1.166280;0
20260408 164800;1.166280;1.166330;1.166240;1.166280;0
20260408 164900;1.166280;1.166350;1.166280;1.166340;0
20260408 165000;1.166330;1.166470;1.166320;1.166410;0
20260408 165100;1.166420;1.166430;1.166310;1.166330;0
20260408 165200;1.166320;1.166330;1.166220;1.166220;0
20260408 165300;1.166220;1.166220;1.166110;1.166140;0
20260408 165400;1.166150;1.166160;1.166110;1.166120;0
20260408 165500;1.166120;1.166370;1.166120;1.166330;0
20260408 165600;1.166340;1.166400;1.166250;1.166340;0
20260408 165700;1.166340;1.166350;1.166250;1.166330;0
20260408 165800;1.166320;1.166340;1.166190;1.166200;0
20260408 165900;1.166180;1.166240;1.166090;1.166240;0
20260408 170000;1.166160;1.166160;1.165910;1.165910;0
20260408 170100;1.165760;1.165760;1.165760;1.165760;0
20260408 170400;1.164880;1.164880;1.164880;1.164880;0
20260408 170500;1.165830;1.166350;1.165690;1.166330;0
20260408 170600;1.166330;1.166450;1.166330;1.166360;0
20260408 170700;1.166370;1.166390;1.166350;1.166380;0
20260408 170800;1.166390;1.166390;1.166350;1.166350;0
20260408 170900;1.166370;1.166370;1.166340;1.166350;0
20260408 171000;1.166350;1.166380;1.166250;1.166360;0
20260408 171100;1.166370;1.166380;1.166360;1.166360;0
20260408 171200;1.166360;1.166370;1.166330;1.166360;0
20260408 171300;1.166360;1.166360;1.166360;1.166360;0
20260408 171400;1.166350;1.166390;1.166350;1.166380;0
20260408 171500;1.166390;1.166460;1.166330;1.166450;0
20260408 171600;1.166440;1.166470;1.166440;1.166460;0
20260408 171700;1.166460;1.166470;1.166450;1.166460;0
20260408 171800;1.166450;1.166520;1.166450;1.166500;0
20260408 171900;1.166510;1.166510;1.166490;1.166500;0
20260408 172000;1.166510;1.166510;1.166460;1.166510;0
20260408 172100;1.166500;1.166520;1.166500;1.166500;0
20260408 172200;1.166510;1.166520;1.166390;1.166390;0
20260408 172300;1.166390;1.166390;1.166380;1.166380;0
20260408 172400;1.166380;1.166390;1.166310;1.166390;0
20260408 172500;1.166380;1.166380;1.166380;1.166380;0
20260408 172600;1.166380;1.166390;1.166380;1.166390;0
20260408 172700;1.166380;1.166390;1.166380;1.166390;0
20260408 172800;1.166390;1.166390;1.166380;1.166390;0
20260408 172900;1.166390;1.166390;1.166380;1.166380;0
20260408 173000;1.166390;1.166390;1.166280;1.166280;0
20260408 173100;1.166290;1.166310;1.166280;1.166300;0
20260408 173200;1.166280;1.166290;1.166270;1.166280;0
20260408 173300;1.166290;1.166290;1.166260;1.166260;0
20260408 173400;1.166250;1.166270;1.166250;1.166250;0
20260408 173500;1.166250;1.166260;1.166220;1.166230;0
20260408 173600;1.166240;1.166250;1.166230;1.166250;0
20260408 173700;1.166250;1.166250;1.166240;1.166250;0
20260408 173800;1.166240;1.166260;1.166240;1.166260;0
20260408 173900;1.166250;1.166260;1.166250;1.166250;0
20260408 174000;1.166260;1.166260;1.166250;1.166260;0
20260408 174100;1.166090;1.166090;1.166090;1.166090;0
20260408 174200;1.166090;1.166220;1.166090;1.166210;0
20260408 174300;1.166210;1.166220;1.166180;1.166210;0
20260408 174400;1.166200;1.166220;1.166200;1.166210;0
20260408 174500;1.166200;1.166200;1.166200;1.166200;0
20260408 174600;1.166210;1.166220;1.166200;1.166200;0
20260408 174700;1.166120;1.166190;1.166120;1.166190;0
20260408 174800;1.166120;1.166220;1.166120;1.166220;0
20260408 174900;1.166230;1.166230;1.166220;1.166220;0
20260408 175000;1.166270;1.166270;1.166150;1.166230;0
20260408 175100;1.166250;1.166510;1.166250;1.166420;0
20260408 175200;1.166470;1.166480;1.166410;1.166470;0
20260408 175300;1.166480;1.166500;1.166410;1.166480;0
20260408 175400;1.166580;1.166630;1.166580;1.166620;0
20260408 175500;1.166590;1.166620;1.166590;1.166610;0
20260408 175600;1.166610;1.166620;1.166590;1.166610;0
20260408 175700;1.166600;1.166660;1.166590;1.166650;0
20260408 175800;1.166650;1.166660;1.166490;1.166550;0
20260408 175900;1.166530;1.166580;1.166500;1.166550;0
20260408 180000;1.166510;1.166610;1.166440;1.166600;0
20260408 180100;1.166600;1.166600;1.166410;1.166420;0
20260408 180200;1.166400;1.166710;1.166400;1.166670;0
20260408 180300;1.166730;1.166740;1.166620;1.166640;0
20260408 180400;1.166630;1.166630;1.166630;1.166630;0
20260408 180500;1.166680;1.166750;1.166620;1.166630;0
20260408 180600;1.166630;1.166660;1.166490;1.166630;0
20260408 180700;1.166630;1.166630;1.166540;1.166540;0
20260408 180800;1.166510;1.166600;1.166490;1.166580;0
20260408 180900;1.166600;1.166600;1.166490;1.166590;0
20260408 181000;1.166610;1.166610;1.166600;1.166610;0
20260408 181100;1.166590;1.166600;1.166530;1.166530;0
20260408 181200;1.166540;1.166540;1.166390;1.166390;0
20260408 181300;1.166410;1.166450;1.166410;1.166450;0
20260408 181400;1.166450;1.166450;1.166410;1.166420;0
20260408 181500;1.166420;1.166430;1.166390;1.166390;0
20260408 181600;1.166400;1.166420;1.166390;1.166400;0
20260408 181700;1.166390;1.166390;1.166310;1.166320;0
20260408 181800;1.166300;1.166300;1.166210;1.166220;0
20260408 181900;1.166210;1.166210;1.166140;1.166190;0
20260408 182000;1.166180;1.166190;1.165970;1.165980;0
20260408 182100;1.166040;1.166080;1.165990;1.166030;0
20260408 182200;1.166020;1.166080;1.166010;1.166060;0
20260408 182300;1.166040;1.166070;1.166020;1.166070;0
20260408 182400;1.166050;1.166080;1.166000;1.166080;0
20260408 182500;1.166070;1.166180;1.166070;1.166120;0
20260408 182600;1.166110;1.166180;1.166110;1.166170;0
20260408 182700;1.166150;1.166160;1.166120;1.166120;0
20260408 182800;1.166150;1.166290;1.166130;1.166290;0
20260408 182900;1.166270;1.166290;1.166220;1.166280;0
20260408 183000;1.166290;1.166290;1.166210;1.166260;0
20260408 183100;1.166250;1.166260;1.166170;1.166190;0
20260408 183200;1.166180;1.166180;1.166080;1.166130;0
20260408 183300;1.166140;1.166280;1.166120;1.166250;0
20260408 183400;1.166240;1.166370;1.166230;1.166360;0
20260408 183500;1.166370;1.166420;1.166270;1.166420;0
20260408 183600;1.166410;1.166420;1.166350;1.166370;0
20260408 183700;1.166330;1.166330;1.166310;1.166330;0
20260408 183800;1.166320;1.166380;1.166270;1.166320;0
20260408 183900;1.166330;1.166330;1.166290;1.166310;0
20260408 184000;1.166300;1.166300;1.166190;1.166190;0
20260408 184100;1.166200;1.166530;1.166200;1.166330;0
20260408 184200;1.166340;1.166430;1.166310;1.166360;0
20260408 184300;1.166360;1.166360;1.166280;1.166280;0
20260408 184400;1.166280;1.166290;1.166270;1.166270;0
20260408 184500;1.166270;1.166270;1.166230;1.166270;0
20260408 184600;1.166230;1.166260;1.166180;1.166240;0
20260408 184700;1.166230;1.166240;1.166220;1.166230;0
20260408 184800;1.166210;1.166230;1.166210;1.166230;0
20260408 184900;1.166230;1.166240;1.166230;1.166240;0
20260408 185000;1.166230;1.166240;1.166210;1.166220;0
20260408 185100;1.166230;1.166310;1.166230;1.166280;0
20260408 185200;1.166280;1.166280;1.166210;1.166210;0
20260408 185300;1.166230;1.166250;1.166210;1.166230;0
20260408 185400;1.166240;1.166240;1.166220;1.166220;0
20260408 185500;1.166220;1.166310;1.166220;1.166240;0
20260408 185600;1.166230;1.166240;1.166230;1.166230;0
20260408 185700;1.166220;1.166230;1.166210;1.166220;0
20260408 185800;1.166210;1.166230;1.166190;1.166190;0
20260408 185900;1.166200;1.166220;1.166190;1.166210;0
20260408 190000;1.166210;1.166270;1.166120;1.166220;0
20260408 190100;1.166220;1.166220;1.166210;1.166220;0
20260408 190200;1.166220;1.166220;1.166120;1.166200;0
20260408 190300;1.166200;1.166200;1.166180;1.166180;0
20260408 190400;1.166180;1.166190;1.166130;1.166190;0
20260408 190500;1.166200;1.166310;1.166200;1.166230;0
20260408 190600;1.166210;1.166270;1.166180;1.166250;0
20260408 190700;1.166240;1.166270;1.166230;1.166270;0
20260408 190800;1.166260;1.166270;1.166220;1.166260;0
20260408 190900;1.166270;1.166270;1.166230;1.166230;0
20260408 191000;1.166230;1.166270;1.166160;1.166160;0
20260408 191100;1.166160;1.166160;1.166130;1.166130;0
20260408 191200;1.166120;1.166130;1.166080;1.166100;0
20260408 191300;1.166100;1.166130;1.166090;1.166120;0
20260408 191400;1.166120;1.166130;1.166110;1.166110;0
20260408 191500;1.166110;1.166130;1.166080;1.166080;0
20260408 191600;1.166070;1.166120;1.166050;1.166120;0
20260408 191700;1.166130;1.166140;1.166130;1.166130;0
20260408 191800;1.166130;1.166180;1.166130;1.166180;0
20260408 191900;1.166160;1.166160;1.166090;1.166090;0
20260408 192000;1.166090;1.166120;1.166080;1.166120;0
20260408 192100;1.166100;1.166100;1.166040;1.166070;0
20260408 192200;1.166070;1.166070;1.166020;1.166020;0
20260408 192300;1.166030;1.166030;1.166020;1.166030;0
20260408 192400;1.166040;1.166040;1.165960;1.165980;0
20260408 192500;1.165960;1.165960;1.165940;1.165950;0
20260408 192600;1.165960;1.165970;1.165950;1.165960;0
20260408 192700;1.165940;1.165980;1.165940;1.165960;0
20260408 192800;1.165940;1.165970;1.165940;1.165960;0
20260408 192900;1.165980;1.165990;1.165950;1.165970;0
20260408 193000;1.165970;1.165990;1.165890;1.165980;0
20260408 193100;1.165970;1.165970;1.165900;1.165910;0
20260408 193200;1.165890;1.165900;1.165820;1.165860;0
20260408 193300;1.165860;1.165870;1.165790;1.165830;0
20260408 193400;1.165850;1.165890;1.165840;1.165890;0
20260408 193600;1.165900;1.165940;1.165890;1.165920;0
20260408 193700;1.165890;1.165940;1.165880;1.165940;0
20260408 193800;1.165940;1.166010;1.165930;1.165940;0
20260408 193900;1.165910;1.165920;1.165890;1.165910;0
20260408 194000;1.165900;1.165920;1.165900;1.165900;0
20260408 194100;1.165930;1.165940;1.165930;1.165940;0
20260408 194200;1.165940;1.166010;1.165940;1.165990;0
20260408 194300;1.165990;1.165990;1.165970;1.165990;0
20260408 194400;1.165980;1.165980;1.165920;1.165930;0
20260408 194500;1.165930;1.165950;1.165900;1.165940;0
20260408 194600;1.165930;1.165980;1.165930;1.165980;0
20260408 194700;1.165950;1.165970;1.165860;1.165880;0
20260408 194800;1.165900;1.165990;1.165890;1.165990;0
20260408 194900;1.166000;1.166000;1.166000;1.166000;0
20260408 195000;1.165990;1.166050;1.165990;1.166050;0
20260408 195100;1.166060;1.166060;1.165900;1.165930;0
20260408 195200;1.165940;1.166040;1.165940;1.166030;0
20260408 195300;1.166040;1.166080;1.166030;1.166070;0
20260408 195400;1.166050;1.166050;1.165840;1.165850;0
20260408 195500;1.165850;1.165850;1.165740;1.165800;0
20260408 195600;1.165810;1.165860;1.165790;1.165850;0
20260408 195700;1.165860;1.165860;1.165810;1.165850;0
20260408 195800;1.165840;1.165900;1.165820;1.165890;0
20260408 195900;1.165880;1.165900;1.165840;1.165890;0
20260408 200000;1.165910;1.165910;1.165720;1.165770;0
20260408 200100;1.165790;1.165800;1.165660;1.165790;0
20260408 200200;1.165790;1.165840;1.165680;1.165690;0
20260408 200300;1.165710;1.165710;1.165460;1.165530;0
20260408 200400;1.165530;1.165640;1.165530;1.165630;0
20260408 200500;1.165630;1.165640;1.165490;1.165550;0
20260408 200600;1.165550;1.165630;1.165450;1.165480;0
20260408 200700;1.165470;1.165480;1.165340;1.165450;0
20260408 200800;1.165440;1.165490;1.165380;1.165470;0
20260408 200900;1.165470;1.165490;1.165400;1.165450;0
20260408 201000;1.165450;1.165490;1.165380;1.165430;0
20260408 201100;1.165420;1.165420;1.165310;1.165380;0
20260408 201200;1.165370;1.165420;1.165280;1.165410;0
20260408 201300;1.165390;1.165540;1.165390;1.165540;0
20260408 201400;1.165560;1.165590;1.165510;1.165540;0
20260408 201500;1.165520;1.165580;1.165490;1.165540;0
20260408 201600;1.165540;1.165720;1.165490;1.165660;0
20260408 201700;1.165670;1.165700;1.165620;1.165680;0
20260408 201800;1.165690;1.165730;1.165630;1.165630;0
20260408 201900;1.165630;1.165730;1.165610;1.165720;0
20260408 202000;1.165700;1.165800;1.165660;1.165800;0
20260408 202100;1.165820;1.165940;1.165800;1.165930;0
20260408 202200;1.165920;1.165920;1.165810;1.165840;0
20260408 202300;1.165840;1.165850;1.165760;1.165840;0
20260408 202400;1.165830;1.165890;1.165800;1.165830;0
20260408 202500;1.165830;1.165840;1.165740;1.165800;0
20260408 202600;1.165810;1.165860;1.165780;1.165840;0
20260408 202700;1.165840;1.165860;1.165750;1.165800;0
20260408 202800;1.165820;1.165820;1.165750;1.165810;0
20260408 202900;1.165810;1.165810;1.165640;1.165680;0
20260408 203000;1.165670;1.165780;1.165660;1.165770;0
20260408 203100;1.165760;1.166080;1.165760;1.166020;0
20260408 203200;1.166010;1.166020;1.165790;1.165800;0
20260408 203300;1.165800;1.165850;1.165700;1.165710;0
20260408 203400;1.165720;1.165750;1.165670;1.165730;0
20260408 203500;1.165740;1.165750;1.165670;1.165700;0
20260408 203600;1.165690;1.165740;1.165680;1.165720;0
20260408 203700;1.165700;1.165740;1.165670;1.165710;0
20260408 203800;1.165710;1.165800;1.165710;1.165780;0
20260408 203900;1.165780;1.165790;1.165720;1.165740;0
20260408 204000;1.165740;1.165760;1.165660;1.165680;0
20260408 204100;1.165680;1.165730;1.165660;1.165680;0
20260408 204200;1.165680;1.165750;1.165680;1.165730;0
20260408 204300;1.165740;1.165740;1.165660;1.165680;0
20260408 204400;1.165680;1.165700;1.165650;1.165680;0
20260408 204500;1.165690;1.165750;1.165630;1.165680;0
20260408 204600;1.165670;1.165690;1.165620;1.165630;0
20260408 204700;1.165610;1.165650;1.165590;1.165590;0
20260408 204800;1.165600;1.165700;1.165580;1.165700;0
20260408 204900;1.165690;1.165710;1.165660;1.165670;0
20260408 205000;1.165670;1.165750;1.165670;1.165710;0
20260408 205100;1.165690;1.165850;1.165670;1.165810;0
20260408 205200;1.165810;1.165850;1.165720;1.165820;0
20260408 205300;1.165800;1.165800;1.165720;1.165720;0
20260408 205400;1.165740;1.165780;1.165680;1.165700;0
20260408 205500;1.165700;1.165720;1.165600;1.165640;0
20260408 205600;1.165660;1.165740;1.165650;1.165700;0
20260408 205700;1.165700;1.165810;1.165690;1.165810;0
20260408 205800;1.165800;1.165850;1.165770;1.165800;0
20260408 205900;1.165810;1.165820;1.165660;1.165700;0
20260408 210000;1.165700;1.165860;1.165700;1.165750;0
20260408 210100;1.165740;1.165750;1.165680;1.165700;0
20260408 210200;1.165690;1.165700;1.165550;1.165580;0
20260408 210300;1.165570;1.165790;1.165490;1.165780;0
20260408 210400;1.165780;1.165850;1.165740;1.165830;0
20260408 210500;1.165830;1.165840;1.165710;1.165740;0
20260408 210600;1.165740;1.165760;1.165650;1.165650;0
20260408 210700;1.165660;1.165660;1.165540;1.165550;0
20260408 210800;1.165530;1.165560;1.165440;1.165560;0
20260408 210900;1.165570;1.165700;1.165570;1.165660;0
20260408 211000;1.165670;1.165680;1.165580;1.165680;0
20260408 211100;1.165660;1.165670;1.165590;1.165650;0
20260408 211200;1.165630;1.165630;1.165430;1.165500;0
20260408 211300;1.165520;1.165550;1.165390;1.165400;0
20260408 211400;1.165400;1.165430;1.165370;1.165430;0
20260408 211500;1.165420;1.165490;1.165380;1.165430;0
20260408 211600;1.165450;1.165450;1.165310;1.165330;0
20260408 211700;1.165310;1.165330;1.165240;1.165280;0
20260408 211800;1.165280;1.165340;1.165190;1.165210;0
20260408 211900;1.165210;1.165220;1.165140;1.165170;0
20260408 212000;1.165180;1.165180;1.165090;1.165090;0
20260408 212100;1.165090;1.165210;1.165090;1.165140;0
20260408 212200;1.165140;1.165190;1.165040;1.165080;0
20260408 212300;1.165080;1.165100;1.165030;1.165100;0
20260408 212400;1.165090;1.165120;1.165030;1.165080;0
20260408 212500;1.165100;1.165100;1.165040;1.165060;0
20260408 212600;1.165060;1.165230;1.165050;1.165140;0
20260408 212700;1.165140;1.165190;1.165130;1.165190;0
20260408 212800;1.165200;1.165290;1.165170;1.165290;0
20260408 212900;1.165280;1.165290;1.165230;1.165230;0
20260408 213000;1.165240;1.165360;1.165240;1.165340;0
20260408 213100;1.165360;1.165390;1.165290;1.165350;0
20260408 213200;1.165330;1.165460;1.165330;1.165440;0
20260408 213300;1.165460;1.165640;1.165460;1.165570;0
20260408 213400;1.165570;1.165850;1.165570;1.165850;0
20260408 213500;1.165850;1.165850;1.165800;1.165810;0
20260408 213600;1.165810;1.165880;1.165770;1.165880;0
20260408 213700;1.165860;1.165860;1.165770;1.165800;0
20260408 213800;1.165810;1.165820;1.165740;1.165750;0
20260408 213900;1.165740;1.165840;1.165740;1.165790;0
20260408 214000;1.165800;1.165840;1.165750;1.165800;0
20260408 214100;1.165780;1.165780;1.165590;1.165620;0
20260408 214200;1.165610;1.165860;1.165610;1.165860;0
20260408 214300;1.165850;1.165860;1.165790;1.165790;0
20260408 214400;1.165810;1.165810;1.165760;1.165780;0
20260408 214500;1.165770;1.165790;1.165750;1.165760;0
20260408 214600;1.165770;1.165820;1.165750;1.165770;0
20260408 214700;1.165760;1.165770;1.165550;1.165660;0
20260408 214800;1.165650;1.165660;1.165580;1.165600;0
20260408 214900;1.165590;1.165800;1.165590;1.165800;0
20260408 215000;1.165830;1.165980;1.165830;1.165980;0
20260408 215100;1.165960;1.166070;1.165920;1.166050;0
20260408 215200;1.166050;1.166060;1.166000;1.166000;0
20260408 215300;1.165990;1.165990;1.165890;1.165940;0
20260408 215400;1.165950;1.166060;1.165930;1.166010;0
20260408 215500;1.166010;1.166060;1.166000;1.166020;0
20260408 215600;1.166020;1.166170;1.166000;1.166140;0
20260408 215700;1.166140;1.166350;1.166140;1.166280;0
20260408 215800;1.166260;1.166270;1.166200;1.166220;0
20260408 215900;1.166220;1.166270;1.166140;1.166160;0
20260408 220000;1.166190;1.166420;1.166000;1.166000;0
20260408 220100;1.166040;1.166110;1.166020;1.166060;0
20260408 220200;1.166050;1.166090;1.165990;1.165990;0
20260408 220300;1.166000;1.166050;1.165950;1.166030;0
20260408 220400;1.166030;1.166050;1.165930;1.165990;0
20260408 220500;1.165990;1.166070;1.165960;1.166060;0
20260408 220600;1.166050;1.166120;1.166040;1.166080;0
20260408 220700;1.166080;1.166230;1.166050;1.166220;0
20260408 220800;1.166240;1.166240;1.166080;1.166120;0
20260408 220900;1.166110;1.166130;1.166050;1.166080;0
20260408 221000;1.166070;1.166140;1.166070;1.166100;0
20260408 221100;1.166100;1.166110;1.166050;1.166070;0
20260408 221200;1.166070;1.166080;1.166010;1.166010;0
20260408 221300;1.165980;1.165990;1.165900;1.165970;0
20260408 221400;1.165970;1.166040;1.165950;1.166040;0
20260408 221500;1.166050;1.166140;1.166050;1.166140;0
20260408 221600;1.166140;1.166290;1.166140;1.166260;0
20260408 221700;1.166260;1.166340;1.166230;1.166340;0
20260408 221800;1.166350;1.166440;1.166310;1.166420;0
20260408 221900;1.166420;1.166440;1.166340;1.166420;0
20260408 222000;1.166410;1.166450;1.166380;1.166400;0
20260408 222100;1.166410;1.166430;1.166290;1.166320;0
20260408 222200;1.166310;1.166400;1.166290;1.166390;0
20260408 222300;1.166380;1.166380;1.166300;1.166310;0
20260408 222400;1.166310;1.166320;1.166270;1.166300;0
20260408 222500;1.166310;1.166310;1.166220;1.166260;0
20260408 222600;1.166250;1.166350;1.166240;1.166300;0
20260408 222700;1.166300;1.166360;1.166290;1.166350;0
20260408 222800;1.166380;1.166400;1.166340;1.166380;0
20260408 222900;1.166380;1.166440;1.166360;1.166420;0
20260408 223000;1.166410;1.166520;1.166400;1.166520;0
20260408 223100;1.166510;1.166570;1.166500;1.166550;0
20260408 223200;1.166530;1.166660;1.166530;1.166620;0
20260408 223300;1.166610;1.166640;1.166550;1.166620;0
20260408 223400;1.166600;1.166650;1.166580;1.166650;0
20260408 223500;1.166670;1.166680;1.166590;1.166600;0
20260408 223600;1.166620;1.166640;1.166580;1.166580;0
20260408 223700;1.166600;1.166730;1.166600;1.166640;0
20260408 223800;1.166630;1.166650;1.166550;1.166550;0
20260408 223900;1.166590;1.166620;1.166540;1.166550;0
20260408 224000;1.166540;1.166540;1.166450;1.166490;0
20260408 224100;1.166500;1.166550;1.166450;1.166520;0
20260408 224200;1.166520;1.166630;1.166490;1.166600;0
20260408 224300;1.166610;1.166660;1.166600;1.166610;0
20260408 224400;1.166600;1.166650;1.166560;1.166610;0
20260408 224500;1.166600;1.166650;1.166580;1.166620;0
20260408 224600;1.166620;1.166620;1.166570;1.166580;0
20260408 224700;1.166580;1.166590;1.166480;1.166490;0
20260408 224800;1.166500;1.166500;1.166460;1.166470;0
20260408 224900;1.166480;1.166530;1.166450;1.166510;0
20260408 225000;1.166520;1.166620;1.166480;1.166620;0
20260408 225100;1.166610;1.166650;1.166540;1.166550;0
20260408 225200;1.166550;1.166580;1.166510;1.166540;0
20260408 225300;1.166520;1.166590;1.166480;1.166590;0
20260408 225400;1.166590;1.166590;1.166530;1.166550;0
20260408 225500;1.166580;1.166600;1.166520;1.166530;0
20260408 225600;1.166530;1.166650;1.166500;1.166520;0
20260408 225700;1.166530;1.166550;1.166500;1.166520;0
20260408 225800;1.166510;1.166540;1.166490;1.166530;0
20260408 225900;1.166530;1.166580;1.166520;1.166520;0
20260408 230000;1.166510;1.166550;1.166450;1.166480;0
20260408 230100;1.166480;1.166510;1.166380;1.166380;0
20260408 230200;1.166380;1.166510;1.166360;1.166510;0
20260408 230300;1.166490;1.166500;1.166400;1.166490;0
20260408 230400;1.166510;1.166570;1.166510;1.166540;0
20260408 230500;1.166540;1.166550;1.166460;1.166470;0
20260408 230600;1.166460;1.166460;1.166320;1.166400;0
20260408 230700;1.166400;1.166520;1.166400;1.166520;0
20260408 230800;1.166520;1.166640;1.166520;1.166630;0
20260408 230900;1.166630;1.166640;1.166570;1.166580;0
20260408 231000;1.166560;1.166590;1.166530;1.166530;0
20260408 231100;1.166550;1.166550;1.166430;1.166490;0
20260408 231200;1.166500;1.166510;1.166430;1.166490;0
20260408 231300;1.166490;1.166500;1.166420;1.166440;0
20260408 231400;1.166420;1.166430;1.166400;1.166420;0
20260408 231500;1.166430;1.166470;1.166420;1.166440;0
20260408 231600;1.166440;1.166450;1.166430;1.166440;0
20260408 231700;1.166430;1.166450;1.166390;1.166390;0
20260408 231800;1.166390;1.166490;1.166390;1.166400;0
20260408 231900;1.166390;1.166390;1.166370;1.166370;0
20260408 232000;1.166380;1.166390;1.166280;1.166280;0
20260408 232100;1.166250;1.166340;1.166240;1.166290;0
20260408 232200;1.166290;1.166340;1.166270;1.166340;0
20260408 232300;1.166360;1.166410;1.166360;1.166380;0
20260408 232400;1.166380;1.166380;1.166350;1.166350;0
20260408 232500;1.166350;1.166380;1.166320;1.166330;0
20260408 232600;1.166330;1.166370;1.166300;1.166340;0
20260408 232700;1.166340;1.166390;1.166340;1.166370;0
20260408 232800;1.166350;1.166440;1.166350;1.166390;0
20260408 232900;1.166370;1.166370;1.166320;1.166320;0
20260408 233000;1.166330;1.166450;1.166320;1.166440;0
20260408 233100;1.166440;1.166480;1.166410;1.166450;0
20260408 233200;1.166450;1.166480;1.166420;1.166440;0
20260408 233300;1.166420;1.166520;1.166420;1.166510;0
20260408 233400;1.166510;1.166520;1.166430;1.166500;0
20260408 233500;1.166500;1.166590;1.166500;1.166570;0
20260408 233600;1.166570;1.166580;1.166520;1.166540;0
20260408 233700;1.166520;1.166590;1.166490;1.166510;0
20260408 233800;1.166510;1.166590;1.166510;1.166590;0
20260408 233900;1.166590;1.166640;1.166590;1.166640;0
20260408 234000;1.166660;1.166670;1.166520;1.166520;0
20260408 234100;1.166520;1.166540;1.166490;1.166540;0
20260408 234200;1.166530;1.166570;1.166480;1.166480;0
20260408 234300;1.166470;1.166550;1.166470;1.166550;0
20260408 234400;1.166560;1.166620;1.166560;1.166620;0
20260408 234500;1.166600;1.166600;1.166380;1.166420;0
20260408 234600;1.166430;1.166440;1.166230;1.166260;0
20260408 234700;1.166270;1.166330;1.166030;1.166170;0
20260408 234800;1.166170;1.166210;1.166090;1.166130;0
20260408 234900;1.166130;1.166190;1.166120;1.166160;0
20260408 235000;1.166150;1.166240;1.166150;1.166220;0
20260408 235100;1.166210;1.166230;1.166170;1.166190;0
20260408 235200;1.166190;1.166320;1.166180;1.166290;0
20260408 235300;1.166310;1.166350;1.166310;1.166350;0
20260408 235400;1.166340;1.166370;1.166280;1.166280;0
20260408 235500;1.166280;1.166300;1.166210;1.166250;0
20260408 235600;1.166250;1.166340;1.166250;1.166340;0
20260408 235700;1.166330;1.166350;1.166270;1.166300;0
20260408 235800;1.166310;1.166340;1.166220;1.166250;0
20260408 235900;1.166250;1.166270;1.166210;1.166230;0
20260409 000000;1.166230;1.166330;1.166230;1.166230;0
20260409 000100;1.166250;1.166250;1.166180;1.166230;0
20260409 000200;1.166230;1.166430;1.166230;1.166430;0
20260409 000300;1.166420;1.166500;1.166390;1.166490;0
20260409 000400;1.166480;1.166540;1.166480;1.166510;0
20260409 000500;1.166490;1.166600;1.166490;1.166600;0
20260409 000600;1.166600;1.166600;1.166560;1.166590;0
20260409 000700;1.166590;1.166770;1.166550;1.166750;0
20260409 000800;1.166740;1.166890;1.166740;1.166890;0
20260409 000900;1.166900;1.166920;1.166800;1.166800;0
20260409 001000;1.166800;1.166900;1.166800;1.166880;0
20260409 001100;1.166880;1.166880;1.166800;1.166820;0
20260409 001200;1.166830;1.166830;1.166780;1.166790;0
20260409 001300;1.166790;1.166850;1.166790;1.166830;0
20260409 001400;1.166830;1.166980;1.166830;1.166980;0
20260409 001500;1.166970;1.166980;1.166940;1.166950;0
20260409 001600;1.166960;1.166960;1.166910;1.166920;0
20260409 001700;1.166910;1.166920;1.166770;1.166770;0
20260409 001800;1.166750;1.166750;1.166720;1.166740;0
20260409 001900;1.166820;1.166890;1.166800;1.166840;0
20260409 002000;1.166840;1.166890;1.166840;1.166860;0
20260409 002100;1.166860;1.166870;1.166790;1.166870;0
20260409 002200;1.166840;1.166960;1.166840;1.166960;0
20260409 002300;1.166940;1.166970;1.166900;1.166950;0
20260409 002400;1.166960;1.166960;1.166850;1.166860;0
20260409 002500;1.166860;1.166860;1.166800;1.166850;0
20260409 002600;1.166830;1.166870;1.166750;1.166750;0
20260409 002700;1.166750;1.166790;1.166750;1.166760;0
20260409 002800;1.166770;1.166810;1.166770;1.166800;0
20260409 002900;1.166810;1.166850;1.166800;1.166800;0
20260409 003000;1.166790;1.166950;1.166750;1.166910;0
20260409 003100;1.166950;1.166950;1.166790;1.166800;0
20260409 003200;1.166800;1.166890;1.166800;1.166860;0
20260409 003300;1.166880;1.166910;1.166860;1.166860;0
20260409 003400;1.166860;1.166930;1.166860;1.166920;0
20260409 003500;1.166930;1.167050;1.166910;1.167040;0
20260409 003600;1.167040;1.167040;1.166990;1.167020;0
20260409 003700;1.167010;1.167050;1.166990;1.167040;0
20260409 003800;1.167020;1.167100;1.167020;1.167080;0
20260409 003900;1.167100;1.167100;1.166980;1.166980;0
20260409 004000;1.166990;1.166990;1.166930;1.166950;0
20260409 004100;1.166970;1.167060;1.166970;1.166990;0
20260409 004200;1.166980;1.166990;1.166980;1.166980;0
20260409 004300;1.166970;1.166970;1.166930;1.166930;0
20260409 004400;1.166930;1.166950;1.166900;1.166910;0
20260409 004500;1.166900;1.166900;1.166790;1.166860;0
20260409 004600;1.166850;1.166850;1.166830;1.166830;0
20260409 004700;1.166830;1.166830;1.166800;1.166830;0
20260409 004800;1.166840;1.166890;1.166830;1.166890;0
20260409 004900;1.166900;1.166950;1.166890;1.166940;0
20260409 005000;1.166920;1.166920;1.166850;1.166870;0
20260409 005100;1.166870;1.166870;1.166840;1.166850;0
20260409 005200;1.166830;1.166850;1.166790;1.166790;0
20260409 005300;1.166800;1.166800;1.166700;1.166710;0
20260409 005400;1.166710;1.166790;1.166710;1.166760;0
20260409 005500;1.166760;1.166760;1.166680;1.166740;0
20260409 005600;1.166730;1.166730;1.166670;1.166690;0
20260409 005700;1.166700;1.166730;1.166620;1.166680;0
20260409 005800;1.166680;1.166730;1.166670;1.166730;0
20260409 005900;1.166730;1.166730;1.166620;1.166630;0
20260409 010000;1.166640;1.166700;1.166620;1.166700;0
20260409 010100;1.166700;1.166770;1.166500;1.166540;0
20260409 010200;1.166550;1.166650;1.166550;1.166640;0
20260409 010300;1.166660;1.166700;1.166600;1.166620;0
20260409 010400;1.166630;1.166630;1.166530;1.166550;0
20260409 010500;1.166550;1.166580;1.166390;1.166420;0
20260409 010600;1.166430;1.166520;1.166430;1.166520;0
20260409 010700;1.166540;1.166540;1.166480;1.166480;0
20260409 010800;1.166470;1.166480;1.166430;1.166430;0
20260409 010900;1.166430;1.166490;1.166380;1.166490;0
20260409 011000;1.166480;1.166480;1.166260;1.166310;0
20260409 011100;1.166320;1.166380;1.166320;1.166360;0
20260409 011200;1.166360;1.166370;1.166180;1.166200;0
20260409 011300;1.166190;1.166270;1.166180;1.166260;0
20260409 011400;1.166250;1.166290;1.166200;1.166220;0
20260409 011500;1.166240;1.166270;1.166190;1.166190;0
20260409 011600;1.166190;1.166370;1.166190;1.166290;0
20260409 011700;1.166270;1.166340;1.166270;1.166300;0
20260409 011800;1.166310;1.166330;1.166300;1.166310;0
20260409 011900;1.166310;1.166550;1.166310;1.166550;0
20260409 012000;1.166540;1.166600;1.166500;1.166570;0
20260409 012100;1.166570;1.166590;1.166480;1.166520;0
20260409 012200;1.166530;1.166530;1.166450;1.166480;0
20260409 012300;1.166470;1.166470;1.166420;1.166420;0
20260409 012400;1.166420;1.166430;1.166340;1.166370;0
20260409 012500;1.166380;1.166420;1.166370;1.166390;0
20260409 012600;1.166400;1.166440;1.166350;1.166410;0
20260409 012700;1.166430;1.166430;1.166350;1.166360;0
20260409 012800;1.166390;1.166390;1.166300;1.166300;0
20260409 012900;1.166280;1.166370;1.166280;1.166360;0
20260409 013000;1.166330;1.166400;1.166300;1.166370;0
20260409 013100;1.166370;1.166380;1.166290;1.166340;0
20260409 013200;1.166330;1.166350;1.166320;1.166330;0
20260409 013300;1.166340;1.166340;1.166230;1.166250;0
20260409 013400;1.166250;1.166280;1.166240;1.166280;0
20260409 013500;1.166280;1.166280;1.166190;1.166200;0
20260409 013600;1.166190;1.166220;1.166120;1.166160;0
20260409 013700;1.166150;1.166230;1.166150;1.166230;0
20260409 013800;1.166230;1.166340;1.166210;1.166280;0
20260409 013900;1.166290;1.166310;1.166210;1.166210;0
20260409 014000;1.166210;1.166220;1.166150;1.166210;0
20260409 014100;1.166230;1.166330;1.166230;1.166310;0
20260409 014200;1.166310;1.166310;1.166250;1.166250;0
20260409 014300;1.166240;1.166280;1.166230;1.166230;0
20260409 014400;1.166250;1.166280;1.166210;1.166260;0
20260409 014500;1.166270;1.166270;1.166200;1.166210;0
20260409 014600;1.166220;1.166220;1.166160;1.166200;0
20260409 014700;1.166200;1.166200;1.166110;1.166110;0
20260409 014800;1.166110;1.166180;1.166110;1.166150;0
20260409 014900;1.166150;1.166170;1.166110;1.166150;0
20260409 015000;1.166140;1.166150;1.165900;1.166000;0
20260409 015100;1.166000;1.166030;1.165920;1.165930;0
20260409 015200;1.165940;1.166030;1.165930;1.165950;0
20260409 015300;1.165950;1.166090;1.165950;1.166090;0
20260409 015400;1.166070;1.166110;1.166030;1.166050;0
20260409 015500;1.166090;1.166190;1.166080;1.166120;0
20260409 015600;1.166130;1.166190;1.166120;1.166140;0
20260409 015700;1.166150;1.166150;1.166070;1.166100;0
20260409 015800;1.166120;1.166130;1.166090;1.166110;0
20260409 015900;1.166090;1.166090;1.166000;1.166040;0
20260409 020000;1.166060;1.166120;1.165990;1.166030;0
20260409 020100;1.166040;1.166220;1.166040;1.166190;0
20260409 020200;1.166210;1.166250;1.166100;1.166190;0
20260409 020300;1.166200;1.166300;1.166200;1.166250;0
20260409 020400;1.166230;1.166280;1.166190;1.166230;0
20260409 020500;1.166240;1.166250;1.166190;1.166250;0
20260409 020600;1.166230;1.166280;1.166190;1.166270;0
20260409 020700;1.166260;1.166310;1.166220;1.166220;0
20260409 020800;1.166200;1.166200;1.166130;1.166150;0
20260409 020900;1.166140;1.166150;1.166070;1.166100;0
20260409 021000;1.166080;1.166100;1.166010;1.166010;0
20260409 021100;1.165990;1.166040;1.165980;1.166000;0
20260409 021200;1.165990;1.166100;1.165990;1.166060;0
20260409 021300;1.166050;1.166080;1.165930;1.165990;0
20260409 021400;1.165990;1.165990;1.165920;1.165930;0
20260409 021500;1.165930;1.166010;1.165850;1.165850;0
20260409 021600;1.165840;1.165860;1.165740;1.165810;0
20260409 021700;1.165800;1.165840;1.165760;1.165780;0
20260409 021800;1.165780;1.165850;1.165750;1.165800;0
20260409 021900;1.165780;1.165930;1.165780;1.165890;0
20260409 022000;1.165890;1.165920;1.165840;1.165910;0
20260409 022100;1.165920;1.165920;1.165780;1.165790;0
20260409 022200;1.165850;1.165850;1.165720;1.165730;0
20260409 022300;1.165740;1.165820;1.165720;1.165780;0
20260409 022400;1.165800;1.165800;1.165560;1.165640;0
20260409 022500;1.165650;1.165650;1.165490;1.165490;0
20260409 022600;1.165480;1.165650;1.165410;1.165580;0
20260409 022700;1.165570;1.165690;1.165550;1.165690;0
20260409 022800;1.165670;1.165670;1.165520;1.165630;0
20260409 022900;1.165630;1.165790;1.165630;1.165790;0
20260409 023000;1.165780;1.165790;1.165640;1.165760;0
20260409 023100;1.165750;1.165840;1.165690;1.165840;0
20260409 023200;1.165830;1.165870;1.165810;1.165820;0
20260409 023300;1.165810;1.165840;1.165750;1.165840;0
20260409 023400;1.165830;1.165920;1.165810;1.165870;0
20260409 023500;1.165860;1.165860;1.165730;1.165730;0
20260409 023600;1.165740;1.165840;1.165730;1.165730;0
20260409 023700;1.165750;1.165770;1.165680;1.165710;0
20260409 023800;1.165700;1.165800;1.165690;1.165800;0
20260409 023900;1.165800;1.165860;1.165790;1.165810;0
20260409 024000;1.165810;1.165810;1.165710;1.165750;0
20260409 024100;1.165730;1.165860;1.165690;1.165760;0
20260409 024200;1.165770;1.165850;1.165760;1.165820;0
20260409 024300;1.165830;1.165930;1.165830;1.165900;0
20260409 024400;1.165910;1.165970;1.165890;1.165950;0
20260409 024500;1.165940;1.165940;1.165790;1.165860;0
20260409 024600;1.165870;1.165890;1.165830;1.165850;0
20260409 024700;1.165860;1.165930;1.165840;1.165900;0
20260409 024800;1.165910;1.166200;1.165910;1.166180;0
20260409 024900;1.166190;1.166190;1.165940;1.165940;0
20260409 025000;1.165950;1.166400;1.165950;1.166200;0
20260409 025100;1.166240;1.166260;1.166100;1.166150;0
20260409 025200;1.166160;1.166200;1.166090;1.166190;0
20260409 025300;1.166180;1.166180;1.165830;1.165840;0
20260409 025400;1.165850;1.166010;1.165830;1.166000;0
20260409 025500;1.166020;1.166150;1.166000;1.166080;0
20260409 025600;1.166070;1.166180;1.166040;1.166170;0
20260409 025700;1.166190;1.166290;1.166170;1.166270;0
20260409 025800;1.166280;1.166280;1.166150;1.166180;0
20260409 025900;1.166170;1.166430;1.166170;1.166420;0
20260409 030000;1.166420;1.166490;1.166370;1.166390;0
20260409 030100;1.166400;1.166710;1.166360;1.166650;0
20260409 030200;1.166650;1.166860;1.166580;1.166770;0
20260409 030300;1.166760;1.166760;1.166650;1.166700;0
20260409 030400;1.166690;1.166770;1.166690;1.166710;0
20260409 030500;1.166700;1.166750;1.166610;1.166640;0
20260409 030600;1.166620;1.166720;1.166580;1.166690;0
20260409 030700;1.166700;1.166850;1.166700;1.166830;0
20260409 030800;1.166840;1.166920;1.166830;1.166850;0
20260409 030900;1.166830;1.166830;1.166660;1.166740;0
20260409 031000;1.166730;1.166750;1.166640;1.166730;0
20260409 031100;1.166730;1.166740;1.166640;1.166650;0
20260409 031200;1.166670;1.166690;1.166530;1.166540;0
20260409 031300;1.166550;1.166620;1.166490;1.166490;0
20260409 031400;1.166490;1.166570;1.166430;1.166530;0
20260409 031500;1.166510;1.166510;1.166390;1.166410;0
20260409 031600;1.166400;1.166440;1.166300;1.166310;0
20260409 031700;1.166300;1.166320;1.166060;1.166110;0
20260409 031800;1.166090;1.166090;1.165930;1.166040;0
20260409 031900;1.166050;1.166060;1.165800;1.165840;0
20260409 032000;1.165820;1.165820;1.165730;1.165730;0
20260409 032100;1.165750;1.165940;1.165750;1.165930;0
20260409 032200;1.165930;1.165950;1.165900;1.165900;0
20260409 032300;1.165900;1.166020;1.165900;1.165960;0
20260409 032400;1.165960;1.166370;1.165960;1.166270;0
20260409 032500;1.166270;1.166280;1.166060;1.166090;0
20260409 032600;1.166090;1.166180;1.166040;1.166170;0
20260409 032700;1.166150;1.166250;1.166080;1.166090;0
20260409 032800;1.166100;1.166220;1.166010;1.166140;0
20260409 032900;1.166120;1.166150;1.165990;1.166060;0
20260409 033000;1.166050;1.166080;1.165930;1.165940;0
20260409 033100;1.165950;1.165960;1.165810;1.165830;0
20260409 033200;1.165810;1.165820;1.165540;1.165600;0
20260409 033300;1.165630;1.165960;1.165600;1.165870;0
20260409 033400;1.165870;1.165890;1.165780;1.165840;0
20260409 033500;1.165840;1.165990;1.165830;1.165910;0
20260409 033600;1.165920;1.166080;1.165920;1.166080;0
20260409 033700;1.166070;1.166130;1.166020;1.166020;0
20260409 033800;1.166030;1.166100;1.166030;1.166050;0
20260409 033900;1.166060;1.166100;1.166030;1.166100;0
20260409 034000;1.166100;1.166100;1.165820;1.165850;0
20260409 034100;1.165860;1.165930;1.165820;1.165850;0
20260409 034200;1.165850;1.165910;1.165800;1.165870;0
20260409 034300;1.165850;1.166060;1.165850;1.166050;0
20260409 034400;1.166050;1.166110;1.166040;1.166080;0
20260409 034500;1.166080;1.166080;1.165990;1.165990;0
20260409 034600;1.166020;1.166090;1.165900;1.165940;0
20260409 034700;1.165920;1.166050;1.165910;1.166000;0
20260409 034800;1.165990;1.166040;1.165930;1.166020;0
20260409 034900;1.166030;1.166230;1.166010;1.166160;0
20260409 035000;1.166150;1.166160;1.166090;1.166150;0
20260409 035100;1.166150;1.166370;1.166140;1.166350;0
20260409 035200;1.166330;1.166400;1.166290;1.166370;0
20260409 035300;1.166360;1.166390;1.166300;1.166320;0
20260409 035400;1.166340;1.166450;1.166310;1.166340;0
20260409 035500;1.166340;1.166460;1.166340;1.166410;0
20260409 035600;1.166410;1.166410;1.166300;1.166300;0
20260409 035700;1.166310;1.166310;1.166220;1.166240;0
20260409 035800;1.166270;1.166310;1.166250;1.166290;0
20260409 035900;1.166280;1.166370;1.166270;1.166290;0
20260409 040000;1.166300;1.166300;1.166100;1.166240;0
20260409 040100;1.166250;1.166310;1.166160;1.166210;0
20260409 040200;1.166200;1.166320;1.166100;1.166310;0
20260409 040300;1.166330;1.166470;1.166310;1.166450;0
20260409 040400;1.166450;1.166660;1.166430;1.166610;0
20260409 040500;1.166610;1.166620;1.166320;1.166320;0
20260409 040600;1.166320;1.166410;1.166290;1.166410;0
20260409 040700;1.166420;1.166450;1.166350;1.166380;0
20260409 040800;1.166380;1.166430;1.166360;1.166420;0
20260409 040900;1.166400;1.166400;1.166250;1.166300;0
20260409 041000;1.166300;1.166310;1.166170;1.166200;0
20260409 041100;1.166200;1.166210;1.166040;1.166050;0
20260409 041200;1.166050;1.166100;1.166010;1.166040;0
20260409 041300;1.166030;1.166050;1.165960;1.166010;0
20260409 041400;1.166040;1.166120;1.165980;1.166110;0
20260409 041500;1.166080;1.166110;1.166000;1.166010;0
20260409 041600;1.166000;1.166070;1.165970;1.166060;0
20260409 041700;1.166060;1.166060;1.165950;1.166050;0
20260409 041800;1.166080;1.166100;1.166030;1.166090;0
20260409 041900;1.166100;1.166160;1.166040;1.166150;0
20260409 042000;1.166140;1.166390;1.166140;1.166300;0
20260409 042100;1.166280;1.166320;1.166230;1.166230;0
20260409 042200;1.166250;1.166430;1.166250;1.166400;0
20260409 042300;1.166410;1.166410;1.166370;1.166390;0
20260409 042400;1.166400;1.166460;1.166390;1.166400;0
20260409 042500;1.166390;1.166470;1.166240;1.166410;0
20260409 042600;1.166420;1.166470;1.166390;1.166450;0
20260409 042700;1.166450;1.166450;1.166350;1.166380;0
20260409 042800;1.166400;1.166410;1.166280;1.166300;0
20260409 042900;1.166310;1.166350;1.166140;1.166280;0
20260409 043000;1.166260;1.166530;1.166240;1.166480;0
20260409 043100;1.166470;1.166600;1.166430;1.166600;0
20260409 043200;1.166620;1.166690;1.166590;1.166690;0
20260409 043300;1.166680;1.166800;1.166640;1.166750;0
20260409 043400;1.166730;1.166760;1.166660;1.166660;0
20260409 043500;1.166620;1.166620;1.166410;1.166460;0
20260409 043600;1.166480;1.166520;1.166450;1.166510;0
20260409 043700;1.166520;1.166540;1.166360;1.166520;0
20260409 043800;1.166490;1.166590;1.166470;1.166590;0
20260409 043900;1.166590;1.166660;1.166560;1.166630;0
20260409 044000;1.166630;1.166630;1.166370;1.166370;0
20260409 044100;1.166360;1.166590;1.166360;1.166560;0
20260409 044200;1.166590;1.166610;1.166470;1.166530;0
20260409 044300;1.166520;1.166600;1.166510;1.166600;0
20260409 044400;1.166590;1.166810;1.166570;1.166770;0
20260409 044500;1.166770;1.166800;1.166710;1.166720;0
20260409 044600;1.166720;1.166750;1.166670;1.166710;0
20260409 044700;1.166700;1.166810;1.166690;1.166800;0
20260409 044800;1.166800;1.166810;1.166750;1.166810;0
20260409 044900;1.166800;1.166800;1.166630;1.166680;0
20260409 045000;1.166680;1.166700;1.166590;1.166660;0
20260409 045100;1.166680;1.166800;1.166670;1.166780;0
20260409 045200;1.166790;1.166860;1.166770;1.166850;0
20260409 045300;1.166860;1.167150;1.166850;1.167130;0
20260409 045400;1.167130;1.167430;1.167120;1.167430;0
20260409 045500;1.167410;1.167490;1.167350;1.167360;0
20260409 045600;1.167350;1.167470;1.167130;1.167240;0
20260409 045700;1.167250;1.167340;1.167140;1.167270;0
20260409 045800;1.167270;1.167280;1.167140;1.167180;0
20260409 045900;1.167180;1.167240;1.167160;1.167200;0
20260409 050000;1.167190;1.167250;1.167000;1.167040;0
20260409 050100;1.167040;1.167090;1.166950;1.166960;0
20260409 050200;1.166960;1.166960;1.166840;1.166880;0
20260409 050300;1.166880;1.167130;1.166870;1.167080;0
20260409 050400;1.167090;1.167180;1.167090;1.167160;0
20260409 050500;1.167170;1.167300;1.167140;1.167290;0
20260409 050600;1.167280;1.167360;1.167220;1.167330;0
20260409 050700;1.167330;1.167350;1.167240;1.167320;0
20260409 050800;1.167330;1.167450;1.167330;1.167400;0
20260409 050900;1.167380;1.167580;1.167380;1.167500;0
20260409 051000;1.167540;1.167590;1.167510;1.167560;0
20260409 051100;1.167550;1.167580;1.167500;1.167500;0
20260409 051200;1.167530;1.167550;1.167460;1.167460;0
20260409 051300;1.167450;1.167580;1.167450;1.167520;0
20260409 051400;1.167500;1.167640;1.167500;1.167590;0
20260409 051500;1.167610;1.167620;1.167450;1.167460;0
20260409 051600;1.167470;1.167530;1.167390;1.167520;0
20260409 051700;1.167510;1.167710;1.167490;1.167660;0
20260409 051800;1.167670;1.167680;1.167590;1.167590;0
20260409 051900;1.167580;1.167660;1.167560;1.167630;0
20260409 052000;1.167630;1.167650;1.167550;1.167620;0
20260409 052100;1.167610;1.167770;1.167580;1.167750;0
20260409 052200;1.167750;1.167860;1.167690;1.167850;0
20260409 052300;1.167830;1.167920;1.167790;1.167810;0
20260409 052400;1.167810;1.167810;1.167720;1.167720;0
20260409 052500;1.167720;1.167760;1.167640;1.167690;0
20260409 052600;1.167690;1.167760;1.167690;1.167730;0
20260409 052700;1.167730;1.167810;1.167710;1.167810;0
20260409 052800;1.167830;1.167840;1.167770;1.167800;0
20260409 052900;1.167780;1.167790;1.167660;1.167660;0
20260409 053000;1.167650;1.167650;1.167590;1.167600;0
20260409 053100;1.167600;1.167640;1.167530;1.167610;0
20260409 053200;1.167620;1.167770;1.167620;1.167730;0
20260409 053300;1.167720;1.167720;1.167660;1.167660;0
20260409 053400;1.167650;1.167660;1.167520;1.167640;0
20260409 053500;1.167670;1.167680;1.167550;1.167630;0
20260409 053600;1.167640;1.167770;1.167640;1.167770;0
20260409 053700;1.167750;1.167760;1.167650;1.167730;0
20260409 053800;1.167750;1.167820;1.167720;1.167820;0
20260409 053900;1.167800;1.167820;1.167760;1.167770;0
20260409 054000;1.167760;1.167760;1.167620;1.167620;0
20260409 054100;1.167630;1.167630;1.167550;1.167610;0
20260409 054200;1.167620;1.167740;1.167590;1.167740;0
20260409 054300;1.167720;1.167730;1.167670;1.167670;0
20260409 054400;1.167660;1.167700;1.167620;1.167650;0
20260409 054500;1.167650;1.167680;1.167460;1.167480;0
20260409 054600;1.167470;1.167470;1.167370;1.167370;0
20260409 054700;1.167370;1.167500;1.167370;1.167440;0
20260409 054800;1.167440;1.167460;1.167370;1.167430;0
20260409 054900;1.167420;1.167560;1.167400;1.167480;0
20260409 055000;1.167480;1.167490;1.167370;1.167480;0
20260409 055100;1.167480;1.167520;1.167440;1.167490;0
20260409 055200;1.167480;1.167480;1.167340;1.167370;0
20260409 055300;1.167360;1.167510;1.167360;1.167490;0
20260409 055400;1.167500;1.167520;1.167450;1.167510;0
20260409 055500;1.167510;1.167520;1.167230;1.167370;0
20260409 055600;1.167380;1.167420;1.167300;1.167380;0
20260409 055700;1.167390;1.167420;1.167310;1.167340;0
20260409 055800;1.167340;1.167400;1.167280;1.167400;0
20260409 055900;1.167420;1.167490;1.167390;1.167440;0
20260409 060000;1.167440;1.167550;1.167420;1.167540;0
20260409 060100;1.167530;1.167710;1.167480;1.167650;0
20260409 060200;1.167670;1.167710;1.167600;1.167710;0
20260409 060300;1.167710;1.167950;1.167710;1.167910;0
20260409 060400;1.167910;1.167910;1.167850;1.167860;0
20260409 060500;1.167860;1.167860;1.167600;1.167660;0
20260409 060600;1.167660;1.167720;1.167590;1.167650;0
20260409 060700;1.167670;1.167920;1.167640;1.167920;0
20260409 060800;1.167920;1.167920;1.167810;1.167840;0
20260409 060900;1.167840;1.167840;1.167670;1.167680;0
20260409 061000;1.167660;1.167760;1.167660;1.167760;0
20260409 061100;1.167760;1.167790;1.167600;1.167600;0
20260409 061200;1.167630;1.167710;1.167630;1.167670;0
20260409 061300;1.167660;1.167700;1.167640;1.167660;0
20260409 061400;1.167710;1.167760;1.167670;1.167670;0
20260409 061500;1.167680;1.167690;1.167480;1.167550;0
20260409 061600;1.167550;1.167610;1.167540;1.167560;0
20260409 061700;1.167580;1.167660;1.167550;1.167600;0
20260409 061800;1.167600;1.167670;1.167590;1.167600;0
20260409 061900;1.167590;1.167630;1.167520;1.167580;0
20260409 062000;1.167580;1.167640;1.167460;1.167630;0
20260409 062100;1.167610;1.167820;1.167600;1.167750;0
20260409 062200;1.167740;1.167760;1.167650;1.167700;0
20260409 062300;1.167700;1.167820;1.167670;1.167760;0
20260409 062400;1.167770;1.167770;1.167710;1.167710;0
20260409 062500;1.167730;1.167890;1.167730;1.167870;0
20260409 062600;1.167860;1.167920;1.167850;1.167870;0
20260409 062700;1.167880;1.167890;1.167780;1.167790;0
20260409 062800;1.167780;1.167840;1.167750;1.167760;0
20260409 062900;1.167750;1.167780;1.167710;1.167740;0
20260409 063000;1.167740;1.167760;1.167700;1.167730;0
20260409 063100;1.167720;1.167720;1.167560;1.167610;0
20260409 063200;1.167630;1.167660;1.167610;1.167620;0
20260409 063300;1.167630;1.167710;1.167630;1.167690;0
20260409 063400;1.167690;1.167690;1.167600;1.167610;0
20260409 063500;1.167600;1.167620;1.167550;1.167580;0
20260409 063600;1.167580;1.167640;1.167550;1.167630;0
20260409 063700;1.167600;1.167620;1.167510;1.167620;0
20260409 063800;1.167610;1.167620;1.167570;1.167580;0
20260409 063900;1.167540;1.167610;1.167530;1.167610;0
20260409 064000;1.167600;1.167600;1.167530;1.167540;0
20260409 064100;1.167530;1.167560;1.167520;1.167520;0
20260409 064200;1.167500;1.167550;1.167470;1.167510;0
20260409 064300;1.167520;1.167550;1.167460;1.167540;0
20260409 064400;1.167560;1.167560;1.167500;1.167510;0
20260409 064500;1.167510;1.167660;1.167470;1.167660;0
20260409 064600;1.167670;1.167670;1.167480;1.167490;0
20260409 064700;1.167510;1.167630;1.167490;1.167610;0
20260409 064800;1.167620;1.167630;1.167530;1.167570;0
20260409 064900;1.167570;1.167620;1.167540;1.167620;0
20260409 065000;1.167610;1.167620;1.167590;1.167610;0
20260409 065100;1.167610;1.167620;1.167400;1.167510;0
20260409 065200;1.167530;1.167570;1.167460;1.167500;0
20260409 065300;1.167490;1.167510;1.167400;1.167430;0
20260409 065400;1.167420;1.167520;1.167370;1.167490;0
20260409 065500;1.167490;1.167500;1.167420;1.167460;0
20260409 065600;1.167450;1.167500;1.167390;1.167450;0
20260409 065700;1.167470;1.167470;1.167380;1.167380;0
20260409 065800;1.167370;1.167440;1.167340;1.167440;0
20260409 065900;1.167430;1.167440;1.167100;1.167100;0
20260409 070000;1.167080;1.167160;1.166930;1.167010;0
20260409 070100;1.167020;1.167230;1.167020;1.167190;0
20260409 070200;1.167170;1.167250;1.167150;1.167200;0
20260409 070300;1.167180;1.167300;1.167150;1.167260;0
20260409 070400;1.167260;1.167460;1.167240;1.167420;0
20260409 070500;1.167400;1.167490;1.167300;1.167340;0
20260409 070600;1.167330;1.167340;1.167250;1.167280;0
20260409 070700;1.167300;1.167420;1.167300;1.167400;0
20260409 070800;1.167410;1.167420;1.167350;1.167410;0
20260409 070900;1.167430;1.167570;1.167430;1.167560;0
20260409 071000;1.167560;1.167580;1.167480;1.167570;0
20260409 071100;1.167560;1.167660;1.167550;1.167660;0
20260409 071200;1.167640;1.167660;1.167610;1.167630;0
20260409 071300;1.167620;1.167660;1.167620;1.167660;0
20260409 071400;1.167650;1.167660;1.167550;1.167550;0
20260409 071500;1.167540;1.167740;1.167540;1.167710;0
20260409 071600;1.167720;1.167800;1.167710;1.167790;0
20260409 071700;1.167800;1.167830;1.167730;1.167820;0
20260409 071800;1.167830;1.167970;1.167830;1.167870;0
20260409 071900;1.167870;1.168060;1.167860;1.168010;0
20260409 072000;1.168050;1.168110;1.168030;1.168030;0
20260409 072100;1.168020;1.168060;1.167930;1.168020;0
20260409 072200;1.167990;1.168120;1.167960;1.168050;0
20260409 072300;1.168050;1.168110;1.168020;1.168030;0
20260409 072400;1.168040;1.168120;1.168020;1.168070;0
20260409 072500;1.168050;1.168110;1.167980;1.168050;0
20260409 072600;1.168050;1.168050;1.167950;1.168020;0
20260409 072700;1.168020;1.168080;1.167980;1.168000;0
20260409 072800;1.168010;1.168030;1.167960;1.167980;0
20260409 072900;1.167950;1.168110;1.167950;1.168110;0
20260409 073000;1.168120;1.168250;1.168120;1.168160;0
20260409 073100;1.168160;1.168190;1.168120;1.168190;0
20260409 073200;1.168190;1.168210;1.168110;1.168110;0
20260409 073300;1.168110;1.168260;1.168030;1.168220;0
20260409 073400;1.168210;1.168250;1.168160;1.168220;0
20260409 073500;1.168230;1.168260;1.168140;1.168200;0
20260409 073600;1.168220;1.168300;1.168120;1.168290;0
20260409 073700;1.168310;1.168370;1.168260;1.168350;0
20260409 073800;1.168340;1.168410;1.168340;1.168350;0
20260409 073900;1.168340;1.168380;1.168340;1.168360;0
20260409 074000;1.168350;1.168420;1.168300;1.168400;0
20260409 074100;1.168440;1.168480;1.168350;1.168370;0
20260409 074200;1.168360;1.168480;1.168340;1.168470;0
20260409 074300;1.168490;1.168680;1.168400;1.168670;0
20260409 074400;1.168660;1.168840;1.168620;1.168810;0
20260409 074500;1.168820;1.168830;1.168720;1.168760;0
20260409 074600;1.168750;1.168820;1.168750;1.168770;0
20260409 074700;1.168770;1.168800;1.168740;1.168790;0
20260409 074800;1.168810;1.168820;1.168750;1.168800;0
20260409 074900;1.168800;1.168910;1.168750;1.168890;0
20260409 075000;1.168910;1.168940;1.168850;1.168870;0
20260409 075100;1.168880;1.168880;1.168670;1.168720;0
20260409 075200;1.168710;1.168840;1.168710;1.168800;0
20260409 075300;1.168800;1.168800;1.168530;1.168530;0
20260409 075400;1.168570;1.168670;1.168530;1.168550;0
20260409 075500;1.168570;1.168620;1.168550;1.168580;0
20260409 075600;1.168570;1.168620;1.168510;1.168510;0
20260409 075700;1.168520;1.168660;1.168500;1.168620;0
20260409 075800;1.168650;1.168820;1.168650;1.168790;0
20260409 075900;1.168790;1.168880;1.168780;1.168830;0
20260409 080000;1.168840;1.168900;1.168730;1.168870;0
20260409 080100;1.168890;1.168890;1.168760;1.168770;0
20260409 080200;1.168750;1.168810;1.168700;1.168700;0
20260409 080300;1.168720;1.168740;1.168640;1.168700;0
20260409 080400;1.168700;1.168720;1.168670;1.168700;0
20260409 080500;1.168700;1.168760;1.168410;1.168410;0
20260409 080600;1.168410;1.168440;1.168310;1.168430;0
20260409 080700;1.168420;1.168500;1.168390;1.168490;0
20260409 080800;1.168520;1.168610;1.168490;1.168610;0
20260409 080900;1.168630;1.168660;1.168440;1.168470;0
20260409 081000;1.168470;1.168510;1.168450;1.168500;0
20260409 081100;1.168490;1.168530;1.168380;1.168420;0
20260409 081200;1.168420;1.168420;1.168340;1.168410;0
20260409 081300;1.168410;1.168680;1.168410;1.168530;0
20260409 081400;1.168530;1.168530;1.168400;1.168450;0
20260409 081500;1.168480;1.168500;1.168430;1.168440;0
20260409 081600;1.168420;1.168470;1.168300;1.168460;0
20260409 081700;1.168450;1.168450;1.168300;1.168380;0
20260409 081800;1.168400;1.168520;1.168390;1.168490;0
20260409 081900;1.168530;1.168550;1.168310;1.168380;0
20260409 082000;1.168390;1.168400;1.168210;1.168230;0
20260409 082100;1.168240;1.168260;1.168020;1.168100;0
20260409 082200;1.168100;1.168260;1.168060;1.168260;0
20260409 082300;1.168250;1.168260;1.168190;1.168250;0
20260409 082400;1.168250;1.168290;1.168210;1.168270;0
20260409 082500;1.168290;1.168370;1.168250;1.168270;0
20260409 082600;1.168260;1.168320;1.168210;1.168310;0
20260409 082700;1.168300;1.168370;1.168270;1.168360;0
20260409 082800;1.168350;1.168460;1.168340;1.168430;0
20260409 082900;1.168430;1.168470;1.168410;1.168440;0
20260409 083000;1.168460;1.168770;1.168380;1.168560;0
20260409 083100;1.168580;1.168590;1.168230;1.168410;0
20260409 083200;1.168400;1.168410;1.168020;1.168020;0
20260409 083300;1.168030;1.168170;1.167980;1.168050;0
20260409 083400;1.168070;1.168120;1.168030;1.168040;0
20260409 083500;1.168040;1.168050;1.167900;1.168020;0
20260409 083600;1.168030;1.168160;1.168030;1.168070;0
20260409 083700;1.168070;1.168250;1.168030;1.168220;0
20260409 083800;1.168200;1.168430;1.168120;1.168150;0
20260409 083900;1.168140;1.168310;1.168140;1.168280;0
20260409 084000;1.168260;1.168420;1.168220;1.168360;0
20260409 084100;1.168350;1.168990;1.168290;1.168490;0
20260409 084200;1.168460;1.168480;1.168340;1.168340;0
20260409 084300;1.168360;1.168380;1.168240;1.168260;0
20260409 084400;1.168290;1.168290;1.168130;1.168200;0
20260409 084500;1.168200;1.168310;1.168140;1.168140;0
20260409 084600;1.168130;1.168240;1.168090;1.168150;0
20260409 084700;1.168140;1.168150;1.167890;1.168150;0
20260409 084800;1.168140;1.168320;1.168140;1.168230;0
20260409 084900;1.168230;1.168460;1.168230;1.168430;0
20260409 085000;1.168420;1.168450;1.168310;1.168420;0
20260409 085100;1.168390;1.168460;1.168250;1.168250;0
20260409 085200;1.168240;1.168310;1.168240;1.168300;0
20260409 085300;1.168310;1.168400;1.168300;1.168370;0
20260409 085400;1.168350;1.168390;1.168270;1.168330;0
20260409 085500;1.168310;1.168420;1.168290;1.168320;0
20260409 085600;1.168330;1.168410;1.168300;1.168320;0
20260409 085700;1.168350;1.168520;1.168310;1.168480;0
20260409 085800;1.168490;1.168570;1.168450;1.168500;0
20260409 085900;1.168500;1.168600;1.168500;1.168590;0
20260409 090000;1.168600;1.168680;1.168440;1.168460;0
20260409 090100;1.168460;1.168660;1.168410;1.168610;0
20260409 090200;1.168610;1.168730;1.168590;1.168600;0
20260409 090300;1.168620;1.168680;1.168370;1.168410;0
20260409 090400;1.168390;1.168400;1.168300;1.168400;0
20260409 090500;1.168400;1.168600;1.168360;1.168550;0
20260409 090600;1.168540;1.168550;1.168400;1.168440;0
20260409 090700;1.168450;1.168560;1.168400;1.168400;0
20260409 090800;1.168430;1.168580;1.168410;1.168550;0
20260409 090900;1.168540;1.168550;1.168320;1.168350;0
20260409 091000;1.168340;1.168440;1.168330;1.168330;0
20260409 091100;1.168350;1.168530;1.168350;1.168520;0
20260409 091200;1.168520;1.168690;1.168490;1.168630;0
20260409 091300;1.168650;1.168730;1.168600;1.168640;0
20260409 091400;1.168640;1.168680;1.168580;1.168620;0
20260409 091500;1.168610;1.168700;1.168590;1.168690;0
20260409 091600;1.168690;1.168740;1.168620;1.168630;0
20260409 091700;1.168630;1.168780;1.168620;1.168770;0
20260409 091800;1.168780;1.168960;1.168740;1.168950;0
20260409 091900;1.168950;1.169230;1.168950;1.169010;0
20260409 092000;1.169000;1.169040;1.168850;1.169010;0
20260409 092100;1.169000;1.169010;1.168870;1.168990;0
20260409 092200;1.168970;1.169100;1.168970;1.169000;0
20260409 092300;1.169010;1.169030;1.168910;1.168910;0
20260409 092400;1.168910;1.169010;1.168860;1.168990;0
20260409 092500;1.169000;1.169090;1.168890;1.168940;0
20260409 092600;1.168940;1.169040;1.168850;1.168940;0
20260409 092700;1.168930;1.168940;1.168800;1.168850;0
20260409 092800;1.168880;1.169050;1.168880;1.168960;0
20260409 092900;1.168970;1.169040;1.168750;1.168790;0
20260409 093000;1.168790;1.168960;1.168790;1.168840;0
20260409 093100;1.168850;1.169050;1.168770;1.169000;0
20260409 093200;1.169030;1.169030;1.168880;1.168880;0
20260409 093300;1.168880;1.169140;1.168840;1.169090;0
20260409 093400;1.169120;1.169220;1.168990;1.169210;0
20260409 093500;1.169220;1.169280;1.169140;1.169260;0
20260409 093600;1.169270;1.169520;1.169240;1.169460;0
20260409 093700;1.169450;1.169470;1.169330;1.169410;0
20260409 093800;1.169410;1.169460;1.169300;1.169340;0
20260409 093900;1.169340;1.169400;1.169240;1.169290;0
20260409 094000;1.169280;1.169310;1.169060;1.169220;0
20260409 094100;1.169230;1.169390;1.169210;1.169320;0
20260409 094200;1.169310;1.169310;1.169160;1.169190;0
20260409 094300;1.169190;1.169260;1.169130;1.169140;0
20260409 094400;1.169140;1.169200;1.169110;1.169170;0
20260409 094500;1.169150;1.169190;1.169030;1.169070;0
20260409 094600;1.169050;1.169060;1.168970;1.169040;0
20260409 094700;1.169020;1.169310;1.169020;1.169140;0
20260409 094800;1.169150;1.169170;1.168920;1.169020;0
20260409 094900;1.169040;1.169180;1.169010;1.169110;0
20260409 095000;1.169100;1.169100;1.169010;1.169020;0
20260409 095100;1.169020;1.169020;1.168460;1.168530;0
20260409 095200;1.168540;1.168570;1.168370;1.168450;0
20260409 095300;1.168460;1.168630;1.168440;1.168620;0
20260409 095400;1.168650;1.168710;1.168430;1.168450;0
20260409 095500;1.168470;1.168530;1.168370;1.168470;0
20260409 095600;1.168480;1.168600;1.168410;1.168590;0
20260409 095700;1.168600;1.168650;1.168250;1.168330;0
20260409 095800;1.168330;1.168380;1.168240;1.168250;0
20260409 095900;1.168220;1.168250;1.168100;1.168170;0
20260409 100000;1.168160;1.168210;1.168040;1.168120;0
20260409 100100;1.168100;1.168320;1.168040;1.168280;0
20260409 100200;1.168270;1.168550;1.168270;1.168490;0
20260409 100300;1.168470;1.168630;1.168330;1.168620;0
20260409 100400;1.168630;1.168630;1.168420;1.168420;0
20260409 100500;1.168410;1.168490;1.168330;1.168450;0
20260409 100600;1.168430;1.168530;1.168400;1.168520;0
20260409 100700;1.168500;1.168640;1.168400;1.168640;0
20260409 100800;1.168650;1.168720;1.168530;1.168710;0
20260409 100900;1.168700;1.168750;1.168650;1.168690;0
20260409 101000;1.168680;1.168760;1.168640;1.168760;0
20260409 101100;1.168750;1.168760;1.168290;1.168340;0
20260409 101200;1.168350;1.168590;1.168310;1.168550;0
20260409 101300;1.168530;1.168600;1.168450;1.168490;0
20260409 101400;1.168510;1.168510;1.168320;1.168440;0
20260409 101500;1.168440;1.168440;1.168290;1.168300;0
20260409 101600;1.168320;1.168340;1.168220;1.168270;0
20260409 101700;1.168260;1.168320;1.168200;1.168300;0
20260409 101800;1.168300;1.168360;1.168170;1.168190;0
20260409 101900;1.168180;1.168260;1.168060;1.168210;0
20260409 102000;1.168210;1.168330;1.168140;1.168300;0
20260409 102100;1.168290;1.168310;1.168200;1.168220;0
20260409 102200;1.168230;1.168330;1.168210;1.168270;0
20260409 102300;1.168280;1.168620;1.168280;1.168610;0
20260409 102400;1.168630;1.168750;1.168540;1.168690;0
20260409 102500;1.168690;1.168800;1.168580;1.168690;0
20260409 102600;1.168690;1.168740;1.168590;1.168630;0
20260409 102700;1.168660;1.168660;1.168520;1.168620;0
20260409 102800;1.168630;1.168660;1.168470;1.168530;0
20260409 102900;1.168520;1.168630;1.168500;1.168630;0
20260409 103000;1.168620;1.168620;1.168220;1.168240;0
20260409 103100;1.168220;1.168280;1.168030;1.168100;0
20260409 103200;1.168080;1.168140;1.168030;1.168060;0
20260409 103300;1.168050;1.168180;1.168030;1.168130;0
20260409 103400;1.168120;1.168130;1.167900;1.167940;0
20260409 103500;1.167960;1.167970;1.167750;1.167870;0
20260409 103600;1.167870;1.167870;1.167510;1.167520;0
20260409 103700;1.167520;1.167630;1.167420;1.167550;0
20260409 103800;1.167560;1.167680;1.167560;1.167630;0
20260409 103900;1.167620;1.167930;1.167620;1.167920;0
20260409 104000;1.167930;1.168030;1.167920;1.167990;0
20260409 104100;1.167980;1.168000;1.167870;1.167870;0
20260409 104200;1.167880;1.167880;1.167580;1.167640;0
20260409 104300;1.167650;1.167680;1.167590;1.167590;0
20260409 104400;1.167570;1.167740;1.167550;1.167560;0
20260409 104500;1.167550;1.167900;1.167510;1.167890;0
20260409 104600;1.167870;1.167870;1.167630;1.167640;0
20260409 104700;1.167660;1.167690;1.167560;1.167560;0
20260409 104800;1.167570;1.167590;1.167500;1.167550;0
20260409 104900;1.167580;1.167680;1.167460;1.167490;0
20260409 105000;1.167520;1.167770;1.167510;1.167540;0
20260409 105100;1.167570;1.167670;1.167500;1.167590;0
20260409 105200;1.167600;1.167610;1.167440;1.167570;0
20260409 105300;1.167560;1.167580;1.167420;1.167560;0
20260409 105400;1.167560;1.167730;1.167550;1.167670;0
20260409 105500;1.167680;1.168080;1.167650;1.167930;0
20260409 105600;1.167940;1.168250;1.167920;1.168220;0
20260409 105700;1.168230;1.168330;1.168080;1.168260;0
20260409 105800;1.168250;1.168450;1.168240;1.168450;0
20260409 105900;1.168460;1.168510;1.168360;1.168460;0
20260409 110000;1.168450;1.168550;1.168410;1.168550;0
20260409 110100;1.168560;1.168660;1.168440;1.168450;0
20260409 110200;1.168450;1.168500;1.168230;1.168290;0
20260409 110300;1.168280;1.168400;1.168070;1.168070;0
20260409 110400;1.168060;1.168190;1.167900;1.168180;0
20260409 110500;1.168200;1.168200;1.168050;1.168180;0
20260409 110600;1.168200;1.168380;1.168120;1.168310;0
20260409 110700;1.168290;1.168300;1.168020;1.168020;0
20260409 110800;1.168030;1.168100;1.167900;1.167950;0
20260409 110900;1.167950;1.168030;1.167850;1.167850;0
20260409 111000;1.167870;1.167990;1.167800;1.167970;0
20260409 111100;1.167950;1.167950;1.167750;1.167830;0
20260409 111200;1.167820;1.167870;1.167750;1.167860;0
20260409 111300;1.167860;1.168080;1.167840;1.168080;0
20260409 111400;1.168090;1.168440;1.168020;1.168420;0
20260409 111500;1.168420;1.168890;1.168420;1.168850;0
20260409 111600;1.168850;1.168850;1.168710;1.168790;0
20260409 111700;1.168820;1.169160;1.168710;1.169140;0
20260409 111800;1.169130;1.169230;1.169020;1.169170;0
20260409 111900;1.169180;1.169310;1.169110;1.169290;0
20260409 112000;1.169300;1.169610;1.169290;1.169540;0
20260409 112100;1.169550;1.169740;1.169470;1.169560;0
20260409 112200;1.169530;1.169820;1.169340;1.169740;0
20260409 112300;1.169740;1.169980;1.169620;1.169910;0
20260409 112400;1.169890;1.169990;1.169830;1.169860;0
20260409 112500;1.169850;1.169850;1.169690;1.169780;0
20260409 112600;1.169790;1.169840;1.169730;1.169760;0
20260409 112700;1.169760;1.169860;1.169670;1.169720;0
20260409 112800;1.169710;1.169720;1.169400;1.169440;0
20260409 112900;1.169460;1.169480;1.169380;1.169450;0
20260409 113000;1.169480;1.169520;1.169400;1.169460;0
20260409 113100;1.169460;1.169660;1.169400;1.169500;0
20260409 113200;1.169520;1.170480;1.169490;1.170170;0
20260409 113300;1.170170;1.170280;1.169930;1.170260;0
20260409 113400;1.170260;1.170440;1.170120;1.170440;0
20260409 113500;1.170460;1.170640;1.170330;1.170560;0
20260409 113600;1.170520;1.170670;1.170320;1.170410;0
20260409 113700;1.170410;1.170570;1.170340;1.170380;0
20260409 113800;1.170370;1.170370;1.170020;1.170120;0
20260409 113900;1.170130;1.170220;1.170050;1.170210;0
20260409 114000;1.170210;1.170300;1.170080;1.170220;0
20260409 114100;1.170200;1.170250;1.170100;1.170200;0
20260409 114200;1.170190;1.170190;1.169990;1.170000;0
20260409 114300;1.170010;1.170090;1.169740;1.169740;0
20260409 114400;1.169760;1.170030;1.169750;1.169970;0
20260409 114500;1.169960;1.169970;1.169780;1.169890;0
20260409 114600;1.169880;1.169910;1.169730;1.169780;0
20260409 114700;1.169800;1.170210;1.169780;1.170100;0
20260409 114800;1.170140;1.170470;1.170090;1.170310;0
20260409 114900;1.170310;1.170310;1.170000;1.170000;0
20260409 115000;1.170010;1.170210;1.169970;1.170110;0
20260409 115100;1.170110;1.170300;1.170040;1.170300;0
20260409 115200;1.170340;1.170430;1.170280;1.170370;0
20260409 115300;1.170390;1.170590;1.170390;1.170500;0
20260409 115400;1.170480;1.170560;1.170320;1.170450;0
20260409 115500;1.170450;1.170600;1.170400;1.170570;0
20260409 115600;1.170560;1.170630;1.170500;1.170630;0
20260409 115700;1.170630;1.170710;1.170350;1.170360;0
20260409 115800;1.170360;1.170460;1.170340;1.170460;0
20260409 115900;1.170440;1.170550;1.170400;1.170530;0
20260409 120000;1.170530;1.170540;1.170210;1.170500;0
20260409 120100;1.170490;1.170610;1.170490;1.170560;0
20260409 120200;1.170550;1.170690;1.170520;1.170550;0
20260409 120300;1.170520;1.170810;1.170520;1.170620;0
20260409 120400;1.170640;1.170790;1.170620;1.170750;0
20260409 120500;1.170740;1.170760;1.170610;1.170700;0
20260409 120600;1.170700;1.170700;1.170600;1.170670;0
20260409 120700;1.170650;1.170970;1.170650;1.170910;0
20260409 120800;1.170910;1.171040;1.170860;1.170950;0
20260409 120900;1.170950;1.170990;1.170710;1.170710;0
20260409 121000;1.170720;1.170920;1.170720;1.170850;0
20260409 121100;1.170860;1.170890;1.170740;1.170760;0
20260409 121200;1.170770;1.171120;1.170770;1.171060;0
20260409 121300;1.171050;1.171110;1.170790;1.170840;0
20260409 121400;1.170820;1.170870;1.170750;1.170810;0
20260409 121500;1.170790;1.170940;1.170760;1.170880;0
20260409 121600;1.170900;1.171210;1.170900;1.171180;0
20260409 121700;1.171200;1.171320;1.171160;1.171260;0
20260409 121800;1.171250;1.171360;1.171210;1.171360;0
20260409 121900;1.171350;1.171380;1.171290;1.171350;0
20260409 122000;1.171340;1.171380;1.171270;1.171330;0
20260409 122100;1.171330;1.171370;1.171160;1.171250;0
20260409 122200;1.171240;1.171260;1.171170;1.171170;0
20260409 122300;1.171170;1.171270;1.171130;1.171150;0
20260409 122400;1.171150;1.171290;1.171150;1.171260;0
20260409 122500;1.171290;1.171290;1.171210;1.171250;0
20260409 122600;1.171260;1.171260;1.171050;1.171080;0
20260409 122700;1.171100;1.171300;1.171090;1.171300;0
20260409 122800;1.171300;1.171370;1.171290;1.171350;0
20260409 122900;1.171360;1.171400;1.171290;1.171350;0
20260409 123000;1.171360;1.171370;1.171250;1.171290;0
20260409 123100;1.171280;1.171310;1.171100;1.171120;0
20260409 123200;1.171120;1.171160;1.170950;1.170970;0
20260409 123300;1.170970;1.170990;1.170760;1.170920;0
20260409 123400;1.170910;1.171150;1.170900;1.171110;0
20260409 123500;1.171110;1.171140;1.171060;1.171090;0
20260409 123600;1.171110;1.171110;1.171030;1.171090;0
20260409 123700;1.171090;1.171210;1.171070;1.171210;0
20260409 123800;1.171190;1.171190;1.171090;1.171150;0
20260409 123900;1.171150;1.171180;1.171090;1.171160;0
20260409 124000;1.171160;1.171160;1.170950;1.170960;0
20260409 124100;1.170970;1.171140;1.170900;1.170920;0
20260409 124200;1.170930;1.171030;1.170930;1.171000;0
20260409 124300;1.170990;1.171120;1.170970;1.171120;0
20260409 124400;1.171110;1.171200;1.171090;1.171130;0
20260409 124500;1.171150;1.171150;1.170930;1.170980;0
20260409 124600;1.170970;1.171150;1.170940;1.171020;0
20260409 124700;1.171030;1.171100;1.170960;1.171080;0
20260409 124800;1.171070;1.171080;1.170950;1.171060;0
20260409 124900;1.171050;1.171100;1.170950;1.170950;0
20260409 125000;1.170960;1.171050;1.170910;1.171010;0
20260409 125100;1.171000;1.171140;1.170980;1.171140;0
20260409 125200;1.171110;1.171270;1.171110;1.171250;0
20260409 125300;1.171240;1.171240;1.171130;1.171210;0
20260409 125400;1.171210;1.171210;1.171020;1.171070;0
20260409 125500;1.171070;1.171190;1.170970;1.170990;0
20260409 125600;1.171000;1.171020;1.170910;1.171000;0
20260409 125700;1.170980;1.171010;1.170840;1.170990;0
20260409 125800;1.171000;1.171110;1.170950;1.171080;0
20260409 125900;1.171070;1.171100;1.170990;1.171050;0
20260409 130000;1.171080;1.171110;1.171000;1.171110;0
20260409 130100;1.171110;1.171210;1.171110;1.171180;0
20260409 130200;1.171200;1.171210;1.171080;1.171210;0
20260409 130300;1.171260;1.171280;1.171190;1.171260;0
20260409 130400;1.171290;1.171320;1.171250;1.171300;0
20260409 130500;1.171310;1.171420;1.171280;1.171410;0
20260409 130600;1.171400;1.171780;1.171380;1.171780;0
20260409 130700;1.171770;1.171850;1.171480;1.171550;0
20260409 130800;1.171550;1.171630;1.171520;1.171590;0
20260409 130900;1.171630;1.171650;1.171560;1.171600;0
20260409 131000;1.171610;1.171660;1.171510;1.171660;0
20260409 131100;1.171660;1.171760;1.171660;1.171730;0
20260409 131200;1.171750;1.171750;1.171600;1.171620;0
20260409 131300;1.171630;1.171690;1.171500;1.171570;0
20260409 131400;1.171560;1.171660;1.171460;1.171630;0
20260409 131500;1.171640;1.171750;1.171600;1.171700;0
20260409 131600;1.171710;1.171810;1.171620;1.171720;0
20260409 131700;1.171740;1.171800;1.171710;1.171760;0
20260409 131800;1.171740;1.171770;1.171640;1.171680;0
20260409 131900;1.171670;1.171850;1.171660;1.171760;0
20260409 132000;1.171770;1.171820;1.171670;1.171670;0
20260409 132100;1.171680;1.171810;1.171650;1.171800;0
20260409 132200;1.171790;1.171840;1.171770;1.171790;0
20260409 132300;1.171790;1.171860;1.171770;1.171840;0
20260409 132400;1.171840;1.171920;1.171830;1.171880;0
20260409 132500;1.171870;1.172010;1.171870;1.172000;0
20260409 132600;1.172000;1.172000;1.171900;1.171910;0
20260409 132700;1.171940;1.172000;1.171920;1.171960;0
20260409 132800;1.171960;1.172170;1.171910;1.172070;0
20260409 132900;1.172060;1.172060;1.171910;1.171950;0
20260409 133000;1.171960;1.172030;1.171630;1.171770;0
20260409 133100;1.171770;1.171830;1.171630;1.171770;0
20260409 133200;1.171780;1.171910;1.171750;1.171860;0
20260409 133300;1.171860;1.171920;1.171790;1.171920;0
20260409 133400;1.171910;1.172010;1.171910;1.171980;0
20260409 133500;1.171970;1.172200;1.171970;1.172150;0
20260409 133600;1.172170;1.172230;1.172070;1.172170;0
20260409 133700;1.172160;1.172270;1.172140;1.172150;0
20260409 133800;1.172150;1.172340;1.172150;1.172290;0
20260409 133900;1.172270;1.172300;1.172170;1.172170;0
20260409 134000;1.172190;1.172270;1.172160;1.172250;0
20260409 134100;1.172260;1.172300;1.172210;1.172270;0
20260409 134200;1.172270;1.172270;1.172000;1.172030;0
20260409 134300;1.172030;1.172060;1.171880;1.171900;0
20260409 134400;1.171900;1.171900;1.171710;1.171750;0
20260409 134500;1.171760;1.171900;1.171760;1.171860;0
20260409 134600;1.171880;1.171970;1.171870;1.171950;0
20260409 134700;1.171950;1.171970;1.171850;1.171880;0
20260409 134800;1.171870;1.171870;1.171700;1.171840;0
20260409 134900;1.171840;1.171850;1.171730;1.171750;0
20260409 135000;1.171740;1.171740;1.171610;1.171630;0
20260409 135100;1.171610;1.171610;1.171430;1.171490;0
20260409 135200;1.171470;1.171470;1.171370;1.171410;0
20260409 135300;1.171410;1.171440;1.171280;1.171280;0
20260409 135400;1.171300;1.171430;1.171290;1.171320;0
20260409 135500;1.171320;1.171320;1.171230;1.171250;0
20260409 135600;1.171260;1.171320;1.171240;1.171290;0
20260409 135700;1.171290;1.171400;1.171260;1.171270;0
20260409 135800;1.171260;1.171450;1.171260;1.171380;0
20260409 135900;1.171380;1.171430;1.171340;1.171400;0
20260409 140000;1.171400;1.171480;1.171360;1.171400;0
20260409 140100;1.171390;1.171450;1.171210;1.171230;0
20260409 140200;1.171220;1.171240;1.170840;1.170990;0
20260409 140300;1.171010;1.171050;1.170860;1.170900;0
20260409 140400;1.170910;1.170950;1.170610;1.170810;0
20260409 140500;1.170850;1.171120;1.170840;1.171110;0
20260409 140600;1.171110;1.171190;1.171080;1.171090;0
20260409 140700;1.171080;1.171080;1.170890;1.170890;0
20260409 140800;1.170910;1.170930;1.170760;1.170830;0
20260409 140900;1.170840;1.170850;1.170740;1.170790;0
20260409 141000;1.170810;1.170890;1.170710;1.170740;0
20260409 141100;1.170780;1.170780;1.170640;1.170680;0
20260409 141200;1.170670;1.170700;1.170480;1.170550;0
20260409 141300;1.170550;1.170550;1.170350;1.170350;0
20260409 141400;1.170370;1.170400;1.170220;1.170390;0
20260409 141500;1.170380;1.170380;1.170190;1.170220;0
20260409 141600;1.170220;1.170400;1.170220;1.170360;0
20260409 141700;1.170370;1.170500;1.170370;1.170460;0
20260409 141800;1.170470;1.170480;1.170290;1.170320;0
20260409 141900;1.170330;1.170400;1.170300;1.170300;0
20260409 142000;1.170320;1.170390;1.170300;1.170380;0
20260409 142100;1.170390;1.170450;1.170320;1.170330;0
20260409 142200;1.170320;1.170390;1.170230;1.170260;0
20260409 142300;1.170280;1.170290;1.170060;1.170160;0
20260409 142400;1.170170;1.170200;1.170090;1.170150;0
20260409 142500;1.170150;1.170180;1.169840;1.170010;0
20260409 142600;1.170020;1.170160;1.170000;1.170110;0
20260409 142700;1.170110;1.170150;1.170080;1.170120;0
20260409 142800;1.170140;1.170200;1.170050;1.170120;0
20260409 142900;1.170110;1.170170;1.170080;1.170100;0
20260409 143000;1.170090;1.170160;1.169980;1.170030;0
20260409 143100;1.170040;1.170040;1.169890;1.169910;0
20260409 143200;1.169900;1.169950;1.169850;1.169880;0
20260409 143300;1.169890;1.169920;1.169730;1.169770;0
20260409 143400;1.169780;1.169960;1.169780;1.169960;0
20260409 143500;1.169950;1.170060;1.169890;1.170040;0
20260409 143600;1.170060;1.170070;1.169930;1.169930;0
20260409 143700;1.169930;1.169940;1.169820;1.169890;0
20260409 143800;1.169900;1.170010;1.169880;1.169880;0
20260409 143900;1.169890;1.169990;1.169840;1.169970;0
20260409 144000;1.169960;1.170000;1.169940;1.169980;0
20260409 144100;1.170000;1.170050;1.169960;1.169980;0
20260409 144200;1.169990;1.170050;1.169920;1.169920;0
20260409 144300;1.169920;1.169920;1.169840;1.169880;0
20260409 144400;1.169890;1.169910;1.169850;1.169880;0
20260409 144500;1.169900;1.169920;1.169860;1.169890;0
20260409 144600;1.169890;1.169970;1.169870;1.169880;0
20260409 144700;1.169870;1.169950;1.169840;1.169910;0
20260409 144800;1.169920;1.169960;1.169910;1.169950;0
20260409 144900;1.169940;1.169970;1.169920;1.169950;0
20260409 145000;1.169950;1.170000;1.169940;1.169960;0
20260409 145100;1.169950;1.170010;1.169920;1.170000;0
20260409 145200;1.170010;1.170140;1.170010;1.170120;0
20260409 145300;1.170110;1.170210;1.170050;1.170050;0
20260409 145400;1.170060;1.170180;1.170050;1.170150;0
20260409 145500;1.170170;1.170220;1.170150;1.170160;0
20260409 145600;1.170130;1.170170;1.170110;1.170150;0
20260409 145700;1.170150;1.170150;1.169990;1.170000;0
20260409 145800;1.169990;1.170020;1.169810;1.169930;0
20260409 145900;1.169930;1.170060;1.169890;1.169910;0
20260409 150000;1.169910;1.169910;1.169790;1.169850;0
20260409 150100;1.169840;1.170070;1.169820;1.170060;0
20260409 150200;1.170050;1.170050;1.169950;1.169970;0
20260409 150300;1.169960;1.169990;1.169930;1.169950;0
20260409 150400;1.169960;1.170110;1.169960;1.170060;0
20260409 150500;1.170070;1.170150;1.170060;1.170150;0
20260409 150600;1.170140;1.170240;1.170130;1.170210;0
20260409 150700;1.170200;1.170280;1.170180;1.170270;0
20260409 150800;1.170260;1.170280;1.170250;1.170280;0
20260409 150900;1.170290;1.170400;1.170280;1.170400;0
20260409 151000;1.170400;1.170450;1.170320;1.170440;0
20260409 151100;1.170440;1.170500;1.170390;1.170470;0
20260409 151200;1.170450;1.170510;1.170440;1.170500;0
20260409 151300;1.170490;1.170510;1.170400;1.170470;0
20260409 151400;1.170460;1.170560;1.170430;1.170560;0
20260409 151500;1.170560;1.170600;1.170500;1.170530;0
20260409 151600;1.170530;1.170550;1.170460;1.170460;0
20260409 151700;1.170470;1.170470;1.170350;1.170350;0
20260409 151800;1.170330;1.170360;1.170260;1.170260;0
20260409 151900;1.170250;1.170250;1.170090;1.170120;0
20260409 152000;1.170120;1.170150;1.170010;1.170010;0
20260409 152100;1.170020;1.170070;1.169940;1.170050;0
20260409 152200;1.170070;1.170070;1.169920;1.169950;0
20260409 152300;1.169970;1.170040;1.169930;1.170010;0
20260409 152400;1.170010;1.170150;1.170010;1.170140;0
20260409 152500;1.170140;1.170240;1.170110;1.170190;0
20260409 152600;1.170170;1.170260;1.170140;1.170180;0
20260409 152700;1.170190;1.170240;1.170170;1.170240;0
20260409 152800;1.170240;1.170270;1.170170;1.170250;0
20260409 152900;1.170270;1.170380;1.170270;1.170320;0
20260409 153000;1.170320;1.170580;1.170310;1.170580;0
20260409 153100;1.170590;1.170660;1.170560;1.170660;0
20260409 153200;1.170660;1.170770;1.170640;1.170770;0
20260409 153300;1.170760;1.170840;1.170680;1.170680;0
20260409 153400;1.170670;1.170670;1.170600;1.170600;0
20260409 153500;1.170640;1.170690;1.170610;1.170650;0
20260409 153600;1.170630;1.170650;1.170600;1.170620;0
20260409 153700;1.170630;1.170680;1.170570;1.170660;0
20260409 153800;1.170660;1.170690;1.170600;1.170610;0
20260409 153900;1.170610;1.170670;1.170570;1.170640;0
20260409 154000;1.170650;1.170800;1.170600;1.170800;0
20260409 154100;1.170790;1.170790;1.170700;1.170710;0
20260409 154200;1.170710;1.170790;1.170710;1.170750;0
20260409 154300;1.170760;1.170810;1.170740;1.170750;0
20260409 154400;1.170770;1.170810;1.170700;1.170700;0
20260409 154500;1.170700;1.170750;1.170660;1.170660;0
20260409 154600;1.170630;1.170650;1.170570;1.170630;0
20260409 154700;1.170640;1.170720;1.170600;1.170690;0
20260409 154800;1.170690;1.170750;1.170660;1.170740;0
20260409 154900;1.170710;1.170740;1.170680;1.170740;0
20260409 155000;1.170740;1.170810;1.170710;1.170710;0
20260409 155100;1.170710;1.170740;1.170650;1.170690;0
20260409 155200;1.170700;1.170750;1.170590;1.170680;0
20260409 155300;1.170660;1.170680;1.170560;1.170580;0
20260409 155400;1.170560;1.170580;1.170400;1.170460;0
20260409 155500;1.170450;1.170450;1.170080;1.170080;0
20260409 155600;1.170090;1.170260;1.170090;1.170190;0
20260409 155700;1.170210;1.170230;1.169970;1.170030;0
20260409 155800;1.170040;1.170070;1.169990;1.170050;0
20260409 155900;1.170050;1.170090;1.170020;1.170050;0
20260409 160000;1.170070;1.170070;1.169920;1.169960;0
20260409 160100;1.169970;1.169980;1.169780;1.169980;0
20260409 160200;1.169960;1.169970;1.169860;1.169970;0
20260409 160300;1.169970;1.169990;1.169910;1.169920;0
20260409 160400;1.169910;1.169930;1.169810;1.169810;0
20260409 160500;1.169820;1.169830;1.169750;1.169800;0
20260409 160600;1.169800;1.169800;1.169680;1.169790;0
20260409 160700;1.169780;1.169810;1.169680;1.169790;0
20260409 160800;1.169800;1.169900;1.169790;1.169890;0
20260409 160900;1.169890;1.169950;1.169880;1.169950;0
20260409 161000;1.169970;1.170010;1.169970;1.170010;0
20260409 161100;1.170010;1.170020;1.170000;1.170000;0
20260409 161200;1.170000;1.170000;1.169780;1.169790;0
20260409 161300;1.169780;1.169790;1.169760;1.169790;0
20260409 161400;1.169830;1.169840;1.169830;1.169840;0
20260409 161500;1.169880;1.169880;1.169780;1.169840;0
20260409 161600;1.169840;1.169850;1.169780;1.169790;0
20260409 161700;1.169790;1.169800;1.169750;1.169800;0
20260409 161800;1.169810;1.169810;1.169660;1.169780;0
20260409 161900;1.169780;1.169790;1.169730;1.169750;0
20260409 162000;1.169760;1.169760;1.169730;1.169730;0
20260409 162100;1.169730;1.169730;1.169690;1.169690;0
20260409 162200;1.169690;1.169750;1.169690;1.169740;0
20260409 162300;1.169760;1.169840;1.169750;1.169810;0
20260409 162400;1.169830;1.169850;1.169800;1.169850;0
20260409 162500;1.169850;1.169860;1.169840;1.169850;0
20260409 162600;1.169840;1.169840;1.169790;1.169800;0
20260409 162700;1.169780;1.169800;1.169640;1.169700;0
20260409 162800;1.169710;1.169740;1.169700;1.169710;0
20260409 162900;1.169720;1.169790;1.169720;1.169780;0
20260409 163000;1.169770;1.169800;1.169760;1.169800;0
20260409 163100;1.169780;1.169840;1.169760;1.169800;0
20260409 163200;1.169800;1.169820;1.169780;1.169800;0
20260409 163300;1.169820;1.169840;1.169800;1.169830;0
20260409 163400;1.169820;1.169820;1.169760;1.169800;0
20260409 163500;1.169780;1.169810;1.169610;1.169610;0
20260409 163600;1.169630;1.169650;1.169620;1.169630;0
20260409 163700;1.169640;1.169690;1.169640;1.169660;0
20260409 163800;1.169650;1.169680;1.169650;1.169680;0
20260409 163900;1.169670;1.169670;1.169590;1.169590;0
20260409 164000;1.169600;1.169620;1.169580;1.169600;0
20260409 164100;1.169600;1.169610;1.169600;1.169600;0
20260409 164200;1.169610;1.169630;1.169610;1.169610;0
20260409 164300;1.169610;1.169620;1.169530;1.169550;0
20260409 164400;1.169560;1.169590;1.169540;1.169580;0
20260409 164500;1.169590;1.169610;1.169580;1.169600;0
20260409 164600;1.169580;1.169600;1.169550;1.169550;0
20260409 164700;1.169540;1.169560;1.169540;1.169560;0
20260409 164900;1.169560;1.169560;1.169560;1.169560;0
20260409 165000;1.169600;1.169640;1.169590;1.169630;0
20260409 165100;1.169630;1.169710;1.169630;1.169710;0
20260409 165200;1.169720;1.169730;1.169690;1.169700;0
20260409 165300;1.169710;1.169720;1.169700;1.169700;0
20260409 165400;1.169710;1.169860;1.169700;1.169820;0
20260409 165500;1.169810;1.169820;1.169790;1.169790;0
20260409 165600;1.169780;1.169820;1.169760;1.169770;0
20260409 165700;1.169760;1.169790;1.169750;1.169790;0
20260409 165800;1.169810;1.169840;1.169710;1.169810;0
20260409 165900;1.169820;1.169970;1.169770;1.169860;0
20260409 170000;1.169880;1.169880;1.169770;1.169770;0
20260409 170100;1.169760;1.169760;1.169760;1.169760;0
20260409 170300;1.169730;1.169760;1.169730;1.169760;0
20260409 170400;1.169770;1.169780;1.169770;1.169780;0
20260409 170500;1.169850;1.169850;1.169710;1.169710;0
20260409 170600;1.169840;1.169840;1.169670;1.169800;0
20260409 170700;1.169670;1.169810;1.169670;1.169680;0
20260409 170800;1.169820;1.169820;1.169660;1.169660;0
20260409 170900;1.169790;1.169790;1.169670;1.169680;0
20260409 171000;1.169700;1.169720;1.169630;1.169640;0
20260409 171100;1.169630;1.169690;1.169630;1.169630;0
20260409 171200;1.169660;1.169670;1.169660;1.169670;0
20260409 171300;1.169640;1.169670;1.169600;1.169670;0
20260409 171400;1.169640;1.169640;1.169590;1.169590;0
20260409 171500;1.169590;1.169640;1.169590;1.169640;0
20260409 171600;1.169640;1.169690;1.169600;1.169600;0
20260409 171700;1.169590;1.169590;1.169590;1.169590;0
20260409 171800;1.169590;1.169600;1.169590;1.169600;0
20260409 171900;1.169610;1.169610;1.169610;1.169610;0
20260409 172000;1.169600;1.169600;1.169600;1.169600;0
20260409 172100;1.169640;1.169640;1.169640;1.169640;0
20260409 172200;1.169650;1.169660;1.169600;1.169640;0
20260409 172300;1.169640;1.169680;1.169590;1.169670;0
20260409 172400;1.169590;1.169690;1.169590;1.169600;0
20260409 172500;1.169640;1.169660;1.169640;1.169660;0
20260409 172600;1.169660;1.169660;1.169650;1.169660;0
20260409 172700;1.169670;1.169710;1.169670;1.169710;0
20260409 172800;1.169710;1.169710;1.169560;1.169710;0
20260409 172900;1.169670;1.169690;1.169620;1.169670;0
20260409 173000;1.169660;1.169690;1.169660;1.169690;0
20260409 173100;1.169720;1.169740;1.169660;1.169700;0
20260409 173200;1.169690;1.169720;1.169630;1.169630;0
20260409 173300;1.169650;1.169650;1.169650;1.169650;0
20260409 173400;1.169660;1.169660;1.169650;1.169660;0
20260409 173500;1.169660;1.169660;1.169660;1.169660;0
20260409 173600;1.169750;1.169750;1.169650;1.169660;0
20260409 173700;1.169660;1.169670;1.169650;1.169650;0
20260409 173800;1.169650;1.169650;1.169610;1.169610;0
20260409 173900;1.169600;1.169600;1.169580;1.169580;0
20260409 174000;1.169590;1.169590;1.169590;1.169590;0
20260409 174200;1.169600;1.169600;1.169600;1.169600;0
20260409 174300;1.169590;1.169600;1.169590;1.169600;0
20260409 174500;1.169600;1.169600;1.169580;1.169580;0
20260409 174600;1.169550;1.169690;1.169450;1.169690;0
20260409 174700;1.169680;1.169680;1.169560;1.169560;0
20260409 174800;1.169540;1.169580;1.169530;1.169530;0
20260409 174900;1.169550;1.169660;1.169540;1.169600;0
20260409 175000;1.169590;1.169630;1.169590;1.169610;0
20260409 175100;1.169620;1.169670;1.169570;1.169670;0
20260409 175200;1.169640;1.169740;1.169560;1.169670;0
20260409 175300;1.169680;1.170050;1.169660;1.170030;0
20260409 175400;1.170050;1.170050;1.170030;1.170040;0
20260409 175500;1.170050;1.170070;1.170010;1.170050;0
20260409 175600;1.170050;1.170070;1.170040;1.170070;0
20260409 175700;1.170070;1.170120;1.170060;1.170120;0
20260409 175800;1.170110;1.170120;1.170110;1.170120;0
20260409 175900;1.170120;1.170120;1.170120;1.170120;0
20260409 180000;1.170110;1.170210;1.170100;1.170140;0
20260409 180100;1.170240;1.170240;1.170050;1.170050;0
20260409 180200;1.170080;1.170090;1.170070;1.170080;0
20260409 180300;1.170130;1.170230;1.170080;1.170160;0
20260409 180400;1.170160;1.170170;1.170160;1.170170;0
20260409 180500;1.170180;1.170180;1.170140;1.170150;0
20260409 180600;1.170150;1.170170;1.170140;1.170170;0
20260409 180700;1.170170;1.170170;1.170160;1.170160;0
20260409 180800;1.170170;1.170170;1.170140;1.170150;0
20260409 180900;1.170140;1.170150;1.170140;1.170140;0
20260409 181000;1.170150;1.170150;1.170110;1.170110;0
20260409 181100;1.170120;1.170140;1.170120;1.170130;0
20260409 181200;1.170110;1.170110;1.170090;1.170090;0
20260409 181300;1.170090;1.170110;1.170090;1.170100;0
20260409 181400;1.170100;1.170110;1.170090;1.170090;0
20260409 181500;1.170100;1.170110;1.170090;1.170110;0
20260409 181600;1.170090;1.170090;1.170050;1.170060;0
20260409 181700;1.170040;1.170110;1.170040;1.170090;0
20260409 181800;1.170100;1.170100;1.170070;1.170070;0
20260409 181900;1.170080;1.170080;1.170070;1.170080;0
20260409 182000;1.170080;1.170110;1.170060;1.170060;0
20260409 182100;1.170120;1.170150;1.170120;1.170140;0
20260409 182200;1.170140;1.170200;1.170140;1.170190;0
20260409 182300;1.170220;1.170230;1.170140;1.170160;0
20260409 182400;1.170160;1.170160;1.170130;1.170140;0
20260409 182500;1.170140;1.170150;1.170090;1.170110;0
20260409 182600;1.170110;1.170110;1.170110;1.170110;0
20260409 182700;1.170110;1.170120;1.170100;1.170100;0
20260409 182800;1.170100;1.170100;1.170030;1.170050;0
20260409 182900;1.170040;1.170090;1.169630;1.169640;0
20260409 183000;1.169650;1.169880;1.169630;1.169830;0
20260409 183100;1.169810;1.169830;1.169600;1.169710;0
20260409 183200;1.169720;1.169870;1.169720;1.169820;0
20260409 183300;1.169770;1.169840;1.169720;1.169840;0
20260409 183400;1.169840;1.169840;1.169630;1.169630;0
20260409 183500;1.169640;1.169640;1.169530;1.169570;0
20260409 183600;1.169550;1.169580;1.169450;1.169480;0
20260409 183700;1.169490;1.169550;1.169480;1.169540;0
20260409 183800;1.169550;1.169570;1.169520;1.169570;0
20260409 183900;1.169580;1.169580;1.169430;1.169430;0
20260409 184000;1.169430;1.169430;1.169340;1.169380;0
20260409 184100;1.169370;1.169480;1.169370;1.169400;0
20260409 184200;1.169400;1.169420;1.169350;1.169400;0
20260409 184300;1.169390;1.169420;1.169380;1.169390;0
20260409 184400;1.169390;1.169400;1.169330;1.169390;0
20260409 184500;1.169390;1.169410;1.169380;1.169400;0
20260409 184600;1.169380;1.169380;1.169280;1.169280;0
20260409 184700;1.169290;1.169330;1.169260;1.169290;0
20260409 184800;1.169280;1.169340;1.169230;1.169330;0
20260409 184900;1.169340;1.169340;1.169290;1.169310;0
20260409 185000;1.169310;1.169320;1.169290;1.169300;0
20260409 185100;1.169300;1.169340;1.169300;1.169310;0
20260409 185200;1.169310;1.169340;1.169260;1.169260;0
20260409 185300;1.169280;1.169320;1.169280;1.169300;0
20260409 185400;1.169330;1.169330;1.169290;1.169310;0
20260409 185500;1.169310;1.169390;1.169310;1.169320;0
20260409 185600;1.169320;1.169350;1.169240;1.169250;0
20260409 185700;1.169270;1.169340;1.169270;1.169330;0
20260409 185800;1.169350;1.169380;1.169340;1.169370;0
20260409 185900;1.169380;1.169410;1.169380;1.169390;0
20260409 190000;1.169370;1.169420;1.169320;1.169420;0
20260409 190100;1.169410;1.169500;1.169390;1.169490;0
20260409 190200;1.169480;1.169510;1.169480;1.169480;0
20260409 190300;1.169490;1.169510;1.169490;1.169500;0
20260409 190400;1.169510;1.169510;1.169480;1.169480;0
20260409 190500;1.169480;1.169520;1.169480;1.169480;0
20260409 190600;1.169480;1.169480;1.169400;1.169410;0
20260409 190700;1.169410;1.169510;1.169410;1.169490;0
20260409 190800;1.169510;1.169600;1.169500;1.169520;0
20260409 190900;1.169520;1.169530;1.169510;1.169520;0
20260409 191000;1.169520;1.169530;1.169500;1.169520;0
20260409 191100;1.169520;1.169520;1.169370;1.169400;0
20260409 191200;1.169410;1.169410;1.169400;1.169410;0
20260409 191300;1.169410;1.169420;1.169390;1.169390;0
20260409 191400;1.169400;1.169400;1.169390;1.169390;0
20260409 191500;1.169420;1.169420;1.169420;1.169420;0
20260409 191600;1.169410;1.169420;1.169310;1.169310;0
20260409 191700;1.169320;1.169340;1.169310;1.169310;0
20260409 191800;1.169320;1.169380;1.169320;1.169350;0
20260409 191900;1.169340;1.169350;1.169320;1.169330;0
20260409 192000;1.169320;1.169320;1.169290;1.169290;0
20260409 192100;1.169290;1.169370;1.169290;1.169350;0
20260409 192200;1.169330;1.169340;1.169320;1.169320;0
20260409 192300;1.169330;1.169350;1.169330;1.169330;0
20260409 192400;1.169360;1.169440;1.169360;1.169430;0
20260409 192500;1.169430;1.169430;1.169390;1.169390;0
20260409 192600;1.169390;1.169390;1.169380;1.169380;0
20260409 192700;1.169380;1.169430;1.169340;1.169420;0
20260409 192800;1.169430;1.169480;1.169430;1.169480;0
20260409 192900;1.169470;1.169470;1.169420;1.169420;0
20260409 193000;1.169410;1.169440;1.169410;1.169430;0
20260409 193100;1.169440;1.169470;1.169430;1.169440;0
20260409 193200;1.169460;1.169460;1.169400;1.169460;0
20260409 193300;1.169460;1.169530;1.169460;1.169530;0
20260409 193400;1.169530;1.169550;1.169500;1.169540;0
20260409 193500;1.169550;1.169550;1.169530;1.169540;0
20260409 193600;1.169520;1.169530;1.169440;1.169440;0
20260409 193700;1.169430;1.169440;1.169430;1.169430;0
20260409 193800;1.169410;1.169420;1.169350;1.169350;0
20260409 193900;1.169350;1.169350;1.169290;1.169330;0
20260409 194000;1.169360;1.169370;1.169330;1.169330;0
20260409 194100;1.169310;1.169310;1.169280;1.169280;0
20260409 194200;1.169280;1.169290;1.169280;1.169280;0
20260409 194300;1.169270;1.169280;1.169250;1.169280;0
20260409 194400;1.169290;1.169290;1.169230;1.169240;0
20260409 194500;1.169240;1.169240;1.169210;1.169210;0
20260409 194600;1.169210;1.169240;1.169210;1.169240;0
20260409 194700;1.169230;1.169240;1.169230;1.169240;0
20260409 194800;1.169260;1.169280;1.169220;1.169240;0
20260409 194900;1.169260;1.169310;1.169260;1.169270;0
20260409 195000;1.169260;1.169300;1.169230;1.169280;0
20260409 195100;1.169300;1.169340;1.169280;1.169300;0
20260409 195200;1.169290;1.169300;1.169210;1.169210;0
20260409 195300;1.169190;1.169200;1.169100;1.169110;0
20260409 195400;1.169130;1.169130;1.169070;1.169070;0
20260409 195500;1.169080;1.169080;1.169000;1.169030;0
20260409 195600;1.169070;1.169080;1.169030;1.169040;0
20260409 195700;1.169030;1.169080;1.169020;1.169080;0
20260409 195800;1.169090;1.169100;1.169030;1.169070;0
20260409 195900;1.169060;1.169150;1.169060;1.169130;0
20260409 200000;1.169130;1.169140;1.168820;1.168890;0
20260409 200100;1.168920;1.168920;1.168810;1.168860;0
20260409 200200;1.168850;1.169000;1.168850;1.168910;0
20260409 200300;1.168940;1.168970;1.168860;1.168880;0
20260409 200400;1.168890;1.168980;1.168810;1.168940;0
20260409 200500;1.168950;1.168950;1.168870;1.168930;0
20260409 200600;1.168940;1.168950;1.168790;1.168800;0
20260409 200700;1.168800;1.168810;1.168700;1.168700;0
20260409 200800;1.168700;1.168750;1.168690;1.168750;0
20260409 200900;1.168760;1.168830;1.168730;1.168830;0
20260409 201000;1.168820;1.168880;1.168790;1.168810;0
20260409 201100;1.168810;1.168840;1.168760;1.168780;0
20260409 201200;1.168770;1.168810;1.168760;1.168760;0
20260409 201300;1.168760;1.168790;1.168750;1.168750;0
20260409 201400;1.168740;1.168800;1.168670;1.168800;0
20260409 201500;1.168800;1.168890;1.168780;1.168860;0
20260409 201600;1.168860;1.168860;1.168790;1.168840;0
20260409 201700;1.168860;1.168870;1.168800;1.168810;0
20260409 201800;1.168820;1.168840;1.168760;1.168810;0
20260409 201900;1.168800;1.168860;1.168790;1.168800;0
20260409 202000;1.168810;1.168850;1.168800;1.168850;0
20260409 202100;1.168850;1.168880;1.168830;1.168850;0
20260409 202200;1.168850;1.168880;1.168800;1.168840;0
20260409 202300;1.168850;1.168890;1.168830;1.168890;0
20260409 202400;1.168870;1.168890;1.168850;1.168860;0
20260409 202500;1.168860;1.168890;1.168780;1.168780;0
20260409 202600;1.168790;1.168830;1.168750;1.168770;0
20260409 202700;1.168760;1.168760;1.168660;1.168700;0
20260409 202800;1.168710;1.168710;1.168610;1.168670;0
20260409 202900;1.168650;1.168700;1.168630;1.168660;0
20260409 203000;1.168660;1.168700;1.168630;1.168660;0
20260409 203100;1.168710;1.168750;1.168700;1.168720;0
20260409 203200;1.168710;1.168750;1.168680;1.168710;0
20260409 203300;1.168750;1.168820;1.168750;1.168790;0
20260409 203400;1.168790;1.168790;1.168690;1.168760;0
20260409 203500;1.168780;1.168830;1.168740;1.168820;0
20260409 203600;1.168810;1.168850;1.168790;1.168850;0
20260409 203700;1.168830;1.168880;1.168830;1.168850;0
20260409 203800;1.168880;1.168880;1.168820;1.168850;0
20260409 203900;1.168850;1.168860;1.168790;1.168810;0
20260409 204000;1.168810;1.168860;1.168810;1.168850;0
20260409 204100;1.168830;1.168900;1.168820;1.168820;0
20260409 204200;1.168820;1.168870;1.168810;1.168860;0
20260409 204300;1.168850;1.168850;1.168740;1.168740;0
20260409 204400;1.168750;1.168750;1.168740;1.168740;0
20260409 204500;1.168740;1.168750;1.168660;1.168660;0
20260409 204600;1.168650;1.168700;1.168610;1.168640;0
20260409 204700;1.168680;1.168690;1.168650;1.168680;0
20260409 204800;1.168670;1.168700;1.168640;1.168690;0
20260409 204900;1.168700;1.168760;1.168670;1.168690;0
20260409 205000;1.168680;1.168710;1.168650;1.168660;0
20260409 205100;1.168660;1.168660;1.168600;1.168600;0
20260409 205200;1.168590;1.168670;1.168540;1.168540;0
20260409 205300;1.168550;1.168660;1.168530;1.168610;0
20260409 205400;1.168610;1.168770;1.168610;1.168740;0
20260409 205500;1.168750;1.168850;1.168640;1.168650;0
20260409 205600;1.168650;1.168670;1.168590;1.168590;0
20260409 205700;1.168600;1.168660;1.168530;1.168660;0
20260409 205800;1.168660;1.168750;1.168640;1.168650;0
20260409 205900;1.168650;1.168790;1.168650;1.168770;0
20260409 210000;1.168790;1.168840;1.168650;1.168810;0
20260409 210100;1.168820;1.168850;1.168640;1.168690;0
20260409 210200;1.168700;1.168750;1.168660;1.168690;0
20260409 210300;1.168720;1.168790;1.168700;1.168750;0
20260409 210400;1.168750;1.168770;1.168730;1.168760;0
20260409 210500;1.168780;1.168830;1.168760;1.168760;0
20260409 210600;1.168760;1.168780;1.168660;1.168780;0
20260409 210700;1.168770;1.168790;1.168720;1.168750;0
20260409 210800;1.168760;1.168810;1.168740;1.168810;0
20260409 210900;1.168810;1.168820;1.168800;1.168800;0
20260409 211000;1.168810;1.168860;1.168810;1.168850;0
20260409 211100;1.168830;1.168860;1.168810;1.168840;0
20260409 211200;1.168860;1.168870;1.168810;1.168840;0
20260409 211300;1.168830;1.168850;1.168810;1.168840;0
20260409 211400;1.168860;1.168860;1.168760;1.168820;0
20260409 211500;1.168830;1.168900;1.168750;1.168760;0
20260409 211600;1.168770;1.168770;1.168700;1.168760;0
20260409 211700;1.168760;1.168800;1.168750;1.168770;0
20260409 211800;1.168770;1.168820;1.168740;1.168750;0
20260409 211900;1.168740;1.168770;1.168740;1.168740;0
20260409 212000;1.168720;1.168720;1.168640;1.168660;0
20260409 212100;1.168660;1.168730;1.168660;1.168660;0
20260409 212200;1.168670;1.168680;1.168600;1.168680;0
20260409 212300;1.168710;1.168800;1.168690;1.168800;0
20260409 212400;1.168820;1.168820;1.168720;1.168720;0
20260409 212500;1.168750;1.168770;1.168720;1.168720;0
20260409 212600;1.168750;1.168780;1.168730;1.168730;0
20260409 212700;1.168750;1.168760;1.168730;1.168760;0
20260409 212800;1.168760;1.168850;1.168760;1.168810;0
20260409 212900;1.168820;1.168820;1.168770;1.168820;0
20260409 213000;1.168810;1.168900;1.168760;1.168900;0
20260409 213100;1.168920;1.169150;1.168920;1.169150;0
20260409 213200;1.169150;1.169170;1.169020;1.169060;0
20260409 213300;1.169060;1.169120;1.169040;1.169110;0
20260409 213400;1.169110;1.169120;1.169060;1.169100;0
20260409 213500;1.169100;1.169280;1.169100;1.169280;0
20260409 213600;1.169300;1.169340;1.169230;1.169270;0
20260409 213700;1.169260;1.169270;1.169220;1.169250;0
20260409 213800;1.169260;1.169300;1.169200;1.169200;0
20260409 213900;1.169190;1.169220;1.169150;1.169170;0
20260409 214000;1.169160;1.169160;1.169070;1.169120;0
20260409 214100;1.169120;1.169140;1.169020;1.169050;0
20260409 214200;1.169030;1.169110;1.169020;1.169110;0
20260409 214300;1.169100;1.169120;1.169060;1.169110;0
20260409 214400;1.169100;1.169150;1.169060;1.169120;0
20260409 214500;1.169120;1.169190;1.169100;1.169160;0
20260409 214600;1.169140;1.169140;1.169040;1.169040;0
20260409 214700;1.169050;1.169170;1.169040;1.169170;0
20260409 214800;1.169220;1.169270;1.169210;1.169270;0
20260409 214900;1.169250;1.169280;1.169210;1.169270;0
20260409 215000;1.169260;1.169280;1.169210;1.169240;0
20260409 215100;1.169250;1.169300;1.169220;1.169280;0
20260409 215200;1.169270;1.169350;1.169270;1.169330;0
20260409 215300;1.169320;1.169360;1.169320;1.169350;0
20260409 215400;1.169330;1.169450;1.169330;1.169450;0
20260409 215500;1.169440;1.169440;1.169360;1.169360;0
20260409 215600;1.169370;1.169410;1.169370;1.169370;0
20260409 215700;1.169380;1.169380;1.169250;1.169320;0
20260409 215800;1.169330;1.169330;1.169100;1.169170;0
20260409 215900;1.169180;1.169230;1.169130;1.169230;0
20260409 220000;1.169230;1.169320;1.169160;1.169200;0
20260409 220100;1.169190;1.169250;1.169100;1.169250;0
20260409 220200;1.169240;1.169290;1.169200;1.169290;0
20260409 220300;1.169290;1.169290;1.169250;1.169270;0
20260409 220400;1.169300;1.169310;1.169080;1.169100;0
20260409 220500;1.169090;1.169320;1.169070;1.169320;0
20260409 220600;1.169310;1.169360;1.169290;1.169310;0
20260409 220700;1.169300;1.169410;1.169300;1.169320;0
20260409 220800;1.169310;1.169310;1.169210;1.169270;0
20260409 220900;1.169270;1.169280;1.169200;1.169220;0
20260409 221000;1.169210;1.169210;1.169150;1.169150;0
20260409 221100;1.169150;1.169210;1.169130;1.169190;0
20260409 221200;1.169200;1.169210;1.169060;1.169090;0
20260409 221300;1.169070;1.169080;1.168910;1.168920;0
20260409 221400;1.168960;1.168970;1.168910;1.168910;0
20260409 221500;1.168930;1.169020;1.168930;1.169020;0
20260409 221600;1.169010;1.169020;1.168980;1.169010;0
20260409 221700;1.169030;1.169030;1.169000;1.169010;0
20260409 221800;1.169010;1.169010;1.168950;1.168980;0
20260409 221900;1.168980;1.169000;1.168910;1.168910;0
20260409 222000;1.168920;1.168960;1.168910;1.168920;0
20260409 222100;1.168890;1.168890;1.168810;1.168810;0
20260409 222200;1.168810;1.168810;1.168750;1.168760;0
20260409 222300;1.168760;1.168830;1.168710;1.168760;0
20260409 222400;1.168760;1.168850;1.168760;1.168850;0
20260409 222500;1.168860;1.168910;1.168830;1.168910;0
20260409 222600;1.168900;1.168900;1.168820;1.168820;0
20260409 222700;1.168810;1.168830;1.168740;1.168740;0
20260409 222800;1.168760;1.168760;1.168680;1.168690;0
20260409 222900;1.168670;1.168690;1.168670;1.168670;0
20260409 223000;1.168670;1.168740;1.168670;1.168740;0
20260409 223100;1.168760;1.168800;1.168740;1.168770;0
20260409 223200;1.168770;1.168920;1.168770;1.168920;0
20260409 223300;1.168910;1.168970;1.168910;1.168950;0
20260409 223400;1.168960;1.169060;1.168950;1.168950;0
20260409 223500;1.168950;1.168950;1.168860;1.168880;0
20260409 223600;1.168890;1.168910;1.168860;1.168860;0
20260409 223700;1.168860;1.168870;1.168820;1.168820;0
20260409 223800;1.168820;1.168920;1.168820;1.168900;0
20260409 223900;1.168900;1.168920;1.168880;1.168880;0
20260409 224000;1.168870;1.169000;1.168870;1.168990;0
20260409 224100;1.169000;1.169020;1.168960;1.168970;0
20260409 224200;1.168990;1.168990;1.168970;1.168970;0
20260409 224300;1.168980;1.169070;1.168970;1.169070;0
20260409 224400;1.169070;1.169120;1.169010;1.169120;0
20260409 224500;1.169100;1.169180;1.169090;1.169170;0
20260409 224600;1.169180;1.169230;1.169170;1.169220;0
20260409 224700;1.169220;1.169220;1.169180;1.169210;0
20260409 224800;1.169220;1.169230;1.169220;1.169220;0
20260409 224900;1.169220;1.169270;1.169190;1.169220;0
20260409 225000;1.169230;1.169280;1.169210;1.169210;0
20260409 225100;1.169210;1.169210;1.169160;1.169160;0
20260409 225200;1.169160;1.169160;1.169040;1.169080;0
20260409 225300;1.169110;1.169160;1.169100;1.169130;0
20260409 225400;1.169120;1.169120;1.169080;1.169120;0
20260409 225500;1.169100;1.169100;1.169070;1.169090;0
20260409 225600;1.169120;1.169120;1.169080;1.169090;0
20260409 225700;1.169070;1.169070;1.169020;1.169030;0
20260409 225800;1.169040;1.169080;1.169020;1.169070;0
20260409 225900;1.169080;1.169140;1.169050;1.169080;0
20260409 230000;1.169050;1.169100;1.169040;1.169090;0
20260409 230100;1.169080;1.169120;1.169030;1.169030;0
20260409 230200;1.169030;1.169030;1.169010;1.169020;0
20260409 230300;1.169050;1.169090;1.169040;1.169090;0
20260409 230400;1.169100;1.169130;1.169100;1.169120;0
20260409 230500;1.169110;1.169130;1.169100;1.169100;0
20260409 230600;1.169110;1.169110;1.169080;1.169110;0
20260409 230700;1.169110;1.169160;1.169090;1.169160;0
20260409 230800;1.169140;1.169150;1.169090;1.169110;0
20260409 230900;1.169100;1.169110;1.169100;1.169110;0
20260409 231000;1.169090;1.169090;1.169000;1.169010;0
20260409 231100;1.169020;1.169020;1.168970;1.168980;0
20260409 231200;1.169000;1.169060;1.169000;1.169060;0
20260409 231300;1.169050;1.169080;1.169050;1.169050;0
20260409 231400;1.169060;1.169130;1.169060;1.169130;0
20260409 231500;1.169130;1.169130;1.169100;1.169130;0
20260409 231600;1.169150;1.169150;1.169120;1.169120;0
20260409 231700;1.169120;1.169150;1.169110;1.169150;0
20260409 231800;1.169200;1.169280;1.169200;1.169270;0
20260409 231900;1.169250;1.169330;1.169230;1.169290;0
20260409 232000;1.169290;1.169310;1.169290;1.169300;0
20260409 232100;1.169300;1.169440;1.169300;1.169440;0
20260409 232200;1.169430;1.169430;1.169390;1.169430;0
20260409 232300;1.169420;1.169420;1.169400;1.169410;0
20260409 232400;1.169410;1.169430;1.169410;1.169410;0
20260409 232500;1.169410;1.169480;1.169400;1.169400;0
20260409 232600;1.169400;1.169400;1.169400;1.169400;0
20260409 232700;1.169420;1.169420;1.169400;1.169410;0
20260409 232800;1.169420;1.169440;1.169390;1.169440;0
20260409 232900;1.169440;1.169460;1.169430;1.169430;0
20260409 233000;1.169440;1.169530;1.169440;1.169480;0
20260409 233100;1.169480;1.169490;1.169460;1.169460;0
20260409 233200;1.169470;1.169610;1.169460;1.169570;0
20260409 233300;1.169550;1.169550;1.169430;1.169530;0
20260409 233400;1.169550;1.169570;1.169480;1.169480;0
20260409 233500;1.169490;1.169520;1.169480;1.169510;0
20260409 233600;1.169510;1.169510;1.169430;1.169480;0
20260409 233700;1.169490;1.169530;1.169470;1.169470;0
20260409 233800;1.169490;1.169490;1.169470;1.169480;0
20260409 233900;1.169480;1.169530;1.169450;1.169450;0
20260409 234000;1.169440;1.169460;1.169440;1.169460;0
20260409 234100;1.169460;1.169470;1.169440;1.169440;0
20260409 234200;1.169420;1.169430;1.169370;1.169370;0
20260409 234300;1.169360;1.169360;1.169260;1.169330;0
20260409 234400;1.169330;1.169350;1.169320;1.169350;0
20260409 234500;1.169370;1.169380;1.169360;1.169360;0
20260409 234600;1.169350;1.169400;1.169320;1.169400;0
20260409 234700;1.169390;1.169480;1.169380;1.169470;0
20260409 234800;1.169460;1.169470;1.169380;1.169380;0
20260409 234900;1.169380;1.169460;1.169380;1.169460;0
20260409 235000;1.169450;1.169470;1.169420;1.169470;0
20260409 235100;1.169480;1.169480;1.169430;1.169430;0
20260409 235200;1.169450;1.169460;1.169370;1.169370;0
20260409 235300;1.169360;1.169440;1.169340;1.169380;0
20260409 235400;1.169390;1.169490;1.169390;1.169470;0
20260409 235500;1.169480;1.169540;1.169420;1.169530;0
20260409 235600;1.169510;1.169570;1.169510;1.169530;0
20260409 235700;1.169520;1.169650;1.169520;1.169630;0
20260409 235800;1.169610;1.169610;1.169560;1.169560;0
20260409 235900;1.169550;1.169570;1.169530;1.169550;0
20260410 000000;1.169570;1.169630;1.169560;1.169600;0
20260410 000100;1.169600;1.169640;1.169590;1.169640;0
20260410 000200;1.169630;1.169630;1.169560;1.169590;0
20260410 000300;1.169580;1.169660;1.169570;1.169620;0
20260410 000400;1.169630;1.169640;1.169620;1.169620;0
20260410 000500;1.169620;1.169620;1.169510;1.169520;0
20260410 000600;1.169520;1.169580;1.169520;1.169550;0
20260410 000700;1.169540;1.169580;1.169520;1.169550;0
20260410 000800;1.169560;1.169580;1.169520;1.169520;0
20260410 000900;1.169520;1.169580;1.169520;1.169540;0
20260410 001000;1.169540;1.169580;1.169520;1.169520;0
20260410 001100;1.169520;1.169560;1.169510;1.169520;0
20260410 001200;1.169520;1.169570;1.169520;1.169530;0
20260410 001300;1.169510;1.169510;1.169430;1.169430;0
20260410 001400;1.169410;1.169440;1.169290;1.169440;0
20260410 001500;1.169440;1.169440;1.169420;1.169420;0
20260410 001600;1.169410;1.169520;1.169410;1.169500;0
20260410 001700;1.169510;1.169510;1.169460;1.169470;0
20260410 001800;1.169460;1.169510;1.169460;1.169470;0
20260410 001900;1.169470;1.169540;1.169470;1.169540;0
20260410 002000;1.169540;1.169540;1.169520;1.169520;0
20260410 002100;1.169540;1.169540;1.169520;1.169520;0
20260410 002200;1.169510;1.169550;1.169500;1.169550;0
20260410 002300;1.169540;1.169550;1.169540;1.169550;0
20260410 002400;1.169530;1.169540;1.169510;1.169530;0
20260410 002500;1.169560;1.169580;1.169540;1.169550;0
20260410 002600;1.169560;1.169590;1.169560;1.169570;0
20260410 002700;1.169570;1.169600;1.169550;1.169580;0
20260410 002800;1.169570;1.169580;1.169510;1.169540;0
20260410 002900;1.169520;1.169530;1.169430;1.169440;0
20260410 003000;1.169430;1.169480;1.169380;1.169440;0
20260410 003100;1.169460;1.169460;1.169430;1.169440;0
20260410 003200;1.169420;1.169420;1.169380;1.169380;0
20260410 003300;1.169380;1.169380;1.169330;1.169350;0
20260410 003400;1.169370;1.169400;1.169330;1.169380;0
20260410 003500;1.169380;1.169400;1.169370;1.169400;0
20260410 003600;1.169390;1.169400;1.169370;1.169380;0
20260410 003700;1.169360;1.169510;1.169360;1.169510;0
20260410 003800;1.169500;1.169500;1.169370;1.169370;0
20260410 003900;1.169360;1.169390;1.169340;1.169380;0
20260410 004000;1.169380;1.169430;1.169370;1.169390;0
20260410 004100;1.169380;1.169400;1.169320;1.169320;0
20260410 004200;1.169310;1.169360;1.169300;1.169340;0
20260410 004300;1.169330;1.169330;1.169260;1.169290;0
20260410 004400;1.169310;1.169310;1.169260;1.169280;0
20260410 004500;1.169270;1.169340;1.169270;1.169330;0
20260410 004600;1.169330;1.169330;1.169290;1.169320;0
20260410 004700;1.169330;1.169360;1.169330;1.169330;0
20260410 004800;1.169340;1.169360;1.169330;1.169360;0
20260410 004900;1.169380;1.169380;1.169300;1.169300;0
20260410 005000;1.169300;1.169330;1.169280;1.169330;0
20260410 005100;1.169320;1.169330;1.169290;1.169310;0
20260410 005200;1.169320;1.169350;1.169270;1.169300;0
20260410 005300;1.169320;1.169340;1.169280;1.169320;0
20260410 005400;1.169290;1.169310;1.169280;1.169310;0
20260410 005500;1.169300;1.169300;1.169140;1.169140;0
20260410 005600;1.169140;1.169180;1.169100;1.169170;0
20260410 005700;1.169170;1.169170;1.169140;1.169170;0
20260410 005800;1.169170;1.169210;1.169170;1.169200;0
20260410 005900;1.169200;1.169200;1.169130;1.169190;0
20260410 010000;1.169190;1.169260;1.169130;1.169140;0
20260410 010100;1.169130;1.169250;1.169130;1.169200;0
20260410 010200;1.169200;1.169250;1.169160;1.169160;0
20260410 010300;1.169150;1.169160;1.169150;1.169150;0
20260410 010400;1.169160;1.169190;1.169160;1.169190;0
20260410 010500;1.169190;1.169230;1.169150;1.169150;0
20260410 010600;1.169150;1.169220;1.169150;1.169220;0
20260410 010700;1.169200;1.169220;1.169140;1.169150;0
20260410 010800;1.169150;1.169180;1.169070;1.169150;0
20260410 010900;1.169140;1.169170;1.169130;1.169150;0
20260410 011000;1.169150;1.169150;1.169090;1.169090;0
20260410 011100;1.169080;1.169080;1.168980;1.168980;0
20260410 011200;1.168980;1.169010;1.168930;1.168950;0
20260410 011300;1.168970;1.168980;1.168910;1.168930;0
20260410 011400;1.168940;1.168980;1.168940;1.168970;0
20260410 011500;1.168950;1.168990;1.168910;1.168970;0
20260410 011600;1.168970;1.168980;1.168930;1.168980;0
20260410 011700;1.168980;1.169060;1.168970;1.169050;0
20260410 011800;1.169060;1.169080;1.169030;1.169040;0
20260410 011900;1.169050;1.169070;1.169020;1.169030;0
20260410 012000;1.169040;1.169080;1.169030;1.169060;0
20260410 012100;1.169070;1.169090;1.169060;1.169090;0
20260410 012200;1.169070;1.169090;1.169010;1.169010;0
20260410 012300;1.169000;1.169000;1.168860;1.168900;0
20260410 012400;1.168920;1.168920;1.168880;1.168880;0
20260410 012500;1.168880;1.168920;1.168880;1.168900;0
20260410 012600;1.168900;1.168920;1.168890;1.168890;0
20260410 012700;1.168890;1.168910;1.168820;1.168830;0
20260410 012800;1.168850;1.168860;1.168760;1.168780;0
20260410 012900;1.168800;1.168830;1.168750;1.168770;0
20260410 013000;1.168780;1.168810;1.168770;1.168780;0
20260410 013100;1.168770;1.168820;1.168760;1.168810;0
20260410 013200;1.168850;1.169010;1.168850;1.168990;0
20260410 013300;1.168990;1.168990;1.168950;1.168960;0
20260410 013400;1.168960;1.168970;1.168950;1.168970;0
20260410 013500;1.168960;1.168960;1.168910;1.168910;0
20260410 013600;1.168910;1.168960;1.168860;1.168960;0
20260410 013700;1.168970;1.169010;1.168960;1.168970;0
20260410 013800;1.168960;1.168980;1.168920;1.168970;0
20260410 013900;1.168970;1.169090;1.168970;1.169060;0
20260410 014000;1.169050;1.169080;1.169050;1.169070;0
20260410 014100;1.169070;1.169170;1.169040;1.169140;0
20260410 014200;1.169140;1.169140;1.169020;1.169070;0
20260410 014300;1.169070;1.169070;1.168960;1.168980;0
20260410 014400;1.168980;1.168990;1.168920;1.168980;0
20260410 014500;1.168980;1.169090;1.168980;1.169070;0
20260410 014600;1.169050;1.169050;1.168970;1.169020;0
20260410 014700;1.169010;1.169040;1.168960;1.168960;0
20260410 014800;1.168970;1.169040;1.168970;1.169020;0
20260410 014900;1.169010;1.169010;1.168930;1.168930;0
20260410 015000;1.168920;1.168960;1.168910;1.168940;0
20260410 015100;1.168940;1.169050;1.168940;1.169020;0
20260410 015200;1.169020;1.169020;1.168980;1.169010;0
20260410 015300;1.169020;1.169060;1.169010;1.169040;0
20260410 015400;1.169030;1.169090;1.169030;1.169040;0
20260410 015500;1.169050;1.169080;1.169010;1.169010;0
20260410 015600;1.169010;1.169010;1.168980;1.169000;0
20260410 015700;1.169020;1.169040;1.168970;1.169010;0
20260410 015800;1.169020;1.169070;1.169000;1.169070;0
20260410 015900;1.169100;1.169100;1.168980;1.168990;0
20260410 020000;1.168980;1.169070;1.168910;1.169070;0
20260410 020100;1.169060;1.169140;1.169060;1.169120;0
20260410 020200;1.169160;1.169360;1.169160;1.169180;0
20260410 020300;1.169190;1.169190;1.169060;1.169100;0
20260410 020400;1.169120;1.169130;1.169050;1.169130;0
20260410 020500;1.169130;1.169130;1.168790;1.168810;0
20260410 020600;1.168810;1.168850;1.168730;1.168820;0
20260410 020700;1.168820;1.168930;1.168820;1.168920;0
20260410 020800;1.168950;1.168970;1.168830;1.168860;0
20260410 020900;1.168840;1.168910;1.168820;1.168820;0
20260410 021000;1.168810;1.168830;1.168780;1.168810;0
20260410 021100;1.168800;1.168900;1.168800;1.168880;0
20260410 021200;1.168870;1.168910;1.168820;1.168870;0
20260410 021300;1.168870;1.168880;1.168780;1.168870;0
20260410 021400;1.168880;1.168880;1.168800;1.168820;0
20260410 021500;1.168820;1.168820;1.168640;1.168660;0
20260410 021600;1.168660;1.168770;1.168650;1.168690;0
20260410 021700;1.168690;1.168710;1.168550;1.168710;0
20260410 021800;1.168710;1.168710;1.168510;1.168550;0
20260410 021900;1.168560;1.168600;1.168560;1.168570;0
20260410 022000;1.168590;1.168620;1.168460;1.168600;0
20260410 022100;1.168590;1.168610;1.168410;1.168520;0
20260410 022200;1.168530;1.168600;1.168510;1.168550;0
20260410 022300;1.168530;1.168560;1.168520;1.168540;0
20260410 022400;1.168520;1.168590;1.168520;1.168530;0
20260410 022500;1.168550;1.168650;1.168510;1.168650;0
20260410 022600;1.168640;1.168650;1.168510;1.168530;0
20260410 022700;1.168520;1.168550;1.168470;1.168520;0
20260410 022800;1.168510;1.168540;1.168480;1.168510;0
20260410 022900;1.168530;1.168590;1.168400;1.168400;0
20260410 023000;1.168410;1.168470;1.168310;1.168360;0
20260410 023100;1.168390;1.168440;1.168340;1.168360;0
20260410 023200;1.168360;1.168420;1.168360;1.168380;0
20260410 023300;1.168390;1.168610;1.168390;1.168580;0
20260410 023400;1.168570;1.168850;1.168560;1.168830;0
20260410 023500;1.168820;1.169010;1.168820;1.168920;0
20260410 023600;1.168900;1.168980;1.168810;1.168880;0
20260410 023700;1.168860;1.168920;1.168820;1.168860;0
20260410 023800;1.168860;1.168860;1.168750;1.168770;0
20260410 023900;1.168780;1.168830;1.168760;1.168780;0
20260410 024000;1.168760;1.168760;1.168650;1.168650;0
20260410 024100;1.168670;1.168730;1.168650;1.168670;0
20260410 024200;1.168680;1.168720;1.168540;1.168630;0
20260410 024300;1.168630;1.168680;1.168540;1.168540;0
20260410 024400;1.168550;1.168650;1.168520;1.168610;0
20260410 024500;1.168610;1.168630;1.168520;1.168580;0
20260410 024600;1.168580;1.168640;1.168560;1.168610;0
20260410 024700;1.168620;1.168620;1.168510;1.168510;0
20260410 024800;1.168550;1.168610;1.168510;1.168580;0
20260410 024900;1.168570;1.168600;1.168540;1.168600;0
20260410 025000;1.168620;1.168620;1.168540;1.168540;0
20260410 025100;1.168550;1.168610;1.168540;1.168610;0
20260410 025200;1.168600;1.168680;1.168560;1.168670;0
20260410 025300;1.168670;1.168690;1.168610;1.168650;0
20260410 025400;1.168650;1.168690;1.168610;1.168650;0
20260410 025500;1.168660;1.168970;1.168650;1.168870;0
20260410 025600;1.168860;1.168870;1.168580;1.168610;0
20260410 025700;1.168640;1.168660;1.168410;1.168560;0
20260410 025800;1.168570;1.168570;1.168500;1.168500;0
20260410 025900;1.168510;1.168520;1.168420;1.168420;0
20260410 030000;1.168430;1.168560;1.168330;1.168420;0
20260410 030100;1.168420;1.168420;1.168300;1.168300;0
20260410 030200;1.168330;1.168450;1.168220;1.168380;0
20260410 030300;1.168380;1.168720;1.168380;1.168660;0
20260410 030400;1.168660;1.168830;1.168650;1.168830;0
20260410 030500;1.168830;1.168830;1.168750;1.168820;0
20260410 030600;1.168820;1.168880;1.168670;1.168670;0
20260410 030700;1.168680;1.168680;1.168560;1.168670;0
20260410 030800;1.168670;1.168700;1.168660;1.168680;0
20260410 030900;1.168680;1.168830;1.168680;1.168830;0
20260410 031000;1.168820;1.168880;1.168780;1.168880;0
20260410 031100;1.168870;1.168880;1.168760;1.168830;0
20260410 031200;1.168810;1.168850;1.168740;1.168740;0
20260410 031300;1.168740;1.168770;1.168660;1.168660;0
20260410 031400;1.168650;1.168660;1.168510;1.168570;0
20260410 031500;1.168560;1.168580;1.168330;1.168460;0
20260410 031600;1.168480;1.168580;1.168460;1.168570;0
20260410 031700;1.168580;1.168670;1.168500;1.168660;0
20260410 031800;1.168670;1.168720;1.168610;1.168630;0
20260410 031900;1.168650;1.168770;1.168610;1.168730;0
20260410 032000;1.168730;1.168750;1.168470;1.168470;0
20260410 032100;1.168480;1.168580;1.168440;1.168560;0
20260410 032200;1.168560;1.168790;1.168550;1.168780;0
20260410 032300;1.168760;1.168950;1.168750;1.168920;0
20260410 032400;1.168910;1.168960;1.168660;1.168750;0
20260410 032500;1.168770;1.168920;1.168760;1.168780;0
20260410 032600;1.168770;1.168770;1.168560;1.168630;0
20260410 032700;1.168630;1.168650;1.168560;1.168580;0
20260410 032800;1.168580;1.168700;1.168560;1.168670;0
20260410 032900;1.168670;1.168710;1.168640;1.168670;0
20260410 033000;1.168670;1.168680;1.168540;1.168550;0
20260410 033100;1.168540;1.168620;1.168490;1.168620;0
20260410 033200;1.168610;1.168630;1.168410;1.168450;0
20260410 033300;1.168460;1.168460;1.168400;1.168440;0
20260410 033400;1.168420;1.168530;1.168410;1.168530;0
20260410 033500;1.168520;1.168540;1.168470;1.168520;0
20260410 033600;1.168530;1.168630;1.168520;1.168570;0
20260410 033700;1.168580;1.168670;1.168550;1.168570;0
20260410 033800;1.168560;1.168640;1.168560;1.168640;0
20260410 033900;1.168650;1.168650;1.168570;1.168580;0
20260410 034000;1.168580;1.168610;1.168470;1.168500;0
20260410 034100;1.168500;1.168500;1.168450;1.168460;0
20260410 034200;1.168460;1.168460;1.168160;1.168210;0
20260410 034300;1.168210;1.168250;1.168150;1.168160;0
20260410 034400;1.168180;1.168460;1.168180;1.168410;0
20260410 034500;1.168400;1.168480;1.168310;1.168330;0
20260410 034600;1.168310;1.168410;1.168310;1.168380;0
20260410 034700;1.168360;1.168370;1.168260;1.168280;0
20260410 034800;1.168270;1.168450;1.168270;1.168420;0
20260410 034900;1.168410;1.168560;1.168410;1.168560;0
20260410 035000;1.168570;1.168570;1.168480;1.168500;0
20260410 035100;1.168490;1.168530;1.168370;1.168380;0
20260410 035200;1.168380;1.168440;1.168320;1.168370;0
20260410 035300;1.168350;1.168390;1.168300;1.168380;0
20260410 035400;1.168380;1.168410;1.168320;1.168320;0
20260410 035500;1.168340;1.168480;1.168340;1.168380;0
20260410 035600;1.168380;1.168420;1.168350;1.168360;0
20260410 035700;1.168350;1.168350;1.168150;1.168160;0
20260410 035800;1.168140;1.168210;1.167960;1.167960;0
20260410 035900;1.167980;1.167990;1.167870;1.167970;0
20260410 040000;1.167970;1.167980;1.167870;1.167870;0
20260410 040100;1.167870;1.167960;1.167870;1.167870;0
20260410 040200;1.167870;1.167900;1.167810;1.167840;0
20260410 040300;1.167830;1.167830;1.167760;1.167790;0
20260410 040400;1.167760;1.167850;1.167730;1.167830;0
20260410 040500;1.167830;1.167960;1.167820;1.167940;0
20260410 040600;1.167940;1.168100;1.167930;1.168040;0
20260410 040700;1.168040;1.168210;1.168040;1.168150;0
20260410 040800;1.168150;1.168240;1.168130;1.168230;0
20260410 040900;1.168240;1.168460;1.168240;1.168460;0
20260410 041000;1.168450;1.168480;1.168380;1.168480;0
20260410 041100;1.168480;1.168530;1.168450;1.168520;0
20260410 041200;1.168530;1.168530;1.168440;1.168520;0
20260410 041300;1.168510;1.168530;1.168450;1.168480;0
20260410 041400;1.168480;1.168550;1.168470;1.168540;0
20260410 041500;1.168540;1.168580;1.168500;1.168510;0
20260410 041600;1.168530;1.168540;1.168480;1.168540;0
20260410 041700;1.168530;1.168530;1.168410;1.168420;0
20260410 041800;1.168430;1.168430;1.168370;1.168370;0
20260410 041900;1.168360;1.168440;1.168340;1.168430;0
20260410 042000;1.168440;1.168660;1.168440;1.168630;0
20260410 042100;1.168640;1.168640;1.168560;1.168570;0
20260410 042200;1.168580;1.168680;1.168580;1.168660;0
20260410 042300;1.168640;1.168660;1.168590;1.168590;0
20260410 042400;1.168600;1.168720;1.168580;1.168710;0
20260410 042500;1.168720;1.168820;1.168720;1.168780;0
20260410 042600;1.168770;1.168800;1.168650;1.168650;0
20260410 042700;1.168660;1.168660;1.168610;1.168610;0
20260410 042800;1.168610;1.168660;1.168530;1.168570;0
20260410 042900;1.168580;1.168590;1.168530;1.168570;0
20260410 043000;1.168570;1.168650;1.168560;1.168600;0
20260410 043100;1.168620;1.168690;1.168620;1.168680;0
20260410 043200;1.168690;1.168840;1.168690;1.168840;0
20260410 043300;1.168840;1.168950;1.168830;1.168930;0
20260410 043400;1.168950;1.168960;1.168800;1.168840;0
20260410 043500;1.168840;1.168860;1.168750;1.168760;0
20260410 043600;1.168760;1.168820;1.168730;1.168810;0
20260410 043700;1.168820;1.168850;1.168800;1.168830;0
20260410 043800;1.168830;1.168880;1.168810;1.168870;0
20260410 043900;1.168880;1.168880;1.168820;1.168830;0
20260410 044000;1.168820;1.168880;1.168790;1.168810;0
20260410 044100;1.168800;1.168870;1.168800;1.168870;0
20260410 044200;1.168900;1.168970;1.168880;1.168880;0
20260410 044300;1.168870;1.168890;1.168860;1.168880;0
20260410 044400;1.168880;1.168880;1.168730;1.168760;0
20260410 044500;1.168760;1.168790;1.168670;1.168670;0
20260410 044600;1.168720;1.168730;1.168620;1.168630;0
20260410 044700;1.168640;1.168640;1.168570;1.168570;0
20260410 044800;1.168580;1.168620;1.168530;1.168530;0
20260410 044900;1.168530;1.168670;1.168480;1.168670;0
20260410 045000;1.168670;1.168670;1.168590;1.168630;0
20260410 045100;1.168610;1.168610;1.168480;1.168520;0
20260410 045200;1.168520;1.168560;1.168470;1.168470;0
20260410 045300;1.168470;1.168490;1.168410;1.168480;0
20260410 045400;1.168480;1.168510;1.168420;1.168430;0
20260410 045500;1.168420;1.168510;1.168420;1.168480;0
20260410 045600;1.168500;1.168540;1.168460;1.168460;0
20260410 045700;1.168440;1.168640;1.168440;1.168590;0
20260410 045800;1.168600;1.168630;1.168550;1.168570;0
20260410 045900;1.168570;1.168610;1.168560;1.168570;0
20260410 050000;1.168630;1.168790;1.168630;1.168690;0
20260410 050100;1.168670;1.168720;1.168590;1.168720;0
20260410 050200;1.168710;1.168760;1.168680;1.168720;0
20260410 050300;1.168740;1.168870;1.168720;1.168870;0
20260410 050400;1.168850;1.168880;1.168830;1.168840;0
20260410 050500;1.168830;1.168860;1.168800;1.168860;0
20260410 050600;1.168860;1.168860;1.168740;1.168740;0
20260410 050700;1.168740;1.168750;1.168570;1.168600;0
20260410 050800;1.168600;1.168600;1.168460;1.168530;0
20260410 050900;1.168540;1.168590;1.168520;1.168580;0
20260410 051000;1.168580;1.168600;1.168480;1.168540;0
20260410 051100;1.168550;1.168580;1.168510;1.168530;0
20260410 051200;1.168520;1.168620;1.168490;1.168600;0
20260410 051300;1.168610;1.168610;1.168470;1.168490;0
20260410 051400;1.168490;1.168540;1.168490;1.168520;0
20260410 051500;1.168510;1.168520;1.168470;1.168490;0
20260410 051600;1.168500;1.168540;1.168460;1.168500;0
20260410 051700;1.168520;1.168610;1.168490;1.168580;0
20260410 051800;1.168580;1.169390;1.168570;1.169200;0
20260410 051900;1.169230;1.171040;1.168870;1.170900;0
20260410 052000;1.170900;1.170900;1.169980;1.169980;0
20260410 052100;1.169940;1.170260;1.169820;1.170230;0
20260410 052200;1.170200;1.170550;1.170190;1.170450;0
20260410 052300;1.170440;1.170860;1.170410;1.170570;0
20260410 052400;1.170580;1.170640;1.169990;1.170080;0
20260410 052500;1.170060;1.170250;1.169980;1.170070;0
20260410 052600;1.170080;1.170080;1.169810;1.169840;0
20260410 052700;1.169820;1.169850;1.169610;1.169620;0
20260410 052800;1.169610;1.169690;1.169550;1.169670;0
20260410 052900;1.169650;1.169740;1.169580;1.169700;0
20260410 053000;1.169730;1.169780;1.169620;1.169780;0
20260410 053100;1.169790;1.169960;1.169740;1.169850;0
20260410 053200;1.169870;1.169870;1.169560;1.169630;0
20260410 053300;1.169620;1.169930;1.169620;1.169890;0
20260410 053400;1.169880;1.169940;1.169850;1.169880;0
20260410 053500;1.169880;1.170200;1.169780;1.170120;0
20260410 053600;1.170120;1.170170;1.169950;1.169950;0
20260410 053700;1.169970;1.170120;1.169970;1.170090;0
20260410 053800;1.170090;1.170090;1.169990;1.170080;0
20260410 053900;1.170040;1.170060;1.169920;1.170000;0
20260410 054000;1.170010;1.170080;1.169930;1.170030;0
20260410 054100;1.170060;1.170070;1.169930;1.169970;0
20260410 054200;1.169980;1.170020;1.169940;1.170010;0
20260410 054300;1.170020;1.170120;1.169930;1.170080;0
20260410 054400;1.170080;1.170240;1.170080;1.170240;0
20260410 054500;1.170230;1.170230;1.170060;1.170170;0
20260410 054600;1.170180;1.170240;1.170020;1.170020;0
20260410 054700;1.170030;1.170150;1.169990;1.170140;0
20260410 054800;1.170150;1.170290;1.170130;1.170160;0
20260410 054900;1.170150;1.170340;1.170120;1.170320;0
20260410 055000;1.170340;1.170460;1.170300;1.170400;0
20260410 055100;1.170420;1.170630;1.170390;1.170630;0
20260410 055200;1.170610;1.170670;1.170550;1.170590;0
20260410 055300;1.170580;1.170870;1.170580;1.170840;0
20260410 055400;1.170820;1.170870;1.170730;1.170770;0
20260410 055500;1.170770;1.170930;1.170700;1.170830;0
20260410 055600;1.170830;1.171020;1.170810;1.170950;0
20260410 055700;1.170960;1.171040;1.170910;1.171000;0
20260410 055800;1.171000;1.171000;1.170870;1.170920;0
20260410 055900;1.170910;1.171090;1.170890;1.171020;0
20260410 060000;1.171030;1.171240;1.170860;1.171130;0
20260410 060100;1.171110;1.171280;1.171110;1.171110;0
20260410 060200;1.171130;1.171130;1.170960;1.171030;0
20260410 060300;1.171020;1.171120;1.170950;1.170980;0
20260410 060400;1.170990;1.171040;1.170900;1.170910;0
20260410 060500;1.170940;1.171080;1.170890;1.171020;0
20260410 060600;1.171030;1.171030;1.170840;1.170880;0
20260410 060700;1.170880;1.170980;1.170850;1.170980;0
20260410 060800;1.170980;1.171010;1.170910;1.170920;0
20260410 060900;1.170910;1.170970;1.170850;1.170930;0
20260410 061000;1.170930;1.170970;1.170850;1.170960;0
20260410 061100;1.170980;1.171020;1.170950;1.171010;0
20260410 061200;1.171030;1.171030;1.170860;1.170920;0
20260410 061300;1.170910;1.170980;1.170860;1.170860;0
20260410 061400;1.170880;1.170880;1.170760;1.170770;0
20260410 061500;1.170750;1.170750;1.170660;1.170700;0
20260410 061600;1.170710;1.170730;1.170570;1.170610;0
20260410 061700;1.170630;1.170740;1.170610;1.170740;0
20260410 061800;1.170740;1.170940;1.170700;1.170930;0
20260410 061900;1.170930;1.171050;1.170810;1.170870;0
20260410 062000;1.170860;1.170920;1.170850;1.170870;0
20260410 062100;1.170860;1.170900;1.170820;1.170890;0
20260410 062200;1.170890;1.170920;1.170850;1.170870;0
20260410 062300;1.170860;1.171080;1.170860;1.171080;0
20260410 062400;1.171070;1.171180;1.171010;1.171180;0
20260410 062500;1.171180;1.171250;1.171170;1.171240;0
20260410 062600;1.171250;1.171330;1.171250;1.171310;0
20260410 062700;1.171320;1.171330;1.171120;1.171160;0
20260410 062800;1.171160;1.171230;1.171120;1.171130;0
20260410 062900;1.171120;1.171200;1.171120;1.171190;0
20260410 063000;1.171210;1.171220;1.171100;1.171110;0
20260410 063100;1.171080;1.171120;1.171000;1.171110;0
20260410 063200;1.171130;1.171210;1.171110;1.171160;0
20260410 063300;1.171160;1.171190;1.171050;1.171060;0
20260410 063400;1.171070;1.171180;1.171060;1.171170;0
20260410 063500;1.171170;1.171200;1.171100;1.171160;0
20260410 063600;1.171160;1.171290;1.171160;1.171200;0
20260410 063700;1.171220;1.171300;1.171210;1.171210;0
20260410 063800;1.171210;1.171300;1.171200;1.171280;0
20260410 063900;1.171270;1.171460;1.171260;1.171360;0
20260410 064000;1.171370;1.171540;1.171370;1.171380;0
20260410 064100;1.171370;1.171410;1.171330;1.171380;0
20260410 064200;1.171370;1.171440;1.171360;1.171440;0
20260410 064300;1.171440;1.171470;1.171390;1.171420;0
20260410 064400;1.171420;1.171430;1.171350;1.171350;0
20260410 064500;1.171360;1.171380;1.171360;1.171380;0
20260410 064600;1.171370;1.171550;1.171370;1.171530;0
20260410 064700;1.171510;1.171520;1.171460;1.171510;0
20260410 064800;1.171510;1.171580;1.171490;1.171570;0
20260410 064900;1.171570;1.171570;1.171450;1.171480;0
20260410 065000;1.171490;1.171490;1.171410;1.171410;0
20260410 065100;1.171430;1.171440;1.171220;1.171220;0
20260410 065200;1.171220;1.171330;1.171210;1.171270;0
20260410 065300;1.171260;1.171410;1.171200;1.171410;0
20260410 065400;1.171400;1.171440;1.171380;1.171380;0
20260410 065500;1.171390;1.171400;1.171320;1.171330;0
20260410 065600;1.171320;1.171360;1.171250;1.171270;0
20260410 065700;1.171280;1.171410;1.171240;1.171370;0
20260410 065800;1.171360;1.171380;1.171320;1.171360;0
20260410 065900;1.171360;1.171390;1.171260;1.171270;0
20260410 070000;1.171280;1.171290;1.171210;1.171260;0
20260410 070100;1.171270;1.171500;1.171270;1.171480;0
20260410 070200;1.171480;1.171520;1.171360;1.171380;0
20260410 070300;1.171380;1.171450;1.171380;1.171410;0
20260410 070400;1.171410;1.171580;1.171380;1.171580;0
20260410 070500;1.171570;1.171640;1.171550;1.171630;0
20260410 070600;1.171630;1.171650;1.171560;1.171600;0
20260410 070700;1.171600;1.171680;1.171600;1.171660;0
20260410 070800;1.171650;1.171760;1.171630;1.171730;0
20260410 070900;1.171730;1.171780;1.171700;1.171780;0
20260410 071000;1.171760;1.171770;1.171680;1.171720;0
20260410 071100;1.171730;1.171740;1.171640;1.171660;0
20260410 071200;1.171640;1.171720;1.171550;1.171710;0
20260410 071300;1.171730;1.171870;1.171720;1.171830;0
20260410 071400;1.171860;1.171860;1.171670;1.171690;0
20260410 071500;1.171710;1.171730;1.171580;1.171620;0
20260410 071600;1.171610;1.171660;1.171580;1.171580;0
20260410 071700;1.171590;1.171740;1.171590;1.171740;0
20260410 071800;1.171740;1.171770;1.171680;1.171690;0
20260410 071900;1.171680;1.171770;1.171680;1.171680;0
20260410 072000;1.171670;1.171680;1.171590;1.171620;0
20260410 072100;1.171640;1.171710;1.171580;1.171580;0
20260410 072200;1.171590;1.171620;1.171470;1.171470;0
20260410 072300;1.171460;1.171530;1.171380;1.171470;0
20260410 072400;1.171470;1.171520;1.171430;1.171520;0
20260410 072500;1.171520;1.171520;1.171400;1.171450;0
20260410 072600;1.171450;1.171560;1.171450;1.171520;0
20260410 072700;1.171520;1.171540;1.171300;1.171300;0
20260410 072800;1.171310;1.171320;1.171220;1.171230;0
20260410 072900;1.171240;1.171320;1.171200;1.171290;0
20260410 073000;1.171300;1.171410;1.171160;1.171390;0
20260410 073100;1.171400;1.171420;1.171170;1.171170;0
20260410 073200;1.171190;1.171280;1.171180;1.171250;0
20260410 073300;1.171260;1.171260;1.171130;1.171250;0
20260410 073400;1.171230;1.171240;1.171160;1.171170;0
20260410 073500;1.171170;1.171190;1.171120;1.171170;0
20260410 073600;1.171170;1.171260;1.171170;1.171200;0
20260410 073700;1.171220;1.171240;1.171200;1.171240;0
20260410 073800;1.171240;1.171250;1.171150;1.171150;0
20260410 073900;1.171180;1.171190;1.171070;1.171140;0
20260410 074000;1.171140;1.171150;1.171110;1.171130;0
20260410 074100;1.171160;1.171250;1.171160;1.171200;0
20260410 074200;1.171230;1.171280;1.171230;1.171270;0
20260410 074300;1.171240;1.171470;1.171210;1.171470;0
20260410 074400;1.171470;1.171660;1.171460;1.171650;0
20260410 074500;1.171650;1.171680;1.171600;1.171660;0
20260410 074600;1.171650;1.171660;1.171570;1.171620;0
20260410 074700;1.171600;1.171660;1.171580;1.171590;0
20260410 074800;1.171610;1.171700;1.171610;1.171670;0
20260410 074900;1.171670;1.171670;1.171600;1.171610;0
20260410 075000;1.171620;1.171660;1.171610;1.171650;0
20260410 075100;1.171660;1.171670;1.171530;1.171530;0
20260410 075200;1.171560;1.171610;1.171560;1.171580;0
20260410 075300;1.171570;1.171600;1.171490;1.171490;0
20260410 075400;1.171490;1.171560;1.171480;1.171490;0
20260410 075500;1.171490;1.171490;1.171260;1.171290;0
20260410 075600;1.171290;1.171430;1.171270;1.171390;0
20260410 075700;1.171420;1.171470;1.171340;1.171420;0
20260410 075800;1.171460;1.171470;1.171420;1.171460;0
20260410 075900;1.171460;1.171550;1.171330;1.171380;0
20260410 080000;1.171390;1.171490;1.171330;1.171410;0
20260410 080100;1.171430;1.171570;1.171400;1.171530;0
20260410 080200;1.171530;1.171530;1.171390;1.171470;0
20260410 080300;1.171470;1.171550;1.171410;1.171440;0
20260410 080400;1.171430;1.171510;1.171400;1.171510;0
20260410 080500;1.171520;1.171560;1.171350;1.171350;0
20260410 080600;1.171350;1.171420;1.171340;1.171350;0
20260410 080700;1.171360;1.171480;1.171350;1.171420;0
20260410 080800;1.171430;1.171440;1.171290;1.171300;0
20260410 080900;1.171320;1.171360;1.171130;1.171130;0
20260410 081000;1.171140;1.171210;1.171060;1.171210;0
20260410 081100;1.171220;1.171250;1.171160;1.171250;0
20260410 081200;1.171240;1.171520;1.171230;1.171520;0
20260410 081300;1.171510;1.171510;1.171350;1.171440;0
20260410 081400;1.171450;1.171460;1.171370;1.171460;0
20260410 081500;1.171440;1.171490;1.171350;1.171360;0
20260410 081600;1.171360;1.171420;1.171310;1.171310;0
20260410 081700;1.171310;1.171370;1.171290;1.171290;0
20260410 081800;1.171310;1.171310;1.171170;1.171280;0
20260410 081900;1.171290;1.171360;1.171150;1.171190;0
20260410 082000;1.171190;1.171290;1.171150;1.171220;0
20260410 082100;1.171240;1.171240;1.171160;1.171160;0
20260410 082200;1.171160;1.171280;1.171140;1.171240;0
20260410 082300;1.171220;1.171260;1.170980;1.171030;0
20260410 082400;1.171050;1.171110;1.170950;1.171050;0
20260410 082500;1.171060;1.171100;1.171000;1.171100;0
20260410 082600;1.171110;1.171270;1.171110;1.171260;0
20260410 082700;1.171280;1.171400;1.171280;1.171390;0
20260410 082800;1.171370;1.171370;1.171080;1.171260;0
20260410 082900;1.171280;1.171400;1.171240;1.171290;0
20260410 083000;1.171300;1.172340;1.171300;1.172000;0
20260410 083100;1.171990;1.172080;1.171720;1.171740;0
20260410 083200;1.171720;1.171870;1.171650;1.171840;0
20260410 083300;1.171860;1.172040;1.171820;1.172040;0
20260410 083400;1.172050;1.172150;1.171980;1.172110;0
20260410 083500;1.172120;1.172370;1.171970;1.172250;0
20260410 083600;1.172260;1.172560;1.172200;1.172500;0
20260410 083700;1.172480;1.172530;1.172110;1.172160;0
20260410 083800;1.172150;1.172330;1.172060;1.172250;0
20260410 083900;1.172240;1.172240;1.171990;1.172100;0
20260410 084000;1.172060;1.172120;1.171860;1.171860;0
20260410 084100;1.171870;1.171870;1.171580;1.171640;0
20260410 084200;1.171610;1.171660;1.171550;1.171650;0
20260410 084300;1.171680;1.171740;1.171640;1.171740;0
20260410 084400;1.171730;1.171900;1.171700;1.171710;0
20260410 084500;1.171710;1.171740;1.171630;1.171700;0
20260410 084600;1.171680;1.171760;1.171260;1.171280;0
20260410 084700;1.171310;1.171640;1.171290;1.171600;0
20260410 084800;1.171580;1.171620;1.171450;1.171510;0
20260410 084900;1.171510;1.171600;1.171440;1.171520;0
20260410 085000;1.171520;1.171540;1.171380;1.171440;0
20260410 085100;1.171460;1.171600;1.171400;1.171600;0
20260410 085200;1.171590;1.171700;1.171480;1.171510;0
20260410 085300;1.171510;1.171740;1.171460;1.171740;0
20260410 085400;1.171770;1.171770;1.171640;1.171670;0
20260410 085500;1.171670;1.172010;1.171660;1.171920;0
20260410 085600;1.171900;1.172070;1.171900;1.171980;0
20260410 085700;1.171970;1.171970;1.171790;1.171820;0
20260410 085800;1.171830;1.172120;1.171830;1.171950;0
20260410 085900;1.171990;1.172070;1.171860;1.172070;0
20260410 090000;1.172080;1.172170;1.171850;1.172160;0
20260410 090100;1.172180;1.172320;1.172110;1.172260;0
20260410 090200;1.172260;1.172300;1.172150;1.172260;0
20260410 090300;1.172270;1.172300;1.172170;1.172250;0
20260410 090400;1.172280;1.172330;1.172090;1.172160;0
20260410 090500;1.172130;1.172170;1.172000;1.172080;0
20260410 090600;1.172070;1.172260;1.172070;1.172220;0
20260410 090700;1.172210;1.172360;1.172140;1.172340;0
20260410 090800;1.172360;1.172510;1.172320;1.172330;0
20260410 090900;1.172320;1.172350;1.172140;1.172190;0
20260410 091000;1.172200;1.172400;1.172140;1.172350;0
20260410 091100;1.172350;1.172380;1.172190;1.172290;0
20260410 091200;1.172290;1.172550;1.172290;1.172540;0
20260410 091300;1.172520;1.172550;1.172300;1.172390;0
20260410 091400;1.172380;1.172400;1.172260;1.172310;0
20260410 091500;1.172320;1.172360;1.172150;1.172230;0
20260410 091600;1.172250;1.172330;1.172210;1.172310;0
20260410 091700;1.172310;1.172330;1.172280;1.172300;0
20260410 091800;1.172300;1.172380;1.172280;1.172290;0
20260410 091900;1.172280;1.172400;1.172260;1.172390;0
20260410 092000;1.172390;1.172420;1.172360;1.172400;0
20260410 092100;1.172420;1.172780;1.172410;1.172730;0
20260410 092200;1.172720;1.172830;1.172670;1.172790;0
20260410 092300;1.172800;1.172870;1.172760;1.172840;0
20260410 092400;1.172840;1.172960;1.172820;1.172840;0
20260410 092500;1.172860;1.172970;1.172840;1.172880;0
20260410 092600;1.172880;1.172990;1.172830;1.172930;0
20260410 092700;1.172950;1.173120;1.172940;1.173060;0
20260410 092800;1.173050;1.173390;1.173040;1.173380;0
20260410 092900;1.173360;1.173470;1.173310;1.173330;0
20260410 093000;1.173350;1.173450;1.173030;1.173060;0
20260410 093100;1.173050;1.173190;1.173050;1.173100;0
20260410 093200;1.173080;1.173120;1.173020;1.173060;0
20260410 093300;1.173080;1.173140;1.172930;1.173110;0
20260410 093400;1.173100;1.173110;1.172630;1.172650;0
20260410 093500;1.172630;1.172650;1.172450;1.172570;0
20260410 093600;1.172600;1.172660;1.172510;1.172590;0
20260410 093700;1.172600;1.172790;1.172600;1.172730;0
20260410 093800;1.172750;1.172960;1.172750;1.172910;0
20260410 093900;1.172900;1.172920;1.172670;1.172810;0
20260410 094000;1.172820;1.172850;1.172660;1.172760;0
20260410 094100;1.172760;1.172760;1.172620;1.172660;0
20260410 094200;1.172700;1.172740;1.172600;1.172700;0
20260410 094300;1.172690;1.172850;1.172660;1.172790;0
20260410 094400;1.172790;1.172950;1.172790;1.172850;0
20260410 094500;1.172850;1.173140;1.172850;1.172960;0
20260410 094600;1.172940;1.172960;1.172850;1.172870;0
20260410 094700;1.172860;1.172870;1.172740;1.172840;0
20260410 094800;1.172840;1.172860;1.172700;1.172850;0
20260410 094900;1.172850;1.173010;1.172820;1.172850;0
20260410 095000;1.172880;1.173020;1.172860;1.172950;0
20260410 095100;1.172930;1.172980;1.172710;1.172760;0
20260410 095200;1.172750;1.172800;1.172500;1.172500;0
20260410 095300;1.172500;1.172650;1.172490;1.172500;0
20260410 095400;1.172510;1.172760;1.172470;1.172760;0
20260410 095500;1.172750;1.172920;1.172740;1.172910;0
20260410 095600;1.172920;1.172920;1.172720;1.172860;0
20260410 095700;1.172870;1.172980;1.172660;1.172710;0
20260410 095800;1.172710;1.172740;1.172540;1.172600;0
20260410 095900;1.172600;1.172830;1.172590;1.172750;0
20260410 100000;1.172720;1.172860;1.172660;1.172820;0
20260410 100100;1.172840;1.173310;1.172840;1.173200;0
20260410 100200;1.173180;1.173470;1.173180;1.173460;0
20260410 100300;1.173450;1.173580;1.172980;1.172980;0
20260410 100400;1.173000;1.173240;1.172990;1.173190;0
20260410 100500;1.173190;1.173320;1.173040;1.173280;0
20260410 100600;1.173260;1.173290;1.173190;1.173250;0
20260410 100700;1.173250;1.173280;1.173000;1.173110;0
20260410 100800;1.173120;1.173220;1.172990;1.173200;0
20260410 100900;1.173180;1.173200;1.173040;1.173060;0
20260410 101000;1.173080;1.173110;1.172910;1.172930;0
20260410 101100;1.172950;1.172950;1.172700;1.172860;0
20260410 101200;1.172850;1.172990;1.172830;1.172940;0
20260410 101300;1.172950;1.173080;1.172950;1.173040;0
20260410 101400;1.173050;1.173400;1.173050;1.173400;0
20260410 101500;1.173370;1.173600;1.173360;1.173500;0
20260410 101600;1.173490;1.173490;1.173350;1.173400;0
20260410 101700;1.173390;1.173520;1.173180;1.173480;0
20260410 101800;1.173490;1.173570;1.173460;1.173510;0
20260410 101900;1.173530;1.173630;1.173460;1.173590;0
20260410 102000;1.173590;1.173720;1.173530;1.173560;0
20260410 102100;1.173550;1.173580;1.173450;1.173500;0
20260410 102200;1.173520;1.173550;1.173460;1.173550;0
20260410 102300;1.173550;1.173660;1.173550;1.173600;0
20260410 102400;1.173620;1.173770;1.173620;1.173710;0
20260410 102500;1.173700;1.173810;1.173650;1.173780;0
20260410 102600;1.173770;1.173810;1.173490;1.173570;0
20260410 102700;1.173580;1.173740;1.173550;1.173640;0
20260410 102800;1.173640;1.173690;1.173530;1.173590;0
20260410 102900;1.173580;1.173600;1.173490;1.173500;0
20260410 103000;1.173500;1.173680;1.173490;1.173680;0
20260410 103100;1.173670;1.173690;1.173570;1.173580;0
20260410 103200;1.173580;1.173700;1.173440;1.173450;0
20260410 103300;1.173450;1.173490;1.173340;1.173420;0
20260410 103400;1.173430;1.173430;1.173260;1.173290;0
20260410 103500;1.173290;1.173290;1.173100;1.173200;0
20260410 103600;1.173210;1.173220;1.173050;1.173220;0
20260410 103700;1.173210;1.173210;1.173100;1.173150;0
20260410 103800;1.173160;1.173370;1.173160;1.173330;0
20260410 103900;1.173350;1.173390;1.173280;1.173340;0
20260410 104000;1.173340;1.173450;1.173290;1.173400;0
20260410 104100;1.173400;1.173440;1.173300;1.173310;0
20260410 104200;1.173300;1.173320;1.172570;1.172640;0
20260410 104300;1.172640;1.173080;1.172640;1.172960;0
20260410 104400;1.172950;1.173150;1.172660;1.172790;0
20260410 104500;1.172800;1.172890;1.172430;1.172590;0
20260410 104600;1.172620;1.172830;1.172570;1.172800;0
20260410 104700;1.172800;1.172920;1.172790;1.172850;0
20260410 104800;1.172840;1.172850;1.172720;1.172830;0
20260410 104900;1.172830;1.172830;1.172530;1.172590;0
20260410 105000;1.172600;1.172660;1.172390;1.172490;0
20260410 105100;1.172500;1.172950;1.172490;1.172910;0
20260410 105200;1.172920;1.172980;1.172690;1.172770;0
20260410 105300;1.172770;1.172790;1.172510;1.172640;0
20260410 105400;1.172650;1.172650;1.172270;1.172340;0
20260410 105500;1.172350;1.172380;1.172020;1.172380;0
20260410 105600;1.172360;1.172510;1.172310;1.172340;0
20260410 105700;1.172350;1.172860;1.172350;1.172820;0
20260410 105800;1.172810;1.172880;1.172750;1.172770;0
20260410 105900;1.172790;1.172850;1.172750;1.172770;0
20260410 110000;1.172760;1.172990;1.172730;1.172930;0
20260410 110100;1.172930;1.173050;1.172860;1.172880;0
20260410 110200;1.172880;1.173120;1.172810;1.173030;0
20260410 110300;1.173040;1.173130;1.172960;1.173030;0
20260410 110400;1.173010;1.173050;1.172770;1.172840;0
20260410 110500;1.172830;1.172870;1.172690;1.172710;0
20260410 110600;1.172700;1.172900;1.172660;1.172820;0
20260410 110700;1.172830;1.172850;1.172760;1.172770;0
20260410 110800;1.172770;1.173230;1.172760;1.173170;0
20260410 110900;1.173160;1.173280;1.173110;1.173270;0
20260410 111000;1.173280;1.173350;1.173140;1.173170;0
20260410 111100;1.173160;1.173370;1.173160;1.173360;0
20260410 111200;1.173370;1.173480;1.173370;1.173460;0
20260410 111300;1.173450;1.173530;1.173310;1.173480;0
20260410 111400;1.173480;1.173510;1.173430;1.173480;0
20260410 111500;1.173480;1.173620;1.173450;1.173520;0
20260410 111600;1.173520;1.173550;1.173450;1.173540;0
20260410 111700;1.173550;1.173580;1.173370;1.173470;0
20260410 111800;1.173470;1.173530;1.173370;1.173530;0
20260410 111900;1.173520;1.173600;1.173420;1.173460;0
20260410 112000;1.173480;1.173690;1.173470;1.173640;0
20260410 112100;1.173640;1.173770;1.173500;1.173610;0
20260410 112200;1.173630;1.173740;1.173550;1.173720;0
20260410 112300;1.173720;1.173830;1.173690;1.173820;0
20260410 112400;1.173790;1.173920;1.173760;1.173840;0
20260410 112500;1.173820;1.173820;1.173590;1.173590;0
20260410 112600;1.173590;1.173680;1.173500;1.173660;0
20260410 112700;1.173670;1.173680;1.173440;1.173540;0
20260410 112800;1.173560;1.173670;1.173400;1.173650;0
20260410 112900;1.173630;1.173630;1.173180;1.173190;0
20260410 113000;1.173180;1.173460;1.173180;1.173250;0
20260410 113100;1.173260;1.173260;1.172970;1.173170;0
20260410 113200;1.173180;1.173300;1.173130;1.173290;0
20260410 113300;1.173310;1.173350;1.173190;1.173190;0
20260410 113400;1.173180;1.173210;1.173080;1.173120;0
20260410 113500;1.173100;1.173140;1.172970;1.172980;0
20260410 113600;1.172980;1.173040;1.172960;1.172990;0
20260410 113700;1.173000;1.173050;1.172980;1.173030;0
20260410 113800;1.173000;1.173110;1.172960;1.173080;0
20260410 113900;1.173080;1.173080;1.172950;1.173000;0
20260410 114000;1.173000;1.173000;1.172750;1.172790;0
20260410 114100;1.172780;1.172950;1.172740;1.172750;0
20260410 114200;1.172740;1.172820;1.172720;1.172740;0
20260410 114300;1.172730;1.172760;1.172680;1.172690;0
20260410 114400;1.172690;1.172770;1.172670;1.172720;0
20260410 114500;1.172720;1.172760;1.172630;1.172630;0
20260410 114600;1.172610;1.172780;1.172400;1.172410;0
20260410 114700;1.172410;1.172510;1.172320;1.172440;0
20260410 114800;1.172430;1.172490;1.172280;1.172320;0
20260410 114900;1.172320;1.172340;1.172260;1.172300;0
20260410 115000;1.172300;1.172420;1.172300;1.172400;0
20260410 115100;1.172410;1.172500;1.172400;1.172480;0
20260410 115200;1.172490;1.172500;1.172370;1.172370;0
20260410 115300;1.172370;1.172370;1.172270;1.172290;0
20260410 115400;1.172280;1.172350;1.172220;1.172320;0
20260410 115500;1.172320;1.172330;1.172220;1.172300;0
20260410 115600;1.172300;1.172330;1.172280;1.172280;0
20260410 115700;1.172310;1.172330;1.172180;1.172260;0
20260410 115800;1.172270;1.172410;1.172270;1.172300;0
20260410 115900;1.172310;1.172310;1.172160;1.172220;0
20260410 120000;1.172220;1.172230;1.172000;1.172140;0
20260410 120100;1.172120;1.172200;1.172110;1.172160;0
20260410 120200;1.172180;1.172420;1.172160;1.172410;0
20260410 120300;1.172400;1.172430;1.172320;1.172410;0
20260410 120400;1.172410;1.172430;1.172360;1.172400;0
20260410 120500;1.172400;1.172410;1.172200;1.172200;0
20260410 120600;1.172220;1.172280;1.172100;1.172120;0
20260410 120700;1.172130;1.172220;1.172090;1.172170;0
20260410 120800;1.172190;1.172230;1.172130;1.172200;0
20260410 120900;1.172190;1.172220;1.172150;1.172180;0
20260410 121000;1.172200;1.172380;1.172190;1.172380;0
20260410 121100;1.172370;1.172380;1.172270;1.172340;0
20260410 121200;1.172340;1.172450;1.172330;1.172430;0
20260410 121300;1.172450;1.172530;1.172410;1.172430;0
20260410 121400;1.172410;1.172530;1.172390;1.172470;0
20260410 121500;1.172470;1.172470;1.172370;1.172370;0
20260410 121600;1.172380;1.172400;1.172320;1.172380;0
20260410 121700;1.172380;1.172400;1.172310;1.172340;0
20260410 121800;1.172340;1.172420;1.172310;1.172420;0
20260410 121900;1.172390;1.172420;1.172310;1.172370;0
20260410 122000;1.172380;1.172380;1.172200;1.172210;0
20260410 122100;1.172220;1.172310;1.172180;1.172250;0
20260410 122200;1.172270;1.172270;1.172160;1.172220;0
20260410 122300;1.172220;1.172290;1.172180;1.172220;0
20260410 122400;1.172210;1.172350;1.172150;1.172340;0
20260410 122500;1.172350;1.172380;1.172170;1.172180;0
20260410 122600;1.172190;1.172200;1.172120;1.172120;0
20260410 122700;1.172100;1.172200;1.172080;1.172160;0
20260410 122800;1.172170;1.172240;1.172130;1.172170;0
20260410 122900;1.172200;1.172200;1.172070;1.172080;0
20260410 123000;1.172100;1.172100;1.172000;1.172100;0
20260410 123100;1.172080;1.172100;1.171960;1.172010;0
20260410 123200;1.172010;1.172010;1.171790;1.171790;0
20260410 123300;1.171810;1.171810;1.171690;1.171700;0
20260410 123400;1.171710;1.171800;1.171650;1.171720;0
20260410 123500;1.171740;1.171800;1.171640;1.171680;0
20260410 123600;1.171680;1.171830;1.171670;1.171780;0
20260410 123700;1.171810;1.171910;1.171660;1.171860;0
20260410 123800;1.171870;1.171910;1.171770;1.171790;0
20260410 123900;1.171780;1.171810;1.171700;1.171730;0
20260410 124000;1.171740;1.171750;1.171700;1.171720;0
20260410 124100;1.171700;1.171700;1.171530;1.171620;0
20260410 124200;1.171600;1.171620;1.171530;1.171560;0
20260410 124300;1.171590;1.171610;1.171460;1.171460;0
20260410 124400;1.171440;1.171480;1.171360;1.171390;0
20260410 124500;1.171370;1.171520;1.171370;1.171420;0
20260410 124600;1.171420;1.171540;1.171390;1.171510;0
20260410 124700;1.171540;1.171570;1.171480;1.171550;0
20260410 124800;1.171540;1.171740;1.171540;1.171630;0
20260410 124900;1.171650;1.171650;1.171450;1.171450;0
20260410 125000;1.171460;1.171550;1.171460;1.171490;0
20260410 125100;1.171470;1.171650;1.171450;1.171650;0
20260410 125200;1.171640;1.171760;1.171620;1.171750;0
20260410 125300;1.171750;1.171940;1.171750;1.171880;0
20260410 125400;1.171870;1.171940;1.171840;1.171930;0
20260410 125500;1.171920;1.171930;1.171840;1.171930;0
20260410 125600;1.171910;1.171930;1.171860;1.171910;0
20260410 125700;1.171910;1.172050;1.171910;1.172040;0
20260410 125800;1.172030;1.172070;1.171980;1.172070;0
20260410 125900;1.172080;1.172150;1.172030;1.172030;0
20260410 130000;1.172040;1.172050;1.171960;1.172040;0
20260410 130100;1.172030;1.172050;1.171970;1.172010;0
20260410 130200;1.172010;1.172030;1.171900;1.171910;0
20260410 130300;1.171900;1.172030;1.171890;1.172030;0
20260410 130400;1.172030;1.172050;1.172010;1.172040;0
20260410 130500;1.172030;1.172240;1.172010;1.172180;0
20260410 130600;1.172180;1.172230;1.172170;1.172210;0
20260410 130700;1.172200;1.172200;1.172000;1.172060;0
20260410 130800;1.172060;1.172190;1.172030;1.172130;0
20260410 130900;1.172130;1.172210;1.172120;1.172190;0
20260410 131000;1.172170;1.172240;1.172170;1.172180;0
20260410 131100;1.172160;1.172270;1.172130;1.172250;0
20260410 131200;1.172260;1.172370;1.172220;1.172360;0
20260410 131300;1.172360;1.172450;1.172360;1.172370;0
20260410 131400;1.172350;1.172380;1.172290;1.172310;0
20260410 131500;1.172330;1.172380;1.172330;1.172360;0
20260410 131600;1.172380;1.172420;1.172240;1.172300;0
20260410 131700;1.172290;1.172340;1.172290;1.172330;0
20260410 131800;1.172330;1.172330;1.172230;1.172230;0
20260410 131900;1.172220;1.172220;1.172110;1.172130;0
20260410 132000;1.172130;1.172150;1.172090;1.172090;0
20260410 132100;1.172110;1.172230;1.172090;1.172180;0
20260410 132200;1.172190;1.172190;1.172030;1.172090;0
20260410 132300;1.172110;1.172170;1.172100;1.172170;0
20260410 132400;1.172180;1.172180;1.172110;1.172120;0
20260410 132500;1.172120;1.172130;1.172060;1.172100;0
20260410 132600;1.172120;1.172220;1.172110;1.172180;0
20260410 132700;1.172170;1.172260;1.172170;1.172260;0
20260410 132800;1.172240;1.172240;1.172180;1.172180;0
20260410 132900;1.172160;1.172290;1.172160;1.172290;0
20260410 133000;1.172280;1.172280;1.172140;1.172250;0
20260410 133100;1.172270;1.172290;1.172170;1.172190;0
20260410 133200;1.172210;1.172320;1.172210;1.172280;0
20260410 133300;1.172280;1.172300;1.172200;1.172240;0
20260410 133400;1.172240;1.172240;1.172170;1.172240;0
20260410 133500;1.172230;1.172270;1.172210;1.172210;0
20260410 133600;1.172200;1.172210;1.172130;1.172200;0
20260410 133700;1.172200;1.172270;1.172180;1.172250;0
20260410 133800;1.172230;1.172240;1.172190;1.172220;0
20260410 133900;1.172240;1.172330;1.172240;1.172330;0
20260410 134000;1.172310;1.172370;1.172310;1.172340;0
20260410 134100;1.172340;1.172380;1.172330;1.172340;0
20260410 134200;1.172320;1.172450;1.172320;1.172420;0
20260410 134300;1.172440;1.172510;1.172440;1.172470;0
20260410 134400;1.172480;1.172490;1.172410;1.172430;0
20260410 134500;1.172410;1.172470;1.172370;1.172440;0
20260410 134600;1.172450;1.172500;1.172450;1.172460;0
20260410 134700;1.172460;1.172550;1.172460;1.172550;0
20260410 134800;1.172550;1.172560;1.172370;1.172370;0
20260410 134900;1.172370;1.172410;1.172340;1.172410;0
20260410 135000;1.172420;1.172590;1.172380;1.172470;0
20260410 135100;1.172460;1.172460;1.172310;1.172310;0
20260410 135200;1.172330;1.172410;1.172310;1.172400;0
20260410 135300;1.172380;1.172380;1.172290;1.172300;0
20260410 135400;1.172310;1.172320;1.172170;1.172170;0
20260410 135500;1.172160;1.172270;1.172150;1.172180;0
20260410 135600;1.172170;1.172270;1.172170;1.172240;0
20260410 135700;1.172240;1.172340;1.172230;1.172300;0
20260410 135800;1.172290;1.172370;1.172280;1.172290;0
20260410 135900;1.172320;1.172330;1.172260;1.172330;0
20260410 140000;1.172300;1.172300;1.172230;1.172240;0
20260410 140100;1.172240;1.172300;1.172200;1.172280;0
20260410 140200;1.172280;1.172310;1.172180;1.172190;0
20260410 140300;1.172160;1.172240;1.172150;1.172200;0
20260410 140400;1.172210;1.172210;1.171900;1.171940;0
20260410 140500;1.171920;1.172010;1.171910;1.171990;0
20260410 140600;1.171980;1.172060;1.171970;1.171980;0
20260410 140700;1.172000;1.172010;1.171900;1.171900;0
20260410 140800;1.171890;1.172130;1.171880;1.172090;0
20260410 140900;1.172110;1.172130;1.172010;1.172020;0
20260410 141000;1.172000;1.172290;1.172000;1.172280;0
20260410 141100;1.172290;1.172380;1.172280;1.172360;0
20260410 141200;1.172340;1.172360;1.172230;1.172320;0
20260410 141300;1.172310;1.172380;1.172300;1.172350;0
20260410 141400;1.172350;1.172350;1.172250;1.172330;0
20260410 141500;1.172340;1.172430;1.172330;1.172370;0
20260410 141600;1.172370;1.172370;1.172310;1.172330;0
20260410 141700;1.172330;1.172370;1.172280;1.172360;0
20260410 141800;1.172340;1.172540;1.172340;1.172530;0
20260410 141900;1.172530;1.172630;1.172510;1.172600;0
20260410 142000;1.172590;1.172710;1.172520;1.172690;0
20260410 142100;1.172670;1.172810;1.172640;1.172810;0
20260410 142200;1.172810;1.172810;1.172680;1.172730;0
20260410 142300;1.172730;1.172820;1.172710;1.172740;0
20260410 142400;1.172730;1.172730;1.172640;1.172640;0
20260410 142500;1.172650;1.172700;1.172580;1.172700;0
20260410 142600;1.172680;1.172790;1.172680;1.172760;0
20260410 142700;1.172770;1.172850;1.172770;1.172840;0
20260410 142800;1.172870;1.172960;1.172810;1.172940;0
20260410 142900;1.172960;1.172960;1.172870;1.172890;0
20260410 143000;1.172890;1.173030;1.172890;1.173010;0
20260410 143100;1.173010;1.173070;1.172950;1.173030;0
20260410 143200;1.173020;1.173260;1.173020;1.173230;0
20260410 143300;1.173230;1.173230;1.173120;1.173170;0
20260410 143400;1.173190;1.173290;1.173150;1.173260;0
20260410 143500;1.173260;1.173360;1.173240;1.173300;0
20260410 143600;1.173300;1.173340;1.173220;1.173270;0
20260410 143700;1.173280;1.173330;1.173220;1.173300;0
20260410 143800;1.173300;1.173530;1.173300;1.173490;0
20260410 143900;1.173510;1.173540;1.173440;1.173440;0
20260410 144000;1.173430;1.173490;1.173430;1.173430;0
20260410 144100;1.173430;1.173430;1.173220;1.173240;0
20260410 144200;1.173240;1.173290;1.173230;1.173290;0
20260410 144300;1.173270;1.173290;1.173220;1.173280;0
20260410 144400;1.173290;1.173360;1.173250;1.173250;0
20260410 144500;1.173240;1.173250;1.173150;1.173150;0
20260410 144600;1.173160;1.173250;1.173130;1.173230;0
20260410 144700;1.173230;1.173230;1.172980;1.173020;0
20260410 144800;1.173030;1.173030;1.172880;1.172990;0
20260410 144900;1.172970;1.173040;1.172940;1.172940;0
20260410 145000;1.172970;1.173030;1.172930;1.172980;0
20260410 145100;1.173000;1.173020;1.172930;1.172950;0
20260410 145200;1.172950;1.173030;1.172930;1.173000;0
20260410 145300;1.173000;1.173080;1.173000;1.173030;0
20260410 145400;1.173040;1.173130;1.173040;1.173120;0
20260410 145500;1.173130;1.173150;1.172950;1.172980;0
20260410 145600;1.172990;1.173070;1.172980;1.173040;0
20260410 145700;1.173040;1.173060;1.172980;1.173030;0
20260410 145800;1.173030;1.173160;1.173020;1.173140;0
20260410 145900;1.173130;1.173150;1.173070;1.173150;0
20260410 150000;1.173150;1.173250;1.173130;1.173180;0
20260410 150100;1.173190;1.173200;1.173060;1.173070;0
20260410 150200;1.173070;1.173070;1.172990;1.173040;0
20260410 150300;1.173050;1.173050;1.172960;1.173030;0
20260410 150400;1.173020;1.173050;1.172990;1.173000;0
20260410 150500;1.172990;1.173030;1.172910;1.173020;0
20260410 150600;1.173010;1.173010;1.172860;1.172960;0
20260410 150700;1.172960;1.172980;1.172880;1.172880;0
20260410 150800;1.172910;1.172930;1.172880;1.172880;0
20260410 150900;1.172900;1.172900;1.172770;1.172770;0
20260410 151000;1.172780;1.172860;1.172780;1.172860;0
20260410 151100;1.172850;1.172900;1.172850;1.172890;0
20260410 151200;1.172890;1.172950;1.172750;1.172800;0
20260410 151300;1.172790;1.172860;1.172770;1.172860;0
20260410 151400;1.172850;1.172880;1.172810;1.172810;0
20260410 151500;1.172830;1.172850;1.172780;1.172840;0
20260410 151600;1.172850;1.173000;1.172850;1.172980;0
20260410 151700;1.172960;1.172990;1.172920;1.172970;0
20260410 151800;1.172980;1.172980;1.172910;1.172920;0
20260410 151900;1.172910;1.172930;1.172880;1.172930;0
20260410 152000;1.172930;1.172960;1.172870;1.172910;0
20260410 152100;1.172910;1.172920;1.172860;1.172890;0
20260410 152200;1.172880;1.173020;1.172880;1.173020;0
20260410 152300;1.173020;1.173070;1.172980;1.173050;0
20260410 152400;1.173040;1.173070;1.172980;1.172990;0
20260410 152500;1.172980;1.173110;1.172980;1.173100;0
20260410 152600;1.173100;1.173100;1.172980;1.173000;0
20260410 152700;1.172990;1.173040;1.172980;1.173040;0
20260410 152800;1.173020;1.173060;1.172980;1.172990;0
20260410 152900;1.172980;1.172980;1.172750;1.172810;0
20260410 153000;1.172820;1.172820;1.172720;1.172720;0
20260410 153100;1.172730;1.172870;1.172730;1.172860;0
20260410 153200;1.172840;1.172860;1.172780;1.172780;0
20260410 153300;1.172790;1.172940;1.172760;1.172900;0
20260410 153400;1.172890;1.172910;1.172870;1.172870;0
20260410 153500;1.172890;1.172920;1.172860;1.172920;0
20260410 153600;1.172930;1.172990;1.172930;1.172990;0
20260410 153700;1.173000;1.173000;1.172920;1.172930;0
20260410 153800;1.172930;1.172940;1.172890;1.172910;0
20260410 153900;1.172920;1.172920;1.172890;1.172890;0
20260410 154000;1.172890;1.172890;1.172770;1.172780;0
20260410 154100;1.172790;1.172840;1.172780;1.172830;0
20260410 154200;1.172800;1.172880;1.172800;1.172830;0
20260410 154300;1.172860;1.172920;1.172830;1.172920;0
20260410 154400;1.172920;1.172930;1.172900;1.172910;0
20260410 154500;1.172920;1.172960;1.172890;1.172940;0
20260410 154600;1.172920;1.172940;1.172900;1.172930;0
20260410 154700;1.172930;1.172930;1.172900;1.172900;0
20260410 154800;1.172900;1.172900;1.172870;1.172890;0
20260410 154900;1.172910;1.172920;1.172820;1.172860;0
20260410 155000;1.172860;1.172980;1.172830;1.172950;0
20260410 155100;1.172950;1.172950;1.172820;1.172890;0
20260410 155200;1.172880;1.172880;1.172800;1.172800;0
20260410 155300;1.172810;1.172810;1.172750;1.172780;0
20260410 155400;1.172770;1.172850;1.172760;1.172840;0
20260410 155500;1.172870;1.172880;1.172800;1.172850;0
20260410 155600;1.172840;1.172870;1.172790;1.172820;0
20260410 155700;1.172830;1.172850;1.172780;1.172850;0
20260410 155800;1.172840;1.172850;1.172720;1.172850;0
20260410 155900;1.172840;1.172840;1.172730;1.172730;0
20260410 160000;1.172720;1.172800;1.172670;1.172710;0
20260410 160100;1.172720;1.172790;1.172710;1.172790;0
20260410 160200;1.172780;1.172890;1.172780;1.172870;0
20260410 160300;1.172880;1.172880;1.172860;1.172870;0
20260410 160400;1.172870;1.172900;1.172810;1.172810;0
20260410 160500;1.172820;1.172840;1.172750;1.172750;0
20260410 160600;1.172760;1.172780;1.172750;1.172780;0
20260410 160700;1.172770;1.172770;1.172750;1.172760;0
20260410 160800;1.172770;1.172810;1.172770;1.172810;0
20260410 160900;1.172840;1.172870;1.172840;1.172860;0
20260410 161000;1.172880;1.172970;1.172880;1.172920;0
20260410 161100;1.172940;1.172940;1.172900;1.172900;0
20260410 161200;1.172910;1.172910;1.172870;1.172880;0
20260410 161300;1.172920;1.172920;1.172870;1.172880;0
20260410 161400;1.172910;1.172960;1.172850;1.172890;0
20260410 161500;1.172880;1.172940;1.172870;1.172870;0
20260410 161600;1.172860;1.172930;1.172860;1.172920;0
20260410 161700;1.172920;1.172950;1.172910;1.172940;0
20260410 161800;1.172950;1.172960;1.172910;1.172910;0
20260410 161900;1.172940;1.172950;1.172920;1.172920;0
20260410 162000;1.172910;1.172920;1.172830;1.172870;0
20260410 162100;1.172880;1.172890;1.172850;1.172880;0
20260410 162200;1.172880;1.172880;1.172840;1.172860;0
20260410 162300;1.172850;1.172880;1.172850;1.172870;0
20260410 162400;1.172860;1.172860;1.172820;1.172830;0
20260410 162500;1.172860;1.172870;1.172840;1.172840;0
20260410 162600;1.172820;1.172880;1.172810;1.172880;0
20260410 162700;1.172880;1.172900;1.172850;1.172850;0
20260410 162800;1.172850;1.172880;1.172840;1.172850;0
20260410 162900;1.172840;1.172860;1.172800;1.172860;0
20260410 163000;1.172840;1.172910;1.172840;1.172890;0
20260410 163100;1.172900;1.172940;1.172900;1.172910;0
20260410 163200;1.172920;1.172930;1.172890;1.172930;0
20260410 163300;1.172930;1.172950;1.172910;1.172950;0
20260410 163400;1.172970;1.172970;1.172910;1.172920;0
20260410 163500;1.172910;1.172930;1.172900;1.172910;0
20260410 163600;1.172910;1.172910;1.172820;1.172910;0
20260410 163700;1.172920;1.173000;1.172900;1.172960;0
20260410 163800;1.172960;1.172960;1.172920;1.172920;0
20260410 163900;1.172890;1.172910;1.172870;1.172910;0
20260410 164000;1.172920;1.172960;1.172900;1.172950;0
20260410 164100;1.172960;1.172980;1.172940;1.172970;0
20260410 164200;1.172960;1.172960;1.172960;1.172960;0
20260410 164300;1.172980;1.173000;1.172880;1.172900;0
20260410 164400;1.172880;1.172920;1.172860;1.172920;0
20260410 164500;1.172900;1.172950;1.172900;1.172930;0
20260410 164600;1.172930;1.172960;1.172890;1.172910;0
20260410 164700;1.172890;1.173010;1.172890;1.173000;0
20260410 164800;1.173010;1.173070;1.173000;1.173050;0
20260410 164900;1.173050;1.173070;1.172970;1.172990;0
20260410 165000;1.172990;1.173000;1.172890;1.172920;0
20260410 165100;1.172920;1.172970;1.172820;1.172970;0
20260410 165200;1.172980;1.173040;1.172910;1.173000;0
20260410 165300;1.173020;1.173050;1.172930;1.172980;0
20260410 165400;1.172970;1.173010;1.172920;1.172970;0
20260410 165500;1.172970;1.173000;1.172810;1.172840;0
20260410 165600;1.172840;1.172840;1.172540;1.172630;0
20260410 165700;1.172610;1.172640;1.172200;1.172470;0
20260410 165800;1.172500;1.172520;1.172250;1.172440;0
